id,label
6403a3f8d07557bc,0.39167011880529934
1b1d097ff5b144e1,0.3773171408468957
08c7c3c71a02ca8a,0.8898900656548869
7f09e9039629a38a,0.632940558073465
1fecfdee265e685f,0.8222789588861569
2b1b1ab99f54e1a7,0.5093606377984599
f893cdb025b56c89,0.7371361575731264
84466d5fc69b1dd1,0.8754785837102397
e0f419be2a81cbff,0.30091093481289366
d9e55e1259c7c29e,0.8101881350625015
602d7f4b0882ec4b,0.5453990933244516
67f2f87cc129d7da,0.848215726120772
eec96ea0e1c9f7cf,0.014377911521012102
d85127e773ec4820,0.6649032358911603
9e96822b06b0f7f3,0.3447304205092701
c6489148a3f9498b,0.40927981866459084
ad5ca801b22a4eb2,0.08705936376417842
22e01b671e9f12bc,0.3316255275907276
4953dbf3e113fbdc,0.22261309989035202
95397470f084bc6e,0.9954702594956442
ff39045f375a9792,0.24985645615107197
893575902a76b6bf,0.17514686571813126
4d9211d2b44f7d9f,0.291979326246387
8205441451789e41,0.04152376113799292
5ade617aad761daa,0.9873382054077988
7d8bd74eaaf831a8,0.7146901281843728
3a4abb16616fb838,0.26467746599942354
6e14ae545a54ec6b,0.8444714710011885
a6d127f7b7a19a79,0.7994819055799421
e29e33c4a6eaf6fb,0.5265218070965512
42b296aec3a400d2,0.4498035798025838
238a42187f0c12de,0.34995677661368874
4c99d80ab952e272,0.7815406831319377
ef909ea8db65784b,0.7926369391894535
53283f9869842cd5,0.9207411677339558
fa99ef0b96b51157,0.7334504064397863
3cdaa31c37582a6d,0.8635632718453151
e007009eea08f15e,0.36025347819254355
e46769b586a6b83b,0.8333947162724205
c77497b63a864028,0.30360211818009436
bceeb0086c625fac,0.17567340159432265
5abf8e5791e5fa94,0.9548879943714079
0b7d89ea3694651f,0.5460816398306256
ce60477eea0a9007,0.9657892371414454
847baeeadbaba41a,0.3471095826165055
aefefeee7da6b616,0.8038502032194564
321cc4b04985f915,0.47053349226152813
590cfafdd102ec19,0.516966156010114
0a3027ad8dd82438,0.21438353915876734
01e58c9ae88cd390,0.20005006252911148
8f5eb2d903aad722,0.21705522119722018
3f1b90f008fcd5d0,0.8172086134117207
9e55098b34909114,0.7875275910575218
ed3723d6f0b305ec,0.5626382679375341
e1d77367315c8c64,0.43155033609461385
b97a34687794c3cc,0.09891617164285968
2d9a8bda25c031b1,0.1359881975924865
367427e76fbb967a,0.6023039706106225
2d1de7cf3363aa2c,0.24952493356235889
d69cf5bc1f0112f9,0.09788260121922464
2a75c552e6a0103c,0.8111241988423974
943114c642b7e30a,0.3361888385177201
5f4258edf6c1b382,0.14774749882742863
ff0a817eba03cc6b,0.7590751524144363
c77fe2a4fb942f02,0.8663324605275071
df587d726667a5fb,0.8480012115045459
8c09d6fdeb48dfe5,0.1490540878535333
564e16bfb829c7a8,0.06552989682657294
e592482dff2b62bb,0.03345021103639087
33319a7020313788,0.6986015319674123
4700a73d634e28f5,0.9654187118952366
e5d9aee597bb4052,0.3568992496479166
b93533776029ab4e,0.9716591370945424
e9274894e7ca5d48,0.008410504924175798
37e126228f093cb2,0.4334224636544057
ee5e8daf19a62436,0.9391114194144127
5c2af7cb33fcb9b8,0.5090876191959901
dd6cf914fd458758,0.17409379396574837
7943edf1ba3d08c4,0.25246963420328133
50dccf68b6d84c9a,0.32374699077660385
71b1d024ea8e0791,0.43476805533800605
a8ccfbc903739855,0.10661919649825295
bbf9130a10bb2e61,0.09604947631692852
41a2cd1fb3af1f62,0.5793509066744253
e5b00c5e94bb1efc,0.5249812021254724
8a2951b875e32f95,0.13622221353746047
4b4241c32f2ae2c3,0.28357425355607185
8beed49416c057b7,0.5197743473498017
1cc185c7cde5f29e,0.885736282631599
635d0e269bd151c8,0.059172463654780016
9eb98f9a7202dfe8,0.10607315929331368
c224615f7e3ecda9,0.0939043301546671
f93a14286735bede,0.23316331874292862
c118092c44e808f2,0.7591726590581754
0972b7359cd12fb8,0.05884094106606689
22318b12ec6eb14f,0.7708344536493784
9c92d4068021c258,0.9540104345777555
053aaf6bcba9464c,0.3475971158352012
966f0341c7d1f5bb,0.26151825074227497
624826d8d4f7d476,0.2101322494917402
250e83ae550b1992,0.9249144520859917
9ff420d30b835836,0.7794735422846676
f74cb9754e9ea82c,0.4725811317800504
8ab5a2752e698725,0.2836522588710632
56957aca1f34dcea,0.735108019383352
a6c0cf21bf0a1be2,0.006148350789427396
427e6266110ac72a,0.897749101140263
7b84fe626f3ebccc,0.7247528138182537
6abd9ee5808aa267,0.2297115835545625
15aaf86082111e4c,0.7282630529928633
afb1bcdc94b9bce3,0.03678493825226997
93a337e7b4fedfd4,0.4439141785207388
cddee4f1517d9dd4,0.46813482882554486
755140c7bd8e7223,0.49268700171906415
0ae88cec371ee0f0,0.17713600125041
08a9f02754051fc8,0.9741943098317607
4bab179b9218d454,0.490405346255568
2af9aad0b831d3ec,0.0814624824135509
7d330fd87e35ee09,0.5771667578546683
d79f0de699294b3b,0.7210475613561659
652a8c0826eb2609,0.6903914725645754
2ae2ef63a2565c3d,0.7748712287001794
1bcffad3764f7c4a,0.18565808191321218
707e78f41fd82174,0.19414115991851869
e4824a55ce76b702,0.046360090667455015
993182bb80730c31,0.5138264420817131
dd67c105d030f636,0.840025168046683
3dc4dceeeecb58eb,0.7200919962475222
90a67d119116b976,0.822376465529896
a483f8d40e026f5d,0.05825590120363196
3d24648e710fafb4,0.29796623417197116
9104c44e8910b122,0.15603556354525683
47b77ad7aec9f1dd,0.22616234172245728
a66cc4155a0edaca,0.7005711661709431
1f4dcc29503e1a4d,0.5183897530087056
0a295834d6044914,0.2598801391274571
bdce8615df21ee2f,0.02514264498981484
694b4d3b1ed04c61,0.10201688291376484
ffd75ff5c92f624d,0.6733668125677189
717e992041e77d9a,0.608953923713633
eb5157274916100f,0.6464549788957121
b77c5c610fc74da8,0.21132183054535786
41d2ba14e653bbad,0.6651372518361341
f2b612c9be07aabe,0.5813790448641999
3451e892c310a998,0.45580998905691567
2ab24c04722d8bf6,0.18386395966841174
38ded7c17115e7e6,0.9261430357971049
afed8219aa70efeb,0.5120128185081648
1e9c4d7d2de01fba,0.777484406752389
c1bda90e9a3b9ec3,0.3307089651395796
d406fda410e7c177,0.9628835391580186
f49753bbcfabdaff,0.3833430514299755
4daee2e232e58a56,0.9182644989829811
858a9c1611f558cb,0.4788020556506085
05b0a9e8b1444d99,0.38174394247265336
8b2ac5da79a42e4a,0.8937903314044532
222fc0675ea28b67,0.1703690401749126
77cb5f88dff15921,0.533561786774518
947d5752d88dc00c,0.9515532671555289
309a531dddebb471,0.7852849382515212
7e5f9d7d0cdf5a81,0.23786313897115588
6dfe2ff41e67b01d,0.42261872752810725
9a51f7696f388499,0.44444071439693017
9c5cb5a9b9b2b4cb,0.7934169923393668
bc7e89abddb2aa54,0.9981614428628449
5d3eff0bafcd186f,0.7986433484437855
d592e9d5579075d5,0.23242226825051104
475f765f9fa22959,0.831249570110159
71d36204d6040aaa,0.6852041191176523
78119b8ffb9aa8ab,0.2670371267779112
09d1e9b9b858fe18,0.7520351727364694
ba5f5f59e3b0b755,0.7739546662490314
3b7344f40bf64734,0.4844184383299839
1f72c876a5e3738a,0.6957348366414811
86262f7438a90d1d,0.4475609269965832
3f6e10ed3e6a6303,0.9607188916670093
ada42e94aae1a58f,0.848566750038233
b5320e4cd134414b,0.5867614115986012
ef83ac91e80ddd9d,0.4357431217753976
b8a457f0c9f14bef,0.3457249882754095
74947cda3decdbb1,0.5104527122083383
a39392c735bde1ac,0.4270065264963692
afb321701a74d5b0,0.11496576520232465
df401b9701e04299,0.23854568547733002
c9b67772b4c4f44b,0.8039477098631956
b5665177cd7b6c5d,0.006713889323114498
1d621e5fa6b0c45f,0.2905362279190476
2d595ec6f4c2524c,0.35855686259148223
6a96a53512d24696,0.2598411364699615
b3a68808640b25da,0.16350457245567612
cd9f2b2346e70af7,0.2504414960135069
d78d162e0d903e67,0.8793008441448147
512b0444982361f4,0.8674830389236291
36f4f9a58e05409e,0.27109340315746
e4b4fc878504822b,0.5083465687035726
d2c6c32ea3387653,0.06488635297789451
62d5596d1fe892ad,0.8957794669367322
8756eb85074bbf32,0.20001105987161585
9120f37fb674d8d5,0.5693467250267881
ad529a51765d4ec3,0.24853036579621945
f5e98c69a45e4a76,0.8541636313888604
4e8ecc5a6ef67336,0.5329182429258396
e26f37d892f837e3,0.7930854697506537
377bd33e8a9d5e7b,0.3533695091445592
7277e822016a05a5,0.6844435672964869
94fed9a4092a19bd,0.5930603407841506
28d304cf97ca614c,0.6666778568072129
5a5195df47e373d6,0.10028126465520786
ebc9acfa1d364336,0.22826848522722304
5d76c6de5ee62843,0.6099484914797723
511d1dd15e99184d,0.702443293730735
b6d744f202fb4a14,0.7841148585266514
43c3e8abee7ceeda,0.6320629982798127
41afcd725afd0bb9,0.48045966859417416
bd4f0c1a61da90cc,0.989502852898808
ac5e8e6812e3a526,0.5916172424568111
61843635f4d407cc,0.9706645693284032
d643d4e6d84db59f,0.6175735110201743
5c0b8bce49a0a773,0.8532470689377124
7c6020b2e5dae41a,0.5697952555879882
4a6f26c4ccfa8a2a,0.2343333984677985
f5ff436197b8129d,0.6353782241669439
27b8587241bf56d8,0.31194868688416605
a198a7b963854e6e,0.07984387212748092
8661667952751501,0.7666806706260905
282a1321ef8c1306,0.36378321869590097
db3dd0b21b03ce9e,0.6072963107700673
3bdc9a83d65a78f8,0.6238919415344716
2983651d59dfaedd,0.8058198374229874
ba2be23d69668658,0.31409383304642746
89d58eb00d13e4fd,0.22167703611045614
d2caeec36f4769a6,0.4000751914956146
dc23c7fae5f57288,0.4281376035637435
c6e284593c89d176,0.7335674144122734
523464c4f48eb02d,0.9447083007650401
cc7624fbfc77736e,0.8557822416749304
6b0c371df7cfc676,0.6561861419408798
986e8a5497d243a9,0.8592144755345488
0880ed3a1a77013a,0.6453434031570856
791d60ceeffd7ccc,0.927644638110688
1fb2b452cb819b3a,0.9314473972165149
6e683e5731d8aac7,0.8050787869305697
d752f92de2b858c1,0.35046381116113234
91654f6c88bcc480,0.25262564483326405
308caeebcc6bc059,0.3499177739561931
0a092e2b8c9c06c5,0.6932776692192545
e29749c7cbb0ef48,0.08351012193207316
02521319f8872bf9,0.10523460215715694
f699494da66c4efe,0.5555592856020715
060f874ec99eadc4,0.42273573550059423
1a2ea8a74fd54c2b,0.5526925902761404
a98b83e132c75465,0.11792996717199496
0fe8ca7c247fab07,0.7062850554940577
c8d9bcea59632f23,0.5532581288098275
0ab0d9c2a040f32e,0.1478450054711678
a03fc647d8141fd3,0.9127066202898494
1036e1cd53a850ec,0.2338458652491027
519d3f96c9895253,0.11363967484747212
28df6bdb66f8e09b,0.9613624355156877
89713786047cfd0e,0.6638501641387774
6389830954a0227d,0.481980772236505
8a5f2d2c5004dead,0.09928669688906847
19d4cd44aecb29c7,0.49736732061854366
2ed9718fa269e456,0.5081515554160942
31d0832c9b203b46,0.27577372205693945
e21b68ce26bfc500,0.6902939659208364
cf8783ddc0b9bf95,0.004354228544626941
fcd44919c1b3f412,0.969416484288542
c6e50665e7bf8738,0.5535701500697927
ce0179fa676d128e,0.9709765905883684
423e064e247fe04c,0.7608107706729933
0ebb4ab2c338fde0,0.5778298030320946
37337cc831e40a2d,0.6926926293568194
04eb53517170d936,0.7280485383766372
dac684a7b8635061,0.4124975379079829
a2f354d17d1431d3,0.8888759965599997
8a42e6579214e167,0.4267920118801431
c35d24cd26008161,0.5362724714704666
077789ab8d103e29,0.5713358605590668
5deb9f3705c67be7,0.6422621932149284
dc531f502bccc4fd,0.5768937392521987
ab4b4d6c12291a2a,0.33554529466904165
47b284804faf97e4,0.5508594653738443
d46bd1fa92be695e,0.11118250742524541
11c536ec56a47156,0.1889928091290913
d5bd7d0c4a297748,0.05215198530556084
d30e6ef239a13f14,0.7860454900726866
8be010237b513256,0.8306645302477241
e3ed18d3d53d8aed,0.29242785680758715
a9f5c2f8c5922e10,0.8811534703758588
05a75c012be2ab6b,0.9832234250420063
a068617fc089ad48,0.4233597780205249
687932e8fcf71376,0.12495044552121412
fedeffd4ef29f976,0.22510926997007435
5d3e23d9b2256c27,0.29418297639489194
c6544d7502deea99,0.37591304517705193
096cba9bc78d7637,0.6986795372824036
76b587348b5c4d59,0.616325425980313
62185555ed060f0b,0.4625574488036653
b538966eb4ce164f,0.03276766453021678
8dfc12a6712b0903,0.7065580740965273
3ab52adc4b1c1768,0.2584760434576133
463847f9a1f414b6,0.6532219399712093
e93e14d11fc793e7,0.03167559012033824
2cd7ea4ff0b97ed6,0.5310851180235435
3cf1ec0a8c671d61,0.10792578552435764
e39df281ee7e153e,0.16674179302781608
272a6816ce2c7c9d,0.3787602391742352
f56230f889018c95,0.8420533062364574
4119f28f6d4d40eb,0.46132886509255194
3e744e15c1c6600a,0.6180025402526265
7975b8ce43d7163f,0.5599275832415856
76519a1ae0dba3b0,0.8156290057831463
6f6aca7dc35afbbe,0.3045381819599903
658aa810bdae773d,0.9860901203679374
41c3618b9180e8e2,0.34086915741719953
7cd53693b2b3a4b3,0.24796482726253238
a450a4bce9f2cac2,0.8712662967007083
05bd9ec45ff54b8b,0.21522209629492406
0d67ef8a9dd3249f,0.6877977958411138
514cfc846a144390,0.7099708066273978
2856a2a0114ba55e,0.7900822651234877
ebe02c0b1c116ac9,0.23175922307308483
cc31cb4421bd54a5,0.5798384398931212
d63593c7bd5f72a9,0.8129183210871979
962b8c33b5be069b,0.2522356182583074
40e508ceed1116f3,0.27688529779556587
668eca9c4cdf1507,0.5321966937621699
c15735bac7d4e6bd,0.16976449898372986
09d2cd5ccb05a325,0.4784705330618954
71ed58a8f5d479e3,0.683858527434052
56fd1ce474cc243a,0.9380778489907775
4c4fc4fe6dea340b,0.876629162106362
68fcea284ddff8ff,0.7281655463491241
8913329e85f873f7,0.5814180475216956
7a210b4ff6c29678,0.5658364858521785
91bd2a01c0384263,0.8968130373603671
14e4e31c9bd8d90b,0.15665960606518745
410f92d0f317cc8e,0.5550132483971323
780cd523f303a8ba,0.31766257620728056
77ae2af1842fa5b4,0.37281233390614676
eebeb3dc997eab87,0.687329763951166
fa6c4d5205fdd5db,0.9824823745495888
f1798e22aeb3b385,0.9910434578698867
8af0df5286089649,0.6797632483970075
6e224e4033db63b7,0.042498827575384465
b8624ae03bb7e7d7,0.04123124120677545
52ca2f9cf118011b,0.9879622479277292
52c5dee14f8320fc,0.7911743395333661
43a4ed5577b3346d,0.6548210489285315
332563e196c7a1ee,0.8570888307010351
cc4b32b77225218c,0.7589581444419494
0b34a503e14e5271,0.9231398311699389
33100c4fe51f7435,0.4374592387052067
6de5ffe2b6664d73,0.12516496013744027
ba39076152cb0ee3,0.5499234015939484
aed179ff9c81f4f1,0.08255455682342945
ea1a9bf792fb6a7e,0.19380963732980558
2f06ce2d10fe3866,0.6341301391270828
11855575a4718674,0.44810696420152246
06d39de4f0e13f3b,0.5661290057833959
5fd7c68abce444af,0.7833153040479904
d464bbc0a2f6ec7f,0.8877254181638777
86a7d5c47fa116f8,0.033294200406408216
a260e587d0fd3fdc,0.9688314444261071
6c07a18d9f02a585,0.8271152884156189
8fd3d88e27ef7240,0.4550494372357503
80dd9757384d7ae3,0.3487671955600711
00a0f9038422aeb4,0.5768937392521988
dd38ea8c63c0a90b,0.5685666718768748
e23a165731b18098,0.9449618180387619
9bef89bb8b6e707d,0.1340185633889556
db5779805bc9128a,0.9017078708760726
13c6185147e496ca,0.9676418633724893
c23ad10e1020a370,0.39344473972135197
cdc252e1304b3741,0.19876297483175462
c9866843a2ca38c5,0.548343793965374
1193dd7feb2e1c1f,0.051157417539421456
145626c411263ea0,0.40350742535523276
b2bb6e4261a0a280,0.9752863842416392
ce6c9830339e8d23,0.7747542207276926
e5a315b7bb844af6,0.7293941300602375
d85cacbda54cea30,0.33158652493323193
ec609eb2e4100b33,0.7800390808183547
0d785515807808bd,0.7458727528521548
6bcfa2aeebd0236f,0.28948315616666476
9ed83fa2f828fbc3,0.4728736517112679
f596ac3c62688ee6,0.9531913787703465
654c4ca75e7a6d56,0.532294200405909
162146e83243572d,0.8118457480060671
9878dbf0860838fa,0.6321605049235518
332ca627787dd758,0.8730019149592653
679ad425e74f2477,0.29408546975115285
df5a276859dd4308,0.7661736360786469
e1f7d0ae0443184d,0.7750077380014143
a6434286f4234aba,0.6348906909482483
3351a9314dfcaa5e,0.027112279193345773
e19b22778dcddf3d,0.40713467250232943
a98a59904fcba403,0.5246301782080114
efe47bc01bf23b67,0.4702799749878063
a1a862c811a320f0,0.418035915272367
bdef7203033a959e,0.702209277785761
0fa3fd428635e63e,0.34235125840203473
8ed23ba67702fe54,0.92600652649587
ece14f4f1731d91c,0.892191222447131
ca20fb73d0c544ac,0.22175504142544744
927bbcf7fa67bfb8,0.7556234172260703
deffe32d78bf8a82,0.6244574800681586
319944ea096b3a65,0.271444427074921
19bd6f94f36d44a1,0.44611782866924365
6e7447b72d462201,0.2090401750818616
be6959210f99dd41,0.9922915429097479
bc1a4abb3dbcab55,0.23618602469884242
41032395ff67eef0,0.9286587072055751
2b4004b2678cf0a1,0.37136923557880724
469658e2c6728fd1,0.295684578708475
e67a54cb89e72744,0.15728364858511804
0a1aa269dba98abf,0.3401671095822775
746e977975fa2166,0.021749413787692237
ca51e1b6ef04fd43,0.34371635141438284
dd96408688197b1f,0.6441148194459723
23b5530f05f1d9e5,0.7868060418938521
da29e21770225527,0.3937177583238216
adb83a06bb93e782,0.11830049241820376
0e4d2b4f26be08db,0.8619251602304974
6ece7a74dc7701ed,0.03436677348753893
e5306d42c50fcc55,0.04312287009531506
4381dd659292aa24,0.26602305768302387
e31ebedf532c25cb,0.5407187744249721
853b98dd483b98b9,0.32337646553039506
2e54b76182ee44e1,0.7548043614186614
338f6834e70af5fa,0.012252266687498518
b5abaa739dbebcbc,0.7569690089096706
5a8bb8464a290761,0.5927288181954375
f0e90b285061c449,0.09813611849294644
e66581f055ee3b78,0.7258253868993844
0a21004c4d12a011,0.3435408394556524
04cee8b938d82d19,0.17148061591353897
c2eb2ef42ef59006,0.4030003908077892
4db76ad147f6dde7,0.5503134281689049
388d2efe55423a29,0.9648726746902974
b9875250f7ce8623,0.762448882287811
e354d93aaeda004f,0.9870456854765812
39e7b31ad6490a4b,0.5447945521332688
a31878efea02ed42,0.3966234563072485
4db06f2609831909,0.8059758480529701
e23ceacf623bf244,0.5766012193209812
5b30a3dce1e3fc54,0.9426996639040135
9b09b933e5488d29,0.507156987649955
64f0282d10422cde,0.2522356182583074
d171c9bf0e731793,0.5545647178359321
699a9d5c734b80f3,0.5027691886816928
79281527b5fd74b9,0.2563698999528476
63b9f2af8362641a,0.7651595669837596
8e20990222b8b1d1,0.5244936689067766
cbfad4f1f811ddcf,0.9153197983420587
a6dde1511fe8d47d,0.3555536579643163
54e8815e9966bb51,0.9853685712042678
cda24d31d8c08104,0.6490291542904257
2e41b0e18fd08067,0.16818489135515557
6e8f4f5c6e28c26a,0.7350300140683607
1f4157812e2bb339,0.7058365249328575
c2d3133094dc0fad,0.14620689385634997
e7e2da8351240636,0.32015874628700297
ef2946985749757f,0.25328869001069027
ae735efdf3a84f05,0.6712411677342053
8a459d7c2b588a93,0.7811896592144768
df0d35696f4b164e,0.5725644442701803
8f745cf8cd93face,0.09107663748623158
7aef10c8e6aae208,0.18275238392978535
706e881832fde05c,0.9426801625752657
03a6674f904defe8,0.24055432233835658
f00500b8110dde92,0.7982728231975768
1475216e327695c5,0.8123137798960152
3fc20688817559fa,0.026351727372180365
70df3ece5d814a70,0.16408961231811106
bcf591e552b3ba82,0.014826442082212215
a04e514a6ca8156d,0.8677755588548466
f83e082f10dc4f9a,0.08366613256205581
21a0898a3f0c502a,0.17590741753929667
c9afe9c2efa6168d,0.1889928091290913
9423152627c5de85,0.8563867828661132
fc5761df1ee97d2a,0.3321130608094234
b51c1517f2b27082,0.30543524308239045
966bd6f4b801db6c,0.9250704627159743
c39f09a3a7ee5d1a,0.6885388463335316
cd4ab667a784a10d,0.9335340393925329
053911f801591901,0.638147412849136
4c12cd87dc745584,0.6750244255112845
f0c4df4801e5dd7b,0.1575956698450833
1cdb9e6374b25c46,0.11648686884465545
55a04d93184e2087,0.8834156245106071
b0259adc08c321ab,0.32834930436109194
3ebefad692cdc413,0.2602896670311616
83d05a33f78392ef,0.24829634985124552
57e746a1c420f866,0.7446441691410413
7086b53e09fe17c0,0.7056220103166314
2cefa5982f1e5321,0.6298203454738122
c4a61e6a8fa1704b,0.6839755354065389
cf3db8bd220d5bdf,0.7968492261989851
75c651d11c0a0337,0.08900949663896153
10dca6cd4d946194,0.5000780053144922
316d771ed9f0b6a1,0.405340550257529
ef64650ddba7c539,0.13358953415650332
721f58982ee85da8,0.9103664608401096
e8f08bd5b06f41ef,0.009990112552750115
8c2e815ac865660d,0.8016465530709515
8191fefedc6afd32,0.12099167578540443
15c9fc425aed1fd5,0.4895472877906634
52f896a602e74ef9,0.8847807175229553
c8a94bf1f874596b,0.4585206737528642
64024839f91aaea9,0.6848530952001913
23a06e4e391dfcaf,0.4766569094883471
76fc88367fd4b329,0.07925883226504599
e7ffd70d1007bf31,0.39650644833476145
4df67b2b4764df2b,0.9802202204148405
5e23b5ebcc3c7201,0.7993453962787075
97c325c9980b0ab2,0.18926582773156092
3c8bace911db4b05,0.8306840315764719
d3af2a4f1b0513ef,0.5945619430977337
8a66145d22484a10,0.8877059168351299
f501884aa3b0a2bf,0.06453532906043355
21f8710a682b6ca8,0.5647834140997956
67addba46911ef5a,0.8451930201648583
cd5a8d124051f2a9,0.9323444583389152
a1acde423d140030,0.010867672346402513
6284cf5236839f36,0.74618477411212
37f720257a8a7a33,0.7575150461146098
acc257668dc46b34,0.7809946459269984
23424057c8458694,0.3611115366574481
418a7b8fddf172d2,0.8697841957158732
dc356b2589e04c87,0.7057195169603705
f64eef65821a8f3e,0.46259645146116096
9fce647d5b47563a,0.9545954744401904
52f9976ea5b478fc,0.12370236048135294
d240c91989c04146,0.7986043457862899
47ef036d29375b9b,0.9409835469742044
8808a12bef546809,0.41776289666989735
d3a20f2bcf2db8fe,0.5960830467400643
a451d8e451fac918,0.2585540487726046
9826735b01a08344,0.3567042363604383
c4a29152e2eacc8a,0.023894559949953657
631690ed30cc1631,0.8916061825846961
d84d8a6e6ca5eec8,0.2443570814441836
efbafec85fb00cc9,0.8771166953250575
24556c1044963c8b,0.964775168046558
5dfe6e2137dc82e7,0.11252809910884576
b2400c3aa22283d6,0.289093129591708
71602580e012f168,0.7275220025004456
cf01eb3e54442236,0.051371932155647594
1a07d25426f87edf,0.6398245271214494
13b3d3fe65bea413,0.40175230576792803
059edd840763fd81,0.8407077145528571
48288e044d74e7cd,0.713871072376964
add068ffe0671cf6,0.22085798030304726
c99de47efecac792,0.7557014225410615
11cef543afe62f88,0.3858392215096979
e512156389905eec,0.24698976082514082
138703e658867a2c,0.7149046428005991
454c3092e6edd433,0.07104877286220912
dd957118652b5ed5,0.7585486165382448
af01fa5eafb4602a,0.31099312177552235
7bffcfd2a9da1725,0.8060538533679612
24f3f1ab071df78b,0.09487939659205866
3ec7c9ebab0a4a2f,0.888485969985043
3c1d10f4646f69fa,0.20818211661695704
9c5f959e1195fc54,0.11596033296846402
cda81aae0a16f97a,0.4768129201183297
2bf6c949fa0b6053,0.5206909098009496
546683ea9e5995f2,0.6954813193677594
c4563254d849a8c2,0.6987185399398992
e9e85a92d9ed5065,0.40534055025752896
fc9fd5a085f168e9,0.534497850554414
54049d409156afd1,0.8208163592300695
e4c0d5c0b9045e4b,0.7932999843668799
058f290d4016fd11,0.14868356260732452
e14cd74f951c3910,0.32454654525526494
05018e18dc83e13e,0.977724050335118
763ff25fb3a65368,0.4400724167574161
eb5cf6bf7c8b4e5a,0.7401978661865358
013351fb7667dab2,0.6501797326865478
e08181f896cfb680,0.3269062060337525
e65d39ec9e3de422,0.7278535250891588
9cf499aa7626f14a,0.5693857276842836
f203a5ba78b7389f,0.726117906830602
8ea386546c0f8c96,0.9428946771914918
0391f48a6955106e,0.061005588557076135
d2f70a0377eebc5c,0.16822389401265123
b96e54496b6a6713,0.7430645615124671
1ecd7d7fc32cc874,0.5715113725177973
a91fae320445e22f,0.05960149288723231
7f7f8d9e95bc3227,0.7946455760504801
8ed9c9b27ed7229d,0.47143055338392836
19862b4c0d2f34b9,0.3780386900105655
e5b1c6b3822addb0,0.6849896045014263
191edcd8d76cb951,0.9794206659361794
6b08a1554cdf28c8,0.23386536657785054
706610ca333da138,0.47927008754055644
5cb5f8466022eb46,0.7049589651392051
acb3a526d9921b55,0.30112544942911973
947db252e781ab55,0.5851428013125313
e94881433d15d819,0.3025295450989636
34439005f71e07fd,0.4449477489443739
989a2593307d72e3,0.6284357511327161
ec8f1d04cffddc96,0.5594205486941422
11dd5f5d722fb0e0,0.7569690089096707
d6738bf320835a10,0.4090848053771125
025b09a306181a55,0.5579579490380547
e5e3f5fbf93a1918,0.5585039862429941
2d60731de40ca5ec,0.2589050726900656
96789dc76cce8bb4,0.7373896748468481
e04c2f21eb86c30b,0.15131624198828172
eb4f7827e27f3e50,0.9985904720952974
c72cafb3b0ed2058,0.07471502266680134
38e789ce64afac4f,0.5941524151940292
961a36d1522e6ffe,0.37686861028569557
d915888ab3fe3241,0.638147412849136
6d047ff0d07fd1a2,0.21762075973090728
96212cff04501fdf,0.7833738080342338
6cb30ccf0384596a,0.8609305924643579
1878cf5a842e6727,0.5620532280750993
47adc8c9afbd6fad,0.17364526340454825
bcecb579dcba782a,0.29367594184744833
24fe0dc9ab19be83,0.06235118024067648
d56cbf99a17acafd,0.3427412849769913
5caed519a777c666,0.04454646709390673
de3dd7a6a4564414,0.6944087462866285
3ddc28164f664050,0.37565952790333007
45693136342888df,0.04197229169919303
143c3caf6eb25742,0.55782143973682
9295c919e27237a6,0.441808035015973
0dc756a818dc5d9e,0.6685304830382568
67a0ca3f82ae78c6,0.09205170392362316
cbd51c3558265f5b,0.37246130998868576
b6df5050c31c7287,0.18657464436436025
73f20d006cfc47e6,0.28390577614478496
2de69b9443d4fc52,0.3139768250739405
1ea20c09b6c79a3d,0.41477919337147917
ea1427791f675329,0.6161109113640868
cd6c9a86e5c13535,0.7225296623410009
fe03f010fd99f729,0.9271181022344963
3cac934a5e569272,0.656030131310897
1f9c8c5a31c38592,0.41236102860674817
325d3152d318ac6a,0.32797877911488316
c796149ae059bd36,0.8236245505697571
139b95acad0d8500,0.06250719087065912
ef8ca6e1ad6cbc40,0.7240507659833317
738b1f5edad8bc5e,0.027814327028267694
00b5753c64f3aa5e,0.7876641003587567
7509e02d19e2f87e,0.06322874003432886
a85aa8068fa925c9,0.7850704236352951
f8ff744430f73aa6,0.6224683445358797
4106129a02383134,0.14433476629655823
3be6495b6e47bbe8,0.6761945052361545
d58d8cb98c5344c3,0.3674104658429976
72c32db073874592,0.2833987415973414
b33541a9535d3cb6,0.5728179615439021
f117d4aad78b524a,0.5474662341717217
5e48da846d46eabc,0.7266249413780455
b0b266000f2d6b03,0.894745896513097
2aa63d23f11f3aa0,0.13914741284963514
7ca15ff99bdc719f,0.30069642019666754
286e550605b2d970,0.2845688213222113
140d123f8919309f,0.791076832889627
5406d7c0119b8b77,0.8023486009058735
feb8f158efc528af,0.6421061825849457
20e9295f7f1b6809,0.327881272471144
8c67df2b06a8af30,0.7802145927770852
0b5100f2d589252d,0.701643739252074
a7dff4879e1f2c8f,0.9604653743932875
6b9c17dec469153c,0.8300404877277936
b064e718f3825ae0,0.07925883226504599
633aa423117b483a,0.2468922541814017
2bd2dc8cda610b2b,0.7915838674370708
16b4f1b4b30d7a5f,0.9421146240415785
7ce520db2bb5b181,0.8145954353595114
359fc18aad246386,0.5259757698916119
4040467f440a4681,0.46173839299625635
ba27a17c66a28567,0.533230264185805
5e4bef63f0b3974c,0.7020532671557783
849863283a0793dc,0.6506672659052436
aa9c499ad44baf78,0.8588244489595921
a3fd494842016ae7,0.5868394169135925
5f079c78614b8a83,0.9427776692190049
7420f14669961a6a,0.8096420978575621
0a083c164a874ea9,0.15262283101438637
396f04d4bed14a3c,0.5875414647485144
bda29126d66debaf,0.3258141316238739
8d5ece395c6a6b60,0.6386934500540752
9ea22d08386ce3ae,0.13394055807396424
1a277b47ca192cc3,0.3200807409720116
5534d1ac3ad47ca1,0.5121103251519039
164e32a2b96ed3eb,0.8416242770040052
cdea1d25f481df1c,0.1574591605438485
37e1f37cd163cc12,0.8674050336086377
4f896e74ddfe48f5,0.5150160231353308
ec881c0b42489ba6,0.45307980303221934
6cbbc142e3b6532d,0.25303517273696846
af58eeb2cce1b1d8,0.14413975300907989
3792b407d3147240,0.3344532202591631
44abea18902dcc6f,0.30498671252119036
f174b76e8c589bc7,0.48414541972751424
d5cb1d76e26e865f,0.9246414334835218
c953fc1a52b6d2ae,0.66445470532996
dd9860c103eaa486,0.08897049398146586
1a338e9358b4b71c,0.005192785680783675
28a055a15e2bee63,0.5371890339216147
d810129e88130889,0.46160188369502153
20b2f55f0ebfeb9c,0.4332859543531708
2dbfb79bb9d5d576,0.8778577458174753
a4f168601004a705,0.5845772627788441
7419f46f112678b9,0.6705976238855268
7d0ff708b6d6752f,0.9268450836320268
cbb85fa489a893cf,0.0697811864936001
c46a723fbfa594f7,0.4641760590897352
2104390897549457,0.4316868453958487
75c276f7d0f29aa9,0.9698650148497422
01a679a23b212287,0.8775067219000144
6cc58651b88eadb4,0.32708171799248287
14cf1ac65f8ca02b,0.1303718149131112
2a5d42d92966192f,0.3048697045487034
2010478948b9aef8,0.552614584961149
31542ae607bdb59f,0.6964758871338987
783c99f058bdb723,0.35547565264932496
8e49ec786a6d5abd,0.6915615522894453
d2b9a740ddba79a2,0.2277419493510316
47c1231311a7aaaf,0.4663797092382401
c7937d0c63ca6a92,0.7215545959036094
64628bdb8224fe18,0.2068365249333567
49cbb2ff9274a4cd,0.11007093168661905
a4dbc0e728a780d5,0.9218722448013298
54a5b82f046318b5,0.8817190089095459
daa0b6896a1749ca,0.21572913084236767
4a251ebb1de72153,0.9463074097223622
edc7eab7534ce904,0.5428834219159814
0d31a18c31d12329,0.9295167656704797
ef643ea0ac629b95,0.40732968578980766
39049e24be5a4306,0.8983536423314455
f41fb0591a5b1902,0.13706077067361722
ef3add49907eb895,0.27561771142695685
3c80e6a34fb3e4ce,0.8237415585422442
681bbfb8c5372f79,0.824892136938366
007f4be9a3f6e89f,0.15595755823026553
25144a9b2bed9be3,0.714670626855625
61233f40c0cdaa2b,0.3076388932308954
73a058838f6b7f2a,0.9302383148341495
cbc20660739af678,0.9803372283873275
8fc723bf625337ee,0.8388550883218131
3ba49bd9e60f519a,0.15090671408457726
6a3b3033fdfe94b2,0.5258587619191248
c8ed653c9f871795,0.8263742379232013
2f6d48d7acb127aa,0.6198161638261748
92ff64a44efeaa6d,0.3447694231667658
d7169f20999bc93f,0.9976544083154013
53604f2aaf701357,0.5521465530712011
a7001845bc2108a4,0.7603232374542975
e1c8d84bbb8add74,0.03483480537748687
0b6ec467b5610434,0.2865384555257422
8ac52d2ec127a096,0.3160439659212106
b10baee15fb9d01e,0.8578883851796962
221ebe5d40d467ff,0.7285555729240807
4fe55b114acc6ade,0.4359771377203715
d8482a667d8a69cf,0.13727528528984334
53ade36e2a1b1e97,0.9615184461456704
23415b9cfe9e209c,0.6251790292318283
280c7808d94b9763,0.8566988041260786
de5885c6a7c6423d,0.9938516492095744
38de0e8716fdf6cc,0.4803426606216871
55bc25143589b254,0.7573980381421228
957e73c37d447545,0.17454232452694848
af84b2641d1c74b3,0.25486829763926455
e7be7f3fe2a831bb,0.03015448647800742
841f7e8235380174,0.9525478349216682
63d88f28c2a5df22,0.8691406518671948
8dad4fd4df5c221c,0.7656471002024553
3572ebf75eb17942,0.5115057839607212
25a1a550572c1f93,0.03426926684379977
6ae06440fe74b44d,0.9537374159752859
b4bf088ea90582b9,0.2474187900575931
6b9449d16e81079b,0.19499921838342327
4ff7c9e8a089b94d,0.679704744410764
aa5c5648b80a1a3a,0.5155620603402702
5dc1f3d49bbbe4c7,0.740178364857788
99546cb325e5dc06,0.8398496560879526
220c843637482425,0.6012118962007441
6608fca5b64d440e,0.8665274738149854
f29988dc0a3c0243,0.662621580427664
51058b99b395787f,0.20227321400636422
ed1bbe11677f7bca,0.4808106925116351
9f9b85620fbc0cf4,0.31218270282914
8aaeef3315304e45,0.3495277473812365
5d92173cdb00c0c4,0.3802618414878182
acbcfbef3b1946c1,0.08384164452078628
73cb612fe6d23320,0.9135256760972583
4216594871a36761,0.07814725652641963
1c2bf4927779574e,0.8659034312950549
1498d0dff1fb5394,0.24500062529286207
53f47e8f08b91aad,0.5221535094570369
c4229a0ce07e83b9,0.10117832577760809
bf61a06ee47b2027,0.06428181178671175
8aef635fd1b3a740,0.09948171017654679
0f6a8a20e3587b09,0.13889389557591336
75d7914477c996b1,0.40155729248044975
7b1790935e6cb838,0.015996521807082078
d680549ede3f6dc9,0.2658475457242935
f3bf39cd2ab5bd9b,0.35619720181299475
0b0930b54070750a,0.16344606846943263
3d97f118d250279a,0.9217747381575908
e9de0ad29a82a54b,0.5431174378609553
9485f200c4e02805,0.6445438486784246
12d95850d018d3a3,0.2980637408157103
ddc866b96dfc3aa3,0.7939825308730539
45a33a8161cb4b46,0.2253042832575527
990eb9e1c61c80b9,0.18060723776752396
378b6aac03179007,0.2726340081285386
b6ce4df0bfb4d3c4,0.189948374237735
a50653ff586cd76a,0.5470762075967651
65cd9ee07cfab83a,0.5127343676718346
d2bbc0c9f79df720,0.9571306471774085
82ce816296a1512d,0.014143895576038127
e502c517a223aa14,0.16358257777066745
71d19ea693604e1d,0.33150851961824057
0d037e649d83d735,0.5971946224786909
6ba6991213384d83,0.7507285837103645
4cac0de9485495fc,0.8252821635133227
9a0be358e968c623,0.09499640456454565
f1ca34616439cd54,0.1217717289353177
e301cf1f2e4c3681,0.63514420822197
d614ef3ad50cc2bd,0.8254186728145575
c0b33846eed21da4,0.37242230733119014
d4e499c8cbcbf2c7,0.9054131233381605
112d556866bfa77d,0.9565456073149735
3f5b776bac1c2a71,0.5686446771918662
97fe9a981d0717bf,0.6467474988269295
ce3280649c6eb5c9,0.7566764889784531
7ae7079159ced82d,0.3635297014221791
f1eb50e28869a50f,0.19260055494744002
52c8dc366cde6d2f,0.262785837110884
ef14064579612c4d,0.7627219008902807
7897eec02201ca6e,0.38191945443138386
321d33ef853c8fb7,0.9180109817092594
96766da6bd7c3998,0.1987824761605025
fdccd120c1ead149,0.8221619509136697
288252f0e770ce50,0.8008274972635425
d4d977f5a3d8f01e,0.7785959824910151
62ea4677a492334c,0.8862238158502949
d1f182b83a420b6b,0.26348788494580594
0a8ea601fcc75d1c,0.7607522666867499
27930c385742439f,0.6806408081906599
13d12d929ca71339,0.9174064405180766
159b4f9fc1efcb55,0.03616089573233938
94ffb2f9a90b358c,0.5581139596680373
68615d70615e3b37,0.21219939033901025
d4a40bf8afd7e4b4,0.14234563076427945
e3dcfffec2d51e7e,0.09187619196489268
10366fd321e0ad43,0.2731215413472345
80e3f13b4e86e5f9,0.9361667187734901
6272a9e176561590,0.7032233468806481
14ead2f08e775ba6,0.7445856651547978
08ecd3e0061305ed,0.5963170626850384
b91abfe0273da79d,0.9545954744401904
0c3efbd8c39177b8,0.9952167422219225
e9e21b290009d63a,0.42550492418278624
c188505410fa547d,0.544892058777008
768d9e0553a1399e,0.05439463811156141
a9370f34870acac0,0.8325951617937594
9f6dbe29c2020549,0.268207206502781
6da7088fbbdbdec4,0.5661290057833959
944a046635530efe,0.9546539784264341
55a97e1488c333a9,0.17963217133013237
bba6644aefeb263d,0.7585681178669926
750f5d2c63709654,0.9145202438633977
b7f5c550aeab6fa4,0.6482491011405125
bf2efa05075a9f6e,0.363315186805953
2987973344ab04ce,0.4243933484441599
a97d19edf8f608bd,0.26044567766114424
6138ff6754f14dc4,0.16818489135515557
87522437573af7c1,0.6924391120830976
57cc4278d6b67c5a,0.06340425199305935
8f29d789ebf40f9f,0.05170345474436073
15e17422c43ac280,0.30492820853494684
57faf77cf5f72f53,0.5189357902136448
febc8ada0a8d768d,0.1898703689227437
86ab68be69241db5,0.6872907612936703
5fcfe942606240bd,0.13885489291841768
31bf257f6a4a70d1,0.7803120994208244
a09897cadb789dba,0.03719446615597442
328299ca9da15ccb,0.3527259652958808
c95184d7971b2960,0.7990528763474899
6ba9df085d34410d,0.990302407377469
396ed8ae6d33d2bd,0.7337624276997516
b058bc3c8a9fe33f,0.8548851805525303
77b29cbb7ea1ac6b,0.9064661950905435
c8d191e05666d6f5,0.8786768016248842
c4d716a53ad99b70,0.6406045802713627
31d17f992245249a,0.2109903079566447
aa459cbd8c781f76,0.6659173049860474
7ba0185e8220f22c,0.1712075973110694
eb077a940d0bbcbe,0.6342861497570654
9298c80a21191034,0.5808720103167562
037747626ac5db4a,0.2233541503827696
8ee7aa8b54022319,0.9105029701413444
a2b57b918f2661db,0.3537010317332723
e703b056b17c6038,0.29814174613070166
5d760ec696eac629,0.5075470142249116
68589cc32366dc9a,0.5056358840076239
83d1d02b456e13c0,0.6301908707200209
f5ea6585ff5edb0b,0.9266695716732964
32290819a9b6b754,0.4211171252145242
f0cddec42ddbe07d,0.05718332812250125
41d5134ef4aa43c6,0.4256024308265255
9a422d8246e3f97d,0.48882573862699374
341cbe1cbd51048e,0.2171332265122115
3d2c0583f01cd72c,0.6465134828819556
870996e4835ca83f,0.2188883460995163
28b09161f3b17dab,0.5221925121145327
051b367d8fe91233,0.03996365483816644
9b8aba50b3ab95c1,0.8851902454266597
ff5577bdd79bcd6b,0.21436403783001945
92e4eb0a0d4c41e0,0.9567601219311996
575ace0896b22257,0.9498566515544673
a16f31da04bf60c4,0.389290956698064
cbc13a2671d3578b,0.07999988275746356
876ba2c5e443fd41,0.6765065264961196
5d5689e87dee129a,0.9141692199459366
71a60a6dfa7e1760,0.7223541503822705
f2a38a0b81dc90e3,0.7249478271057319
ec97de286c2686f9,0.24026180240713912
b77b633a5106f906,0.36645490073435383
972df202456969d5,0.19848995622928503
5d7f4e9617d1e7a2,0.1771164999216622
196dc3655d9d1d79,0.04836872752848163
7b9da0adcf1bf365,0.08647432390174348
b9d78de840ab100c,0.15956530404861427
803868566ffdbdc1,0.16176895419711915
cc5f60c8c3c2b5e2,0.22052645771433413
88919e17cce1dcd0,0.0872933797091524
88bff82c05879a44,0.17608292949802715
aa64759c290cdf84,0.481512740346557
b224a7d8b6f39ab3,0.3983980772233011
ef11b15a28910cae,0.308145927778339
7e08eb8d4482e7e0,0.8841371736742768
609b606891c6ff2c,0.10149034703757338
07ecd08d07bac830,0.47821701578817355
aea578dbbc154142,0.7820867203368769
9c702ee77f731a28,0.4155202438638968
74a102877446027d,0.6407020869151018
dd13d150ff97f653,0.8772532046262924
36157f72f10981f7,0.590135141471976
808639f0db0c51a9,0.40894829607587774
d809389ba1350646,0.569814756916736
353512ba78ee6085,0.007805963732993036
207ae6c9e8f4fabf,0.3388410192274251
333ed3894f0f2865,0.8613401203680623
c8e41f868f963ff6,0.6781641394396855
c0436a45e3cdfea0,0.03735047678595708
497bc4409ccbba90,0.8705057448795429
b29f7d1224fd0321,0.4973673206185436
7795ac2497824361,0.7607522666867498
28bd2f25cefc0467,0.11617484758469017
7a5268c2c0ad3fb2,0.45027161169253166
9335e306e6ef6c17,0.44818496951651376
380dbd85787bd38f,0.8624906987641845
4df3a358e7ec87b0,0.07608011567914955
b423d03461c67e1f,0.843944935124997
8d6c8b00790579fe,0.38950547131429014
75302981ca660bf5,0.6585068000618716
34fae39e3b6350ef,0.4457863060805306
47ee9553918d83bb,0.7202480068775048
525eb09cf01d4422,0.5294860090662215
f285090a9d6de2ea,0.874991050491544
9a015d0a0e9dca3f,0.28447131467847214
5b9ec24c9cacd921,0.3713302329213116
80f6887bba571ef8,0.42687001719513445
a0121be4cb97ee81,0.22926305299336242
98bbb1d875be50a8,0.7484274269181206
d13d14d73f638740,0.5370135219628842
b2c1f66103087339,0.4133360950441397
ed544070c1558a6e,0.5074300062524244
6dd8a5af5647059e,0.5733054947625977
ec707e8be77e5bf3,0.3621256057523353
435ba973814b0e29,0.4739462247923986
a003759cbad0ca72,0.37134973425005946
4c1f413aeaaeca8d,0.33581831327151124
febaa69039e2d424,0.7369606456143959
1a7702c55d1c3c6c,0.6676334219158566
747b48174e7e8cc5,0.12261028607147441
e73a38787bc7abf6,0.6106505393146942
591163e5c881643c,0.7892437079873309
95f08a028b009350,0.2115948491478275
74cf8eff69e3ee73,0.04737415976234223
44639b509c809540,0.6796462404245205
abcf4a1f567f5b1e,0.4921994685003684
987d6ffc23a79a57,0.5567878693131849
e7aea6a6f0d83afb,0.6004513443795785
d9d2d9b2890a7999,0.2988827966231193
deeaee8dc56ee2e3,0.5629307878687517
ed44fe0714d05825,0.8161555416593379
68d0096d6964bebf,0.21420802720003682
8d52d8ee49e4e8ec,0.904204040955795
b877123e88a6a266,0.7637164686564201
8aae92b438c0c262,0.04895376739091655
40864f11272e903b,0.2605041816473878
7583bd973a7787bf,0.9862461309979202
209764663e3680ab,0.5264438017815597
1802828e130f444f,0.7444881585110587
c7226e4c37f1c216,0.8076529623252835
cd0110875b4d057e,0.45534195716696774
b66e634d66bc8033,0.08237904486469895
644bd7580a1fab58,0.43234989057327494
ceed54b1129eb356,0.48779216820335863
4a02d907bb4803fd,0.13298499296532051
d09af6dce02bcd02,0.13766531186479997
c81869bf2ef1408e,0.7874495857425304
455bd62f0c9a8b18,0.8104026496787277
8c648fe7475ba2a1,0.8117677426910759
e7c1606cda3f50ca,0.3361693371889722
386a0c809777aa8b,0.4310042988896746
882d6e6250d5d648,0.46327899796733496
e73fd396a2d7e661,0.34601750820662686
e1293605384c5923,0.016328044395795206
d8e5a75d55957e5b,0.8805879318421717
75e6395a1cc7d878,0.6105530326709551
ecc995a8d29cc898,0.7735061356878313
ba27e43ae6b021c3,0.3078339065183737
075b11725eefed48,0.8693161638259251
16e06a6abad58f9f,0.48629056588977565
039a18d8a9005443,0.9666472956063501
166eabcb1845baea,0.16194446615584968
150f221c402f471f,0.8266277551969231
2af5183224226208,0.45134418477366234
30a31bbf87301908,0.123351336563892
95c87aa909d557a9,0.006148350789427397
d70eb57711fa415b,0.9308038533678364
9464555817eb4951,0.8926787556658269
8d4e5d5935a1a663,0.10328446928237382
289e3f76cc551091,0.43704971080150223
8646ded190e78433,0.4571945833980117
f2e3c326fd923449,0.3066833281222517
83f8985c38ecf25c,0.35044430983238456
8b698836d194ab64,0.30408965139879013
74a48ddff930321f,0.18086075504124574
79a5efbbc2b4f8ec,0.31639498983867154
6e88ede348b8871c,0.6497312021253476
d98b06d0f7e1b8d0,0.2606016882911269
dc56b06363e3abc1,0.4991614428633441
b5355653b987b958,0.198606964201772
e5bc532f235bc0d5,0.1280706581208671
153cb69740320d37,0.27138592308867754
30ad5d4441533a6c,0.5786293575107556
05ba774a4ce6ab73,0.9293022510542536
ba467da19b1f2810,0.02329001875877089
9ad04a6b621bfaf3,0.7404513834602576
f605e43b08e76847,0.9223597780200257
fe2d494aa36b099a,0.2804930436139146
1e5a8f5e21430d42,0.41165898077182617
9b28fcb2ee487967,0.9783480928550486
2f1c0ef6d36a75c4,0.40877278411714724
37fc5525bb7de5e9,0.0619806549944677
d6538f0dbb2a123b,0.6963588791614118
7dde59a4542325aa,0.3361693371889722
20c617dcbd71f357,0.30674183210849515
77f00b5e8f833d41,0.7984093324988115
869a14428379a740,0.4454352821630696
5fe5544f8e236559,0.6810308347656164
2d3681cba05bb562,0.8966570267303845
499be0abf97d1597,0.3944003048299958
5b423761773c3a6b,0.9747793496941956
57cfb14bc788cf66,0.7585096138807492
bf8ee8443882eb4a,0.8279538455517755
400e3c9ccfed951c,0.24067133031084356
95c34bd334691146,0.869920705017108
441b99f616030e70,0.4630254806936132
d6449401e78d3385,0.42394481788295973
ee04b5380c7d4f07,0.8412147491003007
47350f4648bd6090,0.12079666249792613
3d184c420016986f,0.21407151789880202
2525af5583075cac,0.7412704392676667
37055ef29f0a3dd1,0.49278450836280335
741ca2e53f728930,0.9025659293409771
c2060532831835cd,0.7083521963413277
bdf51afd82ed739b,0.6283772471464727
87516eb4863191a1,0.7414849538838927
034a25e098498861,0.051508441456882416
2beaa963f217969a,0.9843545021093806
6b03ea3eb3783933,0.2991948178830846
99cd56ca4ca12f1f,0.19051391277142213
42288d86bd56d80a,0.4037414413002068
a5497f531ca73858,0.2723219868685734
6b8797ea062ce398,0.3201197436295073
1514a9ebdc630056,0.5221145067995413
6a47264adc77dad4,0.2869674847581945
4cbd1cfe1be11280,0.9046525715169952
555f489d111c7db7,0.405672072846242
d3d1d52e817c754c,0.07888830701883719
80c2b83979b319eb,0.1165063701734033
b601ede8f1d5ecc9,0.06478884633415537
ac4e394f11848f01,0.767655737063482
a5d564228af285dc,0.3700041425664591
872eaff0cae2acee,0.2647944739719106
ca524fe71b6054b7,0.5286864545875604
092fdb93d96ab75e,0.13282898233533788
b1224feb365fa8bf,0.24568317179903615
b5883c6e74b0ff0b,0.1815628028761677
7aade43a31d09f8a,0.3593564170701434
585ac3a63ccab1a8,0.2841592934185069
e4933222bb492af7,0.6894554087846796
d4fff28089f09f7a,0.7616493278091501
1faffaa35ce84d77,0.7483689229318772
27afb6fd6aac442b,0.01995529154289178
847a053fb85c500b,0.26245431452217083
9ad6971bd0ebf223,0.3573477802091167
a14e1a04f336c6c8,0.1722801703922001
50698da7b2db2350,0.38626825074215015
15655e2cf84c9cb7,0.7965372049390198
ef796da1e5967ff4,0.9048280834757256
9331c7e2dd294fef,0.6037275676092142
b7796a59af546a3e,0.378331209941783
d9279cd811aae7c0,0.4132190870716527
df81c08c47af6c59,0.8190417383140168
1b9dcbf8b65b1a52,0.646688994840686
dd377f760a65ba2e,0.7764118336712581
995b4a4b97e53e5d,0.5714918711890494
13b533f79e5a5caf,0.7283410583078546
d4c903b8efe43c13,0.9779385649513442
4fb9e1bf5a2f571f,0.7398858449265706
ed595c03e7747694,0.15985782397983173
73e9645c3d48fbb5,0.009054048772854224
a4b5405b00736981,0.8939463420344357
2a653776755ba7b8,0.07771822729396735
158fa97bf999e010,0.44695638580540037
a95d0a261a3bb142,0.4940520947314123
ea46e88a59d4fe5f,0.060654564639615174
6496d7761a0c6190,0.3476556198214448
6f4ba984b6dc3289,0.4371082147877457
5afad3e6c2fda712,0.40337091605399805
02effb9a084a466f,0.4656386587458225
f43a5e53fd455d87,0.9387603954969514
49bcb75b2ef9551f,0.0260592074409629
b21c8167caedde33,0.0021310770673742007
15d2bbcb8c316442,0.19027989682644816
523bc8b194fc69ce,0.2188298421132728
d7b8e5c99743aab4,0.5270873456302382
3ad43bd42075bb8b,0.9299652962316799
812b9840da2dccbb,0.925675003907157
e70b5a521c308e83,0.7036523761131006
3c45ba8ca9f6f412,0.07081475691723516
7f616f8d83b3eb18,0.37113521963383334
26c592e1845bb489,0.2873770126618989
68d37c0a802b47e7,0.8034016726582563
d8934f60893849d4,0.4530603017034715
2a3dc482e2f9765b,0.3951608566511611
016da23592d81da0,0.1542024386429607
4fdfd4d0c0f506a0,0.8250286462396009
729fc49d981fa3bd,0.38225097702009697
15deccf643c21df1,0.48574452868483636
7daf2f242a027468,0.14140956698438353
d51a0a86350f7add,0.06270220415813743
52fa3a33f632aec0,0.6859061669525743
bb4d95ad5da1ac87,0.42932718461736114
cd23dbd0e165834e,0.09913068625908583
ba39191a07cf9e7f,0.5205934031572104
9ba5cac296310d3a,0.8814849929645718
d322c51efb437d17,0.11831999374695157
3af739b2f776287d,0.7537902923237741
85804c2e9c6d680a,0.07362294825692282
cb0cd20b25649838,0.23563998749390314
12c942ad8a277403,0.44945255588512284
289e502cd91b1547,0.7471598405495116
31c382a7004fe972,0.3208802954506727
d169a1c279a46015,0.9816633187421799
f9b4abfb6291393e,0.5653489526334827
6717d92d92048fbb,0.45231925121105393
469f41c8da1eeb41,0.5013065890256054
769314bb014d1235,0.6805628028756686
ff2e280d521989fe,0.21992191652315135
1d52653d4f3c35fc,0.028789393465659244
4c0ebdf6c9dd9fb9,0.20455486946986048
8e182e2e4650cebd,0.7295111380327245
f55714d17852a183,0.27138592308867754
f2e291daed34f717,0.7298816632789332
2fedf01adbad6180,0.06586141941528607
7079029a20553569,0.6430227450360938
7214daf28cec2f25,0.46973393778286704
3037ee52ce757f35,0.028321361575711298
301594a1fbd58308,0.5107257308108079
971dbbb99046d9fb,0.8150244645919636
c7647059905f4dd4,0.16190546349835397
796f7cb75fc0eb55,0.9190250508041466
bcf00da3386bb946,0.8672100203211595
9fde66ee9b59f95d,0.010594653743932876
752d3e65ebd63369,0.27717781772678335
1a6bbae0cb804476,0.4297952165073091
03cac4272e7b8e63,0.9185765202429464
055fecf2717f29a3,0.6308929185549428
a2aa85d0e1bc4e6b,0.5040952790365455
ef9db57cac44e529,0.45809164452041196
8c91442db55d9d64,0.556534352039463
7cfa3fef2d1a1dfe,0.11447823198362886
56ede8d9842e0590,0.13838686102846973
fc74e63ad196960c,0.8878619274651127
342867ccf7337815,0.15233031108316894
866f7ea3c4be20e6,0.5432539471621902
f45494a74c712731,0.594269423166516
414228464c8b74af,0.7292771220877504
e4a3f7a35452e28c,0.5589330154754463
c1eccbf012d9a361,0.1702715335311735
a715e394b41f3a16,0.23222725496303273
26a24b8218ee00b6,0.8748740425190571
db4b58e70acde06b,0.20469137877109528
deaf015c1e137149,0.100612787243921
9d4fbfbf523a0472,0.9745063310917259
ff7e2911a22e8008,0.8442179537274667
30449ce55b14d344,0.09482089260581517
b930073e02948360,0.5771862591834162
9326674b4c828c15,0.5853768172575051
a9b474db35164846,0.46784230889432743
9183d88dcf308c8d,0.19435567453474484
47c8c6f64cdc0a43,0.42289174613057684
2ee4722095033329,0.576503712677242
cb8a02ecca44027a,0.043434891355280364
1925e9dc63237314,0.6016604267619442
dd36f08b99fcfa16,0.8576738705634702
9bbd43f6f760c243,0.7737011489753097
a766359aef66a25f,0.689864936688384
4d10a4698fff400a,0.5794289119894167
44a6285639d7fcc7,0.6613929967165506
a64ce0de598f4714,0.7160162185392254
8c887a6a554fcff6,0.002560106299826484
ef3f3402f7530e37,0.0017605518211654108
e9cf43bab751f410,0.0192142410504742
1245634a78a3136a,0.06223417226818949
7c5ed75e73c20133,0.2813706034075669
ff7628423503cb61,0.11937306549933445
55df3baf4cb22442,0.12161571830533502
20497b1ff5df51bd,0.7342109582609518
fe1c1e2e166d6943,0.475974362982173
0a6a2ebc3b004ba8,0.40537955291502464
ba16bc573e1d9a6e,0.609168438329859
41ae92fc5f37cdc1,0.26692011880542416
ae05071f58d92774,0.2637609035482756
a8d4083bb2383da5,0.9412370642479261
92cf17c3d59c9b61,0.04232331561665399
f591caedceef4268,0.2862849382520204
e3d006785a8a409d,0.531943176488448
dcbc913499301796,0.0917591839924057
b630e1af9fc1f3b9,0.8614571283405493
7d6a1e459131bf25,0.8620421682029842
5f891649affd8c18,0.4266164999214126
7dc102adb7ad6667,0.4988494216033788
1b8c16064d0dc4d7,0.36696193528179744
8e5286a9c7d73ad0,0.09308527434725822
147e554cda420ba2,0.13206843051417247
18517e2df9cc10ea,0.3919626387365169
54ca2e9aaea55320,0.9889568156938687
a923278148853286,0.6354952321394309
cfb35f11977c3be6,0.44178853368722515
aef8a4667274a47a,0.03167559012033824
2c51172cc4d5eba0,0.1523303110831689
494446d84318c9ee,0.4050480303263115
aa652d97612fe50e,0.02720978583708493
baecb9e5cd4b2907,0.87592711427144
c29488c64d211da8,0.33685188369514635
28746b4c4b26d721,0.03776000468966153
8a45d03fa3989bff,0.24090534625581755
462b3e544fe612a2,0.5912272158818546
359614f152fbbc2d,0.33671537439391147
5e953db789137f0e,0.6624265671401857
2a99aaa9555b3dab,0.5997882992021524
aa37a77bc447fc0a,0.9497786462394762
8c0d7f3ade155e48,0.06102508988582397
45b05dd1071039ab,0.9712691105195859
7e037c271c23576a,0.2996628497730324
9adb38d0576dec06,0.5747680944186851
532c84dea557da7a,0.6365093012343181
6c302b9662d3b5c1,0.2905752305765432
666231af023e8fd6,0.19443367984973617
9c06ef2fdb037a79,0.6238139362194801
65230a28464587f9,0.21921986868822946
b3ea4baf43182919,0.5632233077999691
c1f297271ef8cab3,0.13846486634346106
7c58e1fb77913d4c,0.9780555729238312
00ece1c11b40f8ce,0.056598288260066326
a820b5633583bac7,0.8438084258237623
b4e9165d8e2aebad,0.21613865874607213
85f20d358a8d6ce8,0.5104332108795905
148fdf734e431091,0.3086919649832782
67708062cc529759,0.5967655932462386
d764e50c36756862,0.9573841644511303
dc093657cc4bfbc2,0.5661875097696394
08c0597e111a2388,0.5686251758631182
58fc68c0720d8cbe,0.3604094888225262
387b7309eb20b505,0.6556011020784448
cca31a05a820ea88,0.8262767312794621
be7e5b7b5839a348,0.6538069798336443
ef7aa159ba83917c,0.5870929341873143
3dbaccedf2355696,0.26173276535850115
3774263bf5c9a393,0.3462710254803487
e830f76f4667709e,0.5654854619347176
c96965b10fe9e8ba,0.27304353603224313
aea0b2d75bb410f5,0.5417523448486071
892d778bace3f693,0.5669675629195526
f46440975132762e,0.9203901438164948
6084fc419fc10f1d,0.9101129435663877
c6fb1852daad742d,0.24656073159268857
2bd09ffffa247f82,0.26323436767208414
5ded576ceda86075,0.47967961544426085
c066afacb3fe3a52,0.5326842269808657
21e99c194e94917b,0.015352977958403652
7f4eef61767e4c67,0.0462820853524637
dd19efa057bdb4b9,0.06116159918705879
2b309ca794e9b11f,0.9768854931989613
8428fd508cf86cb1,0.6487951383454518
bd059d7efcd14494,0.8268617711418971
7fcd9aa10e5ab5aa,0.3270622166637351
9398c438c5fe8b90,0.2864604502107509
7401e49aee3edc69,0.6808553228068861
0520f17da71602b5,0.30050140690918925
efeb31befebbeedb,0.123234328591405
df3fd48fd3b3331d,0.6533389479436965
14e14e2218536077,0.6470400187581469
1f92d25274d4f038,0.36949710801901553
7170ea34f6161e69,0.5483242926366262
04b0152464b775d6,0.46460508832218744
7653ee403f88ff26,0.45132468344491455
ee84092d5d680f67,0.9786406127862661
c41b6329fa5e7012,0.039983156166914266
1514f652f00c3b36,0.22973108488331034
0c6d11c69bcc6f46,0.42638248397643863
382f75d2edb9f457,0.8988216742213936
ab482dbf08ad90d2,0.5489093324990612
5ecd94cb7901e72e,0.19923100672170263
176da975d008461e,0.5989692433947436
882d984b9b9d8fb6,0.31986622635578543
efecedca199bc74e,0.6314974597461257
5f185fd802f0c00c,0.5711798499290842
b7be75c69ddcfdc9,0.023114506800040412
4da0a9696b2e9612,0.3744309441922167
755bd669f9bccb8e,0.448965022666427
dc744a1038657389,0.4461763326554872
f5565f23a877bd69,0.7728430905104051
45485cf629983a40,0.9503051821156677
9d8248668d721756,0.509458144442199
7e637102a104b616,0.10191937627002566
b9095cbbb40751d4,0.9788551274024923
b6f5bc351054c7df,0.431530834765866
d08fe94fcb0dabad,0.2177572690321421
edb4aa5de0832a92,0.3265941847737872
b142c9c1185e5f66,0.28454931999346345
1473309b954d71f3,0.8214013990925043
b604a5e504b627c0,0.9851345552592938
d5d6a72d9d2c827c,0.054043614194100455
aac5a801e8926a83,0.467783804908084
45b600cd20830ac1,0.77828396123105
8b6f8e193f28c495,0.2743306237296
9cbdc55a60ad3994,0.2116143504765753
59cc8f62d55aab98,0.004939268407061871
42f81ab5abcba09f,0.4855495153973581
758524a5d6a74122,0.729803657963942
0acada29c4de07eb,0.4455132874780609
6bf56d0ceb2c1ab7,0.22081897764555156
03b29070bb68828a,0.0689621306861912
2f553bd8ba413efa,0.027658316398285043
c3ea0fbb29a15317,0.38698979990582
797edeb1c8a9c95a,0.46162138502376937
beb71749be71fd3b,0.4897813037356374
c660714dc6059849,0.434417031420545
549961b37bef9764,0.02738529779581541
dfac78eae9821675,0.08663033453172612
588c204b822eb2c2,0.6499067140840782
e96e43deab9b69f6,0.8024461075496125
9c9a726ae65647b0,0.14306717992794918
58f635ddafc61c78,0.9566821166162084
d40624f11c720afd,0.8485277473807374
73575ac328053efd,0.5497283883064701
809a4127b076294c,0.9602118571195658
d476e643d990be24,0.1337260434577381
4d04534027759be4,0.37909176176294834
72c2c7664c8294e1,0.8356568704071687
d3bea4fa475618cf,0.6556986087221839
7af7100957117fae,0.33964057370608614
bfeae03c16252052,0.22791746130976206
dab19b0b61104952,0.7648475457237943
8b72f86a4e6a970d,0.7207940440824439
c775b6de816c5092,0.6953253087377766
0de6dca19e114646,0.4027858761915631
0ee2b0fc31b7cbb6,0.07130229013593092
3363b132efc51b9f,0.9820338439883888
ee924a0428a40a76,0.15782968579005727
ac3726dc72e71ad0,0.4566485461930724
374584473bf4cec4,0.43989690479868554
e6b8e496d903523d,0.656264147255871
8fe009970d6cbeca,0.2509875332184462
b03e574c8770e9d1,0.185794591214447
27905f95e6931f22,0.4166123182737753
8099a0f72ee1a1b1,0.3079899171483564
5fbbd8a6f4ba3669,0.1836104423946899
24033a02989369f5,0.7117649288721982
223faad452bc6598,0.7155091839917818
c5c13adedfefc67d,0.5898426215407584
ec24ebbbc53f73ce,0.05509668594648332
3a3e4d31cbad45e5,0.2794399718615317
79763f9ebecaea1d,0.7249673284344799
46806e41926c192e,0.6659563076435431
a5cfdf6746ec5cbf,0.8497758324205985
0ddbe3ef0aed551c,0.227117906831101
b641fe7061b46442,0.017868649366873858
be98835c447eea49,0.9531523761128509
98aa4160c7876f0e,0.9442987728613357
0753638b45dfacf0,0.720677036109957
e938301ba66e78e1,0.6158378927616173
64b695db5b68b91c,0.528842465217543
2797a5b06b8c68ee,0.34336532749692183
aee53ec38b7eb6f0,0.6119766296695467
d59b57f46a383c1f,0.4034294200402415
8c3a505dd927009e,0.2985317727056583
436e01defb530baa,0.06944966390488697
2f54c0acfcbfd646,0.8069509144903614
20f15dad96dc92a0,0.19868496951676334
8a16a230e343a296,0.4318623573545792
fc511072e8631203,0.6143557917767821
5d976c71ca9049f3,0.6534754572449313
b207e579713d5841,0.9924085508822349
ac03eddc2e2fd2ca,0.6818303892442775
6b1e6ff0118fe59b,0.804240229794413
2cc92c1f6bdd93d0,0.5906811786769152
f651266acfce6c0d,0.33285411130184084
c3b49d19c43acd64,0.13530565108631243
05a27ebb8a82cea7,0.929477763012984
f32c511446a68874,0.17243618102218275
108d6b400d52aa73,0.6435102782547896
7e3cd0895bbfcd9e,0.7928904564631752
2245ed07ee31662f,0.5902911521019586
c81aede118be0e5a,0.4664187118957358
d664a113973613cf,0.454737415975785
2899dbe3769e8b1c,0.4942276066901429
164d8c33239c5511,0.596804595903734
e753bb93c30cfba0,0.8464411052047194
4493eab669361ba7,0.3022370251677462
4e55ed26dc79c3e0,0.4089482960758777
1d2f7db4504f10b9,0.03150007816160776
9749ddc8b2a3a385,0.07756221666398469
9aab93db4ffdba7e,0.8986851649201588
88558205521546f1,0.373826403001034
02a8e05f667b2fa4,0.25381522588688177
f95b0bb67413dff1,0.4473854150378527
b821f8fa7a26d286,0.2261233390649616
bed1456aa64d60fb,0.7142025949656771
685b1294dc5f8cbe,0.799033375018742
79a0510c936f5eb5,0.7738766609340401
07f28f119366b484,0.20219520869137295
949af0edccb8d159,0.7762753243700233
9965f63ba2d41ed4,0.05554521650768343
f635cdb577ae5471,0.6604374316079069
6419d144df4c87de,0.6294498202276033
bc7f2dd2340df372,0.13122987337801573
cd35e912794bda2e,0.3221673831480295
abf3b6dbce73db98,0.3640757386271185
4eeba8a4c17e4351,0.4918094419254118
f612b9af4ce98bda,0.8957209629504884
d8120911733689b5,0.342078239799565
723bd2532e39f731,0.5122663357818866
3889ee7a1f5fd62a,0.5286864545875605
66ffb196fbbb4006,0.292447358136335
53a1c51ae93d0e81,0.5406797717674764
0a4f5ec5f9339110,0.27446713303083475
34416b6b8b600a61,0.1766289667029664
1e0b561b5df0447d,0.6892798968259489
43e848bf56ec0bb2,0.5821981006716088
1ace2be427eaf92b,0.18778372674672578
e24ea459233ec078,0.9736677739555691
e019c487befa7761,0.004939268407061871
7734ddeb14b3d277,0.10825730811307077
1961aba76570acf7,0.38065186806277485
276265c86a0e2a26,0.18481952477705546
4fc5594c301766d5,0.6624070658114378
bfd20f3d76573073,0.5734810067213284
8526753e065f5b50,0.9317594184764801
5c03ad68783d0d61,0.12678357042351027
9c83e80d019e0f5c,0.5453210880094603
4e6019e87ab5ac6c,0.7616103251516544
dbf6023ccc73b0e7,0.19160598718130067
fb35b29ad551c9c9,0.2763782632481222
3ab9a4e335cdfda6,0.4228332421443334
86fa9d51e632ae1d,0.54442402688706
ab30ffa9ef0220dd,0.9647361653890626
ebfe496544b5a6af,0.7300376739089159
4cb026b93d1e4edd,0.23731710176621665
426a41478cfcfc22,0.30492820853494684
3e16e5f885a5764e,0.2965426371733796
dab52f137b1ba008,0.7627804048765242
a7e545c29eee2bf1,0.31602446459246275
6a50159c50f7f9d0,0.020696342035309356
ded3c69308607da3,0.758529115209497
921388faeaacbc80,0.9919990229785305
8c90e1ab4a546bcd,0.31573194466124527
31b1827fce88917c,0.09690753478183309
d97cfaa40be224a1,0.09423585274338024
b4dae0ea6d15a25f,0.4095918399245561
ffb033e54895ee3d,0.8411562451140572
2b625e5d9c22b0cc,0.39046103642293395
87605745817d0ffd,0.06414530248547694
9717417666a66daa,0.4177823979986452
3267d4ecd26e96f1,0.25131905580715935
3399800c4f113d8d,0.6934921838354805
f457366f48f27702,0.2251482726275701
5a6c4f9b661a0ab2,0.8201338127238953
76628bf9d8b6b0e6,0.9931105987171568
997a5333179da7c1,0.19236653900246606
044dbb2023ecc53f,0.9892493356250862
737497734f709843,0.8928932702820529
fc7d05c3ca74b0fe,0.2749741675782784
f5b74bbaa8085255,0.3818804517738882
c1d1e5c41f539d03,0.5744560731587198
86f9c72ffb536f2d,0.9248364467710002
95b9d46eff640109,0.32228439112051643
3aff516939a3de92,0.27594923401566995
23c1d6b14d960725,0.009814600594019632
0b0950c974175a86,0.39237216664022134
e94d8ce0ed816caf,0.28061005158640157
037bc4751346a482,0.7507090823816168
d43c5617c5e69df5,0.9934811239633656
82c6f27cdcf850e2,0.8869063623564688
7652727437cf5e6b,0.13355053149900764
86f089e7c7ae0d75,0.9102494528676226
b9d7751ccd00d9c9,0.8645383382827065
0a079836e9e1ac2f,0.48995681569436783
90461cd0e33baa56,0.6841705486940173
825b16c4984f4382,0.6469620134431555
9054cbcd60dd433c,0.3625351336560398
770e4ea8a1273a1c,0.6869007347187137
518ad8ed2ff052f7,0.48469145693245347
f12c4df4f05fb6c3,0.1779160544003233
95a9d1c987aae5f2,0.8054688135055265
1d60b64e1441c91d,0.4249783883065948
84ed70c1cda568a6,0.38463013912733235
3d6e8f3a5d06c7a4,0.3037386274813292
eb1779538632b044,0.20985923088927053
bcf84068bc4b5615,0.35530014069059446
3dceaab87e5bd6cb,0.6899819446608708
c86b418e43874d34,0.5404652571512502
95397751cf365c4c,0.6628360950438901
e80b64dbd916f780,0.3407131467872168
d2a231ba481924eb,0.6314974597461257
e86aab1a495bc94e,0.03005697983426826
4c088c5147f6cc2a,0.5073129982799374
746c9771aa5c751d,0.37423593090473845
90005adf46be6af1,0.13138588400799842
78338f5a63e742f5,0.6612174847578202
9c3f2d29681d0d34,0.7752027512888925
f93fd851b68279a6,0.9259285211808788
afed2c838b247303,0.8503023682967901
995d752a3bf1fbb2,0.5285304439575776
33609320e5c7578f,0.19414115991851869
1ecda15121ffa27d,0.15149175394701217
47b2accb2f516cd3,0.8699987103320994
5571f2482997d163,0.8267642644981578
32897e94a9feeb0f,0.9453128419562228
3d5fedc7f245d35f,0.42630447866144733
1b4707947519036f,0.5524975769886621
3cee4d33cd4686de,0.467783804908084
155f6d74191258a2,0.5394901907138587
3ae6a0b3d379dce4,0.2623763092071796
dab9de12664f7b0b,0.3759325465057997
cc73e04980d2167e,0.3914556041890732
be7f0f5d2c65bf06,0.5865468969823752
dea114b428048ebf,0.03976864155068813
deece306851a2a78,0.44699538846289605
d1ce358b8f732eb4,0.3184816320146895
e025d916d395fc1e,0.7021507737995175
f50d9be3d733fdc9,0.27522768485200017
a6c0d8fd193f76fe,0.43231088791577926
569e045332c790a0,0.6072573081125716
977114ec6d208ff4,0.023914061278701486
17faede0e698eb93,0.3776486634356088
0610c3287750d822,0.5333472721582919
58e6e26dd56a60a1,0.09160317336242306
bc263b5b32d9ae07,0.21112681725787955
8894323cc5f185da,0.023368024073762213
e8229221a1595393,0.2053154212910259
63c589b1e27997d2,0.6762140065649022
fe21e0f0344dfca8,0.7526982179138957
7e0194535136acfe,0.2326952868529807
cc859709caaa52f9,0.1195875801155606
56e7153dc35c0573,0.19043590745643083
c76e1ab42940cee5,0.4385318117863374
2ed46ca4b8d10516,0.5035882444891017
ae2f86a0a6c3b696,0.5195793340623233
a05d11d463a21a32,0.23029662341699744
89e7dc0647f4db8e,0.6570051977482886
80934ce845013628,0.465697162732066
f66422247e89d830,0.6267976395178984
b0a301739cfa2228,0.08651332655923914
42b93c5a8b628ba5,0.19435567453474484
f74f1673a45ce9b3,0.7165037517579211
2b76aa4b82e23768,0.36990663592271994
0d6190a27ee0d6ad,0.7397298342965879
7492fbffda1eb950,0.3498397686412018
35355c2d5692cdbb,0.7309932390175597
de976dafed9c0fc3,0.7110433797085284
e2601be919261723,0.04799820228227283
f56a91dde5defb60,0.2715224323899123
1a9c207021895aad,0.932246951695176
86ec8e715d2efa2f,0.5221925121145325
7762b73652848f92,0.6394930045327363
ccd34b74bb18d71e,0.7130715178983029
eb6c259855aee52d,0.7186879005776782
7bfe956eabaf5f10,0.5449700640919993
38c6063d22fa4f9e,0.7869815538525826
46b7352aa3c8a1ba,0.4490430279814183
049fa3f6cc3a62a7,0.8196462795051997
5f77b44deef47d28,0.167209824917764
27462f3d6cf43575,0.43782976395141543
ca854373b937b419,0.8405517039228745
1f6eb5f2da254111,0.6485806237292256
9262bb44aa7937b7,0.4615628810375259
d81678051b65ebc4,0.5393341800838761
0edc1ad07f4aa86e,0.8492492965444072
a8e836b90034f123,0.23979377051719117
c729d0e49b2411cc,0.9840814835069109
db925a43365c86f3,0.4596127481627427
1cda28c15e8e4170,0.674049359073893
ef5a97a20c5118bb,0.9442987728613356
4b990b98ec734989,0.7791030170384589
a96f328dda3bc98f,0.46729627168938814
b467b21cee5c9a57,0.1876667187742388
8c1694e84b06dad7,0.28979517742662997
7b038881fb7ec965,0.686978740033705
60e46ceca8ca6531,0.3319765515081885
be2e51dc6bf61727,0.761883343754124
f1063bee63d2cbd4,0.3000138736904935
1a3d53e660017625,0.32817379240236155
6db1dc15ad1e28e3,0.9101324448951357
34f0bfc533c2a23c,0.5271458496164817
76e738496305310c,0.2734920665934432
a76e95f0a09b03d4,0.027463303110806737
6a0d13d3e413c0e5,0.15478747850539565
e002702b095c4d9b,0.5238306237293503
435eb85f778a69f5,0.09121314678746642
5584a339491f1a03,0.7340159449734734
9a06cac14b623965,0.490288338283081
b199a982f9480beb,0.9258700171946354
e32add368c6de44a,0.2903997186178128
34824decbc66688c,0.2661205643267631
070711d7fd9b7ea3,0.6526369001087745
a1656b509ebf749c,0.9671738314825415
ee96df140d42129a,0.958788260120974
09fb51e0fded24ab,0.3345507269029022
77e04872ab10bf20,0.6526564014375222
6b34ce0940c8c237,0.8946483898693578
8b94f16483f351e9,0.6323555182110303
a7d4f13860590306,0.037077458183487434
66537bdf81c41f46,0.9479455213371801
3014fd36c07b8950,0.6264271142716895
789380ce86c031af,0.829182429262889
dbaee9defc780591,0.6334865952784043
bad0375f198257db,0.15593805690151766
a7b766569c6f66fe,0.30988154603689594
efd3fc92b86b90cb,0.5313581366260133
3ca6e7825d948c12,0.6311269344999167
5c73fed8f1d584c0,0.32766675785491794
cb7f45c4ee30e84d,0.6046636313891101
aac70ac68209f1cb,0.6662488275747606
fb253a15132c7c36,0.5318261685159611
4f1ad3d1864799f9,0.9184205096129637
06cc890b7c3abdd8,0.2022927153351121
48f5b50b05af6685,0.06441832108794657
8abc163b25fe8f16,0.053751094262882985
5220ee550d303425,0.7362195951219783
8f7e85307eb35706,0.490756370173029
dec525eaa4588cc8,0.7589581444419493
8a7aa7c3acead22b,0.6164034312953044
0618f0627df67711,0.6465329842107034
5d9929a965640bc0,0.4948126465525778
b45f8124eea44b5f,0.14499781147398447
32e371f83b148fb6,0.8976125918390282
83b9c322c9febec6,0.4186209551348019
8bb4d82df107f45e,0.5173951852425662
cc28d0d6ace393b0,0.41653431295878396
29c17f03906ad1f0,0.4555369704544461
b10cf30c243ed8c4,0.8341747694223337
85c180d755530692,0.20067410504904207
e9478d4c11f48523,0.019662771611674314
329d63bfe65d67f5,0.29743969829577976
4e7c7fbcb6fde9af,0.04267433953411495
1f2d4ca7586d9ef4,0.23891621072353875
04ff2418e503eb55,0.77180952008677
5807d02f74d22963,0.5666555416595873
23aa15ff2408a5ed,0.2883130764417948
5c3fe62807fba6c3,0.425075894950334
c97a3c1357c537a3,0.7168352743466343
bde91246f16123d6,0.08064342660614199
dfcf3493677dd9ae,0.020208808816613584
4a0cb390212d6320,0.660885962169107
dd48f98a0e7c2640,0.3006964201966676
21669e26853a5beb,0.6751219321550236
c4c279dadffc28bf,0.75841210723701
27f99b00db0702b4,0.11046095826157566
823a471435809e0c,0.9581837189297914
36d9872df73f0208,0.5898426215407585
69b691bd3b11f565,0.5690152024380749
051aab7c376493bc,0.027911833672006846
897a042cdd939f4a,0.9198636079403033
16e574aceb37758f,0.8896560497099131
7acdad670c7e177e,0.6712411677342054
af7211a4b66028fa,0.18827125996542154
3b768875237c8195,0.6746929029225713
a9e4e55b286f1971,0.6431592543373286
1e42f2e9ad67815d,0.29361743786120487
0d527f8f008f8efe,0.011316202907602626
4c2ccade1925c5d7,0.4831703532901227
b3a98dacc0702405,0.20034258246032896
9b8e0f7bf05d953d,0.06933265593239998
7968527b42656286,0.19501871971217108
caf14438584b43fa,0.10324546662487818
31e140000e0bf36b,0.36801500703418033
336acc52a893cf2f,0.4398774034699377
bce6e39fc4407c93,0.11256710176634142
d5e58bdbf23f01f5,0.07953185086751562
1ff7a8ec347ef2c7,0.27043035798003373
ce432d29b214887d,0.22040944974184712
44e820df9233e162,0.589784117554515
fd036d6641276c78,0.5070984836637115
45c36909115a7b3d,0.7619613490691153
0c18ad3d4c7f25b8,0.7635409566976896
4502d8fecdca43ef,0.81613604033059
9bf5cf3ace55851d,0.5080735501011029
0e04a1cc15af0b5c,0.029179420040615866
86bc772734133e12,0.5778493043608425
76fda8694024d3e9,0.5527510942623839
d244839566b6672e,0.4928235110202991
e165495e76c8691b,0.5761721900885289
18e8d9f4f0ed1ffc,0.3149908941688277
c198ddc9a1a0f0a3,0.15077020478334244
4f15b2cd5370863e,0.35738678286661246
5b71a33a75b4b41a,0.8988411755501415
85211a41d91dfa68,0.6445048460209288
31c3ad8e554acb99,0.5521270517424531
f05e3b467a207ea7,0.001
20eea1cacbacd917,0.836924456775778
338ac2331272bb7c,0.32481956385773453
e6740f272d44da83,0.8603260512731752
9368ba44560c50d9,0.39592140847232654
18e4039723086124,0.47839252774690405
c935d65cb1c5cfc1,0.20447686415486913
dd819f141dcc8319,0.10944688916668847
90488975d041fada,0.3753865093008604
a5aa463adede1f1b,0.7167962716891386
872ac9ef6cc6a618,0.2033262857587471
ae4040a11f651b1b,0.34395036735935686
468c82067304eb0a,0.7085277083000583
cb460a2bc70974da,0.10617066593705285
366ae30bce6f5b98,0.3180526027822371
7638518d282a3163,0.8206213459425912
633878cd7103f469,0.4310823042046659
73b8cda0da8e3c6c,0.4836383851800707
b24a01610939d7fc,0.04259633421912363
99024e3163df7833,0.9727122088469254
f67fd1bdae4a88b9,0.5203983898697322
bed6a87757540498,0.24279697514435716
97afe9a3ddc497f7,0.19774890573686743
dd9f348a3e019188,0.49471513990883864
34946df4f3dcb0b6,0.6295083242138468
9444819c9eb0c9d9,0.7334504064397863
fb4483e1ad010ba7,0.012934813193672602
00c68b30c299654d,0.4644100750347092
72515cd3d8b3aa9a,0.7908233156159052
908510f96be347b0,0.7347959981233866
99a21c81b1b48573,0.4429976160695907
22f68a423b09a5d9,0.05923096764102352
e7f04cb37080c9fa,0.010458144442698058
dc02fa202a12aa6d,0.25541433484420384
10d0b7f586529eff,0.11196256057515866
ffd7b011eb85f998,0.6092854463023459
e621dd32e1b264df,0.18409797561338573
4af1a1f24964fe8a,0.191801000468779
811ce0830dbadcca,0.034893309363730356
19f0e848aacfeb93,0.6564201578858537
8d3f02ada61029a5,0.8181446771916165
1e2a07a17f935db5,0.1023094028449823
32328db851b10b18,0.2719709629511124
9ee145457cc792ea,0.8569523213998004
ad8df560233793e0,0.21600214944483734
d22762aa0ca69d56,0.5349073784581184
f8355291593dca46,0.8990751914951154
0c612654e51e01fc,0.079258832265046
ae7e23426e25bea2,0.17848159293401036
e009b5beb1619a81,0.7258448882281322
520faa13a8c7065c,0.8924837423783487
b5f1a39aded71e0d,0.1300207909956502
de6cb6bc5b8d1640,0.47041648428904115
d51fb6ba7bb6913b,0.8437304205087709
a1375923af03ec27,0.7124474753783724
8c4b7d8e2bf037d3,0.46329849929608274
681405cfbc0dd97d,0.4030393934652849
992164c7365bc333,0.7430645615124671
4814a10f30ed6822,0.6210837501947838
f125562b955f34ac,0.33755393153006824
8665c174c23e0232,0.30678083476599083
c03010cc5ef028ec,0.9463464123798578
d2cbd396091301dd,0.2974591996245276
c5b700f429ada2a9,0.5659339924959176
07d97ad7c5757563,0.16334856182569346
abe88bd25b74cec2,0.9379998436757864
b5242ec51fa10803,0.2178547756758812
504c204a4b07adc1,0.27493516492078274
eb3e885ca8381431,0.4708845161789891
88019e77a7570235,0.6713581757066923
4f5b5ab494b7fa3c,0.6744393856488496
ff857c8685376696,0.7046859465367356
c97ffff5899cdd5b,0.8515114506791556
06d8545946fb794f,0.764769540408803
86a18a847664c8db,0.43662068156904993
236b7caf60e83702,0.30917949820197405
b7362d1c5e6ea485,0.36647440206310167
75a194abbc3951a6,0.7168742770041298
0739352b03f43601,0.5245521728930203
d5fb0ad6dfbebd36,0.11463424261361152
ab3267950cbf32e4,0.5786293575107556
061b96409f1ecea5,0.2232761450677783
77507cbfe35570ee,0.025396162263536647
a36af5b550eaa873,0.6104945286847117
9ea7c406af2ba7ab,0.6530464280124789
f67f1e53508bf00a,0.9114780365787359
c1e4dc287c41d581,0.2592950992650222
a53a53e86b02f37d,0.42129263717325477
608291782c527827,0.38197795841762733
d0ad07399c84455b,0.6697200640918745
fc8986567718f61a,0.9130771455360581
5dc1fc6a5d643435,0.8280708535242626
5c05741c61417dc3,0.5894525949658019
d702bbe78e1fa189,0.09094012818499679
e781540ac8518204,0.16106690636219723
7dfe0b8686f2f32d,0.6812843520393382
150a93d31aae72a3,0.3398355869935644
6eef12e9a09066d4,0.9192785680778685
636152d21bd16667,0.7674802251047514
c7f6af439da950c2,0.06718750977013857
27acdee466fcf485,0.9919990229785304
a8804fe9eee0fa90,0.06264370017189394
6192ee4938021f38,0.8167990855080163
fc02f9550afeac41,0.05843141316236244
7c9ba87d30178a3e,0.9459368844761535
a17444b2e1cdd78a,0.6268561435041418
83df6fde56cebe4a,0.3115391589804616
b35110acb0de3b77,0.7695473659520216
9fc1dd40acc8bff1,0.8940048460206795
0c521eb5fabcd49d,0.3797938095978703
e081802079fcf55a,0.7853629435665126
12aedbe868f79776,0.006811395966853653
be8a2586f0738799,0.7094052680937106
077d63174223dbbb,0.12212275285277863
bf95a5f9268fccfc,0.34342383148316546
51ac7bebc69eaad3,0.8585514303571224
823b8b0cbed56665,0.679002696575842
7b06037a7dc44eab,0.9719126543682645
c3468f13ce305a3e,0.9233933484436607
82906bbb278815e9,0.0797073628262461
26d93d94ea19b1b9,0.3659868688444059
d59469ecf7c3bb29,0.36070200875374364
7db5fdf7d9e7b81b,0.3431898155381914
251dd43cde3297db,0.45861818039660335
cb1945985d64f4de,0.2892491402216907
4eeb92e907af170f,0.3755230186020953
feb8fa429dd67ef4,0.6834294982015997
4de67c2419537ea6,0.3016129826478156
538e4f56402af36b,0.8871988822876863
a4cf878441380a52,0.8803734172259454
96be7b3de04ff62a,0.5987547287785172
39c3d3887c8c1a94,0.36159906987614393
1921999c1eb2c5c0,0.6665023448484824
d57e9b30000ad4ad,0.6001198217908654
7c4dea060b3cac3b,0.8212453884625217
b72576d562bd56cf,0.7956596451453675
e1b21c89aa287e10,0.22785895732351857
ea91d426f07b035a,0.22409520087518717
e3fe0ea3b0e68165,0.2968156557758491
733a4e55740edd52,0.6947597702040896
e3ec47884acfc533,0.9520798030317202
8b4fc284f4d71fb3,0.8079649835852488
ecc8c2db5ddf594a,0.060557057995876025
6a2e9bd8a0f89c66,0.32148483664185545
330cb959caca2412,0.9331050101600805
d9ec4fb651c85ebe,0.32078278880693356
059f9fe46af8bf1c,0.40699816320109455
3a4738e51c5cab59,0.5846162654363397
2defc05f8aab4fc1,0.8692381585109339
5eff676251527676,0.04142625449425376
fbe244ca19447d90,0.5023596607779883
6a795f7ddcc9922b,0.05884094106606689
31e47d59215b37f6,0.36085801938372636
dc507cec24e10ba0,0.760732765358002
a6bb01f0933df044,0.1426966546817404
8d856f853ce1deca,0.4256024308265255
6da96325a4517519,0.3040701500700423
1154f92cf57d2532,0.05780737064243185
f6f5511b39bec2b4,0.019272745036717696
52b72c128d8d91b3,0.8893245271211999
75e7fc7c7ea0f472,0.5547987337809062
197817ba33606b5a,0.5874439581047753
c1951ebb86cb1446,0.7806241206807897
c4c41b18d788438d,0.691132523056993
aa26bb9dcc890fe2,0.6711826637479618
c2c4703ee4c876c6,0.8903775988735828
4c5d7e0beffa310b,0.0989161716428597
83c908bdb66cb2b3,0.600626856338309
f5402da16c14957e,0.33868500859744244
2ab80ba80d56a41d,0.6044881194303796
1c6b71fcf804ee07,0.7016437392520739
2f3e4501cfcf6dfb,0.6078423479750066
e6dae542e381015e,0.2404373143658696
eec4124d10360067,0.0818915116460032
9105a2588a4a2770,0.6546650382985488
130f75788d8a46aa,0.4187769657647845
8835b5e539659c18,0.41600777708259257
d219e6e0ab855f68,0.6071793027975803
0723230fe86de14f,0.6186850867588006
e81853b0b0f8c271,0.12705658902597988
979af46a1f611253,0.6782811474121723
945f78f066a99193,0.3375149288725725
9fd22540f39891b0,0.1567766140376744
2631c1e94bf99eb0,0.8160580350155988
41d6c34577272404,0.3894859699855423
13285c2b73770aa9,0.3699651399089634
1d2b2b68357f4992,0.16607874785038987
5e3172665089f4f1,0.8624321947779409
9f7be9231e3552f7,0.7051929810841792
6e458ab88b4204e1,0.15034117555089016
10739a7eee3e87cc,0.12506745349370113
a326839f328dce7e,0.94308969047897
2e706184335e4bfb,0.9271181022344964
e10da35ed5233e23,0.10794528685310548
85df2a159bcafca0,0.6406240816001105
7e459f89aae58555,0.2581055182114045
c5733fd52fad180c,0.5422788807247985
d78be06de4424dc7,0.022236947006388015
af782e55eeec3b26,0.830801039548959
a5428b7d3e5eb0a2,0.38092488666524443
8d920a6bdb004f92,0.9671348288250458
f4be0e405024df8e,0.8438084258237623
d5059f8f88290d5d,0.48322885727636616
e368d0170d51ce4b,0.30490870720619906
d8ddb30bad626df3,0.3533695091445592
d1e892e5a070ad3b,0.14839104267610706
8a30b24e45c8dd56,0.40885078943213854
7616820e7f2f060c,0.07633363295287134
35bf1de33ef37b4e,0.7683772862271516
7fc73341974a9c57,0.8975540878527847
9f5bd41b72cee0ab,0.2353669688914335
44e5daba8a615664,0.7263909254330715
6a29aa78116608ee,0.6343251524145611
74c36fa527d5e914,0.23172022041558915
65e5065a97a00477,0.4612898624350562
2bb9d6b7e64b8108,0.13626121619495613
297129de9133a71a,0.1550214944503696
e6233ca37ff20ae1,0.7504750664366429
e6c230b1db202085,0.8204653353126086
042447db024700a4,0.1727287009534002
5347f880cf1bb93b,0.41052790370445197
f7f2f5d41652f6cc,0.06445732374544222
71ccebe269774017,0.10453255432223504
5d89474915222841,0.24732128341385395
583b0f485ee37a28,0.15252532437064725
cc5a91f4a1b878cf,0.8949604111293231
636604af09feb6f9,0.05597424574013573
9149bfd2414e1f06,0.6435102782547895
69c71a71af3a6a93,0.21005424417674884
5cab1ef744ae1f07,0.5143139753004088
2c01a13c5bd11b48,0.7378967093942919
3dd5148c39f554e1,0.17859860090649735
e55b6c8712632bca,0.4468003751754177
1e70f997f11d309b,0.252157612943316
0b5140a69c454fd2,0.218576324839551
bf3433f1790ded45,0.6009193762695265
848bb9f5e15ea664,0.3595124277001259
ddec6d5fb5e1d8e6,0.88123147569085
483be22ba816efd7,0.17594642019679235
c5e5341d9853e204,0.21225789432525372
21afeb4d02745cb0,0.30541574175364267
214573582fdadc69,0.4326814131619881
1584cb670481cd0c,0.8005349773323251
a5b74fec60dff97f,0.9685974284811331
500761048fa68af7,0.5919877677030199
17911ade8f9db4a9,0.5626967719237776
0d5e4ec73265e718,0.8252041581983314
9a23b511d19c5b74,0.42597295607273417
b0a68b6e9b5aa0fc,0.5913247225255936
f2408ea825dab651,0.4574090980142379
c46a0253ce15db70,0.6983870173511862
280ee758ffb1d1f5,0.37411892293225135
f120c6f37766ad60,0.1989969907767286
f0bd6e897436f50f,0.48270232140017477
d9838a74cd5c15d2,0.025220650304806164
ef4f4beebb23098c,0.6732888072527276
81e1191f9eeac89d,0.5240061356880807
38a4b85540a1d008,0.29441699233986596
583c98e432bf450e,0.6797827497257554
9319566dff410e11,0.6947792715328375
967a61a65ca3958f,0.08148198374229872
78d063e4b7ce7f7e,0.3410056667184343
d2f8e62df2e4ba25,0.6077838439887631
810d2f780629077a,0.7998914334836467
3515d882b6639805,0.5615656948564035
11e50493155c9e73,0.9727902141619167
4ed708372af004b4,0.8740939893691438
c4e45da34ddf3b44,0.5787853681407383
c8a93dd49c2a92bb,0.878130764419945
0db19fe44a9a780e,0.06178564170698937
2b3538d47f1c15b4,0.16030635454103184
c3310c72d9734462,0.4474244176953483
14085746773f19af,0.03257265124273847
556db80d967a1693,0.2662375722992501
43fc5ae409f4f500,0.7495975066429904
081a87f22c3b38c2,0.8461875879309977
d375cbc133ed4f4e,0.5913832265118372
5ad546feb694ad21,0.3632761841484574
4f93720827de0ed1,0.44323163201456467
3aa17624d6ff3bda,0.13501313115509495
9242e8dc12c52248,0.6532999452862007
6842dfe6284804e1,0.8732749335617349
0d73a6a834744d44,0.431998866655814
0830204cd861c6bf,0.1069702204157139
66161f0924e78225,0.6497897061115911
496464a4d50db8c5,0.5908566906356456
06324bbe66728955,0.8769021807088315
14f78d4e391911eb,0.07276488979201826
2b82c80f72759096,0.2174452477721768
098ac1d81b9e8c1e,0.8089010473651448
1b76ea6cbf734ce4,0.09602997498818068
0500bc92e5b55537,0.21184836642154928
ac5aed573f280b25,0.33681288103765067
ea03975f1d5baea3,0.2996628497730325
88b17a552fbab232,0.612990698764434
b8de7af9fcdbf382,0.8528570423627558
1200abef5b424cb7,0.0031451461622614154
31b60e9d8cfa862c,0.1299622870094067
893db3bdf6bcd36a,0.6299958574325426
ceb6b035da1d3d7a,0.6987965452548904
4ec436f2d7284b90,0.1850340393932816
8aed9038981199a5,0.3565872283879513
0004c2d09b2a5399,0.5202033765822539
5205db0c297b51cf,0.692731632014315
fa00a8d5645e29e8,0.26011415507243113
e059a125b2f75271,0.8596435047670009
0a245e9039a475ae,0.5194233234323405
f6dd2588e26ea334,0.6443488353909462
973b401c5b3a29bc,0.5469591996242779
3c3d0acff02d8d77,0.7786349851485109
29614e0f15db6e61,0.551229990620053
59556138531e1193,0.14960012505847256
6864e194fe467f06,0.45192922463609736
92d1a78a0805f085,0.6039030795679446
673c83d5875338f6,0.8367099421595516
97b9da49283296e1,0.10071029388766015
8e266443d27cb222,0.41358961231786145
01740ec6cd7d3fe6,0.8073214397365704
bf22ef3c96b1cf8c,0.10771127090813148
eceff6a46e6bb846,0.2515140690946377
595cd3775c548381,0.18244036266982006
dc88015ad74c395c,0.2794204705327839
1d829ac1fba966c2,0.2094692043143139
7af5a547c0ff87df,0.17237767703593923
42082090188c20fe,0.9307258480528451
f7c6df36a4354bbd,0.4138431295915833
fa583dbce17dca3f,0.4845549476312187
31b430017b021b90,0.7786544864772587
7efc9cb13b2def86,0.9088648585265265
d06fda4e5bcfc129,0.9898148741587732
72cb2bb85767bcac,0.9252654760034524
50f1226e03b9f878,0.239930279818426
24eed0e6d7789047,0.7619808503978631
d026da38fc55bfdd,0.2777628575892182
47c591c2bae2052d,0.42661649992141265
92966f857e0e8aaf,0.2940464670936571
56b22e07fb9e4c9f,0.9753448882278827
95e7a0024d29a8e8,0.7736426449890661
77413f2ce0fc0b0d,0.46025629201142115
169ad5f354082bda,0.4036634359852155
cb6a3ddb00bb4caf,0.9436357276839094
c1351ef23bdee19f,0.33708589964012026
23e0eeea647bf809,0.39326922776262146
52cb9f8084c2979d,0.656498163200845
7f071403034451bd,0.8773702125987796
64c6b8a675d8d210,0.5887310458021322
25bcfd9c6c4bc119,0.5519905424412184
68234d071437f6c1,0.11151403001395856
cdba54b09ad0a5e0,0.2881375644830643
8b2a453d25a9793d,0.94264115991777
379b3cf15b5cd618,0.11911954822561267
04f8b3d8fbcd3c09,0.19026039549770032
8db2aa7a87a0b0b0,0.640585078942615
09904cf5297e4c52,0.5747875957474329
e5d6021439d46003,0.5469591996242781
87a2e4212129d19c,0.9174454431755723
e218c57596992271,0.5091851258397292
18b98da5b42722da,0.47445325933984217
449920a89db3ac7d,0.828031850866767
9ce041cdc0639315,0.5740660465837631
722f357fdbd5c880,0.59612204939756
d468cd43dc6a08bd,0.9820143426596408
9700c7a3ef819ef3,0.8775652258862577
b7f1d881f8c72980,0.10911536657797534
b23236c476c94144,0.9380583476620298
18dd1046074e1b37,0.4288201500699175
55f227029ee88bf8,0.26582804439554564
5e3b8e365345db58,0.26612056432676306
d97a5d6269148ed6,0.5093606377984597
ec6dfb974b3c0b88,0.9322859543526717
7ff4153e9bc66bd5,0.8343307800523165
70ade30377aa52d0,0.6151553462554432
e81c74c9a5e64310,0.924992457400983
27609b892f19ce38,0.2051984133185389
665fe4d9e267c32d,0.8488202673119548
e4efa861a25c36f2,0.80759445833904
707cf306deb0ca20,0.30268555572894634
53a0fc682407a107,0.6947987728615852
4bd91ec011ba7743,0.08124796779732477
3b7c880189ffdf65,0.6490486556191736
c5f1834657b1d9a8,0.6639281694537686
60a043d7036ea402,0.3317035329057189
d69dc65f9a8e3647,0.4859785446298104
c3978282c1335961,0.7485834375481032
248bcc5d97740cb9,0.3921381506952473
ba074101d0551828,0.5459061278718951
f22fd6cc76b9eb99,0.03426926684379977
cad3b5acbccd1a75,0.05197647334683036
4e3d749c5d0d8b99,0.6940772236979156
1024028ec93908ac,0.9970303657954708
db5f96700f81e32e,0.6942137329991502
d00456f5c537affe,0.12711509301222337
ae6c9a4ac1923d77,0.18134828825994154
5c4ef0457f9b795e,0.490405346255568
a36087b510ed1bbe,0.8681460841010554
9700dc3668cb0d40,0.009814600594019635
e404394c28efb780,0.4752333124897554
0720a1b755cf55ed,0.6149603329679648
035439e10d353f33,0.303875136782564
53421be12c0c7d0a,0.7287115835540634
c76422f9c7f1c224,0.056071752383874886
ca75e192477ae30e,0.31179267625418344
480e9e2f5f6eac7f,0.5830366578077656
b1b0c9414a07e81e,0.049714319212081956
e09f31da0edae6b7,0.2277614506797794
9386dbd09f1eea31,0.38646326402962855
4027ad13f744ab47,0.7220421291223051
dd57f9a9617410f2,0.8391281069242827
53816ae08db4500d,0.4477364389553136
d39479f04b318c0d,0.7566764889784531
5223cd189c2850d3,0.32696471001999594
8c0a9ec776187a0a,0.10379150382981746
387c460bf9c82eed,0.6429447397211024
1fd31e1faa118ee6,0.09394333281216276
49fba05cb591b00c,0.14425676098156687
bd80ada68eebd0b9,0.343228818195687
0e3f686f072a8a0c,0.2584565421288655
84925d826d461c4d,0.6667558621222042
a7badd0bb8ead7cc,0.4868561044234627
e2c838fd32fbb729,0.3020615132090157
3a6cf220f53b4cb4,0.5561053228070107
9dacb79ad9fcf34d,0.4300682351097787
92aa4c1f7f258a86,0.7591336564006798
c85e22a117db207d,0.12974777239318055
c5acfefdb9e64f54,0.2846468266372026
26015640e05a3378,0.32158234328559465
834b3501453f5c5c,0.5115057839607211
42af151534cbcca4,0.4276305690162998
6342222ab4bd07c5,0.9058616538993605
cec95d0eb86b553d,0.5155425590115221
b4129a57f4c5c1ca,0.4969772940435871
8b51d76d9c838743,0.3951608566511611
36d6124fdfb6b5fe,0.3930547131463954
2212f9196bf749b0,0.9838279662331891
fe9345df75362fb9,0.6233459043295323
75774ccf0b19e8bd,0.09068661091127499
026c096720d1702d,0.7628584101915155
6aca91fcef83cdf6,0.4332469516956751
8fc4c42ef85eb9e6,0.9653602079089932
1b64496c26985a3d,0.15498249179287393
591d0017ec185df0,0.5353754103480663
028968c773b11f62,0.6260955916829765
3a09eb47d1ba4acc,0.009561083320297831
000019235d24a363,0.6561081366258885
ac5122e50d1ce8c3,0.4763643895571296
7d4feba02220abf7,0.09185669063614485
e59a3b16b4a6d416,0.8645773409402022
84a820be4f12f7cf,0.22764444270729242
2f535756a73607c7,0.9869286775040943
fe5a15197d453416,0.005036775050801026
dfe7a446a8aeb1c9,0.03423026418630411
0ba28eeeb91393c6,0.4244323511016556
6cbf1767b759c6cd,0.5136704314517304
a6e42b03d097a184,0.7715950054705438
da6efa9d56a293d8,0.6323165155535346
20eb958ac40ae3ec,0.0837246365482993
861472b884b8b80b,0.8300404877277936
83313fb5d3e30121,0.24599519305900147
75c00015b88462e9,0.9548099890564166
abad9a6070f32056,0.4638445365010221
dbb0ac574180786c,0.9052766140369256
1ff23956ddb48080,0.9616159527894096
1030748990c873e0,0.5388661481939281
3b392b51ebbe98a8,0.8884859699850431
9bd3ce96b5220545,0.2305306393619714
e80afbedc991fe85,0.9597048225721221
b892e30bd65f1cf7,0.11687689541961209
45be6aeb64cd6e75,0.24201692199444394
10b2dab220d2112a,0.8302355010152718
397e2c46ae990a0c,0.4139796388928181
19d3b02c14e869e0,0.22895103173339715
cd4dc389be000277,0.8625882054079237
fddeaaa21cf9f333,0.4266945052364039
c73cf810b1eec5b7,0.15935078943238812
2d89c6930c494b36,0.6133417226818949
731c1ccc4e036603,0.1316003986242245
a9448f44773fe67d,0.6125031655457382
89d7d09573e87744,0.8638557917765325
09a1c2b53c31bc10,0.7133055338432768
6c6319f9764e8514,0.9784455994987878
f56bb1ad09aacd4d,0.7237192433946187
a49d99323a265849,0.15704963264014404
3ee9be6434e0e715,0.5894915976232976
875debef7413e1cb,0.4682518367980319
a2d775ceeadd24c4,0.8664299671712463
18c8aaea7c834671,0.9932276066896436
df0c46251bada9cd,0.6923221041106107
aab9add2fbc56aa9,0.2602116617161703
a6fc3e9da5c8e555,0.16964749101124288
f637661db81b90bf,0.972205174299482
33f67c649066e956,0.2389942160385301
86c73cb2d30683cb,0.6331940753471869
b5c00f8557fcf692,0.38035934813155736
a2c9a8f18d345227,0.7451707050172328
5ec5cdcb7ea71186,0.4582671564791424
0f3e463f9177f7f5,0.6844045646389911
4e7f08dff5d4d708,0.6963393778326639
3bf84009bb5fc3d5,0.9252849773322003
51395fde52e82c96,0.8017245583859428
11111626d4279259,0.39674046427973547
ae179d72addf4dc6,0.20652450367339142
e88ef89c0abd640c,0.12309781929017019
c514af589b1c5c49,0.16151543692339734
ff07eef5fb056c81,0.8154924964819116
96fcc4e5d6f59237,0.9517092777855114
28c21a0768568fe3,0.8811729717046065
73627db8491905c4,0.37846771924301775
99467bd1e0347c4f,0.04706213850237694
f68ba1afefa7c356,0.946112396434884
f2dc825ecdbac412,0.1790666327964453
4aba146c1a03941e,0.17263119430966103
80d5d6de30bce75a,0.49947346412330945
07139bc3c4fbcf8e,0.8589609582608271
e20fe10aec859d4a,0.9689289510698462
7ede37b476b9198b,0.5835826950127048
13f259dd7b600fe1,0.3561386978267512
351f432cde665f41,0.30980354072190464
a0721905432fac03,0.9746233390642128
c64298a4451fa34e,0.55826997029802
4498869b991b879d,0.7163477411279384
17636075cadd05b7,0.5846357667650877
f1a1bbb6f878a877,0.41085942629316513
0eb6903ad4fa3f90,0.4881431921208195
3188bea8d6f5b35b,0.6614515007027941
c4c409536eb6c51a,0.1241703923713009
d280dab3667294dd,0.6946427622316026
52c6f5f136513403,0.3706281850863896
5090d67fa1877997,0.3290513521960139
16b61b14def64393,0.6156428794741389
baafe2fb18314839,0.11617484758469017
4dd870bba94a4e61,0.4754283257772337
09dc62cfe943169d,0.042810848835349774
c479d440fcf7aa16,0.7408024073777186
8afc03aa50ceaa11,0.8411952477715529
edde45a77638faf8,0.050006839143299425
6d7692d9c32c3019,0.49409109738890805
5732b6767099399b,0.31263123339034016
17d91b5e97f3116f,0.21286243551643652
0d8f39533be9f182,0.8025436141933517
fde5949373183adb,0.9427386665615092
958e0e17661293ac,0.956019071438782
c5216e7c4a482059,0.1684189073001295
903c649790deba31,0.04770568235105536
4a0069fc3386e06c,0.7134225418157638
a8ed067c70e68299,0.8198022901351821
2739c45027efcd82,0.44990108644632293
9cebb6633780881d,0.9658672424564367
61795ee62a8075d9,0.1446467875565235
58f2b934b0d49345,0.7612983038916891
dae79d85843b121b,0.003359660778487557
2a1568df2de08c44,0.6540604971073661
ee4fd2a6e3a78dff,0.5056748866651197
b757cce25b9c26a4,0.23148620447061516
66ff45cad74a6679,0.4585011724241164
b0017bdcd541c6d4,0.21992191652315132
a3f277c9b5c91e67,0.32427352665279524
a5cf1cd034f1cbe7,0.8473381663271197
68c1e518bbf4e77b,0.27940096920403606
39bc60ddd2106538,0.5566123573544544
6efa72d0df99c34d,0.7927734484906884
ba7209f117ae9238,0.9031314678746643
7c5bee138819f339,0.5614876895414121
0a18482d62e5cb36,0.5957905268088469
8e35efabb244500d,0.11892453493813435
43a9275d59ca040c,0.7393008050641355
481df5704a84657c,0.010165624511480596
4d8d82c65a5b6227,0.40085524464552785
f93eec03effd7d38,0.9451178286687446
3ffdcb2a25a0754d,0.6203426997023662
95109279ae9a6a9e,0.7378382054080483
d6ee9c0efd68efce,0.439955408784929
74c4894e7bd0708d,0.44878951070769646
d33fec8f45769c79,0.4952416757850301
8fa4532d6a6caae1,0.19363412537107505
3dff5467e3be88a2,0.6907424964820364
fc6d9a8363c4609c,0.08005838674370706
c9cec12908a9bfc4,0.27507167422201756
a971fe519809a939,0.3817634438014012
5ef5d379d20d65e1,0.5139824527116956
e3fb799669853199,0.7175958261677997
6f8c415e8466353c,0.40071873534429303
6a84824f0fe20d4b,0.3361303345314765
8cfc43e4b7c26f14,0.23571799280889452
de7c6a12dea21dcb,0.7503190558066603
d478e64abc5e2623,0.6653517664523603
437101bfe8957347,0.4604903079563952
6e285e3b9740ddd7,0.6634796388925686
c3ad227a535c2fe2,0.975890925432822
8f43b3a85065f086,0.8109486868836671
90aa3a900822f96a,0.6531634359849658
c9000a6868faa0ce,0.8442374550562145
32a000ae2024ab05,0.11330815225875901
c4605d1a5e5e5f5a,0.8198607941214257
892acb659d8cf3f0,0.37620556510826936
c69855f3bb4ca032,0.035887877129869745
edf73aedf6b35217,0.2576959903077001
8877ec8e52d1ecc5,0.12475543223373584
fa3630178cfa8ffa,0.06174663904949371
9f5f7129d1af2116,0.43178435203958787
5e7e17e9ef20547d,0.7839588478966687
a0bb691eee0adcbc,0.048797756760933904
47aa950ec1d03709,0.3824264889788275
89b3fd466c092666,0.061298108488293604
f58ae0404d156690,0.23076465530694537
766c4ba6be3c0785,0.603981084882936
eb2e4b71d64f3173,0.8230980146935657
4912ee4332177555,0.8240730811309572
2bef19c70fa1eb95,0.3032510942626334
c6686c6fb6297feb,0.8638167891190368
67508ac580fa166b,0.6887143582922619
ff311f69cd822985,0.31752606690604573
bfff1dc879c76509,0.5093606377984597
3d1fb3f5ce631cd6,0.9116925511949622
cc268338bd6cf9ca,0.7512356182578083
d5798960a3e8183a,0.4480094575577833
11d573b74ae9ba82,0.8409222291690832
8c8705f908dede75,0.8628807253391411
ed2bfbed36ac2b84,0.7920518993270186
89361517fc2f10d5,0.867034508362429
1626bf6a9e33402d,0.6035325543217359
549de17e617d4cb1,0.06687548851017329
241acccc8c4c5c98,0.7627804048765242
ea3cd2074cfdd18b,0.0021310770673742007
3482477cef332442,0.6322970142247868
4f0e6d903964496b,0.19275656557742268
55f5ac50a1704cc5,0.5717258871340234
2754a911af5ae6ac,0.22727391746108364
f2e293367584282c,0.9236858683748781
2efb3cb92bcc9b98,0.04491699234011552
5896699316dc3ab8,0.41865995779229753
2d0483ceb9c643bb,0.5641788729086128
efc8974e6723a58f,0.33345865249302375
a6a0006f726c94b1,0.9117510551812058
6f5c59612f3c92fc,0.9932276066896436
c78209036cd357a4,0.9751888775979
db9a3030e417457d,0.05638377364384018
99988b482a1d195f,0.7982728231975768
52e13ab6586efd97,0.8766681647638576
3e8fbcc54eca7fca,0.391943137407769
5bd1113a10668c30,0.1697644989837299
4bef48512ade85b6,0.20332628575874712
2882464c483cd0f8,0.1541439346567172
079b1ed9350bf75b,0.46433206971971785
7063caa968c586c4,0.25233312490204657
ec19c34addb8624f,0.4755258324209729
8cbafbdb15a9de28,0.23718059246498183
a38115fdbf75c1c5,0.6177295216501568
6d8390c7927568de,0.17684348131919256
00981f14236ef71d,0.8047277630131089
12f84fa2b4c572e1,0.1358516882912517
ca5bb700586628a5,0.06385278255425945
4a7058a9b89ae975,0.19302958417989233
878bc0b3326ea889,0.05979650617471061
57f748e3454293d9,0.5950689776451772
07949795ad3e2e93,0.7366486243544306
8cfaf8d91ea4f1c0,0.35358402376078535
0973b331fb200feb,0.9802397217435883
fe33cc8c6e5126c9,0.13834785837097408
95338421b02d6100,0.8168965921517553
6d14e413603d239b,0.8317956073150984
8dd0a5354bcc36ad,0.7968882288564808
73e26e96853b1101,0.17210465843346962
1d9173dbd30bfa8b,0.9890348210088601
b8164626d047cbb3,0.4862710645610278
0fb7907993c4b37f,0.9064661950905434
59ee8f98bf511a26,0.6151358449266954
0c3008cd7e493e83,0.8806074331709194
ca16172c325cea2f,0.10373299984357397
2bca85f81b167432,0.8437889244950144
22fee0166c140a09,0.8494053071743898
e2724c0840a5145f,0.4887867359694979
f36672a2c0e1cfac,0.016854580271986646
1fb583d94ee99482,0.8323416445200376
02f264a344c830ab,0.7765093403149973
4da6645d6969cd52,0.18840776926665637
44dc081e8f45104c,0.5914417304980807
2c2b2f0c44e4f0d6,0.30674183210849515
36b10927a5ef8124,0.913564678754754
c1aaa1a11b02c7a6,0.22401719556019584
052a4c4d54a4bc92,0.8484302407369982
d52322d3a4091590,0.11769595122702099
836f3b0ea82976dd,0.38392809129241046
76fb069dc8449b55,0.6162474206653217
9c73e1140fc59c02,0.2566429185553172
ae6c780a01769bbd,0.3555926606218119
ef3be0cbdd14848e,0.1413120603406444
3599f0b9c0feb095,0.03684344223851347
88664205bb714f9a,0.15096521807082075
b978ad9fbc2debb9,0.718375879317713
c82c9b618c165d10,0.4286641394399349
0b15c07bf352553a,0.871656323275665
7891a28610913711,0.6293328122551164
ad4639fd4e49662d,0.0685136001249911
08bf7df7a564e646,0.3094720181331915
7ed362e9d16716d9,0.15002915429092487
0ad5b72ef7c0ed2b,0.51718067062634
511e654ff2a5008d,0.4605878146001343
c2cd9bde4b5e7a21,0.7558184305135486
5b3e02e26bec5e7b,0.9584177348747653
89c64c8f9efcecb3,0.5781613256208078
a8f6c6e3e62d6b71,0.18439049554460316
019cc0b8962f5cc0,0.7448781850860153
bc4e4242db6ccd37,0.006148350789427396
3fff2ee4dbde3d85,0.4251148976078296
dc37fcbe553235d5,0.2788744333278446
3bd0b86bbb97a337,0.31555643270251477
4992d9bc07447302,0.24837435516623682
bfdf1c0f0ba7cdac,0.920604658432721
a6ab2d1d53fe912a,0.0442734484914371
1891df3302c7b348,0.060479052680884694
b9959e103e10b920,0.5421033687660681
0ef3c10f8c9072d3,0.40672514459862497
a10619d97fb76c2d,0.10086630451764278
0863a38392b70b67,0.3173310536185674
60b64acaf466a536,0.6745953962788322
12e3e5d6d9c41e98,0.7753002579326317
9523154e7d045c29,0.707299124588945
c75a93ff5b4249af,0.2766512818505919
254953a015ac6eeb,0.8965400187578975
800fca2f6db1274a,0.19925050805045041
495cb7b810650027,0.13113236673427658
32f2ab9bccd62523,0.3676054791304759
710c1a24eaeead5b,0.27310204001848654
bc05e8a0b1a36967,0.7600697201805757
7f9c858cee39c32f,0.4742582460523639
d943890ab2a0dabc,0.5708483273403712
e8365a58644b452e,0.6922636001243673
8b6555b1e2375ec2,0.8959159762379668
2d05b7a2752c3cd7,0.3480261450676535
cae674aba0ce36bd,0.7561499531022616
ded2185f98f5d222,0.8799443879934932
5aa4335a084d6172,0.5757236595273288
ea84e8283949a22b,0.7992283883062204
e05b38abdcb5ba20,0.03588787712986974
1a8232cb16668217,0.0866108332029783
964453e5682c98dc,0.3255996170076478
6220fee3bc1e75ff,0.8978076051265064
44c74ce2f7dfda22,0.9077922854453958
0e420abbb67f6653,0.9870846881340769
381d753868abf15f,0.2294580662808407
c90e0c45f7fc22d0,0.05416062216658744
28cc75a35f51a8f5,0.7348545021096301
3ec9f6c06061e5fe,0.9231593324986868
b014ddae55b634f3,0.0420112943566887
90879b42c1e54236,0.7295501406902201
7e62b4fce61bbae5,0.6170664764727306
6e384e2ddbb3399a,0.3930547131463954
6f07849a73f44a97,0.971386118492073
f48a2f5d095509de,0.5106672268245644
ba999a22ce5b3fa3,0.974389323119239
ba9181802cbd9401,0.8214599030787478
bd73bd26225890fa,0.22661087228365737
64c38fe6742e3036,0.25239162888829003
df243043992dea1a,0.5459841331868864
0119114d3ccf9eba,0.9490960997333021
f21453041c1dbfb2,0.7138125683907204
65850a53164c135e,0.183025402532255
48527244bf10d792,0.4585791777391078
cd4848b0c5d09b82,0.423457284664264
d29250c293d24f3b,0.732572846646134
8e49853ead7a7782,0.24648272627769724
c4468c09563855e0,0.32138732999811626
06fbbe29034b7d22,0.09131065343120558
85f4de85a28f72e5,0.8261012193207317
61a2fd323396df30,0.3109736204467745
57131a5c1fd27b0a,0.545808621228156
97148caf47baee80,0.6739908550876496
bc00a7f9820c18b9,0.1833764264497159
0774fb3a81023543,0.5109402454270341
26fce92bc23cb74d,0.9102299515388748
c97cd71a9a738f03,0.513611927465487
e241738a2d4f1fbd,0.8281878614967496
da7df03e550c90ab,0.3931912224476302
35c07da89ceda890,0.8329071830537247
5cf499e1908cd296,0.5221340081282891
d8e67e20d907c472,0.33564280131278074
f3135343f9e7c1fc,0.9515922698130245
35e24477ff3e4121,0.4600222760664472
ad3c1d21283a66e7,0.7186879005776782
fa88a2d04837aa67,0.6267391355316547
3d8cc5538995bbb1,0.05560372049392693
2cd57b0959ffa8b8,0.249856456151072
abf05406b1a91bf6,0.9960357980293314
0f7b3fdc5d781296,0.9087478505540397
03365bdfcc4be998,0.261752266687249
b46302fe840c3d5c,0.554116187274732
b1f966468fc49840,0.3788577458179744
6adafe7e6a6e6865,0.9735897686405779
e92c7a5333472aa1,0.6273631780515855
7eabeacacbf8b37c,0.534146826636953
655d9a938cd682a0,0.9608358996394964
a26607cfecac0d77,0.3351552680940851
8d29e784c2fbc4ca,0.8730994216030045
0552a72825b82f4f,0.3003453962792066
8db26f10038d6705,0.2758127247144352
0eb4f40d8b4a0e29,0.39430279818625663
a1caff7700882d18,0.638615444739084
ee70a37197156928,0.18932433171780444
6de1b2f62b6369e2,0.8139908941683285
9c2d074867b45c86,0.2749546662495306
36c975ccff63cd9a,0.6674189072996305
eac85b26c054de88,0.7036523761131005
318d374ee2d57a71,0.582393113959087
ea743176167975bc,0.45764311395921187
3ab9fd28956b4c1d,0.13173690792545933
478582ec139d868b,0.7780109426285802
fb9d44e71840eb0a,0.18630162576189063
bd4fd0a37b2b9312,0.6159158980766086
5dffe03302a0fce9,0.9587882601209741
d94e1f4138ee9631,0.41965452555843696
298ced22f474a1c7,0.44705389244913957
0268d1d90c8858ff,0.49060035954304626
84cf6eb7514ea305,0.12327333124890065
95d0de11255bad7e,0.10266042676244325
9df308f6f0758e94,0.9199416132552947
b0fb6fef1f3a5762,0.5957905268088469
3fe46d292459737f,0.011979248085028881
6bf62b52eaee324d,0.16923796310753844
8b6a50f8f0d1474f,0.7874690870712784
89833118f346eb37,0.16701481163028573
48fd781830adf147,0.9866946615591203
209845b666a00820,0.18382495701091608
f23faebe09506cb7,0.7264104267618193
5f9584bc58bae0e2,0.16137892762216252
a08d713f9ab75910,0.5924753009217156
5c4f577995e30921,0.8738794747529177
db21d37dde61a7e5,0.4078952243234948
d22dc3977ccf9208,0.4647025949659267
d0fab5e12cd60c77,0.09310477567600604
5293676c6774f75b,0.1717536345160086
d3ae1f0b7031a78a,0.19848995622928503
bf57f1265cfe2fc2,0.42304775676055956
468b54d83b570a50,0.21471506174748045
134c07b69f25f030,0.48927426918819383
2cfa14158d7d3661,0.6213957714547491
a87b1a98b2c48b05,0.2786209160541228
c0bed62168e9892d,0.46955842582413665
fc44e0d5137363f1,0.29418297639489194
1247308f81ebf41c,0.05004584180079509
083caac4b6cb4eba,0.6916005549469408
a9d470ae3ce0af34,0.007103915898071118
935c423d001e7dda,0.2703328513362946
d096b8795c71a6e2,0.9020393934647858
2acc0dd1e03e59b3,0.38954447397178577
bdba30d6e4c5095a,0.4032344067527632
57b0ac86659a9329,0.5444630295445557
23d831dd1ba487be,0.041465257151749424
628b14a47b392334,0.6634016335775772
76a400c7177ea365,0.3082044317645825
86ab9bf8f20612b3,0.42659699859266476
fb26e948e7444ee8,0.7473743551657377
367ec7e6bfbfc6a1,0.9730242301068908
efb297fa666f7cca,0.7867670392363564
0a0f715a63ed4738,0.4262459746752038
00b759c30fbbcbd4,0.8782087697349363
4c133deea22458f5,0.9110880100037794
b354cc89789a3136,0.574651086446198
f3595bdad2050118,0.21736724245718547
2171a4f574746f33,0.5471347115830085
ce89301fff62a739,0.2470287634826365
f4786178a6026169,0.5262877911515771
e1db1fa3be2d2bde,0.5075275128961637
05b896a0d6b00e98,0.0012535172737218037
89658e4ea0b49c47,0.847981710175798
db78c841ae5796ca,0.348669688916332
6af4698b636d1c84,0.2511630451771767
be3f82b0567a0962,0.21100980928539254
1dbeb642447425a9,0.07465651868055787
eec325cdb9dc0154,0.5967265905887429
cab58c1297ee8294,0.5711603486003364
97e9bafef493dc0c,0.2777628575892182
c738edb5352110f8,0.355007620759377
fe298587b58a6ac7,0.8985291542901761
b01b2bff457f7030,0.3191641785208635
599065c0cda14c65,0.7578855713608187
feb91e47c3d327b0,0.37573753321832143
1b0d5c427077f7e9,0.5218609895258194
6c1338d0338c0bca,0.7810921525707376
aec29f6d68d9e001,0.08930201657017899
c6567adae6722bc2,0.4937790761289428
c6e04efe9811e16f,0.16816539002640774
eb86688c957ec913,0.5557347975608019
a450a6576dc20dbd,0.5002535172732226
b700f2322066f731,0.8663324605275071
a4302475b7326abd,0.9057251445981258
af5f8038b513a4c1,0.3533695091445592
0d73ab8c4cb1fa9d,0.8597605127394881
8ca59ee3a85773df,0.30040390026545005
e3f7ceafab0856f5,0.25354220728441207
2445f30cdcdf58f8,0.6099484914797723
23b0f57c015407cb,0.21633367203355042
2750f1a3f3525b16,0.14353521181789713
4d1502e6806c5f5f,0.37770716742185234
9cd2cc7d553443cf,0.34061564014347767
5e314b952cc18869,0.4745117633260857
e8851ddb49233587,0.8288899093316715
6339c240bbb14c01,0.35305748788459385
196ca6bac51b24e0,0.859994528684462
ff664b7817ef187d,0.0573393387524839
1f50f2cb8e01a9d2,0.527223854931473
f655a99b43cc6c6f,0.07781573393770651
2dc6d88fd87d67db,0.5586209942154811
b61c9fd4a46a6bff,0.007942473034227852
478a862e9bd10007,0.4757403470371991
0b9c9bb9e3bd1c5c,0.19909449742046778
8ba72175f80e2cb8,0.3596294356726129
80bd1c42bca86409,0.5566318586832021
ee7025a20728385f,0.3217773565730729
a94a734822cd1066,0.3565872283879513
9e445d829547acdf,0.5158155776139919
d08fa8b4d19b0300,0.7896532358910353
8ef8adecee83165a,0.7350300140683607
476933f8311d441a,0.6079593559474935
fd9f323abdfccd58,0.39619442707479624
fde943f5062e49d2,0.6903914725645754
32e1723a53483290,0.40731018446105993
3189ae9ce5829fb1,0.8511409254329468
a691ae869c7c7c20,0.8662544552125157
aec6a61870dceefa,0.4630839846798567
301339e42c2fd935,0.584830780052566
33bdb599f03ad3cc,0.14246263873676643
ef958079692354ec,0.9954702594956443
6b9de167c2e2a382,0.5614876895414121
81a3aaebe87a402c,0.27647576989186134
78734bb73a549d35,0.5349658824443619
801a31247ebc0426,0.4589107003278209
703c72ed057e80ad,0.7829837814592772
d512ce41ff14126d,0.11354216820373299
b14adfc6f2de5274,0.5601811005153076
3ffc252e11d8a5c7,0.22762494137854464
dd94c4e414636803,0.3593174144126477
089a1dca65e44b84,0.5049728388301978
95e32e732db3ccdb,0.27994700640897535
aca38e8f736ef297,0.017322612161934592
78b2b40abd748fc2,0.622565851179619
2595c73b081498d2,0.10104181647637328
4821901eb98463cf,0.7243627872432971
81f36fdaf2813666,0.17114909332482592
1e80444ce87788eb,0.6581947788019064
47c976d0b2db324a,0.029237924026859357
76e7956f7212a4d7,0.2357374941376423
2f42d37419bdab8f,0.9647751680465582
460717034c7c127a,0.7000056276372562
f46b154a36f88b49,0.6521298655613308
af4a2f1334861acc,0.9617524620906444
cf562fd6a1ec6763,0.5799944505231038
a58fda4597ded16e,0.4062766140374248
7c5b545797c724f6,0.7839978505541644
cd2d2cade053f8e7,0.6997911130210299
0d42478d5f847ddc,0.04156276379548858
fcdbc1ca107a390e,0.7926369391894535
4a6cd78198d5a5ce,0.7817551977481638
13c39c2f8d3cd810,0.04294735813658458
c79d8a5d80e7f04c,0.07151680475215706
51a701717aef4136,0.8916841878996875
4e8d630667c21f23,0.44332913865830387
9b8e9dc382061f91,0.21309645146141049
fddd94710360c28b,0.45144169141740154
2c33fa5f3f2d5e24,0.16681979834280738
3ca87064dc34dde6,0.6945062529303677
c9d8edd3fb7bf971,0.4754088244484859
d582a1a34b5b977c,0.9673688447700198
2fd593bbcde3caa3,0.8782477723924319
d2f2308d5fd09adb,0.16804838205392075
dc6fdbb3f28f8f2f,0.714670626855625
ba8e32a15085aa3a,0.7370971549156307
3ecab659633b8be1,0.9345091058299244
80f14a6b7deb5266,0.5009360637793967
6809016a071b3b5e,0.7507480850391125
d26156516af475ee,0.3955118805686221
7946e76f5438edcc,0.6480930905105298
b11ee2ead8527494,0.7793955369696763
03e49d963acfe851,0.3020615132090157
4a3e2db752cc071f,0.9533863920578248
6e5157888073a37b,0.7677532437072212
1f7bd653103f1863,0.5221730107857847
5cc0f066c9d8a28c,0.7855189541964952
61240fe8a4dc9a2d,0.38938846334180316
ab6cae9885409088,0.9896393622000427
c4e40432b0ffcfda,0.8135618649358763
1f7fbe6992fe8f33,0.44336814131579955
94953e6bc4d48c7a,0.49713330467356964
e1f4fd779b279dca,0.8668784977324464
38ccb655faf1cbcc,0.2361080193838511
dcc976ac3a08e676,0.028067844301989494
8a586d58683ab8fd,0.7674022197897602
9d1f98568599273a,0.056461778958831504
f5a4bf16401623fa,0.8868283570414773
42c6f25951f7db7b,0.35584617789553374
673b99f498fb7880,0.4364256682815716
e4f2c6820273bf2b,0.9329685008588456
8e7d37f34a1f3efa,0.9079287947466307
ec4bdd78abd81c4d,0.5426104033135117
a15343296b9f6f42,0.6612759887440637
dd76563555eb67b5,0.8455245427535715
3ce8de8291ffa6a6,0.8751665624502746
1d036919bb298ab6,0.22132601219299516
9579b233e83fe284,0.18366894638093345
be5c561435858f1c,0.9812342895097277
5cf1d9bf22b73559,0.8521939971853296
d5e3e7616edfb5bc,0.10845232140054907
ad00da3aa56f4d7b,0.16992050961371252
0ccceb1154debc59,0.6648447319049167
8e2c8545bf82cc60,0.8271737924018624
d62e1e8938e1c97a,0.9452348366412315
a8dc86e602a746d3,0.9948852196332093
c4329a7f54415286,0.43039975769849187
04ec4184a6a2f40e,0.8163700562755639
a8874aa6ff7ddd20,0.32520959043269115
c9a607048a5bc5dc,0.8710322807557344
002c27108f6666f6,0.41388213224907894
e4f6a20915cb1601,0.2863434422382639
bb014c28cd6924bc,0.6650592465211428
196e2f507f594bbd,0.3705306784426505
9f1be9fcf021fb5b,0.20689502891960018
9391d5f366da4c40,0.8388550883218131
3453a5ca3d904777,0.38082738002150535
686ba22e52de9068,0.24564416914154047
3553eafc050e9c0b,0.566011997810909
edab086e1fc56c68,0.9091963811152397
d79a009be9287b82,0.49325254025275134
b86e1b1f8503684e,0.8370804674057605
9ad70763cc07c36c,0.8780527591049535
419885390abac7a1,0.02586419415348459
70bb28465e350bba,0.8934003048294966
d2fe3be15c7a040c,0.9406520243854913
df051580b1fd88ae,0.383986595278654
799dbb3bc5de0bff,0.8805879318421717
c18575ea64f02a42,0.875459082381492
bc265e458d29169e,0.897515085195289
d59c94219a63b100,0.8446274816311711
0b79c6776df906c4,0.6174565030476872
1bbd089c39955fe1,0.4113274581831131
e07ee63645347087,0.5195598327335753
6795923abfe3b196,0.8937708300757053
f23bdf1e94c91124,0.3119291855554182
a1fbaeecebb55865,0.11617484758469017
bc95d3915a49249a,0.6008998749407787
c565efbb2d18144b,0.9300628028754191
321866d63b3b1b00,0.676565030482363
50ef5d8288aabf7e,0.2669006174766763
3948549457628975,0.7786544864772585
b958074c10bc601c,0.3237859934340995
f075bd7b8efbf058,0.5689371971230835
f05a42508ffff350,0.8418972956064747
3c1c900935bc3285,0.11750093793954268
cba59c1afecb3734,0.5936843833040812
013e1691ae9f7898,0.09493790057830213
ff4fafab1f01bf0d,0.7921689072995057
16a52132c026c176,0.34730459590398377
7e6dc3264a60f3c6,0.14328169454417533
fde7be20171bb23d,0.036043887759852386
4709ae8a61f423da,0.707065108643971
f2f7edc4fdecd842,0.005329294982018493
81421fdc47bf7d1e,0.5404262544937546
e130b6363bcbe974,0.17167562920101734
8b5dc994eb4224ef,0.35512462873186396
ced09e40d6cdb2ec,0.29755670626826675
b65873d2d6509482,0.34552997498793114
d663eee7b55b1c09,0.2531911833669511
e8ac634318c1c070,0.7671096998585427
9861a481912689da,0.1470259496637589
c170f4b630a3b239,0.9940466624970525
31f66aa5ebaf2ad8,0.8652988901038721
31bc47bb1448c433,0.07959035485375912
79eacc58c9cd0f29,0.9512217445668157
32cb3b1b23ea545b,0.3962919337185353
89357b6904f7d6ab,0.5063574331712938
0d9d1cf89bcda082,0.6771305690160503
7c15e3fb5080a6af,0.3021005158665113
a8580d9f4b1f100b,0.9758129201178306
ba1c0d81b8bfcda3,0.4786070423631301
d5c76d632f469288,0.9473214788172494
4faeee72bb8b4acc,0.3284468110048311
10875f7f7d53acdc,0.2699818274188336
3fb5a4da63283ba6,0.9648336720328017
6551e600570cb09a,0.8607550805056274
6b4949612595764e,0.38246549163632304
d45b6491898d0fdc,0.2643849460682062
0c40fcc6d696a66c,0.43299343442195337
74607a92b5ef932a,0.3149128888538364
e7bf586ef35ff70a,0.24420107081420098
65e0da070f27aa66,0.17762353446910578
38a09fd79a425aac,0.48256581209893984
aed136202b0b58d4,0.4096308425820518
5f5b7b68b01d1299,0.9905559246511909
cc5db835afffd307,0.32782276848490055
d8842b37f5416b48,0.5162056041889485
d8aee4335af252d3,0.24632671564771458
00494862dd9b9e04,0.5046023135839889
95d5441c82b1c46c,0.9809417695785101
c6e492bd428631d5,0.45153919806114073
598200ada2678880,0.9507147100193719
8094f4dc74add0aa,0.16732683289025102
6831a0024a1dd23a,0.08932151789892681
d56926e610462f66,0.2853098718146288
bbe39148bfc2e434,0.91171205252371
1a07a83f589de802,0.5417913475061028
8210d5a233d3d65f,0.05222999062055216
ef4e598f566c9558,0.38736032515202873
c02b919584ea5cd9,0.19115745662010056
68bc1f08eb5258a7,0.8834936298255985
d57a9ae04f68912b,0.6741663670463799
fa41a48959374ae3,0.19923100672170263
5e725dcb74b4e75e,0.2327147881817285
121dbf76a9cf73a8,0.8049032749718392
a2383e552a5f2313,0.1700765202436952
378738808b201e0f,0.2889176176329776
9642ee1e267eee82,0.5870539315298187
e55cdf82fcc57177,0.4506031342812448
2103c3d1e5063e3d,0.1520767938094471
02004dc8e2729e0a,0.3343362122866761
95ae4af4bade5009,0.38732132249453305
8a4e103c92d62a5e,0.8168185868367641
c4414b2ee31b7e94,0.3814319212126881
0866387e16259486,0.8285193840854627
f0b7e616767a0197,0.5211394403621497
a86d2f80a3468f5f,0.517063662653853
691f9a97e9645bce,0.06744102704386037
2f2e7662f26d0933,0.2830867203373761
72cbdcef4a6b4f07,0.7794540409559197
3ca15eac9b7ce8d7,0.8134448569633893
d9f713c872a26c76,0.5723694309827018
38c5cae3c23f24a9,0.34168821322460846
80e12c9a6e625e7a,0.8541441300601127
78211c4fb5585628,0.9173479365318331
59e71eb2f5c7c432,0.8214209004212522
b7abc4b3e6ff0e3c,0.08485571361567351
42eaa77ee15f2ca3,0.07859578708761973
bb8ed5a0931148f7,0.13801633578226094
2ca7468532706e2e,0.3668059246518148
98791c70677eb76c,0.6538654838198878
e7ec6ff3f296ed38,0.4960022276061955
7845f67130f900d3,0.6514083163976611
fcec4d0ce44eda40,0.6377573862741794
0ac91fd23085433d,0.7450731983734936
ff61891d90f930cb,0.30005287634798916
41fb4a2210a6066c,0.7154116773480426
4c7ebaf834966e32,0.06375527591052031
81aef88d712fdd5b,0.6871542519924355
36b0ae34db90ecd7,0.9184400109417117
72fff2ad28f42426,0.6182365561976005
717207649c078f67,0.20194169141765111
925d6e357d7ec158,0.7545898468024352
effe2d48627efbe4,0.6241649601369411
0577c43390d4bf43,0.9961138033443228
546cd9bb6f2ba820,0.3990221197432317
8a47c92c6443e7e9,0.8082965061739619
bc9467bdc8642922,0.45933972956027314
af91160b63f1bc90,0.8682435907447946
464ea9bea5384944,0.6083688838511978
b838b4792a3c540a,0.5482657886503827
11fd6e717c95ce29,0.7082936923550842
b1e2e5a1c0f42f8f,0.4767544161320862
222e74272be1ccd2,0.30077442551165884
21a85a0b474e45d8,0.5503719321551483
5c5c76ce21ac9a03,0.10305045333739987
98c3f3c5243d4fc6,0.19843145224304154
745be7354fe05a2c,0.047744685008551016
ebf17df229daa6aa,0.49695779271483925
14929f1035ed296c,0.8999332499600199
af1bc354186d653b,0.03034949976548573
88e44f6549d78a5c,0.2580860168826567
1a5119861af7675c,0.2197074019069252
4675a1f396e095ac,0.8006324839760642
306fd63061172f24,0.006265358761914383
68fb9067ffff02de,0.8614766296692971
93665736b22ae558,0.3871653118645504
2f3252e131fb28c1,0.6415016413937629
a90bb7ef537f3ccc,0.5556957949033063
f8c47e6a1ab0bf1f,0.48028415663544366
7f335ac0ff549013,0.14117555103940957
e9c7c37b6584e68a,0.16617625449412898
e2f8c99b54c930c0,0.05499917930274417
4f0ffae34b450b85,0.6331550726896914
94e27d2dbdf9010f,0.9111075113325271
db05b31fda1c2b1b,0.5933138580578723
af64ad7d713d5a93,0.49251148976033376
4d1462da71b0efa9,0.19047491011392648
04fbab7984c52c30,0.8738209707666742
c01a62e78e6d8a2c,0.7488564561505728
74f8579fc40b2d7b,0.21660669063602006
0eb2d3b71cf2b61a,0.7403538768165185
57788504ce4c82b2,0.65591312333841
9e7dfd444a9f30e7,0.6645912146311949
0cd8b38e5a4b74cf,0.326613686102535
e8c1c982ff8a6704,0.4155202438638968
36bfe943ee63fe65,0.4868171017659671
998d9f62a717ccd1,0.05427763013907442
8069d4397377adbc,0.2482183445362542
ba8f312910226da5,0.8453685321235885
37faa0207a18eb20,0.7815601844606855
c16962d752780184,0.9328709942151066
f1d62e28f903e96c,0.4694804205091453
8cab416d1f2bc624,0.8782477723924319
b791af74c95ffa06,0.9428361732052484
05b113e465a98080,0.30876997029826964
b17d9630e851487a,0.47806100515819094
92981268f9d56f38,0.7575345474433577
76775e095989aebc,0.018414686571813128
a07f4266c4b1cb5a,0.19349761606984026
7b5b1f94772d1b60,0.23858468813482567
4f8ef604a40bca4d,0.3005794122241806
673f3a4c0bd90267,0.1383283570422262
58139d3ae9373ae0,0.8218889323112
c24d1452d22e8db4,0.5977211583548823
441d9763fdc1b0df,0.9016103642323334
d2987a3199c1109d,0.9011618336711333
cab99a91ac2562ca,0.7671487025160384
df1222f0cc1e08bf,0.5079760434573637
bdb610f14d1f9c0a,0.15061419415335978
d63652d83092f4cc,0.20174667813017283
dc121e137a206780,0.4645075816784483
e5fde6a720ffea60,0.30500621384993826
52f7118d77a951d2,0.2639754181645017
1b60cd7738483c77,0.7140465843356945
c7ef81c5ec66b855,0.9885277864614164
42a4005911b6abb2,0.9153392996708066
926e4ef2979d43ba,0.09821412380793777
936393261928dd44,0.6437832968572592
90b3943086a67cf1,0.33733941691384206
80b6c2497708cc79,0.5259757698916118
dc880492a16f61a0,0.39496584336368284
363fa6d193ea1791,0.1964033140532671
11443cec444ffbdd,0.9832429263707543
174e280d8c42163e,0.8058978427379787
d7fddec00bcd1345,0.5854743239012443
2f2a0292483de945,0.989268836953834
2638757dc8ccf105,0.07243336720330512
af967b1ba12837c7,0.4540158668121152
6cf0ebd8925305ad,0.963527083006697
0307e7dd94f223c0,0.04554103486004611
d86f818a421d896a,0.8197242848201908
95c76aa135d94e8b,0.22861950914468399
dfb2dc72331615e7,0.8548851805525303
b488c877787792d6,0.41431116148153124
5864514fce7556aa,0.6146483117079997
7db51b9dfaa6c3be,0.15024366890715102
475afd5ca8082909,0.6984650226661774
aef3fd34396adfe2,0.11270361106757625
e93ef7b1eb85a270,0.44295861341209497
e643f5e629c7ab40,0.022470962951361986
e9234451a7ebfa5b,0.7485834375481032
e8b95693607a1af6,0.943323706423944
362e59ee5f24ba56,0.6295863295288382
760d3c489cbc2365,0.2635463889320494
cdc43a10fec587b7,0.8426968500851358
436bfce1b2e96ebc,0.8390110989517958
8364b88b9aee50f6,0.6301128654050295
49b33a422ea5bc22,0.9465609269960841
7c87edf2fa4449ce,0.04255733156162797
ae4d87302f77418e,0.2886055963730123
80504f5553a663cd,0.20437935751113
285102ab56c81c9a,0.4906003595430463
ce75929520b6600d,0.8825380647169546
90e157fa590bed49,0.9187130295441813
72308a9b8ed351ac,0.8849952321391814
67da97f4bf5a43aa,0.1868671642955777
7a2c3503f50e758b,0.7983313271838203
7c277b093ca6e70a,0.11855400969192555
e17cdb698e7793a0,0.5782783335932946
304f33ed70c9905c,0.6618610286064985
f671940234873df5,0.7952111145841674
4c60ff51f1a98ddb,0.41158097545683486
357333ab581b26a4,0.5320991871184308
c12b50c410a56d62,0.16736583554774664
280ee73ea3f9a150,0.4775734719394951
9794f61f2b35c374,0.20691453024834802
99bef954535737b8,0.8417412849764923
164deb1fbf6d3d15,0.7696643739245086
17f64dfc919c257d,0.30178849460654605
177f1a78be284fe4,0.5329182429258396
6575a6e55c3aa52b,0.5237721197431069
e1ceb3cf89c78b04,0.4097478505545388
2787d14ba4491e60,0.4602367906826733
47283a11f402ab9e,0.4935255588552209
3e13ab75e759c66d,0.7244017899007927
565632830f202280,0.681186845395599
c60dd36532e24523,0.6632261216188468
1bbb760f70ac35fd,0.22193055338417791
5952ee73f64f8e8d,0.5904276614031935
0d2e12deb5dc05bb,0.29823925277444086
93cf50cff9e70197,0.6736008285126928
71a0f1d3a79f9279,0.37550351727334746
ff1b97bfbc1de495,0.7097757933399195
152d66dccd700ae2,0.8478256995458154
af9475d72cb09bff,0.358010825386543
50c6ae4f3f0c520f,0.7969077301852285
53277c274f93827c,0.7866500312638696
65c28bc2a138b604,0.7826327575418164
ab3f36de97ff5288,0.08579177739556938
6e673b3e05a86556,0.13333601688278152
29ade739f5ac47ef,0.6546650382985488
d6c96030b8564b06,0.5902131467869673
5ffe88ee98e246bd,0.12044563858046517
b75847a46dbc7758,0.3939712755975435
fd4f072e7db648e2,0.8875109035476516
3b600a791eee47c3,0.5224655307170023
3205c60644f3310a,0.2401837970921478
37edd7d198365da8,0.9708790839446294
4aed77bb42b6c35b,0.02522065030480616
70b9c5d2c47a6231,0.8951164217593057
5aee71b30cf4e773,0.042966859465332415
3b6034955fe901a7,0.04341539002653253
53f7e37ad065a1ff,0.6548405502572794
8249af221f0dfc62,0.3658113568856755
4a798f098b3ac80e,0.7559159371572877
7859a3365dc11f7e,0.702423792401987
0d6ab61f58e22d8b,0.4092018133495995
d90f47b845ad8044,0.6457334297320424
908f76b67c5d77d6,0.33336114584928456
2e13d0c9efbac24d,0.42068809598207196
fbd3509fdc1e2fe3,0.22195005471292578
d0c07aa05dbee8c0,0.4068616538998598
e2066400c0c997d5,0.8061708613404484
9d002016fad484c4,0.9623960059393227
18105a09ff042e04,0.4082462482409558
97dbf62f03867f4e,0.5404847584799981
008e7b56ab9053c6,0.9351721510073506
e382e61b69858e84,0.021924925746422717
a02b2c12a9b232a6,0.369087580115311
5d4eefc602f1a815,0.7757877911513275
8c8faef5bff7b3c9,0.15903876817242282
8ea4fb1f9e66fa76,0.13959594341083523
22a32bb8f8bde6fe,0.6765260278248676
6a655866f90d61e3,0.5944449351252468
b15548596622ebdc,0.07664565421283663
e6426b5a54e4a972,0.7270539706104976
2bb1ea15970a2de4,0.1444127716115495
5b2c1fc3ca8dca34,0.10211438955750397
b26bc3d1078e5a5f,0.21816679693584656
9db2f38d40ccfed4,0.20617347975593045
8481c054b0537a7b,0.7982533218688289
c4016925a614e39a,0.572603446927676
a6145b00b87ffbfc,0.9638976082529058
856c1f1b7a16dccc,0.03229963264026884
5db9aa657576b123,0.05603274972637922
e6c91e69fe022b81,0.9973228857266883
18323213899682a7,0.03430826950129544
84aeda77a9eaf7a8,0.8320686259175679
60aa7eb39a1066d5,0.8110656948561539
011908fe41b2ead8,0.9417245974666218
95a236faf4cbd0c8,0.6248475066431152
c58d93928c4b43a9,0.08025340003118538
e3d5116d0ddea646,0.7920714006557664
3d33771711b587e9,0.7187854072214174
ca902179e21ff302,0.6832929889003648
4b2142ee3d149d15,0.3761860637795216
d78803f699e1394d,0.5855718305449835
ef2d9881a6438977,0.022002931061414037
3b5fc032ae2a290c,0.371856768797503
9d5473cf79999f4a,0.6083688838511979
9aefa72a94558b66,0.7096977880249281
78cc36a16e5afd3f,0.4557514850706722
0628d45dc33a5639,0.7821257229943727
bc63ee6da23c5dc0,0.9093913944027181
5a69761001b7342a,0.5242791542905506
f5384c1b33a306d5,0.1597798186648404
9f4fb39fb6e8b6a8,0.6908790057832711
f7787ed37e4b9d05,0.6497702047828433
eecdd457b6c7edb2,0.9359132014997683
f36c01f2f7fefef6,0.7714194935118134
abe3d414c510a7dd,0.45580998905691567
d1f7dc9b905e0fb1,0.20295576051253836
a97c23cf1c8d474e,0.3149128888538364
fa77ebf418dd2361,0.19404365327477954
4fa91df3f09b649a,0.6417941613249804
4c40bd5075d26ea1,0.8773507112700317
559cb0c10ea413cf,0.5724279349689453
b07714f5d0a305a3,0.7100878145998847
ac26d06332fffb35,0.2178157730183856
f3a18a7976f15c5b,0.19763189776438045
bd610a8daf3173f8,0.008605518211654109
b4db2ea448a373cd,0.07021021572605239
a9e601aca0377220,0.7541803188987307
7580e5af192dbd01,0.9688314444261071
3b50e09f1d1584b8,0.6039420822254403
e752099897ef3c84,0.28055154760015805
9e556374eb31bdcc,0.5090291152097466
09bf3001382d4d51,0.15166726590574267
ac4f9d21db6d0551,0.4813567297165744
bab162c780dd5d3c,0.36218410973857884
1ac05275c95e2b9b,0.20736306080954817
ba53d76ac3815303,0.9289317258080447
731194026ddc8a00,0.9034434891346296
565ccf55ce0f19b3,0.20155166484269452
c610846e274513ff,0.5084050726898162
4f2f55e6f8f022f8,0.37224679537245964
171594c12d4f22c7,0.012564287947463813
fd9a29be83f07915,0.19529173831464072
0e69e13d2585552f,0.8770581913388141
8458a25c7d299656,0.2395597545722172
36510a7e2e8cf5e6,0.6230533843983147
4c689c2ab0b1e458,0.96017285446207
bbbb01b896a60659,0.33601332655898963
95a6091ed902a1c0,0.4159882757538446
226f1fdbdf45c3f3,0.215690128184872
b3776535f92034c1,0.14805952008739393
e136a41bbd9d2ebb,0.8494833124893811
2acab7498f95984e,0.49730881663230025
5a97d6bb500166e9,0.4922189698291163
53ad75887ce27a2f,0.33519427075158065
4bbccacfaab6a76f,0.5416743395336159
8d5dbeff654a20b3,0.024694114428614727
885918cc4b58a92d,0.513026887603052
c33b954ec9e9d53a,0.11806647647322978
c73aa72e6960366b,0.4773199546657733
28c265c8e738031b,0.8995237220563156
16f59244fa16b9c5,0.8430088713451009
ab1bbd20f2288ef0,0.3614040565886656
21ce9f486720b00d,0.581944583397887
ea98936cd5a062ef,0.6216102860709752
092b99905affadc7,0.8108901828974234
f8a1935cbff0e3e2,0.6092074409873547
557ff2105e2227eb,0.06662197123645147
e28b4c1e7eede953,0.145972877911376
afcd2875196e3514,0.5905836720331761
622d0c5c885e5d67,0.5804819837417996
5ab123deb8c8e0b9,0.9172894325455896
d70f7077ffdc3675,0.5765817179922335
ec0e23575480409a,0.632492027512265
c42b1312f2466d13,0.3886669141781334
58f7c9cedf508963,0.9869871814903377
483a6a2fc6820e34,0.4012452712204844
9a410bdaf99ab250,0.8364564248858298
27d8448c7743312d,0.6475470533055906
d22510648b60b80f,0.9989999999990017
cf71cc1d5beaf427,0.8589219556033313
b16d96c422e7686d,0.5879704939809667
f3bb00d62eddf347,0.1299622870094067
e7ad214e8e1b87e3,0.4650926215408833
a149a81fa46121c8,0.2292435516646146
954ac0304d013ceb,0.8034796779732475
5fb61c8caa291bb7,0.3374564248863291
b3e6b65c022e07a8,0.8324001485062811
014590f5ad393d98,0.4527092777860105
fd3098a48d0565da,0.002228583711113356
597dfb91140f7a43,0.09485989526331083
29c72ad86d92588c,0.0755535798029581
46403e8726688e63,0.009931608566506621
586f9bad93615a9e,0.9871626934490684
518268ad7eaad020,0.4026493668903283
eb68006674ff7853,0.5398217133025718
829bf94f3c7511b9,0.5148015085191047
472338feab38fd63,0.030134985149259587
e2eb7c00452da3bf,0.4588131936840817
264d5eac0a3db4c1,0.6506477645764956
5dd40ed8f6931f40,0.5297005236824476
ea07294f7b9321f6,0.3517899015159849
800d5b199211d908,0.06326774269182453
c26171ff73291cde,0.8081989995302227
9b039401395029d1,0.2701378380488163
149773fc93e82e0b,0.9350746443636114
377962b226c4354c,0.37887724714672216
b33ace47f8c9cce3,0.19536974362963205
5898aee0357167ae,0.25962662185373536
5011475bc46160b0,0.12452141628876186
49403fb05b28bdc1,0.7292186181015071
d64f9b8328cadfcf,0.7415629591988842
8347b5a18bb84a35,0.32349347350288205
a72c9158377598af,0.32249890573674267
346932f67e7d808f,0.8447834922611537
e4962aaff0cf97fc,0.7804096060645634
d63549a6e599cc24,0.021164373925257305
d013eaf626e99575,0.6649032358911603
a7c0072db3d224b7,0.6839950367352867
b87493b15c6b1e21,0.41889397373727155
cd6d6ab0bf1601eb,0.3910655776141166
fc7b0d78438f45bc,0.6689205096132135
b53e88867e63ec5f,0.4926284977328207
1e1e7de7f17a14fe,0.36998464123771124
fff1df28cf047de8,0.42412032984169024
9a4279b8c94a438c,0.07362294825692282
d1a19d29c2aa4b9a,0.698757542597395
ea65ca7ec57132e3,0.6510572924802002
35cc6e8b29ac28d6,0.9596853212433742
35cebb20cef64701,0.9065637017342826
03c27c6fa94b88b1,0.07662615288408882
654a7847a4c3d0a9,0.9702940440821943
d82da976d107c4ef,0.8770386900100664
0f7cdda5aab7cb9b,0.4987714162883875
511e61b096246922,0.22436821947765678
9bd56be8ba9524b8,0.7807996326395202
08980e1d210b6aa6,0.6105920353284507
c84430f350b3a159,0.4280205955912565
152edc8f6b8762bb,0.7060510395490838
a4a8682aa22552a5,0.7223151477247748
5448387d25232e4f,0.017400617476925912
86b5af3c99c2229f,0.08643532124424781
a243c84e17ad5313,0.5603956151315336
1cd4111d9e2c14af,0.13357003282775545
d6596bfbfd4cc049,0.7273659918704631
5f6669357f9d2602,0.7858699781139561
8ce4d3415fe4440d,0.5450870720644861
b7804e0aef5425ac,0.111923557917663
a68ac8503924dfd3,0.9217747381575907
0ee54a169cddc5a0,0.3268282007187611
91e67962d58a2196,0.49836188838468304
337f92313341198c,0.48059617789540904
62fdb17735fc24f2,0.3125922307328445
32070e417cceeade,0.47821701578817355
d10e86cc3232dbc9,0.9301603095191582
9e379ff80b817265,0.7429085508824845
cfff3503c56dab5b,0.07502704392676665
9f21d3f021ded79b,0.2590415819913004
5fe69ac7610324ba,0.508873104579764
fda80e0f061a2a2b,0.6466109895256947
e5f50a39b4e83fe7,0.6378158902604228
b7ac8ea60b369ad0,0.14587537126763686
f4aefa9fc2e0d241,0.9046525715169952
0f32bcb05a22709a,0.6634406362350729
13334ae771ee01a2,0.5770692512109292
d2596a53564c0b21,0.44038443801738136
1a90578444c1c9a4,0.3284468110048311
38767f6c13ad1bfc,0.36343219477844
8d312d36ba150056,0.24798432859128025
c4e9fb7cce4bc726,0.47934809285554775
9ff220beebc71a5e,0.1454658433639324
24bb5e20d933da44,0.46450758167844836
42f6ebdc63da37de,0.6438613021722506
39f065a3b51d8011,0.10562462873211356
adfccf4de2f8f9e4,0.34775312646518386
bb73756443a5eee4,0.4399164061274333
0d9c7ad016175e4c,0.6294108175701076
01d6dee3fee929b0,0.10121732843510375
4c94ce26b7eb0794,0.7581000859770447
184edb2637a41d50,0.5431369391897031
b14c8ed6d2ad7039,0.03116855557289463
efdd1d7495765245,0.15394892136923888
affe3b0f590fae77,0.838640573705587
3edd7de677b91b05,0.544989565420747
ba9e4528463c5dbd,0.49362306549896007
8be8330f2029f548,0.4937010708139515
df6e6d77a02918af,0.2599581444424485
33d9746c24d2c070,0.545223581365721
e51c785618029ad1,0.8263937392519491
d53ca1e375f1420d,0.6323360168822825
d4133e84363708fa,0.7236997420658708
094a4df459f84f9c,0.1141857120524114
c95b97cbc9622e38,0.255745857432917
8a243d50081a0a41,0.7661736360786469
f6f2fd05daf66b4d,0.08965304048763992
3b5e52e54ed29ece,0.6331160700321957
144d292add5f41e9,0.6143167891192864
49aedb77fa2fb4fc,0.6846385805839651
81e5d80b657413b9,0.8222984602149046
fb21fa126522b6e2,0.6208107315923141
3451b921fd37a93f,0.5774397764571381
e25080fc68263c8a,0.9074802641854306
64f0448c8bc4b1eb,0.01972127559791781
ed89496194aa19dc,0.3891934500543249
fb22f7c013b24779,0.6206352196335838
1590a07714e8a656,0.08645482257299564
54ae2ffdf139cc38,0.20084961700777257
96bf13f3fa835169,0.5741635532275023
559cc1345795571a,0.21422752852878468
325ad194b9f588f7,0.6461429576357466
13ff609306472199,0.7570470142246618
3c87f31b6953fbbb,0.08339311395958617
2dd14f20786549ef,0.3981250586208314
be72fb5da729ec70,0.2056274425509912
dea2b01ff6868477,0.6281237298727509
c7ffc036c6fcf66f,0.7972587541026894
67b0cdefddff90ef,0.7014487259645956
eb949d7c7beb6354,0.6289427856801597
72dbbe8ab710128c,0.7690598327333258
fe50a3aa77d27195,0.1368072533998954
b7dea5f446a371e0,0.21551461622614151
3b6627fce4fa7c6e,0.08908750195395283
5766e8d8c783a487,0.6647082226036818
818813e68f11c85d,0.5885750351721494
4efd1ededeb6af5b,0.41934250429847164
7339d8d336c0728a,0.42380830858172497
5932b86b513569c7,0.5479927700479131
667e3c34655efebc,0.8076139596677878
211cf2ea67620b3e,0.904555064873256
73ddd41ae18acb03,0.32286943098295146
b7d7b9bb940bf7b0,0.8593704861645314
672de9994012beff,0.20588095982471297
1fcb989eab73caf4,0.006694387994366666
1a8eef4f4936cf0b,0.2835937548848197
181bfbae0ed5b503,0.007669454431758219
0144b06a9d5772ce,0.9430701891502223
a6d79b35c359d2ca,0.8330826950124551
adb1f5a83ffc8956,0.8677170548686032
7fe7578307634c36,0.9453518446137185
ef916f6bd9bbf8f3,0.7242457792708101
261b4b9303f16955,0.7335869157410212
bdd3d57f2dcbf24e,0.10580014069084405
87478ecab9990b69,0.4353140925429453
00903281b49f7885,0.9965233312480271
faa54ef489380476,0.9050816007494473
afd67495e65ca43e,0.21194587306528842
3cfeab5f2a521bd7,0.9827163904945627
f889243e554a57b9,0.6325700328272562
1633226e5baee1a0,0.9866751602303724
09429539f12260dd,0.40114776457674534
4642f19a02b65fbc,0.14230662810678377
454379600a0d58ae,0.5716478818190321
806b67c9407deaf5,0.06262419884314611
64147a091385f1dd,0.2033847897449906
410684a9ca496c4c,0.19618879943704096
198aca03e558bad7,0.3112856417067397
19112c76b72e70ac,0.1283046740658411
33cdd595d6f64465,0.2085916445206615
b678efa350251d1a,0.9406325230567435
2773ef74c8379c3e,0.7155481866492774
21a85668c56f4a28,0.6588968266368282
ad44c67c941b730b,0.1838639596684117
afafaec6ed7cb894,0.7488759574793207
7b2afaaec11da7c6,0.466399210566988
14f8df83cb5fb959,0.699440089103569
2fa6287a9d075ec1,0.3898564952317511
a20301029a5e8b78,0.7545898468024352
64c226150b42ee5c,0.5772252618409118
7012b66ec38b6038,0.0027161169298091322
334a43b3d7746442,0.6121131389707816
3e39b50358f01b64,0.7906478036571748
dd424dd258080c0f,0.5023986634354841
b6815449a050c02f,0.32130932468312495
786b0bb1d7a4dfb8,0.14887857589480283
bfadd1b4779947e6,0.8997577380012896
23bda92c60bb92e1,0.92115069563766
20f374eb224e1a7c,0.47377071283366806
04bc6e2ce35edb4c,0.7319488041262034
f5fe2d58beb86d40,0.4241788338279337
203f3df885ff03b3,0.12333183523514417
ac5388e6680db6ba,0.242465452555644
20a190db150bd0a2,0.5792338987019384
03b8f432ac8e3226,0.47351719555994637
800d13aa581dc05a,0.89139166796847
32ad97494e39788e,0.7632484367664722
762f69f875d0a0a7,0.6644547053299601
7102288564065a58,0.8227469907761046
a244d35bd0a46b86,0.6993620837885776
9fd85d10d8d80cd1,0.3711547209625811
cd37f417a290a412,0.7035353681406135
087a61efb373df95,0.17196814913223477
5cc1bb67fc9fa495,0.11145552602771505
38260167161be0f4,0.5974676410811605
377d6156aea5f7b3,0.800788494606047
de73631ba462d9d8,0.02545466624978014
c6ad617675fc82bf,0.8613011177105667
53c0301b075c4edb,0.24117836485828717
d5d5bb7bc7475a6d,0.32064627950569874
2785f7c003032f79,0.4109569329369042
bacabfcb41e851d5,0.9508512193206069
930620d9c45cfc16,0.6095584649048157
a2253bc60bd26111,0.426928521181378
48be98b0da47a60d,0.0388130764420444
4192611de72c647f,0.8183006878215991
0a3e55a0415cf1db,0.008469008910419292
94a41eaf6c166f8a,0.5538236673435145
65c588ff0e6a0940,0.599710293887161
7316f0f5207cff7d,0.8873548929176689
fb48d6120d40241e,0.028945404095641895
83e835be4b7da5bf,0.21559262154113285
be007ff41dfe8e33,0.9025269266834816
ae762981ec3e2222,0.9644436454578451
9cde4da63a470364,0.17528337501936606
1e641e6a0e15cb0a,0.9674663514137589
f1e1bfceceaf5b3d,0.25124105049216805
b33a9dd2d6116451,0.5670260669057962
6a00f8682a96e6c2,0.29414397373739626
4889bb3fafff04a6,0.028145849616980825
d83965adda3948e8,0.8911381506947481
35ebd3eb17d43331,0.6827859543529214
4fddbddae3f8c321,0.25106553853343755
279f5d02ec1d4618,0.754394833514957
18dc05e08437b19d,0.5454380959819473
fd5e41a3afe867c6,0.39525836329490033
4dfc9b4693d64425,0.6352027122082134
38efe84b2371909b,0.035946381116113243
d5ab3634461fbdba,0.6124641628882425
88ee52d04ccee47b,0.7311297483187944
311d0a7d1bc40182,0.5163616148189311
ca3eabbb86d9d394,0.6113525871496162
0839345320590491,0.2773338283567659
3166da0225b35bf6,0.608485891823685
4fdcce92f68b7529,0.9520408003742247
4c0a03f188fa9938,0.41717785680746233
efd671b84d562241,0.2823651711737064
a1be96b06611a4a7,0.4337734875718666
7c15209ba7808ba2,0.8928737689533051
b4fb7e75679d28cb,0.9477310067209539
095adfc07a65ed27,0.45175371267736675
a19e6a028348c708,0.0075329451305234
bb5e510a6639b43f,0.7434350867586759
fcf27b9cd834eeab,0.2707033765825034
dd9e809656743e04,0.44005291542866826
9cf20fc9b8513a03,0.8443349616999537
d929256e10f5e94b,0.5948739643576989
c7372107d1356264,0.8089010473651447
fb002ae965e2435b,0.352706463967133
891d7ae2edccb735,0.7292771220877504
33b3795f9d4a8ef6,0.01956526496793516
bd1c976bfd04983e,0.68315647959913
22d26961eaf80875,0.9415490855078915
3267d0aa9600286c,0.6125811708607295
f85b98ab9c2071aa,0.07723069407527157
4b4c86d64f258caa,0.6961248632164376
af271d6d690a0b0b,0.11566781303724656
8b1bdd0f68e6ab19,0.19351711739858812
aca740ec2df56ecd,0.5981501875873345
66cae06936335046,0.5600640925428204
8aa96ed1f09b6e82,0.9445327888063095
fb089d648c0fd719,0.4951246678125431
b3b39f3310bed9f2,0.5495918790052351
4c9ddb6a1c08a7ae,0.015469985930890637
8dafb6cdb58233f8,0.9733167500381082
8512f25e0995f115,0.7637164686564202
3e89b24f6780dfad,0.7026188056894654
811b5cd3d60f8f01,0.43112130686216155
8cecb78a9a20021d,0.3939127716113
c726d19506a1a864,0.4156372518363838
bb71d5690f654fab,0.7238362513671056
01fddb547603eef0,0.42218969829565495
c6592de36f791128,0.2960746052834316
ccde7fc6a8ec59a5,0.26824620916027664
ba6d1493e3a1c1ad,0.7300181725801681
7dfaf88276d52a5e,0.6636941535087947
c09d65931e21624b,0.9034824917921253
f9544a6dbd4caa2f,0.07219935125833114
b374ef23d5ca3b3c,0.4161442863838274
c51f8b67a66b5aa4,0.9946317023594876
4793cb7dc1d36c4d,0.7493829920267643
c4a77a4226cf0e3f,0.4461373299979914
11b46e06959d7824,0.8944533765818795
75083fbf03436018,0.6799777630132335
44cc96b7436e60fb,0.7982923245263247
9c78ab8c7f52b1ad,0.47281514772502437
27c3ba5b3d6374ec,0.16303654056572817
09bad77cec8a0ea7,0.6000613178046221
7e5eaee69f7e8e60,0.3589468891664389
9701beed4cb2fd40,0.27438912771584345
a886ee5f5e57d356,0.004549241832105251
43322ba6466f83ae,0.41456467875525305
39ac7a6c910dc826,0.43890233703254616
a7624810eab99b39,0.6295863295288382
27ce336c13dd7f0e,0.2392867359697476
35ec56371ec7bab3,0.7157822025942515
1033972a8d27b8f3,0.9468924495847971
246fdf152b78ea45,0.1623149914020584
67db089b7a0697c3,0.13413557136144255
51541de4865fee3b,0.4548934266057676
2e0ffa5c733d2a47,0.9592952946684177
c307a7a1d2e93ae9,0.8533055729239558
60775afc974d2192,0.3596294356726129
1af8370aec8adce1,0.7873325777700435
7adaed59e375f94a,0.4185429498198106
d3f971f17d9ab0d0,0.23062814600571058
f1eff57932ef0f4a,0.5089316085660075
b41ea8380984305d,0.6199721744561575
dac2137cd3aface7,0.8124307878685022
48da40bf199dedce,0.24299198843183545
2c36f80cd8d50da4,0.08081893856487248
e45c5c285ae25a13,0.6471765280593819
d57fa89c692abe6a,0.7472183445357551
0d5b889f910953e2,0.1790081288102018
a2bb73ef62a1fa41,0.7939825308730539
161e450caac64b0b,0.31774058152227186
870239c07fe84d59,0.802621619508343
1a510d36c73a9190,0.47593536032467737
6365e056680facbe,0.38186095044514035
7e5efd56e82bc148,0.25974362982622234
8ddf8d226ddfa267,0.14482229951525397
aa2927ee663efd7e,0.47377071283366806
1969a71e6c309cce,0.4228527434730812
33e3103e2045fa64,0.2817996326400192
79d3953d4c100b9d,0.9805517430035534
8a0bec565c237aae,0.4265579959351692
e7b2425696ad04e1,0.26405342347949307
1585c48da5187cc9,0.5752556276373809
b508d898d174eb05,0.8470456463959023
ae96ed3d88eb7aed,0.1979244176955979
3780b01a20d9aafc,0.6204597076748533
5d2ea0bc3f49f99f,0.6437052915422679
609566c49b16621d,0.23957925590096504
52a50658bfe832ee,0.666541347505978
76655f684bc2518a,0.29486552290106605
507aa51e38d00459,0.40372193997145894
e7edc5fb783b818a,0.1813482882599415
3488c9b765c1219f,0.06683648585267762
60726ee6707bab89,0.9445522901350575
724b704c54783fd3,0.029842465218042125
23405c43202f489c,0.2224180866028737
0a275c8c3adc1e3b,0.18517054869451643
ad727a83295f79c1,0.9450203220250053
9fcd517a3727524e,0.5800139518518516
c1a15f34e5189a8f,0.3757375332183214
ee586308edeeb5fd,0.6131272080656688
61323c4c907b9667,0.8255356807870446
dc6ad9b2ea237556,0.9688119430973593
fc261535991f079a,0.255745857432917
199f8696fe22e8f6,0.33162552759072755
80c803fed1e7b815,0.13243895576038126
b3645ff1881e6181,0.33823647803624235
f077bcf8ba579026,0.6146873143654952
c98984325495234b,0.447814444270305
2b1acfb2885f0207,0.23821416288861685
58aea5fe94bdc9f0,0.5086780912922857
13ce2e76f9ac9797,0.7722580506479703
585b1ae5f2fdf9d8,0.9315449038602541
c02d00f3c935fac9,0.345998006877879
961c1ecf22020dd7,0.5661095044546481
34a2c0730076cd51,0.9431091918077179
f08c72208c842a80,0.8989776848513763
3d0365b300b08d12,0.6932581678905066
7698d1646b1160a7,0.2994093324993107
46fe0812a4d6a0e5,0.3576793027978299
1992a8cfd9dcd0a4,0.8857362826315991
234824681fe92370,0.22709840550235316
66dae8fb83f01cda,0.1649866734405113
565a8741e734fb66,0.24377204158174867
85796d3a4623f1b4,0.1775650304828623
980c038df259aca4,0.10973940909790592
847d49fff22ffac8,0.887237884945182
3ab579aad87803f2,0.08347111927457751
7c287939d256c04a,0.20223421134886857
9b56b63c1ce61e36,0.24283597780185281
2b2beb4ade849fe5,0.6436077848985287
ca97e3a639d0f212,0.4191474910109933
cdf0a515724936f7,0.36725445521301486
f0d9600d63271cb1,0.8968325386891149
61f6d6cd6e8ebecb,0.5115447866182169
66bb128d75c1a31d,0.5099846803183903
ff6ace3df2f93fd8,0.047881194309785845
174f6de5e6fd0ce6,0.9317009144902368
f629016e686c93c7,0.7295891433477156
8a5cd96071aee653,0.04431245114893276
47a56fcce1a48c57,0.9620254806931141
bc218a229f6dd8a3,0.31458136626512323
6700a0d8cc03fd40,0.6745368922925887
bf07422782deaa4e,0.9770805064864396
67e5b268a06fc16c,0.19022139284020467
775246a31de87040,0.4586961857115947
a8c96679585190f7,0.12145970767535239
85e8b073ae9d6cb6,0.7614153118641762
8d783fa9a84a2016,0.9269815929332617
afa9ef8b36efca27,0.05051387369074303
292ad72f433b2ec4,0.1488005705798115
543a382acb950efa,0.2459561904015058
97eee667e12fac11,0.5678256213844572
f1594e042dbd4135,0.17467883382818333
c4acac79bfd54ae4,0.2802395263401928
f1bc5cee7cfbe74f,0.4171388541499667
25e346e1b0340347,0.656030131310897
53b71602a81f5c52,0.5427079099572509
6d2d4b17736e595e,0.5379300844140322
f652427f39b6f10d,0.9815463107696929
1437d0c59eca00af,0.04454646709390672
d8980b5b1d68a4ee,0.7775039080811367
442b8a915014e871,0.6016994294194398
6a1e5bce20cbbd53,0.8869843676714602
ec75dfc7e578543f,0.04955830858209931
94cd35193b228a90,0.9441817648888488
15617a2281e76896,0.6388104580265622
ae22b29ad0d98702,0.2904192199465606
3e5ee530dd802ab2,0.3557876739092903
9304c1771978ab05,0.09361181022344965
635d5bab100147aa,0.7217301078623398
cf12cab6ff5fa6dc,0.7103803345311023
cc7ce49efd47f0a0,0.04593106143500273
20c507d578183dfc,0.7302911911826377
e29e2bc7c3e6ef41,0.8730214162880131
61e270d51cee0fe8,0.7350690167258565
a1cf27e43a150760,0.8600530326707055
9bdddc292578558b,0.1573616539001093
fa0f0cb920abdb0c,0.8691601531959425
95dc87b7553104b2,0.9662962716888891
c268681605733a6e,0.27035235266504243
57f8444d376ead3c,0.7575540487721054
1eb08c4e2e2d0a0a,0.6515448256988959
65f04a475e60bc71,0.6046831327178579
54b86d86b2c582db,0.25697444114403034
ac660728eb9adcbe,0.48258531342768773
9dc70760c7a65427,0.9418611067678566
707fa7577b28c00b,0.13770431452229562
dfc0ad3ac006f7dc,0.5024571674217275
d02c60d97c52824d,0.40288338283530223
68735cd4123d2c31,0.8584344223846355
e7fa76e1a52159ec,0.1402784899170093
8e2a48702b61cf4b,0.07336943098320102
7b4d442d12660d2e,0.2875720259493772
1879fdf1618adb5c,0.5797604345781299
28331b7b0b1598fa,0.04489749101136769
c27a3cd35a718f85,0.38498116304479335
003398b630719a7d,0.026020204783467234
70b9137733db97b6,0.509438643113451
f0ea5635eb777479,0.7168937783328778
e80ca1e08210095b,0.8148684539619809
033b8feb5aaae03b,0.14661642176005443
ac6a54139c7c9d37,0.8425408394551532
ebc95757b2947172,0.3254436063776652
2fcf426035785728,0.6249840159443499
78996a14f02ebbe3,0.23357284664663305
a87e26d221511c94,0.003320658120991895
c5eddf448403ab6e,0.026780756604632645
e8da0e67e35aa293,0.37991081757035733
88b632eaf9356d3a,0.40941632796582567
85571b011c6fcfaa,0.9595878145996352
9013d63ab473f952,0.7825742535555728
960cad37cffe68eb,0.27099589651372086
e247eb8f78f75a9f,0.19969903861165053
80eaa51c4c8a00ee,0.18277188525853322
35849a3326fb87fa,0.16773636079395543
d95e6b933db44247,0.23055014069071922
c8d99c2ec6082321,0.24293348444559199
c9aea5e1048b2e51,0.6880318117860877
e01947dd147cbbce,0.16063787712974495
ae79b75a13c928bf,0.2888006096604906
ce571fad3257b3f6,0.010087619196489272
a95633f51ef3a7b0,0.012408277317481162
297c6928439e696a,0.9343920978574374
a4d78fd9f9ffb303,0.4593202282315253
2dbf5dac4bc14af2,0.8627052133804106
484f57153280140c,0.6680819524770566
db3d92a2887ed53d,0.7333138971385516
0fcc2eaacbd92a61,0.02161290448645742
3b06de421485ddad,0.6899429420033752
3ab1395e200e5b42,0.751255119586556
8b607b6592065a8e,0.28263818977617594
a58b1c259179dc09,0.9041845396270471
a84f2ec64cddb96d,0.9640926215403841
794ec7ff88727529,0.20905967641060944
7bec4fd7e9a158f2,0.36618188213188413
bb364b5bbcd978f4,0.8633682585578368
89b648a5f0f0ab12,0.43293493043570985
63de8d6c54817aa3,0.0015850398624349315
f379e9f71ba0c23e,0.43030225105475267
a4d79f83a661fa2e,0.6738348444576668
211b21d15b3b91a0,0.2950605361885444
1186f6b426beed22,0.278367398780401
8dbf55afa93fb576,0.6894164061271838
4c37d40f77654769,0.14761098952619384
282449c18b62e5e6,0.876629162106362
12472f1c83854116,0.9605043770507833
eb624c530d058714,0.46173839299625635
916aa0618dc412d3,0.7052709863991705
b9f7f01f0c234a62,0.8375875019532042
d6a72e0c5f8c9277,0.11303513365628935
888195334e946eb0,0.18084125371249793
f1aaca6b558ffaf2,0.2665105909017197
cfd7c6655e63d480,0.9241148976073305
d54c579db2ee74b5,0.13865987963093937
3d05c28ee2849928,0.9719321556970122
88653ba09b9797ff,0.18306440518975065
270649bc52035cbd,0.12576950132862305
164c0240a44d6755,0.45109066749994065
71d79d68a2b92f27,0.6376208769729446
9bb25aadd2b3bdb4,0.9671738314825415
b3c62935a53d8997,0.25584336407665614
e850d24192f9e415,0.14843004533360268
0834b059b33fe386,0.8445104736586841
57cca7c7ea10b6ab,0.33215206346691906
39483c2d8174f1ed,0.8567378067835743
4df07eb70c71ec51,0.9008693137399159
771b30a38c390789,0.6716701969666574
65037a69f9336b3b,0.6177880256364003
97bf39056279f7fa,0.3769856182581826
1a2d12af54623039,0.48870873065450665
e649d739e4cbe4eb,0.9771585118014309
7c35e8ece8dd52b2,0.8086670314201707
4f679f800c6abb6d,0.8213818977637566
42a8a8ccd4f9f9e2,0.13477911521012095
662eb31e5ca29cb7,0.4785875410343824
39a75d0fc9a932b4,0.5685861732056227
f80b6c96f9ca16ca,0.10667770048449644
d1112438bc117eb4,0.664688721274934
2a23256f8a1b1dad,0.6854966390488697
e3da84e292717dd8,0.533678794747005
b3da0bcad91df631,0.8741719946841351
b7317d34b8035aa3,0.3976765280596314
263b44530f890156,0.6007243629820482
4908216a464f51c6,0.803421173987004
d0b576af5fedd973,0.4396238861962159
d53abab056eabccb,0.5447750508045209
9947a71c07c08013,0.6482100984830168
e3f83e6765042b60,0.7158992105667383
b5e1fe2cd612caf7,0.22986759418454517
2c979dd3ae786b0b,0.007825465061740866
37ebd133842ac652,0.842443332811414
8d7452fc00bad24b,0.7861819993739216
be4d73360ad37873,0.39096807097037745
40b14de62d50cd96,0.9976544083154013
e8b95e5aac14d285,0.11336665624500247
545aeb4e5c2808c7,0.28846908707177743
3ea943e815e609c3,0.21647018133478527
9c3663c00fb99ff6,0.3432678208531827
6806a16705d54743,0.6581752774731585
9658ef3f8e3ed080,0.8516674613091381
72aca7fa36feebdf,0.5964925746437689
dfe86e43c4930991,0.6466304908544425
4f82ff5b5651d2f0,0.2390722213535214
d13da56afbdee207,0.5067669610749983
0dcdbb940af66121,0.24769180866006274
0e09773245767eac,0.26311735969959715
b186bc9610e2b533,0.9413540722204131
d54841a2e0a4cca8,0.9619864780356183
166c017caddab251,0.9572281538211476
a23f0288384f2f2d,0.4065106299823988
4886d310e5914363,0.3457834922616529
41edfc6111e88f1f,0.268207206502781
0f33a4c86170e40b,0.5010920744093793
19bac5bcc4414e66,0.10480557292470465
88ddba34446d1ade,0.42347678599301186
a8dfc97deea7f5fa,0.745950758167146
fbe5da4001a21c4a,0.13222444114415513
8ea535444187b6ac,0.26261032515215355
1be66765efbe9174,0.7323778333586557
05f16b595e33f77b,0.3228889323116993
3fb3259efef9eda0,0.14176059090184448
43836f5657b092dc,0.7062850554940577
26ac42441170201f,0.9653212052514977
12a4ec2031ef6174,0.13241945443163342
d8e7f33605a80ae3,0.6179830389238786
d6bde3bc380d8735,0.565426957948474
9e0c178f3e852551,0.7981753165538376
88a6149ecfb1f651,0.4886307253395154
54a33fc8125490a9,0.3503273018598975
2930f4f063583542,0.3426827809907478
5092541f5024187c,0.13591019227749518
e78a593c9b385330,0.5350828904168489
a09be3a8eeceee6f,0.9190445521328944
7010ac1b44772de3,0.2578520009376828
49a17880c454c7c3,0.144471275597793
4e36cc0f1383ebd3,0.7070846099727188
ebdb25864f6ce1b9,0.11867101766441254
bdb72360a5581c6d,0.7001811395959866
8c698e0fbcb6a090,0.3397380803498252
9c350ea7550d8378,0.14653841644506313
a8b88f7bb8ca6361,0.331118493043284
3d326c98287fba6f,0.2388382054085475
f42c01d8b045f708,0.7086447162725453
8e5d62b3ab696aaa,0.07399347350313161
6224caf3c72e7ee3,0.49192644989789885
926fddd6b2ee63aa,0.012447279974976827
922cf50522b3b88b,0.698055494762473
7d0fb10204af6166,0.8800418946372324
1a76fbd031e39a6b,0.9478675160221888
fd68ea29d356dd75,0.18121177895870672
03cc36191251ada1,0.6284942551189596
99b5bb0b92d8a55a,0.08793692355783081
aac02a9d632924f3,0.14119505236815738
5d220b8e18201d3a,0.21301844614641915
14fc1d6fe2d4e69a,0.8364759262145778
35e119f52196b1ba,0.12136220103161321
40f1234b5a30403c,0.5126953650143389
d59ccb5d557c022e,0.7751637486313969
0c385e728de38f99,0.39551188056862213
f8683477a2ab2ade,0.8702912302633169
511fe8f39056b9f0,0.5907396826631588
c99c5d897170f156,0.47882155697935636
9d753071d21e6c36,0.3944783101449871
9e9289f66961c664,0.6707731358442572
5f8b0d75fdfecea0,0.1613594262934147
9dc13c482e059e6f,0.31424984367641007
3f87fc97c66a3191,0.7986043457862899
1b3f3ffb589858e3,0.16241249804579758
5358785efbcfdaaa,0.38817938095943755
57193bdf5b9a6b42,0.7059535329053446
4ba6c061c5bcb057,0.9880207519139729
218a85cad268eab4,0.8727288963567957
f93dbe2cfff78101,0.607549828043789
a8481146cd533ccd,0.6058922151002235
84b0e8fa750b7a33,0.4090848053771125
fdcc76060f099b01,0.0783812724713936
300a47eca14f8974,0.7522496873526955
14218faebac40dda,0.46368852587103937
6df2c2d2e3c3a7a8,0.5887505471308799
73b49cfc1f3e9dfe,0.27848440675288805
7f686a76e0a43e5a,0.3482601610126275
bf81324a27520bde,0.5952639909326555
f5d463ec64cf0b0d,0.3612285446299351
7b0554b8ca04f697,0.12110868375789144
e1b2fbbaa6be8596,0.4199470454896544
1b881aaa4217102a,0.515679068312757
c212840fd1764342,0.3424487650457738
ef314439dbb365d6,0.09312427700475386
1772dc13f02d39b7,0.31150015632296596
b9ed04801fc7a354,0.27089838986998166
105a3d1544b0f94b,0.6533194466149486
78654baca9d1378e,0.9812147881809797
9bc2056512b6d4b6,0.4095138346095648
09c4cf78e2e7adc5,0.34775312646518386
b2555ae21207d05b,0.8234880412685223
ae348fe15c764802,0.185560575269473
f0124c71b8a4ad33,0.6540604971073661
b56dc4e690b38942,0.29519704548977926
f780521ce14740f3,0.16291953259324118
dc6f043604dd54fe,0.3816659371576621
e07db4ab9d64f3ee,0.7041984133180397
8afd23b140e4bcb6,0.6712996717204488
11bdf36dc7a35404,0.16182745818336264
4996a5c048b055d5,0.8510239174604598
623d8021b7d32292,0.6225658511796189
9eaa2f70288d4b3f,0.2583395341563785
9b0054be7988059a,0.40532104892878107
3952d82f6df456f1,0.19441417852098836
8533f9a63a9367b1,0.4407939659210857
391d9fb2c3bd6fbe,0.0017020478349219178
101b529dd70a1e11,0.016016023135829907
85b19b6a46b45156,0.1557625449427872
a4b17c05d90ca2b2,0.579175394715695
194ecba02d51bfb5,0.16837990464263386
20a12da2d8890e93,0.1834544317647073
2df9214ba1de660d,0.5205934031572105
bd7e307eb75933e1,0.6569271924332973
5e0b0dbe5ffe6e83,0.9981224402053492
bf3a6cfc9a1f3c80,0.4430951227133298
82ae8090ca11b2e6,0.5407382757537199
4901ed9747386ca7,0.7023457870869958
53084b49be13c52f,0.7627804048765242
0263cc51aa1acd4c,0.6178465296226437
41e313f2355b137c,0.7157627012655036
51a37cfce403f12f,0.2511435438484288
df4f484e6719459f,0.18376645302467254
de7f255e061d07f9,0.44315362669957337
741683772f1576c7,0.8265887525394274
54c7fb2af01e96d6,0.9114585352499882
24c542dab399c685,0.31951520243832454
a1230bf06c58290d,0.2909067531652563
900e15461a12870f,0.7952501172416628
c089536a25834f70,0.306410309519782
afc3286b544f0040,0.7109848757222849
c61465243a2221a5,0.6394345005464929
cb1f20d4bb93c243,0.374859973424669
30725d20e5558b56,0.2852318664996375
94ce3e10e75f90a6,0.07760121932148036
48d0b89d569495d8,0.5652904486472391
ff1ad6d36283f697,0.2297505862120582
72be68b75d2c814b,0.2048083867435823
e4b90062b12b7030,0.9467949429410579
d6323a665e446722,0.28105858214760165
2d37f4baed1667c1,0.682688447709182
05781aee37a18dac,0.23374835860536355
de24d558a18a9f32,0.3000918790054848
cb44379989560ff1,0.23372885727661574
eb333ca8ccdad2c8,0.4379662732526503
1d5cf29e044bf468,0.7392227997491443
172401cbfcd665a3,0.6989915585423689
8247761544773a90,0.004588244489600914
5f2c0797f7cb831e,0.13877688760342635
a7edbfd2acdf8ad0,0.3372029076126072
fdcb685349aaef9b,0.580559989056791
1568e5a308c50e7b,0.8534030795676951
53f5f1c7014efbaf,0.5604151164602814
e992034fc58854a7,0.25147506643714196
b1fc334e48e20c8a,0.05176195873060423
ca9f6168acd90b8b,0.11165053931519336
929bd47a71c6b958,0.9877867359689989
f7ee05e2b2ea34e4,0.44668336720293084
2f3fdc90e73536d0,0.04899277004841221
b43f6d156041778c,0.07223835391582681
6b0740f130757056,0.14146807097062705
9f1200bd8ef18393,0.36598686884440584
bf0849396acf9180,0.11153353134270638
58f62b02898dcd7c,0.9957042754406182
825b360a284d4a2e,0.04957780991084714
0274228343b0c7cc,0.9139742066584582
746ca6b736caea7b,0.012700797248698631
69cadc81ce7e015c,0.17873511020773217
295dc3bdd969b7cf,0.9283466859456099
e0c7aeb2471c9ba6,0.8311130608089242
a7c128e7baf08587,0.37033566515517224
74ac5ce19092de45,0.6155843754878955
5642496d768456f0,0.9302383148341494
9568d09b37d48147,0.6143947944342777
687eb07ac1ec9aba,0.3545590901981769
1131d59f818ebfc7,0.26534051117684987
70d46c4ad271dfcf,0.5224460293882544
333d8235e3bd1acc,0.29231084883510017
f9dc0ee30937f393,0.6294108175701075
e2e48b863ea7d61c,0.7372726668743613
96ad67d29a15ec47,0.6625630764414205
998b0ea49069c858,0.09094012818499679
cbf500fe483dca27,0.3821924730338535
32889f39f5c7e4e1,0.33416070032794554
f87241418df6147d,0.5327817336246048
afed174cf13b9d7f,0.3884523995619073
d52f3c40480519e8,0.7159187118954863
67306d595867bdca,0.08278857276840343
dc439b5c79486948,0.4063156166949205
35089dcee9e9ba1c,0.1902018915114568
61b5d6ef5f241490,0.23133019384063253
45f5713dcef10264,0.4813762310453222
2a3053d58302242a,0.16334856182569346
0998f38d4d069491,0.7036133734556048
accc2c8ae67e6063,0.10576113803334838
9f5292cbd3806d79,0.33224957011065814
1fb85b95e91ae45e,0.35921990776890855
faa0394464cef2e8,0.09029658433631836
af95309c63fadc79,0.4869731123959497
b8b45d6732b08fb5,0.34051813349973853
66966f55862259dc,0.49141941535045514
608333309da6527a,0.7640479912451333
36dc5921a7d84ed1,0.5633208144437082
27813742ebfe2b33,0.5974871424099083
211d5db960ca61c8,0.020384320775344064
5b186ac0d11513b9,0.985115053930546
832d1c008bc3ef2b,0.8511409254329468
7d4e4f8d7d40dcfc,0.24061282632460007
f0dfb22c3a27665d,0.8716368219469172
407451c452cc5d17,0.7972782554314374
56928312feff0ba3,0.5507229560726095
9454541a6582c13a,0.3414931999371301
e6e2f33f21d593de,0.04380541660148916
eaa2910769614f8e,0.08044841331866368
127bd9796d970cc9,0.30225652649649404
169858f0ea055525,0.17206565577597394
47a3a9c393a619bb,0.4957877129899693
d25e98683c74aa8c,0.44490874628687815
4f2ec1f813538809,0.6383229248078665
8e5753d72777a9ac,0.39055854306667304
d9cef172341ac628,0.9915114897598346
d2c6b2e087495365,0.73809172268177
5aab483da67d16b3,0.46222592621495207
ad319fa45d964c5e,0.8601115366569491
730d677b8c968e37,0.12848018602457154
b1e38b684248bd0f,0.6059117164289712
ccd097c32d7ca7c0,0.29234985149259585
4cb0f5de29f8b8a8,0.4938375801151862
902aa8ae7819a527,0.012934813193672599
36cc1fd78eea46be,0.909742418320179
5b8a6b0aae157e06,0.8290069173041584
d371f4cddd5ab580,0.29129677974021295
a07311ae113f1cc7,0.8497368297631029
8ff382f017152a6b,0.6888703689222445
bfe18fe096f61209,0.39126059090159493
97f3a3f55f767d91,0.2563894012815953
a4058a2e4bbcaddc,0.8478256995458155
6dbcfd20040642cf,0.06283871345937225
42a6b3c10ef18f02,0.5321771924334222
9d7f6f4e136504fc,0.24829634985124555
0165f411bc818cb0,0.5477002501166957
bffe1b12bbe69fb2,0.6529489213687398
e01b40b1d6f30df0,0.8403176879779005
3201c568d1d26470,0.8247751289658792
0affa4eadbf1db83,0.9163338674369459
ddd3b7b0ab9f40d9,0.8759076129426921
ec738c2ec1bfcd80,0.03380123495385182
906a954f8e1fea07,0.9052181100506822
cdbfc59fb04fc180,0.8852097467554075
2d4770eef88200b3,0.02483062372984954
3d18600bcebb32aa,0.4165538142875318
3e050322f92541d9,0.2815656166950453
1221e13593768788,0.35994145693257823
e7ea980a9b3cc8c4,0.4155592465213925
398953f786ac4845,0.9017273722048204
e8efc32edeaa174c,0.7561694544310095
49f061e869ee997d,0.5717453884627712
17668415b4ad9f20,0.2785429107391315
81e71cda520c7c11,0.6795292324520333
7c48e5537ec69161,0.3604679928087697
7b6ba45bf7c43e21,0.48839670939454144
9cdc08694020bc45,0.6754729560724847
60a026b4a766753d,0.3540130529932376
719db72fef47ca30,0.34108367203342566
c0b5b808eb068fc6,0.5408747850549549
b20616efa1e51758,0.1443932702828017
d1c2190b7e54ae51,0.1363002188524518
88d71cf388b60bf4,0.7084692043138147
c2394a42025bd869,0.912511607002371
19b165b652dbcda4,0.8143224167570416
c17841139e5914a5,0.8478452008745632
5549a53bbf9d24be,0.7406073940902405
2da830aa5b2812cb,0.21208238236652327
fb36e8ea3112744a,0.4928625136777947
3dcfee7f0efc084a,0.7860454900726868
16a97d3860c22e1c,0.8169745974667467
6322b2e3f7dca7db,0.5380470923865193
a48ff3331f89fc6d,0.5560078161632717
e07a96472008d97e,0.9836524542744587
42af4fb223127bc3,0.28794255119558604
4aa484762f1d25ae,0.6512523057676785
c414fb964c9cbb8f,0.6012313975294917
397cb89e6ab8a959,0.6575122322957322
2e9d9d9e0a6af0ff,0.7256303736119061
fc32ff9c59a22f95,0.013402845083620548
5783d334ad7f831b,0.8127233077997196
dbaa31f9fbbb6219,0.07828376582765444
93eb228beb06de30,0.22358816632774356
482d6bc5204e5ae1,0.4066666406123815
7128efa4863f0362,0.5598495779265944
ba5809f410734a94,0.390558543066673
a571eb5010a2e299,0.24260196185687885
ad6cdd09fea09683,0.7383257386267441
fa9d2cf12e72efce,0.7199164842887915
a8ae0f9ef30ce81a,0.8849757308104336
3b234a17219db0b1,0.07071725027349599
25b24a0734045bd8,0.9493886196645196
771f41a483c9f8a5,0.47016296701531934
22a6c4ec274869d7,0.6265831249016722
e48895820558223a,0.05291253712672625
02c11767f29d0426,0.09099863217124028
d686fd200c65923c,0.9467364389548144
adfe117f01ca698a,0.012271768016246347
69f3b49837e76dc6,0.5081125527585986
2e72632e2ea73631,0.21290143817393217
3207b91e24e27568,0.2987657886506323
95f22517cd16a7c2,0.2967376504608578
543936caa0e83a72,0.2474772940438366
58c5c659df736b0b,0.03380123495385182
997b65e2ca34d529,0.2569744411440304
75bd9c566434eae8,0.17220216507720879
14088d0f66d091e7,0.9508707206493547
4014d97b63499622,0.47041648428904115
f9d10471eb47111f,0.8837276457705724
545fffb7628e26bd,0.1006712912301645
9c45d75bebd4d820,0.01868770517428276
f710caef77284ef1,0.7571835235258968
e4bc3c14c4f4b1a8,0.5591280287629246
392b17be6354d3a9,0.5167126387363921
9cc8d07ee090f377,0.7855969595114866
b2fbccdb690a2b84,0.6772085743310416
291257ccaccf9d11,0.5831731671090002
c9022a6ee3a5d7d8,0.14610938721261085
19a688707e160732,0.08544075347810844
84bef4f5323ebd93,0.8334142176011684
a3e5e1903e0e9682,0.46593117867704
3b0297530613b732,0.2747791542908001
ca0fa3062d6f947a,0.6057557057989886
aba2a7eb167c6548,0.7387157652017008
7dace0a49f811059,0.6177880256364003
522ed32d9fdf2d72,0.4337734875718666
8771c418cc219aa1,0.6023624745968662
1b8f8b528f041137,0.00490026574956621
a9112add272578cc,0.2220475613566649
e722b584b816d2f4,0.7593676723456538
324dcb8fa3962b96,0.584928286696305
ee84f939a7ab4e14,0.8106366656237016
f7a5683abeeb512e,0.22622084570870077
788dec8bb41081b9,0.07455901203681871
20880910f50c0159,0.5153085430665482
a55d2babd6ac6e05,0.040938721275557984
7c5af2b41b2f1889,0.5336592934182571
af9599e0e687edff,0.2634098796308145
96de608fb997caee,0.05967949820222363
ef99f60d68f58a7e,0.9909264498973996
59d2159096523cdb,0.9565651086437215
606abd74dcfa442e,0.8143029154282939
20fdb4917e7e9401,0.19745638580564998
a3a5ff27339bb075,0.6249255119581066
b5ecb5c63b48ec75,0.8064828826004136
0a039166594e063a,0.06566640612780775
62bfe04683f51a3c,0.5311826246672827
b430c4d5161b59db,0.8580248944809312
a385f4145be5f5d0,0.018219673284334815
904e0bfdad64bd43,0.9793816632786838
0f4074528657c491,0.7784204705322846
39e4468b2f4b7935,0.48558851805485365
9125b00413b353d6,0.018590198530543608
fafd8063bc5f5cec,0.5570803892444023
6b06401ff364064a,0.06088858058458915
e5c9addac3faca6d,0.17561489760807922
d12807d748517f6e,0.39217715335274306
828de307532bb29a,0.961323432858192
2799da617b3128ab,0.12879220728453686
7b6d6ea6d9feff86,0.01513846334217751
0627c402fd75fb9d,0.9579887056423131
a1bb99f3b749279f,0.33380967641048465
ceac2c53c27234d5,0.055077184617735496
9b3de1b793447910,0.28412029076101114
76a426cfc81a4d2d,0.5979161716423605
abac3cc21ba1b309,0.19057241675766562
4e8b9323fa254334,0.6348711896195005
1a4205578a28486e,0.8206603486000869
fa7dfc3f7d4a1344,0.7429475535399801
340b1651b36c8645,0.37218829138621623
73cf2e26157ed703,0.793143973736897
87add43c2ce1b06e,0.5986377208060302
01717bfb5b3542c8,0.8499318430505811
70ca05c9213444aa,0.6369383304667705
0684a9a80bfd34b3,0.2907507425352738
8c2ae373e2809c29,0.3170580350160978
331341a7f1c33272,0.6506477645764955
97078c12c161c701,0.4674132796618752
4ddffb1d8861cc54,0.12403388307006606
2dbc5e3027b4817b,0.6058727137714757
8fcb717c71bb3cfc,0.5044268016252585
58ed220fa88a029b,0.01742011880567374
fcad4ebd837b0031,0.38691179459082864
0792e52fe2c9b711,0.7124279740496245
576de6970c4ba90c,0.6321215022660561
930888a00b16e315,0.822356964201148
bb00b59f720aadc8,0.6360022666868747
05aad23e028bea27,0.46834934344177104
0ccaef7346d2eebe,0.4298537204935525
bc31c0a97c89dac1,0.6810503360943643
239478b0c695aad2,0.43484606065299736
6d59238e91d3c6d6,0.5079565421286159
02b6f6002980042e,0.7720825386892397
0164fc5fb575ee2b,0.41657331561627964
d8ba5ce01fe8a09d,0.6604959355941503
173b378df818b167,0.11291812568380237
7f5edae9b09a208c,0.5627357745812733
0b5662c2a594c20c,0.7021312724707697
55ba1dbed1a641ea,0.7087032202587887
c944ecb134192652,0.8944143739243838
3984b7d478aec2b1,0.8848197201804509
f6ff304e4f459ab4,0.8351498358597252
a49951ac9b42ceab,0.6035520556504838
4b48ddb6a65e584b,0.9846470220405982
624009526008e265,0.4635715178985525
9ca1f3fd0ed031b3,0.6654297717673516
dd7e10345355a17c,0.3750354853833995
a324ae18d57bb12f,0.6280652258865074
f3aede6892999fdd,0.41273155385295685
798f779dbd13fb6c,0.9725171955594472
21481b4c28f91b47,0.16307554322322385
8529066c088169cd,0.023485032046249202
7e93ed2093de4112,0.2951385415035357
51687c7ba8a553be,0.6201866890723836
4ad8b585409698e6,0.11196256057515866
eca2dbbd4829118c,0.6724697514453186
7a9bea3f50549e57,0.5724864389551889
e53cb4d81fe012e8,0.5284719399713341
25e3af07b73ccb43,0.36253513365603984
939b59f220b94ec8,0.366318391433119
9618c75bab14bdc4,0.8611646084093318
2ac483615d4696d4,0.9056666406118822
b357b45b22852d5f,0.2484913631387238
eed158b983054ab2,0.08752739565412636
25b699ec3d33020b,0.9012203376573767
fabe692869cbf6a8,0.116194348913438
e30cdc55701f891d,0.6529684226974876
4e247c59738e0754,0.5624042519925603
eb6c93bf83ef9f01,0.75148913553153
4b2a51b89182eb2f,0.6918735735494105
920800c7a752c35e,0.05334156635917853
00e3f3638706ad20,0.4812202204153396
3b68344f608e8cf6,0.18146529623242855
bd0092d0e87dd02b,0.4349045646392409
d3020752ddea13e5,0.5207884164446889
679a41beeaebf503,0.8215769110512349
7fcec9e71dcf18cc,0.3237664921053517
735724a234bf2816,0.6841510473652695
31cdf3e24ce53af5,0.50495333750145
58b83792be0f6321,0.8596825074244966
2a84a58cf96025f5,0.029920470533033445
9fcedeea63586bf0,0.8080429889002402
d9de7aba8c682fda,0.22288611849282164
08572215a3892815,0.33410219634170213
b488884763d551a2,0.7772698921361627
c30e80405d6e58b2,0.10944688916668847
0c86a250e70f6eb2,0.43328595435317085
a11c15fcf4597f82,0.777698921368615
2caedcb4ee1a4103,0.9300042988891755
f91d05eaa3df539e,0.4065691339686423
8bba0a98ae140af5,0.780234094105833
a987e81632676043,0.6506477645764956
f50807d17b5c038f,0.7768603642324583
ee12454070596716,0.589550101609541
b6e0190c3e5766ef,0.9478870173509365
a57b30735e272a29,0.023290018758770892
ca66fe2ee058013e,0.673698335156432
1969a8349757d32d,0.5335422854457703
a5bad4f4702eb96b,0.22861950914468399
2f4ee5ef7a9e32ab,0.960426371735792
abb1f9350d96ed70,0.3591419024539172
8a663152856f606b,0.07190683132711367
5965e2be33eecfc3,0.05579873378140524
75414a1e69d6f205,0.5626187666087864
0d6362f82430762d,0.6303858840074992
cded8976cdbec569,0.5776737924021118
2f21d9cb88d7004a,0.6671653900259087
bd0809d01c93396d,0.8856387759878599
d368fd4152e904a0,0.842677348756388
7a088b0bef4cb74c,0.2711324058149556
dad9460a25f9913b,0.8926202516795835
50f138449e3fe2e8,0.36115053931494384
53eecae41b9614fd,0.8883689620125562
c88755b5796bc0c9,0.8443739643574495
1b2bf22690f55b23,0.3138208144439578
4c0b6078692f7c89,0.5719599030789975
d310596293c8f04c,0.38599523213968057
3a724ceda4c76f9c,0.03282616851646027
57c2219b4f1a0a5a,0.731753790838725
6069a9ccdba45516,0.6458504377045293
504a8185dad726d7,0.8780332577762058
c950477e87d58094,0.24560516648404482
9f1e86207b2be555,0.9289317258080446
69051b19215e3e0a,0.5233625918394025
7f70b72d97083c7b,0.7116284195709636
61279ec74a6d3645,0.12389737376883125
4a35368f7daabf53,0.44389467719199094
8730f5f1237b818b,0.012954314522420431
f9492b545b552f5b,0.7028723229631874
a5e99c4117b486a0,0.48200027356525277
c10ccbadcdafc1cc,0.026975769892110958
e0d15a865fdfb988,0.27156143504740793
eb916f460ee1b545,0.36097502735621334
1b7bb61fe350c5ec,0.24878388306994131
03e5516590f20096,0.3768491089569479
18e0a9eb3145a82b,0.08647432390174348
39cab30b8f09a081,0.9669008128800718
dd47b13d3aa2de79,0.21647018133478527
6a431bf1b07deab0,0.811163201499893
2b0db9b43f8d905b,0.47377071283366806
363b638b117d0e37,0.012700797248698627
87518c28a26f4d41,0.0020140690948872147
3e73b6c86098ef20,0.6803677895881902
f7580d024f627389,0.22610383773621376
626946bf85055423,0.20217570736262508
1d4ec81574db910c,0.4678033062368318
eb3384eb6ec0ee10,0.1761219321555228
ba1a0a18164d2ed4,0.23064764733445842
8736a356e18687f9,0.11379568547745478
f66ad6f9a0d13057,0.45052512896625346
6781beeb2a94c80b,0.5998663045171436
45ec50d9e9b762dc,0.157517664530092
f993d49be31858db,0.5209834297321672
68630d40b3d8c8a7,0.38472764577107155
790d0e863cbc896c,0.13175640925420715
6b9f40e1b5440454,0.14230662810678377
5bd12aaf1d87cfb6,0.529759027668691
9593f8af8e49622c,0.3218553618880642
7787873ef39eb65f,0.7122329607621462
3b43be2428bd133c,0.3096865327494177
51614174133f7405,0.7303691964976291
90ef1be7933c7d32,0.2536787165856469
b9b0bc5968838ca2,0.2514945677658898
34854ac0b59be9cb,0.6103970220409725
552972fc397a3d7b,0.5480902766916523
538cce811be930f6,0.9319739330927065
3684947575a87995,0.9055691339681432
3458934dca749c27,0.6503942473027738
777593519303d6bc,0.6776571048922416
c998d0d7e544f18a,0.46314248866610014
a23ad55fcdc44126,0.855275207127487
628f59b52e0f1abb,0.9633710723767144
f55fd4a896009b37,0.2186543301545423
891966bf8125b263,0.23172022041558915
31a036f4acb27daa,0.6490291542904258
b329a2756c4e7e5c,0.07073675160224382
4abec7b3aa11b00d,0.3090429889007392
506d7e6eca5fce8a,0.19720286853192817
93767eb66242b1fc,0.9522748163191985
f07f619af08f71e3,0.9909069485686518
067779ad870efb29,0.444928247615626
5772509431f3d5d1,0.6880513131148357
562161d24bca87e5,0.029939971861781274
f3e2eded68a25564,0.2811560887913408
4e9f50f16ba04465,0.17854009692025385
a4208a55db792b95,0.3292073628259965
9540d1c34ce10213,0.3161804752224454
3b047ea1a379c251,0.34539346568669627
90c24520deb11d2d,0.37610805846453027
174bf54853f8e212,0.33574030795651993
e32af9607e1574ac,0.25104603720468965
177d7eaf2ebe4bb3,0.0041787165858964605
1d3872dea5918cf8,0.7945870720642366
b6641f418df5107a,0.5463156557755996
7b0a91f0c2754446,0.8785792949811451
3074d01b6d512da1,0.4729516570262592
a1ded8ab2ac8cbc3,0.1835324370796986
99d24231acc81bda,0.8509849148029641
ff0efc6b635f0dfe,0.4425295841796428
4b26bc2a5271e828,0.34311181022320003
323cc294321346a4,0.606750273565128
1c5da1e20342a0bf,0.5353169063618229
4f414677966cf8e5,0.3920406440515081
a08962f7cf8ef6ea,0.967934383303707
e6778d3ce59810c5,0.32647717680130023
944d32b8f9e9db1a,0.9752863842416392
e5c8bee2002b6ca3,0.909742418320179
fcc9190b336ccdc9,0.1849755354070381
d8c0de2ec20dd583,0.47763197592573864
fb55a45c51379250,0.04963631389709064
d6e81f789123be62,0.34207823979956503
2653ffee6d9f5abd,0.8456025480685625
daf885e44112d6f2,0.6452458965133464
a75fbb195a5c31b4,0.9925840628409653
d6946d6a1e5de8e0,0.38002782554284426
262eea09fa9fdd15,0.10876434266051437
0661f0f9daa76a96,0.6511547991239393
3796742963319893,0.9270790995770007
b7d31b3502739b04,0.6262516023129591
ca3ab2b2441679fe,0.5171611692975923
6ff3c95261a2e60c,0.04179677974046256
296198ef516bccfc,0.01745912146316941
fd7387d23f2c2e12,0.5632233077999691
705f7c9f6f9a1ddb,0.13080084414556345
664080d9a44e09d5,0.05125492418316061
d7bfb116b3f0171e,0.4889622479282285
df7650f2e15b685c,0.5350633890881011
13d553333a49e1fc,0.0737399562294098
d60997f0da2b3161,0.24905690167241087
e3dc5b0748d9d1be,0.9948462169757135
126cc7a3354c3a59,0.11545329842102042
68c831e307f80c40,0.00975609660777614
4c10437c6f1f749e,0.9904974206649473
4de56fff18170df4,0.2905557292477954
93ee64e43ea9b0ac,0.6773255823035286
622e27b7a834d371,0.9242319055798175
8283fa9a80b68052,0.20646599968714793
3cbb48910802e9b0,0.8518039706103729
898c4451fed60e39,0.4772614506795298
560b7b7af9fe8dd1,0.5456136079406777
bcc595e893e2a797,0.28503685321215927
cb2fa098224a9f0b,0.5791558933869471
9e2a88f835bbb5df,0.8784427856799103
07e1bd9a166bc257,0.7383062372979964
10fdd890be2462d8,0.037896513990896344
34a7adccbdf4dbe6,0.9010448256986464
5dca94f6e13922ed,0.299721353759276
be032af3265ed2f8,0.9917845083623043
afebc493854ff065,0.01997479287163961
755bf2132b96ea88,0.03590737845861758
11b6872eb913fe4d,0.03984664686567946
5a73131a74b5e6f1,0.3199052290132811
a1445f34ce4c970c,0.6418916679687195
c84303c64f096b4d,0.4804011646079306
ee5a57da13fbcab4,0.7432400734711976
9e237fe51b937f8b,0.3628861575735008
04c0ce452fa54511,0.4640785524459961
e4cc4cfb493c102c,0.8042792324519087
13ec6848e5d8c7ec,0.2528986634357336
8b117511fb3c0bb5,0.7936510082843408
45109a7dafad71a4,0.8443349616999536
be5d51769b283a70,0.7553698999523484
4b049c030fc355f2,0.5645298968260738
e1b125afa19663b9,0.7292381194302548
7f5ee99bec52fb31,0.9587297561347305
0ea477a7bb524c43,0.48787017351834994
b2ef814029a4593b,0.7055245036728923
54642bb90de7c651,0.2806880569013929
5562db51544efda6,0.45846216976662074
8c3fc61ec6b0570c,0.7558184305135485
19990ada3d732a59,0.7808581366257635
d4a097538c2270df,0.5412063076436678
a8e6780d12272bb2,0.7990918790049857
0de7c0afdf2ac64d,0.5035687431603539
ec3a682eb391eb7a,0.4365426762540586
de499b3d3aa77620,0.4302437470685092
bb95d7738f26c137,0.3833820540874712
76de6c48fb303a99,0.830450015631498
f54db052a2c1bf61,0.900284273877481
d2b45f024d0f9012,0.8743475066428656
26693e446f60e43c,0.4349825699542322
00fedb2a014dd220,0.4290151633573958
8b353042d65300c8,0.8317761059863505
90c55b1f3ca98c5b,0.1275636235734235
b874c35d79d74f6c,0.5133389088630173
d482eb847a0a40c6,0.32017824761575076
fc4d3a97478802f1,0.36284715491600505
0a7a2b85838db506,0.053868102235369975
c697f27fe38b040c,0.234040878536581
a4d2009627d556d9,0.5811060262617301
1c403f2124470ed4,0.04916828200714269
33627e42df750fa3,0.07329142566820969
ba9bd925e360f225,0.44525977020433904
ea28b791d0295ad0,0.5234600984831416
d149d439304c8705,0.14610938721261083
536b709bf5515eeb,0.17257269032341757
88c0a8061e7a3795,0.7785374785047717
8764acb490f19b62,0.21420802720003687
417f76acebadcb48,0.8445104736586841
475869c5be3c507b,0.46025629201142126
3ef8009767c7fa25,0.9042625449420385
b554efed5fb706fa,0.8869453650139645
84da50183b024285,0.17118809598232154
a4b1d18f46aa981c,0.064944856964138
9b47e555a004cdae,0.3582253400027692
ef262814960ff13f,0.7003371502259693
5c0868ac8eafc7f9,0.29784922619948423
db15a0f6f796aefc,0.03625840237607853
9e813d48e7fed678,0.7344839768634215
7e45e93f027eadd9,0.8782672737211796
bba24189518e4411,0.8261012193207317
80cba429bade3fd1,0.018785211818021917
ea2c64045d0a1c12,0.7193899484126003
6eea65bf31a2bde4,0.12584750664361435
986a532aee033e7a,0.280551547600158
d254bc6437766f3e,0.3009499374703894
3c2c4044a5a205b7,0.47915307956806946
d1698b7f7ce2ac63,0.9009473190549072
5615043a1f36b137,0.01831717992807397
fcb9321c88377fa5,0.0901990776925792
885250c55edfcb6f,0.43642566828157164
f48232723a1bd05d,0.9814683054547017
27b4eb77530a112c,0.12218125683902215
98a1669bde0eac7b,0.9736482726268213
c85cfc3341c8708c,0.1256134906986404
8043ae38af9b3ce5,0.7230756995459402
babccd7388fd8c21,0.38523468031851515
28aeae730b623cab,0.30011138033423257
4bf1da87dd838f3f,0.041777278411714726
8da93da167404e45,0.7678312490222126
4a0a3077b5581645,0.485900539314819
bfa2d19017923568,0.3635882054084226
5f6e00c966c5f59f,0.8359883929958819
52c9dbfce9f1b95b,0.15182327653572533
cdfc3b9f626b0845,0.502632679380458
5e6ad4f66342dce9,0.637913396904162
42b0a534c0da50ab,0.31678501641362816
e454a16a94a43530,0.44217856026218183
1b6c9c3629bff42e,0.9197075973103207
3d4ea2f562e04d67,0.06430131311545957
e5e88946dd245e5b,0.4576821166167075
7c08fe11ea59472e,0.6270901594491158
48716b8ef3837856,0.2681487025165375
22cb220fb3d03ef0,0.8559187509761653
ad38c3a4c4f92dd2,0.29931182585557153
439506f46710d418,0.697587462872525
e6d46d90ae71b635,0.4979718618097264
cc306ba2474886f5,0.16810688604016424
c3dbfacba8b29888,0.17440581522571366
3349746bf536b40c,0.3183841253709503
254dff7f2f5e27da,0.1484105440048549
5f715d9d99d8aef8,0.6859256682813222
28877bba74273a2c,0.07916132562130684
0837f11e1dc53f72,0.9117705565099535
700d9c6e6406ca13,0.8331997029849422
6e0d475eeeff64fb,0.47242512115006774
36ba7c400d24c8ad,0.05550621385018778
8c371f8737f1a2dc,0.9962698139743054
163b4afe1f475ea0,0.9312328826002889
2e2c632a9af9b807,0.9244659215247915
a891091666dc0643,0.7404903861177533
a990b188a8200e9e,0.0407632093168275
e0da7835cc3694da,0.4654436454583442
6965bd28dc460b44,0.10033976864145136
84b4fd2717d4bf2c,0.23273428951047634
0544118474e570be,0.4650926215408833
2437b2d4a2e8ae82,0.991706503047313
647299fb2ba00e43,0.029393934656842008
7372537f1eba1dab,0.8908261294347829
8854c27e996efd14,0.4882797014220544
380235b034a986da,0.9355231749248117
a2d407f16ff373fe,0.8381335391581434
0ed19a3a868aaa3c,0.3732998671248426
c173b6242dff9b1c,0.32606764889759576
2043889f64f744b8,0.6338766218533609
19989bc6ef928517,0.6394540018752406
d0665c65b0cf8d5d,0.8894610364224348
2b072792e895a81c,0.12331233390639632
c531857150c9674b,0.5062989291850503
bb56bbe97134a4d1,0.24572217445653183
3e062b6117c4918a,0.40508703298380716
a58a4c24d35bd7fa,0.7572420275121402
4ea7721e8c059b2e,0.2854463811158637
32a75809119cf7bc,0.5983061982173172
e4794a0287930fdc,0.41037189307446936
028903129d296567,0.5778298030320946
910a3bc19a45f893,0.8277198296068017
afb4e9017f94d52b,0.07726969673276723
8c75ef81ac907000,0.5032957245578843
de995213b69871cd,0.22401719556019584
593b54413b1695ee,0.6602424183204285
d68b798f72ec2a7b,0.15712763795513537
2abd97afe8848116,0.054043614194100455
b80ebde982296428,0.5509569720175834
dbe8ab13dd1f44f4,0.1300597936531459
db6b5f2104046f55,0.6019724480219094
1f67c146861efa15,0.0486027434734556
38f490199f1306b5,0.42392531655421195
dce69a47bd1feb56,0.39051954040917736
12cd790efb4486a6,0.8634072612153324
d5806dd0784560a5,0.014182898233533789
207f45be2fb83671,0.8302550023440197
848e2c11fd115b35,0.708683718930041
0f9d093c9db25458,0.7303886978263768
13e9da15ed290868,0.4009332499605191
8c584f6c1538beaa,0.003496170079722374
5fcd3e5896568513,0.9296142723142188
aa1f013ff05a59f3,0.3502297952161584
eb2bbf6f740d132f,0.1226687900577179
51fcfaba58d7f511,0.913311161481032
abfff37a1f178105,0.7926174378607057
918258103a71c3ab,0.1841564795996292
99beaa8c134356ed,0.7156261919642687
f3d97c979517c08d,0.73072022041509
577a00d787373595,0.8289679146466626
d71bd663eab2681d,0.8085305221189358
3b59c956b239b3db,0.2554338361729516
9115eeed93f30a1c,0.08469970298569086
3d992bc625e7dad1,0.04364940597150651
4db07f6033192f9b,0.24482511333413157
a58a45e9afd5b405,0.7016632405808217
519774a276bdada6,0.7666416679685948
50bc50ed77a01d75,0.5407187744249722
d608451c67dc5cfb,0.5086975926210335
2856ffa4f0a1ce80,0.4853154994523841
2bdff8f74778c4ea,0.14419825699532338
068acd67c99550cd,0.6019139440356659
6123220972766a4a,0.5303830701886216
c4d534fff3fc5628,0.6153698608716693
9fc3fdf14ea045ac,0.42259922619935947
3f86edfd0be75ecf,0.6843850633102435
c36573a6175092a9,0.7089372362037628
7c4df8c2f29666ee,0.04497549632635901
3c791b72118b74a6,0.4747067766135639
747b04b604c95fc1,0.11945107081432578
e780dca0db5520a5,0.15630858214772647
af83daec6d450e57,0.51187630920693
5d4ff9f52e2e4f34,0.6802312802869553
b2b8e551d87be54f,0.9979079255891231
203b6e0e0fcaa971,0.47484328591479885
eb36b4336605a7d6,0.5329377442545875
14713adcc060333a,0.5539991793022448
251c0c9a3789eff9,0.8594679928082706
0d0e059449af50d6,0.3363838518051984
63b1850f6f5df5d3,0.3755815225883388
90ace0c383247390,0.06810407222128663
1ba1d1cb2d6d1bb9,0.29155029701393476
dcb2cbe56ba92129,0.09759008128800718
88b8fdeb6d82597c,0.15162826324824702
0ccfe20a4b77ea6e,0.15435844927294334
3482a5b15357f00e,0.11783246052825583
6d71348fed8b9c4f,0.24736028607134963
f8723e3306bf7c43,0.9843740034381283
7ef77b74f9baecb6,0.31926168516460274
bc80f01834269376,0.26157675472851843
18da383af4fa3cb8,0.8093105752688491
b474ff492fb9a94d,0.21194587306528845
d157b8492ffba0dc,0.1925810536186922
cbd2d4eb5123804b,0.8678730654985858
0f9515404031e965,0.23448940909778113
4f1dcb8a1669a31c,0.861730146943019
28c27ce346a7a7b7,0.8410002344840746
58928eff8cb29089,0.49003482100935913
8069cea0e02052d2,0.07167281538213972
3b583c05db5ea4a6,0.16428462560558935
36384df41240d0c1,0.502983703297919
15e9a245d6d06a3e,0.7765873456299885
d2dba561c29b817d,0.48478896357619267
2a507f7014709986,0.7795905502571546
a27e43abacf3b1f2,0.9214237142401298
686019b683e849d6,0.8650648741588982
9a3663eadae7822e,0.8047862669993523
f4857bb0e0b52a47,0.554467211192193
29f988f929e638a6,0.2537957245581339
cc08f5318b40d7b5,0.16812638736891208
3aa8c59d9c5dc7ac,0.6073938174138064
eeeb124ea0b0d51f,0.49491015319631687
c422bdf822a0dc56,0.9322664530239239
98269904767a2636,0.13243895576038126
e6cbd02151c72662,0.8649283648576631
5e7bd880681d9f61,0.7260204001868626
fbe456da262eaa3b,0.5560078161632717
dfe3e7968ec080ba,0.3870678052208113
0e9ef351ddbc9ab1,0.21327196342014096
2902b3339eeca5e3,0.5712578552440755
a7137a063b883e92,0.8050007816155784
b733ad3dd8899d06,0.3513608722835326
44fe9234ab115e2f,0.9225937939649996
000b03fc8664c7d1,0.09751207597301585
9020a01496eaf633,0.7174983195240606
53b7a21b0f4cc200,0.08990655776136175
20cc306cbb1c6bcc,0.9141302172884409
debcfcb981ae0125,0.2391307253397649
802bd1039c3e6a1b,0.0735449429419315
5f5c21e0b6a4d4a7,0.1686529232451035
4e1d92bfbc009b58,0.7568910035946792
644c03f056f3bf9e,0.8453685321235885
3b4855d86d450661,0.21576813349986332
dbe1c9a9d3e563ac,0.24051531968086096
2fb49e6e63bbe8f6,0.8509654134742162
2347ddad2e1b095f,0.3702381585114331
e315a627d1ca8573,0.816253048303077
0558a476ace81c15,0.4625964514611609
4426fc96456aa43d,0.8128793184297021
ee5092888f963b26,0.24681424886641037
57886ec9ac1bcba7,0.9183230029692246
69e1947ef1a19192,0.6676529232446045
af29d6fac97c87a3,0.20365780834746028
6952926383750b48,0.3551636313893597
b6e14b919c7ad1f2,0.16221748475831926
8d09ba7da0267580,0.7000446302947516
40e7e13ba421c25f,0.14285266531172305
c3d8677083122b80,0.8694721744559079
e41366313db49145,0.2266108722836574
ed95e31015c5959c,0.8115142254173541
64f0bef89a702494,0.12933824448947612
81918dc774b899ca,0.09749257464426803
dc9dc895fc8368b6,0.4850814835074101
ea0dcc9add9ba8c9,0.6661513209310215
c45a009981cf2faf,0.7810531499132419
ee4eee5c2cad18b3,0.18179681882114163
4b8886ccb99d4b95,0.397364506799666
a11b7637d21059b0,0.208884164451879
ae6bfde3685ef5dd,0.11463424261361152
095f96ba3b90f727,0.49274550570530773
c800465fabd83658,0.1094663904954363
c75993f60039bc22,0.598208691573578
15b2e13c51d54758,0.3626716429572746
cef343af7e936391,0.5702827888066839
bb9e37137f42fad4,0.47086501485024135
b6f54b152f0f2c28,0.5832901750814873
54548a1370ae962d,0.5290764811625168
774675091e96f38e,0.030876035641677173
64db0198c907fdc5,0.1065216898545138
ee3a2eba79a61cd2,0.20357980303246892
d87ea92ca2504e8e,0.9212482022813994
493f68967d2931dd,0.3456859856179138
33c5bd3953cad989,0.37409942160350357
31719675e9834500,0.47084551352149345
283d0d3d8afdcd48,0.7870985618250695
0954b46131527b56,0.03762349538842671
c7f99cdcd74ddfb2,0.8663129591987593
89e81b0750c67025,0.7138905737057117
ef2e114a293d6051,0.266471588244224
3eaa82eb74b0d2b9,0.9506172033756329
f115b5827c53fdae,0.8981586290439673
5b981d50572234ec,0.37575703454706927
bc2a7ac2fb6ad312,0.7635799593551853
cabb5fa14742de79,0.8870623729864515
9dcd899d3120d04e,0.10812079881183594
5bf75dc153469005,0.6611004767853331
a99c57a3cfd238a9,0.9059201578856041
7d3c73f6e6251236,0.75148913553153
79c824cab095ef0e,0.5019306315455361
50457f03b19ce000,0.7489149601368162
72ea29c850f97747,0.42889815538490883
949aabf35ccb0c4c,0.6532024386424615
bd3b7b9b5cc3a346,0.4164173049862969
581ae7bcf533000a,0.17781854775658412
f944b728b8eb9aac,0.4270455291538649
6add937f4476df2c,0.5427664139434943
478be273b158fbf1,0.09733656401428536
43c1856ef31d1073,0.8627052133804105
8f97466fd3810c1f,0.24207542598068743
3ae22b8a964781ec,0.5556372909170628
82ba55bfceb0ffbd,0.46281096607738703
5966bfc14b304d05,0.5195793340623233
eedd90867e3cd9d4,0.004568743160853082
99db9ab5fdf84102,0.13661224011241707
6c6761878fa11c78,0.6662878302322561
731bd2e8496a9b0e,0.061883148350728535
9f1fd83e49b82f88,0.9488035798020845
51a2cc12286941ac,0.9512997498818071
7b60067efe8e7c4a,0.8313080740964025
7ba8d7a5a2f30106,0.9492521103632846
677aebcf5c57a29d,0.47008496170032804
c2e6810f10057ffc,0.5292324917924995
f770bf49e8b32f7d,0.6863937001712699
d999d97cecc80f08,0.7516841488190084
225695249568ef3d,0.900401281849968
64c347ce204607a2,0.6808358214781383
8b972fc1665f8aff,0.277099812411792
fd3a180f558ad235,0.5662460137558829
f24ea2f162b99780,0.7555649132398268
71edcfb193fa3be3,0.9288537204930534
4507c7c846e862ed,0.3665134047205973
ac51d145f495fdf8,0.5290374785050213
3ab5c54552e9add3,0.634793184304509
0e545a1fa4aecf83,0.1754978896355922
19eb7f93e53f33d0,0.261050218852327
f4653f53352a740c,0.5762696967322681
c716d718820e66c0,0.3587713772077084
a8a2778b42759e84,0.6943307409716373
d632ca08f997e38d,0.04236231827414966
47c56ea6034205ca,0.1501071596059162
f436395245784b88,0.9495836329519979
ddb7078278325022,0.20453536814111264
1c24525f31c1953f,0.801939073002169
7c7e6ee56d6ea5c1,0.7715950054705439
0e67b9cedd55f492,0.32667219008877846
a585afa6cc802221,0.45350883226467165
132bdb2d81abf434,0.5764842113484943
cdafcf3dcd774b36,0.6084273878374414
5694f780d2c8e463,0.05886044239481473
317ba4057a04aa16,0.9047305768319864
a92ae25f2defd1f4,0.5188772862274013
ff0073be9d8669a3,0.9392284273868995
2c4d6fd16e7da4d0,0.5963755666712819
e8b93ecfcfcf69bf,0.4734586915737028
aecdf632644c9922,0.7584511098945057
0f4ac8759cecccb4,0.05096240425194315
ae0ed79b3f56091e,0.6040395888691795
492dcb545fd160e3,0.4153447319051663
b6feaae9a6963540,0.35842035329024746
10bc80bca38b6418,0.27489616226328706
d8bf52f15b58b474,0.16683929967155522
d590d13d8a0daf0a,0.6025574878843444
bafce96906ba0c73,0.2854658824446115
15a89b9d9a174795,0.3725003126461815
3c895a00e202bc6e,0.7770943801774323
62100baf87d531c1,0.49859590432965695
8ea52f2642c87cd9,0.4344365327492929
78bf3db367f46ea8,0.9546149757689382
7303626be6419b04,0.6477615679218167
86f2e3f9f88bf00e,0.9499931608557022
39921131b7d48cf3,0.7827107628568075
7c06255c489ce455,0.8896560497099131
2a0f68fcd60099b6,0.7931049710794016
968f899504b28211,0.7886001641386525
98dd9df8fdcb29f4,0.6754144520862412
ed55728c47c8b666,0.18575558855695135
0e54abd540000681,0.9212482022813994
2687ae2ad26c6497,0.8116897373760845
afe3e3f4edc8f7b7,0.544658042832034
3d8ff2a3976b69b9,0.4699874550565889
13e6deb5f77cd1f5,0.5585819915579853
8c8711be796262dc,0.31270923870533146
8eb1ab06839664b5,0.26555502579307605
dbd58b32bf776c26,0.17696048929167957
4be0c2fba004271c,0.6902744645920884
a0f6b49ec1b86bc1,0.8175986399866774
3b33e5fb16341fe1,0.7479008910419291
d39f326ae61cb937,0.06328724402057237
00e28c2a11d38c61,0.7609277786454803
a55c74a9759fd56a,0.08932151789892681
8bfd04b0788122e2,0.9963283179605488
895776a9cf9c8d43,0.34952774738123643
7ff187535e206416,0.9912969751436085
b2d991e4147a68e0,0.19819743629806755
b62ae246269c58c4,0.8390501016092915
b8af731f19b5c84d,0.009639088635289155
19f5143484b38101,0.6774035876185199
982f6a3f1bccc6d4,0.18374695169592475
2cdfb20347feec4e,0.8891100125049737
5b2d62e736467c16,0.24964194153484587
f85bf07959deae92,0.21346697670761922
8e923fa1dedcd01b,0.4370302094727544
93b3dea6a99fe31a,0.42768907300254333
8bc3af23b3d5ba85,0.27306303736099097
91db39152bd6ad50,0.9722441769569776
d911a9c74b505826,0.883084101921894
0e53e628826772d6,0.11748143661079485
14d7b607e5e3f0cc,0.3451789510704702
f3e8e3469f0aab7b,0.15096521807082075
b9c36eb092bb275d,0.4864465765197582
9cff3e265921dfed,0.7257863842418888
585bc81acbe5b1ec,0.12030912927923035
15f8e68c7ac23dec,0.6039420822254403
a37b05bbb09f8496,0.8562112709073827
4f31f80a263d61dd,0.3452959590429572
6a3987a9bab31c44,0.07514405189925363
9f59a5ca5ae6d119,0.423808308581725
afc6cb824b3596c7,0.11592133031096837
64dcbe6f4ac8de61,0.8010615132085167
1fcaa5c3533f63ca,0.19794391902434574
a266793e0c2619d2,0.7157822025942515
598af3378495839d,0.3610335313424568
b40ecfcda1506387,0.1339795607314599
22537a4c1f1cb22f,0.3653628263244753
8c5b78cda30c225e,0.8055078161630221
3239189122d043fe,0.38186095044514035
4b34859a41dd8627,0.2725365014847995
7577c8941b2e888b,0.025825191495988924
8ef15229dd291883,0.04218680631541917
3332780ef14cd99b,0.7168937783328778
f93d1a6ecd62d897,0.5882045099259408
9505f55ac00dbadb,0.8116507347185888
7c1831bf48bd728b,0.10400601844604358
17cf81ec2dede54e,0.7547653587611657
e84c6f3155ec9762,0.954185946536486
e894ec9e0ac2e7a5,0.8043182351094044
c307472500eaf782,0.8201338127238952
96de47679c4cb6b6,0.20361880568996463
e0dd44e7040c3168,0.6551330701884969
bd9e6bd2fcf5a54e,0.7306617164288466
0382e0d155285962,0.4507591449112275
509eccae9abde09a,0.9343725965286895
f2147e0be04acf5c,0.590583672033176
f3a6b01cc0938196,0.8428528607151184
c1956069b7309004,0.27996650773772314
2292dd5e617286e5,0.5444435282158079
3644d81639ce9f29,0.7847193997178341
4a5bf3e5c85dbfe9,0.14794251211490692
095a4f241c64795f,0.9049255901194648
aa45545b6df75be3,0.802972643425804
ffda21a7e2973492,0.6660343129585344
662adc1ed3e8fd43,0.4924724871028381
218ae6cc5968ab6e,0.9507342113481199
316379f30810e1c6,0.5488898311703133
eef8a37b8fe20ec4,0.9120435751124232
d9a0aead3407db9e,0.6923806080968542
f0c65e7320950a84,0.7389692824754224
4625132a59dcda74,0.96296154447301
ab1c8b0c3967b656,0.9467949429410579
f00224def382933b,0.6167544552127654
090051f10ebcb768,0.49477364389508216
2a0c37f157e82f1b,0.7140075816781988
61914ca3afe42c15,0.2340798811940767
a9fc0e9ff5b0e706,0.13846486634346106
f548f7ed3074067e,0.27023534469255545
9aec70578372daed,0.140434500546992
fbb0734a4e985290,0.26789518524281575
a8cd11786e7fe2b1,0.379598796310392
6a4338f210f336ad,0.34985926996994965
cdb63c81014bd072,0.3316255275907276
2c5a98b60450efca,0.4815322416753049
2337a75838293036,0.09464538064708469
a0ed386ea018cce6,0.48888424261323715
db76609f02b3bb31,0.7405683914327447
597bd387a63987b9,0.8736259574791959
bc7571c47a54ce9b,0.376595591683226
547510d3ce221301,0.7123109660771375
8e84181f60b3ec91,0.6339741284971002
13880ba898b8f597,0.9333390261050546
9ee1fb0201512e8b,0.9106004767850836
48aefa3d80da5764,0.2629418477408666
498d517a667856a7,0.49321353759525566
f07b0e35881505f2,0.18187482413613298
1df225f3addcce26,0.05763185868370137
84a772cbe6d216a1,0.3175455682347936
f0e4a70f82f01004,0.7635019540401939
3b639af3777f4c39,0.009931608566506621
b9f77a4295400abe,0.027424300453311075
7d646e2fd78953af,0.09468438330458034
4127b246e0beff6c,0.12301981397517886
2321d1fdb21c809d,0.17058355479113876
9936f8d7184f5e10,0.037369978114704896
e2e9ef0520d08656,0.18749120681550832
0aa9b948dc8766c5,0.10636567922453115
d96df85b5160b1a8,0.3571137642641428
3bef9584524abbef,0.7612202985766977
806989faeae50571,0.046360090667455015
6fedd263e1290110,0.6468840081281643
5762314e60a560e2,0.9044965608870125
748cd550549c514c,0.5208469204309323
58a8e997e2757de6,0.04696463185863778
c13887db4b2ded8d,0.74942199468426
eba0106899e8fdf1,0.8347403079560207
a947c7f89cb176bf,0.9588077614497219
4ac4a17692a2a70b,0.036453415663556844
2fa4409e1b6a3d85,0.6680624511483089
a783eca691369f3a,0.39371775832382166
e6e45dc137aa0511,0.1310933640767809
c589fb4e517e579b,0.423106260746803
0535f48557a68402,0.6586433093631066
48e423add1624f2d,0.7324168360161513
d20110b1a6f20e55,0.13199042519918114
739f7cc76c78d0bb,0.8274858136618276
2d439083c11f62ae,0.7835688213217121
0c74bc780e465296,0.1722216664059566
52294576789c8ec1,0.7274439971854543
99b2421c51d37084,0.07418848679060991
de49e465a4c970c4,0.9428751758627439
4c88fb93b8d12270,0.17243618102218275
dcce15e3b59d9796,0.07052223698601767
b8e0e09067432f1c,0.861164608409332
962f882f18c11d46,0.3682100203216586
34753ee28116af4d,0.519715843363558
7c71a6fe87ccd6e2,0.15714713928388319
7ff97e6a175132ea,0.634676176332022
d84022bd67943384,0.6808358214781383
c270a677c7614aa6,0.31107112709051365
1266e1b58e87a761,0.6773255823035286
9fc631524aa3372e,0.2197074019069252
88da969d80daabce,0.7849144130053124
9c5cf1807334358b,0.3025490464277116
0e5706f9560fdbf7,0.3949658433636828
d9db7cf658a35e31,0.7783814678747891
38bb0629e63b6590,0.6352027122082136
726236f75c9de724,0.7028918242919351
47ff559912cb3714,0.2819751445987498
bd567ce69cb8cb62,0.18474151946206413
6b7338c16e1db627,0.07721119274652374
2e47f13eecf939c0,0.35450058621193337
7e001225afcdc58c,0.6557181100509317
b0ba287dc9f94b2c,0.6767795450985893
07be300260466f0d,0.06449632640293788
49e2abe2ca234745,0.7716340081280395
bf163922b4b12745,0.8140884008120677
aef9d385e9ff8518,0.8373144833507346
3e364e82bc780650,0.9732582460518647
393a9aece2867c5d,0.4301852430822657
b0519105b55d4bc5,0.854475652648826
c5a4b1418dc4e412,0.6321605049235519
ae000e40b4cdbc49,0.22594782710623112
bdb4932474ae13dc,0.8205043379701041
54ab20f1339d0955,0.27279001875852127
bb6cce3b0b6744fe,0.222964123807813
0d04ac4d48d1e700,0.920019618570286
6e3f51731aaa2c77,0.4424125762071558
783b7b163b234e5e,0.7441761372510934
bb6501e8f6ab95a2,0.12188873690780468
e5f20b7a540b7472,0.42445185243040334
726e2ec81830f724,0.8284023761129757
e8dc50204900e975,0.14109754572441824
1334006b9c4f4ffd,0.9107174847575705
3553330b5c7e6092,0.675901985304937
e1a3e161c8b2e221,0.3934057370638563
44e747740cb4260b,0.04903177270590787
00202304b4481207,0.8731774269179958
931eab5e85d6e3fc,0.25984113646996154
e4b8ca3da3eff8e6,0.19700785524444986
103e5a44f9c30ed7,0.4813567297165744
448d40536e9c5670,0.37482097076717336
1b4d4b42760e781e,0.9416855948091263
e0b110d4f6844bbb,0.8227274894473569
0d928dd7f13b92dc,0.7100293106136412
1bf6e2dae324cf0e,0.49730881663230014
b2a17e2a9337f111,0.9806102469897972
564d7ef8fb681d94,0.44153501641350335
a2088d882fb6d77d,0.8289289119891671
3fe22caa380445a9,0.5893550883220627
2b3c171024a98155,0.9671348288250458
2014d23cd7792183,0.6561471392833841
fc996643d63f02d7,0.20486689072982575
c8d5c605e447f4fd,0.4780805064869387
634298df42266b22,0.27741183367175726
5c8cbaf8b4d39f57,0.8168965921517554
a688ddfeb76eb78c,0.9168409019843894
85a12cd29f47007e,0.17600492418303584
a5e1a3f8e312e1a0,0.11436122401114186
29e076c93c2b7fab,0.8915671799272006
71b7b90e9a0b70ae,0.7607717680154976
11583aaab15330e4,0.08181350633101186
5b34705855c1c880,0.5637693450049085
26361ce2a06897d2,0.15860973893997055
2be888bcb74be336,0.45627802094686365
fd96abe884c43d6c,0.8484107394082504
165fc0b6a160dbd9,0.9171334219156069
b8c8c114a79ff453,0.08873647803649189
e22746fcf084642c,0.20459387212735614
3fc60942cef4b9f8,0.7279120290754023
c78a85aab85debf8,0.5406797717674764
9c2166227724c80c,0.1244239096450227
e0291b12205c2c68,0.6830784742841387
307b5de4b89748c8,0.023836055963710162
b83469a7d7ed138a,0.6854966390488697
4726c5e084cb6f1c,0.7405293887752491
33795c308f648269,0.9932081053608959
d44b56532551df1f,0.9279566593706532
7db689f550f62666,0.5955955135213686
c64b1df6de24f982,0.342546271689513
d9685a6aeee511e7,0.26666660153170235
2c867c13048a2311,0.8746790292315788
b3f36f5f67857959,0.2395012505859737
c8dbafacc0fb77d3,0.5733639987488413
3a1b2137777bcba5,0.13357003282775545
c9627e77fcbdd360,0.652929420039992
cf4f6641c91382ed,0.2467947475376625
fb519c3fdb753245,0.9550830076588862
035449e62c90677f,0.6439783101447375
5201d1bc5a7cf0ef,0.5608441456927337
01ef09b451cbddb0,0.4146816867277401
b98e367af7c0158c,0.03413275754256495
bec6844244ad0aa4,0.5372865405653537
ed82262b135c6e4f,0.7340159449734734
67637bf7061cb7b0,0.1331020009378075
96ef8b85b60392d5,0.9636245896504362
fc1b0a61b9dd082c,0.7558964358285398
c408b4beae948cc1,0.3328346099730931
f26323206d284ed1,0.6699735813655963
9214caa6c1a0dc02,0.20170767547267715
591a28a3c195b6f1,0.7358685712045174
9cd8a8ffb7a9e96e,0.0593479756135105
7ce580a49450111c,0.17598542285428798
abccd8c43775abd4,0.0652568782241033
5c6acd44464d3db3,0.9062516804743173
b0e58b3d4a2a773c,0.8708762701257518
eff75fe4ffdcb49f,0.9029559559159338
06ac1908fb89960e,0.813464358292137
6e61df7259588c80,0.9509877286218416
87752778bf4206ba,0.5381445990302584
2fecec0b55303222,0.2223790839453781
d57c0fad9eabe24a,0.8880569407525909
93cc7546b8c345e6,0.9896003595425471
eb76de6938c4c38e,0.5716478818190321
0e733a579e63472e,0.3578743160853082
e7dff8305acefcd5,0.16005283726731
23423479e34fc441,0.953951930591512
3f66f582c2bdc24a,0.6246134906981413
d312e4d7fce5fa01,0.5114667813032255
c04cd9fa54077b8e,0.2157291308423677
04b68ab2f6458e33,0.3712522276063203
35665b0fc6847811,0.5899401281844976
9028f284365c7863,0.5027691886816928
fa23926a88284b39,0.9112635219625097
ff5e27f506ba1ffc,0.6562446459271232
e6a04e92205e9e33,0.7934559949968626
934c2e26775faaec,0.09460637798958903
35403697fd72709d,0.47611087228340787
fdc814fd85f237e4,0.7388132718454399
bf4ee2f20859884d,0.17142211192729553
d2d10af48a354c4a,0.5377350711265539
a38e463e1b086d42,0.8087840393926576
ba49ce0117002110,0.5437804830383816
d5393f1776772d2b,0.4402674300448943
80a6b6e9f65aa3ae,0.30502571517868604
d84698a77b768899,0.04969481788333414
8d09ae0709d01465,0.8024461075496125
0ac53b64e16a0efa,0.9085723385953091
a632a91a07ac8406,0.6002563310921003
1f2437c787ad39e6,0.893244294199514
beb116a0a3ad4f5d,0.7820477176793812
c38f343ecf8e9527,0.20742156479579163
d04bd8d61ac99c5e,0.24732128341385398
6a279faa81d0684e,0.39432229951500436
1b49b1154407ea05,0.6911130217282452
b71746f211be0a24,0.0226074722525968
bbe0b7fa6d60f17d,0.8945508832256186
c9117e785fa1cd68,0.11157253400020203
a700a6b3a689a18f,0.5454380959819471
d998a004d828aadf,0.8679120681560815
54cfb8bb56897eb5,0.7622538690003328
bafd504785d302a8,0.9398524699068301
3f45db97b95a3352,0.401069759261754
2364a75ca729f899,0.8191002423002602
9387acf4770f549f,0.6615880100040289
a434422326289b00,0.020579334062822374
8bbcd05afad8573e,0.9535229013590597
82fc48f10b8d7cc9,0.11806647647322978
65dd24b31c0c4067,0.6010753868995091
b25ccb8b682acbeb,0.5224460293882544
291117008b4408ee,0.5911882132243588
aae3422dfbb55bf7,0.4945201266213603
d436224afb38b7e2,0.32766675785491794
1287c0ffa2f14635,0.3475386118489578
4feb7edca163def2,0.8573033453172613
00df2416e72cdbc8,0.2791084492728186
e51c757048ea36b0,0.1750493590743921
59e45992c3fccfa8,0.6567711818033145
7b44475e4e2e3b92,0.5999248085033873
be457ea8112e2391,0.5716478818190321
1e4fd1293a611d2f,0.8307620368914633
343371989bd61c74,0.6563811552283579
6bb985812e990044,0.2453321478815752
c0be9996bfb5270b,0.33205455682317986
bb367ec1a239b8c8,0.7495390026567469
91fc9ee0920431a2,0.10246541347496493
82f2985fe6157914,0.20283875254005132
eaad7a9709bacd50,0.5831731671090002
1bb729bdda8eab4b,0.0658224167577904
35320f198f2157d7,0.3123387134591227
74cd9018fd2aa194,0.4333054556819187
fd091b5e49f8138b,0.509789667030912
917e088d530b042e,0.8953699390330275
b0e606a7344aea7b,0.6235214162882627
c220230ca6b46d2e,0.4869146084097062
2174f0850e20c2b1,0.1186515163356647
3bfea4a031f46e50,0.18499503673578596
22199945c8b6f01d,0.7626633969040373
efd4e993a8d94f5e,0.46790081288057095
acad3b0b2e72b212,0.6872907612936703
1a33438ea9b6ba09,0.39139710020282975
c9a22295bdb2b49c,0.9773340237601614
0a24b5a0c164f36d,0.4933500468964905
12b662eae7ad89fd,0.4333639596681621
788a4a1a340ccebd,0.9235493590736432
0b6ebec97e53c571,0.4335589729556405
be4269de80d8b34b,0.9628445365005229
ae99dff2a596c7fd,0.7667781772698297
1cc563af87248566,0.7187854072214174
95b03e2a8add3a08,0.4698314444266062
bde7f9ddcf827170,0.06543239018283378
e24c4af855561b6d,0.3919236360790212
a1ef8a44aeab6af5,0.9817218227284233
2bf2e0d5f713e9ea,0.05135243082689977
6585c55605f3d692,0.6871347506636876
4a44bfcf3c8bea26,0.10394751445980009
78a21d5aa40bf4bd,0.2820921525712367
d208a68d90d83d1b,0.49024933562558537
fabf07be02cadf0d,0.8133473503196502
3fc8a4ec51114a77,0.6937261997804545
d8da2f9a640f4e03,0.6977629748312555
f7a8212a941af65b,0.0012145146162261416
836c933a5cb4ecbc,0.7927734484906884
e292f252eebf817f,0.4913999140217073
ae7e8b931e0ade53,0.8989191808651327
c937062a293ea0e5,0.5503719321551483
673793020f42eaf0,0.1603453571985275
531a753aa5a10879,0.26097221353733574
65613b893147c771,0.6819863998742602
a3609d34533ca6b4,0.5176877051737836
c9eecf5329211123,0.9317204158189846
4e6d4f733588a212,0.6793147178358073
95e0d5ddca2118d4,0.9775485383763877
4b071534952c920b,0.4500960997338012
f333221664eda263,0.2539712365168643
8627e41026f74eaa,0.7382087306542572
789f4695cdd6a417,0.6843265593239999
908034eabc372b99,0.20293625918379052
984bfa387795ef76,0.7287115835540633
91c8e8e6f637fb1f,0.6491656635916605
363aeba9c072e960,0.8745815225878396
5cd6915b98d723ff,0.5356289276217882
20f027368dbc60fa,0.07177032202587888
a58841827e8017bb,0.3378659527900335
ad9e6a299aee4827,0.7169522823191213
fad46bf569ac7443,0.3824264889788275
0bdec115af64e996,0.5786293575107557
e78e15a02aa6163b,0.9138571986859714
94c1b40d53f1c78b,0.3672934578705106
c1dee5b6d55fd7c1,0.9277031420969314
502f0c8494138feb,0.08803443020156998
316c5e9c86bbb645,0.10893985461924484
c5624991cdcf670d,0.34584199624789647
e000077bf8c8b49b,0.7303496951688812
9a36d5ad49081233,0.24486411599162725
e4ac16a92daba7e8,0.571433367202806
caf1ce5141ffb34e,0.015157964670925343
d07bf091bf998e0c,0.5487728231978264
f230be64e9f003ae,0.8264717445669405
fcfe55e0768ab257,0.22544079255878754
ad04ef9c94f25ea7,0.26518450054686715
b6c3dc163008115f,0.34137619196464314
2a0af6ff3489e003,0.5273993668902034
5c098958dc2a26c1,0.12604251993109267
a802f6f7cd6d7b2d,0.4011867672342409
f0897866ed523f60,0.8399861653891874
3c1071f1773cc7f2,0.011082186962628651
5fb77ed43c58e517,0.2689482569951986
3fbcf72648af3500,0.3347847428478762
64964fe3e34849fb,0.33146951696074495
3d3b19b2da76dc78,0.7262739174605846
69eb4e47c0f3104f,0.6369578317955183
1b55daf09e9f129f,0.4159102704388534
853fa0b67eda4e6c,0.11028544630284517
636b3bfe96c8c67a,0.215339104267411
51b24fbdde490535,0.2814291073938105
b80f84359d81c98d,0.5961805533838035
a865666aeb2b82d1,0.09643950289188515
08fd3d5f06273089,0.013500351727359704
cdac52f8c24b9616,0.9067782163505087
bdc841da585c4a1d,0.8516479599803903
8858154c3efe65ff,0.5602201031728031
29f989d45429b9ee,0.7770748788486843
b97dff4909968aa8,0.08655232921673481
69c86328a89e4898,0.13984946068455703
2d50759601edb9c3,0.7010977020471345
134be78ce02d48e1,0.7141050883219379
53b540f7c8d16cfe,0.030173987806755252
76d2e83b30cca3f9,0.366435399405606
062167d4ccf76346,0.8897145536961566
84cc2a48661e807d,0.22181354541169093
60f1e251520005f8,0.7255523682969148
781115a32396b4cb,0.37792168203807847
4c1e17c82f4cc326,0.875576090353979
b602ad5debd51028,0.6219808113171841
4d9da053a872a970,0.7686893074871172
95f7ebe4304bd2e4,0.9639561122391492
67a8207cfef9f011,0.9883912771601815
b1c3468185b9514e,0.6149018289817214
f80ccd7ace26ae4d,0.9901073940899907
3ac147039aaf4499,0.3619110911361092
fe5cd175ea7fc09b,0.1625490073470324
9026d2936cf2bda8,0.7745982100977098
a4b0e01784fc7cf8,0.790628302328427
43c462b48d97dd20,0.7328848679060992
e36d0189d20a7617,0.24681424886641035
43c3586991f4b403,0.3586348679064736
009e48f2b32be557,0.05724183210874474
a1689ef168f2f333,0.9538739252765207
dc310fc66470ab07,0.4941886040326472
bc654d187751fe04,0.618763092073792
247e62af046a99a5,0.5008580584644055
48f2f9556bb2ad1c,0.5259757698916118
e604b921624a200f,0.885970298576573
e46765e152f7daef,0.6873297639511659
3d183f0c812b6d09,0.7111603876810153
3a7275f9aeda8305,0.11976309207429109
1d994aeb47ff952e,0.262317805220936
75dd9cd1bcd35d05,0.11806647647322978
a976b4932381b300,0.017576129435656392
da2e39ced8c0afd6,0.14967813037346395
c77fd47bb1683f58,0.6586628106918544
ceeddee046f39ae0,0.31848163201468943
cc50dd12d1f23bac,0.502632679380458
8b73f447d60fc992,0.5742220572137458
dba1029662f0c412,0.49056135688555064
ab65e0876504bba1,0.6701100906668311
00754e6b5a7298f1,0.022353954978875004
082f192c053e5283,0.13631972018119964
4cee8c7c13d1afe2,0.5247471861804985
9ea9e3c8cb3df9aa,0.44637134594296546
2caa75dd78c01d17,0.8759856182576835
42ca39ab5466bd19,0.9676028607149938
939ed128e268f834,0.19636431139577143
e452cd65ed19c900,0.6528514147250006
e5ee2d79d0c49d1d,0.9072267469117089
ce0d423deb82f2f5,0.2036383070187124
3c30319ed1684972,0.5887115444733843
18968bda98628242,0.6841705486940173
9566631a173d48de,0.8817775128957893
01d78d3ab164da20,0.2811560887913408
7245800926a4112f,0.5867614115986012
3fffc62471c1f18a,0.9237248710323739
3b530b29e9f5617f,0.8975735891815324
65305594301ba50f,0.7903552837259573
593ee003a4981c15,0.5479927700479131
f79985b30220adb1,0.5689957011093272
60dd8dcd3a1d1839,0.7934754963256103
288aaae44688b015,0.8111046975136494
8a16369cb4554d3e,0.34900121150504504
4e49cf49f79e1181,0.9364007347184642
1a6026c94f49058a,0.5538041660147667
8c29813aa363f889,0.5802869704543213
5fcc5826d5f8db34,0.7778549319985976
b002c58138c724fb,0.3203342582457334
62a918db11ef3076,0.953717914646538
8fb91f382ae2782d,0.9484525558846235
af730eb0035cf0d3,0.8637972877902891
546fef357d2bcd57,0.8411367437853093
c6129c4b99d7f4c6,0.42950269657609164
7596069ac38eadb8,0.4689538846329538
9560c8310cf23dab,0.043161872752810734
ca1acdabe94e042f,0.6231313897133061
521f9d2193473fd0,0.3930547131463954
617eda3b96abb577,0.460509809285143
8d735b59dd0a4270,0.911244020633762
1b405139fc287a40,0.3588688838514476
e621733719a2d775,0.6989915585423689
95f4b0d76e779b43,0.6256860637792719
bd6a23cab176ffec,0.0823400422072033
3c5fadc2c957c7ce,0.9580082069710608
37cae1b2dd3c1330,0.5993592699697
0fc2ffbd9370b121,0.44648835391545244
b31de0d8e304eeab,0.9137596920422322
5738bf5ea59fcb0a,0.8648698608714197
402c7edae37bcf39,0.8077309676402747
1d79e32040c6b05f,0.9759104267615698
bf493f6f4a48b2ff,0.12966976707818925
8530681352913ce0,0.04286935282159326
c79cb0e184ac42c1,0.27694380178180933
32ecd92eb352979d,0.743981123963615
c9a54261284070bb,0.08897049398146584
e6c2ba81e397e33d,0.1908844380176309
955bdf4fc9420404,0.3557486712517946
b180a78e50608ab9,0.5512689932775486
69484ff0bdf4b104,0.5978381663273692
8d62a01ddfa11fe9,0.8479427075183024
12c3df9b72ef96e5,0.22415370486143066
12ccc513557a0656,0.46388353915851777
2aaa9bc35f4acee2,0.9842374941368934
e31d14248a98a72e,0.739008285132918
1058c1f47fca2b81,0.3016324839765634
02ab14036929f70f,0.4396433875249638
6880fd1518aecd04,0.5157960762852439
580068eee74ae5d6,0.015528489917134129
fedf1e1bd320672b,0.16089139440346675
d47c1d43f9dbdf92,0.38086638267900097
8a7fa6c84cb2b0fe,0.5171611692975923
089bead0dc0d7c16,0.5207494137871931
3f12eac5d776ac9b,0.24564416914154052
2b55254bb421a326,0.5114667813032255
16721efb42f49e40,0.960874902296992
87ada6cbd040d527,0.5359409488817536
c5c4d8e14015f4e3,0.5237721197431069
5d499b0e085f025c,0.8940828513356707
183039182079fa48,0.9036970064083514
05d6c8a5d3db19c4,0.8741719946841352
4477fb4e0a476ae4,0.7662906440511339
3965182266dda565,0.605697201812745
72bafef29554438a,0.691912576206906
1b31f23c3e55dcb7,0.7639504846013939
66c42c9008125f10,0.48184426293527016
5bf14b82c919f706,0.384786149757315
2c7401c2798c92bd,0.3913580975453341
4adf517216b1dd47,0.1156288103797509
26348c70727fc713,0.9652627012652542
82c1c6b9b0ad498d,0.5069034703762331
1365ca92c2e04031,0.3261651555413349
9edbc98e397ab4c2,0.5165566281064093
1059c066d6e0626d,0.008683523526645434
af993cc3ac374b83,0.3075803892446519
f32194afe634dbba,0.6074133187425542
29de97ac80feb956,0.6707536345155094
e5fb185d8c6181d7,0.3113441456929833
632347c0452d889a,0.828265866811741
35ad7b818afa2cc9,0.8886809832725214
0e9b47d072e9f5d9,0.42380830858172497
4b2ee7a5a4d7d797,0.6569856964195409
793b579534d59c3e,0.5300515475999086
3b23c46e8aebaa25,0.7727455838666658
f68b741461469ae2,0.031227059559138123
79e144db8265864c,0.07021021572605239
09c4fd90bed2d748,0.8501853603243029
2215efb176105acd,0.8047667656706043
b4a9877c6c234878,0.5482267859928871
529f75ff399c033b,0.9510462326080851
ad20741d26dac628,0.986733664216616
abee4fe9fcb49deb,0.18569708457070788
80bf7ea1dfa6b569,0.6839755354065389
7d637676608f51cb,0.20562744255099122
79855154621f663c,0.13208793184292028
db630a696b94324c,0.3824459903075753
2c87f55f1bd853bf,0.15991632796607522
05466a89f589fe04,0.9637610989516711
073f9b06f7bf95f5,0.08040941066116802
d8c52af1d9a0ab94,0.2309596685944237
170df691b9758d76,0.7626633969040373
098c223fa7ac1f73,0.4907563701730289
947d4f80370f0b58,0.3960189151160657
66196fa0af9abe3f,0.7669341878998123
356513b3059ae50f,0.60421510082791
a951ca23d4bdcc33,0.7160357198679732
defaffd4e20a4c47,0.22282761450657815
9aeb8ce75c56fcce,0.15560653431280455
0e52e6d570d8f008,0.13544216038754725
d177a330dadb2707,0.10195837892752134
4acf903d98d08aa8,0.9747598483654477
673bd4205f6635b8,0.7227441769572271
17b635201a20862b,0.4853935047673754
e31cdafcb4337eef,0.31904717054837656
2f57ad23a2ad21f5,0.7649255510387857
8c76f3fa81c149a4,0.3653823276532232
7448092b980edcbb,0.7246553071745145
cc3891e28dd031fb,0.026780756604632645
05d416ef906cddf6,0.10498108488343515
d5cdb3c4f4965afa,0.29032171330282147
bc40575e98475699,0.12534047209617075
7227a9d91f309e1e,0.40481401438133746
f83295ed727a429c,0.20049859309031162
44f16ce1d7899c02,0.02108636861026598
219b4d22a5bcceb7,0.11904154291062133
5684d434bf545e82,0.1679508754101816
03d5ff6b9db6a1ce,0.38952497264303804
c402ad00c62dd803,0.17031053618866915
d384f2bb50d7321e,0.7095222760661978
865ca8dbe8ae9927,0.45450340003081097
0cfaded78f4c55c4,0.91054197279884
c1f9c03f1f673cb2,0.8015100437697167
80784aef1b00a337,0.7791225183672068
2cc7c6c16592cbf5,0.4851984914798971
f816697d9e23576b,0.46429306706222223
e0a3063ee410875f,0.40337091605399805
187c083474d62911,0.3542275676094638
32fe8606c8a5cb67,0.8534420822251907
e3b603a450f69271,0.38022283883032254
13ea25fe500d74e1,0.45770161794545533
3465f2b92e5411a4,0.10342097858360866
f84c04deab8f0a53,0.8954674456767667
ce64b825ce5f48e0,0.06584191808653823
a03d161faa6231d7,0.08770290761285685
7b73399454d06d9d,0.12091367047041311
726ce1fc6c05064c,0.5825101219315741
0e660e2441745329,0.7195459590425828
d4373d25e109dcb5,0.8899290683123827
6c8ad2f1018079fb,0.04593106143500274
485cc002fda9b938,0.09060860559628366
840b1b00c51f87cb,0.03920310301700102
e7c9e19e247f843b,0.44845798811898335
4f97589fa05c40f1,0.8729629123017697
41919c492d55190b,0.7370776535868829
8fc6cb3936ed4ac6,0.4569800687817856
75e3076bf4b29ba8,0.3086724636545304
8357351f6977683d,0.5084635766760596
1a6590aa6c3d2a06,0.6925561200555846
6b0dae5047e0ba12,0.6075108253862933
6f8bc4fa3d91a3dc,0.2679926918865549
e4aecbadc139b9ec,0.3169995310298543
7616bb2872e18231,0.6485221197429821
f97102e411194f18,0.23959875722971286
4f25e4f4959ce4e1,0.3096865327494177
46d34ae6f3e900ba,0.7241482726270708
73e3288eeb552e3f,0.04938279662336884
e7010fbb2150676d,0.6814013600118253
cc2c1c680ac82832,0.10308945599489554
d025b02417a63fbb,0.6947597702040895
08070948781ecfb5,0.17399628732200925
2bdbf073750d4864,0.5005070345469445
2783928eaba81305,0.7842903704853819
51bcbc84c0f437ad,0.1918400031262746
dbecf7b9325b78d3,0.8567378067835741
39b3096dbfceade4,0.5129293809593128
4299599a54525066,0.9079092934178827
ccd92654fb1f721f,0.9174844458330679
ee1170819ca7d594,0.1625490073470324
c30ab4f74d33afa9,0.035068821322460836
40f10fad12afb51f,0.5183897530087055
f4e63fba51ec3896,0.8511799280904424
60ad4f8eda2cf6d5,0.9098204236351703
4dfcb17aa4236952,0.5453015866807124
2e54d9b1b4e00337,0.3152054087850538
47a9e135733c2ab4,0.45413287478460224
4b3c22d3da587d59,0.5784733468807729
ef89abef9807c003,0.23347534000289394
e7530eb737c85931,0.4012257698917366
dea26fe32dbe26a7,0.6071988041263282
08133a148f3d4ed6,0.7431425668274585
d39b177320bf091f,0.630756409253708
c2eeafe05948ccae,0.6871542519924354
73c8d1e2bc9f517f,0.14314518524294048
0dd4da33e5e18c44,0.6029670157880487
25e076876a1fb6c3,0.8147709473182418
873d0ca47a7ce61e,0.8701352196333341
930d090798b9ad8e,0.6182560575263484
98e38baebfb97bcd,0.7843683758003733
9c779fba6fe0839e,0.15143324996076868
5bb1f9fc76a02c1b,0.31339178521150557
f83de39c4e518f6b,0.9634295763629579
10bbab1f08d2e6c2,0.015040956698438353
ffe63eebf605244b,0.985700093792981
1e55e67dbb9fa1ef,0.5561833281220021
e53426cca968ebd9,0.9012593403148725
51bba86dd8aaec50,0.9134281694535191
582102afed3c818c,0.2110878146003839
b280a8fb8ffb9bf1,0.5211589416908976
e8e7ee8589574a45,0.3868922932620808
228ac1a17bade85a,0.34595900422038345
2bb37b0ac11a0c2b,0.6840145380640346
5588a1f5d8da9c77,0.3092575035169654
a46d657f4c9bc8ca,0.41306307644167
7373ad47c61f558c,0.8937123260894618
0f1fcadf13eee28b,0.6893188994834447
1f8603bf90774382,0.9618304674056358
b0dc746e7f7ac87b,0.3643877598870837
82107223b7ff9788,0.7377992027505528
a38cbc0aecaa644c,0.4132775910578962
61dbaab39e7dbc01,0.08723487572290889
85064aac24d665cd,0.05096240425194315
48be998c9a3000d0,0.3663768954193625
26b2daccb2b045e0,0.9199026105977989
95198d21e3fae237,0.29683515710459696
b2a2d7a18404d7a4,0.5709263326553624
6b178de020b8598f,0.12927974050323263
38c1b19633279892,0.5990862513672304
186d5468edde7455,0.859311982178288
4f33d36d7b629852,0.5312801313110218
b955eeaecbe25ef7,0.8248141316233749
39ad39dbe012b34a,0.8947458965130969
929e8e2af2403da0,0.3982225652645706
fa22cc093dcf1822,0.18148479756117633
f56ff6b1c2817475,0.2113608332028535
56b30f44349ddb92,0.5745535798024589
617dd77adea9e711,0.5571583945593936
4cd7a91de7bacdd1,0.5933333593866202
c07844f4e94ce116,0.9761834453640393
692bbfe3fde429f2,0.9831259183982671
6e8117bf11d2b904,0.3621256057523354
27efca94126fb8ff,0.1991725027354591
4d2a406b540c41f9,0.9483745505696323
5ca9c8756c163b0e,0.24954443489110673
c10aad8b54af6017,0.7038863920580745
60798b007f7b4637,0.2525671408470206
805031b5ab834e54,0.39917813037321426
fea6be92744b0c40,0.9522943176479464
284e4bea4a96494c,0.46304498202236105
4db0c35a634d4fb9,0.2049058933873214
351dca6bfd544a21,0.9114975379074837
c36cc7323d4f4de5,0.7054269970291531
78c350098097af6d,0.10938838518044496
1404eca61a3105b6,0.17056405346239098
2472a09a3e602f48,0.7891071986860961
5f9d50958df392e6,0.9501101688281892
ab8fde4ac70ac766,0.9389944114419255
6649908e57ee98c0,0.21459805377499347
6f6b426a42753b8f,0.36128704861617866
9f89dd1b9ea145e9,0.761766335781637
d56cce1c1c4c9780,0.3257361263088826
fd794932c3ad58d3,0.004490737845861758
901c8562d025f79d,0.18158230420491547
2460966f3ca7d3bd,0.7437666093473889
41c6149d1848cad1,0.3691655854303023
2c948ba95eb3128a,0.8181056745341209
0263f07afc6e71f9,0.04187478505545387
59520bb39396ae13,0.7683577848984039
096e1b740c779095,0.543741480380886
13bcd446b5b75780,0.11596033296846402
82652e7aaa1e423f,0.09251973581357109
b4c2a047510b1d1d,0.13616370955121698
8e95fe1172cfd49b,0.46957792715288443
8b3b319f1bf34127,0.9236858683748782
8e876b9274c5930f,0.015216468657168834
74c8dbccca14e4c9,0.9896198608712949
a13d2861af1b8b95,0.7729405971541442
3d0443784b9008d8,0.5473492261992347
30a6c22faea5d219,0.7295891433477159
8ccaf0cd13ec8d69,0.9464829216810927
ea79b75b6fa4e024,0.5027691886816928
df41150fbde2201f,0.509224128497225
6bfaf27148ca783a,0.6778326168509721
016b24ffbde9f2e6,0.9037750117233427
c7f17aea0b57c810,0.12596451461610136
1974cb4a4a5105f9,0.3976765280596314
ed6fb2d892b20325,0.32575562763763044
029aa7e7739f68f3,0.6495361888378692
1499ced0a7fec031,0.35976594497384784
1da835ae2069715d,0.16169094888212784
3b48789ebdae6cf1,0.5323332030634047
b2501a34b4204e11,0.3021785211815027
4e1bde0d2fdb1719,0.5857473425037141
bd42c11dc1ea52c1,0.06354076129429417
dcdd441194892326,0.49165343129542916
890cf601bcb4d1fc,0.7265079334055584
efcfd07026d6f75c,0.6495166875091216
6e5921c9eaa0bbae,0.4362306549940933
076e6b937f9e0f1e,0.9443572768475792
fe7aa6148631a52b,0.4129460684691831
0204709b122147fa,0.08499222291690833
3bf87c4ce9af3343,0.09359230889470181
e5d3cf73e07cb881,0.6782226434259288
d79da024e674f570,0.735673557917039
f137410611053710,0.16475265749553733
4b48a5ea7d8db38d,0.2357959981238858
6e5b5708c1bbde63,0.6611199781140809
2e21f1e2f4f0d11b,0.31423034234766234
2fcb7b875a97fd67,0.8765706581201185
c9c50dcabb2aaebd,0.09556194309823274
ade709965be588c6,0.20816261528820923
e99ce68035fd1383,0.6682964670932829
9abdf47140639086,0.9901073940899907
c0370f3f688a69d3,0.932246951695176
023ecf078fbcbe04,0.5158350789427397
9366b2145d9ffbaa,0.9034824917921253
907dcd98979cefc5,0.19224953102997908
1430d1f8417967a9,0.45932022823152524
12cf954bc6f7953f,0.9780360715950833
9f439978c3ff1caf,0.7707174456768914
3d566b52640665bf,0.8847222135367118
1da24b04359879c2,0.24072983429708708
5fb8e8cdc5a458af,0.5392951774263804
69f63de79af9dd49,0.699654603719795
078cef5b5f6aff6f,0.8015100437697166
ee64ad3ef7cbc727,0.1343500859776687
30f789de29e44c84,0.9074997655141785
ed6dc35d0f6c3f4b,0.9831259183982671
24171dc6016596e0,0.7457752462084156
d9753be4a4ac4d5f,0.9577156870398433
08b18f56dc4a9978,0.62453548538315
2fe99f58d73a842b,0.1682043926839034
231cb4b19f8ddc4a,0.13758730654980866
a0f57bb92842d2c6,0.25982163514121365
b451e5af95310e52,0.6467865014844252
4d5e3c273bff2df6,0.6940577223691676
69445874395ad7f7,0.12715409566971902
72d5eb4d04446c06,0.3006964201966676
676277c834acaafa,0.22035094575560363
345fac6fcbfce3ac,0.6332720806621783
77268d80339453f4,0.5489678364853047
0a3d332e3608b10c,0.846733625135937
3d3e247d278aad6c,0.971386118492073
c6d0f1503380066c,0.9737262779418127
a7ccb8ff054ea663,0.8728849069867782
d3b3fd3963b35751,0.8289094106604192
e361e82e1559efea,0.5506449507576181
94f03a339108fe12,0.03926160700324452
0d6b47fe3047807f,0.5976821556973865
f0d2a9398458201f,0.2214430201654822
8189ef648444f31a,0.7719070267305091
b341aa9047a23001,0.3600194622475696
0b603f589ffe5334,0.9023709160534988
dfcd5836b6d7807c,0.926123534468357
c69510f82760fc8e,0.43894133969004184
bc2b0e3b0279f394,0.0669534938251646
9e59359a937dc386,0.28607042363579427
9bd6fbbffc3029b7,0.44463572768440857
78533ed0a4d75031,0.47490178990104226
24d3b857d9ec7516,0.9733362513668562
d9f1874f6346d786,0.8717733312481519
6588a72e611a860f,0.20391132562118203
52fef00321899df1,0.9074022588704393
b3c2a81210323102,0.22425121150516986
c1501d30afd688d2,0.4125755432229743
2bd1f2fa8a7cdbba,0.2700013287475815
7472a7ac18cd8ab0,0.9445522901350575
b1dcab1c1027e375,0.6788271846171116
2add558fb5890d0f,0.08009738940120273
51a6b2ebff82bb8d,0.7083911989988234
3486d76917d26380,0.7476278724394594
7d9915dadeee6dc0,0.5698147569167359
1a5e5859e62a5ff4,0.0320266140377992
ba7cc06ca707247c,0.603981084882936
3c42318ad81df936,0.07918082695005466
e7f32c62736ba8ec,0.3933082304201172
01970049a1d79ee3,0.8319126152875854
c34d08417ccc14e1,0.7694888619657781
dd08d7511ab95a7c,0.47308816632749406
147c9ed162930636,0.7291406127865158
4d55d8c7e32d9a9c,0.40988435985577354
1df22e6d0f4be856,0.5315726512422393
29e5cfdbc9735f7b,0.7124474753783723
529dfd620d6ee22a,0.44642984992920903
22b829fba260c24a,0.31532241675754086
712c502ecc45cac8,0.06656346725020798
2806f2b7f968844a,0.5185847662961839
1ff716c957da8f4c,0.11170904330143684
33a651d1e2266900,0.9736677739555691
01aa41460821647d,0.8040257151781869
2728591ac3aaa7f9,0.7964201969665328
62153e0ba99bfdc4,0.8099736204462753
a336835871390b27,0.31430834766265364
66040815dd14bdc6,0.2907702438640215
e0d8f324ffe3e925,0.7382477333117526
e7d245b8d234167a,0.21941488197570774
b30acd5fe8990b03,0.9721076676557426
8b87df65e3f61018,0.5023791621067363
92d913128fc856dd,0.6584287947468802
c1aa97bf3aa49c01,0.4319403626695705
37b85ed57524087b,0.893692824760714
fbbd2368a21a9e6b,0.46355201656980466
39795c53fb16d719,0.44233457089216444
6d637bbe837caf77,0.5681766453019182
ac09426ca8b44dc8,0.859077966233314
0007a5bb7310d604,0.8722218618093521
f8c5400d321751bb,0.9356206815685508
5c5d74b2ed3fe0b2,0.2700013287475815
a0d70afd5aebab39,0.3133527825540099
dab67f5669ab1b4a,0.7487394481780859
b094a6aee2983e4b,0.5875024620910189
76eceb39e4bbf598,0.6421841878999369
08792ceaef2278a0,0.31541992340128
421639eb32096298,0.5751581209936418
3732446a2dc0ff2c,0.44368016257576487
f42e7bbaae983e33,0.7558184305135486
1d7a33be5e41401e,0.4697534391116149
c94efe294bf687bc,0.747335352508242
54153bda194f6353,0.36934109738903287
275f14633d4a7de0,0.15194028450821231
7a750521e7810b4b,0.9329099968726022
b94bc2b4bd62e236,0.6199916757849052
3c2076842f11afcb,0.21771826637464642
53c3d245534bdda0,0.08058492261989851
bee1ce38b4653a33,0.18121177895870672
7fcd7a8a7c44d7f7,0.08588928403930854
60fc2edd396bed1b,0.5858058464899575
df7a1a739d1e3d31,0.7148266374856077
293173b622ae6047,0.5557347975608019
c18a9f29b23ca49b,0.21803028763461174
4497cca94390df91,0.383869587306167
40d9096835771f2f,0.81937326090273
ba30e997b8338d76,0.8200363060801562
56d89283c0f5c7c8,0.2756957167419481
f460984ca4f4f1a0,0.39250867594145605
63585cd6e35862a2,0.2694552915426422
26e41712e705d5ad,0.7170887916203561
0a056eacd56539b4,0.22485575269635258
9060dd63376b8616,0.5591865327491681
f11e51ec27009738,0.7225881663272444
d0496dc870887d72,0.5557152962320541
65fef6d3fb26ca70,0.04167977176797557
a586684b41fa9769,0.6196211505386966
3bb2f0950e70a234,0.5406602704387286
6c6a97e3ad10abbf,0.8790473268710929
ede33053b334b03e,0.6905279818658102
0dfab1673fe84ab2,0.4709430201652326
f65b0230673c2e76,0.5676891120832225
5618ac6872992ff3,0.98786474128399
77febd71dc7777e6,0.9081238080341091
7f54b45c8c0b9310,0.8816410035945544
9273e3e5412cfeae,0.7537122870087828
52087475796918f7,0.3091014928869827
643455f14aa1df04,0.031110051586651137
d1b24b005a16d2e7,0.6112745818346248
88788f98d41f9611,0.6730352899790057
bbbe50af555f1d68,0.5038612630915714
1bfe964817713a25,0.9910239565411387
40d6df07da814020,0.8624906987641845
8a96d0eccabff7b3,0.022080936376405364
439300a43f735490,0.15077020478334244
bfaf88448d1869a5,0.7952501172416628
1eb331ca2d61f16e,0.7297451539776985
5ad8f23386d2ce42,0.7939240268868104
69ddf95fb1e28199,0.7294916367039765
6c224fe2f90a4ac6,0.3340826950129543
7d2d81f3b2e16bb2,0.8700962169758385
306bcc14dd7bcd69,0.8994457167413242
db0b579d4d6c3202,0.03337220572139954
5e7670a553fae63c,0.6271681647641071
999f8c054ed84981,0.2974201969670319
645969c8fdeb22a1,0.031578083476599086
6158cad9f5117a45,0.3912215882440993
3717d43b0bfbe61e,0.7418944817875972
8ffc981637d61bb9,0.35126336563979343
8b934f4c25070ad8,0.289678169454143
15701cad20890a02,0.47507730185977276
4a22e527eecd22b2,0.5474857355004695
6b7e69ddbeb27f14,0.8913331639822265
c44f66a5254d5ede,0.9599973425033397
1dd06cc994df91c5,0.8549826871962694
43da23e0c905b332,0.5046023135839889
cef6bb5fbd6d7d4c,0.10098331249012978
74e65522686e974b,0.2856023917458463
b2ec41e4d4e17991,0.31144165233672244
7adfda5837586ee5,0.4289176567136566
7be7cd83da184778,0.8039477098631956
331453c919db4a8a,0.22218407065789975
1ad90b2ad8ec5751,0.09179818664990134
06f305aa47e1f3e5,0.7886001641386525
5d77b6a032a98222,0.6373478583704748
2fadc388cbe136d8,0.074988041269271
3a64f59d79eebaa0,0.4348070579955017
e9d4d3a03ce54237,0.7417189698288668
5bc032bc2d4db536,0.19441417852098836
42afab27f6d63b09,0.6412091214625454
0ce59aff9d61ddc0,0.6886363529772707
c4b23b3e64f8fa59,0.13903040487714816
df5826f4adc2407c,0.6466109895256947
1006c7d207337c5d,0.20749957011078293
74f20f15f7388f9c,0.019545763639187332
e8c69436b1cb3320,0.3560801938405077
609680f04da9fb46,0.20837712990443538
060d99e1fde9dc79,0.09690753478183309
6555f0c293c5a1f9,0.7860259887439389
cc835ba475e9656e,0.8475916836008416
960c65dd29d3417b,0.46249894481742176
c7596c71a0f505bf,0.08384164452078628
3f3297df319604e8,0.77342813037284
21c886bdfaeba657,0.9724391902444559
4c47eb742008376f,0.6632846256050903
0360ab7e3c03e1d6,0.3759130451770519
106e8c5cc993ce96,0.6234629123020192
3f189ef767336273,0.6394735032039887
d87c2b5ea60e2e70,0.1645966468655547
924a02ba0ace2e0f,0.3190276692196287
e0a93aee5351fc40,0.8987631702351502
60036012aab0d68e,0.5792143973731906
92196298fd1f0a2c,0.4518902219786016
2c9507cd32c0dc32,0.11767644989827315
f138d3401d1ef8d3,0.11625285289968149
0550e84ce3342ea2,0.8769021807088315
433b7b91aefd0d89,0.1352276457713211
2f084abde9824f95,0.17444481788320934
aec34c208a4086e3,0.8199192981076692
77832263f798d3db,0.5547012271371669
423646a4264a51ea,0.5749436063774155
99a11463587499b5,0.6981139987487166
5666dcd2f61e1fdc,0.4911463967479856
414bb3e31a06b128,0.9597828278871134
9825bfe27f61ead1,0.5844992574638528
3e8b0ac764ba974f,0.03054451305296404
f494e58fc4f527c1,0.32501457714521287
4b3ed9d300487cc2,0.855021689853765
064d5daca103bb1b,0.5029642019691711
1a4b5aa55f664cd7,0.36608437548814504
65fae5433da58938,0.3912410895728471
77df36f32951641e,0.08579177739556938
2734faa9175621e1,0.9784065968412923
6952ae6c0325e147,0.04698413318738561
bc49ff32a733b5b3,0.6227218618096017
ddb437f22bdce5ad,0.8154144911669202
ad2ca89540526e80,0.992837580114687
8eb86976f1f7faeb,0.9516117711417722
351b2cac3bb60649,0.7164647491004255
f3685748a7717d4b,0.2337873612628592
af64f4a787a28c01,0.15272033765812557
e41d8e72f6a6da64,0.2335923479753809
43199fd3cad0d080,0.604566124745371
08639490dad5a32a,0.9257335078934005
251545c20caf2d9a,0.5523415663586795
657fbf140a397f3b,0.44697588713414826
d28dd01372e08f90,0.5104917148658339
fb9bccbf5affc835,0.0386180631545661
0c3e0f0e422bc214,0.7108483664210501
b6fe616b3ee4f983,0.5520100437699662
1a05d9b0ab2c483b,0.5931578474278898
be053c37d8d326fd,0.5427274112859988
b0cc45542dd09eba,0.4529237924022367
0d1c9ebdc72b57f6,0.35812783335903
926a38d305ede2ee,0.886652845082747
381047d838351f95,0.4963337501949086
5afb977a1eeba5b5,0.40434598249138953
1ef7c785c8633cc8,0.44898452399517486
2f0bd78e22c8874e,0.8081989995302228
2765e2bdf659e633,0.15057519149586412
31756eaf193dde51,0.24373303892425305
ba5f5a3df72c6be8,0.8591169688908097
90e87591d24ae44e,0.3127287400340793
f9f063e55d3db8b4,0.6072963107700673
3ef90711b7e5d86b,0.6963198765039159
ec0a6ecd2422c215,0.6007438643107961
2a75009bf5006a5b,0.32398100672157776
9edf622febac0e4b,0.6322970142247868
9cee551773541f4f,0.42228720493939415
2a07f1c2d7378d29,0.4598272627789689
aacdb09c08c9a960,0.06779205096132133
df9753fd02aeca78,0.4153447319051663
ecc853e05f1891ac,0.6268756448328895
859bd8582d3d2811,0.5423178833822943
a124273d56f60796,0.5496893856489744
9cd33034524d6b66,0.4008942473030234
9e58973154c42431,0.04495599499761119
fe78518186335668,0.08146248241355089
0c195b45f68a8952,0.29032171330282147
bb6b109cc9317218,0.060791073940849996
a58342d3aee051b5,0.2310766765669107
48f975291ebf9397,0.7932609817093842
672604676c29d735,0.681888893230521
144b0a7e9cb057ed,0.9241148976073305
02ea6c1ef4cf0b61,0.03471779740499988
fe3c47193f742bd1,0.2732775519772171
782fd306b790e8b4,0.53426383460944
53f0ab0c206a7f5b,0.8030116460832998
2d15bf73a2700357,0.33302962326057145
569b34b568032161,0.8509654134742162
d98474765b2d7880,0.5927483195241854
f3088caf81ec54f5,0.9216967328425995
884de3bae564118d,0.978757620758753
5b62a55571d795f7,0.5631062998274822
e860976e6aaf78f3,0.6515253243701481
bc5f8d0b2f9683ba,0.02455760512737991
92555d85c6369cfd,0.9129211349060754
189861fc294e0daf,0.4524557605122888
b8212e2222eb4313,0.08446568704071687
53afc56ddcd63d8d,0.6736008285126928
0592b0cab7becf5c,0.48919626387320236
ac4cbdd76a84da91,0.6077448413312674
f2eeb139d518ca60,0.7488564561505728
e02fcc8b8b63c0cb,0.28809856182556876
a7f194a18e15e185,0.3396015710485905
b9b57b5beadd1490,0.6876027825536356
357c4988d289017f,0.4309067922459354
f0d98c09bd71837f,0.6455189151158162
b1c0df4bb0c82383,0.63514420822197
5bb361813a233522,0.32536560106267376
c3eeda7b200e2c92,0.30818493043583467
db0460b8a23a94e3,0.5438194856958771
3c80f795a35190af,0.15455346256042166
ecf5824d8b392491,0.23563998749390314
5fc7a11376239e12,0.06740202438636472
2008fba1ef946ecb,0.7190974284813827
e2aa59fe541e0ac8,0.44857499609147033
09b5c7802e6b561b,0.016367047053290867
988df0719acbb76e,0.6594233625130196
48d79ec301d31948,0.3608385180549785
d288ed9b89b3675c,0.19441417852098833
75abd1caba2694a1,0.1823038533685853
3660f3c735d8a187,0.5265023057678032
0440ac4598276f6f,0.9192200640916249
836bbb09e4831df8,0.43835629982760693
51432ea27e463eb4,0.3261066515550914
3fd99194e4efb12e,0.14413975300907989
ef1b4ca1f2c1e357,0.16001383460981436
70c464af7e1cea4a,0.0701517117398089
54c64f47d761f86d,0.6804262935744336
333dcb05411a601b,0.2875330232918816
11861d1571dcc3a1,0.31969071439705504
20e00d08f625d409,0.7080011724238668
8574c4f5b2db8c92,0.747335352508242
95feb433faa8520b,0.8612231123955754
1dd496796a5dadff,0.3378269501325379
c1c248e8483e9ef8,0.2908092465215172
5e0dc0f0f0ea48f3,0.20541292793476507
7ecca4d6c9eac123,0.41376512427659196
58dbf7650b2286e5,0.23616652337009464
4c62224901fd183c,0.5466276770355648
affa636fe0cafb15,0.8365539315295691
c9f2c416d003a925,0.04676961857115947
c19024a709757f11,0.4959242222912042
d3444b15af3a9536,0.672781772705284
2f54cc2167b0cfdb,0.2917843129589088
d974c7d47092679a,0.17834508363277554
1f04a25da2b17ee9,0.6670873847109172
f133299dc49c2bf2,0.10461055963722637
9542ec8d29575b20,0.8883689620125562
6e476b773a15e2f7,0.08844395810527442
c468f0fe05876276,0.21925887134572508
1bdf15bc47508221,0.6497897061115911
687b1d6eaf1bb287,0.7281655463491241
fc8590ee9d55c5db,0.10240690948872144
a4379a3efec7361a,0.04156276379548858
30a2e56d4d608b28,0.8054103095192829
4b400d52635e28ff,0.9773340237601613
992d4d4846551047,0.8006324839760642
b91c089133d42f62,0.3999386821943797
c98879c523da912b,0.15831721900875304
7c8f510d8af822b4,0.6887533609497575
9d674a6212b3431c,0.19872397217425897
d3da05b2f284cb87,0.3794622870091572
853ab873686c227e,0.7619808503978632
ee0d55e13012503e,0.09094012818499679
fed761caa06202e1,0.22926305299336242
7750406f980f78c8,0.7454632249484502
e8770d9a28fdaeaf,0.9556485461925734
4025856444b9ab51,0.2381166562448777
1d0cc87631f52974,0.9939686571820613
f87d2af1aa151b69,0.5049728388301978
e2746f6359714da0,0.309881546036896
6b20c519964ca8fe,0.2633708769733189
ac0ef70a6dbe1ce0,0.03760399405967888
29219b6baa3ffa60,0.6164424339528
ef5245dc0733939e,0.44210055494719047
26d625d3997169dc,0.12067965452543916
ff9580c0b2b1a370,0.8158630217281204
bdad383d41eac454,0.002891628888539612
a6bebd6247dce4a2,0.9156513209307718
846ab5063b60d099,0.9665497889626108
1e342d4cd0cd2bac,0.49931745349332674
b111d554bd56dcf7,0.5204958965134713
9ddbb649643fc0ee,0.8604430592456621
0dc9c8998b42da67,0.76003071752308
80444594c0d4b5b8,0.37907226043420056
9bf8b2752ad4d752,0.922106260746304
794812675f553fb1,0.6032595357192663
c60c7cf09844c202,0.5318456698447089
06559b4012a85953,0.11404920275117658
dde7362e34a81ac2,0.45253376582728005
fa1ccff8a7481b47,0.888856495231252
89c1eb286bad23b4,0.0584704158198581
b389067306356b78,0.5619362201026122
a4328554fc4a45e3,0.8174816320141902
fe2ff0422ecd1440,0.44016992340115524
e1f0e9e0dd1f6a8e,0.741465452555145
e431bdc8db1622e3,0.6363532906043355
54d5ddd4fde3db7e,0.08520673753313446
d6a2262fc314d2a8,0.5066889557600069
e7039d9ed0ec0c39,0.107418750976914
357fb25344e0d8ef,0.3947318274187088
8479ceedf945cd0b,0.43428052211931023
30e12f447d932d19,0.6225853525083669
a33acfadc007c5d3,0.8355593637634298
32b72fee7f2bc37f,0.37963779896788763
e2ef0cf7c0138e95,0.8152974831944333
c53a5098d3feab43,0.7482129123018946
2d1a504956a9bc59,0.0773867047052542
5b9d63bb61f11842,0.21015175082048798
f8fbcd4440a074e6,0.6375818743154489
c18b0ab8490d1c66,0.40311739878027614
18cc6b0ca558d790,0.8474161716421109
c78d6d8adb708879,0.15186227919322098
928fe114a90feded,0.6967294044076204
806b11fae1f6bd45,0.2810585821476017
ac8d5b4456a25f98,0.2635268876033016
0de3b4e998fb61e4,0.04981182585582111
0344ee3e70daaee8,0.7522106846951997
9459a694f708e7cc,0.0471011411598726
f8f24bc3cf3562cb,0.41951801625720214
fca0d01a476eb58c,0.33759293418756386
ef25fb3354e1c732,0.7154896826630338
83ce56a22c714f81,0.8392646162255175
781864846ec190fd,0.293948960449918
99c27791616e6a14,0.5199888619660277
f00a56545441ae1e,0.14244313740801856
160c77c56d0bc3b3,0.04924628732213402
6bc7f7e6a8dbe398,0.4021423323428846
565c31dc34339cb6,0.8263547365944534
d47a57dc58d8cfca,0.5585429889004897
7d91fd093f331634,0.8597215100819924
a33fd6143896a064,0.03902759105827055
af6776fae916125c,0.9506172033756328
eb63791dfd566fd7,0.8102661403774928
fd94632e98a57fd7,0.7491489760817903
7afa48755b2905cd,0.9873967093940422
cbfe89a23b516339,0.6963588791614117
bc9eb4d602b27458,0.4361136470216063
fb8b7e3482eaa33f,0.39865159449702287
0d172dce11eeef53,0.2702743473500511
6cb7efe2f15a8b1f,0.3641732452708576
0b234c8955fa5560,0.0842316710957429
1564bc14da2389b8,0.8254966781295489
11d440c4ffeb2e60,0.34513994841297446
fa46240b99291663,0.8237025558847483
52eb5978e0a48397,0.9411980615904305
bb2cb3fc47f785b4,0.7667001719548382
bd402ae2e81bc456,0.38002782554284426
5b2c73c3c2fab67b,0.0037886900109398406
558785e2cd64bd4e,0.8730994216030044
d8d0cdd0e630be6e,0.9921160309510173
54a5cf67504e37cf,0.6310684305136732
b7225c4787addde6,0.19320509613862283
2e444cb3f4217098,0.26268833046714485
ae6ea7b6c44fe6f5,0.6871347506636876
8917e3ac1e161b77,0.41392113490657456
ca8e1b8f4b045be2,0.9327344849138718
b16a002c43cda488,0.9021954040947684
38988311c0c8e2b7,0.7500070345466948
40ac9a289f991b8c,0.5391586681251457
83dbe87c0f3ff118,0.5552862669996019
d8412746401ef6ff,0.1456023526651672
95a1b17435300c3e,0.5075860168824072
9576e0a63d76b324,0.38971998593051627
8e43c1faf8514a42,0.005426801625757647
64462847893bb0c3,0.7117064248859547
2e8d60596fe0288d,0.041465257151749424
e3064eb18f25f417,0.9216967328425995
5c24da1b9f2ac392,0.04054869470060137
ad26aaf8f4bdaf41,0.5304220728461173
a21097bbd8645f25,0.10371349851482613
cffe1ff942479449,0.09343629826471916
39170ff154aa8058,0.7202090042200091
0e2b77f6fe4d94af,0.7661736360786469
4fb4ed274c87cfd9,0.22984809285579735
dbe218b606bf3cff,0.6214932780984883
b1ff3f405ab15e62,0.3489817101762972
b77bd0eb977bfde6,0.006830897295601484
c65c01d13c9051fb,0.7952696185704108
9f7d2bd32579e9b3,0.3828165155537841
1d42bbb95380256d,0.7291796154440113
799c5bdb519f3962,0.6118986243545554
af54b26cbb15ae3e,0.45300179771722804
9ce958c47b1e7d3c,0.7370191496006395
d39bba0520b226fe,0.46267445677615227
c4923735c16e8881,0.005953337501949086
43506b20fd8ac430,0.2694357902138944
685b0ab35ff084e8,0.8734309441917175
03212fcbf4fcc22d,0.8360663983108734
7aff26a87411e8ee,0.8303330076590111
9af789cec1453f89,0.06980068782234794
41f2ebd04afb728d,0.789458222603557
a3a3009c55baa210,0.9805322416748058
688382bd40810598,0.4086947788021559
42cce10beb6c55b1,0.1490345865247855
59fe211f9aa2b83d,0.7549018680624006
86466c925086fe3c,0.8924447397208529
cd36f54626e83a21,0.22899003439089274
ded728c05e20539a,0.8375875019532041
0c7fd3a164040b3f,0.8515309520079034
614f526f552a972f,0.1909234406751266
cf076cf42abbd2a6,0.21516359230868057
e20135d1136fb289,0.2316617164293456
2b40340f15b07950,0.8192757542589907
92ea7f3ec80af25f,0.9330855088313328
1de6db095fe81c3a,0.7625268876028025
e13432ce761076fd,0.5842847428476267
ae126eb3da41487a,0.12251277942773528
05436df37c119ff6,0.6681209551345524
b9203ce854a26300,0.545223581365721
e39f8336b7fa1f6e,0.8396741441292221
2d031b0318ea5a02,0.42661649992141265
54304b5c419290ad,0.14328169454417533
e9b3e8a0a4077e28,0.0576513600124492
1dced917867d765e,0.802758128809578
c004a070a93054de,0.8400056667179352
3fa194a91f4562c5,0.3776876660931046
76d5a2300ca56933,0.09495740190704999
993bd3c445b80c92,0.5774787791146335
16eff5adf0cf07a9,0.9843545021093806
19f4c91cd1038cc8,0.16816539002640774
4ace42dbd199d1b2,0.34847467562885365
8232534ba45ef07e,0.6807773174918947
a2eb06ecbdb56bd2,0.09569845239946756
e33ca091fb503e03,0.5083660700323205
8b65603997a5d0ae,0.17961267000138453
c4702fc1a3b838e1,0.4077782163510078
0a2ca915437c9a04,0.17703849460667087
6e4d60a1e5913350,0.12998178833815455
0eb4def034c0e542,0.9315059012027584
0dc7bc6ce45f37c8,0.01562599656087329
69c1bc9b1691880f,0.5793509066744253
249619e3bba248c5,0.5025936767229624
8a0925f386616243,0.44184703767346867
c609c9019d1d7b32,0.7616688291378979
dea132cdd56b9c8f,0.9169774112856244
24c6ff18b883edd2,0.9826578865083191
06ea151cc4ea5974,0.09950121150529462
dde1072c2340c07c,0.06835758949500843
bf6234d11406ea49,0.41314108175666137
610c0fee53d0cf9e,0.783003282788025
fc0691273040fddb,0.7475888697819639
46bbaf2bcdf5a362,0.5071764889787027
6f4198d004803569,0.4229697514455682
3f726ca9a49e022b,0.21836181022332485
2263ab08ec01d546,0.2016881741439293
dc2a61d22023b42b,0.9875722213527726
9cb03c429bd54976,0.01755662810690856
d3d5427c6c9640bd,0.8681850867585511
a356aac05b7d44bf,0.17530287634811392
2c28820cf1ae8254,0.7768018602462148
cf49994228b74e3d,0.3124362201028619
ea984ee0501b30dd,0.4203370720646111
3639d96562366ada,0.06941066124739131
007d989968211b0c,0.3305139518521012
47b004a1df7ac9c9,0.5484998045953566
f09cbcb79049a436,0.838757581678074
d3e17fc998bf6787,0.5224070267307588
0c6c8663f624c58e,0.11828099108945592
52720efef03dc54f,0.9404765124267607
c6a5cca33f57da61,0.2591780912925353
b1208369a0074122,0.3547346021569074
b0563e971ad0dbda,0.07516355322800147
a0bb9373f1dff1b6,0.772492066592944
607b5d747f350fa9,0.835851883694647
8945214e2c9cda71,0.9224182820062692
7fdea294906af44c,0.8323221431912897
1f3c2f31d844d10a,0.05384860090662215
248eb5a4a5179bb0,0.9483940518983802
f7522ca250fc8477,0.32739373925244825
3ac3d9675fc09e64,0.684307057995252
b65116a131be84cf,0.88123147569085
7cba939dfaa4fb1c,0.9442402688750922
4e484a321de70373,0.6371723464117445
48c00464ee810da7,0.7812871658582159
11c760a8108e0ab5,0.8790863295285888
4ece5849758d2bbf,0.374177426918495
2d34cfaba66dade6,0.857108332029783
597b3aa023ec1731,0.06424280912921608
65e095698c6b2018,0.861496130998045
d4685373bfa64d8c,0.20410633890866037
b2a24aac339b046a,0.5001170079719879
d018e1502c830522,0.8066388932303963
b4a5d705266bfd48,0.4155592465213924
1bc1ad21db736edf,0.29036071596031715
3584862144963b16,0.337222408941355
64acc3b4a0341a38,0.14566085665141074
ae1b7c2913418b6f,0.011491714866333106
5ff184c18b029b7c,0.16483066281052863
d407cc2c1f68ef5b,0.8354423557909427
10610f40d2c4beb2,0.11229408316387178
a8e72b280bf38b81,0.2560578786928824
4802ee9701571a2d,0.9888593090501295
c0ba503ad79cb130,0.9934031186483742
a428e18a2571696e,0.5680986399869269
d973ea3bf88a0f3e,0.7476668750969552
cca48a6fecdefbfd,0.5490653431290438
387eb4b1c9690ed5,0.17986618727510637
f9b045f246df515e,0.7917398780670534
b8aa274fe0062de8,0.9517287791142592
9d67fee3adf9e1fb,0.8406687118953614
3196cf2ddaa8893c,0.7354980459583086
c6cb67394ff79930,0.562540761293795
b713b9f13a1a825f,0.4194010082847151
0c55301e8a9a0e8b,0.8108316789111799
06cf6a66edc51d64,0.9590807800521916
73877568d5adcb7f,0.05515518993272682
6e713b6c6d9ff701,0.8814654916358239
35b98290788b0e15,0.9003622791924722
c1699d21d21f249c,0.3050842191649295
4d4b1f0d9defbbe6,0.9383508675932472
c1eb4bc9fb4e0c7f,0.6310879318424211
ac64ea4bb93cb2ae,0.7975902766914027
a6c0198d0ade9eda,0.8896950523674088
4ee5d36590d4f29e,0.5601225965290639
39d7718a5529cc62,0.015977020478334245
4f6e36e222d122b1,0.5139824527116956
f7b65c4533428cbf,0.9654382132239845
32839e57f8e1ec72,0.6511743004526871
0a631a26c3a1a8ef,0.887003869000208
42ae365efff05b84,0.3183841253709503
aaf16c83ac07884a,0.714319602938164
e3fe57ec38bc0cae,0.3611700406436916
a269d748b94103bf,0.3683465296228934
29320c0461eae48c,0.08035090667492453
98b75056b390e87d,0.8234295372822787
a18aa53890bd84ac,0.7525617086126608
fc5a2a2354cb11ed,0.19552575425961471
912408725cfa628f,0.5755481475685984
6453b1a068b68ddb,0.7633459434102113
d95e854d614ff5a3,0.6236189229320018
85a79337144b2a84,0.42322326871929
b5e18d3eb66f6250,0.11085098483653227
3b90fc3f1087e3d5,0.08563576676558673
36f89bae0e5df26e,0.6933946771917413
7de9a21c9a6df7bc,0.9391894247294038
4ad662d48155a76d,0.6222733312484015
1016d05cc8d07dfe,0.5632428091287169
b0a028857d9a81dd,0.43057526965722237
c7da65ddda5ab002,0.769956893855726
8faf1048140782ab,0.5207494137871931
d0f1cbe5f5c2cc97,0.827680826949306
766a85256e2db000,0.11258660309508925
83f8495a5ff0fc2d,0.1442957636390625
a57ac84facc6651c,0.8629782319828802
3e18333d2d1812a0,0.15195978583696013
2e2c93c0b28242d7,0.8017440597146905
290025e556e7a964,0.3299484133184141
34abf7197c7817bf,0.5415378302323809
4c990af23095a8ad,0.8827720806619287
b30f0e7ab6ef02e6,0.6559716273246536
955f054ef8ac2a98,0.983496443644476
efdde8377abe8fe4,0.6439978114734852
cbfaa9b940f4c2cf,0.7723555572917093
51e64153531937a9,0.9243684148810523
3b7b80317148399b,0.8603260512731751
b1de8383db45dfc8,0.7147096295131206
0d3f9429ecf4d4c2,0.07412998280436642
c4499c39e29ecf53,0.4140576442078094
7800f7a3f936332b,0.11802747381573411
b837532e3fdf4a50,0.3476361184926969
c681da0099cefd6a,0.2052569173047824
c7acb3b5705e68f2,0.2179912849771161
7072f5cd32c791ed,0.939618453961856
00b5216b2f2dfa33,0.9986879787390365
b2ae02f82d15b4ad,0.590583672033176
5ddd4c1db54b9114,0.3706281850863896
3e6fa59b53549aa5,0.38513717367477596
6b853eda68180bf6,0.7713219868680743
0ee247af650122c3,0.985017547286807
9e2c6c5193f21067,0.21284293418768868
6cb5b3e20565dfc2,0.9377658277308122
dedaeeed301662dc,0.11742293262455135
7244a91f3ecd611f,0.011803736126298401
d5447b494619e05f,0.5955175082063774
d114e64d8dfca5ca,0.09466488197583252
762e061721ae89c2,0.024947631702336524
0359613691f7c01f,0.40067973268679735
ca90a47bd789f6fd,0.75104060497033
b43584123f43b018,0.3027830623726855
0770e000ee552df7,0.8569133187423047
b396a1df0d592f4f,0.24525414256658387
51ffd9a173cdec87,0.971386118492073
38e628d583de2dcc,0.18487802876329895
5e444909efb4f076,0.498946928247118
147047e5cda600ea,0.6368018211655357
02f5e786b6ca732f,0.2932664139437439
b29abac474eba51d,0.9768464905414657
14f09256775b5595,0.66032042363542
4132a178395f2d42,0.7679677583234473
3ecf5a5ba7668082,0.27555920744071327
f7b8ef9f4baa3954,0.9187715335304247
344ae6cefc6e5e28,0.15907777082991847
9f8993a4d3fd8c66,0.5087755979360249
02fb2d64b2963430,0.5701852821629448
cc3e88fc10db73fd,0.7770748788486842
e1b25ee0d1bded29,0.8162920509605727
6811aeda7c48195f,0.5721744176952236
2caefea2089d3348,0.8582394090971573
06624c42e6f173c4,0.9794596685936751
18d0862452891d30,0.7317927934962207
aeff78b9acbf4d71,0.4159687744250969
3c4fb720d11f542d,0.15273983898687338
ccf649ea4bfee844,0.37199327809873783
72bca5a449e85cd9,0.10388901047355661
fd6a74697a1a9ec1,0.08906800062520501
a629bcd8e7727428,0.2493494216036284
4234c32600399d7b,0.8451930201648583
dbf0f354d6059039,0.23723909645122535
3807b180f301e7e0,0.6063797483189193
5cff8cd0dc4c326d,0.43465104736551896
a28550e03a14c9e2,0.8597215100819923
244915cbbfabaa93,0.12038713459422166
f5d28c37e1483258,0.39537537126738725
625d0351dedf957b,0.5374620525240843
daa98d98f6971d07,0.4119515007030437
aac141e3478df5f8,0.5095751524146859
6e2d6b44bfbd409b,0.8887979912450086
34a46acb36dc8ef8,0.08009738940120273
f709bf78e6f0fe9a,0.32105580740940315
573ce0864f1f1a1e,0.238662693449817
d6421a369f95b35a,0.5431369391897031
6c74b5b293b1b97b,0.1579076911050486
51cf0713d5fbc070,0.6425937158036414
062ba7304652bc27,0.2066415116458784
930853397c388814,0.014007386274803309
2e48c840c19e48bf,0.5982281929023258
2a51f116e23cffb3,0.6865107081437569
070669d7057f8aa5,0.9425631546027787
967936eb15802a83,0.4678423088943275
83ec0a0ff919a926,0.2455661638265492
a35f4a25719a4b95,0.15506049710786526
e646bad2986e850e,0.6232288963570451
8b488afbcc578dfc,0.3329321166168323
13ea6594c14a4026,0.3324055807406408
d0e536523f93f64c,0.3114416523367225
0e5ca22bcfd8c5db,0.9256555025784091
9fb1e891c08b715f,0.026312724714684703
7199fd0ada65fcc2,0.3139963264026883
2275f9dac244010e,0.07155580740965273
24e5ed05f908296f,0.2849978505546636
6cb602b86bec19a4,0.7135005471307552
9325343b0fd3d676,0.3262041581988305
644e5f81463951ba,0.5599665858990813
37046a2dda9e5889,0.4894692824756721
c7df199599dc296d,0.4512466781299232
54e463d760c0c6af,0.05556471783643127
9bde8f101bdb4095,0.531397139283509
bc5c320666ed7ca3,0.08928251524143116
4e44d72109230bfd,0.6181195482251134
235aebae2ca0d45e,0.7719655307167527
55a1d48711c4359f,0.4050675316550593
c1ec685fcc48d91e,0.5006045411906835
a51c93906bd78ab7,0.6795292324520334
207c0a6423cf7a33,0.6063017430039279
c7693bad80c482e1,0.6553670861334707
36b92309f6e5618a,0.4480874628727746
26ee6d56130da0fc,0.7526397139276522
587c7d36156381d1,0.17300171955586985
50d432d2b52052b2,0.6158378927616173
b738afb14f60d587,0.9424656479590395
1157c08c11e901e9,0.7332163904948122
cfaea6958357ef1d,0.3303969438796142
d8b3ec80ec080d08,0.8821870407994937
809c8f80468b1337,0.5146064952316264
1bdded460bb636a5,0.9244074175385479
96cc52a1a3f13e6b,0.3492157261212712
c97a25af08369f73,0.09394333281216277
0de5d7bc5b46bdc6,0.3245270439265171
c6eca151f8576037,0.5331327575420659
7ef7f606745e05ec,0.020891355322787672
c5ea9ba7fa065f8d,0.9969523604804794
63142c0d75cf9aa4,0.11239158980761094
c396e609d01a9bcc,0.11607734094095101
7c9db70c27860a32,0.6226633578233581
8dd4bb6eda603b43,0.31842312802844597
d5eb724b5ea43bba,0.9366152493346903
e7e9bc7d5e2e5674,0.9051401047356907
24b3176d5020b612,0.809447084570084
6fed295aff782896,0.9973228857266883
12d17a3ef6b47faa,0.9538934266052685
2c550aa9cd671368,0.09942320619030329
df00e28247baf9ff,0.635261216194457
9449a45c9d7b914f,0.17703849460667084
9a8393310d9b352a,0.6033765436917533
e1b1b6a194b4b1d6,0.3460955135216182
7097d3e397e94525,0.2926228700950655
e3d1f895e94e8bbf,0.7485834375481031
6c46ce4b2303ecb9,0.4605293106138908
999760aff655cfad,0.06880612005620855
6d526f4593563124,0.38367457401868865
467801b5de42246d,0.6348126856332568
81c9cccf75c1503c,0.10763326559314017
bd1aa64c7a5dcc06,0.08871697670774406
df1a75c489d95957,0.17526387369061824
7e6ebb5b237b817e,0.17809156635905374
1aeecba2c7866fb9,0.5948544630289512
14269028868b89d2,0.26403392215074517
5ec456826b243dcb,0.3231034469279254
e574a546f8e193c1,0.9367907612934206
b0ce65cf243f3ae1,0.6444073393771897
8b8e8a00e6e1fdc9,0.14573886196640204
4a87b2b000e87686,0.7694108566507869
1175204fe5f8cb6b,0.28181913396876707
50a79bbfcd719a29,0.6679064405183261
0d8c215cc600c1f5,0.449647569172601
3ceb989ec05cb0ef,0.8983536423314455
c7ea3f3ae516dbc5,0.13821134906973925
060631dc9f8845f2,0.5889260590896105
4ccc3fe421151149,0.26600355635427614
fd51240f58f2ec0a,0.09246123182732761
9bb25b00d30f4ce0,0.013305338439881392
1e633867010ad35c,0.1485470533060897
90da0c9b099080e2,0.4507396435824796
f3ba8015df41ef05,0.7145536188831381
7006c751c11cdc01,0.5330937548845701
db5b922ab7ac849c,0.27844540409539237
8ed9c5e3ceb94d30,0.48258531342768773
32bc573af0d063e6,0.2579885102389175
b6f5ace9b32140b2,0.8565232921673481
2acea7857a236b62,0.5205544004997148
2dd5886a7dff0caf,0.691600554946941
cec7e9631578eacf,0.9377853290595599
aa1276a52bb96bae,0.8040062138494389
f90658bc8d521271,0.7104583398460936
8b65638e31a74f80,0.47230811317758076
233d4e0eb18d8449,0.9773145224314136
95e779988eaf54f9,0.5419473581360854
ce033e0586a41f4e,0.30307558230390297
29007abfebc6bd71,0.4531968110047063
37555eedf932eb41,0.41031338908822584
43f0b7fdd64e4d62,0.3465245427540705
48d11190742f10b8,0.9701575347809596
54167e2d347acd9f,0.1523888150694124
adf2b2540dad8766,0.7858114741277127
aa4854b6b5329860,0.9987659840540277
371dbcc2d3dab4d7,0.6054241832102755
29fd5cd58cb38dfb,0.9675053540712546
276d786a03dacf69,0.4355871111454148
90290aaf619cb77b,0.2610892215098227
80904c6eddcf06db,0.08573327340932592
5232eeb9a1fa8f60,0.940086485851804
6205daeed9459b81,0.23025762075950182
6b4abc5da4e3aad2,0.698757542597395
ecce281c5f6153c3,0.8170721041104859
926feb1c20abd0b8,0.01697158824447363
64874c60d39dc86d,0.9806297483185449
1868aaf30c77d6e0,0.6116841097383292
52e964be6dd475ed,0.9965818352342707
4404ade20ca8acab,0.9254409879621831
f6bbde7cdf6430cf,0.9983954588078189
6f9ac9a8227bf174,0.9432652024377007
e4afa0c3ef07f2b8,0.31313826793778377
a85d4f04f63f1f8b,0.2261233390649616
7f3411e87c2708d7,0.5408942863837026
5be924d7d731a308,0.3340436923554586
41ea202bf96f7295,0.30256854775645936
e7d3e68c097838d3,0.9235103564161478
c21ded045b04b1d7,0.375093989369643
a87de56d4f2dc966,0.08647432390174348
b073cc5a7d5d1fc4,0.33620833984646786
cdbbb57088163b02,0.2685777317489898
97a093dfe9e1eb64,0.9474384867897364
68aafe54d00b3081,0.6227608644670973
dca611f4099c1df7,0.2631563623570928
068c9856fb6bfd0f,0.06172713772074589
ccec2927e56ab3d2,0.025240151633553993
f4239e382087c8d0,0.9212091996239036
a37f1921e2ae64c3,0.4202785680783676
abc7d40ccad7d04c,0.06857210411123457
7be1ba405f826136,0.8963450054704191
82f1ae3eff7b57d1,0.31795509613849804
64bcb6835fcb93ff,0.9278201500694184
8a7d498479d37ffe,0.4909318821317594
ddd893f6f7c67340,0.1275636235734235
63438b2313c7cb87,0.1329654916365727
