id,label
6403a3f8d07557bc,0.4249471544711206
1b1d097ff5b144e1,0.42182645403335006
08c7c3c71a02ca8a,0.9187979987482999
7f09e9039629a38a,0.6772557848648644
1fecfdee265e685f,0.8526391494675657
2b1b1ab99f54e1a7,0.5536760475291531
f893cdb025b56c89,0.7821113195739527
84466d5fc69b1dd1,0.9061591619753296
e0f419be2a81cbff,0.3344468417757765
d9e55e1259c7c29e,0.8465537836139134
602d7f4b0882ec4b,0.578641651031317
67f2f87cc129d7da,0.8910237648521426
eec96ea0e1c9f7cf,0.02752595372104914
d85127e773ec4820,0.7034696685421366
9e96822b06b0f7f3,0.38312976860499603
c6489148a3f9498b,0.44273514696641236
ad5ca801b22a4eb2,0.12301938711682602
22e01b671e9f12bc,0.363469355847042
4953dbf3e113fbdc,0.26111038148817006
95397470f084bc6e,0.9965034396487852
ff39045f375a9792,0.2824871794868979
893575902a76b6bf,0.2113352095057308
4d9211d2b44f7d9f,0.32594293308285194
8205441451789e41,0.0593570981863081
5ade617aad761daa,0.9943189493423459
7d8bd74eaaf831a8,0.7663517823632118
3a4abb16616fb838,0.2945018761723142
6e14ae545a54ec6b,0.8762004377727329
a6d127f7b7a19a79,0.8307942464031722
e29e33c4a6eaf6fb,0.568499374608563
42b296aec3a400d2,0.48658098811708766
238a42187f0c12de,0.38172545340799935
4c99d80ab952e272,0.8148786741705428
ef909ea8db65784b,0.8350071919941625
53283f9869842cd5,0.9456360225131263
fa99ef0b96b51157,0.7764940587859659
3cdaa31c37582a6d,0.8911797998740312
e007009eea08f15e,0.39077548467753376
e46769b586a6b83b,0.8732357723568509
c77497b63a864028,0.33897185741054364
bceeb0086c625fac,0.21055503439628814
5abf8e5791e5fa94,0.9646722951835263
0b7d89ea3694651f,0.5833227016879727
ce60477eea0a9007,0.9746585365843918
847baeeadbaba41a,0.38063320825477964
aefefeee7da6b616,0.8354752970598281
321cc4b04985f915,0.5159155722321301
590cfafdd102ec19,0.5485268918068318
0a3027ad8dd82438,0.2519043151967471
01e58c9ae88cd390,0.23567667292034056
8f5eb2d903aad722,0.25174828017485856
3f1b90f008fcd5d0,0.8496744840516837
9e55098b34909114,0.822680425264969
ed3723d6f0b305ec,0.5981460287673825
e1d77367315c8c64,0.4698852407750156
b97a34687794c3cc,0.12567198248893094
2d9a8bda25c031b1,0.16936178861771772
367427e76fbb967a,0.6341901188236317
2d1de7cf3363aa2c,0.2840475297057831
d69cf5bc1f0112f9,0.12114696685416373
2a75c552e6a0103c,0.8718314571598542
943114c642b7e30a,0.3731435272041305
5f4258edf6c1b382,0.17731957473403245
ff0a817eba03cc6b,0.7970906816752511
c77fe2a4fb942f02,0.8883711694800377
df587d726667a5fb,0.8841582238890476
8c09d6fdeb48dfe5,0.17841181988725216
564e16bfb829c7a8,0.09243652282667525
e592482dff2b62bb,0.055924327704760565
33319a7020313788,0.7460672295177037
4700a73d634e28f5,0.975594746715723
e5d9aee597bb4052,0.3931160100058616
b93533776029ab4e,0.9818361475912639
e9274894e7ca5d48,0.013794871794858995
37e126228f093cb2,0.4751904315192254
ee5e8daf19a62436,0.957182614132877
5c2af7cb33fcb9b8,0.5627260787986875
dd6cf914fd458758,0.2102429643525111
7943edf1ba3d08c4,0.2902889305813241
50dccf68b6d84c9a,0.36128486554060263
71b1d024ea8e0791,0.466140400249691
a8ccfbc903739855,0.13284959349580303
bbf9130a10bb2e61,0.1273883677297047
41a2cd1fb3af1f62,0.6184305816128908
e5b00c5e94bb1efc,0.5677191994991203
8a2951b875e32f95,0.1659290181361702
4b4241c32f2ae2c3,0.32180800500280604
8beed49416c057b7,0.5725562851776647
1cc185c7cde5f29e,0.9130247029384246
635d0e269bd151c8,0.08338649155714085
9eb98f9a7202dfe8,0.13565822388979648
c224615f7e3ecda9,0.12801250781725876
f93a14286735bede,0.27016041275770447
c118092c44e808f2,0.8017717323319068
0972b7359cd12fb8,0.07511663539704906
22318b12ec6eb14f,0.8126941838641035
9c92d4068021c258,0.9677929956212967
053aaf6bcba9464c,0.38999530956809114
966f0341c7d1f5bb,0.29512601625986834
624826d8d4f7d476,0.2500318949340848
250e83ae550b1992,0.953281738585664
9ff420d30b835836,0.8290778611623986
f74cb9754e9ea82c,0.5099862414003663
8ab5a2752e698725,0.32539681050624203
56957aca1f34dcea,0.7746216385233036
a6c0cf21bf0a1be2,0.010518136335199983
427e6266110ac72a,0.9202023139452967
7b84fe626f3ebccc,0.7627629768597757
6abd9ee5808aa267,0.2592379612255077
15aaf86082111e4c,0.7677560975602085
afb1bcdc94b9bce3,0.057952782989311384
93a337e7b4fedfd4,0.4803395872415467
cddee4f1517d9dd4,0.5113905565973631
755140c7bd8e7223,0.5294906191364319
0ae88cec371ee0f0,0.21710850531560616
08a9f02754051fc8,0.9816801125693754
4bab179b9218d454,0.5368242651651925
2af9aad0b831d3ec,0.11147279549707521
7d330fd87e35ee09,0.6187426516566678
d79f0de699294b3b,0.7532448405245757
652a8c0826eb2609,0.7368611632262808
2ae2ef63a2565c3d,0.8100415884919986
1bcffad3764f7c4a,0.2219455909941504
707e78f41fd82174,0.22740681676024876
e4824a55ce76b702,0.07074765478417037
993182bb80730c31,0.5477467166973893
dd67c105d030f636,0.8713633520941887
3dc4dceeeecb58eb,0.7616707317065561
90a67d119116b976,0.860128830518215
a483f8d40e026f5d,0.08463477173224904
3d24648e710fafb4,0.33257442151311417
9104c44e8910b122,0.18855409631000622
47b77ad7aec9f1dd,0.25861382113795367
a66cc4155a0edaca,0.7365490931825036
1f4dcc29503e1a4d,0.5546122576604843
0a295834d6044914,0.29278549093154044
bdce8615df21ee2f,0.04328549093179009
694b4d3b1ed04c61,0.12723233270781617
ffd75ff5c92f624d,0.7189171357091004
717e992041e77d9a,0.6413677298305038
eb5157274916100f,0.6858377110687331
b77c5c610fc74da8,0.24441463414609796
41d2ba14e653bbad,0.6991006879292577
f2b612c9be07aabe,0.6161680737955072
3451e892c310a998,0.4895456535329697
2ab24c04722d8bf6,0.21632833020616357
38ded7c17115e7e6,0.9557782989358803
afed8219aa70efeb,0.5588252032514746
1e9c4d7d2de01fba,0.8173752345207592
c1bda90e9a3b9ec3,0.36393746091270757
d406fda410e7c177,0.9740343964968377
f49753bbcfabdaff,0.4127764227638157
4daee2e232e58a56,0.9347135709809294
858a9c1611f558cb,0.5177879924947926
05b0a9e8b1444d99,0.41542901813592065
8b2ac5da79a42e4a,0.917861788616969
222fc0675ea28b67,0.20540587867396684
77cb5f88dff15921,0.5705278298931138
947d5752d88dc00c,0.9701335209496246
309a531dddebb471,0.822056285177415
7e5f9d7d0cdf5a81,0.2686000625388192
6dfe2ff41e67b01d,0.4581826141333762
9a51f7696f388499,0.4801835522196582
9c5cb5a9b9b2b4cb,0.828297686052956
bc7e89abddb2aa54,0.998219824889559
5d3eff0bafcd186f,0.8351632270160511
d592e9d5579075d5,0.2689121325825962
475f765f9fa22959,0.8604409005619921
71d36204d6040aaa,0.726562851781638
78119b8ffb9aa8ab,0.3058924327701765
09d1e9b9b858fe18,0.7936579111937035
ba5f5f59e3b0b755,0.8105096935576642
3b7344f40bf64734,0.5243414634141105
1f72c876a5e3738a,0.7355348655402283
86262f7438a90d1d,0.4797154471539926
3f6e10ed3e6a6303,0.9769990619127197
ada42e94aae1a58f,0.8727676672911854
b5320e4cd134414b,0.6227995622257694
ef83ac91e80ddd9d,0.47550250156300244
b8a457f0c9f14bef,0.38055519074383537
74947cda3decdbb1,0.5508674171351596
a39392c735bde1ac,0.46723264540291065
afb321701a74d5b0,0.1376866791743473
df401b9701e04299,0.2684440275169307
c9b67772b4c4f44b,0.8376597873662673
b5665177cd7b6c5d,0.010986241400865557
1d621e5fa6b0c45f,0.325084740462465
2d595ec6f4c2524c,0.3938961851153042
6a96a53512d24696,0.2920053158220979
b3a68808640b25da,0.1986963727327603
cd9f2b2346e70af7,0.2890406504062159
d78d162e0d903e67,0.9041307066907789
512b0444982361f4,0.8930522201366936
36f4f9a58e05409e,0.3179071294555929
e4b4fc878504822b,0.5474346466536122
d2c6c32ea3387653,0.09290462789234083
62d5596d1fe892ad,0.9340894308933755
8756eb85074bbf32,0.23692495309544878
9120f37fb674d8d5,0.6210831769849957
ad529a51765d4ec3,0.2804587242023471
f5e98c69a45e4a76,0.8735478424006281
4e8ecc5a6ef67336,0.5667829893677893
e26f37d892f837e3,0.8239287054400772
377bd33e8a9d5e7b,0.3876547842397633
7277e822016a05a5,0.7326482176352905
94fed9a4092a19bd,0.6282607879918677
28d304cf97ca614c,0.7053420888047988
5a5195df47e373d6,0.12848061288292437
ebc9acfa1d364336,0.2564293308315143
5d76c6de5ee62843,0.6468289555966021
511d1dd15e99184d,0.7398258286421627
b6d744f202fb4a14,0.8258011257027396
43c3e8abee7ceeda,0.6702342088798808
41afcd725afd0bb9,0.5187242026261236
bd4f0c1a61da90cc,0.9924465290796834
ac5e8e6812e3a526,0.6260762976854285
61843635f4d407cc,0.9801197623504901
d643d4e6d84db59f,0.6571272670412448
5c0b8bce49a0a773,0.8844702939328247
7c6020b2e5dae41a,0.6095365853652448
4a6f26c4ccfa8a2a,0.2725009380860323
f5ff436197b8129d,0.6788161350837497
27b8587241bf56d8,0.3480218886800781
a198a7b963854e6e,0.10897623514685882
8661667952751501,0.805984677922897
282a1321ef8c1306,0.3981091307062944
db3dd0b21b03ce9e,0.6497936210124841
3bdc9a83d65a78f8,0.658999687303907
2983651d59dfaedd,0.8439011882418084
ba2be23d69668658,0.3464615384611929
89d58eb00d13e4fd,0.25284052532807827
d2caeec36f4769a6,0.4364937460908714
dc23c7fae5f57288,0.4505368980608385
c6e284593c89d176,0.774153533457638
523464c4f48eb02d,0.9649843652273032
cc7624fbfc77736e,0.8847823639766017
6b0c371df7cfc676,0.7079946841769036
986e8a5497d243a9,0.8874349593487068
0880ed3a1a77013a,0.6881782363970611
791d60ceeffd7ccc,0.9443877423380181
1fb2b452cb819b3a,0.9486006879290081
6e683e5731d8aac7,0.858100375233664
d752f92de2b858c1,0.3895272045024255
91654f6c88bcc480,0.28357942464011754
308caeebcc6bc059,0.38406597873632714
0a092e2b8c9c06c5,0.7345206378979527
e29749c7cbb0ef48,0.11537367104428833
02521319f8872bf9,0.1320694183863604
f699494da66c4efe,0.5901882426510678
060f874ec99eadc4,0.45396966854238613
1a2ea8a74fd54c2b,0.597053783614163
a98b83e132c75465,0.1479849906189899
0fe8ca7c247fab07,0.7445068792988184
c8d9bcea59632f23,0.5886278924321827
0ab0d9c2a040f32e,0.17825578486536364
a03fc647d8141fd3,0.9331532207620443
1036e1cd53a850ec,0.2665716072542684
519d3f96c9895253,0.14189962476533743
28df6bdb66f8e09b,0.976530956847054
89713786047cfd0e,0.7050300187610218
6389830954a0227d,0.5182560975604581
8a5f2d2c5004dead,0.12832457786103585
19d4cd44aecb29c7,0.5354199499681958
2ed9718fa269e456,0.5528958724197105
31d0832c9b203b46,0.30948123827361257
e21b68ce26bfc500,0.7253145716065299
cf8783ddc0b9bf95,0.006461225766098352
fcd44919c1b3f412,0.9799637273286016
c6e50665e7bf8738,0.5929968730450612
ce0179fa676d128e,0.9808999374599328
423e064e247fe04c,0.7952182614125888
0ebb4ab2c338fde0,0.6140616010000121
37337cc831e40a2d,0.7423223889923791
04eb53517170d936,0.7713449030636446
dac684a7b8635061,0.4466360225136255
a2f354d17d1431d3,0.9241031894925099
8a42e6579214e167,0.4583386491552648
c35d24cd26008161,0.5711519699806679
077789ab8d103e29,0.6096926203871333
5deb9f3705c67be7,0.6810006253901889
dc531f502bccc4fd,0.6192107567223334
ab4b4d6c12291a2a,0.3658098811753699
47b284804faf97e4,0.5870675422132974
d46bd1fa92be695e,0.13612632895546206
11c536ec56a47156,0.22600250156325205
d5bd7d0c4a297748,0.07823733583481955
d30e6ef239a13f14,0.8250209505932969
8be010237b513256,0.8616891807371002
e3ed18d3d53d8aed,0.32804940587834697
a9f5c2f8c5922e10,0.9055350218877756
05a75c012be2ab6b,0.9879215134449163
a068617fc089ad48,0.45443777360805165
687932e8fcf71376,0.14970137585976367
fedeffd4ef29f976,0.2661035021886028
5d3e23d9b2256c27,0.3274252657907929
c6544d7502deea99,0.4124643527200386
096cba9bc78d7637,0.7402939337078283
76b587348b5c4d59,0.6480772357717104
62185555ed060f0b,0.5017163852402745
b538966eb4ce164f,0.04937085678544254
8dfc12a6712b0903,0.7427904940580445
3ab52adc4b1c1768,0.2904449656032126
463847f9a1f414b6,0.6853696060030676
e93e14d11fc793e7,0.053115697310767124
2cd7ea4ff0b97ed6,0.5713080050025564
3cf1ec0a8c671d61,0.1267642276421506
e39df281ee7e153e,0.19674593495915374
272a6816ce2c7c9d,0.41168417761059595
f56230f889018c95,0.8830659787358279
4119f28f6d4d40eb,0.5053051907437106
3e744e15c1c6600a,0.6647729831137825
7975b8ce43d7163f,0.5959615384609432
76519a1ae0dba3b0,0.8769806128821757
6f6aca7dc35afbbe,0.3366313320822158
658aa810bdae773d,0.9893258286419131
41c3618b9180e8e2,0.37548405253245837
7cd53693b2b3a4b3,0.28014665415857
a450a4bce9f2cac2,0.9031944965594476
05bd9ec45ff54b8b,0.2568974358971799
0d67ef8a9dd3249f,0.7240662914314216
514cfc846a144390,0.7498120700430282
2856a2a0114ba55e,0.8229924953087462
ebe02c0b1c116ac9,0.264075046904052
cc31cb4421bd54a5,0.6142176360219006
d63593c7bd5f72a9,0.8446813633512509
962b8c33b5be069b,0.28123889931178964
40e508ceed1116f3,0.31135365853627484
668eca9c4cdf1507,0.5713080050025564
c15735bac7d4e6bd,0.20556191369585536
09d2cd5ccb05a325,0.5210647279544516
71ed58a8f5d479e3,0.7248464665408643
56fd1ce474cc243a,0.9534377736075524
4c4fc4fe6dea340b,0.9097479674787656
68fcea284ddff8ff,0.7647914321443265
8913329e85f873f7,0.6204590368974415
7a210b4ff6c29678,0.6043874296429236
91bd2a01c0384263,0.9211385240766279
14e4e31c9bd8d90b,0.18886616635378328
410f92d0f317cc8e,0.5858192620381892
780cd523f303a8ba,0.347397748592524
77ae2af1842fa5b4,0.4059108818007206
eebeb3dc997eab87,0.7259387116940841
fa6c4d5205fdd5db,0.9868292682916966
f1798e22aeb3b385,0.9938508442766802
8af0df5286089649,0.722974046278202
6e224e4033db63b7,0.06653470919318022
b8624ae03bb7e7d7,0.0606053783614163
52ca2f9cf118011b,0.992290494057795
52c5dee14f8320fc,0.8262692307684052
43a4ed5577b3346d,0.6981644777979268
332563e196c7a1ee,0.896484990618241
cc4b32b77225218c,0.7877285803619396
0b34a503e14e5271,0.9432954971847983
33100c4fe51f7435,0.4739421513441172
6de5ffe2b6664d73,0.1543824265164194
ba39076152cb0ee3,0.5814502814253104
aed179ff9c81f4f1,0.10975641025630145
ea1a9bf792fb6a7e,0.22381801125681275
2f06ce2d10fe3866,0.6671135084421103
11855575a4718674,0.48860944340163853
06d39de4f0e13f3b,0.600954659161376
5fd7c68abce444af,0.8198717948709756
d464bbc0a2f6ec7f,0.9211385240766279
86a7d5c47fa116f8,0.05498811757342941
a260e587d0fd3fdc,0.9807439024380442
6c07a18d9f02a585,0.8651219512186478
8fd3d88e27ef7240,0.49890775484628114
80dd9757384d7ae3,0.382817698561219
00a0f9038422aeb4,0.6121891807373498
dd38ea8c63c0a90b,0.6078202001244711
e23a165731b18098,0.9642041901178606
9bef89bb8b6e707d,0.1621841776108456
db5779805bc9128a,0.9420472170096902
13c6185147e496ca,0.976530956847054
c23ad10e1020a370,0.4207342088801304
cdc252e1304b3741,0.23505253283278646
c9866843a2ca38c5,0.581918386490976
1193dd7feb2e1c1f,0.0723080050030556
145626c411263ea0,0.4393023764848648
b2bb6e4261a0a280,0.9830844277663722
ce6c9830339e8d23,0.8175312695426477
e5a315b7bb844af6,0.7718130081293101
d85cacbda54cea30,0.3562917448401699
ec609eb2e4100b33,0.8161269543456511
0d785515807808bd,0.7899130706683789
6bcfa2aeebd0236f,0.3266450906813502
9ed83fa2f828fbc3,0.5224690431514483
f596ac3c62688ee6,0.9643602251397492
654c4ca75e7a6d56,0.5674071294553432
162146e83243572d,0.8457736085044707
9878dbf0860838fa,0.6658652282670021
332ca627787dd758,0.9005419011873428
679ad425e74f2477,0.32976579111912074
df5a276859dd4308,0.8019277673537953
e1f7d0ae0443184d,0.80988555347011
a6434286f4234aba,0.6666454033764447
3351a9314dfcaa5e,0.048746716697888444
e19b22778dcddf3d,0.443827392119632
a98a59904fcba403,0.5599174484046942
efe47bc01bf23b67,0.507801751093927
a1a862c811a320f0,0.446792057535514
bdef7203033a959e,0.7438827392112644
0fa3fd428635e63e,0.373299562226019
8ed23ba67702fe54,0.9476644777976772
ece14f4f1731d91c,0.9166135084418607
ca20fb73d0c544ac,0.2506560350216389
927bbcf7fa67bfb8,0.8022398373975724
deffe32d78bf8a82,0.6579074421506874
319944ea096b3a65,0.3030838023761831
19bd6f94f36d44a1,0.4864249530951992
6e7447b72d462201,0.2448827392117635
be6959210f99dd41,0.9941629143204573
bc1a4abb3dbcab55,0.2704724828014815
41032395ff67eef0,0.9468843026882344
2b4004b2678cf0a1,0.40731519699771734
469658e2c6728fd1,0.33054596622856336
e67a54cb89e72744,0.18808599124434067
0a1aa269dba98abf,0.3747038774230157
746e977975fa2166,0.03844840525324584
ca51e1b6ef04fd43,0.37595215759812395
dd96408688197b1f,0.6799083802369693
23b5530f05f1d9e5,0.8211200750460839
da29e21770225527,0.4263514696681173
adb83a06bb93e782,0.148609130706544
0e4d2b4f26be08db,0.889619449655146
6ece7a74dc7701ed,0.05436397748587532
e5306d42c50fcc55,0.06684677923695725
4381dd659292aa24,0.2943458411504257
e31ebedf532c25cb,0.572088180111999
853b98dd483b98b9,0.3537951844899535
2e54b76182ee44e1,0.7889768605370479
338f6834e70af5fa,0.02284490306439341
b5abaa739dbebcbc,0.7903811757340445
5a8bb8464a290761,0.6231116322695465
f0e90b285061c449,0.12926078799236698
e66581f055ee3b78,0.7619828017503331
0a21004c4d12a011,0.37579612257623546
04cee8b938d82d19,0.19588774233876685
c2eb2ef42ef59006,0.4313445903685501
4db76ad147f6dde7,0.5900322076291793
388d2efe55423a29,0.9748145716062804
b9875250f7ce8623,0.8039562226383461
e354d93aaeda004f,0.9910422138826868
39e7b31ad6490a4b,0.581918386490976
a31878efea02ed42,0.43087648530288447
4db06f2609831909,0.8384399624757101
e23ceacf623bf244,0.613749530956235
5b30a3dce1e3fc54,0.963424015008418
9b09b933e5488d29,0.5440018761720646
64f0282d10422cde,0.28482770481522574
d171c9bf0e731793,0.5942451532201695
699a9d5c734b80f3,0.536356160099527
79281527b5fd74b9,0.29013289555943556
63b9f2af8362641a,0.8053605378353429
8e20990222b8b1d1,0.5639743589737958
cbfad4f1f811ddcf,0.9361178861779262
a6dde1511fe8d47d,0.3924918699183075
54e8815e9966bb51,0.9921344590359066
cda24d31d8c08104,0.6905187617253891
2e41b0e18fd08067,0.20166103814864225
6e8f4f5c6e28c26a,0.7777423389610741
1f4157812e2bb339,0.7454430894301495
c2d3133094dc0fad,0.17778767979969803
e7e2da8351240636,0.3514546591616256
ef2946985749757f,0.3030838023761831
ae735efdf3a84f05,0.7115834896803398
8a459d7c2b588a93,0.8248649155714085
df0d35696f4b164e,0.6129693558467924
8f745cf8cd93face,0.11755816135072766
7aef10c8e6aae208,0.2166404002499406
706e881832fde05c,0.9556222639139917
03a6674f904defe8,0.27172076297658965
f00500b8110dde92,0.8253330206370739
1475216e327695c5,0.8437451532199199
3fc20688817559fa,0.04156910569101633
70df3ece5d814a70,0.1960437773606554
bcf591e552b3ba82,0.024561288305167173
a04e514a6ca8156d,0.8963289555963525
f83e082f10dc4f9a,0.1106926203876326
21a0898a3f0c502a,0.20868261413362588
c9afe9c2efa6168d,0.21882489055637994
9423152627c5de85,0.8872789243268182
fc5761df1ee97d2a,0.38125734834233377
b51c1517f2b27082,0.33179424640367156
966bd6f4b801db6c,0.947040337710123
c39f09a3a7ee5d1a,0.7257826766721955
cd4ab667a784a10d,0.9506291432135591
053911f801591901,0.6830290806747398
4c12cd87dc745584,0.7095550343957889
f0c4df4801e5dd7b,0.19229893683533084
1cdb9e6374b25c46,0.14424015009366534
55a04d93184e2087,0.9105281425882082
b0259adc08c321ab,0.36081676047493705
3ebefad692cdc413,0.29465791119420276
83d05a33f78392ef,0.283423389618229
57e746a1c420f866,0.7855440900555003
7086b53e09fe17c0,0.7463792995614806
2cefa5982f1e5321,0.6675816135077759
c4a61e6a8fa1704b,0.7164205753588839
cf3db8bd220d5bdf,0.8314183864907264
75c651d11c0a0337,0.11927454659150143
10dca6cd4d946194,0.5388527204497433
316d771ed9f0b6a1,0.44070669168186155
ef64650ddba7c539,0.164680737961062
721f58982ee85da8,0.9383023764843655
e8f08bd5b06f41ef,0.01753971232018358
8c2e815ac865660d,0.8365675422130477
8191fefedc6afd32,0.14564446529066205
15c9fc425aed1fd5,0.5290225140707663
52f896a602e74ef9,0.9102160725444312
c8a94bf1f874596b,0.4920422138831861
64024839f91aaea9,0.7273430268910808
23a06e4e391dfcaf,0.5213767979982287
76fc88367fd4b329,0.10663570981853096
e7ffd70d1007bf31,0.433997185740655
4df67b2b4764df2b,0.9869853033135851
5e23b5ebcc3c7201,0.8373477173224904
97c325c9980b0ab2,0.22522232645380946
3c8bace911db4b05,0.8646538461529821
d3af2a4f1b0513ef,0.6316935584734152
8a66145d22484a10,0.921762664164182
f501884aa3b0a2bf,0.09087617260779002
21f8710a682b6ca8,0.6026710444021498
67addba46911ef5a,0.8774487179478411
cd5a8d124051f2a9,0.9507851782354475
a1acde423d140030,0.01972420262662292
6284cf5236839f36,0.7874165103181626
37f720257a8a7a33,0.7970906816752511
acc257668dc46b34,0.8197157598490871
23424057c8458694,0.39186772983075346
418a7b8fddf172d2,0.9180178236388575
dc356b2589e04c87,0.7410741088172709
f64eef65821a8f3e,0.5054612257655992
9fce647d5b47563a,0.9677929956212967
52f9976ea5b478fc,0.14970137585976367
d240c91989c04146,0.8261131957465165
47ef036d29375b9b,0.9590550343955393
8808a12bef546809,0.4502248280170615
d3a20f2bcf2db8fe,0.6472970606622677
a451d8e451fac918,0.286388055034111
9826735b01a08344,0.3915556597869764
c4a29152e2eacc8a,0.041101000625350756
631690ed30cc1631,0.9222307692298475
d84d8a6e6ca5eec8,0.28935272044999294
efbafec85fb00cc9,0.8989815509684576
24556c1044963c8b,0.9746585365843918
5dfe6e2137dc82e7,0.13550218886790794
b2400c3aa22283d6,0.32149593495902895
71602580e012f168,0.7755578486546347
cf01eb3e54442236,0.0735562851781638
1a07d25426f87edf,0.6897385866159464
13b3d3fe65bea413,0.43727392120031405
059edd840763fd81,0.8722995622255197
48288e044d74e7cd,0.7468474046271462
add068ffe0671cf6,0.2558051907439602
c99de47efecac792,0.7953742964344772
11cef543afe62f88,0.4194859287050222
e512156389905eec,0.27655784865513394
138703e658867a2c,0.7526207004370217
454c3092e6edd433,0.09306066291422936
dd957118652b5ed5,0.7956863664782543
af01fa5eafb4602a,0.3419365228264256
7bffcfd2a9da1725,0.8342270168847198
24f3f1ab071df78b,0.12770043777348175
3ec7c9ebab0a4a2f,0.9134928080040902
3c1d10f4646f69fa,0.24769136960575694
9c5f959e1195fc54,0.14634662288916042
cda81aae0a16f97a,0.5135750469038024
2bf6c949fa0b6053,0.5577329580982547
546683ea9e5995f2,0.7345206378979527
c4563254d849a8c2,0.7573017510936774
e9e85a92d9ed5065,0.4458558474041828
fc9fd5a085f168e9,0.5699036898055596
54049d409156afd1,0.8570081300804445
e4c0d5c0b9045e4b,0.8292338961842871
058f290d4016fd11,0.18137648530313413
e14cd74f951c3910,0.35863227016849775
05018e18dc83e13e,0.9868292682916966
763ff25fb3a65368,0.48049562226343523
eb5cf6bf7c8b4e5a,0.7894449656027134
013351fb7667dab2,0.6995687929949234
e08181f896cfb680,0.3611288305187141
e65d39ec9e3de422,0.7616707317065561
9cf499aa7626f14a,0.6218633520944383
f203a5ba78b7389f,0.7652595372099921
8ea386546c0f8c96,0.9574946841766541
0391f48a6955106e,0.08401063164469494
d2f70a0377eebc5c,0.20517182614113405
b96e54496b6a6713,0.7925656660404838
1ecd7d7fc32cc874,0.6132814258905694
a91fae320445e22f,0.08806754221379658
7f7f8d9e95bc3227,0.8284537210748445
8ed9c9b27ed7229d,0.5141991869913565
19862b4c0d2f34b9,0.41324452782948123
e5b1c6b3822addb0,0.7206335209498742
191edcd8d76cb951,0.9863611632260312
6b08a1554cdf28c8,0.2710966228890356
706610ca333da138,0.5205966228887859
5cb5f8466022eb46,0.7445068792988184
acb3a526d9921b55,0.3374115071916584
947db252e781ab55,0.6348142589111858
e94881433d15d819,0.3430287679796453
34439005f71e07fd,0.49797154471495
989a2593307d72e3,0.6643048780481168
ec8f1d04cffddc96,0.5965856785484973
11dd5f5d722fb0e0,0.796466541587697
d6738bf320835a10,0.44569981238229434
025b09a306181a55,0.5954934333952777
e5e3f5fbf93a1918,0.5948692933077235
2d60731de40ca5ec,0.29262945590965195
96789dc76cce8bb4,0.7677560975602085
e04c2f21eb86c30b,0.18044027517180297
eb4f7827e27f3e50,0.9986879299552245
c72cafb3b0ed2058,0.10023827392110148
38e789ce64afac4f,0.6255301751088185
961a36d1522e6ffe,0.4109040025011534
d915888ab3fe3241,0.687554096309507
6d047ff0d07fd1a2,0.25502501563451757
96212cff04501fdf,0.8242407754838543
6cb30ccf0384596a,0.8980453408371263
1878cf5a842e6727,0.6029831144459268
47adc8c9afbd6fad,0.21039899937439963
bcecb579dcba782a,0.3278933708564584
24fe0dc9ab19be83,0.08775547217001953
d56cbf99a17acafd,0.3773564727951207
5caed519a777c666,0.06825109443395398
de3dd7a6a4564414,0.7370171982481694
3ddc28164f664050,0.417925578486137
45693136342888df,0.05857692307686547
143c3caf6eb25742,0.5958055034390547
9295c919e27237a6,0.4806516572853238
0dc756a818dc5d9e,0.7047179487172446
67a0ca3f82ae78c6,0.11818230143828176
cbd51c3558265f5b,0.40372639149428124
b6df5050c31c7287,0.2216335209503734
73f20d006cfc47e6,0.31931144465258965
2de69b9443d4fc52,0.34848999374574363
1ea20c09b6c79a3d,0.44304721701018934
ea1427791f675329,0.6536944965596972
cd6c9a86e5c13535,0.7676000625383199
fe03f010fd99f729,0.9473524077539
3cac934a5e569272,0.6994127579730348
1f9c8c5a31c38592,0.4496006879295074
325d3152d318ac6a,0.3609727954968256
c796149ae059bd36,0.8605969355838805
139b95acad0d8500,0.08837961225757363
ef8ca6e1ad6cbc40,0.764947467166215
738b1f5edad8bc5e,0.04500187617256387
00b5753c64f3aa5e,0.8186235146958675
7509e02d19e2f87e,0.09087617260779002
a85aa8068fa925c9,0.8203398999366411
f8ff744430f73aa6,0.6632126328948972
4106129a02383134,0.17529111944948167
3be6495b6e47bbe8,0.7095550343957889
d58d8cb98c5344c3,0.40201000625350747
72c32db073874592,0.3158786741710421
b33541a9535d3cb6,0.61109693558413
f117d4aad78b524a,0.5859752970600777
5e48da846d46eabc,0.7632310819254413
b0b266000f2d6b03,0.9245712945581754
2aa63d23f11f3aa0,0.16514884302672755
7ca15ff99bdc719f,0.32851751094401255
286e550605b2d970,0.3264890556594617
140d123f8919309f,0.8197157598490871
5406d7c0119b8b77,0.8393761726070411
feb8f158efc528af,0.6786601000618612
20e9295f7f1b6809,0.36190900562815675
8c67df2b06a8af30,0.8297020012499527
0b5100f2d589252d,0.7457551594739266
a7dff4879e1f2c8f,0.973566291431172
6b9c17dec469153c,0.8638736710435395
b064e718f3825ae0,0.09883395872410475
633aa423117b483a,0.27811819887401923
2bd2dc8cda610b2b,0.8311063164469493
16b4f1b4b30d7a5f,0.9620196998114213
7ce520db2bb5b181,0.8468658536576904
359fc18aad246386,0.5619459036892449
4040467f440a4681,0.5040569105686024
ba27a17c66a28567,0.5650666041270155
5e4bef63f0b3974c,0.7373292682919462
849863283a0793dc,0.686929956221953
aa9c499ad44baf78,0.8978893058152378
a3fd494842016ae7,0.6301332082545301
5f079c78614b8a83,0.9570265791109884
7420f14669961a6a,0.8437451532199199
0a083c164a874ea9,0.18480925578468166
396f04d4bed14a3c,0.6171823014377825
bda29126d66debaf,0.3659659161972584
8d5ece395c6a6b60,0.6805325203245234
9ea22d08386ce3ae,0.15750312695418986
1a277b47ca192cc3,0.36190900562815675
5534d1ac3ad47ca1,0.5503993120694942
164e32a2b96ed3eb,0.8779168230135066
cdea1d25f481df1c,0.19027048155078
37e1f37cd163cc12,0.8963289555963525
4f896e74ddfe48f5,0.5552363977480385
ec881c0b42489ba6,0.49141807379563196
6cbbc142e3b6532d,0.28279924953067487
af58eeb2cce1b1d8,0.16873764853016363
3792b407d3147240,0.3737676672916846
44abea18902dcc6f,0.33647529706032725
f174b76e8c589bc7,0.5257457786111073
d5cb1d76e26e865f,0.9448558474036837
c953fc1a52b6d2ae,0.7067464040017956
dd9860c103eaa486,0.11709005628506211
1a338e9358b4b71c,0.009893996247645885
28a055a15e2bee63,0.575676985615435
d810129e88130889,0.49859568480250405
20b2f55f0ebfeb9c,0.4720697310814549
2dbfb79bb9d5d576,0.9036626016251131
a4f168601004a705,0.620303001875553
7419f46f112678b9,0.7157964352713299
7d0ff708b6d6752f,0.9492248280165623
cbb85fa489a893cf,0.09321669793611788
c46a723fbfa594f7,0.5023405253278286
2104390897549457,0.46333176985569763
75c276f7d0f29aa9,0.9796516572848246
01a679a23b212287,0.8972651657276837
6cc58651b88eadb4,0.3594124452779403
14cf1ac65f8ca02b,0.16280831769839973
2a5d42d92966192f,0.33865978736676666
2010478948b9aef8,0.5890959974978481
31542ae607bdb59f,0.7421663539704906
783c99f058bdb723,0.38874702939298295
8e49ec786a6d5abd,0.7282792370224118
d2b9a740ddba79a2,0.2654793621010487
47c1231311a7aaaf,0.4970353345836188
c7937d0c63ca6a92,0.7757138836765233
64628bdb8224fe18,0.2461310193868717
49cbb2ff9274a4cd,0.14283583489666862
a4dbc0e728a780d5,0.9437636022504639
54a5b82f046318b5,0.9083436522817689
daa0b6896a1749ca,0.2525284552843012
4a251ebb1de72153,0.9621757348333098
edc7eab7534ce904,0.5809821763596449
0d31a18c31d12329,0.9461041275787918
ef643ea0ac629b95,0.44039462163808446
39049e24be5a4306,0.9300325203242737
f41fb0591a5b1902,0.16483677298295055
ef3add49907eb895,0.3072967479671732
3c80e6a34fb3e4ce,0.856852095058556
681bbfb8c5372f79,0.8535753595988969
007f4be9a3f6e89f,0.18418511569712753
25144a9b2bed9be3,0.7582379612250085
61233f40c0cdaa2b,0.3406882426513174
73a058838f6b7f2a,0.9445437773599066
cbc20660739af678,0.9854249530946999
8fc723bf625337ee,0.8629374609122084
3ba49bd9e60f519a,0.17763164477780952
6a3b3033fdfe94b2,0.5652226391489039
c8ed653c9f871795,0.8531072545332312
2f6d48d7acb127aa,0.6511979362094809
92ff64a44efeaa6d,0.37829268292645185
d7169f20999bc93f,0.9977517198238934
53604f2aaf701357,0.5875356472789629
a7001845bc2108a4,0.8155028142580969
e1c8d84bbb8add74,0.05467604752965236
0b6ec467b5610434,0.3183752345212585
8ac52d2ec127a096,0.34724171357063544
b10baee15fb9d01e,0.8897754846770345
221ebe5d40d467ff,0.7655716072537692
4fe55b114acc6ade,0.46941713570935
d8482a667d8a69cf,0.16421263289539645
53ade36e2a1b1e97,0.9737223264530606
23415b9cfe9e209c,0.6614962476541234
280c7808d94b9763,0.8916479049396968
de5885c6a7c6423d,0.9954111944955655
38de0e8716fdf6cc,0.5269940587862154
55bc25143589b254,0.7978708567846937
957e73c37d447545,0.2049377736083013
af84b2641d1c74b3,0.2884165103186618
e7be7f3fe2a831bb,0.0517113821137704
841f7e8235380174,0.9723180112560639
63d88f28c2a5df22,0.9025703564718935
8dad4fd4df5c221c,0.8028639774851266
3572ebf75eb17942,0.5561726078793694
25a1a550572c1f93,0.05249155722321303
6ae06440fe74b44d,0.9701335209496246
b4bf088ea90582b9,0.28435959974956015
6b9449d16e81079b,0.22444215134436682
4ff7c9e8a089b94d,0.7243783614751987
aa5c5648b80a1a3a,0.5514915572227138
5dc1f3d49bbbe4c7,0.7749337085670807
99546cb325e5dc06,0.883378048779605
220c843637482425,0.6408996247648383
6608fca5b64d440e,0.8983574108809034
f29988dc0a3c0243,0.7058101938704644
51058b99b395787f,0.22896716697913402
ed1bbe11677f7bca,0.5248095684797762
9f9b85620fbc0cf4,0.3478658536581896
8aaeef3315304e45,0.37954096310156
5d92173cdb00c0c4,0.4127764227638157
acbcfbef3b1946c1,0.11006848030007851
73cb612fe6d23320,0.941111006878359
4216594871a36761,0.10710381488419655
1c2bf4927779574e,0.9063151969972181
1498d0dff1fb5394,0.28389149468389463
53f47e8f08b91aad,0.5653786741707925
c4229a0ce07e83b9,0.13097717323314073
bf61a06ee47b2027,0.08541494684169167
8aef635fd1b3a740,0.12894871794858995
0f6a8a20e3587b09,0.17248248905548821
75d7914477c996b1,0.4472601626011795
7b1790935e6cb838,0.02752595372104914
d680549ede3f6dc9,0.29887085678519293
f3bf39cd2ab5bd9b,0.39139962476508783
0b0930b54070750a,0.1980722326452062
3d97f118d250279a,0.9465722326444573
e9de0ad29a82a54b,0.5836347717317498
9485f200c4e02805,0.6905187617253891
12d95850d018d3a3,0.3339787367101109
ddc866b96dfc3aa3,0.8287657911186215
45a33a8161cb4b46,0.26079831144439297
990eb9e1c61c80b9,0.21195934959328488
378b6aac03179007,0.3035519074418486
b6ce4df0bfb4d3c4,0.22912320200102254
a50653ff586cd76a,0.5908123827386219
65cd9ee07cfab83a,0.5493070669162744
d2bbc0c9f79df720,0.9699774859277361
82ce816296a1512d,0.02612163852405242
e502c517a223aa14,0.19495153220743572
71d19ea693604e1d,0.3654978111315928
0d037e649d83d735,0.6435522201369431
6ba6991213384d83,0.7900691056902674
4cac0de9485495fc,0.8560719199491132
9a0be358e968c623,0.1203667917447211
f1ca34616439cd54,0.14502032520310795
e301cf1f2e4c3681,0.6716385240768775
d614ef3ad50cc2bd,0.857164165102333
c0b33846eed21da4,0.4182376485299141
d4e499c8cbcbf2c7,0.9273799249521689
112d556866bfa77d,0.9762188868032771
3f5b776bac1c2a71,0.6103947779856317
97fe9a981d0717bf,0.6800644152588579
ce3280649c6eb5c9,0.803332082550792
7ae7079159ced82d,0.3973289555968518
f1eb50e28869a50f,0.22397404627870124
52c8dc366cde6d2f,0.2993389618508585
ef14064579612c4d,0.8013036272662413
7897eec02201ca6e,0.4165212632891403
321d33ef853c8fb7,0.9387704815500312
96766da6bd7c3998,0.23801719824866843
fdccd120c1ead149,0.854511569730228
288252f0e770ce50,0.8440572232636969
d4d977f5a3d8f01e,0.8184674796739789
62ea4677a492334c,0.9086557223255459
d1f182b83a420b6b,0.29715447154441915
0a8ea601fcc75d1c,0.8047363977477888
27930c385742439f,0.7182929956215464
13d12d929ca71339,0.9484446529071197
159b4f9fc1efcb55,0.054520012507763845
94ffb2f9a90b358c,0.5884718574102941
68615d70615e3b37,0.2492517198246422
d4a40bf8afd7e4b4,0.17014196372716034
e3dcfffec2d51e7e,0.12021075672283259
10366fd321e0ad43,0.30402001250751426
80e3f13b4e86e5f9,0.9537498436513295
6272a9e176561590,0.7440387742331528
14ead2f08e775ba6,0.8073889931198936
08ecd3e0061305ed,0.6323176985609695
b91abfe0273da79d,0.9729421513436181
0c3efbd8c39177b8,0.9969715447144508
e9e21b290009d63a,0.47612664165055657
c188505410fa547d,0.5761450906811006
768d9e0553a1399e,0.08245028142580971
a9370f34870acac0,0.8708952470285232
9f6dbe29c2020549,0.31119762351438635
6da7088fbbdbdec4,0.6098486554090219
944a046635530efe,0.969665415883959
55a97e1488c333a9,0.21351969981217012
bba6644aefeb263d,0.7942820512812577
750f5d2c63709654,0.9375222013749229
b7f5c550aeab6fa4,0.6852135709811791
bf2efa05075a9f6e,0.398889305815737
2987973344ab04ce,0.4613033145711467
a97d19edf8f608bd,0.2940337711066487
6138ff6754f14dc4,0.20400156347697015
87522437573af7c1,0.7343646028760643
57cc4278d6b67c5a,0.08494684177602609
8f29d789ebf40f9f,0.07652095059404578
15e17422c43ac280,0.33772357723543545
57faf77cf5f72f53,0.55929330831714
febc8ada0a8d768d,0.22069731081904223
86ab68be69241db5,0.7278111319567463
5fcfe942606240bd,0.16639712320183575
31bf257f6a4a70d1,0.8089493433387789
a09897cadb789dba,0.05748467792364581
328299ca9da15ccb,0.382505628517442
c95184d7971b2960,0.831886491556392
6ba9df085d34410d,0.9930706691672376
396ed8ae6d33d2bd,0.7696285178228709
b058bc3c8a9fe33f,0.8841582238890476
77b29cbb7ea1ac6b,0.9359618511560378
c8d191e05666d6f5,0.9041307066907789
c4d716a53ad99b70,0.6739790494052054
31d17f992245249a,0.2461310193868717
aa459cbd8c781f76,0.728903377109966
7ba0185e8220f22c,0.20415759849885864
eb077a940d0bbcbe,0.6824049405871856
9298c80a21191034,0.6227995622257694
037747626ac5db4a,0.2556491557220717
8ee7aa8b54022319,0.9347135709809294
a2b57b918f2661db,0.38640650406465504
e703b056b17c6038,0.3360071919946617
5d760ec696eac629,0.5482148217630548
68589cc32366dc9a,0.5460303314566154
83d1d02b456e13c0,0.6682057535953301
f5ea6585ff5edb0b,0.9492248280165623
32290819a9b6b754,0.46099124452736967
f0cddec42ddbe07d,0.081045966228813
41d5134ef4aa43c6,0.46052313946170415
9a422d8246e3f97d,0.527774233895658
341cbe1cbd51048e,0.24847154471519955
3d2c0583f01cd72c,0.6761635397116448
870996e4835ca83f,0.2567414008752913
28b09161f3b17dab,0.5635062539081303
051b367d8fe91233,0.06466228893051792
9b8aba50b3ab95c1,0.9128686679165361
ff5577bdd79bcd6b,0.24784740462764548
92e4eb0a0d4c41e0,0.969353345840182
575ace0896b22257,0.9640481550959721
a16f31da04bf60c4,0.4240109443397894
cbc13a2671d3578b,0.10960037523441292
876ba2c5e443fd41,0.7154843652275529
5d5689e87dee129a,0.9378342714187
71a60a6dfa7e1760,0.7736854283919724
f2a38a0b81dc90e3,0.7680681676039856
ec97de286c2686f9,0.27390525328302906
b77b633a5106f906,0.40076172607839927
972df202456969d5,0.23552063789845204
5d7f4e9617d1e7a2,0.2127395247027275
196dc3655d9d1d79,0.07059161976228184
7b9da0adcf1bf365,0.1119409005627408
b9d78de840ab100c,0.19385928705421607
803868566ffdbdc1,0.1991644777984259
cc5f60c8c3c2b5e2,0.25221638524052414
88919e17cce1dcd0,0.1183383364601703
88bff82c05879a44,0.20868261413362588
aa64759c290cdf84,0.5140431519694679
b224a7d8b6f39ab3,0.4355575359595403
ef11b15a28910cae,0.34084427767320596
7e08eb8d4482e7e0,0.9144290181354214
609b606891c6ff2c,0.1275444027515932
07ecd08d07bac830,0.5165397123196844
aea578dbbc154142,0.8144105691048773
9c702ee77f731a28,0.4522532833016123
74a102877446027d,0.6808445903683005
dd13d150ff97f653,0.9019462163843394
36157f72f10981f7,0.6419918699180579
808639f0db0c51a9,0.44913258286384183
d809389ba1350646,0.6087564102558023
353512ba78ee6085,0.013170731707304897
207ae6c9e8f4fabf,0.37969699812344854
333ed3894f0f2865,0.8891513445894804
c8e41f868f963ff6,0.7173567854902152
c0436a45e3cdfea0,0.05623639774853761
497bc4409ccbba90,0.9055350218877756
b29f7d1224fd0321,0.5357320200119728
7795ac2497824361,0.8014596622881298
28bd2f25cefc0467,0.14626860537821615
7a5268c2c0ad3fb2,0.48236804252609755
9335e306e6ef6c17,0.4837723577230943
380dbd85787bd38f,0.8924280800491394
4df3a358e7ec87b0,0.10445121951209162
b423d03461c67e1f,0.8768245778602871
8d6c8b00790579fe,0.42182645403335006
75302981ca660bf5,0.7011291432138086
34fae39e3b6350ef,0.47706285178188773
47ee9553918d83bb,0.7665078173851003
525eb09cf01d4422,0.5905003126948449
f285090a9d6de2ea,0.900073796121677
9a015d0a0e9dca3f,0.3183752345212585
5b9ec24c9cacd921,0.40403846153805834
80f6887bba571ef8,0.46473608505269426
a0121be4cb97ee81,0.26033020637872745
98bbb1d875be50a8,0.7844518449022806
d13d14d73f638740,0.574740775484104
b2c1f66103087339,0.45038086303895003
ed544070c1558a6e,0.5449380863033959
6dd8a5af5647059e,0.6107848655403532
ec707e8be77e5bf3,0.39280393996208457
435ba973814b0e29,0.5120146966849172
a003759cbad0ca72,0.4029462163848387
4c1f413aeaaeca8d,0.3695547217006944
febaa69039e2d424,0.7828914946833954
1a7702c55d1c3c6c,0.7064343339580185
747b48174e7e8cc5,0.148609130706544
e73a38787bc7abf6,0.6480772357717104
591163e5c881643c,0.8230705128196903
95f08a028b009350,0.24316635397098973
74cf8eff69e3ee73,0.07246404002494415
44639b509c809540,0.7221938711687594
abcf4a1f567f5b1e,0.523873358348445
987d6ffc23a79a57,0.5923727329575071
e7aea6a6f0d83afb,0.6352823639768513
d9d2d9b2890a7999,0.33553908692899614
deeaee8dc56ee2e3,0.5997063789862679
ed44fe0714d05825,0.8474899937452444
68d0096d6964bebf,0.25237242026241263
8d52d8ee49e4e8ec,0.930968730455605
b877123e88a6a266,0.8237726704181887
8aae92b438c0c262,0.07027954971850481
40864f11272e903b,0.28997686053754707
7583bd973a7787bf,0.9902620387732441
209764663e3680ab,0.5580450281420318
1802828e130f444f,0.7888208255151593
c7226e4c37f1c216,0.8351632270160511
cd0110875b4d057e,0.4878292682921959
b66e634d66bc8033,0.10788398999363916
644bd7580a1fab58,0.4634878048775861
ceed54b1129eb356,0.5235612883046679
4a02d907bb4803fd,0.16195012507801285
d09af6dce02bcd02,0.16608505315805874
c81869bf2ef1408e,0.832198561600169
455bd62f0c9a8b18,0.8432770481542543
8c648fe7475ba2a1,0.8378158223881559
e7c1606cda3f50ca,0.3693986866788059
386a0c809777aa8b,0.4667645403372451
882d6e6250d5d648,0.4970353345836188
e73fd396a2d7e661,0.37891682301400587
e1293605384c5923,0.028930268918045857
d8e5a75d55957e5b,0.9097479674787656
75e6395a1cc7d878,0.6558789868661365
ecc995a8d29cc898,0.8149566916814871
ba27e43ae6b021c3,0.34505722326419613
075b11725eefed48,0.8971091307057952
16e06a6abad58f9f,0.5266819887424384
039a18d8a9005443,0.9757507817376114
166eabcb1845baea,0.19370325203232752
150f221c402f471f,0.8648098811748706
2af5183224226208,0.4921982489050746
30a31bbf87301908,0.15235397123186858
95c87aa909d557a9,0.009581926203868836
d70eb57711fa415b,0.9484446529071197
9464555817eb4951,0.918173858660746
8d4e5d5935a1a663,0.1281685428391473
289e3f76cc551091,0.4723818011252319
8646ded190e78433,0.4959430894303991
f2e3c326fd923449,0.3352270168852191
83f8985c38ecf25c,0.3854702939333239
8b698836d194ab64,0.34006410256376335
74a48ddff930321f,0.21320762976839308
79a5efbbc2b4f8ec,0.3502063789865174
6e88ede348b8871c,0.6903627267035005
d98b06d0f7e1b8d0,0.2932535959972061
dc56b06363e3abc1,0.5341716697930876
b5355653b987b958,0.2306835522199078
e5bc532f235bc0d5,0.1557867417134161
153cb69740320d37,0.30854502814228146
30ad5d4441533a6c,0.6196788617879989
05ba774a4ce6ab73,0.9500050031260049
ba467da19b1f2810,0.04078893058157371
9ad04a6b621bfaf3,0.7805509693550675
f605e43b08e76847,0.9448558474036837
fe2d494aa36b099a,0.306048467792065
1e5a8f5e21430d42,0.44460756722907463
9b28fcb2ee487967,0.9888577235762475
2f1c0ef6d36a75c4,0.44741619762306806
37fc5525bb7de5e9,0.08900375234512772
d6538f0dbb2a123b,0.7320240775477365
7dde59a4542325aa,0.3704909318320255
20c617dcbd71f357,0.33834771732298957
77f00b5e8f833d41,0.8270494058778478
869a14428379a740,0.47877923702266145
5fe5544f8e236559,0.7245343964970873
2d3681cba05bb562,0.9297204502804968
499be0abf97d1597,0.43243683552176976
5b423761773c3a6b,0.9832404627882607
57cfb14bc788cf66,0.7944380863031463
bf8ee8443882eb4a,0.8699590368971919
400e3c9ccfed951c,0.27078455284525854
95c34bd334691146,0.8950806754212444
441b99f616030e70,0.5166957473415729
d6449401e78d3385,0.4608352095054812
ee04b5380c7d4f07,0.8701150719190806
47350f4648bd6090,0.15251000625375713
3d184c420016986f,0.24722326454009136
2525af5583075cac,0.7858561600992774
37055ef29f0a3dd1,0.5308949343334286
741ca2e53f728930,0.9244152595362869
c2060532831835cd,0.761046591619002
bdf51afd82ed739b,0.6708583489674349
87516eb4863191a1,0.7830475297052839
034a25e098498861,0.07714509068159987
2beaa963f217969a,0.9885456535324705
6b03ea3eb3783933,0.3308580362723404
99cd56ca4ca12f1f,0.22647060662891763
42288d86bd56d80a,0.4377420262659795
a5497f531ca73858,0.30667260787961914
6b8797ea062ce398,0.35488742964317316
1514a9ebdc630056,0.555704502813704
6a47264adc77dad4,0.31743902438992727
4cbd1cfe1be11280,0.9358058161341493
555f489d111c7db7,0.4463239524698484
d3d1d52e817c754c,0.10757191994986211
80c2b83979b319eb,0.14205565978722598
b601ede8f1d5ecc9,0.08978392745457034
ac4e394f11848f01,0.8048924327696774
a5d564228af285dc,0.4070811444648846
872eaff0cae2acee,0.29918292682896996
ca524fe71b6054b7,0.5752088805497696
092fdb93d96ab75e,0.16062382739196038
b1224feb365fa8bf,0.2751535334581372
b5883c6e74b0ff0b,0.2178886804250488
7aade43a31d09f8a,0.3965487804874091
585ac3a63ccab1a8,0.31712695434615024
e4933222bb492af7,0.7307757973726283
d4fff28089f09f7a,0.8080131332074478
1faffaa35ce84d77,0.7861682301430545
27afb6fd6aac442b,0.03329924953092454
847a053fb85c500b,0.2941898061285372
9ad6971bd0ebf223,0.3906194496556452
a14e1a04f336c6c8,0.20587398373963242
50698da7b2db2350,0.4216704190114616
15655e2cf84c9cb7,0.8356313320817166
ef796da1e5967ff4,0.9269118198865033
9331c7e2dd294fef,0.6418358348961694
b7796a59af546a3e,0.4166772983110288
d9279cd811aae7c0,0.4505368980608385
df81c08c47af6c59,0.8518589743581232
1b9dcbf8b65b1a52,0.6811566604120775
dd377f760a65ba2e,0.8136303939954347
995b4a4b97e53e5d,0.6167141963721169
13b533f79e5a5caf,0.7775863039391856
d4c903b8efe43c13,0.9846447779852573
4fb9e1bf5a2f571f,0.777430268917297
ed595c03e7747694,0.1941713570979931
73e9645c3d48fbb5,0.014731081926190139
a4b5405b00736981,0.9189540337701886
2a653776755ba7b8,0.10351500938076048
158fa97bf999e010,0.4848646028763139
a95d0a261a3bb142,0.5360440900557498
ea46e88a59d4fe5f,0.08276235146958676
6496d7761a0c6190,0.38359787367066167
6f4ba984b6dc3289,0.47347404627845163
5afad3e6c2fda712,0.43571357098142877
02effb9a084a466f,0.5037448405248254
f43a5e53fd455d87,0.9528136335199984
49bcb75b2ef9551f,0.04375359599745567
b21c8167caedde33,0.0028724202626622918
15d2bbcb8c316442,0.22022920575337665
523bc8b194fc69ce,0.25798968105039954
d7b8e5c99743aab4,0.5633502188862417
3ad43bd42075bb8b,0.9554662288921033
812b9840da2dccbb,0.9461041275787918
e70b5a521c308e83,0.7443508442769299
3c45ba8ca9f6f412,0.0978977485927736
7f616f8d83b3eb18,0.40871951219471403
26c592e1845bb489,0.3221200750465831
68d37c0a802b47e7,0.8421848030010346
d8934f60893849d4,0.4959430894303991
2a3dc482e2f9765b,0.42931613508399924
016da23592d81da0,0.1844971857409046
4fdfd4d0c0f506a0,0.8549796747958937
729fc49d981fa3bd,0.41355659787325827
15deccf643c21df1,0.5221569731076712
7daf2f242a027468,0.1731066291430423
d51a0a86350f7add,0.09056410256401297
52fa3a33f632aec0,0.719697310818543
bb4d95ad5da1ac87,0.4733180112565631
cd23dbd0e165834e,0.12910475297047846
ba39191a07cf9e7f,0.561633833645468
9ba5cac296310d3a,0.9083436522817689
d322c51efb437d17,0.15219793620998007
3af739b2f776287d,0.7941260162593691
85804c2e9c6d680a,0.10101844903054409
cb0cd20b25649838,0.27281300812980935
12c942ad8a277403,0.49719136960550736
289e502cd91b1547,0.7858561600992774
31c382a7004fe972,0.36050469043116007
d169a1c279a46015,0.9901060037513557
f9b4abfb6291393e,0.6121891807373498
6717d92d92048fbb,0.48814133833597295
469f41c8da1eeb41,0.5382285803621892
769314bb014d1235,0.7257826766721955
ff2e280d521989fe,0.2595500312692848
1d52653d4f3c35fc,0.044377736085009764
4c0ebdf6c9dd9fb9,0.23115165728557335
8e182e2e4650cebd,0.7722811131949758
f55714d17852a183,0.3032398373980716
f2e291daed34f717,0.771188868041756
2fedf01adbad6180,0.09462101313311459
7079029a20553569,0.6775678549086414
7214daf28cec2f25,0.5123267667286941
3037ee52ce757f35,0.049916979362052374
301594a1fbd58308,0.5472786116317236
971dbbb99046d9fb,0.8526391494675657
c7647059905f4dd4,0.1933911819885505
796f7cb75fc0eb55,0.9443877423380181
bcf00da3386bb946,0.9035065666032246
9fde66ee9b59f95d,0.019568167604734395
752d3e65ebd63369,0.3116657285800519
1a6bbae0cb804476,0.462863664790032
03cac4272e7b8e63,0.9446998123817951
055fecf2717f29a3,0.6683617886172186
a2aa85d0e1bc4e6b,0.5436898061282875
ef9db57cac44e529,0.4937585991239598
8c91442db55d9d64,0.6050115697304776
7cfa3fef2d1a1dfe,0.1436160100061112
56ede8d9842e0590,0.16608505315805874
fc74e63ad196960c,0.9195781738577427
342867ccf7337815,0.18917823639756035
866f7ea3c4be20e6,0.5850390869287465
f45494a74c712731,0.636062539086294
414228464c8b74af,0.7754018136327462
e4a3f7a35452e28c,0.5995503439643793
c1eccbf012d9a361,0.20088086303919964
a715e394b41f3a16,0.2700043777358159
26a24b8218ee00b6,0.9011660412748969
db4b58e70acde06b,0.24566291432120616
deaf015c1e137149,0.12863664790481288
9d4fbfbf523a0472,0.9819921826131524
ff7e2911a22e8008,0.879789243276169
30449ce55b14d344,0.12379956222626864
b930073e02948360,0.6139055659781235
9326674b4c828c15,0.6229555972476579
a9b474db35164846,0.5145112570351336
9183d88dcf308c8d,0.22974734208857664
47c8c6f64cdc0a43,0.46177141963681234
2ee4722095033329,0.6079762351463597
cb8a02ecca44027a,0.05576829268287204
1925e9dc63237314,0.639339274545953
dd36f08b99fcfa16,0.8919599749834739
9bbd43f6f760c243,0.8233045653525232
a766359aef66a25f,0.7373292682919462
4d10a4698fff400a,0.6217073170725498
44a6285639d7fcc7,0.7064343339580185
a64ce0de598f4714,0.7560534709185692
8c887a6a554fcff6,0.003808630393993438
ef3f3402f7530e37,0.0019362101313311459
e9cf43bab751f410,0.032519074421481914
1245634a78a3136a,0.0888477173232392
7c5ed75e73c20133,0.31759505941181587
ff7628423503cb61,0.1493893058159866
55df3baf4cb22442,0.14970137585976367
20497b1ff5df51bd,0.7738414634138608
fe1c1e2e166d6943,0.5129509068162483
0a6a2ebc3b004ba8,0.43664978111275987
ba16bc573e1d9a6e,0.6510419011875924
41ae92fc5f37cdc1,0.2990268918070814
ae05071f58d92774,0.29996310193841264
a8d4083bb2383da5,0.9592110694174278
92cf17c3d59c9b61,0.06481832395240646
f591caedceef4268,0.318843339586924
e3d006785a8a409d,0.5683433395866745
dcbc913499301796,0.1209909318322752
b630e1af9fc1f3b9,0.8953927454650215
7d6a1e459131bf25,0.8952367104431328
5f891649affd8c18,0.46145934959303525
7dc102adb7ad6667,0.5393208255154089
1b8c16064d0dc4d7,0.405442776735055
8e5286a9c7d73ad0,0.12426766729193423
147e554cda420ba2,0.16436866791728497
18517e2df9cc10ea,0.427443714821337
54ca2e9aaea55320,0.9935387742329033
a923278148853286,0.6741350844270938
cfb35f11977c3be6,0.47378611632222867
aef8a4667274a47a,0.05608036272664909
2c51172cc4d5eba0,0.1876178861786751
494446d84318c9ee,0.44398342714152056
aa652d97612fe50e,0.04562601626011796
baecb9e5cd4b2907,0.9017901813624508
c29488c64d211da8,0.37813664790456325
28746b4c4b26d721,0.05857692307686547
8a45d03fa3989bff,0.28092682926801266
462b3e544fe612a2,0.6252961225759858
359614f152fbbc2d,0.36456160100026164
5e953db789137f0e,0.6992567229511463
2a99aaa9555b3dab,0.6457367104433824
aa37a77bc447fc0a,0.9659205753586343
8c0d7f3ade155e48,0.08759943714813101
45b05dd1071039ab,0.9823042526569294
7e037c271c23576a,0.3331985616006683
9adb38d0576dec06,0.6176504065034482
532c84dea557da7a,0.6786601000618612
6c302b9662d3b5c1,0.3229002501560257
666231af023e8fd6,0.23005941213235373
9c06ef2fdb037a79,0.6607160725446808
65230a28464587f9,0.23786116322677991
b3ea4baf43182919,0.5990822388987138
c1f297271ef8cab3,0.17092213883660298
7c58e1fb77913d4c,0.9854249530946999
00ece1c11b40f8ce,0.08213821138203264
a820b5633583bac7,0.8790090681667264
b4e9165d8e2aebad,0.2506560350216389
85f20d358a8d6ce8,0.546498436522281
148fdf734e431091,0.344121013132865
67708062cc529759,0.6407435897429498
d764e50c36756862,0.9690412757964049
dc093657cc4bfbc2,0.6025150093802614
08c0597e111a2388,0.6037632895553695
58fc68c0720d8cbe,0.39545653533418945
387b7309eb20b505,0.6927032520318283
cca31a05a820ea88,0.8584124452774412
be7e5b7b5839a348,0.6886463414627266
ef7aa159ba83917c,0.6321616635390809
3dbaccedf2355696,0.2932535959972061
3774263bf5c9a393,0.3868746091303206
e830f76f4667709e,0.6054796747961433
c96965b10fe9e8ba,0.31104158849249786
aea0b2d75bb410f5,0.597677923701717
892d778bace3f693,0.6070400250150285
f46440975132762e,0.9409549718564705
6084fc419fc10f1d,0.9320609756088245
c6fb1852daad742d,0.28997686053754707
2bd09ffffa247f82,0.2969984365225306
5ded576ceda86075,0.5205966228887859
c066afacb3fe3a52,0.5695916197617826
21e99c194e94917b,0.027994058786714706
7f4eef61767e4c67,0.07496060037516053
dd19efa057bdb4b9,0.0869752970605769
2b309ca794e9b11f,0.9866732332698083
8428fd508cf86cb1,0.6939515322069365
bd059d7efcd14494,0.8690228267658607
7fcd9aa10e5ab5aa,0.35613570981828135
9398c438c5fe8b90,0.3235243902435798
7401e49aee3edc69,0.7200093808623201
0520f17da71602b5,0.33101407129422894
efeb31befebbeedb,0.14751688555332435
df3fd48fd3b3331d,0.6984765478417038
14e14e2218536077,0.6814687304558547
1f92d25274d4f038,0.40341432145050415
7170ea34f6161e69,0.5831666666660842
04b0152464b775d6,0.5037448405248254
7653ee403f88ff26,0.49890775484628114
ee84092d5d680f67,0.9849568480290344
c41b6329fa5e7012,0.05982520325197367
1514f652f00c3b36,0.26251469668516675
0c6d11c69bcc6f46,0.4620834896805894
382f75d2edb9f457,0.920826454032851
ab482dbf08ad90d2,0.5845709818630809
5ecd94cb7901e72e,0.23552063789845204
176da975d008461e,0.6373108192614021
882d984b9b9d8fb6,0.3569158849277239
efecedca199bc74e,0.6710143839893234
5f185fd802f0c00c,0.613749530956235
b7be75c69ddcfdc9,0.040944965603462224
4da0a9696b2e9612,0.41168417761059595
755bd669f9bccb8e,0.48252407754798604
dc744a1038657389,0.48595684802953354
f5565f23a877bd69,0.8092614133825559
45485cf629983a40,0.9660766103805228
9d8248668d721756,0.5496191369600515
7e637102a104b616,0.1306651031893637
b9095cbbb40751d4,0.9852689180728115
b6f5bc351054c7df,0.4839283927449828
d08fe94fcb0dabad,0.2519043151967471
edb4aa5de0832a92,0.3591003752341633
b142c9c1185e5f66,0.3141622889302683
1473309b954d71f3,0.8518589743581232
b604a5e504b627c0,0.9899499687294672
d5d6a72d9d2c827c,0.08245028142580971
aac5a801e8926a83,0.5149793621007992
45b600cd20830ac1,0.8239287054400772
8b6f8e193f28c495,0.3115096935581633
9cbdc55a60ad3994,0.2503439649778619
59cc8f62d55aab98,0.008801751094426217
42f81ab5abcba09f,0.5212207629763401
758524a5d6a74122,0.7758699186984118
0acada29c4de07eb,0.48174390243854337
6bf56d0ceb2c1ab7,0.2561172607877373
03b29070bb68828a,0.09446497811122609
2f553bd8ba413efa,0.0471863664790032
c3ea0fbb29a15317,0.42354283927412384
797edeb1c8a9c95a,0.49968792995572375
beb71749be71fd3b,0.5279302689175467
c660714dc6059849,0.4720697310814549
549961b37bef9764,0.043441525953678624
dfac78eae9821675,0.1177141963726162
588c204b822eb2c2,0.6914549718567201
e96e43deab9b69f6,0.8379718574100444
9c9a726ae65647b0,0.17139024390226854
58f635ddafc61c78,0.9676369605994081
d40624f11c720afd,0.8861866791735984
73575ac328053efd,0.5968977485922744
809a4127b076294c,0.9752826766719459
d476e643d990be24,0.16452470293917348
4d04534027759be4,0.4121522826762616
72c2c7664c8294e1,0.8707392120066346
d3bea4fa475618cf,0.700348968104366
7af7100957117fae,0.3764202626637895
bfeae03c16252052,0.2645431519697176
dab19b0b61104952,0.7986510318941363
8b72f86a4e6a970d,0.7538689806121298
c775b6de816c5092,0.7418542839267135
0de6dca19e114646,0.4418769543460254
0ee2b0fc31b7cbb6,0.10117448405243261
3363b132efc51b9f,0.9871413383354737
ee924a0428a40a76,0.1910506566602226
ac3726dc72e71ad0,0.5031207004372713
374584473bf4cec4,0.48439649781064836
e6b8e496d903523d,0.7061222639142414
8fe009970d6cbeca,0.28513977485900277
b03e574c8770e9d1,0.21835678549071438
27905f95e6931f22,0.4538136335204976
8099a0f72ee1a1b1,0.34287273295775683
5fbbd8a6f4ba3669,0.20883864915551437
24033a02989369f5,0.761358661662779
223faad452bc6598,0.7535569105683528
c5c13adedfefc67d,0.629821138210753
ec24ebbbc53f73ce,0.07979768605370478
3a3e4d31cbad45e5,0.32227611006847157
79763f9ebecaea1d,0.7668198874288774
46806e41926c192e,0.7054981238266873
a5cfdf6746ec5cbf,0.8854065040641559
0ddbe3ef0aed551c,0.2583017510941766
b641fe7061b46442,0.03236303939959339
be98835c447eea49,0.9642041901178606
98aa4160c7876f0e,0.9595231394612049
0753638b45dfacf0,0.7596422764220052
e938301ba66e78e1,0.6502617260781497
64b695db5b68b91c,0.5697476547836712
2797a5b06b8c68ee,0.3708030018758026
aee53ec38b7eb6f0,0.6750712945584251
d59b57f46a383c1f,0.4354015009376517
8c3a505dd927009e,0.33429080675388795
436e01defb530baa,0.09852188868032771
2f54c0acfcbfd646,0.842028767979146
20f15dad96dc92a0,0.2328680425263471
8a16a230e343a296,0.45428173858616316
fc511072e8631203,0.6554108818004709
5d976c71ca9049f3,0.6955118824258217
b207e579713d5841,0.9957232645393426
ac03eddc2e2fd2ca,0.7192292057528774
6b1e6ff0118fe59b,0.8424968730448116
2cc92c1f6bdd93d0,0.6287288930575333
f651266acfce6c0d,0.3642495309564846
c3b49d19c43acd64,0.16686522826750136
05a27ebb8a82cea7,0.9590550343955393
f32c511446a68874,0.20431363352074716
108d6b400d52aa73,0.6800644152588579
7e3cd0895bbfcd9e,0.8273614759216248
2245ed07ee31662f,0.6296651031888645
c81aede118be0e5a,0.5073336460282614
d664a113973613cf,0.4904818636643008
2899dbe3769e8b1c,0.5310509693553171
164d8c33239c5511,0.6355944340206284
e753bb93c30cfba0,0.883378048779605
4493eab669361ba7,0.3361632270165502
4e55ed26dc79c3e0,0.44320325203207794
1d2f7db4504f10b9,0.053895872420209746
9749ddc8b2a3a385,0.09446497811122609
9aab93db4ffdba7e,0.925039399623841
88558205521546f1,0.40279018136295014
02a8e05f667b2fa4,0.2879484052529962
f95b0bb67413dff1,0.48892151344541557
b821f8fa7a26d286,0.26298280175083233
bed1456aa64d60fb,0.7535569105683528
685b1294dc5f8cbe,0.8276735459654019
79a0510c936f5eb5,0.8048924327696774
07f28f119366b484,0.23879737335811105
949af0edccb8d159,0.8169071294550936
9965f63ba2d41ed4,0.08088993120692445
f635cdb577ae5471,0.7125196998116708
6419d144df4c87de,0.6668014383983333
bc7f2dd2340df372,0.1582833020636325
cd35e912794bda2e,0.35988055034360594
abf3b6dbce73db98,0.40357035647239275
4eeba8a4c17e4351,0.5279302689175467
f612b9af4ce98bda,0.918173858660746
d8120911733689b5,0.3778245778607862
723bd2532e39f731,0.549463101938163
3889ee7a1f5fd62a,0.5739606003746613
66ffb196fbbb4006,0.3230562851779142
53a1c51ae93d0e81,0.5758330206373236
0a4f5ec5f9339110,0.306048467792065
34416b6b8b600a61,0.2107110694181767
1e0b561b5df0447d,0.725626641650307
43e848bf56ec0bb2,0.623579737335212
1ace2be427eaf92b,0.22319387116925862
e24ea459233ec078,0.9819921826131524
e019c487befa7761,0.008801751094426217
7734ddeb14b3d277,0.132537523452026
1961aba76570acf7,0.4141807379608124
276265c86a0e2a26,0.21804471544693732
4fc5594c301766d5,0.7023774233889168
bfd20f3d76573073,0.6178064415253366
8526753e065f5b50,0.9553101938702148
5c03ad68783d0d61,0.14502032520310795
9c83e80d019e0f5c,0.5742726704184383
4e6019e87ab5ac6c,0.8039562226383461
dbf6023ccc73b0e7,0.22147748592848485
fb35b29ad551c9c9,0.3096372732955011
3ab9a4e335cdfda6,0.45084896810461567
86fa9d51e632ae1d,0.5811382113815333
ab30ffa9ef0220dd,0.9777792370221622
ebfe496544b5a6af,0.7744656035014151
4cb026b93d1e4edd,0.26376297686027494
426a41478cfcfc22,0.34427704815475346
3e16e5f885a5764e,0.33054596622856336
dab52f137b1ba008,0.8042682926821233
a7e545c29eee2bf1,0.3489580988114092
6a50159c50f7f9d0,0.035015634771698306
ded3c69308607da3,0.7910053158215987
921388faeaacbc80,0.9936948092547917
8c90e1ab4a546bcd,0.3488020637895207
31b1827fce88917c,0.12457973733571126
d97cfaa40be224a1,0.12504784240137684
b4dae0ea6d15a25f,0.4455437773604058
ffb033e54895ee3d,0.8715193871160772
2b625e5d9c22b0cc,0.4285359599745566
87605745817d0ffd,0.08947185741079329
9717417666a66daa,0.4578705440895992
3267d4ecd26e96f1,0.2795225140710159
3399800c4f113d8d,0.7290594121318544
f457366f48f27702,0.26251469668516675
5a6c4f9b661a0ab2,0.8488943089422412
76628bf9d8b6b0e6,0.9947870544080115
997a5333179da7c1,0.22787492182591434
044dbb2023ecc53f,0.9927585991234605
737497734f709843,0.9092798624131001
fc7d05c3ca74b0fe,0.3097933083173896
f5b74bbaa8085255,0.417925578486137
c1d1e5c41f539d03,0.6106288305184646
86f9c72ffb536f2d,0.9549981238264377
95b9d46eff640109,0.35644777986205844
3aff516939a3de92,0.30854502814228146
23c1d6b14d960725,0.0189440275171803
0b0950c974175a86,0.4275997498432255
e94d8ce0ed816caf,0.3150984990615995
037bc4751346a482,0.7949061913688117
d43c5617c5e69df5,0.9957232645393426
82c6f27cdcf850e2,0.9113083176976509
7652727437cf5e6b,0.16031175734818331
86f089e7c7ae0d75,0.9429834271410213
b9d7751ccd00d9c9,0.892584115071028
0a079836e9e1ac2f,0.5351078799244188
90461cd0e33baa56,0.7312439024382938
825b16c4984f4382,0.6883342714189497
9054cbcd60dd433c,0.39748499061874026
770e4ea8a1273a1c,0.7159524702932184
518ad8ed2ff052f7,0.5196604127574549
f12c4df4f05fb6c3,0.2121153846151734
95a9d1c987aae5f2,0.8515469043143461
1d60b64e1441c91d,0.46723264540291065
84ed70c1cda568a6,0.4207342088801304
3d6e8f3a5d06c7a4,0.3439649781109765
eb1779538632b044,0.24472670418987497
bcf84068bc4b5615,0.3868746091303206
3dceaab87e5bd6cb,0.7396697936202742
c86b418e43874d34,0.5772373358343204
95397751cf365c4c,0.7083067542206808
e80b64dbd916f780,0.3720512820509108
d2a231ba481924eb,0.6663333333326678
e86aab1a495bc94e,0.049838961851108116
4c088c5147f6cc2a,0.5415053158218484
746c9771aa5c751d,0.41059193245737635
90005adf46be6af1,0.16265228267651122
78338f5a63e742f5,0.6975403377103726
9c3f2d29681d0d34,0.8109777986233297
f93fd851b68279a6,0.9467282676663459
afed2c838b247303,0.8832220137577165
995d752a3bf1fbb2,0.5703717948712252
33609320e5c7578f,0.22990337711046518
1ecda15121ffa27d,0.1812204502812456
47b2accb2f516cd3,0.8975772357714608
5571f2482997d163,0.8599727954963264
32897e94a9feeb0f,0.9567145090672114
3d5fedc7f245d35f,0.463175734833809
1b4707947519036f,0.5880037523446284
3cee4d33cd4686de,0.5006241400870548
155f6d74191258a2,0.5777054408999859
3ae6a0b3d379dce4,0.3069846779233962
dab9de12664f7b0b,0.4065350218882747
cc73e04980d2167e,0.4216704190114616
be7f0f5d2c65bf06,0.6178064415253366
dea114b428048ebf,0.056548467792314656
deece306851a2a78,0.488765478423527
d1ce358b8f732eb4,0.35176672920540264
e025d916d395fc1e,0.7437267041893758
f50d9be3d733fdc9,0.3097933083173896
a6c0d8fd193f76fe,0.47425422138789425
569e045332c790a0,0.6404315196991727
977114ec6d208ff4,0.041413070669127805
17faede0e698eb93,0.4152729831140321
0610c3287750d822,0.5611657285798023
58e6e26dd56a60a1,0.11677798624128503
bc263b5b32d9ae07,0.25174828017485856
8894323cc5f185da,0.040008755472131084
e8229221a1595393,0.2395775484675537
63c589b1e27997d2,0.7136119449648906
fe21e0f0344dfca8,0.7886647904932708
7e0194535136acfe,0.2684440275169307
cc859709caaa52f9,0.14111944965589482
56e7153dc35c0573,0.2199171357095996
c76e1ab42940cee5,0.47035334584068117
2ed46ca4b8d10516,0.5386966854278549
ae2f86a0a6c3b696,0.5514915572227138
a05d11d463a21a32,0.26298280175083233
89e7dc0647f4db8e,0.6995687929949234
80934ce845013628,0.5034327704810483
f66422247e89d830,0.6610281425884579
b0a301739cfa2228,0.11365728580351457
42b93c5a8b628ba5,0.23255597248257007
f74f1673a45ce9b3,0.7607345215752249
2b76aa4b82e23768,0.4029462163848387
0d6190a27ee0d6ad,0.7857001250773887
7492fbffda1eb950,0.3787607879921173
35355c2d5692cdbb,0.7797707942456249
de976dafed9c0fc3,0.7466913696052577
e2601be919261723,0.07137179487172447
f56a91dde5defb60,0.3023036272667404
1a9c207021895aad,0.9518774233886672
86ec8e715d2efa2f,0.5600734834265827
7762b73652848f92,0.6813126954339661
ccd34b74bb18d71e,0.7494999999992512
eb6c259855aee52d,0.7555853658529037
7bfe956eabaf5f10,0.5851951219506352
38c6063d22fa4f9e,0.8239287054400772
46b7352aa3c8a1ba,0.485176672920091
049fa3f6cc3a62a7,0.8585684802993296
5f77b44deef47d28,0.20010068792975702
27462f3d6cf43575,0.4764387116943336
ca854373b937b419,0.8705831769847461
1f6eb5f2da254111,0.6831851156966283
9262bb44aa7937b7,0.5067095059407074
d81678051b65ebc4,0.5758330206373236
0edc1ad07f4aa86e,0.8805694183856116
a8e836b90034f123,0.27905440900535033
c729d0e49b2411cc,0.9902620387732441
db925a43365c86f3,0.49063789868618934
1cda28c15e8e4170,0.7118955597241169
ef5a97a20c5118bb,0.9579627892423197
4b990b98ec734989,0.8133183239516577
a96f328dda3bc98f,0.5042129455904909
b467b21cee5c9a57,0.219136960600157
8c1694e84b06dad7,0.32414853033113383
7b038881fb7ec965,0.7234421513438677
60e46ceca8ca6531,0.3693986866788059
be2e51dc6bf61727,0.7972467166971396
f1063bee63d2cbd4,0.3341347717319994
1a3d53e660017625,0.3630012507813764
6db1dc15ad1e28e3,0.9314368355212705
34f0bfc533c2a23c,0.5630381488424645
76e738496305310c,0.3058924327701765
a76e95f0a09b03d4,0.050151031894885165
6a0d13d3e413c0e5,0.1805963101936915
e002702b095c4d9b,0.5575769230763662
435eb85f778a69f5,0.12442370231382274
5584a339491f1a03,0.7733733583481953
9a06cac14b623965,0.5390087554716319
b199a982f9480beb,0.9500050031260049
e32add368c6de44a,0.3264890556594617
34824decbc66688c,0.3007432770478552
070711d7fd9b7ea3,0.6927032520318283
a1656b509ebf749c,0.979495622262936
ee96df140d42129a,0.9766869918689426
09fb51e0fded24ab,0.3672141963723666
77e04872ab10bf20,0.6997248280168118
6b34ce0940c8c237,0.9167695434637492
8b94f16483f351e9,0.6683617886172186
a7d4f13860590306,0.054832082551540894
66537bdf81c41f46,0.9607714196363131
3014fd36c07b8950,0.6750712945584251
789380ce86c031af,0.856852095058556
dbaee9defc780591,0.6627445278292318
bad0375f198257db,0.18792995622245215
a7b766569c6f66fe,0.34334083802342236
efd3fc92b86b90cb,0.5719321450901106
3ca6e7825d948c12,0.671482489054989
5c73fed8f1d584c0,0.3620650406500453
cb7f45c4ee30e84d,0.6449565353339398
aac70ac68209f1cb,0.7075265791112381
fb253a15132c7c36,0.5675631644772318
4f1ad3d1864799f9,0.9403308317689163
06cc890b7c3abdd8,0.23567667292034056
48f5b50b05af6685,0.09025203252023592
8abc163b25fe8f16,0.0709036898060589
5220ee550d303425,0.7805509693550675
8f7e85307eb35706,0.527774233895658
dec525eaa4588cc8,0.8009915572224642
8a7aa7c3acead22b,0.6507298311438152
0618f0627df67711,0.686929956221953
5d9929a965640bc0,0.5321432145085367
b45f8124eea44b5f,0.17248248905548821
32e371f83b148fb6,0.9203583489671853
83b9c322c9febec6,0.46052313946170415
8bb4d82df107f45e,0.5628821138205761
cc28d0d6ace393b0,0.4552179487174943
29c17f03906ad1f0,0.498283614758727
b10cf30c243ed8c4,0.870271106940969
85c180d755530692,0.23115165728557335
e9478d4c11f48523,0.0368880550343606
329d63bfe65d67f5,0.33288649155689126
4e7c7fbcb6fde9af,0.06388211382107531
1f2d4ca7586d9ef4,0.27203283302036674
04ff2418e503eb55,0.803020012507015
5807d02f74d22963,0.6096926203871333
23aa15ff2408a5ed,0.31447435897404535
5c3fe62807fba6c3,0.46270762976814345
c97a3c1357c537a3,0.7654155722318806
bde91246f16123d6,0.10647967479664244
dfcf3493677dd9ae,0.037980300187580265
4a0cb390212d6320,0.6936394621631594
dd48f98a0e7c2640,0.33304252657877975
21669e26853a5beb,0.7215697310812053
c4c279dadffc28bf,0.8084812382731135
27f99b00db0702b4,0.14455222013744237
823a471435809e0c,0.9704455909934016
36d9872df73f0208,0.6215512820506612
69b691bd3b11f565,0.6079762351463597
051aab7c376493bc,0.04531394621634092
897a042cdd939f4a,0.9373661663530345
16e574aceb37758f,0.9166135084418607
7acdad670c7e177e,0.7178248905558807
af7211a4b66028fa,0.2327120075044586
3b768875237c8195,0.7154843652275529
a9e4e55b286f1971,0.6881782363970611
1e42f2e9ad67815d,0.33038993120667487
0d527f8f008f8efe,0.015043151969967188
4c2ccade1925c5d7,0.5255897435892187
b3a98dacc0702405,0.23474046278900945
9b8e0f7bf05d953d,0.09430894308933756
7968527b42656286,0.22319387116925862
caf14438584b43fa,0.1298849280799211
31e140000e0bf36b,0.4004496560346223
336acc52a893cf2f,0.4790913070664385
bce6e39fc4407c93,0.14689274546577022
d5e58bdbf23f01f5,0.10757191994986211
1ff7a8ec347ef2c7,0.3010553470916323
ce432d29b214887d,0.2561172607877373
44e820df9233e162,0.6330978736704119
fd036d6641276c78,0.5425975609750678
45c36909115a7b3d,0.7919415259529298
0c18ad3d4c7f25b8,0.8000553470911331
4502d8fecdca43ef,0.8484262038765756
9bf5cf3ace55851d,0.5641303939956843
0e04a1cc15af0b5c,0.04796654158844582
86bc772734133e12,0.6123452157592383
76fda8694024d3e9,0.5837908067536384
d244839566b6672e,0.5340156347711991
e165495e76c8691b,0.6223314571601039
18e8d9f4f0ed1ffc,0.34505722326419613
c198ddc9a1a0f0a3,0.1827808005001308
4f15b2cd5370863e,0.39530050031230096
5b71a33a75b4b41a,0.9362739211998148
85211a41d91dfa68,0.6830290806747398
31c3ad8e554acb99,0.5887839274540712
f05e3b467a207ea7,0.001
20eea1cacbacd917,0.8716754221379656
338ac2331272bb7c,0.3569158849277239
e6740f272d44da83,0.8916479049396968
9368ba44560c50d9,0.42947217010588773
18e4039723086124,0.5121707317068057
c935d65cb1c5cfc1,0.24144996873021599
dd819f141dcc8319,0.1408073796121178
90488975d041fada,0.408407442150937
a5aa463adede1f1b,0.7739974984357495
872ac9ef6cc6a618,0.2402016885551078
ae4040a11f651b1b,0.3739237023135731
468c82067304eb0a,0.7521525953713561
cb460a2bc70974da,0.13456597873657683
366ae30bce6f5b98,0.34817792370196665
7638518d282a3163,0.8540434646645625
633878cd7103f469,0.47160162601578937
73b8cda0da8e3c6c,0.5135750469038024
b24a01610939d7fc,0.06247779862407859
99024e3163df7833,0.9851128830509229
f67fd1bdae4a88b9,0.5561726078793694
bed6a87757540498,0.27452939337058313
97afe9a3ddc497f7,0.23676891807356024
dd9f348a3e019188,0.5326113195742023
34946df4f3dcb0b6,0.6834971857404054
9444819c9eb0c9d9,0.7704086929323133
fb4483e1ad010ba7,0.021596622889285214
00c68b30c299654d,0.5068655409625957
72515cd3d8b3aa9a,0.8262692307684052
908510f96be347b0,0.784295809880392
99a21c81b1b48573,0.4856447779857565
22f68a423b09a5d9,0.0863511569730228
e7f04cb37080c9fa,0.017071607254518006
dc02fa202a12aa6d,0.2888846153843274
10d0b7f586529eff,0.1364383989992391
ffd7b011eb85f998,0.6487013758592645
e621dd32e1b264df,0.21835678549071438
4af1a1f24964fe8a,0.23177579737312748
811ce0830dbadcca,0.05545622263909499
19f0e848aacfeb93,0.7047179487172446
8d3f02ada61029a5,0.8484262038765756
1e2a07a17f935db5,0.13409787367091122
32328db851b10b18,0.30948123827361257
9ee145457cc792ea,0.8924280800491394
ad8df560233793e0,0.2498758599121963
d22762aa0ca69d56,0.5736485303308843
f8355291593dca46,0.9325290806744903
0c612654e51e01fc,0.10850813008119327
ae7e23426e25bea2,0.20743433395851768
e009b5beb1619a81,0.7682242026258741
520faa13a8c7065c,0.9131807379603132
b5f1a39aded71e0d,0.15859537210740957
de6cb6bc5b8d1640,0.5074896810501499
d51fb6ba7bb6913b,0.8766685428383985
a1375923af03ec27,0.7594862414001167
8c4b7d8e2bf037d3,0.5024965603497171
681405cfbc0dd97d,0.43696185115653696
992164c7365bc333,0.7797707942456249
4814a10f30ed6822,0.6655531582232251
f125562b955f34ac,0.37189524702902227
8665c174c23e0232,0.33647529706032725
c03010cc5ef028ec,0.9617076297676443
d2cbd396091301dd,0.33070200125045185
c5b700f429ada2a9,0.6106288305184646
07d97ad7c5757563,0.1974480925576521
abe88bd25b74cec2,0.9525015634762213
b5242ec51fa10803,0.24784740462764548
504c204a4b07adc1,0.3140062539083798
eb3e885ca8381431,0.5190362726699007
88019e77a7570235,0.710179174483343
4f5b5ab494b7fa3c,0.7142360850524446
ff857c8685376696,0.7493439649773627
c97ffff5899cdd5b,0.8871228893049297
06d8545946fb794f,0.80036741713491
86a18a847664c8db,0.47425422138789425
236b7caf60e83702,0.34349687304531085
b7362d1c5e6ea485,0.39670481550929765
75a194abbc3951a6,0.7543370856777954
0739352b03f43601,0.5614777986235794
d5fb0ad6dfbebd36,0.1337858036271342
ab3267950cbf32e4,0.6221754221382152
061b96409f1ecea5,0.25471294559074054
77507cbfe35570ee,0.04468980612878681
a36af5b550eaa873,0.6444884302682743
9ea7c406af2ba7ab,0.7078386491550152
f67f1e53508bf00a,0.9392385866156968
c1e4dc287c41d581,0.2949699812379798
a53a53e86b02f37d,0.4572464040020451
608291782c527827,0.4143367729827009
d0ad07399c84455b,0.710179174483343
fc8986567718f61a,0.9323730456526016
5dc1fc6a5d643435,0.8624693558465428
5c05741c61417dc3,0.6271685428386481
d702bbe78e1fa189,0.1228633520949375
e781540ac8518204,0.18995841150700293
7dfe0b8686f2f32d,0.7218818011249823
150a93d31aae72a3,0.37142714196335674
6eef12e9a09066d4,0.9397066916813623
636152d21bd16667,0.8086372732950018
c7f6af439da950c2,0.0915003126953441
27acdee466fcf485,0.9960353345831195
a8804fe9eee0fa90,0.08837961225757363
6192ee4938021f38,0.8454615384606936
fc02f9550afeac41,0.08299640400241953
7c9ba87d30178a3e,0.9613955597238673
a17444b2e1cdd78a,0.6664893683545562
83df6fde56cebe4a,0.347397748592524
b35110acb0de3b77,0.8020838023756839
9fc1dd40acc8bff1,0.915209193244864
0c521eb5fabcd49d,0.41714540337669437
e081802079fcf55a,0.8183114446520904
12aedbe868f79776,0.011610381488419655
be8a2586f0738799,0.7490318949335856
077d63174223dbbb,0.15266604127564562
bf95a5f9268fccfc,0.38422201375821574
51ac7bebc69eaad3,0.8960168855525755
823b8b0cbed56665,0.7211016260155397
7b06037a7dc44eab,0.9796516572848246
c3468f13ce305a3e,0.9392385866156968
82906bbb278815e9,0.10991244527818997
26d93d94ea19b1b9,0.392647904940196
d59469ecf7c3bb29,0.39545653533418945
7db5fdf7d9e7b81b,0.3748599124449043
251dd43cde3297db,0.4939146341458483
cb1945985d64f4de,0.3239924953092453
4eeb92e907af170f,0.4102798624135993
feb8fa429dd67ef4,0.7184490306434348
4de67c2419537ea6,0.3360071919946617
538e4f56402af36b,0.9106841776100968
a4cf878441380a52,0.9119324577852049
96be7b3de04ff62a,0.6374668542832908
39c3d3887c8c1a94,0.4088755472166026
1921999c1eb2c5c0,0.7134559099430021
d57e9b30000ad4ad,0.6421479049399463
7c4dea060b3cac3b,0.8573202001242215
b72576d562bd56cf,0.8286097560967329
e1b21c89aa287e10,0.2622026266413897
ea91d426f07b035a,0.2583017510941766
e3fe0ea3b0e68165,0.3288295809877896
733a4e55740edd52,0.7334283927447331
e3ec47884acfc533,0.9665447154461886
8b4fc284f4d71fb3,0.8476460287671329
ecc8c2db5ddf594a,0.0863511569730228
6a2e9bd8a0f89c66,0.35473139462128467
330cb959caca2412,0.9501610381478934
d9ec4fb651c85ebe,0.3567598499058354
059f9fe46af8bf1c,0.44772826766684515
3a4738e51c5cab59,0.6315375234515268
2defc05f8aab4fc1,0.8958608505306871
5eff676251527676,0.06154158849274744
fbe244ca19447d90,0.5421294559094024
6a795f7ddcc9922b,0.08229424640392118
31e47d59215b37f6,0.40107379612217636
dc507cec24e10ba0,0.8022398373975724
a6bb01f0933df044,0.1685816135082751
8d856f853ce1deca,0.4619274546587009
6da96325a4517519,0.34334083802342236
1154f92cf57d2532,0.08120200125070151
f6f5511b39bec2b4,0.03407942464036716
52b72c128d8d91b3,0.9205143839890738
75e7fc7c7ea0f472,0.5951813633515005
197817ba33606b5a,0.6251400875540972
c1951ebb86cb1446,0.8186235146958675
c4c41b18d788438d,0.7340525328322873
aa26bb9dcc890fe2,0.7112714196365627
c2c4703ee4c876c6,0.9237911194487327
4c5d7e0beffa310b,0.12887070043764565
83c908bdb66cb2b3,0.6362965916191268
f5402da16c14957e,0.36908661663502884
2ab80ba80d56a41d,0.6399634146335071
1c6b71fcf804ee07,0.7413861788610479
2f3e4501cfcf6dfb,0.6685178236391071
e6dae542e381015e,0.2684440275169307
eec4124d10360067,0.1061676047528654
9105a2588a4a2770,0.6934834271412709
130f75788d8a46aa,0.4496006879295074
8835b5e539659c18,0.4527213883672779
d219e6e0ab855f68,0.6499496560343726
0723230fe86de14f,0.6585315822382415
e81853b0b0f8c271,0.15750312695418986
979af46a1f611253,0.7147041901181103
945f78f066a99193,0.3679943714818092
9fd22540f39891b0,0.19042651657266849
2631c1e94bf99eb0,0.8457736085044707
41d6c34577272404,0.42916010006211075
13285c2b73770aa9,0.4099677923698222
1d2b2b68357f4992,0.2036894934331931
5e3172665089f4f1,0.8941444652899132
9f7be9231e3552f7,0.7501241400868053
6e458ab88b4204e1,0.18434115071901605
10739a7eee3e87cc,0.1568789868666358
a326839f328dce7e,0.9603033145706475
2e706184335e4bfb,0.9454799874912377
e10da35ed5233e23,0.13503408380224238
85df2a159bcafca0,0.6797523452150808
7e459f89aae58555,0.29091307066887817
c5733fd52fad180c,0.5692795497180055
d78be06de4424dc7,0.03876047529702289
af782e55eeec3b26,0.8668383364594214
a5428b7d3e5eb0a2,0.40981175734793374
8d920a6bdb004f92,0.9763749218251655
f4be0e405024df8e,0.8737038774225165
d5059f8f88290d5d,0.5154474671664646
e368d0170d51ce4b,0.3347589118195535
d8ddb30bad626df3,0.38749874921787475
d1e892e5a070ad3b,0.17716353971214396
8a30b24e45c8dd56,0.44616791744795986
7616820e7f2f060c,0.10647967479664244
35bf1de33ef37b4e,0.7977148217628052
7fc73341974a9c57,0.925039399623841
9f5bd41b72cee0ab,0.2710966228890356
44e5daba8a615664,0.7647914321443265
6a29aa78116608ee,0.6803764853026348
74c36fa527d5e914,0.26579143214482576
65e5065a97a00477,0.49407066916773684
2bb9d6b7e64b8108,0.16686522826750136
297129de9133a71a,0.18340494058768494
e6233ca37ff20ae1,0.7899130706683789
e6c230b1db202085,0.8599727954963264
042447db024700a4,0.20634208880529797
5347f880cf1bb93b,0.443827392119632
f7f2f5d41652f6cc,0.08791150719190804
71ccebe269774017,0.13472201375846535
5d89474915222841,0.27780612883024214
583b0f485ee37a28,0.18402908067523902
cc5a91f4a1b878cf,0.9334652908058213
636604af09feb6f9,0.08323045653525231
9149bfd2414e1f06,0.6806885553464119
69c71a71af3a6a93,0.24254221388343564
5cab1ef744ae1f07,0.5483708567849434
2c01a13c5bd11b48,0.7897570356464905
3dd5148c39f554e1,0.21351969981217012
e55b6c8712632bca,0.4839283927449828
1e70f997f11d309b,0.2824871794868979
0b5140a69c454fd2,0.25814571607228803
bf3433f1790ded45,0.6354383989987399
848bb9f5e15ea664,0.38500218886765836
ddec6d5fb5e1d8e6,0.9099040025006542
483be22ba816efd7,0.21367573483405863
c5e5341d9853e204,0.25299656034996676
21afeb4d02745cb0,0.3360071919946617
214573582fdadc69,0.4673886804247992
1584cb670481cd0c,0.838752032519487
a5b74fec60dff97f,0.9813680425255983
500761048fa68af7,0.6221754221382152
17911ade8f9db4a9,0.5993943089424908
0d5e4ec73265e718,0.8627814258903198
9a23b511d19c5b74,0.46099124452736967
b0a68b6e9b5aa0fc,0.6262323327073169
f2408ea825dab651,0.4970353345836188
c46a0253ce15db70,0.7343646028760643
280ee758ffb1d1f5,0.4091876172603796
f120c6f37766ad60,0.23474046278900945
f0bd6e897436f50f,0.5332354596617565
d9838a74cd5c15d2,0.037980300187580265
ef4f4beebb23098c,0.7095550343957889
81e1191f9eeac89d,0.5642864290175729
38a4b85540a1d008,0.331326141338006
583c98e432bf450e,0.7215697310812053
9319566dff410e11,0.744974984364484
967a61a65ca3958f,0.1106926203876326
78d063e4b7ce7f7e,0.3745478424011272
d2f8e62df2e4ba25,0.6493255159468186
810d2f780629077a,0.8376597873662673
3515d882b6639805,0.5909684177605105
11e50493155c9e73,0.9818361475912639
4ed708372af004b4,0.8966410256401295
c4e45da34ddf3b44,0.6135154784234023
c8a93dd49c2a92bb,0.9060031269534411
0db19fe44a9a780e,0.08572701688546872
2b3538d47f1c15b4,0.19136272670399967
c3310c72d9734462,0.4893896185110811
14085746773f19af,0.05280362726699008
556db80d967a1693,0.3044881175731798
43fc5ae409f4f500,0.7978708567846937
081a87f22c3b38c2,0.8783849280791722
d375cbc133ed4f4e,0.6345021888674087
5ad546feb694ad21,0.4029462163848387
4f93720827de0ed1,0.47831113195699587
3aa17624d6ff3bda,0.16889368355205217
9242e8dc12c52248,0.6908308317691659
6842dfe6284804e1,0.9042867417126673
0d73a6a834744d44,0.4681688555342418
0830204cd861c6bf,0.13612632895546206
66161f0924e78225,0.6948877423382677
496464a4d50db8c5,0.62592026266354
06324bbe66728955,0.9045988117564443
14f78d4e391911eb,0.10148655409620967
2b82c80f72759096,0.2508120700435274
098ac1d81b9e8c1e,0.8404684177602608
1b76ea6cbf734ce4,0.12535991244515388
0500bc92e5b55537,0.25018792995597333
ac5aed573f280b25,0.37345559724790756
ea03975f1d5baea3,0.3321063164474486
88b17a552fbab232,0.6508858661657039
b8de7af9fcdbf382,0.8847823639766017
1200abef5b424cb7,0.005212945590990157
31b60e9d8cfa862c,0.1570350218885243
893db3bdf6bcd36a,0.6644609130700054
ceb6b035da1d3d7a,0.7267188868035266
4ec436f2d7284b90,0.21944903064393403
8aed9038981199a5,0.3882789243273173
0004c2d09b2a5399,0.5624140087549104
5205db0c297b51cf,0.7398258286421627
fa00a8d5645e29e8,0.29184928080020933
e059a125b2f75271,0.893208255158582
0a245e9039a475ae,0.5594493433390285
f6dd2588e26ea334,0.6770997498429758
973b401c5b3a29bc,0.600954659161376
3c3d0acff02d8d77,0.8130062539078806
29614e0f15db6e61,0.5834787367098614
59556138531e1193,0.18153252032502262
6864e194fe467f06,0.48892151344541557
92d1a78a0805f085,0.6444884302682743
673c83d5875338f6,0.8705831769847461
97b9da49283296e1,0.12723233270781617
8e266443d27cb222,0.44460756722907463
01740ec6cd7d3fe6,0.8414046278915921
bf22ef3c96b1cf8c,0.1395590994370096
eceff6a46e6bb846,0.28607598499033393
595cd3775c548381,0.21726454033749468
dc88015ad74c395c,0.31119762351438635
1d829ac1fba966c2,0.24066979362077334
7af5a547c0ff87df,0.20681019387096355
42082090188c20fe,0.950317073169782
f7c6df36a4354bbd,0.44882051282006474
fa583dbce17dca3f,0.5215328330201171
31b430017b021b90,0.8167510944332051
7efc9cb13b2def86,0.931280800499382
d06fda4e5bcfc129,0.991978424014018
72cb2bb85767bcac,0.9428273921191329
50f1226e03b9f878,0.27203283302036674
24eed0e6d7789047,0.8179993746083134
d026da38fc55bfdd,0.312289868667606
47c591c2bae2052d,0.45927485928659595
92966f857e0e8aaf,0.32570888055001906
56b22e07fb9e4c9f,0.9815240775474868
95e7a0024d29a8e8,0.8095734834263331
77413f2ce0fc0b0d,0.49641119449606474
169ad5f354082bda,0.43992651657241894
cb6a3ddb00bb4caf,0.9598352095049819
c1351ef23bdee19f,0.36846247654747477
23e0eeea647bf809,0.4302523452153304
52cb9f8084c2979d,0.6980084427760381
7f071403034451bd,0.9039746716688903
64c6b8a675d8d210,0.6262323327073169
25bcfd9c6c4bc119,0.5933089430888383
68234d071437f6c1,0.13675046904301616
cdba54b09ad0a5e0,0.32804940587834697
8b2a453d25a9793d,0.9612395247019787
379b3cf15b5cd618,0.14314790494044563
04f8b3d8fbcd3c09,0.2251443089428652
8db2aa7a87a0b0b0,0.6859937460906217
09904cf5297e4c52,0.6073520950588056
e5d6021439d46003,0.5853511569725236
87a2e4212129d19c,0.9356497811122606
e218c57596992271,0.5454061913690613
18b98da5b42722da,0.5112345215754746
449920a89db3ac7d,0.8607529706057689
9ce041cdc0639315,0.6126572858030154
722f357fdbd5c880,0.6296651031888645
d468cd43dc6a08bd,0.9893258286419131
9700c7a3ef819ef3,0.8997617260779001
b7f1d881f8c72980,0.13815478424001287
b23236c476c94144,0.956558474045323
18dd1046074e1b37,0.4666085053153565
55f227029ee88bf8,0.29590619136931096
5e3b8e365345db58,0.30027517198218967
d97a5d6269148ed6,0.5513355222008252
ec6dfb974b3c0b88,0.9585869293298738
7ff4153e9bc66bd5,0.8635616009997624
70ade30377aa52d0,0.6560350218880251
e81c74c9a5e64310,0.9440756722942409
27609b892f19ce38,0.23630081300789466
665fe4d9e267c32d,0.8754202626632903
e4efa861a25c36f2,0.8431210131323659
707cf306deb0ca20,0.33179424640367156
53a0fc682407a107,0.7279671669786348
4bd91ec011ba7743,0.10335897435887197
3b7c880189ffdf65,0.6914549718567201
c5f1834657b1d9a8,0.6981644777979268
60a043d7036ea402,0.3689305816131404
d69dc65f9a8e3647,0.5315190744209827
c3978282c1335961,0.7857001250773887
248bcc5d97740cb9,0.4247911194492321
ba074101d0551828,0.5802020012502024
f22fd6cc76b9eb99,0.0529596622888786
cad3b5acbccd1a75,0.07948561600992773
4e3d749c5d0d8b99,0.7313999374601824
1024028ec93908ac,0.9974396497801163
db5f96700f81e32e,0.7346766729198413
d00456f5c537affe,0.1576591619760784
ae6c9a4ac1923d77,0.21305159474650454
5c4ef0457f9b795e,0.5282423389613238
a36087b510ed1bbe,0.8950806754212444
9700dc3668cb0d40,0.01582332707940981
e404394c28efb780,0.5124828017505826
0720a1b755cf55ed,0.6580634771725759
035439e10d353f33,0.34006410256376335
53421be12c0c7d0a,0.7674440275164315
c76422f9c7f1c224,0.08182614133825561
ca75e192477ae30e,0.3461494684174158
480e9e2f5f6eac7f,0.6140616010000121
b1b0c9414a07e81e,0.0734002501562753
e09f31da0edae6b7,0.2631388367727209
9386dbd09f1eea31,0.4169893683548058
4027ad13f744ab47,0.761046591619002
dd57f9a9617410f2,0.8683986866783068
53816ae08db4500d,0.482212007504209
d39479f04b318c0d,0.7864803001868315
5223cd189c2850d3,0.3559796747963928
8c0a9ec776187a0a,0.13503408380224238
387c460bf9c82eed,0.6783480300180841
1fd31e1faa118ee6,0.11693402126317357
49fba05cb591b00c,0.17014196372716034
bd80ada68eebd0b9,0.37798061288267476
0e3f686f072a8a0c,0.2963742964349765
84925d826d461c4d,0.7048739837391332
a7badd0bb8ead7cc,0.5215328330201171
e2c838fd32fbb729,0.33772357723543545
3a6cf220f53b4cb4,0.5967417135703859
9dacb79ad9fcf34d,0.47128955597201233
92aa4c1f7f258a86,0.7977148217628052
c85e22a117db207d,0.15734709193230137
c5acfefdb9e64f54,0.3157226391491535
26015640e05a3378,0.35613570981828135
834b3501453f5c5c,0.5474346466536122
42af151534cbcca4,0.4731619762346746
6342222ab4bd07c5,0.9301885553461623
cec95d0eb86b553d,0.5511794871789367
b4129a57f4c5c1ca,0.5329233896179795
8b51d76d9c838743,0.433997185740655
36d6124fdfb6b5fe,0.4266635397118943
2212f9196bf749b0,0.9897939337075786
fe9345df75362fb9,0.6621203877416776
75774ccf0b19e8bd,0.12379956222626864
026c096720d1702d,0.803332082550792
6aca91fcef83cdf6,0.47784302689133035
8fc4c42ef85eb9e6,0.975594746715723
1b64496c26985a3d,0.18028424014991443
591d0017ec185df0,0.5678752345210089
028968c773b11f62,0.6625884928073431
3a09eb47d1ba4acc,0.014575046904301614
000019235d24a363,0.6941075672288249
ac5122e50d1ce8c3,0.5127948717943598
7d4feba02220abf7,0.1158417761099539
e59a3b16b4a6d416,0.8907116948083658
84a820be4f12f7cf,0.26563539712293727
2f535756a73607c7,0.9915103189483525
fe5a15197d453416,0.008645716072537692
dfe7a446a8aeb1c9,0.05093120700432779
0ba28eeeb91393c6,0.4594308943084845
6cbf1767b759c6cd,0.5580450281420318
a6e42b03d097a184,0.8087933083168903
da6efa9d56a293d8,0.6722626641644316
20eb958ac40ae3ec,0.11209693558462931
861472b884b8b80b,0.8634055659778739
83313fb5d3e30121,0.27530956848002575
75c00015b88462e9,0.9729421513436181
abad9a6070f32056,0.5043689806123794
dbb0ac574180786c,0.9365859912435919
1ff23956ddb48080,0.9718499061903983
1030748990c873e0,0.5752088805497696
3b392b51ebbe98a8,0.9197342088796312
9bd3ce96b5220545,0.2668836772980454
e80afbedc991fe85,0.9741904315187262
b892e30bd65f1cf7,0.14658067542199316
45be6aeb64cd6e75,0.27484146341436017
10b2dab220d2112a,0.8623133208246543
397e2c46ae990a0c,0.446792057535514
19d3b02c14e869e0,0.2642310819259405
cd4dc389be000277,0.8918039399615852
fddeaaa21cf9f333,0.4555300187612713
c73cf810b1eec5b7,0.193547217010439
2d89c6930c494b36,0.6497936210124841
731c1ccc4e036603,0.1601557223262948
a9448f44773fe67d,0.6518220762970349
89d7d09573e87744,0.9019462163843394
09a1c2b53c31bc10,0.7573017510936774
6c6319f9764e8514,0.9849568480290344
f56bb1ad09aacd4d,0.7641672920567725
a49d99323a265849,0.1863696060035669
3ee9be6434e0e715,0.6335659787360776
875debef7413e1cb,0.5067095059407074
a2d775ceeadd24c4,0.9010100062530083
18c8aaea7c834671,0.995567229517454
df0c46251bada9cd,0.7353008130073955
aab9add2fbc56aa9,0.29528205128175683
a6fc3e9da5c8e555,0.20634208880529797
f637661db81b90bf,0.9812120075037097
33f67c649066e956,0.27203283302036674
86c73cb2d30683cb,0.6731988742957629
b5c00f8557fcf692,0.4196419637269108
a2c9a8f18d345227,0.7811751094426216
5ec5cdcb7ea71186,0.49282238899262865
0f3e463f9177f7f5,0.7304637273288512
4e7f08dff5d4d708,0.7476275797365889
3bf84009bb5fc3d5,0.9437636022504639
51395fde52e82c96,0.8395322076289297
11111626d4279259,0.4297842401496648
ae179d72addf4dc6,0.23926547842377663
e88ef89c0abd640c,0.15016948092542926
c514af589b1c5c49,0.18949030644133738
ff07eef5fb056c81,0.8431210131323659
96fcc4e5d6f59237,0.9721619762341753
28c21a0768568fe3,0.9053789868658869
73627db8491905c4,0.41152814258870746
99467bd1e0347c4f,0.06949937460906218
f68ba1afefa7c356,0.9610834896800902
f2dc825ecdbac412,0.21508005003105535
4aba146c1a03941e,0.20400156347697015
80d5d6de30bce75a,0.5407251407124056
07139bc3c4fbcf8e,0.8885272045019262
e20fe10aec859d4a,0.9771550969346081
7ede37b476b9198b,0.6209271419631072
13f259dd7b600fe1,0.3981091307062944
351f432cde665f41,0.34708567854874695
a0721905432fac03,0.9826163227007064
c64298a4451fa34e,0.5956494684171662
4498869b991b879d,0.7504362101305824
17636075cadd05b7,0.6276366479043136
f1a1bbb6f878a877,0.4441394621634091
0eb6903ad4fa3f90,0.5232492182608909
3188bea8d6f5b35b,0.7012851782356971
c4c409536eb6c51a,0.1511056910567604
d280dab3667294dd,0.7434146341455986
52c6f5f136513403,0.40263414634106165
5090d67fa1877997,0.35738398999338955
16b61b14def64393,0.6477651657279333
baafe2fb18314839,0.14018323952456369
4dd870bba94a4e61,0.5154474671664646
09dc62cfe943169d,0.06871919949961956
c479d440fcf7aa16,0.7786785490924052
8afc03aa50ceaa11,0.8849383989984902
edde45a77638faf8,0.07371232020005233
6d7692d9c32c3019,0.5365121951214156
5732b6767099399b,0.347709818636301
17d91b5e97f3116f,0.24753533458386842
0d8f39533be9f182,0.8407804878040379
fde5949373183adb,0.9564024390234345
958e0e17661293ac,0.9690412757964049
c5216e7c4a482059,0.20212914321430783
903c649790deba31,0.0754287054408261
4a0069fc3386e06c,0.7558974358966807
a8ed067c70e68299,0.858100375233664
2739c45027efcd82,0.48049562226343523
9cebb6633780881d,0.9769990619127197
61795ee62a8075d9,0.17591525953703574
58f2b934b0d49345,0.7961544715439199
dae79d85843b121b,0.005993120700432778
2a1568df2de08c44,0.7001929330824775
ee4fd2a6e3a78dff,0.5383846153840778
b757cce25b9c26a4,0.26501125703538314
66ff45cad74a6679,0.49687929956173027
b0017bdcd541c6d4,0.24831550969331104
a3f277c9b5c91e67,0.3533270794242879
a5cf1cd034f1cbe7,0.8835340838014936
68c1e518bbf4e77b,0.3108855534706093
39bc60ddd2106538,0.6059477798618088
6efa72d0df99c34d,0.8290778611623986
ba7209f117ae9238,0.9264437148208378
7c5bee138819f339,0.604231394621035
0a18482d62e5cb36,0.6330978736704119
8e35efabb244500d,0.1408073796121178
43a9275d59ca040c,0.7835156347709495
481df5704a84657c,0.01753971232018358
4d8d82c65a5b6227,0.4494446529076189
f93eec03effd7d38,0.9629559099427525
3ffdcb2a25a0754d,0.6510419011875924
95109279ae9a6a9e,0.7727492182606414
d6ee9c0efd68efce,0.4794033771102156
74c4894e7bd0708d,0.5063974358969303
d33fec8f45769c79,0.5316751094428712
8fa4532d6a6caae1,0.22491025641003237
3dff5467e3be88a2,0.728591307066189
fc6d9a8363c4609c,0.10928830519063588
c9cec12908a9bfc4,0.3099493433392782
a971fe519809a939,0.41808161350802553
5ef5d379d20d65e1,0.5513355222008252
e3fb799669853199,0.7588621013125627
6f8c415e8466353c,0.43758599124409103
6a84824f0fe20d4b,0.3692426516569174
8cfc43e4b7c26f14,0.27094058786714703
de7c6a12dea21dcb,0.7896010006246019
d478e64abc5e2623,0.7117395247022283
437101bfe8957347,0.49469480925529097
6e285e3b9740ddd7,0.7009731081919202
c3ad227a535c2fe2,0.9841766729195917
8f43b3a85065f086,0.8457736085044707
90aa3a900822f96a,0.6956679174477103
c9000a6868faa0ce,0.8805694183856116
32a000ae2024ab05,0.1429918699185571
c4605d1a5e5e5f5a,0.854199499686451
892acb659d8cf3f0,0.4157410881796976
c69855f3bb4ca032,0.05186741713565893
edf73aedf6b35217,0.2954380863036454
8877ec8e52d1ecc5,0.15266604127564562
fa3630178cfa8ffa,0.08525891181980313
9f5f7129d1af2116,0.4683248905561303
5e7e17e9ef20547d,0.8197157598490871
a0bb691eee0adcbc,0.0754287054408261
47aa950ec1d03709,0.4199540337706878
89b3fd466c092666,0.08432270168847199
f58ae0404d156690,0.27359318323925197
766c4ba6be3c0785,0.6485453408373759
eb2e4b71d64f3173,0.8612210756714345
4912ee4332177555,0.8579443402117755
2bef19c70fa1eb95,0.3352270168852191
c6686c6fb6297feb,0.9033505315813362
67508ac580fa166b,0.732492182613402
ff311f69cd822985,0.3478658536581896
bfff1dc879c76509,0.5471225766098351
3d1fb3f5ce631cd6,0.9317489055650476
cc268338bd6cf9ca,0.7841397748585036
d5798960a3e8183a,0.4872051282046418
11d573b74ae9ba82,0.8804133833637231
8c8705f908dede75,0.8874349593487068
ed2bfbed36ac2b84,0.8426529080667001
89361517fc2f10d5,0.8989815509684576
1626bf6a9e33402d,0.6327858036266351
549de17e617d4cb1,0.09259255784856378
241acccc8c4c5c98,0.796778611631474
ea3cd2074cfdd18b,0.0028724202626622918
3482477cef332442,0.6756954346459791
4f0e6d903964496b,0.22272576610359304
55f5ac50a1704cc5,0.6015787992489301
2754a911af5ae6ac,0.2565853658534028
f2e293367584282c,0.9432954971847983
2efb3cb92bcc9b98,0.0684071294558425
5896699316dc3ab8,0.4524093183235009
2d0483ceb9c643bb,0.6081322701682481
efc8974e6723a58f,0.3659659161972584
a6a0006f726c94b1,0.9445437773599066
6f5c59612f3c92fc,0.9952551594736769
c78209036cd357a4,0.986049093182254
db9a3030e417457d,0.08135803627259003
99988b482a1d195f,0.8350071919941625
52e13ab6586efd97,0.9019462163843394
3e8fbcc54eca7fca,0.4226066291427927
5bd1113a10668c30,0.20727829893662914
4bef48512ade85b6,0.23910944340188808
2882464c483cd0f8,0.1876178861786751
079b1ed9350bf75b,0.5017163852402745
7063caa968c586c4,0.27967854909290446
ec19c34addb8624f,0.5134190118819139
8cbafbdb15a9de28,0.2746854283924717
a38115fdbf75c1c5,0.6593117573476842
6d8390c7927568de,0.21289555972461605
00981f14236ef71d,0.839064102563264
12f84fa2b4c572e1,0.16249624765462264
ca5bb700586628a5,0.08603908692924576
4a7058a9b89ae975,0.22475422138814385
878bc0b3326ea889,0.08603908692924576
57f748e3454293d9,0.635750469042517
07949795ad3e2e93,0.7739974984357495
8cfaf8d91ea4f1c0,0.3856263289552124
0973b331fb200feb,0.9872973733573622
fe33cc8c6e5126c9,0.1659290181361702
95338421b02d6100,0.8462417135701362
6d14e413603d239b,0.8665262664156443
8dd0a5354bcc36ad,0.836645559723992
73e26e96853b1101,0.20618605378340946
1d9173dbd30bfa8b,0.9921344590359066
b8164626d047cbb3,0.5280863039394352
0fb7907993c4b37f,0.9409549718564705
59ee8f98bf511a26,0.6546307066910284
0c3008cd7e493e83,0.9083436522817689
ca16172c325cea2f,0.132537523452026
2bca85f81b167432,0.8716754221379656
22fee0166c140a09,0.8822858036263854
e2724c0840a5145f,0.5230931832390024
f36672a2c0e1cfac,0.02690181363349504
1fb583d94ee99482,0.8563839899928902
02f264a344c830ab,0.8286097560967329
4da6645d6969cd52,0.2147679799872783
44dc081e8f45104c,0.6377789243270678
2c2b2f0c44e4f0d6,0.33538305190710765
36b10927a5ef8124,0.9355717636013163
c1aaa1a11b02c7a6,0.2631388367727209
052a4c4d54a4bc92,0.8843142589109362
d52322d3a4091590,0.14564446529066205
836f3b0ea82976dd,0.42089024390201896
76fb069dc8449b55,0.6597798624133497
9c73e1140fc59c02,0.28716823014355364
ae6c780a01769bbd,0.38796685428354033
ef3be0cbdd14848e,0.1731066291430423
3599f0b9c0feb095,0.057328642901757286
88664205bb714f9a,0.18184459036879969
b978ad9fbc2debb9,0.7552732958091265
c82c9b618c165d10,0.4637998749213631
0b15c07bf352553a,0.9010100062530083
7891a28610913711,0.6633686679167857
ad4639fd4e49662d,0.09103220762967854
08bf7df7a564e646,0.3361632270165502
7ed362e9d16716d9,0.18231269543446524
0ad5b72ef7c0ed2b,0.5589812382733629
511e654ff2a5008d,0.5059293308312648
c2cd9bde4b5e7a21,0.7991191369598019
5b3e02e26bec5e7b,0.9702895559715131
89c64c8f9efcecb3,0.6064158849274743
a8f6c6e3e62d6b71,0.2147679799872783
019cc0b8962f5cc0,0.7769621638516314
bc4e4242db6ccd37,0.010362101313311459
3fff2ee4dbde3d85,0.45365759849860904
dc37fcbe553235d5,0.3127579737332716
3bd0b86bbb97a337,0.3527029393367338
4992d9bc07447302,0.2813949343336782
bfdf1c0f0ba7cdac,0.9412670419002476
a6ab2d1d53fe912a,0.06731488430262285
1891df3302c7b348,0.08494684177602609
b9959e103e10b920,0.5800459662283137
0ef3c10f8c9072d3,0.4302523452153304
a10619d97fb76c2d,0.12887070043764565
0863a38392b70b67,0.3489580988114092
60b64acaf466a536,0.7143921200743332
12e3e5d6d9c41e98,0.8128502188859921
9523154e7d045c29,0.742010318948602
c75a93ff5b4249af,0.31182176360194047
254953a015ac6eeb,0.9191100687920771
800fca2f6db1274a,0.23037148217613074
495cb7b810650027,0.15609881175719315
32f2ab9bccd62523,0.40107379612217636
710c1a24eaeead5b,0.30152345215729787
bc05e8a0b1a36967,0.8148786741705428
7f9c858cee39c32f,0.5129509068162483
d943890ab2a0dabc,0.6117210756716841
e8365a58644b452e,0.7334283927447331
8b6555b1e2375ec2,0.9344015009371526
2d05b7a2752c3cd7,0.38078924327666824
cae674aba0ce36bd,0.790537210755933
ded2185f98f5d222,0.9125565978727591
5aa4335a084d6172,0.6196788617879989
ea84e8283949a22b,0.8371916823006018
e05b38abdcb5ba20,0.05717260787986876
1a8232cb16668217,0.116465916197508
964453e5682c98dc,0.3580081300809436
6220fee3bc1e75ff,0.9233230143830673
44c74ce2f7dfda22,0.9393946216375854
0e420abbb67f6653,0.9904180737951327
381d753868abf15f,0.26204659161950117
c90e0c45f7fc22d0,0.08369856160091789
28cc75a35f51a8f5,0.7718130081293101
3ec9f6c06061e5fe,0.9407989368345819
b014ddae55b634f3,0.06435021888674088
90879b42c1e54236,0.7744656035014151
7e62b4fce61bbae5,0.6643048780481168
6e384e2ddbb3399a,0.42588336460245174
6f07849a73f44a97,0.9785594121316049
f48a2f5d095509de,0.5500872420257171
ba999a22ce5b3fa3,0.9837085678539262
ba9181802cbd9401,0.854511569730228
bd73bd26225890fa,0.26532332707916023
64c38fe6742e3036,0.2921613508439863
df243043992dea1a,0.5865994371476317
0119114d3ccf9eba,0.9665447154461886
f21453041c1dbfb2,0.7760259537203003
65850a53164c135e,0.2205412757971537
48527244bf10d792,0.4937585991239598
cd4848b0c5d09b82,0.4636438398994746
d29250c293d24f3b,0.7702526579104249
8e49853ead7a7782,0.2770259537207995
c4468c09563855e0,0.3522348342710683
06fbbe29034b7d22,0.11943058161338997
85f4de85a28f72e5,0.8760444027508444
61a2fd323396df30,0.33959599749809777
57131a5c1fd27b0a,0.5883158223884055
97148caf47baee80,0.7151722951837759
bc00a7f9820c18b9,0.21570419011860942
0774fb3a81023543,0.5485268918068318
26fce92bc23cb74d,0.9406429018126934
c97cd71a9a738f03,0.5680312695428973
e241738a2d4f1fbd,0.8598167604744378
da7df03e550c90ab,0.42916010006211075
35c07da89ceda890,0.8621572858027657
5cf499e1908cd296,0.5614777986235794
d8e67e20d907c472,0.37002282676636006
f3135343f9e7c1fc,0.9673248905556311
35e24477ff3e4121,0.49157410881752045
ad3c1d21283a66e7,0.7574577861155659
fa88a2d04837aa67,0.6673475609749431
3d8cc5538995bbb1,0.07761319574726545
2cd57b0959ffa8b8,0.28513977485900277
abf05406b1a91bf6,0.9968155096925623
0f7b3fdc5d781296,0.9297204502804968
03365bdfcc4be998,0.30058724202596665
b46302fe840c3d5c,0.5886278924321827
b1f966468fc49840,0.4088755472166026
6adafe7e6a6e6865,0.9812120075037097
e92c7a5333472aa1,0.6530703564721432
7eabeacacbf8b37c,0.5808261413377565
655d9a938cd682a0,0.9771550969346081
a26607cfecac0d77,0.3673702313942551
8d29e784c2fbc4ca,0.9011660412748969
0552a72825b82f4f,0.33538305190710765
8db26f10038d6705,0.3115096935581633
0eb4f40d8b4a0e29,0.4297842401496648
a1caff7700882d18,0.6777238899305299
ee70a37197156928,0.2255343964975865
6de1b2f62b6369e2,0.8478020637890215
9c2d074867b45c86,0.31104158849249786
36c975ccff63cd9a,0.7079946841769036
eac85b26c054de88,0.7413861788610479
318d374ee2d57a71,0.6195228267661104
ea743176167975bc,0.4932904940582942
3ab9fd28956b4c1d,0.16296435272028822
478582ec139d868b,0.8164390243894282
fb9d44e71840eb0a,0.2094627892430685
bd4fd0a37b2b9312,0.6611841776103464
5dffe03302a0fce9,0.9723180112560639
d94e1f4138ee9631,0.45428173858616316
298ced22f474a1c7,0.4812757973728779
0268d1d90c8858ff,0.5294906191364319
84cf6eb7514ea305,0.15531863664775056
95d0de11255bad7e,0.12926078799236698
9df308f6f0758e94,0.9415791119440247
b0fb6fef1f3a5762,0.6388711694802873
3fe46d292459737f,0.02190869293306226
6bf62b52eaee324d,0.19791619762331766
8b6a50f8f0d1474f,0.8248649155714085
89833118f346eb37,0.2032213883675275
48fd781830adf147,0.992290494057795
209845b666a00820,0.2146119449653898
f23faebe09506cb7,0.7630750469035528
5f9584bc58bae0e2,0.1910506566602226
a08d713f9ab75910,0.6316935584734152
5c4f577995e30921,0.9002298311435656
db21d37dde61a7e5,0.44398342714152056
d22dc3977ccf9208,0.5156035021883532
d0fab5e12cd60c77,0.12192714196360635
5293676c6774f75b,0.20431363352074716
d3ae1f0b7031a78a,0.22803095684780286
bf57f1265cfe2fc2,0.4611472795492582
468b54d83b570a50,0.2494077548465307
134c07b69f25f030,0.527462163851881
2cfa14158d7d3661,0.665241088179448
a87b1a98b2c48b05,0.3133821138208257
c0bed62168e9892d,0.5109224515316975
fc44e0d5137363f1,0.32594293308285194
1247308f81ebf41c,0.07886147592237365
083caac4b6cb4eba,0.7326482176352905
a9d470ae3ce0af34,0.010986241400865557
935c423d001e7dda,0.30183552220107485
d096b8795c71a6e2,0.9308126954337165
2acc0dd1e03e59b3,0.42432301438356645
bdba30d6e4c5095a,0.4397704815505304
57b0ac86659a9329,0.5758330206373236
23d831dd1ba487be,0.06435021888674088
628b14a47b392334,0.7025334584108053
76a400c7177ea365,0.3394399624762093
86ab9bf8f20612b3,0.46458005003080577
fb26e948e7444ee8,0.7919415259529298
367ec7e6bfbfc6a1,0.9821482176350409
efb297fa666f7cca,0.8211200750460839
0a0f715a63ed4738,0.45927485928659595
00b759c30fbbcbd4,0.9028824265156705
4c133deea22458f5,0.9289402751710542
b354cc89789a3136,0.6115650406497956
f3595bdad2050118,0.2506560350216389
2171a4f574746f33,0.5861313320819662
ce89301fff62a739,0.29138117573454375
f4786178a6026169,0.5670950594115663
e1db1fa3be2d2bde,0.5469665415879467
05b896a0d6b00e98,0.0013120700437770486
89658e4ea0b49c47,0.8836901188233821
db78c841ae5796ca,0.385782363977101
6af4698b636d1c84,0.28186303939934376
be3f82b0567a0962,0.24659912445253726
1dbeb642447425a9,0.1024227642275408
eec325cdb9dc0154,0.6302892432764184
cab58c1297ee8294,0.6185866166347792
97e9bafef493dc0c,0.30542432770451095
c738edb5352110f8,0.3884349593492059
fe298587b58a6ac7,0.9281601000616115
b01b2bff457f7030,0.35457535959939607
599065c0cda14c65,0.7978708567846937
feb91e47c3d327b0,0.40903158223849106
1b0d5c427077f7e9,0.5533639774853761
6c1338d0338c0bca,0.8162829893675396
aec29f6d68d9e001,0.11755816135072766
c6567adae6722bc2,0.5257457786111073
c6e04efe9811e16f,0.20649812382718655
eb86688c957ec913,0.5886278924321827
a450a6576dc20dbd,0.5433777360845106
b700f2322066f731,0.8944565353336903
a4302475b7326abd,0.927691994995946
af5f8038b513a4c1,0.38749874921787475
0d73ab8c4cb1fa9d,0.8882151344581493
8ca59ee3a85773df,0.3331985616006683
e3f7ceafab0856f5,0.2823311444650094
2445f30cdcdf58f8,0.6482332707935989
23b0f57c015407cb,0.25221638524052414
2750f1a3f3525b16,0.16733333333316694
4d1502e6806c5f5f,0.4101238273917107
9cd2cc7d553443cf,0.3728314571603535
5e314b952cc18869,0.5143552220132451
e8851ddb49233587,0.8607529706057689
6339c240bbb14c01,0.3934280800496387
196ca6bac51b24e0,0.8914918699178083
ff664b7817ef187d,0.07964165103181627
1f50f2cb8e01a9d2,0.5645984990613497
f655a99b43cc6c6f,0.10507535959964573
2dc6d88fd87d67db,0.6007986241394875
b61c9fd4a46a6bff,0.012234521575973753
478a862e9bd10007,0.5216888680420056
0b9c9bb9e3bd1c5c,0.2263145716070291
8ba72175f80e2cb8,0.39920137585951404
80bd1c42bca86409,0.597989993745494
ee7025a20728385f,0.3558236397745043
a94a734822cd1066,0.3948323952466354
9e445d829547acdf,0.558669168229586
d08fa8b4d19b0300,0.8223683552211919
8ef8adecee83165a,0.770564727954202
476933f8311d441a,0.6388711694802873
fd9f323abdfccd58,0.4241669793616779
fde943f5062e49d2,0.7382654784232774
32e1723a53483290,0.44273514696641236
3189ae9ce5829fb1,0.8864987492173755
a691ae869c7c7c20,0.8996056910560115
aec6a61870dceefa,0.495006879299068
301339e42c2fd935,0.6255301751088185
33bdb599f03ad3cc,0.1756031894932587
ef958079692354ec,0.9961913696050081
6b9de167c2e2a382,0.6000184490300449
81a3aaebe87a402c,0.31041744840494373
78734bb73a549d35,0.5677191994991203
801a31247ebc0426,0.49765947467117294
703c72ed057e80ad,0.8162829893675396
d512ce41ff14126d,0.1436160100061112
b14adfc6f2de5274,0.6057917448399203
3ffc252e11d8a5c7,0.2622026266413897
dd94c4e414636803,0.3968608505311862
089a1dca65e44b84,0.5454061913690613
95e32e732db3ccdb,0.31899937460881256
aca38e8f736ef297,0.03267510944337044
78b2b40abd748fc2,0.6594677923695726
2595c73b081498d2,0.1273883677297047
4821901eb98463cf,0.764947467166215
81f36fdaf2813666,0.19885240775464882
1e80444ce87788eb,0.6925472170099398
47c976d0b2db324a,0.048746716697888444
76e7956f7212a4d7,0.26781988742937657
2f42d37419bdab8f,0.9743464665406146
460717034c7c127a,0.7524646654151331
f46b154a36f88b49,0.6994127579730348
af4a2f1334861acc,0.9754387116938344
cf562fd6a1ec6763,0.6193667917442218
a58fda4597ded16e,0.44164290181319266
7c5b545797c724f6,0.825957160724628
cd2d2cade053f8e7,0.7315559724820708
0d42478d5f847ddc,0.06247779862407859
fcdbc1ca107a390e,0.8200278298928642
4a6cd78198d5a5ce,0.8155028142580969
13c39c2f8d3cd810,0.06762695434639988
c79d8a5d80e7f04c,0.1030469043150949
51a701717aef4136,0.9138048780478673
4e8d630667c21f23,0.48111976235098936
9b8e9dc382061f91,0.2492517198246422
fddd94710360c28b,0.4929784240145172
2c33fa5f3f2d5e24,0.1915187617258882
3ca87064dc34dde6,0.7409180737953823
c9d8edd3fb7bf971,0.5117026266411402
d582a1a34b5b977c,0.9776232020002737
2fd593bbcde3caa3,0.9100600375225426
d2f2308d5fd09adb,0.19198686679155375
dc6fdbb3f28f8f2f,0.7563655409623463
ba8e32a15085aa3a,0.767912132582097
3ecab659633b8be1,0.9521894934324442
80f14a6b7deb5266,0.5447820512815074
6809016a071b3b5e,0.7917854909310413
d26156516af475ee,0.4338411507187665
7946e76f5438edcc,0.6909868667910545
b11ee2ead8527494,0.8167510944332051
03e49d963acfe851,0.33959599749809777
4a3e2db752cc071f,0.9659205753586343
6e5157888073a37b,0.7975587867409166
1f7bd653103f1863,0.5599174484046942
5cc0f066c9d8a28c,0.8236166353963003
61240fe8a4dc9a2d,0.427443714821337
ab6cae9885409088,0.9949430894299001
c4e40432b0ffcfda,0.8570081300804445
1f7fbe6992fe8f33,0.4847085678544254
94953e6bc4d48c7a,0.5352639149463073
e1f4fd779b279dca,0.8944565353336903
38ccb655faf1cbcc,0.2726569731079208
dcc976ac3a08e676,0.0478105065665573
8a586d58683ab8fd,0.8055165728572314
9d1f98568599273a,0.081045966228813
f5a4bf16401623fa,0.9088117573474346
42c6f25951f7db7b,0.38703064415220917
673b99f498fb7880,0.4711335209501238
e4f2c6820273bf2b,0.9521894934324442
8e7d37f34a1f3efa,0.9290963101929428
ec4bdd78abd81c4d,0.5769252657905433
a15343296b9f6f42,0.7062782989361299
dd76563555eb67b5,0.8801013133199459
3ce8de8291ffa6a6,0.8992936210122345
1d036919bb298ab6,0.25767761100662256
9579b233e83fe284,0.2146119449653898
be5c561435858f1c,0.988701688554359
5cf1d9bf22b73559,0.8804133833637231
d5e3e7616edfb5bc,0.13300562851769157
ad00da3aa56f4d7b,0.20228517823619638
0ccceb1154debc59,0.7051860537829102
8e2c8545bf82cc60,0.8534193245770084
d62e1e8938e1c97a,0.9620196998114213
a8dc86e602a746d3,0.995879299561231
c4329a7f54415286,0.46629643527157955
04ec4184a6a2f40e,0.8504546591611264
a8874aa6ff7ddd20,0.3715831769852453
c9a607048a5bc5dc,0.899449656034123
002c27108f6666f6,0.4530334584110549
e4f6a20915cb1601,0.32243214509036006
bb014c28cd6924bc,0.7028455284545824
196e2f507f594bbd,0.40403846153805834
9f1be9fcf021fb5b,0.2481594746714225
9391d5f366da4c40,0.8732357723568509
3453a5ca3d904777,0.41776954346424844
686ba22e52de9068,0.28201907442123225
3553eafc050e9c0b,0.6025150093802614
edab086e1fc56c68,0.9292523452148311
d79a009be9287b82,0.5283983739832122
b86e1b1f8503684e,0.874484052531959
9ad70763cc07c36c,0.9033505315813362
419885390abac7a1,0.04250531582234747
70bb28465e350bba,0.9234790494049558
d2fe3be15c7a040c,0.9609274546582016
df051580b1fd88ae,0.4329049405874353
799dbb3bc5de0bff,0.9064712320191066
c18575ea64f02a42,0.902102251406228
bc265e458d29169e,0.9230109443392902
d59c94219a63b100,0.8771366479040641
0b79c6776df906c4,0.6538505315815858
1bbd089c39955fe1,0.44694809255740253
e07ee63645347087,0.5577329580982547
6795923abfe3b196,0.9223868042517361
f23bdf1e94c91124,0.34256066291397974
a1fbaeecebb55865,0.14392808004988827
bc95d3915a49249a,0.6452686053777169
c565efbb2d18144b,0.9478205128195657
321866d63b3b1b00,0.7168886804245497
50ef5d8288aabf7e,0.30402001250751426
3948549457628975,0.815814884301874
b958074c10bc601c,0.36128486554060263
f075bd7b8efbf058,0.6036072545334809
f05a42508ffff350,0.8752642276414018
3c1c900935bc3285,0.1506375859910948
cba59c1afecb3734,0.6277926829262022
013e1691ae9f7898,0.12535991244515388
ff4fafab1f01bf0d,0.8222123201993036
16a52132c026c176,0.3848461538457698
7e6dc3264a60f3c6,0.17341869918681935
fde7be20171bb23d,0.05842088805497695
4709ae8a61f423da,0.7460672295177037
f2f7edc4fdecd842,0.009425891181980312
81421fdc47bf7d1e,0.5770813008124318
e130b6363bcbe974,0.19791619762331766
8b5dc994eb4224ef,0.3938961851153042
ced09e40d6cdb2ec,0.33304252657877975
b65873d2d6509482,0.3776685428388977
d663eee7b55b1c09,0.2873242651654421
e8ac634318c1c070,0.8087933083168903
9861a481912689da,0.1812204502812456
c170f4b630a3b239,0.9950991244517884
31f66aa5ebaf2ad8,0.8936763602242477
31bc47bb1448c433,0.10741588492797359
79eacc58c9cd0f29,0.9632679799865295
32cb3b1b23ea545b,0.4257273295805632
89357b6904f7d6ab,0.5519596622883793
0d9d1cf89bcda082,0.7137679799867791
7c15e3fb5080a6af,0.3374115071916584
a8580d9f4b1f100b,0.9855809881165885
ba1c0d81b8bfcda3,0.5232492182608909
d5c76d632f469288,0.9626438398989753
4faeee72bb8b4acc,0.3648736710440387
10875f7f7d53acdc,0.3046441525950683
3fb5a4da63283ba6,0.9782473420878279
6551e600570cb09a,0.8886832395238149
6b4949612595764e,0.4266635397118943
d45b6491898d0fdc,0.29356566604098305
0c40fcc6d696a66c,0.47050938086256966
74607a92b5ef932a,0.35894434021227484
e7bf586ef35ff70a,0.2770259537207995
65e0da070f27aa66,0.20743433395851768
38a09fd79a425aac,0.5237173233265564
aed136202b0b58d4,0.4410187617256386
5f5b7b68b01d1299,0.9933827392110147
cc5db835afffd307,0.35894434021227484
d8842b37f5416b48,0.5550803627261499
d8aee4335af252d3,0.27733802376457656
00494862dd9b9e04,0.5446260162596187
95d5441c82b1c46c,0.985737023138477
c6e492bd428631d5,0.487283145715586
598200ada2678880,0.9707576610371786
8094f4dc74add0aa,0.19986663539692426
6831a0024a1dd23a,0.11880644152583587
d56926e610462f66,0.32274421513413715
bbe39148bfc2e434,0.9512532833011131
1a07a83f589de802,0.5764571607248776
8210d5a233d3d65f,0.0740243902438294
ef4e598f566c9558,0.4236988742960124
c02b919584ea5cd9,0.22475422138814385
68bc1f08eb5258a7,0.9100600375225426
d57a9ae04f68912b,0.7136119449648906
fa41a48959374ae3,0.2328680425263471
5e725dcb74b4e75e,0.2671957473418225
121dbf76a9cf73a8,0.8371916823006018
a2383e552a5f2313,0.20103689806108818
378738808b201e0f,0.3278933708564584
9642ee1e267eee82,0.633409943714189
e55cdf82fcc57177,0.48860944340163853
2103c3d1e5063e3d,0.18480925578468166
02004dc8e2729e0a,0.3695547217006944
95ae4af4bade5009,0.42213852407712715
8a4e103c92d62a5e,0.8485822388984642
c4414b2ee31b7e94,0.4187057535955796
0866387e16259486,0.8660581613499788
f0b7e616767a0197,0.5605415884922482
a86d2f80a3468f5f,0.5582010631639204
691f9a97e9645bce,0.08962789243268184
2f2e7662f26d0933,0.31915540963070105
72cbdcef4a6b4f07,0.8195597248271986
3ca15eac9b7ce8d7,0.8520150093800117
d9f713c872a26c76,0.6084443402120251
38c5cae3c23f24a9,0.37548405253245837
80e12c9a6e625e7a,0.8855625390860443
78211c4fb5585628,0.934869606002818
59e71eb2f5c7c432,0.8588805503431067
b7abc4b3e6ff0e3c,0.10835209505930472
42eaa77ee15f2ca3,0.10913227016874735
bb8ed5a0931148f7,0.17076610381471446
2ca7468532706e2e,0.40825140712904845
98791c70677eb76c,0.6923911819880513
e7ec6ff3f296ed38,0.5413492807999598
7845f67130f900d3,0.693795497185048
fcec4d0ce44eda40,0.6710143839893234
0ac91fd23085433d,0.7860121951211659
ff61891d90f930cb,0.33038993120667487
41fb4a2210a6066c,0.7510603502181363
4c7ebaf834966e32,0.0933727329580064
81aef88d712fdd5b,0.7323361475915134
36b0ae34db90ecd7,0.9395506566594739
72fff2ad28f42426,0.6594677923695726
717207649c078f67,0.23239993746068155
925d6e357d7ec158,0.7877285803619396
effe2d48627efbe4,0.6638367729824513
0577c43390d4bf43,0.9968155096925623
546cd9bb6f2ba820,0.43571357098142877
8a47c92c6443e7e9,0.8460856785482477
bc9467bdc8642922,0.4990637898681696
af91160b63f1bc90,0.8982013758590148
464ea9bea5384944,0.6384030644146219
b838b4792a3c540a,0.5894080675416251
11fd6e717c95ce29,0.7526207004370217
b1e2e5a1c0f42f8f,0.4957870544085106
222e74272be1ccd2,0.3327304565350027
21a85a0b474e45d8,0.5912804878042875
5c5c76ce21ac9a03,0.13113320825502928
98c3f3c5243d4fc6,0.23130769230746187
745be7354fe05a2c,0.07324421513438677
ebf17df229daa6aa,0.5305828642896515
14929f1035ed296c,0.9404868667908048
af1bc354186d653b,0.048590681675999926
88e44f6549d78a5c,0.3068286429015077
1a5119861af7675c,0.25096810506541595
4675a1f396e095ac,0.8298580362718413
306fd63061172f24,0.010206066291422934
68fb9067ffff02de,0.8913358348959197
93665736b22ae558,0.4219824890552386
2f3252e131fb28c1,0.6830290806747398
a90bb7ef537f3ccc,0.5953373983733892
f8c47e6a1ab0bf1f,0.5220009380857827
7f335ac0ff549013,0.16702126328938985
e9c7c37b6584e68a,0.2011929330829767
e2f8c99b54c930c0,0.07558474046271464
4f0ffae34b450b85,0.6770997498429758
94e27d2dbdf9010f,0.9326851156963787
db05b31fda1c2b1b,0.6288849280794219
af64ad7d713d5a93,0.5326113195742023
4d1462da71b0efa9,0.2236619762349242
04fbab7984c52c30,0.9049108818002213
c01a62e78e6d8a2c,0.7914734208872642
74f8579fc40b2d7b,0.24597498436498316
0eb2d3b71cf2b61a,0.7729052532825298
57788504ce4c82b2,0.693795497185048
9e7dfd444a9f30e7,0.7076826141331266
0cd8b38e5a4b74cf,0.3640934959345961
e8c1c982ff8a6704,0.45365759849860904
36bfe943ee63fe65,0.5234052532827794
998d9f62a717ccd1,0.08135803627259003
8069d4397377adbc,0.2888846153843274
ba8f312910226da5,0.8785409631010608
37faa0207a18eb20,0.8222123201993036
c16962d752780184,0.9497709505931722
f1d62e28f903e96c,0.5098302063784778
8cab416d1f2bc624,0.9111522826757623
b791af74c95ffa06,0.9632679799865295
05b113e465a98080,0.3397520325199863
b17d9630e851487a,0.5185681676042352
92981268f9d56f38,0.7920975609748182
76775e095989aebc,0.030958724202596672
a07f4266c4b1cb5a,0.22522232645380946
7b5b1f94772d1b60,0.27172076297658965
4f8ef604a40bca4d,0.34053220762942893
673f3a4c0bd90267,0.16514884302672755
58139d3ae9373ae0,0.8591926203868837
c24d1452d22e8db4,0.6355944340206284
441d9763fdc1b0df,0.9262876797989493
d2987a3199c1109d,0.9345575359590411
cab99a91ac2562ca,0.8058286429010083
df1222f0cc1e08bf,0.5474346466536122
bdb610f14d1f9c0a,0.17263852407737673
d63652d83092f4cc,0.23146372732935042
dc121e137a206780,0.5037448405248254
e5fde6a720ffea60,0.33990806754187486
52f7118d77a951d2,0.302459662288629
1b60cd7738483c77,0.7618267667284446
c7ef81c5ec66b855,0.9911982489045753
42a4005911b6abb2,0.9364299562217033
926e4ef2979d43ba,0.12052282676660964
936393261928dd44,0.6845894308936251
90b3943086a67cf1,0.37064696685391413
80b6c2497708cc79,0.5633502188862417
dc880492a16f61a0,0.431032520324773
363fa6d193ea1791,0.23583270794222908
11443cec444ffbdd,0.9882335834886934
174e280d8c42163e,0.8331347717315003
d7fddec00bcd1345,0.6254521575978742
2f2a0292483de945,0.992602564101572
2638757dc8ccf105,0.09508911819878019
af967b1ba12837c7,0.491730143839409
6cf0ebd8925305ad,0.9748145716062804
0307e7dd94f223c0,0.07074765478417037
d86f818a421d896a,0.8517029393362346
95c76aa135d94e8b,0.25845778611606507
dfb2dc72331615e7,0.8827539086920508
b488c877787792d6,0.4541257035642746
5864514fce7556aa,0.6546307066910284
7db51b9dfaa6c3be,0.18465322076279314
475afd5ca8082909,0.7429465290799331
aef3fd34396adfe2,0.14158755472156043
e93ef7b1eb85a270,0.4724598186361762
e643f5e629c7ab40,0.03891651031891141
e9234451a7ebfa5b,0.8134743589735461
e8b95693607a1af6,0.9578067542204312
362e59ee5f24ba56,0.667893683551553
760d3c489cbc2365,0.3001191369603011
cdc43a10fec587b7,0.8752642276414018
436bfce1b2e96ebc,0.8774487179478411
8364b88b9aee50f6,0.6657091932451136
49b33a422ea5bc22,0.9627998749208639
7c87edf2fa4449ce,0.07012351469661628
ae4d87302f77418e,0.32570888055001906
80504f5553a663cd,0.23177579737312748
285102ab56c81c9a,0.5285544090051008
ce75929520b6600d,0.9107621951210411
90e157fa590bed49,0.9378342714187
72308a9b8ed351ac,0.9167695434637492
67da97f4bf5a43aa,0.22116541588470778
7a2c3503f50e758b,0.8334468417752773
7c277b093ca6e70a,0.14517636022499644
e17cdb698e7793a0,0.6125012507811268
304f33ed70c9905c,0.7130658223882806
f671940234873df5,0.8345390869284969
4c60ff51f1a98ddb,0.4489765478419533
357333ab581b26a4,0.5661588492802351
c12b50c410a56d62,0.20478173858641274
280ee73ea3f9a150,0.5230931832390024
9794f61f2b35c374,0.24004565353321924
99bef954535737b8,0.8743280175100707
164deb1fbf6d3d15,0.8027079424632381
17f64dfc919c257d,0.34022013758565184
177f1a78be284fe4,0.56881144465234
6575a6e55c3aa52b,0.558669168229586
e1ceb3cf89c78b04,0.4492886178857304
2787d14ba4491e60,0.4878292682921959
47283a11f402ab9e,0.527150093808104
3e13ab75e759c66d,0.7624509068159987
565632830f202280,0.7182929956215464
c60dd36532e24523,0.6953558474039333
1bbb760f70ac35fd,0.25549312070018315
5952ee73f64f8e8d,0.6293530331450875
0d2e12deb5dc05bb,0.3350709818633305
93cf50cff9e70197,0.7156404002494413
71a0f1d3a79f9279,0.41230831769815013
ff1b97bfbc1de495,0.7532448405245757
152d66dccd700ae2,0.8850944340203788
af9475d72cb09bff,0.3937401500934157
50c6ae4f3f0c520f,0.8362554721692705
53277c274f93827c,0.8173752345207592
65c28bc2a138b604,0.8219002501555265
ab3f36de97ff5288,0.11318918073784899
6e673b3e05a86556,0.16374452782973084
29ade739f5ac47ef,0.6933273921193824
d6c96030b8564b06,0.6343461538455203
5ffe88ee98e246bd,0.14954534083787513
b75847a46dbc7758,0.43415322076254353
fd4f072e7db648e2,0.9089677923693231
3b600a791eee47c3,0.561633833645468
3205c60644f3310a,0.2749974984362487
37edd7d198365da8,0.9838646028758148
4aed77bb42b6c35b,0.043441525953678624
70b9c5d2c47a6231,0.9251954346457295
5aee71b30cf4e773,0.06637867417129169
3b6034955fe901a7,0.06793902439017695
53f7e37ad065a1ff,0.7122076297678939
8249af221f0dfc62,0.40247811131917305
4a798f098b3ac80e,0.7871044402743854
7859a3365dc11f7e,0.7485637898679199
0d6ab61f58e22d8b,0.4506929330827271
d90f47b845ad8044,0.6872420262657299
908f76b67c5d77d6,0.3633133208251535
2e13d0c9efbac24d,0.45989899937414996
fbd3509fdc1e2fe3,0.2592379612255077
d0c07aa05dbee8c0,0.4511610381483927
e2066400c0c997d5,0.8463977485920248
9d002016fad484c4,0.9740343964968377
18105a09ff042e04,0.4397704815505304
97dbf62f03867f4e,0.5778614759218744
008e7b56ab9053c6,0.9496929330822279
e382e61b69858e84,0.03891651031891141
a02b2c12a9b232a6,0.40528674171316653
5d4eefc602f1a815,0.8145666041267658
8c8faef5bff7b3c9,0.18871013133189474
8ea4fb1f9e66fa76,0.17061006879282592
22a32bb8f8bde6fe,0.7097110694176775
6a655866f90d61e3,0.630445278298307
b15548596622ebdc,0.10351500938076048
e6426b5a54e4a972,0.7677560975602085
2bb1ea15970a2de4,0.1743549093181505
5b2c1fc3ca8dca34,0.12692026266403914
b26bc3d1078e5a5f,0.25752157598473396
9db2f38d40ccfed4,0.2416060037521045
8481c054b0537a7b,0.8334468417752773
c4016925a614e39a,0.6093805503433564
a6145b00b87ffbfc,0.9734102564092836
856c1f1b7a16dccc,0.05061913696055074
5db9aa657576b123,0.07932958098803922
e6c91e69fe022b81,0.9975956848020049
18323213899682a7,0.05701657285798023
84aeda77a9eaf7a8,0.8733918073787396
60aa7eb39a1066d5,0.8445253283293624
011908fe41b2ead8,0.9624878048770867
95a236faf4cbd0c8,0.6593117573476842
c58d93928c4b43a9,0.10679174484041949
e3d5116d0ddea646,0.8254890556589625
3d33771711b587e9,0.7669759224507658
ca902179e21ff302,0.7234421513438677
4b2142ee3d149d15,0.4079393370852714
d78803f699e1394d,0.6273245778605367
ef2d9881a6438977,0.03423545966225568
3b5fc032ae2a290c,0.41511694809214356
9d5473cf79999f4a,0.63965134458973
9aefa72a94558b66,0.754805190743461
78cc36a16e5afd3f,0.4943827392115139
0628d45dc33a5639,0.8183114446520904
bc63ee6da23c5dc0,0.9323730456526016
5a69761001b7342a,0.5585131332076975
f5384c1b33a306d5,0.19323514696666194
9f4fb39fb6e8b6a8,0.7337404627885102
f7787ed37e4b9d05,0.6895045340831135
eecdd457b6c7edb2,0.9529696685418869
f36c01f2f7fefef6,0.8140984990611001
abe3d414c510a7dd,0.48455253283253685
d1f7dc9b905e0fb1,0.23598874296411762
a97c23cf1c8d474e,0.3494262038770748
fa77ebf418dd2361,0.23052751719801928
4fa91df3f09b649a,0.6785040650399726
4c40bd5075d26ea1,0.8986694809246805
559cb0c10ea413cf,0.610160725452799
b07714f5d0a305a3,0.7451310193863725
ac26d06332fffb35,0.25354268292657667
f3a18a7976f15c5b,0.2328680425263471
bd610a8daf3173f8,0.014262976860524568
b4db2ea448a373cd,0.09477704815500312
a9e601aca0377220,0.7984949968722478
7580e5af192dbd01,0.979495622262936
3b50e09f1d1584b8,0.6426160100056121
e752099897ef3c84,0.3158786741710421
9e556374eb31bdcc,0.5471225766098351
09bf3001382d4d51,0.17794371482158658
ac4f9d21db6d0551,0.5215328330201171
bab162c780dd5d3c,0.3943642901809698
1ac05275c95e2b9b,0.2441025641023209
ba53d76ac3815303,0.9546860537826607
731194026ddc8a00,0.924727329580064
565ccf55ce0f19b3,0.23786116322677991
c610846e274513ff,0.546498436522281
4f2f55e6f8f022f8,0.4065350218882747
171594c12d4f22c7,0.02440525328327865
fd9a29be83f07915,0.231931832395016
0e69e13d2585552f,0.9091238273912116
8458a25c7d299656,0.2743733583486946
36510a7e2e8cf5e6,0.6555669168223595
4c689c2ab0b1e458,0.9745025015625032
bbbb01b896a60659,0.37189524702902227
95a6091ed902a1c0,0.45568605378315985
226f1fdbdf45c3f3,0.25143621013108153
b3776535f92034c1,0.18340494058768494
e136a41bbd9d2ebb,0.882441838648274
2acab7498f95984e,0.536356160099527
5a97d6bb500166e9,0.5340156347711991
53ad75887ce27a2f,0.3770444027513436
4bbccacfaab6a76f,0.5792657911188711
8d5dbeff654a20b3,0.04500187617256387
885918cc4b58a92d,0.5493070669162744
c33b954ec9e9d53a,0.14018323952456369
c73aa72e6960366b,0.5131069418381368
28c265c8e738031b,0.9198902439015197
16f59244fa16b9c5,0.8662141963718673
ab1bbd20f2288ef0,0.3948323952466354
21ce9f486720b00d,0.6162460913064515
ea98936cd5a062ef,0.6610281425884579
092b99905affadc7,0.8565400250147789
f8a1935cbff0e3e2,0.654786741712917
557ff2105e2227eb,0.09025203252023592
e28b4c1e7eede953,0.1749790494057046
afcd2875196e3514,0.6240478424008776
622d0c5c885e5d67,0.6229555972476579
5ab123deb8c8e0b9,0.9451679174474606
d70f7077ffdc3675,0.6271685428386481
ec0e23575480409a,0.6697661038142153
c42b1312f2466d13,0.424479049405455
58f7c9cedf508963,0.9907301438389098
483a6a2fc6820e34,0.4425791119445238
9a410bdaf99ab250,0.8768245778602871
27d8448c7743312d,0.6802204502807463
d22510648b60b80f,0.9989999999990016
cf71cc1d5beaf427,0.8958608505306871
b16d96c422e7686d,0.623267667291435
f3bb00d62eddf347,0.15937554721685218
e7ad214e8e1b87e3,0.5007801751089433
a149a81fa46121c8,0.2595500312692848
954ac0304d013ceb,0.8435891181980314
5fb61c8caa291bb7,0.3742357723573502
b3e6b65c022e07a8,0.8630934959340969
014590f5ad393d98,0.4918861788612975
fd3098a48d0565da,0.003496560350216389
597dfb91140f7a43,0.12145903689794078
29c72ad86d92588c,0.10523139462153425
46403e8726688e63,0.01675953721074096
586f9bad93615a9e,0.9905741088170212
518268ad7eaad020,0.44086272670375004
eb68006674ff7853,0.5716200750463334
829bf94f3c7511b9,0.5661588492802351
472338feab38fd63,0.05061913696055074
e2eb7c00452da3bf,0.49984396497761224
264d5eac0a3db4c1,0.6856816760468447
5dd40ed8f6931f40,0.5636622889300188
ea07294f7b9321f6,0.3881228893054288
800d5b199211d908,0.08978392745457034
c26171ff73291cde,0.8417166979353691
9b039401395029d1,0.30667260787961914
149773fc93e82e0b,0.9532037210747197
377962b226c4354c,0.41808161350802553
b33ace47f8c9cce3,0.23005941213235373
5898aee0357167ae,0.29465791119420276
5011475bc46160b0,0.1543824265164194
49403fb05b28bdc1,0.7621388367722216
d64f9b8328cadfcf,0.7819552845520642
8347b5a18bb84a35,0.3505184490302945
a72c9158377598af,0.3519227642272912
346932f67e7d808f,0.879165103188615
e4962aaff0cf97fc,0.815814884301874
d63549a6e599cc24,0.03922858036268846
d013eaf626e99575,0.7123636647897824
a7c0072db3d224b7,0.7130658223882806
b87493b15c6b1e21,0.4577145090677107
cd6d6ab0bf1601eb,0.42432301438356645
fc7b0d78438f45bc,0.7069024390236841
b53e88867e63ec5f,0.5308949343334286
1e1e7de7f17a14fe,0.4045065666037239
fff1df28cf047de8,0.46754471544668774
9a4279b8c94a438c,0.10585553470908834
d1a19d29c2aa4b9a,0.7407620387734938
ea65ca7ec57132e3,0.6925472170099398
35cc6e8b29ac28d6,0.9712257661028443
35cebb20cef64701,0.9317489055650476
03c27c6fa94b88b1,0.11178486554085228
654a7847a4c3d0a9,0.9799637273286016
d82da976d107c4ef,0.9038186366470018
0f7cdda5aab7cb9b,0.5235612883046679
511e61b096246922,0.2562732958096258
9bd56be8ba9524b8,0.8156588492799854
08980e1d210b6aa6,0.6540065666034742
c84430f350b3a159,0.46395590994325164
152edc8f6b8762bb,0.7460672295177037
a4a8682aa22552a5,0.764635397122438
5448387d25232e4f,0.02955440900559995
86b5af3c99c2229f,0.11599781113184243
a243c84e17ad5313,0.5936210131326154
1cd4111d9e2c14af,0.17076610381471446
d6596bfbfd4cc049,0.7659616948084905
5f6669357f9d2602,0.8203398999366411
8ce4d3415fe4440d,0.5965856785484973
b7804e0aef5425ac,0.1447082551593309
a68ac8503924dfd3,0.9462601626006804
0ee54a169cddc5a0,0.36128486554060263
91e67962d58a2196,0.5308949343334286
337f92313341198c,0.5209086929325629
62fdb17735fc24f2,0.34599343339552724
32070e417cceeade,0.5168517823634614
d10e86cc3232dbc9,0.9578067542204312
9e379ff80b817265,0.783983739836615
cfff3503c56dab5b,0.10476328955586867
9f21d3f021ded79b,0.29106910569076666
5fe69ac7610324ba,0.5471225766098351
fda80e0f061a2a2b,0.6873980612876185
e5f50a39b4e83fe7,0.6883342714189497
b7ac8ea60b369ad0,0.1795040650404718
f4aefa9fc2e0d241,0.934245465915264
0f32bcb05a22709a,0.6934834271412709
13334ae771ee01a2,0.6157779862407858
d2596a53564c0b21,0.4803395872415467
1a90578444c1c9a4,0.3679943714818092
38767f6c13ad1bfc,0.39693886804213047
8d312d36ba150056,0.2873242651654421
c4e9fb7cce4bc726,0.5124828017505826
9ff220beebc71a5e,0.16951782363960627
24bb5e20d933da44,0.5112345215754746
42f6ebdc63da37de,0.684277360849848
39f065a3b51d8011,0.1326935584739145
adfccf4de2f8f9e4,0.38047717323289115
bb73756443a5eee4,0.4719136960595664
0d9c7ad016175e4c,0.674759224514648
01d6dee3fee929b0,0.13300562851769157
4c94ce26b7eb0794,0.7942820512812577
184edb2637a41d50,0.5873796122570744
b14c8ed6d2ad7039,0.05264759224510155
efdd1d7495765245,0.1801282051280259
affe3b0f590fae77,0.8704271419628575
3edd7de677b91b05,0.5716200750463334
ba9e4528463c5dbd,0.5362001250776384
8be8330f2029f548,0.5287104440269893
df6e6d77a02918af,0.2949699812379798
33d9746c24d2c070,0.5837908067536384
e51c785618029ad1,0.8618452157589888
d53ca1e375f1420d,0.6692979987485496
d4133e84363708fa,0.7699405878666479
094a4df459f84f9c,0.139090994371344
c95b97cbc9622e38,0.2879484052529962
8a243d50081a0a41,0.8067648530323396
f6f2fd05daf66b4d,0.11849437148205881
3b5e52e54ed29ece,0.6716385240768775
144d292add5f41e9,0.6563470919318022
49aedb77fa2fb4fc,0.7207895559717626
81e5d80b657413b9,0.8524831144456771
fb21fa126522b6e2,0.6636807379605627
3451b921fd37a93f,0.6131253908686809
e25080fc68263c8a,0.9325290806744903
64f0448c8bc4b1eb,0.03485959974980978
ed89496194aa19dc,0.4155850531578091
fb22f7c013b24779,0.658999687303907
1590a07714e8a656,0.11318918073784899
54ae2ffdf139cc38,0.23598874296411762
96bf13f3fa835169,0.6210831769849957
559cc1345795571a,0.24847154471519955
325ad194b9f588f7,0.6849015009374022
13ff609306472199,0.7939699812374805
3c87f31b6953fbbb,0.11474953095673424
2dd14f20786549ef,0.42697560975567134
be72fb5da729ec70,0.24675515947442578
dea2b01ff6868477,0.6641488430262283
c7ffc036c6fcf66f,0.8382839274538216
67b0cdefddff90ef,0.7462232645395921
eb949d7c7beb6354,0.6786601000618612
72dbbe8ab710128c,0.8137864290173232
fe50a3aa77d27195,0.16296435272028822
b7dea5f446a371e0,0.24675515947442578
3b6627fce4fa7c6e,0.11506160100051127
5766e8d8c783a487,0.7078386491550152
818813e68f11c85d,0.6174943714815596
4efd1ededeb6af5b,0.45365759849860904
7339d8d336c0728a,0.46145934959303525
5932b86b513569c7,0.5800459662283137
667e3c34655efebc,0.8370356472787133
211cf2ea67620b3e,0.9286282051272771
73ddd41ae18acb03,0.3523908692929568
b7d7b9bb940bf7b0,0.8888392745457034
672de9994012beff,0.24004565353321924
1fcb989eab73caf4,0.011922451532196704
1a8eef4f4936cf0b,0.3204036898058093
181bfbae0ed5b503,0.013482801751081946
0144b06a9d5772ce,0.9588989993736509
a6d79b35c359d2ca,0.8648098811748706
adb1f5a83ffc8956,0.896484990618241
7fe7578307634c36,0.9574946841766541
ef916f6bd9bbf8f3,0.7629190118816642
261b4b9303f16955,0.7722811131949758
bdd3d57f2dcbf24e,0.13035303314558666
87478ecab9990b69,0.4678567854904647
00903281b49f7885,0.9972836147582278
faa54ef489380476,0.927691994995946
afd67495e65ca43e,0.241762038773993
3cfeab5f2a521bd7,0.9885456535324705
f889243e554a57b9,0.664616948091894
1633226e5baee1a0,0.9905741088170212
09429539f12260dd,0.44273514696641236
4642f19a02b65fbc,0.16826954346449807
454379600a0d58ae,0.6107848655403532
806b67c9407deaf5,0.09056410256401297
64147a091385f1dd,0.2403577235769963
410684a9ca496c4c,0.23052751719801928
198aca03e558bad7,0.34427704815475346
19112c76b72e70ac,0.1531341463413112
33cdd595d6f64465,0.2428542839272127
b678efa350251d1a,0.956558474045323
2773ef74c8379c3e,0.7523086303932447
21a85668c56f4a28,0.7087748592863463
ad44c67c941b730b,0.2186688555344914
afafaec6ed7cb894,0.7910053158215987
7b2afaaec11da7c6,0.501560350218386
14f8df83cb5fb959,0.7452870544082612
2fa6287a9d075ec1,0.424479049405455
a20301029a5e8b78,0.7949061913688117
64c226150b42ee5c,0.6179624765472251
7012b66ec38b6038,0.004120700437770486
334a43b3d7746442,0.6507298311438152
3e39b50358f01b64,0.8409365228259265
dd424dd258080c0f,0.5321432145085367
b6815449a050c02f,0.3449011882423076
786b0bb1d7a4dfb8,0.17731957473403245
bfadd1b4779947e6,0.9242592245143985
23bda92c60bb92e1,0.9450118824255722
20f374eb224e1a7c,0.5185681676042352
04bc6e2ce35edb4c,0.7694724828009823
f5fe2d58beb86d40,0.4608352095054812
203f3df885ff03b3,0.15422639149453088
ac5388e6680db6ba,0.2759337085675798
20a190db150bd0a2,0.6373108192614021
03b8f432ac8e3226,0.5096741713565892
800d13aa581dc05a,0.9206704190109625
32ad97494e39788e,0.8008355222005756
762f69f875d0a0a7,0.7100231394614546
7102288564065a58,0.8557598499053362
a244d35bd0a46b86,0.7392016885546085
9fd85d10d8d80cd1,0.40747123201960583
cd37f417a290a412,0.7427904940580445
087a61efb373df95,0.20431363352074716
5cc1bb67fc9fa495,0.14189962476533743
38260167161be0f4,0.6338780487798545
377d6156aea5f7b3,0.8424968730448116
de73631ba462d9d8,0.041257035647239274
c6ad617675fc82bf,0.8946125703555787
53c0301b075c4edb,0.2734371482173634
d5d5bb7bc7475a6d,0.3497382739208519
2785f7c003032f79,0.4385222013754222
bacabfcb41e851d5,0.9645162601616378
930620d9c45cfc16,0.6454246403996055
a2253bc60bd26111,0.46629643527157955
48be98b0da47a60d,0.058888993120642524
4192611de72c647f,0.8557598499053362
0a3e55a0415cf1db,0.01441901188241309
94a41eaf6c166f8a,0.6084443402120251
65c588ff0e6a0940,0.6337220137579661
7316f0f5207cff7d,0.9091238273912116
fb48d6120d40241e,0.04765447154466878
83e835be4b7da5bf,0.2553370856782946
be007ff41dfe8e33,0.9267557848646147
ae762981ec3e2222,0.9752826766719459
9cde4da63a470364,0.20759036898040617
1e641e6a0e15cb0a,0.9793395872410474
f1e1bfceceaf5b3d,0.27640181363324545
b33a9dd2d6116451,0.5990822388987138
6a00f8682a96e6c2,0.3275813008126814
4889bb3fafff04a6,0.04593808630389501
d83965adda3948e8,0.9163014383980836
35ebd3eb17d43331,0.7181369605996577
4fddbddae3f8c321,0.2837354596620061
279f5d02ec1d4618,0.786948405252497
18dc05e08437b19d,0.5791097560969826
fd5e41a3afe867c6,0.4354015009376517
4dfc9b4693d64425,0.6741350844270938
38efe84b2371909b,0.057640712945534335
d5ab3634461fbdba,0.6485453408373759
88ee52d04ccee47b,0.7704086929323133
311d0a7d1bc40182,0.5540661350838744
ca3eabbb86d9d394,0.6432401500931662
0839345320590491,0.3096372732955011
3166da0225b35bf6,0.6571272670412448
4fdcce92f68b7529,0.9649843652273032
4c0a03f188fa9938,0.45131707317028114
efd671b84d562241,0.3127579737332716
a1be96b06611a4a7,0.46426797998702873
7c15209ba7808ba2,0.928004065039723
b4fb7e75679d28cb,0.9646722951835263
095adfc07a65ed27,0.49063789868618934
a19e6a028348c708,0.013170731707304897
bb5e510a6639b43f,0.7889768605370479
fcf27b9cd834eeab,0.31697091932426175
dd9e809656743e04,0.47425422138789425
9cf20fc9b8513a03,0.8794771732323919
d929256e10f5e94b,0.629196998123199
c7372107d1356264,0.8434330831761429
fb002ae965e2435b,0.3859383989989895
891d7ae2edccb735,0.7680681676039856
33b3795f9d4a8ef6,0.03829237023135732
bd1c976bfd04983e,0.7209455909936512
22d26961eaf80875,0.9606153846144245
3267d0aa9600286c,0.6463608505309366
f85b98ab9c2071aa,0.10632363977475393
4b4c86d64f258caa,0.7481737023131986
af271d6d690a0b0b,0.14595653533443909
8b1bdd0f68e6ab19,0.22584646654136356
aca740ec2df56ecd,0.6313814884296383
66cae06936335046,0.601266729205153
8aa96ed1f09b6e82,0.9564024390234345
fb089d648c0fd719,0.5405691056905171
b3b39f3310bed9f2,0.5831666666660842
4c9ddb6a1c08a7ae,0.03017854909315405
8dafb6cdb58233f8,0.9816801125693754
8512f25e0995f115,0.8075450281417822
3e89b24f6780dfad,0.7377973733576118
811b5cd3d60f8f01,0.4720697310814549
8cecb78a9a20021d,0.4283799249526681
c726d19506a1a864,0.44788430268873364
bb71d5690f654fab,0.7583939962468971
01fddb547603eef0,0.45662226391449107
c6592de36f791128,0.33647529706032725
ccde7fc6a8ec59a5,0.30292776735429455
ba6d1493e3a1c1ad,0.764323327078661
7dfaf88276d52a5e,0.7020653533451398
c09d65931e21624b,0.9303445903680508
f9544a6dbd4caa2f,0.10070637898676704
b374ef23d5ca3b3c,0.4572464040020451
c51f8b67a66b5aa4,0.995879299561231
4793cb7dc1d36c4d,0.7906932457778215
c4a77a4226cf0e3f,0.47893527204455
11b46e06959d7824,0.9231669793611788
75083fbf03436018,0.7156404002494413
44cc96b7436e60fb,0.825957160724628
9c78ab8c7f52b1ad,0.5160716072540188
27c3ba5b3d6374ec,0.1915187617258882
09bad77cec8a0ea7,0.6463608505309366
7e5eaee69f7e8e60,0.39701688555307474
9701beed4cb2fd40,0.3172829893680388
a886ee5f5e57d356,0.008021575984983594
43322ba6466f83ae,0.44882051282006474
39ac7a6c910dc826,0.48189993746043197
a7624810eab99b39,0.6727307692300971
27ce336c13dd7f0e,0.27031644777959296
35ec56371ec7bab3,0.7568336460280117
1033972a8d27b8f3,0.9642041901178606
246fdf152b78ea45,0.19666791744820947
67db089b7a0697c3,0.16421263289539645
51541de4865fee3b,0.49641119449606474
2e0ffa5c733d2a47,0.9720059412122869
c307a7a1d2e93ae9,0.8830659787358279
60775afc974d2192,0.39452032520285835
1af8370aec8adce1,0.8298580362718413
7adaed59e375f94a,0.4577145090677107
d3f971f17d9ab0d0,0.2710966228890356
f1eff57932ef0f4a,0.5477467166973893
b41ea8380984305d,0.6605600375227922
dac2137cd3aface7,0.8448373983731395
48da40bf199dedce,0.27562163852380284
2c36f80cd8d50da4,0.11053658536574408
e45c5c285ae25a13,0.690206691681612
d57fa89c692abe6a,0.7852320200117232
0d5b889f910953e2,0.21554815509672093
a2bb73ef62a1fa41,0.8278295809872903
161e450caac64b0b,0.3550434646650617
870239c07fe84d59,0.838752032519487
1a510d36c73a9190,0.5201285178231204
6365e056680facbe,0.4153510006249764
7e5efd56e82bc148,0.30027517198218967
8ddf8d226ddfa267,0.17575922451514725
aa2927ee663efd7e,0.504837085678045
1969a71e6c309cce,0.4550619136956058
33e3103e2045fa64,0.3105734834268322
79d3953d4c100b9d,0.9879215134449163
8a0bec565c237aae,0.4630196998119205
e7b2425696ad04e1,0.2977786116319732
1585c48da5187cc9,0.6142176360219006
b508d898d174eb05,0.8808814884293886
ae96ed3d88eb7aed,0.23302407754823568
3780b01a20d9aafc,0.6558789868661365
5d2ea0bc3f49f99f,0.6730428392738743
609566c49b16621d,0.27062851782337
52a50658bfe832ee,0.7040938086296906
76655f684bc2518a,0.3288295809877896
507aa51e38d00459,0.4385222013754222
e7edc5fb783b818a,0.2110231394619537
3488c9b765c1219f,0.09306066291422936
60726ee6707bab89,0.9671688555337427
724b704c54783fd3,0.052179487179435984
23405c43202f489c,0.25284052532807827
0a275c8c3adc1e3b,0.215860225140498
ad727a83295f79c1,0.9557782989358803
9fcd517a3727524e,0.626856472794871
c1a15f34e5189a8f,0.41106003752304193
ee586308edeeb5fd,0.6455806754214939
61323c4c907b9667,0.8582564102555527
dc6ad9b2ea237556,0.9769990619127197
fc261535991f079a,0.2862320200122224
199f8696fe22e8f6,0.3661219512191469
80c803fed1e7b815,0.1615600375232915
b3645ff1881e6181,0.36932066916786166
f077bcf8ba579026,0.6533824265159202
c98984325495234b,0.4809637273291008
2b1acfb2885f0207,0.2693802376482618
58aea5fe94bdc9f0,0.5475906816755007
13ce2e76f9ac9797,0.8067648530323396
585b1ae5f2fdf9d8,0.9506291432135591
c02d00f3c935fac9,0.38000906816722557
961c1ecf22020dd7,0.6061038148836972
34a2c0730076cd51,0.9607714196363131
f08c72208c842a80,0.9211385240766279
3d0365b300b08d12,0.7351447779855069
7698d1646b1160a7,0.3369434021259929
46fe0812a4d6a0e5,0.3921797998745305
1992a8cfd9dcd0a4,0.9173936835513034
234824681fe92370,0.27156472795470116
66dae8fb83f01cda,0.20056879299542263
565a8741e734fb66,0.2784302689177962
85796d3a4623f1b4,0.20993089430873407
980c038df259aca4,0.1429918699185571
847d49fff22ffac8,0.9133367729822016
3ab579aad87803f2,0.11022451532196703
7c287939d256c04a,0.2333361475920127
9b56b63c1ce61e36,0.2767138836770225
2b2beb4ade849fe5,0.6775678549086414
ca97e3a639d0f212,0.45443777360805165
cdf0a515724936f7,0.40528674171316653
f0d9600d63271cb1,0.917861788616969
61f6d6cd6e8ebecb,0.559605378360917
66bb128d75c1a31d,0.5497751719819401
ff6ace3df2f93fd8,0.07168386491550152
174f6de5e6fd0ce6,0.9525015634762213
f629016e686c93c7,0.7680681676039856
8a5cd96071aee653,0.06403814884296383
47a56fcce1a48c57,0.9743464665406146
bc218a229f6dd8a3,0.3502063789865174
6700a0d8cc03fd40,0.7195412757966545
bf07422782deaa4e,0.9848008130071458
67e5b268a06fc16c,0.22022920575337665
775246a31de87040,0.5020284552840515
a8c96679585190f7,0.14595653533443909
85e8b073ae9d6cb6,0.8005234521567985
8d783fa9a84a2016,0.9501610381478934
afa9ef8b36efca27,0.0729321450906097
292ad72f433b2ec4,0.1787238899310292
543a382acb950efa,0.2803026891804585
97eee667e12fac11,0.6182745465910022
f1594e042dbd4135,0.209618824264957
c4acac79bfd54ae4,0.3140062539083798
f1bc5cee7cfbe74f,0.4502248280170615
25e346e1b0340347,0.6969161976228184
53b71602a81f5c52,0.5764571607248776
6d2d4b17736e595e,0.5972098186360515
f652427f39b6f10d,0.9862051282041425
1437d0c59eca00af,0.07152782989361299
d8980b5b1d68a4ee,0.8117579737327724
442b8a915014e871,0.6359065040644054
6a1e5bce20cbbd53,0.9069393370847723
ec75dfc7e578543f,0.0735562851781638
94cd35193b228a90,0.9668567854899656
15617a2281e76896,0.6724186991863201
ae22b29ad0d98702,0.3244606003749109
3e5ee530dd802ab2,0.3901513445899797
9304c1771978ab05,0.12223921200738339
635d5bab100147aa,0.7768061288297429
cf12cab6ff5fa6dc,0.7537129455902414
cc7ce49efd47f0a0,0.07105972482794742
20c507d578183dfc,0.7659616948084905
e29e2bc7c3e6ef41,0.9163014383980836
61e270d51cee0fe8,0.7811751094426216
a1cf27e43a150760,0.9089677923693231
9bdddc292578558b,0.18933427141944886
fa0f0cb920abdb0c,0.8999177610997886
95dc87b7553104b2,0.9757507817376114
c268681605733a6e,0.3044881175731798
57f8444d376ead3c,0.7930337711061495
1eb08c4e2e2d0a0a,0.6941075672288249
65f04a475e60bc71,0.636374609130071
54b86d86b2c582db,0.28935272044999294
ac660728eb9adcbe,0.5143552220132451
9dc70760c7a65427,0.9564024390234345
707fa7577b28c00b,0.16514884302672755
dfc0ad3ac006f7dc,0.5415053158218484
d02c60d97c52824d,0.43742995622220254
68735cd4123d2c31,0.9041307066907789
e7fa76e1a52159ec,0.1678014383988325
8e2a48702b61cf4b,0.1042951844902031
7b4d442d12660d2e,0.3211838649152519
1879fdf1618adb5c,0.6173383364596711
28331b7b0b1598fa,0.06887523452150808
c27a3cd35a718f85,0.41371263289514687
003398b630719a7d,0.042349280800458945
70b9137733db97b6,0.5489949968724974
f0ea5635eb777479,0.7538689806121298
e80ca1e08210095b,0.8460856785482477
033b8feb5aaae03b,0.18168855534691117
ac6a54139c7c9d37,0.879789243276169
ebc95757b2947172,0.3622210756719338
2fcf426035785728,0.6632126328948972
78996a14f02ebbe3,0.2668836772980454
a87e26d221511c94,0.0053689806128786825
c5eddf448403ab6e,0.04515791119445239
e8da0e67e35aa293,0.408407442150937
88b632eaf9356d3a,0.4485084427762877
85571b011c6fcfaa,0.9709136960590671
9013d63ab473f952,0.8267373358340707
960cad37cffe68eb,0.3055803627263995
e247eb8f78f75a9f,0.2345844277671209
80eaa51c4c8a00ee,0.21632833020616357
35849a3326fb87fa,0.19900844277653737
d95e6b933db44247,0.26532332707916023
c8d99c2ec6082321,0.2704724828014815
c9aea5e1048b2e51,0.7304637273288512
e01947dd147cbbce,0.18356097560957343
ae79b75a13c928bf,0.32461663539679947
ce571fad3257b3f6,0.01363883677297047
a95633f51ef3a7b0,0.023469043151947505
297c6928439e696a,0.9545300187607721
a4d78fd9f9ffb303,0.49422670418962533
2dbf5dac4bc14af2,0.8927401500929165
484f57153280140c,0.7187611006872119
db3d92a2887ed53d,0.7660397123194348
0fcc2eaacbd92a61,0.035639774859252404
3b06de421485ddad,0.7412301438391594
3ab1395e200e5b42,0.7939699812374805
8b607b6592065a8e,0.31197779862382896
a58b1c259179dc09,0.9298764853023852
a84f2ec64cddb96d,0.9749706066281688
794ec7ff88727529,0.238485303314334
7bec4fd7e9a158f2,0.39857723577195997
bb364b5bbcd978f4,0.9003858661654542
89b648a5f0f0ab12,0.4684809255780189
63de8d6c54817aa3,0.0019362101313311459
f379e9f71ba0c23e,0.4653602251402484
a4d79f83a661fa2e,0.7153283302056643
211b21d15b3b91a0,0.3311701063161175
1186f6b426beed22,0.3083889931203929
8dbf55afa93fb576,0.7284352720443005
4c37d40f77654769,0.1788799249529177
282449c18b62e5e6,0.9017901813624508
12472f1c83854116,0.9759068167594999
eb624c530d058714,0.5043689806123794
916aa0618dc412d3,0.7530888055026872
b9f7f01f0c234a62,0.86699437148131
d6a72e0c5f8c9277,0.14049530956834072
888195334e946eb0,0.2197611006877111
f1aaca6b558ffaf2,0.30495622263884536
cfd7c6655e63d480,0.9407989368345819
d54c579db2ee74b5,0.174198874296262
3d05c28ee2849928,0.979807692306713
88653ba09b9797ff,0.2160162601623865
270649bc52035cbd,0.15641088180097024
164c0240a44d6755,0.48424046278875976
71d79d68a2b92f27,0.6763195747335333
9bb25aadd2b3bdb4,0.9780913070659394
b3c62935a53d8997,0.28685616009977655
e850d24192f9e415,0.17903595997480623
0834b059b33fe386,0.8776047529697296
57cca7c7ea10b6ab,0.37361163226979605
39483c2d8174f1ed,0.88603064415171
4df07eb70c71ec51,0.920826454032851
771b30a38c390789,0.7175128205121037
65037a69f9336b3b,0.6572833020631333
97bf39056279f7fa,0.4143367729827009
1a2d12af54623039,0.5283983739832122
e649d739e4cbe4eb,0.9828503752335392
7c35e8ece8dd52b2,0.8424968730448116
4f679f800c6abb6d,0.8448373983731395
42a8a8ccd4f9f9e2,0.16748936835505546
662eb31e5ca29cb7,0.5118586616630286
39a75d0fc9a932b4,0.6076641651025826
f80b6c96f9ca16ca,0.13238148843013747
d1112438bc117eb4,0.7089308943082349
2a23256f8a1b1dad,0.7281232020005233
e3da84e292717dd8,0.575052845527881
b3da0bcad91df631,0.9069393370847723
b7317d34b8035aa3,0.4327489055655468
263b44530f890156,0.6405875547210612
4908216a464f51c6,0.8342270168847198
d0b576af5fedd973,0.47924734208832703
d53abab056eabccb,0.5837908067536384
9947a71c07c08013,0.6916110068786087
e3f83e6765042b60,0.7666638524069889
b5e1fe2cd612caf7,0.26329487179460936
2c979dd3ae786b0b,0.013326766729193421
37ebd133842ac652,0.8852504690422675
8d7452fc00bad24b,0.8225243902430804
be4d73360ad37873,0.433997185740655
40b14de62d50cd96,0.9977517198238934
e8b95e5aac14d285,0.14189962476533743
545aeb4e5c2808c7,0.33335459662255673
3ea943e815e609c3,0.24753533458386842
9c3663c00fb99ff6,0.3772004377732321
6806a16705d54743,0.7111153846146742
9658ef3f8e3ed080,0.88603064415171
72aca7fa36feebdf,0.632473733582858
dfe86e43c4930991,0.6878661663532839
4f82ff5b5651d2f0,0.27140869293281267
d13da56afbdee207,0.546498436522281
0dcdbb940af66121,0.2792104440272389
0e09773245767eac,0.29918292682896996
b186bc9610e2b533,0.9613955597238673
d54841a2e0a4cca8,0.979495622262936
166c017caddab251,0.9695093808620705
a23f0288384f2f2d,0.4441394621634091
4886d310e5914363,0.38188148842988784
41edfc6111e88f1f,0.30542432770451095
0f33a4c86170e40b,0.5362001250776384
19bac5bcc4414e66,0.1300409631018096
88ddba34446d1ade,0.46161538461492374
a8dfc97deea7f5fa,0.7861682301430545
fbe5da4001a21c4a,0.16171607254518003
8ea535444187b6ac,0.30277173233240606
1be66765efbe9174,0.7780544090048511
05f16b595e33f77b,0.3530150093805109
3fb3259efef9eda0,0.16546091307050462
43836f5657b092dc,0.7474715447147005
26ac42441170201f,0.9760628517813884
12a4ec2031ef6174,0.15594277673530466
d8e7f33605a80ae3,0.6520561288298677
d6bde3bc380d8735,0.6090684802995793
9e0c178f3e852551,0.828297686052956
88a6149ecfb1f651,0.5259018136329958
54a33fc8125490a9,0.3854702939333239
2930f4f063583542,0.3775125078170092
5092541f5024187c,0.1632764227640653
e78a593c9b385330,0.575364915571658
a09be3a8eeceee6f,0.9400187617251394
7010ac1b44772de3,0.2993389618508585
49a17880c454c7c3,0.17466697936192754
4e36cc0f1383ebd3,0.7443508442769299
ebdb25864f6ce1b9,0.1492332707940981
bdb72360a5581c6d,0.7379534083795003
8c698e0fbcb6a090,0.3704909318320255
9c350ea7550d8378,0.1762273295808128
a8b88f7bb8ca6361,0.3615969355843797
3d326c98287fba6f,0.2696923076920389
f42c01d8b045f708,0.7435706691674873
8e5d62b3ab696aaa,0.09992620387732443
6224caf3c72e7ee3,0.5262138836767729
926fddd6b2ee63aa,0.023625078173836026
922cf50522b3b88b,0.7381094434013888
7d0fb10204af6166,0.9114643527195394
1a76fbd031e39a6b,0.9615515947457558
fd68ea29d356dd75,0.20774640400229472
03cc36191251ada1,0.6708583489674349
99b5bb0b92d8a55a,0.1145934959348457
aac02a9d632924f3,0.177475609755921
5d220b8e18201d3a,0.23910944340188808
14fc1d6fe2d4e69a,0.8755762976851789
35e119f52196b1ba,0.1511056910567604
40f1234b5a30403c,0.5482148217630548
d59ccb5d557c022e,0.8112898686671067
0c385e728de38f99,0.43009631019344186
f8683477a2ab2ade,0.89554878048691
511fe8f39056b9f0,0.6238918073789892
c99c5d897170f156,0.5193483427136777
9d753071d21e6c36,0.43165666041232714
9e9289f66961c664,0.7137679799867791
5f8b0d75fdfecea0,0.19760412757954066
9dc13c482e059e6f,0.3514546591616256
3f87fc97c66a3191,0.8267373358340707
1b3f3ffb589858e3,0.19245497185721933
5358785efbcfdaaa,0.42650750469000587
57193bdf5b9a6b42,0.756287523451402
4ba6c061c5bcb057,0.9927585991234605
218a85cad268eab4,0.8969530956839066
f93dbe2cfff78101,0.6451125703558284
a8481146cd533ccd,0.6493255159468186
84b0e8fa750b7a33,0.4400825515943075
fdcc76060f099b01,0.1081960600374162
300a47eca14f8974,0.7878846153838281
14218faebac40dda,0.5039008755467139
6df2c2d2e3c3a7a8,0.6242038774227662
73b49cfc1f3e9dfe,0.3143183239521568
7f686a76e0a43e5a,0.37922889305778296
bf81324a27520bde,0.6302892432764184
f5d463ec64cf0b0d,0.39327204502775015
7b0554b8ca04f697,0.14829706066276696
e1b2fbbaa6be8596,0.45350156347672055
1b881aaa4217102a,0.561633833645468
c212840fd1764342,0.3737676672916846
ef314439dbb365d6,0.12567198248893094
1772dc13f02d39b7,0.34053220762942893
b9ed04801fc7a354,0.309013133207947
105a3d1544b0f94b,0.6892704815502807
78654baca9d1378e,0.988077548466805
9bc2056512b6d4b6,0.45131707317028114
09c4cf78e2e7adc5,0.37922889305778296
b2555ae21207d05b,0.861377110693323
ae348fe15c764802,0.21804471544693732
f0124c71b8a4ad33,0.6922351469661627
b56dc4e690b38942,0.328361475922124
f780521ce14740f3,0.19401532207610458
dc6f043604dd54fe,0.4187057535955796
e07db4ab9d64f3ee,0.745599124452038
8afd23b140e4bcb6,0.7108813320818413
11bdf36dc7a35404,0.19713602251387508
4996a5c048b055d5,0.8858746091298214
623d8021b7d32292,0.6568151969974677
9eaa2f70288d4b3f,0.2934096310190946
9b0054be7988059a,0.44055065665997295
3952d82f6df456f1,0.23177579737312748
8533f9a63a9367b1,0.49063789868618934
391d9fb2c3bd6fbe,0.0020922451532196704
101b529dd70a1e11,0.02627767354594094
85b19b6a46b45156,0.1896463414632259
a4b17c05d90ca2b2,0.6178064415253366
194ecba02d51bfb5,0.1985403377108718
20a12da2d8890e93,0.21929299562204552
2df9214ba1de660d,0.5566407129450351
bd7e307eb75933e1,0.6950437773601562
5e0b0dbe5ffe6e83,0.998219824889559
bf3a6cfc9a1f3c80,0.4795594121321041
82ae8090ca11b2e6,0.5733364602871073
4901ed9747386ca7,0.7392016885546085
53084b49be13c52f,0.7953742964344772
0263cc51aa1acd4c,0.6565031269536907
41e313f2355b137c,0.7683802376477625
51a37cfce403f12f,0.2890406504062159
df4f484e6719459f,0.22256973108170452
de7f255e061d07f9,0.47784302689133035
741683772f1576c7,0.8737038774225165
54c7fb2af01e96d6,0.9370540963092574
24c542dab399c685,0.36237711069382234
a1230bf06c58290d,0.31619074421481913
900e15461a12870f,0.8206519699804182
c089536a25834f70,0.3422485928702027
afc3286b544f0040,0.7785225140705166
c61465243a2221a5,0.6769437148210873
cb1f20d4bb93c243,0.4196419637269108
30725d20e5558b56,0.31650281425859617
94ce3e10e75f90a6,0.10741588492797359
48d0b89d569495d8,0.6070400250150285
ff1ad6d36283f697,0.25908192620361925
72be68b75d2c814b,0.24066979362077334
e4b90062b12b7030,0.9637360850521951
d6323a665e446722,0.3102614133830552
2d37f4baed1667c1,0.7214136960593167
05781aee37a18dac,0.27062851782337
de24d558a18a9f32,0.33460287679766504
cb44379989560ff1,0.264387116947829
eb333ca8ccdad2c8,0.47831113195699587
1d5cf29e044bf468,0.7764940587859659
172401cbfcd665a3,0.7368611632262808
8247761544773a90,0.0067732958098754
5f2c0797f7cb831e,0.1698298936833833
a7edbfd2acdf8ad0,0.376264227641901
fdcb685349aaef9b,0.6181185115691137
1568e5a308c50e7b,0.8863427141954869
53f5f1c7014efbaf,0.5939330831763925
e992034fc58854a7,0.28529580988089126
b1fc334e48e20c8a,0.07527267041893757
ca9f6168acd90b8b,0.13862288930567845
929bd47a71c6b958,0.9907301438389098
f7ee05e2b2ea34e4,0.4740981863660057
2f3fdc90e73536d0,0.07324421513438677
b43f6d156041778c,0.09430894308933756
6b0740f130757056,0.17575922451514725
9f1200bd8ef18393,0.4038824265161698
bf0849396acf9180,0.13784271419623584
58f62b02898dcd7c,0.9966594746706737
825b360a284d4a2e,0.07152782989361299
0274228343b0c7cc,0.9368980612873689
746ca6b736caea7b,0.02144058786739669
69cadc81ce7e015c,0.2147679799872783
295dc3bdd969b7cf,0.9549981238264377
e0c7aeb2471c9ba6,0.8657460913062018
a7c128e7baf08587,0.40247811131917305
74ac5ce19092de45,0.6511979362094809
5642496d768456f0,0.9498489681041165
9568d09b37d48147,0.6588436522820185
687eb07ac1ec9aba,0.38874702939298295
1131d59f818ebfc7,0.3023036272667404
70d46c4ad271dfcf,0.5649105691051269
333d8235e3bd1acc,0.3294537210753437
f9dc0ee30937f393,0.6764756097554219
e2e48b863ea7d61c,0.780394934333179
96ad67d29a15ec47,0.703313633520248
998b0ea49069c858,0.11787023139450473
cbf500fe483dca27,0.42026610381446483
32889f39f5c7e4e1,0.3728314571603535
f87241418df6147d,0.5742726704184383
afed174cf13b9d7f,0.4222945590990157
d52f3c40480519e8,0.7604224515314478
67306d595867bdca,0.11396935584729162
dc439b5c79486948,0.447104127579291
35089dcee9e9ba1c,0.22912320200102254
61b5d6ef5f241490,0.26735178236371104
45f5713dcef10264,0.5123267667286941
2a3053d58302242a,0.1980722326452062
0998f38d4d069491,0.7402939337078283
accc2c8ae67e6063,0.13175734834258337
9f5292cbd3806d79,0.360192620387383
1fb85b95e91ae45e,0.39233583489641893
faa0394464cef2e8,0.1234874921824916
af95309c63fadc79,0.5224690431514483
b8b45d6732b08fb5,0.3773564727951207
66966f55862259dc,0.5143552220132451
608333309da6527a,0.795842401500143
36dc5921a7d84ed1,0.5956494684171662
27813742ebfe2b33,0.632473733582858
211d5db960ca61c8,0.03735616010002617
5b186ac0d11513b9,0.9901060037513557
832d1c008bc3ef2b,0.8779168230135066
7d4e4f8d7d40dcfc,0.27452939337058313
f0dfb22c3a27665d,0.9039746716688903
407451c452cc5d17,0.8351632270160511
56928312feff0ba3,0.5823864915566417
9454541a6582c13a,0.3770444027513436
e6e2f33f21d593de,0.06669074421506875
eaa2910769614f8e,0.10211069418376376
127bd9796d970cc9,0.33897185741054364
169858f0ea055525,0.20649812382718655
47a3a9c393a619bb,0.5324552845523138
d25e98683c74aa8c,0.4809637273291008
4f2ec1f813538809,0.6766316447773104
8e5753d72777a9ac,0.421202313945796
d9cef172341ac628,0.9963474046268966
d2c6b2e087495365,0.7750897435889692
5aab483da67d16b3,0.4959430894303991
ad319fa45d964c5e,0.8939884302680247
730d677b8c968e37,0.15641088180097024
b1e38b684248bd0f,0.6416017823633365
ccd097c32d7ca7c0,0.32430456535302243
4cb0f5de29f8b8a8,0.534327704814976
902aa8ae7819a527,0.022220762976839312
36cc1fd78eea46be,0.9295644152586082
5b8a6b0aae157e06,0.8593486554087723
d371f4cddd5ab580,0.3296097560972322
a07311ae113f1cc7,0.8808814884293886
8ff382f017152a6b,0.7326482176352905
bfe18fe096f61209,0.42525922451489756
97f3a3f55f767d91,0.2865440900559995
a4058a2e4bbcaddc,0.8825978736701624
6dbcfd20040642cf,0.09009599749834739
42a6b3c10ef18f02,0.5722442151338876
9d7f6f4e136504fc,0.2795225140710159
0165f411bc818cb0,0.5809821763596449
bffe1b12bbe69fb2,0.693171357097494
e01b40b1d6f30df0,0.8740159474662936
3201c568d1d26470,0.8634055659778739
0affa4eadbf1db83,0.9420472170096902
ddd3b7b0ab9f40d9,0.9049108818002213
ec738c2ec1bfcd80,0.05436397748587532
906a954f8e1fea07,0.9270678549083918
cdbfc59fb04fc180,0.911620387741428
2d4770eef88200b3,0.045782051282006485
3d18600bcebb32aa,0.4603671044398156
3e050322f92541d9,0.3130700437770486
1221e13593768788,0.39904534083762555
e7ea980a9b3cc8c4,0.4524093183235009
398953f786ac4845,0.9241031894925099
e8efc32edeaa174c,0.7908492807997102
49f061e869ee997d,0.6115650406497956
17668415b4ad9f20,0.3076088180109503
81e71cda520c7c11,0.7237542213876447
7c48e5537ec69161,0.395612570356078
7b6ba45bf7c43e21,0.5166957473415729
9cdc08694020bc45,0.7114274546584511
60a026b4a766753d,0.3929599749839731
719db72fef47ca30,0.36752626641614367
c0b5b808eb068fc6,0.5792657911188711
b20616efa1e51758,0.174198874296262
d1c2190b7e54ae51,0.1678014383988325
88d71cf388b60bf4,0.7499681050649167
c2394a42025bd869,0.9386144465281426
19b165b652dbcda4,0.8448373983731395
c17841139e5914a5,0.8785409631010608
5549a53bbf9d24be,0.7772742338954085
2da830aa5b2812cb,0.24254221388343564
fb36e8ea3112744a,0.5322992495304253
3dcfee7f0efc084a,0.8236166353963003
16a97d3860c22e1c,0.8498305190735723
6322b2e3f7dca7db,0.5787976860532056
a48ff3331f89fc6d,0.5908123827386219
e07a96472008d97e,0.9876094434011392
42af4fb223127bc3,0.31962351469636663
4aa484762f1d25ae,0.6922351469661627
c414fb964c9cbb8f,0.6474530956841562
397cb89e6ab8a959,0.6969161976228184
2e9d9d9e0a6af0ff,0.7636991869911068
fc32ff9c59a22f95,0.02315697310817046
5783d334ad7f831b,0.8556038148834477
dbaa31f9fbbb6219,0.1042951844902031
93eb228beb06de30,0.2623586616632782
482d6bc5204e5ae1,0.4455437773604058
7128efa4863f0362,0.6104727954965761
ba5809f410734a94,0.4205781738582419
a571eb5010a2e299,0.2787423389615733
ad6cdd09fea09683,0.7746216385233036
fa9d2cf12e72efce,0.7593302063782281
a8ae0f9ef30ce81a,0.9336213258277098
3b234a17219db0b1,0.09711757348333099
25b24a0734045bd8,0.9615515947457558
771f41a483c9f8a5,0.5101422764222548
22a6c4ec274869d7,0.6666454033764447
e48895820558223a,0.07480456535327201
02c11767f29d0426,0.11802626641639324
d686fd200c65923c,0.9603033145706475
adfe117f01ca698a,0.02081644777984259
69f3b49837e76dc6,0.5452501563471728
2e72632e2ea73631,0.24691119449631432
3207b91e24e27568,0.32773733583457
95f22517cd16a7c2,0.3339787367101109
543936caa0e83a72,0.2807707942461241
58c5c659df736b0b,0.05327173233265565
997b65e2ca34d529,0.2859199499684454
75bd9c566434eae8,0.20587398373963242
14088d0f66d091e7,0.963111944964641
4014d97b63499622,0.5062414008750418
f9d10471eb47111f,0.9226988742955132
545fffb7628e26bd,0.1255159474670424
9c45d75bebd4d820,0.03610787992491797
f710caef77284ef1,0.7916294559091528
e4bc3c14c4f4b1a8,0.5978339587236055
392b17be6354d3a9,0.5628821138205761
9cc8d07ee090f377,0.8169071294550936
b2fbccdb690a2b84,0.7153283302056643
291257ccaccf9d11,0.6135934959343465
c9022a6ee3a5d7d8,0.17841181988725216
19a688707e160732,0.11412539086918014
84bef4f5323ebd93,0.8635616009997624
a3e5e1903e0e9682,0.5065534709188189
3b0297530613b732,0.3065165728577306
ca0fa3062d6f947a,0.6479212007498218
aba2a7eb167c6548,0.777430268917297
7dace0a49f811059,0.6537725140706415
522ed32d9fdf2d72,0.46957317073123855
8771c418cc219aa1,0.6441763602244972
1b8f8b528f041137,0.008177611006872119
a9112add272578cc,0.25549312070018315
e722b584b816d2f4,0.7949061913688117
324dcb8fa3962b96,0.6252961225759858
ee84f939a7ab4e14,0.8406244527821494
f7a5683abeeb512e,0.26501125703538314
788dec8bb41081b9,0.10289086929320639
20880910f50c0159,0.5558605378355925
a55d2babd6ac6e05,0.06622263914940318
7c5af2b41b2f1889,0.5644424640394612
af9599e0e687edff,0.2949699812379798
96de608fb997caee,0.08213821138203264
ef99f60d68f58a7e,0.995879299561231
59d2159096523cdb,0.9712257661028443
606abd74dcfa442e,0.8524831144456771
20fdb4917e7e9401,0.23427235772334384
a3a5ff27339bb075,0.6624324577854546
b5ecb5c63b48ec75,0.8367235772349363
0a039166594e063a,0.09306066291422936
62bfe04683f51a3c,0.5675631644772318
b430c4d5161b59db,0.889619449655146
a385f4145be5f5d0,0.032987179487147494
904e0bfdad64bd43,0.9848008130071458
0f4074528657c491,0.8144105691048773
39e4468b2f4b7935,0.5232492182608909
9125b00413b353d6,0.034547529706032726
fafd8063bc5f5cec,0.5931529080669498
6b06401ff364064a,0.08369856160091789
e5c9addac3faca6d,0.21429987492161276
d12807d748517f6e,0.42791181988700255
828de307532bb29a,0.9727861163217295
2799da617b3128ab,0.15781519699796692
7b6d6ea6d9feff86,0.02877423389615733
0627c402fd75fb9d,0.9730981863655065
a1bb99f3b749279f,0.36783833645992065
ceac2c53c27234d5,0.08307442151336379
9b3de1b793447910,0.3213398999371404
76a426cfc81a4d2d,0.6379349593489563
abac3cc21ba1b309,0.2255343964975865
4e8b9323fa254334,0.6719505941206545
1a4205578a28486e,0.8471779237014674
fa7dfc3f7d4a1344,0.7808630393988446
340b1651b36c8645,0.4066910569101632
73cf2e26157ed703,0.831262351468838
87add43c2ce1b06e,0.6384030644146219
01717bfb5b3542c8,0.8986694809246805
70ca05c9213444aa,0.669141963726661
0684a9a80bfd34b3,0.3296097560972322
8c2ae373e2809c29,0.3455253283298617
331341a7f1c33272,0.6814687304558547
97078c12c161c701,0.504837085678045
4ddffb1d8861cc54,0.15297811131942268
2dbc5e3027b4817b,0.6426160100056121
8fcb717c71bb3cfc,0.549151031894386
58ed220fa88a029b,0.029866479049377004
fcad4ebd837b0031,0.4240109443397894
0792e52fe2c9b711,0.750904315196248
576de6970c4ba90c,0.674759224514648
930888a00b16e315,0.8612210756714345
bb00b59f720aadc8,0.667893683551553
05aad23e028bea27,0.5053051907437106
0ccaef7346d2eebe,0.4597429643522615
bc31c0a97c89dac1,0.7145481550962217
239478b0c695aad2,0.4678567854904647
6d59238e91d3c6d6,0.5401010006248516
02b6f6002980042e,0.8119140087546609
0164fc5fb575ee2b,0.4570903689801566
d8ba5ce01fe8a09d,0.6958239524695988
173b378df818b167,0.1397151344588981
7f5edae9b09a208c,0.597053783614163
0b5662c2a594c20c,0.7468474046271462
55ba1dbed1a641ea,0.7470034396490348
c944ecb134192652,0.9231669793611788
3984b7d478aec2b1,0.9099040025006542
f6ff304e4f459ab4,0.8769806128821757
a49951ac9b42ceab,0.6427720450275005
4b48ddb6a65e584b,0.9888577235762475
624009526008e265,0.5012482801746091
9ca1f3fd0ed031b3,0.7005050031262545
dd7e10345355a17c,0.4112160725449305
a324ae18d57bb12f,0.665241088179448
f3aede6892999fdd,0.45599812382693694
798f779dbd13fb6c,0.9810559724818213
21481b4c28f91b47,0.1954196372731013
8529066c088169cd,0.042349280800458945
7e93ed2093de4112,0.3271131957470158
51687c7ba8a553be,0.6591557223257956
4ad8b585409698e6,0.13690650406490465
eca2dbbd4829118c,0.7093989993739004
7a9bea3f50549e57,0.6104727954965761
e53cb4d81fe012e8,0.5669390243896778
25e3af07b73ccb43,0.4012298311440649
939b59f220b94ec8,0.40029362101273375
9618c75bab14bdc4,0.8939884302680247
2ac483615d4696d4,0.9259756097551722
b357b45b22852d5f,0.28919668542810445
eed158b983054ab2,0.11318918073784899
25b699ec3d33020b,0.9259756097551722
fabe692869cbf6a8,0.14174358974344892
e30cdc55701f891d,0.697072232644707
4e247c59738e0754,0.6014227642270416
eb6c93bf83ef9f01,0.7883527204494938
4b2a51b89182eb2f,0.7356128830511726
920800c7a752c35e,0.07839337085670806
00e3f3638706ad20,0.5134190118819139
3b68344f608e8cf6,0.21445590994350125
bd0092d0e87dd02b,0.4683248905561303
d3020752ddea13e5,0.5600734834265827
679a41beeaebf503,0.8548236397740051
7fcec9e71dcf18cc,0.36175297060626826
735724a234bf2816,0.7201654158842087
31cdf3e24ce53af5,0.5430656660407335
58b83792be0f6321,0.8852504690422675
2a84a58cf96025f5,0.048590681675999926
9fcedeea63586bf0,0.8465537836139134
d9de7aba8c682fda,0.25767761100662256
08572215a3892815,0.3672141963723666
b488884763d551a2,0.8106657285795527
c30e80405d6e58b2,0.13737460913057026
0c86a250e70f6eb2,0.4653602251402484
a11c15fcf4597f82,0.8209640400241953
2caedcb4ee1a4103,0.9517213883667787
f91d05eaa3df539e,0.44569981238229434
8bba0a98ae140af5,0.8172191994988707
a987e81632676043,0.6964480925571529
f50807d17b5c038f,0.8050484677915658
ee12454070596716,0.6309133833639727
b6e0190c3e5766ef,0.9665447154461886
a57b30735e272a29,0.04156910569101633
ca66fe2ee058013e,0.7190731707309889
1969a8349757d32d,0.56881144465234
a5bad4f4702eb96b,0.26017417135683885
2f4ee5ef7a9e32ab,0.9713818011247328
abb1f9350d96ed70,0.40185397123161903
8a663152856f606b,0.1016425891180982
5965e2be33eecfc3,0.08198217636014413
75414a1e69d6f205,0.5973658536579399
0d6362f82430762d,0.6699221388361037
cded8976cdbec569,0.6115650406497956
2f21d9cb88d7004a,0.6991006879292577
bd0809d01c93396d,0.91458505315731
d368fd4152e904a0,0.8719874921817428
7a088b0bef4cb74c,0.300977329580688
dad9460a25f9913b,0.9175497185731919
50f138449e3fe2e8,0.3946763602247469
53eecae41b9614fd,0.9166135084418607
c88755b5796bc0c9,0.870271106940969
1b2bf22690f55b23,0.34755378361441247
4c0b6078692f7c89,0.6066499374603072
d310596293c8f04c,0.4285359599745566
3a724ceda4c76f9c,0.05202345215754746
57c2219b4f1a0a5a,0.7655716072537692
6069a9ccdba45516,0.6955118824258217
504a8185dad726d7,0.9191100687920771
c950477e87d58094,0.27655784865513394
9f1e86207b2be555,0.9543739837388836
69051b19215e3e0a,0.5597614133828055
7f70b72d97083c7b,0.751528455283802
61279ec74a6d3645,0.15282207629753414
4a35368f7daabf53,0.47675078173811064
8730f5f1237b818b,0.023469043151947505
f9492b545b552f5b,0.7409180737953823
a5e99c4117b486a0,0.5207526579106744
c10ccbadcdafc1cc,0.0465622263914491
e0d15a865fdfb988,0.3071407129452847
eb916f460ee1b545,0.39717292057496323
1b7bb61fe350c5ec,0.2874803001873307
03e5516590f20096,0.4134005628513698
18e0a9eb3145a82b,0.11896247654772439
39cab30b8f09a081,0.9819921826131524
dd47b13d3aa2de79,0.24971982489030775
6a431bf1b07deab0,0.8442132582855854
2b0db9b43f8d905b,0.49953189493383515
363b638b117d0e37,0.022532833020616358
87518c28a26f4d41,0.002404315196996719
3e73b6c86098ef20,0.7153283302056643
f7580d024f627389,0.25752157598473396
626946bf85055423,0.24129393370832744
1d4ec81574db910c,0.5071776110063728
eb3384eb6ec0ee10,0.20883864915551437
ba1a0a18164d2ed4,0.26625953721049134
8736a356e18687f9,0.14634662288916042
f66ad6f9a0d13057,0.49422670418962533
6781beeb2a94c80b,0.6457367104433824
45ec50d9e9b762dc,0.18496529080657018
f993d49be31858db,0.5567967479669236
68630d40b3d8c8a7,0.4201100687925763
790d0e863cbc896c,0.1589074421511866
6b9f40e1b5440454,0.17326266416493083
5bd12aaf1d87cfb6,0.5691235146961171
9593f8af8e49622c,0.3559796747963928
7787873ef39eb65f,0.7530888055026872
3b43be2428bd133c,0.3422485928702027
51614174133f7405,0.780394934333179
90ef1be7933c7d32,0.28560787992466835
b9b0bc5968838ca2,0.28716823014355364
34854ac0b59be9cb,0.6535384615378087
552972fc397a3d7b,0.5851951219506352
538cce811be930f6,0.9526575984981099
3684947575a87995,0.9328411507182672
3458934dca749c27,0.6833411507185169
777593519303d6bc,0.7206335209498742
c998d0d7e544f18a,0.4956310193866221
a23ad55fcdc44126,0.8846263289547133
628f59b52e0f1abb,0.9771550969346081
f55fd4a896009b37,0.2561172607877373
891966bf8125b263,0.2595500312692848
31a036f4acb27daa,0.690206691681612
b329a2756c4e7e5c,0.10008223889921294
4abec7b3aa11b00d,0.3419365228264256
506d7e6eca5fce8a,0.23146372732935042
93767eb66242b1fc,0.9657645403367459
f07f619af08f71e3,0.9932267041891262
067779ad870efb29,0.48814133833597295
5772509431f3d5d1,0.7260947467159725
562161d24bca87e5,0.05093120700432779
f3e2eded68a25564,0.31665884928048477
4e9f50f16ba04465,0.2127395247027275
a4208a55db792b95,0.3661219512191469
9540d1c34ce10213,0.3519227642272912
3b047ea1a379c251,0.38172545340799935
90c24520deb11d2d,0.4104358974354878
174bf54853f8e212,0.3698667917444715
e32af9607e1574ac,0.2826432145087864
177d7eaf2ebe4bb3,0.007709505941206545
1d3872dea5918cf8,0.8248649155714085
b6641f418df5107a,0.5775494058780974
7b0a91f0c2754446,0.9064712320191066
3074d01b6d512da1,0.5082698561595925
a1ded8ab2ac8cbc3,0.21492401500916686
99d24231acc81bda,0.8810375234512772
ff0efc6b635f0dfe,0.47675078173811064
4b26bc2a5271e828,0.38500218886765836
323cc294321346a4,0.6451125703558284
1c5da1e20342a0bf,0.5826985616004187
4f414677966cf8e5,0.4303303627262747
a08962f7cf8ef6ea,0.9780913070659394
e6778d3ce59810c5,0.35707191994961246
944d32b8f9e9db1a,0.9829283927444835
e5c8bee2002b6ca3,0.9353377110684836
fcc9190b336ccdc9,0.22132145090659633
d8c0de2ec20dd583,0.5127948717943598
fb55a45c51379250,0.07269809255777693
d6e81f789123be62,0.37267542213846494
2653ffee6d9f5abd,0.8752642276414018
daf885e44112d6f2,0.6912989368348316
a75fbb195a5c31b4,0.9941629143204573
d6946d6a1e5de8e0,0.41480487804836647
262eea09fa9fdd15,0.13659443402112764
0661f0f9daa76a96,0.6884903064408382
3796742963319893,0.9434515322066869
b7d31b3502739b04,0.661652282676012
ca3ab2b2441679fe,0.5580450281420318
6ff3c95261a2e60c,0.06949937460906218
296198ef516bccfc,0.03002251407126553
fd7387d23f2c2e12,0.5983020637892711
705f7c9f6f9a1ddb,0.1556307066915276
664080d9a44e09d5,0.07620888055026873
d7bfb116b3f0171e,0.5269940587862154
df7650f2e15b685c,0.568499374608563
13d553333a49e1fc,0.10289086929320639
d60997f0da2b3161,0.28826047529677323
e3dc5b0748d9d1be,0.9965034396487852
126cc7a3354c3a59,0.13877892432756697
68c831e307f80c40,0.016603502188852433
4c10437c6f1f749e,0.9929146341453491
4de56fff18170df4,0.32516275797340927
93ee64e43ea9b0ac,0.722349906190648
622e27b7a834d371,0.9482886178852312
8283fa9a80b68052,0.2405137585988848
3cbb48910802e9b0,0.8786969981229493
898c4451fed60e39,0.5115465916192516
560b7b7af9fe8dd1,0.5820744215128646
bcc595e893e2a797,0.3236804252654683
cb2fa098224a9f0b,0.6173383364596711
9e2a88f835bbb5df,0.9150531582229755
07e1bd9a166bc257,0.7827354596615069
10fdd890be2462d8,0.05951313320819662
34a7adccbdf4dbe6,0.924727329580064
5dca94f6e13922ed,0.3375675422135469
be032af3265ed2f8,0.9943189493423459
afebc493854ff065,0.0368880550343606
755bf2132b96ea88,0.057328642901757286
11b6872eb913fe4d,0.05920106316441957
5a73131a74b5e6f1,0.3551994996869502
a1445f34ce4c970c,0.691142901812943
c84303c64f096b4d,0.5223130081295597
ee5a57da13fbcab4,0.7819552845520642
9e237fe51b937f8b,0.39717292057496323
04c0ce452fa54511,0.49937585991194666
e4cc4cfb493c102c,0.8398442776727068
13ec6848e5d8c7ec,0.2884165103186618
8b117511fb3c0bb5,0.8278295809872903
45109a7dafad71a4,0.8807254534075001
be5d51769b283a70,0.8011475922443527
4b049c030fc355f2,0.6007986241394875
e1b125afa19663b9,0.7794587242018478
7f5ee99bec52fb31,0.9691973108182934
0ea477a7bb524c43,0.527150093808104
b2ef814029a4593b,0.7432585991237102
54642bb90de7c651,0.3126019387113831
5562db51544efda6,0.49344652908018277
8c3fc61ec6b0570c,0.7977148217628052
19990ada3d732a59,0.8165950594113167
d4a097538c2270df,0.5828545966223072
a8e6780d12272bb2,0.8398442776727068
0de7c0afdf2ac64d,0.5489949968724974
ec3a682eb391eb7a,0.46879299562179594
de499b3d3aa77620,0.46707661038102216
bb95d7738f26c137,0.4201100687925763
76de6c48fb303a99,0.8635616009997624
f54db052a2c1bf61,0.9269118198865033
d2b45f024d0f9012,0.9058470919315526
26693e446f60e43c,0.47160162601578937
00fedb2a014dd220,0.46941713570935
8b353042d65300c8,0.8774487179478411
90c55b1f3ca98c5b,0.15329018136319972
b874c35d79d74f6c,0.5514915572227138
d482eb847a0a40c6,0.3551994996869502
fc4d3a97478802f1,0.3951444652904124
0a7a2b85838db506,0.07776923076915396
c697f27fe38b040c,0.2664155722323798
a4d2009627d556d9,0.6281047529699793
1c403f2124470ed4,0.07199593495927857
33627e42df750fa3,0.09961413383354736
ba9bd925e360f225,0.47799906191321884
ea28b791d0295ad0,0.5572648530325892
d149d439304c8705,0.1768514696683669
536b709bf5515eeb,0.2025972482799734
88c0a8061e7a3795,0.8092614133825559
8764acb490f19b62,0.2540888055031864
417f76acebadcb48,0.8772926829259525
475869c5be3c507b,0.4992198248900582
3ef8009767c7fa25,0.9315928705431591
b554efed5fb706fa,0.9109962476538739
84da50183b024285,0.2069662288928521
a4b1d18f46aa981c,0.09290462789234083
9b47e555a004cdae,0.40013758599084526
ef262814960ff13f,0.744974984364484
5c0868ac8eafc7f9,0.3341347717319994
db15a0f6f796aefc,0.05639243277042614
9e813d48e7fed678,0.7694724828009823
7e45e93f027eadd9,0.9074074421504378
bba24189518e4411,0.8551357098177822
80cba429bade3fd1,0.03127079424637372
ea2c64045d0a1c12,0.7604224515314478
6eea65bf31a2bde4,0.15875140712929808
986a532aee033e7a,0.31447435897404535
d254bc6437766f3e,0.3414684177607601
3c2c4044a5a205b7,0.517631957472904
d1698b7f7ce2ac63,0.9378342714187
5615043a1f36b137,0.03439149468414421
fcb9321c88377fa5,0.11490556597862277
885250c55edfcb6f,0.47534646654111395
f48232723a1bd05d,0.9865171982479197
27b4eb77530a112c,0.15141776110053742
98a1669bde0eac7b,0.9802757973723787
c85cfc3341c8708c,0.15422639149453088
8043ae38af9b3ce5,0.7666638524069889
babccd7388fd8c21,0.4183936835518025
28aeae730b623cab,0.34833395872385514
4bf1da87dd838f3f,0.06481832395240646
8da93da167404e45,0.80567260787912
4a0a3077b5581645,0.5218449030638942
bfa2d19017923568,0.3942082551590813
5f6e00c966c5f59f,0.86699437148131
52c9dbfce9f1b95b,0.17966010006236033
cdfc3b9f626b0845,0.5341716697930876
5e6ad4f66342dce9,0.6772557848648644
42b0a534c0da50ab,0.3531710444023994
e454a16a94a43530,0.48143183239476633
1b6c9c3629bff42e,0.9375222013749229
3d4ea2f562e04d67,0.0921244527828982
e5e88946dd245e5b,0.4948508442771795
7c08fe11ea59472e,0.6699221388361037
48716b8ef3837856,0.30089931206974374
22cb220fb3d03ef0,0.8861866791735984
ad38c3a4c4f92dd2,0.3344468417757765
439506f46710d418,0.7376413383357233
e6d46d90ae71b635,0.5391647904935204
cc306ba2474886f5,0.19776016260142917
c3dbfacba8b29888,0.20993089430873407
3349746bf536b40c,0.34630550343930433
254dff7f2f5e27da,0.17529111944948167
5f715d9d99d8aef8,0.7393577235764971
28877bba74273a2c,0.10679174484041949
0837f11e1dc53f72,0.934245465915264
700d9c6e6406ca13,0.8644978111310936
6e0d475eeeff64fb,0.5088939962471467
36ba7c400d24c8ad,0.07527267041893757
8c371f8737f1a2dc,0.9969715447144508
163b4afe1f475ea0,0.9465722326444573
2e2c632a9af9b807,0.9436075672285754
a891091666dc0643,0.7867923702306084
a990b188a8200e9e,0.06606660412751464
e0da7835cc3694da,0.5074896810501499
6965bd28dc460b44,0.13097717323314073
84b4fd2717d4bf2c,0.26267073170705524
0544118474e570be,0.4984396497806155
2437b2d4a2e8ae82,0.9936948092547917
647299fb2ba00e43,0.05280362726699008
7372537f1eba1dab,0.914897123201087
8854c27e996efd14,0.524185428392222
380235b034a986da,0.9531257035637755
a2d407f16ff373fe,0.8683986866783068
0ed19a3a868aaa3c,0.40747123201960583
c173b6242dff9b1c,0.35863227016849775
2043889f64f744b8,0.6694540337704382
19989bc6ef928517,0.6853696060030676
d0665c65b0cf8d5d,0.9248833646019525
2b072792e895a81c,0.15079362101298333
c531857150c9674b,0.543221701062622
bb56bbe97134a4d1,0.28014665415857
3e062b6117c4918a,0.44055065665997295
a58a4c24d35bd7fa,0.7891328955589364
4ea7721e8c059b2e,0.31650281425859617
32a75809119cf7bc,0.636686679173848
e4794a0287930fdc,0.44694809255740253
028903129d296567,0.6154659161970089
910a3bc19a45f893,0.8529512195113427
afb4e9017f94d52b,0.10351500938076048
8c75ef81ac907000,0.5418173858656253
de995213b69871cd,0.2606422764225044
593b54413b1695ee,0.703313633520248
d68b798f72ec2a7b,0.1896463414632259
2abd97afe8848116,0.07886147592237365
b80ebde982296428,0.5909684177605105
dbe8ab13dd1f44f4,0.15672295184474727
db6b5f2104046f55,0.636062539086294
1f67c146861efa15,0.06903126954339661
38f490199f1306b5,0.45880675422093037
dce69a47bd1feb56,0.42291869918656977
12cd790efb4486a6,0.889931519698923
d5806dd0784560a5,0.02752595372104914
207f45be2fb83671,0.8585684802993296
848e2c11fd115b35,0.7521525953713561
0f9d093c9db25458,0.7707207629760905
13e9da15ed290868,0.4347773608500976
8c584f6c1538beaa,0.005837085678544254
5fcd3e5896568513,0.9518774233886672
aa1f013ff05a59f3,0.38266166353933045
eb2bbf6f740d132f,0.15297811131942268
51fcfaba58d7f511,0.9351816760465951
abfff37a1f178105,0.8251769856151854
918258103a71c3ab,0.2186688555344914
99beaa8c134356ed,0.7510603502181363
f3d97c979517c08d,0.7724371482168644
577a00d787373595,0.857788305189887
d71bd663eab2681d,0.8456175734825822
3b59c956b239b3db,0.28810444027488474
9115eeed93f30a1c,0.11272107567218341
3d992bc625e7dad1,0.06669074421506875
4db07f6033192f9b,0.2762457786113569
a58a45e9afd5b405,0.7494999999992512
519774a276bdada6,0.8019277673537953
50bc50ed77a01d75,0.5767692307686548
d608451c67dc5cfb,0.5522717323321564
2856ffa4f0a1ce80,0.5163836772977959
2bdff8f74778c4ea,0.1762273295808128
068acd67c99550cd,0.63965134458973
6123220972766a4a,0.5669390243896778
c4d534fff3fc5628,0.6611841776103464
9fc3fdf14ea045ac,0.45989899937414996
3f86edfd0be75ecf,0.7535569105683528
c36573a6175092a9,0.7457551594739266
7c4df8c2f29666ee,0.07043558474039334
3c791b72118b74a6,0.5098302063784778
747b04b604c95fc1,0.15079362101298333
e780dca0db5520a5,0.1852773608503472
af83daec6d450e57,0.5505553470913827
5d4ff9f52e2e4f34,0.716108505315107
b2b8e551d87be54f,0.9979077548457818
203b6e0e0fcaa971,0.5157595372102417
eb36b4336605a7d6,0.5699036898055596
14713adcc060333a,0.5925287679793957
251c0c9a3789eff9,0.8913358348959197
0d0e059449af50d6,0.3698667917444715
63b1850f6f5df5d3,0.40684709193205176
90ace0c383247390,0.09384083802367198
1ba1d1cb2d6d1bb9,0.32149593495902895
dcb2cbe56ba92129,0.12489180737948832
88b8fdeb6d82597c,0.17638336460270132
0ccfe20a4b77ea6e,0.18699374609112096
3482a5b15357f00e,0.14595653533443909
6d71348fed8b9c4f,0.2774940587864651
f8723e3306bf7c43,0.9894818636638016
7ef77b74f9baecb6,0.3625331457157108
bc80f01834269376,0.2934096310190946
18da383af4fa3cb8,0.8474899937452444
b474ff492fb9a94d,0.24363445903665532
d157b8492ffba0dc,0.22537836147569795
cbd2d4eb5123804b,0.9170816135075263
0f9515404031e965,0.26625953721049134
4f1dcb8a1669a31c,0.9006979362092313
28c27ce346a7a7b7,0.8683986866783068
58928eff8cb29089,0.5213767979982287
8069cea0e02052d2,0.09977016885543591
3b583c05db5ea4a6,0.19370325203232752
36384df41240d0c1,0.5366682301433041
15e9a245d6d06a3e,0.8119140087546609
d2dba561c29b817d,0.5262138836767729
2a507f7014709986,0.8134743589735461
a27e43abacf3b1f2,0.9376782363968115
686019b683e849d6,0.8919599749834739
9a3663eadae7822e,0.8392201375851526
f4857bb0e0b52a47,0.5964296435266088
29f988f929e638a6,0.28217510944312085
cc08f5318b40d7b5,0.20415759849885864
3aa8c59d9c5dc7ac,0.651510006253258
eeeb124ea0b0d51f,0.5362001250776384
c422bdf822a0dc56,0.9523455284543327
98269904767a2636,0.1589074421511866
e6cbd02151c72662,0.8966410256401295
5e7bd880681d9f61,0.7618267667284446
fbe456da262eaa3b,0.5945572232639464
dfe3e7968ec080ba,0.41901782363935663
0e9ef351ddbc9ab1,0.25018792995597333
2902b3339eeca5e3,0.6053236397742546
a7137a063b883e92,0.8531072545332312
b733ad3dd8899d06,0.3867185741084322
44fe9234ab115e2f,0.9414230769221361
000b03fc8664c7d1,0.12707629768592765
9020a01496eaf633,0.7627629768597757
53b7a21b0f4cc200,0.11740212632883915
20cc306cbb1c6bcc,0.9415791119440247
debcfcb981ae0125,0.2749974984362487
802bd1039c3e6a1b,0.10133051907432113
5f5c21e0b6a4d4a7,0.2011929330829767
4e1d92bfbc009b58,0.8028639774851266
644c03f056f3bf9e,0.879165103188615
3b4855d86d450661,0.23988961851133073
dbe1c9a9d3e563ac,0.27406128830491755
2fb49e6e63bbe8f6,0.8829099437139394
2347ddad2e1b095f,0.40715916197582885
e315a627d1ca8573,0.8474899937452444
0558a476ace81c15,0.5124828017505826
4426fc96456aa43d,0.8463977485920248
ee5092888f963b26,0.2803026891804585
57886ec9ac1bcba7,0.9417351469659131
69e1947ef1a19192,0.7106472795490086
af29d6fac97c87a3,0.24347842401476677
6952926383750b48,0.3878108192616518
b6e14b919c7ad1f2,0.1985403377108718
8d09ba7da0267580,0.7390456535327201
40e7e13ba421c25f,0.17763164477780952
c3d8677083122b80,0.8977332707933493
e41366313db49145,0.267663852407488
ed95e31015c5959c,0.8490503439641297
64f0bef89a702494,0.15485053158208498
81918dc774b899ca,0.1267642276421506
dc9dc895fc8368b6,0.5244974984359991
ea0dcc9add9ba8c9,0.7104132270161758
c45a009981cf2faf,0.8101976235138871
ee4eee5c2cad18b3,0.2121153846151734
4b8886ccb99d4b95,0.43165666041232714
a11b7637d21059b0,0.23864133833622253
ae6bfde3685ef5dd,0.14283583489666862
095f96ba3b90f727,0.5346397748587531
c800465fabd83658,0.13409787367091122
c75993f60039bc22,0.6416017823633365
15b2e13c51d54758,0.3951444652904124
cef343af7e936391,0.6056357098180317
bb9e37137f42fad4,0.5084258911814811
b6f54b152f0f2c28,0.6173383364596711
54548a1370ae962d,0.5617898686673564
774675091e96f38e,0.053115697310767124
64db0198c907fdc5,0.13440994371468828
ee3a2eba79a61cd2,0.24457066916798645
d87ea92ca2504e8e,0.9450118824255722
493f68967d2931dd,0.3739237023135731
33c5bd3953cad989,0.4094996873041567
31719675e9834500,0.5207526579106744
283d0d3d8afdcd48,0.8275175109435133
0954b46131527b56,0.06044934333952776
c7f99cdcd74ddfb2,0.8914918699178083
89e81b0750c67025,0.761358661662779
ef2e114a293d6051,0.2954380863036454
3eaa82eb74b0d2b9,0.9635800500303066
f115b5827c53fdae,0.9284721701053885
5b981d50572234ec,0.40684709193205176
bc2a7ac2fb6ad312,0.7963105065658085
cabb5fa14742de79,0.9113083176976509
9dcd899d3120d04e,0.13924702939323255
5bf75dc153469005,0.7017532833013627
a99c57a3cfd238a9,0.9294083802367197
7d3c73f6e6251236,0.7903811757340445
79c824cab095ef0e,0.5408811757342941
50457f03b19ce000,0.7838277048147264
72ea29c850f97747,0.46894903064368443
949aabf35ccb0c4c,0.6819368355215202
bd3b7b9b5cc3a346,0.45084896810461567
581ae7bcf533000a,0.2083705440898488
f944b728b8eb9aac,0.4602110694179271
6add937f4476df2c,0.5781735459656514
478be273b158fbf1,0.126296122576485
43c1856ef31d1073,0.8903996247645887
8f97466fd3810c1f,0.2743733583486946
3ae22b8a964781ec,0.5884718574102941
82ba55bfceb0ffbd,0.5109224515316975
5966bfc14b304d05,0.5561726078793694
eedd90867e3cd9d4,0.007709505941206545
99db9ab5fdf84102,0.17029799874904888
6c6761878fa11c78,0.7093989993739004
731bd2e8496a9b0e,0.09040806754212444
9f1fd83e49b82f88,0.9663886804243
51a2cc12286941ac,0.9718499061903983
7b60067efe8e7c4a,0.8602848655401035
7ba8d7a5a2f30106,0.9651404002491918
677aebcf5c57a29d,0.511078486553586
c2e6810f10057ffc,0.571776110068222
f770bf49e8b32f7d,0.7276550969348577
d999d97cecc80f08,0.7883527204494938
225695249568ef3d,0.9317489055650476
64c347ce204607a2,0.7203214509060972
8b972fc1665f8aff,0.3101833958721109
fd3a180f558ad235,0.5975218886798285
f24ea2f162b99780,0.7925656660404838
71edcfb193fa3be3,0.9457920575350147
4507c7c846e862ed,0.39904534083762555
ac51d145f495fdf8,0.5708398999368908
3ab5c54552e9add3,0.6689859287047726
0e545a1fa4aecf83,0.20759036898040617
19eb7f93e53f33d0,0.29481394621609136
f4653f53352a740c,0.6126572858030154
c716d718820e66c0,0.3984212007500715
a8a2778b42759e84,0.7470034396490348
d632ca08f997e38d,0.06731488430262285
47c56ea6034205ca,0.17513508442759315
f436395245784b88,0.9623317698551983
ddb7078278325022,0.24113789868643892
1c24525f31c1953f,0.834851156972274
7c7e6ee56d6ea5c1,0.8123821138203264
0e67b9cedd55f492,0.3620650406500453
a585afa6cc802221,0.4929784240145172
132bdb2d81abf434,0.6174943714815596
cdafcf3dcd774b36,0.6427720450275005
5694f780d2c8e463,0.08619512195113428
317ba4057a04aa16,0.9306566604118278
a92ae25f2defd1f4,0.5533639774853761
ff0073be9d8669a3,0.9553101938702148
2c4d6fd16e7da4d0,0.6348142589111858
e8b93ecfcfcf69bf,0.5087379612252582
aecdf632644c9922,0.7952182614125888
0f4ac8759cecccb4,0.07636491557215726
ae0ed79b3f56091e,0.6449565353339398
492dcb545fd160e3,0.44772826766684515
b6feaae9a6963540,0.3931160100058616
10bc80bca38b6418,0.3052682926826224
d8bf52f15b58b474,0.20181707317053083
d590d13d8a0daf0a,0.6405875547210612
bafce96906ba0c73,0.31931144465258965
15a89b9d9a174795,0.40497467166938944
3c895a00e202bc6e,0.8176873045645362
62100baf87d531c1,0.5421294559094024
8ea52f2642c87cd9,0.47581457160677953
78bf3db367f46ea8,0.969353345840182
7303626be6419b04,0.7106472795490086
86f2e3f9f88bf00e,0.9624878048770867
39921131b7d48cf3,0.8178433395864249
7c06255c489ce455,0.9156772983105296
2a0f68fcd60099b6,0.8268933708559593
968f899504b28211,0.8273614759216248
98dd9df8fdcb29f4,0.7142360850524446
ed55728c47c8b666,0.21944903064393403
0e54abd540000681,0.9417351469659131
2687ae2ad26c6497,0.8584124452774412
afe3e3f4edc8f7b7,0.5934649781107268
3d8ff2a3976b69b9,0.5104543464660318
13e6deb5f77cd1f5,0.597677923701717
8c8711be796262dc,0.34817792370196665
8eb1ab06839664b5,0.29793464665386177
dbd58b32bf776c26,0.2082145090679603
4be0c2fba004271c,0.7303076923069627
a0f6b49ec1b86bc1,0.8609090056276575
3b33e5fb16341fe1,0.7847639149460577
d39f326ae61cb937,0.09540118824255722
00e28c2a11d38c61,0.7961544715439199
a55c74a9759fd56a,0.11662195121939653
8bfd04b0788122e2,0.9974396497801163
895776a9cf9c8d43,0.38188148842988784
7ff187535e206416,0.9933827392110147
b2d991e4147a68e0,0.2395775484675537
b62ae246269c58c4,0.8708952470285232
b8af731f19b5c84d,0.016915572232629485
19f5143484b38101,0.7122076297678939
982f6a3f1bccc6d4,0.21554815509672093
2cdfb20347feec4e,0.9110742651648182
5b2d62e736467c16,0.28451563477144864
f85bf07959deae92,0.24659912445253726
8e923fa1dedcd01b,0.46801282051235327
93b3dea6a99fe31a,0.46239555972436636
8bc3af23b3d5ba85,0.3021475922448519
91db39152bd6ad50,0.9855809881165885
d911a9c74b505826,0.905691056909664
0e53e628826772d6,0.14314790494044563
14d7b607e5e3f0cc,0.376264227641901
f3e8e3469f0aab7b,0.17607129455892426
b9c36eb092bb275d,0.5263699186986613
9cff3e265921dfed,0.770876797997979
585bc81acbe5b1ec,0.14626860537821615
15f8e68c7ac23dec,0.662276422763566
a37b05bbb09f8496,0.8836901188233821
4f31f80a263d61dd,0.382817698561219
6a3987a9bab31c44,0.10663570981853096
9f59a5ca5ae6d119,0.4586507191990418
afc6cb824b3596c7,0.14455222013744237
64dcbe6f4ac8de61,0.8332908067533887
1fcaa5c3533f63ca,0.22506629143192092
a266793e0c2619d2,0.7579258911812314
598af3378495839d,0.3959246403998551
b40ecfcda1506387,0.16296435272028822
22537a4c1f1cb22f,0.40169793620973043
8c5b78cda30c225e,0.8418727329572575
3239189122d043fe,0.4222945590990157
4b34859a41dd8627,0.3108855534706093
7577c8941b2e888b,0.041413070669127805
8ef15229dd291883,0.06091744840519334
3332780ef14cd99b,0.7549612257653495
f93d1a6ecd62d897,0.6351263289549629
9505f55ac00dbadb,0.8485822388984642
7c1831bf48bd728b,0.13035303314558666
17cf81ec2dede54e,0.7924096310185953
e84c6f3155ec9762,0.969353345840182
e894ec9e0ac2e7a5,0.8389080675413756
c307472500eaf782,0.8462417135701362
96de47679c4cb6b6,0.23786116322677991
e0dd44e7040c3168,0.7056541588485759
bd9e6bd2fcf5a54e,0.7690043777353167
0382e0d155285962,0.48626891807331063
509eccae9abde09a,0.9551541588483262
f2147e0be04acf5c,0.6284168230137562
f3a6b01cc0938196,0.8741719824881822
c1956069b7309004,0.3133821138208257
2292dd5e617286e5,0.5769252657905433
3644d81639ce9f29,0.8245528455276314
4a5bf3e5c85dbfe9,0.17638336460270132
095a4f241c64795f,0.9319049405869362
aa45545b6df75be3,0.8396882426508183
ffda21a7e2973492,0.7081507191987921
662adc1ed3e8fd43,0.5291785490926547
218ae6cc5968ab6e,0.9624878048770867
316379f30810e1c6,0.5919826454027859
eef8a37b8fe20ec4,0.9483666353961755
d9a0aead3407db9e,0.7290594121318544
f0c65e7320950a84,0.7710328330198676
4625132a59dcda74,0.9754387116938344
ab1c8b0c3967b656,0.9612395247019787
f00224def382933b,0.6516660412751465
090051f10ebcb768,0.5372923702308581
2a0c37f157e82f1b,0.7562095059404578
61914ca3afe42c15,0.2687560975607078
a9fc0e9ff5b0e706,0.167957473420721
f548f7ed3074067e,0.3046441525950683
9aec70578372daed,0.1665531582237243
fbb0734a4e985290,0.30027517198218967
a8cd11786e7fe2b1,0.41386866791703536
6a4338f210f336ad,0.38625046904276655
cdb63c81014bd072,0.3683064415255863
2c5a98b60450efca,0.5146672920570221
2337a75838293036,0.12489180737948832
a0ed386ea018cce6,0.5254337085673303
db76609f02b3bb31,0.7800828642894019
597bd387a63987b9,0.8983574108809034
bc7571c47a54ce9b,0.41152814258870746
547510d3ce221301,0.7571457160717889
8e84181f60b3ec91,0.6767876797991988
13880ba898b8f597,0.9554662288921033
9ee1fb0201512e8b,0.9337773608495984
48aefa3d80da5764,0.2965303314568651
498d517a667856a7,0.5293345841145433
f07b0e35881505f2,0.2166404002499406
1df225f3addcce26,0.08510287679791462
84a772cbe6d216a1,0.3522348342710683
f0e4a70f82f01004,0.8034881175726806
3b639af3777f4c39,0.01785178236396063
b9f77a4295400abe,0.04375359599745567
7d646e2fd78953af,0.1203667917447211
4127b246e0beff6c,0.15719105691041285
2321d1fdb21c809d,0.1974480925576521
9936f8d7184f5e10,0.057952782989311384
e2e9ef0520d08656,0.2230378361473701
0aa9b948dc8766c5,0.13456597873657683
d96df85b5160b1a8,0.40201000625350747
3bef9584524abbef,0.8038001876164576
806989faeae50571,0.06965540963095071
6fedd263e1290110,0.6855256410249562
5762314e60a560e2,0.9267557848646147
748cd550549c514c,0.5594493433390285
58a8e997e2757de6,0.06856316447773105
c13887db4b2ded8d,0.7916294559091528
eba0106899e8fdf1,0.8691788617877493
a947c7f89cb176bf,0.9704455909934016
4ac4a17692a2a70b,0.058888993120642524
2fa4409e1b6a3d85,0.7044058786734676
a783eca691369f3a,0.42338680425223535
e6e45dc137aa0511,0.16390056285161939
c589fb4e517e579b,0.4597429643522615
0535f48557a68402,0.6951998123820448
48e423add1624f2d,0.771188868041756
d20110b1a6f20e55,0.16171607254518003
739f7cc76c78d0bb,0.8704271419628575
2d439083c11f62ae,0.8178433395864249
0c74bc780e465296,0.2003347404625898
52294576789c8ec1,0.7644013445896053
99b2421c51d37084,0.1042951844902031
de49e465a4c970c4,0.9579627892423197
4c88fb93b8d12270,0.20275328330186193
dcce15e3b59d9796,0.10179862413998671
b8e0e09067432f1c,0.8885272045019262
962f882f18c11d46,0.4023220762972845
34753ee28116af4d,0.5535200125072646
7c71a6fe87ccd6e2,0.1929230769228849
7ff97e6a175132ea,0.6770997498429758
d84022bd67943384,0.719385240774766
c270a677c7614aa6,0.3453692933079732
1266e1b58e87a761,0.7281232020005233
9fc631524aa3372e,0.2534646654156324
88da969d80daabce,0.8192476547834215
9c5cf1807334358b,0.3414684177607601
0e5706f9560fdbf7,0.4358696060033173
d9db7cf658a35e31,0.8219002501555265
38bb0629e63b6590,0.6810006253901889
726236f75c9de724,0.7471594746709234
47ff559912cb3714,0.31712695434615024
bd567ce69cb8cb62,0.22272576610359304
6b7338c16e1db627,0.1061676047528654
2e47f13eecf939c0,0.39358411507152724
7e001225afcdc58c,0.7034696685421366
b0ba287dc9f94b2c,0.723286116321979
07be300260466f0d,0.09165634771723263
49e2abe2ca234745,0.8069208880542281
bf163922b4b12745,0.8454615384606936
aef9d385e9ff8518,0.8811935584731657
3e364e82bc780650,0.9807439024380442
393a9aece2867c5d,0.4691050656655729
b0519105b55d4bc5,0.8910237648521426
c5a4b1418dc4e412,0.668829893682884
ae000e40b4cdbc49,0.2675078173855995
bdb4932474ae13dc,0.854511569730228
54ab20f1339d0955,0.3065165728577306
bb6cce3b0b6744fe,0.25393277048129786
0d04ac4d48d1e700,0.9403308317689163
6e3f51731aaa2c77,0.4826801125698746
783b7b163b234e5e,0.7810190744207332
bb6501e8f6ab95a2,0.14845309568465548
e5f20b7a540b7472,0.46504815509647135
726e2ec81830f724,0.864341776109205
e8dc50204900e975,0.17061006879282592
1334006b9c4f4ffd,0.9308126954337165
3553330b5c7e6092,0.7192292057528774
e1a3e161c8b2e221,0.43352908067498935
44e747740cb4260b,0.07152782989361299
00202304b4481207,0.8982013758590148
931eab5e85d6e3fc,0.29809068167575026
e4b8ca3da3eff8e6,0.22787492182591434
103e5a44f9c30ed7,0.5168517823634614
448d40536e9c5670,0.40559881175694357
1b4d4b42760e781e,0.963424015008418
e0b110d4f6844bbb,0.8649659161967592
0d928dd7f13b92dc,0.7487198248898086
1bf6e2dae324cf0e,0.5355759849900843
b2a17e2a9337f111,0.9871413383354737
564d7ef8fb681d94,0.4781550969351074
a2088d882fb6d77d,0.8587245153212182
3fe22caa380445a9,0.6284168230137562
2b3c171024a98155,0.9779352720440508
2014d23cd7792183,0.6973843026884841
fc996643d63f02d7,0.2327120075044586
c8d5c605e447f4fd,0.51700781738535
634298df42266b22,0.3076088180109503
5c8cbaf8b4d39f57,0.8509227642267919
a688ddfeb76eb78c,0.9368980612873689
85a12cd29f47007e,0.20868261413362588
a5e1a3f8e312e1a0,0.13284959349580303
29e076c93c2b7fab,0.917861788616969
71b7b90e9a0b70ae,0.7950622263907002
11583aaab15330e4,0.10757191994986211
5b34705855c1c880,0.61109693558413
26361ce2a06897d2,0.1871497811130095
2be888bcb74be336,0.5092060662909237
fd96abe884c43d6c,0.8804133833637231
165fc0b6a160dbd9,0.9384584115062541
b8c8c114a79ff453,0.11911851156961292
e22746fcf084642c,0.2455068792993176
3fc60942cef4b9f8,0.7629190118816642
c78a85aab85debf8,0.5738045653527728
9c2166227724c80c,0.1543824265164194
e0291b12205c2c68,0.7335844277666218
307b5de4b89748c8,0.04250531582234747
b83469a7d7ed138a,0.7246904315189757
4726c5e084cb6f1c,0.7938139462155921
33795c308f648269,0.9944749843642343
d44b56532551df1f,0.9479765478414541
7db689f550f62666,0.6466729205747137
c64b1df6de24f982,0.3854702939333239
d9685a6aeee511e7,0.30183552220107485
2c867c13048a2311,0.9086557223255459
b3f36f5f67857959,0.2749974984362487
c8dbafacc0fb77d3,0.6061038148836972
3a1b2137777bcba5,0.16358849280784232
c9627e77fcbdd360,0.7015972482794742
cf4f6641c91382ed,0.2767138836770225
fb519c3fdb753245,0.9662326454024115
035449e62c90677f,0.6778799249524186
5201d1bc5a7cf0ef,0.600330519073822
01ef09b451cbddb0,0.4505368980608385
b98e367af7c0158c,0.054520012507763845
bec6844244ad0aa4,0.5763011257029891
ed82262b135c6e4f,0.7749337085670807
67637bf7061cb7b0,0.16031175734818331
96ef8b85b60392d5,0.9757507817376114
fc1b0a61b9dd082c,0.8016156973100182
c408b4beae948cc1,0.3665900562848125
f26323206d284ed1,0.7112714196365627
9214caa6c1a0dc02,0.23505253283278646
591a28a3c195b6f1,0.7747776735451921
9cd8a8ffb7a9e96e,0.08728736710435395
7ce580a49450111c,0.21055503439628814
abccd8c43775abd4,0.08806754221379658
5c6acd44464d3db3,0.9423592870534672
b0e58b3d4a2a773c,0.8985134459027919
eff75fe4ffdcb49f,0.9267557848646147
06ac1908fb89960e,0.8596607254525493
6e61df7259588c80,0.9687292057526278
87752778bf4206ba,0.5660028142583465
2fecec0b55303222,0.2570534709190684
d57c0fad9eabe24a,0.9147410881791984
93cc7546b8c345e6,0.9924465290796834
eb76de6938c4c38e,0.6117210756716841
0e733a579e63472e,0.3938961851153042
e7dff8305acefcd5,0.19183083176966523
23423479e34fc441,0.9663886804243
3f66f582c2bdc24a,0.6700781738579923
d312e4d7fce5fa01,0.5460303314566154
c04cd9fa54077b8e,0.2568974358971799
04b68ab2f6458e33,0.4012298311440649
35665b0fc6847811,0.6306013133201955
9028f284365c7863,0.5424415259531793
fa23926a88284b39,0.9350256410247065
ff5e27f506ba1ffc,0.7006610381481431
e6a04e92205e9e33,0.8323545966220576
934c2e26775faaec,0.12645215759837355
35403697fd72709d,0.5106883989988646
fdc814fd85f237e4,0.7817992495301757
bf4ee2f20859884d,0.2083705440898488
d2d10af48a354c4a,0.5708398999368908
a38e463e1b086d42,0.8468658536576904
ba49ce0117002110,0.5817623514690875
d5393f1776772d2b,0.4724598186361762
80a6b6e9f65aa3ae,0.33709943714788143
d84698a77b768899,0.07917354596615069
8d09ae0709d01465,0.8360994371473821
0ac53b64e16a0efa,0.9461041275787918
a632a91a07ac8406,0.6362965916191268
1f2437c787ad39e6,0.9177057535950804
beb116a0a3ad4f5d,0.8122260787984379
c38f343ecf8e9527,0.23988961851133073
d04bd8d61ac99c5e,0.27999061913668144
6a279faa81d0684e,0.4315006253904386
1b49b1154407ea05,0.7371732332700578
b71746f211be0a24,0.04024280800496387
bbe0b7fa6d60f17d,0.9139609130697558
c9117e785fa1cd68,0.1422116948091145
a700a6b3a689a18f,0.5864434021257432
d998a004d828aadf,0.9016341463405624
54cfb8bb56897eb5,0.7992751719816905
bafd504785d302a8,0.9595231394612049
3f45db97b95a3352,0.4417989368350812
2364a75ca729f899,0.8490503439641297
9387acf4770f549f,0.7132998749211136
a434422326289b00,0.03329924953092454
8bbcd05afad8573e,0.9627998749208639
82fc48f10b8d7cc9,0.1473608505314358
65dd24b31c0c4067,0.6327858036266351
b25ccb8b682acbeb,0.5569527829888121
291117008b4408ee,0.629821138210753
aae3422dfbb55bf7,0.5299587242020974
d436224afb38b7e2,0.3625331457157108
1287c0ffa2f14635,0.3845340838019928
4feb7edca163def2,0.8874349593487068
00df2416e72cdbc8,0.31353814884271425
e51c757048ea36b0,0.2069662288928521
59e45992c3fccfa8,0.6962920575352642
7b44475e4e2e3b92,0.6382470293927334
be457ea8112e2391,0.6043874296429236
1e4fd1293a611d2f,0.866682301437533
343371989bd61c74,0.7023774233889168
6bb985812e990044,0.2792104440272389
c0be9996bfb5270b,0.36471763602215024
bb367ec1a239b8c8,0.7866363352087199
91fc9ee0920431a2,0.13035303314558666
82f2985fe6157914,0.2402016885551078
eaad7a9709bacd50,0.6221754221382152
1bb729bdda8eab4b,0.09274859287045231
35320f198f2157d7,0.37189524702902227
74cd9018fd2aa194,0.4691050656655729
fd091b5e49f8138b,0.5449380863033959
917e088d530b042e,0.9192661038139657
b0e606a7344aea7b,0.6591557223257956
c220230ca6b46d2e,0.5246535334578877
2174f0850e20c2b1,0.14642464040010464
3bfea4a031f46e50,0.2219455909941504
22199945c8b6f01d,0.7927217010623724
efd4e993a8d94f5e,0.5062414008750418
acad3b0b2e72b212,0.7310878674164053
1a33438ea9b6ba09,0.427443714821337
c9a22295bdb2b49c,0.9840206378977032
0a24b5a0c164f36d,0.5346397748587531
12b662eae7ad89fd,0.4701973108187927
788a4a1a340ccebd,0.9453239524693492
0b6ebec97e53c571,0.4681688555342418
be4269de80d8b34b,0.972630081299841
ae99dff2a596c7fd,0.8073889931198936
1cc563af87248566,0.7579258911812314
95b03e2a8add3a08,0.5082698561595925
bde7f9ddcf827170,0.09259255784856378
e24c4af855561b6d,0.42354283927412384
a1ef8a44aeab6af5,0.9868292682916966
2bf2e0d5f713e9ea,0.07527267041893757
6585c55605f3d692,0.7204774859279857
4a44bfcf3c8bea26,0.13222545340824893
78a21d5aa40bf4bd,0.31369418386460274
d208a68d90d83d1b,0.524185428392222
fabf07be02cadf0d,0.8407804878040379
3fc8a4ec51114a77,0.7421663539704906
d8da2f9a640f4e03,0.7385775484670545
f7a8212a941af65b,0.0013120700437770486
836c933a5cb4ecbc,0.8336028767971657
e292f252eebf817f,0.5329233896179795
ae7e8b931e0ade53,0.9242592245143985
c937062a293ea0e5,0.6149978111313432
673793020f42eaf0,0.1947954971855472
531a753aa5a10879,0.29965103189463554
65613b893147c771,0.7179809255777693
a3609d34533ca6b4,0.555704502813704
c9eecf5329211123,0.9606153846144245
4e6d4f733588a212,0.7125196998116708
95e0d5ddca2118d4,0.9838646028758148
4b071534952c920b,0.4828361475917631
f333221664eda263,0.2896647904937699
8627e41026f74eaa,0.7700966228885364
789f4695cdd6a417,0.735768918073061
908034eabc372b99,0.23739305816111433
984bfa387795ef76,0.7707207629760905
91c8e8e6f637fb1f,0.6903627267035005
363aeba9c072e960,0.9050669168221098
5cd6915b98d723ff,0.5694355847398941
20f027368dbc60fa,0.09961413383354736
a58841827e8017bb,0.36971075672258297
ad9e6a299aee4827,0.7594862414001167
fad46bf569ac7443,0.41480487804836647
0bdec115af64e996,0.6148417761094547
e78e15a02aa6163b,0.9361178861779262
94c1b40d53f1c78b,0.40279018136295014
c1dee5b6d55fd7c1,0.9553101938702148
502f0c8494138feb,0.1203667917447211
316c5e9c86bbb645,0.1339418386490227
c5624991cdcf670d,0.37969699812344854
e000077bf8c8b49b,0.7764940587859659
9a36d5ad49081233,0.28451563477144864
e4ac16a92daba7e8,0.6057917448399203
caf1ce5141ffb34e,0.02783802376482618
d07bf091bf998e0c,0.5823864915566417
f230be64e9f003ae,0.8554477798615592
fcfe55e0768ab257,0.25845778611606507
ad04ef9c94f25ea7,0.30058724202596665
b6c3dc163008115f,0.37829268292645185
2a0af6ff3489e003,0.5844149468411924
5c098958dc2a26c1,0.15625484677908166
a802f6f7cd6d7b2d,0.4319687304561042
f0897866ed523f60,0.8715193871160772
3c1071f1773cc7f2,0.018007817385849154
5fb77ed43c58e517,0.30386397748562566
3fbcf72648af3500,0.3654978111315928
64964fe3e34849fb,0.36815040650369774
3d3b19b2da76dc78,0.7655716072537692
69eb4e47c0f3104f,0.675383364602202
1b55daf09e9f129f,0.44788430268873364
853fa0b67eda4e6c,0.1351901188241309
636b3bfe96c8c67a,0.25798968105039954
51b24fbdde490535,0.3140062539083798
b80f84359d81c98d,0.6307573483420842
a865666aeb2b82d1,0.12442370231382274
08fd3d5f06273089,0.025029393370832747
cdac52f8c24b9616,0.9325290806744903
bdc841da585c4a1d,0.8846263289547133
8858154c3efe65ff,0.5942451532201695
29f989d45429b9ee,0.8142545340829886
b97dff4909968aa8,0.11490556597862277
69c86328a89e4898,0.16577298311428168
2d50759601edb9c3,0.7496560350211396
134be78ce02d48e1,0.7641672920567725
53b540f7c8d16cfe,0.04905878674166549
76d2e83b30cca3f9,0.40325828642861566
062167d4ccf76346,0.9134928080040902
84cc2a48661e807d,0.25299656034996676
60f1e251520005f8,0.77711819887352
781115a32396b4cb,0.41605315822347466
4c1e17c82f4cc326,0.9103721075663197
b602ad5debd51028,0.6633686679167857
4d9da053a872a970,0.8083252032512249
95f7ebe4304bd2e4,0.9730981863655065
67a8207cfef9f011,0.991978424014018
b1c3468185b9514e,0.6513539712313694
f80ccd7ace26ae4d,0.9930706691672376
3ac147039aaf4499,0.4009177611002878
fe5cd175ea7fc09b,0.19307911194477342
9026d2936cf2bda8,0.8128502188859921
a4b0e01784fc7cf8,0.8237726704181887
43c462b48d97dd20,0.7793026891799594
e36d0189d20a7617,0.2776500938083536
43c3586991f4b403,0.39358411507152724
009e48f2b32be557,0.08354252657902937
a1689ef168f2f333,0.9682611006869623
dc310fc66470ab07,0.5316751094428712
bc654d187751fe04,0.6577514071287989
247e62af046a99a5,0.5386966854278549
48f2f9556bb2ad1c,0.5617898686673564
e604b921624a200f,0.9144290181354214
e46765e152f7daef,0.7156404002494413
3d183f0c812b6d09,0.7543370856777954
3a7275f9aeda8305,0.1470487804876588
1d994aeb47ff952e,0.29668636647875357
75dd9cd1bcd35d05,0.15016948092542926
a976b4932381b300,0.031114759224485197
da2e39ced8c0afd6,0.17841181988725216
c77fd47bb1683f58,0.6991006879292577
ceeddee046f39ae0,0.3597245153217174
cc50dd12d1f23bac,0.536980300187081
8b73f447d60fc992,0.6081322701682481
dba1029662f0c412,0.5252776735454417
ab65e0876504bba1,0.7108813320818413
00754e6b5a7298f1,0.03907254534079994
082f192c053e5283,0.1665531582237243
4cee8c7c13d1afe2,0.5610096935579137
9ea9e3c8cb3df9aa,0.48424046278875976
2caa75dd78c01d17,0.8989035334575133
42ca39ab5466bd19,0.9793395872410474
939ed128e268f834,0.22974734208857664
e452cd65ed19c900,0.691142901812943
e5ee2d79d0c49d1d,0.9289402751710542
ce0d423deb82f2f5,0.23489649781089794
3c30319ed1684972,0.6207711069412186
18968bda98628242,0.7225059412125365
9566631a173d48de,0.9078755472161033
01d78d3ab164da20,0.31494246403971093
7245800926a4112f,0.6206150719193301
3fffc62471c1f18a,0.9495368980603394
3b530b29e9f5617f,0.9334652908058213
65305594301ba50f,0.82892182614051
593ee003a4981c15,0.5855071919944121
f79985b30220adb1,0.6106288305184646
60dd8dcd3a1d1839,0.8245528455276314
288aaae44688b015,0.8445253283293624
8a16369cb4554d3e,0.3996694809251796
4e49cf49f79e1181,0.957182614132877
1a6026c94f49058a,0.6001744840519333
8c29813aa363f889,0.6167141963721169
5fcc5826d5f8db34,0.8194036898053101
b002c58138c724fb,0.3580081300809436
62a918db11ef3076,0.9702895559715131
8fb91f382ae2782d,0.9618636647895328
af730eb0035cf0d3,0.9044427767345559
546fef357d2bcd57,0.8782288930572837
c6129c4b99d7f4c6,0.4634878048775861
7596069ac38eadb8,0.5063974358969303
9560c8310cf23dab,0.06107348342708187
ca1acdabe94e042f,0.6599358974352383
521f9d2193473fd0,0.4282238899307796
617eda3b96abb577,0.5032767354591599
8d735b59dd0a4270,0.9347135709809294
1b405139fc287a40,0.3934280800496387
e621733719a2d775,0.7379534083795003
95f4b0d76e779b43,0.6630565978730087
bd6a23cab176ffec,0.11162883051896375
3c5fadc2c957c7ce,0.9723180112560639
37cae1b2dd3c1330,0.6348142589111858
0fc2ffbd9370b121,0.48408442776687133
b31de0d8e304eeab,0.937210131331146
5738bf5ea59fcb0a,0.9042867417126673
402c7edae37bcf39,0.8360994371473821
1d79e32040c6b05f,0.9833964978101492
bf493f6f4a48b2ff,0.1609358974357374
8530681352913ce0,0.06778298936828842
c79cb0e184ac42c1,0.3115096935581633
32ecd92eb352979d,0.7782104440267397
c9a54261284070bb,0.12005472170094406
e6c2ba81e397e33d,0.22896716697913402
955bdf4fc9420404,0.3904634146337567
b180a78e50608ab9,0.5825425265785301
69484ff0bdf4b104,0.6335659787360776
8d62a01ddfa11fe9,0.8777607879916182
12c3df9b72ef96e5,0.2556491557220717
12ccc513557a0656,0.5035888055029368
2aaa9bc35f4acee2,0.9897939337075786
e31d14248a98a72e,0.7769621638516314
1058c1f47fca2b81,0.3335106316444453
02ab14036929f70f,0.47612664165055657
6880fd1518aecd04,0.5502432770476057
580068eee74ae5d6,0.029710444027488476
fedf1e1bd320672b,0.19463946216365866
d47c1d43f9dbdf92,0.414960913070255
8a7fa6c84cb2b0fe,0.5591372732952514
089bead0dc0d7c16,0.5577329580982547
3f12eac5d776ac9b,0.2837354596620061
2b55254bb421a326,0.5538320825510417
16721efb42f49e40,0.9751266416500574
87ada6cbd040d527,0.5678752345210089
c5c4d8e14015f4e3,0.5546122576604843
5d499b0e085f025c,0.9203583489671853
183039182079fa48,0.9261316447770608
05d6c8a5d3db19c4,0.902102251406228
4477fb4e0a476ae4,0.8045803627259003
3965182266dda565,0.6469849906184906
72bafef29554438a,0.7374853033138348
1b31f23c3e55dcb7,0.805984677922897
66c42c9008125f10,0.5221569731076712
5bf14b82c919f706,0.414648843026478
2c7401c2798c92bd,0.42291869918656977
4adf517216b1dd47,0.14267979987478008
26348c70727fc713,0.9776232020002737
82c1c6b9b0ad498d,0.5410372107561826
1365ca92c2e04031,0.36268918073759937
9edbc98e397ab4c2,0.5521156973102679
1059c066d6e0626d,0.01395090681674752
af993cc3ac374b83,0.34131238273887154
f32194afe634dbba,0.6446444652901628
29de97ac80feb956,0.7089308943082349
e5fb185d8c6181d7,0.34380894308908794
632347c0452d889a,0.8657460913062018
35ad7b818afa2cc9,0.9133367729822016
0e9b47d072e9f5d9,0.4538136335204976
4b2ee7a5a4d7d797,0.6903627267035005
793b579534d59c3e,0.5663148843021236
3b23c46e8aebaa25,0.806608818010451
f68b741461469ae2,0.05202345215754746
79e144db8265864c,0.10101844903054409
09c4fd90bed2d748,0.8815056285169427
2215efb176105acd,0.8527951844894542
b4a9877c6c234878,0.5865994371476317
529f75ff399c033b,0.9638921200740835
ad20741d26dac628,0.9908861788607982
abee4fe9fcb49deb,0.2178886804250488
80bf7ea1dfa6b569,0.7235981863657561
7d637676608f51cb,0.2492517198246422
79855154621f663c,0.16358849280784232
db630a696b94324c,0.41059193245737635
2c87f55f1bd853bf,0.19307911194477342
05466a89f589fe04,0.9788714821753819
073f9b06f7bf95f5,0.11053658536574408
d8c52af1d9a0ab94,0.26781988742937657
170df691b9758d76,0.8084812382731135
098c223fa7ac1f73,0.5265259537205499
947d4f80370f0b58,0.4322808004998812
66196fa0af9abe3f,0.8078570981855593
356513b3059ae50f,0.6458927454652711
a951ca23d4bdcc33,0.7644013445896053
defaffd4e20a4c47,0.251280175109193
9aeb8ce75c56fcce,0.17981613508424887
0e52e6d570d8f008,0.16374452782973084
d177a330dadb2707,0.1298849280799211
4acf903d98d08aa8,0.9813680425255983
673bd4205f6635b8,0.7668198874288774
17b635201a20862b,0.5218449030638942
e31cdafcb4337eef,0.3511425891178485
2f57ad23a2ad21f5,0.8073889931198936
8c76f3fa81c149a4,0.3982651657281829
7448092b980edcbb,0.7732173233263068
cc3891e28dd031fb,0.04453377110689829
05d416ef906cddf6,0.13284959349580303
d5cdb3c4f4965afa,0.3205597248276978
bc40575e98475699,0.15360225140697678
7227a9d91f309e1e,0.4377420262659795
f83295ed727a429c,0.23411632270145533
44f16ce1d7899c02,0.03345528455281306
219b4d22a5bcceb7,0.1479849906189899
5684d434bf545e82,0.19776016260142917
03d5ff6b9db6a1ce,0.4251031894930091
c402ad00c62dd803,0.20665415884907506
d384f2bb50d7321e,0.7504362101305824
865ca8dbe8ae9927,0.4898577235767467
0cfaded78f4c55c4,0.9311247654774936
c1f9c03f1f673cb2,0.8415606629134805
80784aef1b00a337,0.8175312695426477
2cc7c6c16592cbf5,0.5227811131952255
f816697d9e23576b,0.50218449030594
e0a3063ee410875f,0.4397704815505304
187c083474d62911,0.3898392745462026
32fe8606c8a5cb67,0.8889953095675919
e3b603a450f69271,0.41940791119407794
13ea25fe500d74e1,0.4853327079419795
3465f2b92e5411a4,0.13050906816747518
f84c04deab8f0a53,0.9187979987482999
ce64b825ce5f48e0,0.0933727329580064
a03d161faa6231d7,0.12130300187605225
7b73399454d06d9d,0.14720481550954728
726ce1fc6c05064c,0.6181185115691137
0e660e2441745329,0.7799268292675134
d4373d25e109dcb5,0.9153652282667525
6c8ad2f1018079fb,0.06715884928073432
485cc002fda9b938,0.1177141963726162
840b1b00c51f87cb,0.05966916823008515
e7c9e19e247f843b,0.485176672920091
4f97589fa05c40f1,0.9038186366470018
41919c492d55190b,0.7747776735451921
8fc6cb3936ed4ac6,0.4967232645398417
75e3076bf4b29ba8,0.337879612257324
8357351f6977683d,0.5507113821132711
1a6590aa6c3d2a06,0.7274990619129692
6b0dae5047e0ba12,0.6457367104433824
6f8bc4fa3d91a3dc,0.2977786116319732
e4aecbadc139b9ec,0.34911413383329776
7616bb2872e18231,0.6855256410249562
f97102e411194f18,0.2737492182611405
4f25e4f4959ce4e1,0.34755378361441247
46d34ae6f3e900ba,0.7691604127572053
73e3288eeb552e3f,0.07183989993739004
e7010fbb2150676d,0.747939649780366
cc2c1c680ac82832,0.1275444027515932
d025b02417a63fbb,0.7355348655402283
08070948781ecfb5,0.20790243902418323
2bdbf073750d4864,0.54025703564674
2783928eaba81305,0.818155409630202
51bcbc84c0f437ad,0.22834302689157993
dbecf7b9325b78d3,0.8810375234512772
39b3096dbfceade4,0.5547682926823728
4299599a54525066,0.9278480300178344
ccd92654fb1f721f,0.9528136335199984
ee1170819ca7d594,0.19073858661644558
c30ab4f74d33afa9,0.05342776735454417
40f10fad12afb51f,0.5571088180107007
f4e63fba51ec3896,0.8813495934950542
60ad4f8eda2cf6d5,0.9389265165719196
4dfcb17aa4236952,0.5777054408999859
2e54d9b1b4e00337,0.3461494684174158
47a9e135733c2ab4,0.4879853033140844
4b3c22d3da587d59,0.6132814258905694
ef89abef9807c003,0.26204659161950117
e7530eb737c85931,0.4358696060033173
dea26fe32dbe26a7,0.6440203252026087
08133a148f3d4ed6,0.7814871794863986
d39b177320bf091f,0.6689859287047726
c2eeafe05948ccae,0.726562851781638
73c8d1e2bc9f517f,0.17201438398982266
0dd4da33e5e18c44,0.6391832395240645
25e076876a1fb6c3,0.8510787992486805
873d0ca47a7ce61e,0.9058470919315526
930d090798b9ad8e,0.6611841776103464
98e38baebfb97bcd,0.8153467792362085
9c779fba6fe0839e,0.18309287054390788
5bb1f9fc76a02c1b,0.3469296435268584
f83de39c4e518f6b,0.9762188868032771
10bbab1f08d2e6c2,0.027057848655383562
ffe63eebf605244b,0.9910422138826868
1e55e67dbb9fa1ef,0.5789537210750941
e53426cca968ebd9,0.9337773608495984
51bba86dd8aaec50,0.9364299562217033
582102afed3c818c,0.24691119449631432
b280a8fb8ffb9bf1,0.5602295184484712
e8e7ee8589574a45,0.4227626641646812
228ac1a17bade85a,0.3776685428388977
2bb37b0ac11a0c2b,0.7228180112563135
5588a1f5d8da9c77,0.34848999374574363
a46d657f4c9bc8ca,0.4460118824260713
7373ad47c61f558c,0.918485928704523
0f1fcadf13eee28b,0.7296835522194085
1f8603bf90774382,0.9737223264530606
b0dc746e7f7ac87b,0.4023220762972845
82107223b7ff9788,0.7772742338954085
a38cbc0aecaa644c,0.44975672295139596
61dbaab39e7dbc01,0.11599781113184243
85064aac24d665cd,0.07449249530949496
48be998c9a3000d0,0.39904534083762555
26b2daccb2b045e0,0.9384584115062541
95198d21e3fae237,0.32992182614100923
b2a2d7a18404d7a4,0.6059477798618088
6b178de020b8598f,0.16390056285161939
38c1b19633279892,0.6301332082545301
186d5468edde7455,0.8883711694800377
4f33d36d7b629852,0.5689674796742286
b955eeaecbe25ef7,0.8576322701679986
39ad39dbe012b34a,0.921762664164182
929e8e2af2403da0,0.43415322076254353
fa22cc093dcf1822,0.21508005003105535
f56ff6b1c2817475,0.24675515947442578
56b30f44349ddb92,0.6120331457154612
617dd77adea9e711,0.5894080675416251
4cd7a91de7bacdd1,0.6313814884296383
c07844f4e94ce116,0.982460287678818
692bbfe3fde429f2,0.9877654784230278
6e8117bf11d2b904,0.38905909943676
27efca94126fb8ff,0.23879737335811105
4d2a406b540c41f9,0.960147279548759
5ca9c8756c163b0e,0.28357942464011754
c10aad8b54af6017,0.7526207004370217
60798b007f7b4637,0.2862320200122224
805031b5ab834e54,0.43181269543421563
fea6be92744b0c40,0.9670128205118541
284e4bea4a96494c,0.5093621013128123
4db0c35a634d4fb9,0.23817323327055698
351dca6bfd544a21,0.9298764853023852
c36cc7323d4f4de5,0.7491879299554741
78c350098097af6d,0.1372185741086817
1404eca61a3105b6,0.20275328330186193
2472a09a3e602f48,0.822056285177415
5f9d50958df392e6,0.9654524702929688
ab8fde4ac70ac766,0.9548420888045491
6649908e57ee98c0,0.25096810506541595
6f6b426a42753b8f,0.392647904940196
9f89dd1b9ea145e9,0.8027079424632381
d56cce1c1c4c9780,0.35613570981828135
fd794932c3ad58d3,0.008489681050649168
901c8562d025f79d,0.21742057535938325
2460966f3ca7d3bd,0.7824233896177298
41c6149d1848cad1,0.40559881175694357
2c948ba95eb3128a,0.8521710444019003
0263f07afc6e71f9,0.059981238273862196
59520bb39396ae13,0.8005234521567985
096e1b740c779095,0.5702157598493367
13bcd446b5b75780,0.13331769856146863
82652e7aaa1e423f,0.11974265165716702
b4c2a047510b1d1d,0.16842557848638656
8e95fe1172cfd49b,0.5099862414003663
8b3b319f1bf34127,0.9475084427757885
8e876b9274c5930f,0.025653533458386845
74c8dbccca14e4c9,0.9929146341453491
a13d2861af1b8b95,0.8081691682293364
3d0443784b9008d8,0.5797338961845366
30a6c22faea5d219,0.7715009380855331
8ccaf0cd13ec8d69,0.9598352095049819
ea79b75b6fa4e024,0.5424415259531793
df41150fbde2201f,0.5538320825510417
6bfaf27148ca783a,0.7214136960593167
016b24ffbde9f2e6,0.9298764853023852
c7f17aea0b57c810,0.15266604127564562
1974cb4a4a5105f9,0.4285359599745566
ed6fb2d892b20325,0.36175297060626826
029aa7e7739f68f3,0.7086188242644579
1499ced0a7fec031,0.3921797998745305
1da835ae2069715d,0.19089462163833412
3b48789ebdae6cf1,0.56881144465234
b2501a34b4204e11,0.3392839274543207
4e1bde0d2fdb1719,0.6246719824884318
bd42c11dc1ea52c1,0.09243652282667525
dcdd441194892326,0.5230931832390024
890cf601bcb4d1fc,0.7635431519692183
efcfd07026d6f75c,0.6880222013751726
6e5921c9eaa0bbae,0.46894903064368443
076e6b937f9e0f1e,0.9573386491547655
fe7aa6148631a52b,0.4489765478419533
0204709b122147fa,0.11272107567218341
3bf87c4ce9af3343,0.12161507191982929
e5d3cf73e07cb881,0.7221938711687594
d79da024e674f570,0.7811751094426216
f137410611053710,0.19760412757954066
4b48a5ea7d8db38d,0.27094058786714703
6e5b5708c1bbde63,0.7037817385859136
2e21f1e2f4f0d11b,0.3503624140084059
2fcb7b875a97fd67,0.9047548467783328
c9c50dcabb2aaebd,0.12317542213871455
ade709965be588c6,0.24644308943064874
e99ce68035fd1383,0.709867104439566
9abdf47140639086,0.992602564101572
c0370f3f688a69d3,0.9479765478414541
023ecf078fbcbe04,0.552739837397822
9366b2145d9ffbaa,0.9355717636013163
907dcd98979cefc5,0.22397404627870124
1430d1f8417967a9,0.4957870544085106
12cf954bc6f7953f,0.9840206378977032
9f439978c3ff1caf,0.8044243277040117
3d566b52640665bf,0.9119324577852049
1da24b04359879c2,0.2704724828014815
5fb8e8cdc5a458af,0.565534709192681
69f63de79af9dd49,0.7412301438391594
078cef5b5f6aff6f,0.8320425265782806
ee64ad3ef7cbc727,0.16390056285161939
30f789de29e44c84,0.9286282051272771
ed6dc35d0f6c3f4b,0.9885456535324705
24171dc6016596e0,0.7874165103181626
d9753be4a4ac4d5f,0.9740343964968377
08b18f56dc4a9978,0.6689859287047726
2fe99f58d73a842b,0.2025972482799734
231cb4b19f8ddc4a,0.1718583489679341
a0f57bb92842d2c6,0.2904449656032126
b451e5af95310e52,0.684277360849848
4d5e3c273bff2df6,0.7381094434013888
69445874395ad7f7,0.15609881175719315
72d5eb4d04446c06,0.3358511569727732
676277c834acaafa,0.2537767354594094
345fac6fcbfce3ac,0.6781919949961955
77268d80339453f4,0.588159787366517
0a3d332e3608b10c,0.8779168230135066
3d3e247d278aad6c,0.9802757973723787
c6d0f1503380066c,0.982460287678818
a7ccb8ff054ea663,0.9027263914937821
d3b3fd3963b35751,0.8598167604744378
e361e82e1559efea,0.5875356472789629
94f03a339108fe12,0.06216572858030154
0d6b47fe3047807f,0.6332539086923005
f0d2a9398458201f,0.2544008755469635
8189ef648444f31a,0.815814884301874
b341aa9047a23001,0.39748499061874026
0b603f589ffe5334,0.9256635397113953
dfcd5836b6d7807c,0.9387704815500312
c69510f82760fc8e,0.47284990619089756
bc2b0e3b0279f394,0.09165634771723263
9e59359a937dc386,0.31962351469636663
9bd6fbbffc3029b7,0.47753095684755326
78533ed0a4d75031,0.5145112570351336
24d3b857d9ec7516,0.9854249530946999
d9f1874f6346d786,0.9114643527195394
6588a72e611a860f,0.23926547842377663
52fef00321899df1,0.9370540963092574
b3c2a81210323102,0.2598621013130618
c1501d30afd688d2,0.4458558474041828
2bd1f2fa8a7cdbba,0.3041760475294028
7472a7ac18cd8ab0,0.960459349592536
b1dcab1c1027e375,0.7502801751086937
2add558fb5890d0f,0.10117448405243261
51a6b2ebff82bb8d,0.7471594746709234
3486d76917d26380,0.7885087554713822
7d9915dadeee6dc0,0.6048555347085891
1a5e5859e62a5ff4,0.053115697310767124
ba7cc06ca707247c,0.6496375859905956
3c42318ad81df936,0.11084865540952113
e7f32c62736ba8ec,0.4349333958719861
01970049a1d79ee3,0.8659021263280904
c34d08417ccc14e1,0.8053605378353429
dd08d7511ab95a7c,0.5185681676042352
147c9ed162930636,0.7629190118816642
4d55d8c7e32d9a9c,0.44538774233851725
1df22e6d0f4be856,0.5689674796742286
29e5cfdbc9735f7b,0.7512163852400249
529dfd620d6ee22a,0.48580081300764505
22b829fba260c24a,0.3467736085049699
712c502ecc45cac8,0.09477704815500312
2806f2b7f968844a,0.5521156973102679
1ff716c957da8f4c,0.14049530956834072
33a651d1e2266900,0.9826163227007064
01aa41460821647d,0.8532632895551199
2728591ac3aaa7f9,0.8339149468409428
62153e0ba99bfdc4,0.839064102563264
a336835871390b27,0.35161069418351415
66040815dd14bdc6,0.3211838649152519
e0d8f324ffe3e925,0.7816432145082871
e7d245b8d234167a,0.25845778611606507
b30acd5fe8990b03,0.9844887429633687
8b87df65e3f61018,0.5380725453403007
92d913128fc856dd,0.7022213883670283
c1aa97bf3aa49c01,0.46770075046857623
37b85ed57524087b,0.9172376485294149
fbbd2368a21a9e6b,0.5028086303934942
39795c53fb16d719,0.47753095684755326
6d637bbe837caf77,0.6034512195115923
ac09426ca8b44dc8,0.9016341463405624
0007a5bb7310d604,0.9080315822379919
f8c5400d321751bb,0.9549981238264377
5c5d74b2ed3fe0b2,0.3019915572229634
a0d70afd5aebab39,0.3424046278920912
dab67f5669ab1b4a,0.7855440900555003
b094a6aee2983e4b,0.6238918073789892
76eceb39e4bbf598,0.6788161350837497
08792ceaef2278a0,0.3523908692929568
421639eb32096298,0.6112529706060186
3732446a2dc0ff2c,0.4873611632265303
f42e7bbaae983e33,0.7892889305808249
1d7a33be5e41401e,0.5079577861158155
c94efe294bf687bc,0.7841397748585036
54153bda194f6353,0.4048186366475009
275f14633d4a7de0,0.1801282051280259
7a750521e7810b4b,0.9520334584105558
b94bc2b4bd62e236,0.6647729831137825
3c2076842f11afcb,0.2564293308315143
53c3d245534bdda0,0.11287711069407194
bee1ce38b4653a33,0.21882489055637994
7fcd7a8a7c44d7f7,0.11506160100051127
60fc2edd396bed1b,0.620303001875553
df7a1a739d1e3d31,0.7527767354589102
293173b622ae6047,0.6018908692927071
c18a9f29b23ca49b,0.24566291432120616
4497cca94390df91,0.41854971857369105
40d9096835771f2f,0.8465537836139134
ba30e997b8338d76,0.8543555347083395
56d89283c0f5c7c8,0.31072951844872077
f460984ca4f4f1a0,0.4333730456531009
63585cd6e35862a2,0.3030838023761831
26e41712e705d5ad,0.7565215759842346
0a056eacd56539b4,0.26828799249504215
9060dd63376b8616,0.6031391494678153
f11e51ec27009738,0.7635431519692183
d0496dc870887d72,0.5900322076291793
65fef6d3fb26ca70,0.06419418386485236
a586684b41fa9769,0.6838092557841824
3bb2f0950e70a234,0.578641651031317
6c6a97e3ad10abbf,0.9081876172598804
ede33053b334b03e,0.7434146341455986
0dfab1673fe84ab2,0.5079577861158155
f65b0230673c2e76,0.6028270794240382
5618ac6872992ff3,0.9913542839264639
77febd71dc7777e6,0.9331532207620443
7f54b45c8c0b9310,0.9072514071285493
9273e3e5412cfeae,0.793189806128038
52087475796918f7,0.34443308317664195
643455f14aa1df04,0.04671826141333763
d1b24b005a16d2e7,0.6460487804871596
88788f98d41f9611,0.7195412757966545
bbbe50af555f1d68,0.5469665415879467
1bfe964817713a25,0.9940068792985688
40d6df07da814020,0.8918039399615852
8a96d0eccabff7b3,0.0368880550343606
439300a43f735490,0.17373076923059644
bfaf88448d1869a5,0.8328227016877231
1eb331ca2d61f16e,0.7573017510936774
5ad8f23386d2ce42,0.8264252657902937
69ddf95fb1e28199,0.7752457786108576
6c224fe2f90a4ac6,0.3717392120071338
7d2d81f3b2e16bb2,0.8971091307057952
306bcc14dd7bcd69,0.925351469667618
db0b579d4d6c3202,0.05202345215754746
5e7670a553fae63c,0.6638367729824513
999f8c054ed84981,0.3296097560972322
645969c8fdeb22a1,0.051243277048104836
6158cad9f5117a45,0.42931613508399924
3717d43b0bfbe61e,0.790225140712156
8ffc981637d61bb9,0.38531425891143545
8b934f4c25070ad8,0.3261769856156847
15701cad20890a02,0.5112345215754746
4a22e527eecd22b2,0.5851951219506352
6b7e69ddbeb27f14,0.9195781738577427
c44f66a5254d5ede,0.9706016260152901
1dd06cc994df91c5,0.8821297686044969
43da23e0c905b332,0.5449380863033959
cef6bb5fbd6d7d4c,0.1326935584739145
74e65522686e974b,0.31946747967447814
b2ec41e4d4e17991,0.338191682301101
7adfda5837586ee5,0.4667645403372451
7be7cd83da184778,0.8415606629134805
331453c919db4a8a,0.26189055659761273
1ad90b2ad8ec5751,0.116465916197508
06f305aa47e1f3e5,0.8264252657902937
5d77b6a032a98222,0.6730428392738743
2fadc388cbe136d8,0.10523139462153425
3a64f59d79eebaa0,0.47347404627845163
e9d4d3a03ce54237,0.7817992495301757
5bc032bc2d4db536,0.23021544715424222
42afab27f6d63b09,0.6849015009374022
0ce59aff9d61ddc0,0.7270309568473037
c4b23b3e64f8fa59,0.16639712320183575
df5826f4adc2407c,0.6891144465283923
1006c7d207337c5d,0.241762038773993
74f20f15f7388f9c,0.03407942464036716
e8c69436b1cb3320,0.3931160100058616
609680f04da9fb46,0.24301031894910122
060d99e1fde9dc79,0.12520387742326536
6555f0c293c5a1f9,0.8243968105057429
cc835ba475e9656e,0.8825978736701624
960c65dd29d3417b,0.50218449030594
c7596c71a0f505bf,0.11256504065029489
3f3297df319604e8,0.8150347091924314
21c886bdfaeba657,0.9815240775474868
4c47eb742008376f,0.7122076297678939
0360ab7e3c03e1d6,0.41168417761059595
106e8c5cc993ce96,0.6636807379605627
3f189ef767336273,0.6867739212000644
d87c2b5ea60e2e70,0.19776016260142917
924a02ba0ace2e0f,0.3531710444023994
e0a93aee5351fc40,0.9225428392736247
60036012aab0d68e,0.6114090056279071
92196298fd1f0a2c,0.48704909318275325
2c9507cd32c0dc32,0.14377204502799973
f138d3401d1ef8d3,0.14564446529066205
0550e84ce3342ea2,0.9067833020628837
433b7b91aefd0d89,0.1634324577859538
2f084abde9824f95,0.20649812382718655
aec34c208a4086e3,0.8510787992486805
77832263f798d3db,0.5992382739206022
423646a4264a51ea,0.610160725452799
99a11463587499b5,0.7434146341455986
5666dcd2f61e1fdc,0.5318311444647597
414bb3e31a06b128,0.9713818011247328
9825bfe27f61ead1,0.6263883677292055
3e8b0ac764ba974f,0.052179487179435984
f494e58fc4f527c1,0.35785209505905513
4b3ed9d300487cc2,0.8858746091298214
064d5daca103bb1b,0.5540661350838744
1a4b5aa55f664cd7,0.39452032520285835
65fae5433da58938,0.4240109443397894
77df36f32951641e,0.11334521575973751
2734faa9175621e1,0.9851128830509229
6952ae6c0325e147,0.0684071294558425
bc49ff32a733b5b3,0.6614962476541234
ddb437f22bdce5ad,0.8495184490297952
ad2ca89540526e80,0.9946310193861229
8eb86976f1f7faeb,0.9618636647895328
351b2cac3bb60649,0.7591741713563397
f3685748a7717d4b,0.26906816760448476
af64f4a787a28c01,0.18309287054390788
e41d8e72f6a6da64,0.26189055659761273
43199fd3cad0d080,0.6490134459030414
08639490dad5a32a,0.9471963727320114
251545c20caf2d9a,0.5867554721695202
657fbf140a397f3b,0.48189993746043197
d28dd01372e08f90,0.5457182614128383
fb9bccbf5affc835,0.05545622263909499
0c3e0f0e422bc214,0.7576138211374545
b6fe616b3ee4f983,0.5929968730450612
1a05d9b0ab2c483b,0.6326297686047465
be053c37d8d326fd,0.5803580362720909
b0cc45542dd09eba,0.488765478423527
0d1c9ebdc72b57f6,0.39327204502775015
926a38d305ede2ee,0.9120884928070935
381047d838351f95,0.5468105065660581
5afb977a1eeba5b5,0.4364937460908714
1ef7c785c8633cc8,0.48236804252609755
2f0bd78e22c8874e,0.8393761726070411
2765e2bdf659e633,0.1883980612881177
31756eaf193dde51,0.27640181363324545
ba5f5a3df72c6be8,0.8868108192611526
90e87591d24ae44e,0.3494262038770748
f9f063e55d3db8b4,0.6424599749837235
3ef90711b7e5d86b,0.7337404627885102
ec0a6ecd2422c215,0.6320056285171923
2a75009bf5006a5b,0.35988055034360594
9edf622febac0e4b,0.6745251719818153
9cee551773541f4f,0.4611472795492582
2a07f1c2d7378d29,0.504525015634268
aacdb09c08c9a960,0.09680550343955395
df9753fd02aeca78,0.45100500312650416
ecc853e05f1891ac,0.6677376485296644
859bd8582d3d2811,0.5781735459656514
a124273d56f60796,0.594401188242058
9cd33034524d6b66,0.43711788617842545
9e58973154c42431,0.06903126954339661
fe78518186335668,0.10960037523441292
0c195b45f68a8952,0.3208717948714749
bb6b109cc9317218,0.08822357723568511
a58342d3aee051b5,0.2668836772980454
48f975291ebf9397,0.8284537210748445
672604676c29d735,0.726250781737861
144b0a7e9cb057ed,0.9426713570972444
02ea6c1ef4cf0b61,0.05498811757342941
fe3c47193f742bd1,0.30636053783584205
782fd306b790e8b4,0.5714640400244448
53f0ab0c206a7f5b,0.8332908067533887
2d15bf73a2700357,0.36690212632858954
569b34b568032161,0.8832220137577165
d98474765b2d7880,0.6306013133201955
f3088caf81ec54f5,0.940174796747028
884de3bae564118d,0.9844887429633687
5b62a55571d795f7,0.5951813633515005
e860976e6aaf78f3,0.7143921200743332
bc5f8d0b2f9683ba,0.04188117573479338
92555d85c6369cfd,0.9351816760465951
189861fc294e0daf,0.4929784240145172
b8212e2222eb4313,0.11350125078162604
53afc56ddcd63d8d,0.7207895559717626
0592b0cab7becf5c,0.5239513758593892
ac4cbdd76a84da91,0.6530703564721432
f2eeb139d518ca60,0.7880406504057167
e02fcc8b8b63c0cb,0.31743902438992727
a7f194a18e15e185,0.3743918073792387
b9b57b5beadd1490,0.7248464665408643
357c4988d289017f,0.47378611632222867
f0d98c09bd71837f,0.6888023764846152
b1c0df4bb0c82383,0.668829893682884
5bb361813a233522,0.35363914946806496
c3eeda7b200e2c92,0.3469296435268584
db0460b8a23a94e3,0.5856632270163007
3c80f795a35190af,0.18434115071901605
ecf5824d8b392491,0.27078455284525854
5fc7a11376239e12,0.09384083802367198
2008fba1ef946ecb,0.7600323639767265
e2aa59fe541e0ac8,0.4901697936205237
09b5c7802e6b561b,0.029242338961822906
988df0719acbb76e,0.6961360225133758
48d79ec301d31948,0.3898392745462026
d288ed9b89b3675c,0.2292792370229111
75abd1caba2694a1,0.2210093808628193
3660f3c735d8a187,0.5647545340832383
0440ac4598276f6f,0.9423592870534672
836bbb09e4831df8,0.47284990619089756
51432ea27e463eb4,0.35488742964317316
3fd99194e4efb12e,0.17154627892415708
ef1b4ca1f2c1e357,0.19651188242632095
70c464af7e1cea4a,0.09774171357088508
54c64f47d761f86d,0.7250025015627528
333dcb05411a601b,0.3233683552216912
11861d1571dcc3a1,0.3575400250152781
20e00d08f625d409,0.7463792995614806
8574c4f5b2db8c92,0.7796147592237364
95feb433faa8520b,0.8897754846770345
1dd496796a5dadff,0.3740797373354617
c1c248e8483e9ef8,0.32274421513413715
5e0dc0f0f0ea48f3,0.23692495309544878
7ecca4d6c9eac123,0.4522532833016123
58dbf7650b2286e5,0.26984834271392744
4c62224901fd183c,0.5923727329575071
affa636fe0cafb15,0.8781508755463394
c9f2c416d003a925,0.07012351469661628
c19024a709757f11,0.543221701062622
d3444b15af3a9536,0.7103352095052315
2f54cc2167b0cfdb,0.3232123201998027
d974c7d47092679a,0.20915071919929143
1f04a25da2b17ee9,0.7073705440893495
f133299dc49c2bf2,0.13238148843013747
9542ec8d29575b20,0.9117764227633165
6e476b773a15e2f7,0.11880644152583587
c468f0fe05876276,0.25596122576584873
1bdf15bc47508221,0.6950437773601562
687b1d6eaf1bb287,0.7716569731074217
fc8590ee9d55c5db,0.12972889305803254
a4379a3efec7361a,0.06076141338330482
30a2e56d4d608b28,0.8470218886795788
4b400d52635e28ff,0.9858930581603655
992d4d4846551047,0.8304821763593953
b91c089133d42f62,0.4330609756093239
c98879c523da912b,0.19385928705421607
7c8f510d8af822b4,0.723286116321979
9d674a6212b3431c,0.2308395872417963
d3da05b2f284cb87,0.4153510006249764
853ab873686c227e,0.8009915572224642
ee0d55e13012503e,0.11724609130695063
fed761caa06202e1,0.2675078173855995
7750406f980f78c8,0.7880406504057167
e8770d9a28fdaeaf,0.9652964352710802
4025856444b9ab51,0.277181988742688
1d0cc87631f52974,0.9952551594736769
f87d2af1aa151b69,0.5411932457780712
e2746f6359714da0,0.3464615384611929
6b20c519964ca8fe,0.30089931206974374
ac0ef70a6dbe1ce0,0.06169762351463596
29219b6baa3ffa60,0.6561910569099136
ef5245dc0733939e,0.47862320200077296
26d625d3997169dc,0.15516260162586204
ff9580c0b2b1a370,0.8435891181980314
bdad383d41eac454,0.004744840525324584
a6bebd6247dce4a2,0.9395506566594739
846ab5063b60d099,0.9766869918689426
1e342d4cd0cd2bac,0.5299587242020974
b111d554bd56dcf7,0.5594493433390285
9ddbb649643fc0ee,0.8977332707933493
0dc9c8998b42da67,0.7970906816752511
80444594c0d4b5b8,0.4101238273917107
9bf8b2752ad4d752,0.9537498436513295
794812675f553fb1,0.6376228893051793
c60c7cf09844c202,0.5844149468411924
06559b4012a85953,0.1408073796121178
dde7362e34a81ac2,0.4909499687299664
fa1ccff8a7481b47,0.91458505315731
89c1eb286bad23b4,0.08198217636014413
b389067306356b78,0.6020469043145957
a4328554fc4a45e3,0.8556038148834477
fe2ff0422ecd1440,0.475658536584891
e1f0e9e0dd1f6a8e,0.7807070043769562
e431bdc8db1622e3,0.6702342088798808
54d5ddd4fde3db7e,0.11256504065029489
d6a2262fc314d2a8,0.5455622263909499
e7039d9ed0ec0c39,0.135814258911685
357fb25344e0d8ef,0.42947217010588773
8479ceedf945cd0b,0.47472232645355983
30e12f447d932d19,0.661964352719789
a33acfadc007c5d3,0.8759663852399001
32b72fee7f2bc37f,0.4130884928075927
e2ef0cf7c0138e95,0.8499865540954609
c53a5098d3feab43,0.7928777360842609
2d1a504956a9bc59,0.10975641025630145
5b9d63bb61f11842,0.2525284552843012
f8fbcd4440a074e6,0.6724186991863201
c18b0ab8490d1c66,0.43446529080632057
18cc6b0ca558d790,0.8759663852399001
c78d6d8adb708879,0.18543339587223576
928fe114a90feded,0.7441167917440971
806b11fae1f6bd45,0.3141622889302683
ac8d5b4456a25f98,0.2976225766100847
0de3b4e998fb61e4,0.06684677923695725
0344ee3e70daaee8,0.7886647904932708
9459a694f708e7cc,0.06981144465283923
f8f24bc3cf3562cb,0.45537398373938276
fca0d01a476eb58c,0.3750159474667928
ef25fb3354e1c732,0.7574577861155659
83ce56a22c714f81,0.8816616635388312
781864846ec190fd,0.3356951219508847
99c27791616e6a14,0.5578889931201433
f00a56545441ae1e,0.16951782363960627
160c77c56d0bc3b3,0.07761319574726545
6bc7f7e6a8dbe398,0.43961444652864184
565c31dc34339cb6,0.8660581613499788
d47a57dc58d8cfca,0.595025328329612
7d91fd093f331634,0.8897754846770345
a33fd6143896a064,0.05966916823008515
af6776fae916125c,0.9676369605994081
eb63791dfd566fd7,0.84795809881091
fd94632e98a57fd7,0.783359599749061
7afa48755b2905cd,0.9918223889921295
cbfe89a23b516339,0.7388896185108316
bc9eb4d602b27458,0.47612664165055657
fb8b7e3482eaa33f,0.4315006253904386
0d172dce11eeef53,0.3132260787989371
6cb7efe2f15a8b1f,0.39701688555307474
0b234c8955fa5560,0.11240900562840637
1564bc14da2389b8,0.8615331457152116
11d440c4ffeb2e60,0.38000906816722557
fa46240b99291663,0.8551357098177822
52eb5978e0a48397,0.9596791744830934
bb2cb3fc47f785b4,0.8087933083168903
bd402ae2e81bc456,0.41854971857369105
5b2c73c3c2fab67b,0.006929330831763925
558785e2cd64bd4e,0.9061591619753296
d8d0cdd0e630be6e,0.9938508442766802
54a5cf67504e37cf,0.6686738586609955
b7225c4787addde6,0.2306835522199078
2e444cb3f4217098,0.2998070669165241
ae6ea7b6c44fe6f5,0.729839587241297
8917e3ac1e161b77,0.4511610381483927
ca8e1b8f4b045be2,0.9498489681041165
b16a002c43cda488,0.9287842401491656
38988311c0c8e2b7,0.7863242651649429
40ac9a289f991b8c,0.5745847404622154
83dbe87c0f3ff118,0.6006425891175989
d8412746401ef6ff,0.17341869918681935
95a1b17435300c3e,0.5468105065660581
9576e0a63d76b324,0.4232307692303468
8e43c1faf8514a42,0.009737961225757364
64462847893bb0c3,0.7554293308310152
2e8d60596fe0288d,0.06622263914940318
e3064eb18f25f417,0.940174796747028
5c24da1b9f2ac392,0.06793902439017695
ad26aaf8f4bdaf41,0.5664709193240122
a21097bbd8645f25,0.13113320825502928
cffe1ff942479449,0.11989868667905552
39170ff154aa8058,0.7651035021881035
0e2b77f6fe4d94af,0.8151907442143199
4fb4ed274c87cfd9,0.26095434646628146
dbe218b606bf3cff,0.6711704190112121
b1ff3f405ab15e62,0.3823495934955534
b77bd0eb977bfde6,0.010830206378977032
c65c01d13c9051fb,0.8357873671036051
9f7d2bd32579e9b3,0.4251031894930091
1d42bbb95380256d,0.7622948717941102
799c5bdb519f3962,0.6519781113189235
af54b26cbb15ae3e,0.4893896185110811
9ce958c47b1e7d3c,0.7668198874288774
d39bba0520b226fe,0.495006879299068
c4923735c16e8881,0.010518136335199983
43506b20fd8ac430,0.30823295809850443
685b0ab35ff084e8,0.9033505315813362
03212fcbf4fcc22d,0.8694909318315264
7aff26a87411e8ee,0.8654340212624247
9af789cec1453f89,0.09758567854899655
41f2ebd04afb728d,0.8198717948709756
a3a3009c55baa210,0.9862051282041425
688382bd40810598,0.4424230769226353
42cce10beb6c55b1,0.1795040650404718
59fe211f9aa2b83d,0.7920975609748182
86466c925086fe3c,0.9153652282667525
cd36f54626e83a21,0.2615784865538356
ded728c05e20539a,0.8662141963718673
0c7fd3a164040b3f,0.8801013133199459
614f526f552a972f,0.22725078173836027
cf076cf42abbd2a6,0.24893964978086514
e20135d1136fb289,0.2615784865538356
2b40340f15b07950,0.8517029393362346
92ea7f3ec80af25f,0.9540619136951065
1de6db095fe81c3a,0.803020012507015
e13432ce761076fd,0.6168702313940054
ae126eb3da41487a,0.15048155096920632
05436df37c119ff6,0.7128317698554478
b9203ce854a26300,0.5806701063158679
e39f8336b7fa1f6e,0.8652779862405363
2d031b0318ea5a02,0.4594308943084845
54304b5c419290ad,0.17248248905548821
e9b3e8a0a4077e28,0.08260631644769822
1dced917867d765e,0.8359434021254937
c004a070a93054de,0.8685547217001953
3fa194a91f4562c5,0.4076272670414943
76d5a2300ca56933,0.12692026266403914
993bd3c445b80c92,0.6132814258905694
16eff5adf0cf07a9,0.9883896185105819
19f4c91cd1038cc8,0.1993205128203144
4ace42dbd199d1b2,0.3832858036268846
8232534ba45ef07e,0.7299956222631856
a2eb06ecbdb56bd2,0.12255128205116046
e33ca091fb503e03,0.5503993120694942
8b65603997a5d0ae,0.21648436522805206
c4702fc1a3b838e1,0.4442954971852976
0a2ca915437c9a04,0.20790243902418323
6e4d60a1e5913350,0.15921951219496364
0eb4def034c0e542,0.950317073169782
0dc7bc6ce45f37c8,0.026433708567829468
69c1bc9b1691880f,0.6246719824884318
249619e3bba248c5,0.5455622263909499
8a0925f386616243,0.495318949342845
c609c9019d1d7b32,0.8025519074413494
dea132cdd56b9c8f,0.9381463414624771
24c6ff18b883edd2,0.9879215134449163
06ea151cc4ea5974,0.12426766729193423
dde1072c2340c07c,0.09774171357088508
bf6234d11406ea49,0.44772826766684515
610c0fee53d0cf9e,0.8139424640392118
fc0691273040fddb,0.7894449656027134
46bbaf2bcdf5a362,0.5427535959969564
6f4198d004803569,0.4550619136956058
3f726ca9a49e022b,0.2562732958096258
2263ab08ec01d546,0.2308395872417963
dc2a61d22023b42b,0.9918223889921295
9cb03c429bd54976,0.03314321450903601
d3d5427c6c9640bd,0.896797060662018
a356aac05b7d44bf,0.20712226391474062
2c28820cf1ae8254,0.8136303939954347
cf49994228b74e3d,0.3467736085049699
ea984ee0501b30dd,0.4570903689801566
3639d96562366ada,0.10195465916187524
007d989968211b0c,0.3633133208251535
47b004a1df7ac9c9,0.5841028767974153
f09cbcb79049a436,0.867618511568864
d3e17fc998bf6787,0.5639743589737958
0c6c8663f624c58e,0.14689274546577022
52720efef03dc54f,0.9556222639139917
c6a5cca33f57da61,0.2915372107564323
b1208369a0074122,0.38890306441487144
b0563e971ad0dbda,0.09977016885543591
a0bb9373f1dff1b6,0.8091053783606674
607b5d747f350fa9,0.8651219512186478
8945214e2c9cda71,0.9454799874912377
7fdea294906af44c,0.8641857410873165
1f3c2f31d844d10a,0.0760528455283802
248eb5a4a5179bb0,0.9609274546582016
f7522ca250fc8477,0.3591003752341633
3ac3d9675fc09e64,0.7243783614751987
b65116a131be84cf,0.9080315822379919
7cba939dfaa4fb1c,0.9593671044393165
4e484a321de70373,0.6673475609749431
48c00464ee810da7,0.8170631644769821
11c760a8108e0ab5,0.9128686679165361
4ece5849758d2bbf,0.40903158223849106
2d34cfaba66dade6,0.8840021888671592
597b3aa023ec1731,0.08650719199491134
65e095698c6b2018,0.8947686053774673
d4685373bfa64d8c,0.2389534083799996
b2a24aac339b046a,0.5379165103184123
d018e1502c830522,0.8428089430885887
b4a5d705266bfd48,0.4549058786737173
1bc1ad21db736edf,0.31899937460881256
3584862144963b16,0.37595215759812395
64acc3b4a0341a38,0.17856785490914068
ae1b7c2913418b6f,0.02019230769228849
5ff184c18b029b7c,0.19791619762331766
d407cc2c1f68ef5b,0.8629374609122084
10610f40d2c4beb2,0.13799874921812436
a8e72b280bf38b81,0.2921613508439863
4802ee9701571a2d,0.9943189493423459
c0ba503ad79cb130,0.9949430894299001
a428e18a2571696e,0.600954659161376
d973ea3bf88a0f3e,0.7916294559091528
cca48a6fecdefbfd,0.5791097560969826
387eb4b1c9690ed5,0.21367573483405863
f9b045f246df515e,0.8242407754838543
b8aa274fe0062de8,0.9684171357088508
9d67fee3adf9e1fb,0.8726116322692968
3196cf2ddaa8893c,0.7754018136327462
c6cb67394ff79930,0.6014227642270416
b713b9f13a1a825f,0.46177141963681234
0c55301e8a9a0e8b,0.8488943089422412
06cf6a66edc51d64,0.9782473420878279
73877568d5adcb7f,0.07964165103181627
6e713b6c6d9ff701,0.9161454033761951
35b98290788b0e15,0.9206704190109625
c1699d21d21f249c,0.3559796747963928
4d4b1f0d9defbbe6,0.954217948716995
c1eb4bc9fb4e0c7f,0.6655531582232251
ac64ea4bb93cb2ae,0.832198561600169
a6c0198d0ade9eda,0.9203583489671853
4ee5d36590d4f29e,0.5973658536579399
39d7718a5529cc62,0.028462163852380283
4f6e36e222d122b1,0.5511794871789367
f7b65c4533428cbf,0.9805878674161557
32839e57f8e1ec72,0.6998808630387005
0a631a26c3a1a8ef,0.9244152595362869
42ae365efff05b84,0.3497382739208519
aaf16c83ac07884a,0.7527767354589102
e3fe57ec38bc0cae,0.3987332707938485
a269d748b94103bf,0.4038044090052255
29320c0461eae48c,0.10897623514685882
98b75056b390e87d,0.8566960600366674
a18aa53890bd84ac,0.7950622263907002
fc5a2a2354cb11ed,0.22943527204479958
912408725cfa628f,0.61109693558413
6453b1a068b68ddb,0.8009915572224642
d95e854d614ff5a3,0.6644609130700054
85a79337144b2a84,0.4644240150089172
b5e18d3eb66f6250,0.13940306441512107
3b90fc3f1087e3d5,0.12114696685416373
36f89bae0e5df26e,0.7431025641018216
7de9a21c9a6df7bc,0.9587429643517623
4ad662d48155a76d,0.6552548467785824
1016d05cc8d07dfe,0.6046994996867006
b0a028857d9a81dd,0.46426797998702873
c7da65ddda5ab002,0.8081691682293364
8faf1048140782ab,0.5583570981858089
d0f1cbe5f5c2cc97,0.8599727954963264
766a85256e2db000,0.1422116948091145
83f8495a5ff0fc2d,0.16811350844260955
a57ac84facc6651c,0.8928961851148051
3e18333d2d1812a0,0.1805963101936915
2e2c93c0b28242d7,0.831886491556392
290025e556e7a964,0.36752626641614367
34abf7197c7817bf,0.5773933708562089
4c990af23095a8ad,0.9136488430259787
b30f0e7ab6ef02e6,0.6980084427760381
955f054ef8ac2a98,0.9901060037513557
efdde8377abe8fe4,0.6813126954339661
cbfaa9b940f4c2cf,0.8094174484044445
51e64153531937a9,0.953593808629441
3b7b80317148399b,0.9014781113186738
b1de8383db45dfc8,0.7658836772975463
0d3f9429ecf4d4c2,0.09867792370221623
c4499c39e29ecf53,0.44975672295139596
7800f7a3f936332b,0.1422116948091145
b837532e3fdf4a50,0.3803211382110026
c681da0099cefd6a,0.24394652908043235
c7acb3b5705e68f2,0.25502501563451757
7072f5cd32c791ed,0.9557782989358803
00b5216b2f2dfa33,0.998843964977113
b2ae02f82d15b4ad,0.6282607879918677
5ddd4c1db54b9114,0.40185397123161903
3e6fa59b53549aa5,0.41776954346424844
6b853eda68180bf6,0.8089493433387789
0ee247af650122c3,0.9891697936200246
9e2c6c5193f21067,0.24706722951820287
6cb5b3e20565dfc2,0.9545300187607721
dedaeeed301662dc,0.14548843026877353
7244a91f3ecd611f,0.020348342714177018
d5447b494619e05f,0.6338780487798545
d114e64d8dfca5ca,0.12426766729193423
762e061721ae89c2,0.041725140712904854
0359613691f7c01f,0.43508943089387464
ca90a47bd789f6fd,0.8017717323319068
b43584123f43b018,0.33288649155689126
0770e000ee552df7,0.8811935584731657
b396a1df0d592f4f,0.2718767979984782
51ffd9a173cdec87,0.9790275171972704
38e628d583de2dcc,0.2199171357095996
5e444909efb4f076,0.5393208255154089
147047e5cda600ea,0.6711704190112121
02f5e786b6ca732f,0.3236804252654683
b29abac474eba51d,0.9823042526569294
14f09256775b5595,0.6941075672288249
4132a178395f2d42,0.8236166353963003
3ecf5a5ba7668082,0.31135365853627484
f7b8ef9f4baa3954,0.9403308317689163
344ae6cefc6e5e28,0.18980237648511442
9f8993a4d3fd8c66,0.5505553470913827
02fb2d64b2963430,0.6092245153214678
cc3e88fc10db73fd,0.8114459036889953
e1b25ee0d1bded29,0.8515469043143461
6811aeda7c48195f,0.6131253908686809
2caefea2089d3348,0.88603064415171
06624c42e6f173c4,0.9858930581603655
18d0862452891d30,0.7716569731074217
aeff78b9acbf4d71,0.4455437773604058
3c4fb720d11f542d,0.17997217010613742
ccf649ea4bfee844,0.4006056910565107
72bca5a449e85cd9,0.13628236397735058
fd6a74697a1a9ec1,0.1183383364601703
a629bcd8e7727428,0.28482770481522574
4234c32600399d7b,0.882441838648274
dbf0f354d6059039,0.27031644777959296
3807b180f301e7e0,0.652134146340812
5cff8cd0dc4c326d,0.4701973108187927
a28550e03a14c9e2,0.8905556597864772
244915cbbfabaa93,0.14767292057521286
f5d28c37e1483258,0.430720450280996
625d0351dedf957b,0.574740775484104
daa98d98f6971d07,0.450068792995173
aac141e3478df5f8,0.5446260162596187
6e2d6b44bfbd409b,0.9248833646019525
34a46acb36dc8ef8,0.11100469043140965
f709bf78e6f0fe9a,0.3527029393367338
573ce0864f1f1a1e,0.26922420262637325
d6421a369f95b35a,0.5984580988111595
6c74b5b293b1b97b,0.18434115071901605
51cf0713d5fbc070,0.6886463414627266
062ba7304652bc27,0.24722326454009136
930853397c388814,0.025653533458386845
2e48c840c19e48bf,0.6309133833639727
2a51f116e23cffb3,0.729215447153743
070669d7057f8aa5,0.957182614132877
967936eb15802a83,0.5068655409625957
83ec0a0ff919a926,0.2746854283924717
a35f4a25719a4b95,0.18293683552201936
e646bad2986e850e,0.6627445278292318
8b488afbcc578dfc,0.37969699812344854
13ea6594c14a4026,0.36315728580326495
d0e536523f93f64c,0.3509865540959601
0e5ca22bcfd8c5db,0.9451679174474606
9fb1e891c08b715f,0.04671826141333763
7199fd0ada65fcc2,0.3449011882423076
2275f9dac244010e,0.09430894308933756
24e5ed05f908296f,0.3182191994993699
6cb602b86bec19a4,0.7544931206996839
9325343b0fd3d676,0.3633133208251535
644e5f81463951ba,0.601266729205153
37046a2dda9e5889,0.5518036272664909
c7df199599dc296d,0.48907754846730406
54e463d760c0c6af,0.08307442151336379
9bde8f101bdb4095,0.5621019387111335
bc5c320666ed7ca3,0.11677798624128503
4e44d72109230bfd,0.6583755472163529
235aebae2ca0d45e,0.8080131332074478
55a1d48711c4359f,0.44523170731662876
c1ec685fcc48d91e,0.5430656660407335
a51c93906bd78ab7,0.7214136960593167
207c0a6423cf7a33,0.6441763602244972
c7693bad80c482e1,0.7086188242644579
36b92309f6e5618a,0.4868930581608647
26ee6d56130da0fc,0.7896010006246019
587c7d36156381d1,0.21164727954950782
50d432d2b52052b2,0.6550988117566939
b738afb14f60d587,0.9585869293298738
1157c08c11e901e9,0.7713449030636446
cfaea6958357ef1d,0.36456160100026164
d8b3ec80ec080d08,0.9133367729822016
809c8f80468b1337,0.5493070669162744
1bdded460bb636a5,0.9556222639139917
96cc52a1a3f13e6b,0.3881228893054288
c97a25af08369f73,0.12177110694171783
0de5d7bc5b46bdc6,0.36284521575948786
c6eca151f8576037,0.5702157598493367
7ef7f606745e05ec,0.03595184490302945
c5ea9ba7fa065f8d,0.9972836147582278
63142c0d75cf9aa4,0.14236772983100301
c396e609d01a9bcc,0.13987116948078665
7c9db70c27860a32,0.6633686679167857
8dd4bb6eda603b43,0.35005034396462886
d5eb724b5ea43bba,0.9510972482792247
e7e9bc7d5e2e5674,0.9326851156963787
24b3176d5020b612,0.8404684177602608
6fed295aff782896,0.9975956848020049
12d17a3ef6b47faa,0.9716938711685098
2c550aa9cd671368,0.12801250781725876
df00e28247baf9ff,0.6788161350837497
9449a45c9d7b914f,0.2133636647902816
9a8393310d9b352a,0.6362185741081825
e1b1b6a194b4b1d6,0.38266166353933045
7097d3e397e94525,0.32633302063757325
e3d1f895e94e8bbf,0.7930337711061495
6c46ce4b2303ecb9,0.4999999999995008
999760aff655cfad,0.09586929330822279
6d526f4593563124,0.41901782363935663
467801b5de42246d,0.6764756097554219
81c9cccf75c1503c,0.13534615384601945
bd1aa64c7a5dcc06,0.11865040650394734
df1a75c489d95957,0.20852657911173733
7e6ebb5b237b817e,0.21929299562204552
1aeecba2c7866fb9,0.6315375234515268
14269028868b89d2,0.2930975609753176
5ec456826b243dcb,0.35785209505905513
e574a546f8e193c1,0.9531257035637755
b0ce65cf243f3ae1,0.6884903064408382
8b8e8a00e6e1fdc9,0.17966010006236033
4a87b2b000e87686,0.8075450281417822
1175204fe5f8cb6b,0.31681488430237326
50a79bbfcd719a29,0.7136119449648906
0d8c215cc600c1f5,0.48408442776687133
3ceb989ec05cb0ef,0.9239471544706214
c7ea3f3ae516dbc5,0.16826954346449807
060631dc9f8845f2,0.6198348968098875
4ccc3fe421151149,0.3080769230766158
fd51240f58f2ec0a,0.11943058161338997
9bb25b00d30f4ce0,0.0240931832395016
1e633867010ad35c,0.18075234521558
90da0c9b099080e2,0.4848646028763139
f3ba8015df41ef05,0.7540250156340184
7006c751c11cdc01,0.565846779236458
db5b922ab7ac849c,0.31010537836116664
8ed9c5e3ceb94d30,0.5210647279544516
32bc573af0d063e6,0.30370794246373717
b6f5ace9b32140b2,0.8986694809246805
2acea7857a236b62,0.558669168229586
2dd5886a7dff0caf,0.7306197623507398
cec7e9631578eacf,0.9559343339577688
aa1276a52bb96bae,0.8379718574100444
f90658bc8d521271,0.7560534709185692
8b65638e31a74f80,0.5101422764222548
233d4e0eb18d8449,0.9837085678539262
95e779988eaf54f9,0.5745847404622154
ce033e0586a41f4e,0.3356951219508847
29007abfebc6bd71,0.49079393370807783
37555eedf932eb41,0.44039462163808446
43f0b7fdd64e4d62,0.37579612257623546
48d11190742f10b8,0.9788714821753819
54167e2d347acd9f,0.17997217010613742
adf2b2540dad8766,0.8201838649147527
aa4854b6b5329860,0.998843964977113
371dbcc2d3dab4d7,0.6462048155090482
29fd5cd58cb38dfb,0.9774671669783852
276d786a03dacf69,0.4717576610376779
90290aaf619cb77b,0.2963742964349765
80904c6eddcf06db,0.11428142589106867
5232eeb9a1fa8f60,0.9654524702929688
6205daeed9459b81,0.2639190118821635
6b4abc5da4e3aad2,0.7315559724820708
ecce281c5f6153c3,0.8552917448396706
926feb1c20abd0b8,0.0304906191369311
64874c60d39dc86d,0.9872973733573622
1868aaf30c77d6e0,0.6516660412751465
52e964be6dd475ed,0.9971275797363393
4404ade20ca8acab,0.9490687929946737
f6bbde7cdf6430cf,0.9985318949333359
6f9ac9a8227bf174,0.9671688555337427
e4afa0c3ef07f2b8,0.3512986241397371
a85d4f04f63f1f8b,0.260486241400616
7f3411e87c2708d7,0.5761450906811006
5be924d7d731a308,0.3636253908689305
41ea202bf96f7295,0.3372554721697699
e7d3e68c097838d3,0.9500050031260049
c21ded045b04b1d7,0.408407442150937
a87de56d4f2dc966,0.1152176360223998
b073cc5a7d5d1fc4,0.37361163226979605
cdbbb57088163b02,0.302459662288629
97a093dfe9e1eb64,0.9629559099427525
68aafe54d00b3081,0.655722951844248
dca611f4099c1df7,0.29575015634742247
068c9856fb6bfd0f,0.08447873671036052
ccec2927e56ab3d2,0.04312945590990157
f4239e382087c8d0,0.9368980612873689
a37f1921e2ae64c3,0.45318949343294346
abc7d40ccad7d04c,0.0939968730455605
7be1ba405f826136,0.918485928704523
82f1ae3eff7b57d1,0.35457535959939607
64bcb6835fcb93ff,0.9493808630384508
8a7d498479d37ffe,0.5227811131952255
ddd893f6f7c67340,0.15672295184474727
63438b2313c7cb87,0.16109193245762596
