id,label
6403a3f8d07557bc,0.4028905235055258
1b1d097ff5b144e1,0.5118361916595988
08c7c3c71a02ca8a,0.8598723787248428
7f09e9039629a38a,0.6068526238282178
1fecfdee265e685f,0.7511902230468979
2b1b1ab99f54e1a7,0.5045207588080396
f893cdb025b56c89,0.7157464428009814
84466d5fc69b1dd1,0.8468620302169622
e0f419be2a81cbff,0.3781145986677106
d9e55e1259c7c29e,0.7966324163890072
602d7f4b0882ec4b,0.6283412081400297
67f2f87cc129d7da,0.8615142001871099
eec96ea0e1c9f7cf,0.03412282483697339
d85127e773ec4820,0.7187689475325578
9e96822b06b0f7f3,0.37451153617826904
c6489148a3f9498b,0.42255174763231196
ad5ca801b22a4eb2,0.11027191378754457
22e01b671e9f12bc,0.30252140807218497
4953dbf3e113fbdc,0.2241746052468462
95397470f084bc6e,0.9963962288536721
ff39045f375a9792,0.20437537790920743
893575902a76b6bf,0.17448316893504134
4d9211d2b44f7d9f,0.37747449014378415
8205441451789e41,0.03976182932817465
5ade617aad761daa,0.96857619663487
7d8bd74eaaf831a8,0.7774134577631642
3a4abb16616fb838,0.26205373316897035
6e14ae545a54ec6b,0.8245844242187854
a6d127f7b7a19a79,0.8581651811149535
e29e33c4a6eaf6fb,0.5860834507297872
42b296aec3a400d2,0.4163785123768986
238a42187f0c12de,0.3478358721178154
4c99d80ab952e272,0.7754021316897008
ef909ea8db65784b,0.808995320996577
53283f9869842cd5,0.9274419475424917
fa99ef0b96b51157,0.7449625540199887
3cdaa31c37582a6d,0.8461491454896812
e007009eea08f15e,0.35023210391178095
e46769b586a6b83b,0.8875540972271021
c77497b63a864028,0.2932390281073197
bceeb0086c625fac,0.17441521502311677
5abf8e5791e5fa94,0.9219098734250393
0b7d89ea3694651f,0.6370436971872682
ce60477eea0a9007,0.9758344449514158
847baeeadbaba41a,0.37568014200111055
aefefeee7da6b616,0.8013230328492604
321cc4b04985f915,0.5086543237719041
590cfafdd102ec19,0.538089754224511
0a3027ad8dd82438,0.09446286823655504
01e58c9ae88cd390,0.21142597051056
8f5eb2d903aad722,0.21218563984438824
3f1b90f008fcd5d0,0.8367311194567426
9e55098b34909114,0.7829204259907502
ed3723d6f0b305ec,0.53365514320507
e1d77367315c8c64,0.4004645132713203
b97a34687794c3cc,0.23695491250859502
2d9a8bda25c031b1,0.20851869745530488
367427e76fbb967a,0.5880625726030237
2d1de7cf3363aa2c,0.2523185667976543
d69cf5bc1f0112f9,0.07545108401748424
2a75c552e6a0103c,0.9359036629630484
943114c642b7e30a,0.40224009235060987
5f4258edf6c1b382,0.065325659996671
ff0a817eba03cc6b,0.7614129424465179
c77fe2a4fb942f02,0.8908160955666597
df587d726667a5fb,0.8791266460754856
8c09d6fdeb48dfe5,0.204404877472791
564e16bfb829c7a8,0.060102738903289564
e592482dff2b62bb,0.10778248327272129
33319a7020313788,0.6887928473881814
4700a73d634e28f5,0.9699875966912577
e5d9aee597bb4052,0.32330861201084227
b93533776029ab4e,0.966365408969316
e9274894e7ca5d48,0.012973813176816408
37e126228f093cb2,0.46084128680801995
ee5e8daf19a62436,0.9189710060769475
5c2af7cb33fcb9b8,0.5186916508844146
dd6cf914fd458758,0.1566910413547063
7943edf1ba3d08c4,0.2692788080133559
50dccf68b6d84c9a,0.3614374820940059
71b1d024ea8e0791,0.4604249132349809
a8ccfbc903739855,0.09673232522251028
bbf9130a10bb2e61,0.16162860457783754
41a2cd1fb3af1f62,0.6031443683896973
e5b00c5e94bb1efc,0.5054368654625903
8a2951b875e32f95,0.11177646165379393
4b4241c32f2ae2c3,0.2503442064189331
8beed49416c057b7,0.620998633431998
1cc185c7cde5f29e,0.9029131392509406
635d0e269bd151c8,0.04034426832558202
9eb98f9a7202dfe8,0.12254343403034437
c224615f7e3ecda9,0.11216324010596179
f93a14286735bede,0.268295853326689
c118092c44e808f2,0.7836302053900941
0972b7359cd12fb8,0.0527754191902718
22318b12ec6eb14f,0.8052018578570266
9c92d4068021c258,0.934636841857953
053aaf6bcba9464c,0.5000394508765574
966f0341c7d1f5bb,0.3002390885051667
624826d8d4f7d476,0.24045474919932458
250e83ae550b1992,0.9413981277281068
9ff420d30b835836,0.8759798284472627
f74cb9754e9ea82c,0.4846233638948991
8ab5a2752e698725,0.45481470962987003
56957aca1f34dcea,0.7185753684611014
a6c0cf21bf0a1be2,0.010175235996376071
427e6266110ac72a,0.9076697492112639
7b84fe626f3ebccc,0.7265986850741706
6abd9ee5808aa267,0.30484798088044407
15aaf86082111e4c,0.697663355075786
afb1bcdc94b9bce3,0.050510682493752394
93a337e7b4fedfd4,0.4831345824919991
cddee4f1517d9dd4,0.5389650572964999
755140c7bd8e7223,0.44645570269628787
0ae88cec371ee0f0,0.1408680044678965
08a9f02754051fc8,0.9514774481569594
4bab179b9218d454,0.4380553068195299
2af9aad0b831d3ec,0.0459786953748952
7d330fd87e35ee09,0.5754201751241748
d79f0de699294b3b,0.713803264646142
652a8c0826eb2609,0.6918494066574926
2ae2ef63a2565c3d,0.7272790954618079
1bcffad3764f7c4a,0.21068680715003324
707e78f41fd82174,0.14406908532267976
e4824a55ce76b702,0.0769177586567916
993182bb80730c31,0.4772209930324613
dd67c105d030f636,0.8151162936595817
3dc4dceeeecb58eb,0.7112517013159875
90a67d119116b976,0.8769613834378964
a483f8d40e026f5d,0.12542830306753347
3d24648e710fafb4,0.2553739762682104
9104c44e8910b122,0.20102760797853847
47b77ad7aec9f1dd,0.25566895033533954
a66cc4155a0edaca,0.701443440734138
1f4dcc29503e1a4d,0.5800518363174669
0a295834d6044914,0.33762568224297185
bdce8615df21ee2f,0.03192485651385313
694b4d3b1ed04c61,0.0684383872801808
ffd75ff5c92f624d,0.6869918674848667
717e992041e77d9a,0.6580990496837715
eb5157274916100f,0.6770337636051904
b77c5c610fc74da8,0.2276397008337226
41d2ba14e653bbad,0.7631798542118641
f2b612c9be07aabe,0.5658765192656239
3451e892c310a998,0.4467574046600995
2ab24c04722d8bf6,0.3299470645156122
38ded7c17115e7e6,0.8304615038311859
afed8219aa70efeb,0.5485219266009107
1e9c4d7d2de01fba,0.7603451228400433
c1bda90e9a3b9ec3,0.2964357543839419
d406fda410e7c177,0.9445146347252158
f49753bbcfabdaff,0.44470652925348747
4daee2e232e58a56,0.925011903705035
858a9c1611f558cb,0.48947369087152226
05b0a9e8b1444d99,0.34166566647181534
8b2ac5da79a42e4a,0.8597491582040095
222fc0675ea28b67,0.3096201214273322
77cb5f88dff15921,0.5160604338290955
947d5752d88dc00c,0.9527941494845951
309a531dddebb471,0.7565338965232008
7e5f9d7d0cdf5a81,0.3542790633786035
6dfe2ff41e67b01d,0.4749663473531696
9a51f7696f388499,0.43733750347328937
9c5cb5a9b9b2b4cb,0.7633280377933709
bc7e89abddb2aa54,0.999
5d3eff0bafcd186f,0.7602780645260111
d592e9d5579075d5,0.1927771301238248
475f765f9fa22959,0.8822691894014972
71d36204d6040aaa,0.6827371133180451
78119b8ffb9aa8ab,0.3618476687990016
09d1e9b9b858fe18,0.7950423909766667
ba5f5f59e3b0b755,0.8266819492887367
3b7344f40bf64734,0.4529087459987055
1f72c876a5e3738a,0.7088310757668534
86262f7438a90d1d,0.5133659507916137
3f6e10ed3e6a6303,0.9504994476549999
ada42e94aae1a58f,0.8551213223425944
b5320e4cd134414b,0.620176108011803
ef83ac91e80ddd9d,0.45887715402268936
b8a457f0c9f14bef,0.32888494578358973
74947cda3decdbb1,0.5189316429768452
a39392c735bde1ac,0.438571573382451
afb321701a74d5b0,0.19647742609673713
df401b9701e04299,0.20262030280451032
c9b67772b4c4f44b,0.8252496589801475
b5665177cd7b6c5d,0.014241376754933826
1d621e5fa6b0c45f,0.241917954708062
2d595ec6f4c2524c,0.3496877490719397
6a96a53512d24696,0.2278351576260942
b3a68808640b25da,0.2571467191276393
cd9f2b2346e70af7,0.26680059766516373
d78d162e0d903e67,0.9116546753032151
512b0444982361f4,0.8789725380614399
36f4f9a58e05409e,0.3038201531827634
e4b4fc878504822b,0.5160920117614984
d2c6c32ea3387653,0.04509109770258081
62d5596d1fe892ad,0.910870288909577
8756eb85074bbf32,0.17589478759815486
9120f37fb674d8d5,0.5309139261598406
ad529a51765d4ec3,0.2403699726785059
f5e98c69a45e4a76,0.8653443184343239
4e8ecc5a6ef67336,0.6023493624025725
e26f37d892f837e3,0.7944923980904142
377bd33e8a9d5e7b,0.411487167634359
7277e822016a05a5,0.7348849347524519
94fed9a4092a19bd,0.5925553755010303
28d304cf97ca614c,0.6401936101159089
5a5195df47e373d6,0.11762432412471112
ebc9acfa1d364336,0.16686924744175297
5d76c6de5ee62843,0.623283764487029
511d1dd15e99184d,0.7024834707494412
b6d744f202fb4a14,0.8675838203257377
43c3e8abee7ceeda,0.7289890708058963
41afcd725afd0bb9,0.4752038554781811
bd4f0c1a61da90cc,0.9777666459333476
ac5e8e6812e3a526,0.5351245967274221
61843635f4d407cc,0.9629930062818772
d643d4e6d84db59f,0.7340176470850441
5c0b8bce49a0a773,0.891518012741618
7c6020b2e5dae41a,0.5091527783075127
4a6f26c4ccfa8a2a,0.20411508088022157
f5ff436197b8129d,0.6362415287572927
27b8587241bf56d8,0.32083476064735295
a198a7b963854e6e,0.09422180803223769
8661667952751501,0.7549839088838528
282a1321ef8c1306,0.3671668908674974
db3dd0b21b03ce9e,0.6099599669880535
3bdc9a83d65a78f8,0.6333047044842702
2983651d59dfaedd,0.8033829712959315
ba2be23d69668658,0.25460942597553293
89d58eb00d13e4fd,0.24116929053466252
d2caeec36f4769a6,0.3838518481234515
dc23c7fae5f57288,0.6536373781657409
c6e284593c89d176,0.7435502632268804
523464c4f48eb02d,0.9341445595011959
cc7624fbfc77736e,0.8284436638685493
6b0c371df7cfc676,0.635714013496883
986e8a5497d243a9,0.8880774818199904
0880ed3a1a77013a,0.6020316406037833
791d60ceeffd7ccc,0.933936895165177
1fb2b452cb819b3a,0.8887428445845944
6e683e5731d8aac7,0.8495356431639152
d752f92de2b858c1,0.3573188179769505
91654f6c88bcc480,0.24911154517177986
308caeebcc6bc059,0.34933944971511194
0a092e2b8c9c06c5,0.6622064746325029
e29749c7cbb0ef48,0.1296139742762385
02521319f8872bf9,0.05096121514097612
f699494da66c4efe,0.5616228711460268
060f874ec99eadc4,0.44982878858832537
1a2ea8a74fd54c2b,0.5401342249983031
a98b83e132c75465,0.1630970468974854
0fe8ca7c247fab07,0.7343716241607869
c8d9bcea59632f23,0.5347366685392307
0ab0d9c2a040f32e,0.28251715967901797
a03fc647d8141fd3,0.9149677210193099
1036e1cd53a850ec,0.22553304152194184
519d3f96c9895253,0.1443937367864521
28df6bdb66f8e09b,0.9381359368311257
89713786047cfd0e,0.6243261537027301
6389830954a0227d,0.4692792969508869
8a5f2d2c5004dead,0.10797974649706127
19d4cd44aecb29c7,0.4998486933079883
2ed9718fa269e456,0.5540003415510725
31d0832c9b203b46,0.3706744968680291
e21b68ce26bfc500,0.6944495969192495
cf8783ddc0b9bf95,0.001113669974687206
fcd44919c1b3f412,0.948954503450606
c6e50665e7bf8738,0.5135070618883552
ce0179fa676d128e,0.9630382915873142
423e064e247fe04c,0.7405368516804525
0ebb4ab2c338fde0,0.5727981312034397
37337cc831e40a2d,0.6863167031745756
04eb53517170d936,0.7495589709233744
dac684a7b8635061,0.43125056096014036
a2f354d17d1431d3,0.9023171849556815
8a42e6579214e167,0.47155997632189156
c35d24cd26008161,0.5223172561870105
077789ab8d103e29,0.5649039465425967
5deb9f3705c67be7,0.5999452127711647
dc531f502bccc4fd,0.6800388802509021
ab4b4d6c12291a2a,0.3220104406275962
47b284804faf97e4,0.5467395648034724
d46bd1fa92be695e,0.08037240263748313
11c536ec56a47156,0.24161501428113846
d5bd7d0c4a297748,0.047837065956330645
d30e6ef239a13f14,0.7559585145517469
8be010237b513256,0.8638255092795271
e3ed18d3d53d8aed,0.314872910131435
a9f5c2f8c5922e10,0.8569987491465884
05a75c012be2ab6b,0.9833550905265422
a068617fc089ad48,0.524160702303615
687932e8fcf71376,0.16536465494108554
fedeffd4ef29f976,0.305584993787637
5d3e23d9b2256c27,0.24413535209712245
c6544d7502deea99,0.3442343703052005
096cba9bc78d7637,0.7137043806662803
76b587348b5c4d59,0.5998286839840965
62185555ed060f0b,0.5105054009172983
b538966eb4ce164f,0.05285095408194578
8dfc12a6712b0903,0.6958240660503868
3ab52adc4b1c1768,0.24231590537914405
463847f9a1f414b6,0.6987473592283623
e93e14d11fc793e7,0.03096928879761933
2cd7ea4ff0b97ed6,0.5504813923862845
3cf1ec0a8c671d61,0.17472754613363645
e39df281ee7e153e,0.1364945081166708
272a6816ce2c7c9d,0.4071057818250563
f56230f889018c95,0.8480336062011081
4119f28f6d4d40eb,0.542866343108481
3e744e15c1c6600a,0.7766552420943034
7975b8ce43d7163f,0.49076751460451357
76519a1ae0dba3b0,0.8361283717824874
6f6aca7dc35afbbe,0.3137779678461522
658aa810bdae773d,0.9830311989485916
41c3618b9180e8e2,0.3587151892250401
7cd53693b2b3a4b3,0.2199905894642042
a450a4bce9f2cac2,0.8453999366079339
05bd9ec45ff54b8b,0.17581358142127473
0d67ef8a9dd3249f,0.6612587790137905
514cfc846a144390,0.7003001616194546
2856a2a0114ba55e,0.8043619149307228
ebe02c0b1c116ac9,0.23814174593550458
cc31cb4421bd54a5,0.6091983756715648
d63593c7bd5f72a9,0.8222956582120359
962b8c33b5be069b,0.23109421803810587
40e508ceed1116f3,0.3431184808583513
668eca9c4cdf1507,0.5201669509839972
c15735bac7d4e6bd,0.13276852912219617
09d2cd5ccb05a325,0.49142811468073677
71ed58a8f5d479e3,0.6880754355062995
56fd1ce474cc243a,0.9125657377445691
4c4fc4fe6dea340b,0.8771187211595025
68fcea284ddff8ff,0.7711485322256708
8913329e85f873f7,0.5904405295219108
7a210b4ff6c29678,0.5956806513540772
91bd2a01c0384263,0.8959545930114536
14e4e31c9bd8d90b,0.15365092662648513
410f92d0f317cc8e,0.5651232541014901
780cd523f303a8ba,0.30738517695600254
77ae2af1842fa5b4,0.38845316296103793
eebeb3dc997eab87,0.6929057224311257
fa6c4d5205fdd5db,0.9818239611801556
f1798e22aeb3b385,0.9868372056679888
8af0df5286089649,0.7614710214317932
6e224e4033db63b7,0.0908455065820099
b8624ae03bb7e7d7,0.0650661902642533
52ca2f9cf118011b,0.9837215178664315
52c5dee14f8320fc,0.7293778453034606
43a4ed5577b3346d,0.6277046063025343
332563e196c7a1ee,0.9129447493130349
cc4b32b77225218c,0.7713882245050494
0b34a503e14e5271,0.9193781208922653
33100c4fe51f7435,0.4132142575626997
6de5ffe2b6664d73,0.13620891559209403
ba39076152cb0ee3,0.5947439720236718
aed179ff9c81f4f1,0.027337547704124023
ea1a9bf792fb6a7e,0.15645886845012688
2f06ce2d10fe3866,0.6111656783598588
11855575a4718674,0.4425048728726102
06d39de4f0e13f3b,0.5683089414480524
5fd7c68abce444af,0.8158346454389958
d464bbc0a2f6ec7f,0.8806707442792432
86a7d5c47fa116f8,0.0826404328450824
a260e587d0fd3fdc,0.9467357534706344
6c07a18d9f02a585,0.8529236886545144
8fd3d88e27ef7240,0.4607797657308266
80dd9757384d7ae3,0.3570520267912324
00a0f9038422aeb4,0.6417721618207104
dd38ea8c63c0a90b,0.5856704141390969
e23a165731b18098,0.9105849205030228
9bef89bb8b6e707d,0.0997170201750073
db5779805bc9128a,0.9505950625014659
13c6185147e496ca,0.9559586940493605
c23ad10e1020a370,0.40457044236300443
cdc252e1304b3741,0.11007077108692545
c9866843a2ca38c5,0.5797153132714444
1193dd7feb2e1c1f,0.012489884043884672
145626c411263ea0,0.46074956379574217
b2bb6e4261a0a280,0.9770874184928231
ce6c9830339e8d23,0.7545870485614283
e5a315b7bb844af6,0.7829077507176407
d85cacbda54cea30,0.2892546862852342
ec609eb2e4100b33,0.794203282550337
0d785515807808bd,0.7877303963425757
6bcfa2aeebd0236f,0.3377728825682842
9ed83fa2f828fbc3,0.5267014081201908
f596ac3c62688ee6,0.9456242996642996
654c4ca75e7a6d56,0.5897059368075463
162146e83243572d,0.8589636350200396
9878dbf0860838fa,0.6521238113016494
332ca627787dd758,0.8485110949715227
679ad425e74f2477,0.2869265689816715
df5a276859dd4308,0.7832534093677516
e1f7d0ae0443184d,0.7390060089009679
a6434286f4234aba,0.651698486667611
3351a9314dfcaa5e,0.04784986121861215
e19b22778dcddf3d,0.3960772737188261
a98a59904fcba403,0.5662082259057722
efe47bc01bf23b67,0.48335005242679485
a1a862c811a320f0,0.5630753321542594
bdef7203033a959e,0.7291568334823207
0fa3fd428635e63e,0.3206621731398882
8ed23ba67702fe54,0.8791372608868042
ece14f4f1731d91c,0.8834772412246836
ca20fb73d0c544ac,0.23363101343490913
927bbcf7fa67bfb8,0.7102423819961834
deffe32d78bf8a82,0.6371012513539331
319944ea096b3a65,0.3097973348147284
19bd6f94f36d44a1,0.4556374544299926
6e7447b72d462201,0.24139744794697576
be6959210f99dd41,0.976623791273058
bc1a4abb3dbcab55,0.2687046473114857
41032395ff67eef0,0.8974472455812352
2b4004b2678cf0a1,0.4105996339515924
469658e2c6728fd1,0.28802496720943804
e67a54cb89e72744,0.1813762437346242
0a1aa269dba98abf,0.343313988491751
746e977975fa2166,0.07885000282955561
ca51e1b6ef04fd43,0.3766615587221144
dd96408688197b1f,0.7329292483856904
23b5530f05f1d9e5,0.7936598906398551
da29e21770225527,0.41515917258321666
adb83a06bb93e782,0.20001019038678036
0e4d2b4f26be08db,0.885627358431599
6ece7a74dc7701ed,0.0660247172375095
e5306d42c50fcc55,0.061986255656796024
4381dd659292aa24,0.2987478502577882
e31ebedf532c25cb,0.5255594449719174
853b98dd483b98b9,0.291033660544193
2e54b76182ee44e1,0.7890086581503908
338f6834e70af5fa,0.02352236430961311
b5abaa739dbebcbc,0.7641345113956717
5a8bb8464a290761,0.6446469195197282
f0e90b285061c449,0.12217638003265102
e66581f055ee3b78,0.6877566077163098
0a21004c4d12a011,0.36698522358687946
04cee8b938d82d19,0.14586423189551087
c2eb2ef42ef59006,0.5235127816651155
4db76ad147f6dde7,0.5543962610689761
388d2efe55423a29,0.9697231579730509
b9875250f7ce8623,0.808741259244057
e354d93aaeda004f,0.9731013541020216
39e7b31ad6490a4b,0.5531240695349939
a31878efea02ed42,0.3519094263406015
4db06f2609831909,0.7886933633080897
e23ceacf623bf244,0.6453514832911594
5b30a3dce1e3fc54,0.9337091337150503
9b09b933e5488d29,0.5202042312879162
64f0282d10422cde,0.2919072023438577
d171c9bf0e731793,0.5964991858886958
699a9d5c734b80f3,0.4758485674968448
79281527b5fd74b9,0.2566094213908373
63b9f2af8362641a,0.7494480313777369
8e20990222b8b1d1,0.573351335729475
cbfad4f1f811ddcf,0.9139177576328545
a6dde1511fe8d47d,0.37288793263754383
54e8815e9966bb51,0.9938590727136769
cda24d31d8c08104,0.6428682070055716
2e41b0e18fd08067,0.2240832288752918
6e8f4f5c6e28c26a,0.7556164289911902
1f4157812e2bb339,0.7260207008831401
c2d3133094dc0fad,0.14485069650035193
e7e2da8351240636,0.29673453446978854
ef2946985749757f,0.24020318075994057
ae735efdf3a84f05,0.7641147060816784
8a459d7c2b588a93,0.7751030968257768
df0d35696f4b164e,0.6315439209122858
8f745cf8cd93face,0.12626436515210845
7aef10c8e6aae208,0.20393971525409138
706e881832fde05c,0.9510110697041334
03a6674f904defe8,0.26411425830261737
f00500b8110dde92,0.8236910395919705
1475216e327695c5,0.8259376447302607
3fc20688817559fa,0.11124368922791435
70df3ece5d814a70,0.1915123216357214
bcf591e552b3ba82,0.016185412146129185
a04e514a6ca8156d,0.8539124670453422
f83e082f10dc4f9a,0.06419593307916205
21a0898a3f0c502a,0.20136564895156728
c9afe9c2efa6168d,0.16449347742581769
9423152627c5de85,0.866424447122812
fc5761df1ee97d2a,0.5122699500114908
b51c1517f2b27082,0.334825872708588
966bd6f4b801db6c,0.9164336809076252
c39f09a3a7ee5d1a,0.7007130860391142
cd4ab667a784a10d,0.9250901680718584
053911f801591901,0.6249253574479937
4c12cd87dc745584,0.6418411112271396
f0c4df4801e5dd7b,0.24040635982507358
1cdb9e6374b25c46,0.12303491489081307
55a04d93184e2087,0.90884357763186
b0259adc08c321ab,0.2929036520427349
3ebefad692cdc413,0.28907776731742474
83d05a33f78392ef,0.20921090270027048
57e746a1c420f866,0.7429519812896413
7086b53e09fe17c0,0.7470041897147344
2cefa5982f1e5321,0.6599530183961736
c4a61e6a8fa1704b,0.6680494120285919
cf3db8bd220d5bdf,0.7849520775497753
75c651d11c0a0337,0.07864770123539915
10dca6cd4d946194,0.4784270624119253
316d771ed9f0b6a1,0.4705442931753075
ef64650ddba7c539,0.15876853453235892
721f58982ee85da8,0.911729125475617
e8f08bd5b06f41ef,0.03585662999614642
8c2e815ac865660d,0.7447174708136888
8191fefedc6afd32,0.050022260212081046
15c9fc425aed1fd5,0.550218798288519
52f896a602e74ef9,0.9002440149802933
c8a94bf1f874596b,0.3869000748648233
64024839f91aaea9,0.7027134062617235
23a06e4e391dfcaf,0.4880270751624223
76fc88367fd4b329,0.13568182318765146
e7ffd70d1007bf31,0.39622087787417315
4df67b2b4764df2b,0.9735372075966281
5e23b5ebcc3c7201,0.8140811691016063
97c325c9980b0ab2,0.18770481810114975
3c8bace911db4b05,0.879432463502281
d3af2a4f1b0513ef,0.572222524017274
8a66145d22484a10,0.8940431659792996
f501884aa3b0a2bf,0.04575211006010237
21f8710a682b6ca8,0.597760347226884
67addba46911ef5a,0.8239914098986765
cd5a8d124051f2a9,0.9526087146323696
a1acde423d140030,0.028363973654557475
6284cf5236839f36,0.7418559829493067
37f720257a8a7a33,0.723681310582037
acc257668dc46b34,0.7542892328606317
23424057c8458694,0.34133268637381
418a7b8fddf172d2,0.9526725640088849
dc356b2589e04c87,0.7489011992861321
f64eef65821a8f3e,0.4963267387972261
9fce647d5b47563a,0.9793106126897118
52f9976ea5b478fc,0.14324560914952023
d240c91989c04146,0.8130933942892837
47ef036d29375b9b,0.883225626363366
8808a12bef546809,0.426690151468106
d3a20f2bcf2db8fe,0.7798736047013919
a451d8e451fac918,0.30327447053339196
9826735b01a08344,0.40899557407913023
c4a29152e2eacc8a,0.002368297642788553
631690ed30cc1631,0.9117928494061358
d84d8a6e6ca5eec8,0.3571536354603571
efbafec85fb00cc9,0.8629472771155267
24556c1044963c8b,0.9547449503242571
5dfe6e2137dc82e7,0.23556118421377967
b2400c3aa22283d6,0.3193237968214302
71602580e012f168,0.7287951865806503
cf01eb3e54442236,0.05494057044284621
1a07d25426f87edf,0.6397796399127289
13b3d3fe65bea413,0.4183468690695625
059edd840763fd81,0.8404064915546059
48288e044d74e7cd,0.7423250328384483
add068ffe0671cf6,0.23357743407644638
c99de47efecac792,0.8217161206372839
11cef543afe62f88,0.45769386140312185
e512156389905eec,0.24615194752225156
138703e658867a2c,0.6992662659743797
454c3092e6edd433,0.10570369078297116
dd957118652b5ed5,0.8173363382584077
af01fa5eafb4602a,0.28725672407183556
7bffcfd2a9da1725,0.8378535734004007
24f3f1ab071df78b,0.0860106864009338
3ec7c9ebab0a4a2f,0.8845133289796023
3c1d10f4646f69fa,0.13090282417473992
9c5f959e1195fc54,0.1335640828264203
cda81aae0a16f97a,0.5389244489882513
2bf6c949fa0b6053,0.5499138074856476
546683ea9e5995f2,0.7356867594031349
c4563254d849a8c2,0.8830740238997945
e9e85a92d9ed5065,0.44824076247755723
fc9fd5a085f168e9,0.5537539096297323
54049d409156afd1,0.8490540521065266
e4c0d5c0b9045e4b,0.8344336450105084
058f290d4016fd11,0.19825736996796728
e14cd74f951c3910,0.3453798602569682
05018e18dc83e13e,0.9744255930020319
763ff25fb3a65368,0.40364349474366545
eb5cf6bf7c8b4e5a,0.7941886007913581
013351fb7667dab2,0.7170939464663822
e08181f896cfb680,0.3322802802128085
e65d39ec9e3de422,0.7360878513629185
9cf499aa7626f14a,0.7078170992707626
f203a5ba78b7389f,0.7343253969345929
8ea386546c0f8c96,0.9002876307631567
0391f48a6955106e,0.08853552390972236
d2f70a0377eebc5c,0.2327847478161451
b96e54496b6a6713,0.7047507686111409
1ecd7d7fc32cc874,0.666715116340853
a91fae320445e22f,0.09615774682211473
7f7f8d9e95bc3227,0.8200638190604528
8ed9c9b27ed7229d,0.47626416530045
19862b4c0d2f34b9,0.41177062457159475
e5b1c6b3822addb0,0.6788713697250801
191edcd8d76cb951,0.9861548067337275
6b08a1554cdf28c8,0.11841112260376149
706610ca333da138,0.5034480432648023
5cb5f8466022eb46,0.6629295798007224
acb3a526d9921b55,0.3648711241983137
947db252e781ab55,0.5937380510345373
e94881433d15d819,0.28943861891371125
34439005f71e07fd,0.7730368970628868
989a2593307d72e3,0.7093997755813644
ec8f1d04cffddc96,0.6735722153143571
11dd5f5d722fb0e0,0.7316376750807091
d6738bf320835a10,0.4255945221304251
025b09a306181a55,0.5443202862990164
e5e3f5fbf93a1918,0.5636947467295463
2d60731de40ca5ec,0.16025218901204452
96789dc76cce8bb4,0.7680838652793087
e04c2f21eb86c30b,0.17188258105850407
eb4f7827e27f3e50,0.999
c72cafb3b0ed2058,0.05255191664830549
38e789ce64afac4f,0.6298484558643153
961a36d1522e6ffe,0.3805597239854642
d915888ab3fe3241,0.6642688256448591
6d047ff0d07fd1a2,0.18081899137120233
96212cff04501fdf,0.8178940936552344
6cb30ccf0384596a,0.8621300652348791
1878cf5a842e6727,0.5820692496288512
47adc8c9afbd6fad,0.25518875678614694
bcecb579dcba782a,0.29348969862001717
24fe0dc9ab19be83,0.10806825831507678
d56cbf99a17acafd,0.3386399041315179
5caed519a777c666,0.0710821862803502
de3dd7a6a4564414,0.6508551923214014
3ddc28164f664050,0.442192410211274
45693136342888df,0.03446597126007361
143c3caf6eb25742,0.5531072275056321
9295c919e27237a6,0.44006248029842016
0dc756a818dc5d9e,0.7059949860591821
67a0ca3f82ae78c6,0.0930982697781903
cbd51c3558265f5b,0.43529010808836155
b6df5050c31c7287,0.2570951604094831
73f20d006cfc47e6,0.39609505768348774
2de69b9443d4fc52,0.2968938776537743
1ea20c09b6c79a3d,0.3921570852511983
ea1427791f675329,0.6429392058565666
cd6c9a86e5c13535,0.7735254772185742
fe03f010fd99f729,0.8769275507736327
3cac934a5e569272,0.6156350068567835
1f9c8c5a31c38592,0.38008653720858543
325d3152d318ac6a,0.3291629039064292
c796149ae059bd36,0.8329239943953421
139b95acad0d8500,0.030102686152546642
ef8ca6e1ad6cbc40,0.6921410442674774
738b1f5edad8bc5e,0.060766180826473656
00b5753c64f3aa5e,0.805545892347667
7509e02d19e2f87e,0.056000272672476134
a85aa8068fa925c9,0.8169313996974042
f8ff744430f73aa6,0.6236459917823137
4106129a02383134,0.19015689475225464
3be6495b6e47bbe8,0.6678555757121538
d58d8cb98c5344c3,0.3444886146811796
72c32db073874592,0.2798273440484691
b33541a9535d3cb6,0.5805436518952901
f117d4aad78b524a,0.6139208849823184
5e48da846d46eabc,0.7503582437205119
b0b266000f2d6b03,0.8648602593944221
2aa63d23f11f3aa0,0.12889438651345883
7ca15ff99bdc719f,0.2886042081490726
286e550605b2d970,0.40774538453489484
140d123f8919309f,0.8080003126603096
5406d7c0119b8b77,0.8201353021948028
feb8f158efc528af,0.6755464037036192
20e9295f7f1b6809,0.35309946302864686
8c67df2b06a8af30,0.8277799906586704
0b5100f2d589252d,0.7712760336716056
a7dff4879e1f2c8f,0.947124234484986
6b9c17dec469153c,0.8729147371052781
b064e718f3825ae0,0.05271150775164233
633aa423117b483a,0.25475993113296413
2bd2dc8cda610b2b,0.7679394880271225
16b4f1b4b30d7a5f,0.9277867286709176
7ce520db2bb5b181,0.8679769601659642
359fc18aad246386,0.5052263110835825
4040467f440a4681,0.4388372552312917
ba27a17c66a28567,0.5722365235638306
5e4bef63f0b3974c,0.7323825173343044
849863283a0793dc,0.6586931114322114
aa9c499ad44baf78,0.8611346176579979
a3fd494842016ae7,0.6129657230153804
5f079c78614b8a83,0.9567259760658376
7420f14669961a6a,0.7944131481853096
0a083c164a874ea9,0.18361416708789774
396f04d4bed14a3c,0.5611062666963531
bda29126d66debaf,0.3586297387352838
8d5ece395c6a6b60,0.715194562390969
9ea22d08386ce3ae,0.10931396669302262
1a277b47ca192cc3,0.3822939472455616
5534d1ac3ad47ca1,0.5395138816003002
164e32a2b96ed3eb,0.8362654123809619
cdea1d25f481df1c,0.17440137441993198
37e1f37cd163cc12,0.8670767609399729
4f896e74ddfe48f5,0.5227020832548117
ec881c0b42489ba6,0.4470553897950601
6cbbc142e3b6532d,0.26613841833166135
af58eeb2cce1b1d8,0.16076059277474114
3792b407d3147240,0.31793284325882465
44abea18902dcc6f,0.2881591524888873
f174b76e8c589bc7,0.4766119359939647
d5cb1d76e26e865f,0.9317976148449277
c953fc1a52b6d2ae,0.6628782626860543
dd9860c103eaa486,0.11803649823485485
1a338e9358b4b71c,0.010750774932440579
28a055a15e2bee63,0.5212125967833173
d810129e88130889,0.45540983606417573
20b2f55f0ebfeb9c,0.43960969449477294
2dbfb79bb9d5d576,0.8615389631685886
a4f168601004a705,0.6358340493197983
7419f46f112678b9,0.678537313995969
7d0ff708b6d6752f,0.9421516806278085
cbb85fa489a893cf,0.062311069540828476
c46a723fbfa594f7,0.5781690531315232
2104390897549457,0.5071445733532027
75c276f7d0f29aa9,0.9582707253834358
01a679a23b212287,0.8821119177367786
6cc58651b88eadb4,0.32633938401162965
14cf1ac65f8ca02b,0.14756781561445284
2a5d42d92966192f,0.32752097531367114
2010478948b9aef8,0.5529067334473274
31542ae607bdb59f,0.7496148609948912
783c99f058bdb723,0.3889576883129514
8e49ec786a6d5abd,0.725878464255987
d2b9a740ddba79a2,0.15972357877017865
47c1231311a7aaaf,0.48275975639184576
c7937d0c63ca6a92,0.7240953073338555
64628bdb8224fe18,0.2343288306052995
49cbb2ff9274a4cd,0.14358150236175488
a4dbc0e728a780d5,0.9052806759901987
54a5b82f046318b5,0.8995735059525264
daa0b6896a1749ca,0.221651470784354
4a251ebb1de72153,0.9378330964441342
edc7eab7534ce904,0.5494757086811084
0d31a18c31d12329,0.8930875427489751
ef643ea0ac629b95,0.43180595670653177
39049e24be5a4306,0.9381844066012868
f41fb0591a5b1902,0.17491278396368454
ef3add49907eb895,0.25534002041554804
3c80e6a34fb3e4ce,0.807209678220955
681bbfb8c5372f79,0.8747942655328238
007f4be9a3f6e89f,0.12767584446814428
25144a9b2bed9be3,0.6807046093694042
61233f40c0cdaa2b,0.3090414781499965
73a058838f6b7f2a,0.9460768785136162
cbc20660739af678,0.9828212785092576
8fc723bf625337ee,0.8270350671163008
3ba49bd9e60f519a,0.1603912039932322
6a3b3033fdfe94b2,0.5268602524732339
c8ed653c9f871795,0.8546953074580483
2f6d48d7acb127aa,0.625330184044255
92ff64a44efeaa6d,0.32280806615596014
d7169f20999bc93f,0.9977093998664737
53604f2aaf701357,0.5413332488917326
a7001845bc2108a4,0.7710021944790287
e1c8d84bbb8add74,0.05737923958408986
0b6ec467b5610434,0.27866316003174996
8ac52d2ec127a096,0.32680624299952
b10baee15fb9d01e,0.855888883325391
221ebe5d40d467ff,0.7587106487439196
4fe55b114acc6ade,0.43355267596177816
d8482a667d8a69cf,0.3280136963100872
53ade36e2a1b1e97,0.9337009130917913
23415b9cfe9e209c,0.6065447961413011
280c7808d94b9763,0.8417297922628648
de5885c6a7c6423d,0.9909928392920044
38de0e8716fdf6cc,0.6912377289208174
55bc25143589b254,0.7986091673757141
957e73c37d447545,0.16171771914579874
af84b2641d1c74b3,0.277625377276757
e7be7f3fe2a831bb,0.08002128708995677
841f7e8235380174,0.9433823849990385
63d88f28c2a5df22,0.8706629425680183
8dad4fd4df5c221c,0.7944876085103763
3572ebf75eb17942,0.5739357926689864
25a1a550572c1f93,0.03259618786231266
6ae06440fe74b44d,0.9630597829251709
b4bf088ea90582b9,0.26771836983746283
6b9449d16e81079b,0.2282932857000179
4ff7c9e8a089b94d,0.7060105906486096
aa5c5648b80a1a3a,0.5425284861658521
5dc1f3d49bbbe4c7,0.7912141985607031
99546cb325e5dc06,0.9081037336172045
220c843637482425,0.6350810739655984
6608fca5b64d440e,0.882344490341614
f29988dc0a3c0243,0.6402539603051394
51058b99b395787f,0.21274676649747443
ed1bbe11677f7bca,0.4396126363371139
9f9b85620fbc0cf4,0.3306148859346963
8aaeef3315304e45,0.37268491465132614
5d92173cdb00c0c4,0.40723096949087895
acbcfbef3b1946c1,0.11748850257091029
73cb612fe6d23320,0.8128608903318928
4216594871a36761,0.10806092721672969
1c2bf4927779574e,0.922022506124901
1498d0dff1fb5394,0.35978054698429396
53f47e8f08b91aad,0.5177677414876145
c4229a0ce07e83b9,0.11360907258678427
bf61a06ee47b2027,0.13525091765340103
8aef635fd1b3a740,0.14733079875888336
0f6a8a20e3587b09,0.1660628844585308
75d7914477c996b1,0.4014816455711437
7b1790935e6cb838,0.03875202416233717
d680549ede3f6dc9,0.16825385534376147
f3bf39cd2ab5bd9b,0.35851203701091827
0b0930b54070750a,0.2219746001221662
3d97f118d250279a,0.9373532209703997
e9de0ad29a82a54b,0.618959134373127
9485f200c4e02805,0.7046110363092853
12d95850d018d3a3,0.3551526340555001
ddc866b96dfc3aa3,0.811524404580642
45a33a8161cb4b46,0.2401980428350386
990eb9e1c61c80b9,0.28131163271412224
378b6aac03179007,0.22590917833079133
b6ce4df0bfb4d3c4,0.22107737563673197
a50653ff586cd76a,0.5385658578312489
65cd9ee07cfab83a,0.5120709633446171
d2bbc0c9f79df720,0.9341547579622105
82ce816296a1512d,0.03519532482901788
e502c517a223aa14,0.2183856757058962
71d19ea693604e1d,0.2975011999756057
0d037e649d83d735,0.595417863292097
6ba6991213384d83,0.7786473198376064
4cac0de9485495fc,0.8812951283044383
9a0be358e968c623,0.12197564466241781
f1ca34616439cd54,0.1605815684509327
e301cf1f2e4c3681,0.6579314301628187
d614ef3ad50cc2bd,0.7930818751446835
c0b33846eed21da4,0.2812511758337734
d4e499c8cbcbf2c7,0.9187736925931105
112d556866bfa77d,0.9436111834391785
3f5b776bac1c2a71,0.6009458555345769
97fe9a981d0717bf,0.598911570119876
ce3280649c6eb5c9,0.7396644777600989
7ae7079159ced82d,0.41817049494661257
f1eb50e28869a50f,0.16119325430873693
52c8dc366cde6d2f,0.23636278976994984
ef14064579612c4d,0.7596944405731048
7897eec02201ca6e,0.3923487895682931
321d33ef853c8fb7,0.8989457754655055
96766da6bd7c3998,0.21689537612247745
fdccd120c1ead149,0.8538309765321992
288252f0e770ce50,0.7779038040568514
d4d977f5a3d8f01e,0.7812552492049306
62ea4677a492334c,0.881745068624322
d1f182b83a420b6b,0.27987807050302216
0a8ea601fcc75d1c,0.7717381328290871
27930c385742439f,0.6857963645945195
13d12d929ca71339,0.9264639194118518
159b4f9fc1efcb55,0.04229371694757284
94ffb2f9a90b358c,0.5652004326849893
68615d70615e3b37,0.2199419460182817
d4a40bf8afd7e4b4,0.07780806922907402
e3dcfffec2d51e7e,0.10105143029209951
10366fd321e0ad43,0.35399148457179896
80e3f13b4e86e5f9,0.9414872757412175
6272a9e176561590,0.7522710001639865
14ead2f08e775ba6,0.8656267830954744
08ecd3e0061305ed,0.582567760660933
b91abfe0273da79d,0.9491953171860587
0c3efbd8c39177b8,0.9967526849373272
e9e21b290009d63a,0.41323305303485447
c188505410fa547d,0.5922624248888473
768d9e0553a1399e,0.11004296190747566
a9370f34870acac0,0.8158882284807961
9f6dbe29c2020549,0.2818568678453681
6da7088fbbdbdec4,0.6030303369694588
944a046635530efe,0.9354965715164624
55a97e1488c333a9,0.20655360220727975
bba6644aefeb263d,0.7657828337960343
750f5d2c63709654,0.9434474101361375
b7f5c550aeab6fa4,0.6666055789531036
bf2efa05075a9f6e,0.32626038800613694
2987973344ab04ce,0.37385475333540896
a97d19edf8f608bd,0.2931303111837677
6138ff6754f14dc4,0.1754704009019187
87522437573af7c1,0.7046571091031043
57cc4278d6b67c5a,0.0392480046879277
8f29d789ebf40f9f,0.07824036631038683
15e17422c43ac280,0.2729635928743137
57faf77cf5f72f53,0.5463810312151822
febc8ada0a8d768d,0.16726357741771822
86ab68be69241db5,0.7324632147270408
5fcfe942606240bd,0.2424522206556533
31bf257f6a4a70d1,0.7823006036722409
a09897cadb789dba,0.06889342042330225
328299ca9da15ccb,0.35478707616571226
c95184d7971b2960,0.7997657420470528
6ba9df085d34410d,0.9936953461854285
396ed8ae6d33d2bd,0.762244515396131
b058bc3c8a9fe33f,0.9215163455142352
77b29cbb7ea1ac6b,0.8612877698199934
c8d191e05666d6f5,0.8942224099874971
c4d716a53ad99b70,0.6694235253575821
31d17f992245249a,0.09258755025479183
aa459cbd8c781f76,0.884973444458968
7ba0185e8220f22c,0.19898508994574016
eb077a940d0bbcbe,0.6080721133875824
9298c80a21191034,0.5887820173315614
037747626ac5db4a,0.22208372487966355
8ee7aa8b54022319,0.9117156883174975
a2b57b918f2661db,0.3674268167870516
e703b056b17c6038,0.2807890293526591
5d760ec696eac629,0.563070632341796
68589cc32366dc9a,0.4738741285292994
83d1d02b456e13c0,0.7059525238658341
f5ea6585ff5edb0b,0.900375010020158
32290819a9b6b754,0.42917164880574976
f0cddec42ddbe07d,0.038845840809466445
41d5134ef4aa43c6,0.36558919911969434
9a422d8246e3f97d,0.4494600965984458
341cbe1cbd51048e,0.23306338745628397
3d2c0583f01cd72c,0.7155946138576963
870996e4835ca83f,0.22416141580353316
28b09161f3b17dab,0.579352563417437
051b367d8fe91233,0.06608479440819934
9b8aba50b3ab95c1,0.9068706624021828
ff5577bdd79bcd6b,0.1947196363832909
92e4eb0a0d4c41e0,0.9550104679361284
575ace0896b22257,0.9478193095541331
a16f31da04bf60c4,0.44418846665340683
cbc13a2671d3578b,0.084296775770811
876ba2c5e443fd41,0.6632350465666104
5d5689e87dee129a,0.9405870490161788
71a60a6dfa7e1760,0.8042058168322131
f2a38a0b81dc90e3,0.7771056380809007
ec97de286c2686f9,0.2335354705364534
b77b633a5106f906,0.3294469866540748
972df202456969d5,0.19764140442355624
5d7f4e9617d1e7a2,0.2159143743836756
196dc3655d9d1d79,0.10845248989359493
7b9da0adcf1bf365,0.038387460184661056
b9d78de840ab100c,0.19288820256020053
803868566ffdbdc1,0.10213217493313131
cc5f60c8c3c2b5e2,0.2167928963331709
88919e17cce1dcd0,0.14076089026813976
88bff82c05879a44,0.17813141263304777
aa64759c290cdf84,0.47812191037262186
b224a7d8b6f39ab3,0.4548525880352612
ef11b15a28910cae,0.3008541269962004
7e08eb8d4482e7e0,0.8737938071408422
609b606891c6ff2c,0.13729302731519402
07ecd08d07bac830,0.43406784529887155
aea578dbbc154142,0.7878617085941999
9c702ee77f731a28,0.4554225333576683
74a102877446027d,0.6680427004700897
dd13d150ff97f653,0.898159323004808
36157f72f10981f7,0.4894126129857981
808639f0db0c51a9,0.40807005411792746
d809389ba1350646,0.5788816843679283
353512ba78ee6085,0.006879106795737316
207ae6c9e8f4fabf,0.3870190525742768
333ed3894f0f2865,0.8516495108826239
c8e41f868f963ff6,0.722890898504651
c0436a45e3cdfea0,0.061223561760649
497bc4409ccbba90,0.8683988611982236
b29f7d1224fd0321,0.5404479860177307
7795ac2497824361,0.748832416781795
28bd2f25cefc0467,0.3348857820052674
7a5268c2c0ad3fb2,0.48918650506052475
9335e306e6ef6c17,0.5379193889831916
380dbd85787bd38f,0.8807968372834194
4df3a358e7ec87b0,0.12352880230287541
b423d03461c67e1f,0.8567733105170654
8d6c8b00790579fe,0.3627634964592976
75302981ca660bf5,0.6685415112758704
34fae39e3b6350ef,0.43776987635553233
47ee9553918d83bb,0.7683232652900509
525eb09cf01d4422,0.6473417266646683
f285090a9d6de2ea,0.8484251846404691
9a015d0a0e9dca3f,0.36812605065429155
5b9ec24c9cacd921,0.3989953563831016
80f6887bba571ef8,0.4826136736417387
a0121be4cb97ee81,0.23744755655058125
98bbb1d875be50a8,0.778162411236295
d13d14d73f638740,0.5444879691361875
b2c1f66103087339,0.3986473046615335
ed544070c1558a6e,0.5160857634482946
6dd8a5af5647059e,0.5426493585612249
ec707e8be77e5bf3,0.44870652798865984
435ba973814b0e29,0.5077078843270146
a003759cbad0ca72,0.3014545703926338
4c1f413aeaaeca8d,0.3452761501881847
febaa69039e2d424,0.8220017393909028
1a7702c55d1c3c6c,0.6953938441194925
747b48174e7e8cc5,0.11827099294927469
e73a38787bc7abf6,0.6371512939458472
591163e5c881643c,0.7860602499345958
95f08a028b009350,0.2216021885654692
74cf8eff69e3ee73,0.053064757485312204
44639b509c809540,0.7029506460791295
abcf4a1f567f5b1e,0.555212028185481
987d6ffc23a79a57,0.6639749623609895
e7aea6a6f0d83afb,0.646445201383289
d9d2d9b2890a7999,0.3524075468499749
deeaee8dc56ee2e3,0.5179133009495358
ed44fe0714d05825,0.8463697069813432
68d0096d6964bebf,0.19268217248622424
8d52d8ee49e4e8ec,0.9118875766995513
b877123e88a6a266,0.9127224163084174
8aae92b438c0c262,0.05847543580786408
40864f11272e903b,0.27171121717613383
7583bd973a7787bf,0.9698351957441885
209764663e3680ab,0.5352377497655934
1802828e130f444f,0.8088875546091665
c7226e4c37f1c216,0.8105736723195938
cd0110875b4d057e,0.4733950842097554
b66e634d66bc8033,0.0749056417845195
644bd7580a1fab58,0.45723480214364853
ceed54b1129eb356,0.6171578223966123
4a02d907bb4803fd,0.1185083856393173
d09af6dce02bcd02,0.13531652584416679
c81869bf2ef1408e,0.7786183202891405
455bd62f0c9a8b18,0.8090909363170109
8c648fe7475ba2a1,0.8591404090165193
e7c1606cda3f50ca,0.29846051570164545
386a0c809777aa8b,0.44324196018445017
882d6e6250d5d648,0.531645303976474
e73fd396a2d7e661,0.3735157237396013
e1293605384c5923,0.05318575533235598
d8e5a75d55957e5b,0.8244954097691226
75e6395a1cc7d878,0.6141814193356737
ecc995a8d29cc898,0.8547025483085734
ba27e43ae6b021c3,0.3397364710434697
075b11725eefed48,0.9345312393230409
16e06a6abad58f9f,0.5121213236770561
039a18d8a9005443,0.959140774237777
166eabcb1845baea,0.19647836645292194
150f221c402f471f,0.818949105330397
2af5183224226208,0.5490521586299897
30a31bbf87301908,0.12525428949617257
95c87aa909d557a9,0.023089427931355756
d70eb57711fa415b,0.9416224456124072
9464555817eb4951,0.8975301045080238
8d4e5d5935a1a663,0.12057904735955574
289e3f76cc551091,0.48310101204693645
8646ded190e78433,0.39486778818045165
f2e3c326fd923449,0.3680718685104402
83f8985c38ecf25c,0.3599674103197402
8b698836d194ab64,0.3435953334162932
74a48ddff930321f,0.18120122059035376
79a5efbbc2b4f8ec,0.36271601715025853
6e88ede348b8871c,0.6607997472311937
d98b06d0f7e1b8d0,0.27615382654348364
dc56b06363e3abc1,0.5410076134050441
b5355653b987b958,0.1800463251284798
e5bc532f235bc0d5,0.2298706066209127
153cb69740320d37,0.27605187763355626
30ad5d4441533a6c,0.7032552155153178
05ba774a4ce6ab73,0.9220664273544865
ba467da19b1f2810,0.04307532079881241
9ad04a6b621bfaf3,0.760065308742698
f605e43b08e76847,0.9248590871162798
fe2d494aa36b099a,0.2958148982260535
1e5a8f5e21430d42,0.5513825567364399
9b28fcb2ee487967,0.9799282478294669
2f1c0ef6d36a75c4,0.4114830919755723
37fc5525bb7de5e9,0.0948393847172369
d6538f0dbb2a123b,0.697475123530072
7dde59a4542325aa,0.25204213254294866
20c617dcbd71f357,0.30218475148648416
77f00b5e8f833d41,0.8161951310574924
869a14428379a740,0.449480703064662
5fe5544f8e236559,0.7119669495123089
2d3681cba05bb562,0.9049640618623883
499be0abf97d1597,0.46780754885172665
5b423761773c3a6b,0.9636182040094075
57cfb14bc788cf66,0.7473801921091148
bf8ee8443882eb4a,0.8101956751110837
400e3c9ccfed951c,0.28433329339665786
95c34bd334691146,0.8835540774748436
441b99f616030e70,0.3814593059325419
d6449401e78d3385,0.429555769046531
ee04b5380c7d4f07,0.8413341415596057
47350f4648bd6090,0.11867929435703581
3d184c420016986f,0.249479348242731
2525af5583075cac,0.737533905162602
37055ef29f0a3dd1,0.5059557692149736
741ca2e53f728930,0.8996898204161766
c2060532831835cd,0.7599095708611242
bdf51afd82ed739b,0.6237431779454076
87516eb4863191a1,0.7786599581920135
034a25e098498861,0.052573440929395115
2beaa963f217969a,0.9696760533534738
6b03ea3eb3783933,0.24502863810504782
99cd56ca4ca12f1f,0.1879909229763944
42288d86bd56d80a,0.33495645189080453
a5497f531ca73858,0.21717263196093406
6b8797ea062ce398,0.33724496480557464
1514a9ebdc630056,0.5349397236373304
6a47264adc77dad4,0.36455314723372845
4cbd1cfe1be11280,0.9295853448622717
555f489d111c7db7,0.3984447499156182
d3d1d52e817c754c,0.06878995326228368
80c2b83979b319eb,0.12424303446526744
b601ede8f1d5ecc9,0.08709424627759456
ac4e394f11848f01,0.7856603392032767
a5d564228af285dc,0.37676396414713287
872eaff0cae2acee,0.2559965633223862
ca524fe71b6054b7,0.4917951629794761
092fdb93d96ab75e,0.16583445728269494
b1224feb365fa8bf,0.20000175809412124
b5883c6e74b0ff0b,0.11925591131562979
7aade43a31d09f8a,0.3672076550428641
585ac3a63ccab1a8,0.22148308942833145
e4933222bb492af7,0.6229821821416763
d4fff28089f09f7a,0.8035055624856369
1faffaa35ce84d77,0.788124985034522
27afb6fd6aac442b,0.012898956120298649
847a053fb85c500b,0.23918953343703225
9ad6971bd0ebf223,0.36675770102949085
a14e1a04f336c6c8,0.15456988100748784
50698da7b2db2350,0.43242971535603686
15655e2cf84c9cb7,0.7985149656704248
ef796da1e5967ff4,0.8717054333662899
9331c7e2dd294fef,0.5564331532240117
b7796a59af546a3e,0.3930482701406415
d9279cd811aae7c0,0.4045656448791217
df81c08c47af6c59,0.7981695647915299
1b9dcbf8b65b1a52,0.6311755728046089
dd377f760a65ba2e,0.8031071009682056
995b4a4b97e53e5d,0.5567503280462012
13b533f79e5a5caf,0.8099168228133518
d4c903b8efe43c13,0.9658137533417726
4fb9e1bf5a2f571f,0.7421626876256959
ed595c03e7747694,0.2255246536908276
73e9645c3d48fbb5,0.012074095830652798
a4b5405b00736981,0.9038064022950791
2a653776755ba7b8,0.0875668965347691
158fa97bf999e010,0.4442709137500954
a95d0a261a3bb142,0.48564112211732036
ea46e88a59d4fe5f,0.10048619057479341
6496d7761a0c6190,0.32579869670501643
6f4ba984b6dc3289,0.45742816994510815
5afad3e6c2fda712,0.4389949387105019
02effb9a084a466f,0.46135708504249356
f43a5e53fd455d87,0.9302235235690866
49bcb75b2ef9551f,0.0712539022818669
b21c8167caedde33,0.006887198342202318
15d2bbcb8c316442,0.23628083491288998
523bc8b194fc69ce,0.2330981834803194
d7b8e5c99743aab4,0.5464034878593081
3ad43bd42075bb8b,0.9117118089899288
812b9840da2dccbb,0.9178295057624106
e70b5a521c308e83,0.7477492293433351
3c45ba8ca9f6f412,0.10324804993705033
7f616f8d83b3eb18,0.3771013487544742
26c592e1845bb489,0.31843541559191235
68d37c0a802b47e7,0.8414660824917339
d8934f60893849d4,0.4151614906050486
2a3dc482e2f9765b,0.39333959980067434
016da23592d81da0,0.12240313199327885
4fdfd4d0c0f506a0,0.812763226403582
729fc49d981fa3bd,0.39379080722866355
15deccf643c21df1,0.5069339589112403
7daf2f242a027468,0.1346363530954271
d51a0a86350f7add,0.03391946894194891
52fa3a33f632aec0,0.6813510958643212
bb4d95ad5da1ac87,0.4179906371860288
cd23dbd0e165834e,0.07203524480276662
ba39191a07cf9e7f,0.5524092108150004
9ba5cac296310d3a,0.9177223384062668
d322c51efb437d17,0.1115800139463803
3af739b2f776287d,0.7844474844909068
85804c2e9c6d680a,0.0994555141349624
cb0cd20b25649838,0.23232904557366288
12c942ad8a277403,0.4922386518464996
289e502cd91b1547,0.6704976744406581
31c382a7004fe972,0.32529184516005855
d169a1c279a46015,0.9477796637074022
f9b4abfb6291393e,0.6385529580321805
6717d92d92048fbb,0.46290215406498847
469f41c8da1eeb41,0.5696039079734352
769314bb014d1235,0.6903508100922724
ff2e280d521989fe,0.2782471995569746
1d52653d4f3c35fc,0.0758129112949378
4c0ebdf6c9dd9fb9,0.18382728105603502
8e182e2e4650cebd,0.7324696565603492
f55714d17852a183,0.22354033066312168
f2e291daed34f717,0.779650936425456
2fedf01adbad6180,0.1377412441795408
7079029a20553569,0.6251220536614241
7214daf28cec2f25,0.4439606223067669
3037ee52ce757f35,0.08823269723114904
301594a1fbd58308,0.48612459890845344
971dbbb99046d9fb,0.816436422254698
c7647059905f4dd4,0.17957246021257267
796f7cb75fc0eb55,0.9018271625253129
bcf00da3386bb946,0.8456839937075814
9fde66ee9b59f95d,0.05273757908042346
752d3e65ebd63369,0.2881727312980328
1a6bbae0cb804476,0.4193983954241849
03cac4272e7b8e63,0.9025017436925152
055fecf2717f29a3,0.6283919329928315
a2aa85d0e1bc4e6b,0.45777239867605923
ef9db57cac44e529,0.5123878906059104
8c91442db55d9d64,0.6327102968194274
7cfa3fef2d1a1dfe,0.1450230142420201
56ede8d9842e0590,0.1655556711185191
fc74e63ad196960c,0.8965761137855117
342867ccf7337815,0.1517110840319766
866f7ea3c4be20e6,0.5522765124214642
f45494a74c712731,0.6372991927050071
414228464c8b74af,0.7280310725238008
e4a3f7a35452e28c,0.5521766201850153
c1eccbf012d9a361,0.18850261243424626
a715e394b41f3a16,0.2616709954704384
26a24b8218ee00b6,0.8877951659592727
db4b58e70acde06b,0.1816230628521899
deaf015c1e137149,0.08960888977767156
9d4fbfbf523a0472,0.9831733112790177
ff7e2911a22e8008,0.7964667569488786
30449ce55b14d344,0.10212379937923502
b930073e02948360,0.6385343194106701
9326674b4c828c15,0.5351879190515307
a9b474db35164846,0.6202239633279327
9183d88dcf308c8d,0.21703591900587535
47c8c6f64cdc0a43,0.473022366739593
2ee4722095033329,0.5603458821940482
cb8a02ecca44027a,0.128447308552121
1925e9dc63237314,0.5971310936947944
dd36f08b99fcfa16,0.8845161694452184
9bbd43f6f760c243,0.7335746243850334
a766359aef66a25f,0.7042825598662507
4d10a4698fff400a,0.5977007298190067
44a6285639d7fcc7,0.6783222873177899
a64ce0de598f4714,0.6850368632084161
8c887a6a554fcff6,0.00849800106377803
ef3f3402f7530e37,0.0023074029929592184
e9cf43bab751f410,0.03083372049082387
1245634a78a3136a,0.1677360896634867
7c5ed75e73c20133,0.32047777976213543
ff7628423503cb61,0.10659832588667992
55df3baf4cb22442,0.12533341329972592
20497b1ff5df51bd,0.7328246520287898
fe1c1e2e166d6943,0.45425690076685576
0a6a2ebc3b004ba8,0.4229941566422232
ba16bc573e1d9a6e,0.6140525718011676
41ae92fc5f37cdc1,0.23835671736663006
ae05071f58d92774,0.28887780229816634
a8d4083bb2383da5,0.9136575480773994
92cf17c3d59c9b61,0.021842225122023634
f591caedceef4268,0.24812797700379946
e3d006785a8a409d,0.5849159915303263
dcbc913499301796,0.1323947156274572
b630e1af9fc1f3b9,0.8454135983491828
7d6a1e459131bf25,0.9291566046986623
5f891649affd8c18,0.3998803173383312
7dc102adb7ad6667,0.4814814853546599
1b8c16064d0dc4d7,0.38913095193486824
8e5286a9c7d73ad0,0.16948959233921917
147e554cda420ba2,0.17358744090463685
18517e2df9cc10ea,0.4234872888919127
54ca2e9aaea55320,0.9820018443269194
a923278148853286,0.7095018318031838
cfb35f11977c3be6,0.43169525606223635
aef8a4667274a47a,0.06426726279110047
2c51172cc4d5eba0,0.2941121502333019
494446d84318c9ee,0.4307585338533201
aa652d97612fe50e,0.024930924794439504
baecb9e5cd4b2907,0.8614147518278655
c29488c64d211da8,0.29978025183408924
28746b4c4b26d721,0.034546763116284615
8a45d03fa3989bff,0.26774202534471014
462b3e544fe612a2,0.605612564742282
359614f152fbbc2d,0.31934952388339566
5e953db789137f0e,0.6533614118444466
2a99aaa9555b3dab,0.5754222468576954
aa37a77bc447fc0a,0.947897837162317
8c0d7f3ade155e48,0.10624861122338793
45b05dd1071039ab,0.9833811358355999
7e037c271c23576a,0.23094555361016975
9adb38d0576dec06,0.5708032893818948
532c84dea557da7a,0.6336647193267666
6c302b9662d3b5c1,0.30544799980231135
666231af023e8fd6,0.24843142042771307
9c06ef2fdb037a79,0.6406267944286632
65230a28464587f9,0.3079184369395672
b3ea4baf43182919,0.5543287569663762
c1f297271ef8cab3,0.23108044021385699
7c58e1fb77913d4c,0.9362508671269895
00ece1c11b40f8ce,0.051112192654329036
a820b5633583bac7,0.8480195212108472
b4e9165d8e2aebad,0.2091980344256427
85f20d358a8d6ce8,0.5041132850904682
148fdf734e431091,0.3254002373734518
67708062cc529759,0.5732078091969471
d764e50c36756862,0.927979546445973
dc093657cc4bfbc2,0.5109447646995975
08c0597e111a2388,0.5951645634549619
58fc68c0720d8cbe,0.38593779153693375
387b7309eb20b505,0.6701733654679842
cca31a05a820ea88,0.8568086348413313
be7e5b7b5839a348,0.7541931879195161
ef7aa159ba83917c,0.5734818671259232
3dbaccedf2355696,0.27047570806911636
3774263bf5c9a393,0.36399086306858297
e830f76f4667709e,0.5577487148937711
c96965b10fe9e8ba,0.208383641452355
aea0b2d75bb410f5,0.6381721866990399
892d778bace3f693,0.5758363738317871
f46440975132762e,0.944674778367393
6084fc419fc10f1d,0.9190346017459595
c6fb1852daad742d,0.21288202554558344
2bd09ffffa247f82,0.18880226763817493
5ded576ceda86075,0.5366213833074789
c066afacb3fe3a52,0.5953352319229708
21e99c194e94917b,0.03410439359559141
7f4eef61767e4c67,0.0671790540429063
dd19efa057bdb4b9,0.13004079465833665
2b309ca794e9b11f,0.9721770273189017
8428fd508cf86cb1,0.6180909261795549
bd059d7efcd14494,0.8839598297612493
7fcd9aa10e5ab5aa,0.31476754004254337
9398c438c5fe8b90,0.17620647257556113
7401e49aee3edc69,0.6833906206806114
0520f17da71602b5,0.311468685852312
efeb31befebbeedb,0.14395321951100096
df3fd48fd3b3331d,0.687032632697933
14e14e2218536077,0.6417304881891028
1f92d25274d4f038,0.37588017482940106
7170ea34f6161e69,0.552061878193763
04b0152464b775d6,0.5081132992231858
7653ee403f88ff26,0.47727506852375884
ee84092d5d680f67,0.973685749976416
c41b6329fa5e7012,0.043789638252292526
1514f652f00c3b36,0.2180154476017684
0c6d11c69bcc6f46,0.45387556906779536
382f75d2edb9f457,0.8998091622931812
ab482dbf08ad90d2,0.5505887921651387
5ecd94cb7901e72e,0.13117752887446757
176da975d008461e,0.6869745583938569
882d984b9b9d8fb6,0.340151714236725
efecedca199bc74e,0.6781574234548662
5f185fd802f0c00c,0.5475046641601464
b7be75c69ddcfdc9,0.011860192628489669
4da0a9696b2e9612,0.37451327697009745
755bd669f9bccb8e,0.46158701117770184
dc744a1038657389,0.4905395271495299
f5565f23a877bd69,0.82228789077526
45485cf629983a40,0.9195629311652469
9d8248668d721756,0.5057029948680083
7e637102a104b616,0.13093248257224882
b9095cbbb40751d4,0.9492069771577077
b6f5bc351054c7df,0.5766286682142608
d08fe94fcb0dabad,0.17742142566642793
edb4aa5de0832a92,0.3345145718323004
b142c9c1185e5f66,0.3316342172356033
1473309b954d71f3,0.8009951206365185
b604a5e504b627c0,0.9755051537754531
d5d6a72d9d2c827c,0.05343355322720635
aac5a801e8926a83,0.39952460470263196
45b600cd20830ac1,0.7885488527396143
8b6f8e193f28c495,0.36419499048393567
9cbdc55a60ad3994,0.17860612660763123
59cc8f62d55aab98,0.01816976344641423
42f81ab5abcba09f,0.48764014239659875
758524a5d6a74122,0.7568647973500064
0acada29c4de07eb,0.4635497146330385
6bf56d0ceb2c1ab7,0.24435896024928083
03b29070bb68828a,0.12658776894621776
2f553bd8ba413efa,0.058162792966146015
c3ea0fbb29a15317,0.3868515616206395
797edeb1c8a9c95a,0.47714719073929035
beb71749be71fd3b,0.520655007273807
c660714dc6059849,0.4151491675202557
549961b37bef9764,0.07022895726091956
dfac78eae9821675,0.09571841542647665
588c204b822eb2c2,0.6816075638015328
e96e43deab9b69f6,0.8220052890038771
9c9a726ae65647b0,0.1018846124660171
58f635ddafc61c78,0.967055010046502
d40624f11c720afd,0.8452215632135196
73575ac328053efd,0.5666415404973549
809a4127b076294c,0.9486612304921109
d476e643d990be24,0.27579320014604214
4d04534027759be4,0.3978847106212545
72c2c7664c8294e1,0.8223938819501005
d3bea4fa475618cf,0.7125933279722771
7af7100957117fae,0.30090252374204324
bfeae03c16252052,0.26368674302096246
dab19b0b61104952,0.853070386317305
8b72f86a4e6a970d,0.7515706392736493
c775b6de816c5092,0.7176035969212465
0de6dca19e114646,0.3816700530070317
0ee2b0fc31b7cbb6,0.08824454707449216
3363b132efc51b9f,0.9689689714100569
ee924a0428a40a76,0.1768391649869091
ac3726dc72e71ad0,0.4769746630052763
374584473bf4cec4,0.4917370765164523
e6b8e496d903523d,0.6618131673348444
8fe009970d6cbeca,0.4142735445275746
b03e574c8770e9d1,0.15803878741102975
27905f95e6931f22,0.4773519363775779
8099a0f72ee1a1b1,0.31367740892934176
5fbbd8a6f4ba3669,0.14971170632129457
24033a02989369f5,0.804501035599014
223faad452bc6598,0.7412819609259134
c5c13adedfefc67d,0.613282795163332
ec24ebbbc53f73ce,0.059150412961616196
3a3e4d31cbad45e5,0.28634541767665506
79763f9ebecaea1d,0.7304301940720666
46806e41926c192e,0.6810606014514027
a5cfdf6746ec5cbf,0.8716443592004219
0ddbe3ef0aed551c,0.22235617262991453
b641fe7061b46442,0.04330496449339891
be98835c447eea49,0.948386803929219
98aa4160c7876f0e,0.9373204376218842
0753638b45dfacf0,0.7969128870695663
e938301ba66e78e1,0.5955232700680215
64b695db5b68b91c,0.46398121960318595
2797a5b06b8c68ee,0.4341512248971666
aee53ec38b7eb6f0,0.6989157536487759
d59b57f46a383c1f,0.42525669908450003
8c3a505dd927009e,0.3155432257175752
436e01defb530baa,0.08053290722427485
2f54c0acfcbfd646,0.7756837191419345
20f15dad96dc92a0,0.275831003796591
8a16a230e343a296,0.4304508149020517
fc511072e8631203,0.6069570177738024
5d976c71ca9049f3,0.6258741685447406
b207e579713d5841,0.993863084432306
ac03eddc2e2fd2ca,0.6110879876389088
6b1e6ff0118fe59b,0.8424429216241864
2cc92c1f6bdd93d0,0.5856965974898583
f651266acfce6c0d,0.3002436247073066
c3b49d19c43acd64,0.1330193918622071
05a27ebb8a82cea7,0.9687627901025881
f32c511446a68874,0.14082617653575463
108d6b400d52aa73,0.6719239508433233
7e3cd0895bbfcd9e,0.7707314624638082
2245ed07ee31662f,0.6548057702649238
c81aede118be0e5a,0.457299424765901
d664a113973613cf,0.48532388906745366
2899dbe3769e8b1c,0.5133893431202239
164d8c33239c5511,0.6118300039921128
e753bb93c30cfba0,0.8828798470807558
4493eab669361ba7,0.3429225401807879
4e55ed26dc79c3e0,0.39588097626664626
1d2f7db4504f10b9,0.10226738230856111
9749ddc8b2a3a385,0.11900353743310063
9aab93db4ffdba7e,0.8959466158965045
88558205521546f1,0.3907816653641685
02a8e05f667b2fa4,0.27113459061489426
f95b0bb67413dff1,0.5080686040425577
b821f8fa7a26d286,0.19471857692664504
bed1456aa64d60fb,0.7614103154685535
685b1294dc5f8cbe,0.7957679245820212
79a0510c936f5eb5,0.8382688042188404
07f28f119366b484,0.18183325655557356
949af0edccb8d159,0.7587010403743997
9965f63ba2d41ed4,0.09289703412661998
f635cdb577ae5471,0.7584833140035273
6419d144df4c87de,0.6893369809361445
bc7f2dd2340df372,0.1476841849796392
cd35e912794bda2e,0.3243568599659565
abf3b6dbce73db98,0.3952016613549173
4eeba8a4c17e4351,0.45391745032544356
f612b9af4ce98bda,0.8500273444067603
d8120911733689b5,0.3797032815733406
723bd2532e39f731,0.5164594865469359
3889ee7a1f5fd62a,0.5605753054735946
66ffb196fbbb4006,0.2728733854033977
53a1c51ae93d0e81,0.5256993022024075
0a4f5ec5f9339110,0.31715767097379277
34416b6b8b600a61,0.2060321926997716
1e0b561b5df0447d,0.6742485926777515
43e848bf56ec0bb2,0.6114096635394012
1ace2be427eaf92b,0.15778579902662415
e24ea459233ec078,0.9700126820534303
e019c487befa7761,0.02479190249752132
7734ddeb14b3d277,0.21339300246766055
1961aba76570acf7,0.4064828478714381
276265c86a0e2a26,0.15004344045384255
4fc5594c301766d5,0.7050842872971025
bfd20f3d76573073,0.5621145674643856
8526753e065f5b50,0.9322582401454749
5c03ad68783d0d61,0.06313378095747105
9c83e80d019e0f5c,0.5620346788877388
4e6019e87ab5ac6c,0.7594499441735894
dbf6023ccc73b0e7,0.17520143959928652
fb35b29ad551c9c9,0.24631097186906256
3ab9a4e335cdfda6,0.43282413228094063
86fa9d51e632ae1d,0.592389650074395
ab30ffa9ef0220dd,0.9753384103648177
ebfe496544b5a6af,0.7463870476977118
4cb026b93d1e4edd,0.23767841837313003
426a41478cfcfc22,0.3172618745973298
3e16e5f885a5764e,0.2976795519891601
dab52f137b1ba008,0.7483699771895904
a7e545c29eee2bf1,0.3113159303945537
6a50159c50f7f9d0,0.03093992729917462
ded3c69308607da3,0.7812690614530596
921388faeaacbc80,0.9830031728647664
8c90e1ab4a546bcd,0.3168459750063345
31b1827fce88917c,0.06600678152110247
d97cfaa40be224a1,0.13125389343839433
b4dae0ea6d15a25f,0.3817854110665545
ffb033e54895ee3d,0.8305337376632969
2b625e5d9c22b0cc,0.39674556104222836
87605745817d0ffd,0.06540432379710144
9717417666a66daa,0.4201523273774797
3267d4ecd26e96f1,0.22737817255897413
3399800c4f113d8d,0.714406664636435
f457366f48f27702,0.24507370321449265
5a6c4f9b661a0ab2,0.8426554799688903
76628bf9d8b6b0e6,0.9939123252136204
997a5333179da7c1,0.18122609942569268
044dbb2023ecc53f,0.962867371250209
737497734f709843,0.8954203634509545
fc7d05c3ca74b0fe,0.28221647680630263
f5b74bbaa8085255,0.3874447458889536
c1d1e5c41f539d03,0.6877628523254933
86f9c72ffb536f2d,0.982561577881471
95b9d46eff640109,0.3536599429120837
3aff516939a3de92,0.2798640700836077
23c1d6b14d960725,0.04600519454184603
0b0950c974175a86,0.3697298934951981
e94d8ce0ed816caf,0.2934175688246513
037bc4751346a482,0.7733087768214857
d43c5617c5e69df5,0.9834466462077476
82c6f27cdcf850e2,0.8864928556024579
7652727437cf5e6b,0.16324614376306446
86f089e7c7ae0d75,0.9508188914388225
b9d7751ccd00d9c9,0.8948903460374973
0a079836e9e1ac2f,0.5864374296500994
90461cd0e33baa56,0.6894906427184112
825b16c4984f4382,0.5974290996678001
9054cbcd60dd433c,0.3334229248147616
770e4ea8a1273a1c,0.7225186776630258
518ad8ed2ff052f7,0.4657135858004891
f12c4df4f05fb6c3,0.22385118011869398
95a9d1c987aae5f2,0.8831606815997148
1d60b64e1441c91d,0.46214515381571253
84ed70c1cda568a6,0.4262192857217765
3d6e8f3a5d06c7a4,0.33918701602974455
eb1779538632b044,0.22003229873161217
bcf84068bc4b5615,0.33821467371357056
3dceaab87e5bd6cb,0.7087627637149689
c86b418e43874d34,0.4889684493617632
95397751cf365c4c,0.6178440409404404
e80b64dbd916f780,0.3722183165078324
d2a231ba481924eb,0.674018033469594
e86aab1a495bc94e,0.07813035386518483
4c088c5147f6cc2a,0.5103585138608262
746c9771aa5c751d,0.4108358136286864
90005adf46be6af1,0.14588410617148026
78338f5a63e742f5,0.6870237037337069
9c3f2d29681d0d34,0.7827122935938051
f93fd851b68279a6,0.9318742533054147
afed2c838b247303,0.8298223802974396
995d752a3bf1fbb2,0.5827073909454112
33609320e5c7578f,0.15191238695393172
1ecda15121ffa27d,0.09545666876485437
47b2accb2f516cd3,0.8477145350256821
5571f2482997d163,0.8390494012706752
32897e94a9feeb0f,0.9301919939968996
3d5fedc7f245d35f,0.40701242063657345
1b4707947519036f,0.5545243826452853
3cee4d33cd4686de,0.5239022891563099
155f6d74191258a2,0.5568458753086267
3ae6a0b3d379dce4,0.35057682420450753
dab9de12664f7b0b,0.31432164596541656
cc73e04980d2167e,0.4532436406849226
be7f0f5d2c65bf06,0.6260770518113252
dea114b428048ebf,0.02993684238990065
deece306851a2a78,0.5868547038817749
d1ce358b8f732eb4,0.3179372542009936
e025d916d395fc1e,0.6381218931763144
f50d9be3d733fdc9,0.3050341599618453
a6c0d8fd193f76fe,0.5002199337634955
569e045332c790a0,0.6383716527694885
977114ec6d208ff4,0.08433691779630156
17faede0e698eb93,0.3699656721128004
0610c3287750d822,0.5515856153043441
58e6e26dd56a60a1,0.06698151167235258
bc263b5b32d9ae07,0.24691514042331125
8894323cc5f185da,0.08467067835154167
e8229221a1595393,0.23815287871618196
63c589b1e27997d2,0.7950548568805305
fe21e0f0344dfca8,0.7302159335441982
7e0194535136acfe,0.2736756759727038
cc859709caaa52f9,0.027701422966931545
56e7153dc35c0573,0.21277936688895363
c76e1ab42940cee5,0.4772335576487117
2ed46ca4b8d10516,0.46774136530255656
ae2f86a0a6c3b696,0.5798754975684732
a05d11d463a21a32,0.21196228360183594
89e7dc0647f4db8e,0.6230286256936542
80934ce845013628,0.47339392573588823
f66422247e89d830,0.6023126238799293
b0a301739cfa2228,0.14687376314859654
42b93c5a8b628ba5,0.2070928901613052
f74f1673a45ce9b3,0.6992944000025825
2b76aa4b82e23768,0.40953482783396983
0d6190a27ee0d6ad,0.7375067976542429
7492fbffda1eb950,0.3736858175028611
35355c2d5692cdbb,0.7852072870030855
de976dafed9c0fc3,0.7522367272285411
e2601be919261723,0.06416103109942489
f56a91dde5defb60,0.29815409975796253
1a9c207021895aad,0.8995198390147099
86ec8e715d2efa2f,0.4900435811443407
7762b73652848f92,0.626837328659124
ccd34b74bb18d71e,0.7204849787289032
eb6c259855aee52d,0.7491187755088766
7bfe956eabaf5f10,0.5143400132324463
38c6063d22fa4f9e,0.7960031125403004
46b7352aa3c8a1ba,0.4745062339483027
049fa3f6cc3a62a7,0.8707879232723943
5f77b44deef47d28,0.18679197261322172
27462f3d6cf43575,0.4162368105627602
ca854373b937b419,0.8551887116604684
1f6eb5f2da254111,0.6980424443559811
9262bb44aa7937b7,0.42168655927259113
d81678051b65ebc4,0.5125744981801192
0edc1ad07f4aa86e,0.8046867441173864
a8e836b90034f123,0.2296581638048897
c729d0e49b2411cc,0.9938470791953347
db925a43365c86f3,0.4810905449673536
1cda28c15e8e4170,0.7783546594896938
ef5a97a20c5118bb,0.924578260881684
4b990b98ec734989,0.7695846281806609
a96f328dda3bc98f,0.5392929223905811
b467b21cee5c9a57,0.1701801804740481
8c1694e84b06dad7,0.2850025690455478
7b038881fb7ec965,0.6836511083763643
60e46ceca8ca6531,0.38986086223547645
be2e51dc6bf61727,0.7945856295240205
f1063bee63d2cbd4,0.30407635265057464
1a3d53e660017625,0.3147532304531008
6db1dc15ad1e28e3,0.889261762070863
34f0bfc533c2a23c,0.5415115082487345
76e738496305310c,0.279834812780725
a76e95f0a09b03d4,0.05542280945019843
6a0d13d3e413c0e5,0.13966710557521342
e002702b095c4d9b,0.573374065546459
435eb85f778a69f5,0.07142835690895927
5584a339491f1a03,0.7569201452139309
9a06cac14b623965,0.5015836587990976
b199a982f9480beb,0.9024813522150563
e32add368c6de44a,0.27772359889317305
34824decbc66688c,0.35031780233689164
070711d7fd9b7ea3,0.6475127252257513
a1656b509ebf749c,0.9725615811661135
ee96df140d42129a,0.9691656778257949
09fb51e0fded24ab,0.342017667886547
77e04872ab10bf20,0.6786191870021377
6b34ce0940c8c237,0.8795976952306694
8b94f16483f351e9,0.6480921525756707
a7d4f13860590306,0.05909879787097988
66537bdf81c41f46,0.9323401256142851
3014fd36c07b8950,0.6559009366629166
789380ce86c031af,0.8107205450927066
dbaee9defc780591,0.6221954450012771
bad0375f198257db,0.11651707118114649
a7b766569c6f66fe,0.3555673297655977
efd3fc92b86b90cb,0.6221604960706705
3ca6e7825d948c12,0.5915865465736423
5c73fed8f1d584c0,0.4333071095125441
cb7f45c4ee30e84d,0.6178654632094827
aac70ac68209f1cb,0.7312329398485459
fb253a15132c7c36,0.6110863558918959
4f1ad3d1864799f9,0.8637382106508608
06cc890b7c3abdd8,0.18884831723561343
48f5b50b05af6685,0.10211478945589561
8abc163b25fe8f16,0.10331685275969812
5220ee550d303425,0.7405432568255037
8f7e85307eb35706,0.5049083257165701
dec525eaa4588cc8,0.7385648897998307
8a7aa7c3acead22b,0.6215646322842006
0618f0627df67711,0.6501885758512398
5d9929a965640bc0,0.4895683323968909
b45f8124eea44b5f,0.14377627081644212
32e371f83b148fb6,0.916907766609947
83b9c322c9febec6,0.40334833771786055
8bb4d82df107f45e,0.5981700883610589
cc28d0d6ace393b0,0.3779542424186572
29c17f03906ad1f0,0.42645530116453606
b10cf30c243ed8c4,0.8646742249203594
85c180d755530692,0.21875202510066172
e9478d4c11f48523,0.03449702441924943
329d63bfe65d67f5,0.29881190841242666
4e7c7fbcb6fde9af,0.024973666758623322
1f2d4ca7586d9ef4,0.20193759241514336
04ff2418e503eb55,0.7823290425814141
5807d02f74d22963,0.5812291216208582
23aa15ff2408a5ed,0.2569440625083931
5c3fe62807fba6c3,0.43722012325978804
c97a3c1357c537a3,0.7394733685365265
bde91246f16123d6,0.10747561934023306
dfcf3493677dd9ae,0.019825470188365748
4a0cb390212d6320,0.6621041432303578
dd48f98a0e7c2640,0.3426642422814743
21669e26853a5beb,0.6838857871278106
c4c279dadffc28bf,0.7849176810644125
27f99b00db0702b4,0.16147997324000715
823a471435809e0c,0.9262407869754413
36d9872df73f0208,0.5713370251855509
69b691bd3b11f565,0.5655870122213997
051aab7c376493bc,0.007420607280959496
897a042cdd939f4a,0.9158633064348087
16e574aceb37758f,0.9326200980157149
7acdad670c7e177e,0.6723493158961256
af7211a4b66028fa,0.3815442975669028
3b768875237c8195,0.6908659401708235
a9e4e55b286f1971,0.6793122383871633
1e42f2e9ad67815d,0.28023429455533355
0d527f8f008f8efe,0.0818383682695166
4c2ccade1925c5d7,0.4665436147598216
b3a98dacc0702405,0.22397581115692758
9b8e0f7bf05d953d,0.09726900875681962
7968527b42656286,0.20528275089249565
caf14438584b43fa,0.08673437865872158
31e140000e0bf36b,0.3554054300931728
336acc52a893cf2f,0.4313739995838189
bce6e39fc4407c93,0.0819011930970666
d5e58bdbf23f01f5,0.05216305193587231
1ff7a8ec347ef2c7,0.30373561524423975
ce432d29b214887d,0.17313217726122537
44e820df9233e162,0.599693859761099
fd036d6641276c78,0.4970648708069195
45c36909115a7b3d,0.7662700350410003
0c18ad3d4c7f25b8,0.768411050503917
4502d8fecdca43ef,0.7895183775806702
9bf5cf3ace55851d,0.48158984504772306
0e04a1cc15af0b5c,0.013680220314401054
86bc772734133e12,0.6420191531998034
76fda8694024d3e9,0.6415997513065715
d244839566b6672e,0.5599810175717697
e165495e76c8691b,0.6007791255152392
18e8d9f4f0ed1ffc,0.39051379254482466
c198ddc9a1a0f0a3,0.19496844592721477
4f15b2cd5370863e,0.3816656018277008
5b71a33a75b4b41a,0.9721808009298146
85211a41d91dfa68,0.6502142011299075
31c3ad8e554acb99,0.5256385373130454
f05e3b467a207ea7,0.001543622500369723
20eea1cacbacd917,0.857828195136948
338ac2331272bb7c,0.3198968788047515
e6740f272d44da83,0.8489836044386618
9368ba44560c50d9,0.4111772557456238
18e4039723086124,0.46661471301266605
c935d65cb1c5cfc1,0.2574228994319274
dd819f141dcc8319,0.11364614585229779
90488975d041fada,0.34751920856798263
a5aa463adede1f1b,0.5943474833158202
872ac9ef6cc6a618,0.17584350950352542
ae4040a11f651b1b,0.41115382103802184
468c82067304eb0a,0.7479490937224513
cb460a2bc70974da,0.14319904475529882
366ae30bce6f5b98,0.3954278016592879
7638518d282a3163,0.8111668408504911
633878cd7103f469,0.4046713694892353
73b8cda0da8e3c6c,0.5122914793374869
b24a01610939d7fc,0.04062206221078008
99024e3163df7833,0.9426929021026096
f67fd1bdae4a88b9,0.47253561111575554
bed6a87757540498,0.2554706866004717
97afe9a3ddc497f7,0.41013826461913955
dd9f348a3e019188,0.51016021729653
34946df4f3dcb0b6,0.7090790270160053
9444819c9eb0c9d9,0.7548350475746319
fb4483e1ad010ba7,0.026600313525188723
00c68b30c299654d,0.41270525608057274
72515cd3d8b3aa9a,0.7345833993770317
908510f96be347b0,0.7717522265859319
99a21c81b1b48573,0.3786257859233755
22f68a423b09a5d9,0.046553002426371615
e7f04cb37080c9fa,0.02483391844620924
dc02fa202a12aa6d,0.2443820417150104
10d0b7f586529eff,0.1286033637724454
ffd7b011eb85f998,0.6217059675645413
e621dd32e1b264df,0.21579934687326313
4af1a1f24964fe8a,0.2526354164701253
811ce0830dbadcca,0.07233267041362886
19f0e848aacfeb93,0.6407902292694683
8d3f02ada61029a5,0.7445285713701072
1e2a07a17f935db5,0.1481767907604455
32328db851b10b18,0.299162694637251
9ee145457cc792ea,0.9267477178264864
ad8df560233793e0,0.1793789032388591
d22762aa0ca69d56,0.5265069267152491
f8355291593dca46,0.8151930920566137
0c612654e51e01fc,0.1230223080565198
ae7e23426e25bea2,0.1344614351820877
e009b5beb1619a81,0.791922123870224
520faa13a8c7065c,0.9091033222422112
b5f1a39aded71e0d,0.1080436337981946
de6cb6bc5b8d1640,0.5109561552399973
d51fb6ba7bb6913b,0.8536352991457712
a1375923af03ec27,0.7406354046101181
8c4b7d8e2bf037d3,0.4354194607377377
681405cfbc0dd97d,0.4401260635602533
992164c7365bc333,0.7299669387150545
4814a10f30ed6822,0.6363495597015254
f125562b955f34ac,0.33388099159176304
8665c174c23e0232,0.2689396704641815
c03010cc5ef028ec,0.934695653987146
d2cbd396091301dd,0.22687134355846308
c5b700f429ada2a9,0.5743591591163663
07d97ad7c5757563,0.28399879854591753
abe88bd25b74cec2,0.9191121205031177
b5242ec51fa10803,0.2209315594674855
504c204a4b07adc1,0.2725439406240068
eb3e885ca8381431,0.44839151495555385
88019e77a7570235,0.6923590283982777
4f5b5ab494b7fa3c,0.6570148746619143
ff857c8685376696,0.6919887484330556
c97ffff5899cdd5b,0.8971908320116702
06d8545946fb794f,0.81906925656357
86a18a847664c8db,0.46159386342727526
236b7caf60e83702,0.30671621747578814
b7362d1c5e6ea485,0.4075498221685052
75a194abbc3951a6,0.7132140386073245
0739352b03f43601,0.49765435210566594
d5fb0ad6dfbebd36,0.07033311963706987
ab3267950cbf32e4,0.600749588971504
061b96409f1ecea5,0.2507963620921188
77507cbfe35570ee,0.041492763607002756
a36af5b550eaa873,0.6540357725759536
9ea7c406af2ba7ab,0.7447078233693849
f67f1e53508bf00a,0.9345268479764148
c1e4dc287c41d581,0.1912188892595169
a53a53e86b02f37d,0.43961190096915154
608291782c527827,0.39434064795279844
d0ad07399c84455b,0.6251009727392535
fc8986567718f61a,0.9368888021811437
5dc1fc6a5d643435,0.8154306382722984
5c05741c61417dc3,0.5932474374563953
d702bbe78e1fa189,0.13264946658431642
e781540ac8518204,0.19449652876715787
7dfe0b8686f2f32d,0.6852742560932397
150a93d31aae72a3,0.3450117576603595
6eef12e9a09066d4,0.9089217544153914
636152d21bd16667,0.819166268953206
c7f6af439da950c2,0.11845875956553473
27acdee466fcf485,0.9795987729513606
a8804fe9eee0fa90,0.053114311654419606
6192ee4938021f38,0.8838313601898589
fc02f9550afeac41,0.038749258832979666
7c9ba87d30178a3e,0.9432382098672483
a17444b2e1cdd78a,0.6841831384223171
83df6fde56cebe4a,0.33766553493848805
b35110acb0de3b77,0.7812085819124991
9fc1dd40acc8bff1,0.9184777890234013
0c521eb5fabcd49d,0.40457076994823116
e081802079fcf55a,0.8468512659493572
12aedbe868f79776,0.01553481170901479
be8a2586f0738799,0.6548597279850925
077d63174223dbbb,0.14433885768011884
bf95a5f9268fccfc,0.37127405927697554
51ac7bebc69eaad3,0.8837453964208514
823b8b0cbed56665,0.6766529484279747
7b06037a7dc44eab,0.9424139243156759
c3468f13ce305a3e,0.925075756562136
82906bbb278815e9,0.082819451551304
26d93d94ea19b1b9,0.4088597118971705
d59469ecf7c3bb29,0.3775452394285392
7db5fdf7d9e7b81b,0.31609193876244124
251dd43cde3297db,0.45368239226951057
cb1945985d64f4de,0.30622460817413544
4eeb92e907af170f,0.3942405787365316
feb8fa429dd67ef4,0.6847623093475705
4de67c2419537ea6,0.2527532965446169
538e4f56402af36b,0.8702282264188731
a4cf878441380a52,0.8578578669389958
96be7b3de04ff62a,0.5736217374133653
39c3d3887c8c1a94,0.47479545419561114
1921999c1eb2c5c0,0.7657382655680859
d57e9b30000ad4ad,0.6183305932240072
7c4dea060b3cac3b,0.8652224240083917
b72576d562bd56cf,0.7898636208658572
e1b21c89aa287e10,0.25888948796920896
ea91d426f07b035a,0.29185732761820193
e3fe0ea3b0e68165,0.29258918968615344
733a4e55740edd52,0.7118297768689024
e3ec47884acfc533,0.945865228321076
8b4fc284f4d71fb3,0.7920108545324231
ecc8c2db5ddf594a,0.0626220734693011
6a2e9bd8a0f89c66,0.4009809614037986
330cb959caca2412,0.9328806521338664
d9ec4fb651c85ebe,0.3564081863616332
059f9fe46af8bf1c,0.3821528194755211
3a4738e51c5cab59,0.5659276611380228
2defc05f8aab4fc1,0.8884170333556637
5eff676251527676,0.06677773120622169
fbe244ca19447d90,0.4879690479444514
6a795f7ddcc9922b,0.09971111102648625
31e47d59215b37f6,0.41607021076870754
dc507cec24e10ba0,0.7957892780057859
a6bb01f0933df044,0.16495843839423646
8d856f853ce1deca,0.46728084165276196
6da96325a4517519,0.36374365042657114
1154f92cf57d2532,0.03991361486988414
f6f5511b39bec2b4,0.004475176611474304
52b72c128d8d91b3,0.8743277220875941
75e7fc7c7ea0f472,0.5690780720974257
197817ba33606b5a,0.580021011551707
c1951ebb86cb1446,0.7513941262924065
c4c41b18d788438d,0.7067209413512853
aa26bb9dcc890fe2,0.677309988480483
c2c4703ee4c876c6,0.8643419122488463
4c5d7e0beffa310b,0.07053511323106704
83c908bdb66cb2b3,0.6634805881890382
f5402da16c14957e,0.3547890846150154
2ab80ba80d56a41d,0.629185960658194
1c6b71fcf804ee07,0.6898593841376206
2f3e4501cfcf6dfb,0.6935365574973249
e6dae542e381015e,0.29254124733136355
eec4124d10360067,0.041788158113787055
9105a2588a4a2770,0.7034975297570722
130f75788d8a46aa,0.47753947230726496
8835b5e539659c18,0.42905576114522614
d219e6e0ab855f68,0.62562869467845
0723230fe86de14f,0.6194438810514682
e81853b0b0f8c271,0.11987765319936108
979af46a1f611253,0.7014002418206254
945f78f066a99193,0.3811566946352676
9fd22540f39891b0,0.24839153983669773
2631c1e94bf99eb0,0.7964264120067539
41d6c34577272404,0.40645496730420905
13285c2b73770aa9,0.3894803596705906
1d2b2b68357f4992,0.07915209479454423
5e3172665089f4f1,0.8546849773468985
9f7be9231e3552f7,0.7347384460291233
6e458ab88b4204e1,0.30448621648986174
10739a7eee3e87cc,0.15342430978326999
a326839f328dce7e,0.9522882433225041
2e706184335e4bfb,0.9035662437513836
e10da35ed5233e23,0.06354501892786733
85df2a159bcafca0,0.6528245511819692
7e459f89aae58555,0.272076020788718
c5733fd52fad180c,0.5825258778801894
d78be06de4424dc7,0.050339784603278245
af782e55eeec3b26,0.8308553511460675
a5428b7d3e5eb0a2,0.40199470461239695
8d920a6bdb004f92,0.9755929711449495
f4be0e405024df8e,0.8434054989013204
d5059f8f88290d5d,0.4581902655159248
e368d0170d51ce4b,0.33153641529043676
d8ddb30bad626df3,0.408814256237178
d1e892e5a070ad3b,0.155904859772901
8a30b24e45c8dd56,0.4141691854119076
7616820e7f2f060c,0.09890521790273998
35bf1de33ef37b4e,0.8590855374445734
7fc73341974a9c57,0.8942636410747936
9f5bd41b72cee0ab,0.19885474934664726
44e5daba8a615664,0.7921212839906426
6a29aa78116608ee,0.617261088919116
74c36fa527d5e914,0.2168225107636736
65e5065a97a00477,0.4992643634799893
2bb9d6b7e64b8108,0.09950499486943595
297129de9133a71a,0.21573964028794468
e6233ca37ff20ae1,0.7437996952326059
e6c230b1db202085,0.8539168408480082
042447db024700a4,0.09543143545276404
5347f880cf1bb93b,0.4148892625412045
f7f2f5d41652f6cc,0.04157547485157721
71ccebe269774017,0.13010667756154895
5d89474915222841,0.2613808389524729
583b0f485ee37a28,0.20404802586297122
cc5a91f4a1b878cf,0.9580419585964157
636604af09feb6f9,0.08483608386364637
9149bfd2414e1f06,0.6963862984046055
69c71a71af3a6a93,0.20666052454493786
5cab1ef744ae1f07,0.5254252850023978
2c01a13c5bd11b48,0.7345818143584533
3dd5148c39f554e1,0.13347214115793915
e55b6c8712632bca,0.4713251881798469
1e70f997f11d309b,0.2812531687823853
0b5140a69c454fd2,0.19067465986173857
bf3433f1790ded45,0.6188323762081513
848bb9f5e15ea664,0.38754767764630105
ddec6d5fb5e1d8e6,0.8645233515772297
483be22ba816efd7,0.17292105483704046
c5e5341d9853e204,0.2236548248496958
21afeb4d02745cb0,0.2539143637326206
214573582fdadc69,0.49214121619202345
1584cb670481cd0c,0.8048958619143182
a5b74fec60dff97f,0.9498114127867555
500761048fa68af7,0.6037345306257096
17911ade8f9db4a9,0.5742010721680626
0d5e4ec73265e718,0.8982049584558258
9a23b511d19c5b74,0.46179498079218584
b0a68b6e9b5aa0fc,0.5511229488347422
f2408ea825dab651,0.46050977105966484
c46a0253ce15db70,0.6950085908360462
280ee758ffb1d1f5,0.38466282753550163
f120c6f37766ad60,0.3289868232839285
f0bd6e897436f50f,0.6096247716788975
d9838a74cd5c15d2,0.025796030310008926
ef4f4beebb23098c,0.6304592098499759
81e1191f9eeac89d,0.4707069574836729
38a4b85540a1d008,0.2456376441111243
583c98e432bf450e,0.6961867843545807
9319566dff410e11,0.6902274819759259
967a61a65ca3958f,0.11726568782967742
78d063e4b7ce7f7e,0.32108938130319875
d2f8e62df2e4ba25,0.6089887006603218
810d2f780629077a,0.8339554029662982
3515d882b6639805,0.5874250898684219
11e50493155c9e73,0.9647649630478736
4ed708372af004b4,0.9011637813286889
c4e45da34ddf3b44,0.6010720864485976
c8a93dd49c2a92bb,0.8660473784878098
0db19fe44a9a780e,0.07221283683039412
2b3538d47f1c15b4,0.17704528400483854
c3310c72d9734462,0.463657165615618
14085746773f19af,0.0444848496290471
556db80d967a1693,0.27659054345195255
43fc5ae409f4f500,0.8412876210737016
081a87f22c3b38c2,0.8994092223882753
d375cbc133ed4f4e,0.6702164145074738
5ad546feb694ad21,0.41526288805132366
4f93720827de0ed1,0.42663785681377075
3aa17624d6ff3bda,0.16002129017837766
9242e8dc12c52248,0.607509094505063
6842dfe6284804e1,0.9254699035908862
0d73a6a834744d44,0.4148713495940438
0830204cd861c6bf,0.1624971987695145
66161f0924e78225,0.7124886464692024
496464a4d50db8c5,0.6369260897801572
06324bbe66728955,0.8356777961528086
14f78d4e391911eb,0.10230368427684518
2b82c80f72759096,0.20112811453540835
098ac1d81b9e8c1e,0.8466177625739906
1b76ea6cbf734ce4,0.1444590759939456
0500bc92e5b55537,0.2451089126833274
ac5aed573f280b25,0.2830626612852449
ea03975f1d5baea3,0.30829942324450815
88b17a552fbab232,0.5970570639262192
b8de7af9fcdbf382,0.8167157585119367
1200abef5b424cb7,0.007137748402727476
31b60e9d8cfa862c,0.15345444743021266
893db3bdf6bcd36a,0.6709117368076902
ceb6b035da1d3d7a,0.6996242373449202
4ec436f2d7284b90,0.3198699945353978
8aed9038981199a5,0.3362642478802034
0004c2d09b2a5399,0.5577383904599742
5205db0c297b51cf,0.6987078873236515
fa00a8d5645e29e8,0.20875740200731535
e059a125b2f75271,0.8571087516574125
0a245e9039a475ae,0.5280825221406293
f6dd2588e26ea334,0.6877011572536629
973b401c5b3a29bc,0.6664991739778112
3c3d0acff02d8d77,0.8399721125811819
29614e0f15db6e61,0.5257169785880317
59556138531e1193,0.17667307705203938
6864e194fe467f06,0.4590630501963612
92d1a78a0805f085,0.5740001661469042
673c83d5875338f6,0.8639150768194529
97b9da49283296e1,0.10136526885784167
8e266443d27cb222,0.376804873263192
01740ec6cd7d3fe6,0.7981387932325862
bf22ef3c96b1cf8c,0.12503940170412592
eceff6a46e6bb846,0.28324708458256426
595cd3775c548381,0.2323421609526224
dc88015ad74c395c,0.29504036486607776
1d829ac1fba966c2,0.2137426604606732
7af5a547c0ff87df,0.16607433265528326
42082090188c20fe,0.9178892315594066
f7c6df36a4354bbd,0.4044179216431876
fa583dbce17dca3f,0.5265024979087155
31b430017b021b90,0.8632829888257145
7efc9cb13b2def86,0.9104465322057734
d06fda4e5bcfc129,0.9859887956637468
72cb2bb85767bcac,0.9234953583800769
50f1226e03b9f878,0.3134986932927526
24eed0e6d7789047,0.7687966741063489
d026da38fc55bfdd,0.2847407355220171
47c591c2bae2052d,0.45743886298988967
92966f857e0e8aaf,0.3111013127691903
56b22e07fb9e4c9f,0.9617704441588502
95e7a0024d29a8e8,0.7575851745736442
77413f2ce0fc0b0d,0.451542093153831
169ad5f354082bda,0.44555270031868704
cb6a3ddb00bb4caf,0.9278586015007405
c1351ef23bdee19f,0.3280774128066825
23e0eeea647bf809,0.4357685177642618
52cb9f8084c2979d,0.7250780070165228
7f071403034451bd,0.9091781305960973
64c6b8a675d8d210,0.5840269489808021
25bcfd9c6c4bc119,0.582317459897886
68234d071437f6c1,0.1345952357804365
cdba54b09ad0a5e0,0.3386749452845877
8b2a453d25a9793d,0.9154928085210068
379b3cf15b5cd618,0.12533218506298277
04f8b3d8fbcd3c09,0.2709152902356386
8db2aa7a87a0b0b0,0.6444078569072489
09904cf5297e4c52,0.5071394751303401
e5d6021439d46003,0.6738239687412982
87a2e4212129d19c,0.9144122916791002
e218c57596992271,0.5119735934169248
18b98da5b42722da,0.4292950875670925
449920a89db3ac7d,0.8313466014975315
9ce041cdc0639315,0.5869040458263646
722f357fdbd5c880,0.5727999464361277
d468cd43dc6a08bd,0.9781139105976291
9700c7a3ef819ef3,0.88974615213801
b7f1d881f8c72980,0.16097897532994979
b23236c476c94144,0.9312669800342069
18dd1046074e1b37,0.4336606832803182
55f227029ee88bf8,0.28608010141073736
5e3b8e365345db58,0.24069120741029867
d97a5d6269148ed6,0.5626402906669684
ec6dfb974b3c0b88,0.9180100088194763
7ff4153e9bc66bd5,0.7904499308778475
70ade30377aa52d0,0.5825036979960954
e81c74c9a5e64310,0.9186009276189989
27609b892f19ce38,0.2550550649705895
665fe4d9e267c32d,0.8947086910931217
e4efa861a25c36f2,0.8066058081743954
707cf306deb0ca20,0.32510550653121667
53a0fc682407a107,0.7678486917566516
4bd91ec011ba7743,0.047654299546450535
3b7c880189ffdf65,0.6816430411567274
c5f1834657b1d9a8,0.7066260984330297
60a043d7036ea402,0.36040169476369477
d69dc65f9a8e3647,0.5906427164899853
c3978282c1335961,0.7498725092727768
248bcc5d97740cb9,0.4041078927547306
ba074101d0551828,0.5675673073101641
f22fd6cc76b9eb99,0.04307884593397734
cad3b5acbccd1a75,0.06664512537022563
4e3d749c5d0d8b99,0.6711519513817015
1024028ec93908ac,0.9951361479395091
db5f96700f81e32e,0.7287991317413927
d00456f5c537affe,0.2021337447392002
ae6c9a4ac1923d77,0.19946670717475518
5c4ef0457f9b795e,0.4379524646801451
a36087b510ed1bbe,0.9165556046131196
9700dc3668cb0d40,0.0019830545954157537
e404394c28efb780,0.461244818979625
0720a1b755cf55ed,0.6155065004989542
035439e10d353f33,0.31496056467790673
53421be12c0c7d0a,0.7151960256684726
c76422f9c7f1c224,0.09103714140822337
ca75e192477ae30e,0.3707507642720389
480e9e2f5f6eac7f,0.6133979672988605
b1b0c9414a07e81e,0.08509832147093446
e09f31da0edae6b7,0.2528189716855313
9386dbd09f1eea31,0.43018061646479056
4027ad13f744ab47,0.8043223927002551
dd57f9a9617410f2,0.8734433930561853
53816ae08db4500d,0.4268655284630108
d39479f04b318c0d,0.7885253685713909
5223cd189c2850d3,0.36110681650266385
8c0a9ec776187a0a,0.1144345647513523
387c460bf9c82eed,0.6702053247996271
1fd31e1faa118ee6,0.18094554835147658
49fba05cb591b00c,0.10325078866898367
bd80ada68eebd0b9,0.36123130277188564
0e3f686f072a8a0c,0.25754731577836504
84925d826d461c4d,0.6658701888855513
a7badd0bb8ead7cc,0.5240119976290073
e2c838fd32fbb729,0.29278568311887226
3a6cf220f53b4cb4,0.559796508753969
9dacb79ad9fcf34d,0.5213197663908936
92aa4c1f7f258a86,0.7354003817501045
c85e22a117db207d,0.1861888368756876
c5acfefdb9e64f54,0.33912206891275176
26015640e05a3378,0.37891192858062195
834b3501453f5c5c,0.5529202857660092
42af151534cbcca4,0.38456789922454226
6342222ab4bd07c5,0.913264832951441
cec95d0eb86b553d,0.5569034360563447
b4129a57f4c5c1ca,0.48215831396579023
8b51d76d9c838743,0.42713542631871493
36d6124fdfb6b5fe,0.3802875550252478
2212f9196bf749b0,0.9752181318302846
fe9345df75362fb9,0.594489281156126
75774ccf0b19e8bd,0.18507592035540654
026c096720d1702d,0.7518819478350077
6aca91fcef83cdf6,0.43778626486590255
8fc4c42ef85eb9e6,0.9799883457411407
1b64496c26985a3d,0.19378741018226886
591d0017ec185df0,0.5904317722339933
028968c773b11f62,0.6126072179296329
3a09eb47d1ba4acc,0.004592762961010996
000019235d24a363,0.6355866558557179
ac5122e50d1ce8c3,0.4910269287397313
7d4feba02220abf7,0.016578510750950078
e59a3b16b4a6d416,0.8639389750191769
84a820be4f12f7cf,0.20502923650694532
2f535756a73607c7,0.9700967378093511
fe5a15197d453416,0.02863737022549119
dfe7a446a8aeb1c9,0.005286508930162766
0ba28eeeb91393c6,0.39065526363839376
6cbf1767b759c6cd,0.5538005650579956
a6e42b03d097a184,0.7944089461575479
da6efa9d56a293d8,0.6420082032136634
20eb958ac40ae3ec,0.14039795264195432
861472b884b8b80b,0.8778470914769809
83313fb5d3e30121,0.24405289354121043
75c00015b88462e9,0.9584485779414345
abad9a6070f32056,0.5482412625849112
dbb0ac574180786c,0.9053693111958978
1ff23956ddb48080,0.9483250414170938
1030748990c873e0,0.5583058412488978
3b392b51ebbe98a8,0.8828588651202272
9bd3ce96b5220545,0.35563069908261913
e80afbedc991fe85,0.9514992953759894
b892e30bd65f1cf7,0.2189673071337642
45be6aeb64cd6e75,0.29728912931185886
10b2dab220d2112a,0.7975174086004257
397e2c46ae990a0c,0.47179095540929183
19d3b02c14e869e0,0.30147217977586177
cd4dc389be000277,0.8208224442910463
fddeaaa21cf9f333,0.4289561660984472
c73cf810b1eec5b7,0.15697530905999818
2d89c6930c494b36,0.60749071422193
731c1ccc4e036603,0.13385777088499767
a9448f44773fe67d,0.6450371570731082
89d7d09573e87744,0.9180902916476865
09a1c2b53c31bc10,0.7337359299788326
6c6319f9764e8514,0.9447775763972176
f56bb1ad09aacd4d,0.7412752310885009
a49d99323a265849,0.14354822139298634
3ee9be6434e0e715,0.610491933933798
875debef7413e1cb,0.4421791892616326
a2d775ceeadd24c4,0.8832943619684466
18c8aaea7c834671,0.9630887391805626
df0c46251bada9cd,0.705236197999616
aab9add2fbc56aa9,0.31590843305435945
a6fc3e9da5c8e555,0.1454689181563727
f637661db81b90bf,0.9637021588778709
33f67c649066e956,0.24601446536377025
86c73cb2d30683cb,0.6781235459589731
b5c00f8557fcf692,0.3707196772553448
a2c9a8f18d345227,0.7631254465369486
5ec5cdcb7ea71186,0.5145776544525013
0f3e463f9177f7f5,0.7697694510386928
4e7f08dff5d4d708,0.6218763832086451
3bf84009bb5fc3d5,0.8993304273557643
51395fde52e82c96,0.7749730899919278
11111626d4279259,0.4097840494818321
ae179d72addf4dc6,0.22781410565783114
e88ef89c0abd640c,0.19023664533251317
c514af589b1c5c49,0.14800482163703127
ff07eef5fb056c81,0.8507769472934147
96fcc4e5d6f59237,0.9814354606475426
28c21a0768568fe3,0.855085660562385
73627db8491905c4,0.3779030738346901
99467bd1e0347c4f,0.01951410171246157
f68ba1afefa7c356,0.9483202536288512
f2dc825ecdbac412,0.15170523524354354
4aba146c1a03941e,0.21694400602797725
80d5d6de30bce75a,0.5272408388978965
07139bc3c4fbcf8e,0.8959789957595881
e20fe10aec859d4a,0.9631205032551531
7ede37b476b9198b,0.5247290091842054
13f259dd7b600fe1,0.36946611021997255
351f432cde665f41,0.22047096580851175
a0721905432fac03,0.9692734517664372
c64298a4451fa34e,0.5473550711260985
4498869b991b879d,0.7275863508927922
17636075cadd05b7,0.5936347222152754
f1a1bbb6f878a877,0.45080873915235703
0eb6903ad4fa3f90,0.5343961103682412
3188bea8d6f5b35b,0.7122080281581901
c4c409536eb6c51a,0.16092591752919247
d280dab3667294dd,0.6623564951373904
52c6f5f136513403,0.38815017075432834
5090d67fa1877997,0.3305439124005939
16b61b14def64393,0.6173995878665701
baafe2fb18314839,0.15681821055467915
4dd870bba94a4e61,0.4926389581577658
09dc62cfe943169d,0.05389189676473283
c479d440fcf7aa16,0.7535145492891121
8afc03aa50ceaa11,0.8130057233350844
edde45a77638faf8,0.031133137344688772
6d7692d9c32c3019,0.5006033677310828
5732b6767099399b,0.3322724295606332
17d91b5e97f3116f,0.2664985995016287
0d8f39533be9f182,0.810350600207435
fde5949373183adb,0.9118124237052294
958e0e17661293ac,0.9779374784491854
c5216e7c4a482059,0.1074396742124443
903c649790deba31,0.06001853391818347
4a0069fc3386e06c,0.692629266983212
a8ed067c70e68299,0.8574785442409966
2739c45027efcd82,0.48303802364202486
9cebb6633780881d,0.9471483623781547
61795ee62a8075d9,0.2503790675124947
58f2b934b0d49345,0.7508126265578938
dae79d85843b121b,0.01263992041357484
2a1568df2de08c44,0.6498771796091153
ee4fd2a6e3a78dff,0.551470842721359
b757cce25b9c26a4,0.20443265682470652
66ff45cad74a6679,0.4806355158047222
b0017bdcd541c6d4,0.22763769691613744
a3f277c9b5c91e67,0.33499001266071016
a5cf1cd034f1cbe7,0.8592015678420506
68c1e518bbf4e77b,0.105612544519628
39bc60ddd2106538,0.6044072542098096
6efa72d0df99c34d,0.8151772666126995
ba7209f117ae9238,0.8719008476031199
7c5bee138819f339,0.624270772335844
0a18482d62e5cb36,0.6003064332335184
8e35efabb244500d,0.22703806150826011
43a9275d59ca040c,0.7519319530497044
481df5704a84657c,0.03885207655850161
4d8d82c65a5b6227,0.6263643574978057
f93eec03effd7d38,0.9695999249817073
3ffdcb2a25a0754d,0.664688393455857
95109279ae9a6a9e,0.7627116672558073
d6ee9c0efd68efce,0.41950652789266274
74c4894e7bd0708d,0.6685067461638986
d33fec8f45769c79,0.509211914612822
8fa4532d6a6caae1,0.19421773143010226
3dff5467e3be88a2,0.6928107244488562
fc6d9a8363c4609c,0.15197498925466693
c9cec12908a9bfc4,0.3364356485453579
a971fe519809a939,0.4695231421890457
5ef5d379d20d65e1,0.5301612186186221
e3fb799669853199,0.7572048172180602
6f8c415e8466353c,0.42720361518988953
6a84824f0fe20d4b,0.29733043175014684
8cfc43e4b7c26f14,0.27139523807643207
de7c6a12dea21dcb,0.7907007419333238
d478e64abc5e2623,0.671802662483574
437101bfe8957347,0.4880603950201048
6e285e3b9740ddd7,0.6636318022424732
c3ad227a535c2fe2,0.9683916231108239
8f43b3a85065f086,0.7760227734689674
90aa3a900822f96a,0.6610918280953162
c9000a6868faa0ce,0.8541440772013376
32a000ae2024ab05,0.134356616691974
c4605d1a5e5e5f5a,0.7904617838367467
892acb659d8cf3f0,0.3698404717989703
c69855f3bb4ca032,0.05822112650226394
edf73aedf6b35217,0.3163964217408768
8877ec8e52d1ecc5,0.11187138919781131
fa3630178cfa8ffa,0.10594743184162184
9f5f7129d1af2116,0.5645086566076918
5e7e17e9ef20547d,0.779785134180177
a0bb691eee0adcbc,0.04723547495642381
47aa950ec1d03709,0.3700226698313588
89b3fd466c092666,0.054150108603657376
f58ae0404d156690,0.24593685627645712
766c4ba6be3c0785,0.6345355658681122
eb2e4b71d64f3173,0.8859373507010418
4912ee4332177555,0.7848825003622774
2bef19c70fa1eb95,0.26147554797202543
c6686c6fb6297feb,0.9351400260809719
67508ac580fa166b,0.6932169612419713
ff311f69cd822985,0.3208047868917359
bfff1dc879c76509,0.5323461096181751
3d1fb3f5ce631cd6,0.8665270749187581
cc268338bd6cf9ca,0.7389975758389253
d5798960a3e8183a,0.44298430443281134
11d573b74ae9ba82,0.8363306465946587
8c8705f908dede75,0.8852291404832251
ed2bfbed36ac2b84,0.8298042530661189
89361517fc2f10d5,0.8406020296011101
1626bf6a9e33402d,0.6607347437473208
549de17e617d4cb1,0.08811936954516714
241acccc8c4c5c98,0.6950846947469623
ea3cd2074cfdd18b,0.004956149620532234
3482477cef332442,0.6248384610305902
4f0e6d903964496b,0.18423471928623966
55f5ac50a1704cc5,0.5534437035186333
2754a911af5ae6ac,0.20071671356263796
f2e293367584282c,0.9373047978676721
2efb3cb92bcc9b98,0.021581355481521822
5896699316dc3ab8,0.4059663992601732
2d0483ceb9c643bb,0.5661484555812959
efc8974e6723a58f,0.3308263730457664
a6a0006f726c94b1,0.9585120001708984
6f5c59612f3c92fc,0.9922959360583423
c78209036cd357a4,0.9739491952121435
db9a3030e417457d,0.07480236210092775
99988b482a1d195f,0.7781918964878685
52e13ab6586efd97,0.8617861655540656
3e8fbcc54eca7fca,0.4140961981856233
5bd1113a10668c30,0.18606301921679855
4bef48512ade85b6,0.27826631058626894
2882464c483cd0f8,0.16350775733332956
079b1ed9350bf75b,0.5031564711374553
7063caa968c586c4,0.21445793688470888
ec19c34addb8624f,0.4696634405332272
8cbafbdb15a9de28,0.26971665849345877
a38115fdbf75c1c5,0.6757292821247578
6d8390c7927568de,0.19894069014012555
00981f14236ef71d,0.7737161737043715
12f84fa2b4c572e1,0.1511198362090416
ca5bb700586628a5,0.09456434228902323
4a7058a9b89ae975,0.16341350639417263
878bc0b3326ea889,0.09035702864210518
57f748e3454293d9,0.6269379983968939
07949795ad3e2e93,0.6931527554483221
8cfaf8d91ea4f1c0,0.3541674882369034
0973b331fb200feb,0.9977642610656803
fe33cc8c6e5126c9,0.19285189544651687
95338421b02d6100,0.8316045524384059
6d14e413603d239b,0.8574981154309697
8dd0a5354bcc36ad,0.8241235514142428
73e26e96853b1101,0.2000237259412396
1d9173dbd30bfa8b,0.9818097591818334
b8164626d047cbb3,0.5535794086772027
0fb7907993c4b37f,0.9562338746871409
59ee8f98bf511a26,0.627888035569062
0c3008cd7e493e83,0.8725773497081188
ca16172c325cea2f,0.1243943187016247
2bca85f81b167432,0.8471507042982365
22fee0166c140a09,0.8721576332959502
e2724c0840a5145f,0.5143610885748341
f36672a2c0e1cfac,0.008185573013028411
1fb583d94ee99482,0.8555310392984251
02f264a344c830ab,0.6919205489988358
4da6645d6969cd52,0.18797055458154846
44dc081e8f45104c,0.6175187281164688
2c2b2f0c44e4f0d6,0.32746593809201713
36b10927a5ef8124,0.9194573061719256
c1aaa1a11b02c7a6,0.3029245550653055
052a4c4d54a4bc92,0.8516147793933273
d52322d3a4091590,0.2029591875422323
836f3b0ea82976dd,0.40312931058195606
76fb069dc8449b55,0.607050267028064
9c73e1140fc59c02,0.28962782481527377
ae6c780a01769bbd,0.3760502341874665
ef3be0cbdd14848e,0.1876107063694018
3599f0b9c0feb095,0.019163565073903897
88664205bb714f9a,0.14256259218266104
b978ad9fbc2debb9,0.6759141468008594
c82c9b618c165d10,0.4359229082266167
0b15c07bf352553a,0.8945371028736011
7891a28610913711,0.575152118444196
ad4639fd4e49662d,0.054777774866807044
08bf7df7a564e646,0.25890953283805074
7ed362e9d16716d9,0.21670718415475848
0ad5b72ef7c0ed2b,0.5628997357848395
511e654ff2a5008d,0.5257906223778271
c2cd9bde4b5e7a21,0.7277064429691891
5b3e02e26bec5e7b,0.928310641925888
89c64c8f9efcecb3,0.6388952974048473
a8f6c6e3e62d6b71,0.219261320222207
019cc0b8962f5cc0,0.79501402598849
bc4e4242db6ccd37,0.007360139485972735
3fff2ee4dbde3d85,0.4838959788618649
dc37fcbe553235d5,0.2972001181840605
3bd0b86bbb97a337,0.3490223156987018
4992d9bc07447302,0.19649241763044206
bfdf1c0f0ba7cdac,0.9088189314252968
a6ab2d1d53fe912a,0.06148206313790466
1891df3302c7b348,0.048476227414572595
b9959e103e10b920,0.48142938508329725
0ef3c10f8c9072d3,0.505396984006068
a10619d97fb76c2d,0.06974463268284059
0863a38392b70b67,0.3460941873242269
60b64acaf466a536,0.6712387292056831
12e3e5d6d9c41e98,0.7677201429860352
9523154e7d045c29,0.7466329118919302
c75a93ff5b4249af,0.3284391168750701
254953a015ac6eeb,0.8659331968824813
800fca2f6db1274a,0.15678225922380506
495cb7b810650027,0.13782386050680845
32f2ab9bccd62523,0.40463422363213386
710c1a24eaeead5b,0.27578584137263756
bc05e8a0b1a36967,0.749261802483332
7f9c858cee39c32f,0.5076582628586149
d943890ab2a0dabc,0.5994084341234542
e8365a58644b452e,0.6849204067031044
8b6555b1e2375ec2,0.9417049347569509
2d05b7a2752c3cd7,0.41642655847621113
cae674aba0ce36bd,0.7697369342826933
ded2185f98f5d222,0.9017305755397094
5aa4335a084d6172,0.6407831463520554
ea84e8283949a22b,0.7807594582900559
e05b38abdcb5ba20,0.04626150050641948
1a8232cb16668217,0.1349880272236406
964453e5682c98dc,0.3302474045914929
6220fee3bc1e75ff,0.9285481397001853
44c74ce2f7dfda22,0.8726834385830975
0e420abbb67f6653,0.9865428661507301
381d753868abf15f,0.21411108490031142
c90e0c45f7fc22d0,0.05173238834613735
28cc75a35f51a8f5,0.7736722196901946
3ec9f6c06061e5fe,0.9214385216684097
b014ddae55b634f3,0.14177700816397007
90879b42c1e54236,0.6930759032573147
7e62b4fce61bbae5,0.6136438267580231
6e384e2ddbb3399a,0.35632309152896136
6f07849a73f44a97,0.9686814751461514
f48a2f5d095509de,0.5631707375046555
ba999a22ce5b3fa3,0.9843046445167183
ba9181802cbd9401,0.8414958089773292
bd73bd26225890fa,0.34356723703112657
64c38fe6742e3036,0.28202389985220877
df243043992dea1a,0.5408183787996901
0119114d3ccf9eba,0.9504315466620605
f21453041c1dbfb2,0.9196728565710561
65850a53164c135e,0.23123958758658775
48527244bf10d792,0.4380979378283899
cd4848b0c5d09b82,0.4383186890152224
d29250c293d24f3b,0.726007247769466
8e49853ead7a7782,0.2794773243162734
c4468c09563855e0,0.291782190339856
06fbbe29034b7d22,0.01915866611188251
85f4de85a28f72e5,0.891491861777
61a2fd323396df30,0.28692960505666965
57131a5c1fd27b0a,0.5641699390951301
97148caf47baee80,0.703499450292335
bc00a7f9820c18b9,0.14115698822457892
0774fb3a81023543,0.4826795789976024
26fce92bc23cb74d,0.9005792232495105
c97cd71a9a738f03,0.43077870631962184
e241738a2d4f1fbd,0.8478140369111249
da7df03e550c90ab,0.36708189803887514
35c07da89ceda890,0.8565618772938643
5cf499e1908cd296,0.48932924999487326
d8e67e20d907c472,0.34079036167017984
f3135343f9e7c1fc,0.941139181928195
35e24477ff3e4121,0.4797690665391712
ad3c1d21283a66e7,0.754131624922682
fa88a2d04837aa67,0.6269484680653888
3d8cc5538995bbb1,0.0514653244412126
2cd57b0959ffa8b8,0.2849460993553239
abf05406b1a91bf6,0.9828510654469502
0f7b3fdc5d781296,0.9049982337785385
03365bdfcc4be998,0.37213965356878376
b46302fe840c3d5c,0.564068910896695
b1f966468fc49840,0.41819212357004454
6adafe7e6a6e6865,0.9569594330837476
e92c7a5333472aa1,0.6817502444032792
7eabeacacbf8b37c,0.5594668618304498
655d9a938cd682a0,0.9844170742824068
a26607cfecac0d77,0.3869287439504557
8d29e784c2fbc4ca,0.8856142891783239
0552a72825b82f4f,0.32891374828412956
8db26f10038d6705,0.26899227675630294
0eb4f40d8b4a0e29,0.3630802471079715
a1caff7700882d18,0.5654027016922549
ee70a37197156928,0.18837161414319106
6de1b2f62b6369e2,0.897588701323779
9c2d074867b45c86,0.28163277479792026
36c975ccff63cd9a,0.7023367126050346
eac85b26c054de88,0.6855739034728332
318d374ee2d57a71,0.5311177948296892
ea743176167975bc,0.4967176450433737
3ab9fd28956b4c1d,0.1619493269083102
478582ec139d868b,0.7611547143465474
fb9d44e71840eb0a,0.16732161252238353
bd4fd0a37b2b9312,0.5641543000488758
5dffe03302a0fce9,0.9601063647939245
d94e1f4138ee9631,0.42032310757323654
298ced22f474a1c7,0.4369392826242561
0268d1d90c8858ff,0.4758990680279458
84cf6eb7514ea305,0.26498354209936276
95d0de11255bad7e,0.1456024878967927
9df308f6f0758e94,0.8693005160909433
b0fb6fef1f3a5762,0.5609602855791818
3fe46d292459737f,0.01235577324832721
6bf62b52eaee324d,0.13577274369174394
8b6a50f8f0d1474f,0.7449063427389855
89833118f346eb37,0.18658990843898607
48fd781830adf147,0.9839133163631549
209845b666a00820,0.20726736473456403
f23faebe09506cb7,0.7324045319415504
5f9584bc58bae0e2,0.17937103221241033
a08d713f9ab75910,0.5272843526859603
5c4f577995e30921,0.8783328024230408
db21d37dde61a7e5,0.4130339499582359
d22dc3977ccf9208,0.5030497210807976
d0fab5e12cd60c77,0.09144218524516394
5293676c6774f75b,0.17160336741365553
d3ae1f0b7031a78a,0.17644622405297897
bf57f1265cfe2fc2,0.44943125152447627
468b54d83b570a50,0.22934406183771106
134c07b69f25f030,0.5033203659951535
2cfa14158d7d3661,0.6074352068358075
a87b1a98b2c48b05,0.2707412775872918
c0bed62168e9892d,0.5517748643906406
fc44e0d5137363f1,0.28669407195296037
1247308f81ebf41c,0.043988452103392583
083caac4b6cb4eba,0.7098346705694062
a9d470ae3ce0af34,0.01098004366245611
935c423d001e7dda,0.212391233977889
d096b8795c71a6e2,0.8973852361739105
2acc0dd1e03e59b3,0.37400689280856814
bdba30d6e4c5095a,0.3995401298737114
57b0ac86659a9329,0.5384805541157045
23d831dd1ba487be,0.09500475711969646
628b14a47b392334,0.6555824746407051
76a400c7177ea365,0.30314023615762664
86ab9bf8f20612b3,0.5345664299842472
fb26e948e7444ee8,0.6605675990197057
367ec7e6bfbfc6a1,0.9095795711598276
efb297fa666f7cca,0.8076985885751924
0a0f715a63ed4738,0.44211097228533264
00b759c30fbbcbd4,0.9075877898947884
4c133deea22458f5,0.930506125523265
b354cc89789a3136,0.570761190883742
f3595bdad2050118,0.18687229304662117
2171a4f574746f33,0.5171622232253289
ce89301fff62a739,0.3595611662210956
f4786178a6026169,0.5390653417293352
e1db1fa3be2d2bde,0.5348741220763681
05b896a0d6b00e98,0.001
89658e4ea0b49c47,0.9119857223164604
db78c841ae5796ca,0.3680916234559223
6af4698b636d1c84,0.24751567582577622
be3f82b0567a0962,0.17805914214155028
1dbeb642447425a9,0.08942669561639657
eec325cdb9dc0154,0.6130243365487249
cab58c1297ee8294,0.6361362941370804
97e9bafef493dc0c,0.29486880391531123
c738edb5352110f8,0.37843427340192304
fe298587b58a6ac7,0.8740182452157772
b01b2bff457f7030,0.31829319153796953
599065c0cda14c65,0.7736338423802778
feb91e47c3d327b0,0.33979984333319
1b0d5c427077f7e9,0.5395639372090028
6c1338d0338c0bca,0.7862419190020515
aec29f6d68d9e001,0.05607086785128208
c6567adae6722bc2,0.5730228422306615
c6e04efe9811e16f,0.18135982204911155
eb86688c957ec913,0.5580844370832223
a450a6576dc20dbd,0.521424377659663
b700f2322066f731,0.8731830054282771
a4302475b7326abd,0.9160690340265762
af5f8038b513a4c1,0.37436039044812586
0d73ab8c4cb1fa9d,0.8968481639088036
8ca59ee3a85773df,0.3128919843080545
e3f7ceafab0856f5,0.2364626670731328
2445f30cdcdf58f8,0.6588280667600996
23b0f57c015407cb,0.2341802512260317
2750f1a3f3525b16,0.07156855092917418
4d1502e6806c5f5f,0.4163044102512438
9cd2cc7d553443cf,0.35691295746245344
5e314b952cc18869,0.487603702677005
e8851ddb49233587,0.8552457211128783
6339c240bbb14c01,0.28396047231084365
196ca6bac51b24e0,0.8375396861638634
ff664b7817ef187d,0.0715032530637911
1f50f2cb8e01a9d2,0.5350017072684294
f655a99b43cc6c6f,0.05861946711823548
2dc6d88fd87d67db,0.6689691593101741
b61c9fd4a46a6bff,0.023802393697825497
478a862e9bd10007,0.4999557643977265
0b9c9bb9e3bd1c5c,0.19636614404374933
8ba72175f80e2cb8,0.3949001140761266
80bd1c42bca86409,0.5411144106187855
ee7025a20728385f,0.3704962279783172
a94a734822cd1066,0.46496042395426546
9e445d829547acdf,0.5440061904558979
d08fa8b4d19b0300,0.8476620433381117
8ef8adecee83165a,0.7139000621227959
476933f8311d441a,0.6669677781941679
fd9f323abdfccd58,0.37774223376170957
fde943f5062e49d2,0.7803090569857811
32e1723a53483290,0.44300635524838156
3189ae9ce5829fb1,0.9003190655255582
a691ae869c7c7c20,0.8667915102771633
aec6a61870dceefa,0.4455128543820022
301339e42c2fd935,0.5566351876698116
33bdb599f03ad3cc,0.12875539756487017
ef958079692354ec,0.9951282856176381
6b9de167c2e2a382,0.5424970579304407
81a3aaebe87a402c,0.2825271549422014
78734bb73a549d35,0.58940470201212
801a31247ebc0426,0.4352821366235391
703c72ed057e80ad,0.7524325438907853
d512ce41ff14126d,0.17585464434245648
b14adfc6f2de5274,0.6223719667554659
3ffc252e11d8a5c7,0.25183433562997315
dd94c4e414636803,0.38850152212027395
089a1dca65e44b84,0.49331962951223274
95e32e732db3ccdb,0.3411196838574873
aca38e8f736ef297,0.022777367804760883
78b2b40abd748fc2,0.5673103286734806
2595c73b081498d2,0.05904738945981907
4821901eb98463cf,0.6780056672718052
81f36fdaf2813666,0.21492012107474506
1e80444ce87788eb,0.6756603727922033
47c976d0b2db324a,0.017070424889113152
76e7956f7212a4d7,0.21114114516958854
2f42d37419bdab8f,0.9627202406859503
460717034c7c127a,0.7643741199052456
f46b154a36f88b49,0.6346245147610289
af4a2f1334861acc,0.9728211113086045
cf562fd6a1ec6763,0.5597401446934006
a58fda4597ded16e,0.38761974392698534
7c5b545797c724f6,0.8273887580166894
cd2d2cade053f8e7,0.713914938379836
0d42478d5f847ddc,0.11270334340219122
fcdbc1ca107a390e,0.8169887522245407
4a6cd78198d5a5ce,0.7702442930210405
13c39c2f8d3cd810,0.054417077383907796
c79d8a5d80e7f04c,0.06498389325187416
51a701717aef4136,0.9327952974518257
4e8d630667c21f23,0.40896113788086075
9b8e9dc382061f91,0.2654404218429152
fddd94710360c28b,0.4100901409664089
2c33fa5f3f2d5e24,0.15839885897669131
3ca87064dc34dde6,0.7196525987797509
c9d8edd3fb7bf971,0.4722925887335714
d582a1a34b5b977c,0.9580538575816332
2fd593bbcde3caa3,0.9014419209038882
d2f2308d5fd09adb,0.18693941378497614
dc6fdbb3f28f8f2f,0.691404699333068
ba8e32a15085aa3a,0.7243375999162514
3ecab659633b8be1,0.89953275573875
80f14a6b7deb5266,0.5263499757119062
6809016a071b3b5e,0.764857689644282
d26156516af475ee,0.38237356310045995
7946e76f5438edcc,0.7048733216961406
b11ee2ead8527494,0.7586780307176824
03e49d963acfe851,0.27650295052811114
4a3e2db752cc071f,0.9210660609082226
6e5157888073a37b,0.7494573907804356
1f7bd653103f1863,0.6406044838475534
5cc0f066c9d8a28c,0.7550918811401263
61240fe8a4dc9a2d,0.3857444536578675
ab6cae9885409088,0.9542526924528454
c4e40432b0ffcfda,0.86913774493523
1f7fbe6992fe8f33,0.44129332189991094
94953e6bc4d48c7a,0.49801484858597717
e1f4fd779b279dca,0.8557710845191555
38ccb655faf1cbcc,0.24659374479534335
dcc976ac3a08e676,0.06747429979009328
8a586d58683ab8fd,0.833700400362904
9d1f98568599273a,0.10878849195672759
f5a4bf16401623fa,0.854453899259595
42c6f25951f7db7b,0.36386965092505036
673b99f498fb7880,0.45133550805927447
e4f2c6820273bf2b,0.9680120868710196
8e7d37f34a1f3efa,0.899142568412711
ec4bdd78abd81c4d,0.6144682515704386
a15343296b9f6f42,0.7295347830435752
dd76563555eb67b5,0.8863885454377183
3ce8de8291ffa6a6,0.8452414925310653
1d036919bb298ab6,0.27877529686404856
9579b233e83fe284,0.1842080308877714
be5c561435858f1c,0.9651097107995181
5cf1d9bf22b73559,0.8248418530690151
d5e3e7616edfb5bc,0.17736134973475035
ad00da3aa56f4d7b,0.20230936493947185
0ccceb1154debc59,0.6962212929292734
8e2c8545bf82cc60,0.8222052684671787
d62e1e8938e1c97a,0.9408900720954196
a8dc86e602a746d3,0.9942176782179964
c4329a7f54415286,0.4236924365580068
04ec4184a6a2f40e,0.7867308914623996
a8874aa6ff7ddd20,0.42211095375625357
c9a607048a5bc5dc,0.8704125215843672
002c27108f6666f6,0.4301463465124643
e4f6a20915cb1601,0.30111827041464967
bb014c28cd6924bc,0.6286568673944332
196e2f507f594bbd,0.38137012528969916
9f1be9fcf021fb5b,0.32017042077089014
9391d5f366da4c40,0.820760556954328
3453a5ca3d904777,0.36267997727008516
686ba22e52de9068,0.42532214247521527
3553eafc050e9c0b,0.5383321581866464
edab086e1fc56c68,0.8985540831908818
d79a009be9287b82,0.5245848576379951
b86e1b1f8503684e,0.750701134450251
9ad70763cc07c36c,0.9090963165880733
419885390abac7a1,0.05830310593559365
70bb28465e350bba,0.9052164223378116
d2fe3be15c7a040c,0.9153170758024614
df051580b1fd88ae,0.4018183836143979
799dbb3bc5de0bff,0.8657365646173484
c18575ea64f02a42,0.8914789001442043
bc265e458d29169e,0.8941119852977651
d59c94219a63b100,0.8796570386005576
0b79c6776df906c4,0.5821397136821423
1bbd089c39955fe1,0.4335478001729999
e07ee63645347087,0.5389695859624043
6795923abfe3b196,0.9264911249432891
f23bdf1e94c91124,0.32902216045210125
a1fbaeecebb55865,0.12372675032286626
bc95d3915a49249a,0.5751955267234565
c565efbb2d18144b,0.9045307792849924
321866d63b3b1b00,0.7325052427625375
50ef5d8288aabf7e,0.28753227512474233
3948549457628975,0.7774304237344474
b958074c10bc601c,0.3593504273836296
f075bd7b8efbf058,0.5645822921940561
f05a42508ffff350,0.8300397417379928
3c1c900935bc3285,0.12190020191302081
cba59c1afecb3734,0.5758460807445914
013e1691ae9f7898,0.1431111386565359
ff4fafab1f01bf0d,0.7718031121342628
16a52132c026c176,0.3402950953836592
7e6dc3264a60f3c6,0.17363574410314933
fde7be20171bb23d,0.07047318767757048
4709ae8a61f423da,0.6122629374477616
f2f7edc4fdecd842,0.020440863948097604
81421fdc47bf7d1e,0.6022269863008841
e130b6363bcbe974,0.20596645435819183
8b5dc994eb4224ef,0.3263558197809878
ced09e40d6cdb2ec,0.2833937874618706
b65873d2d6509482,0.35837588982751944
d663eee7b55b1c09,0.29039798605056444
e8ac634318c1c070,0.7096372412989593
9861a481912689da,0.28751092090509855
c170f4b630a3b239,0.9926094563670613
31f66aa5ebaf2ad8,0.8786998929734158
31bc47bb1448c433,0.13634301501119267
79eacc58c9cd0f29,0.9406107239711746
32cb3b1b23ea545b,0.45483438533202936
89357b6904f7d6ab,0.45566756844118195
0d9d1cf89bcda082,0.6971156795021787
7c15e3fb5080a6af,0.3013209377016037
a8580d9f4b1f100b,0.9456058757620422
ba1c0d81b8bfcda3,0.5042729082104808
d5c76d632f469288,0.9199119592431714
4faeee72bb8b4acc,0.33155778597000296
10875f7f7d53acdc,0.2769415039731803
3fb5a4da63283ba6,0.8386331295286724
6551e600570cb09a,0.8161035651909021
6b4949612595764e,0.44571396809713154
d45b6491898d0fdc,0.3290774518025228
0c40fcc6d696a66c,0.38621256210056154
74607a92b5ef932a,0.3381252591866428
e7bf586ef35ff70a,0.2747508157831711
65e0da070f27aa66,0.1410043233346723
38a09fd79a425aac,0.4867213512998007
aed136202b0b58d4,0.41232081882344573
5f5b7b68b01d1299,0.992079548430185
cc5db835afffd307,0.3489051242619904
d8842b37f5416b48,0.5250748690415202
d8aee4335af252d3,0.268104101776921
00494862dd9b9e04,0.5211162372593504
95d5441c82b1c46c,0.9797573657723346
c6e492bd428631d5,0.49023241640144843
598200ada2678880,0.918569213500287
8094f4dc74add0aa,0.2329406045145436
6831a0024a1dd23a,0.06608833149623296
d56926e610462f66,0.35630849923598773
bbe39148bfc2e434,0.7325047931619229
1a07a83f589de802,0.6028885123920349
8210d5a233d3d65f,0.04371576457754201
ef4e598f566c9558,0.4450719428230252
c02b919584ea5cd9,0.21884857516231532
68bc1f08eb5258a7,0.9227513845704405
d57a9ae04f68912b,0.6091807313564448
fa41a48959374ae3,0.23419487862379368
5e725dcb74b4e75e,0.22077363089786595
121dbf76a9cf73a8,0.8731647227450988
a2383e552a5f2313,0.18332762003751313
378738808b201e0f,0.2933062686232525
9642ee1e267eee82,0.5642780462027998
e55cdf82fcc57177,0.45243421208060547
2103c3d1e5063e3d,0.19212857981834372
02004dc8e2729e0a,0.3445788560894717
95ae4af4bade5009,0.38368979965760586
8a4e103c92d62a5e,0.8529927670813171
c4414b2ee31b7e94,0.44437209445201603
0866387e16259486,0.815520111019808
f0b7e616767a0197,0.5008722525189994
a86d2f80a3468f5f,0.5218835967174985
691f9a97e9645bce,0.0757618412675808
2f2e7662f26d0933,0.2664386279084552
72cbdcef4a6b4f07,0.8178441104579348
3ca15eac9b7ce8d7,0.8468439451228256
d9f713c872a26c76,0.5879626201979742
38c5cae3c23f24a9,0.31055010900900104
80e12c9a6e625e7a,0.8721092550019875
78211c4fb5585628,0.9169102345708064
59e71eb2f5c7c432,0.8210285518837306
b7abc4b3e6ff0e3c,0.07676152005532957
42eaa77ee15f2ca3,0.11145667325898788
bb8ed5a0931148f7,0.18344215264704292
2ca7468532706e2e,0.3430460831176253
98791c70677eb76c,0.7070445593665577
e7ec6ff3f296ed38,0.5414284853719855
7845f67130f900d3,0.6882122092272709
fcec4d0ce44eda40,0.6045128870842486
0ac91fd23085433d,0.747274594022874
ff61891d90f930cb,0.3514695941932323
41fb4a2210a6066c,0.7623445187175034
4c7ebaf834966e32,0.09011479641375963
81aef88d712fdd5b,0.7878081171960902
36b0ae34db90ecd7,0.9193215076476442
72fff2ad28f42426,0.6128152691892087
717207649c078f67,0.15164796837089592
925d6e357d7ec158,0.7195547273078059
effe2d48627efbe4,0.6008999279864964
0577c43390d4bf43,0.9974311743009954
546cd9bb6f2ba820,0.4258138150632109
8a47c92c6443e7e9,0.8419793413983458
bc9467bdc8642922,0.4672171547979249
af91160b63f1bc90,0.881047004331835
464ea9bea5384944,0.5876062135204541
b838b4792a3c540a,0.6044877348473858
11fd6e717c95ce29,0.7349090603730111
b1e2e5a1c0f42f8f,0.5360326047143787
222e74272be1ccd2,0.37153802302429334
21a85a0b474e45d8,0.53344371369635
5c5c76ce21ac9a03,0.139465850537335
98c3f3c5243d4fc6,0.2135446312010288
745be7354fe05a2c,0.0744192923565142
ebf17df229daa6aa,0.5715823296519957
14929f1035ed296c,0.9487441912147341
af1bc354186d653b,0.06500287539637628
88e44f6549d78a5c,0.4412950493686105
1a5119861af7675c,0.32050192237851827
4675a1f396e095ac,0.8122593615436573
306fd63061172f24,0.012172846375243747
68fb9067ffff02de,0.8580549410318437
93665736b22ae558,0.42037961210550123
2f3252e131fb28c1,0.6755758603002355
a90bb7ef537f3ccc,0.5885002640604139
f8c47e6a1ab0bf1f,0.5344035094838642
7f335ac0ff549013,0.11470669221219457
e9c7c37b6584e68a,0.21629623078011884
e2f8c99b54c930c0,0.03451827707033751
4f0ffae34b450b85,0.6741834064444784
94e27d2dbdf9010f,0.9014148460232458
db05b31fda1c2b1b,0.5658526610280046
af64ad7d713d5a93,0.5129664255034998
4d1462da71b0efa9,0.26098762980555595
04fbab7984c52c30,0.8678640618380242
c01a62e78e6d8a2c,0.7501683566401725
74f8579fc40b2d7b,0.26750874834429356
0eb2d3b71cf2b61a,0.7337903608170464
57788504ce4c82b2,0.63211336586494
9e7dfd444a9f30e7,0.6199789696577596
0cd8b38e5a4b74cf,0.3583347750500844
e8c1c982ff8a6704,0.39790570495214495
36bfe943ee63fe65,0.47814504815914594
998d9f62a717ccd1,0.10524402659311391
8069d4397377adbc,0.38457932528000577
ba8f312910226da5,0.8519906265810284
37faa0207a18eb20,0.8330554337152323
c16962d752780184,0.9333484759870377
f1d62e28f903e96c,0.5354221684540428
8cab416d1f2bc624,0.8777876478815972
b791af74c95ffa06,0.9317792633575666
05b113e465a98080,0.414263786125451
b17d9630e851487a,0.5064215352018724
92981268f9d56f38,0.7558804349872565
76775e095989aebc,0.045467353047223755
a07f4266c4b1cb5a,0.1770540004604093
7b5b1f94772d1b60,0.2576874709027455
4f8ef604a40bca4d,0.33252141263451473
673f3a4c0bd90267,0.16873740210282262
58139d3ae9373ae0,0.8309454492248427
c24d1452d22e8db4,0.6064017952895604
441d9763fdc1b0df,0.9005847484132415
d2987a3199c1109d,0.9035069820048134
cab99a91ac2562ca,0.735632361160304
df1222f0cc1e08bf,0.5239055112732551
bdb610f14d1f9c0a,0.14836402643998145
d63652d83092f4cc,0.1558223807460916
dc121e137a206780,0.5093379741175884
e5fde6a720ffea60,0.28541475205724165
52f7118d77a951d2,0.31614606194709544
1b60cd7738483c77,0.7512377706025961
c7ef81c5ec66b855,0.987170382234787
42a4005911b6abb2,0.9269068004030379
926e4ef2979d43ba,0.06338593398188884
936393261928dd44,0.6094178767997165
90b3943086a67cf1,0.3689432554100047
80b6c2497708cc79,0.5547540434987462
dc880492a16f61a0,0.33245118192640993
363fa6d193ea1791,0.18801293783856288
11443cec444ffbdd,0.9747519384820578
174e280d8c42163e,0.7680810151154884
d7fddec00bcd1345,0.67892748173138
2f2a0292483de945,0.9871078619886251
2638757dc8ccf105,0.008366925328521992
af967b1ba12837c7,0.5022760963962324
6cf0ebd8925305ad,0.9530185989933027
0307e7dd94f223c0,0.09372832231360806
d86f818a421d896a,0.7990133513585693
95c76aa135d94e8b,0.19414738151331284
dfb2dc72331615e7,0.8598525695443205
b488c877787792d6,0.382888247864112
5864514fce7556aa,0.6682511081728277
7db51b9dfaa6c3be,0.18897783820872838
475afd5ca8082909,0.7345821854603939
aef3fd34396adfe2,0.1370209780099438
e93ef7b1eb85a270,0.42910745362031494
e643f5e629c7ab40,0.04159203465119687
e9234451a7ebfa5b,0.8201273860313043
e8b95693607a1af6,0.9257811688589203
362e59ee5f24ba56,0.690820737428449
760d3c489cbc2365,0.22613903812432107
cdc43a10fec587b7,0.8324536658291124
436bfce1b2e96ebc,0.7212871201061026
8364b88b9aee50f6,0.5877813878325092
49b33a422ea5bc22,0.9218461074630493
7c87edf2fa4449ce,0.06091559036447519
ae4d87302f77418e,0.46537654040322896
80504f5553a663cd,0.15548739936615236
285102ab56c81c9a,0.4742158936058621
ce75929520b6600d,0.8495715666739745
90e157fa590bed49,0.906423165725196
72308a9b8ed351ac,0.912790845548106
67da97f4bf5a43aa,0.16343092755813987
7a2c3503f50e758b,0.8083972372901804
7c277b093ca6e70a,0.14900174865232227
e17cdb698e7793a0,0.5941265625352509
304f33ed70c9905c,0.7058427858713703
f671940234873df5,0.8316274833991258
4c60ff51f1a98ddb,0.40727189275292747
357333ab581b26a4,0.5168235771142359
c12b50c410a56d62,0.12870382753597734
280ee73ea3f9a150,0.55615399889861
9794f61f2b35c374,0.18666946740707252
99bef954535737b8,0.8282029564620217
164deb1fbf6d3d15,0.8240002279895261
17f64dfc919c257d,0.34386946059768775
177f1a78be284fe4,0.5928164317551191
6575a6e55c3aa52b,0.6054965535916922
e1ceb3cf89c78b04,0.4141566054754277
2787d14ba4491e60,0.47296085976981717
47283a11f402ab9e,0.48917256379557794
3e13ab75e759c66d,0.6953512662476917
565632830f202280,0.7165190176069054
c60dd36532e24523,0.7652476858569753
1bbb760f70ac35fd,0.20714586155991666
5952ee73f64f8e8d,0.6406935766069172
0d2e12deb5dc05bb,0.3481451194805335
93cf50cff9e70197,0.6334357965208642
71a0f1d3a79f9279,0.3526423919189196
ff1b97bfbc1de495,0.7403678529632776
152d66dccd700ae2,0.8494303528218698
af9475d72cb09bff,0.3911239409587839
50c6ae4f3f0c520f,0.7974597888185556
53277c274f93827c,0.8005409608161004
65c28bc2a138b604,0.7702871140840742
ab3f36de97ff5288,0.029389442335653392
6e673b3e05a86556,0.18534204800009585
29ade739f5ac47ef,0.6625901595593462
d6c96030b8564b06,0.6674724260050305
5ffe88ee98e246bd,0.1380105658809193
b75847a46dbc7758,0.4323094131017703
fd4f072e7db648e2,0.8987724802384303
3b600a791eee47c3,0.5216089746265264
3205c60644f3310a,0.2756438669502981
37edd7d198365da8,0.9894308663579674
4aed77bb42b6c35b,0.08351458434173482
70b9c5d2c47a6231,0.882820925565611
5aee71b30cf4e773,0.06476674566858506
3b6034955fe901a7,0.03747494250184862
53f7e37ad065a1ff,0.7242884652343548
8249af221f0dfc62,0.4022515997294817
4a798f098b3ac80e,0.7675642506323802
7859a3365dc11f7e,0.6977669100510364
0d6ab61f58e22d8b,0.3720569207279111
d90f47b845ad8044,0.6870285940351434
908f76b67c5d77d6,0.3156240692034819
2e13d0c9efbac24d,0.4630647259389662
fbd3509fdc1e2fe3,0.24960601638434204
d0c07aa05dbee8c0,0.5070195752150461
e2066400c0c997d5,0.7966135118353884
9d002016fad484c4,0.9757863739336814
18105a09ff042e04,0.40652026165529664
97dbf62f03867f4e,0.7698408141741144
008e7b56ab9053c6,0.9395045971986034
e382e61b69858e84,0.0030628642722402063
a02b2c12a9b232a6,0.3536027414107477
5d4eefc602f1a815,0.7749850966546703
8c8faef5bff7b3c9,0.1213885123013162
8ea4fb1f9e66fa76,0.1595449132304041
22a32bb8f8bde6fe,0.6787872568285116
6a655866f90d61e3,0.5497241863254864
b15548596622ebdc,0.12658039118276662
e6426b5a54e4a972,0.7496404063063746
2bb1ea15970a2de4,0.11833636803744177
5b2c1fc3ca8dca34,0.2057133614046987
b26bc3d1078e5a5f,0.3551265174276743
9db2f38d40ccfed4,0.23340370936709715
8481c054b0537a7b,0.7597997857501357
c4016925a614e39a,0.623328193341447
a6145b00b87ffbfc,0.9744372846909555
856c1f1b7a16dccc,0.07873161462642038
5db9aa657576b123,0.04898540982549396
e6c91e69fe022b81,0.9891269238544738
18323213899682a7,0.06331609433066124
84aeda77a9eaf7a8,0.7862755851511598
60aa7eb39a1066d5,0.7900776897399409
011908fe41b2ead8,0.9081294111155129
95a236faf4cbd0c8,0.5637548394733886
c58d93928c4b43a9,0.04736728762653365
e3d5116d0ddea646,0.7850969051483259
3d33771711b587e9,0.7612261271808007
ca902179e21ff302,0.662177390538512
4b2142ee3d149d15,0.38181655234230444
d78803f699e1394d,0.5928715289413643
ef2d9881a6438977,0.026813300183495613
3b5fc032ae2a290c,0.44904019495641817
9d5473cf79999f4a,0.6309457165159525
9aefa72a94558b66,0.6917649854264525
78cc36a16e5afd3f,0.38279289323417975
0628d45dc33a5639,0.7804966611180258
bc63ee6da23c5dc0,0.9013369431438099
5a69761001b7342a,0.5531096907974241
f5384c1b33a306d5,0.23993009977145294
9f4fb39fb6e8b6a8,0.5524191847083322
f7787ed37e4b9d05,0.6536684108637106
eecdd457b6c7edb2,0.8973690045587559
f36c01f2f7fefef6,0.7725863499217545
abe3d414c510a7dd,0.49185134627229565
d1f7dc9b905e0fb1,0.18046805448203854
a97c23cf1c8d474e,0.3310601126241641
fa77ebf418dd2361,0.1746779318917146
4fa91df3f09b649a,0.7218773981520803
4c40bd5075d26ea1,0.8926350522543003
559cb0c10ea413cf,0.617075737399631
b07714f5d0a305a3,0.6865049427205715
ac26d06332fffb35,0.22210082995909608
f3a18a7976f15c5b,0.15034358733603131
bd610a8daf3173f8,0.007508963206475131
b4db2ea448a373cd,0.19336295840011217
a9e601aca0377220,0.7730741087976862
7580e5af192dbd01,0.9613179862938872
3b50e09f1d1584b8,0.5784272462109521
e752099897ef3c84,0.2487449147500786
9e556374eb31bdcc,0.5024777820774465
09bf3001382d4d51,0.16021395053078255
ac4f9d21db6d0551,0.4545477581220726
bab162c780dd5d3c,0.3712043947936243
1ac05275c95e2b9b,0.22490033190110137
ba53d76ac3815303,0.916682007903916
731194026ddc8a00,0.8901407529546214
565ccf55ce0f19b3,0.174469466348796
c610846e274513ff,0.4823417855292179
4f2f55e6f8f022f8,0.3873891884706918
171594c12d4f22c7,0.011603606606169114
fd9a29be83f07915,0.23505256775212044
0e69e13d2585552f,0.9430832760704926
8458a25c7d299656,0.24748531242035327
36510a7e2e8cf5e6,0.5856894448014929
4c689c2ab0b1e458,0.9397789215354748
bbbb01b896a60659,0.3589207590311237
95a6091ed902a1c0,0.4259245443774048
226f1fdbdf45c3f3,0.1977953109566185
b3776535f92034c1,0.2767256951684894
e136a41bbd9d2ebb,0.8414551132661008
2acab7498f95984e,0.623769687928903
5a97d6bb500166e9,0.5273012376929144
53ad75887ce27a2f,0.4103596234444252
4bbccacfaab6a76f,0.5333157375502227
8d5dbeff654a20b3,0.0401492170532238
885918cc4b58a92d,0.47109257381166153
c33b954ec9e9d53a,0.0970307151016613
c73aa72e6960366b,0.4865638800296115
28c265c8e738031b,0.943236054212452
16f59244fa16b9c5,0.8207606414051614
ab1bbd20f2288ef0,0.336907188331259
21ce9f486720b00d,0.5499890733187431
ea98936cd5a062ef,0.6128861764878983
092b99905affadc7,0.8205358711657649
f8a1935cbff0e3e2,0.5902588415277567
557ff2105e2227eb,0.049874367867113606
e28b4c1e7eede953,0.14226929790370468
afcd2875196e3514,0.6174971863979548
622d0c5c885e5d67,0.6071617708963618
5ab123deb8c8e0b9,0.8817712002407945
d70f7077ffdc3675,0.659271376903359
ec0e23575480409a,0.6346001714633033
c42b1312f2466d13,0.45186015472268304
58f7c9cedf508963,0.975563646403351
483a6a2fc6820e34,0.43592061293998363
9a410bdaf99ab250,0.8752379215853485
27d8448c7743312d,0.6532030434832439
d22510648b60b80f,0.999
cf71cc1d5beaf427,0.8887559408417747
b16d96c422e7686d,0.6700581452896454
f3bb00d62eddf347,0.15779961600666864
e7ad214e8e1b87e3,0.5365413267002439
a149a81fa46121c8,0.23387865859499973
954ac0304d013ceb,0.805871094862069
5fb61c8caa291bb7,0.2963602315044572
b3e6b65c022e07a8,0.8094379377800576
014590f5ad393d98,0.43968839294004347
fd3098a48d0565da,0.0031956458734328196
597dfb91140f7a43,0.06829487118182141
29c72ad86d92588c,0.16216796231145117
46403e8726688e63,0.038447806803164015
586f9bad93615a9e,0.9867343037739871
518268ad7eaad020,0.4087769056268892
eb68006674ff7853,0.525425557383776
829bf94f3c7511b9,0.5930872285988095
472338feab38fd63,0.007889439891850774
e2eb7c00452da3bf,0.4582996132683921
264d5eac0a3db4c1,0.6266031029641526
5dd40ed8f6931f40,0.5330934745767417
ea07294f7b9321f6,0.40156008785242414
800d5b199211d908,0.1304112691176248
c26171ff73291cde,0.7885604413302025
9b039401395029d1,0.27825160414256034
149773fc93e82e0b,0.9176504243848027
377962b226c4354c,0.385855841069975
b33ace47f8c9cce3,0.19021451734109485
5898aee0357167ae,0.28925253179609
5011475bc46160b0,0.1433538013451496
49403fb05b28bdc1,0.8068520581253584
d64f9b8328cadfcf,0.7610202779814805
8347b5a18bb84a35,0.31739975224599004
a72c9158377598af,0.26256367217730137
346932f67e7d808f,0.8577715876994997
e4962aaff0cf97fc,0.7581513999048681
d63549a6e599cc24,0.04545532483065398
d013eaf626e99575,0.7038919696554744
a7c0072db3d224b7,0.7049131969014497
b87493b15c6b1e21,0.4619861361523016
cd6d6ab0bf1601eb,0.3652665115154323
fc7b0d78438f45bc,0.6465016728289315
b53e88867e63ec5f,0.5016181384388094
1e1e7de7f17a14fe,0.3298555574342863
fff1df28cf047de8,0.4273128603950004
9a4279b8c94a438c,0.10368692452586262
d1a19d29c2aa4b9a,0.7182525545473689
ea65ca7ec57132e3,0.6619404745902597
35cc6e8b29ac28d6,0.9545284481292877
35cebb20cef64701,0.918228766089569
03c27c6fa94b88b1,0.13186665455615523
654a7847a4c3d0a9,0.9440923901107688
d82da976d107c4ef,0.8978388181173396
0f7cdda5aab7cb9b,0.5835184198375177
511e61b096246922,0.21812934696307212
9bd56be8ba9524b8,0.7745207706837985
08980e1d210b6aa6,0.6524469425779917
c84430f350b3a159,0.4452533030407253
152edc8f6b8762bb,0.6998941143829136
a4a8682aa22552a5,0.780114119336295
5448387d25232e4f,0.016798568654824594
86b5af3c99c2229f,0.09237883362317478
a243c84e17ad5313,0.585283964645327
1cd4111d9e2c14af,0.23914353401051908
d6596bfbfd4cc049,0.7692336548764709
5f6669357f9d2602,0.7997349344060761
8ce4d3415fe4440d,0.5064178771955223
b7804e0aef5425ac,0.13550740926463456
a68ac8503924dfd3,0.8949395126202369
0ee54a169cddc5a0,0.32572377608326486
91e67962d58a2196,0.5368878354316201
337f92313341198c,0.4691317355414295
62fdb17735fc24f2,0.34325212391672194
32070e417cceeade,0.49266499358929405
d10e86cc3232dbc9,0.9657822241508784
9e379ff80b817265,0.7819445423401368
cfff3503c56dab5b,0.14454871628634774
9f21d3f021ded79b,0.25021115283202966
5fe69ac7610324ba,0.5340300179644424
fda80e0f061a2a2b,0.6508054160283696
e5f50a39b4e83fe7,0.6634129905930248
b7ac8ea60b369ad0,0.0953448546773249
f4aefa9fc2e0d241,0.9053806469121345
0f32bcb05a22709a,0.7357253331464593
13334ae771ee01a2,0.5204989111628695
d2596a53564c0b21,0.450477673621829
1a90578444c1c9a4,0.2867667497721747
38767f6c13ad1bfc,0.3670975794924
8d312d36ba150056,0.22979960613396685
c4e9fb7cce4bc726,0.45729808666985416
9ff220beebc71a5e,0.18935235375060588
24bb5e20d933da44,0.5629732798212421
42f6ebdc63da37de,0.6781548516845334
39f065a3b51d8011,0.1221938954072805
adfccf4de2f8f9e4,0.2717126808352473
bb73756443a5eee4,0.43878278517238456
0d9c7ad016175e4c,0.7180192632661584
01d6dee3fee929b0,0.12099171198744156
4c94ce26b7eb0794,0.7337823440022555
184edb2637a41d50,0.5247219747157791
b14c8ed6d2ad7039,0.03476522294747621
efdd1d7495765245,0.20422513803672981
affe3b0f590fae77,0.8364337299202022
3edd7de677b91b05,0.5247513421084332
ba9e4528463c5dbd,0.48046657293811257
8be8330f2029f548,0.5537972486474461
df6e6d77a02918af,0.3145925651285507
33d9746c24d2c070,0.5128368950488201
e51c785618029ad1,0.8318140808899208
d53ca1e375f1420d,0.5923866609700832
d4133e84363708fa,0.7573775875578488
094a4df459f84f9c,0.09740104226683075
c95b97cbc9622e38,0.21986563892926442
8a243d50081a0a41,0.8094216834613925
f6f2fd05daf66b4d,0.129786487670086
3b5e52e54ed29ece,0.6954803343410444
144d292add5f41e9,0.6563290026240016
49aedb77fa2fb4fc,0.7301005507383833
81e5d80b657413b9,0.8518687805165239
fb21fa126522b6e2,0.6520987875108968
3451b921fd37a93f,0.6334507408575035
e25080fc68263c8a,0.9282726719394926
64f0448c8bc4b1eb,0.018740702572711144
ed89496194aa19dc,0.4054566891161867
fb22f7c013b24779,0.5497641940941188
1590a07714e8a656,0.11399467894189949
54ae2ffdf139cc38,0.312735178765984
96bf13f3fa835169,0.5581745376140809
559cc1345795571a,0.24501592734121608
325ad194b9f588f7,0.6615348788425478
13ff609306472199,0.7335867122836506
3c87f31b6953fbbb,0.07715307022524785
2dd14f20786549ef,0.40968242855078196
be72fb5da729ec70,0.17555982503221756
dea2b01ff6868477,0.6206231191422455
c7ffc036c6fcf66f,0.8086912039511571
67b0cdefddff90ef,0.7127694897408625
eb949d7c7beb6354,0.7282980570097843
72dbbe8ab710128c,0.7443377520372142
fe50a3aa77d27195,0.12940321023910337
b7dea5f446a371e0,0.11117490052285604
3b6627fce4fa7c6e,0.08205341524511234
5766e8d8c783a487,0.6867062007772418
818813e68f11c85d,0.5481542475301837
4efd1ededeb6af5b,0.3966849295254249
7339d8d336c0728a,0.43280304463004626
5932b86b513569c7,0.5544107655973987
667e3c34655efebc,0.8199792733415078
211cf2ea67620b3e,0.918175066119445
73ddd41ae18acb03,0.304373838365374
b7d7b9bb940bf7b0,0.8492644746222549
672de9994012beff,0.18853940590804996
1fcb989eab73caf4,0.022486461017843653
1a8eef4f4936cf0b,0.3018682011156969
181bfbae0ed5b503,0.009043585216115351
0144b06a9d5772ce,0.9401575179057895
a6d79b35c359d2ca,0.7892916046686641
adb1f5a83ffc8956,0.8696498582542158
7fe7578307634c36,0.9585709323201572
ef916f6bd9bbf8f3,0.7201552222458112
261b4b9303f16955,0.7512600538959344
bdd3d57f2dcbf24e,0.1826590552770058
87478ecab9990b69,0.4594775133198011
00903281b49f7885,0.996179078874855
faa54ef489380476,0.9068890431245291
afd67495e65ca43e,0.2450240113514898
3cfeab5f2a521bd7,0.9894213929674575
f889243e554a57b9,0.5897456708357733
1633226e5baee1a0,0.9810505170121784
09429539f12260dd,0.44053353856538513
4642f19a02b65fbc,0.07821646272338684
454379600a0d58ae,0.6242998728439704
806b67c9407deaf5,0.07501994953424151
64147a091385f1dd,0.265085786216244
410684a9ca496c4c,0.23015811578235829
198aca03e558bad7,0.3421226681454609
19112c76b72e70ac,0.19231437013387492
33cdd595d6f64465,0.2109777240118808
b678efa350251d1a,0.9480181297966308
2773ef74c8379c3e,0.7168879173570354
21a85668c56f4a28,0.6322854328561114
ad44c67c941b730b,0.26405751988576137
afafaec6ed7cb894,0.7329930905086106
7b2afaaec11da7c6,0.4733284298113966
14f8df83cb5fb959,0.7529626046699519
2fa6287a9d075ec1,0.3420446023107999
a20301029a5e8b78,0.7313383285900343
64c226150b42ee5c,0.6402290729619513
7012b66ec38b6038,0.015550623097258992
334a43b3d7746442,0.6966878177958645
3e39b50358f01b64,0.8602015490791481
dd424dd258080c0f,0.5043142112031915
b6815449a050c02f,0.3120816276658278
786b0bb1d7a4dfb8,0.2119786426488713
bfadd1b4779947e6,0.9334523918999875
23bda92c60bb92e1,0.9066600283017311
20f374eb224e1a7c,0.4392215837138127
04bc6e2ce35edb4c,0.7499780880688881
f5fe2d58beb86d40,0.49239745768982635
203f3df885ff03b3,0.10392243369775615
ac5388e6680db6ba,0.21279195291294517
20a190db150bd0a2,0.46925006456528207
03b8f432ac8e3226,0.46258524813599255
800d13aa581dc05a,0.9037925223221335
32ad97494e39788e,0.7703098899173767
762f69f875d0a0a7,0.7213873385028299
7102288564065a58,0.8107366231263071
a244d35bd0a46b86,0.72580979800772
9fd85d10d8d80cd1,0.3777797257091837
cd37f417a290a412,0.741571203717784
087a61efb373df95,0.21988206262788157
5cc1bb67fc9fa495,0.13038377328129908
38260167161be0f4,0.5554172395036131
377d6156aea5f7b3,0.925456351587886
de73631ba462d9d8,0.04171414796566046
c6ad617675fc82bf,0.8636004479538992
53c0301b075c4edb,0.22154361146026808
d5d5bb7bc7475a6d,0.3530169708726636
2785f7c003032f79,0.387584987650433
bacabfcb41e851d5,0.9577907595855514
930620d9c45cfc16,0.6864873255366157
a2253bc60bd26111,0.4123215174159389
48be98b0da47a60d,0.04487541794729789
4192611de72c647f,0.7938281013366403
0a3e55a0415cf1db,0.02967648298138133
94a41eaf6c166f8a,0.637214608628152
65c588ff0e6a0940,0.588910251574424
7316f0f5207cff7d,0.940817464938377
fb48d6120d40241e,0.08287435397183181
83e835be4b7da5bf,0.2394372008280864
be007ff41dfe8e33,0.9225654788024071
ae762981ec3e2222,0.9623987888558718
9cde4da63a470364,0.1391210472817842
1e641e6a0e15cb0a,0.965179892184172
f1e1bfceceaf5b3d,0.2337609295366801
b33a9dd2d6116451,0.6166020171938069
6a00f8682a96e6c2,0.2859623573014374
4889bb3fafff04a6,0.027672919870361468
d83965adda3948e8,0.8512916233094964
35ebd3eb17d43331,0.6912706744019433
4fddbddae3f8c321,0.23785834689913093
279f5d02ec1d4618,0.7042272861267522
18dc05e08437b19d,0.5573647343446133
fd5e41a3afe867c6,0.4533468496301819
4dfc9b4693d64425,0.6028129042369985
38efe84b2371909b,0.030799791272636084
d5ab3634461fbdba,0.6231323919777544
88ee52d04ccee47b,0.7428514445408474
311d0a7d1bc40182,0.49100231588726234
ca3eabbb86d9d394,0.6520765497007333
0839345320590491,0.1842437321346377
3166da0225b35bf6,0.5604472620027473
4fdcce92f68b7529,0.9697826924440789
4c0a03f188fa9938,0.4093787945223636
efd671b84d562241,0.2065582833345092
a1be96b06611a4a7,0.516954727314171
7c15209ba7808ba2,0.8206948710044788
b4fb7e75679d28cb,0.9763875557998976
095adfc07a65ed27,0.47780076080645173
a19e6a028348c708,0.022770735011004777
bb5e510a6639b43f,0.7599166113654868
fcf27b9cd834eeab,0.28471748145115483
dd9e809656743e04,0.40793254061366047
9cf20fc9b8513a03,0.8121579845068632
d929256e10f5e94b,0.5893724083301395
c7372107d1356264,0.8214466290195468
fb002ae965e2435b,0.3684519171876281
891d7ae2edccb735,0.7498574475929795
33b3795f9d4a8ef6,0.03630424562842804
bd1c976bfd04983e,0.7059239616364774
22d26961eaf80875,0.9615374902986027
3267d0aa9600286c,0.6010069622963506
f85b98ab9c2071aa,0.09019419949115373
4b4c86d64f258caa,0.7790548352023734
af271d6d690a0b0b,0.15210941411995357
8b1bdd0f68e6ab19,0.21785690100291386
aca740ec2df56ecd,0.6608656350586612
66cae06936335046,0.5639616530265297
8aa96ed1f09b6e82,0.9175551560636154
fb089d648c0fd719,0.47698566289752276
b3b39f3310bed9f2,0.5598240497228604
4c9ddb6a1c08a7ae,0.049106670148713186
8dafb6cdb58233f8,0.9726226790575614
8512f25e0995f115,0.7249708271777899
3e89b24f6780dfad,0.735714791124456
811b5cd3d60f8f01,0.49974782493557907
8cecb78a9a20021d,0.39785000866705156
c726d19506a1a864,0.4611742567230236
bb71d5690f654fab,0.7649118992140742
01fddb547603eef0,0.4454972917710581
c6592de36f791128,0.296213475893574
ccde7fc6a8ec59a5,0.2929643114269543
ba6d1493e3a1c1ad,0.7607534312904
7dfaf88276d52a5e,0.696110748798249
c09d65931e21624b,0.8923402892284629
f9544a6dbd4caa2f,0.05996678119311393
b374ef23d5ca3b3c,0.4350451481744077
c51f8b67a66b5aa4,0.9834682777556336
4793cb7dc1d36c4d,0.7220771630913612
c4a77a4226cf0e3f,0.504875149671479
11b46e06959d7824,0.9192003227665723
75083fbf03436018,0.704391429777288
44cc96b7436e60fb,0.8010043074381942
9c78ab8c7f52b1ad,0.5818786466766422
27c3ba5b3d6374ec,0.15934015135280202
09bad77cec8a0ea7,0.7311489667119377
7e5eaee69f7e8e60,0.35163627910101114
9701beed4cb2fd40,0.3184323131705586
a886ee5f5e57d356,0.01435493053503523
43322ba6466f83ae,0.42134938893617707
39ac7a6c910dc826,0.48934655663988824
a7624810eab99b39,0.647839187760697
27ce336c13dd7f0e,0.22396400868059976
35ec56371ec7bab3,0.799287297041658
1033972a8d27b8f3,0.9613280940581158
246fdf152b78ea45,0.20540565470112135
67db089b7a0697c3,0.13858093454459022
51541de4865fee3b,0.470993851994456
2e0ffa5c733d2a47,0.9425992850578699
c307a7a1d2e93ae9,0.8353421101692231
60775afc974d2192,0.40221205397518045
1af8370aec8adce1,0.7938094419581897
7adaed59e375f94a,0.4156372792070736
d3f971f17d9ab0d0,0.31796521924948606
f1eff57932ef0f4a,0.6065193598090985
b41ea8380984305d,0.6173349136863443
dac2137cd3aface7,0.8139976396770646
48da40bf199dedce,0.2570152322614978
2c36f80cd8d50da4,0.06103664528864241
e45c5c285ae25a13,0.6416245002720632
d57fa89c692abe6a,0.7318210399833374
0d5b889f910953e2,0.23718503358647794
a2bb73ef62a1fa41,0.8199085706602274
161e450caac64b0b,0.3522396068035216
870239c07fe84d59,0.7625581485244082
1a510d36c73a9190,0.4665115568881605
6365e056680facbe,0.4425922824224476
7e5efd56e82bc148,0.18125568235956277
8ddf8d226ddfa267,0.1351965866154294
aa2927ee663efd7e,0.5617248620954309
1969a71e6c309cce,0.5004677384739835
33e3103e2045fa64,0.18793794055257487
79d3953d4c100b9d,0.9740991793837989
8a0bec565c237aae,0.4579665507942294
e7b2425696ad04e1,0.26651856628383747
1585c48da5187cc9,0.5467259563131122
b508d898d174eb05,0.841770868520315
ae96ed3d88eb7aed,0.2533325403840278
3780b01a20d9aafc,0.6426381251215705
5d2ea0bc3f49f99f,0.6615233087558572
609566c49b16621d,0.21630174894610343
52a50658bfe832ee,0.6405960436086862
76655f684bc2518a,0.28008668857766783
507aa51e38d00459,0.39453007506381804
e7edc5fb783b818a,0.14922299915062498
3488c9b765c1219f,0.05628806608237375
60726ee6707bab89,0.8718205626885708
724b704c54783fd3,0.03166902981814589
23405c43202f489c,0.21614620165314985
0a275c8c3adc1e3b,0.2063173349259394
ad727a83295f79c1,0.9254985534552105
9fcd517a3727524e,0.5721429884878714
c1a15f34e5189a8f,0.3996393309124853
ee586308edeeb5fd,0.6162968049617148
61323c4c907b9667,0.8300024754139352
dc6ad9b2ea237556,0.969273755551145
fc261535991f079a,0.2698588461682154
199f8696fe22e8f6,0.3344250315143379
80c803fed1e7b815,0.1312944111684058
b3645ff1881e6181,0.27642368871511497
f077bcf8ba579026,0.5850757436101784
c98984325495234b,0.47335488645368595
2b1acfb2885f0207,0.23482931364110018
58aea5fe94bdc9f0,0.5344906219928584
13ce2e76f9ac9797,0.7669237045175086
585b1ae5f2fdf9d8,0.9288691108921865
c02d00f3c935fac9,0.4299391253802085
961c1ecf22020dd7,0.5316894441123683
34a2c0730076cd51,0.8857574250384324
f08c72208c842a80,0.9173827711038349
3d0365b300b08d12,0.7409582030201238
7698d1646b1160a7,0.28653722817082716
46fe0812a4d6a0e5,0.34328429656139764
1992a8cfd9dcd0a4,0.883357349730483
234824681fe92370,0.29865524524022513
66dae8fb83f01cda,0.21752878596122055
565a8741e734fb66,0.28947954461902603
85796d3a4623f1b4,0.17480865600066364
980c038df259aca4,0.08414205418460675
847d49fff22ffac8,0.8768200562176293
3ab579aad87803f2,0.07184044986786767
7c287939d256c04a,0.2369767819787227
9b56b63c1ce61e36,0.3567719129167556
2b2beb4ade849fe5,0.7232669669957147
ca97e3a639d0f212,0.434093256726958
cdf0a515724936f7,0.4282521505990803
f0d9600d63271cb1,0.9119889190166126
61f6d6cd6e8ebecb,0.48891181855458193
66bb128d75c1a31d,0.5207978326568599
ff6ace3df2f93fd8,0.0792532963464912
174f6de5e6fd0ce6,0.9037488137796408
f629016e686c93c7,0.8333002889259821
8a5cd96071aee653,0.023228333083193185
47a56fcce1a48c57,0.9690305165865027
bc218a229f6dd8a3,0.34319618509911903
6700a0d8cc03fd40,0.6830752527716156
bf07422782deaa4e,0.9740262705367304
67e5b268a06fc16c,0.1718075886783623
775246a31de87040,0.472500507410896
a8c96679585190f7,0.02831022991954408
85e8b073ae9d6cb6,0.802564881231229
8d783fa9a84a2016,0.9211337396444532
afa9ef8b36efca27,0.012379037539959139
292ad72f433b2ec4,0.21023330195651269
543a382acb950efa,0.31300428328776686
97eee667e12fac11,0.7884191666791778
f1594e042dbd4135,0.2875957942977577
c4acac79bfd54ae4,0.21352580253352227
f1bc5cee7cfbe74f,0.3915866051231908
25e346e1b0340347,0.6041958141993932
53b71602a81f5c52,0.5643752350718196
6d2d4b17736e595e,0.6061433934067565
f652427f39b6f10d,0.9758918415464215
1437d0c59eca00af,0.04536529569607935
d8980b5b1d68a4ee,0.7803628766386643
442b8a915014e871,0.6052205504033414
6a1e5bce20cbbd53,0.9072444815883411
ec75dfc7e578543f,0.09891760999220331
94cd35193b228a90,0.9591585233843677
15617a2281e76896,0.6894305515665359
ae22b29ad0d98702,0.3097158374010245
3e5ee530dd802ab2,0.3570361810077024
9304c1771978ab05,0.10942501137173008
635d5bab100147aa,0.8032831805720896
cf12cab6ff5fa6dc,0.6898499144976649
cc7ce49efd47f0a0,0.07667643063676757
20c507d578183dfc,0.713536921650835
e29e2bc7c3e6ef41,0.9108180969631414
61e270d51cee0fe8,0.7555197978508884
a1cf27e43a150760,0.8890213833585323
9bdddc292578558b,0.2053192716730245
fa0f0cb920abdb0c,0.8751034941436735
95dc87b7553104b2,0.9639530981051172
c268681605733a6e,0.24110022605075093
57f8444d376ead3c,0.7783136344241425
1eb08c4e2e2d0a0a,0.6322468773461144
65f04a475e60bc71,0.6200902138309632
54b86d86b2c582db,0.27912603943839615
ac660728eb9adcbe,0.47575356243788414
9dc70760c7a65427,0.9323733420711534
707fa7577b28c00b,0.18876176669256983
dfc0ad3ac006f7dc,0.5257275359239291
d02c60d97c52824d,0.3991802811251199
68735cd4123d2c31,0.8811838763781337
e7fa76e1a52159ec,0.2303902646221535
8e2a48702b61cf4b,0.10098419399817864
7b4d442d12660d2e,0.25224779471057285
1879fdf1618adb5c,0.5733513955745242
28331b7b0b1598fa,0.027186830463564998
c27a3cd35a718f85,0.38066430585373584
003398b630719a7d,0.04611030882233062
70b9137733db97b6,0.4909037162624026
f0ea5635eb777479,0.7149459291866993
e80ca1e08210095b,0.8449479145674985
033b8feb5aaae03b,0.17701506529159383
ac6a54139c7c9d37,0.9095192850070344
ebc95757b2947172,0.32956096933490686
2fcf426035785728,0.6274530743298167
78996a14f02ebbe3,0.39115325475289897
a87e26d221511c94,0.016480223074835397
c5eddf448403ab6e,0.05554254115827592
e8da0e67e35aa293,0.3812353770562029
88b632eaf9356d3a,0.4145550293112724
85571b011c6fcfaa,0.9619859275657783
9013d63ab473f952,0.8079414054065532
960cad37cffe68eb,0.26423672511094826
e247eb8f78f75a9f,0.17725063712749745
80eaa51c4c8a00ee,0.18078815107000618
35849a3326fb87fa,0.1480460658074122
d95e6b933db44247,0.23758999637034967
c8d99c2ec6082321,0.2870707492311968
c9aea5e1048b2e51,0.7052908001268854
e01947dd147cbbce,0.1591825596577734
ae79b75a13c928bf,0.23229424461089476
ce571fad3257b3f6,0.01615519610275068
a95633f51ef3a7b0,0.0386053550670031
297c6928439e696a,0.9391300367748752
a4d78fd9f9ffb303,0.4631428978881341
2dbf5dac4bc14af2,0.8715263211677484
484f57153280140c,0.6879892282597424
db3d92a2887ed53d,0.8070605298378578
0fcc2eaacbd92a61,0.020710673815218378
3b06de421485ddad,0.7241553893554187
3ab1395e200e5b42,0.6841854000323027
8b607b6592065a8e,0.3510188077708869
a58b1c259179dc09,0.8934484793136954
a84f2ec64cddb96d,0.9554966539788132
794ec7ff88727529,0.20214239698774808
7bec4fd7e9a158f2,0.35138873006841653
bb364b5bbcd978f4,0.9224629274223971
89b648a5f0f0ab12,0.49166487712658247
63de8d6c54817aa3,0.004163558602851898
f379e9f71ba0c23e,0.48948071155743267
a4d79f83a661fa2e,0.6241552774527566
211b21d15b3b91a0,0.2921509053119518
1186f6b426beed22,0.24723787487166027
8dbf55afa93fb576,0.706889573199891
4c37d40f77654769,0.38115592500980733
282449c18b62e5e6,0.8765614834398485
12472f1c83854116,0.9497720437411483
eb624c530d058714,0.44546506543167697
916aa0618dc412d3,0.6719128277236526
b9f7f01f0c234a62,0.8143799055427138
d6a72e0c5f8c9277,0.1625356405310048
888195334e946eb0,0.13124401187033347
f1aaca6b558ffaf2,0.2611134012921537
cfd7c6655e63d480,0.9071043055469532
d54c579db2ee74b5,0.17329951754640616
3d05c28ee2849928,0.9848430582785337
88653ba09b9797ff,0.19966484556066397
270649bc52035cbd,0.1276163307471116
164c0240a44d6755,0.42372947774057435
71d79d68a2b92f27,0.6870860126791046
9bb25aadd2b3bdb4,0.9714269542322242
b3c62935a53d8997,0.231768468468378
e850d24192f9e415,0.21031323180014713
0834b059b33fe386,0.8878899427131929
57cca7c7ea10b6ab,0.2987171722660029
39483c2d8174f1ed,0.8673581272029957
4df07eb70c71ec51,0.8911131955820655
771b30a38c390789,0.7278697012891826
65037a69f9336b3b,0.6735733857256196
97bf39056279f7fa,0.4071049288660728
1a2d12af54623039,0.506881891464618
e649d739e4cbe4eb,0.971301432505987
7c35e8ece8dd52b2,0.820508449856003
4f679f800c6abb6d,0.8229576301726699
42a8a8ccd4f9f9e2,0.13016368759803482
662eb31e5ca29cb7,0.4509146879495793
39a75d0fc9a932b4,0.49613877683209134
f80b6c96f9ca16ca,0.08818086160776914
d1112438bc117eb4,0.7108812686825607
2a23256f8a1b1dad,0.7969139920184518
e3da84e292717dd8,0.5483660239522723
b3da0bcad91df631,0.852950328086477
b7317d34b8035aa3,0.40858283406054907
263b44530f890156,0.6962741662199036
4908216a464f51c6,0.8315500700877353
d0b576af5fedd973,0.4485075556940564
d53abab056eabccb,0.6017761168943935
9947a71c07c08013,0.66901165218785
e3f83e6765042b60,0.6787675592363341
b5e1fe2cd612caf7,0.32735738193452363
2c979dd3ae786b0b,0.02289407281812239
37ebd133842ac652,0.8777241344369564
8d7452fc00bad24b,0.7802776137626845
be4d73360ad37873,0.38856371170723064
40b14de62d50cd96,0.9979224786100738
e8b95e5aac14d285,0.1842864875026129
545aeb4e5c2808c7,0.583356549162301
3ea943e815e609c3,0.2678104095466824
9c3663c00fb99ff6,0.34320879787684233
6806a16705d54743,0.6724051633244306
9658ef3f8e3ed080,0.8128568146034163
72aca7fa36feebdf,0.5807474221581042
dfe86e43c4930991,0.601170360752602
4f82ff5b5651d2f0,0.2354799659011173
d13da56afbdee207,0.5075786074114869
0dcdbb940af66121,0.2206873038894293
0e09773245767eac,0.27174572565935873
b186bc9610e2b533,0.9592977786949832
d54841a2e0a4cca8,0.9475448191110738
166c017caddab251,0.9225992344158973
a23f0288384f2f2d,0.4308449747238752
4886d310e5914363,0.17982043159629485
41edfc6111e88f1f,0.24578533394442514
0f33a4c86170e40b,0.4706190466857195
19bac5bcc4414e66,0.0595732448892919
88ddba34446d1ade,0.4352300485067453
a8dfc97deea7f5fa,0.7462750054701381
fbe5da4001a21c4a,0.288798454050058
8ea535444187b6ac,0.2641354807649512
1be66765efbe9174,0.6780354545111668
05f16b595e33f77b,0.3507364751541303
3fb3259efef9eda0,0.11613150639263164
43836f5657b092dc,0.754177501200381
26ac42441170201f,0.9368180331856841
12a4ec2031ef6174,0.1287077823416128
d8e7f33605a80ae3,0.619220426491679
d6bde3bc380d8735,0.5426319550027086
9e0c178f3e852551,0.8204043181706975
88a6149ecfb1f651,0.4789822932489941
54a33fc8125490a9,0.3478769522258848
2930f4f063583542,0.3406469227248117
5092541f5024187c,0.11104232224457375
e78a593c9b385330,0.5744428666930669
a09be3a8eeceee6f,0.8997823498650288
7010ac1b44772de3,0.2903458303276992
49a17880c454c7c3,0.2023405294228674
4e36cc0f1383ebd3,0.7652031506063414
ebdb25864f6ce1b9,0.16660507983811212
bdb72360a5581c6d,0.7058414189986802
8c698e0fbcb6a090,0.358649446375104
9c350ea7550d8378,0.15282211480077496
a8b88f7bb8ca6361,0.2849617284221879
3d326c98287fba6f,0.3057834138154043
f42c01d8b045f708,0.7616652570874867
8e5d62b3ab696aaa,0.10899500720219593
6224caf3c72e7ee3,0.5519496839614062
926fddd6b2ee63aa,0.018653277252752322
922cf50522b3b88b,0.7106746211112638
7d0fb10204af6166,0.8624110840290657
1a76fbd031e39a6b,0.9636818369427136
fd68ea29d356dd75,0.22165423079093838
03cc36191251ada1,0.5655730177288822
99b5bb0b92d8a55a,0.04880910347021136
aac02a9d632924f3,0.18426773866543913
5d220b8e18201d3a,0.20785066165288363
14fc1d6fe2d4e69a,0.8869099256379284
35e119f52196b1ba,0.1166893512854464
40f1234b5a30403c,0.4698129586586052
d59ccb5d557c022e,0.7451001019138924
0c385e728de38f99,0.3833684335136365
f8683477a2ab2ade,0.899894268680049
511fe8f39056b9f0,0.5300398393853037
c99c5d897170f156,0.5302578567138887
9d753071d21e6c36,0.437442105249782
9e9289f66961c664,0.7043864774314625
5f8b0d75fdfecea0,0.17017298928447372
9dc13c482e059e6f,0.28255130223389613
3f87fc97c66a3191,0.7824588728388846
1b3f3ffb589858e3,0.24128371899411205
5358785efbcfdaaa,0.4245264020398697
57193bdf5b9a6b42,0.79081411789318
4ba6c061c5bcb057,0.953466040467102
218a85cad268eab4,0.8755661408392492
f93dbe2cfff78101,0.5692622717151746
a8481146cd533ccd,0.6330704122264066
84b0e8fa750b7a33,0.40393080706357054
fdcc76060f099b01,0.06773089552804351
300a47eca14f8974,0.7398274833954452
14218faebac40dda,0.43270328769419253
6df2c2d2e3c3a7a8,0.6571523882953723
73b49cfc1f3e9dfe,0.2572914873576545
7f686a76e0a43e5a,0.329810760171371
bf81324a27520bde,0.5238017861553111
f5d463ec64cf0b0d,0.3308050318309027
7b0554b8ca04f697,0.1204415956107312
e1b2fbbaa6be8596,0.4310169763662688
1b881aaa4217102a,0.5178266874010654
c212840fd1764342,0.30754186238743475
ef314439dbb365d6,0.07514905332634543
1772dc13f02d39b7,0.3427968798908249
b9ed04801fc7a354,0.26250747711014477
105a3d1544b0f94b,0.6831931841171428
78654baca9d1378e,0.9693426491485135
9bc2056512b6d4b6,0.497670044882235
09c4cf78e2e7adc5,0.37370743863844696
b2555ae21207d05b,0.8083930346087266
ae348fe15c764802,0.1314533115357949
f0124c71b8a4ad33,0.6673542971888323
b56dc4e690b38942,0.3197864681599265
f780521ce14740f3,0.21641377580972215
dc6f043604dd54fe,0.3513577197803861
e07db4ab9d64f3ee,0.7422058615281567
8afd23b140e4bcb6,0.6673843781472235
11bdf36dc7a35404,0.22130880373762185
4996a5c048b055d5,0.8248073259965771
623d8021b7d32292,0.6666051425419997
9eaa2f70288d4b3f,0.2290661624602907
9b0054be7988059a,0.3769981139477946
3952d82f6df456f1,0.21732693591993402
8533f9a63a9367b1,0.5494428883252125
391d9fb2c3bd6fbe,0.0061482610207191386
101b529dd70a1e11,0.041838038242862155
85b19b6a46b45156,0.2534706819222914
a4b17c05d90ca2b2,0.5849257941160655
194ecba02d51bfb5,0.1504288505984343
20a12da2d8890e93,0.14998871958942991
2df9214ba1de660d,0.5056073945105185
bd7e307eb75933e1,0.6897698261738275
5e0b0dbe5ffe6e83,0.999
bf3a6cfc9a1f3c80,0.45824521808945423
82ae8090ca11b2e6,0.5535407404655618
4901ed9747386ca7,0.8053648904874426
53084b49be13c52f,0.761143606586151
0263cc51aa1acd4c,0.6832106036386074
41e313f2355b137c,0.69637470993774
51a37cfce403f12f,0.34963650067673047
df4f484e6719459f,0.18408383537811498
de7f255e061d07f9,0.44132618763479947
741683772f1576c7,0.7754640603118721
54c7fb2af01e96d6,0.9203788945500411
24c542dab399c685,0.3837562756993756
a1230bf06c58290d,0.2826012104149656
900e15461a12870f,0.7826880382038679
c089536a25834f70,0.31907731996405003
afc3286b544f0040,0.8191234264852091
c61465243a2221a5,0.6614711721640867
cb1f20d4bb93c243,0.3690353082851212
30725d20e5558b56,0.3766620213647627
94ce3e10e75f90a6,0.14827932454434878
48d0b89d569495d8,0.6257280211315566
ff1ad6d36283f697,0.2713313181233358
72be68b75d2c814b,0.17497770372324645
e4b90062b12b7030,0.9320491226057642
d6323a665e446722,0.28003277331907495
2d37f4baed1667c1,0.6502069870453131
05781aee37a18dac,0.23033923025262878
de24d558a18a9f32,0.32280308973381905
cb44379989560ff1,0.2227852660754891
eb333ca8ccdad2c8,0.4990427796487207
1d5cf29e044bf468,0.7465142402485352
172401cbfcd665a3,0.7067626573848584
8247761544773a90,0.005443442604536467
5f2c0797f7cb831e,0.12596742692138035
a7edbfd2acdf8ad0,0.3503874702552603
fdcb685349aaef9b,0.6853642621690161
1568e5a308c50e7b,0.8874976719881064
53f5f1c7014efbaf,0.5908942630424661
e992034fc58854a7,0.25541735651026004
b1fc334e48e20c8a,0.08475447820980653
ca9f6168acd90b8b,0.1598839005708742
929bd47a71c6b958,0.9876881642724784
f7ee05e2b2ea34e4,0.4331112799209247
2f3fdc90e73536d0,0.05663531937372654
b43f6d156041778c,0.08479068804577569
6b0740f130757056,0.1650814976512172
9f1200bd8ef18393,0.3751602629203663
bf0849396acf9180,0.07562115852248946
58f62b02898dcd7c,0.9952252394780647
825b360a284d4a2e,0.10596256947056601
0274228343b0c7cc,0.9057762529538571
746ca6b736caea7b,0.016873212541914335
69cadc81ce7e015c,0.2431806642337457
295dc3bdd969b7cf,0.9429708868297505
e0c7aeb2471c9ba6,0.8142821918638221
a7c128e7baf08587,0.40618872555434354
74ac5ce19092de45,0.5959864506775574
5642496d768456f0,0.930834035621259
9568d09b37d48147,0.6469044690700957
687eb07ac1ec9aba,0.34713984123046504
1131d59f818ebfc7,0.24142414047284003
70d46c4ad271dfcf,0.48109337344854197
333d8235e3bd1acc,0.2985164509210807
f9dc0ee30937f393,0.6524157471682843
e2e48b863ea7d61c,0.7397975350886061
96ad67d29a15ec47,0.668082746495261
998b0ea49069c858,0.12711892303597316
cbf500fe483dca27,0.37483338168891805
32889f39f5c7e4e1,0.324990700815391
f87241418df6147d,0.5546067207758908
afed174cf13b9d7f,0.3955408630253272
d52f3c40480519e8,0.8532341918395198
67306d595867bdca,0.087467415703784
dc439b5c79486948,0.46170356204165297
35089dcee9e9ba1c,0.23967879363951064
61b5d6ef5f241490,0.26485942598470785
45f5713dcef10264,0.4981917313013277
2a3053d58302242a,0.16890380589929696
0998f38d4d069491,0.671137043294311
accc2c8ae67e6063,0.15348626444709093
9f5292cbd3806d79,0.37096855380595284
1fb85b95e91ae45e,0.3094088669842963
faa0394464cef2e8,0.10507946348906756
af95309c63fadc79,0.49923998424903393
b8b45d6732b08fb5,0.35183189132842374
66966f55862259dc,0.5961024469706315
608333309da6527a,0.7927709972403737
36dc5921a7d84ed1,0.5788063197967688
27813742ebfe2b33,0.6528705930295761
211d5db960ca61c8,0.03267073590474541
5b186ac0d11513b9,0.9866762639827451
832d1c008bc3ef2b,0.8445270127886341
7d4e4f8d7d40dcfc,0.31095856494242213
f0dfb22c3a27665d,0.8435318911837115
407451c452cc5d17,0.8304737612881825
56928312feff0ba3,0.5542563312905964
9454541a6582c13a,0.34532237825915546
e6e2f33f21d593de,0.03576646950616099
eaa2910769614f8e,0.12583509638563
127bd9796d970cc9,0.3452144970401304
169858f0ea055525,0.142877511407798
47a3a9c393a619bb,0.5581836073758911
d25e98683c74aa8c,0.41834591115275155
4f2ec1f813538809,0.6108799827092071
8e5753d72777a9ac,0.4262407507173606
d9cef172341ac628,0.9938946783037148
d2c6b2e087495365,0.7421136409539512
5aab483da67d16b3,0.4436841333787895
ad319fa45d964c5e,0.8880046986309345
730d677b8c968e37,0.18023958609783935
b1e38b684248bd0f,0.6509261071023937
ccd097c32d7ca7c0,0.3193014073485917
4cb0f5de29f8b8a8,0.5145352926233627
902aa8ae7819a527,0.01405913625906386
36cc1fd78eea46be,0.8732262215668174
5b8a6b0aae157e06,0.8522299112327658
d371f4cddd5ab580,0.2511164123949135
a07311ae113f1cc7,0.8559197824451147
8ff382f017152a6b,0.6731693052222805
bfe18fe096f61209,0.4146241883325971
97f3a3f55f767d91,0.2703337716446833
a4058a2e4bbcaddc,0.863599541495409
6dbcfd20040642cf,0.06403052739616294
42a6b3c10ef18f02,0.5669152779170381
9d7f6f4e136504fc,0.2961040301108142
0165f411bc818cb0,0.5735540291073802
bffe1b12bbe69fb2,0.6574532675838516
e01b40b1d6f30df0,0.8467556049925964
3201c568d1d26470,0.8053365872633154
0affa4eadbf1db83,0.8714387084849315
ddd3b7b0ab9f40d9,0.8940043202781851
ec738c2ec1bfcd80,0.06752752632290471
906a954f8e1fea07,0.9312192588621777
cdbfc59fb04fc180,0.8532105659206854
2d4770eef88200b3,0.038553557686873394
3d18600bcebb32aa,0.48469794955071954
3e050322f92541d9,0.33826611186468
1221e13593768788,0.3460385259290253
e7ea980a9b3cc8c4,0.4235581100534702
398953f786ac4845,0.8849137180757471
e8efc32edeaa174c,0.7972671456853111
49f061e869ee997d,0.6354518726127185
17668415b4ad9f20,0.24713927820550086
81e71cda520c7c11,0.7268912368955993
7c48e5537ec69161,0.3763359684011516
7b6ba45bf7c43e21,0.46865851357643734
9cdc08694020bc45,0.76398918405146
60a026b4a766753d,0.33389806229601826
719db72fef47ca30,0.37805272283219643
c0b5b808eb068fc6,0.5569701395781999
b20616efa1e51758,0.2678395524471294
d1c2190b7e54ae51,0.1464890439401533
88d71cf388b60bf4,0.7195242421074123
c2394a42025bd869,0.9156879581698478
19b165b652dbcda4,0.7893667478550324
c17841139e5914a5,0.8533758010290264
5549a53bbf9d24be,0.7425466917341481
2da830aa5b2812cb,0.29128446229792004
fb36e8ea3112744a,0.46812678096151494
3dcfee7f0efc084a,0.8377431689253834
16a97d3860c22e1c,0.7842931263204096
6322b2e3f7dca7db,0.5303964340381387
a48ff3331f89fc6d,0.5695483568413371
e07a96472008d97e,0.9687249864871418
42af4fb223127bc3,0.3085580587227422
4aa484762f1d25ae,0.7314020316121629
c414fb964c9cbb8f,0.6627475660822028
397cb89e6ab8a959,0.7083784015108532
2e9d9d9e0a6af0ff,0.7274984472068855
fc32ff9c59a22f95,0.06302320744381114
5783d334ad7f831b,0.8869636014061234
dbaa31f9fbbb6219,0.07707132280056572
93eb228beb06de30,0.22543453241515699
482d6bc5204e5ae1,0.3854313506260716
7128efa4863f0362,0.5426599126216831
ba5809f410734a94,0.4282644838120333
a571eb5010a2e299,0.2581881470867823
ad6cdd09fea09683,0.7765470782898
fa9d2cf12e72efce,0.7048432666318207
a8ae0f9ef30ce81a,0.9642973904706889
3b234a17219db0b1,0.06564493531374738
25b24a0734045bd8,0.9224249538093099
771f41a483c9f8a5,0.4862726594233868
22a6c4ec274869d7,0.6938006405951981
e48895820558223a,0.09721445125976091
02c11767f29d0426,0.09053513744797458
d686fd200c65923c,0.9530528584453337
adfe117f01ca698a,0.042307335840715055
69f3b49837e76dc6,0.5449635275472838
2e72632e2ea73631,0.23115050580091798
3207b91e24e27568,0.3146967384445799
95f22517cd16a7c2,0.26015220633090563
543936caa0e83a72,0.28108294472920925
58c5c659df736b0b,0.04160291752620285
997b65e2ca34d529,0.2724120129501339
75bd9c566434eae8,0.24828755698129445
14088d0f66d091e7,0.9458732842630231
4014d97b63499622,0.4529001598418776
f9d10471eb47111f,0.795146284895108
545fffb7628e26bd,0.12382201018165029
9c45d75bebd4d820,0.025938185740977903
f710caef77284ef1,0.7252696083189389
e4bc3c14c4f4b1a8,0.5331572000111602
392b17be6354d3a9,0.5245603117711912
9cc8d07ee090f377,0.7757852162476246
b2fbccdb690a2b84,0.685344275331869
291257ccaccf9d11,0.677903202931272
c9022a6ee3a5d7d8,0.20559571645524558
19a688707e160732,0.1545747363075803
84bef4f5323ebd93,0.8817659807966693
a3e5e1903e0e9682,0.48240238216386516
3b0297530613b732,0.22861484476853156
ca0fa3062d6f947a,0.6718437634339298
aba2a7eb167c6548,0.7320836667418824
7dace0a49f811059,0.6595684661608437
522ed32d9fdf2d72,0.4416976893603777
8771c418cc219aa1,0.6023662922518738
1b8f8b528f041137,0.01781425282774432
a9112add272578cc,0.28270104384036304
e722b584b816d2f4,0.7162043352655114
324dcb8fa3962b96,0.5372484843967715
ee84f939a7ab4e14,0.8101829497858917
f7a5683abeeb512e,0.23351837572410733
788dec8bb41081b9,0.07580816828621964
20880910f50c0159,0.5472868235435189
a55d2babd6ac6e05,0.0596772087871432
7c5af2b41b2f1889,0.5593813356342454
af9599e0e687edff,0.2676695060468958
96de608fb997caee,0.03421204944745356
ef99f60d68f58a7e,0.9732946433826417
59d2159096523cdb,0.9292600010520862
606abd74dcfa442e,0.7772195879582124
20fdb4917e7e9401,0.1647719699158578
a3a5ff27339bb075,0.6569780715157243
b5ecb5c63b48ec75,0.8315294624410396
0a039166594e063a,0.1046399491365835
62bfe04683f51a3c,0.5236033908207047
b430c4d5161b59db,0.8994295415553284
a385f4145be5f5d0,0.050661569880683766
904e0bfdad64bd43,0.9376113149040137
0f4074528657c491,0.8104823152863808
39e4468b2f4b7935,0.43787806265824974
9125b00413b353d6,0.06982654357615681
fafd8063bc5f5cec,0.4915781377160031
6b06401ff364064a,0.07043408747452852
e5c9addac3faca6d,0.2652985804918868
d12807d748517f6e,0.3521049451669399
828de307532bb29a,0.9496358271334766
2799da617b3128ab,0.15995386335109332
7b6d6ea6d9feff86,0.014514792729637207
0627c402fd75fb9d,0.9332301713612541
a1bb99f3b749279f,0.3133161903726154
ceac2c53c27234d5,0.0575571273363195
9b3de1b793447910,0.2121643524013196
76a426cfc81a4d2d,0.5482051971514302
abac3cc21ba1b309,0.20003039997391486
4e8b9323fa254334,0.6636450900832496
1a4205578a28486e,0.8018326386154673
fa7dfc3f7d4a1344,0.7459923990731929
340b1651b36c8645,0.37032398932483335
73cf2e26157ed703,0.821620568341405
87add43c2ce1b06e,0.5721993949950774
01717bfb5b3542c8,0.8341872631568102
70ca05c9213444aa,0.6635208476927692
0684a9a80bfd34b3,0.24277935788160254
8c2ae373e2809c29,0.29021044983155486
331341a7f1c33272,0.6419294099194255
97078c12c161c701,0.5298870764995334
4ddffb1d8861cc54,0.14000159905510898
2dbc5e3027b4817b,0.6171867191378106
8fcb717c71bb3cfc,0.6124744830733153
58ed220fa88a029b,0.028080057781906868
fcad4ebd837b0031,0.3673894008204156
0792e52fe2c9b711,0.7803464291740444
576de6970c4ba90c,0.6131546744448333
930888a00b16e315,0.8489250833709011
bb00b59f720aadc8,0.684685762299946
05aad23e028bea27,0.4953626153276709
0ccaef7346d2eebe,0.466071794328936
bc31c0a97c89dac1,0.7850077590185741
239478b0c695aad2,0.4213686370405859
6d59238e91d3c6d6,0.5386458878646835
02b6f6002980042e,0.805635841509931
0164fc5fb575ee2b,0.5010744551971192
d8ba5ce01fe8a09d,0.6667533349758807
173b378df818b167,0.09421988495890046
7f5edae9b09a208c,0.5921398986389603
0b5662c2a594c20c,0.6987207096978186
55ba1dbed1a641ea,0.674083358416294
c944ecb134192652,0.9117816190770155
3984b7d478aec2b1,0.8958932802236621
f6ff304e4f459ab4,0.8850608044969948
a49951ac9b42ceab,0.5836105972896021
4b48ddb6a65e584b,0.9661058177555458
624009526008e265,0.44458883869060584
9ca1f3fd0ed031b3,0.6351518760716823
dd7e10345355a17c,0.40044463898087573
a324ae18d57bb12f,0.6027882266343979
f3aede6892999fdd,0.45425380478122024
798f779dbd13fb6c,0.9321279983885975
21481b4c28f91b47,0.15152090256591727
8529066c088169cd,0.037205129738351155
7e93ed2093de4112,0.2551822485240057
51687c7ba8a553be,0.6316590116866729
4ad8b585409698e6,0.12600873863860315
eca2dbbd4829118c,0.6858643536323568
7a9bea3f50549e57,0.5637795402513407
e53cb4d81fe012e8,0.5793043049572473
25e3af07b73ccb43,0.3526883993347665
939b59f220b94ec8,0.35928374894715803
9618c75bab14bdc4,0.8814202961179519
2ac483615d4696d4,0.9315861156760155
b357b45b22852d5f,0.27201660116351445
eed158b983054ab2,0.12276163284747649
25b699ec3d33020b,0.8810977067368202
fabe692869cbf6a8,0.09650021317042536
e30cdc55701f891d,0.6814936204873543
4e247c59738e0754,0.6305942438204593
eb6c93bf83ef9f01,0.8070441254839629
4b2a51b89182eb2f,0.7025188322641289
920800c7a752c35e,0.031857801436756636
00e3f3638706ad20,0.5288019741773561
3b68344f608e8cf6,0.18305602815846933
bd0092d0e87dd02b,0.47563689698525236
d3020752ddea13e5,0.5683899869108031
679a41beeaebf503,0.807832518999177
7fcec9e71dcf18cc,0.3284577680530838
735724a234bf2816,0.7046097693651241
31cdf3e24ce53af5,0.5037863101108165
58b83792be0f6321,0.8434316992403714
2a84a58cf96025f5,0.05006275868255852
9fcedeea63586bf0,0.8021775642338833
d9de7aba8c682fda,0.17903508483248073
08572215a3892815,0.35969491121805397
b488884763d551a2,0.7501363864597377
c30e80405d6e58b2,0.1757561475833866
0c86a250e70f6eb2,0.48912327125648103
a11c15fcf4597f82,0.7560269318956092
2caedcb4ee1a4103,0.8883128268728737
f91d05eaa3df539e,0.43158035272856604
8bba0a98ae140af5,0.8014279347818865
a987e81632676043,0.6623561540707668
f50807d17b5c038f,0.7919391510389902
ee12454070596716,0.6349333461178772
b6e0190c3e5766ef,0.9382714192045496
a57b30735e272a29,0.06538679905371969
ca66fe2ee058013e,0.6913817435380305
1969a8349757d32d,0.5538285762701328
a5bad4f4702eb96b,0.2998314550159637
2f4ee5ef7a9e32ab,0.9520464057579767
abb1f9350d96ed70,0.37004477700623234
8a663152856f606b,0.105122297769035
5965e2be33eecfc3,0.07791051273973981
75414a1e69d6f205,0.6264685876189033
0d6362f82430762d,0.6427112326574161
cded8976cdbec569,0.5652751110108417
2f21d9cb88d7004a,0.6701059126008302
bd0809d01c93396d,0.9241136850220903
d368fd4152e904a0,0.8228401982263026
7a088b0bef4cb74c,0.34798166375963957
dad9460a25f9913b,0.9216969010066607
50f138449e3fe2e8,0.45701842711894347
53eecae41b9614fd,0.8812020245572791
c88755b5796bc0c9,0.8347170903791031
1b2bf22690f55b23,0.3324641644889208
4c0b6078692f7c89,0.578827244873392
d310596293c8f04c,0.48948641093855333
3a724ceda4c76f9c,0.039041538546330024
57c2219b4f1a0a5a,0.7197130061819792
6069a9ccdba45516,0.6261345613597158
504a8185dad726d7,0.9046963360801905
c950477e87d58094,0.2140727482712734
9f1e86207b2be555,0.9020472704881223
69051b19215e3e0a,0.517935342193247
7f70b72d97083c7b,0.7339595405012769
61279ec74a6d3645,0.12346953954056568
4a35368f7daabf53,0.4471274889544322
8730f5f1237b818b,0.04804339929749284
f9492b545b552f5b,0.7493323142505673
a5e99c4117b486a0,0.51381007266043
c10ccbadcdafc1cc,0.09584309713147832
e0d15a865fdfb988,0.24234161114598798
eb916f460ee1b545,0.3723054777943732
1b7bb61fe350c5ec,0.2882916613325486
03e5516590f20096,0.3788573149496032
18e0a9eb3145a82b,0.066578944977699
39cab30b8f09a081,0.9740794696491786
dd47b13d3aa2de79,0.2428895042519393
6a431bf1b07deab0,0.7822865567642506
2b0db9b43f8d905b,0.5472618122095936
363b638b117d0e37,0.040128394123476775
87518c28a26f4d41,0.001
3e73b6c86098ef20,0.7030958150871802
f7580d024f627389,0.2177329077674543
626946bf85055423,0.17676740969285906
1d4ec81574db910c,0.4330080687076986
eb3384eb6ec0ee10,0.18442011288293061
ba1a0a18164d2ed4,0.21906050154606332
8736a356e18687f9,0.14219698500090697
f66ad6f9a0d13057,0.4662355657615729
6781beeb2a94c80b,0.6317159477440363
45ec50d9e9b762dc,0.1217333532646323
f993d49be31858db,0.5521141151005616
68630d40b3d8c8a7,0.4086634514276486
790d0e863cbc896c,0.1706159343877818
6b9f40e1b5440454,0.21663470022676487
5bd12aaf1d87cfb6,0.588729173908806
9593f8af8e49622c,0.33156567998490977
7787873ef39eb65f,0.7297177399044563
3b43be2428bd133c,0.3206985296607284
51614174133f7405,0.7785851693292531
90ef1be7933c7d32,0.2639386821281739
b9b0bc5968838ca2,0.3033989904390542
34854ac0b59be9cb,0.6331993789691593
552972fc397a3d7b,0.5883763763563008
538cce811be930f6,0.938046681063298
3684947575a87995,0.9150202618917602
3458934dca749c27,0.6680045775637429
777593519303d6bc,0.7016192726271513
c998d0d7e544f18a,0.5411181720113857
a23ad55fcdc44126,0.8229111826799973
628f59b52e0f1abb,0.9368314713404153
f55fd4a896009b37,0.21656178508144527
891966bf8125b263,0.2174211492915578
31a036f4acb27daa,0.7041668947305709
b329a2756c4e7e5c,0.10036663183419159
4abec7b3aa11b00d,0.2996577649095457
506d7e6eca5fce8a,0.2214834492674888
93767eb66242b1fc,0.9534110635132824
f07f619af08f71e3,0.9838919510864172
067779ad870efb29,0.45558882429583714
5772509431f3d5d1,0.7163778052914376
562161d24bca87e5,0.054883625028431235
f3e2eded68a25564,0.28140614548040643
4e9f50f16ba04465,0.28571131923608806
a4208a55db792b95,0.3454724403834477
9540d1c34ce10213,0.2711654892193222
3b047ea1a379c251,0.3968617218095273
90c24520deb11d2d,0.3957434983662259
174bf54853f8e212,0.3563762548828031
e32af9607e1574ac,0.25907119939020706
177d7eaf2ebe4bb3,0.005746499062710799
1d3872dea5918cf8,0.7902720320572432
b6641f418df5107a,0.6175323040625065
7b0a91f0c2754446,0.8910841401911181
3074d01b6d512da1,0.5103790076409402
a1ded8ab2ac8cbc3,0.2617402373672907
99d24231acc81bda,0.896678062549123
ff0efc6b635f0dfe,0.4667760376905638
4b26bc2a5271e828,0.3883797286847731
323cc294321346a4,0.5666652879596326
1c5da1e20342a0bf,0.49502612225225306
4f414677966cf8e5,0.345423169612079
a08962f7cf8ef6ea,0.9600610487792676
e6778d3ce59810c5,0.22251090831384468
944d32b8f9e9db1a,0.958674556968399
e5c8bee2002b6ca3,0.8859724268971767
fcc9190b336ccdc9,0.19404822758680718
d8c0de2ec20dd583,0.5205934678957855
fb55a45c51379250,0.0928406376212012
d6e81f789123be62,0.37834727359558673
2653ffee6d9f5abd,0.8961494341297579
daf885e44112d6f2,0.707391721617687
a75fbb195a5c31b4,0.9914219484768627
d6946d6a1e5de8e0,0.4407035566759684
262eea09fa9fdd15,0.07637805564633063
0661f0f9daa76a96,0.643937411703072
3796742963319893,0.9362800998583936
b7d31b3502739b04,0.6743586062328106
ca3ab2b2441679fe,0.5335884506307602
6ff3c95261a2e60c,0.064274153645834
296198ef516bccfc,0.05834783926406173
fd7387d23f2c2e12,0.5798350348059589
705f7c9f6f9a1ddb,0.17015115727062924
664080d9a44e09d5,0.07958541539818965
d7bfb116b3f0171e,0.5646878017596029
df7650f2e15b685c,0.5503759940749284
13d553333a49e1fc,0.13315261750788426
d60997f0da2b3161,0.2748273511952068
e3dc5b0748d9d1be,0.9931869335013201
126cc7a3354c3a59,0.0961296184905322
68c831e307f80c40,0.027381408638707364
4c10437c6f1f749e,0.9878723989442879
4de56fff18170df4,0.25331830326014015
93ee64e43ea9b0ac,0.6598666583485717
622e27b7a834d371,0.8972090703902221
8283fa9a80b68052,0.23087050951657612
3cbb48910802e9b0,0.8540301209326501
898c4451fed60e39,0.5581056952943104
560b7b7af9fe8dd1,0.5529431254629228
bcc595e893e2a797,0.29733920994410046
cb2fa098224a9f0b,0.600432868245515
9e2a88f835bbb5df,0.9173638057509579
07e1bd9a166bc257,0.7594335315831859
10fdd890be2462d8,0.030298404524212685
34a7adccbdf4dbe6,0.8646921002152845
5dca94f6e13922ed,0.3074619379902252
be032af3265ed2f8,0.9801292060592481
afebc493854ff065,0.09298133328178107
755bf2132b96ea88,0.061704902796990924
11b6872eb913fe4d,0.11993486210743301
5a73131a74b5e6f1,0.2788094097498756
a1445f34ce4c970c,0.6864928024337532
c84303c64f096b4d,0.5064360237744034
ee5a57da13fbcab4,0.7662555717548605
9e237fe51b937f8b,0.3877481564899948
04c0ce452fa54511,0.5547705722305094
e4cc4cfb493c102c,0.7894966400586909
13ec6848e5d8c7ec,0.28578151581102373
8b117511fb3c0bb5,0.8138783573477169
45109a7dafad71a4,0.9248461795036831
be5d51769b283a70,0.7789794012286073
4b049c030fc355f2,0.5596098890013663
e1b125afa19663b9,0.7044448428478259
7f5ee99bec52fb31,0.9553663726026447
0ea477a7bb524c43,0.5055172470930904
b2ef814029a4593b,0.7190561095995891
54642bb90de7c651,0.27416712944796934
5562db51544efda6,0.488891098997489
8c3fc61ec6b0570c,0.6966618357832848
19990ada3d732a59,0.8198820516046335
d4a097538c2270df,0.5929205476866498
a8e6780d12272bb2,0.8032747703120302
0de7c0afdf2ac64d,0.5671286509500671
ec3a682eb391eb7a,0.45340872945077526
de499b3d3aa77620,0.42935976265341796
bb95d7738f26c137,0.36661304961828367
76de6c48fb303a99,0.7978585957426338
f54db052a2c1bf61,0.9079059442243045
d2b45f024d0f9012,0.8489440323801019
26693e446f60e43c,0.49062176778217226
00fedb2a014dd220,0.3818810288069149
8b353042d65300c8,0.8692189329257026
90c55b1f3ca98c5b,0.09333656558221756
b874c35d79d74f6c,0.5734394038246328
d482eb847a0a40c6,0.33446598493951096
fc4d3a97478802f1,0.3883688112617017
0a7a2b85838db506,0.10400122261748074
c697f27fe38b040c,0.23675704447717932
a4d2009627d556d9,0.6617236446909296
1c403f2124470ed4,0.05897557428676311
33627e42df750fa3,0.051548421064274264
ba9bd925e360f225,0.4219996231858421
ea28b791d0295ad0,0.4960621732864418
d149d439304c8705,0.1543530961411296
536b709bf5515eeb,0.25114196684883566
88c0a8061e7a3795,0.751048771618688
8764acb490f19b62,0.2106211733214965
417f76acebadcb48,0.8460542221162071
475869c5be3c507b,0.4595385499536115
3ef8009767c7fa25,0.9104230725345729
b554efed5fb706fa,0.8546547959274307
84da50183b024285,0.2633821903815796
a4b1d18f46aa981c,0.04354970265880811
9b47e555a004cdae,0.4003525914001874
ef262814960ff13f,0.6549332587968257
5c0868ac8eafc7f9,0.3373377238676738
db15a0f6f796aefc,0.05638222424309959
9e813d48e7fed678,0.7466615064900333
7e45e93f027eadd9,0.8844173948770452
bba24189518e4411,0.8154465224048384
80cba429bade3fd1,0.09472040168198717
ea2c64045d0a1c12,0.6985311651838386
6eea65bf31a2bde4,0.16764425693502236
986a532aee033e7a,0.3087439133528798
d254bc6437766f3e,0.33815026745139365
3c2c4044a5a205b7,0.4829547882217897
d1698b7f7ce2ac63,0.9385738536123922
5615043a1f36b137,0.06107789670321628
fcb9321c88377fa5,0.013505541513296155
885250c55edfcb6f,0.502146555961609
f48232723a1bd05d,0.9594028371501557
27b4eb77530a112c,0.1743256649489
98a1669bde0eac7b,0.9547660498035937
c85cfc3341c8708c,0.07900220625476134
8043ae38af9b3ce5,0.7779826161436558
babccd7388fd8c21,0.4376236004639559
28aeae730b623cab,0.3860347377965762
4bf1da87dd838f3f,0.08560157868491153
8da93da167404e45,0.7697357468830571
4a0a3077b5581645,0.5620100134395738
bfa2d19017923568,0.46544458052046983
5f6e00c966c5f59f,0.8571438750292399
52c9dbfce9f1b95b,0.16688038265920924
cdfc3b9f626b0845,0.5281342762657355
5e6ad4f66342dce9,0.6640592425083794
42b0a534c0da50ab,0.3046538709491475
e454a16a94a43530,0.4304872931506616
1b6c9c3629bff42e,0.9003989035412203
3d4ea2f562e04d67,0.09108841245132673
e5e88946dd245e5b,0.5276896283631147
7c08fe11ea59472e,0.615339847159803
48716b8ef3837856,0.2718127404241647
22cb220fb3d03ef0,0.8655748841997699
ad38c3a4c4f92dd2,0.28809544890695454
439506f46710d418,0.6551829818958975
e6d46d90ae71b635,0.5215497478011378
cc306ba2474886f5,0.18383905232059972
c3dbfacba8b29888,0.1431885062291889
3349746bf536b40c,0.3396870432571902
254dff7f2f5e27da,0.08302361563629929
5f715d9d99d8aef8,0.774426804003326
28877bba74273a2c,0.06020934374793782
0837f11e1dc53f72,0.9251111198289153
700d9c6e6406ca13,0.797506429787737
6e0d475eeeff64fb,0.5265823271390782
36ba7c400d24c8ad,0.03571954199455043
8c371f8737f1a2dc,0.9959420930343359
163b4afe1f475ea0,0.938559918017557
2e2c632a9af9b807,0.9253543166203079
a891091666dc0643,0.7393786864500723
a990b188a8200e9e,0.09577448601467031
e0da7835cc3694da,0.5358952904700183
6965bd28dc460b44,0.16898607935562115
84b4fd2717d4bf2c,0.2674780724050494
0544118474e570be,0.4439576384149176
2437b2d4a2e8ae82,0.9881004387402527
647299fb2ba00e43,0.048414370053500244
7372537f1eba1dab,0.9071711509061032
8854c27e996efd14,0.5468771708372244
380235b034a986da,0.9363000097286813
a2d407f16ff373fe,0.8554261375975474
0ed19a3a868aaa3c,0.4350711673519002
c173b6242dff9b1c,0.40606964838162984
2043889f64f744b8,0.6420719675643504
19989bc6ef928517,0.6341882488268766
d0665c65b0cf8d5d,0.907268391030527
2b072792e895a81c,0.12918026204706518
c531857150c9674b,0.4885890546238143
bb56bbe97134a4d1,0.17763752426607032
3e062b6117c4918a,0.40798734119894753
a58a4c24d35bd7fa,0.7758545618406147
4ea7721e8c059b2e,0.3037481112996687
32a75809119cf7bc,0.625302263766816
e4794a0287930fdc,0.42426205739011535
028903129d296567,0.5793032435557737
910a3bc19a45f893,0.8477908731629413
afb4e9017f94d52b,0.11443575269464334
8c75ef81ac907000,0.6351194203242425
de995213b69871cd,0.18860851360658043
593b54413b1695ee,0.6599595231353336
d68b798f72ec2a7b,0.16912732195059516
2abd97afe8848116,0.043721384508939976
b80ebde982296428,0.6011591878143177
dbe8ab13dd1f44f4,0.13301930421217564
db6b5f2104046f55,0.6185661121128774
1f67c146861efa15,0.04922394196026985
38f490199f1306b5,0.4501107578237343
dce69a47bd1feb56,0.34888205526282223
12cd790efb4486a6,0.8412443334858917
d5806dd0784560a5,0.02256529514140975
207f45be2fb83671,0.8340626316197074
848e2c11fd115b35,0.6790578893583601
0f9d093c9db25458,0.7532566147879143
13e9da15ed290868,0.36226507125424084
8c584f6c1538beaa,0.005361208444800477
5fcd3e5896568513,0.9058537606501182
aa1f013ff05a59f3,0.37226011177770757
eb2bbf6f740d132f,0.20835424872372077
51fcfaba58d7f511,0.8906828523894224
abfff37a1f178105,0.8438959512562294
918258103a71c3ab,0.22524614806015242
99beaa8c134356ed,0.6966198966095565
f3d97c979517c08d,0.7434617606615455
577a00d787373595,0.8481805146980289
d71bd663eab2681d,0.7852083871000455
3b59c956b239b3db,0.24591686790259
9115eeed93f30a1c,0.15002701399289847
3d992bc625e7dad1,0.08301857791544538
4db07f6033192f9b,0.17826475558524493
a58a45e9afd5b405,0.7095151538352786
519774a276bdada6,0.8012645018796622
50bc50ed77a01d75,0.5584031161585663
d608451c67dc5cfb,0.4478674271173345
2856ffa4f0a1ce80,0.4541561305256974
2bdff8f74778c4ea,0.20399631755627795
068acd67c99550cd,0.6477459203152318
6123220972766a4a,0.5299624493963554
c4d534fff3fc5628,0.5882142174182129
9fc3fdf14ea045ac,0.4460762110033982
3f86edfd0be75ecf,0.5957883598032617
c36573a6175092a9,0.7229540524045429
7c4df8c2f29666ee,0.05822772610266211
3c791b72118b74a6,0.5012458728511483
747b04b604c95fc1,0.13928793142751128
e780dca0db5520a5,0.13700356591587942
af83daec6d450e57,0.4790562628970496
5d4ff9f52e2e4f34,0.6984539824229192
b2b8e551d87be54f,0.9989059080962799
203b6e0e0fcaa971,0.4894695639130552
eb36b4336605a7d6,0.5103145815581819
14713adcc060333a,0.5544053892441212
251c0c9a3789eff9,0.8371509858512038
0d0e059449af50d6,0.27595269569593306
63b1850f6f5df5d3,0.34067928993926744
90ace0c383247390,0.11853034402871625
1ba1d1cb2d6d1bb9,0.23995038362021828
dcb2cbe56ba92129,0.10688211616139526
88b8fdeb6d82597c,0.09429732650725388
0ccfe20a4b77ea6e,0.14988783591181826
3482a5b15357f00e,0.1274825725680464
6d71348fed8b9c4f,0.2938144329028865
f8723e3306bf7c43,0.9746948938676975
7ef77b74f9baecb6,0.30554131794198114
bc80f01834269376,0.24736324246815156
18da383af4fa3cb8,0.8529452045966961
b474ff492fb9a94d,0.15114599647193575
d157b8492ffba0dc,0.1515702438301223
cbd2d4eb5123804b,0.897776942824065
0f9515404031e965,0.2055750546171683
4f1dcb8a1669a31c,0.8186311225931202
28c27ce346a7a7b7,0.8228708536000632
58928eff8cb29089,0.5352077729243452
8069cea0e02052d2,0.09576257726964509
3b583c05db5ea4a6,0.20214527807394636
36384df41240d0c1,0.5103566844831212
15e9a245d6d06a3e,0.8178595225586456
d2dba561c29b817d,0.5103901286954972
2a507f7014709986,0.8099802803118212
a27e43abacf3b1f2,0.9231052708981033
686019b683e849d6,0.8845323829618914
9a3663eadae7822e,0.7379979426531947
f4857bb0e0b52a47,0.5690729321613209
29f988f929e638a6,0.3077011659147484
cc08f5318b40d7b5,0.13509150465048828
3aa8c59d9c5dc7ac,0.5899905646290995
eeeb124ea0b0d51f,0.5006811287822892
c422bdf822a0dc56,0.9290625305790546
98269904767a2636,0.1737317968117216
e6cbd02151c72662,0.8897473757720025
5e7bd880681d9f61,0.8200160727265609
fbe456da262eaa3b,0.5556430745828822
dfe3e7968ec080ba,0.4347922319918448
0e9ef351ddbc9ab1,0.2657048864881053
2902b3339eeca5e3,0.5825073303073797
a7137a063b883e92,0.8682931803654752
b733ad3dd8899d06,0.3278740148112796
44fe9234ab115e2f,0.9358826003424607
000b03fc8664c7d1,0.08972605937388581
9020a01496eaf633,0.7290461797433014
53b7a21b0f4cc200,0.0956408862652412
20cc306cbb1c6bcc,0.9306031324080659
debcfcb981ae0125,0.19005517378471648
802bd1039c3e6a1b,0.12053415367621585
5f5c21e0b6a4d4a7,0.17744373250100753
4e1d92bfbc009b58,0.7797959540389823
644c03f056f3bf9e,0.8573410792968839
3b4855d86d450661,0.28174099289497656
dbe1c9a9d3e563ac,0.21237362584463215
2fb49e6e63bbe8f6,0.8308709715985108
2347ddad2e1b095f,0.47963060342331953
e315a627d1ca8573,0.8167278835790854
0558a476ace81c15,0.4664864039341503
4426fc96456aa43d,0.801064384155017
ee5092888f963b26,0.32297645179175744
57886ec9ac1bcba7,0.9275540847907655
69e1947ef1a19192,0.716233225809512
af29d6fac97c87a3,0.2500758692019407
6952926383750b48,0.270041623675022
b6e14b919c7ad1f2,0.19764679947698705
8d09ba7da0267580,0.7321637734208747
40e7e13ba421c25f,0.16358634518726825
c3d8677083122b80,0.8452782885303437
e41366313db49145,0.14872831633992023
ed95e31015c5959c,0.7758461598740275
64f0bef89a702494,0.136091831807163
81918dc774b899ca,0.14198092913298538
dc9dc895fc8368b6,0.4930614059751801
ea0dcc9add9ba8c9,0.6057381110864732
c45a009981cf2faf,0.8069744743489834
ee4eee5c2cad18b3,0.20725865215138545
4b8886ccb99d4b95,0.3421204525391116
a11b7637d21059b0,0.2444844888284954
ae6bfde3685ef5dd,0.10157115899682337
095f96ba3b90f727,0.539879868704059
c800465fabd83658,0.08233355477359694
c75993f60039bc22,0.648770664852625
15b2e13c51d54758,0.40559914606650943
cef343af7e936391,0.6851760219072319
bb9e37137f42fad4,0.5002115353823258
b6f54b152f0f2c28,0.5738099265833762
54548a1370ae962d,0.5391272241815867
774675091e96f38e,0.06905748340840034
64db0198c907fdc5,0.1242062643879074
ee3a2eba79a61cd2,0.23654411727024025
d87ea92ca2504e8e,0.9342300144616319
493f68967d2931dd,0.4007058162207073
33c5bd3953cad989,0.3438155057006636
31719675e9834500,0.49129460034875777
283d0d3d8afdcd48,0.7717895358639943
0954b46131527b56,0.03321962883295046
c7f99cdcd74ddfb2,0.8633679986725507
89e81b0750c67025,0.7311443542669703
ef2e114a293d6051,0.22921255371371255
3eaa82eb74b0d2b9,0.9639739324053531
f115b5827c53fdae,0.9082876070032514
5b981d50572234ec,0.4301986936895694
bc2a7ac2fb6ad312,0.7726388446138254
cabb5fa14742de79,0.8807599146743785
9dcd899d3120d04e,0.1023270663683911
5bf75dc153469005,0.5966299833690605
a99c57a3cfd238a9,0.9205559971222917
7d3c73f6e6251236,0.7593884568793161
79c824cab095ef0e,0.5618868352387103
50457f03b19ce000,0.7482123254138233
72ea29c850f97747,0.5219285650639556
949aabf35ccb0c4c,0.7298003507062096
bd3b7b9b5cc3a346,0.4246095111102052
581ae7bcf533000a,0.1404609601521981
f944b728b8eb9aac,0.39772281661200326
6add937f4476df2c,0.611960484757076
478be273b158fbf1,0.12882255284932675
43c1856ef31d1073,0.9069562033733871
8f97466fd3810c1f,0.25811158402533885
3ae22b8a964781ec,0.5769287427310906
82ba55bfceb0ffbd,0.5198396565371218
5966bfc14b304d05,0.5524258100876915
eedd90867e3cd9d4,0.01426478602738726
99db9ab5fdf84102,0.20461466278648888
6c6761878fa11c78,0.6536247862883755
731bd2e8496a9b0e,0.10267921169641761
9f1fd83e49b82f88,0.942530573694968
51a2cc12286941ac,0.9805113346020068
7b60067efe8e7c4a,0.7865443265693088
7ba8d7a5a2f30106,0.9561921325676603
677aebcf5c57a29d,0.47620441973675487
c2e6810f10057ffc,0.4903466596831198
f770bf49e8b32f7d,0.6617942234860572
d999d97cecc80f08,0.7806622552770199
225695249568ef3d,0.9397486175906902
64c347ce204607a2,0.7301116204515549
8b972fc1665f8aff,0.30540477799747784
fd3a180f558ad235,0.6177205165825695
f24ea2f162b99780,0.8075847487430452
71edcfb193fa3be3,0.9128164332498765
4507c7c846e862ed,0.449801339565718
ac51d145f495fdf8,0.572698933378273
3ab5c54552e9add3,0.6901730904490677
0e545a1fa4aecf83,0.1181786301077215
19eb7f93e53f33d0,0.32248742787287943
f4653f53352a740c,0.5774407666122097
c716d718820e66c0,0.39186785205150865
a8a2778b42759e84,0.7112346500575777
d632ca08f997e38d,0.06455008237993355
47c56ea6034205ca,0.14925660927302012
f436395245784b88,0.9498230455709837
ddb7078278325022,0.21007658542337057
1c24525f31c1953f,0.8355662772699453
7c7e6ee56d6ea5c1,0.7754201725719074
0e67b9cedd55f492,0.3239675992846975
a585afa6cc802221,0.5379378305814493
132bdb2d81abf434,0.560666938972386
cdafcf3dcd774b36,0.6501314557808414
5694f780d2c8e463,0.07949037325171027
317ba4057a04aa16,0.8911895786788349
a92ae25f2defd1f4,0.5526141617737075
ff0073be9d8669a3,0.9237243621622564
2c4d6fd16e7da4d0,0.5164754237376423
e8b93ecfcfcf69bf,0.459703940806234
aecdf632644c9922,0.8302418200691175
0f4ac8759cecccb4,0.09910487826370468
ae0ed79b3f56091e,0.5958734739821223
492dcb545fd160e3,0.4505895603262817
b6feaae9a6963540,0.39865101018187266
10bc80bca38b6418,0.2655790616832083
d8bf52f15b58b474,0.21885875957705397
d590d13d8a0daf0a,0.5860346100453417
bafce96906ba0c73,0.31420377134745303
15a89b9d9a174795,0.34817263040682045
3c895a00e202bc6e,0.7820740206110286
62100baf87d531c1,0.5851313056381757
8ea52f2642c87cd9,0.4875008572400342
78bf3db367f46ea8,0.9360610252774408
7303626be6419b04,0.8453605426327365
86f2e3f9f88bf00e,0.9541299720864145
39921131b7d48cf3,0.7918203083429622
7c06255c489ce455,0.8688351384928201
2a0f68fcd60099b6,0.7959976802928614
968f899504b28211,0.7808199223457081
98dd9df8fdcb29f4,0.7317173553958772
ed55728c47c8b666,0.15025878102190196
0e54abd540000681,0.9169800195278706
2687ae2ad26c6497,0.8648330197369298
afe3e3f4edc8f7b7,0.5614509325376164
3d8ff2a3976b69b9,0.4827093973135821
13e6deb5f77cd1f5,0.5062322237201446
8c8711be796262dc,0.3078632366881725
8eb1ab06839664b5,0.27762185164265796
dbd58b32bf776c26,0.14733835147868019
4be0c2fba004271c,0.709247226609139
a0f6b49ec1b86bc1,0.8855343201589345
3b33e5fb16341fe1,0.8102808431414797
d39f326ae61cb937,0.10223779702117156
00e28c2a11d38c61,0.7337696533709297
a55c74a9759fd56a,0.07090243361915743
8bfd04b0788122e2,0.9956051689760566
895776a9cf9c8d43,0.4691068786807737
7ff187535e206416,0.9898459772596
b2d991e4147a68e0,0.3187173332904977
b62ae246269c58c4,0.8811947628222017
b8af731f19b5c84d,0.018577883447561446
19f5143484b38101,0.7246225058590486
982f6a3f1bccc6d4,0.1260319552718876
2cdfb20347feec4e,0.910077717605939
5b2d62e736467c16,0.26956304589336305
f85bf07959deae92,0.1618863459122859
8e923fa1dedcd01b,0.4752779036207984
93b3dea6a99fe31a,0.39932685184557537
8bc3af23b3d5ba85,0.3101222620886185
91db39152bd6ad50,0.9890131635554384
d911a9c74b505826,0.9016972372083236
0e53e628826772d6,0.19417618432656897
14d7b607e5e3f0cc,0.38560196020194926
f3e8e3469f0aab7b,0.12046434366949556
b9c36eb092bb275d,0.5221971731527644
9cff3e265921dfed,0.8486101483502935
585bc81acbe5b1ec,0.13532980129084546
15f8e68c7ac23dec,0.7266677106535763
a37b05bbb09f8496,0.8900599992208997
4f31f80a263d61dd,0.3352693661472011
6a3987a9bab31c44,0.10219162053587164
9f59a5ca5ae6d119,0.4396566509913622
afc6cb824b3596c7,0.10801200990084739
64dcbe6f4ac8de61,0.856718549251762
1fcaa5c3533f63ca,0.17912473087832187
a266793e0c2619d2,0.7533100025129729
598af3378495839d,0.3809639672735876
b40ecfcda1506387,0.16984522039504937
22537a4c1f1cb22f,0.405343503527401
8c5b78cda30c225e,0.7702840948867484
3239189122d043fe,0.4797659976043954
4b34859a41dd8627,0.33318063029748113
7577c8941b2e888b,0.06188159322336548
8ef15229dd291883,0.0631004719923913
3332780ef14cd99b,0.7795896972572514
f93d1a6ecd62d897,0.7444848035568048
9505f55ac00dbadb,0.7984584609007471
7c1831bf48bd728b,0.10760913070006248
17cf81ec2dede54e,0.7767661195755866
e84c6f3155ec9762,0.9480233744101099
e894ec9e0ac2e7a5,0.8662703015897995
c307472500eaf782,0.8330699761714855
96de47679c4cb6b6,0.23904833142025184
e0dd44e7040c3168,0.5788066284163561
bd9e6bd2fcf5a54e,0.7059304491370488
0382e0d155285962,0.4391763189287776
509eccae9abde09a,0.9007599957636645
f2147e0be04acf5c,0.545815208532747
f3a6b01cc0938196,0.8750395442371759
c1956069b7309004,0.30193449889450563
2292dd5e617286e5,0.4896290825892413
3644d81639ce9f29,0.7878022287869675
4a5bf3e5c85dbfe9,0.16462893052360586
095a4f241c64795f,0.9164071326768333
aa45545b6df75be3,0.8562893047832533
ffda21a7e2973492,0.6489970132738581
662adc1ed3e8fd43,0.4692447923623563
218ae6cc5968ab6e,0.9633512646559156
316379f30810e1c6,0.5773499170852767
eef8a37b8fe20ec4,0.9457608720162473
d9a0aead3407db9e,0.6884819288976411
f0c65e7320950a84,0.8023461036147843
4625132a59dcda74,0.9329994149874647
ab1c8b0c3967b656,0.941018033002235
f00224def382933b,0.659495906272197
090051f10ebcb768,0.479331376553298
2a0c37f157e82f1b,0.7008281324279625
61914ca3afe42c15,0.21653264945426312
a9fc0e9ff5b0e706,0.12489775004373138
f548f7ed3074067e,0.24102009013173464
9aec70578372daed,0.1388945046157754
fbb0734a4e985290,0.3056228292131823
a8cd11786e7fe2b1,0.39817755306112024
6a4338f210f336ad,0.3054477830207877
cdb63c81014bd072,0.3823883443540693
2c5a98b60450efca,0.49021202670950925
2337a75838293036,0.09234099586941347
a0ed386ea018cce6,0.4811521021411417
db76609f02b3bb31,0.759019075011131
597bd387a63987b9,0.8920457347410268
bc7571c47a54ce9b,0.3852457359428369
547510d3ce221301,0.697066005503521
8e84181f60b3ec91,0.6731045825249892
13880ba898b8f597,0.9388303350151856
9ee1fb0201512e8b,0.9396978084240312
48aefa3d80da5764,0.25084601314734456
498d517a667856a7,0.5091864898743594
f07b0e35881505f2,0.20596728971959768
1df225f3addcce26,0.1023596317518212
84a772cbe6d216a1,0.304700352474359
f0e4a70f82f01004,0.7258272672064155
3b639af3777f4c39,0.033105623323888694
b9f77a4295400abe,0.04183653259043708
7d646e2fd78953af,0.07976712855678636
4127b246e0beff6c,0.22434648356026832
2321d1fdb21c809d,0.11699030275877384
9936f8d7184f5e10,0.026826092077128175
e2e9ef0520d08656,0.17752984686158121
0aa9b948dc8766c5,0.11130633074614987
d96df85b5160b1a8,0.3383875751807923
3bef9584524abbef,0.7298292924178587
806989faeae50571,0.08976980121032399
6fedd263e1290110,0.6854499730843908
5762314e60a560e2,0.8946597823210856
748cd550549c514c,0.5170757815499192
58a8e997e2757de6,0.10434379130069388
c13887db4b2ded8d,0.7155386656256685
eba0106899e8fdf1,0.8177961379313139
a947c7f89cb176bf,0.9587472987476029
4ac4a17692a2a70b,0.08351740983962762
2fa4409e1b6a3d85,0.7047134816956899
a783eca691369f3a,0.4163555405629405
e6e45dc137aa0511,0.15548213627222512
c589fb4e517e579b,0.4059197289196747
0535f48557a68402,0.7024936396214645
48e423add1624f2d,0.7151474863203343
d20110b1a6f20e55,0.08975497725550824
739f7cc76c78d0bb,0.849137212900648
2d439083c11f62ae,0.7974926972287755
0c74bc780e465296,0.14393824053305093
52294576789c8ec1,0.7861662169655108
99b2421c51d37084,0.12699324031076262
de49e465a4c970c4,0.9282503693593193
4c88fb93b8d12270,0.19471161814553306
dcce15e3b59d9796,0.09624307980679829
b8e0e09067432f1c,0.8720200365665618
962f882f18c11d46,0.3938769982938629
34753ee28116af4d,0.5926710773192442
7c71a6fe87ccd6e2,0.2100078793882807
7ff97e6a175132ea,0.6961145437335803
d84022bd67943384,0.8075260467356339
c270a677c7614aa6,0.2778598252365607
1266e1b58e87a761,0.656442178642723
9fc631524aa3372e,0.15943314661788893
88da969d80daabce,0.8124821254620852
9c5cf1807334358b,0.26347874226555257
0e5706f9560fdbf7,0.4778596233572494
d9db7cf658a35e31,0.7904881947942008
38bb0629e63b6590,0.6797074997546647
726236f75c9de724,0.7123749862794861
47ff559912cb3714,0.29054080687806055
bd567ce69cb8cb62,0.13532115677921777
6b7338c16e1db627,0.0666679911570908
2e47f13eecf939c0,0.3192402814312909
7e001225afcdc58c,0.6356083028566022
b0ba287dc9f94b2c,0.6994160854233692
07be300260466f0d,0.09287275107938171
49e2abe2ca234745,0.7420504664428368
bf163922b4b12745,0.8457279255010752
aef9d385e9ff8518,0.9144943507706653
3e364e82bc780650,0.9743452920179194
393a9aece2867c5d,0.46566367209611725
b0519105b55d4bc5,0.8209018609036622
c5a4b1418dc4e412,0.6657321435122616
ae000e40b4cdbc49,0.2471697860480352
bdb4932474ae13dc,0.7861790032829039
54ab20f1339d0955,0.2608813424881984
bb6cce3b0b6744fe,0.2409468982813531
0d04ac4d48d1e700,0.9293347562199703
6e3f51731aaa2c77,0.4276835115370434
783b7b163b234e5e,0.7138065671589686
bb6501e8f6ab95a2,0.10246430078675833
e5f20b7a540b7472,0.4043213040703124
726e2ec81830f724,0.9033614176072613
e8dc50204900e975,0.1857791946296861
1334006b9c4f4ffd,0.9169964164122841
3553330b5c7e6092,0.6880972110846364
e1a3e161c8b2e221,0.3708601825478347
44e747740cb4260b,0.07358311944542908
00202304b4481207,0.861845574911095
931eab5e85d6e3fc,0.3052176664098355
e4b8ca3da3eff8e6,0.1805608411214151
103e5a44f9c30ed7,0.5378830714611402
448d40536e9c5670,0.365481932472027
1b4d4b42760e781e,0.9521260623761254
e0b110d4f6844bbb,0.8360523755370284
0d928dd7f13b92dc,0.7320859653018883
1bf6e2dae324cf0e,0.4859535238667704
b2a17e2a9337f111,0.973517257863902
564d7ef8fb681d94,0.40503598203911506
a2088d882fb6d77d,0.855553012257348
3fe22caa380445a9,0.620324205534879
2b3c171024a98155,0.9318076899860976
2014d23cd7792183,0.7279696869611427
fc996643d63f02d7,0.20737245851447905
c8d5c605e447f4fd,0.5219321704194649
634298df42266b22,0.300877791223429
5c8cbaf8b4d39f57,0.8550650717715191
a688ddfeb76eb78c,0.9070144689994843
85a12cd29f47007e,0.2539600773610576
a5e1a3f8e312e1a0,0.20019055179556203
29e076c93c2b7fab,0.8977632021847454
71b7b90e9a0b70ae,0.7330798577458963
11583aaab15330e4,0.0983850532581705
5b34705855c1c880,0.6057502887063708
26361ce2a06897d2,0.09040554589035572
2be888bcb74be336,0.5393673461387936
fd96abe884c43d6c,0.8109371542972101
165fc0b6a160dbd9,0.9227400935346582
b8c8c114a79ff453,0.12050581144071615
e22746fcf084642c,0.17993632790898134
3fc60942cef4b9f8,0.7455604599355674
c78a85aab85debf8,0.5470450765083533
9c2166227724c80c,0.14272604812960982
e0291b12205c2c68,0.6281951369447535
307b5de4b89748c8,0.0595136668678732
b83469a7d7ed138a,0.6929504676103266
4726c5e084cb6f1c,0.6540865752320675
33795c308f648269,0.9877695922246006
d44b56532551df1f,0.8910747256176377
7db689f550f62666,0.6046789913660514
c64b1df6de24f982,0.4115171174841124
d9685a6aeee511e7,0.23193375359975354
2c867c13048a2311,0.8978663303109498
b3f36f5f67857959,0.29716816814387437
c8dbafacc0fb77d3,0.624487953321065
3a1b2137777bcba5,0.1241615442056973
c9627e77fcbdd360,0.6351134047036423
cf4f6641c91382ed,0.2363535527865894
fb519c3fdb753245,0.9448938652658884
035449e62c90677f,0.6935351351615937
5201d1bc5a7cf0ef,0.5654110228215533
01ef09b451cbddb0,0.4342497355938602
b98e367af7c0158c,0.04997705393839465
bec6844244ad0aa4,0.5612591239340897
ed82262b135c6e4f,0.71534498385315
67637bf7061cb7b0,0.0735332412254448
96ef8b85b60392d5,0.9485081327280376
fc1b0a61b9dd082c,0.7801485245414027
c408b4beae948cc1,0.34020478774236196
f26323206d284ed1,0.6745751082315526
9214caa6c1a0dc02,0.24231636280451763
591a28a3c195b6f1,0.7738928336153317
9cd8a8ffb7a9e96e,0.11828632673154912
7ce580a49450111c,0.2261634767517047
abccd8c43775abd4,0.059431261665384434
5c6acd44464d3db3,0.9165729172645507
b0e58b3d4a2a773c,0.8927247860264753
eff75fe4ffdcb49f,0.8789980953177818
06ac1908fb89960e,0.8481713960334888
6e61df7259588c80,0.9249168399201588
87752778bf4206ba,0.6106841796009859
2fecec0b55303222,0.18030991331315374
d57c0fad9eabe24a,0.8860661365482767
93cc7546b8c345e6,0.9795364821209815
eb76de6938c4c38e,0.6084510211816065
0e733a579e63472e,0.335394919209126
e7dff8305acefcd5,0.21536156285282249
23423479e34fc441,0.9104034828738914
3f66f582c2bdc24a,0.6397505795283247
d312e4d7fce5fa01,0.5638377619455445
c04cd9fa54077b8e,0.23129142102811334
04b68ab2f6458e33,0.3991432421896775
35665b0fc6847811,0.6510304820027681
9028f284365c7863,0.5444557736369249
fa23926a88284b39,0.911474979590029
ff5e27f506ba1ffc,0.6950004860454027
e6a04e92205e9e33,0.8269282753083393
934c2e26775faaec,0.16202741386068475
35403697fd72709d,0.4514704332366784
fdc814fd85f237e4,0.7254118512728891
bf4ee2f20859884d,0.24208299900927863
d2d10af48a354c4a,0.5487678364032624
a38e463e1b086d42,0.7852714861656094
ba49ce0117002110,0.5287500631509122
d5393f1776772d2b,0.4877615163294422
80a6b6e9f65aa3ae,0.37283261282194813
d84698a77b768899,0.12562910765656835
8d09ae0709d01465,0.7574836388223469
0ac53b64e16a0efa,0.948716423647801
a632a91a07ac8406,0.6273378067900854
1f2437c787ad39e6,0.8789932684019477
beb116a0a3ad4f5d,0.7640507107085519
c38f343ecf8e9527,0.1754966659841119
d04bd8d61ac99c5e,0.29247289501306317
6a279faa81d0684e,0.38773168637765065
1b49b1154407ea05,0.716069561074333
b71746f211be0a24,0.013897419695511063
bbe0b7fa6d60f17d,0.8519155571454733
c9117e785fa1cd68,0.1607299451794844
a700a6b3a689a18f,0.5713477056789157
d998a004d828aadf,0.8745605788831949
54cfb8bb56897eb5,0.760465179810518
bafd504785d302a8,0.9372353410456664
3f45db97b95a3352,0.41921398386708875
2364a75ca729f899,0.7841239156848303
9387acf4770f549f,0.656290821662392
a434422326289b00,0.035122767290544164
8bbcd05afad8573e,0.9421832038389082
82fc48f10b8d7cc9,0.08712348766086267
65dd24b31c0c4067,0.5958953808284708
b25ccb8b682acbeb,0.5701981556050706
291117008b4408ee,0.6281202637453835
aae3422dfbb55bf7,0.5247289615868047
d436224afb38b7e2,0.3546291767245645
1287c0ffa2f14635,0.3739776754190627
4feb7edca163def2,0.8663083596125729
00df2416e72cdbc8,0.24689031794177088
e51c757048ea36b0,0.17286732158827592
59e45992c3fccfa8,0.6520600208663201
7b44475e4e2e3b92,0.5931765035054223
be457ea8112e2391,0.5478974042739067
1e4fd1293a611d2f,0.8581146519905565
343371989bd61c74,0.7023036072337518
6bb985812e990044,0.2831967685439575
c0be9996bfb5270b,0.3922134352518444
bb367ec1a239b8c8,0.6534325740576472
91fc9ee0920431a2,0.12587543759771375
82f2985fe6157914,0.3079335120890385
eaad7a9709bacd50,0.5847017694187345
1bb729bdda8eab4b,0.07854017134747257
35320f198f2157d7,0.35010826165839803
74cd9018fd2aa194,0.4078955204598671
fd091b5e49f8138b,0.5193166028130916
917e088d530b042e,0.881926647427087
b0e606a7344aea7b,0.5875365131092667
c220230ca6b46d2e,0.4791431704166257
2174f0850e20c2b1,0.1269799396247369
3bfea4a031f46e50,0.16424612236684286
22199945c8b6f01d,0.8219548420157733
efd4e993a8d94f5e,0.5456275600084579
acad3b0b2e72b212,0.6638016112418976
1a33438ea9b6ba09,0.3601822409255119
c9a22295bdb2b49c,0.9782451859086937
0a24b5a0c164f36d,0.4731043837367427
12b662eae7ad89fd,0.42787805878675034
788a4a1a340ccebd,0.9117903471171261
0b6ebec97e53c571,0.54449054292642
be4269de80d8b34b,0.9623917327433097
ae99dff2a596c7fd,0.7407021688014406
1cc563af87248566,0.6398419404355041
95b03e2a8add3a08,0.4823871781186688
bde7f9ddcf827170,0.0597668153500274
e24c4af855561b6d,0.3995824524732694
a1ef8a44aeab6af5,0.9728191310251657
2bf2e0d5f713e9ea,0.10322727732072967
6585c55605f3d692,0.6726431402099886
4a44bfcf3c8bea26,0.14863000594345732
78a21d5aa40bf4bd,0.3265075737104974
d208a68d90d83d1b,0.5086495290299695
fabf07be02cadf0d,0.8337634425287683
3fc8a4ec51114a77,0.743390561892526
d8da2f9a640f4e03,0.7349729995820173
f7a8212a941af65b,0.002636024230396852
836c933a5cb4ecbc,0.7527393276081065
e292f252eebf817f,0.5135867284412259
ae7e8b931e0ade53,0.9008903069774401
c937062a293ea0e5,0.8641977853651259
673793020f42eaf0,0.14272333361958328
531a753aa5a10879,0.2860837354885439
65613b893147c771,0.6651370704369721
a3609d34533ca6b4,0.5289721653189312
c9eecf5329211123,0.9572339621344694
4e6d4f733588a212,0.6563340864155492
95e0d5ddca2118d4,0.9578573773066872
4b071534952c920b,0.5006835167438527
f333221664eda263,0.26620903765845894
8627e41026f74eaa,0.7982092955902567
789f4695cdd6a417,0.6378168273023326
908034eabc372b99,0.2576894768231982
984bfa387795ef76,0.7554847193933623
91c8e8e6f637fb1f,0.6674330487206686
363aeba9c072e960,0.8747638646898579
5cd6915b98d723ff,0.5326620080619812
20f027368dbc60fa,0.08031504860552185
a58841827e8017bb,0.35854408225003864
ad9e6a299aee4827,0.7254556936448995
fad46bf569ac7443,0.34224087751247406
0bdec115af64e996,0.6039435794273436
e78e15a02aa6163b,0.9117658426650085
94c1b40d53f1c78b,0.4272162830332831
c1dee5b6d55fd7c1,0.9377649601387985
502f0c8494138feb,0.06244243607481768
316c5e9c86bbb645,0.09148035087732256
c5624991cdcf670d,0.3354186110957766
e000077bf8c8b49b,0.7191225917777474
9a36d5ad49081233,0.24990296149563107
e4ac16a92daba7e8,0.6179351864120591
caf1ce5141ffb34e,0.022303678239731357
d07bf091bf998e0c,0.5750827908490783
f230be64e9f003ae,0.8309648111069164
fcfe55e0768ab257,0.2704842629034386
ad04ef9c94f25ea7,0.23461827049618764
b6c3dc163008115f,0.3286490966296104
2a0af6ff3489e003,0.5921289419472714
5c098958dc2a26c1,0.15143121114717695
a802f6f7cd6d7b2d,0.424478768807247
f0897866ed523f60,0.9061009826210935
3c1071f1773cc7f2,0.030736281506877836
5fb77ed43c58e517,0.27415094336621904
3fbcf72648af3500,0.30403800188775765
64964fe3e34849fb,0.3211560329611133
3d3b19b2da76dc78,0.6443883820605163
69eb4e47c0f3104f,0.6629867710199826
1b55daf09e9f129f,0.41320895377190225
853fa0b67eda4e6c,0.15575469573290304
636b3bfe96c8c67a,0.37574247316366616
51b24fbdde490535,0.3115369614069309
b80f84359d81c98d,0.6020263648213234
a865666aeb2b82d1,0.1431879151604481
08fd3d5f06273089,0.050900256843289374
cdac52f8c24b9616,0.904598109039855
bdc841da585c4a1d,0.8347085851735023
8858154c3efe65ff,0.5735213339279256
29f989d45429b9ee,0.8073185897219016
b97dff4909968aa8,0.06466124866620006
69c86328a89e4898,0.09672467977439297
2d50759601edb9c3,0.7550641531799129
134be78ce02d48e1,0.6879147690311054
53b540f7c8d16cfe,0.04963610695337769
76d2e83b30cca3f9,0.4026326101477128
062167d4ccf76346,0.9076549084524286
84cc2a48661e807d,0.17506481285453024
60f1e251520005f8,0.7353367897251963
781115a32396b4cb,0.42178974260099295
4c1e17c82f4cc326,0.865873543966788
b602ad5debd51028,0.6404681537448417
4d9da053a872a970,0.6981110552785318
95f7ebe4304bd2e4,0.9585188926250887
67a8207cfef9f011,0.9848911793695172
b1c3468185b9514e,0.6543001066365272
f80ccd7ace26ae4d,0.9611536163012098
3ac147039aaf4499,0.38348309161225325
fe5cd175ea7fc09b,0.16871429490792803
9026d2936cf2bda8,0.8167747755929662
a4b0e01784fc7cf8,0.7838966624586192
43c462b48d97dd20,0.6833868574882582
e36d0189d20a7617,0.2569211208458341
43c3586991f4b403,0.3596416655384165
009e48f2b32be557,0.1024142597644727
a1689ef168f2f333,0.9516639321641323
dc310fc66470ab07,0.563613305764263
bc654d187751fe04,0.6594749973144847
247e62af046a99a5,0.4828981042254402
48f2f9556bb2ad1c,0.49882568915940756
e604b921624a200f,0.892063466633723
e46765e152f7daef,0.7100875694832787
3d183f0c812b6d09,0.6854988459568008
3a7275f9aeda8305,0.13732720497457557
1d994aeb47ff952e,0.21774880277633726
75dd9cd1bcd35d05,0.26196519326043755
a976b4932381b300,0.054080912757533794
da2e39ced8c0afd6,0.2012662814290775
c77fd47bb1683f58,0.6919027758733692
ceeddee046f39ae0,0.42246750012040646
cc50dd12d1f23bac,0.46077638693028017
8b73f447d60fc992,0.6010618733855251
dba1029662f0c412,0.46703797767677074
ab65e0876504bba1,0.731317217803349
00754e6b5a7298f1,0.03187361966169171
082f192c053e5283,0.1674219957868748
4cee8c7c13d1afe2,0.5010639593566851
9ea9e3c8cb3df9aa,0.45034153464475474
2caa75dd78c01d17,0.8781021985883045
42ca39ab5466bd19,0.9755731254655976
939ed128e268f834,0.17880042032249205
e452cd65ed19c900,0.6276599091029217
e5ee2d79d0c49d1d,0.9074042610572214
ce0d423deb82f2f5,0.2497619407524913
3c30319ed1684972,0.5856208844319324
18968bda98628242,0.7083067702832271
9566631a173d48de,0.8689445083913505
01d78d3ab164da20,0.26130364266278017
7245800926a4112f,0.6290192002879345
3fffc62471c1f18a,0.9279857581119364
3b530b29e9f5617f,0.8922365748538151
65305594301ba50f,0.8358483834283607
593ee003a4981c15,0.5434790001847386
f79985b30220adb1,0.5859723148925577
60dd8dcd3a1d1839,0.837361650366803
288aaae44688b015,0.8228794427076616
8a16369cb4554d3e,0.5006126078110246
4e49cf49f79e1181,0.9440066224090968
1a6026c94f49058a,0.7074529544603217
8c29813aa363f889,0.5847190886441354
5fcc5826d5f8db34,0.8001942228179115
b002c58138c724fb,0.2941634819474688
62a918db11ef3076,0.9280633854987356
8fb91f382ae2782d,0.9381167288808583
af730eb0035cf0d3,0.855939803835265
546fef357d2bcd57,0.8531383668675134
c6129c4b99d7f4c6,0.4383760534937953
7596069ac38eadb8,0.49252558002387653
9560c8310cf23dab,0.02573849992752885
ca1acdabe94e042f,0.7045601903580394
521f9d2193473fd0,0.37907956826266165
617eda3b96abb577,0.42325414370700226
8d735b59dd0a4270,0.8941690081820535
1b405139fc287a40,0.3843558024640331
e621733719a2d775,0.7365622699017275
95f4b0d76e779b43,0.6307360787446668
bd6a23cab176ffec,0.049728545254128106
3c5fadc2c957c7ce,0.9592370899653568
37cae1b2dd3c1330,0.6646233570636133
0fc2ffbd9370b121,0.4867246481091847
b31de0d8e304eeab,0.8875721393436153
5738bf5ea59fcb0a,0.9265516533948417
402c7edae37bcf39,0.7076927277595801
1d79e32040c6b05f,0.9555562731496121
bf493f6f4a48b2ff,0.162577881184565
8530681352913ce0,0.03832098108271327
c79cb0e184ac42c1,0.34056931660779094
32ecd92eb352979d,0.7352492011920775
c9a54261284070bb,0.08961667426513362
e6c2ba81e397e33d,0.23495465347996947
955bdf4fc9420404,0.3246477774544014
b180a78e50608ab9,0.5778697578797551
69484ff0bdf4b104,0.657275062328523
8d62a01ddfa11fe9,0.8662501066778912
12c3df9b72ef96e5,0.2881653325991289
12ccc513557a0656,0.49266037777921745
2aaa9bc35f4acee2,0.9928908734920907
e31d14248a98a72e,0.7343254779998734
1058c1f47fca2b81,0.329930692492184
02ab14036929f70f,0.4467363493116441
6880fd1518aecd04,0.5288713717931559
580068eee74ae5d6,0.04187637940096462
fedf1e1bd320672b,0.21380714544506185
d47c1d43f9dbdf92,0.38763286712423345
8a7fa6c84cb2b0fe,0.5423463132244724
089bead0dc0d7c16,0.5402791049351452
3f12eac5d776ac9b,0.26316008740901187
2b55254bb421a326,0.5152852592392634
16721efb42f49e40,0.9449438106748628
87ada6cbd040d527,0.5532058400384259
c5c4d8e14015f4e3,0.5762963910008286
5d499b0e085f025c,0.8766611739759066
183039182079fa48,0.8953318114097879
05d6c8a5d3db19c4,0.8434536307218452
4477fb4e0a476ae4,0.769294442067115
3965182266dda565,0.6843852949428411
72bafef29554438a,0.7045183306260134
1b31f23c3e55dcb7,0.7575096414470663
66c42c9008125f10,0.4506995705274992
5bf14b82c919f706,0.41492705583174855
2c7401c2798c92bd,0.32810133590401125
4adf517216b1dd47,0.10503653824344578
26348c70727fc713,0.9346010478801996
82c1c6b9b0ad498d,0.5250489417931039
1365ca92c2e04031,0.28587526000660524
9edbc98e397ab4c2,0.5579134169398303
1059c066d6e0626d,0.02382851853358324
af993cc3ac374b83,0.2834514660138784
f32194afe634dbba,0.5648329712956502
29de97ac80feb956,0.741487837648205
e5fb185d8c6181d7,0.3267057545681121
632347c0452d889a,0.8738451358475618
35ad7b818afa2cc9,0.8528703016508159
0e9b47d072e9f5d9,0.4424045323227833
4b2ee7a5a4d7d797,0.6773152264994298
793b579534d59c3e,0.5289173439036381
3b23c46e8aebaa25,0.8095950438357654
f68b741461469ae2,0.06545976164647786
79e144db8265864c,0.05431329071164371
09c4fd90bed2d748,0.8706642928014792
2215efb176105acd,0.81234239768163
b4a9877c6c234878,0.5947898934445599
529f75ff399c033b,0.9483426075625085
ad20741d26dac628,0.9692502089990129
abee4fe9fcb49deb,0.17413713522683344
80bf7ea1dfa6b569,0.6974519417065943
7d637676608f51cb,0.23221032140814377
79855154621f663c,0.21608855158680207
db630a696b94324c,0.44012123606249764
2c87f55f1bd853bf,0.11138313068566127
05466a89f589fe04,0.9632906375883651
073f9b06f7bf95f5,0.041884907489065086
d8c52af1d9a0ab94,0.2418088828491701
170df691b9758d76,0.8592242860108069
098c223fa7ac1f73,0.5186140318207983
947d4f80370f0b58,0.3800129745437922
66196fa0af9abe3f,0.74857888380038
356513b3059ae50f,0.6401710930255968
a951ca23d4bdcc33,0.7834243511576118
defaffd4e20a4c47,0.15164463202798975
9aeb8ce75c56fcce,0.1338055917373489
0e52e6d570d8f008,0.1708419072041085
d177a330dadb2707,0.12787362409009062
4acf903d98d08aa8,0.9781161184285392
673bd4205f6635b8,0.724811972184374
17b635201a20862b,0.501031177401076
e31cdafcb4337eef,0.2781927324437707
2f57ad23a2ad21f5,0.745912837848514
8c76f3fa81c149a4,0.40495053014970905
7448092b980edcbb,0.7159580128276721
cc3891e28dd031fb,0.0599895929686221
05d416ef906cddf6,0.11117866498938542
d5cdb3c4f4965afa,0.2830156212311423
bc40575e98475699,0.14044854141580357
7227a9d91f309e1e,0.4577156294044427
f83295ed727a429c,0.17754613360874744
44f16ce1d7899c02,0.04984604834060527
219b4d22a5bcceb7,0.16177056078125637
5684d434bf545e82,0.1965988380890457
03d5ff6b9db6a1ce,0.39606324188920516
c402ad00c62dd803,0.195481767288819
d384f2bb50d7321e,0.7123323069573746
865ca8dbe8ae9927,0.47008060439495497
0cfaded78f4c55c4,0.8922663273149558
c1f9c03f1f673cb2,0.7902324346824061
80784aef1b00a337,0.7160197570525046
2cc7c6c16592cbf5,0.5500067497275442
f816697d9e23576b,0.47911816241659944
e0a3063ee410875f,0.37766348089084506
187c083474d62911,0.3605460440383198
32fe8606c8a5cb67,0.8770387097625085
e3b603a450f69271,0.5754943849893877
13ea25fe500d74e1,0.5387768942683384
3465f2b92e5411a4,0.12521893408516804
f84c04deab8f0a53,0.8876395004511284
ce64b825ce5f48e0,0.06261642795406558
a03d161faa6231d7,0.12258271476994793
7b73399454d06d9d,0.08129755801327751
726ce1fc6c05064c,0.599831429533292
0e660e2441745329,0.8235635184057487
d4373d25e109dcb5,0.9102999258124687
6c8ad2f1018079fb,0.07358480086355404
485cc002fda9b938,0.09522847929592616
840b1b00c51f87cb,0.11552321456873037
e7c9e19e247f843b,0.44948673744166734
4f97589fa05c40f1,0.8629441896072191
41919c492d55190b,0.7274735763350928
8fc6cb3936ed4ac6,0.49893034247759394
75e3076bf4b29ba8,0.34849464336340896
8357351f6977683d,0.5169302678925818
1a6590aa6c3d2a06,0.6401855288470071
6b0dae5047e0ba12,0.5987280223927387
6f8bc4fa3d91a3dc,0.2680742849581095
e4aecbadc139b9ec,0.36281158239592476
7616bb2872e18231,0.6517327298434763
f97102e411194f18,0.23251189936111216
4f25e4f4959ce4e1,0.3807270686842862
46d34ae6f3e900ba,0.7456466691940576
73e3288eeb552e3f,0.04305080144097058
e7010fbb2150676d,0.702712485511203
cc2c1c680ac82832,0.07596346172374606
d025b02417a63fbb,0.6431834545125038
08070948781ecfb5,0.1283897623388282
2bdbf073750d4864,0.513703287723492
2783928eaba81305,0.8067272502397937
51bcbc84c0f437ad,0.180870580667003
dbecf7b9325b78d3,0.8742249984035118
39b3096dbfceade4,0.4523229387331348
4299599a54525066,0.9069667062751824
ccd92654fb1f721f,0.967394725874545
ee1170819ca7d594,0.16680000082725072
c30ab4f74d33afa9,0.0388719989565194
40f10fad12afb51f,0.4858519996936563
f4e63fba51ec3896,0.8834975971170629
60ad4f8eda2cf6d5,0.8715681804269912
4dfcb17aa4236952,0.5645251925953749
2e54d9b1b4e00337,0.3443792939989577
47a9e135733c2ab4,0.4600350526587894
4b3c22d3da587d59,0.5486893862319193
ef89abef9807c003,0.20837632279644014
e7530eb737c85931,0.41231096278559376
dea26fe32dbe26a7,0.5918009858963255
08133a148f3d4ed6,0.801721539723635
d39b177320bf091f,0.6050388277689858
c2eeafe05948ccae,0.7004973900794504
73c8d1e2bc9f517f,0.143186740447083
0dd4da33e5e18c44,0.5586926807106414
25e076876a1fb6c3,0.8077463592176208
873d0ca47a7ce61e,0.8567721440897327
930d090798b9ad8e,0.609592301159078
98e38baebfb97bcd,0.7670794878916352
9c779fba6fe0839e,0.19334579826090337
5bb1f9fc76a02c1b,0.29149090917280673
f83de39c4e518f6b,0.9751184625115192
10bbab1f08d2e6c2,0.015763634594528626
ffe63eebf605244b,0.9797001879031375
1e55e67dbb9fa1ef,0.5793249254362225
e53426cca968ebd9,0.9094150645985417
51bba86dd8aaec50,0.8689410720693975
582102afed3c818c,0.2082880275939339
b280a8fb8ffb9bf1,0.5448535292637149
e8e7ee8589574a45,0.3658900141190066
228ac1a17bade85a,0.36181194678439577
2bb37b0ac11a0c2b,0.7430007794807577
5588a1f5d8da9c77,0.420446710875898
a46d657f4c9bc8ca,0.48762064455390336
7373ad47c61f558c,0.8762663710930866
0f1fcadf13eee28b,0.7513449866117714
1f8603bf90774382,0.9422627383814528
b0dc746e7f7ac87b,0.39123704479151017
82107223b7ff9788,0.7279066693350993
a38cbc0aecaa644c,0.435520710421902
61dbaab39e7dbc01,0.10310289702464781
85064aac24d665cd,0.09512195601394767
48be998c9a3000d0,0.3493572761110266
26b2daccb2b045e0,0.9317684830226993
95198d21e3fae237,0.2791952435822035
b2a2d7a18404d7a4,0.558228917063463
6b178de020b8598f,0.18145357600308995
38c1b19633279892,0.577165150650851
186d5468edde7455,0.849324790784214
4f33d36d7b629852,0.5047191159799213
b955eeaecbe25ef7,0.8336117116214047
39ad39dbe012b34a,0.9288135376898685
929e8e2af2403da0,0.4369195294621796
fa22cc093dcf1822,0.19563084761645916
f56ff6b1c2817475,0.18521126806814436
56b30f44349ddb92,0.6019912699590307
617dd77adea9e711,0.6003658844656588
4cd7a91de7bacdd1,0.6423795606957059
c07844f4e94ce116,0.9643100677405784
692bbfe3fde429f2,0.9362430270984907
6e8117bf11d2b904,0.35199509500934534
27efca94126fb8ff,0.3900198640148982
4d2a406b540c41f9,0.9187649943650993
5ca9c8756c163b0e,0.26238991000316564
c10aad8b54af6017,0.6928335400867118
60798b007f7b4637,0.23463593179976386
805031b5ab834e54,0.4328766451766636
fea6be92744b0c40,0.9515528637328721
284e4bea4a96494c,0.4355486124932225
4db0c35a634d4fb9,0.2186358203174238
351dca6bfd544a21,0.9210669119860397
c36cc7323d4f4de5,0.7451688709052544
78c350098097af6d,0.1348412064361896
1404eca61a3105b6,0.32163058984229864
2472a09a3e602f48,0.8351961715192099
5f9d50958df392e6,0.942550530312177
ab8fde4ac70ac766,0.9410101240809161
6649908e57ee98c0,0.20131006389096964
6f6b426a42753b8f,0.3987061420791208
9f89dd1b9ea145e9,0.7488718708946003
d56cce1c1c4c9780,0.37587777394310645
fd794932c3ad58d3,0.012278319963481384
901c8562d025f79d,0.23665173819846586
2460966f3ca7d3bd,0.7225818276422552
41c6149d1848cad1,0.4339047259994166
2c948ba95eb3128a,0.8384618177851317
0263f07afc6e71f9,0.05486046192804647
59520bb39396ae13,0.7797537434143309
096e1b740c779095,0.530744884554806
13bcd446b5b75780,0.2122750947033326
82652e7aaa1e423f,0.11894367429072074
b4c2a047510b1d1d,0.21869979639147602
8e95fe1172cfd49b,0.47156565495202063
8b3b319f1bf34127,0.8229816107239779
8e876b9274c5930f,0.04181365276014028
74c8dbccca14e4c9,0.9815537994279455
a13d2861af1b8b95,0.7701215140524956
3d0443784b9008d8,0.6558218795352664
30a6c22faea5d219,0.7497366708419293
8ccaf0cd13ec8d69,0.9438544848795278
ea79b75b6fa4e024,0.6171458390098591
df41150fbde2201f,0.4876507986517522
6bfaf27148ca783a,0.6604741477587112
016b24ffbde9f2e6,0.9256777245000831
c7f17aea0b57c810,0.230182515788643
1974cb4a4a5105f9,0.3808199259261401
ed6fb2d892b20325,0.3390432634068906
029aa7e7739f68f3,0.8859986624744189
1499ced0a7fec031,0.3790337204266231
1da835ae2069715d,0.2008124614984753
3b48789ebdae6cf1,0.544345824529113
b2501a34b4204e11,0.26986329938386366
4e1bde0d2fdb1719,0.6170403925067636
bd42c11dc1ea52c1,0.08610404840634901
dcdd441194892326,0.5251377089311448
890cf601bcb4d1fc,0.7967414378950038
efcfd07026d6f75c,0.6673573989977504
6e5921c9eaa0bbae,0.4841459583115837
076e6b937f9e0f1e,0.9382406867318724
fe7aa6148631a52b,0.36545466662084597
0204709b122147fa,0.06354265356205538
3bf87c4ce9af3343,0.07125204690133101
e5d3cf73e07cb881,0.681070947633069
d79da024e674f570,0.7436027043353296
f137410611053710,0.05718129986690529
4b48a5ea7d8db38d,0.3362214788848205
6e5b5708c1bbde63,0.688166869971401
2e21f1e2f4f0d11b,0.33899792750953184
2fcb7b875a97fd67,0.9124719352780111
c9c50dcabb2aaebd,0.08586371994999561
ade709965be588c6,0.25984551145570145
e99ce68035fd1383,0.668804166432857
9abdf47140639086,0.98335160104018
c0370f3f688a69d3,0.9175376951265546
023ecf078fbcbe04,0.5071068678252107
9366b2145d9ffbaa,0.9379269797636287
907dcd98979cefc5,0.15882842236209824
1430d1f8417967a9,0.41236184342328547
12cf954bc6f7953f,0.9725207611273576
9f439978c3ff1caf,0.7709735660419206
3d566b52640665bf,0.8946842580575014
1da24b04359879c2,0.2711701455503874
5fb8e8cdc5a458af,0.5825947463990957
69f63de79af9dd49,0.7112287172207368
078cef5b5f6aff6f,0.7899189828201145
ee64ad3ef7cbc727,0.17470955482737993
30f789de29e44c84,0.943967516093017
ed6dc35d0f6c3f4b,0.9889082971573817
24171dc6016596e0,0.7606655755366523
d9753be4a4ac4d5f,0.974008248722124
08b18f56dc4a9978,0.6037919975977954
2fe99f58d73a842b,0.1991882597441042
231cb4b19f8ddc4a,0.10419761315141812
a0f57bb92842d2c6,0.25647677183298223
b451e5af95310e52,0.6432851151124392
4d5e3c273bff2df6,0.6738703085136457
69445874395ad7f7,0.1404363184078313
72d5eb4d04446c06,0.3098534554327462
676277c834acaafa,0.32023840131893444
345fac6fcbfce3ac,0.659889140230939
77268d80339453f4,0.5338373961186417
0a3d332e3608b10c,0.8390117101713881
3d3e247d278aad6c,0.973484890290943
c6d0f1503380066c,0.9812336532094101
a7ccb8ff054ea663,0.8823607943761904
d3b3fd3963b35751,0.8725644031976337
e361e82e1559efea,0.5747306500221011
94f03a339108fe12,0.05036225504293365
0d6b47fe3047807f,0.5878792644066044
f0d2a9398458201f,0.19835705270067935
8189ef648444f31a,0.7276853841283827
b341aa9047a23001,0.3854900695193288
0b603f589ffe5334,0.8908228012090076
dfcd5836b6d7807c,0.9256634267994768
c69510f82760fc8e,0.47418514754775876
bc2b0e3b0279f394,0.09027872168151327
9e59359a937dc386,0.23142330219689067
9bd6fbbffc3029b7,0.4722806675043767
78533ed0a4d75031,0.5280134525185615
24d3b857d9ec7516,0.9516762640433791
d9f1874f6346d786,0.8480009473380039
6588a72e611a860f,0.36168816847351465
52fef00321899df1,0.8769507685813017
b3c2a81210323102,0.3083412329832731
c1501d30afd688d2,0.4142649113077701
2bd1f2fa8a7cdbba,0.27691701604545627
7472a7ac18cd8ab0,0.9254786759567364
b1dcab1c1027e375,0.8413582413466617
2add558fb5890d0f,0.01661673578246459
51a6b2ebff82bb8d,0.7630754154886265
3486d76917d26380,0.8164024412018024
7d9915dadeee6dc0,0.5766282826321262
1a5e5859e62a5ff4,0.05887129504812461
ba7cc06ca707247c,0.5696981282954469
3c42318ad81df936,0.11061817787621618
e7f32c62736ba8ec,0.44908633810273224
01970049a1d79ee3,0.8371749635609487
c34d08417ccc14e1,0.7541241655527023
dd08d7511ab95a7c,0.5748080499876769
147c9ed162930636,0.7300949185204381
4d55d8c7e32d9a9c,0.3952105707526683
1df22e6d0f4be856,0.5212887228115712
29e5cfdbc9735f7b,0.7294620817057762
529dfd620d6ee22a,0.4526249037140826
22b829fba260c24a,0.2821801310027283
712c502ecc45cac8,0.15110187310352965
2806f2b7f968844a,0.5219396718980083
1ff716c957da8f4c,0.239852515934576
33a651d1e2266900,0.9757542335293129
01aa41460821647d,0.6771099399585853
2728591ac3aaa7f9,0.7932784719872887
62153e0ba99bfdc4,0.7974388846734206
a336835871390b27,0.2961704427298534
66040815dd14bdc6,0.2982434432162464
e0d8f324ffe3e925,0.8072622273951278
e7d245b8d234167a,0.23006550900170927
b30acd5fe8990b03,0.975296689465877
8b87df65e3f61018,0.511116625911205
92d913128fc856dd,0.65377325470202
c1aa97bf3aa49c01,0.558918906550166
37b85ed57524087b,0.8850891612059986
fbbd2368a21a9e6b,0.4329198250721591
39795c53fb16d719,0.39236202296977085
6d637bbe837caf77,0.5671140335191815
ac09426ca8b44dc8,0.8768263122894985
0007a5bb7310d604,0.8719443016098303
f8c5400d321751bb,0.9334239961766924
5c5d74b2ed3fe0b2,0.24013175402693668
a0d70afd5aebab39,0.2758125586682365
dab67f5669ab1b4a,0.7440330053558182
b094a6aee2983e4b,0.6872019684619668
76eceb39e4bbf598,0.6873704849449083
08792ceaef2278a0,0.3440822286161155
421639eb32096298,0.596437049636829
3732446a2dc0ff2c,0.46259636115054437
f42e7bbaae983e33,0.8187624516007801
1d7a33be5e41401e,0.4421076862297838
c94efe294bf687bc,0.7621019820652333
54153bda194f6353,0.32978179706877264
275f14633d4a7de0,0.1866329328442508
7a750521e7810b4b,0.9248703427040967
b94bc2b4bd62e236,0.5954530714902324
3c2076842f11afcb,0.2648058997460347
53c3d245534bdda0,0.08428947863301078
bee1ce38b4653a33,0.249850638815121
7fcd7a8a7c44d7f7,0.10967871376592743
60fc2edd396bed1b,0.6162101481015277
df7a1a739d1e3d31,0.7113390329542414
293173b622ae6047,0.5916462594820924
c18a9f29b23ca49b,0.2897387501186386
4497cca94390df91,0.40214246055273745
40d9096835771f2f,0.8093477375278684
ba30e997b8338d76,0.8219555005435422
56d89283c0f5c7c8,0.4166571410208756
f460984ca4f4f1a0,0.40899826761109687
63585cd6e35862a2,0.37736163428278346
26e41712e705d5ad,0.6939762117844641
0a056eacd56539b4,0.30776101997469735
9060dd63376b8616,0.5517314569194629
f11e51ec27009738,0.7436906959752918
d0496dc870887d72,0.550184924181447
65fef6d3fb26ca70,0.027340236771862796
a586684b41fa9769,0.8663009225617875
3bb2f0950e70a234,0.5265961070598575
6c6a97e3ad10abbf,0.9269251104609084
ede33053b334b03e,0.5996174541915958
0dfab1673fe84ab2,0.48306353941353997
f65b0230673c2e76,0.561998437470235
5618ac6872992ff3,0.9778153335527168
77febd71dc7777e6,0.9192230904035228
7f54b45c8c0b9310,0.8851702441794853
9273e3e5412cfeae,0.7887499158031132
52087475796918f7,0.2907175595584063
643455f14aa1df04,0.042064424991848856
d1b24b005a16d2e7,0.689038170433868
88788f98d41f9611,0.6826220809975274
bbbe50af555f1d68,0.507809288137989
1bfe964817713a25,0.9948910127295754
40d6df07da814020,0.8710165877402536
8a96d0eccabff7b3,0.041022936074779255
439300a43f735490,0.10384889830977423
bfaf88448d1869a5,0.7832859085239569
1eb331ca2d61f16e,0.8368131993337407
5ad8f23386d2ce42,0.8523702610583689
69ddf95fb1e28199,0.7854151596069066
6c224fe2f90a4ac6,0.3284630038895283
7d2d81f3b2e16bb2,0.8616434696639033
306bcc14dd7bcd69,0.9112824962155895
db0b579d4d6c3202,0.05924863758972516
5e7670a553fae63c,0.6177125718546101
999f8c054ed84981,0.3034512492411683
645969c8fdeb22a1,0.029897059198135914
6158cad9f5117a45,0.40692411702059583
3717d43b0bfbe61e,0.7224349315981256
8ffc981637d61bb9,0.3353815973709948
8b934f4c25070ad8,0.30216121441536997
15701cad20890a02,0.47689563489547565
4a22e527eecd22b2,0.5851385142913232
6b7e69ddbeb27f14,0.8977262186444717
c44f66a5254d5ede,0.9440803307001133
1dd06cc994df91c5,0.8335444885259455
43da23e0c905b332,0.6683282732414914
cef6bb5fbd6d7d4c,0.1044603337112627
74e65522686e974b,0.16817730844134765
b2ec41e4d4e17991,0.3681323132339335
7adfda5837586ee5,0.41573875530296356
7be7cd83da184778,0.754739518592586
331453c919db4a8a,0.2986318318192599
1ad90b2ad8ec5751,0.04746900395882839
06f305aa47e1f3e5,0.7533152646954764
5d77b6a032a98222,0.6556177332953894
2fadc388cbe136d8,0.087209001930453
3a64f59d79eebaa0,0.46406628782805953
e9d4d3a03ce54237,0.7711295452823592
5bc032bc2d4db536,0.1756025146854517
42afab27f6d63b09,0.693764695625515
0ce59aff9d61ddc0,0.6911184025677255
c4b23b3e64f8fa59,0.14303243132261217
df5826f4adc2407c,0.6503915428404687
1006c7d207337c5d,0.1940817532198595
74f20f15f7388f9c,0.04328536934574716
e8c69436b1cb3320,0.3387124864592427
609680f04da9fb46,0.21276721240551358
060d99e1fde9dc79,0.0697857263149772
6555f0c293c5a1f9,0.7685351085961487
cc835ba475e9656e,0.7921732126926518
960c65dd29d3417b,0.4774901845983637
c7596c71a0f505bf,0.1268971226200012
3f3297df319604e8,0.720965698345134
21c886bdfaeba657,0.9597387177150466
4c47eb742008376f,0.6571516298780431
0360ab7e3c03e1d6,0.41388128732545937
106e8c5cc993ce96,0.6172092761891863
3f189ef767336273,0.6504246701463765
d87c2b5ea60e2e70,0.1620246461804637
924a02ba0ace2e0f,0.27589335088920547
e0a93aee5351fc40,0.866805192659196
60036012aab0d68e,0.6172826145997599
92196298fd1f0a2c,0.5015836569466643
2c9507cd32c0dc32,0.09911203153712463
f138d3401d1ef8d3,0.1317375086545949
0550e84ce3342ea2,0.8877004229590019
433b7b91aefd0d89,0.16726627383851467
2f084abde9824f95,0.164835058018298
aec34c208a4086e3,0.8503740344179107
77832263f798d3db,0.5743123798415191
423646a4264a51ea,0.5312968813547776
99a11463587499b5,0.6868379784015314
5666dcd2f61e1fdc,0.46150908128353096
414bb3e31a06b128,0.9520149030120182
9825bfe27f61ead1,0.5118306127827013
3e8b0ac764ba974f,0.019616176928536247
f494e58fc4f527c1,0.3281393700243107
4b3ed9d300487cc2,0.7897037404531944
064d5daca103bb1b,0.4372568599840069
1a4b5aa55f664cd7,0.33443717398220196
65fae5433da58938,0.3860441772754163
77df36f32951641e,0.09990802919160605
2734faa9175621e1,0.9661245294070472
6952ae6c0325e147,0.07423919571175572
bc49ff32a733b5b3,0.7113129589327962
ddb437f22bdce5ad,0.8686212514577349
ad2ca89540526e80,0.974077630027854
8eb86976f1f7faeb,0.967200970277667
351b2cac3bb60649,0.7121692215321055
f3685748a7717d4b,0.3449990167558934
af64f4a787a28c01,0.1063446147493555
e41d8e72f6a6da64,0.29606122809464497
43199fd3cad0d080,0.6422439356570457
08639490dad5a32a,0.8800836406563988
251545c20caf2d9a,0.5402447745078789
657fbf140a397f3b,0.4238437647246349
d28dd01372e08f90,0.5374415452430465
fb9bccbf5affc835,0.13235880421405488
0c3e0f0e422bc214,0.7475777428174035
b6fe616b3ee4f983,0.6716152036602663
1a05d9b0ab2c483b,0.6113545515290555
be053c37d8d326fd,0.5107789251394136
b0cc45542dd09eba,0.4908200730730464
0d1c9ebdc72b57f6,0.3425245786947674
926a38d305ede2ee,0.8833364411844116
381047d838351f95,0.678945143456625
5afb977a1eeba5b5,0.3561865082317041
1ef7c785c8633cc8,0.4461455603303235
2f0bd78e22c8874e,0.7626757505500621
2765e2bdf659e633,0.1936535295716731
31756eaf193dde51,0.2432852086138762
ba5f5a3df72c6be8,0.9137361764703567
90e87591d24ae44e,0.313596035437833
f9f063e55d3db8b4,0.6411477615197944
3ef90711b7e5d86b,0.6862438887745762
ec0a6ecd2422c215,0.644621545254854
2a75009bf5006a5b,0.3767652432320565
9edf622febac0e4b,0.5998261473126806
9cee551773541f4f,0.4367697598357115
2a07f1c2d7378d29,0.5325318452562253
aacdb09c08c9a960,0.11794996137427435
df9753fd02aeca78,0.4431055339615054
ecc853e05f1891ac,0.6289834711294449
859bd8582d3d2811,0.5991535721991521
a124273d56f60796,0.510775919296361
9cd33034524d6b66,0.4206825825775857
9e58973154c42431,0.08669706622270008
fe78518186335668,0.04853505495325984
0c195b45f68a8952,0.27740147078638927
bb6b109cc9317218,0.0742089476683631
a58342d3aee051b5,0.17641749967113143
48f975291ebf9397,0.8405779115695038
672604676c29d735,0.6140317180589877
144b0a7e9cb057ed,0.9152498488134806
02ea6c1ef4cf0b61,0.04177801589509103
fe3c47193f742bd1,0.2876839989324027
782fd306b790e8b4,0.5663533177389789
53f0ab0c206a7f5b,0.8170421148156664
2d15bf73a2700357,0.36142749654387374
569b34b568032161,0.830599746113633
d98474765b2d7880,0.5733698350797414
f3088caf81ec54f5,0.9226502737250473
884de3bae564118d,0.9539718198314844
5b62a55571d795f7,0.5868643063220176
e860976e6aaf78f3,0.7046331819930122
bc5f8d0b2f9683ba,0.02009314920799582
92555d85c6369cfd,0.8847906954927893
189861fc294e0daf,0.4516428695468221
b8212e2222eb4313,0.09455252762491516
53afc56ddcd63d8d,0.6531511044930047
0592b0cab7becf5c,0.5369028070429258
ac4cbdd76a84da91,0.6154933215857042
f2eeb139d518ca60,0.771386419140317
e02fcc8b8b63c0cb,0.3020421538199941
a7f194a18e15e185,0.37086212487481507
b9b57b5beadd1490,0.7573654016970717
357c4988d289017f,0.36350089188003193
f0d98c09bd71837f,0.6307041796868922
b1c0df4bb0c82383,0.6346459675852264
5bb361813a233522,0.369653852307374
c3eeda7b200e2c92,0.31903153253158656
db0460b8a23a94e3,0.5721976920639803
3c80f795a35190af,0.1503302029788814
ecf5824d8b392491,0.10576796960367085
5fc7a11376239e12,0.04305925645595323
2008fba1ef946ecb,0.7668381295643576
e2aa59fe541e0ac8,0.4299241058545509
09b5c7802e6b561b,0.00498356013133714
988df0719acbb76e,0.6520783365232234
48d79ec301d31948,0.4128859924873055
d288ed9b89b3675c,0.21573492896926
75abd1caba2694a1,0.3329314332709543
3660f3c735d8a187,0.5176035236045194
0440ac4598276f6f,0.9070689068865092
836bbb09e4831df8,0.47701014797350877
51432ea27e463eb4,0.31884475174334004
3fd99194e4efb12e,0.10230670665518006
ef1b4ca1f2c1e357,0.19986518991688418
70c464af7e1cea4a,0.08922354520999806
54c64f47d761f86d,0.7167008682735547
333dcb05411a601b,0.2911809268260754
11861d1571dcc3a1,0.3374031281148885
20e00d08f625d409,0.7060539676614925
8574c4f5b2db8c92,0.7822579422950745
95feb433faa8520b,0.9037861654675301
1dd496796a5dadff,0.3182609717903933
c1c248e8483e9ef8,0.29481371339782503
5e0dc0f0f0ea48f3,0.197284562724284
7ecca4d6c9eac123,0.4139089175787028
58dbf7650b2286e5,0.18706539251317694
4c62224901fd183c,0.5377846520899286
affa636fe0cafb15,0.8606628213188877
c9f2c416d003a925,0.09643294509493429
c19024a709757f11,0.5673818779627628
d3444b15af3a9536,0.6897126997290564
2f54cc2167b0cfdb,0.2658593628630559
d974c7d47092679a,0.06314872454334297
1f04a25da2b17ee9,0.7435399469097379
f133299dc49c2bf2,0.13383410916663446
9542ec8d29575b20,0.8772161724169452
6e476b773a15e2f7,0.20743680675456638
c468f0fe05876276,0.2192254142008234
1bdf15bc47508221,0.6368231409977134
687b1d6eaf1bb287,0.7806048937351365
fc8590ee9d55c5db,0.12743930401821327
a4379a3efec7361a,0.05059484044747277
30a2e56d4d608b28,0.7653209467179023
4b400d52635e28ff,0.9725858386148722
992d4d4846551047,0.8384524521868497
b91c089133d42f62,0.42636514016203375
c98879c523da912b,0.19048430691674137
7c8f510d8af822b4,0.6955003998374623
9d674a6212b3431c,0.14985436469857177
d3da05b2f284cb87,0.35695223085466116
853ab873686c227e,0.8177009908337731
ee0d55e13012503e,0.13303941305525582
fed761caa06202e1,0.24078604588533598
7750406f980f78c8,0.702011418477138
e8770d9a28fdaeaf,0.9370805283444701
4025856444b9ab51,0.22928230201102284
1d0cc87631f52974,0.9875945132623323
f87d2af1aa151b69,0.4662863987901106
e2746f6359714da0,0.31847860218152
6b20c519964ca8fe,0.228854733527217
ac0ef70a6dbe1ce0,0.05576434043632281
29219b6baa3ffa60,0.6466728703188749
ef5245dc0733939e,0.41611443659157116
26d625d3997169dc,0.15360442905179733
ff9580c0b2b1a370,0.8020886474359918
bdad383d41eac454,0.0067503401549120325
a6bebd6247dce4a2,0.9129652290081272
846ab5063b60d099,0.9633919560716178
1e342d4cd0cd2bac,0.5464666295839132
b111d554bd56dcf7,0.5416160940155674
9ddbb649643fc0ee,0.89384226897534
0dc9c8998b42da67,0.8470566282647194
80444594c0d4b5b8,0.41772676181882984
9bf8b2752ad4d752,0.9272441409963164
794812675f553fb1,0.6643213773714463
c60c7cf09844c202,0.6264519034102591
06559b4012a85953,0.15313458618409365
dde7362e34a81ac2,0.4899704159130455
fa1ccff8a7481b47,0.9147061796887866
89c1eb286bad23b4,0.05365991222799992
b389067306356b78,0.564762979932592
a4328554fc4a45e3,0.7910010522436324
fe2ff0422ecd1440,0.4507503784390821
e1f0e9e0dd1f6a8e,0.7088953445361922
e431bdc8db1622e3,0.5864597276224818
54d5ddd4fde3db7e,0.10336615369949866
d6a2262fc314d2a8,0.5275546621888556
e7039d9ed0ec0c39,0.14183334506293654
357fb25344e0d8ef,0.43217011260536514
8479ceedf945cd0b,0.4749698970698238
30e12f447d932d19,0.6800897904853427
a33acfadc007c5d3,0.8332015947535897
32b72fee7f2bc37f,0.36610022214678606
e2ef0cf7c0138e95,0.8388584648362439
c53a5098d3feab43,0.7879081250420774
2d1a504956a9bc59,0.10266265714033879
5b9d63bb61f11842,0.24709879545946417
f8fbcd4440a074e6,0.6731305824961893
c18b0ab8490d1c66,0.4551601628926849
18cc6b0ca558d790,0.9043362837128346
c78d6d8adb708879,0.0960943400697897
928fe114a90feded,0.7076251206551312
806b11fae1f6bd45,0.29856169126989085
ac8d5b4456a25f98,0.29390731174135154
0de3b4e998fb61e4,0.0784613970938925
0344ee3e70daaee8,0.702357072224215
9459a694f708e7cc,0.03846867236158455
f8f24bc3cf3562cb,0.43525560388479656
fca0d01a476eb58c,0.35395767490955976
ef25fb3354e1c732,0.6891463937732241
83ce56a22c714f81,0.8512829287733115
781864846ec190fd,0.29001149769823814
99c27791616e6a14,0.5801964167443667
f00a56545441ae1e,0.2377075741106518
160c77c56d0bc3b3,0.08101333959297496
6bc7f7e6a8dbe398,0.36818825468621275
565c31dc34339cb6,0.8472990046954263
d47a57dc58d8cfca,0.5443242287474659
7d91fd093f331634,0.8708117493996094
a33fd6143896a064,0.06248122834693026
af6776fae916125c,0.92203562420426
eb63791dfd566fd7,0.8074408672562299
fd94632e98a57fd7,0.7682796251911704
7afa48755b2905cd,0.9277361363388162
cbfe89a23b516339,0.6788657820867112
bc9eb4d602b27458,0.41681344069832893
fb8b7e3482eaa33f,0.4410440400256086
0d172dce11eeef53,0.350617234129899
6cb7efe2f15a8b1f,0.38042122920349264
0b234c8955fa5560,0.13812041721336765
1564bc14da2389b8,0.8429458778918776
11d440c4ffeb2e60,0.4076319745783995
fa46240b99291663,0.8249236540846554
52eb5978e0a48397,0.9493674018391997
bb2cb3fc47f785b4,0.8178732859490911
bd402ae2e81bc456,0.38345690589694253
5b2c73c3c2fab67b,0.012523508444542114
558785e2cd64bd4e,0.8503117437629529
d8d0cdd0e630be6e,0.9891178665330255
54a5cf67504e37cf,0.6210569536685739
b7225c4787addde6,0.26869123190663124
2e444cb3f4217098,0.23708364650542774
ae6ea7b6c44fe6f5,0.7365766843318174
8917e3ac1e161b77,0.42779915664259716
ca8e1b8f4b045be2,0.9378971025446414
b16a002c43cda488,0.8958310933359952
38988311c0c8e2b7,0.7814059785230749
40ac9a289f991b8c,0.5070325585592284
83dbe87c0f3ff118,0.602386932381527
d8412746401ef6ff,0.1382667497138092
95a1b17435300c3e,0.5810839177627031
9576e0a63d76b324,0.36682388373825836
8e43c1faf8514a42,0.011605357228191494
64462847893bb0c3,0.7644844784321004
2e8d60596fe0288d,0.11081304711303566
e3064eb18f25f417,0.9210640716394577
5c24da1b9f2ac392,0.052411693164494955
ad26aaf8f4bdaf41,0.5050793620373147
a21097bbd8645f25,0.11199771618818594
cffe1ff942479449,0.09353157434737712
39170ff154aa8058,0.7008980532032585
0e2b77f6fe4d94af,0.9106699172561333
4fb4ed274c87cfd9,0.2457169109062919
dbe218b606bf3cff,0.5848679291802368
b1ff3f405ab15e62,0.38318997465883664
b77bd0eb977bfde6,0.02054831422030475
c65c01d13c9051fb,0.8291883035765968
9f7d2bd32579e9b3,0.39715255553954265
1d42bbb95380256d,0.7589087888367427
799c5bdb519f3962,0.5641259552208533
af54b26cbb15ae3e,0.444131021248037
9ce958c47b1e7d3c,0.7343965094420607
d39bba0520b226fe,0.49343435675258474
c4923735c16e8881,0.021687132106650655
43506b20fd8ac430,0.359776458545275
685b0ab35ff084e8,0.8482470716780659
03212fcbf4fcc22d,0.8427459662964689
7aff26a87411e8ee,0.8387267898176123
9af789cec1453f89,0.07978706256940303
41f2ebd04afb728d,0.7322803491317234
a3a3009c55baa210,0.9837225215848683
688382bd40810598,0.482663612722184
42cce10beb6c55b1,0.1991177679163705
59fe211f9aa2b83d,0.8113063671438364
86466c925086fe3c,0.8977902250751855
cd36f54626e83a21,0.2396778942374434
ded728c05e20539a,0.8443294317619114
0c7fd3a164040b3f,0.838674670194159
614f526f552a972f,0.19167840292999383
cf076cf42abbd2a6,0.20420866352435885
e20135d1136fb289,0.25304340017668914
2b40340f15b07950,0.8608876306300466
92ea7f3ec80af25f,0.8976630415953688
1de6db095fe81c3a,0.8035721587451434
e13432ce761076fd,0.5133909900007545
ae126eb3da41487a,0.16319197284363357
05436df37c119ff6,0.6596116133694028
b9203ce854a26300,0.5804978037055731
e39f8336b7fa1f6e,0.8232749267927417
2d031b0318ea5a02,0.4553723567066836
54304b5c419290ad,0.1598287295580975
e9b3e8a0a4077e28,0.08510403994073987
1dced917867d765e,0.7647232734499965
c004a070a93054de,0.8481299437154226
3fa194a91f4562c5,0.40403889164949575
76d5a2300ca56933,0.14230284288576187
993bd3c445b80c92,0.5678748098412801
16eff5adf0cf07a9,0.9769532117472888
19f4c91cd1038cc8,0.1557117112469999
4ace42dbd199d1b2,0.3776829066986692
8232534ba45ef07e,0.682514529573592
a2eb06ecbdb56bd2,0.1257416522444746
e33ca091fb503e03,0.5776992055438748
8b65603997a5d0ae,0.1963686393472775
c4702fc1a3b838e1,0.40472781695955773
0a2ca915437c9a04,0.1527404248511544
6e4d60a1e5913350,0.15971821373463563
0eb4def034c0e542,0.9488979191405529
0dc7bc6ce45f37c8,0.04327200575602071
69c1bc9b1691880f,0.7495233311345569
249619e3bba248c5,0.49248287269411883
8a0925f386616243,0.5442823580717863
c609c9019d1d7b32,0.8132271101920683
dea132cdd56b9c8f,0.9043032915654061
24c6ff18b883edd2,0.9832406235947252
06ea151cc4ea5974,0.10925518442526004
dde1072c2340c07c,0.08972228173081076
bf6234d11406ea49,0.38469727874440035
610c0fee53d0cf9e,0.8337356150022921
fc0691273040fddb,0.7751514293353363
46bbaf2bcdf5a362,0.49328468120115865
6f4198d004803569,0.40467647363115916
3f726ca9a49e022b,0.25771121162351823
2263ab08ec01d546,0.22830216226830774
dc2a61d22023b42b,0.9831474517158489
9cb03c429bd54976,0.05887400436491923
d3d5427c6c9640bd,0.9030947666274993
a356aac05b7d44bf,0.1993818430468555
2c28820cf1ae8254,0.7562250972839191
cf49994228b74e3d,0.37759255433194183
ea984ee0501b30dd,0.45985153267609113
3639d96562366ada,0.10596189782124832
007d989968211b0c,0.35015348115170464
47b004a1df7ac9c9,0.5113573288468147
f09cbcb79049a436,0.8805938241852383
d3e17fc998bf6787,0.50294106247255
0c6c8663f624c58e,0.16756670104364468
52720efef03dc54f,0.9457116012651408
c6a5cca33f57da61,0.2629184695715163
b1208369a0074122,0.36699208395822847
b0563e971ad0dbda,0.0455390052259903
a0bb9373f1dff1b6,0.7878551915765241
607b5d747f350fa9,0.8195292699793879
8945214e2c9cda71,0.9041273172738905
7fdea294906af44c,0.8859559499193167
1f3c2f31d844d10a,0.13822159319744276
248eb5a4a5179bb0,0.9639041744203573
f7522ca250fc8477,0.38456238483259303
3ac3d9675fc09e64,0.6582941702099443
b65116a131be84cf,0.8686314602291703
7cba939dfaa4fb1c,0.9305876975740432
4e484a321de70373,0.6677068384313067
48c00464ee810da7,0.7914585241144949
11c760a8108e0ab5,0.8928156303077657
4ece5849758d2bbf,0.4260801861676297
2d34cfaba66dade6,0.9069709877241525
597b3aa023ec1731,0.06304471844252155
65e095698c6b2018,0.7952743016429407
d4685373bfa64d8c,0.16591599555593362
b2a24aac339b046a,0.5110179177607266
d018e1502c830522,0.8573536802036734
b4a5d705266bfd48,0.41086866391113586
1bc1ad21db736edf,0.3518071516617749
3584862144963b16,0.36409247535786954
64acc3b4a0341a38,0.12099114712353495
ae1b7c2913418b6f,0.019089822559264474
5ff184c18b029b7c,0.20464040124056815
d407cc2c1f68ef5b,0.8599277215037195
10610f40d2c4beb2,0.11134966320692058
a8e72b280bf38b81,0.3202120734032574
4802ee9701571a2d,0.9849272886955438
c0ba503ad79cb130,0.9955851302359302
a428e18a2571696e,0.5607019739315042
d973ea3bf88a0f3e,0.7622999063288105
cca48a6fecdefbfd,0.5559017208813994
387eb4b1c9690ed5,0.19791621212007504
f9b045f246df515e,0.8318112475592241
b8aa274fe0062de8,0.9438509863652211
9d67fee3adf9e1fb,0.8010547025240102
3196cf2ddaa8893c,0.7642514433599154
c6cb67394ff79930,0.5728117488806905
b713b9f13a1a825f,0.49673229043758416
0c55301e8a9a0e8b,0.874281939299392
06cf6a66edc51d64,0.9575023093828732
73877568d5adcb7f,0.13031589604827312
6e713b6c6d9ff701,0.7695725611569901
35b98290788b0e15,0.8913422824552516
c1699d21d21f249c,0.36184005099520483
4d4b1f0d9defbbe6,0.9450077450279031
c1eb4bc9fb4e0c7f,0.611620811820033
ac64ea4bb93cb2ae,0.8040265020438035
a6c0198d0ade9eda,0.8855222291269661
4ee5d36590d4f29e,0.5989397831994343
39d7718a5529cc62,0.021074861243256925
4f6e36e222d122b1,0.4960200391680884
f7b65c4533428cbf,0.9380633966257249
32839e57f8e1ec72,0.602737775430831
0a631a26c3a1a8ef,0.7918736515081295
42ae365efff05b84,0.33943892192801406
aaf16c83ac07884a,0.7454699804867055
e3fe57ec38bc0cae,0.3702416846195181
a269d748b94103bf,0.37128895061061007
29320c0461eae48c,0.09725590686083176
98b75056b390e87d,0.8431223638411808
a18aa53890bd84ac,0.7453836155980004
fc5a2a2354cb11ed,0.16960788021523038
912408725cfa628f,0.5550656862709621
6453b1a068b68ddb,0.7943581043800405
d95e854d614ff5a3,0.6481681839763276
85a79337144b2a84,0.3901818535933668
b5e18d3eb66f6250,0.10183413048357205
3b90fc3f1087e3d5,0.14506776231621032
36f89bae0e5df26e,0.6884810964631816
7de9a21c9a6df7bc,0.9423244149828283
4ad662d48155a76d,0.618065442572356
1016d05cc8d07dfe,0.5710642058598727
b0a028857d9a81dd,0.4816078680142708
c7da65ddda5ab002,0.7907304775950783
8faf1048140782ab,0.48704342850669946
d0f1cbe5f5c2cc97,0.8266218805661071
766a85256e2db000,0.10443961591535328
83f8495a5ff0fc2d,0.11072222983444908
a57ac84facc6651c,0.8716003550480413
3e18333d2d1812a0,0.17741412786648214
2e2c93c0b28242d7,0.8070875557358084
290025e556e7a964,0.3333593396066012
34abf7197c7817bf,0.5134913232529748
4c990af23095a8ad,0.9018464376181909
b30f0e7ab6ef02e6,0.6874876252145949
955f054ef8ac2a98,0.9921210596908768
efdde8377abe8fe4,0.648997101909621
cbfaa9b940f4c2cf,0.7984876766036961
51e64153531937a9,0.9018511500371275
3b7b80317148399b,0.8868244504244789
b1de8383db45dfc8,0.7398945378965625
0d3f9429ecf4d4c2,0.06556862657860535
c4499c39e29ecf53,0.43745170749183926
7800f7a3f936332b,0.10176486038478266
b837532e3fdf4a50,0.37221905176781733
c681da0099cefd6a,0.22666367148905048
c7acb3b5705e68f2,0.18501355943689257
7072f5cd32c791ed,0.926173562769939
00b5216b2f2dfa33,0.999
b2ae02f82d15b4ad,0.5746428747257166
5ddd4c1db54b9114,0.3946265821945423
3e6fa59b53549aa5,0.39749884284071074
6b853eda68180bf6,0.8072122475832786
0ee247af650122c3,0.970802042285425
9e2c6c5193f21067,0.21217349961221776
6cb5b3e20565dfc2,0.916793432923874
dedaeeed301662dc,0.1805403462094703
7244a91f3ecd611f,0.03653795755966141
d5447b494619e05f,0.6012259367457196
d114e64d8dfca5ca,0.15851309784701834
762e061721ae89c2,0.035141942423627656
0359613691f7c01f,0.4027580094395823
ca90a47bd789f6fd,0.7334040732385781
b43584123f43b018,0.30356478979011303
0770e000ee552df7,0.8530029480247034
b396a1df0d592f4f,0.2372000204225691
51ffd9a173cdec87,0.944810602302359
38e628d583de2dcc,0.24914568718177493
5e444909efb4f076,0.4752605484639808
147047e5cda600ea,0.7138447599091382
02f5e786b6ca732f,0.2971498752411553
b29abac474eba51d,0.9745624168960826
14f09256775b5595,0.7193909072054021
4132a178395f2d42,0.8250330445150884
3ecf5a5ba7668082,0.17308212790982191
f7b8ef9f4baa3954,0.9337810503236572
344ae6cefc6e5e28,0.11778908099538071
9f8993a4d3fd8c66,0.5144229781094265
02fb2d64b2963430,0.5826122891269602
cc3e88fc10db73fd,0.7607123282724713
e1b25ee0d1bded29,0.8095184957469238
6811aeda7c48195f,0.5618958130710598
2caefea2089d3348,0.8907474749110255
06624c42e6f173c4,0.979352993442495
18d0862452891d30,0.7538191225427026
aeff78b9acbf4d71,0.3755510670379056
3c4fb720d11f542d,0.14873545954242745
ccf649ea4bfee844,0.39308424762567445
72bca5a449e85cd9,0.09478469753081747
fd6a74697a1a9ec1,0.08036310142039765
a629bcd8e7727428,0.23718963485087077
4234c32600399d7b,0.9020531643193721
dbf0f354d6059039,0.22800770670496023
3807b180f301e7e0,0.5966476974683401
5cff8cd0dc4c326d,0.4218631571004905
a28550e03a14c9e2,0.8178310096186796
244915cbbfabaa93,0.07556196508609112
f5d28c37e1483258,0.41275909554070833
625d0351dedf957b,0.6037839085722898
daa98d98f6971d07,0.4258884114832122
aac141e3478df5f8,0.4665435044467933
6e2d6b44bfbd409b,0.7834510118526441
34a46acb36dc8ef8,0.23101100586116466
f709bf78e6f0fe9a,0.37069209010692145
573ce0864f1f1a1e,0.20619604122008445
d6421a369f95b35a,0.6929959349554342
6c74b5b293b1b97b,0.12427309478430475
51cf0713d5fbc070,0.6067175198907491
062ba7304652bc27,0.33562817076813434
930853397c388814,0.023638684849953198
2e48c840c19e48bf,0.560666789761037
2a51f116e23cffb3,0.7677155127220952
070669d7057f8aa5,0.9366290756552464
967936eb15802a83,0.495549492398267
83ec0a0ff919a926,0.3287062674966901
a35f4a25719a4b95,0.10495119852554344
e646bad2986e850e,0.6607749359897332
8b488afbcc578dfc,0.6318524039339241
13ea6594c14a4026,0.37697770976938777
d0e536523f93f64c,0.3074606805170219
0e5ca22bcfd8c5db,0.9411550781108663
9fb1e891c08b715f,0.02492235937274187
7199fd0ada65fcc2,0.3241050092198039
2275f9dac244010e,0.10476659321576193
24e5ed05f908296f,0.3402399976549467
6cb602b86bec19a4,0.7124348802538889
9325343b0fd3d676,0.41461782048824886
644e5f81463951ba,0.5575290421643276
37046a2dda9e5889,0.8105791482742634
c7df199599dc296d,0.5565381659891522
54e463d760c0c6af,0.08873479298143305
9bde8f101bdb4095,0.5215053508406895
bc5c320666ed7ca3,0.08909296427665878
4e44d72109230bfd,0.6453675829434771
235aebae2ca0d45e,0.8621295826608175
55a1d48711c4359f,0.3921783552825934
c1ec685fcc48d91e,0.5411894517799295
a51c93906bd78ab7,0.7093732456912234
207c0a6423cf7a33,0.5885231069062392
c7693bad80c482e1,0.6795756102128352
36b92309f6e5618a,0.49077902957776126
26ee6d56130da0fc,0.6957370566198219
587c7d36156381d1,0.2773903660946121
50d432d2b52052b2,0.6128638053015069
b738afb14f60d587,0.9461681435718262
1157c08c11e901e9,0.8467413381495121
cfaea6958357ef1d,0.3730273044442768
d8b3ec80ec080d08,0.8913674449774424
809c8f80468b1337,0.5196987218190029
1bdded460bb636a5,0.9468345146424805
96cc52a1a3f13e6b,0.3309140240489812
c97a25af08369f73,0.05859077867249031
0de5d7bc5b46bdc6,0.35837058088436324
c6eca151f8576037,0.482354774162468
7ef7f606745e05ec,0.04571094229939591
c5ea9ba7fa065f8d,0.9968490997033808
63142c0d75cf9aa4,0.09857296597982639
c396e609d01a9bcc,0.10690023928629977
7c9db70c27860a32,0.6287591437778215
8dd4bb6eda603b43,0.35348355362779293
d5eb724b5ea43bba,0.9400822442301023
e7e9bc7d5e2e5674,0.8517332408797402
24b3176d5020b612,0.7825578811408012
6fed295aff782896,0.9981071667617993
12d17a3ef6b47faa,0.9317916111225167
2c550aa9cd671368,0.060232115195366136
df00e28247baf9ff,0.6170712545415914
9449a45c9d7b914f,0.21953586058953078
9a8393310d9b352a,0.569595981412743
e1b1b6a194b4b1d6,0.3180679581657461
7097d3e397e94525,0.3497122799829889
e3d1f895e94e8bbf,0.7259677609175066
6c46ce4b2303ecb9,0.4549928429658806
999760aff655cfad,0.07662663019071783
6d526f4593563124,0.39078138357279063
467801b5de42246d,0.6249883544918041
81c9cccf75c1503c,0.1535628702204007
bd1aa64c7a5dcc06,0.11054986708961723
df1a75c489d95957,0.10981111121189632
7e6ebb5b237b817e,0.2736871626027893
1aeecba2c7866fb9,0.6031746413050628
14269028868b89d2,0.2921447142976232
5ec456826b243dcb,0.3410455196878873
e574a546f8e193c1,0.9320812305994155
b0ce65cf243f3ae1,0.7016680330642896
8b8e8a00e6e1fdc9,0.14792032171465178
4a87b2b000e87686,0.7934378087912854
1175204fe5f8cb6b,0.30070734102576413
50a79bbfcd719a29,0.702247210311169
0d8c215cc600c1f5,0.4517820159472332
3ceb989ec05cb0ef,0.8729652622580417
c7ea3f3ae516dbc5,0.08883357694260942
060631dc9f8845f2,0.6340093349975424
4ccc3fe421151149,0.4799961688645926
fd51240f58f2ec0a,0.05971571934486368
9bb25b00d30f4ce0,0.02073761595982096
1e633867010ad35c,0.2538253853522689
90da0c9b099080e2,0.49623850829098115
f3ba8015df41ef05,0.7222643296977544
7006c751c11cdc01,0.5094680488658139
db5b922ab7ac849c,0.23033224355565252
8ed9c5e3ceb94d30,0.46956130015126685
32bc573af0d063e6,0.33508693795619526
b6f5ace9b32140b2,0.9035852028293492
2acea7857a236b62,0.5576516212584244
2dd5886a7dff0caf,0.6543131402964915
cec7e9631578eacf,0.9614923479985489
aa1276a52bb96bae,0.8557459979864941
f90658bc8d521271,0.7361098424349592
8b65638e31a74f80,0.4990452373162096
233d4e0eb18d8449,0.9498757884281972
95e779988eaf54f9,0.5600928569096502
ce033e0586a41f4e,0.30496884572555616
29007abfebc6bd71,0.4295275348904086
37555eedf932eb41,0.3967072704026038
43f0b7fdd64e4d62,0.35226669832954033
48d11190742f10b8,0.977192874783751
54167e2d347acd9f,0.06540400341406188
adf2b2540dad8766,0.7698172383888529
aa4854b6b5329860,0.999
371dbcc2d3dab4d7,0.5706883557059836
29fd5cd58cb38dfb,0.9624661699649714
276d786a03dacf69,0.42415525834761664
90290aaf619cb77b,0.23901548037240872
80904c6eddcf06db,0.14236064679500568
5232eeb9a1fa8f60,0.939104598451393
6205daeed9459b81,0.24223050520638453
6b4abc5da4e3aad2,0.7594633464788917
ecce281c5f6153c3,0.8352605598184879
926feb1c20abd0b8,0.017481893546490865
64874c60d39dc86d,0.9824622004554122
1868aaf30c77d6e0,0.577600172081502
52e964be6dd475ed,0.9854946015548621
4404ade20ca8acab,0.9440603104982765
f6bbde7cdf6430cf,0.999
6f9ac9a8227bf174,0.9237887288503291
e4afa0c3ef07f2b8,0.3191902118295798
a85d4f04f63f1f8b,0.18890145102156986
7f3411e87c2708d7,0.5357547815780629
5be924d7d731a308,0.3739993517171626
41ea202bf96f7295,0.35358452299936355
e7d3e68c097838d3,0.9516203431733052
c21ded045b04b1d7,0.3712458166722763
a87de56d4f2dc966,0.01777611405038001
b073cc5a7d5d1fc4,0.35649947026644024
cdbbb57088163b02,0.2607878574923881
97a093dfe9e1eb64,0.9467417669737612
68aafe54d00b3081,0.621068206963729
dca611f4099c1df7,0.26383179843861304
068c9856fb6bfd0f,0.06771988622048852
ccec2927e56ab3d2,0.028290576612727762
f4239e382087c8d0,0.929717516969881
a37f1921e2ae64c3,0.4114085048760462
abc7d40ccad7d04c,0.07503161504758447
7be1ba405f826136,0.9129842799826206
82f1ae3eff7b57d1,0.33646653679403016
64bcb6835fcb93ff,0.9323089859201397
8a7d498479d37ffe,0.545714963502705
ddd893f6f7c67340,0.13013571650427747
63438b2313c7cb87,0.20781666021546638
