id,label
6403a3f8d07557bc,0.4934558221319162
1b1d097ff5b144e1,0.5526069865582994
08c7c3c71a02ca8a,0.7413340262582058
7f09e9039629a38a,0.5387542005314161
1fecfdee265e685f,0.5937062363238512
2b1b1ab99f54e1a7,0.5029933807439824
f893cdb025b56c89,0.6253078344795248
84466d5fc69b1dd1,0.6815704985933104
e0f419be2a81cbff,0.4255766333229134
d9e55e1259c7c29e,0.6686735776805252
602d7f4b0882ec4b,0.5798590223507347
67f2f87cc129d7da,0.6751864410753361
eec96ea0e1c9f7cf,0.25039480306345735
d85127e773ec4820,0.5929357338230697
9e96822b06b0f7f3,0.4190101320725227
c6489148a3f9498b,0.4097068302594561
ad5ca801b22a4eb2,0.2736088582369491
22e01b671e9f12bc,0.37659489293529225
4953dbf3e113fbdc,0.367959225539231
95397470f084bc6e,0.7958387738355737
ff39045f375a9792,0.39955943263519844
893575902a76b6bf,0.3213559862457018
4d9211d2b44f7d9f,0.41327072131916226
8205441451789e41,0.27968540559549854
5ade617aad761daa,0.7849361480150047
7d8bd74eaaf831a8,0.6279856009690528
3a4abb16616fb838,0.38521770084401374
6e14ae545a54ec6b,0.6842363551109722
a6d127f7b7a19a79,0.6875010745545482
e29e33c4a6eaf6fb,0.51850147702407
42b296aec3a400d2,0.37081676695842447
238a42187f0c12de,0.4117700961237887
4c99d80ab952e272,0.647171862300719
ef909ea8db65784b,0.6748148249452954
53283f9869842cd5,0.736944787433573
fa99ef0b96b51157,0.6533162785245388
3cdaa31c37582a6d,0.7173495037511721
e007009eea08f15e,0.44251457095967484
e46769b586a6b83b,0.7551412863394811
c77497b63a864028,0.3167705376680213
bceeb0086c625fac,0.3344523601125351
5abf8e5791e5fa94,0.7825320412628944
0b7d89ea3694651f,0.6188638246326976
ce60477eea0a9007,0.7334736675523601
847baeeadbaba41a,0.4732868279149734
aefefeee7da6b616,0.6894231400437636
321cc4b04985f915,0.5332806580181306
590cfafdd102ec19,0.5015692560175055
0a3027ad8dd82438,0.3127691075336042
01e58c9ae88cd390,0.3635240739293529
8f5eb2d903aad722,0.3070635237574242
3f1b90f008fcd5d0,0.6883856752110035
9e55098b34909114,0.6679128555798687
ed3723d6f0b305ec,0.5191210808065021
e1d77367315c8c64,0.4183611089402938
b97a34687794c3cc,0.280703368240075
2d9a8bda25c031b1,0.28932135042200685
367427e76fbb967a,0.5205963504220069
2d1de7cf3363aa2c,0.3328971123788684
d69cf5bc1f0112f9,0.20564282197561734
2a75c552e6a0103c,0.7551261956861519
943114c642b7e30a,0.4235314356048765
5f4258edf6c1b382,0.2890828540168803
ff0a817eba03cc6b,0.6610306072210065
c77fe2a4fb942f02,0.6534201820881526
df587d726667a5fb,0.7399189160675211
8c09d6fdeb48dfe5,0.36634979290403247
564e16bfb829c7a8,0.22085330962800875
e592482dff2b62bb,0.22223544857768052
33319a7020313788,0.5716295990934667
4700a73d634e28f5,0.754957799312285
e5d9aee597bb4052,0.39923880118787125
b93533776029ab4e,0.7364300523601126
e9274894e7ca5d48,0.2002095459518599
37e126228f093cb2,0.44409204438887157
ee5e8daf19a62436,0.7520744412316348
5c2af7cb33fcb9b8,0.4924079126289466
dd6cf914fd458758,0.33600310253204124
7943edf1ba3d08c4,0.33057095576742734
50dccf68b6d84c9a,0.4496502891528602
71b1d024ea8e0791,0.45587600422006874
a8ccfbc903739855,0.25561013988746484
bbf9130a10bb2e61,0.31934583463582367
41a2cd1fb3af1f62,0.6242211159737419
e5b00c5e94bb1efc,0.5145074671772428
8a2951b875e32f95,0.2700705415754923
4b4241c32f2ae2c3,0.39078628477649263
8beed49416c057b7,0.4918526336355111
1cc185c7cde5f29e,0.7409841278524539
635d0e269bd151c8,0.22019175132854016
9eb98f9a7202dfe8,0.3376598859018443
c224615f7e3ecda9,0.31327307752422634
f93a14286735bede,0.3674995975304783
c118092c44e808f2,0.672189348233823
0972b7359cd12fb8,0.21658271334792123
22318b12ec6eb14f,0.6348214324788997
9c92d4068021c258,0.6879669310722101
053aaf6bcba9464c,0.5258380392310096
966f0341c7d1f5bb,0.3856821702094405
624826d8d4f7d476,0.35617895045326664
250e83ae550b1992,0.8047407432010003
9ff420d30b835836,0.7120950570490779
f74cb9754e9ea82c,0.47850881134729606
8ab5a2752e698725,0.4738759417005314
56957aca1f34dcea,0.5984416614567053
a6c0cf21bf0a1be2,0.2536171655204752
427e6266110ac72a,0.7308718115035948
7b84fe626f3ebccc,0.5525526883401063
6abd9ee5808aa267,0.3508368435448578
15aaf86082111e4c,0.576440868240075
afb1bcdc94b9bce3,0.22181824788996563
93a337e7b4fedfd4,0.5027431892778993
cddee4f1517d9dd4,0.5202473624570177
755140c7bd8e7223,0.4596989137230385
0ae88cec371ee0f0,0.3087500859643638
08a9f02754051fc8,0.6973755939356049
4bab179b9218d454,0.474229704595186
2af9aad0b831d3ec,0.2997195217255392
7d330fd87e35ee09,0.5863393834010628
d79f0de699294b3b,0.6278348585495468
652a8c0826eb2609,0.5733947522663333
2ae2ef63a2565c3d,0.6135786925601749
1bcffad3764f7c4a,0.3614346827133479
707e78f41fd82174,0.2912260745545483
e4824a55ce76b702,0.22387078383869957
993182bb80730c31,0.5680385237574241
dd67c105d030f636,0.7081618708971553
3dc4dceeeecb58eb,0.6062584440450142
90a67d119116b976,0.7283142231947484
a483f8d40e026f5d,0.2746239723351047
3d24648e710fafb4,0.3732278485464207
9104c44e8910b122,0.32957368318224445
47b77ad7aec9f1dd,0.3890689277899344
a66cc4155a0edaca,0.6094860933104096
1f4dcc29503e1a4d,0.5505578540168802
0a295834d6044914,0.4028876211316036
bdce8615df21ee2f,0.24563284229446694
694b4d3b1ed04c61,0.22168257658643326
ffd75ff5c92f624d,0.6408741559862456
717e992041e77d9a,0.5932448616755236
eb5157274916100f,0.596390176617693
b77c5c610fc74da8,0.3078134026258206
41d2ba14e653bbad,0.6609709596748984
f2b612c9be07aabe,0.5349917239762425
3451e892c310a998,0.4810477766489528
2ab24c04722d8bf6,0.42520222725851825
38ded7c17115e7e6,0.622461663801188
afed8219aa70efeb,0.5536073655829947
1e9c4d7d2de01fba,0.5830456978743357
c1bda90e9a3b9ec3,0.4646475617380431
d406fda410e7c177,0.7341793607377306
f49753bbcfabdaff,0.4857207525789309
4daee2e232e58a56,0.7255444865582996
858a9c1611f558cb,0.4606005665833073
05b0a9e8b1444d99,0.45210388793372924
8b2ac5da79a42e4a,0.6737226203501094
222fc0675ea28b67,0.31815399734291966
77cb5f88dff15921,0.5586879024695216
947d5752d88dc00c,0.7536162589871835
309a531dddebb471,0.6279292122538292
7e5f9d7d0cdf5a81,0.4131052047514848
6dfe2ff41e67b01d,0.454353919193498
9a51f7696f388499,0.49601850969052824
9c5cb5a9b9b2b4cb,0.6149263324476398
bc7e89abddb2aa54,0.8129417552360112
5d3eff0bafcd186f,0.6302413215067209
d592e9d5579075d5,0.27388707408565177
475f765f9fa22959,0.7012811073773054
71d36204d6040aaa,0.6298325218818381
78119b8ffb9aa8ab,0.4485398601125351
09d1e9b9b858fe18,0.6643954517036574
ba5f5f59e3b0b755,0.6401016802125665
3b7344f40bf64734,0.4632427203813692
1f72c876a5e3738a,0.6112653055642389
86262f7438a90d1d,0.5014359995311035
3f6e10ed3e6a6303,0.7890483783994998
ada42e94aae1a58f,0.6445716161300407
b5320e4cd134414b,0.5494351008127539
ef83ac91e80ddd9d,0.5116870154735855
b8a457f0c9f14bef,0.4224321428571428
74947cda3decdbb1,0.469807471084714
a39392c735bde1ac,0.4183483471397312
afb321701a74d5b0,0.345160886214442
df401b9701e04299,0.33747856361362927
c9b67772b4c4f44b,0.6934810956548921
b5665177cd7b6c5d,0.23620938183807433
1d621e5fa6b0c45f,0.3534297671147233
2d595ec6f4c2524c,0.3661281963113473
6a96a53512d24696,0.3646143052516411
b3a68808640b25da,0.4034269771803689
cd9f2b2346e70af7,0.32850690840887775
d78d162e0d903e67,0.6898546655204751
512b0444982361f4,0.7756033916849017
36f4f9a58e05409e,0.3635277508596437
e4b4fc878504822b,0.4397644928102532
d2c6c32ea3387653,0.27795590809628007
62d5596d1fe892ad,0.6838512347608626
8756eb85074bbf32,0.2922626445764301
9120f37fb674d8d5,0.47270942091278517
ad529a51765d4ec3,0.3438700375117224
f5e98c69a45e4a76,0.6761941974054392
4e8ecc5a6ef67336,0.5390804665520474
e26f37d892f837e3,0.6248684159112223
377bd33e8a9d5e7b,0.43918322913410446
7277e822016a05a5,0.548834729603001
94fed9a4092a19bd,0.5408318771491091
28d304cf97ca614c,0.5619108666770866
5a5195df47e373d6,0.24183687480462643
ebc9acfa1d364336,0.3116753985620506
5d76c6de5ee62843,0.5261100461081588
511d1dd15e99184d,0.6401363160362614
b6d744f202fb4a14,0.7505863902782118
43c3e8abee7ceeda,0.5893653055642388
41afcd725afd0bb9,0.5634014027821194
bd4f0c1a61da90cc,0.7805805486089403
ac5e8e6812e3a526,0.5026660557986872
61843635f4d407cc,0.775642989996874
d643d4e6d84db59f,0.6042125156298843
5c0b8bce49a0a773,0.7776277313222881
7c6020b2e5dae41a,0.5244387113160363
4a6f26c4ccfa8a2a,0.33413935214129414
f5ff436197b8129d,0.5393393208815255
27b8587241bf56d8,0.39296550875273517
a198a7b963854e6e,0.372139715536105
8661667952751501,0.7075853079087215
282a1321ef8c1306,0.46783515942482023
db3dd0b21b03ce9e,0.5559070725226634
3bdc9a83d65a78f8,0.5590888910597062
2983651d59dfaedd,0.7065581353547983
ba2be23d69668658,0.3252903368240075
89d58eb00d13e4fd,0.41602142075648635
d2caeec36f4769a6,0.4155604485776805
dc23c7fae5f57288,0.5340306697405439
c6e284593c89d176,0.6398404384182557
523464c4f48eb02d,0.737997788371366
cc7624fbfc77736e,0.6880426422319474
6b0c371df7cfc676,0.5285548843388559
986e8a5497d243a9,0.7416036105032822
0880ed3a1a77013a,0.5396610854954673
791d60ceeffd7ccc,0.7305908408877774
1fb2b452cb819b3a,0.6889778915286027
6e683e5731d8aac7,0.6267672202250704
d752f92de2b858c1,0.3744071155048453
91654f6c88bcc480,0.342149722569553
308caeebcc6bc059,0.44256293763676147
0a092e2b8c9c06c5,0.5672118240075024
e29749c7cbb0ef48,0.268583901219131
02521319f8872bf9,0.2841622538293216
f699494da66c4efe,0.5410050171928729
060f874ec99eadc4,0.4900956705220381
1a2ea8a74fd54c2b,0.5264604329477962
a98b83e132c75465,0.3305377578930916
0fe8ca7c247fab07,0.6998784893716786
c8d9bcea59632f23,0.49915080103157233
0ab0d9c2a040f32e,0.31868140043763676
a03fc647d8141fd3,0.7024001406689591
1036e1cd53a850ec,0.34950936620819006
519d3f96c9895253,0.31305062910284465
28df6bdb66f8e09b,0.7876109878086901
89713786047cfd0e,0.5489026531728666
6389830954a0227d,0.5250963660518913
8a5f2d2c5004dead,0.2441847882150672
19d4cd44aecb29c7,0.5004474718662082
2ed9718fa269e456,0.5256471162863394
31d0832c9b203b46,0.4184261917786808
e21b68ce26bfc500,0.5777090887777431
cf8783ddc0b9bf95,0.23665311816192558
fcd44919c1b3f412,0.7288392778993436
c6e50665e7bf8738,0.5342024382619568
ce0179fa676d128e,0.7353252852453891
423e064e247fe04c,0.649640817442951
0ebb4ab2c338fde0,0.5685364488902782
37337cc831e40a2d,0.5570489293529228
04eb53517170d936,0.5890670287589872
dac684a7b8635061,0.4930858080650203
a2f354d17d1431d3,0.697600926070647
8a42e6579214e167,0.43334422866520783
c35d24cd26008161,0.5116809901531729
077789ab8d103e29,0.5555105228196311
5deb9f3705c67be7,0.5055348937167865
dc531f502bccc4fd,0.5867787589871833
ab4b4d6c12291a2a,0.4100141567677399
47b284804faf97e4,0.558315086745858
d46bd1fa92be695e,0.26765200844013753
11c536ec56a47156,0.33250893638637075
d5bd7d0c4a297748,0.20851884182557048
d30e6ef239a13f14,0.6885375664270084
8be010237b513256,0.7321700844013755
e3ed18d3d53d8aed,0.4104020006251954
a9f5c2f8c5922e10,0.7323885901844326
05a75c012be2ab6b,0.7563697639887466
a068617fc089ad48,0.5051331470772117
687932e8fcf71376,0.2979846436386371
fedeffd4ef29f976,0.3269679196623945
5d3e23d9b2256c27,0.3448436972491403
c6544d7502deea99,0.3949381994373241
096cba9bc78d7637,0.6138071272272585
76b587348b5c4d59,0.6075171186308221
62185555ed060f0b,0.5630419662394497
b538966eb4ce164f,0.2319835690840887
8dfc12a6712b0903,0.6510877227258518
3ab52adc4b1c1768,0.38723410440762734
463847f9a1f414b6,0.6499085339168489
e93e14d11fc793e7,0.2083643169740544
2cd7ea4ff0b97ed6,0.5017239996874023
3cf1ec0a8c671d61,0.3111603547983745
e39df281ee7e153e,0.30137359721788054
272a6816ce2c7c9d,0.4631791106595811
f56230f889018c95,0.6227850695529853
4119f28f6d4d40eb,0.5747300484526414
3e744e15c1c6600a,0.6459319631134729
7975b8ce43d7163f,0.495683901219131
76519a1ae0dba3b0,0.6941510237574242
6f6aca7dc35afbbe,0.459592298374492
658aa810bdae773d,0.7782790715848704
41c3618b9180e8e2,0.49771149968740225
7cd53693b2b3a4b3,0.33766781416067515
a450a4bce9f2cac2,0.6569523640200062
05bd9ec45ff54b8b,0.3309435956548922
0d67ef8a9dd3249f,0.5372042904032511
514cfc846a144390,0.5836107181931853
2856a2a0114ba55e,0.7394957056892779
ebe02c0b1c116ac9,0.3221632072522663
cc31cb4421bd54a5,0.553381040950297
d63593c7bd5f72a9,0.7022544076273834
962b8c33b5be069b,0.3557305407939981
40e508ceed1116f3,0.46694528758987186
668eca9c4cdf1507,0.5448195412628947
c15735bac7d4e6bd,0.3419075726789621
09d2cd5ccb05a325,0.5014239020006251
71ed58a8f5d479e3,0.6448300367302282
56fd1ce474cc243a,0.7200728313535479
4c4fc4fe6dea340b,0.7548321702094405
68fcea284ddff8ff,0.6626237652391371
8913329e85f873f7,0.5277506603626133
7a210b4ff6c29678,0.5806108236949046
91bd2a01c0384263,0.7059781767739919
14e4e31c9bd8d90b,0.3565621014379493
410f92d0f317cc8e,0.5284175562675836
780cd523f303a8ba,0.35844038762113156
77ae2af1842fa5b4,0.4527975617380431
eebeb3dc997eab87,0.6281549116911533
fa6c4d5205fdd5db,0.7967037628946547
f1798e22aeb3b385,0.8186813496405125
8af0df5286089649,0.5955962839949984
6e224e4033db63b7,0.26118377227258516
b8624ae03bb7e7d7,0.21500260237574245
52ca2f9cf118011b,0.7410645006251954
52c5dee14f8320fc,0.5903993748046265
43a4ed5577b3346d,0.5570139692091278
332563e196c7a1ee,0.7779203227571116
cc4b32b77225218c,0.6415204946858394
0b34a503e14e5271,0.7727473663644888
33100c4fe51f7435,0.5302575453266645
6de5ffe2b6664d73,0.3015830572053766
ba39076152cb0ee3,0.5547307830572055
aed179ff9c81f4f1,0.24875723272897782
ea1a9bf792fb6a7e,0.3328243318224445
2f06ce2d10fe3866,0.5989007697718038
11855575a4718674,0.46428208424507655
06d39de4f0e13f3b,0.5448751914660831
5fd7c68abce444af,0.6484665090653329
d464bbc0a2f6ec7f,0.725987222569553
86a7d5c47fa116f8,0.29690840887777425
a260e587d0fd3fdc,0.776111065958112
6c07a18d9f02a585,0.7442881369177868
8fd3d88e27ef7240,0.36057185057830576
80dd9757384d7ae3,0.4381490426695842
00a0f9038422aeb4,0.5165232103782432
dd38ea8c63c0a90b,0.5585110659581118
e23a165731b18098,0.7473700336042512
9bef89bb8b6e707d,0.32327514848390115
db5779805bc9128a,0.7464055134417006
13c6185147e496ca,0.7229290676773993
c23ad10e1020a370,0.41149599874960924
cdc252e1304b3741,0.32628048218193173
c9866843a2ca38c5,0.5599509026258206
1193dd7feb2e1c1f,0.22159796811503593
145626c411263ea0,0.4712255314160675
b2bb6e4261a0a280,0.8088700492341356
ce6c9830339e8d23,0.5365178297905596
e5a315b7bb844af6,0.7035139340418881
d85cacbda54cea30,0.4183465497030321
ec609eb2e4100b33,0.6438341473898093
0d785515807808bd,0.647566001094092
6bcfa2aeebd0236f,0.4363933455767427
9ed83fa2f828fbc3,0.4434415559549859
f596ac3c62688ee6,0.7463914348233823
654c4ca75e7a6d56,0.5174233002500782
162146e83243572d,0.6919522428884026
9878dbf0860838fa,0.5698555954985933
332ca627787dd758,0.772099538918412
679ad425e74f2477,0.3930134729603001
df5a276859dd4308,0.7206045756486403
e1f7d0ae0443184d,0.6255756447327291
a6434286f4234aba,0.5851541301969365
3351a9314dfcaa5e,0.31980621287902466
e19b22778dcddf3d,0.4306117419506096
a98a59904fcba403,0.6012882072522663
efe47bc01bf23b67,0.4675682986870898
a1a862c811a320f0,0.5491973741794312
bdef7203033a959e,0.6561037120975305
0fa3fd428635e63e,0.396354290403251
8ed23ba67702fe54,0.7448016997499218
ece14f4f1731d91c,0.707165637699281
ca20fb73d0c544ac,0.35568934041888084
927bbcf7fa67bfb8,0.5637305407939981
deffe32d78bf8a82,0.5631717489840575
319944ea096b3a65,0.37921793138480764
19bd6f94f36d44a1,0.5266219013754299
6e7447b72d462201,0.38457562128790246
be6959210f99dd41,0.7477504259143481
bc1a4abb3dbcab55,0.36914995701781805
41032395ff67eef0,0.731071123788684
2b4004b2678cf0a1,0.4813374023132229
469658e2c6728fd1,0.43784181384807747
e67a54cb89e72744,0.3362512894654579
0a1aa269dba98abf,0.4402847921225383
746e977975fa2166,0.24190491559862456
ca51e1b6ef04fd43,0.4095576351984995
dd96408688197b1f,0.6575144576430134
23b5530f05f1d9e5,0.7002805290715849
da29e21770225527,0.4409978352610191
adb83a06bb93e782,0.33651763441700533
0e4d2b4f26be08db,0.7488807869646765
6ece7a74dc7701ed,0.2762109526414504
e5306d42c50fcc55,0.26547340184432633
4381dd659292aa24,0.34116486792747736
e31ebedf532c25cb,0.4367267857142857
853b98dd483b98b9,0.38956416458268206
2e54b76182ee44e1,0.657186300406377
338f6834e70af5fa,0.2791993318224445
b5abaa739dbebcbc,0.6356480189121599
5a8bb8464a290761,0.5721568849640513
f0e90b285061c449,0.28950549781181617
e66581f055ee3b78,0.6604642388246327
0a21004c4d12a011,0.4541855228196311
04cee8b938d82d19,0.26704444357611756
c2eb2ef42ef59006,0.491022557830572
4db76ad147f6dde7,0.5128744803063457
388d2efe55423a29,0.7668752461706783
b9875250f7ce8623,0.6449307400750235
e354d93aaeda004f,0.7184976633322913
39e7b31ad6490a4b,0.5209527508596437
a31878efea02ed42,0.4414636761487965
4db06f2609831909,0.7036165833072836
e23ceacf623bf244,0.5396337214754611
5b30a3dce1e3fc54,0.761876465301657
9b09b933e5488d29,0.5201634964051266
64f0282d10422cde,0.38506989293529226
d171c9bf0e731793,0.5606171342607065
699a9d5c734b80f3,0.4725477258518287
79281527b5fd74b9,0.3878838660518912
63b9f2af8362641a,0.6298383791809941
8e20990222b8b1d1,0.5408271022194435
cbfad4f1f811ddcf,0.6833348077524226
a6dde1511fe8d47d,0.4017292356986558
54e8815e9966bb51,0.7616582643013442
cda24d31d8c08104,0.5286720225070335
2e41b0e18fd08067,0.31520750234448264
6e8f4f5c6e28c26a,0.6382078501094092
1f4157812e2bb339,0.5674628399499844
c2d3133094dc0fad,0.28349121600500155
e7e2da8351240636,0.33975615035948736
ef2946985749757f,0.3649674038762113
ae735efdf3a84f05,0.6639507580493904
8a459d7c2b588a93,0.5743633869959361
df0d35696f4b164e,0.6042410675211004
8f745cf8cd93face,0.33631078852766483
7aef10c8e6aae208,0.40040097296030003
706e881832fde05c,0.7765301305095342
03a6674f904defe8,0.4294837957174117
f00500b8110dde92,0.6992184784307597
1475216e327695c5,0.667618404188809
3fc20688817559fa,0.37138036495779925
70df3ece5d814a70,0.31406447327289777
bcf591e552b3ba82,0.25680279774929665
a04e514a6ca8156d,0.6895114059080962
f83e082f10dc4f9a,0.2638326938105658
21a0898a3f0c502a,0.3673215848702719
c9afe9c2efa6168d,0.37978465926852134
9423152627c5de85,0.6874424742106908
fc5761df1ee97d2a,0.5103475265708034
b51c1517f2b27082,0.39280280947170987
966bd6f4b801db6c,0.6828348976242575
c39f09a3a7ee5d1a,0.6589715653329165
cd4ab667a784a10d,0.7703945998749608
053911f801591901,0.610537867302282
4c12cd87dc745584,0.6411308572991561
f0c4df4801e5dd7b,0.3331786613004064
1cdb9e6374b25c46,0.23445782666458267
55a04d93184e2087,0.7373163723038448
b0259adc08c321ab,0.39465673648015004
3ebefad692cdc413,0.40823653485464206
83d05a33f78392ef,0.38695181306658333
57e746a1c420f866,0.6449607221006564
7086b53e09fe17c0,0.6510163918412004
2cefa5982f1e5321,0.5941673100969052
c4a61e6a8fa1704b,0.6276123085339169
cf3db8bd220d5bdf,0.7179480814316974
75c651d11c0a0337,0.25024239215379807
10dca6cd4d946194,0.5186039621756799
316d771ed9f0b6a1,0.4554138519849953
ef64650ddba7c539,0.31871106986558295
721f58982ee85da8,0.6618985034385746
e8f08bd5b06f41ef,0.27293102141294145
8c2e815ac865660d,0.7175934979681151
8191fefedc6afd32,0.2256149187246014
15c9fc425aed1fd5,0.48858376445764307
52f896a602e74ef9,0.6916825023444826
c8a94bf1f874596b,0.42162908330728344
64024839f91aaea9,0.6341050211003438
23a06e4e391dfcaf,0.529751848233823
76fc88367fd4b329,0.3511747264770241
e7ffd70d1007bf31,0.4037366012816505
4df67b2b4764df2b,0.7611279032510161
5e23b5ebcc3c7201,0.7165620779931228
97c325c9980b0ab2,0.30080286026883407
3c8bace911db4b05,0.7460722647702407
d3af2a4f1b0513ef,0.512911069865583
8a66145d22484a10,0.7320645514223195
f501884aa3b0a2bf,0.2484457955611128
21f8710a682b6ca8,0.5320621991247265
67addba46911ef5a,0.6948270631447329
cd5a8d124051f2a9,0.7570265903407314
a1acde423d140030,0.25046260159424816
6284cf5236839f36,0.653394279462332
37f720257a8a7a33,0.5875697874335729
acc257668dc46b34,0.6257246405126602
23424057c8458694,0.43516332838386995
418a7b8fddf172d2,0.7627783096280087
dc356b2589e04c87,0.6363733041575492
f64eef65821a8f3e,0.5013981048765239
9fce647d5b47563a,0.7855787081900595
52f9976ea5b478fc,0.2252745154735855
d240c91989c04146,0.6503801070647077
47ef036d29375b9b,0.7559978430759613
8808a12bef546809,0.5028476516098781
d3a20f2bcf2db8fe,0.6323724796811504
a451d8e451fac918,0.34615324320100027
9826735b01a08344,0.46385788918412
c4a29152e2eacc8a,0.21523724601437944
631690ed30cc1631,0.7095571858393248
d84d8a6e6ca5eec8,0.422627723507346
efbafec85fb00cc9,0.6653147272585184
24556c1044963c8b,0.7446785050015631
5dfe6e2137dc82e7,0.32599518990309473
b2400c3aa22283d6,0.41243268599562355
71602580e012f168,0.6430982103782432
cf01eb3e54442236,0.24445430212566424
1a07d25426f87edf,0.5693801500468897
13b3d3fe65bea413,0.43184634260706467
059edd840763fd81,0.7080366442638324
48288e044d74e7cd,0.6745734096592684
add068ffe0671cf6,0.36196469599874953
c99de47efecac792,0.677604192716474
11cef543afe62f88,0.4060511019068459
e512156389905eec,0.32975965536105034
138703e658867a2c,0.6340133088465145
454c3092e6edd433,0.24796861128477649
dd957118652b5ed5,0.6718003751172241
af01fa5eafb4602a,0.3651983354173179
7bffcfd2a9da1725,0.6781832682088151
24f3f1ab071df78b,0.2858587449202875
3ec7c9ebab0a4a2f,0.7198416301969366
3c1d10f4646f69fa,0.3257452328852766
9c5f959e1195fc54,0.31091574320100024
cda81aae0a16f97a,0.5434026375429821
2bf6c949fa0b6053,0.4923334362300719
546683ea9e5995f2,0.6050996913097844
c4563254d849a8c2,0.7122800367302282
e9e85a92d9ed5065,0.4564597139731165
fc9fd5a085f168e9,0.5394779345107846
54049d409156afd1,0.6691644146608315
e4c0d5c0b9045e4b,0.6057668646452016
058f290d4016fd11,0.37641868161925596
e14cd74f951c3910,0.3745596084713973
05018e18dc83e13e,0.8315132971241013
763ff25fb3a65368,0.4793390082838387
eb5cf6bf7c8b4e5a,0.6254626445764302
013351fb7667dab2,0.613163562832135
e08181f896cfb680,0.39494426383244763
e65d39ec9e3de422,0.586952997030322
9cf499aa7626f14a,0.5567689238824634
f203a5ba78b7389f,0.6084087019381057
8ea386546c0f8c96,0.7833381291028446
0391f48a6955106e,0.2760952328852766
d2f70a0377eebc5c,0.4013493904345108
b96e54496b6a6713,0.5644472647702408
1ecd7d7fc32cc874,0.5585318497968115
a91fae320445e22f,0.33652092450765864
7f7f8d9e95bc3227,0.6815096553610502
8ed9c9b27ed7229d,0.5493201625507971
19862b4c0d2f34b9,0.5053179665520475
e5b1c6b3822addb0,0.5782422319474836
191edcd8d76cb951,0.8026479837449203
6b08a1554cdf28c8,0.32145640043763674
706610ca333da138,0.4957871053454205
5cb5f8466022eb46,0.5737767271022195
acb3a526d9921b55,0.4147575101594248
947db252e781ab55,0.537075785401688
e94881433d15d819,0.3543969951547358
34439005f71e07fd,0.5909616911534855
989a2593307d72e3,0.6184812441387935
ec8f1d04cffddc96,0.5878065528290091
11dd5f5d722fb0e0,0.6009742497655518
d6738bf320835a10,0.4763401570803376
025b09a306181a55,0.5443671537980619
e5e3f5fbf93a1918,0.5119037707095968
2d60731de40ca5ec,0.30677341747421066
96789dc76cce8bb4,0.6298202680525165
e04c2f21eb86c30b,0.31468140434510783
eb4f7827e27f3e50,0.7926901140981555
c72cafb3b0ed2058,0.24050558768365113
38e789ce64afac4f,0.644138097843076
961a36d1522e6ffe,0.4199515160987809
d915888ab3fe3241,0.640246494998437
6d047ff0d07fd1a2,0.38810263754298213
96212cff04501fdf,0.7383530908096279
6cb30ccf0384596a,0.7632911534854643
1878cf5a842e6727,0.6013332525789308
47adc8c9afbd6fad,0.31368615582994686
bcecb579dcba782a,0.4250908994998437
24fe0dc9ab19be83,0.3096997616442638
d56cbf99a17acafd,0.3793514496717725
5caed519a777c666,0.2592391567677399
de3dd7a6a4564414,0.600028227571116
3ddc28164f664050,0.43187331197249135
45693136342888df,0.2628796186308221
143c3caf6eb25742,0.5295009768677712
9295c919e27237a6,0.4930821389496718
0dc756a818dc5d9e,0.6333933729290403
67a0ca3f82ae78c6,0.3100272428884026
cbd51c3558265f5b,0.4384271569240387
b6df5050c31c7287,0.41785132072522657
73f20d006cfc47e6,0.4294323655829947
2de69b9443d4fc52,0.35215233276023755
1ea20c09b6c79a3d,0.4558241286339481
ea1427791f675329,0.5612677164738982
cd6c9a86e5c13535,0.6521456978743359
fe03f010fd99f729,0.6452037199124727
3cac934a5e569272,0.5832403680837761
1f9c8c5a31c38592,0.4275256798999688
325d3152d318ac6a,0.38214465457955615
c796149ae059bd36,0.6649199828071272
139b95acad0d8500,0.22081472335104718
ef8ca6e1ad6cbc40,0.6352302164738981
738b1f5edad8bc5e,0.2866054665520475
00b5753c64f3aa5e,0.6792358705845577
7509e02d19e2f87e,0.23237265942482022
a85aa8068fa925c9,0.6728159346670834
f8ff744430f73aa6,0.5743971397311659
4106129a02383134,0.4097184628008752
3be6495b6e47bbe8,0.59542928649578
d58d8cb98c5344c3,0.47855801031572365
72c32db073874592,0.37839468193185366
b33541a9535d3cb6,0.5594823499531103
f117d4aad78b524a,0.5242544193497969
5e48da846d46eabc,0.6448685683025945
b0b266000f2d6b03,0.7631126680212567
2aa63d23f11f3aa0,0.3292142544545171
7ca15ff99bdc719f,0.3951909659268521
286e550605b2d970,0.47803028680837756
140d123f8919309f,0.6691576039387308
5406d7c0119b8b77,0.5684840770553298
feb8f158efc528af,0.5681761019068459
20e9295f7f1b6809,0.40276524304470146
8c67df2b06a8af30,0.6648540715848703
0b5100f2d589252d,0.6614149070021882
a7dff4879e1f2c8f,0.711960976086277
6b9c17dec469153c,0.7123966356673961
b064e718f3825ae0,0.264563191622382
633aa423117b483a,0.3754105658018131
2bd2dc8cda610b2b,0.6002882775867459
16b4f1b4b30d7a5f,0.7435455064082526
7ce520db2bb5b181,0.7118753008752735
359fc18aad246386,0.47052943497968114
4040467f440a4681,0.47580638090028127
ba27a17c66a28567,0.5270218388558925
5e4bef63f0b3974c,0.6138194318537042
849863283a0793dc,0.6215532002188183
aa9c499ad44baf78,0.7003569279462332
a3fd494842016ae7,0.4982622968115036
5f079c78614b8a83,0.7348173804313849
7420f14669961a6a,0.660888050953423
0a083c164a874ea9,0.3400894459206002
396f04d4bed14a3c,0.5370097999374805
bda29126d66debaf,0.45504776883401066
8d5ece395c6a6b60,0.5919246170678338
9ea22d08386ce3ae,0.29600868240075023
1a277b47ca192cc3,0.44444716317599253
5534d1ac3ad47ca1,0.5493128086902157
164e32a2b96ed3eb,0.6564099093466708
cdea1d25f481df1c,0.3417641802125664
37e1f37cd163cc12,0.6984040872147547
4f896e74ddfe48f5,0.52296711081588
ec881c0b42489ba6,0.4530561034698344
6cbbc142e3b6532d,0.3723949593623007
af58eeb2cce1b1d8,0.2951540012503907
3792b407d3147240,0.36430890903407315
44abea18902dcc6f,0.3874565098468271
f174b76e8c589bc7,0.4679455454829634
d5cb1d76e26e865f,0.7156918060331354
c953fc1a52b6d2ae,0.6040007385120351
dd9860c103eaa486,0.2819186855267271
1a338e9358b4b71c,0.23573868005626755
28a055a15e2bee63,0.4946312089715536
d810129e88130889,0.527782154579556
20b2f55f0ebfeb9c,0.4305904306033135
2dbfb79bb9d5d576,0.6243626445764302
a4f168601004a705,0.52689686620819
7419f46f112678b9,0.5842010472022507
7d0ff708b6d6752f,0.6904517153798062
cbb85fa489a893cf,0.24385487652391363
c46a723fbfa594f7,0.565524679587371
2104390897549457,0.4949004884338856
75c276f7d0f29aa9,0.7582552750859644
01a679a23b212287,0.7235837722725851
6cc58651b88eadb4,0.40438976242575797
14cf1ac65f8ca02b,0.3311383479212254
2a5d42d92966192f,0.3787719521725539
2010478948b9aef8,0.5019065997186621
31542ae607bdb59f,0.5854875117224133
783c99f058bdb723,0.3962185057830573
8e49ec786a6d5abd,0.6651995154735854
d2b9a740ddba79a2,0.3486750820568928
47c1231311a7aaaf,0.4842186464520162
c7937d0c63ca6a92,0.602459549859331
64628bdb8224fe18,0.3944800836198812
49cbb2ff9274a4cd,0.3067485815879962
a4dbc0e728a780d5,0.6900573968427633
54a5b82f046318b5,0.7408598546420756
daa0b6896a1749ca,0.3633968115035949
4a251ebb1de72153,0.7567060292278835
edc7eab7534ce904,0.45737082291341047
0d31a18c31d12329,0.6966944552985308
ef643ea0ac629b95,0.4784361558299468
39049e24be5a4306,0.7187227024070022
f41fb0591a5b1902,0.3698151648952797
ef3add49907eb895,0.3626970381369178
3c80e6a34fb3e4ce,0.6989271608315097
681bbfb8c5372f79,0.6986876133166614
007f4be9a3f6e89f,0.271126242575805
25144a9b2bed9be3,0.5750391098780869
61233f40c0cdaa2b,0.4195081978743358
73a058838f6b7f2a,0.743464348233823
cbc20660739af678,0.8003292786808378
8fc723bf625337ee,0.6648414504532667
3ba49bd9e60f519a,0.2874575883088465
6a3b3033fdfe94b2,0.4874319943732416
c8ed653c9f871795,0.7072224406064396
2f6d48d7acb127aa,0.588035702563301
92ff64a44efeaa6d,0.4173951820881525
d7169f20999bc93f,0.7094817013129102
53604f2aaf701357,0.5499599523288528
a7001845bc2108a4,0.6102401062832135
e1c8d84bbb8add74,0.21762259690528288
0b6ec467b5610434,0.39805101594248204
8ac52d2ec127a096,0.396866376211316
b10baee15fb9d01e,0.7472177203813692
221ebe5d40d467ff,0.6627470928415129
4fe55b114acc6ade,0.4950882189746796
d8482a667d8a69cf,0.40490147311659896
53ade36e2a1b1e97,0.7189233744920288
23415b9cfe9e209c,0.5459239957799313
280c7808d94b9763,0.7028986245701782
de5885c6a7c6423d,0.8203835143794935
38de0e8716fdf6cc,0.6217984331040951
55bc25143589b254,0.6878189942169428
957e73c37d447545,0.30851400437636756
af84b2641d1c74b3,0.39854393560487655
e7be7f3fe2a831bb,0.2559331392622694
841f7e8235380174,0.7729952133479214
63d88f28c2a5df22,0.687705536886527
8dad4fd4df5c221c,0.6519992458580806
3572ebf75eb17942,0.5080009729603001
25a1a550572c1f93,0.26124276727102214
6ae06440fe74b44d,0.7967861988121286
b4bf088ea90582b9,0.43613513207252264
6b9449d16e81079b,0.3566069162238199
4ff7c9e8a089b94d,0.6786824437324163
aa5c5648b80a1a3a,0.5041209127852454
5dc1f3d49bbbe4c7,0.6171710886214442
99546cb325e5dc06,0.7511632580493904
220c843637482425,0.5720386800562675
6608fca5b64d440e,0.7342562206939668
f29988dc0a3c0243,0.566923339324789
51058b99b395787f,0.3944818068146295
ed1bbe11677f7bca,0.4872009651453579
9f9b85620fbc0cf4,0.4044192755548608
8aaeef3315304e45,0.413014344326352
5d92173cdb00c0c4,0.4464312363238512
acbcfbef3b1946c1,0.2475348429196624
73cb612fe6d23320,0.6466512191309784
4216594871a36761,0.30275786573929353
1c2bf4927779574e,0.7468160636136293
1498d0dff1fb5394,0.45537017036573935
53f47e8f08b91aad,0.46086469209127856
c4229a0ce07e83b9,0.3220312988433885
bf61a06ee47b2027,0.3539862808690215
8aef635fd1b3a740,0.3066857416380119
0f6a8a20e3587b09,0.3408547124101281
75d7914477c996b1,0.40990402469521725
7b1790935e6cb838,0.2282317442950922
d680549ede3f6dc9,0.2639223819943732
f3bf39cd2ab5bd9b,0.3685646022194436
0b0930b54070750a,0.34733841044076275
3d97f118d250279a,0.7465634924976555
e9de0ad29a82a54b,0.5720575140668959
9485f200c4e02805,0.5426737964989059
12d95850d018d3a3,0.4233519810878399
ddc866b96dfc3aa3,0.7140918919974992
45a33a8161cb4b46,0.38085557596123787
990eb9e1c61c80b9,0.4562164348233823
378b6aac03179007,0.3842274773366677
b6ce4df0bfb4d3c4,0.31734048140043764
a50653ff586cd76a,0.5365075883088465
65cd9ee07cfab83a,0.4599492263207252
d2bbc0c9f79df720,0.7475141411378555
82ce816296a1512d,0.30131486011253517
e502c517a223aa14,0.348387042825883
71d19ea693604e1d,0.37613951625507963
0d037e649d83d735,0.5855171928727727
6ba6991213384d83,0.6692001641137856
4cac0de9485495fc,0.7271900984682713
9a0be358e968c623,0.2694945998749609
f1ca34616439cd54,0.32388750390747106
e301cf1f2e4c3681,0.589173710534542
d614ef3ad50cc2bd,0.6195921186308221
c0b33846eed21da4,0.340981228508909
d4e499c8cbcbf2c7,0.6703699437324163
112d556866bfa77d,0.7204199398249452
3f5b776bac1c2a71,0.6279703383869959
97fe9a981d0717bf,0.53513404188809
ce3280649c6eb5c9,0.5801245271959987
7ae7079159ced82d,0.5089420951859956
f1eb50e28869a50f,0.288783533916849
52c8dc366cde6d2f,0.27069939434198187
ef14064579612c4d,0.6946221045639263
7897eec02201ca6e,0.44706669271647387
321d33ef853c8fb7,0.6868742693029072
96766da6bd7c3998,0.37685830337605497
fdccd120c1ead149,0.6421356165989373
288252f0e770ce50,0.6712894615504846
d4d977f5a3d8f01e,0.6845304626445765
62ea4677a492334c,0.6804536652078774
d1f182b83a420b6b,0.4146904853079087
0a8ea601fcc75d1c,0.6566077563301032
27930c385742439f,0.6665954517036573
13d12d929ca71339,0.7042081158174429
159b4f9fc1efcb55,0.20429156767739917
94ffb2f9a90b358c,0.5335397233510472
68615d70615e3b37,0.3233594599874961
d4a40bf8afd7e4b4,0.2951137425758049
e3dcfffec2d51e7e,0.2350249648327602
10366fd321e0ad43,0.4129947366364489
80e3f13b4e86e5f9,0.74811693107221
6272a9e176561590,0.671591094873398
14ead2f08e775ba6,0.616011812285089
08ecd3e0061305ed,0.5562233276023758
b91abfe0273da79d,0.7051803376055017
0c3efbd8c39177b8,0.7283166106595812
e9e21b290009d63a,0.42856024538918414
c188505410fa547d,0.580751156611441
768d9e0553a1399e,0.3004800992497655
a9370f34870acac0,0.7322176852141293
9f6dbe29c2020549,0.34782373397936855
6da7088fbbdbdec4,0.583183905126602
944a046635530efe,0.7578148640200062
55a97e1488c333a9,0.3552238121287903
bba6644aefeb263d,0.649370944045014
750f5d2c63709654,0.7735127500781493
b7f5c550aeab6fa4,0.5663117028758987
bf2efa05075a9f6e,0.41114107924351356
2987973344ab04ce,0.4001306189434198
a97d19edf8f608bd,0.43081195295404806
6138ff6754f14dc4,0.33915354798374486
87522437573af7c1,0.5707771920912785
57cc4278d6b67c5a,0.23104800718974677
8f29d789ebf40f9f,0.23624901922475772
15e17422c43ac280,0.3703992341356674
57faf77cf5f72f53,0.5454765708033761
febc8ada0a8d768d,0.3493275476711472
86ab68be69241db5,0.6708150242263207
5fcfe942606240bd,0.35092349953110347
31bf257f6a4a70d1,0.6493345733041577
a09897cadb789dba,0.2025094326351985
328299ca9da15ccb,0.3639196311347296
c95184d7971b2960,0.692234182557049
6ba9df085d34410d,0.7702040051578619
396ed8ae6d33d2bd,0.6421784307596125
b058bc3c8a9fe33f,0.7855155361050328
77b29cbb7ea1ac6b,0.7241874843701157
c8d191e05666d6f5,0.6508595264145046
c4d716a53ad99b70,0.6310794896842764
31d17f992245249a,0.2814740075023444
aa459cbd8c781f76,0.59171660675211
7ba0185e8220f22c,0.31419065332916535
eb077a940d0bbcbe,0.5741130861206627
9298c80a21191034,0.5466031103469834
037747626ac5db4a,0.30598322913410436
8ee7aa8b54022319,0.7775563183807439
a2b57b918f2661db,0.43032038527664895
e703b056b17c6038,0.3842244959362301
5d760ec696eac629,0.5272751602063144
68589cc32366dc9a,0.43171728274460763
83d1d02b456e13c0,0.6023354759299782
f5ea6585ff5edb0b,0.7380103079087215
32290819a9b6b754,0.4804229134104408
f0cddec42ddbe07d,0.26479510393873085
41d5134ef4aa43c6,0.48873403407314786
9a422d8246e3f97d,0.4978573382306971
341cbe1cbd51048e,0.325013836355111
3d2c0583f01cd72c,0.6502875859643638
870996e4835ca83f,0.3027574320100031
28b09161f3b17dab,0.5420137503907472
051b367d8fe91233,0.23031608315098462
9b8aba50b3ab95c1,0.7150967177242888
ff5577bdd79bcd6b,0.3100835378243201
92e4eb0a0d4c41e0,0.7011940723663644
575ace0896b22257,0.7980858705845577
a16f31da04bf60c4,0.43622766489527975
cbc13a2671d3578b,0.21484620584557673
876ba2c5e443fd41,0.6324681892778994
5d5689e87dee129a,0.7600026414504533
71a60a6dfa7e1760,0.6858132072522664
f2a38a0b81dc90e3,0.6273617263207253
ec97de286c2686f9,0.27840361441075334
b77b633a5106f906,0.4166563730853392
972df202456969d5,0.27980118396373865
5d7f4e9617d1e7a2,0.3031749257580494
196dc3655d9d1d79,0.3147524499843701
7b9da0adcf1bf365,0.23293569084088778
b9d78de840ab100c,0.31378274070021883
803868566ffdbdc1,0.3187619021569239
cc5f60c8c3c2b5e2,0.34804230228196315
88919e17cce1dcd0,0.3116739606126914
88bff82c05879a44,0.312385702563301
aa64759c290cdf84,0.49333172475773684
b224a7d8b6f39ab3,0.4707581236323852
ef11b15a28910cae,0.4201732611753673
7e08eb8d4482e7e0,0.6684516684901531
609b606891c6ff2c,0.35752580103157233
07ecd08d07bac830,0.43827620350109403
aea578dbbc154142,0.6603707525789309
9c702ee77f731a28,0.491294189590497
74a102877446027d,0.6629243591747421
dd13d150ff97f653,0.6852291497342919
36157f72f10981f7,0.48198805876836504
808639f0db0c51a9,0.4502726242575805
d809389ba1350646,0.536131877149109
353512ba78ee6085,0.24226012816505157
207ae6c9e8f4fabf,0.4434919662394498
333ed3894f0f2865,0.7066690684588933
c8e41f868f963ff6,0.6364625703344795
c0436a45e3cdfea0,0.2964337800875273
497bc4409ccbba90,0.6863820842450766
b29f7d1224fd0321,0.5725624921850578
7795ac2497824361,0.6943156025320412
28bd2f25cefc0467,0.36293556189434195
7a5268c2c0ad3fb2,0.5296956939668647
9335e306e6ef6c17,0.44765341512972806
380dbd85787bd38f,0.7133115973741795
4df3a358e7ec87b0,0.28162603547983744
b423d03461c67e1f,0.7694345498593311
8d6c8b00790579fe,0.3910770436073773
75302981ca660bf5,0.5592495740856518
34fae39e3b6350ef,0.4615518247889966
47ee9553918d83bb,0.6152281455142232
525eb09cf01d4422,0.49347518365114096
f285090a9d6de2ea,0.7167890121913099
9a015d0a0e9dca3f,0.4641094795248515
5b9ec24c9cacd921,0.4733908252578931
80f6887bba571ef8,0.5794984565489215
a0121be4cb97ee81,0.3666741520787746
98bbb1d875be50a8,0.6365190606439513
d13d14d73f638740,0.516750879180994
b2c1f66103087339,0.4052432947796186
ed544070c1558a6e,0.5022981283213503
6dd8a5af5647059e,0.6018971670834636
ec707e8be77e5bf3,0.4934901375429822
435ba973814b0e29,0.534546401219131
a003759cbad0ca72,0.37815515004688965
4c1f413aeaaeca8d,0.47619645201625505
febaa69039e2d424,0.6478696272272586
1a7702c55d1c3c6c,0.6509781572366364
747b48174e7e8cc5,0.31103816427008435
e73a38787bc7abf6,0.5544153719912472
591163e5c881643c,0.6403293451078461
95f08a028b009350,0.3744675640825258
74cf8eff69e3ee73,0.2848128555798687
44639b509c809540,0.5778988590184433
abcf4a1f567f5b1e,0.5618422905595498
987d6ffc23a79a57,0.6445380157861831
e7aea6a6f0d83afb,0.6213958854329478
d9d2d9b2890a7999,0.36858263519849954
deeaee8dc56ee2e3,0.4625781924038762
ed44fe0714d05825,0.6503517114723351
68d0096d6964bebf,0.4006117849327915
8d52d8ee49e4e8ec,0.6719096905282901
b877123e88a6a266,0.6549406494216943
8aae92b438c0c262,0.24135443107221005
40864f11272e903b,0.40437711394185677
7583bd973a7787bf,0.7828123085339168
209764663e3680ab,0.5442734565489216
1802828e130f444f,0.7284167239762425
c7226e4c37f1c216,0.6621288840262582
cd0110875b4d057e,0.5169969052829009
b66e634d66bc8033,0.255411487964989
644bd7580a1fab58,0.4857668099406064
ceed54b1129eb356,0.4962188965301657
4a02d907bb4803fd,0.304630165676774
d09af6dce02bcd02,0.3005175054704595
c81869bf2ef1408e,0.634604841356674
455bd62f0c9a8b18,0.7043166966239449
8c648fe7475ba2a1,0.7603122460143794
e7c1606cda3f50ca,0.37673896530165674
386a0c809777aa8b,0.47684944904657706
882d6e6250d5d648,0.5118501641137855
e73fd396a2d7e661,0.41616771647389805
e1293605384c5923,0.19423639809315413
d8e5a75d55957e5b,0.7413067169427946
75e6395a1cc7d878,0.5576133205689279
ecc995a8d29cc898,0.6592640395436075
ba27e43ae6b021c3,0.3996184237261644
075b11725eefed48,0.6835480228196312
16e06a6abad58f9f,0.48241663801187873
039a18d8a9005443,0.7805326195686152
166eabcb1845baea,0.39547292904032505
150f221c402f471f,0.688080349327915
2af5183224226208,0.5489737613316661
30a31bbf87301908,0.3316423179118474
95c87aa909d557a9,0.24771934588934041
d70eb57711fa415b,0.7068515551734917
9464555817eb4951,0.7232443927789934
8d4e5d5935a1a663,0.29863564004376364
289e3f76cc551091,0.46485218818380747
8646ded190e78433,0.41635071115973743
f2e3c326fd923449,0.39573608549546735
83f8985c38ecf25c,0.4119965653329165
8b698836d194ab64,0.4271152430447015
74a48ddff930321f,0.38252636761487957
79a5efbbc2b4f8ec,0.3777313418255705
6e88ede348b8871c,0.5684394302907159
d98b06d0f7e1b8d0,0.41802638715223506
dc56b06363e3abc1,0.4751964637386683
b5355653b987b958,0.3202029149734292
e5bc532f235bc0d5,0.34729029774929665
153cb69740320d37,0.3524762269459206
30ad5d4441533a6c,0.6005526453579243
05ba774a4ce6ab73,0.7500140747108471
ba467da19b1f2810,0.2758652156924038
9ad04a6b621bfaf3,0.6717321819318538
f605e43b08e76847,0.7119701273835575
fe2d494aa36b099a,0.380130673648015
1e5a8f5e21430d42,0.5630686972491403
9b28fcb2ee487967,0.7681989137230385
2f1c0ef6d36a75c4,0.42514975382932163
37fc5525bb7de5e9,0.31895882697718037
d6538f0dbb2a123b,0.6270513715223507
7dde59a4542325aa,0.4079614293529228
20c617dcbd71f357,0.43424277899343544
77f00b5e8f833d41,0.7783278954360737
869a14428379a740,0.4765300875273523
5fe5544f8e236559,0.6169343115035948
2d3681cba05bb562,0.738129427164739
499be0abf97d1597,0.4730851398874648
5b423761773c3a6b,0.7588044154423257
57cfb14bc788cf66,0.7104052125664271
bf8ee8443882eb4a,0.6554547241325412
400e3c9ccfed951c,0.3679565645514223
95c34bd334691146,0.698938465145358
441b99f616030e70,0.4284785557986871
d6449401e78d3385,0.45507104563926226
ee04b5380c7d4f07,0.7006431228508909
47350f4648bd6090,0.2495007658643326
3d184c420016986f,0.4018027000625195
2525af5583075cac,0.6318989918724601
37055ef29f0a3dd1,0.49875606830259456
741ca2e53f728930,0.8056710300093779
c2060532831835cd,0.6623815879962488
bdf51afd82ed739b,0.5826927047514848
87516eb4863191a1,0.6757210847139732
034a25e098498861,0.25799673335417317
2beaa963f217969a,0.7690542747733666
6b03ea3eb3783933,0.33702154970303216
99cd56ca4ca12f1f,0.39195265708033755
42288d86bd56d80a,0.4355990661144108
a5497f531ca73858,0.3303806111284776
6b8797ea062ce398,0.41201075726789627
1514a9ebdc630056,0.5679948460456392
6a47264adc77dad4,0.3971127461706784
4cbd1cfe1be11280,0.7727970420443888
555f489d111c7db7,0.4247476164426383
d3d1d52e817c754c,0.2020703032197561
80c2b83979b319eb,0.34299207564864015
b601ede8f1d5ecc9,0.2273232572678962
ac4e394f11848f01,0.6453084127852453
a5d564228af285dc,0.44210495858080645
872eaff0cae2acee,0.36387690293841823
ca524fe71b6054b7,0.48420620897155364
092fdb93d96ab75e,0.29552318302594555
b1224feb365fa8bf,0.3935669349796811
b5883c6e74b0ff0b,0.25546038605814314
7aade43a31d09f8a,0.41663439356048765
585ac3a63ccab1a8,0.32014553766802123
e4933222bb492af7,0.5395703774617068
d4fff28089f09f7a,0.6278101711472335
1faffaa35ce84d77,0.573082979055955
27afb6fd6aac442b,0.23209956627070955
847a053fb85c500b,0.4057296928727727
9ad6971bd0ebf223,0.3955344834323226
a14e1a04f336c6c8,0.31323483510472017
50698da7b2db2350,0.4943293021256643
15655e2cf84c9cb7,0.6190077602375743
ef796da1e5967ff4,0.7482933025945608
9331c7e2dd294fef,0.5500494724914036
b7796a59af546a3e,0.42828404188809
d9279cd811aae7c0,0.4546803844951547
df81c08c47af6c59,0.7203354837449203
1b9dcbf8b65b1a52,0.6207892661769303
dd377f760a65ba2e,0.7037860776805251
995b4a4b97e53e5d,0.5620344326351985
13b533f79e5a5caf,0.6812892231947483
d4c903b8efe43c13,0.7795380431384809
4fb9e1bf5a2f571f,0.6556147975929978
ed595c03e7747694,0.37342824710847133
73e9645c3d48fbb5,0.2528538527664895
a4b5405b00736981,0.7473384846827134
2a653776755ba7b8,0.28012247186620814
158fa97bf999e010,0.4561353469834324
a95d0a261a3bb142,0.5695791770865896
ea46e88a59d4fe5f,0.3099657822757112
6496d7761a0c6190,0.34978699984370115
6f4ba984b6dc3289,0.5331886370740856
5afad3e6c2fda712,0.4407592802438262
02effb9a084a466f,0.49661017896217563
f43a5e53fd455d87,0.7859229915598624
49bcb75b2ef9551f,0.254318497968115
b21c8167caedde33,0.22997216708346355
15d2bbcb8c316442,0.38139561190997173
523bc8b194fc69ce,0.35842795404814
d7b8e5c99743aab4,0.47236946702094396
3ad43bd42075bb8b,0.7057686151922475
812b9840da2dccbb,0.708973479993748
e70b5a521c308e83,0.6606084440450141
3c45ba8ca9f6f412,0.2884522272585182
7f616f8d83b3eb18,0.45137413254141917
26c592e1845bb489,0.4402337136605189
68d37c0a802b47e7,0.6489256720850265
d8934f60893849d4,0.4538317716473898
2a3dc482e2f9765b,0.4476379806189434
016da23592d81da0,0.35196697014692085
4fdfd4d0c0f506a0,0.6961442013129102
729fc49d981fa3bd,0.4808041301969365
15deccf643c21df1,0.5040002813379181
7daf2f242a027468,0.3293352766489528
d51a0a86350f7add,0.29395750234448265
52fa3a33f632aec0,0.5946619060643952
bb4d95ad5da1ac87,0.46252943107220995
cd23dbd0e165834e,0.29225885432947796
ba39191a07cf9e7f,0.49520391137855585
9ba5cac296310d3a,0.7873953344795248
d322c51efb437d17,0.30074963660518905
3af739b2f776287d,0.654649863238512
85804c2e9c6d680a,0.2935807400750234
cb0cd20b25649838,0.3667506603626133
12c942ad8a277403,0.5108145162550797
289e502cd91b1547,0.5966955532979057
31c382a7004fe972,0.43519133322913417
d169a1c279a46015,0.7391589598311973
f9b4abfb6291393e,0.5742827641450453
6717d92d92048fbb,0.4212034893716786
469f41c8da1eeb41,0.5600580298530791
769314bb014d1235,0.6562326391059705
ff2e280d521989fe,0.3519105071897468
1d52653d4f3c35fc,0.29494758518286956
4c0ebdf6c9dd9fb9,0.3972175992497655
8e182e2e4650cebd,0.675890360268834
f55714d17852a183,0.331925461081588
f2e291daed34f717,0.5854008635511098
2fedf01adbad6180,0.2859668763676149
7079029a20553569,0.5380643834010629
7214daf28cec2f25,0.4041807557049078
3037ee52ce757f35,0.2600257189746796
301594a1fbd58308,0.4551435995623633
971dbbb99046d9fb,0.6968718115035949
c7647059905f4dd4,0.3399028563613629
796f7cb75fc0eb55,0.6803072444513911
bcf00da3386bb946,0.7448890356361362
9fde66ee9b59f95d,0.26716854095029696
752d3e65ebd63369,0.3266231400437637
1a6bbae0cb804476,0.44404041106595815
03cac4272e7b8e63,0.7040297632072523
055fecf2717f29a3,0.6202271608315097
a2aa85d0e1bc4e6b,0.4824508713660519
ef9db57cac44e529,0.5066375234448266
8c91442db55d9d64,0.5620512386683337
7cfa3fef2d1a1dfe,0.2834465731478587
56ede8d9842e0590,0.2521779071584871
fc74e63ad196960c,0.6604652000625195
342867ccf7337815,0.35193637464832755
866f7ea3c4be20e6,0.5399462683651142
f45494a74c712731,0.5884664895279775
414228464c8b74af,0.644264992966552
e4a3f7a35452e28c,0.4672957643013441
c1eccbf012d9a361,0.38232468740231323
a715e394b41f3a16,0.34171497342919654
26a24b8218ee00b6,0.743714578774617
db4b58e70acde06b,0.35987146373866835
deaf015c1e137149,0.31707982963426073
9d4fbfbf523a0472,0.7969434706158174
ff7e2911a22e8008,0.6926762347608628
30449ce55b14d344,0.22212287042825882
b930073e02948360,0.5631586081587996
9326674b4c828c15,0.5727760472022507
a9b474db35164846,0.6284303766802126
9183d88dcf308c8d,0.33861053844951544
47c8c6f64cdc0a43,0.46619797592997814
2ee4722095033329,0.5268113316661456
cb8a02ecca44027a,0.3036912785245389
1925e9dc63237314,0.5900393208815254
dd36f08b99fcfa16,0.6906508010315724
9bbd43f6f760c243,0.6395760706470771
a766359aef66a25f,0.546099167708659
4d10a4698fff400a,0.5842938535479838
44a6285639d7fcc7,0.6022948577680525
a64ce0de598f4714,0.6208833268208814
8c887a6a554fcff6,0.2939775085964364
ef3f3402f7530e37,0.20737346827133477
e9cf43bab751f410,0.22170270787746169
1245634a78a3136a,0.33263169349796806
7c5ed75e73c20133,0.34178627305407944
ff7628423503cb61,0.26311925601750547
55df3baf4cb22442,0.28188011878712094
20497b1ff5df51bd,0.6618323186933417
fe1c1e2e166d6943,0.4803463269771804
0a6a2ebc3b004ba8,0.4507684745232885
ba16bc573e1d9a6e,0.5842316505157862
41ae92fc5f37cdc1,0.37168040793998125
ae05071f58d92774,0.41538288918412003
a8d4083bb2383da5,0.7348432791497344
92cf17c3d59c9b61,0.20218920365739287
f591caedceef4268,0.35191983432322593
e3d006785a8a409d,0.563287132697718
dcbc913499301796,0.26337174898405746
b630e1af9fc1f3b9,0.7122267036573929
7d6a1e459131bf25,0.7708873476086278
5f891649affd8c18,0.454459549859331
7dc102adb7ad6667,0.5164274968740232
1b8c16064d0dc4d7,0.4656235933104095
8e5286a9c7d73ad0,0.4005019654579556
147e554cda420ba2,0.3735758244763988
18517e2df9cc10ea,0.4889633205689279
54ca2e9aaea55320,0.7619331001875587
a923278148853286,0.6403680251641138
cfb35f11977c3be6,0.4866348077524225
aef8a4667274a47a,0.28647474601437944
2c51172cc4d5eba0,0.4111597921225383
494446d84318c9ee,0.4769170014066896
aa652d97612fe50e,0.23726943185370425
baecb9e5cd4b2907,0.7249188418255705
c29488c64d211da8,0.36958758987183493
28746b4c4b26d721,0.2899273327602375
8a45d03fa3989bff,0.3691417864957799
462b3e544fe612a2,0.5861128516723977
359614f152fbbc2d,0.4288191075336042
5e953db789137f0e,0.6180972921225383
2a99aaa9555b3dab,0.5956131408252578
aa37a77bc447fc0a,0.7857516567677398
8c0d7f3ade155e48,0.27011947092841515
45b05dd1071039ab,0.8320055290715849
7e037c271c23576a,0.34249916770865896
9adb38d0576dec06,0.5539299077836823
532c84dea557da7a,0.5853122108471397
6c302b9662d3b5c1,0.3791147428884026
666231af023e8fd6,0.3436605384495154
9c06ef2fdb037a79,0.539315821350422
65230a28464587f9,0.41800633010315724
b3ea4baf43182919,0.5402872968115036
c1f297271ef8cab3,0.3483836355110972
7c58e1fb77913d4c,0.6871550367302282
00ece1c11b40f8ce,0.2140919115348546
a820b5633583bac7,0.6863482221006565
b4e9165d8e2aebad,0.3480288918412004
85f20d358a8d6ce8,0.5524573304157548
148fdf734e431091,0.3780972686777117
67708062cc529759,0.5775307049077836
d764e50c36756862,0.7403042904032511
dc093657cc4bfbc2,0.4942148288527665
08c0597e111a2388,0.5189093935604876
58fc68c0720d8cbe,0.4843455454829634
387b7309eb20b505,0.5802260706470772
cca31a05a820ea88,0.6656340614254455
be7e5b7b5839a348,0.5968361167552361
ef7aa159ba83917c,0.6097639262269459
3dbaccedf2355696,0.39593592528915283
3774263bf5c9a393,0.43170645514223194
e830f76f4667709e,0.5190223976242576
c96965b10fe9e8ba,0.3360984370115661
aea0b2d75bb410f5,0.5503320373554235
892d778bace3f693,0.5217880470459518
f46440975132762e,0.7332678844951547
6084fc419fc10f1d,0.7191244568615194
c6fb1852daad742d,0.34261216786495774
2bd09ffffa247f82,0.2840241911534855
5ded576ceda86075,0.4879584674898405
c066afacb3fe3a52,0.5845553923100968
21e99c194e94917b,0.1965382580493904
7f4eef61767e4c67,0.24287397624257578
dd19efa057bdb4b9,0.3131688379180994
2b309ca794e9b11f,0.7321861089402938
8428fd508cf86cb1,0.5575374843701156
bd059d7efcd14494,0.7190805134417007
7fcd9aa10e5ab5aa,0.4042587839949983
9398c438c5fe8b90,0.33853205689277893
7401e49aee3edc69,0.5685643130665834
0520f17da71602b5,0.4395331470772116
efeb31befebbeedb,0.3412014262269459
df3fd48fd3b3331d,0.5468303336980307
14e14e2218536077,0.5683816544232572
1f92d25274d4f038,0.42937260081275397
7170ea34f6161e69,0.5468685057830572
04b0152464b775d6,0.48876391450453266
7653ee403f88ff26,0.5076088894967178
ee84092d5d680f67,0.740188140825258
c41b6329fa5e7012,0.2551734565489215
1514f652f00c3b36,0.2854626992810253
0c6d11c69bcc6f46,0.5057281103469834
382f75d2edb9f457,0.7285156572366365
ab482dbf08ad90d2,0.5041246248827759
5ecd94cb7901e72e,0.2622640551734917
176da975d008461e,0.6405910597061582
882d984b9b9d8fb6,0.42698708971553606
efecedca199bc74e,0.5918241051891215
5f185fd802f0c00c,0.4998225500156298
b7be75c69ddcfdc9,0.19119889027821194
4da0a9696b2e9612,0.4269996756799
755bd669f9bccb8e,0.41866009690528294
dc744a1038657389,0.5046757424195061
f5565f23a877bd69,0.6177015747108471
45485cf629983a40,0.7379181853704282
9d8248668d721756,0.5785963386995935
7e637102a104b616,0.2180109174742107
b9095cbbb40751d4,0.7049559159112222
b6f5bc351054c7df,0.5161370584557674
d08fe94fcb0dabad,0.2989049585808065
edb4aa5de0832a92,0.4668349835886214
b142c9c1185e5f66,0.4611142231947484
1473309b954d71f3,0.674475367302282
b604a5e504b627c0,0.8005182596123788
d5d6a72d9d2c827c,0.2280442403876211
aac5a801e8926a83,0.45671355501719285
45b600cd20830ac1,0.7182588699593622
8b6f8e193f28c495,0.4470276453579243
9cbdc55a60ad3994,0.36685830337605496
59cc8f62d55aab98,0.26612206158174423
42f81ab5abcba09f,0.4841884846827133
758524a5d6a74122,0.6199907588308846
0acada29c4de07eb,0.4630558612066271
6bf56d0ceb2c1ab7,0.3486754376367615
03b29070bb68828a,0.2895341591122225
2f553bd8ba413efa,0.23000343466708342
c3ea0fbb29a15317,0.49545819396686464
797edeb1c8a9c95a,0.4308265043763676
beb71749be71fd3b,0.5559674429509222
c660714dc6059849,0.40746868943419823
549961b37bef9764,0.23845239918724603
dfac78eae9821675,0.29636550484526414
588c204b822eb2c2,0.6188015512660208
e96e43deab9b69f6,0.6689653837136605
9c9a726ae65647b0,0.29188955532979055
58f635ddafc61c78,0.76057038918412
d40624f11c720afd,0.7410961355110972
73575ac328053efd,0.48013251797436696
809a4127b076294c,0.7303887894654579
d476e643d990be24,0.338226707564864
4d04534027759be4,0.4439842802438262
72c2c7664c8294e1,0.6568877149109097
d3bea4fa475618cf,0.6328570490778369
7af7100957117fae,0.45599561190997184
bfeae03c16252052,0.33913642935292276
dab19b0b61104952,0.6934382072522663
8b72f86a4e6a970d,0.6269196350422006
c775b6de816c5092,0.649128645670522
0de6dca19e114646,0.41511123397936855
0ee2b0fc31b7cbb6,0.29088603469834323
3363b132efc51b9f,0.7618964363863707
ee924a0428a40a76,0.24398569474835885
ac3726dc72e71ad0,0.4570152430447015
374584473bf4cec4,0.5069167943107221
e6b8e496d903523d,0.5653886175367302
8fe009970d6cbeca,0.4740773952797749
b03e574c8770e9d1,0.3520027899343544
27905f95e6931f22,0.49875074632697713
8099a0f72ee1a1b1,0.42048090028133783
5fbbd8a6f4ba3669,0.2725557049077837
24033a02989369f5,0.6655143638637073
223faad452bc6598,0.6529329712410128
c5c13adedfefc67d,0.5420963777743044
ec24ebbbc53f73ce,0.22093922710221944
3a3e4d31cbad45e5,0.3753795561112847
79763f9ebecaea1d,0.5644582486714599
46806e41926c192e,0.6398543998124414
a5cfdf6746ec5cbf,0.6432997889965615
0ddbe3ef0aed551c,0.3352813613629259
b641fe7061b46442,0.23325331744295089
be98835c447eea49,0.7551148562050641
98aa4160c7876f0e,0.772293822288215
0753638b45dfacf0,0.6832026844326352
e938301ba66e78e1,0.4996334518599562
64b695db5b68b91c,0.46402010393873083
2797a5b06b8c68ee,0.5279827719599874
aee53ec38b7eb6f0,0.624057517974367
d59b57f46a383c1f,0.5116291731791185
8c3a505dd927009e,0.43514721788058763
436e01defb530baa,0.32517056502031877
2f54c0acfcbfd646,0.6429541341044076
20f15dad96dc92a0,0.39583191622381986
8a16a230e343a296,0.4983123124413879
fc511072e8631203,0.5912760159424819
5d976c71ca9049f3,0.5415347530478275
b207e579713d5841,0.7526999062206938
ac03eddc2e2fd2ca,0.5068500390747108
6b1e6ff0118fe59b,0.7168190254767115
2cc92c1f6bdd93d0,0.5808813848077523
f651266acfce6c0d,0.4416377500781494
c3b49d19c43acd64,0.2636140356361363
05a27ebb8a82cea7,0.8215953344795248
f32c511446a68874,0.2843799077836824
108d6b400d52aa73,0.6266665051578617
7e3cd0895bbfcd9e,0.5732941583307284
2245ed07ee31662f,0.5576599406064395
c81aede118be0e5a,0.44031491090965935
d664a113973613cf,0.49179363472960297
2899dbe3769e8b1c,0.5010796069084089
164d8c33239c5511,0.5506029579556111
e753bb93c30cfba0,0.7061292044388872
4493eab669361ba7,0.427468451078462
4e55ed26dc79c3e0,0.4477645904970303
1d2f7db4504f10b9,0.3465329477961863
9749ddc8b2a3a385,0.2711510315723664
9aab93db4ffdba7e,0.7644331236323851
88558205521546f1,0.4579395670522038
02a8e05f667b2fa4,0.36204345889340417
f95b0bb67413dff1,0.5214197131916223
b821f8fa7a26d286,0.25081707174116913
bed1456aa64d60fb,0.641232521881838
685b1294dc5f8cbe,0.7096705337605502
79a0510c936f5eb5,0.7023213386995936
07f28f119366b484,0.33367114723351043
949af0edccb8d159,0.6388654618630822
9965f63ba2d41ed4,0.3013915989371678
f635cdb577ae5471,0.6938616755236011
6419d144df4c87de,0.5689166653641763
bc7f2dd2340df372,0.350632795404814
cd35e912794bda2e,0.3720806033135355
abf3b6dbce73db98,0.4729853000937793
4eeba8a4c17e4351,0.5254507971241014
f612b9af4ce98bda,0.6908969130978431
d8120911733689b5,0.4976712097530478
723bd2532e39f731,0.445996862300719
3889ee7a1f5fd62a,0.5455437988433885
66ffb196fbbb4006,0.3684332252266333
53a1c51ae93d0e81,0.5413863355736167
0a4f5ec5f9339110,0.38914932791497336
34416b6b8b600a61,0.3553747342919662
1e0b561b5df0447d,0.6096780908096281
43e848bf56ec0bb2,0.5103267935292279
1ace2be427eaf92b,0.2779822288215067
e24ea459233ec078,0.7795807400750234
e019c487befa7761,0.21813828540168803
7734ddeb14b3d277,0.3699824046577055
1961aba76570acf7,0.4816360073460456
276265c86a0e2a26,0.3373224718662081
4fc5594c301766d5,0.626109964051266
bfd20f3d76573073,0.5690439004376366
8526753e065f5b50,0.7669405595498594
5c03ad68783d0d61,0.2943191153485464
9c83e80d019e0f5c,0.5144100812753984
4e6019e87ab5ac6c,0.6179935135979993
dbf6023ccc73b0e7,0.3517332799312285
fb35b29ad551c9c9,0.30772589481087836
3ab9a4e335cdfda6,0.48381294935917474
86fa9d51e632ae1d,0.5302380626758362
ab30ffa9ef0220dd,0.7728039778055643
ebfe496544b5a6af,0.6257793294779619
4cb026b93d1e4edd,0.3628998397936855
426a41478cfcfc22,0.3589662785245389
3e16e5f885a5764e,0.448682979055955
dab52f137b1ba008,0.6590059706158174
a7e545c29eee2bf1,0.39291958424507656
6a50159c50f7f9d0,0.26626598546420754
ded3c69308607da3,0.7016592880587684
921388faeaacbc80,0.7746728782432011
8c90e1ab4a546bcd,0.3763797202250704
31b1827fce88917c,0.27859252891528596
d97cfaa40be224a1,0.24346255861206625
b4dae0ea6d15a25f,0.4234492185057831
ffb033e54895ee3d,0.6973638129102845
2b625e5d9c22b0cc,0.37740123476086274
87605745817d0ffd,0.290133952016255
9717417666a66daa,0.4799486402000625
3267d4ecd26e96f1,0.28134917161613004
3399800c4f113d8d,0.7096264965614254
f457366f48f27702,0.3233687011566114
5a6c4f9b661a0ab2,0.6749986753673023
76628bf9d8b6b0e6,0.797022092841513
997a5333179da7c1,0.3290067013129102
044dbb2023ecc53f,0.7156649538918411
737497734f709843,0.6809406767739918
fc7d05c3ca74b0fe,0.4120750078149422
f5b74bbaa8085255,0.37898425289152865
c1d1e5c41f539d03,0.6375593505783056
86f9c72ffb536f2d,0.7772900984682715
95b9d46eff640109,0.4208405751797436
3aff516939a3de92,0.3993293060331353
23c1d6b14d960725,0.22869998827758675
0b0950c974175a86,0.4134562206939668
e94d8ce0ed816caf,0.40506396920912785
037bc4751346a482,0.6801758518286964
d43c5617c5e69df5,0.7485595772116285
82c6f27cdcf850e2,0.7432213855892467
7652727437cf5e6b,0.3196417513285402
86f089e7c7ae0d75,0.7390094560800251
b9d7751ccd00d9c9,0.7085037277274149
0a079836e9e1ac2f,0.4875061308221319
90461cd0e33baa56,0.638055353235386
825b16c4984f4382,0.6237777117849328
9054cbcd60dd433c,0.4202551266020631
770e4ea8a1273a1c,0.640707752422632
518ad8ed2ff052f7,0.45168185761175367
f12c4df4f05fb6c3,0.40474455298530787
95a9d1c987aae5f2,0.6619411573929354
1d60b64e1441c91d,0.4813982728977805
84ed70c1cda568a6,0.49245228977805566
3d6e8f3a5d06c7a4,0.4246450453266646
eb1779538632b044,0.3409493161925602
bcf84068bc4b5615,0.4519995271959987
3dceaab87e5bd6cb,0.6169900672085027
c86b418e43874d34,0.4932277586745858
95397751cf365c4c,0.5263506994373242
e80b64dbd916f780,0.47537467177242887
d2a231ba481924eb,0.5542345928415129
e86aab1a495bc94e,0.32446191387933726
4c088c5147f6cc2a,0.5473812832135042
746c9771aa5c751d,0.4094020475148484
90005adf46be6af1,0.2760169232572678
78338f5a63e742f5,0.6337517192872772
9c3f2d29681d0d34,0.6925869295092216
f93fd851b68279a6,0.6910775085964362
afed2c838b247303,0.6999275515786183
995d752a3bf1fbb2,0.5612613668333853
33609320e5c7578f,0.28434166145670514
1ecda15121ffa27d,0.3345380275085964
47b2accb2f516cd3,0.6932670795561113
5571f2482997d163,0.670102082682088
32897e94a9feeb0f,0.7315900789309159
3d5fedc7f245d35f,0.43284296264457645
1b4707947519036f,0.5745418412003751
3cee4d33cd4686de,0.5392940645514224
155f6d74191258a2,0.555528645670522
3ae6a0b3d379dce4,0.43504433807439824
dab9de12664f7b0b,0.42890304001250384
cc73e04980d2167e,0.4623997616442638
be7f0f5d2c65bf06,0.5874934667083463
dea114b428048ebf,0.27189035245389176
deece306851a2a78,0.5088391528602688
d1ce358b8f732eb4,0.38079698733979367
e025d916d395fc1e,0.561476938105658
f50d9be3d733fdc9,0.34849613551109726
a6c0d8fd193f76fe,0.4328552594560801
569e045332c790a0,0.586531869334167
977114ec6d208ff4,0.2668833111909972
17faede0e698eb93,0.3771174859331041
0610c3287750d822,0.550819513910597
58e6e26dd56a60a1,0.21610123085339167
bc263b5b32d9ae07,0.3797906963113473
8894323cc5f185da,0.2879390004688965
e8229221a1595393,0.31054316974054397
63c589b1e27997d2,0.6688314238824633
fe21e0f0344dfca8,0.6054561464520163
7e0194535136acfe,0.320323429196624
cc859709caaa52f9,0.26176011644263825
56e7153dc35c0573,0.33328489371678643
c76e1ab42940cee5,0.49749581900593925
2ed46ca4b8d10516,0.45515203579243513
ae2f86a0a6c3b696,0.5593012386683338
a05d11d463a21a32,0.3268228157236636
89e7dc0647f4db8e,0.5262898757424195
80934ce845013628,0.4932348468271335
f66422247e89d830,0.5895220342294467
b0a301739cfa2228,0.33000993279149726
42b93c5a8b628ba5,0.3274962175679899
f74f1673a45ce9b3,0.5962385237574241
2b76aa4b82e23768,0.4451563613629259
0d6190a27ee0d6ad,0.5668166301969365
7492fbffda1eb950,0.407807381212879
35355c2d5692cdbb,0.6453034268521413
de976dafed9c0fc3,0.6902340340731479
e2601be919261723,0.21299458033760543
f56a91dde5defb60,0.33025357924351356
1a9c207021895aad,0.7044450257893092
86ec8e715d2efa2f,0.5096712722725851
7762b73652848f92,0.6175632463269771
ccd34b74bb18d71e,0.6702247421069085
eb6c259855aee52d,0.6195102141294154
7bfe956eabaf5f10,0.4711095850265708
38c6063d22fa4f9e,0.6985658994998438
46b7352aa3c8a1ba,0.4687793919974993
049fa3f6cc3a62a7,0.7053347921225384
5f77b44deef47d28,0.3258838035323538
27462f3d6cf43575,0.4696568693341669
ca854373b937b419,0.7077412160050015
1f6eb5f2da254111,0.5914775164113786
9262bb44aa7937b7,0.4450963308846514
d81678051b65ebc4,0.5279161769302907
0edc1ad07f4aa86e,0.7225162589871836
a8e836b90034f123,0.28380457564864026
c729d0e49b2411cc,0.7001222569552985
db925a43365c86f3,0.5139822835261019
1cda28c15e8e4170,0.5824278290090654
ef5a97a20c5118bb,0.6909807674273211
4b990b98ec734989,0.7090975734604564
a96f328dda3bc98f,0.5305018755861206
b467b21cee5c9a57,0.3734852727414817
8c1694e84b06dad7,0.39562889965614256
7b038881fb7ec965,0.6117104681150359
60e46ceca8ca6531,0.4412705532979056
be2e51dc6bf61727,0.6660643834010629
f1063bee63d2cbd4,0.39398963738668324
1a3d53e660017625,0.3719994529540481
6db1dc15ad1e28e3,0.6611682635198499
34f0bfc533c2a23c,0.50575050406377
76e738496305310c,0.35019767114723344
a76e95f0a09b03d4,0.18974364645201625
6a0d13d3e413c0e5,0.3501207017818067
e002702b095c4d9b,0.5143296186308222
435eb85f778a69f5,0.22418534698343232
5584a339491f1a03,0.72014128243201
9a06cac14b623965,0.5527252227258518
b199a982f9480beb,0.768488605814317
e32add368c6de44a,0.3498859721788059
34824decbc66688c,0.39043211550484525
070711d7fd9b7ea3,0.5615256408252579
a1656b509ebf749c,0.7604614332603938
ee96df140d42129a,0.7231892231947483
09fb51e0fded24ab,0.4396455650203188
77e04872ab10bf20,0.637446444201313
6b34ce0940c8c237,0.6828478899656144
8b94f16483f351e9,0.56944326351985
a7d4f13860590306,0.22622876680212564
66537bdf81c41f46,0.7497441114410753
3014fd36c07b8950,0.5617409307596124
789380ce86c031af,0.7175558221319163
dbaee9defc780591,0.5389298921537982
bad0375f198257db,0.29907959909346665
a7b766569c6f66fe,0.40814257189746794
efd3fc92b86b90cb,0.5456497772741482
3ca6e7825d948c12,0.5257444279462332
5c73fed8f1d584c0,0.45844254845264143
cb7f45c4ee30e84d,0.5933849484213816
aac70ac68209f1cb,0.6090193107221007
fb253a15132c7c36,0.5006279306033136
4f1ad3d1864799f9,0.7241943224445139
06cc890b7c3abdd8,0.34945994451391055
48f5b50b05af6685,0.3154361636448889
8abc163b25fe8f16,0.29054206783369807
5220ee550d303425,0.6031286652078776
8f7e85307eb35706,0.4933682361675524
dec525eaa4588cc8,0.6187992966552047
8a7aa7c3acead22b,0.5814200765864332
0618f0627df67711,0.6104110112535168
5d9929a965640bc0,0.504329751484839
b45f8124eea44b5f,0.32920293841825576
32e371f83b148fb6,0.725791645826821
83b9c322c9febec6,0.4834368748046264
8bb4d82df107f45e,0.5345698890278212
cc28d0d6ace393b0,0.38437077993122853
29c17f03906ad1f0,0.4300820178180682
b10cf30c243ed8c4,0.6881481478587058
85c180d755530692,0.3992764418568302
e9478d4c11f48523,0.2605675836198812
329d63bfe65d67f5,0.3746692208502656
4e7c7fbcb6fde9af,0.25491643482338233
1f2d4ca7586d9ef4,0.3320861206627071
04ff2418e503eb55,0.6115672671147234
5807d02f74d22963,0.48942064316974054
23aa15ff2408a5ed,0.4060186738043139
5c3fe62807fba6c3,0.4792761253516724
c97a3c1357c537a3,0.6396439824945295
bde91246f16123d6,0.3289243396373866
dfcf3493677dd9ae,0.2728449945295404
4a0cb390212d6320,0.5964290207877461
dd48f98a0e7c2640,0.37325285636136296
21669e26853a5beb,0.607356318380744
c4c279dadffc28bf,0.6607521178493279
27f99b00db0702b4,0.2815889653016567
823a471435809e0c,0.7505810018755862
36d9872df73f0208,0.5374285557986871
69b691bd3b11f565,0.5229478547983745
051aab7c376493bc,0.29138834401375424
897a042cdd939f4a,0.729595717411691
16e574aceb37758f,0.7455943419818695
7acdad670c7e177e,0.6561165872147545
af7211a4b66028fa,0.4281947210065645
3b768875237c8195,0.5621165403251016
a9e4e55b286f1971,0.6316426070647077
1e42f2e9ad67815d,0.3573295600187558
0d527f8f008f8efe,0.2671098976242576
4c2ccade1925c5d7,0.5208170600187559
b3a98dacc0702405,0.3880881955298531
9b8e0f7bf05d953d,0.32222566427008437
7968527b42656286,0.32149515082838387
caf14438584b43fa,0.3067307557049077
31e140000e0bf36b,0.3994247303844951
336acc52a893cf2f,0.5031170522038136
bce6e39fc4407c93,0.24221489527977494
d5e58bdbf23f01f5,0.2242010550171928
1ff7a8ec347ef2c7,0.39537315176617693
ce432d29b214887d,0.30899102063144734
44e820df9233e162,0.5806571975617381
fd036d6641276c78,0.5551436933416691
45c36909115a7b3d,0.7003642349171616
0c18ad3d4c7f25b8,0.6831455845576743
4502d8fecdca43ef,0.6501785557986871
9bf5cf3ace55851d,0.5055943537042826
0e04a1cc15af0b5c,0.32037535167239756
86bc772734133e12,0.6048098546420757
76fda8694024d3e9,0.5922304626445765
d244839566b6672e,0.5445541380118787
e165495e76c8691b,0.5041634495154735
18e8d9f4f0ed1ffc,0.3899437910284464
c198ddc9a1a0f0a3,0.3570203696467646
4f15b2cd5370863e,0.4494324593623007
5b71a33a75b4b41a,0.7846750625195373
85211a41d91dfa68,0.6248117185057831
31c3ad8e554acb99,0.5347322288215067
f05e3b467a207ea7,0.18302022116286334
20eea1cacbacd917,0.6894161691153484
338ac2331272bb7c,0.45326725539231005
e6740f272d44da83,0.749088238512035
9368ba44560c50d9,0.4596780869021569
18e4039723086124,0.49978288918412006
c935d65cb1c5cfc1,0.3492389848390121
dd819f141dcc8319,0.2845167943107221
90488975d041fada,0.43054578774617064
a5aa463adede1f1b,0.5117594209127853
872ac9ef6cc6a618,0.3634832486714598
ae4040a11f651b1b,0.4724848585495467
468c82067304eb0a,0.6660628438574554
cb460a2bc70974da,0.3083767153798062
366ae30bce6f5b98,0.4293342020944045
7638518d282a3163,0.6564479915598624
633878cd7103f469,0.3940910440762738
73b8cda0da8e3c6c,0.4711901688027509
b24a01610939d7fc,0.25822245623632384
99024e3163df7833,0.7661298999687403
f67fd1bdae4a88b9,0.5145502539856206
bed6a87757540498,0.38673111519224757
97afe9a3ddc497f7,0.4095745779931228
dd9f348a3e019188,0.4728274734291966
34946df4f3dcb0b6,0.6013367458580806
9444819c9eb0c9d9,0.6315738394810879
fb4483e1ad010ba7,0.23902857924351356
00c68b30c299654d,0.41919912472647697
72515cd3d8b3aa9a,0.6237225695529853
908510f96be347b0,0.6319930173491716
99a21c81b1b48573,0.45976634885901846
22f68a423b09a5d9,0.25620079712410126
e7f04cb37080c9fa,0.2306920990934667
dc02fa202a12aa6d,0.3255424312285089
10d0b7f586529eff,0.29611838465145357
ffd7b011eb85f998,0.6131288762113161
e621dd32e1b264df,0.3476521295717412
4af1a1f24964fe8a,0.43464003204126284
811ce0830dbadcca,0.3001001133166615
19f0e848aacfeb93,0.5557879532666459
8d3f02ada61029a5,0.6689491364488902
1e2a07a17f935db5,0.37645562285089085
32328db851b10b18,0.4149125
9ee145457cc792ea,0.7243315997186621
ad8df560233793e0,0.3060239527977493
d22762aa0ca69d56,0.559445393091591
f8355291593dca46,0.6313102727414817
0c612654e51e01fc,0.2632869256017505
ae7e23426e25bea2,0.3260344482650828
e009b5beb1619a81,0.658637273366677
520faa13a8c7065c,0.7282702836824008
b5f1a39aded71e0d,0.3381223468271334
de6cb6bc5b8d1640,0.5000262933729289
d51fb6ba7bb6913b,0.6782878829321662
a1375923af03ec27,0.6537199359174742
8c4b7d8e2bf037d3,0.425886718505783
681405cfbc0dd97d,0.51240198108784
992164c7365bc333,0.6883236011253516
4814a10f30ed6822,0.5705426578618318
f125562b955f34ac,0.47696817364801497
8665c174c23e0232,0.3856703618318224
c03010cc5ef028ec,0.7254561425445452
d2cbd396091301dd,0.34368706236323854
c5b700f429ada2a9,0.6138706744295092
07d97ad7c5757563,0.3662549976555174
abe88bd25b74cec2,0.7612570295404814
b5242ec51fa10803,0.3516266802125664
504c204a4b07adc1,0.349910425132854
eb3e885ca8381431,0.5229004102844639
88019e77a7570235,0.6110085065645514
4f5b5ab494b7fa3c,0.6060996483276024
ff857c8685376696,0.6487622108471398
c97ffff5899cdd5b,0.710654149734292
06d8545946fb794f,0.7350982260081276
86a18a847664c8db,0.5679587371053454
236b7caf60e83702,0.39512282744607685
b7362d1c5e6ea485,0.39368288918412
75a194abbc3951a6,0.5704699788996561
0739352b03f43601,0.4842814082525789
d5fb0ad6dfbebd36,0.2471893560487652
ab3267950cbf32e4,0.5179830884651454
061b96409f1ecea5,0.3332372655517349
77507cbfe35570ee,0.2682135901844326
a36af5b550eaa873,0.5696600929978118
9ea7c406af2ba7ab,0.6389958619881213
f67f1e53508bf00a,0.7798121053454204
c1e4dc287c41d581,0.34986562988433884
a53a53e86b02f37d,0.4741002735229759
608291782c527827,0.41419701078462023
d0ad07399c84455b,0.6222274109096593
fc8986567718f61a,0.7904216161300408
5dc1fc6a5d643435,0.6489231791184746
5c05741c61417dc3,0.5783953657392935
d702bbe78e1fa189,0.3138371444201312
e781540ac8518204,0.2929478743357299
7dfe0b8686f2f32d,0.5952530282900906
150a93d31aae72a3,0.43718749999999995
6eef12e9a09066d4,0.6942633948108784
636152d21bd16667,0.6097465731478587
c7f6af439da950c2,0.3030880470459518
27acdee466fcf485,0.7570582252266334
a8804fe9eee0fa90,0.19899177477336666
6192ee4938021f38,0.7612828852766489
fc02f9550afeac41,0.2895629767114723
7c9ba87d30178a3e,0.7813131994373241
a17444b2e1cdd78a,0.6625545014066896
83df6fde56cebe4a,0.4341748437011566
b35110acb0de3b77,0.6635630470459519
9fc1dd40acc8bff1,0.6761374257580495
0c521eb5fabcd49d,0.44126680212566427
e081802079fcf55a,0.657236714598312
12aedbe868f79776,0.17377933729290398
be8a2586f0738799,0.5572127696155049
077d63174223dbbb,0.2768086628633948
bf95a5f9268fccfc,0.4469577641450453
51ac7bebc69eaad3,0.6887262699281026
823b8b0cbed56665,0.6222191817755548
7b06037a7dc44eab,0.7598780204751485
c3468f13ce305a3e,0.7628211355110972
82906bbb278815e9,0.3227125820568928
26d93d94ea19b1b9,0.45624540872147545
d59469ecf7c3bb29,0.4182961511409816
7db5fdf7d9e7b81b,0.4002866090965927
251dd43cde3297db,0.5086528758987184
cb1945985d64f4de,0.41274238433885585
4eeb92e907af170f,0.40440331744295094
feb8fa429dd67ef4,0.551326387152235
4de67c2419537ea6,0.3264424976555173
538e4f56402af36b,0.6973305486089403
a4cf878441380a52,0.7024473038449515
96be7b3de04ff62a,0.5818864957799312
39c3d3887c8c1a94,0.48188596045639254
1921999c1eb2c5c0,0.6453957330415755
d57e9b30000ad4ad,0.5095255900281338
7c4dea060b3cac3b,0.7191821975617381
b72576d562bd56cf,0.6327371014379494
e1b21c89aa287e10,0.33564325961237884
ea91d426f07b035a,0.37560741638011874
e3fe0ea3b0e68165,0.3840425054704596
733a4e55740edd52,0.5636057713347922
e3ec47884acfc533,0.6782518404188809
8b4fc284f4d71fb3,0.6997359878086903
ecc8c2db5ddf594a,0.2583213230697093
6a2e9bd8a0f89c66,0.4352368474523288
330cb959caca2412,0.7382707525789308
d9ec4fb651c85ebe,0.4137146842763363
059f9fe46af8bf1c,0.44380939356048765
3a4738e51c5cab59,0.5143823890278212
2defc05f8aab4fc1,0.6837559823382308
5eff676251527676,0.26136868161925597
fbe244ca19447d90,0.45655944435761175
6a795f7ddcc9922b,0.2805006564551422
31e47d59215b37f6,0.5001048882463269
dc507cec24e10ba0,0.660868490153173
a6bb01f0933df044,0.3120541106595811
8d856f853ce1deca,0.5016594287277274
6da96325a4517519,0.4254328266645827
1154f92cf57d2532,0.2412478977805564
f6f5511b39bec2b4,0.2285576195686152
52b72c128d8d91b3,0.6684535440762739
75e7fc7c7ea0f472,0.5792931619256017
197817ba33606b5a,0.5676156298843389
c1951ebb86cb1446,0.6856189434198188
c4c41b18d788438d,0.6832226750547046
aa26bb9dcc890fe2,0.6073564903094717
c2c4703ee4c876c6,0.6846518404188809
4c5d7e0beffa310b,0.2913217489840575
83c908bdb66cb2b3,0.6346043646452015
f5402da16c14957e,0.3879313691778681
2ab80ba80d56a41d,0.6099234839012191
1c6b71fcf804ee07,0.5830571037824321
2f3e4501cfcf6dfb,0.5697711980306346
e6dae542e381015e,0.3963946115973742
eec4124d10360067,0.20484863238512033
9105a2588a4a2770,0.658266700531416
130f75788d8a46aa,0.5042195100031259
8835b5e539659c18,0.5236155439199749
d219e6e0ab855f68,0.5938117458580807
0723230fe86de14f,0.5547577289778055
e81853b0b0f8c271,0.318446678649578
979af46a1f611253,0.5734093974679587
945f78f066a99193,0.4314554470146921
9fd22540f39891b0,0.31612476164426384
2631c1e94bf99eb0,0.6644080064082526
41d6c34577272404,0.4390569279462331
13285c2b73770aa9,0.46408961394185677
1d2b2b68357f4992,0.3266141763050953
5e3172665089f4f1,0.7336390825257895
9f7be9231e3552f7,0.5815179274773368
6e458ab88b4204e1,0.4235549898405751
10739a7eee3e87cc,0.27944023913723043
a326839f328dce7e,0.7734487261644264
2e706184335e4bfb,0.7600630861206628
e10da35ed5233e23,0.24477189356048762
85df2a159bcafca0,0.5794744295092216
7e459f89aae58555,0.3245531025320412
c5733fd52fad180c,0.5496378946545795
d78be06de4424dc7,0.20641938105658014
af782e55eeec3b26,0.6480129298218194
a5428b7d3e5eb0a2,0.4484394576430135
8d920a6bdb004f92,0.8212993279149734
f4be0e405024df8e,0.682019189590497
d5059f8f88290d5d,0.4420827836824007
e368d0170d51ce4b,0.3763768990309472
d8ddb30bad626df3,0.44209033682400745
d1e892e5a070ad3b,0.30311040950296964
8a30b24e45c8dd56,0.47777812597686775
7616820e7f2f060c,0.3063361245701781
35bf1de33ef37b4e,0.7179007111597374
7fc73341974a9c57,0.7061641372303845
9f5bd41b72cee0ab,0.3169338855892466
44e5daba8a615664,0.658870525945608
6a29aa78116608ee,0.5606991794310723
74c36fa527d5e914,0.3614754728040013
65e5065a97a00477,0.5212218115035949
2bb9d6b7e64b8108,0.26607658252578925
297129de9133a71a,0.36955525945608
e6233ca37ff20ae1,0.6104084596748984
e6c230b1db202085,0.6756373046264458
042447db024700a4,0.26401024538918405
5347f880cf1bb93b,0.46552499999999997
f7f2f5d41652f6cc,0.1904117536730228
71ccebe269774017,0.2979507580493904
5d89474915222841,0.32902710612691466
583b0f485ee37a28,0.3308462058455767
cc5a91f4a1b878cf,0.713720103938731
636604af09feb6f9,0.3177746131603625
9149bfd2414e1f06,0.5636091981869334
69c71a71af3a6a93,0.31877457408565174
5cab1ef744ae1f07,0.5500540989371678
2c01a13c5bd11b48,0.625148569865583
3dd5148c39f554e1,0.2999796889653016
e55b6c8712632bca,0.5022993904345108
1e70f997f11d309b,0.3739372655517349
0b5140a69c454fd2,0.3139376953735542
bf3433f1790ded45,0.5367583268208815
848bb9f5e15ea664,0.4479313457330415
ddec6d5fb5e1d8e6,0.7302614020006253
483be22ba816efd7,0.3398720772116286
c5e5341d9853e204,0.3474620740856517
21afeb4d02745cb0,0.3653575531416068
214573582fdadc69,0.4683491559862457
1584cb670481cd0c,0.6806094365426695
a5b74fec60dff97f,0.7339396803688653
500761048fa68af7,0.581082467177243
17911ade8f9db4a9,0.5705074906220694
0d5e4ec73265e718,0.7608912511722413
9a23b511d19c5b74,0.4884679274773367
b0a68b6e9b5aa0fc,0.5772835847139731
f2408ea825dab651,0.4773196623944983
c46a0253ce15db70,0.6235531455142233
280ee758ffb1d1f5,0.3929814746795874
f120c6f37766ad60,0.4108804391997498
f0bd6e897436f50f,0.4500302711784933
d9838a74cd5c15d2,0.22700350500156294
ef4f4beebb23098c,0.5990152899343546
81e1191f9eeac89d,0.48799783526101903
38a4b85540a1d008,0.39347584792122536
583c98e432bf450e,0.5628511136292593
9319566dff410e11,0.5923635511097217
967a61a65ca3958f,0.30620785792435135
78d063e4b7ce7f7e,0.4595865270396998
d2f8e62df2e4ba25,0.49194363472960295
810d2f780629077a,0.6661760901844327
3515d882b6639805,0.5214258205689278
11e50493155c9e73,0.7669048100969053
4ed708372af004b4,0.6954995740856518
c4e45da34ddf3b44,0.5714797280400125
c8a93dd49c2a92bb,0.6234212449202876
0db19fe44a9a780e,0.2657016723976242
2b3538d47f1c15b4,0.30368138090028135
c3310c72d9734462,0.5242019537355422
14085746773f19af,0.2526019341981869
556db80d967a1693,0.36301789231009685
43fc5ae409f4f500,0.6848011761487964
081a87f22c3b38c2,0.7526321467646139
d375cbc133ed4f4e,0.6169037980618944
5ad546feb694ad21,0.46430654110659575
4f93720827de0ed1,0.45943133401062836
3aa17624d6ff3bda,0.31252540246952176
9242e8dc12c52248,0.5043757541419194
6842dfe6284804e1,0.6919633791809942
0d73a6a834744d44,0.47781852141294145
0830204cd861c6bf,0.3180391723976242
66161f0924e78225,0.6377849835886215
496464a4d50db8c5,0.6012610972178805
06324bbe66728955,0.7232759964051267
14f78d4e391911eb,0.3234888637074085
2b82c80f72759096,0.3617674663957487
098ac1d81b9e8c1e,0.7091255040637698
1b76ea6cbf734ce4,0.3281724445139106
0500bc92e5b55537,0.3608917317911847
ac5aed573f280b25,0.32703979759299784
ea03975f1d5baea3,0.4379464871834948
88b17a552fbab232,0.5956908252578932
b8de7af9fcdbf382,0.6873112300718975
1200abef5b424cb7,0.204664254454517
31b60e9d8cfa862c,0.3230280361050328
893db3bdf6bcd36a,0.6014582486714599
ceb6b035da1d3d7a,0.5794577328852767
4ec436f2d7284b90,0.3288877500781494
8aed9038981199a5,0.41085653719912474
0004c2d09b2a5399,0.5294668724601438
5205db0c297b51cf,0.5774301422319474
fa00a8d5645e29e8,0.40189736636448886
e059a125b2f75271,0.7202406689590497
0a245e9039a475ae,0.5173054704595186
f6dd2588e26ea334,0.6120960612691466
973b401c5b3a29bc,0.5401110464207566
3c3d0acff02d8d77,0.6909262035010941
29614e0f15db6e61,0.5174924429509221
59556138531e1193,0.2765788488590184
6864e194fe467f06,0.45193230306345733
92d1a78a0805f085,0.5164303454204439
673c83d5875338f6,0.7707307322600812
97b9da49283296e1,0.2410718271334792
8e266443d27cb222,0.43593865270397003
01740ec6cd7d3fe6,0.7385881369177867
bf22ef3c96b1cf8c,0.2773040950296968
eceff6a46e6bb846,0.3662047710221944
595cd3775c548381,0.32481296108158797
dc88015ad74c395c,0.41112985698655824
1d829ac1fba966c2,0.3400343154110659
7af5a547c0ff87df,0.39752655517349167
42082090188c20fe,0.7096169623319787
f7c6df36a4354bbd,0.4329081783369803
fa583dbce17dca3f,0.537670014066896
31b430017b021b90,0.6609958737105345
7efc9cb13b2def86,0.6616750898718349
d06fda4e5bcfc129,0.7162487769615505
72cb2bb85767bcac,0.6964594209127852
50f1226e03b9f878,0.36343125976867774
24eed0e6d7789047,0.5357989645201626
d026da38fc55bfdd,0.3953606048765239
47c591c2bae2052d,0.4193793802750859
92966f857e0e8aaf,0.4133003516723976
56b22e07fb9e4c9f,0.6909232025633011
95e7a0024d29a8e8,0.680622233510472
77413f2ce0fc0b0d,0.49728520240700214
169ad5f354082bda,0.4414095459518599
cb6a3ddb00bb4caf,0.7415850734604563
c1351ef23bdee19f,0.4279179274773366
23e0eeea647bf809,0.485283119724914
52cb9f8084c2979d,0.577130716630197
7f071403034451bd,0.7219715223507346
64c6b8a675d8d210,0.5398955220381368
25bcfd9c6c4bc119,0.4934442442950922
68234d071437f6c1,0.31492896608315096
cdba54b09ad0a5e0,0.3607330689277899
8b2a453d25a9793d,0.7468557869646766
379b3cf15b5cd618,0.2974879102844638
04f8b3d8fbcd3c09,0.3817881330103157
8db2aa7a87a0b0b0,0.6131803884026258
09904cf5297e4c52,0.5302636175367302
e5d6021439d46003,0.6419434549859331
87a2e4212129d19c,0.7075385472022506
e218c57596992271,0.5290113941856831
18b98da5b42722da,0.4917284346670834
449920a89db3ac7d,0.7243401023757425
9ce041cdc0639315,0.5731070647077211
722f357fdbd5c880,0.475435929196624
d468cd43dc6a08bd,0.7816533330728352
9700c7a3ef819ef3,0.7148847960300094
b7f1d881f8c72980,0.2515958424507658
b23236c476c94144,0.7417319748358862
18dd1046074e1b37,0.4505054704595186
55f227029ee88bf8,0.3616608236949046
5e3b8e365345db58,0.39539102063144727
d97a5d6269148ed6,0.5344038918412004
ec6dfb974b3c0b88,0.6740385393873085
7ff4153e9bc66bd5,0.6623410518912161
70ade30377aa52d0,0.5311290481400438
e81c74c9a5e64310,0.7218620506408252
27609b892f19ce38,0.3667340184432634
665fe4d9e267c32d,0.6834783643326039
e4efa861a25c36f2,0.630269932010003
707cf306deb0ca20,0.34779083698030633
53a0fc682407a107,0.655474769459206
4bd91ec011ba7743,0.2866074437324163
3b7c880189ffdf65,0.5754406728665208
c5f1834657b1d9a8,0.6172525242263207
60a043d7036ea402,0.3774758166614567
d69dc65f9a8e3647,0.4941860894029384
c3978282c1335961,0.6513380704907784
248bcc5d97740cb9,0.4899223429196624
ba074101d0551828,0.5296924898405752
f22fd6cc76b9eb99,0.19297434354485773
cad3b5acbccd1a75,0.2883231478587058
4e3d749c5d0d8b99,0.5872978157236637
1024028ec93908ac,0.788798382306971
db5f96700f81e32e,0.6012428376055017
d00456f5c537affe,0.33406899421694275
ae6c9a4ac1923d77,0.31969917552360116
5c4ef0457f9b795e,0.4555672358549546
a36087b510ed1bbe,0.7425590457955612
9700dc3668cb0d40,0.15542457799312284
e404394c28efb780,0.42851270318849644
0720a1b755cf55ed,0.5728908447952484
035439e10d353f33,0.3800619334166927
53421be12c0c7d0a,0.643693216630197
c76422f9c7f1c224,0.2709974054391997
ca75e192477ae30e,0.4061357377305408
480e9e2f5f6eac7f,0.5310630509534229
b1b0c9414a07e81e,0.29584080181306655
e09f31da0edae6b7,0.2976014926539544
9386dbd09f1eea31,0.4493908291653641
4027ad13f744ab47,0.6766594248202564
dd57f9a9617410f2,0.7128348898093155
53816ae08db4500d,0.4762717724288841
d39479f04b318c0d,0.7031741989684276
5223cd189c2850d3,0.39528921537980616
8c0a9ec776187a0a,0.3145718388558924
387c460bf9c82eed,0.5919076781806816
1fd31e1faa118ee6,0.32819280243826193
49fba05cb591b00c,0.3069228469834323
bd80ada68eebd0b9,0.47974776101906846
0e3f686f072a8a0c,0.384082287433573
84925d826d461c4d,0.6582896803688654
a7badd0bb8ead7cc,0.4516562910284464
e2c838fd32fbb729,0.391746678649578
3a6cf220f53b4cb4,0.5240037668021256
9dacb79ad9fcf34d,0.5407483197874335
92aa4c1f7f258a86,0.5823186659893717
c85e22a117db207d,0.35340946780243826
c5acfefdb9e64f54,0.4075727492966552
26015640e05a3378,0.45182678962175676
834b3501453f5c5c,0.5349572796186307
42af151534cbcca4,0.4176261019068459
6342222ab4bd07c5,0.6788824124726478
cec95d0eb86b553d,0.5263687128790246
b4129a57f4c5c1ca,0.4802140551734917
8b51d76d9c838743,0.44097628165051583
36d6124fdfb6b5fe,0.3949587683651141
2212f9196bf749b0,0.7505221553610504
fe9345df75362fb9,0.5475152782119412
75774ccf0b19e8bd,0.3377231439512347
026c096720d1702d,0.6242533604251329
6aca91fcef83cdf6,0.49341509456080024
8fc4c42ef85eb9e6,0.7662533135354799
1b64496c26985a3d,0.3424141255079711
591d0017ec185df0,0.5574784737417944
028968c773b11f62,0.588293267427321
3a09eb47d1ba4acc,0.19900109018443263
000019235d24a363,0.5299685331353547
ac5122e50d1ce8c3,0.5267319084088777
7d4feba02220abf7,0.20742734839012192
e59a3b16b4a6d416,0.6541552203813692
84a820be4f12f7cf,0.315941653641763
2f535756a73607c7,0.7193344482650827
fe5a15197d453416,0.24751725539231004
dfe7a446a8aeb1c9,0.25286936542669586
0ba28eeeb91393c6,0.4664765512660206
6cbf1767b759c6cd,0.5482414035636136
a6e42b03d097a184,0.6612991090965927
da6efa9d56a293d8,0.5683825726789622
20eb958ac40ae3ec,0.27205622850890904
861472b884b8b80b,0.7488177594560801
83313fb5d3e30121,0.337488699593623
75c00015b88462e9,0.8089512269459207
abad9a6070f32056,0.5111221045639261
dbb0ac574180786c,0.7290004141919351
1ff23956ddb48080,0.686384502969678
1030748990c873e0,0.5109589949984371
3b392b51ebbe98a8,0.6637583580806502
9bd3ce96b5220545,0.3780222022507033
e80afbedc991fe85,0.7434129454517036
b892e30bd65f1cf7,0.3072445686151922
45be6aeb64cd6e75,0.45095919037199117
10b2dab220d2112a,0.6428848937167865
397e2c46ae990a0c,0.4440256486402
19d3b02c14e869e0,0.4055983471397312
cd4dc389be000277,0.7044721358236948
fddeaaa21cf9f333,0.45071504767114723
c73cf810b1eec5b7,0.25591949437324163
2d89c6930c494b36,0.5194745154735855
731c1ccc4e036603,0.2817164817130353
a9448f44773fe67d,0.6233985425132854
89d7d09573e87744,0.6750283447952486
09a1c2b53c31bc10,0.6573766059706159
6c6319f9764e8514,0.7940920951859956
f56bb1ad09aacd4d,0.6623539074710847
a49d99323a265849,0.2149734135667396
3ee9be6434e0e715,0.5918164035636135
875debef7413e1cb,0.4408298022819631
a2d775ceeadd24c4,0.7235183846514536
18c8aaea7c834671,0.8374212527352296
df0c46251bada9cd,0.6336718935604877
aab9add2fbc56aa9,0.4031849054391997
a6fc3e9da5c8e555,0.2542758713660519
f637661db81b90bf,0.8033714090340731
33f67c649066e956,0.3866752930603313
86c73cb2d30683cb,0.5928463777743044
b5c00f8557fcf692,0.4394424273210378
a2c9a8f18d345227,0.6691177868083777
5ec5cdcb7ea71186,0.52132647702407
0f3e463f9177f7f5,0.6314408369803063
4e7f08dff5d4d708,0.6447393677711785
3bf84009bb5fc3d5,0.7012510784620194
51395fde52e82c96,0.6703034424820256
11111626d4279259,0.45415299312285085
ae179d72addf4dc6,0.3532036300406377
e88ef89c0abd640c,0.29076012425758047
c514af589b1c5c49,0.3506437050640825
ff07eef5fb056c81,0.687861261331666
96fcc4e5d6f59237,0.7603582760237575
28c21a0768568fe3,0.7177387230384495
73627db8491905c4,0.379788465145358
99467bd1e0347c4f,0.2638884299781181
f68ba1afefa7c356,0.8204837879024696
f2dc825ecdbac412,0.31597870819005935
4aba146c1a03941e,0.37604545170365733
80d5d6de30bce75a,0.49153403016567676
07139bc3c4fbcf8e,0.6962821428571428
e20fe10aec859d4a,0.7351393286964676
7ede37b476b9198b,0.4703480540793998
13f259dd7b600fe1,0.4025983471397311
351f432cde665f41,0.32993049781181616
a0721905432fac03,0.7781687480462645
c64298a4451fa34e,0.5618878985620506
4498869b991b879d,0.6583343740231322
17636075cadd05b7,0.5557365426695843
f1a1bbb6f878a877,0.4536737691466083
0eb6903ad4fa3f90,0.47358621834948417
3188bea8d6f5b35b,0.6141093349484213
c4c409536eb6c51a,0.3512319357611753
d280dab3667294dd,0.6063063613629259
52c6f5f136513403,0.4267192716473898
5090d67fa1877997,0.36751032744607687
16b61b14def64393,0.5639350343857455
baafe2fb18314839,0.2667547358549546
4dd870bba94a4e61,0.495233721475461
09dc62cfe943169d,0.284163699593623
c479d440fcf7aa16,0.62671433651141
8afc03aa50ceaa11,0.7241297632072522
edde45a77638faf8,0.2726389262269459
6d7692d9c32c3019,0.43492855579868706
5732b6767099399b,0.38867278055642385
17d91b5e97f3116f,0.3662931228508909
0d8f39533be9f182,0.6456953696467647
fde5949373183adb,0.7509942677399187
958e0e17661293ac,0.7814729837449204
c5216e7c4a482059,0.32575879180994055
903c649790deba31,0.2768339715536105
4a0069fc3386e06c,0.5917467177242889
a8ed067c70e68299,0.7084403680837761
2739c45027efcd82,0.5247467450765864
9cebb6633780881d,0.7282907588308847
61795ee62a8075d9,0.3866423843388559
58f2b934b0d49345,0.6504414191934978
dae79d85843b121b,0.2312997968115036
2a1568df2de08c44,0.5690026101906845
ee4fd2a6e3a78dff,0.50288551891216
b757cce25b9c26a4,0.30135080884651455
66ff45cad74a6679,0.4729594170053141
b0017bdcd541c6d4,0.35805512269459205
a3f277c9b5c91e67,0.3859880040637699
a5cf1cd034f1cbe7,0.6848895240700219
68c1e518bbf4e77b,0.2823887738355736
39bc60ddd2106538,0.6251284854642076
6efa72d0df99c34d,0.6709826703657393
ba7209f117ae9238,0.7454666380118787
7c5bee138819f339,0.4985217763363551
0a18482d62e5cb36,0.532102219443576
8e35efabb244500d,0.3873454712410128
43a9275d59ca040c,0.5946916927164739
481df5704a84657c,0.25151151140981554
4d8d82c65a5b6227,0.5529391997499218
f93eec03effd7d38,0.7698885823694905
3ffdcb2a25a0754d,0.6664952446076899
95109279ae9a6a9e,0.6522828774617067
d6ee9c0efd68efce,0.42633186151922475
74c4894e7bd0708d,0.5899323226008126
d33fec8f45769c79,0.4661004493591747
8fa4532d6a6caae1,0.3220291184745232
3dff5467e3be88a2,0.6293963660518913
fc6d9a8363c4609c,0.30932863785557985
c9cec12908a9bfc4,0.439543310409503
a971fe519809a939,0.46882509377930603
5ef5d379d20d65e1,0.5093296537980618
e3fb799669853199,0.6691913175992499
6f8c415e8466353c,0.47996408252578926
6a84824f0fe20d4b,0.36310879571741167
8cfc43e4b7c26f14,0.3735413644889028
de7c6a12dea21dcb,0.6625421225382933
d478e64abc5e2623,0.5741013050953423
437101bfe8957347,0.49694289621756793
6e285e3b9740ddd7,0.5639715028133792
c3ad227a535c2fe2,0.7412441231634886
8f43b3a85065f086,0.6375328227571115
90aa3a900822f96a,0.5535898522975929
c9000a6868faa0ce,0.7530355814316975
32a000ae2024ab05,0.28879313066583306
c4605d1a5e5e5f5a,0.6533415676773991
892acb659d8cf3f0,0.44943385432947797
c69855f3bb4ca032,0.24884388090028134
edf73aedf6b35217,0.40780909268521415
8877ec8e52d1ecc5,0.26331189824945295
fa3630178cfa8ffa,0.28232809862457015
9f5f7129d1af2116,0.5421194552985308
5e7e17e9ef20547d,0.6924443029071585
a0bb691eee0adcbc,0.23410705298530787
47aa950ec1d03709,0.37480892466395743
89b3fd466c092666,0.24875710378243193
f58ae0404d156690,0.269758256486402
766c4ba6be3c0785,0.6013549742106907
eb2e4b71d64f3173,0.7126648366677086
4912ee4332177555,0.6314027782119412
2bef19c70fa1eb95,0.3735194552985308
c6686c6fb6297feb,0.7606876484839012
67508ac580fa166b,0.6286301266020631
ff311f69cd822985,0.42454745623632384
bfff1dc879c76509,0.5191929196623946
3d1fb3f5ce631cd6,0.6975032197561739
cc268338bd6cf9ca,0.6708020475148484
d5798960a3e8183a,0.4778793529227883
11d573b74ae9ba82,0.6311625625195374
8c8705f908dede75,0.7281483002500783
ed2bfbed36ac2b84,0.6575265551734917
89361517fc2f10d5,0.6876128673022819
1626bf6a9e33402d,0.5849876602063144
549de17e617d4cb1,0.25637030712722725
241acccc8c4c5c98,0.6446000625195374
ea3cd2074cfdd18b,0.2169125976867771
3482477cef332442,0.5920022663332292
4f0e6d903964496b,0.38130108627696147
55f5ac50a1704cc5,0.5249971436386369
2754a911af5ae6ac,0.37265953422944664
f2e293367584282c,0.7197846788058768
2efb3cb92bcc9b98,0.23561056580181303
5896699316dc3ab8,0.43899727649265397
2d0483ceb9c643bb,0.5253465926852141
efc8974e6723a58f,0.3808739020006252
a6a0006f726c94b1,0.7670285753360426
6f5c59612f3c92fc,0.7931873319787435
c78209036cd357a4,0.7347195686151924
db9a3030e417457d,0.30765394263832446
99988b482a1d195f,0.7260986167552361
52e13ab6586efd97,0.6336734018443263
3e8fbcc54eca7fca,0.45101570412628944
5bd1113a10668c30,0.33436500078149417
4bef48512ade85b6,0.38379361519224753
2882464c483cd0f8,0.36574421694279463
079b1ed9350bf75b,0.4877318966864645
7063caa968c586c4,0.30476912707095966
ec19c34addb8624f,0.47955878790246953
8cbafbdb15a9de28,0.38610914738980934
a38115fdbf75c1c5,0.6363135472022508
6d8390c7927568de,0.3440611714598312
00981f14236ef71d,0.5878565801813067
12f84fa2b4c572e1,0.24894926148796492
ca5bb700586628a5,0.2579006056580181
4a7058a9b89ae975,0.34099013363551106
878bc0b3326ea889,0.254046678649578
57f748e3454293d9,0.6090914465457956
07949795ad3e2e93,0.5422018130665833
8cfaf8d91ea4f1c0,0.4055744295092216
0973b331fb200feb,0.7774600851828696
fe33cc8c6e5126c9,0.30017069396686463
95338421b02d6100,0.6876694240387621
6d14e413603d239b,0.6668635354798375
8dd0a5354bcc36ad,0.705788047045952
73e26e96853b1101,0.34490125820568923
1d9173dbd30bfa8b,0.7647065137542982
b8164626d047cbb3,0.5173007736792747
0fb7907993c4b37f,0.6884307205376682
59ee8f98bf511a26,0.5566240035948733
0c3008cd7e493e83,0.7542537003751172
ca16172c325cea2f,0.2967930837761801
2bca85f81b167432,0.7212914738980931
22fee0166c140a09,0.661579243513598
e2724c0840a5145f,0.5138402039699906
f36672a2c0e1cfac,0.21825989371678645
1fb583d94ee99482,0.6689502266333229
02f264a344c830ab,0.6308761956861519
4da6645d6969cd52,0.2960140942482026
44dc081e8f45104c,0.6002006486402001
2c2b2f0c44e4f0d6,0.37892183494842135
36b10927a5ef8124,0.7333277703969991
c1aaa1a11b02c7a6,0.4489357728977805
052a4c4d54a4bc92,0.7019601984995312
d52322d3a4091590,0.2985560214129415
836f3b0ea82976dd,0.4423381955298531
76fb069dc8449b55,0.5765547241325414
9c73e1140fc59c02,0.35783490934667084
ae6c780a01769bbd,0.4429126680212566
ef3be0cbdd14848e,0.2983853821506721
3599f0b9c0feb095,0.22558643326039385
88664205bb714f9a,0.35116013207252267
b978ad9fbc2debb9,0.5965699788996561
c82c9b618c165d10,0.449399765551735
0b15c07bf352553a,0.7112000625195374
7891a28610913711,0.5771649890590809
ad4639fd4e49662d,0.21873938730853387
08bf7df7a564e646,0.3844685214129416
7ed362e9d16716d9,0.3436229915598625
0ad5b72ef7c0ed2b,0.5072304001250391
511e654ff2a5008d,0.57027961081588
c2cd9bde4b5e7a21,0.6519783955923726
5b3e02e26bec5e7b,0.7334627539856204
89c64c8f9efcecb3,0.5306051305095342
a8f6c6e3e62d6b71,0.37076036261331663
019cc0b8962f5cc0,0.7029425367302282
bc4e4242db6ccd37,0.21922148718349482
3fff2ee4dbde3d85,0.4903677164738981
dc37fcbe553235d5,0.357165266489528
3bd0b86bbb97a337,0.37139220459518596
4992d9bc07447302,0.32007966161300405
bfdf1c0f0ba7cdac,0.7428418646452015
a6ab2d1d53fe912a,0.26702434745232884
1891df3302c7b348,0.20760395436073772
b9959e103e10b920,0.4623117497655518
0ef3c10f8c9072d3,0.5210022077211629
a10619d97fb76c2d,0.2686182986870897
0863a38392b70b67,0.3787815645514223
60b64acaf466a536,0.5582527586745858
12e3e5d6d9c41e98,0.6277131408252579
9523154e7d045c29,0.6241347452328854
c75a93ff5b4249af,0.37021543451078465
254953a015ac6eeb,0.7304119021569241
800fca2f6db1274a,0.3190803727727414
495cb7b810650027,0.3334255978430759
32f2ab9bccd62523,0.40177426930290716
710c1a24eaeead5b,0.4243854603000937
bc05e8a0b1a36967,0.5864320334479525
7f9c858cee39c32f,0.47196384807752423
d943890ab2a0dabc,0.5557312949359173
e8365a58644b452e,0.6171049155986246
8b6555b1e2375ec2,0.7563216864645202
2d05b7a2752c3cd7,0.4120009299781181
cae674aba0ce36bd,0.6960158760550172
ded2185f98f5d222,0.7437478157236637
5aa4335a084d6172,0.6124274538918413
ea84e8283949a22b,0.6441711745858081
e05b38abdcb5ba20,0.20916182010003123
1a8232cb16668217,0.27290432166301964
964453e5682c98dc,0.4432420482963425
6220fee3bc1e75ff,0.7265512816505157
44c74ce2f7dfda22,0.7092486792747733
0e420abbb67f6653,0.8292590575179744
381d753868abf15f,0.3516585729915599
c90e0c45f7fc22d0,0.3040203501094092
28cc75a35f51a8f5,0.6427333776180055
3ec9f6c06061e5fe,0.7237283135354798
b014ddae55b634f3,0.2973323030634573
90879b42c1e54236,0.5770742302281964
7e62b4fce61bbae5,0.5566848859018443
6e384e2ddbb3399a,0.41412795014066894
6f07849a73f44a97,0.8113409698343232
f48a2f5d095509de,0.5435505900281338
ba999a22ce5b3fa3,0.7895889184120037
ba9181802cbd9401,0.7048805095342294
bd73bd26225890fa,0.42330650984682705
64c38fe6742e3036,0.35710960065645514
df243043992dea1a,0.55171199593623
0119114d3ccf9eba,0.7304953149421695
f21453041c1dbfb2,0.6522790793998124
65850a53164c135e,0.3532855071897467
48527244bf10d792,0.5383095381369178
cd4848b0c5d09b82,0.43706762660206316
d29250c293d24f3b,0.6442117106908409
8e49853ead7a7782,0.409808580806502
c4468c09563855e0,0.43780648249452947
06fbbe29034b7d22,0.24072594951547355
85f4de85a28f72e5,0.6619940684588934
61a2fd323396df30,0.3809244334166927
57131a5c1fd27b0a,0.5431213191622382
97148caf47baee80,0.6505084518599562
bc00a7f9820c18b9,0.3525215575179743
0774fb3a81023543,0.46817037746170687
26fce92bc23cb74d,0.685484092685214
c97cd71a9a738f03,0.4992782041262894
e241738a2d4f1fbd,0.7295568771491091
da7df03e550c90ab,0.45610465379806187
35c07da89ceda890,0.654223382306971
5cf499e1908cd296,0.510171588777743
d8e67e20d907c472,0.44765001172241325
f3135343f9e7c1fc,0.704312777430447
35e24477ff3e4121,0.4714036026883401
ad3c1d21283a66e7,0.5786270123476087
fa88a2d04837aa67,0.6030022702407001
3d8cc5538995bbb1,0.25175044154423254
2cd57b0959ffa8b8,0.40177024851516097
abf05406b1a91bf6,0.7807721983432322
0f7b3fdc5d781296,0.7064896217567991
03365bdfcc4be998,0.48131537980618944
b46302fe840c3d5c,0.6188383830884652
b1f966468fc49840,0.46065740856517656
6adafe7e6a6e6865,0.6921427281963113
e92c7a5333472aa1,0.6140544818693341
7eabeacacbf8b37c,0.477835604876524
655d9a938cd682a0,0.7293577094404502
a26607cfecac0d77,0.43741336355110977
8d29e784c2fbc4ca,0.7017069865582994
0552a72825b82f4f,0.44991644654579543
8db26f10038d6705,0.3754304978118162
0eb4f40d8b4a0e29,0.4385995076586433
a1caff7700882d18,0.6061748515160988
ee70a37197156928,0.2880768404188809
6de1b2f62b6369e2,0.721532283526102
9c2d074867b45c86,0.369179384182557
36c975ccff63cd9a,0.5986993708971554
eac85b26c054de88,0.5917940919037199
318d374ee2d57a71,0.48819616286339484
ea743176167975bc,0.5131572210065645
3ab9fd28956b4c1d,0.2921030556423882
478582ec139d868b,0.6276188887152234
fb9d44e71840eb0a,0.29002519928102527
bd4fd0a37b2b9312,0.5223346280087527
5dffe03302a0fce9,0.7373452289778055
d94e1f4138ee9631,0.4911764496717723
298ced22f474a1c7,0.4219241012816505
0268d1d90c8858ff,0.5128331978743358
84cf6eb7514ea305,0.39144206001875587
95d0de11255bad7e,0.31835315332916536
9df308f6f0758e94,0.773664531884964
b0fb6fef1f3a5762,0.5593339559237263
3fe46d292459737f,0.2736233666770866
6bf62b52eaee324d,0.33903925836198806
8b6a50f8f0d1474f,0.6301649890590809
89833118f346eb37,0.29880680681462957
48fd781830adf147,0.7727181111284778
209845b666a00820,0.3451738355736167
f23faebe09506cb7,0.6287567286652079
5f9584bc58bae0e2,0.3531201156611441
a08d713f9ab75910,0.47272958737105353
5c4f577995e30921,0.7178094013754298
db21d37dde61a7e5,0.46737204204438876
d22dc3977ccf9208,0.4803120740856518
d0fab5e12cd60c77,0.26172068615192245
5293676c6774f75b,0.32285687714910904
d3ae1f0b7031a78a,0.3483972530478274
bf57f1265cfe2fc2,0.5018034502969678
468b54d83b570a50,0.38311120271959986
134c07b69f25f030,0.5292767935292277
2cfa14158d7d3661,0.602854102844639
a87b1a98b2c48b05,0.3697653251015942
c0bed62168e9892d,0.4706884807752423
fc44e0d5137363f1,0.36942110425132857
1247308f81ebf41c,0.19908330728352608
083caac4b6cb4eba,0.6234853040012505
a9d470ae3ce0af34,0.23613519459206
935c423d001e7dda,0.3379799937480463
d096b8795c71a6e2,0.7654559667083465
2acc0dd1e03e59b3,0.44783102532041263
bdba30d6e4c5095a,0.4343994881212879
57b0ac86659a9329,0.55495641216005
23d831dd1ba487be,0.26363149421694276
628b14a47b392334,0.5726468232260082
76a400c7177ea365,0.45337750859643633
86ab9bf8f20612b3,0.5157833737105345
fb26e948e7444ee8,0.5978131173804313
367ec7e6bfbfc6a1,0.7062865035948733
efb297fa666f7cca,0.6809020944045013
0a0f715a63ed4738,0.494415223507346
00b759c30fbbcbd4,0.7061884104407627
4c133deea22458f5,0.7003660675211003
b354cc89789a3136,0.5608331470772115
f3595bdad2050118,0.30818944592060016
2171a4f574746f33,0.5106758401062832
ce89301fff62a739,0.3549074085651766
f4786178a6026169,0.4900817091278525
e1db1fa3be2d2bde,0.5180848780869022
05b896a0d6b00e98,0.2242718896530165
89658e4ea0b49c47,0.6947426031572367
db78c841ae5796ca,0.47426441466083147
6af4698b636d1c84,0.4252992536730228
be3f82b0567a0962,0.3195225656455142
1dbeb642447425a9,0.31027977102219434
eec325cdb9dc0154,0.5279055095342294
cab58c1297ee8294,0.602080673648015
97e9bafef493dc0c,0.4114483823069709
c738edb5352110f8,0.39354884729603
fe298587b58a6ac7,0.6770328969990621
b01b2bff457f7030,0.4669340536105032
599065c0cda14c65,0.6576421537980618
feb91e47c3d327b0,0.37328937949359176
1b0d5c427077f7e9,0.5232857260081275
6c1338d0338c0bca,0.6822618865270398
aec29f6d68d9e001,0.2661865426695842
c6567adae6722bc2,0.5809247030321976
c6e04efe9811e16f,0.35699972647702405
eb86688c957ec913,0.557066008909034
a450a6576dc20dbd,0.4996878751172241
b700f2322066f731,0.6629051422319476
a4302475b7326abd,0.7113363160362614
af5f8038b513a4c1,0.4621777547671147
0d73ab8c4cb1fa9d,0.7169157979055956
8ca59ee3a85773df,0.40400917474210685
e3f7ceafab0856f5,0.3180736089402938
2445f30cdcdf58f8,0.6301989293529228
23b0f57c015407cb,0.3158905282900907
2750f1a3f3525b16,0.23815796342607065
4d1502e6806c5f5f,0.47898742966552055
9cd2cc7d553443cf,0.42748111519224763
5e314b952cc18869,0.5048684198186933
e8851ddb49233587,0.7389936425445451
6339c240bbb14c01,0.38188290481400433
196ca6bac51b24e0,0.72560742028759
ff664b7817ef187d,0.2780417200687714
1f50f2cb8e01a9d2,0.440972737574242
f655a99b43cc6c6f,0.32413163097843073
2dc6d88fd87d67db,0.5963519068458893
b61c9fd4a46a6bff,0.21059409190371992
478a862e9bd10007,0.5014291458268209
0b9c9bb9e3bd1c5c,0.3134007424195061
8ba72175f80e2cb8,0.422325230540794
80bd1c42bca86409,0.5770673530790872
ee7025a20728385f,0.3925265942482026
a94a734822cd1066,0.5647743122850891
9e445d829547acdf,0.559853645670522
d08fa8b4d19b0300,0.691285702563301
8ef8adecee83165a,0.69090886214442
476933f8311d441a,0.6206456040950297
fd9f323abdfccd58,0.4284342567989997
fde943f5062e49d2,0.6481262738355735
32e1723a53483290,0.4372578735542357
3189ae9ce5829fb1,0.7311999257580495
a691ae869c7c7c20,0.6799012660206314
aec6a61870dceefa,0.5044973859018442
301339e42c2fd935,0.5017791731791185
33bdb599f03ad3cc,0.26583506564551423
ef958079692354ec,0.8295732611753672
6b9de167c2e2a382,0.4776095303219757
81a3aaebe87a402c,0.4075763637074085
78734bb73a549d35,0.5650385198499531
801a31247ebc0426,0.46532687558612057
703c72ed057e80ad,0.6281157979055956
d512ce41ff14126d,0.30573968427633635
b14adfc6f2de5274,0.5268263715223508
3ffc252e11d8a5c7,0.370394279462332
dd94c4e414636803,0.4972307049077836
089a1dca65e44b84,0.47214097764926544
95e32e732db3ccdb,0.45395493513597995
aca38e8f736ef297,0.19745862378868395
78b2b40abd748fc2,0.591634459987496
2595c73b081498d2,0.2608319084088778
4821901eb98463cf,0.5968570334479525
81f36fdaf2813666,0.3855125625195373
1e80444ce87788eb,0.5909944982807127
47c976d0b2db324a,0.2308418646452016
76e7956f7212a4d7,0.306499863238512
2f42d37419bdab8f,0.683989297436699
460717034c7c127a,0.6378264496717725
f46b154a36f88b49,0.5735146647389808
af4a2f1334861acc,0.7353478899656143
cf562fd6a1ec6763,0.48313630431384813
a58fda4597ded16e,0.3939163488590184
7c5b545797c724f6,0.6822128360425133
cd2d2cade053f8e7,0.5803981009690529
0d42478d5f847ddc,0.338273249452954
fcdbc1ca107a390e,0.6727227102219444
4a6cd78198d5a5ce,0.6344043216630197
13c39c2f8d3cd810,0.22985830337605498
c79d8a5d80e7f04c,0.226608858236949
51a701717aef4136,0.744952489059081
4e8d630667c21f23,0.4071597413254142
9b8e9dc382061f91,0.35340589246639575
fddd94710360c28b,0.42460148093154104
2c33fa5f3f2d5e24,0.32485988590184434
3ca87064dc34dde6,0.6214514574867146
c9d8edd3fb7bf971,0.5249064512347608
d582a1a34b5b977c,0.7873374452954047
2fd593bbcde3caa3,0.6983682439824945
d2f2308d5fd09adb,0.3037981634885901
dc6fdbb3f28f8f2f,0.5541960808065021
ba8e32a15085aa3a,0.6408275633010315
3ecab659633b8be1,0.7476914778055641
80f14a6b7deb5266,0.5396326000312598
6809016a071b3b5e,0.6821359252891528
d26156516af475ee,0.4618246170678336
7946e76f5438edcc,0.5836537941544233
b11ee2ead8527494,0.6263371678649579
03e49d963acfe851,0.35314668255704906
4a3e2db752cc071f,0.7690652078774617
6e5157888073a37b,0.6599948851203501
1f7bd653103f1863,0.48249282197561744
5cc0f066c9d8a28c,0.6680889145045328
61240fe8a4dc9a2d,0.46637871209753046
ab6cae9885409088,0.7244301852141294
c4e40432b0ffcfda,0.7289420717411692
1f7fbe6992fe8f33,0.4391467138168178
94953e6bc4d48c7a,0.503767853235386
e1f4fd779b279dca,0.6819519420131291
38ccb655faf1cbcc,0.34512268286964676
dcc976ac3a08e676,0.23077423804313846
8a586d58683ab8fd,0.7021406572366364
9d1f98568599273a,0.28757210847139725
f5a4bf16401623fa,0.6942508635511098
42c6f25951f7db7b,0.437791008909034
673b99f498fb7880,0.5191245701781807
e4f2c6820273bf2b,0.758195385276649
8e7d37f34a1f3efa,0.7420981791184744
ec4bdd78abd81c4d,0.5444335808065021
a15343296b9f6f42,0.654525187558612
dd76563555eb67b5,0.7533569396686465
3ce8de8291ffa6a6,0.6975858588621445
1d036919bb298ab6,0.42894783135354797
9579b233e83fe284,0.3166346514535792
be5c561435858f1c,0.7878258440137544
5cf1d9bf22b73559,0.6716589168490154
d5e3e7616edfb5bc,0.3022503204126289
ad00da3aa56f4d7b,0.3061308065020319
0ccceb1154debc59,0.617076750547046
8e2c8545bf82cc60,0.7269521569240387
d62e1e8938e1c97a,0.7226125742419507
a8dc86e602a746d3,0.7870531494216942
c4329a7f54415286,0.41954943732416383
04ec4184a6a2f40e,0.6119780165676776
a8874aa6ff7ddd20,0.4550063340106283
c9a607048a5bc5dc,0.8171236284776493
002c27108f6666f6,0.40064416223819943
e4f6a20915cb1601,0.4034273366677087
bb014c28cd6924bc,0.5190457838386996
196e2f507f594bbd,0.47211669662394495
9f1be9fcf021fb5b,0.3237801109721788
9391d5f366da4c40,0.6303253086902156
3453a5ca3d904777,0.4157641919349797
686ba22e52de9068,0.4861912902469522
3553eafc050e9c0b,0.5289962019381056
edab086e1fc56c68,0.7234659815567366
d79a009be9287b82,0.5124622421069084
b86e1b1f8503684e,0.650377903251016
9ad70763cc07c36c,0.7354153641763052
419885390abac7a1,0.3197875078149421
70bb28465e350bba,0.6793411691153485
d2fe3be15c7a040c,0.6773960925289153
df051580b1fd88ae,0.4818180759612378
799dbb3bc5de0bff,0.6328413019693655
c18575ea64f02a42,0.7404085612691467
bc265e458d29169e,0.7421289035636136
d59c94219a63b100,0.6704489762425758
0b79c6776df906c4,0.5222014692091278
1bbd089c39955fe1,0.5142276492653954
e07ee63645347087,0.5070765747108471
6795923abfe3b196,0.7384509807752423
f23bdf1e94c91124,0.3690347882150672
a1fbaeecebb55865,0.3352921655204751
bc95d3915a49249a,0.5142623632385119
c565efbb2d18144b,0.7244233471397312
321866d63b3b1b00,0.6252306384807753
50ef5d8288aabf7e,0.4183376680212566
3948549457628975,0.6607781572366364
b958074c10bc601c,0.4249657900906533
f075bd7b8efbf058,0.5449624257580494
f05a42508ffff350,0.6837244216942795
3c1c900935bc3285,0.27322129180994065
cba59c1afecb3734,0.5255807517974367
013e1691ae9f7898,0.3478912472647702
ff4fafab1f01bf0d,0.6645718505783058
16a52132c026c176,0.33875891294154425
7e6dc3264a60f3c6,0.2966495350109409
fde7be20171bb23d,0.2991538410440763
4709ae8a61f423da,0.5856455572053767
f2f7edc4fdecd842,0.1707996092528915
81421fdc47bf7d1e,0.5734956783369802
e130b6363bcbe974,0.31652092060018755
8b5dc994eb4224ef,0.4327046498905908
ced09e40d6cdb2ec,0.3544960612691466
b65873d2d6509482,0.4408652000625195
d663eee7b55b1c09,0.394433768365114
e8ac634318c1c070,0.6706201351984995
9861a481912689da,0.4025802008440137
c170f4b630a3b239,0.7711843935604876
31f66aa5ebaf2ad8,0.7075417747733668
31bc47bb1448c433,0.2774792630509534
79eacc58c9cd0f29,0.7542470693966864
32cb3b1b23ea545b,0.4349789895279775
89357b6904f7d6ab,0.5246628360425132
0d9d1cf89bcda082,0.6500021881838074
7c15e3fb5080a6af,0.40152278055642393
a8580d9f4b1f100b,0.8168049390434511
ba1c0d81b8bfcda3,0.5106135745545483
d5c76d632f469288,0.7253957213191622
4faeee72bb8b4acc,0.3864298569865583
10875f7f7d53acdc,0.4437954517036574
3fb5a4da63283ba6,0.7138290364176305
6551e600570cb09a,0.6204652821194123
6b4949612595764e,0.5240966473898092
d45b6491898d0fdc,0.465424034854642
0c40fcc6d696a66c,0.3962184393560487
74607a92b5ef932a,0.39643529618630824
e7bf586ef35ff70a,0.4114139731165989
65e0da070f27aa66,0.28969290793998126
38a09fd79a425aac,0.48533069709284155
aed136202b0b58d4,0.4389359252891528
5f5b7b68b01d1299,0.795302719599875
cc5db835afffd307,0.4493618943419818
d8842b37f5416b48,0.5043305407939981
d8aee4335af252d3,0.34524998437011567
00494862dd9b9e04,0.41623683572991566
95d5441c82b1c46c,0.7246491325414193
c6e492bd428631d5,0.42789647546108156
598200ada2678880,0.7353550523601126
8094f4dc74add0aa,0.40464617067833697
6831a0024a1dd23a,0.2994424859331041
d56926e610462f66,0.43638530400125036
bbe39148bfc2e434,0.5950552477336667
1a07a83f589de802,0.5828658877774304
8210d5a233d3d65f,0.23191372694592058
ef4e598f566c9558,0.5149332369490465
c02b919584ea5cd9,0.3295634924976555
68bc1f08eb5258a7,0.7314951234760864
d57a9ae04f68912b,0.5221607338230698
fa41a48959374ae3,0.3848344248202563
5e725dcb74b4e75e,0.37135106673960605
121dbf76a9cf73a8,0.6437039387308534
a2383e552a5f2313,0.346136394185683
378738808b201e0f,0.3378595146920913
9642ee1e267eee82,0.5545891450453266
e55cdf82fcc57177,0.42395507580493896
2103c3d1e5063e3d,0.3867068966864645
02004dc8e2729e0a,0.4545595225070334
95ae4af4bade5009,0.4427681345733041
8a4e103c92d62a5e,0.6848503321350421
c4414b2ee31b7e94,0.47766397702406993
0866387e16259486,0.5944515668959051
f0b7e616767a0197,0.45536046030009375
a86d2f80a3468f5f,0.5053271061269147
691f9a97e9645bce,0.2619629298218193
2f2e7662f26d0933,0.3410110972178806
72cbdcef4a6b4f07,0.6421698460456393
3ca15eac9b7ce8d7,0.6946186659893717
d9f713c872a26c76,0.5041886253516725
38c5cae3c23f24a9,0.3981090614254454
80e12c9a6e625e7a,0.7284442208502657
78211c4fb5585628,0.725485468115036
59e71eb2f5c7c432,0.6630661691153485
b7abc4b3e6ff0e3c,0.27832251094091903
42eaa77ee15f2ca3,0.33431475070334477
bb8ed5a0931148f7,0.3074093232260081
2ca7468532706e2e,0.3957548921537981
98791c70677eb76c,0.6276368201000312
e7ec6ff3f296ed38,0.5124860034385745
7845f67130f900d3,0.5816888050953424
fcec4d0ce44eda40,0.5437920443888715
0ac91fd23085433d,0.6737507267896218
ff61891d90f930cb,0.40849948421381677
41fb4a2210a6066c,0.6676821467646139
4c7ebaf834966e32,0.30161126523913717
81aef88d712fdd5b,0.644432471084714
36b0ae34db90ecd7,0.7030565840887778
72fff2ad28f42426,0.5153633401062832
717207649c078f67,0.30775216083150986
925d6e357d7ec158,0.6515415481400437
effe2d48627efbe4,0.5629389848390121
0577c43390d4bf43,0.8086831001875585
546cd9bb6f2ba820,0.39599152078774613
8a47c92c6443e7e9,0.7094545990934666
bc9467bdc8642922,0.509712132697718
af91160b63f1bc90,0.7030941739606127
464ea9bea5384944,0.5929713816817754
b838b4792a3c540a,0.5580453618318224
11fd6e717c95ce29,0.6151378985620506
b1e2e5a1c0f42f8f,0.5023037941544233
222e74272be1ccd2,0.3860548100969053
21a85a0b474e45d8,0.4921976203501093
5c5c76ce21ac9a03,0.33179899968740234
98c3f3c5243d4fc6,0.32693523366677085
745be7354fe05a2c,0.25662680525164117
ebf17df229daa6aa,0.5258695451703658
14929f1035ed296c,0.6940631173804314
af1bc354186d653b,0.3176381369177868
88e44f6549d78a5c,0.49591993982494526
1a5119861af7675c,0.4724551305095342
4675a1f396e095ac,0.707001934198187
306fd63061172f24,0.19798565958111905
68fb9067ffff02de,0.6776741051891216
93665736b22ae558,0.47217414817130354
2f3252e131fb28c1,0.6166958776180057
a90bb7ef537f3ccc,0.5814344365426696
f8c47e6a1ab0bf1f,0.5298139223194749
7f335ac0ff549013,0.2666834284151297
e9c7c37b6584e68a,0.38630182869646756
e2f8c99b54c930c0,0.29139468193185364
4f0ffae34b450b85,0.6306807830572054
94e27d2dbdf9010f,0.66794344326352
db05b31fda1c2b1b,0.5584893247889965
af64ad7d713d5a93,0.5127382736792747
4d1462da71b0efa9,0.3755586980306345
04fbab7984c52c30,0.7020022507033449
c01a62e78e6d8a2c,0.6799386331666145
74f8579fc40b2d7b,0.36171874413879335
0eb2d3b71cf2b61a,0.6088893599562363
57788504ce4c82b2,0.5717889223194748
9e7dfd444a9f30e7,0.5062418529227883
0cd8b38e5a4b74cf,0.43195960456392624
e8c1c982ff8a6704,0.41818084948421386
36bfe943ee63fe65,0.4546439043451078
998d9f62a717ccd1,0.28697565254767116
8069d4397377adbc,0.3852920170365739
ba8f312910226da5,0.6258756486402
37faa0207a18eb20,0.7136743787120976
c16962d752780184,0.7989684588934043
f1d62e28f903e96c,0.49831854876523907
8cab416d1f2bc624,0.7070741286339481
b791af74c95ffa06,0.7705030556423882
05b113e465a98080,0.46856546186308223
b17d9630e851487a,0.4442911847452328
92981268f9d56f38,0.6326385589246639
76775e095989aebc,0.27332490622069394
a07f4266c4b1cb5a,0.30222565254767114
7b5b1f94772d1b60,0.33706850969052826
4f8ef604a40bca4d,0.4184415168802751
673f3a4c0bd90267,0.32964423648015
58139d3ae9373ae0,0.6663379259143483
c24d1452d22e8db4,0.5662401883401063
441d9763fdc1b0df,0.7483936698968428
d2987a3199c1109d,0.7227660831509848
cab99a91ac2562ca,0.6313368982494528
df1222f0cc1e08bf,0.5055044467020945
bdb610f14d1f9c0a,0.37447127227258514
d63652d83092f4cc,0.29177188965301654
dc121e137a206780,0.4705612613316662
e5fde6a720ffea60,0.3372663996561425
52f7118d77a951d2,0.35194873397936854
1b60cd7738483c77,0.6808224796811504
c7ef81c5ec66b855,0.7189621405126603
42a4005911b6abb2,0.7240627618005627
926e4ef2979d43ba,0.21501581744295092
936393261928dd44,0.5334183025945608
90b3943086a67cf1,0.4276721162863395
80b6c2497708cc79,0.5357083307283526
dc880492a16f61a0,0.4280110307908721
363fa6d193ea1791,0.31326974054392
11443cec444ffbdd,0.7414143208815255
174e280d8c42163e,0.6559911261331666
d7fddec00bcd1345,0.57056134729603
2f2a0292483de945,0.7500650593935605
2638757dc8ccf105,0.2360443654266958
af967b1ba12837c7,0.4514997499218506
6cf0ebd8925305ad,0.7157603118161926
0307e7dd94f223c0,0.24299380275085963
d86f818a421d896a,0.7271788449515474
95c76aa135d94e8b,0.33984980462644576
dfb2dc72331615e7,0.6965954360737731
b488c877787792d6,0.4757671108158799
5864514fce7556aa,0.6478881720850265
7db51b9dfaa6c3be,0.37357584401375427
475afd5ca8082909,0.6075269967177244
aef3fd34396adfe2,0.3012637386683339
e93ef7b1eb85a270,0.4925334088777742
e643f5e629c7ab40,0.2141728977805564
e9234451a7ebfa5b,0.6254737847764926
e8b95693607a1af6,0.735905306345733
362e59ee5f24ba56,0.6116424507658644
760d3c489cbc2365,0.32450264145045327
cdc43a10fec587b7,0.6247175679899969
436bfce1b2e96ebc,0.5638390278211941
8364b88b9aee50f6,0.5765428219756173
49b33a422ea5bc22,0.7101718036886526
7c87edf2fa4449ce,0.24880398171303528
ae4d87302f77418e,0.479818869177868
80504f5553a663cd,0.34810162941544226
285102ab56c81c9a,0.52346512972804
ce75929520b6600d,0.6537261292591434
90e157fa590bed49,0.7179837449202877
72308a9b8ed351ac,0.689310186777118
67da97f4bf5a43aa,0.37049238824632696
7a2c3503f50e758b,0.674466231634886
7c277b093ca6e70a,0.3379301383244763
e17cdb698e7793a0,0.4879946389496719
304f33ed70c9905c,0.6059248007189747
f671940234873df5,0.6844944904657705
4c60ff51f1a98ddb,0.48098480384495157
357333ab581b26a4,0.47509571741169115
c12b50c410a56d62,0.34979680759612375
280ee73ea3f9a150,0.5130771491090966
9794f61f2b35c374,0.29805766255079713
99bef954535737b8,0.6797808690215692
164deb1fbf6d3d15,0.6810553884026258
17f64dfc919c257d,0.420969232572679
177f1a78be284fe4,0.5271570998749608
6575a6e55c3aa52b,0.5518596397311659
e1ceb3cf89c78b04,0.3906010706470772
2787d14ba4491e60,0.4815790833072836
47283a11f402ab9e,0.518743591747421
3e13ab75e759c66d,0.6748686347296029
565632830f202280,0.5353269185683027
c60dd36532e24523,0.5622592763363551
1bbb760f70ac35fd,0.3403749921850578
5952ee73f64f8e8d,0.5886675953422945
0d2e12deb5dc05bb,0.39377216708346363
93cf50cff9e70197,0.5846655595498593
71a0f1d3a79f9279,0.41630429821819315
ff1b97bfbc1de495,0.6322694982807127
152d66dccd700ae2,0.717317024851516
af9475d72cb09bff,0.4742346201938106
50c6ae4f3f0c520f,0.6338704946858394
53277c274f93827c,0.6794407197561738
65c28bc2a138b604,0.6499081158174429
ab3f36de97ff5288,0.20878642935292277
6e673b3e05a86556,0.33943194748358857
29ade739f5ac47ef,0.550537867302282
d6c96030b8564b06,0.5810717099093468
5ffe88ee98e246bd,0.28415192247577364
b75847a46dbc7758,0.4116893365114098
fd4f072e7db648e2,0.7828944357611753
3b600a791eee47c3,0.549451977180369
3205c60644f3310a,0.36428731634885897
37edd7d198365da8,0.7376386019068459
4aed77bb42b6c35b,0.2847896452016255
70b9c5d2c47a6231,0.6853388129102845
5aee71b30cf4e773,0.28615524382619567
3b6034955fe901a7,0.21206861128477647
53f7e37ad065a1ff,0.6538419584245077
8249af221f0dfc62,0.4952969130978431
4a798f098b3ac80e,0.6946092216317599
7859a3365dc11f7e,0.6971423765239138
0d6ab61f58e22d8b,0.38270704517036574
d90f47b845ad8044,0.5926025711159737
908f76b67c5d77d6,0.4004425601750547
2e13d0c9efbac24d,0.5009547905595498
fbd3509fdc1e2fe3,0.3078591981869334
d0c07aa05dbee8c0,0.535372229603001
e2066400c0c997d5,0.6658694474835887
9d002016fad484c4,0.7703580689277898
18105a09ff042e04,0.40062320256330103
97dbf62f03867f4e,0.6281513754298218
008e7b56ab9053c6,0.6904160597061583
e382e61b69858e84,0.2552089598311972
a02b2c12a9b232a6,0.3867219756173804
5d4eefc602f1a815,0.6324031259768678
8c8faef5bff7b3c9,0.33866032353860576
8ea4fb1f9e66fa76,0.2708503907471084
22a32bb8f8bde6fe,0.5309619803063457
6a655866f90d61e3,0.5107493357299155
b15548596622ebdc,0.32232174116911533
e6426b5a54e4a972,0.6606228977805564
2bb1ea15970a2de4,0.22340225070334477
5b2c1fc3ca8dca34,0.3873880509534229
b26bc3d1078e5a5f,0.4313337996248828
9db2f38d40ccfed4,0.3642603977805564
8481c054b0537a7b,0.6737523249452954
c4016925a614e39a,0.5515763090028134
a6145b00b87ffbfc,0.7713395553297906
856c1f1b7a16dccc,0.27430500156298837
5db9aa657576b123,0.20809676070647076
e6c91e69fe022b81,0.8396391880275085
18323213899682a7,0.2595478235386058
84aeda77a9eaf7a8,0.5843107572678963
60aa7eb39a1066d5,0.6571236870897155
011908fe41b2ead8,0.7502942130353236
95a236faf4cbd0c8,0.5354075609565488
c58d93928c4b43a9,0.28666780243826195
e3d5116d0ddea646,0.6584513246326977
3d33771711b587e9,0.6312657979055954
ca902179e21ff302,0.6417594482650828
4b2142ee3d149d15,0.45513996952172553
d78803f699e1394d,0.5792481048765239
ef2d9881a6438977,0.2276835026570803
3b5fc032ae2a290c,0.4452483002500781
9d5473cf79999f4a,0.5481494334166928
9aefa72a94558b66,0.6742899773366677
78cc36a16e5afd3f,0.46762471475461076
0628d45dc33a5639,0.6134313613629259
bc63ee6da23c5dc0,0.7219163605814316
5a69761001b7342a,0.5075053063457331
f5384c1b33a306d5,0.322665731478587
9f4fb39fb6e8b6a8,0.4825914817130354
f7787ed37e4b9d05,0.5965136761487965
eecdd457b6c7edb2,0.6327146178493279
f36c01f2f7fefef6,0.6878707017818069
abe3d414c510a7dd,0.501399124726477
d1f7dc9b905e0fb1,0.28508798061894336
a97c23cf1c8d474e,0.46090744763988745
fa77ebf418dd2361,0.3185386956861519
4fa91df3f09b649a,0.6096410870584557
4c40bd5075d26ea1,0.7211188027508597
559cb0c10ea413cf,0.5358006525476712
b07714f5d0a305a3,0.6760768365114098
ac26d06332fffb35,0.31378621444201316
f3a18a7976f15c5b,0.3365903055642388
bd610a8daf3173f8,0.29692957174116913
b4db2ea448a373cd,0.3546118865270397
a9e601aca0377220,0.7127475812753985
7580e5af192dbd01,0.7678083854329478
3b50e09f1d1584b8,0.47025543529227887
e752099897ef3c84,0.37435195764301343
9e556374eb31bdcc,0.4962572639887465
09bf3001382d4d51,0.3322362144420131
ac4f9d21db6d0551,0.46553014613941857
bab162c780dd5d3c,0.4592673843388559
1ac05275c95e2b9b,0.3701767778993435
ba53d76ac3815303,0.6847158447952485
731194026ddc8a00,0.6520981673960613
565ccf55ce0f19b3,0.3231612378868396
c610846e274513ff,0.5388317872772741
4f2f55e6f8f022f8,0.45836654032510155
171594c12d4f22c7,0.19184591278524538
fd9a29be83f07915,0.35976369568615196
0e69e13d2585552f,0.7663294935917474
8458a25c7d299656,0.41226775554860884
36510a7e2e8cf5e6,0.5775941505157862
4c689c2ab0b1e458,0.7344188457330417
bbbb01b896a60659,0.48783758205689276
95a6091ed902a1c0,0.5090483979368553
226f1fdbdf45c3f3,0.3428290833072835
b3776535f92034c1,0.3721781533291654
e136a41bbd9d2ebb,0.661200922163176
2acab7498f95984e,0.6010774734291966
5a97d6bb500166e9,0.48027807908721476
53ad75887ce27a2f,0.4177918099406065
4bbccacfaab6a76f,0.557487136605189
8d5dbeff654a20b3,0.24442209674898402
885918cc4b58a92d,0.48255362222569553
c33b954ec9e9d53a,0.24837628555798685
c73aa72e6960366b,0.5096449867145983
28c265c8e738031b,0.8104401453579243
16f59244fa16b9c5,0.6755280595498594
ab1bbd20f2288ef0,0.38733413566739605
21ce9f486720b00d,0.5127990622069396
ea98936cd5a062ef,0.5720609643638637
092b99905affadc7,0.660607939981244
f8a1935cbff0e3e2,0.5207840340731479
557ff2105e2227eb,0.23226143716786493
e28b4c1e7eede953,0.27977873163488587
afcd2875196e3514,0.5601972921225383
622d0c5c885e5d67,0.5657490270397
5ab123deb8c8e0b9,0.7213025437636762
d70f7077ffdc3675,0.5511688887152235
ec0e23575480409a,0.5572320178180681
c42b1312f2466d13,0.5030147389809314
58f7c9cedf508963,0.7685920834635822
483a6a2fc6820e34,0.5086531142544546
9a410bdaf99ab250,0.7543474093466709
27d8448c7743312d,0.5927943068146295
d22510648b60b80f,0.7633496795873711
cf71cc1d5beaf427,0.7565813730853391
b16d96c422e7686d,0.6083573421381681
f3bb00d62eddf347,0.29310003125976863
e7ad214e8e1b87e3,0.4878729095029697
a149a81fa46121c8,0.3975233354173179
954ac0304d013ceb,0.6859799234135667
5fb61c8caa291bb7,0.3451195881525476
b3e6b65c022e07a8,0.679300277430447
014590f5ad393d98,0.4493716903719912
fd3098a48d0565da,0.1950664074710847
597dfb91140f7a43,0.2561298218193185
29c72ad86d92588c,0.2890154462331978
46403e8726688e63,0.2194765043763676
586f9bad93615a9e,0.7684933260393874
518268ad7eaad020,0.5077501602063145
eb68006674ff7853,0.5232948890278212
829bf94f3c7511b9,0.6039250586120664
472338feab38fd63,0.20705561503594871
e2eb7c00452da3bf,0.5133224640512659
264d5eac0a3db4c1,0.5684228626133166
5dd40ed8f6931f40,0.5107844756173805
ea07294f7b9321f6,0.49138887152235067
800d5b199211d908,0.3662977375742419
c26171ff73291cde,0.6700287081900596
9b039401395029d1,0.3726318888715223
149773fc93e82e0b,0.7613054079399812
377962b226c4354c,0.4143701156611441
b33ace47f8c9cce3,0.3426548257267896
5898aee0357167ae,0.44867841903719907
5011475bc46160b0,0.30181031963113475
49403fb05b28bdc1,0.6423063418255706
d64f9b8328cadfcf,0.5774318849640513
8347b5a18bb84a35,0.4060822366364488
a72c9158377598af,0.3962173726164426
346932f67e7d808f,0.6543041262894655
e4962aaff0cf97fc,0.5699988863707409
d63549a6e599cc24,0.22301609487339794
d013eaf626e99575,0.5715000234448265
a7c0072db3d224b7,0.607846491090966
b87493b15c6b1e21,0.46253308065020315
cd6d6ab0bf1601eb,0.48917797749296654
fc7b0d78438f45bc,0.6118557400750235
b53e88867e63ec5f,0.508231599718662
1e1e7de7f17a14fe,0.36741012425758046
fff1df28cf047de8,0.42122532432009996
9a4279b8c94a438c,0.33314812441387925
d1a19d29c2aa4b9a,0.6020782861831822
ea65ca7ec57132e3,0.6241327133479212
35cc6e8b29ac28d6,0.7580172749296654
35cebb20cef64701,0.7396848351047202
03c27c6fa94b88b1,0.3013947835261019
654a7847a4c3d0a9,0.7259621014379494
d82da976d107c4ef,0.7512453462019382
0f7cdda5aab7cb9b,0.49285886214442015
511e61b096246922,0.3599273210378243
9bd56be8ba9524b8,0.7033715028133791
08980e1d210b6aa6,0.5901871834948421
c84430f350b3a159,0.4775870154735855
152edc8f6b8762bb,0.5798403915286027
a4a8682aa22552a5,0.6113625429821818
5448387d25232e4f,0.22367914582682083
86b5af3c99c2229f,0.26493262347608626
a243c84e17ad5313,0.5843794467020944
1cd4111d9e2c14af,0.335003966083151
d6596bfbfd4cc049,0.619478505001563
5f6669357f9d2602,0.6517738433885589
8ce4d3415fe4440d,0.5019224093466709
b7804e0aef5425ac,0.27292229993748046
a68ac8503924dfd3,0.7033388480775242
0ee54a169cddc5a0,0.4276915207877462
91e67962d58a2196,0.492385979993748
337f92313341198c,0.47884211863082216
62fdb17735fc24f2,0.40523609721788056
32070e417cceeade,0.5340907549234135
d10e86cc3232dbc9,0.7485933963738668
9e379ff80b817265,0.6143342646139418
cfff3503c56dab5b,0.34796557127227246
9f21d3f021ded79b,0.2956147819631135
5fe69ac7610324ba,0.47466443810565806
fda80e0f061a2a2b,0.6166955337605502
e5f50a39b4e83fe7,0.5511073851203501
b7ac8ea60b369ad0,0.30175516567677396
f4aefa9fc2e0d241,0.7009560761175369
0f32bcb05a22709a,0.602174402156924
13334ae771ee01a2,0.5403184588934041
d2596a53564c0b21,0.47071200375117217
1a90578444c1c9a4,0.37105311034698346
38767f6c13ad1bfc,0.4273298218193185
8d312d36ba150056,0.35158886370740855
c4e9fb7cce4bc726,0.47376457486714596
9ff220beebc71a5e,0.30231544623319784
24bb5e20d933da44,0.5181620506408252
42f6ebdc63da37de,0.5625477219443576
39f065a3b51d8011,0.33123078696467645
adfccf4de2f8f9e4,0.3644807557049078
bb73756443a5eee4,0.46050551734917156
0d9c7ad016175e4c,0.6045944982807128
01d6dee3fee929b0,0.24407746561425447
4c94ce26b7eb0794,0.6678263793372927
184edb2637a41d50,0.47641021022194446
b14c8ed6d2ad7039,0.26651230071897464
efdd1d7495765245,0.34173826195686147
affe3b0f590fae77,0.6983786613004064
3edd7de677b91b05,0.5090193966864645
ba9e4528463c5dbd,0.4902304704595186
8be8330f2029f548,0.4318540442325727
df6e6d77a02918af,0.4404835104720225
33d9746c24d2c070,0.53101923648015
e51c785618029ad1,0.6816600851828697
d53ca1e375f1420d,0.5950401922475773
d4133e84363708fa,0.6712798765239139
094a4df459f84f9c,0.3052349445139106
c95b97cbc9622e38,0.4067714285714285
8a243d50081a0a41,0.6737820256330103
f6f2fd05daf66b4d,0.3425767896217568
3b5e52e54ed29ece,0.6070216356673961
144d292add5f41e9,0.6066288136917787
49aedb77fa2fb4fc,0.5885555447014692
81e5d80b657413b9,0.7067968349484214
fb21fa126522b6e2,0.5461743357299156
3451b921fd37a93f,0.6132395865895592
e25080fc68263c8a,0.74490082838387
64f0448c8bc4b1eb,0.2590558416692716
ed89496194aa19dc,0.4804402977492966
fb22f7c013b24779,0.48017658643326044
1590a07714e8a656,0.3304448773054079
54ae2ffdf139cc38,0.36850672866520795
96bf13f3fa835169,0.5521730150046888
559cc1345795571a,0.4212538957486714
325ad194b9f588f7,0.5375968388558925
13ff609306472199,0.6639194396686464
3c87f31b6953fbbb,0.25552192091278525
2dd14f20786549ef,0.4685482455454829
be72fb5da729ec70,0.29616300406376994
dea2b01ff6868477,0.5760781494216942
c7ffc036c6fcf66f,0.6527140708033761
67b0cdefddff90ef,0.6820311112847763
eb949d7c7beb6354,0.5930803884026259
72dbbe8ab710128c,0.6453189824945295
fe50a3aa77d27195,0.26184278290090646
b7dea5f446a371e0,0.2972237105345421
3b6627fce4fa7c6e,0.23678565958111908
5766e8d8c783a487,0.6690812441387933
818813e68f11c85d,0.5652141684901532
4efd1ededeb6af5b,0.4475743552672711
7339d8d336c0728a,0.4258164543607378
5932b86b513569c7,0.5025831353547984
667e3c34655efebc,0.6567954438887151
211cf2ea67620b3e,0.727527860268834
73ddd41ae18acb03,0.3434997811816193
b7d7b9bb940bf7b0,0.6628553180681463
672de9994012beff,0.33723029071584865
1fcb989eab73caf4,0.19720484135667396
1a8eef4f4936cf0b,0.3842256798999687
181bfbae0ed5b503,0.2322421733354173
0144b06a9d5772ce,0.7651590262582056
a6d79b35c359d2ca,0.6322854993748046
adb1f5a83ffc8956,0.6960461863082215
7fe7578307634c36,0.720981181619256
ef916f6bd9bbf8f3,0.6638037316348859
261b4b9303f16955,0.6313894498280712
bdd3d57f2dcbf24e,0.3662069474835886
87478ecab9990b69,0.4286257932166302
00903281b49f7885,0.7225761292591435
faa54ef489380476,0.7074180212566427
afd67495e65ca43e,0.35490287199124726
3cfeab5f2a521bd7,0.7615685800250078
f889243e554a57b9,0.5650404149734292
1633226e5baee1a0,0.7841808924663958
09429539f12260dd,0.447377027977493
4642f19a02b65fbc,0.2690396139418568
454379600a0d58ae,0.6212885511097218
806b67c9407deaf5,0.2986196428571427
64147a091385f1dd,0.4151281181619256
410684a9ca496c4c,0.37567166692716475
198aca03e558bad7,0.4300492693029071
19112c76b72e70ac,0.34804597530478265
33cdd595d6f64465,0.310639438105658
b678efa350251d1a,0.7558770162550796
2773ef74c8379c3e,0.6470840106283214
21a85668c56f4a28,0.5626176305095342
ad44c67c941b730b,0.3801568497968114
afafaec6ed7cb894,0.6512177789934355
7b2afaaec11da7c6,0.4738715809628008
14f8df83cb5fb959,0.6428259846827135
2fa6287a9d075ec1,0.3757305173491716
a20301029a5e8b78,0.664115504845264
64c226150b42ee5c,0.6144165520475149
7012b66ec38b6038,0.20635634964051258
334a43b3d7746442,0.6306256056580182
3e39b50358f01b64,0.6767393677711786
dd424dd258080c0f,0.4782583385432948
b6815449a050c02f,0.4008084713973117
786b0bb1d7a4dfb8,0.3535077211628634
bfadd1b4779947e6,0.6986923140043764
23bda92c60bb92e1,0.7529692638324477
20f374eb224e1a7c,0.4280345146920913
04bc6e2ce35edb4c,0.5997528172866522
f5fe2d58beb86d40,0.4355104368552673
203f3df885ff03b3,0.2701097256955298
ac5388e6680db6ba,0.330471588777743
20a190db150bd0a2,0.4420029853079087
03b8f432ac8e3226,0.44515021881838074
800d13aa581dc05a,0.763487585964364
32ad97494e39788e,0.5650558846514535
762f69f875d0a0a7,0.6358947249140356
7102288564065a58,0.7166627227258517
a244d35bd0a46b86,0.5665710808065021
9fd85d10d8d80cd1,0.43692033838699595
cd37f417a290a412,0.5835568029071585
087a61efb373df95,0.3721319123163488
5cc1bb67fc9fa495,0.3199671811503595
38260167161be0f4,0.5655635979993747
377d6156aea5f7b3,0.7651695178180682
de73631ba462d9d8,0.28112347999374804
c6ad617675fc82bf,0.6991468154110659
53c0301b075c4edb,0.34707753985620504
d5d5bb7bc7475a6d,0.448498671459831
2785f7c003032f79,0.41270790872147545
bacabfcb41e851d5,0.717359178649578
930620d9c45cfc16,0.5854246014379494
a2253bc60bd26111,0.44734114176305095
48be98b0da47a60d,0.28024241950609563
4192611de72c647f,0.6914530321975617
0a3e55a0415cf1db,0.2510897428884025
94a41eaf6c166f8a,0.5250263441700531
65c588ff0e6a0940,0.4976413215067208
7316f0f5207cff7d,0.7030120428258831
fb48d6120d40241e,0.2540430407939981
83e835be4b7da5bf,0.3847670443888715
be007ff41dfe8e33,0.718740039856205
ae762981ec3e2222,0.7093061073773055
9cde4da63a470364,0.3101902899343544
1e641e6a0e15cb0a,0.751766974054392
f1e1bfceceaf5b3d,0.4062853000937793
b33a9dd2d6116451,0.5827315879962488
6a00f8682a96e6c2,0.3738379102844639
4889bb3fafff04a6,0.25312958346358233
d83965adda3948e8,0.7247957330415755
35ebd3eb17d43331,0.6167330376680212
4fddbddae3f8c321,0.38020709987496093
279f5d02ec1d4618,0.6824601398874648
18dc05e08437b19d,0.6024620740856518
fd5e41a3afe867c6,0.4596416380118787
4dfc9b4693d64425,0.48941069084088773
38efe84b2371909b,0.23968095498593311
d5ab3634461fbdba,0.5620493748046265
88ee52d04ccee47b,0.670545803376055
311d0a7d1bc40182,0.4930597374179432
ca3eabbb86d9d394,0.6403756994373241
0839345320590491,0.2724477102219443
3166da0225b35bf6,0.5341911261331665
4fdcce92f68b7529,0.7733160206314473
4c0a03f188fa9938,0.5088499921850578
efd671b84d562241,0.3900631447327289
a1be96b06611a4a7,0.5575649460768991
7c15209ba7808ba2,0.6833374843701157
b4fb7e75679d28cb,0.7623667005314161
095adfc07a65ed27,0.5093766958424507
a19e6a028348c708,0.2973787042825883
bb5e510a6639b43f,0.6348240817442949
fcf27b9cd834eeab,0.3764837253829322
dd9e809656743e04,0.4708084245076586
9cf20fc9b8513a03,0.72415525945608
d929256e10f5e94b,0.5384415442325727
c7372107d1356264,0.6543736870897155
fb002ae965e2435b,0.3759599015317287
891d7ae2edccb735,0.6465879102844639
33b3795f9d4a8ef6,0.29413011487964985
bd1c976bfd04983e,0.597881873241638
22d26961eaf80875,0.7565896803688654
3267d0aa9600286c,0.529828688652704
f85b98ab9c2071aa,0.23394669818693337
4b4c86d64f258caa,0.702021405126602
af271d6d690a0b0b,0.3503166301969365
8b1bdd0f68e6ab19,0.30558513988746483
aca740ec2df56ecd,0.5806720811190997
66cae06936335046,0.5479120623632385
8aa96ed1f09b6e82,0.7344566661456704
fb089d648c0fd719,0.4742961980306346
b3b39f3310bed9f2,0.5094429196623944
4c9ddb6a1c08a7ae,0.263716884182557
8dafb6cdb58233f8,0.7759689434198187
8512f25e0995f115,0.6506262347608628
3e89b24f6780dfad,0.6225579712410129
811b5cd3d60f8f01,0.5551206040950296
8cecb78a9a20021d,0.4017985620506408
c726d19506a1a864,0.4548017310096905
bb71d5690f654fab,0.6443332291341044
01fddb547603eef0,0.45515815489215383
c6592de36f791128,0.38442481244138793
ccde7fc6a8ec59a5,0.35255460300093777
ba6d1493e3a1c1ad,0.6316745389184121
7dfaf88276d52a5e,0.6128413957486716
c09d65931e21624b,0.698374257580494
f9544a6dbd4caa2f,0.19955743201000314
b374ef23d5ca3b3c,0.4378254493591747
c51f8b67a66b5aa4,0.7849467099093467
4793cb7dc1d36c4d,0.6211746600500156
c4a77a4226cf0e3f,0.4713575804939043
11b46e06959d7824,0.7176118240075023
75083fbf03436018,0.6269488394810878
44cc96b7436e60fb,0.6289150750234449
9c78ab8c7f52b1ad,0.5123364254454517
27c3ba5b3d6374ec,0.3564923491716161
09bad77cec8a0ea7,0.6101672006877149
7e5eaee69f7e8e60,0.4297396803688653
9701beed4cb2fd40,0.34567025242263205
a886ee5f5e57d356,0.21839878477649263
43322ba6466f83ae,0.4626547827446076
39ac7a6c910dc826,0.499333162707096
a7624810eab99b39,0.5428008635511097
27ce336c13dd7f0e,0.39132383166614565
35ec56371ec7bab3,0.6375484956236324
1033972a8d27b8f3,0.731885608783995
246fdf152b78ea45,0.2670510667396061
67db089b7a0697c3,0.4033498710534541
51541de4865fee3b,0.560845295404814
2e0ffa5c733d2a47,0.7071565645514224
c307a7a1d2e93ae9,0.6824881447327289
60775afc974d2192,0.4782116325414191
1af8370aec8adce1,0.6376589793685528
7adaed59e375f94a,0.45483190450140665
d3f971f17d9ab0d0,0.4383874882775868
f1eff57932ef0f4a,0.541600597843076
b41ea8380984305d,0.6534098351047202
dac2137cd3aface7,0.6842894381056579
48da40bf199dedce,0.3949266802125664
2c36f80cd8d50da4,0.2281276922475774
e45c5c285ae25a13,0.5243586316036261
d57fa89c692abe6a,0.6378502696155048
0d5b889f910953e2,0.38555594326351983
a2bb73ef62a1fa41,0.7101343779306032
161e450caac64b0b,0.4644242263207252
870239c07fe84d59,0.6085691583307284
1a510d36c73a9190,0.4723093115035949
6365e056680facbe,0.4747842958737105
7e5efd56e82bc148,0.2474757502344483
8ddf8d226ddfa267,0.3121344365426696
aa2927ee663efd7e,0.51516761487965
1969a71e6c309cce,0.5634384924976554
33e3103e2045fa64,0.3616228508909034
79d3953d4c100b9d,0.7492052203813693
8a0bec565c237aae,0.4929564864020006
e7b2425696ad04e1,0.3804005783057205
1585c48da5187cc9,0.5320442442950921
b508d898d174eb05,0.6213650554860893
ae96ed3d88eb7aed,0.37451833776180055
3780b01a20d9aafc,0.559783303376055
5d2ea0bc3f49f99f,0.6026358354173179
609566c49b16621d,0.3609970693966864
52a50658bfe832ee,0.5865113629259144
76655f684bc2518a,0.40596060487652386
507aa51e38d00459,0.45476152703969985
e7edc5fb783b818a,0.3488073577680525
3488c9b765c1219f,0.2663818966864645
60726ee6707bab89,0.726059772585183
724b704c54783fd3,0.2112581783369803
23405c43202f489c,0.34435973741794307
0a275c8c3adc1e3b,0.351431275398562
ad727a83295f79c1,0.7298674468583932
9fcd517a3727524e,0.566158631603626
c1a15f34e5189a8f,0.4768453930915911
ee586308edeeb5fd,0.5668667982181932
61323c4c907b9667,0.6730852688340107
dc6ad9b2ea237556,0.7553913605814317
fc261535991f079a,0.40198433494842134
199f8696fe22e8f6,0.46783737105345413
80c803fed1e7b815,0.37135170756486396
b3645ff1881e6181,0.404720479055955
f077bcf8ba579026,0.5413643599562363
c98984325495234b,0.5422788019693654
2b1acfb2885f0207,0.3930195881525476
58aea5fe94bdc9f0,0.5320156416067521
13ce2e76f9ac9797,0.6122114449828071
585b1ae5f2fdf9d8,0.7439354603000937
c02d00f3c935fac9,0.4849911222256955
961c1ecf22020dd7,0.5472032783682401
34a2c0730076cd51,0.703080169584245
f08c72208c842a80,0.7653211159737419
3d0365b300b08d12,0.5648621483276024
7698d1646b1160a7,0.40309217724288837
46fe0812a4d6a0e5,0.450936675523601
1992a8cfd9dcd0a4,0.7370480540793998
234824681fe92370,0.3675813301031572
66dae8fb83f01cda,0.29781353938730853
565a8741e734fb66,0.4072176109721788
85796d3a4623f1b4,0.3014210456392622
980c038df259aca4,0.2742496444201313
847d49fff22ffac8,0.6997455298530791
3ab579aad87803f2,0.2292522233510472
7c287939d256c04a,0.35019338465145355
9b56b63c1ce61e36,0.42326247655517346
2b2beb4ade849fe5,0.6359879220068771
ca97e3a639d0f212,0.42103511644263825
cdf0a515724936f7,0.48065431384807755
f0d9600d63271cb1,0.7189754063769929
61f6d6cd6e8ebecb,0.46421155439199746
66bb128d75c1a31d,0.5140580884651453
ff6ace3df2f93fd8,0.24446348468271328
174f6de5e6fd0ce6,0.7517517700844013
f629016e686c93c7,0.7200105228196312
8a5cd96071aee653,0.20298814473272897
47a56fcce1a48c57,0.7669481205064083
bc218a229f6dd8a3,0.4937534229446701
6700a0d8cc03fd40,0.6087102258518287
bf07422782deaa4e,0.7762224562363239
67e5b268a06fc16c,0.3219333698030634
775246a31de87040,0.46416934979681146
a8c96679585190f7,0.225432658643326
85e8b073ae9d6cb6,0.6696658955923727
8d783fa9a84a2016,0.7062618904345108
afa9ef8b36efca27,0.23229948030634567
292ad72f433b2ec4,0.2938446350422007
543a382acb950efa,0.37673571819318535
97eee667e12fac11,0.6385435565801812
f1594e042dbd4135,0.398841743513598
c4acac79bfd54ae4,0.3463911495779931
f1bc5cee7cfbe74f,0.510622604720225
25e346e1b0340347,0.5321211003438575
53b71602a81f5c52,0.5503521920912785
6d2d4b17736e595e,0.571199726477024
f652427f39b6f10d,0.7930220693966865
1437d0c59eca00af,0.21659657314785868
d8980b5b1d68a4ee,0.7005911144107534
442b8a915014e871,0.5916337253829322
6a1e5bce20cbbd53,0.6971858276023757
ec75dfc7e578543f,0.24000583776180057
94cd35193b228a90,0.6947329360737731
15617a2281e76896,0.6165105618943421
ae22b29ad0d98702,0.42632664113785557
3e5ee530dd802ab2,0.40478760940919034
9304c1771978ab05,0.29849196233197867
635d5bab100147aa,0.5825826859956236
cf12cab6ff5fa6dc,0.6821393755861207
cc7ce49efd47f0a0,0.2890851867771178
20c507d578183dfc,0.634886530947171
e29e2bc7c3e6ef41,0.6971981009690528
61e270d51cee0fe8,0.6720572874335731
a1cf27e43a150760,0.7025522819631134
9bdddc292578558b,0.31009908955923726
fa0f0cb920abdb0c,0.7122102141294154
95dc87b7553104b2,0.7724572327289778
c268681605733a6e,0.39384486167552357
57f8444d376ead3c,0.648321913097843
1eb08c4e2e2d0a0a,0.5932448147858705
65f04a475e60bc71,0.550254888246327
54b86d86b2c582db,0.3860051226945921
ac660728eb9adcbe,0.5236697405439199
9dc70760c7a65427,0.8312935292278838
707fa7577b28c00b,0.32478022428884024
dfc0ad3ac006f7dc,0.6123357260081276
d02c60d97c52824d,0.43506004610815874
68735cd4123d2c31,0.7191724288840263
e7fa76e1a52159ec,0.3437226437949359
8e2a48702b61cf4b,0.2962271764613941
7b4d442d12660d2e,0.31616505548608936
1879fdf1618adb5c,0.573310933104095
28331b7b0b1598fa,0.26688015004688964
c27a3cd35a718f85,0.4402614176305095
003398b630719a7d,0.24874593623007182
70b9137733db97b6,0.507230032822757
f0ea5635eb777479,0.5861483783994998
e80ca1e08210095b,0.7415173687089716
033b8feb5aaae03b,0.3757383440137543
ac6a54139c7c9d37,0.6398159932791497
ebc95757b2947172,0.40003111519224754
2fcf426035785728,0.5257002188183808
78996a14f02ebbe3,0.4488632736792747
a87e26d221511c94,0.21217333932478896
c5eddf448403ab6e,0.2445366169115349
e8da0e67e35aa293,0.46110412238199433
88b632eaf9356d3a,0.4519499804626446
85571b011c6fcfaa,0.7947283057205377
9013d63ab473f952,0.6423242224132542
960cad37cffe68eb,0.43652103000937786
e247eb8f78f75a9f,0.339014762425758
80eaa51c4c8a00ee,0.3787227610190684
35849a3326fb87fa,0.3080647116286339
d95e6b933db44247,0.3127231126914661
c8d99c2ec6082321,0.35219850343857456
c9aea5e1048b2e51,0.6758334635823695
e01947dd147cbbce,0.2933908487027196
ae79b75a13c928bf,0.394348710534542
ce571fad3257b3f6,0.24859861675523595
a95633f51ef3a7b0,0.24841557517974364
297c6928439e696a,0.7181105501719288
a4d78fd9f9ffb303,0.5058867810253205
2dbf5dac4bc14af2,0.7144485307908722
484f57153280140c,0.6256786573929354
db3d92a2887ed53d,0.7017236949046577
0fcc2eaacbd92a61,0.2356888207252266
3b06de421485ddad,0.5902051031572366
3ab1395e200e5b42,0.5907769224757736
8b607b6592065a8e,0.4313254220068772
a58b1c259179dc09,0.7407464207564864
a84f2ec64cddb96d,0.7317440215692403
794ec7ff88727529,0.3493109956236323
7bec4fd7e9a158f2,0.3973039856205064
bb364b5bbcd978f4,0.7163724054391998
89b648a5f0f0ab12,0.455372831353548
63de8d6c54817aa3,0.2459317013129102
f379e9f71ba0c23e,0.47400073460456393
a4d79f83a661fa2e,0.5020482572678963
211b21d15b3b91a0,0.422659592841513
1186f6b426beed22,0.30025599406064396
8dbf55afa93fb576,0.5794586159737418
4c37d40f77654769,0.41936060878399506
282449c18b62e5e6,0.7491423999687401
12472f1c83854116,0.7144885198499531
eb624c530d058714,0.46135543919974986
916aa0618dc412d3,0.5918237378868397
b9f7f01f0c234a62,0.6344074398249453
d6a72e0c5f8c9277,0.32275672085026563
888195334e946eb0,0.2728514535792435
f1aaca6b558ffaf2,0.423921174585808
cfd7c6655e63d480,0.7529148952797748
d54c579db2ee74b5,0.33422693419818683
3d05c28ee2849928,0.7983216356673961
88653ba09b9797ff,0.35475572444513903
270649bc52035cbd,0.31742641059706156
164c0240a44d6755,0.47891708737105343
71d79d68a2b92f27,0.5823895396999063
9bb25aadd2b3bdb4,0.7794859760862771
b3c62935a53d8997,0.3504900554860894
e850d24192f9e415,0.30213600343857455
0834b059b33fe386,0.6730882072522664
57cca7c7ea10b6ab,0.48606896295717406
39483c2d8174f1ed,0.718943404188809
4df07eb70c71ec51,0.7330433104095031
771b30a38c390789,0.5820759885901844
65037a69f9336b3b,0.6128754337292903
97bf39056279f7fa,0.46508138090028134
1a2d12af54623039,0.5214165207877461
e649d739e4cbe4eb,0.7762451781806815
7c35e8ece8dd52b2,0.6480918529227884
4f679f800c6abb6d,0.6364682400750235
42a8a8ccd4f9f9e2,0.2854075101594248
662eb31e5ca29cb7,0.43200436464520164
39a75d0fc9a932b4,0.4818291262894654
f80b6c96f9ca16ca,0.25380358315098467
d1112438bc117eb4,0.5908846592685214
2a23256f8a1b1dad,0.6167302829009066
e3da84e292717dd8,0.4778776375429822
b3da0bcad91df631,0.7789156142544545
b7317d34b8035aa3,0.45147076039387307
263b44530f890156,0.6195711003438575
4908216a464f51c6,0.6642765825257892
d0b576af5fedd973,0.5115366794310723
d53abab056eabccb,0.521643681619256
9947a71c07c08013,0.6301929704595186
e3f83e6765042b60,0.5458879141919349
b5e1fe2cd612caf7,0.3409935214129416
2c979dd3ae786b0b,0.24525851047202246
37ebd133842ac652,0.6757472178805878
8d7452fc00bad24b,0.6885907822757111
be4d73360ad37873,0.41511999843701153
40b14de62d50cd96,0.8048187206939668
e8b95e5aac14d285,0.3355848116598936
545aeb4e5c2808c7,0.43692985307908727
3ea943e815e609c3,0.42337609799937476
9c3663c00fb99ff6,0.44310619724914035
6806a16705d54743,0.5926930564238825
9658ef3f8e3ed080,0.6427560643951236
72aca7fa36feebdf,0.5864863551109722
dfe86e43c4930991,0.5920060253204127
4f82ff5b5651d2f0,0.3685643834010628
d13da56afbdee207,0.5188011175367302
0dcdbb940af66121,0.3519132697718037
0e09773245767eac,0.38612605892466395
b186bc9610e2b533,0.692458576899031
d54841a2e0a4cca8,0.6959964871834949
166c017caddab251,0.7585976359799937
a23f0288384f2f2d,0.5096842958737106
4886d310e5914363,0.3014486519224758
41edfc6111e88f1f,0.3852270201625507
0f33a4c86170e40b,0.531655396217568
19bac5bcc4414e66,0.30445729134104405
88ddba34446d1ade,0.4958834518599562
a8dfc97deea7f5fa,0.6582174116911534
fbe5da4001a21c4a,0.29778638246326977
8ea535444187b6ac,0.38664685839324786
1be66765efbe9174,0.6149893834010629
05f16b595e33f77b,0.464991884182557
3fb3259efef9eda0,0.2967011331666146
43836f5657b092dc,0.665043728508909
26ac42441170201f,0.7700125351672396
12a4ec2031ef6174,0.24099423648015003
d8e7f33605a80ae3,0.5526691622381994
d6bde3bc380d8735,0.5201264184120038
9e0c178f3e852551,0.7151391059706158
88a6149ecfb1f651,0.5164518247889965
54a33fc8125490a9,0.3984958346358237
2930f4f063583542,0.37755736558299463
5092541f5024187c,0.26181512582056893
e78a593c9b385330,0.587473011097218
a09be3a8eeceee6f,0.7202545209440451
7010ac1b44772de3,0.34612340575179745
49a17880c454c7c3,0.3687058377618005
4e36cc0f1383ebd3,0.6747852180368865
ebdb25864f6ce1b9,0.3417420678336979
bdb72360a5581c6d,0.6183763246326976
8c698e0fbcb6a090,0.41960314942169424
9c350ea7550d8378,0.3676952250703344
a8b88f7bb8ca6361,0.36551713816817755
3d326c98287fba6f,0.4398430017192872
f42c01d8b045f708,0.7091835261019068
8e5d62b3ab696aaa,0.3138244685839324
6224caf3c72e7ee3,0.5392865700218817
926fddd6b2ee63aa,0.22569760081275395
922cf50522b3b88b,0.6014816583307283
7d0fb10204af6166,0.7605423335417318
1a76fbd031e39a6b,0.73330821350422
fd68ea29d356dd75,0.3430977961863082
03cc36191251ada1,0.5218513715223507
99b5bb0b92d8a55a,0.27195943263519845
aac02a9d632924f3,0.28974372460143794
5d220b8e18201d3a,0.3275945842450766
14fc1d6fe2d4e69a,0.7600757697718037
35e119f52196b1ba,0.2834145670522038
40f1234b5a30403c,0.4991762308533917
d59ccb5d557c022e,0.6153420170365739
0c385e728de38f99,0.4239007971241013
f8683477a2ab2ade,0.6762480110972179
511fe8f39056b9f0,0.5428428727727415
c99c5d897170f156,0.5563933260393873
9d753071d21e6c36,0.4385218271334792
9e9289f66961c664,0.6200300562675837
5f8b0d75fdfecea0,0.3592521491090966
9dc13c482e059e6f,0.37162308533916844
3f87fc97c66a3191,0.6197038019693655
1b3f3ffb589858e3,0.33602340184432633
5358785efbcfdaaa,0.4457747499218506
57193bdf5b9a6b42,0.6509320764301344
4ba6c061c5bcb057,0.7983071115973741
218a85cad268eab4,0.6987804118474523
f93dbe2cfff78101,0.5436028993435449
a8481146cd533ccd,0.5706692677399188
84b0e8fa750b7a33,0.4117111988121287
fdcc76060f099b01,0.28362364020006253
300a47eca14f8974,0.6084675640825257
14218faebac40dda,0.4776743201000313
6df2c2d2e3c3a7a8,0.5577306853704284
73b49cfc1f3e9dfe,0.26750561112847765
7f686a76e0a43e5a,0.37775295404814
bf81324a27520bde,0.48434395514223194
f5d463ec64cf0b0d,0.40193288527664894
7b0554b8ca04f697,0.27244182166301967
e1b2fbbaa6be8596,0.4196990817442951
1b881aaa4217102a,0.5487750859643639
c212840fd1764342,0.4123903915286026
ef314439dbb365d6,0.2879312167864958
1772dc13f02d39b7,0.302414946076899
b9ed04801fc7a354,0.34849024304470144
105a3d1544b0f94b,0.5709513676148796
78654baca9d1378e,0.7448492732103783
9bc2056512b6d4b6,0.5456448968427634
09c4cf78e2e7adc5,0.4641179626445764
b2555ae21207d05b,0.6844982064707721
ae348fe15c764802,0.3322207838386995
f0124c71b8a4ad33,0.5325073890278212
b56dc4e690b38942,0.40259662003751173
f780521ce14740f3,0.36877583619881205
dc6f043604dd54fe,0.41377696936542674
e07db4ab9d64f3ee,0.643972100656455
8afd23b140e4bcb6,0.5600631603626134
11bdf36dc7a35404,0.2938238394810878
4996a5c048b055d5,0.6730754806189434
623d8021b7d32292,0.6190475382932166
9eaa2f70288d4b3f,0.3469992458580806
9b0054be7988059a,0.474745158643326
3952d82f6df456f1,0.34337911456705217
8533f9a63a9367b1,0.5168860073460456
391d9fb2c3bd6fbe,0.2005702407002188
101b529dd70a1e11,0.2554453813691778
85b19b6a46b45156,0.33099563535479837
a4b17c05d90ca2b2,0.4996847256955299
194ecba02d51bfb5,0.36436413723038447
20a12da2d8890e93,0.2842712136605189
2df9214ba1de660d,0.48391627070959675
bd7e307eb75933e1,0.6219664504532667
5e0b0dbe5ffe6e83,0.8530206314473273
bf3a6cfc9a1f3c80,0.5212185331353547
82ae8090ca11b2e6,0.6167779618630822
4901ed9747386ca7,0.6714922124101282
53084b49be13c52f,0.6584544037199125
0263cc51aa1acd4c,0.5927408174429509
41e313f2355b137c,0.6339408174429508
51a37cfce403f12f,0.42210118787120976
df4f484e6719459f,0.32008806267583617
de7f255e061d07f9,0.52418108783995
741683772f1576c7,0.6357765942482025
54c7fb2af01e96d6,0.6731131798999688
24c542dab399c685,0.4028204126289465
a1230bf06c58290d,0.4200431462957174
900e15461a12870f,0.6346605775242264
c089536a25834f70,0.45255088308846503
afc3286b544f0040,0.6565379220068772
c61465243a2221a5,0.5592670951859957
cb1f20d4bb93c243,0.42204213426070647
30725d20e5558b56,0.4557843544857768
94ce3e10e75f90a6,0.3118136917786808
48d0b89d569495d8,0.5677782939981244
ff1ad6d36283f697,0.39774278680837755
72be68b75d2c814b,0.2980175171928728
e4b90062b12b7030,0.741031044857768
d6323a665e446722,0.32461378946545794
2d37f4baed1667c1,0.5694834948421381
05781aee37a18dac,0.3972375547045951
de24d558a18a9f32,0.38296278915286025
cb44379989560ff1,0.3216710300093779
eb333ca8ccdad2c8,0.46185067599249763
1d5cf29e044bf468,0.682900050797124
172401cbfcd665a3,0.6361253008752734
8247761544773a90,0.21296692325726785
5f2c0797f7cb831e,0.3278596280087527
a7edbfd2acdf8ad0,0.4410010784620194
fdcb685349aaef9b,0.6360506603626133
1568e5a308c50e7b,0.6827493044701468
53f5f1c7014efbaf,0.5619558025945608
e992034fc58854a7,0.4289970381369177
b1fc334e48e20c8a,0.25592995467333535
ca9f6168acd90b8b,0.35269627227258515
929bd47a71c6b958,0.7365253477649266
f7ee05e2b2ea34e4,0.4643722960300094
2f3fdc90e73536d0,0.2493603626133166
b43f6d156041778c,0.30512801266020634
6b0740f130757056,0.3732323069709284
9f1200bd8ef18393,0.44045637699281026
bf0849396acf9180,0.25009617067833695
58f62b02898dcd7c,0.7358446897467958
825b360a284d4a2e,0.2948922006877149
0274228343b0c7cc,0.6848478508909035
746ca6b736caea7b,0.24691999062206937
69cadc81ce7e015c,0.3759465731478586
295dc3bdd969b7cf,0.6619609135667397
e0c7aeb2471c9ba6,0.6769866833385433
a7c128e7baf08587,0.4671301226945921
74ac5ce19092de45,0.5509272350734604
5642496d768456f0,0.752350089871835
9568d09b37d48147,0.5638715614254455
687eb07ac1ec9aba,0.3594246444201312
1131d59f818ebfc7,0.28561246483276026
70d46c4ad271dfcf,0.497323429196624
333d8235e3bd1acc,0.37338857455454827
f9dc0ee30937f393,0.6100892192872773
e2e48b863ea7d61c,0.6512244685839323
96ad67d29a15ec47,0.555032799312285
998b0ea49069c858,0.3188717060018756
cbf500fe483dca27,0.44128069318537033
32889f39f5c7e4e1,0.3449401648952798
f87241418df6147d,0.5451785987808689
afed174cf13b9d7f,0.4705312011566114
d52f3c40480519e8,0.6692460729915598
67306d595867bdca,0.3242705572053766
dc439b5c79486948,0.42117553923100964
35089dcee9e9ba1c,0.302749355267271
61b5d6ef5f241490,0.3455005470459519
45f5713dcef10264,0.5344354173179118
2a3053d58302242a,0.31609334557674273
0998f38d4d069491,0.5957675367302283
accc2c8ae67e6063,0.27863928571428576
9f5292cbd3806d79,0.3654414309159112
1fb85b95e91ae45e,0.39739030556423877
faa0394464cef2e8,0.315507013910597
af95309c63fadc79,0.4566837957174117
b8b45d6732b08fb5,0.40423498749609255
66966f55862259dc,0.5674240661144108
608333309da6527a,0.6281006291028447
36dc5921a7d84ed1,0.5418859995311035
27813742ebfe2b33,0.5995779266958425
211d5db960ca61c8,0.21781148796498906
5b186ac0d11513b9,0.8050645357924351
832d1c008bc3ef2b,0.6793213308846515
7d4e4f8d7d40dcfc,0.38349799155986247
f0dfb22c3a27665d,0.6906858627696155
407451c452cc5d17,0.72408699593623
56928312feff0ba3,0.57234128243201
9454541a6582c13a,0.43501252735229756
e6e2f33f21d593de,0.23238580806502032
eaa2910769614f8e,0.2910514262269459
127bd9796d970cc9,0.35013519459206
169858f0ea055525,0.2918693927789934
47a3a9c393a619bb,0.4960982064707722
d25e98683c74aa8c,0.43694959753047824
4f2ec1f813538809,0.6093050875273522
8e5753d72777a9ac,0.48326521178493276
d9cef172341ac628,0.7573016020631449
d2c6b2e087495365,0.6249280751797436
5aab483da67d16b3,0.488563469052829
ad319fa45d964c5e,0.6897190411065958
730d677b8c968e37,0.3035467372616443
b1e38b684248bd0f,0.5699398640200063
ccd097c32d7ca7c0,0.392627168646452
4cb0f5de29f8b8a8,0.5199408135354799
902aa8ae7819a527,0.2501658526101906
36cc1fd78eea46be,0.7002228977805565
5b8a6b0aae157e06,0.6468796655204752
d371f4cddd5ab580,0.3585866090965927
a07311ae113f1cc7,0.6406169584245076
8ff382f017152a6b,0.569851379337293
bfe18fe096f61209,0.5005304313848078
97f3a3f55f767d91,0.36033602297593004
a4058a2e4bbcaddc,0.6895308651140981
6dbcfd20040642cf,0.29191604407627375
42a6b3c10ef18f02,0.5474328774617068
9d7f6f4e136504fc,0.42840277039699903
0165f411bc818cb0,0.5307945725226634
bffe1b12bbe69fb2,0.5824026805251641
e01b40b1d6f30df0,0.6586898327602375
3201c568d1d26470,0.6660392153798061
0affa4eadbf1db83,0.7303591591122226
ddd3b7b0ab9f40d9,0.7465483119724914
ec738c2ec1bfcd80,0.23902906767739918
906a954f8e1fea07,0.7478858744920286
cdbfc59fb04fc180,0.7178335964363864
2d4770eef88200b3,0.22621205064082522
3d18600bcebb32aa,0.5277231205064082
3e050322f92541d9,0.46102015864332596
1221e13593768788,0.33530470068771495
e7ea980a9b3cc8c4,0.42880867067833695
398953f786ac4845,0.6862358002500781
e8efc32edeaa174c,0.6746036378555798
49f061e869ee997d,0.638065317286652
17668415b4ad9f20,0.38663389340418874
81e71cda520c7c11,0.6489693732416381
7c48e5537ec69161,0.44560345811191
7b6ba45bf7c43e21,0.5143719404501407
9cdc08694020bc45,0.629422233510472
60a026b4a766753d,0.37428930525164117
719db72fef47ca30,0.4750986949046577
c0b5b808eb068fc6,0.5120856986558299
b20616efa1e51758,0.3874911652078774
d1c2190b7e54ae51,0.3095031924038762
88d71cf388b60bf4,0.6423490153172866
c2394a42025bd869,0.7487320100031261
19b165b652dbcda4,0.7056293255704909
c17841139e5914a5,0.6873223898093155
5549a53bbf9d24be,0.6726172592997811
2da830aa5b2812cb,0.3275464129415443
fb36e8ea3112744a,0.4201393404188809
3dcfee7f0efc084a,0.6241575296967803
16a97d3860c22e1c,0.6449710456392623
6322b2e3f7dca7db,0.5140387191309784
a48ff3331f89fc6d,0.5022515043763677
e07a96472008d97e,0.7096744216942795
42af4fb223127bc3,0.3916614606126914
4aa484762f1d25ae,0.6925999960925289
c414fb964c9cbb8f,0.5311249140356362
397cb89e6ab8a959,0.6180947600812754
2e9d9d9e0a6af0ff,0.592776887308534
fc32ff9c59a22f95,0.2477496834948421
5783d334ad7f831b,0.7331198929352923
dbaa31f9fbbb6219,0.2597982416380119
93eb228beb06de30,0.3909591317599249
482d6bc5204e5ae1,0.44824792513285394
7128efa4863f0362,0.5072764184120038
ba5809f410734a94,0.5056897585182869
a571eb5010a2e299,0.31458148249452955
ad6cdd09fea09683,0.6288097725851829
fa9d2cf12e72efce,0.6538483744920287
a8ae0f9ef30ce81a,0.7730848663644889
3b234a17219db0b1,0.2174356517661769
25b24a0734045bd8,0.72077878243201
771f41a483c9f8a5,0.4916411144107534
22a6c4ec274869d7,0.5999594912472648
e48895820558223a,0.21794126289465457
02c11767f29d0426,0.27755059002813376
d686fd200c65923c,0.7583805603313535
adfe117f01ca698a,0.23245342685214124
69f3b49837e76dc6,0.5177258283838699
2e72632e2ea73631,0.3806569084088777
3207b91e24e27568,0.3754942677399187
95f22517cd16a7c2,0.413738656611441
543936caa0e83a72,0.35104778446389495
58c5c659df736b0b,0.3036674624882776
997b65e2ca34d529,0.38485230931541103
75bd9c566434eae8,0.36119088777743047
14088d0f66d091e7,0.7253659463894967
4014d97b63499622,0.45645225461081584
f9d10471eb47111f,0.7082725734604565
545fffb7628e26bd,0.2817841044076274
9c45d75bebd4d820,0.23815182869646762
f710caef77284ef1,0.6248316231634886
e4bc3c14c4f4b1a8,0.4815822366364489
392b17be6354d3a9,0.5130934862457018
9cc8d07ee090f377,0.6077756173804314
b2fbccdb690a2b84,0.6437671225382932
291257ccaccf9d11,0.5717853860581431
c9022a6ee3a5d7d8,0.343211573929353
19a688707e160732,0.39049776492653954
84bef4f5323ebd93,0.6731343466708347
a3e5e1903e0e9682,0.4684810331353548
3b0297530613b732,0.31936653641763046
ca0fa3062d6f947a,0.6324762230384495
aba2a7eb167c6548,0.6010786691153485
7dace0a49f811059,0.5911546381681776
522ed32d9fdf2d72,0.4665546889653016
8771c418cc219aa1,0.535042943107221
1b8f8b528f041137,0.2312247889965614
a9112add272578cc,0.3730415286026883
e722b584b816d2f4,0.6525074828071272
324dcb8fa3962b96,0.5174629493591747
ee84f939a7ab4e14,0.6447851008127541
f7a5683abeeb512e,0.34121621209753045
788dec8bb41081b9,0.3222399226320725
20880910f50c0159,0.5506619060643951
a55d2babd6ac6e05,0.19372629337292904
7c5af2b41b2f1889,0.5363863512035011
af9599e0e687edff,0.3920161847452328
96de608fb997caee,0.26040912785245385
ef99f60d68f58a7e,0.7856064121600499
59d2159096523cdb,0.7345495193810566
606abd74dcfa442e,0.6171148366677086
20fdb4917e7e9401,0.33857728196311343
a3a5ff27339bb075,0.5270613785557987
b5ecb5c63b48ec75,0.6619274187246014
0a039166594e063a,0.2700459792122538
62bfe04683f51a3c,0.5058784776492654
b430c4d5161b59db,0.7772070529853079
a385f4145be5f5d0,0.24708426461394184
904e0bfdad64bd43,0.7687603821506721
0f4074528657c491,0.6549668060331355
39e4468b2f4b7935,0.4802770123476086
9125b00413b353d6,0.2455891997499218
fafd8063bc5f5cec,0.5544051148796498
6b06401ff364064a,0.2687819592060019
e5c9addac3faca6d,0.34869383010315724
d12807d748517f6e,0.44029385354798367
828de307532bb29a,0.7444819357611754
2799da617b3128ab,0.34159337292904035
7b6d6ea6d9feff86,0.2293756095654892
0627c402fd75fb9d,0.7890184549859331
a1bb99f3b749279f,0.41603897311659893
ceac2c53c27234d5,0.22506789231009688
9b3de1b793447910,0.33486375820568925
76a426cfc81a4d2d,0.5145375156298844
abac3cc21ba1b309,0.3382715536105032
4e8b9323fa254334,0.5598300718974679
1a4205578a28486e,0.7058749687402314
fa7dfc3f7d4a1344,0.6081167904032511
340b1651b36c8645,0.451978508909034
73cf2e26157ed703,0.7043873163488591
87add43c2ce1b06e,0.5220429470146921
01717bfb5b3542c8,0.6772492106908409
70ca05c9213444aa,0.6133168294779618
0684a9a80bfd34b3,0.41934432635198493
8c2ae373e2809c29,0.3907140043763676
331341a7f1c33272,0.5962175054704595
97078c12c161c701,0.5329853860581432
4ddffb1d8861cc54,0.29997325336042513
2dbc5e3027b4817b,0.5241920990934668
8fcb717c71bb3cfc,0.5016994842138168
58ed220fa88a029b,0.20845559549859333
fcad4ebd837b0031,0.4406409190371991
0792e52fe2c9b711,0.6429799507658643
576de6970c4ba90c,0.5598665481400438
930888a00b16e315,0.7800495506408252
bb00b59f720aadc8,0.5631616286339481
05aad23e028bea27,0.512039899187246
0ccaef7346d2eebe,0.46593417474210685
bc31c0a97c89dac1,0.6771494177868083
239478b0c695aad2,0.46427052594560797
6d59238e91d3c6d6,0.5215121092528916
02b6f6002980042e,0.667685745545483
0164fc5fb575ee2b,0.4802263871522351
d8ba5ce01fe8a09d,0.5961530751797437
173b378df818b167,0.2393127500781494
7f5edae9b09a208c,0.5145969678024382
0b5662c2a594c20c,0.6019307478899656
55ba1dbed1a641ea,0.6642727805564239
c944ecb134192652,0.7043582213191623
3984b7d478aec2b1,0.6976440723663645
f6ff304e4f459ab4,0.7319073030634573
a49951ac9b42ceab,0.5709551578618318
4b48ddb6a65e584b,0.741551566895905
624009526008e265,0.4754207721162863
9ca1f3fd0ed031b3,0.5396997069396687
dd7e10345355a17c,0.46305836589559235
a324ae18d57bb12f,0.5575453579243513
f3aede6892999fdd,0.40195684979681146
798f779dbd13fb6c,0.7252915833072835
21481b4c28f91b47,0.2665467685214129
8529066c088169cd,0.2650004298218193
7e93ed2093de4112,0.32041605579868704
51687c7ba8a553be,0.6247918177555485
4ad8b585409698e6,0.3140830845576743
eca2dbbd4829118c,0.5574388050953423
7a9bea3f50549e57,0.5479416497342919
e53cb4d81fe012e8,0.5171841669271647
25e3af07b73ccb43,0.475023987964989
939b59f220b94ec8,0.4095286613004063
9618c75bab14bdc4,0.7110430564238825
2ac483615d4696d4,0.7816146139418568
b357b45b22852d5f,0.4173965340731479
eed158b983054ab2,0.22945329790559546
25b699ec3d33020b,0.7598373319787433
fabe692869cbf6a8,0.28194744060643945
e30cdc55701f891d,0.5455432635198498
4e247c59738e0754,0.5858326469209129
eb6c93bf83ef9f01,0.6250139731165989
4b2a51b89182eb2f,0.6352669896842763
920800c7a752c35e,0.24931890825257888
00e3f3638706ad20,0.4879037628946545
3b68344f608e8cf6,0.3088797319474836
bd0092d0e87dd02b,0.4868284424820256
d3020752ddea13e5,0.5576917200687714
679a41beeaebf503,0.7064062636761488
7fcec9e71dcf18cc,0.3572420717411691
735724a234bf2816,0.5511522389809316
31cdf3e24ce53af5,0.4410615661144107
58b83792be0f6321,0.72595659190372
2a84a58cf96025f5,0.2458981048765239
9fcedeea63586bf0,0.622264535792435
d9de7aba8c682fda,0.304359549859331
08572215a3892815,0.4366842841512973
b488884763d551a2,0.6784502813379181
c30e80405d6e58b2,0.2948406455142232
0c86a250e70f6eb2,0.5357077719599874
a11c15fcf4597f82,0.6935548765239137
2caedcb4ee1a4103,0.7371217450765865
f91d05eaa3df539e,0.5101227922788371
8bba0a98ae140af5,0.6792699828071274
a987e81632676043,0.5877219521725539
f50807d17b5c038f,0.6205858549546734
ee12454070596716,0.5366732728977806
b6e0190c3e5766ef,0.763552582838387
a57b30735e272a29,0.19637440215692398
ca66fe2ee058013e,0.6059478547983745
1969a8349757d32d,0.5613705337605501
a5bad4f4702eb96b,0.3379083737105345
2f4ee5ef7a9e32ab,0.7137860386058144
abb1f9350d96ed70,0.4180393443263519
8a663152856f606b,0.2752041341044076
5965e2be33eecfc3,0.2666746678649578
75414a1e69d6f205,0.5481483315098468
0d6362f82430762d,0.6024380275085963
cded8976cdbec569,0.5306087097530479
2f21d9cb88d7004a,0.5518271334792123
bd0809d01c93396d,0.8130221631759926
d368fd4152e904a0,0.6619959518599563
7a088b0bef4cb74c,0.41630744763988736
dad9460a25f9913b,0.736985053923101
50f138449e3fe2e8,0.4428064356048765
53eecae41b9614fd,0.7255755861206629
c88755b5796bc0c9,0.6602337449202875
1b2bf22690f55b23,0.4116891098780869
4c0b6078692f7c89,0.5940119451391059
d310596293c8f04c,0.44928172085026563
3a724ceda4c76f9c,0.23146805251641137
57c2219b4f1a0a5a,0.6291016958424509
6069a9ccdba45516,0.5361934862457018
504a8185dad726d7,0.7016227805564239
c950477e87d58094,0.35175821350422004
9f1e86207b2be555,0.699030028915286
69051b19215e3e0a,0.52979801891216
7f70b72d97083c7b,0.59573436620819
61279ec74a6d3645,0.29514823382306965
4a35368f7daabf53,0.4848451977180369
8730f5f1237b818b,0.2111040754923413
f9492b545b552f5b,0.6195915754923413
a5e99c4117b486a0,0.4508603587058456
c10ccbadcdafc1cc,0.3237042083463582
e0d15a865fdfb988,0.34380126602063144
eb916f460ee1b545,0.42455352453891837
1b7bb61fe350c5ec,0.42863360425132846
03e5516590f20096,0.4164716434823382
18e0a9eb3145a82b,0.3092205337605501
39cab30b8f09a081,0.7681314004376367
dd47b13d3aa2de79,0.3523599562363239
6a431bf1b07deab0,0.682501387152235
2b0db9b43f8d905b,0.5447279540481401
363b638b117d0e37,0.24493775789309155
87518c28a26f4d41,0.2411601008127539
3e73b6c86098ef20,0.615409499062207
f7580d024f627389,0.3874245897155361
626946bf85055423,0.28503609331040947
1d4ec81574db910c,0.5035257541419194
eb3384eb6ec0ee10,0.3120705845576742
ba1a0a18164d2ed4,0.3636892896217568
8736a356e18687f9,0.31239350578305713
f66ad6f9a0d13057,0.4649409268521412
6781beeb2a94c80b,0.5873105306345733
45ec50d9e9b762dc,0.31779182166301967
f993d49be31858db,0.5108239137230384
68630d40b3d8c8a7,0.5111735894029383
790d0e863cbc896c,0.3028720733041575
6b9f40e1b5440454,0.361897139731166
5bd12aaf1d87cfb6,0.581345987027196
9593f8af8e49622c,0.4090355267271022
7787873ef39eb65f,0.630510468115036
3b43be2428bd133c,0.3609739020006252
51614174133f7405,0.6411582291341044
90ef1be7933c7d32,0.39361335964363864
b9b0bc5968838ca2,0.42106273835573615
34854ac0b59be9cb,0.5128782627383557
552972fc397a3d7b,0.5342508596436387
538cce811be930f6,0.7532400789309158
3684947575a87995,0.6935567247577369
3458934dca749c27,0.5618504063769929
777593519303d6bc,0.5791801148796499
c998d0d7e544f18a,0.5485263168177555
a23ad55fcdc44126,0.6276599796811504
628f59b52e0f1abb,0.7515637035010941
f55fd4a896009b37,0.3146300211003439
891966bf8125b263,0.33795272741481713
31a036f4acb27daa,0.6031789778055643
b329a2756c4e7e5c,0.3324095811190997
4abec7b3aa11b00d,0.4624574007502344
506d7e6eca5fce8a,0.39256816192560173
93767eb66242b1fc,0.7611814473272899
f07f619af08f71e3,0.7596783565176619
067779ad870efb29,0.4771354485776805
5772509431f3d5d1,0.6348469873397937
562161d24bca87e5,0.2536268130665833
f3e2eded68a25564,0.33046979134104404
4e9f50f16ba04465,0.3866071702094404
a4208a55db792b95,0.42333767583619875
9540d1c34ce10213,0.35185170756486406
3b047ea1a379c251,0.47524352141294157
90c24520deb11d2d,0.41520754141919347
174bf54853f8e212,0.3952560292278837
e32af9607e1574ac,0.3124797202250703
177d7eaf2ebe4bb3,0.20883834792122535
1d3872dea5918cf8,0.6990159542044387
b6641f418df5107a,0.572419420131291
7b0a91f0c2754446,0.696678551891216
3074d01b6d512da1,0.4453947170990934
a1ded8ab2ac8cbc3,0.38363461628633944
99d24231acc81bda,0.7150568185370428
ff0efc6b635f0dfe,0.48836396530165677
4b26bc2a5271e828,0.47415954204438887
323cc294321346a4,0.5404759885901843
1c5da1e20342a0bf,0.5017723585495467
4f414677966cf8e5,0.4822355931541106
a08962f7cf8ef6ea,0.7707420326664582
e6778d3ce59810c5,0.3753021764613941
944d32b8f9e9db1a,0.7260189277899343
e5c8bee2002b6ca3,0.7193631798999688
fcc9190b336ccdc9,0.3512117341356674
d8c0de2ec20dd583,0.4980102727414818
fb55a45c51379250,0.31695650593935604
d6e81f789123be62,0.4550416184745233
2653ffee6d9f5abd,0.7309674937480461
daf885e44112d6f2,0.6144148796498906
a75fbb195a5c31b4,0.7402916145670522
d6946d6a1e5de8e0,0.4696517700844014
262eea09fa9fdd15,0.2718714793685526
0661f0f9daa76a96,0.5896481439512348
3796742963319893,0.7471755587683651
b7d31b3502739b04,0.5812044857768053
ca3ab2b2441679fe,0.5337854954673336
6ff3c95261a2e60c,0.2846592177242888
296198ef516bccfc,0.21272653563613628
fd7387d23f2c2e12,0.5609495193810565
705f7c9f6f9a1ddb,0.3257226711472335
664080d9a44e09d5,0.257720850265708
d7bfb116b3f0171e,0.532034456080025
df7650f2e15b685c,0.6022261058143169
13d553333a49e1fc,0.30064077836824
d60997f0da2b3161,0.3171067989996874
e3dc5b0748d9d1be,0.7875326430134417
126cc7a3354c3a59,0.2654054626445764
68c831e307f80c40,0.188688562832135
4c10437c6f1f749e,0.8197130548608941
4de56fff18170df4,0.38428158018130654
93ee64e43ea9b0ac,0.6089553610503282
622e27b7a834d371,0.7029600382932166
8283fa9a80b68052,0.3359645357924351
3cbb48910802e9b0,0.6944006955298532
898c4451fed60e39,0.4807464168490153
560b7b7af9fe8dd1,0.5274298804313848
bcc595e893e2a797,0.36355786573929355
cb2fa098224a9f0b,0.6138747030321976
9e2a88f835bbb5df,0.7196982103782432
07e1bd9a166bc257,0.6536971475461082
10fdd890be2462d8,0.20224239606126912
34a7adccbdf4dbe6,0.7396303805876836
5dca94f6e13922ed,0.3610020709596749
be032af3265ed2f8,0.7663892231947483
afebc493854ff065,0.30631030790872144
755bf2132b96ea88,0.21127695373554234
11b6872eb913fe4d,0.32580750234448264
5a73131a74b5e6f1,0.38155331353547983
a1445f34ce4c970c,0.6213583229134104
c84303c64f096b4d,0.5402626133166615
ee5a57da13fbcab4,0.6304608041575492
9e237fe51b937f8b,0.4418691661456705
04c0ce452fa54511,0.5435703266645826
e4cc4cfb493c102c,0.6422342919662394
13ec6848e5d8c7ec,0.4436534385745545
8b117511fb3c0bb5,0.7249837527352296
45109a7dafad71a4,0.7308126797436699
be5d51769b283a70,0.6588282510159424
4b049c030fc355f2,0.49920031650515784
e1b125afa19663b9,0.5593143326039388
7f5ee99bec52fb31,0.6850331744295093
0ea477a7bb524c43,0.5077398913723039
b2ef814029a4593b,0.6517571545795562
54642bb90de7c651,0.37313838308846514
5562db51544efda6,0.46766331666145666
8c3fc61ec6b0570c,0.6240439981244139
19990ada3d732a59,0.7522632932166302
d4a097538c2270df,0.5418556111284777
a8e6780d12272bb2,0.6520236128477648
0de7c0afdf2ac64d,0.5632589715536105
ec3a682eb391eb7a,0.4630627149109096
de499b3d3aa77620,0.47440943654266954
bb95d7738f26c137,0.3526554821819319
76de6c48fb303a99,0.7056482885276649
f54db052a2c1bf61,0.7118057635198499
d2b45f024d0f9012,0.7023068419818692
26693e446f60e43c,0.4701361714598311
00fedb2a014dd220,0.3970803923100969
8b353042d65300c8,0.6971860542356986
90c55b1f3ca98c5b,0.28944214598311974
b874c35d79d74f6c,0.532722553923101
d482eb847a0a40c6,0.38378241638011884
fc4d3a97478802f1,0.447940497030322
0a7a2b85838db506,0.25269383401062834
c697f27fe38b040c,0.3320047397624257
a4d2009627d556d9,0.5682931697405439
1c403f2124470ed4,0.23515039465457954
33627e42df750fa3,0.3153391098780868
ba9bd925e360f225,0.4141178844951547
ea28b791d0295ad0,0.5181786534854642
d149d439304c8705,0.248600785401688
536b709bf5515eeb,0.39239382228821507
88c0a8061e7a3795,0.6398251914660831
8764acb490f19b62,0.3719214285714285
417f76acebadcb48,0.7175884417005314
475869c5be3c507b,0.4906169740543919
3ef8009767c7fa25,0.7472193497968115
b554efed5fb706fa,0.6629137660206315
84da50183b024285,0.4051104524851516
a4b1d18f46aa981c,0.21902824320100028
9b47e555a004cdae,0.4235044935917474
ef262814960ff13f,0.6516236245701781
5c0868ac8eafc7f9,0.4656248085339168
db15a0f6f796aefc,0.2812637660206314
9e813d48e7fed678,0.6433812480462644
7e45e93f027eadd9,0.7084262816505158
bba24189518e4411,0.6720690723663645
80cba429bade3fd1,0.32307085026570803
ea2c64045d0a1c12,0.6243379493591747
6eea65bf31a2bde4,0.2932907432010003
986a532aee033e7a,0.3909402938418255
d254bc6437766f3e,0.40110015629884344
3c2c4044a5a205b7,0.44169045795561124
d1698b7f7ce2ac63,0.674208487027196
5615043a1f36b137,0.2281339168490153
fcb9321c88377fa5,0.23108881291028444
885250c55edfcb6f,0.5427201781806814
f48232723a1bd05d,0.7557572170990936
27b4eb77530a112c,0.32808190840887774
98a1669bde0eac7b,0.7737604603000938
c85cfc3341c8708c,0.22864310722100653
8043ae38af9b3ce5,0.6868238863707408
babccd7388fd8c21,0.4912835261019068
28aeae730b623cab,0.4950758049390434
4bf1da87dd838f3f,0.2942405400125039
8da93da167404e45,0.6004259846827134
4a0a3077b5581645,0.48812410518912164
bfa2d19017923568,0.4680123241638011
5f6e00c966c5f59f,0.6936965848702719
52c9dbfce9f1b95b,0.2893680290715849
cdfc3b9f626b0845,0.49296743513597996
5e6ad4f66342dce9,0.5999682752422631
42b0a534c0da50ab,0.4217820529853079
e454a16a94a43530,0.4608899148171304
1b6c9c3629bff42e,0.6896633557361677
3d4ea2f562e04d67,0.24827017036573928
e5e88946dd245e5b,0.5075091747421069
7c08fe11ea59472e,0.5423307166301969
48716b8ef3837856,0.43190828774617057
22cb220fb3d03ef0,0.6640853743357298
ad38c3a4c4f92dd2,0.32019838230697095
439506f46710d418,0.6368758948108785
e6d46d90ae71b635,0.5660140864332603
cc306ba2474886f5,0.33080342685214126
c3dbfacba8b29888,0.2655418138480775
3349746bf536b40c,0.43914235307908717
254dff7f2f5e27da,0.29346890825257893
5f715d9d99d8aef8,0.645756826351985
28877bba74273a2c,0.2922960690840887
0837f11e1dc53f72,0.7147116598937169
700d9c6e6406ca13,0.6482636839637387
6e0d475eeeff64fb,0.539276566895905
36ba7c400d24c8ad,0.2182235581431697
8c371f8737f1a2dc,0.8423740700218818
163b4afe1f475ea0,0.748750046889653
2e2c632a9af9b807,0.7391513090028135
a891091666dc0643,0.6401767818068147
a990b188a8200e9e,0.2989870545482963
e0da7835cc3694da,0.4953128516723977
6965bd28dc460b44,0.29634071975617376
84b4fd2717d4bf2c,0.4114676383244764
0544118474e570be,0.5127589090340732
2437b2d4a2e8ae82,0.7562291223819945
647299fb2ba00e43,0.22752662941544227
7372537f1eba1dab,0.7388471553610503
8854c27e996efd14,0.5320948265082839
380235b034a986da,0.7348606283213504
a2d407f16ff373fe,0.6967711433260394
0ed19a3a868aaa3c,0.471505349327915
c173b6242dff9b1c,0.49975970615817433
2043889f64f744b8,0.5964503907471086
19989bc6ef928517,0.5881134026258206
d0665c65b0cf8d5d,0.7124694357611754
2b072792e895a81c,0.2912363199437324
c531857150c9674b,0.5386691817755549
bb56bbe97134a4d1,0.2925050093779306
3e062b6117c4918a,0.48745989762425757
a58a4c24d35bd7fa,0.6452541731791184
4ea7721e8c059b2e,0.34749083307283524
32a75809119cf7bc,0.5215645162550796
e4794a0287930fdc,0.46309603391684906
028903129d296567,0.5491895865895593
910a3bc19a45f893,0.658359866364489
afb4e9017f94d52b,0.2653924507658643
8c75ef81ac907000,0.5498459127852453
de995213b69871cd,0.3417350343857455
593b54413b1695ee,0.6303641216005003
d68b798f72ec2a7b,0.2847599406064395
2abd97afe8848116,0.23988457721162865
b80ebde982296428,0.5243189903094717
dbe8ab13dd1f44f4,0.3570188418255704
db6b5f2104046f55,0.564848476086277
1f67c146861efa15,0.2434011917786808
38f490199f1306b5,0.5006836628633948
dce69a47bd1feb56,0.419647323382307
12cd790efb4486a6,0.656160100812754
d5806dd0784560a5,0.258821033916849
207f45be2fb83671,0.667291333229134
848e2c11fd115b35,0.613860053923101
0f9d093c9db25458,0.6567173100969053
13e9da15ed290868,0.409255673648015
8c584f6c1538beaa,0.3101851711472335
5fcd3e5896568513,0.7184307791497344
aa1f013ff05a59f3,0.4269230970615817
eb2bbf6f740d132f,0.30563140825257895
51fcfaba58d7f511,0.7444982221006564
abfff37a1f178105,0.6653729993748047
918258103a71c3ab,0.38784742888402624
99beaa8c134356ed,0.6779177281963114
f3d97c979517c08d,0.6441037902469522
577a00d787373595,0.7465518169740544
d71bd663eab2681d,0.5837979446702095
3b59c956b239b3db,0.35350921381681766
9115eeed93f30a1c,0.2944572522663332
3d992bc625e7dad1,0.2525557478899656
4db07f6033192f9b,0.27188178727727413
a58a45e9afd5b405,0.5369129415442326
519774a276bdada6,0.6669341473898094
50bc50ed77a01d75,0.5390182596123789
d608451c67dc5cfb,0.4513763949671772
2856ffa4f0a1ce80,0.4808465653329166
2bdff8f74778c4ea,0.30351143716786494
068acd67c99550cd,0.6416337292904033
6123220972766a4a,0.4866864254454517
c4d534fff3fc5628,0.5147084284151296
9fc3fdf14ea045ac,0.46588077914973425
3f86edfd0be75ecf,0.5325013207252266
c36573a6175092a9,0.6670136448890278
7c4df8c2f29666ee,0.24459356048765238
3c791b72118b74a6,0.5085318419818694
747b04b604c95fc1,0.3339426852141294
e780dca0db5520a5,0.2520746678649577
af83daec6d450e57,0.5223050406376992
5d4ff9f52e2e4f34,0.5758504923413568
b2b8e551d87be54f,0.7724761253516723
203b6e0e0fcaa971,0.47724858549546734
eb36b4336605a7d6,0.4683099015317287
14713adcc060333a,0.5367827641450453
251c0c9a3789eff9,0.7625061386370741
0d0e059449af50d6,0.42445085964363866
63b1850f6f5df5d3,0.3924248007189747
90ace0c383247390,0.2267417356986558
1ba1d1cb2d6d1bb9,0.41270482181931845
dcb2cbe56ba92129,0.27334750312597683
88b8fdeb6d82597c,0.2880214246639574
0ccfe20a4b77ea6e,0.2953602492966552
3482a5b15357f00e,0.3297368279149734
6d71348fed8b9c4f,0.39717873554235694
f8723e3306bf7c43,0.6921328657392936
7ef77b74f9baecb6,0.39396280869021566
bc80f01834269376,0.325259639731166
18da383af4fa3cb8,0.6701072092841514
b474ff492fb9a94d,0.3108652156924038
d157b8492ffba0dc,0.3351701000312597
cbd2d4eb5123804b,0.6832737378868396
0f9515404031e965,0.3450457721162863
4f1dcb8a1669a31c,0.6881479368552672
28c27ce346a7a7b7,0.6724218935604875
58928eff8cb29089,0.5573139887464833
8069cea0e02052d2,0.27439788605814314
3b583c05db5ea4a6,0.2855360346983432
36384df41240d0c1,0.47043164660831505
15e9a245d6d06a3e,0.6601842997811815
d2dba561c29b817d,0.5188449398249453
2a507f7014709986,0.6613438730853392
a27e43abacf3b1f2,0.7256812597686778
686019b683e849d6,0.6862495545482963
9a3663eadae7822e,0.6605228118161925
f4857bb0e0b52a47,0.49827158096280083
29f988f929e638a6,0.3851195725226633
cc08f5318b40d7b5,0.314887777430447
3aa8c59d9c5dc7ac,0.539680165676774
eeeb124ea0b0d51f,0.49284409971866194
c422bdf822a0dc56,0.7575239762425758
98269904767a2636,0.27421750547045953
e6cbd02151c72662,0.6949897624257582
5e7bd880681d9f61,0.6936740387621132
fbe456da262eaa3b,0.5347452289778055
dfe3e7968ec080ba,0.4367390082838387
0e9ef351ddbc9ab1,0.32955250078149423
2902b3339eeca5e3,0.46974903485464203
a7137a063b883e92,0.7377685604876525
b733ad3dd8899d06,0.40496066348859017
44fe9234ab115e2f,0.7387487964989059
000b03fc8664c7d1,0.30607273757424197
9020a01496eaf633,0.6271257502344483
53b7a21b0f4cc200,0.2722823577680525
20cc306cbb1c6bcc,0.722151426226946
debcfcb981ae0125,0.3515295522038137
802bd1039c3e6a1b,0.25939523679274773
5f5c21e0b6a4d4a7,0.2883206236323851
4e1d92bfbc009b58,0.6344980189121601
644c03f056f3bf9e,0.7525813027508597
3b4855d86d450661,0.38637410909659264
dbe1c9a9d3e563ac,0.3647115387621131
2fb49e6e63bbe8f6,0.6840745193810567
2347ddad2e1b095f,0.46123429978118163
e315a627d1ca8573,0.6862478782432011
0558a476ace81c15,0.5257110151609878
4426fc96456aa43d,0.6780472256955299
ee5092888f963b26,0.356236300406377
57886ec9ac1bcba7,0.7807498827758674
69e1947ef1a19192,0.6307765473585496
af29d6fac97c87a3,0.35414097374179426
6952926383750b48,0.34320368083776176
b6e14b919c7ad1f2,0.28523239293529223
8d09ba7da0267580,0.5940268286964676
40e7e13ba421c25f,0.26741659112222566
c3d8677083122b80,0.6930279384182556
e41366313db49145,0.2593296264457643
ed95e31015c5959c,0.6167364957799312
64f0bef89a702494,0.3214681502031884
81918dc774b899ca,0.3370328383869958
dc9dc895fc8368b6,0.5446415715848703
ea0dcc9add9ba8c9,0.5432188848077525
c45a009981cf2faf,0.6896306072210066
ee4eee5c2cad18b3,0.3222841864645202
4b8886ccb99d4b95,0.4279061503594873
a11b7637d21059b0,0.41224680368865274
ae6bfde3685ef5dd,0.3149725578305721
095f96ba3b90f727,0.5044099210690841
c800465fabd83658,0.2558015356361362
c75993f60039bc22,0.5047259534229447
15b2e13c51d54758,0.41728222491403566
cef343af7e936391,0.5684537277274149
bb9e37137f42fad4,0.48343538215067205
b6f54b152f0f2c28,0.5432737261644264
54548a1370ae962d,0.5058279266958424
774675091e96f38e,0.2597666262894654
64db0198c907fdc5,0.33149264613941853
ee3a2eba79a61cd2,0.32126529384182556
d87ea92ca2504e8e,0.7574305251641139
493f68967d2931dd,0.4842307517974367
33c5bd3953cad989,0.41917883713660514
31719675e9834500,0.445443404188809
283d0d3d8afdcd48,0.702813558924664
0954b46131527b56,0.2586385901844326
c7f99cdcd74ddfb2,0.6645689785870584
89e81b0750c67025,0.6643239059080963
ef2e114a293d6051,0.38668232260081276
3eaa82eb74b0d2b9,0.8019324828071273
f115b5827c53fdae,0.7921882893091592
5b981d50572234ec,0.47115043372929033
bc2a7ac2fb6ad312,0.639177113941857
cabb5fa14742de79,0.7266291301969365
9dcd899d3120d04e,0.3203051461394185
5bf75dc153469005,0.5635098780869022
a99c57a3cfd238a9,0.7702541731791186
7d3c73f6e6251236,0.6332479915598624
79c824cab095ef0e,0.5320469482650828
50457f03b19ce000,0.5965191153485464
72ea29c850f97747,0.43628856283213513
949aabf35ccb0c4c,0.6053536261331667
bd3b7b9b5cc3a346,0.4646189316974054
581ae7bcf533000a,0.3218534542044389
f944b728b8eb9aac,0.41261458268208817
6add937f4476df2c,0.5132573733979369
478be273b158fbf1,0.2532003438574555
43c1856ef31d1073,0.7689371834948421
8f97466fd3810c1f,0.35487500000000005
3ae22b8a964781ec,0.5708551930290715
82ba55bfceb0ffbd,0.533382244451391
5966bfc14b304d05,0.5309167083463582
eedd90867e3cd9d4,0.1860445451703657
99db9ab5fdf84102,0.3465063848077524
6c6761878fa11c78,0.6331569396686465
731bd2e8496a9b0e,0.2238215770553298
9f1fd83e49b82f88,0.6745655986245702
51a2cc12286941ac,0.7498889848390121
7b60067efe8e7c4a,0.6560155869021569
7ba8d7a5a2f30106,0.6820372577367928
677aebcf5c57a29d,0.5012212253829321
c2e6810f10057ffc,0.47739952719599876
f770bf49e8b32f7d,0.6265538410440763
d999d97cecc80f08,0.6247763207252267
225695249568ef3d,0.6995811503594873
64c347ce204607a2,0.6604175484526413
8b972fc1665f8aff,0.44786333619881213
fd3a180f558ad235,0.6008548374492029
f24ea2f162b99780,0.6609486362925915
71edcfb193fa3be3,0.7032848741794311
4507c7c846e862ed,0.5178414895279775
ac51d145f495fdf8,0.5184042747733667
3ab5c54552e9add3,0.5857459987496092
0e545a1fa4aecf83,0.3289001211316036
19eb7f93e53f33d0,0.42699050875273525
f4653f53352a740c,0.5098978899656144
c716d718820e66c0,0.3946523562050641
a8a2778b42759e84,0.6531088973116599
d632ca08f997e38d,0.27803467489840566
47c56ea6034205ca,0.31805732260081265
f436395245784b88,0.6927456353547983
ddb7078278325022,0.38770705298530794
1c24525f31c1953f,0.6877112300718975
7c7e6ee56d6ea5c1,0.6472301031572367
0e67b9cedd55f492,0.43024091903719913
a585afa6cc802221,0.4964962761800562
132bdb2d81abf434,0.507015032041263
cdafcf3dcd774b36,0.5660522350734605
5694f780d2c8e463,0.19676151531728664
317ba4057a04aa16,0.67940706080025
a92ae25f2defd1f4,0.5344100500156299
ff0073be9d8669a3,0.7461207486714598
2c4d6fd16e7da4d0,0.5897103274460769
e8b93ecfcfcf69bf,0.44772275320412624
aecdf632644c9922,0.6535476320725226
0f4ac8759cecccb4,0.2452265981556736
ae0ed79b3f56091e,0.5841512855579869
492dcb545fd160e3,0.4534390356361363
b6feaae9a6963540,0.42249522507033455
10bc80bca38b6418,0.4182713308846514
d8bf52f15b58b474,0.34562856361362926
d590d13d8a0daf0a,0.5461921616130041
bafce96906ba0c73,0.3932254845264145
15a89b9d9a174795,0.38417247577367925
3c895a00e202bc6e,0.6972633635511098
62100baf87d531c1,0.5371678610503282
8ea52f2642c87cd9,0.48255178180681463
78bf3db367f46ea8,0.733016790403251
7303626be6419b04,0.6535805603313536
86f2e3f9f88bf00e,0.7532690254767116
39921131b7d48cf3,0.6892280869021568
7c06255c489ce455,0.6586216512972803
2a0f68fcd60099b6,0.7117741481713036
968f899504b28211,0.6767921498905909
98dd9df8fdcb29f4,0.5900822991559862
ed55728c47c8b666,0.3008807791497342
0e54abd540000681,0.8219693497968115
2687ae2ad26c6497,0.7602511019068459
afe3e3f4edc8f7b7,0.45643255704907787
3d8ff2a3976b69b9,0.49940772116286336
13e6deb5f77cd1f5,0.45381043294779616
8c8711be796262dc,0.4480250351672398
8eb1ab06839664b5,0.4312110034385745
dbd58b32bf776c26,0.3151545873710534
4be0c2fba004271c,0.6239514301344169
a0f6b49ec1b86bc1,0.6719193888715222
3b33e5fb16341fe1,0.6038637621131604
d39f326ae61cb937,0.24343138480775242
00e28c2a11d38c61,0.6084701938105659
a55c74a9759fd56a,0.2423272116286339
8bfd04b0788122e2,0.8300734604563926
895776a9cf9c8d43,0.432082287433573
7ff187535e206416,0.7206232260081276
b2d991e4147a68e0,0.36282200296967804
b62ae246269c58c4,0.6510239293529227
b8af731f19b5c84d,0.25705846358236945
19f5143484b38101,0.7008172319474836
982f6a3f1bccc6d4,0.3208778758987183
2cdfb20347feec4e,0.7826487261644264
5b2d62e736467c16,0.417369974992185
f85bf07959deae92,0.2979890473585496
8e923fa1dedcd01b,0.49424454126289463
93b3dea6a99fe31a,0.47142405829946854
8bc3af23b3d5ba85,0.4156351398874649
91db39152bd6ad50,0.6996754728040013
d911a9c74b505826,0.7540598624570177
0e53e628826772d6,0.33164483041575493
14d7b607e5e3f0cc,0.42047767271022196
f3e8e3469f0aab7b,0.23305525164113786
b9c36eb092bb275d,0.5087639848390122
9cff3e265921dfed,0.6842671655204751
585bc81acbe5b1ec,0.32873105658018126
15f8e68c7ac23dec,0.5106830689277899
a37b05bbb09f8496,0.7399219013754298
4f31f80a263d61dd,0.3887096709909347
6a3987a9bab31c44,0.2840331744295092
9f59a5ca5ae6d119,0.44908056423882464
afc6cb824b3596c7,0.28683437402313217
64dcbe6f4ac8de61,0.6800489293529228
1fcaa5c3533f63ca,0.2920026805251641
a266793e0c2619d2,0.5904103079087215
598af3378495839d,0.4320324749921851
b40ecfcda1506387,0.3966922358549546
22537a4c1f1cb22f,0.42221287511722405
8c5b78cda30c225e,0.664759682713348
3239189122d043fe,0.43596108940293843
4b34859a41dd8627,0.47801328149421696
7577c8941b2e888b,0.2652715184432635
8ef15229dd291883,0.29533484291966233
3332780ef14cd99b,0.6452662746170679
f93d1a6ecd62d897,0.6396239059080961
9505f55ac00dbadb,0.6928200804939043
7c1831bf48bd728b,0.2202553180681463
17cf81ec2dede54e,0.6888077602375743
e84c6f3155ec9762,0.7520749609252891
e894ec9e0ac2e7a5,0.6331926109721788
c307472500eaf782,0.6747698694904658
96de47679c4cb6b6,0.3528554509221632
e0dd44e7040c3168,0.5191567560175054
bd9e6bd2fcf5a54e,0.7009321115973741
0382e0d155285962,0.4580936581744295
509eccae9abde09a,0.7008936269146608
f2147e0be04acf5c,0.5359671577055329
f3a6b01cc0938196,0.7135504337292904
c1956069b7309004,0.4231963230697092
2292dd5e617286e5,0.5080833541731791
3644d81639ce9f29,0.6240403016567677
4a5bf3e5c85dbfe9,0.2981403837136605
095a4f241c64795f,0.7599421420756486
aa45545b6df75be3,0.6980703735542357
ffda21a7e2973492,0.5941251641137856
662adc1ed3e8fd43,0.4273046069084089
218ae6cc5968ab6e,0.7406469678024383
316379f30810e1c6,0.5481093427633634
eef8a37b8fe20ec4,0.7127444045014067
d9a0aead3407db9e,0.6347142192872772
f0c65e7320950a84,0.6950414973429198
4625132a59dcda74,0.7717944123163488
ab1c8b0c3967b656,0.7678867732103782
f00224def382933b,0.5922343701156612
090051f10ebcb768,0.4904827875898718
2a0c37f157e82f1b,0.5578365114098156
61914ca3afe42c15,0.33801562597686774
a9fc0e9ff5b0e706,0.3177020944045014
f548f7ed3074067e,0.34602763754298216
9aec70578372daed,0.3697845733041575
fbb0734a4e985290,0.3421716473898093
a8cd11786e7fe2b1,0.45471240622069387
6a4338f210f336ad,0.3476027586745858
cdb63c81014bd072,0.4448769263832447
2c5a98b60450efca,0.5131662628946546
2337a75838293036,0.298732056892779
a0ed386ea018cce6,0.46743248671459825
db76609f02b3bb31,0.7014038527664894
597bd387a63987b9,0.655895240700219
bc7571c47a54ce9b,0.41735269615504844
547510d3ce221301,0.5872724406064396
8e84181f60b3ec91,0.575789715536105
13880ba898b8f597,0.7791980736167552
9ee1fb0201512e8b,0.6812410401688028
48aefa3d80da5764,0.35751773210378246
498d517a667856a7,0.5251703657392934
f07b0e35881505f2,0.3129833463582369
1df225f3addcce26,0.2756518834010628
84a772cbe6d216a1,0.3979024773366677
f0e4a70f82f01004,0.5863404618630823
3b639af3777f4c39,0.20459069631134724
b9f77a4295400abe,0.23686791966239445
7d646e2fd78953af,0.3280893990309472
4127b246e0beff6c,0.3595226828696467
2321d1fdb21c809d,0.27964080181306655
9936f8d7184f5e10,0.26767948968427635
e2e9ef0520d08656,0.297634964051266
0aa9b948dc8766c5,0.30174372460143783
d96df85b5160b1a8,0.3679399148171304
3bef9584524abbef,0.6032645631447328
806989faeae50571,0.35862314395123474
6fedd263e1290110,0.5768068849640513
5762314e60a560e2,0.7539901688027508
748cd550549c514c,0.44784213816817764
58a8e997e2757de6,0.2999256798999687
c13887db4b2ded8d,0.7189394107533603
eba0106899e8fdf1,0.654828090809628
a947c7f89cb176bf,0.7924986519224758
4ac4a17692a2a70b,0.30797045561112846
2fa4409e1b6a3d85,0.5580276414504534
a783eca691369f3a,0.4484556541106596
e6e45dc137aa0511,0.34372480071897465
c589fb4e517e579b,0.47828293216630197
0535f48557a68402,0.6542982064707721
48e423add1624f2d,0.6303181931853704
d20110b1a6f20e55,0.22904637386683335
739f7cc76c78d0bb,0.6198850031259768
2d439083c11f62ae,0.6595952680525164
0c74bc780e465296,0.3260963543294779
52294576789c8ec1,0.609129333385433
99b2421c51d37084,0.31670389965614254
de49e465a4c970c4,0.7341259338855892
4c88fb93b8d12270,0.3126892700844014
dcce15e3b59d9796,0.26211192560175056
b8e0e09067432f1c,0.6681712879024695
962f882f18c11d46,0.486347139731166
34753ee28116af4d,0.5933618748046263
7c71a6fe87ccd6e2,0.3867584362300719
7ff97e6a175132ea,0.6087961824007503
d84022bd67943384,0.6812331822444514
c270a677c7614aa6,0.4149974015317286
1266e1b58e87a761,0.5585156845889341
9fc631524aa3372e,0.2770233432322601
88da969d80daabce,0.672255954985933
9c5cf1807334358b,0.34648141606752114
0e5706f9560fdbf7,0.5493749921850578
d9db7cf658a35e31,0.6892306384807754
38bb0629e63b6590,0.6132391372303845
726236f75c9de724,0.5737777430447015
47ff559912cb3714,0.4078668646452016
bd567ce69cb8cb62,0.31420407549234136
6b7338c16e1db627,0.29740672085026565
2e47f13eecf939c0,0.381301570803376
7e001225afcdc58c,0.5659499257580494
b0ba287dc9f94b2c,0.623257658643326
07be300260466f0d,0.273253739449828
49e2abe2ca234745,0.6624374179431072
bf163922b4b12745,0.6464861558299468
aef9d385e9ff8518,0.7577992419506095
3e364e82bc780650,0.7548269341981869
393a9aece2867c5d,0.4520903993435449
b0519105b55d4bc5,0.6629819631134729
c5a4b1418dc4e412,0.5921658955923726
ae000e40b4cdbc49,0.39738068537042825
bdb4932474ae13dc,0.6834285362613317
54ab20f1339d0955,0.3296966122225696
bb6cce3b0b6744fe,0.3461314004376368
0d04ac4d48d1e700,0.7092747733666771
6e3f51731aaa2c77,0.47153289699906215
783b7b163b234e5e,0.6715835886214443
bb6501e8f6ab95a2,0.31568704282588306
e5f20b7a540b7472,0.4725182908721476
726e2ec81830f724,0.715097417161613
e8dc50204900e975,0.35006917005314153
1334006b9c4f4ffd,0.7675949867145984
3553330b5c7e6092,0.6102341630196937
e1a3e161c8b2e221,0.3945006603626133
44e747740cb4260b,0.27737509377930597
00202304b4481207,0.6885173804313848
931eab5e85d6e3fc,0.39804819865582985
e4b8ca3da3eff8e6,0.32011267974366986
103e5a44f9c30ed7,0.48991990075023445
448d40536e9c5670,0.4299481244138793
1b4d4b42760e781e,0.7993175601750546
e0b110d4f6844bbb,0.6754673687089716
0d928dd7f13b92dc,0.686569646764614
1bf6e2dae324cf0e,0.49943703501094094
b2a17e2a9337f111,0.8001635472022508
564d7ef8fb681d94,0.4255545600187559
a2088d882fb6d77d,0.733249445139106
3fe22caa380445a9,0.5866204009065332
2b3c171024a98155,0.7316719482650829
2014d23cd7792183,0.6292857650828384
fc996643d63f02d7,0.3252079438887152
c8d5c605e447f4fd,0.5391650203188496
634298df42266b22,0.29298373319787435
5c8cbaf8b4d39f57,0.7059764145045326
a688ddfeb76eb78c,0.6731583541731792
85a12cd29f47007e,0.38525060565801816
a5e1a3f8e312e1a0,0.3286040559549859
29e076c93c2b7fab,0.7165900945608004
71b7b90e9a0b70ae,0.6426805017192874
11583aaab15330e4,0.2153810253204126
5b34705855c1c880,0.5834246756799001
26361ce2a06897d2,0.2509931931853704
2be888bcb74be336,0.5243373202563301
fd96abe884c43d6c,0.7059674234135668
165fc0b6a160dbd9,0.7358696076899032
b8c8c114a79ff453,0.27334290012503903
e22746fcf084642c,0.33997145983119725
3fc60942cef4b9f8,0.7040336003438574
c78a85aab85debf8,0.537627309315411
9c2166227724c80c,0.28832933338543293
e0291b12205c2c68,0.5614099484213816
307b5de4b89748c8,0.22416439121600495
b83469a7d7ed138a,0.6080905087527353
4726c5e084cb6f1c,0.613153880118787
33795c308f648269,0.8007006251953737
d44b56532551df1f,0.7543898132228821
7db689f550f62666,0.6022576234760864
c64b1df6de24f982,0.43317013129102844
d9685a6aeee511e7,0.33781735698655824
2c867c13048a2311,0.7490502735229759
b3f36f5f67857959,0.4405805212566426
c8dbafacc0fb77d3,0.6227623866833385
3a1b2137777bcba5,0.25069357611753673
c9627e77fcbdd360,0.5867477102219444
cf4f6641c91382ed,0.44995207095967493
fb519c3fdb753245,0.7108224366989686
035449e62c90677f,0.5780150046889653
5201d1bc5a7cf0ef,0.4661994138793373
01ef09b451cbddb0,0.5108547983744921
b98e367af7c0158c,0.20030831509846825
bec6844244ad0aa4,0.5296897155361051
ed82262b135c6e4f,0.6039167122538294
67637bf7061cb7b0,0.3096575804939043
96ef8b85b60392d5,0.7352175211003439
fc1b0a61b9dd082c,0.7078013715223508
c408b4beae948cc1,0.38647523835573616
f26323206d284ed1,0.553428692560175
9214caa6c1a0dc02,0.3739897819631134
591a28a3c195b6f1,0.635308623788684
9cd8a8ffb7a9e96e,0.3314605579868709
7ce580a49450111c,0.39079334557674267
abccd8c43775abd4,0.2535796186308221
5c6acd44464d3db3,0.744720983119725
b0e58b3d4a2a773c,0.7541456783369803
eff75fe4ffdcb49f,0.695240872147546
06ac1908fb89960e,0.72719193107221
6e61df7259588c80,0.6976752539856206
87752778bf4206ba,0.5666221592685214
2fecec0b55303222,0.28976565723663644
d57c0fad9eabe24a,0.6963842841512973
93cc7546b8c345e6,0.7700204126289465
eb76de6938c4c38e,0.5089145357924352
0e733a579e63472e,0.3842556033135355
e7dff8305acefcd5,0.32403098233823074
23423479e34fc441,0.7445563027508595
3f66f582c2bdc24a,0.5408829126289466
d312e4d7fce5fa01,0.5417972022507034
c04cd9fa54077b8e,0.3069417786808377
04b68ab2f6458e33,0.45159457643013434
35665b0fc6847811,0.6009271022194435
9028f284365c7863,0.4834866677086589
fa23926a88284b39,0.6655057478899657
ff5e27f506ba1ffc,0.6102506759924975
e6a04e92205e9e33,0.6639272624257582
934c2e26775faaec,0.35677045951859954
35403697fd72709d,0.4754955923726164
fdc814fd85f237e4,0.6260062597686776
bf4ee2f20859884d,0.3688285440762738
d2d10af48a354c4a,0.5314472217880588
a38e463e1b086d42,0.6395256720850266
ba49ce0117002110,0.5374209010628321
d5393f1776772d2b,0.4669683768365114
80a6b6e9f65aa3ae,0.4821591005001562
d84698a77b768899,0.27728578852766483
8d09ae0709d01465,0.6452932283526102
0ac53b64e16a0efa,0.7152489567052205
a632a91a07ac8406,0.5448392583619881
1f2437c787ad39e6,0.6969425054704597
beb116a0a3ad4f5d,0.6679228274460769
c38f343ecf8e9527,0.31981395357924347
d04bd8d61ac99c5e,0.41457184667083463
6a279faa81d0684e,0.3938021452016255
1b49b1154407ea05,0.5913523171303532
b71746f211be0a24,0.2069687988433885
bbe0b7fa6d60f17d,0.72404193107221
c9117e785fa1cd68,0.3836856400437637
a700a6b3a689a18f,0.5215295365739292
d998a004d828aadf,0.7136210964363864
54cfb8bb56897eb5,0.6635637035010942
bafd504785d302a8,0.6941895201625508
3f45db97b95a3352,0.4210975343857455
2364a75ca729f899,0.6752243865270398
9387acf4770f549f,0.6351958815254768
a434422326289b00,0.18667951703657393
8bbcd05afad8573e,0.7324044467020944
82fc48f10b8d7cc9,0.30000825257893093
65dd24b31c0c4067,0.49862163566739603
b25ccb8b682acbeb,0.5739853157236636
291117008b4408ee,0.5804769146608315
aae3422dfbb55bf7,0.48178835964363864
d436224afb38b7e2,0.4687461902156924
1287c0ffa2f14635,0.42794187636761477
4feb7edca163def2,0.7007281259768678
00df2416e72cdbc8,0.3153540715848703
e51c757048ea36b0,0.29363716395748674
59e45992c3fccfa8,0.5223773640200062
7b44475e4e2e3b92,0.5404863551109722
be457ea8112e2391,0.49598065020318854
1e4fd1293a611d2f,0.6520365075023445
343371989bd61c74,0.5811835573616755
6bb985812e990044,0.36363372538293215
c0be9996bfb5270b,0.4395518521412941
bb367ec1a239b8c8,0.5379496913097843
91fc9ee0920431a2,0.2448836628633948
82f2985fe6157914,0.3871505392310097
eaad7a9709bacd50,0.584871401219131
1bb729bdda8eab4b,0.28458501094091904
35320f198f2157d7,0.36339067286652077
74cd9018fd2aa194,0.42985975695529854
fd091b5e49f8138b,0.532495662707096
917e088d530b042e,0.7033950218818381
b0e606a7344aea7b,0.6109019615504845
c220230ca6b46d2e,0.4542038254141919
2174f0850e20c2b1,0.2506564434198187
3bfea4a031f46e50,0.3256739723351047
22199945c8b6f01d,0.5873136253516724
efd4e993a8d94f5e,0.5397232103782431
acad3b0b2e72b212,0.548585655673648
1a33438ea9b6ba09,0.43224034073147855
c9a22295bdb2b49c,0.7779166184745232
0a24b5a0c164f36d,0.5043023874648327
12b662eae7ad89fd,0.4756286613004063
788a4a1a340ccebd,0.7591348898093153
0b6ebec97e53c571,0.5479657392935293
be4269de80d8b34b,0.7741955845576742
ae99dff2a596c7fd,0.6303270201625508
1cc563af87248566,0.5772677946233198
95b03e2a8add3a08,0.520703923100969
bde7f9ddcf827170,0.2875930876836511
e24c4af855561b6d,0.46462584010628316
a1ef8a44aeab6af5,0.7781461159737417
2bf2e0d5f713e9ea,0.3053270240700218
6585c55605f3d692,0.6087768326039388
4a44bfcf3c8bea26,0.30078528837136603
78a21d5aa40bf4bd,0.43628478040012497
d208a68d90d83d1b,0.5410842841512973
fabf07be02cadf0d,0.7186269029384182
3fc8a4ec51114a77,0.6887666184745233
d8da2f9a640f4e03,0.6881325531416067
f7a8212a941af65b,0.22131268755861205
836c933a5cb4ecbc,0.5856820021881839
e292f252eebf817f,0.4725554157549234
ae7e8b931e0ade53,0.7128108041575492
c937062a293ea0e5,0.7238363590184432
673793020f42eaf0,0.32073256095654884
531a753aa5a10879,0.3959553844951547
65613b893147c771,0.5890330728352611
a3609d34533ca6b4,0.4721234682713348
c9eecf5329211123,0.7613668959049703
4e6d4f733588a212,0.5752960104720225
95e0d5ddca2118d4,0.7049301344170054
4b071534952c920b,0.5425527547671147
f333221664eda263,0.3236641645826821
8627e41026f74eaa,0.7015702993122852
789f4695cdd6a417,0.563026246483276
908034eabc372b99,0.3675836081587996
984bfa387795ef76,0.6224253633948109
91c8e8e6f637fb1f,0.6132981048765239
363aeba9c072e960,0.6961092763363551
5cd6915b98d723ff,0.5522709127852454
20f027368dbc60fa,0.23980540403251016
a58841827e8017bb,0.3890551344170053
ad9e6a299aee4827,0.6358400633010315
fad46bf569ac7443,0.4079853977805564
0bdec115af64e996,0.5969066622381994
e78e15a02aa6163b,0.7642277547671147
94c1b40d53f1c78b,0.4471445178180682
c1dee5b6d55fd7c1,0.7562621991247265
502f0c8494138feb,0.3183704751484838
316c5e9c86bbb645,0.2657018130665833
c5624991cdcf670d,0.4166808416692716
e000077bf8c8b49b,0.5736080962800876
9a36d5ad49081233,0.3240716669271647
e4ac16a92daba7e8,0.5627229212253828
caf1ce5141ffb34e,0.3092856713035323
d07bf091bf998e0c,0.5059246913097842
f230be64e9f003ae,0.6501868083776179
fcfe55e0768ab257,0.4275802164738981
ad04ef9c94f25ea7,0.291142528915286
b6c3dc163008115f,0.36284042669584243
2a0af6ff3489e003,0.5916763050953422
5c098958dc2a26c1,0.3296565801813066
a802f6f7cd6d7b2d,0.4500415403251016
f0897866ed523f60,0.6873836120662707
3c1071f1773cc7f2,0.23821660675211
5fb77ed43c58e517,0.34133685526727103
3fbcf72648af3500,0.4173041653641763
64964fe3e34849fb,0.4167349288840262
3d3b19b2da76dc78,0.5856567169427946
69eb4e47c0f3104f,0.5869664856205064
1b55daf09e9f129f,0.4381138285401688
853fa0b67eda4e6c,0.29354284542044384
636b3bfe96c8c67a,0.3796138246326977
51b24fbdde490535,0.4292960847139731
b80f84359d81c98d,0.5773560057830571
a865666aeb2b82d1,0.3093637191309783
08fd3d5f06273089,0.2359096553610503
cdac52f8c24b9616,0.7136221592685215
bdc841da585c4a1d,0.6642215497030322
8858154c3efe65ff,0.6149426773991872
29f989d45429b9ee,0.6587875664270084
b97dff4909968aa8,0.2055920717411691
69c86328a89e4898,0.28003033760550167
2d50759601edb9c3,0.6432084674898406
134be78ce02d48e1,0.5721482689903095
53b540f7c8d16cfe,0.19573229524851515
76d2e83b30cca3f9,0.4514728157236636
062167d4ccf76346,0.787495295404814
84cc2a48661e807d,0.32993482728977797
60f1e251520005f8,0.6434486831822445
781115a32396b4cb,0.43801040559549853
4c1e17c82f4cc326,0.693396213660519
b602ad5debd51028,0.5782031533291655
4d9da053a872a970,0.6575781337918098
95f7ebe4304bd2e4,0.7187705415754924
67a8207cfef9f011,0.7760582643013443
b1c3468185b9514e,0.6056819162238198
f80ccd7ace26ae4d,0.7505283760550172
3ac147039aaf4499,0.44455091044076267
fe5cd175ea7fc09b,0.30582111206627066
9026d2936cf2bda8,0.5904136019068459
a4b0e01784fc7cf8,0.6334712019381057
43c462b48d97dd20,0.6089432713347921
e36d0189d20a7617,0.3712279618630822
43c3586991f4b403,0.4734095615817443
009e48f2b32be557,0.28645228196311345
a1689ef168f2f333,0.7001004806189435
dc310fc66470ab07,0.5521923999687401
bc654d187751fe04,0.5497018208815254
247e62af046a99a5,0.4726200922163176
48f2f9556bb2ad1c,0.4980541809940607
e604b921624a200f,0.7248889145045327
e46765e152f7daef,0.6241578969990622
3d183f0c812b6d09,0.5830617653954361
3a7275f9aeda8305,0.26901551656767736
1d994aeb47ff952e,0.36297037355423567
75dd9cd1bcd35d05,0.30233024382619567
a976b4932381b300,0.25507507424195064
da2e39ced8c0afd6,0.3163305212566427
c77fd47bb1683f58,0.5553003594873398
ceeddee046f39ae0,0.35884629180994065
cc50dd12d1f23bac,0.43908538215067205
8b73f447d60fc992,0.5760860503282275
dba1029662f0c412,0.5022626015942482
ab65e0876504bba1,0.5615068185370429
00754e6b5a7298f1,0.2443896100343857
082f192c053e5283,0.3113363863707409
4cee8c7c13d1afe2,0.5210131642700844
9ea9e3c8cb3df9aa,0.4336497342919662
2caa75dd78c01d17,0.7039081939668647
42ca39ab5466bd19,0.7028824906220695
939ed128e268f834,0.32060528680837763
e452cd65ed19c900,0.5340941544232573
e5ee2d79d0c49d1d,0.6816595107846203
ce0d423deb82f2f5,0.33293214285714284
3c30319ed1684972,0.5632305447014692
18968bda98628242,0.6709298218193185
9566631a173d48de,0.6982669115348547
01d78d3ab164da20,0.42272051031572366
7245800926a4112f,0.526988242419506
3fffc62471c1f18a,0.8065280673648016
3b530b29e9f5617f,0.683385421225383
65305594301ba50f,0.6563536300406377
593ee003a4981c15,0.4950057557049078
f79985b30220adb1,0.5031104603000939
60dd8dcd3a1d1839,0.7126512542982182
288aaae44688b015,0.7382175171928728
8a16369cb4554d3e,0.4846578149421694
4e49cf49f79e1181,0.7325423960612691
1a6026c94f49058a,0.6074669623319788
8c29813aa363f889,0.609581693497968
5fcc5826d5f8db34,0.6498871874023131
b002c58138c724fb,0.4210568185370428
62a918db11ef3076,0.7227970029696781
8fb91f382ae2782d,0.6802592919662395
af730eb0035cf0d3,0.7184562206939669
546fef357d2bcd57,0.6856360854954673
c6129c4b99d7f4c6,0.45182901688027505
7596069ac38eadb8,0.48620911613004064
9560c8310cf23dab,0.23485032822757107
ca1acdabe94e042f,0.6202830962800874
521f9d2193473fd0,0.42509437324163796
617eda3b96abb577,0.4470007697718037
8d735b59dd0a4270,0.7141452367927478
1b405139fc287a40,0.44039177477336666
e621733719a2d775,0.6297296733354174
95f4b0d76e779b43,0.5571102961863083
bd6a23cab176ffec,0.2661725656455142
3c5fadc2c957c7ce,0.810970565020319
37cae1b2dd3c1330,0.5943209479524851
0fc2ffbd9370b121,0.5240550718974679
b31de0d8e304eeab,0.7000833658955923
5738bf5ea59fcb0a,0.7706147272585182
402c7edae37bcf39,0.6089626484839011
1d79e32040c6b05f,0.7642538293216632
bf493f6f4a48b2ff,0.3224300171928728
8530681352913ce0,0.2529278133791809
c79cb0e184ac42c1,0.3836408760550172
32ecd92eb352979d,0.5868572835261019
c9a54261284070bb,0.2583116090965926
e6c2ba81e397e33d,0.36541814629571734
955bdf4fc9420404,0.37656052672710216
b180a78e50608ab9,0.5975176031572367
69484ff0bdf4b104,0.5667021452016255
8d62a01ddfa11fe9,0.7186070334479525
12c3df9b72ef96e5,0.3406768716786496
12ccc513557a0656,0.4897718232260081
2aaa9bc35f4acee2,0.7902443263519849
e31d14248a98a72e,0.616803364332604
1058c1f47fca2b81,0.434809639731166
02ab14036929f70f,0.47026132385120356
6880fd1518aecd04,0.4795851281650516
580068eee74ae5d6,0.27360398952797743
fedf1e1bd320672b,0.2962403876211316
d47c1d43f9dbdf92,0.48493756251953735
8a7fa6c84cb2b0fe,0.5154284073147859
089bead0dc0d7c16,0.487089160675211
3f12eac5d776ac9b,0.34938788293216627
2b55254bb421a326,0.4516694552985308
16721efb42f49e40,0.7423519654579557
87ada6cbd040d527,0.541993583932479
c5c4d8e14015f4e3,0.4854198069709284
5d499b0e085f025c,0.7139601594248204
183039182079fa48,0.7058968583932479
05d6c8a5d3db19c4,0.722537363238512
4477fb4e0a476ae4,0.6585772624257582
3965182266dda565,0.6195526453579243
72bafef29554438a,0.5606297514848391
1b31f23c3e55dcb7,0.6297402274148172
66c42c9008125f10,0.44563764848390125
5bf14b82c919f706,0.4404280517349171
2c7401c2798c92bd,0.48196215223507344
4adf517216b1dd47,0.2504586902156924
26348c70727fc713,0.8059118865270398
82c1c6b9b0ad498d,0.5941838621444201
1365ca92c2e04031,0.37677142857142853
9edbc98e397ab4c2,0.5312028368240076
1059c066d6e0626d,0.23777714129415442
af993cc3ac374b83,0.39838720693966867
f32194afe634dbba,0.4752846905282901
29de97ac80feb956,0.6367815801813066
e5fb185d8c6181d7,0.38711686855267274
632347c0452d889a,0.686186718505783
35ad7b818afa2cc9,0.6721454946858394
0e9b47d072e9f5d9,0.4722282939981244
4b2ee7a5a4d7d797,0.625351707564864
793b579534d59c3e,0.48318004063769926
3b23c46e8aebaa25,0.6513824085651766
f68b741461469ae2,0.32538048218193183
79e144db8265864c,0.22513276805251636
09c4fd90bed2d748,0.6860070647077212
2215efb176105acd,0.6610481791184746
b4a9877c6c234878,0.5919980736167552
529f75ff399c033b,0.7201350539231011
ad20741d26dac628,0.7229959166927166
abee4fe9fcb49deb,0.3100518873085339
80bf7ea1dfa6b569,0.6396932322600813
7d637676608f51cb,0.36348795326664585
79855154621f663c,0.3652178844951547
db630a696b94324c,0.46984045014066894
2c87f55f1bd853bf,0.32336217567989994
05466a89f589fe04,0.787451746639575
073f9b06f7bf95f5,0.16008381134729605
d8c52af1d9a0ab94,0.3930756564551422
170df691b9758d76,0.671804009065333
098c223fa7ac1f73,0.5049646334792123
947d4f80370f0b58,0.4583757463269772
66196fa0af9abe3f,0.675428544076274
356513b3059ae50f,0.5730503712097531
a951ca23d4bdcc33,0.6189321272272585
defaffd4e20a4c47,0.2909329360737731
9aeb8ce75c56fcce,0.3803318615192247
0e52e6d570d8f008,0.3632753477649265
d177a330dadb2707,0.3480133557361675
4acf903d98d08aa8,0.7223045248515161
673bd4205f6635b8,0.6001985894029385
17b635201a20862b,0.46321437558612066
e31cdafcb4337eef,0.35567303454204435
2f57ad23a2ad21f5,0.636066516880275
8c76f3fa81c149a4,0.4615287472647703
7448092b980edcbb,0.6349795873710534
cc3891e28dd031fb,0.2282801070647077
05d416ef906cddf6,0.3621073460456392
d5cdb3c4f4965afa,0.3649106361362926
bc40575e98475699,0.35561237886839636
7227a9d91f309e1e,0.498436026883401
f83295ed727a429c,0.2727387035010941
44f16ce1d7899c02,0.3081985112535167
219b4d22a5bcceb7,0.27882782510159426
5684d434bf545e82,0.2870289856205064
03d5ff6b9db6a1ce,0.4295267349171616
c402ad00c62dd803,0.38916139418568296
d384f2bb50d7321e,0.6535275281337918
865ca8dbe8ae9927,0.5281581744295092
0cfaded78f4c55c4,0.6677455376680212
c1f9c03f1f673cb2,0.6428933455767427
80784aef1b00a337,0.6473720420443888
2cc7c6c16592cbf5,0.5048223859018443
f816697d9e23576b,0.4850079517036574
e0a3063ee410875f,0.48030358705845566
187c083474d62911,0.43894889027821193
32fe8606c8a5cb67,0.7030396139418569
e3b603a450f69271,0.5234416262894654
13ea25fe500d74e1,0.5134350656455142
3465f2b92e5411a4,0.23939583854329477
f84c04deab8f0a53,0.7198151766176931
ce64b825ce5f48e0,0.2495968779306033
a03d161faa6231d7,0.30284783526101905
7b73399454d06d9d,0.2134851984995311
726ce1fc6c05064c,0.457069881212879
0e660e2441745329,0.7092389066895903
d4373d25e109dcb5,0.7433451859956235
6c8ad2f1018079fb,0.2628178688652704
485cc002fda9b938,0.3292634612378868
840b1b00c51f87cb,0.30246087839949987
e7c9e19e247f843b,0.5059643169740544
4f97589fa05c40f1,0.6948314199749922
41919c492d55190b,0.6576087800875272
8fc6cb3936ed4ac6,0.48072221788058767
75e3076bf4b29ba8,0.4142184706158174
8357351f6977683d,0.5130233588621445
1a6590aa6c3d2a06,0.5164172436698969
6b0dae5047e0ba12,0.5503074828071273
6f8bc4fa3d91a3dc,0.4411577367927477
e4aecbadc139b9ec,0.39158799234135666
7616bb2872e18231,0.6073977453891841
f97102e411194f18,0.36681648952797746
4f25e4f4959ce4e1,0.3990185214129415
46d34ae6f3e900ba,0.5969992575804938
73e3288eeb552e3f,0.21900101984995307
e7010fbb2150676d,0.6544900281337918
cc2c1c680ac82832,0.2679451469209128
d025b02417a63fbb,0.5714358627696154
08070948781ecfb5,0.31921803297905593
2bdbf073750d4864,0.4832968271334792
2783928eaba81305,0.6682074202875898
51bcbc84c0f437ad,0.34903057205376675
dbecf7b9325b78d3,0.7364042943107221
39b3096dbfceade4,0.5124410831509847
4299599a54525066,0.7312413410440762
ccd92654fb1f721f,0.8100877188183808
ee1170819ca7d594,0.30838109565489213
c30ab4f74d33afa9,0.29229710065645514
40f10fad12afb51f,0.6004097296030009
f4e63fba51ec3896,0.6773087683651142
60ad4f8eda2cf6d5,0.6576380587683651
4dfcb17aa4236952,0.5158503712097531
2e54d9b1b4e00337,0.34236395748671455
47a9e135733c2ab4,0.4446712722725852
4b3c22d3da587d59,0.5459546381681775
ef89abef9807c003,0.3973323538605814
e7530eb737c85931,0.4716835300093779
dea26fe32dbe26a7,0.6155700375117223
08133a148f3d4ed6,0.6320676539543608
d39b177320bf091f,0.5596838465145358
c2eeafe05948ccae,0.6735337371053454
73c8d1e2bc9f517f,0.2529262660206314
0dd4da33e5e18c44,0.4885263168177556
25e076876a1fb6c3,0.7495491989684276
873d0ca47a7ce61e,0.6829158838699594
930d090798b9ad8e,0.5800507463269773
98e38baebfb97bcd,0.6674808885589246
9c779fba6fe0839e,0.29664670209440447
5bb1f9fc76a02c1b,0.41327090106283215
f83de39c4e518f6b,0.7000679743669898
10bbab1f08d2e6c2,0.27629513129102845
ffe63eebf605244b,0.7422624374804626
1e55e67dbb9fa1ef,0.5463718388558925
e53426cca968ebd9,0.702101523913723
51bba86dd8aaec50,0.7541838465145356
582102afed3c818c,0.37378769928102534
b280a8fb8ffb9bf1,0.5735322170990933
e8e7ee8589574a45,0.40876929899968734
228ac1a17bade85a,0.43272952485151606
2bb37b0ac11a0c2b,0.6039126914660832
5588a1f5d8da9c77,0.4496442169427946
a46d657f4c9bc8ca,0.45466503204126296
7373ad47c61f558c,0.7175857181931854
0f1fcadf13eee28b,0.6484942247577368
1f8603bf90774382,0.7343702016255079
b0dc746e7f7ac87b,0.45203343232260074
82107223b7ff9788,0.6482733197874335
a38cbc0aecaa644c,0.4290880978430759
61dbaab39e7dbc01,0.3544096045639261
85064aac24d665cd,0.24594267739918724
48be998c9a3000d0,0.41743019693654265
26b2daccb2b045e0,0.7076154618630822
95198d21e3fae237,0.3517342919662394
b2a2d7a18404d7a4,0.48081895904970307
6b178de020b8598f,0.30799613941856824
38c1b19633279892,0.5712001523913723
186d5468edde7455,0.6855398835573616
4f33d36d7b629852,0.4952058182244451
b955eeaecbe25ef7,0.5987796772428885
39ad39dbe012b34a,0.6958071389496718
929e8e2af2403da0,0.4645201312910284
fa22cc093dcf1822,0.2970138480775242
f56ff6b1c2817475,0.2553188730853392
56b30f44349ddb92,0.571477442169428
617dd77adea9e711,0.5617325414191935
4cd7a91de7bacdd1,0.648663285401688
c07844f4e94ce116,0.7095736714598312
692bbfe3fde429f2,0.6757731322288214
6e8117bf11d2b904,0.3692971436386371
27efca94126fb8ff,0.5112248007189747
4d2a406b540c41f9,0.7020918099406064
5ca9c8756c163b0e,0.4365103743357298
c10aad8b54af6017,0.6838727297592997
60798b007f7b4637,0.3549556970928415
805031b5ab834e54,0.5020509651453579
fea6be92744b0c40,0.7096804548296342
284e4bea4a96494c,0.44274812441387934
4db0c35a634d4fb9,0.40286227336667707
351dca6bfd544a21,0.7424496444201314
c36cc7323d4f4de5,0.6731371834948421
78c350098097af6d,0.298538746483276
1404eca61a3105b6,0.4260834127852454
2472a09a3e602f48,0.6981613863707409
5f9d50958df392e6,0.7437479212253829
ab8fde4ac70ac766,0.7305989176305095
6649908e57ee98c0,0.3169203657392935
6f6b426a42753b8f,0.4596743982494529
9f89dd1b9ea145e9,0.5963793841825571
d56cce1c1c4c9780,0.4238298413566739
fd794932c3ad58d3,0.25090681072210064
901c8562d025f79d,0.37840337214754616
2460966f3ca7d3bd,0.6191205220381368
41c6149d1848cad1,0.47697423804313843
2c948ba95eb3128a,0.738566192560175
0263f07afc6e71f9,0.2466523952797749
59520bb39396ae13,0.6726791536417631
096e1b740c779095,0.513473112691466
13bcd446b5b75780,0.3013799429509222
82652e7aaa1e423f,0.30069939824945296
b4c2a047510b1d1d,0.3773329477961863
8e95fe1172cfd49b,0.47017657080337605
8b3b319f1bf34127,0.6806019928102534
8e876b9274c5930f,0.23136747421069082
74c8dbccca14e4c9,0.7146599640512661
a13d2861af1b8b95,0.6605143990309471
3d0443784b9008d8,0.55084178649578
30a6c22faea5d219,0.6412309901531729
8ccaf0cd13ec8d69,0.699870428258831
ea79b75b6fa4e024,0.5528887972804001
df41150fbde2201f,0.5155758361988121
6bfaf27148ca783a,0.5599867732103783
016b24ffbde9f2e6,0.7228686386370742
c7f17aea0b57c810,0.34213438965301657
1974cb4a4a5105f9,0.46519543216630194
ed6fb2d892b20325,0.3805743318224445
029aa7e7739f68f3,0.6420677750859644
1499ced0a7fec031,0.48514105579868705
1da835ae2069715d,0.3142692364801501
3b48789ebdae6cf1,0.511649308377618
b2501a34b4204e11,0.36567268677711773
4e1bde0d2fdb1719,0.4919174546733355
bd42c11dc1ea52c1,0.28411030790872144
dcdd441194892326,0.48778557361675523
890cf601bcb4d1fc,0.6135440059393561
efcfd07026d6f75c,0.5788961394185683
6e5921c9eaa0bbae,0.5282411378555798
076e6b937f9e0f1e,0.7305783135354798
fe7aa6148631a52b,0.44255335261019063
0204709b122147fa,0.2641948147858706
3bf87c4ce9af3343,0.2543227688340106
e5d3cf73e07cb881,0.5992865895592372
d79da024e674f570,0.649938195529853
f137410611053710,0.23961766958424502
4b48a5ea7d8db38d,0.4896832447639887
6e5b5708c1bbde63,0.575964387308534
2e21f1e2f4f0d11b,0.39390486480150044
2fcb7b875a97fd67,0.6868910909659268
c9c50dcabb2aaebd,0.3391301070647077
ade709965be588c6,0.36159226711472336
e99ce68035fd1383,0.6034041067521101
9abdf47140639086,0.753287726633323
c0370f3f688a69d3,0.7558188809002813
023ecf078fbcbe04,0.4998708307283526
9366b2145d9ffbaa,0.7956456470772115
907dcd98979cefc5,0.3120525046889653
1430d1f8417967a9,0.4831369803063458
12cf954bc6f7953f,0.7398599835886215
9f439978c3ff1caf,0.6304953774617068
3d566b52640665bf,0.7773244568615192
1da24b04359879c2,0.398017986089403
5fb8e8cdc5a458af,0.5010476125351673
69f63de79af9dd49,0.5506800875273523
078cef5b5f6aff6f,0.6267461589559238
ee64ad3ef7cbc727,0.3476710456392622
30f789de29e44c84,0.7492336042513285
ed6dc35d0f6c3f4b,0.7835358119724916
24171dc6016596e0,0.6739713738668334
d9753be4a4ac4d5f,0.7097380822131917
08b18f56dc4a9978,0.5861908799624882
2fe99f58d73a842b,0.28455758049390434
231cb4b19f8ddc4a,0.27380847530478275
a0f57bb92842d2c6,0.3524503516723976
b451e5af95310e52,0.5843060096905283
4d5e3c273bff2df6,0.6060268951234761
69445874395ad7f7,0.30476076899030935
72d5eb4d04446c06,0.34113896530165677
676277c834acaafa,0.42681335182869645
345fac6fcbfce3ac,0.5931120701781807
77268d80339453f4,0.5589329087214754
0a3d332e3608b10c,0.6556472139731166
3d3e247d278aad6c,0.7235952328852766
c6d0f1503380066c,0.7444098585495468
a7ccb8ff054ea663,0.698307838386996
d3b3fd3963b35751,0.7280562402313223
e361e82e1559efea,0.5464328188496406
94f03a339108fe12,0.2258308690215692
0d6b47fe3047807f,0.5585977610190684
f0d2a9398458201f,0.36724007893091587
8189ef648444f31a,0.657006451234761
b341aa9047a23001,0.46757369881212885
0b603f589ffe5334,0.7435429196623946
dfcd5836b6d7807c,0.7627355267271021
c69510f82760fc8e,0.4654939981244139
bc2b0e3b0279f394,0.3689197718036886
9e59359a937dc386,0.3411986245701782
9bd6fbbffc3029b7,0.4873618787120975
78533ed0a4d75031,0.557740180525164
24d3b857d9ec7516,0.706422968115036
d9f1874f6346d786,0.7020978391684902
6588a72e611a860f,0.4168037980618944
52fef00321899df1,0.6906665559549859
b3c2a81210323102,0.44194340418880906
c1501d30afd688d2,0.41485903407314784
2bd1f2fa8a7cdbba,0.35015722882150674
7472a7ac18cd8ab0,0.7841663136917787
b1dcab1c1027e375,0.6832927008440137
2add558fb5890d0f,0.22089884729603
51a6b2ebff82bb8d,0.7040068146295717
3486d76917d26380,0.640326977180369
7d9915dadeee6dc0,0.566975418099406
1a5e5859e62a5ff4,0.27103133010315716
ba7cc06ca707247c,0.4943151219130979
3c42318ad81df936,0.2958301852141294
e7f32c62736ba8ec,0.4827792317911848
01970049a1d79ee3,0.7083476437949359
c34d08417ccc14e1,0.6782749023132228
dd08d7511ab95a7c,0.4882913879337293
147c9ed162930636,0.6270756017505471
4d55d8c7e32d9a9c,0.4151299976555174
1df22e6d0f4be856,0.5515897272585182
29e5cfdbc9735f7b,0.6507680486089403
529dfd620d6ee22a,0.4164253086902157
22b829fba260c24a,0.33145629884338856
712c502ecc45cac8,0.35044288449515465
2806f2b7f968844a,0.48607696545795553
1ff716c957da8f4c,0.3040031767739919
33a651d1e2266900,0.7590742653954361
01aa41460821647d,0.5822167278837136
2728591ac3aaa7f9,0.7150927672710223
62153e0ba99bfdc4,0.6187928571428571
a336835871390b27,0.38834577993122854
66040815dd14bdc6,0.39429685057830577
e0d8f324ffe3e925,0.5995738277586745
e7d245b8d234167a,0.31846802125664275
b30acd5fe8990b03,0.7723079985933103
8b87df65e3f61018,0.5151422280400125
92d913128fc856dd,0.5702564746795873
c1aa97bf3aa49c01,0.48551117536730226
37b85ed57524087b,0.707824679587371
fbbd2368a21a9e6b,0.4396060214129415
39795c53fb16d719,0.44066914660831513
6d637bbe837caf77,0.5196624570178181
ac09426ca8b44dc8,0.6513066036261332
0007a5bb7310d604,0.7172728196311347
f8c5400d321751bb,0.7033216825570491
5c5d74b2ed3fe0b2,0.2981022077211629
a0d70afd5aebab39,0.35494417786808374
dab67f5669ab1b4a,0.6361902899343544
b094a6aee2983e4b,0.6442094365426695
76eceb39e4bbf598,0.6407447561738044
08792ceaef2278a0,0.3832647741481713
421639eb32096298,0.5278439903094717
3732446a2dc0ff2c,0.4826096905282901
f42e7bbaae983e33,0.6407066974054393
1d7a33be5e41401e,0.4761574632697718
c94efe294bf687bc,0.6608852219443576
54153bda194f6353,0.35599578383869956
275f14633d4a7de0,0.37211558299468583
7a750521e7810b4b,0.7850170443888714
b94bc2b4bd62e236,0.549146956080025
3c2076842f11afcb,0.3788636448890278
53c3d245534bdda0,0.26408681228508907
bee1ce38b4653a33,0.3459633244763988
7fcd7a8a7c44d7f7,0.26533694123163487
60fc2edd396bed1b,0.5512882111597375
df7a1a739d1e3d31,0.6252169076273836
293173b622ae6047,0.5181793646452015
c18a9f29b23ca49b,0.38992845420443883
4497cca94390df91,0.4312088191622382
40d9096835771f2f,0.6872275281337918
ba30e997b8338d76,0.6409581509846827
56d89283c0f5c7c8,0.41602017036573924
f460984ca4f4f1a0,0.4635036222256955
63585cd6e35862a2,0.40751909190371993
26e41712e705d5ad,0.5943930994060644
0a056eacd56539b4,0.3845471709909346
9060dd63376b8616,0.49275151219130975
f11e51ec27009738,0.7136214520162549
d0496dc870887d72,0.5988030595498592
65fef6d3fb26ca70,0.20316038996561422
a586684b41fa9769,0.6036772819631135
3bb2f0950e70a234,0.5007366090965927
6c6a97e3ad10abbf,0.7725288644889028
ede33053b334b03e,0.5323179626445764
0dfab1673fe84ab2,0.46013415129728047
f65b0230673c2e76,0.5592483705845577
5618ac6872992ff3,0.7398139145045328
77febd71dc7777e6,0.7433873163488591
7f54b45c8c0b9310,0.6797137699281026
9273e3e5412cfeae,0.6351295092216318
52087475796918f7,0.32496742341356666
643455f14aa1df04,0.2511257971241012
d1b24b005a16d2e7,0.5937308729290404
88788f98d41f9611,0.6647663957486715
bbbe50af555f1d68,0.5507510550171928
1bfe964817713a25,0.7984683065020319
40d6df07da814020,0.6950985972178806
8a96d0eccabff7b3,0.20184357221006563
439300a43f735490,0.3002963191622382
bfaf88448d1869a5,0.6439549038762113
1eb331ca2d61f16e,0.6709001015942482
5ad8f23386d2ce42,0.6873486870897156
69ddf95fb1e28199,0.6020082760237575
6c224fe2f90a4ac6,0.3841841708346358
7d2d81f3b2e16bb2,0.7165631291028446
306bcc14dd7bcd69,0.6841418568302594
db0b579d4d6c3202,0.3116247069396686
5e7670a553fae63c,0.5758948226008127
999f8c054ed84981,0.48101758752735224
645969c8fdeb22a1,0.24423762113160358
6158cad9f5117a45,0.4923012074085652
3717d43b0bfbe61e,0.6501698733979369
8ffc981637d61bb9,0.36620326664582686
8b934f4c25070ad8,0.37564916380118785
15701cad20890a02,0.5053430915911222
4a22e527eecd22b2,0.5475754728040012
6b7e69ddbeb27f14,0.758761441075336
c44f66a5254d5ede,0.7945408135354799
1dd06cc994df91c5,0.7502064746795873
43da23e0c905b332,0.5539854485776805
cef6bb5fbd6d7d4c,0.2455477219443576
74e65522686e974b,0.29079033682400746
b2ec41e4d4e17991,0.3944943849640512
7adfda5837586ee5,0.46698087292904034
7be7cd83da184778,0.6476687285089091
331453c919db4a8a,0.4660669740543919
1ad90b2ad8ec5751,0.2729780165676774
06f305aa47e1f3e5,0.6988596123788684
5d77b6a032a98222,0.5423749609252891
2fadc388cbe136d8,0.2603005626758361
3a64f59d79eebaa0,0.4894215692403876
e9d4d3a03ce54237,0.6113733783994999
5bc032bc2d4db536,0.3286099679587371
42afab27f6d63b09,0.6096533330728352
0ce59aff9d61ddc0,0.5984720772116287
c4b23b3e64f8fa59,0.3204004806189434
df5826f4adc2407c,0.5477592372616443
1006c7d207337c5d,0.3673998593310409
74f20f15f7388f9c,0.3183877227258518
e8c69436b1cb3320,0.3875836120662707
609680f04da9fb46,0.3553822053766802
060d99e1fde9dc79,0.22902581666145672
6555f0c293c5a1f9,0.6170225851828697
cc835ba475e9656e,0.6320157861831823
960c65dd29d3417b,0.5062726594248202
c7596c71a0f505bf,0.3058061972491403
3f3297df319604e8,0.6290294310722101
21c886bdfaeba657,0.7775396061269146
4c47eb742008376f,0.5919401883401062
0360ab7e3c03e1d6,0.46381092528915285
106e8c5cc993ce96,0.6271320803376055
3f189ef767336273,0.6028784502969677
d87c2b5ea60e2e70,0.31523116208190055
924a02ba0ace2e0f,0.3806340770553298
e0a93aee5351fc40,0.6119640434510785
60036012aab0d68e,0.5457079634260706
92196298fd1f0a2c,0.5372447639887465
2c9507cd32c0dc32,0.2979988824632698
f138d3401d1ef8d3,0.2813764535792435
0550e84ce3342ea2,0.7240104954673335
433b7b91aefd0d89,0.33763078305720534
2f084abde9824f95,0.3095815254767114
aec34c208a4086e3,0.6850809276336355
77832263f798d3db,0.5699418841825571
423646a4264a51ea,0.5231211120662707
99a11463587499b5,0.6614909581119099
5666dcd2f61e1fdc,0.4448403368240075
414bb3e31a06b128,0.7955337097530478
9825bfe27f61ead1,0.49919803063457335
3e8b0ac764ba974f,0.32639108705845565
f494e58fc4f527c1,0.39885961237886836
4b3ed9d300487cc2,0.6862142114723351
064d5daca103bb1b,0.47359434588934046
1a4b5aa55f664cd7,0.40566183572991554
65fae5433da58938,0.4700923257267896
77df36f32951641e,0.314076758361988
2734faa9175621e1,0.7880091239449828
6952ae6c0325e147,0.2504987691466083
bc49ff32a733b5b3,0.6170528993435448
ddb437f22bdce5ad,0.6766706783369804
ad2ca89540526e80,0.7437708229134105
8eb86976f1f7faeb,0.8435763480775242
351b2cac3bb60649,0.5853240153172866
f3685748a7717d4b,0.40645796342607066
af64f4a787a28c01,0.26190032041262895
e41d8e72f6a6da64,0.40385912003751173
43199fd3cad0d080,0.5381422866520789
08639490dad5a32a,0.66220216083151
251545c20caf2d9a,0.5583667122538294
657fbf140a397f3b,0.43409784698343234
d28dd01372e08f90,0.4469018286964676
fb9bccbf5affc835,0.3149200883088465
0c3e0f0e422bc214,0.6633474132541419
b6fe616b3ee4f983,0.5943261487964989
1a05d9b0ab2c483b,0.5219373007189747
be053c37d8d326fd,0.4530114059080963
b0cc45542dd09eba,0.4923037081900593
0d1c9ebdc72b57f6,0.4273003907471084
926a38d305ede2ee,0.6875020123476087
381047d838351f95,0.6057161808377618
5afb977a1eeba5b5,0.4135790286026883
1ef7c785c8633cc8,0.47065779540481395
2f0bd78e22c8874e,0.6123782158487028
2765e2bdf659e633,0.3297665481400437
31756eaf193dde51,0.36904713582369486
ba5f5a3df72c6be8,0.734809956236324
90e87591d24ae44e,0.4362754884338855
f9f063e55d3db8b4,0.5566094795248515
3ef90711b7e5d86b,0.6694428649577994
ec0a6ecd2422c215,0.5797554665520475
2a75009bf5006a5b,0.5079230267271022
9edf622febac0e4b,0.547948057986871
9cee551773541f4f,0.47728475304782736
2a07f1c2d7378d29,0.5260494021569241
aacdb09c08c9a960,0.272200234448265
df9753fd02aeca78,0.5137293529227884
ecc853e05f1891ac,0.5622667630509535
859bd8582d3d2811,0.529180396217568
a124273d56f60796,0.5364881056580182
9cd33034524d6b66,0.4986575023444826
9e58973154c42431,0.24829093857455453
fe78518186335668,0.28282549624882775
0c195b45f68a8952,0.3634551969365426
bb6b109cc9317218,0.2996509924976554
a58342d3aee051b5,0.2994970615817443
48f975291ebf9397,0.6729592802438262
672604676c29d735,0.6118229524851517
144b0a7e9cb057ed,0.7719967333541731
02ea6c1ef4cf0b61,0.25688743748046267
fe3c47193f742bd1,0.3786134885901844
782fd306b790e8b4,0.49211457486714605
53f0ab0c206a7f5b,0.6700927946233198
2d15bf73a2700357,0.430447741481713
569b34b568032161,0.6391240700218819
d98474765b2d7880,0.5463447600812754
f3088caf81ec54f5,0.6997018794935917
884de3bae564118d,0.8099818185370429
5b62a55571d795f7,0.5911606673960612
e860976e6aaf78f3,0.6042701391059706
bc5f8d0b2f9683ba,0.25102489449828064
92555d85c6369cfd,0.7131696467646139
189861fc294e0daf,0.5250519459206001
b8212e2222eb4313,0.2560240348546421
53afc56ddcd63d8d,0.5889831509846828
0592b0cab7becf5c,0.5509701117536729
ac4cbdd76a84da91,0.5307566270709596
f2eeb139d518ca60,0.6137518521412941
e02fcc8b8b63c0cb,0.37983296733354166
a7f194a18e15e185,0.37682127227258516
b9b57b5beadd1490,0.6227456939668647
357c4988d289017f,0.4272170404814004
f0d98c09bd71837f,0.6004058260393873
b1c0df4bb0c82383,0.5510317208502657
5bb361813a233522,0.4445939199749922
c3eeda7b200e2c92,0.3728969678024383
db0460b8a23a94e3,0.5306454360737731
3c80f795a35190af,0.3171481009690528
ecf5824d8b392491,0.25040611909971866
5fc7a11376239e12,0.2582501484839012
2008fba1ef946ecb,0.5663699359174742
e2aa59fe541e0ac8,0.43660743201000307
09b5c7802e6b561b,0.23786766958424502
988df0719acbb76e,0.5799891763050953
48d79ec301d31948,0.39647306189434195
d288ed9b89b3675c,0.3584563261956861
75abd1caba2694a1,0.3641906064395124
3660f3c735d8a187,0.537454614723351
0440ac4598276f6f,0.7388146139418568
836bbb09e4831df8,0.5375961784932791
51432ea27e463eb4,0.4207843779306033
3fd99194e4efb12e,0.25169988277586747
ef1b4ca1f2c1e357,0.3584586941231635
70c464af7e1cea4a,0.2646298179118474
54c64f47d761f86d,0.5954340770553298
333dcb05411a601b,0.4177136956861519
11861d1571dcc3a1,0.36392328071272273
20e00d08f625d409,0.6376781025320413
8574c4f5b2db8c92,0.6833106791184744
95feb433faa8520b,0.7408090145357925
1dd496796a5dadff,0.41852746170678334
c1c248e8483e9ef8,0.4192554079399812
5e0dc0f0f0ea48f3,0.328326430134417
7ecca4d6c9eac123,0.4191533487027196
58dbf7650b2286e5,0.3224248593310409
4c62224901fd183c,0.5487071233197874
affa636fe0cafb15,0.7102498866833384
c9f2c416d003a925,0.30778164660831514
c19024a709757f11,0.6020389613941857
d3444b15af3a9536,0.5476450687714911
2f54cc2167b0cfdb,0.3812911222256955
d974c7d47092679a,0.27231960768990304
1f04a25da2b17ee9,0.6141817989996874
f133299dc49c2bf2,0.2899624921850579
9542ec8d29575b20,0.7069528954360738
6e476b773a15e2f7,0.3330364684276336
c468f0fe05876276,0.33779865582994684
1bdf15bc47508221,0.6370410909659268
687b1d6eaf1bb287,0.6621765942482025
fc8590ee9d55c5db,0.30608765239137226
a4379a3efec7361a,0.2207477492966552
30a2e56d4d608b28,0.5851752110034385
4b400d52635e28ff,0.8319307596123788
992d4d4846551047,0.6825625039074711
b91c089133d42f62,0.48478226008127534
c98879c523da912b,0.3298983627696155
7c8f510d8af822b4,0.6045151219130978
9d674a6212b3431c,0.3659176969365427
d3da05b2f284cb87,0.48471022194435764
853ab873686c227e,0.7028618513598
ee0d55e13012503e,0.27830959674898403
fed761caa06202e1,0.33980479837449196
7750406f980f78c8,0.6542780829946858
e8770d9a28fdaeaf,0.7912964285714286
4025856444b9ab51,0.37507873163488586
1d0cc87631f52974,0.8002706197249141
f87d2af1aa151b69,0.42262221006564554
e2746f6359714da0,0.46079401766176925
6b20c519964ca8fe,0.35033091981869335
ac0ef70a6dbe1ce0,0.21405924116911534
29219b6baa3ffa60,0.511618630822132
ef5245dc0733939e,0.4904316544232572
26d625d3997169dc,0.3586199007502345
ff9580c0b2b1a370,0.7058867067833698
bdad383d41eac454,0.2429610464207565
a6bebd6247dce4a2,0.7154141763050954
846ab5063b60d099,0.7627229681150359
1e342d4cd0cd2bac,0.5307384299781182
b111d554bd56dcf7,0.5105696819318537
9ddbb649643fc0ee,0.7280754376367615
0dc9c8998b42da67,0.6920370467333542
80444594c0d4b5b8,0.4929685800250079
9bf8b2752ad4d752,0.7596597452328854
794812675f553fb1,0.5766795795561112
c60c7cf09844c202,0.5801959088777743
06559b4012a85953,0.3081569943732416
dde7362e34a81ac2,0.542878829321663
fa1ccff8a7481b47,0.7156784346670834
89c1eb286bad23b4,0.22906287120975308
b389067306356b78,0.5945442169427946
a4328554fc4a45e3,0.6100182986870897
fe2ff0422ecd1440,0.41509753438574554
e1f0e9e0dd1f6a8e,0.5703057517974368
e431bdc8db1622e3,0.5184675054704595
54d5ddd4fde3db7e,0.2267302868083776
d6a2262fc314d2a8,0.4570946623944983
e7039d9ed0ec0c39,0.23467373397936858
357fb25344e0d8ef,0.4367073382306971
8479ceedf945cd0b,0.5594880861206626
30e12f447d932d19,0.5723625664270084
a33acfadc007c5d3,0.6826730970615817
32b72fee7f2bc37f,0.38494786261331665
e2ef0cf7c0138e95,0.7175985776805252
c53a5098d3feab43,0.6775561620819006
2d1a504956a9bc59,0.27136861128477646
5b9d63bb61f11842,0.41046226555173493
f8fbcd4440a074e6,0.6171527078774617
c18b0ab8490d1c66,0.5541460886214442
18cc6b0ca558d790,0.7143409463894967
c78d6d8adb708879,0.26265961237886837
928fe114a90feded,0.6407790676773992
806b11fae1f6bd45,0.4250968701156611
ac8d5b4456a25f98,0.3813964598311972
0de3b4e998fb61e4,0.28753835573616754
0344ee3e70daaee8,0.6029705298530791
9459a694f708e7cc,0.24251634104407627
f8f24bc3cf3562cb,0.4172810917474211
fca0d01a476eb58c,0.36742897389809315
ef25fb3354e1c732,0.6102307986870897
83ce56a22c714f81,0.7608162316348859
781864846ec190fd,0.4410711824007503
99c27791616e6a14,0.5672820686151923
f00a56545441ae1e,0.3705730618943419
160c77c56d0bc3b3,0.2627764105970616
6bc7f7e6a8dbe398,0.46434949202875897
565c31dc34339cb6,0.6973742458580808
d47a57dc58d8cfca,0.5575585964363863
7d91fd093f331634,0.7421807049077837
a33fd6143896a064,0.22531793529227884
af6776fae916125c,0.7958357299155987
eb63791dfd566fd7,0.6606679626445765
fd94632e98a57fd7,0.7077467099093467
7afa48755b2905cd,0.7497418451078461
cbfe89a23b516339,0.5800518873085339
bc9eb4d602b27458,0.4625850929978118
fb8b7e3482eaa33f,0.44614075492341354
0d172dce11eeef53,0.3895775672085027
6cb7efe2f15a8b1f,0.47601974054391993
0b234c8955fa5560,0.26089712410128163
1564bc14da2389b8,0.6870626172241325
11d440c4ffeb2e60,0.38592804782744605
fa46240b99291663,0.6267940059393561
52eb5978e0a48397,0.7098495858080651
bb2cb3fc47f785b4,0.6735972843075961
bd402ae2e81bc456,0.43336173022819635
5b2c73c3c2fab67b,0.21454673335417318
558785e2cd64bd4e,0.7692586159737418
d8d0cdd0e630be6e,0.8125719287277273
54a5cf67504e37cf,0.5547220342294468
b7225c4787addde6,0.3823155751797437
2e444cb3f4217098,0.3562282392935292
ae6ea7b6c44fe6f5,0.6536150359487339
8917e3ac1e161b77,0.4535047006877149
ca8e1b8f4b045be2,0.7747357689903094
b16a002c43cda488,0.7261341981869334
38988311c0c8e2b7,0.6454596436386371
40ac9a289f991b8c,0.4797845889340419
83dbe87c0f3ff118,0.533978966083151
d8412746401ef6ff,0.30068365114098156
95a1b17435300c3e,0.5638295717411691
9576e0a63d76b324,0.39816119881212886
8e43c1faf8514a42,0.2620594248202563
64462847893bb0c3,0.6624204048140043
2e8d60596fe0288d,0.298068728508909
e3064eb18f25f417,0.7073702875898719
5c24da1b9f2ac392,0.24868040403251016
ad26aaf8f4bdaf41,0.5175394615504845
a21097bbd8645f25,0.2968999296655205
cffe1ff942479449,0.30266094873397936
39170ff154aa8058,0.652086714598312
0e2b77f6fe4d94af,0.7580451273835573
4fb4ed274c87cfd9,0.35736396920912783
dbe218b606bf3cff,0.5609884846827135
b1ff3f405ab15e62,0.43307126836511406
b77bd0eb977bfde6,0.21512511722413252
c65c01d13c9051fb,0.6970046381681776
9f7d2bd32579e9b3,0.44797336276961547
1d42bbb95380256d,0.6612563691778681
799c5bdb519f3962,0.5345306462957173
af54b26cbb15ae3e,0.47245037120975303
9ce958c47b1e7d3c,0.6191397975929979
d39bba0520b226fe,0.44771014379493596
c4923735c16e8881,0.21667914582682085
43506b20fd8ac430,0.44175431775554863
685b0ab35ff084e8,0.7212809315411066
03212fcbf4fcc22d,0.6676696467646139
7aff26a87411e8ee,0.7198306150359488
9af789cec1453f89,0.33514488902782114
41f2ebd04afb728d,0.6847648952797749
a3a3009c55baa210,0.7825648093154112
688382bd40810598,0.5125439316974054
42cce10beb6c55b1,0.3110557517974367
59fe211f9aa2b83d,0.6353571389496717
86466c925086fe3c,0.7349235386058143
cd36f54626e83a21,0.34089912863394806
ded728c05e20539a,0.6683336941231635
0c7fd3a164040b3f,0.660303966083151
614f526f552a972f,0.34256503985620507
cf076cf42abbd2a6,0.3827709635823695
e20135d1136fb289,0.3765321311347295
2b40340f15b07950,0.6523335729915598
92ea7f3ec80af25f,0.674155716630197
1de6db095fe81c3a,0.6497650554860894
e13432ce761076fd,0.5139413371366053
ae126eb3da41487a,0.3191489801500469
05436df37c119ff6,0.6677275203188496
b9203ce854a26300,0.46305683807439824
e39f8336b7fa1f6e,0.6751028446389497
2d031b0318ea5a02,0.4658513949671772
54304b5c419290ad,0.2895534463894967
e9b3e8a0a4077e28,0.24034657314785868
1dced917867d765e,0.6983679352922788
c004a070a93054de,0.7455264066895905
3fa194a91f4562c5,0.45646215614254454
76d5a2300ca56933,0.3177910714285714
993bd3c445b80c92,0.5547657158487027
16eff5adf0cf07a9,0.7368556423882464
19f4c91cd1038cc8,0.33645807283526097
4ace42dbd199d1b2,0.41364032900906533
8232534ba45ef07e,0.6360584010628321
a2eb06ecbdb56bd2,0.3056911495779931
e33ca091fb503e03,0.594520346201938
8b65603997a5d0ae,0.39238638637074086
c4702fc1a3b838e1,0.42283927008440136
0a2ca915437c9a04,0.2809783174429509
6e4d60a1e5913350,0.3320144341981869
0eb4def034c0e542,0.7353091083150983
0dc7bc6ce45f37c8,0.2823368005626758
69c1bc9b1691880f,0.568479153641763
249619e3bba248c5,0.5183561308221319
8a0925f386616243,0.5220095146920912
c609c9019d1d7b32,0.6970364215379805
dea132cdd56b9c8f,0.7013584323226008
24c6ff18b883edd2,0.7698199515473586
06ea151cc4ea5974,0.3072281337918099
dde1072c2340c07c,0.28253794154423256
bf6234d11406ea49,0.4374106752110034
610c0fee53d0cf9e,0.7135125
fc0691273040fddb,0.6342058338543295
46bbaf2bcdf5a362,0.5660196194123164
6f4198d004803569,0.4344682088152547
3f726ca9a49e022b,0.35489762425758054
2263ab08ec01d546,0.31184589715536104
dc2a61d22023b42b,0.7484040872147546
9cb03c429bd54976,0.21022602375742422
d3d5427c6c9640bd,0.7134600812753985
a356aac05b7d44bf,0.39008757033447944
2c28820cf1ae8254,0.7004150203188497
cf49994228b74e3d,0.42595042200687716
ea984ee0501b30dd,0.5071724523288528
3639d96562366ada,0.24492256173804317
007d989968211b0c,0.34524365817442954
47b004a1df7ac9c9,0.47809555720537666
f09cbcb79049a436,0.6878838152547672
d3e17fc998bf6787,0.5114268326039387
0c6c8663f624c58e,0.3164128125976868
52720efef03dc54f,0.7419314277899343
c6a5cca33f57da61,0.3944390981556736
b1208369a0074122,0.4049222452328852
b0563e971ad0dbda,0.24333693732416378
a0bb9373f1dff1b6,0.665178180681463
607b5d747f350fa9,0.7108731947483589
8945214e2c9cda71,0.716389434198187
7fdea294906af44c,0.665333303376055
1f3c2f31d844d10a,0.2610643677711785
248eb5a4a5179bb0,0.7625225304782745
f7522ca250fc8477,0.4213783291653642
3ac3d9675fc09e64,0.5418458111909972
b65116a131be84cf,0.7116502813379182
7cba939dfaa4fb1c,0.698697002969678
4e484a321de70373,0.5944108158799624
48c00464ee810da7,0.7166125117224134
11c760a8108e0ab5,0.7309544818693341
4ece5849758d2bbf,0.4622985815879962
2d34cfaba66dade6,0.7383087839949984
597b3aa023ec1731,0.21667184667083464
65e095698c6b2018,0.6440715926852141
d4685373bfa64d8c,0.37118251015942477
b2a24aac339b046a,0.48414740543919976
d018e1502c830522,0.6925257697718037
b4a5d705266bfd48,0.445229614723351
1bc1ad21db736edf,0.4933644576430134
3584862144963b16,0.4168612613316661
64acc3b4a0341a38,0.31097628555798684
ae1b7c2913418b6f,0.2524548999687402
5ff184c18b029b7c,0.3380938809002813
d407cc2c1f68ef5b,0.7077872186620819
10610f40d2c4beb2,0.30371513363551117
a8e72b280bf38b81,0.41520053141606755
4802ee9701571a2d,0.7534591512972804
c0ba503ad79cb130,0.7603116208190059
a428e18a2571696e,0.5128568419818693
d973ea3bf88a0f3e,0.616324073929353
cca48a6fecdefbfd,0.5289216903719911
387eb4b1c9690ed5,0.2953515825257893
f9b045f246df515e,0.6967470498593309
b8aa274fe0062de8,0.7665077758674587
9d67fee3adf9e1fb,0.6674454360737732
3196cf2ddaa8893c,0.6504592020944044
c6cb67394ff79930,0.5928083111909972
b713b9f13a1a825f,0.49918666380118787
0c55301e8a9a0e8b,0.7099983119724914
06cf6a66edc51d64,0.7479702602375743
73877568d5adcb7f,0.2862735894029384
6e713b6c6d9ff701,0.6336427321037823
35b98290788b0e15,0.7374468740231321
c1699d21d21f249c,0.4538339637386683
4d4b1f0d9defbbe6,0.7276542708658956
c1eb4bc9fb4e0c7f,0.5781347335104721
ac64ea4bb93cb2ae,0.6396333893404188
a6c0198d0ade9eda,0.692353508909034
4ee5d36590d4f29e,0.5428625195373553
39d7718a5529cc62,0.24700552516411375
4f6e36e222d122b1,0.4379357103782432
f7b65c4533428cbf,0.7551558807439824
32839e57f8e1ec72,0.5354049234135667
0a631a26c3a1a8ef,0.6751890551734917
42ae365efff05b84,0.38503352219443576
aaf16c83ac07884a,0.6013807830572054
e3fe57ec38bc0cae,0.43802800484526416
a269d748b94103bf,0.4250006955298531
29320c0461eae48c,0.2649146022194436
98b75056b390e87d,0.7145149070021881
a18aa53890bd84ac,0.6689943380743981
fc5a2a2354cb11ed,0.3468547905595499
912408725cfa628f,0.4962005431384807
6453b1a068b68ddb,0.6810919896842763
d95e854d614ff5a3,0.6180949046577056
85a79337144b2a84,0.45704856595811183
b5e18d3eb66f6250,0.283572280400125
3b90fc3f1087e3d5,0.2567775281337918
36f89bae0e5df26e,0.569139762425758
7de9a21c9a6df7bc,0.7684808025945608
4ad662d48155a76d,0.6140199945295405
1016d05cc8d07dfe,0.47517542982181943
b0a028857d9a81dd,0.552189438105658
c7da65ddda5ab002,0.6775329751484839
8faf1048140782ab,0.49366594638949673
d0f1cbe5f5c2cc97,0.696060929196624
766a85256e2db000,0.2990130783057205
83f8495a5ff0fc2d,0.26999703422944665
a57ac84facc6651c,0.7294155634573305
3e18333d2d1812a0,0.361023479993748
2e2c93c0b28242d7,0.6624315997186622
290025e556e7a964,0.38415391137855576
34abf7197c7817bf,0.5036386136292592
4c990af23095a8ad,0.7654671811503595
b30f0e7ab6ef02e6,0.6516241989684276
955f054ef8ac2a98,0.7957408604251328
efdde8377abe8fe4,0.5563405243826196
cbfaa9b940f4c2cf,0.6767544584245077
51e64153531937a9,0.7450530829946858
3b7b80317148399b,0.6938469990622069
b1de8383db45dfc8,0.6288256330103157
0d3f9429ecf4d4c2,0.2641379024695217
c4499c39e29ecf53,0.4041454829634261
7800f7a3f936332b,0.2678800015629884
b837532e3fdf4a50,0.44602791888090026
c681da0099cefd6a,0.3378109682713347
c7acb3b5705e68f2,0.30011098390121904
7072f5cd32c791ed,0.7018100148483902
00b5216b2f2dfa33,0.7194654345107846
b2ae02f82d15b4ad,0.5266264965614255
5ddd4c1db54b9114,0.4425879337292904
3e6fa59b53549aa5,0.45369071584870274
6b853eda68180bf6,0.6833164348233823
0ee247af650122c3,0.7884429899968739
9e2c6c5193f21067,0.2894575062519537
6cb5b3e20565dfc2,0.7715604095029697
dedaeeed301662dc,0.38885118005626756
7244a91f3ecd611f,0.3015146334792122
d5447b494619e05f,0.5214573499531104
d114e64d8dfca5ca,0.2779225969052829
762e061721ae89c2,0.31524961316036254
0359613691f7c01f,0.5233097530478275
ca90a47bd789f6fd,0.66116199593623
b43584123f43b018,0.48615378633948103
0770e000ee552df7,0.6503484604563926
b396a1df0d592f4f,0.4194165520475148
51ffd9a173cdec87,0.7881827133479211
38e628d583de2dcc,0.322915543919975
5e444909efb4f076,0.46763207252266337
147047e5cda600ea,0.684323796498906
02f5e786b6ca732f,0.32837205767427313
b29abac474eba51d,0.7249449046577056
14f09256775b5595,0.6148006408252579
4132a178395f2d42,0.7370980150046891
3ecf5a5ba7668082,0.333850187558612
f7b8ef9f4baa3954,0.7576339442013129
344ae6cefc6e5e28,0.23428339324788994
9f8993a4d3fd8c66,0.49614180212566433
02fb2d64b2963430,0.5515670248515161
cc3e88fc10db73fd,0.6968979720225069
e1b25ee0d1bded29,0.6349268794935918
6811aeda7c48195f,0.5454750859643639
2caefea2089d3348,0.703078141606752
06624c42e6f173c4,0.7754261448890278
18d0862452891d30,0.6895931384807752
aeff78b9acbf4d71,0.45260048452641444
3c4fb720d11f542d,0.33448287746170674
ccf649ea4bfee844,0.4578361245701782
72bca5a449e85cd9,0.2601279149734292
fd6a74697a1a9ec1,0.26876627852453894
a629bcd8e7727428,0.36490475539231004
4234c32600399d7b,0.7083342177242888
dbf0f354d6059039,0.2961499179431072
3807b180f301e7e0,0.5346427907158486
5cff8cd0dc4c326d,0.4732886136292591
a28550e03a14c9e2,0.7055886253516724
244915cbbfabaa93,0.2788317911847452
f5d28c37e1483258,0.44651106595811185
625d0351dedf957b,0.6091062246014379
daa98d98f6971d07,0.4940350812753985
aac141e3478df5f8,0.4695744685839325
6e2d6b44bfbd409b,0.6458568497968116
34a46acb36dc8ef8,0.3956709323226008
f709bf78e6f0fe9a,0.4022387582056892
573ce0864f1f1a1e,0.394230396217568
d6421a369f95b35a,0.5527636761487965
6c74b5b293b1b97b,0.31546779071584863
51cf0713d5fbc070,0.6321137269459206
062ba7304652bc27,0.422566192560175
930853397c388814,0.2991574476398875
2e48c840c19e48bf,0.5398195373554235
2a51f116e23cffb3,0.6199004532666459
070669d7057f8aa5,0.7497229173179119
967936eb15802a83,0.5202752891528603
83ec0a0ff919a926,0.3970383674585808
a35f4a25719a4b95,0.2668722374179431
e646bad2986e850e,0.6018062285089091
8b488afbcc578dfc,0.5644875625195374
13ea6594c14a4026,0.44513850422006873
d0e536523f93f64c,0.39462916536417625
0e5ca22bcfd8c5db,0.8171352922788371
9fb1e891c08b715f,0.198372647702407
7199fd0ada65fcc2,0.44966248046264456
2275f9dac244010e,0.24975511097217878
24e5ed05f908296f,0.4008992653954361
6cb602b86bec19a4,0.6119919076273836
9325343b0fd3d676,0.4033010472022507
644e5f81463951ba,0.5083129454517037
37046a2dda9e5889,0.6058011019068459
c7df199599dc296d,0.5138007385120349
54e463d760c0c6af,0.26765262191309785
9bde8f101bdb4095,0.5472911417630509
bc5c320666ed7ca3,0.29390559549859324
4e44d72109230bfd,0.5740832877461707
235aebae2ca0d45e,0.7266395201625508
55a1d48711c4359f,0.3933828735542357
c1ec685fcc48d91e,0.5902769107533603
a51c93906bd78ab7,0.5555954634260707
207c0a6423cf7a33,0.5081599914035635
c7693bad80c482e1,0.5556805095342294
36b92309f6e5618a,0.5031584518599562
26ee6d56130da0fc,0.617964387308534
587c7d36156381d1,0.38211627461706776
50d432d2b52052b2,0.4879492419506096
b738afb14f60d587,0.7812228157236636
1157c08c11e901e9,0.6449118982494529
cfaea6958357ef1d,0.46917178024382616
d8b3ec80ec080d08,0.716936206627071
809c8f80468b1337,0.5224443185370429
1bdded460bb636a5,0.7098337644576432
96cc52a1a3f13e6b,0.4488856165989372
c97a25af08369f73,0.29426899421694275
0de5d7bc5b46bdc6,0.3925972491403563
c6eca151f8576037,0.46931708346358236
7ef7f606745e05ec,0.22709079399812437
c5ea9ba7fa065f8d,0.799997964207565
63142c0d75cf9aa4,0.19716131603626136
c396e609d01a9bcc,0.2442538879337293
7c9db70c27860a32,0.5549719326351985
8dd4bb6eda603b43,0.40078715614254457
d5eb724b5ea43bba,0.704152817286652
e7e9bc7d5e2e5674,0.6316009651453579
24b3176d5020b612,0.645953188496405
6fed295aff782896,0.7718201000312598
12d17a3ef6b47faa,0.730276707564864
2c550aa9cd671368,0.3195778329165364
df00e28247baf9ff,0.5975380470459519
9449a45c9d7b914f,0.38527700844013746
9a8393310d9b352a,0.5325763637074086
e1b1b6a194b4b1d6,0.3680605306345732
7097d3e397e94525,0.3429634065332917
e3d1f895e94e8bbf,0.6058480775242263
6c46ce4b2303ecb9,0.5113115934667083
999760aff655cfad,0.3037914348233822
6d526f4593563124,0.48768339324789
467801b5de42246d,0.6325160128165052
81c9cccf75c1503c,0.3621007697718036
bd1aa64c7a5dcc06,0.2992724562363238
df1a75c489d95957,0.3195989723351047
7e6ebb5b237b817e,0.3781799663957487
1aeecba2c7866fb9,0.6064827680525164
14269028868b89d2,0.34984611988121284
5ec456826b243dcb,0.4069895475148484
e574a546f8e193c1,0.7319150828383869
b0ce65cf243f3ae1,0.6321525593935604
8b8e8a00e6e1fdc9,0.3190360933104095
4a87b2b000e87686,0.6442966044076275
1175204fe5f8cb6b,0.37513052125664265
50a79bbfcd719a29,0.5973494646764614
0d8c215cc600c1f5,0.4731543177555486
3ceb989ec05cb0ef,0.693751473116599
c7ea3f3ae516dbc5,0.27459389653016564
060631dc9f8845f2,0.5977004845264144
4ccc3fe421151149,0.381730904188809
fd51240f58f2ec0a,0.24963971162863394
9bb25b00d30f4ce0,0.271849726477024
1e633867010ad35c,0.3577204048140044
90da0c9b099080e2,0.5239849757736793
f3ba8015df41ef05,0.6102486675523602
7006c751c11cdc01,0.5136424077836823
db5b922ab7ac849c,0.3437707760237574
8ed9c5e3ceb94d30,0.5154758244763988
32bc573af0d063e6,0.34949111831822444
b6f5ace9b32140b2,0.718931541106596
2acea7857a236b62,0.5549221397311659
2dd5886a7dff0caf,0.6252489488902782
cec7e9631578eacf,0.6929846592685214
aa1276a52bb96bae,0.6741542904032509
f90658bc8d521271,0.6148639340418881
8b65638e31a74f80,0.5308517466395748
233d4e0eb18d8449,0.7184095967489841
95e779988eaf54f9,0.5633132424195061
ce033e0586a41f4e,0.37233895748671464
29007abfebc6bd71,0.48341602063144734
37555eedf932eb41,0.47558961784932785
43f0b7fdd64e4d62,0.42022137777430446
48d11190742f10b8,0.765438609721788
54167e2d347acd9f,0.2101115426695842
adf2b2540dad8766,0.6644356244138794
aa4854b6b5329860,0.7506960690840887
371dbcc2d3dab4d7,0.4988197678962176
29fd5cd58cb38dfb,0.7807703149421696
276d786a03dacf69,0.44811105032822757
90290aaf619cb77b,0.3700659034073148
80904c6eddcf06db,0.31442476164426375
5232eeb9a1fa8f60,0.6340564316974056
6205daeed9459b81,0.37831680212566426
6b4abc5da4e3aad2,0.60724589324789
ecce281c5f6153c3,0.7045912941544232
926feb1c20abd0b8,0.1755359526414504
64874c60d39dc86d,0.7549032119412317
1868aaf30c77d6e0,0.5635265395436074
52e964be6dd475ed,0.8146952563301031
4404ade20ca8acab,0.7970676969365427
f6bbde7cdf6430cf,0.7848016958424509
6f9ac9a8227bf174,0.7607711706783369
e4afa0c3ef07f2b8,0.37549221631759927
a85d4f04f63f1f8b,0.28510149265395435
7f3411e87c2708d7,0.5054486792747734
5be924d7d731a308,0.4731134299781181
41ea202bf96f7295,0.42179849953110343
e7d3e68c097838d3,0.717411159737418
c21ded045b04b1d7,0.3914454282588309
a87de56d4f2dc966,0.23949016098780865
b073cc5a7d5d1fc4,0.4590410675211003
cdbbb57088163b02,0.3883268560487652
97a093dfe9e1eb64,0.7031421420756486
68aafe54d00b3081,0.5546186659893717
dca611f4099c1df7,0.3231728274460769
068c9856fb6bfd0f,0.25203026336355105
ccec2927e56ab3d2,0.20674844482650825
f4239e382087c8d0,0.7255914035636137
a37f1921e2ae64c3,0.48079642857142857
abc7d40ccad7d04c,0.2275321272272585
7be1ba405f826136,0.7140235386058142
82f1ae3eff7b57d1,0.44711973663644883
64bcb6835fcb93ff,0.7704300211003439
8a7d498479d37ffe,0.48122307752422633
ddd893f6f7c67340,0.28930627149109095
63438b2313c7cb87,0.353530400125039
