id,label
6403a3f8d07557bc,0.39664304070083883
1b1d097ff5b144e1,0.5105301541270428
08c7c3c71a02ca8a,0.8592967115317287
7f09e9039629a38a,0.5884549588874548
1fecfdee265e685f,0.745132080475346
2b1b1ab99f54e1a7,0.5031739738070251
f893cdb025b56c89,0.7145548274859571
84466d5fc69b1dd1,0.8411539201554333
e0f419be2a81cbff,0.3660119292723448
d9e55e1259c7c29e,0.7933308469901377
602d7f4b0882ec4b,0.6268049415056498
67f2f87cc129d7da,0.7580064721064944
eec96ea0e1c9f7cf,0.037587295632566006
d85127e773ec4820,0.684123849571396
9e96822b06b0f7f3,0.3739099270826994
c6489148a3f9498b,0.4214105896084803
ad5ca801b22a4eb2,0.11310834379277465
22e01b671e9f12bc,0.30194520147664144
4953dbf3e113fbdc,0.21863996505757707
95397470f084bc6e,0.9963954890365978
ff39045f375a9792,0.2043040948119804
893575902a76b6bf,0.17321074611357096
4d9211d2b44f7d9f,0.3558439557544969
8205441451789e41,0.04751669499438519
5ade617aad761daa,0.9614925224561108
7d8bd74eaaf831a8,0.7764740806937419
3a4abb16616fb838,0.24913474229620824
6e14ae545a54ec6b,0.8187090419159619
a6d127f7b7a19a79,0.8579261871051173
e29e33c4a6eaf6fb,0.583174020596687
42b296aec3a400d2,0.4152774272153804
238a42187f0c12de,0.34295349132226155
4c99d80ab952e272,0.774509707341628
ef909ea8db65784b,0.764441832043758
53283f9869842cd5,0.9270295436735063
fa99ef0b96b51157,0.738421216883742
3cdaa31c37582a6d,0.8442426658891151
e007009eea08f15e,0.34887021067770674
e46769b586a6b83b,0.8862797557784745
c77497b63a864028,0.2787225470464041
bceeb0086c625fac,0.17439266966790978
5abf8e5791e5fa94,0.9218765852814922
0b7d89ea3694651f,0.6338992058292587
ce60477eea0a9007,0.9757747551200113
847baeeadbaba41a,0.37439256316424135
aefefeee7da6b616,0.8007212205311974
321cc4b04985f915,0.4817490650224923
590cfafdd102ec19,0.5346105604210095
0a3027ad8dd82438,0.09930764835228706
01e58c9ae88cd390,0.21115504331377205
8f5eb2d903aad722,0.20834252505313652
3f1b90f008fcd5d0,0.8321275432424268
9e55098b34909114,0.7789085552157706
ed3723d6f0b305ec,0.5328263097981392
e1d77367315c8c64,0.3970754481461771
b97a34687794c3cc,0.23671717344159846
2d9a8bda25c031b1,0.20840496096508065
367427e76fbb967a,0.587271926348267
2d1de7cf3363aa2c,0.25231719206032366
d69cf5bc1f0112f9,0.0785807576825956
2a75c552e6a0103c,0.8930584797133868
943114c642b7e30a,0.400623126834477
5f4258edf6c1b382,0.06632967111623417
ff0a817eba03cc6b,0.760540487413683
c77fe2a4fb942f02,0.8888202264820557
df587d726667a5fb,0.8783215312832029
8c09d6fdeb48dfe5,0.20212744502006422
564e16bfb829c7a8,0.06030041840932596
e592482dff2b62bb,0.10917615508743211
33319a7020313788,0.6864053588559987
4700a73d634e28f5,0.9689668576479589
e5d9aee597bb4052,0.3097437874323824
b93533776029ab4e,0.9620711616808157
e9274894e7ca5d48,0.01814497334061722
37e126228f093cb2,0.44214937442632146
ee5e8daf19a62436,0.9135957654368422
5c2af7cb33fcb9b8,0.5058532345987545
dd6cf914fd458758,0.15668354575986917
7943edf1ba3d08c4,0.26304182538015713
50dccf68b6d84c9a,0.3540491588444567
71b1d024ea8e0791,0.4594410294762611
a8ccfbc903739855,0.09770101632318569
bbf9130a10bb2e61,0.16156093073930936
41a2cd1fb3af1f62,0.5773127924075315
e5b00c5e94bb1efc,0.5041929986639531
8a2951b875e32f95,0.11439594359437183
4b4241c32f2ae2c3,0.2485549607739617
8beed49416c057b7,0.5651776484548671
1cc185c7cde5f29e,0.8993596821992732
635d0e269bd151c8,0.04058038451080967
9eb98f9a7202dfe8,0.12410377928350519
c224615f7e3ecda9,0.11216958839892302
f93a14286735bede,0.2636082328358054
c118092c44e808f2,0.769791014992818
0972b7359cd12fb8,0.053900843588205925
22318b12ec6eb14f,0.7493287500485752
9c92d4068021c258,0.9346212256511144
053aaf6bcba9464c,0.48005880437596476
966f0341c7d1f5bb,0.29998601072232955
624826d8d4f7d476,0.23992349197062232
250e83ae550b1992,0.9367324018550366
9ff420d30b835836,0.8757426375368881
f74cb9754e9ea82c,0.48459015021339036
8ab5a2752e698725,0.4421689045028775
56957aca1f34dcea,0.6957622885259785
a6c0cf21bf0a1be2,0.012716283857190713
427e6266110ac72a,0.9057291010602448
7b84fe626f3ebccc,0.7257587157428987
6abd9ee5808aa267,0.29983304860084103
15aaf86082111e4c,0.6970395869752042
afb1bcdc94b9bce3,0.050523714406028576
93a337e7b4fedfd4,0.4628667950938826
cddee4f1517d9dd4,0.5381501204453679
755140c7bd8e7223,0.43910201645379693
0ae88cec371ee0f0,0.14127236517138453
08a9f02754051fc8,0.9502701360551665
4bab179b9218d454,0.39962557781163704
2af9aad0b831d3ec,0.04608327991183037
7d330fd87e35ee09,0.5440466876485399
d79f0de699294b3b,0.7113747294937692
652a8c0826eb2609,0.638643524509327
2ae2ef63a2565c3d,0.7268365104059452
1bcffad3764f7c4a,0.20989764912333048
707e78f41fd82174,0.14424875779506563
e4824a55ce76b702,0.07729439824038203
993182bb80730c31,0.46636810071321794
dd67c105d030f636,0.8095503007507341
3dc4dceeeecb58eb,0.7076099084278903
90a67d119116b976,0.8763722768706916
a483f8d40e026f5d,0.12543374726962453
3d24648e710fafb4,0.24714658401976256
9104c44e8910b122,0.1956177315128353
47b77ad7aec9f1dd,0.2556676619807665
a66cc4155a0edaca,0.675570701069763
1f4dcc29503e1a4d,0.5791208232146656
0a295834d6044914,0.3368362454236171
bdce8615df21ee2f,0.031963951066952226
694b4d3b1ed04c61,0.0779582857549208
ffd75ff5c92f624d,0.6752410043629635
717e992041e77d9a,0.6512292406229909
eb5157274916100f,0.6675341570914817
b77c5c610fc74da8,0.227194104495114
41d2ba14e653bbad,0.7589036812608907
f2b612c9be07aabe,0.5648900064380102
3451e892c310a998,0.44667526230310683
2ab24c04722d8bf6,0.32994695210033814
38ded7c17115e7e6,0.7397181988915874
afed8219aa70efeb,0.5215747806884357
1e9c4d7d2de01fba,0.6967363450304983
c1bda90e9a3b9ec3,0.2956992837931721
d406fda410e7c177,0.9401885837709173
f49753bbcfabdaff,0.4447018812908385
4daee2e232e58a56,0.9248104402922066
858a9c1611f558cb,0.4736446950224967
05b0a9e8b1444d99,0.3416512500711971
8b2ac5da79a42e4a,0.8362177384020835
222fc0675ea28b67,0.28452895547212337
77cb5f88dff15921,0.49586828113348846
947d5752d88dc00c,0.9411171596128493
309a531dddebb471,0.7517886969368414
7e5f9d7d0cdf5a81,0.3530872766760666
6dfe2ff41e67b01d,0.43000086696766054
9a51f7696f388499,0.43727098865161346
9c5cb5a9b9b2b4cb,0.749715414341787
bc7e89abddb2aa54,0.999
5d3eff0bafcd186f,0.759924193186415
d592e9d5579075d5,0.1923036177680945
475f765f9fa22959,0.8821302977844498
71d36204d6040aaa,0.6820559804162137
78119b8ffb9aa8ab,0.3568432962695714
09d1e9b9b858fe18,0.79470249314171
ba5f5f59e3b0b755,0.8244810368584881
3b7344f40bf64734,0.44424238351792983
1f72c876a5e3738a,0.7080107155221925
86262f7438a90d1d,0.49839427920142143
3f6e10ed3e6a6303,0.9344991611348803
ada42e94aae1a58f,0.8548389793441757
b5320e4cd134414b,0.6200636459467815
ef83ac91e80ddd9d,0.458566153531969
b8a457f0c9f14bef,0.32682145407401975
74947cda3decdbb1,0.5186540407427334
a39392c735bde1ac,0.4311429903634556
afb321701a74d5b0,0.19642900633447927
df401b9701e04299,0.20257008000777668
c9b67772b4c4f44b,0.8239789181429046
b5665177cd7b6c5d,0.01432108571810876
1d621e5fa6b0c45f,0.24190809371933047
2d595ec6f4c2524c,0.3496496255613269
6a96a53512d24696,0.22379748659670645
b3a68808640b25da,0.25680794998377565
cd9f2b2346e70af7,0.2657450697318091
d78d162e0d903e67,0.9087533536542832
512b0444982361f4,0.8733056556773596
36f4f9a58e05409e,0.2938983384154806
e4b4fc878504822b,0.515370308407415
d2c6c32ea3387653,0.04526934946850094
62d5596d1fe892ad,0.8393265261906543
8756eb85074bbf32,0.1758575679368084
9120f37fb674d8d5,0.5259073004313629
ad529a51765d4ec3,0.239758629163073
f5e98c69a45e4a76,0.8634047075618384
4e8ecc5a6ef67336,0.5742803372294955
e26f37d892f837e3,0.7896680000564796
377bd33e8a9d5e7b,0.4108237161809373
7277e822016a05a5,0.7165344424151375
94fed9a4092a19bd,0.5859106194490813
28d304cf97ca614c,0.6366777955524437
5a5195df47e373d6,0.11791977578830812
ebc9acfa1d364336,0.16563187393907716
5d76c6de5ee62843,0.6204227232805087
511d1dd15e99184d,0.6638986141543968
b6d744f202fb4a14,0.8514394369208612
43c3e8abee7ceeda,0.7130682283075056
41afcd725afd0bb9,0.46703211471366607
bd4f0c1a61da90cc,0.9773035323550527
ac5e8e6812e3a526,0.531601322684187
61843635f4d407cc,0.962764861193826
d643d4e6d84db59f,0.7316537281324571
5c0b8bce49a0a773,0.8890857568612389
7c6020b2e5dae41a,0.5090428854662287
4a6f26c4ccfa8a2a,0.20408958783184022
f5ff436197b8129d,0.633032555776413
27b8587241bf56d8,0.31272052293189295
a198a7b963854e6e,0.10221504684044412
8661667952751501,0.7526396910379768
282a1321ef8c1306,0.36493558807232873
db3dd0b21b03ce9e,0.6090155973146533
3bdc9a83d65a78f8,0.6270897862363878
2983651d59dfaedd,0.7905391114841983
ba2be23d69668658,0.2508508689300213
89d58eb00d13e4fd,0.24070022239506667
d2caeec36f4769a6,0.37802117762993975
dc23c7fae5f57288,0.585545326169497
c6e284593c89d176,0.7420650868370754
523464c4f48eb02d,0.9136682953903441
cc7624fbfc77736e,0.8278909657345768
6b0c371df7cfc676,0.6311697543259299
986e8a5497d243a9,0.8875685122020037
0880ed3a1a77013a,0.6011835681853203
791d60ceeffd7ccc,0.9338938308315379
1fb2b452cb819b3a,0.879259138669331
6e683e5731d8aac7,0.7816699722840628
d752f92de2b858c1,0.3527595687220749
91654f6c88bcc480,0.2425841908590305
308caeebcc6bc059,0.34741786128866076
0a092e2b8c9c06c5,0.6588755615263121
e29749c7cbb0ef48,0.13013877628455642
02521319f8872bf9,0.05787349799696515
f699494da66c4efe,0.5451540625175739
060f874ec99eadc4,0.4421258939937532
1a2ea8a74fd54c2b,0.5373518045186851
a98b83e132c75465,0.16287949850477929
0fe8ca7c247fab07,0.7337256808252989
c8d9bcea59632f23,0.5311846978093914
0ab0d9c2a040f32e,0.26160964618049426
a03fc647d8141fd3,0.9143847056599788
1036e1cd53a850ec,0.2165092096552038
519d3f96c9895253,0.1443961331891531
28df6bdb66f8e09b,0.9359964176708443
89713786047cfd0e,0.5954773695527931
6389830954a0227d,0.4690190494675935
8a5f2d2c5004dead,0.10836807616361005
19d4cd44aecb29c7,0.4996880013140407
2ed9718fa269e456,0.5523390755947611
31d0832c9b203b46,0.37060352836646837
e21b68ce26bfc500,0.660018224103813
cf8783ddc0b9bf95,0.0011190866412932288
fcd44919c1b3f412,0.9310448291876423
c6e50665e7bf8738,0.5070789452682225
ce0179fa676d128e,0.9602453440834986
423e064e247fe04c,0.7399508119656032
0ebb4ab2c338fde0,0.5543497404669498
37337cc831e40a2d,0.686096391200582
04eb53517170d936,0.6700028376150201
dac684a7b8635061,0.43089254426831786
a2f354d17d1431d3,0.8396762452468772
8a42e6579214e167,0.46949483686630483
c35d24cd26008161,0.5218888793688998
077789ab8d103e29,0.56174256187162
5deb9f3705c67be7,0.5931961599157257
dc531f502bccc4fd,0.6798545113885829
ab4b4d6c12291a2a,0.3168955508627976
47b284804faf97e4,0.5254543080106235
d46bd1fa92be695e,0.0870136701136791
11c536ec56a47156,0.23797596532772347
d5bd7d0c4a297748,0.04898635018376698
d30e6ef239a13f14,0.7497813192768961
8be010237b513256,0.8554717387166059
e3ed18d3d53d8aed,0.3072700680236673
a9f5c2f8c5922e10,0.8485392235772968
05a75c012be2ab6b,0.9831059965883031
a068617fc089ad48,0.5238521036225813
687932e8fcf71376,0.16450791571172566
fedeffd4ef29f976,0.28848553073738503
5d3e23d9b2256c27,0.23952081937900238
c6544d7502deea99,0.32590530278085145
096cba9bc78d7637,0.6944087487063025
76b587348b5c4d59,0.5979422545392311
62185555ed060f0b,0.506258113137644
b538966eb4ce164f,0.05760074800130277
8dfc12a6712b0903,0.6945530402074245
3ab52adc4b1c1768,0.24211783056711106
463847f9a1f414b6,0.6963653301221391
e93e14d11fc793e7,0.03488186113515946
2cd7ea4ff0b97ed6,0.5436505902326879
3cf1ec0a8c671d61,0.17348124111064023
e39df281ee7e153e,0.1365705134962149
272a6816ce2c7c9d,0.40460724549912364
f56230f889018c95,0.8433523503196036
4119f28f6d4d40eb,0.4931778734161309
3e744e15c1c6600a,0.7055162958158544
7975b8ce43d7163f,0.48821286512169926
76519a1ae0dba3b0,0.8274984129747095
6f6aca7dc35afbbe,0.31369733370109165
658aa810bdae773d,0.983023436017858
41c3618b9180e8e2,0.3575398548112375
7cd53693b2b3a4b3,0.21622246977108975
a450a4bce9f2cac2,0.8103256745721602
05bd9ec45ff54b8b,0.17440521549526475
0d67ef8a9dd3249f,0.655236508796118
514cfc846a144390,0.6879207450157694
2856a2a0114ba55e,0.8021260961287173
ebe02c0b1c116ac9,0.23356093567682293
cc31cb4421bd54a5,0.5976852640649699
d63593c7bd5f72a9,0.8210928422050513
962b8c33b5be069b,0.22468424246024998
40e508ceed1116f3,0.3429956634810782
668eca9c4cdf1507,0.4889396345259961
c15735bac7d4e6bd,0.1333075623286136
09d2cd5ccb05a325,0.487624215696083
71ed58a8f5d479e3,0.6828087077786332
56fd1ce474cc243a,0.9123002525712168
4c4fc4fe6dea340b,0.8192393470410887
68fcea284ddff8ff,0.763830465943853
8913329e85f873f7,0.5741390045411785
7a210b4ff6c29678,0.5916529055545264
91bd2a01c0384263,0.8959539441651747
14e4e31c9bd8d90b,0.15362203796145996
410f92d0f317cc8e,0.5452804466019053
780cd523f303a8ba,0.3073031690092295
77ae2af1842fa5b4,0.38420227594968215
eebeb3dc997eab87,0.6862822305327381
fa6c4d5205fdd5db,0.9816720636415524
f1798e22aeb3b385,0.9867580902947974
8af0df5286089649,0.7196177480361893
6e224e4033db63b7,0.09187197317698298
b8624ae03bb7e7d7,0.07208663406156259
52ca2f9cf118011b,0.9826244605451467
52c5dee14f8320fc,0.7086975942342759
43a4ed5577b3346d,0.6267256470934721
332563e196c7a1ee,0.9012192417609489
cc4b32b77225218c,0.7690292983943208
0b34a503e14e5271,0.9190275125741266
33100c4fe51f7435,0.41295986629753606
6de5ffe2b6664d73,0.1366775184222756
ba39076152cb0ee3,0.5946362358168188
aed179ff9c81f4f1,0.034411722295894905
ea1a9bf792fb6a7e,0.15626319734894004
2f06ce2d10fe3866,0.5882223074367801
11855575a4718674,0.4410431148584491
06d39de4f0e13f3b,0.5682251882300056
5fd7c68abce444af,0.8141123436637289
d464bbc0a2f6ec7f,0.873879513891275
86a7d5c47fa116f8,0.08290754939278633
a260e587d0fd3fdc,0.9344209255215711
6c07a18d9f02a585,0.8499355478690882
8fd3d88e27ef7240,0.4204101072090577
80dd9757384d7ae3,0.3465370687503232
00a0f9038422aeb4,0.6416454348123981
dd38ea8c63c0a90b,0.5812275136212524
e23a165731b18098,0.8872223410687062
9bef89bb8b6e707d,0.10538085113635982
db5779805bc9128a,0.8165872602300067
13c6185147e496ca,0.9553447251858721
c23ad10e1020a370,0.4044901445864015
cdc252e1304b3741,0.1108387849363387
c9866843a2ca38c5,0.5750648638656439
1193dd7feb2e1c1f,0.01818951304786695
145626c411263ea0,0.46063093461277566
b2bb6e4261a0a280,0.9770751402939238
ce6c9830339e8d23,0.7518042389123212
e5a315b7bb844af6,0.7815614568895317
d85cacbda54cea30,0.2840535287144727
ec609eb2e4100b33,0.7942032696496883
0d785515807808bd,0.777975089634837
6bcfa2aeebd0236f,0.3301590822939817
9ed83fa2f828fbc3,0.4475616694765
f596ac3c62688ee6,0.9449205280556491
654c4ca75e7a6d56,0.5894582566871006
162146e83243572d,0.856803510641167
9878dbf0860838fa,0.6268555170710308
332ca627787dd758,0.8333679052038745
679ad425e74f2477,0.2834780875284572
df5a276859dd4308,0.78128987163068
e1f7d0ae0443184d,0.7385424537521079
a6434286f4234aba,0.6498974252959772
3351a9314dfcaa5e,0.05011698418559024
e19b22778dcddf3d,0.3716260670702317
a98a59904fcba403,0.5570578811282276
efe47bc01bf23b67,0.4822710118869021
a1a862c811a320f0,0.4961103074842423
bdef7203033a959e,0.7226527349528723
0fa3fd428635e63e,0.3031344892513718
8ed23ba67702fe54,0.8728614402521302
ece14f4f1731d91c,0.8825873837893378
ca20fb73d0c544ac,0.23156910284715806
927bbcf7fa67bfb8,0.7073845645097351
deffe32d78bf8a82,0.6360662196239693
319944ea096b3a65,0.3094839462924375
19bd6f94f36d44a1,0.4555346381979391
6e7447b72d462201,0.23700178832517396
be6959210f99dd41,0.9737846884933514
bc1a4abb3dbcab55,0.26636995661804586
41032395ff67eef0,0.8965213814826993
2b4004b2678cf0a1,0.4105236211905406
469658e2c6728fd1,0.28797097185564174
e67a54cb89e72744,0.1781913961044682
0a1aa269dba98abf,0.3380365424645026
746e977975fa2166,0.08224081704119966
ca51e1b6ef04fd43,0.3666045863958436
dd96408688197b1f,0.7322266341848891
23b5530f05f1d9e5,0.7936410697984468
da29e21770225527,0.4148536758417975
adb83a06bb93e782,0.19988471159426927
0e4d2b4f26be08db,0.8852306875339082
6ece7a74dc7701ed,0.06778392885402086
e5306d42c50fcc55,0.06429330314647116
4381dd659292aa24,0.297633205524562
e31ebedf532c25cb,0.49869493915948976
853b98dd483b98b9,0.28637242014941866
2e54b76182ee44e1,0.7883821320466522
338f6834e70af5fa,0.02427786112118416
b5abaa739dbebcbc,0.7601939091667087
5a8bb8464a290761,0.6444279924529316
f0e90b285061c449,0.12276579512298742
e66581f055ee3b78,0.6874338812563084
0a21004c4d12a011,0.36694743634946053
04cee8b938d82d19,0.14589765807743238
c2eb2ef42ef59006,0.522956137069508
4db76ad147f6dde7,0.543049151776993
388d2efe55423a29,0.9695611589908586
b9875250f7ce8623,0.8001985307913517
e354d93aaeda004f,0.9711832049846314
39e7b31ad6490a4b,0.5531083731726638
a31878efea02ed42,0.35122650427135577
4db06f2609831909,0.7825674825081473
e23ceacf623bf244,0.6134994744259689
5b30a3dce1e3fc54,0.9324235386828025
9b09b933e5488d29,0.5202023768871892
64f0282d10422cde,0.2834301997741034
d171c9bf0e731793,0.5653847268597965
699a9d5c734b80f3,0.46343939517832683
79281527b5fd74b9,0.2530801645976117
63b9f2af8362641a,0.733000803322177
8e20990222b8b1d1,0.5614001977475831
cbfad4f1f811ddcf,0.8750696919564629
a6dde1511fe8d47d,0.36774321284516037
54e8815e9966bb51,0.993773102218529
cda24d31d8c08104,0.636417365635255
2e41b0e18fd08067,0.2238297178670272
6e8f4f5c6e28c26a,0.7460983421678944
1f4157812e2bb339,0.7133012587697061
c2d3133094dc0fad,0.14636948948359663
e7e2da8351240636,0.2909997848639865
ef2946985749757f,0.23257049232297294
ae735efdf3a84f05,0.7550850372858009
8a459d7c2b588a93,0.6948324118073741
df0d35696f4b164e,0.6244233918144317
8f745cf8cd93face,0.12808004719516006
7aef10c8e6aae208,0.2028125623748844
706e881832fde05c,0.9479232141557506
03a6674f904defe8,0.26141240599153537
f00500b8110dde92,0.822632551462316
1475216e327695c5,0.8259249749483758
3fc20688817559fa,0.11138911345377701
70df3ece5d814a70,0.18979847943882963
bcf591e552b3ba82,0.018213211543728864
a04e514a6ca8156d,0.8536201328170789
f83e082f10dc4f9a,0.06706937424354897
21a0898a3f0c502a,0.20003040281836637
c9afe9c2efa6168d,0.16421609106910745
9423152627c5de85,0.8664233340233347
fc5761df1ee97d2a,0.5022256971059784
b51c1517f2b27082,0.32855425487676193
966bd6f4b801db6c,0.9070041574964078
c39f09a3a7ee5d1a,0.6930328870207867
cd4ab667a784a10d,0.9246513581084058
053911f801591901,0.5990657254005848
4c12cd87dc745584,0.6334598206497429
f0c4df4801e5dd7b,0.23782104511729416
1cdb9e6374b25c46,0.12780579031339623
55a04d93184e2087,0.9083829039697958
b0259adc08c321ab,0.2909910103192878
3ebefad692cdc413,0.28341154651769646
83d05a33f78392ef,0.209203987733419
57e746a1c420f866,0.7423870104347109
7086b53e09fe17c0,0.7377873715839305
2cefa5982f1e5321,0.6040270408461738
c4a61e6a8fa1704b,0.6651145674040292
cf3db8bd220d5bdf,0.7679515739106221
75c651d11c0a0337,0.07864777107260927
10dca6cd4d946194,0.4604804355175322
316d771ed9f0b6a1,0.4598162420715263
ef64650ddba7c539,0.1587239293723753
721f58982ee85da8,0.8935718236346957
e8f08bd5b06f41ef,0.03609012133257166
8c2e815ac865660d,0.7261436473354363
8191fefedc6afd32,0.05068664488121969
15c9fc425aed1fd5,0.5499929496228564
52f896a602e74ef9,0.9000146466880186
c8a94bf1f874596b,0.3868929759673333
64024839f91aaea9,0.6961540413269615
23a06e4e391dfcaf,0.4292792706519011
76fc88367fd4b329,0.13581778154956572
e7ffd70d1007bf31,0.3948479233981183
4df67b2b4764df2b,0.9715231524281326
5e23b5ebcc3c7201,0.8134212609067718
97c325c9980b0ab2,0.1876598834815878
3c8bace911db4b05,0.8756861768268459
d3af2a4f1b0513ef,0.5685106451617872
8a66145d22484a10,0.8873034100071286
f501884aa3b0a2bf,0.05285687535988793
21f8710a682b6ca8,0.596784739098578
67addba46911ef5a,0.8238128316488504
cd5a8d124051f2a9,0.9487372984189665
a1acde423d140030,0.02838754571032628
6284cf5236839f36,0.6602244985305111
37f720257a8a7a33,0.7026165585343864
acc257668dc46b34,0.7317391810224497
23424057c8458694,0.3343079226256911
418a7b8fddf172d2,0.9478150952292561
dc356b2589e04c87,0.7471115150579174
f64eef65821a8f3e,0.4902319295995381
9fce647d5b47563a,0.9792686826111838
52f9976ea5b478fc,0.14328747439456402
d240c91989c04146,0.8123470736388695
47ef036d29375b9b,0.874911837084397
8808a12bef546809,0.4031916803652104
d3a20f2bcf2db8fe,0.740829297944934
a451d8e451fac918,0.30322708659526976
9826735b01a08344,0.4089395464370766
c4a29152e2eacc8a,0.002609147829690825
631690ed30cc1631,0.9099556492721088
d84d8a6e6ca5eec8,0.3198712943063038
efbafec85fb00cc9,0.8629376984185387
24556c1044963c8b,0.9536232786197594
5dfe6e2137dc82e7,0.23548702997852514
b2400c3aa22283d6,0.31913993071750885
71602580e012f168,0.7272360841617729
cf01eb3e54442236,0.05509469405327097
1a07d25426f87edf,0.6267983424565879
13b3d3fe65bea413,0.40285182998663677
059edd840763fd81,0.840400619386961
48288e044d74e7cd,0.7394549436124741
add068ffe0671cf6,0.22638162225521424
c99de47efecac792,0.7679823160853889
11cef543afe62f88,0.4576334188694503
e512156389905eec,0.24563302204244622
138703e658867a2c,0.6990017058464062
454c3092e6edd433,0.11246062873179104
dd957118652b5ed5,0.8093308344139899
af01fa5eafb4602a,0.2751779668877425
7bffcfd2a9da1725,0.8374255153838526
24f3f1ab071df78b,0.08822107716134081
3ec7c9ebab0a4a2f,0.8844657903336198
3c1d10f4646f69fa,0.13177913092919552
9c5f959e1195fc54,0.13356611240270974
cda81aae0a16f97a,0.5371566241275653
2bf6c949fa0b6053,0.5494979915249256
546683ea9e5995f2,0.7356573465186916
c4563254d849a8c2,0.8251120019504308
e9e85a92d9ed5065,0.4439681838868524
fc9fd5a085f168e9,0.5492216293033619
54049d409156afd1,0.8482104244066714
e4c0d5c0b9045e4b,0.8343591052486685
058f290d4016fd11,0.1962318532677843
e14cd74f951c3910,0.32779674120449426
05018e18dc83e13e,0.974285109915846
763ff25fb3a65368,0.3716488661128936
eb5cf6bf7c8b4e5a,0.793970755117681
013351fb7667dab2,0.6914419007147423
e08181f896cfb680,0.3284944150259622
e65d39ec9e3de422,0.7334288294910523
9cf499aa7626f14a,0.6979799209247141
f203a5ba78b7389f,0.7309607939065413
8ea386546c0f8c96,0.8956907810627767
0391f48a6955106e,0.08854369130005207
d2f70a0377eebc5c,0.23277881117549812
b96e54496b6a6713,0.7046590680383009
1ecd7d7fc32cc874,0.6606811020039017
a91fae320445e22f,0.09617128810234621
7f7f8d9e95bc3227,0.8136888683635983
8ed9c9b27ed7229d,0.46102204257064594
19862b4c0d2f34b9,0.41174494604614265
e5b1c6b3822addb0,0.6788660092898875
191edcd8d76cb951,0.9859171664159394
6b08a1554cdf28c8,0.11939744483388563
706610ca333da138,0.5034413958092879
5cb5f8466022eb46,0.6585797937652711
acb3a526d9921b55,0.36448563775698606
947db252e781ab55,0.5900599609824123
e94881433d15d819,0.2697863247540986
34439005f71e07fd,0.6960700577167752
989a2593307d72e3,0.7088159869839002
ec8f1d04cffddc96,0.6535264831254524
11dd5f5d722fb0e0,0.7221229469889897
d6738bf320835a10,0.4246720213087477
025b09a306181a55,0.5282224350999171
e5e3f5fbf93a1918,0.5612725722653732
2d60731de40ca5ec,0.1602062158415775
96789dc76cce8bb4,0.7660738406526942
e04c2f21eb86c30b,0.1717819197784287
eb4f7827e27f3e50,0.999
c72cafb3b0ed2058,0.05318620760281874
38e789ce64afac4f,0.6236212797980959
961a36d1522e6ffe,0.3796332870090315
d915888ab3fe3241,0.6575754378840134
6d047ff0d07fd1a2,0.17766686793103212
96212cff04501fdf,0.808897174696042
6cb30ccf0384596a,0.8549869410423355
1878cf5a842e6727,0.5689919549492377
47adc8c9afbd6fad,0.25505947178325394
bcecb579dcba782a,0.2934851450347289
24fe0dc9ab19be83,0.10852691280475854
d56cbf99a17acafd,0.32837250056144546
5caed519a777c666,0.07328076335163185
de3dd7a6a4564414,0.6475715424743593
3ddc28164f664050,0.4420481849346854
45693136342888df,0.03724613279372145
143c3caf6eb25742,0.5525064256719047
9295c919e27237a6,0.4382225131621833
0dc756a818dc5d9e,0.6803054961825316
67a0ca3f82ae78c6,0.09309996347467002
cbd51c3558265f5b,0.43353383104520554
b6df5050c31c7287,0.2508249747368661
73f20d006cfc47e6,0.3779538686641353
2de69b9443d4fc52,0.2952561517344368
1ea20c09b6c79a3d,0.3918718546263072
ea1427791f675329,0.6429212265475421
cd6c9a86e5c13535,0.747712250913891
fe03f010fd99f729,0.8712902838927857
3cac934a5e569272,0.6137170566443791
1f9c8c5a31c38592,0.37994056950128796
325d3152d318ac6a,0.32893061434988297
c796149ae059bd36,0.8329018610310502
139b95acad0d8500,0.03491939796348981
ef8ca6e1ad6cbc40,0.6920485124976629
738b1f5edad8bc5e,0.0615193189934436
00b5753c64f3aa5e,0.8047029073917374
7509e02d19e2f87e,0.06778863815356846
a85aa8068fa925c9,0.7729934667459526
f8ff744430f73aa6,0.6132357108038333
4106129a02383134,0.18993102695336173
3be6495b6e47bbe8,0.6598055182233122
d58d8cb98c5344c3,0.3395383606924318
72c32db073874592,0.27978038630872293
b33541a9535d3cb6,0.5756997930660168
f117d4aad78b524a,0.6138850614531742
5e48da846d46eabc,0.7481072711601583
b0b266000f2d6b03,0.8604994220100227
2aa63d23f11f3aa0,0.13095749088563785
7ca15ff99bdc719f,0.2834235796253472
286e550605b2d970,0.4050718890277593
140d123f8919309f,0.8079098218173618
5406d7c0119b8b77,0.7628867828191502
feb8f158efc528af,0.6702296846420912
20e9295f7f1b6809,0.34692557284469233
8c67df2b06a8af30,0.7701568038054234
0b5100f2d589252d,0.7600205144895695
a7dff4879e1f2c8f,0.9459888017128586
6b9c17dec469153c,0.864641976996886
b064e718f3825ae0,0.05274702126293538
633aa423117b483a,0.2546826254583203
2bd2dc8cda610b2b,0.7574538286554923
16b4f1b4b30d7a5f,0.8930669222177016
7ce520db2bb5b181,0.8674917905309828
359fc18aad246386,0.5013853961395961
4040467f440a4681,0.43666598297131876
ba27a17c66a28567,0.5630760348029699
5e4bef63f0b3974c,0.7244855973871119
849863283a0793dc,0.6583907378868341
aa9c499ad44baf78,0.8490330357501864
a3fd494842016ae7,0.6128102630220619
5f079c78614b8a83,0.9563461410998605
7420f14669961a6a,0.7907294740153114
0a083c164a874ea9,0.18148533845814827
396f04d4bed14a3c,0.561068147648884
bda29126d66debaf,0.35580919091836727
8d5ece395c6a6b60,0.6692290975496334
9ea22d08386ce3ae,0.10934395964533555
1a277b47ca192cc3,0.3512670211950461
5534d1ac3ad47ca1,0.5262337004984029
164e32a2b96ed3eb,0.8361947294447377
cdea1d25f481df1c,0.17329071317126465
37e1f37cd163cc12,0.8649080859332692
4f896e74ddfe48f5,0.5132217777259376
ec881c0b42489ba6,0.4435205375689827
6cbbc142e3b6532d,0.2606877875802795
af58eeb2cce1b1d8,0.16066613427139642
3792b407d3147240,0.3146328170670404
44abea18902dcc6f,0.28631540099305075
f174b76e8c589bc7,0.4749996462235879
d5cb1d76e26e865f,0.9317873022587533
c953fc1a52b6d2ae,0.6622097734700096
dd9860c103eaa486,0.11830925079950332
1a338e9358b4b71c,0.012599057156834396
28a055a15e2bee63,0.5175086901565062
d810129e88130889,0.4536988895381608
20b2f55f0ebfeb9c,0.4389355291524261
2dbfb79bb9d5d576,0.86124842197925
a4f168601004a705,0.6293038998422924
7419f46f112678b9,0.6777580628364464
7d0ff708b6d6752f,0.9351954240692567
cbb85fa489a893cf,0.06267427188505295
c46a723fbfa594f7,0.573105381856549
2104390897549457,0.5071282307352577
75c276f7d0f29aa9,0.9582191671491463
01a679a23b212287,0.8804355981844436
6cc58651b88eadb4,0.3263250800285212
14cf1ac65f8ca02b,0.1496037751920865
2a5d42d92966192f,0.3253392170909263
2010478948b9aef8,0.5394749655032907
31542ae607bdb59f,0.7470231398318584
783c99f058bdb723,0.3886889818386884
8e49ec786a6d5abd,0.7236925822779059
d2b9a740ddba79a2,0.15970735227268235
47c1231311a7aaaf,0.47532340731113815
c7937d0c63ca6a92,0.7117395647261405
64628bdb8224fe18,0.2343261106960399
49cbb2ff9274a4cd,0.1452385188706734
a4dbc0e728a780d5,0.905127698598751
54a5b82f046318b5,0.8982924048658207
daa0b6896a1749ca,0.22163247625749385
4a251ebb1de72153,0.9279174766008461
edc7eab7534ce904,0.5481740002907157
0d31a18c31d12329,0.8734720179172833
ef643ea0ac629b95,0.4104646173246059
39049e24be5a4306,0.9376096589783883
f41fb0591a5b1902,0.17456194483716922
ef3add49907eb895,0.24872404661101258
3c80e6a34fb3e4ce,0.8070868885279925
681bbfb8c5372f79,0.8605028759878388
007f4be9a3f6e89f,0.12776134578317705
25144a9b2bed9be3,0.6620322777951096
61233f40c0cdaa2b,0.30060119295320664
73a058838f6b7f2a,0.945271802591068
cbc20660739af678,0.9828175647951785
8fc723bf625337ee,0.8172541649510484
3ba49bd9e60f519a,0.16038935370706883
6a3b3033fdfe94b2,0.5264857915786488
c8ed653c9f871795,0.8528902347218791
2f6d48d7acb127aa,0.6211176662146368
92ff64a44efeaa6d,0.3178880954632582
d7169f20999bc93f,0.9977051183541464
53604f2aaf701357,0.530105639818946
a7001845bc2108a4,0.7705149740964216
e1c8d84bbb8add74,0.05922322668339663
0b6ec467b5610434,0.27839240235830215
8ac52d2ec127a096,0.31992980280461003
b10baee15fb9d01e,0.8557226713879875
221ebe5d40d467ff,0.757257455030528
4fe55b114acc6ade,0.4330874493188444
d8482a667d8a69cf,0.2937786088017566
53ade36e2a1b1e97,0.9304526032229228
23415b9cfe9e209c,0.6049473995980027
280c7808d94b9763,0.8410061600783525
de5885c6a7c6423d,0.9907528381945897
38de0e8716fdf6cc,0.6766732165963018
55bc25143589b254,0.797713199975358
957e73c37d447545,0.1617087542813634
af84b2641d1c74b3,0.2713564635602054
e7be7f3fe2a831bb,0.08137017667555745
841f7e8235380174,0.8997958897621163
63d88f28c2a5df22,0.8682337050055488
8dad4fd4df5c221c,0.7922962250611875
3572ebf75eb17942,0.5620708807302326
25a1a550572c1f93,0.03320810606720097
6ae06440fe74b44d,0.9590749108753708
b4bf088ea90582b9,0.26456219420934574
6b9449d16e81079b,0.22595921180445888
4ff7c9e8a089b94d,0.703403598299352
aa5c5648b80a1a3a,0.5419950070901585
5dc1f3d49bbbe4c7,0.7773457962431934
99546cb325e5dc06,0.9041216621679792
220c843637482425,0.5992597007017811
6608fca5b64d440e,0.8773387829939299
f29988dc0a3c0243,0.6354208026119769
51058b99b395787f,0.2085025845516267
ed1bbe11677f7bca,0.431142763075641
9f9b85620fbc0cf4,0.32982142536110554
8aaeef3315304e45,0.35990720982700614
5d92173cdb00c0c4,0.39688724042687434
acbcfbef3b1946c1,0.11945389794355188
73cb612fe6d23320,0.796293387751542
4216594871a36761,0.11000323543863122
1c2bf4927779574e,0.9101501467346171
1498d0dff1fb5394,0.3567385142131487
53f47e8f08b91aad,0.47445110015467484
c4229a0ce07e83b9,0.11408881439219681
bf61a06ee47b2027,0.13869494244467265
8aef635fd1b3a740,0.14736207584876432
0f6a8a20e3587b09,0.16492194075252492
75d7914477c996b1,0.3806114419907834
7b1790935e6cb838,0.04086423975435218
d680549ede3f6dc9,0.16801162280038573
f3bf39cd2ab5bd9b,0.35130990030027287
0b0930b54070750a,0.21543750885716395
3d97f118d250279a,0.9257520250127663
e9de0ad29a82a54b,0.5913684311335604
9485f200c4e02805,0.6439563855371385
12d95850d018d3a3,0.34092533770592215
ddc866b96dfc3aa3,0.7805442182459097
45a33a8161cb4b46,0.23703376232118073
990eb9e1c61c80b9,0.2655489140300566
378b6aac03179007,0.22128642028740142
b6ce4df0bfb4d3c4,0.21983169113662188
a50653ff586cd76a,0.5324938401535263
65cd9ee07cfab83a,0.5099416660948679
d2bbc0c9f79df720,0.928629129409248
82ce816296a1512d,0.0367565908700327
e502c517a223aa14,0.21834990361617704
71d19ea693604e1d,0.28952220487433994
0d037e649d83d735,0.5951714267308027
6ba6991213384d83,0.7694837596278588
4cac0de9485495fc,0.8738304686198229
9a0be358e968c623,0.12793304764381916
f1ca34616439cd54,0.1605685253916426
e301cf1f2e4c3681,0.6569889566457102
d614ef3ad50cc2bd,0.7914115248281812
c0b33846eed21da4,0.27382284449241073
d4e499c8cbcbf2c7,0.8163935741273295
112d556866bfa77d,0.9308921305424989
3f5b776bac1c2a71,0.594182581747575
97fe9a981d0717bf,0.58965469692068
ce3280649c6eb5c9,0.7249191625644765
7ae7079159ced82d,0.41815622969758964
f1eb50e28869a50f,0.16062674171757896
52c8dc366cde6d2f,0.23033135103216695
ef14064579612c4d,0.7595580416188511
7897eec02201ca6e,0.38789067165178404
321d33ef853c8fb7,0.8842238350217654
96766da6bd7c3998,0.21642490153087687
fdccd120c1ead149,0.8520301489691793
288252f0e770ce50,0.7021677763918591
d4d977f5a3d8f01e,0.7199401714217021
62ea4677a492334c,0.8754335474832907
d1f182b83a420b6b,0.26826560153689993
0a8ea601fcc75d1c,0.7675507651284632
27930c385742439f,0.6833795339520613
13d12d929ca71339,0.9192385654183698
159b4f9fc1efcb55,0.04393452825248078
94ffb2f9a90b358c,0.5651972903185449
68615d70615e3b37,0.219505580679304
d4a40bf8afd7e4b4,0.07864499314940815
e3dcfffec2d51e7e,0.10147168446211585
10366fd321e0ad43,0.3531930322375222
80e3f13b4e86e5f9,0.937220266757416
6272a9e176561590,0.7235718015927458
14ead2f08e775ba6,0.772115964283918
08ecd3e0061305ed,0.5806423208601743
b91abfe0273da79d,0.9477719523071536
0c3efbd8c39177b8,0.9967312843667321
e9e21b290009d63a,0.34719087769826695
c188505410fa547d,0.591761538491884
768d9e0553a1399e,0.11562504153119162
a9370f34870acac0,0.7889903372795033
9f6dbe29c2020549,0.2800026259527757
6da7088fbbdbdec4,0.5457041135086936
944a046635530efe,0.9340142288153014
55a97e1488c333a9,0.20415753212264728
bba6644aefeb263d,0.7611257782859335
750f5d2c63709654,0.9428575771237699
b7f5c550aeab6fa4,0.6664081898622342
bf2efa05075a9f6e,0.31618109656431015
2987973344ab04ce,0.3556824740838785
a97d19edf8f608bd,0.2929295333964159
6138ff6754f14dc4,0.17311771641228973
87522437573af7c1,0.7017653946645082
57cc4278d6b67c5a,0.04638347389482712
8f29d789ebf40f9f,0.08142492991647894
15e17422c43ac280,0.26497311242334676
57faf77cf5f72f53,0.5380553561542403
febc8ada0a8d768d,0.16726313596167727
86ab68be69241db5,0.7282120716151557
5fcfe942606240bd,0.24158070027587314
31bf257f6a4a70d1,0.7804992013948611
a09897cadb789dba,0.0708728202576273
328299ca9da15ccb,0.3539624413675713
c95184d7971b2960,0.7964867300642269
6ba9df085d34410d,0.9936820326576771
396ed8ae6d33d2bd,0.7617626182391534
b058bc3c8a9fe33f,0.9206353813930379
77b29cbb7ea1ac6b,0.8520078770964639
c8d191e05666d6f5,0.8844946516145412
c4d716a53ad99b70,0.6693284299179125
31d17f992245249a,0.09258756445635508
aa459cbd8c781f76,0.7310385432314163
7ba0185e8220f22c,0.19499382371302118
eb077a940d0bbcbe,0.6062219397203448
9298c80a21191034,0.588545961958437
037747626ac5db4a,0.22208287911497362
8ee7aa8b54022319,0.9107084037661077
a2b57b918f2661db,0.3671165469099884
e703b056b17c6038,0.2747092599119737
5d760ec696eac629,0.5581591231137947
68589cc32366dc9a,0.4726856002621496
83d1d02b456e13c0,0.6952889815326502
f5ea6585ff5edb0b,0.8962070900492524
32290819a9b6b754,0.42827535808677314
f0cddec42ddbe07d,0.047267398296514156
41d5134ef4aa43c6,0.3516767544444797
9a422d8246e3f97d,0.4490029276443621
341cbe1cbd51048e,0.23170343585069988
3d2c0583f01cd72c,0.7000650847864582
870996e4835ca83f,0.2238439137688904
28b09161f3b17dab,0.5649432940634533
051b367d8fe91233,0.06953210972371864
9b8aba50b3ab95c1,0.8567704260384542
ff5577bdd79bcd6b,0.1941911180822199
92e4eb0a0d4c41e0,0.9539941423144922
575ace0896b22257,0.938796957484986
a16f31da04bf60c4,0.44115721691213117
cbc13a2671d3578b,0.08429900155464248
876ba2c5e443fd41,0.6608608122967797
5d5689e87dee129a,0.9361507396451862
71a60a6dfa7e1760,0.7251478208837076
f2a38a0b81dc90e3,0.762324126262341
ec97de286c2686f9,0.22374136438953524
b77b633a5106f906,0.3292884182343157
972df202456969d5,0.1966804779299197
5d7f4e9617d1e7a2,0.2107676109417443
196dc3655d9d1d79,0.10965669188115999
7b9da0adcf1bf365,0.04185252497841114
b9d78de840ab100c,0.19088932962156435
803868566ffdbdc1,0.10557336876362249
cc5f60c8c3c2b5e2,0.21203428014972767
88919e17cce1dcd0,0.1414023917992567
88bff82c05879a44,0.17810993038179548
aa64759c290cdf84,0.4762442343089577
b224a7d8b6f39ab3,0.4146548105497824
ef11b15a28910cae,0.293750389677502
7e08eb8d4482e7e0,0.8737814718201475
609b606891c6ff2c,0.13767587914275015
07ecd08d07bac830,0.4340508589418266
aea578dbbc154142,0.7753417263505096
9c702ee77f731a28,0.44026669816650915
74a102877446027d,0.6656697922736016
dd13d150ff97f653,0.8927401051887086
36157f72f10981f7,0.4890052287217111
808639f0db0c51a9,0.35901551685094935
d809389ba1350646,0.5651587602239507
353512ba78ee6085,0.009817327723414504
207ae6c9e8f4fabf,0.3812455508606688
333ed3894f0f2865,0.8468748267168918
c8e41f868f963ff6,0.7224583792349035
c0436a45e3cdfea0,0.062087464906768614
497bc4409ccbba90,0.8638638077465528
b29f7d1224fd0321,0.5337641991419526
7795ac2497824361,0.7464519673226286
28bd2f25cefc0467,0.30517867221400036
7a5268c2c0ad3fb2,0.47472665208733594
9335e306e6ef6c17,0.4619630321581873
380dbd85787bd38f,0.8685724335435098
4df3a358e7ec87b0,0.12425912697032496
b423d03461c67e1f,0.8512373180771484
8d6c8b00790579fe,0.3614742973830783
75302981ca660bf5,0.6679641389723056
34fae39e3b6350ef,0.43326882067025557
47ee9553918d83bb,0.7656674721746142
525eb09cf01d4422,0.5560790982546716
f285090a9d6de2ea,0.8482355190516524
9a015d0a0e9dca3f,0.3679737636858247
5b9ec24c9cacd921,0.3926632029245488
80f6887bba571ef8,0.4800099218267537
a0121be4cb97ee81,0.236271154680837
98bbb1d875be50a8,0.7761560409396104
d13d14d73f638740,0.5295267590503626
b2c1f66103087339,0.39455149393564504
ed544070c1558a6e,0.487543346857133
6dd8a5af5647059e,0.538241366285999
ec707e8be77e5bf3,0.44527307454912013
435ba973814b0e29,0.5077076041875584
a003759cbad0ca72,0.29999261257097176
4c1f413aeaaeca8d,0.3411535201667139
febaa69039e2d424,0.7835595226797321
1a7702c55d1c3c6c,0.6928268214654436
747b48174e7e8cc5,0.12127836358217779
e73a38787bc7abf6,0.636972803683623
591163e5c881643c,0.7854960422834664
95f08a028b009350,0.22158965256365154
74cf8eff69e3ee73,0.05629296243345099
44639b509c809540,0.6976233338900502
abcf4a1f567f5b1e,0.5543226599587483
987d6ffc23a79a57,0.6443417689937742
e7aea6a6f0d83afb,0.6327601122612261
d9d2d9b2890a7999,0.3346751793868682
deeaee8dc56ee2e3,0.5157252663041628
ed44fe0714d05825,0.843361942415144
68d0096d6964bebf,0.19121004772142938
8d52d8ee49e4e8ec,0.9118050868441772
b877123e88a6a266,0.7474827815255813
8aae92b438c0c262,0.0656831184329091
40864f11272e903b,0.27048693039758276
7583bd973a7787bf,0.9682671321156306
209764663e3680ab,0.519053837155272
1802828e130f444f,0.8088541260101957
c7226e4c37f1c216,0.8103284840961087
cd0110875b4d057e,0.4663677330821856
b66e634d66bc8033,0.07494420147332162
644bd7580a1fab58,0.4475178652678378
ceed54b1129eb356,0.5344341078099857
4a02d907bb4803fd,0.1207931799263743
d09af6dce02bcd02,0.13580468369882048
c81869bf2ef1408e,0.7737315355622671
455bd62f0c9a8b18,0.7999854766404064
8c648fe7475ba2a1,0.853534655636862
e7c1606cda3f50ca,0.29696832046729876
386a0c809777aa8b,0.43441763672549116
882d6e6250d5d648,0.5312986552016996
e73fd396a2d7e661,0.36578709050927405
e1293605384c5923,0.054646337387256556
d8e5a75d55957e5b,0.8188583289485233
75e6395a1cc7d878,0.6010946359844832
ecc995a8d29cc898,0.8042395758044997
ba27e43ae6b021c3,0.3330987472313385
075b11725eefed48,0.9342844908072219
16e06a6abad58f9f,0.4851734160609065
039a18d8a9005443,0.9587838401574259
166eabcb1845baea,0.1948802140221849
150f221c402f471f,0.8136349446982769
2af5183224226208,0.5485388144152867
30a31bbf87301908,0.12601996415447086
95c87aa909d557a9,0.024330434143810642
d70eb57711fa415b,0.9416223921286972
9464555817eb4951,0.8971611410470051
8d4e5d5935a1a663,0.12058962096986658
289e3f76cc551091,0.4831004435581188
8646ded190e78433,0.3940114060858844
f2e3c326fd923449,0.36779566869645963
83f8985c38ecf25c,0.3599665906069786
8b698836d194ab64,0.3383878882690696
74a48ddff930321f,0.1800397828661748
79a5efbbc2b4f8ec,0.3595250813728809
6e88ede348b8871c,0.6533549088558175
d98b06d0f7e1b8d0,0.27320267613678684
dc56b06363e3abc1,0.52654055418704
b5355653b987b958,0.1792605312665433
e5bc532f235bc0d5,0.22798471113469299
153cb69740320d37,0.27360488552172463
30ad5d4441533a6c,0.6903205503276351
05ba774a4ce6ab73,0.9214279354800127
ba467da19b1f2810,0.05169435767891485
9ad04a6b621bfaf3,0.7536442470427055
f605e43b08e76847,0.9232815261495881
fe2d494aa36b099a,0.28804470532576687
1e5a8f5e21430d42,0.5497877160034393
9b28fcb2ee487967,0.9794709112935189
2f1c0ef6d36a75c4,0.40943849877861777
37fc5525bb7de5e9,0.09897573507807364
d6538f0dbb2a123b,0.6974587649838401
7dde59a4542325aa,0.24382078392204526
20c617dcbd71f357,0.2909496281778096
77f00b5e8f833d41,0.8100639023691839
869a14428379a740,0.4489968467961636
5fe5544f8e236559,0.7075356662669796
2d3681cba05bb562,0.8477612369020712
499be0abf97d1597,0.4363239138722887
5b423761773c3a6b,0.9629119456122583
57cfb14bc788cf66,0.74728794433582
bf8ee8443882eb4a,0.8008127674050545
400e3c9ccfed951c,0.28162322579514526
95c34bd334691146,0.8806760762652333
441b99f616030e70,0.38043683378427845
d6449401e78d3385,0.41809984615285994
ee04b5380c7d4f07,0.840935385293716
47350f4648bd6090,0.1188776875234524
3d184c420016986f,0.24561718887758643
2525af5583075cac,0.721337404415653
37055ef29f0a3dd1,0.5056900899194923
741ca2e53f728930,0.8923451787037807
c2060532831835cd,0.7443156775333102
bdf51afd82ed739b,0.6119634970828253
87516eb4863191a1,0.7771489797774197
034a25e098498861,0.052606683625993765
2beaa963f217969a,0.9687699404588102
6b03ea3eb3783933,0.24307554609114132
99cd56ca4ca12f1f,0.18679081662505762
42288d86bd56d80a,0.334838820830039
a5497f531ca73858,0.21693982372808523
6b8797ea062ce398,0.3336640304162859
1514a9ebdc630056,0.5312570394805318
6a47264adc77dad4,0.3601912481140351
4cbd1cfe1be11280,0.9215003545129327
555f489d111c7db7,0.3931679954207639
d3d1d52e817c754c,0.06973599335239115
80c2b83979b319eb,0.12447164000498262
b601ede8f1d5ecc9,0.08948039498700643
ac4e394f11848f01,0.7855064181071358
a5d564228af285dc,0.3696586702037495
872eaff0cae2acee,0.25135630347995913
ca524fe71b6054b7,0.48764638604993993
092fdb93d96ab75e,0.1658296677348775
b1224feb365fa8bf,0.19786050625813037
b5883c6e74b0ff0b,0.12079091405068303
7aade43a31d09f8a,0.3397383956345782
585ac3a63ccab1a8,0.22105011015579715
e4933222bb492af7,0.6134167922170336
d4fff28089f09f7a,0.8011410504571663
1faffaa35ce84d77,0.7286277482158522
27afb6fd6aac442b,0.014321338416079762
847a053fb85c500b,0.23774662269181807
9ad6971bd0ebf223,0.36594518698218587
a14e1a04f336c6c8,0.1544935839656697
50698da7b2db2350,0.4281243740501742
15655e2cf84c9cb7,0.7982105579557386
ef796da1e5967ff4,0.8712466895474384
9331c7e2dd294fef,0.5564192466716372
b7796a59af546a3e,0.39004173441573603
d9279cd811aae7c0,0.40058803451956043
df81c08c47af6c59,0.7981059311386425
1b9dcbf8b65b1a52,0.6307946247289746
dd377f760a65ba2e,0.7974846964212619
995b4a4b97e53e5d,0.5478131112063013
13b533f79e5a5caf,0.8059233165578665
d4c903b8efe43c13,0.9630265496428986
4fb9e1bf5a2f571f,0.7410361083968036
ed595c03e7747694,0.21726889771714036
73e9645c3d48fbb5,0.012074212105816709
a4b5405b00736981,0.8939917735834949
2a653776755ba7b8,0.08761593708388937
158fa97bf999e010,0.4283198930738531
a95d0a261a3bb142,0.4839525745701058
ea46e88a59d4fe5f,0.10494939840917594
6496d7761a0c6190,0.32466622906603354
6f4ba984b6dc3289,0.45425198643647263
5afad3e6c2fda712,0.4297858596096996
02effb9a084a466f,0.4283950971549038
f43a5e53fd455d87,0.9300341028045297
49bcb75b2ef9551f,0.07239068122747333
b21c8167caedde33,0.006893022992660581
15d2bbcb8c316442,0.2320526558249186
523bc8b194fc69ce,0.2276094528232905
d7b8e5c99743aab4,0.5425743633508171
3ad43bd42075bb8b,0.9064270053436008
812b9840da2dccbb,0.917001586941054
e70b5a521c308e83,0.7464033223022175
3c45ba8ca9f6f412,0.10347415973343471
7f616f8d83b3eb18,0.37684799795262675
26c592e1845bb489,0.3183239048659742
68d37c0a802b47e7,0.8404939742319366
d8934f60893849d4,0.3833484047384584
2a3dc482e2f9765b,0.39333121091513223
016da23592d81da0,0.12376150880962695
4fdfd4d0c0f506a0,0.773500886936322
729fc49d981fa3bd,0.3920451904447298
15deccf643c21df1,0.5068527042115897
7daf2f242a027468,0.1347589271537056
d51a0a86350f7add,0.04229956562836416
52fa3a33f632aec0,0.6762975735951761
bb4d95ad5da1ac87,0.4083373371066261
cd23dbd0e165834e,0.08109566178764072
ba39191a07cf9e7f,0.5514854855857837
9ba5cac296310d3a,0.9145313578417263
d322c51efb437d17,0.11635565108003948
3af739b2f776287d,0.7835687109897184
85804c2e9c6d680a,0.1006516460916822
cb0cd20b25649838,0.23150461382313237
12c942ad8a277403,0.4827966683504932
289e502cd91b1547,0.6678862764932934
31c382a7004fe972,0.3191486245814553
d169a1c279a46015,0.9032151933345214
f9b4abfb6291393e,0.6126124663113905
6717d92d92048fbb,0.4296594747643148
469f41c8da1eeb41,0.5644817066251854
769314bb014d1235,0.6813913878980666
ff2e280d521989fe,0.27457874242719876
1d52653d4f3c35fc,0.07805435584778206
4c0ebdf6c9dd9fb9,0.18316049561952188
8e182e2e4650cebd,0.7272755288939723
f55714d17852a183,0.21991397303983348
f2e291daed34f717,0.7788286846291185
2fedf01adbad6180,0.1381323011139855
7079029a20553569,0.6235848828048779
7214daf28cec2f25,0.44256679132667415
3037ee52ce757f35,0.08824777005062497
301594a1fbd58308,0.48600573440026956
971dbbb99046d9fb,0.7908772900284685
c7647059905f4dd4,0.1777336824271147
796f7cb75fc0eb55,0.8993054224400941
bcf00da3386bb946,0.8271044964363236
9fde66ee9b59f95d,0.05589542143451996
752d3e65ebd63369,0.2799057144908177
1a6bbae0cb804476,0.4182047415737885
03cac4272e7b8e63,0.8927506873427629
055fecf2717f29a3,0.6221994196378318
a2aa85d0e1bc4e6b,0.449645127310167
ef9db57cac44e529,0.5121039410830287
8c91442db55d9d64,0.6319190377259027
7cfa3fef2d1a1dfe,0.1452174445673146
56ede8d9842e0590,0.16553958858299
fc74e63ad196960c,0.7631085307432802
342867ccf7337815,0.1519515750044223
866f7ea3c4be20e6,0.5495828656066469
f45494a74c712731,0.6296666027317952
414228464c8b74af,0.7265436773517727
e4a3f7a35452e28c,0.550126568470332
c1eccbf012d9a361,0.18719477747698035
a715e394b41f3a16,0.2572854091741147
26a24b8218ee00b6,0.8789055861845265
db4b58e70acde06b,0.18065740443246125
deaf015c1e137149,0.09755395083875953
9d4fbfbf523a0472,0.9831030687757412
ff7e2911a22e8008,0.7926058661310926
30449ce55b14d344,0.10434083481334272
b930073e02948360,0.6337645306284868
9326674b4c828c15,0.5346533131085626
a9b474db35164846,0.6007189306640031
9183d88dcf308c8d,0.2163763438204847
47c8c6f64cdc0a43,0.43523431542854996
2ee4722095033329,0.5596065344733554
cb8a02ecca44027a,0.13433787024735622
1925e9dc63237314,0.5965017949885987
dd36f08b99fcfa16,0.8662896606123156
9bbd43f6f760c243,0.732127028456638
a766359aef66a25f,0.6151375779905239
4d10a4698fff400a,0.5827276647374314
44a6285639d7fcc7,0.6769968094466755
a64ce0de598f4714,0.6813542642875697
8c887a6a554fcff6,0.012081381652791323
ef3f3402f7530e37,0.002428523666296904
e9cf43bab751f410,0.033459635548576935
1245634a78a3136a,0.16664088095309387
7c5ed75e73c20133,0.3157882517232191
ff7628423503cb61,0.1068213952718732
55df3baf4cb22442,0.1256119468395763
20497b1ff5df51bd,0.732492297507733
fe1c1e2e166d6943,0.44530963560981796
0a6a2ebc3b004ba8,0.42267254010027194
ba16bc573e1d9a6e,0.5797826185680164
41ae92fc5f37cdc1,0.23806811538108733
ae05071f58d92774,0.28524960439726105
a8d4083bb2383da5,0.8742696824018608
92cf17c3d59c9b61,0.027201331750276468
f591caedceef4268,0.2394820126339413
e3d006785a8a409d,0.580290761104602
dcbc913499301796,0.13239859073078863
b630e1af9fc1f3b9,0.8275166579874466
7d6a1e459131bf25,0.9290754849297926
5f891649affd8c18,0.39610698761283347
7dc102adb7ad6667,0.4814593150925299
1b8c16064d0dc4d7,0.37603172277586006
8e5286a9c7d73ad0,0.16779078902830674
147e554cda420ba2,0.17178337697790233
18517e2df9cc10ea,0.4223649592508711
54ca2e9aaea55320,0.980756714154126
a923278148853286,0.7024780635015919
cfb35f11977c3be6,0.4256318112383749
aef8a4667274a47a,0.06632142048094328
2c51172cc4d5eba0,0.28510405369212793
494446d84318c9ee,0.4306128608665619
aa652d97612fe50e,0.0313934269895239
baecb9e5cd4b2907,0.8574960212629137
c29488c64d211da8,0.2987543467372146
28746b4c4b26d721,0.04323706037671782
8a45d03fa3989bff,0.26212462378878015
462b3e544fe612a2,0.5967688789602976
359614f152fbbc2d,0.31696759505892474
5e953db789137f0e,0.6533290439878103
2a99aaa9555b3dab,0.49931620448562153
aa37a77bc447fc0a,0.9477629476773112
8c0d7f3ade155e48,0.11226581652000682
45b05dd1071039ab,0.9832837846207721
7e037c271c23576a,0.22950810662606175
9adb38d0576dec06,0.5704291089720069
532c84dea557da7a,0.6089797625563825
6c302b9662d3b5c1,0.29208193101206376
666231af023e8fd6,0.2467546466161599
9c06ef2fdb037a79,0.6388901514650721
65230a28464587f9,0.2945956217187222
b3ea4baf43182919,0.5450966528654482
c1f297271ef8cab3,0.22685409127141126
7c58e1fb77913d4c,0.9360119467521802
00ece1c11b40f8ce,0.05115472183684748
a820b5633583bac7,0.8478984206099258
b4e9165d8e2aebad,0.20529839388557905
85f20d358a8d6ce8,0.5026286187067169
148fdf734e431091,0.3253603786471736
67708062cc529759,0.5705932255312063
d764e50c36756862,0.9173890839657308
dc093657cc4bfbc2,0.49126737244563035
08c0597e111a2388,0.5869474626569466
58fc68c0720d8cbe,0.38217596658349884
387b7309eb20b505,0.6683253037999775
cca31a05a820ea88,0.8553052818453801
be7e5b7b5839a348,0.7512731889856126
ef7aa159ba83917c,0.5553201223132969
3dbaccedf2355696,0.266266317455609
3774263bf5c9a393,0.36162231792140026
e830f76f4667709e,0.5564688896185861
c96965b10fe9e8ba,0.20278127294335366
aea0b2d75bb410f5,0.6364917035504554
892d778bace3f693,0.5479519021919017
f46440975132762e,0.9388524566889376
6084fc419fc10f1d,0.9188978260093955
c6fb1852daad742d,0.21233606479785813
2bd09ffffa247f82,0.18842922011355137
5ded576ceda86075,0.5068570669608486
c066afacb3fe3a52,0.5951651833928994
21e99c194e94917b,0.03456768390852578
7f4eef61767e4c67,0.06940330686564454
dd19efa057bdb4b9,0.13138159711752204
2b309ca794e9b11f,0.9680839421626033
8428fd508cf86cb1,0.6169407652510278
bd059d7efcd14494,0.8829208415228136
7fcd9aa10e5ab5aa,0.3146647100673413
9398c438c5fe8b90,0.17453970490361922
7401e49aee3edc69,0.6747898322133257
0520f17da71602b5,0.3105158150820095
efeb31befebbeedb,0.14399489398437462
df3fd48fd3b3331d,0.6202063412072586
14e14e2218536077,0.6244547878738259
1f92d25274d4f038,0.3717517749679288
7170ea34f6161e69,0.5517385720029258
04b0152464b775d6,0.4867548234951997
7653ee403f88ff26,0.4382710363762388
ee84092d5d680f67,0.973477012436333
c41b6329fa5e7012,0.04387607039119199
1514f652f00c3b36,0.20988172259938162
0c6d11c69bcc6f46,0.4493275898127715
382f75d2edb9f457,0.8998037545588777
ab482dbf08ad90d2,0.5499592850458922
5ecd94cb7901e72e,0.13302968986592664
176da975d008461e,0.6826133936066869
882d984b9b9d8fb6,0.33291701064078316
efecedca199bc74e,0.6485747598850934
5f185fd802f0c00c,0.544682976540875
b7be75c69ddcfdc9,0.011872035488954543
4da0a9696b2e9612,0.3741906094462031
755bd669f9bccb8e,0.44678500749021866
dc744a1038657389,0.48878655609329313
f5565f23a877bd69,0.8035273754990969
45485cf629983a40,0.9141902867352487
9d8248668d721756,0.4994107884197016
7e637102a104b616,0.13100577136996408
b9095cbbb40751d4,0.9427355483399239
b6f5bc351054c7df,0.49863244284453967
d08fe94fcb0dabad,0.1750940364585903
edb4aa5de0832a92,0.33012378979419266
b142c9c1185e5f66,0.3308103746132953
1473309b954d71f3,0.800834226102469
b604a5e504b627c0,0.9744848283768295
d5d6a72d9d2c827c,0.05469355232268398
aac5a801e8926a83,0.3878285008762508
45b600cd20830ac1,0.7851884649242394
8b6f8e193f28c495,0.36269494497211097
9cbdc55a60ad3994,0.1759435311053097
59cc8f62d55aab98,0.01816992961313409
42f81ab5abcba09f,0.4873579668294931
758524a5d6a74122,0.7467766121418207
0acada29c4de07eb,0.4635321577171712
6bf56d0ceb2c1ab7,0.23822003515088835
03b29070bb68828a,0.12661766928399965
2f553bd8ba413efa,0.058362414034466945
c3ea0fbb29a15317,0.38490374222173557
797edeb1c8a9c95a,0.4753627565095095
beb71749be71fd3b,0.5081098109677664
c660714dc6059849,0.3982878117661542
549961b37bef9764,0.07227115587617551
dfac78eae9821675,0.09998948466652299
588c204b822eb2c2,0.675935213882636
e96e43deab9b69f6,0.8213345553366107
9c9a726ae65647b0,0.10234581534019133
58f635ddafc61c78,0.9662013740629208
d40624f11c720afd,0.8372049250511836
73575ac328053efd,0.5609956197829402
809a4127b076294c,0.9401961042121382
d476e643d990be24,0.2573986017788174
4d04534027759be4,0.39647012252131403
72c2c7664c8294e1,0.8223873574079157
d3bea4fa475618cf,0.697158961455578
7af7100957117fae,0.29895461590541894
bfeae03c16252052,0.26344281503751454
dab19b0b61104952,0.8424035007197389
8b72f86a4e6a970d,0.7375262136292016
c775b6de816c5092,0.7130632377492748
0de6dca19e114646,0.37711135339740676
0ee2b0fc31b7cbb6,0.09104985121034141
3363b132efc51b9f,0.9683795650044387
ee924a0428a40a76,0.17680715141879408
ac3726dc72e71ad0,0.45929712157931707
374584473bf4cec4,0.4692693603180361
e6b8e496d903523d,0.6166678412083864
8fe009970d6cbeca,0.3916580532422899
b03e574c8770e9d1,0.1578482216369849
27905f95e6931f22,0.4477562867395163
8099a0f72ee1a1b1,0.30780676001021334
5fbbd8a6f4ba3669,0.14971300440161206
24033a02989369f5,0.7771165585922714
223faad452bc6598,0.7401025419568305
c5c13adedfefc67d,0.5440060010778525
ec24ebbbc53f73ce,0.059152055418413736
3a3e4d31cbad45e5,0.2600901009058103
79763f9ebecaea1d,0.7223396701612981
46806e41926c192e,0.680217400234634
a5cfdf6746ec5cbf,0.8697830299540829
0ddbe3ef0aed551c,0.22045794511938113
b641fe7061b46442,0.045336984516779096
be98835c447eea49,0.9451338950036171
98aa4160c7876f0e,0.9371184616276872
0753638b45dfacf0,0.7630482486073843
e938301ba66e78e1,0.5919081675942864
64b695db5b68b91c,0.4473578875461965
2797a5b06b8c68ee,0.3981589368967941
aee53ec38b7eb6f0,0.6084476640207948
d59b57f46a383c1f,0.424747395737278
8c3a505dd927009e,0.3102464710126411
436e01defb530baa,0.09179973176119728
2f54c0acfcbfd646,0.7753907513611796
20f15dad96dc92a0,0.2742947882146573
8a16a230e343a296,0.42720386665308363
fc511072e8631203,0.605907174584038
5d976c71ca9049f3,0.6158248815886757
b207e579713d5841,0.9937488282957992
ac03eddc2e2fd2ca,0.5807813495844563
6b1e6ff0118fe59b,0.8424413398417776
2cc92c1f6bdd93d0,0.5820948341581195
f651266acfce6c0d,0.29049400069671794
c3b49d19c43acd64,0.1331797955390633
05a27ebb8a82cea7,0.9664850548655401
f32c511446a68874,0.14082623638036995
108d6b400d52aa73,0.6689793729780111
7e3cd0895bbfcd9e,0.7707059854030788
2245ed07ee31662f,0.6536090604132458
c81aede118be0e5a,0.4497375116679462
d664a113973613cf,0.48461883361408964
2899dbe3769e8b1c,0.5114773765866486
164d8c33239c5511,0.5752659082048076
e753bb93c30cfba0,0.8783015786943764
4493eab669361ba7,0.34228560414400405
4e55ed26dc79c3e0,0.3942435859443272
1d2f7db4504f10b9,0.10375659217676252
9749ddc8b2a3a385,0.12077365681028551
9aab93db4ffdba7e,0.8896880758364619
88558205521546f1,0.38734056582630844
02a8e05f667b2fa4,0.2585917639561597
f95b0bb67413dff1,0.498707267673122
b821f8fa7a26d286,0.19177011413648942
bed1456aa64d60fb,0.7571222074616641
685b1294dc5f8cbe,0.7945787922931179
79a0510c936f5eb5,0.8332146869856951
07f28f119366b484,0.18018980239762591
949af0edccb8d159,0.757810672190072
9965f63ba2d41ed4,0.09648439326645333
f635cdb577ae5471,0.7539091930368721
6419d144df4c87de,0.6892831159753801
bc7f2dd2340df372,0.14871502434770797
cd35e912794bda2e,0.3164010776213512
abf3b6dbce73db98,0.3905236010027154
4eeba8a4c17e4351,0.4490109003373498
f612b9af4ce98bda,0.832151542203539
d8120911733689b5,0.3720946385498381
723bd2532e39f731,0.5112368987253578
3889ee7a1f5fd62a,0.543732739335646
66ffb196fbbb4006,0.270463417004481
53a1c51ae93d0e81,0.5207938222183978
0a4f5ec5f9339110,0.3064994737527906
34416b6b8b600a61,0.203762640132533
1e0b561b5df0447d,0.6739564267765183
43e848bf56ec0bb2,0.6089434160189445
1ace2be427eaf92b,0.15769756201934965
e24ea459233ec078,0.9700022915120079
e019c487befa7761,0.025820260384533274
7734ddeb14b3d277,0.2092768614075722
1961aba76570acf7,0.4063975892754395
276265c86a0e2a26,0.15014572781391014
4fc5594c301766d5,0.7044075258781903
bfd20f3d76573073,0.5117302237400674
8526753e065f5b50,0.9042339111279758
5c03ad68783d0d61,0.06523563231377172
9c83e80d019e0f5c,0.5591961253883508
4e6019e87ab5ac6c,0.7536106438086444
dbf6023ccc73b0e7,0.173889681203145
fb35b29ad551c9c9,0.24452351005006673
3ab9a4e335cdfda6,0.41383032094342986
86fa9d51e632ae1d,0.5893786299530599
ab30ffa9ef0220dd,0.9750454890098083
ebfe496544b5a6af,0.7413084634774302
4cb026b93d1e4edd,0.2370101425901772
426a41478cfcfc22,0.3160792253196345
3e16e5f885a5764e,0.29316977929828436
dab52f137b1ba008,0.7471441817568489
a7e545c29eee2bf1,0.30603703424036477
6a50159c50f7f9d0,0.03094963993534064
ded3c69308607da3,0.7689826723287843
921388faeaacbc80,0.9829612142914163
8c90e1ab4a546bcd,0.316820831233605
31b1827fce88917c,0.07162528465404697
d97cfaa40be224a1,0.13131017585332727
b4dae0ea6d15a25f,0.3778272874197725
ffb033e54895ee3d,0.8270299430317924
2b625e5d9c22b0cc,0.3875631683959811
87605745817d0ffd,0.06973002018701904
9717417666a66daa,0.3988355952878169
3267d4ecd26e96f1,0.22630575103435382
3399800c4f113d8d,0.7056867564801895
f457366f48f27702,0.24502937633613678
5a6c4f9b661a0ab2,0.8268846240790816
76628bf9d8b6b0e6,0.9939055494849567
997a5333179da7c1,0.18091406629150983
044dbb2023ecc53f,0.9624567334361511
737497734f709843,0.8868067153455395
fc7d05c3ca74b0fe,0.2796635424813648
f5b74bbaa8085255,0.37703788120723336
c1d1e5c41f539d03,0.6845528075229994
86f9c72ffb536f2d,0.9820083242481216
95b9d46eff640109,0.35127294289196137
3aff516939a3de92,0.2773917765868207
23c1d6b14d960725,0.051910273544775024
0b0950c974175a86,0.3598743204263292
e94d8ce0ed816caf,0.2901885371208151
037bc4751346a482,0.7642268276371095
d43c5617c5e69df5,0.9828634993605612
82c6f27cdcf850e2,0.8774566113838603
7652727437cf5e6b,0.16258462543228974
86f089e7c7ae0d75,0.8075054895980807
b9d7751ccd00d9c9,0.8927623389687811
0a079836e9e1ac2f,0.5582844322860082
90461cd0e33baa56,0.6872359998337613
825b16c4984f4382,0.5950557338492273
9054cbcd60dd433c,0.333273453724016
770e4ea8a1273a1c,0.7064999453546793
518ad8ed2ff052f7,0.4622412110307905
f12c4df4f05fb6c3,0.22288951563771234
95a9d1c987aae5f2,0.8309829714347265
1d60b64e1441c91d,0.4620470327440983
84ed70c1cda568a6,0.4185109344099133
3d6e8f3a5d06c7a4,0.33748215455833586
eb1779538632b044,0.21625679748775434
bcf84068bc4b5615,0.3373525243043572
3dceaab87e5bd6cb,0.6728000605377495
c86b418e43874d34,0.4808770458446863
95397751cf365c4c,0.6176631661296853
e80b64dbd916f780,0.356949331858938
d2a231ba481924eb,0.6194987130994055
e86aab1a495bc94e,0.07819360022410751
4c088c5147f6cc2a,0.5086241777462355
746c9771aa5c751d,0.4104614386653607
90005adf46be6af1,0.14819490291837892
78338f5a63e742f5,0.6768072717562029
9c3f2d29681d0d34,0.7804611845267182
f93fd851b68279a6,0.9283416542319213
afed2c838b247303,0.829212423978484
995d752a3bf1fbb2,0.5826668421575736
33609320e5c7578f,0.15190281302507097
1ecda15121ffa27d,0.09875653666100272
47b2accb2f516cd3,0.840111355951885
5571f2482997d163,0.8251301902130309
32897e94a9feeb0f,0.9298078777091486
3d5fedc7f245d35f,0.4070121277810695
1b4707947519036f,0.55167766689555
3cee4d33cd4686de,0.5236665492569474
155f6d74191258a2,0.556744554981789
3ae6a0b3d379dce4,0.3442622077509476
dab9de12664f7b0b,0.31410503371075515
cc73e04980d2167e,0.44942449064930917
be7f0f5d2c65bf06,0.6256000710710089
dea114b428048ebf,0.03689710725316316
deece306851a2a78,0.4999865370961837
d1ce358b8f732eb4,0.3082681063290484
e025d916d395fc1e,0.622758913376015
f50d9be3d733fdc9,0.3046838685487999
a6c0d8fd193f76fe,0.49398691880157863
569e045332c790a0,0.6359077128398563
977114ec6d208ff4,0.08558450991158222
17faede0e698eb93,0.3668635655799011
0610c3287750d822,0.5496387646109275
58e6e26dd56a60a1,0.06721944611287389
bc263b5b32d9ae07,0.24504154862272853
8894323cc5f185da,0.0874292568392767
e8229221a1595393,0.23756868265354653
63c589b1e27997d2,0.7947048502903821
fe21e0f0344dfca8,0.7268152877508098
7e0194535136acfe,0.264897385812873
cc859709caaa52f9,0.033293209637434915
56e7153dc35c0573,0.21246582801946176
c76e1ab42940cee5,0.47721048455428194
2ed46ca4b8d10516,0.46690208063548905
ae2f86a0a6c3b696,0.5797618600157389
a05d11d463a21a32,0.2118621935500675
89e7dc0647f4db8e,0.580002024465786
80934ce845013628,0.47161088617363933
f66422247e89d830,0.5955302508663066
b0a301739cfa2228,0.1471192998586068
42b93c5a8b628ba5,0.20535519330674679
f74f1673a45ce9b3,0.6766218233974785
2b76aa4b82e23768,0.4010314849279172
0d6190a27ee0d6ad,0.6750788204099643
7492fbffda1eb950,0.37194211208759637
35355c2d5692cdbb,0.7631708600377859
de976dafed9c0fc3,0.7522291466881756
e2601be919261723,0.06644498452751214
f56a91dde5defb60,0.2981180010069914
1a9c207021895aad,0.8890647317411379
86ec8e715d2efa2f,0.4871433901436601
7762b73652848f92,0.5993433792136446
ccd34b74bb18d71e,0.70937735556323
eb6c259855aee52d,0.7488080036764194
7bfe956eabaf5f10,0.501351955836486
38c6063d22fa4f9e,0.7941808553071777
46b7352aa3c8a1ba,0.4742908711525085
049fa3f6cc3a62a7,0.8668318788773651
5f77b44deef47d28,0.18530055048765695
27462f3d6cf43575,0.41606614161972816
ca854373b937b419,0.8408999900375675
1f6eb5f2da254111,0.6972669248113998
9262bb44aa7937b7,0.42094435115877765
d81678051b65ebc4,0.5113805386453292
0edc1ad07f4aa86e,0.8028366950415525
a8e836b90034f123,0.227299582375643
c729d0e49b2411cc,0.9938459362155893
db925a43365c86f3,0.4751667242638291
1cda28c15e8e4170,0.7282344768565348
ef5a97a20c5118bb,0.9146256520759856
4b990b98ec734989,0.7691299459130088
a96f328dda3bc98f,0.5388255507363201
b467b21cee5c9a57,0.16844527015518534
8c1694e84b06dad7,0.2721395863221306
7b038881fb7ec965,0.673496134216269
60e46ceca8ca6531,0.383653466366726
be2e51dc6bf61727,0.7945448851250994
f1063bee63d2cbd4,0.30100414286145993
1a3d53e660017625,0.3146374609489117
6db1dc15ad1e28e3,0.888320843682213
34f0bfc533c2a23c,0.5287620625882337
76e738496305310c,0.27946390814422706
a76e95f0a09b03d4,0.06216807654067039
6a0d13d3e413c0e5,0.141572003868501
e002702b095c4d9b,0.5662280619720754
435eb85f778a69f5,0.07877628504053563
5584a339491f1a03,0.7508535213114014
9a06cac14b623965,0.4799289873838232
b199a982f9480beb,0.867947038968605
e32add368c6de44a,0.2728464644799784
34824decbc66688c,0.3498478491609584
070711d7fd9b7ea3,0.6455620106233683
a1656b509ebf749c,0.9724526628815684
ee96df140d42129a,0.9691198368308408
09fb51e0fded24ab,0.339419087963078
77e04872ab10bf20,0.675746335160273
6b34ce0940c8c237,0.8653701309908499
8b94f16483f351e9,0.6479277883276717
a7d4f13860590306,0.06112024684722279
66537bdf81c41f46,0.931989429550036
3014fd36c07b8950,0.6516583545699253
789380ce86c031af,0.8006427079192774
dbaee9defc780591,0.6211228531159081
bad0375f198257db,0.11950866986278744
a7b766569c6f66fe,0.35548989336953823
efd3fc92b86b90cb,0.5902007893924429
3ca6e7825d948c12,0.5904544902097427
5c73fed8f1d584c0,0.4332829544210052
cb7f45c4ee30e84d,0.6127442467394082
aac70ac68209f1cb,0.7310710441104724
fb253a15132c7c36,0.610558373093162
4f1ad3d1864799f9,0.8534454708594248
06cc890b7c3abdd8,0.18650358490323274
48f5b50b05af6685,0.10260690745044684
8abc163b25fe8f16,0.10590927304033984
5220ee550d303425,0.7309388769613907
8f7e85307eb35706,0.5046787162512977
dec525eaa4588cc8,0.7268585638552758
8a7aa7c3acead22b,0.6062638877390325
0618f0627df67711,0.6500795927609093
5d9929a965640bc0,0.4858334303567256
b45f8124eea44b5f,0.14482589835806955
32e371f83b148fb6,0.9151287978106175
83b9c322c9febec6,0.3899319058249703
8bb4d82df107f45e,0.5893996944084077
cc28d0d6ace393b0,0.37454934599319506
29c17f03906ad1f0,0.42348593021839454
b10cf30c243ed8c4,0.8435507678175986
85c180d755530692,0.21725305807137138
e9478d4c11f48523,0.036539839554854445
329d63bfe65d67f5,0.29416243889456095
4e7c7fbcb6fde9af,0.02499830171310038
1f2d4ca7586d9ef4,0.20156152848915726
04ff2418e503eb55,0.7818992252619547
5807d02f74d22963,0.5793631021586837
23aa15ff2408a5ed,0.25271610532941463
5c3fe62807fba6c3,0.39639666115114625
c97a3c1357c537a3,0.7172051806271428
bde91246f16123d6,0.10839556713648374
dfcf3493677dd9ae,0.020937833733259605
4a0cb390212d6320,0.661701813394495
dd48f98a0e7c2640,0.34263759025468515
21669e26853a5beb,0.678740425296499
c4c279dadffc28bf,0.784377052285785
27f99b00db0702b4,0.16139466576191724
823a471435809e0c,0.9211723278214574
36d9872df73f0208,0.566900323724939
69b691bd3b11f565,0.5639907072530368
051aab7c376493bc,0.009907201131479802
897a042cdd939f4a,0.9080746103176742
16e574aceb37758f,0.9317316083789042
7acdad670c7e177e,0.6723489002328831
af7211a4b66028fa,0.35022683607474187
3b768875237c8195,0.6908539750076891
a9e4e55b286f1971,0.6679570069426092
1e42f2e9ad67815d,0.27869597414234304
0d527f8f008f8efe,0.08714390082867565
4c2ccade1925c5d7,0.4642826938920458
b3a98dacc0702405,0.21973991212784413
9b8e0f7bf05d953d,0.09812026354224025
7968527b42656286,0.20489524346145555
caf14438584b43fa,0.08690356298996559
31e140000e0bf36b,0.3485147360133595
336acc52a893cf2f,0.4205846737535343
bce6e39fc4407c93,0.08246351201141909
d5e58bdbf23f01f5,0.06044173272518397
1ff7a8ec347ef2c7,0.3024052555192644
ce432d29b214887d,0.17305578124864648
44e820df9233e162,0.5965633587295076
fd036d6641276c78,0.4962918123180264
45c36909115a7b3d,0.7422078582570254
0c18ad3d4c7f25b8,0.7682640380158203
4502d8fecdca43ef,0.7876746319296009
9bf5cf3ace55851d,0.4730440412905635
0e04a1cc15af0b5c,0.013720660579155409
86bc772734133e12,0.6405084159266179
76fda8694024d3e9,0.6368611172197499
d244839566b6672e,0.5594441507966221
e165495e76c8691b,0.5622092783980575
18e8d9f4f0ed1ffc,0.3899188380242236
c198ddc9a1a0f0a3,0.19035936019544275
4f15b2cd5370863e,0.3780025821914154
5b71a33a75b4b41a,0.972179113700024
85211a41d91dfa68,0.6482046121700019
31c3ad8e554acb99,0.514349919125175
f05e3b467a207ea7,0.0021875245241949988
20eea1cacbacd917,0.8528021309815038
338ac2331272bb7c,0.29602359642315873
e6740f272d44da83,0.8446344062810736
9368ba44560c50d9,0.4000151476505489
18e4039723086124,0.46659207874222247
c935d65cb1c5cfc1,0.24976303806073094
dd819f141dcc8319,0.11657707784194658
90488975d041fada,0.34751450960492664
a5aa463adede1f1b,0.5934929607148924
872ac9ef6cc6a618,0.17576706057202324
ae4040a11f651b1b,0.41114144700288974
468c82067304eb0a,0.7478003219301591
cb460a2bc70974da,0.1432533380220828
366ae30bce6f5b98,0.38337322813133484
7638518d282a3163,0.8111069107974146
633878cd7103f469,0.40122656304097937
73b8cda0da8e3c6c,0.5120687598680586
b24a01610939d7fc,0.047122971189776326
99024e3163df7833,0.9410225452741489
f67fd1bdae4a88b9,0.4577772509754734
bed6a87757540498,0.2550176124946728
97afe9a3ddc497f7,0.3987921568573551
dd9f348a3e019188,0.48844043647116275
34946df4f3dcb0b6,0.6264513597501454
9444819c9eb0c9d9,0.7547571380668702
fb4483e1ad010ba7,0.03148391316556001
00c68b30c299654d,0.37958900487984004
72515cd3d8b3aa9a,0.7343826148859615
908510f96be347b0,0.7705280884980285
99a21c81b1b48573,0.378112733230459
22f68a423b09a5d9,0.046844333360994916
e7f04cb37080c9fa,0.026648066484857187
dc02fa202a12aa6d,0.24021886991382607
10d0b7f586529eff,0.12880620360541037
ffd7b011eb85f998,0.5755372531971901
e621dd32e1b264df,0.21406056571808763
4af1a1f24964fe8a,0.2526164422810473
811ce0830dbadcca,0.08083724957136919
19f0e848aacfeb93,0.6405851745989581
8d3f02ada61029a5,0.725376385887928
1e2a07a17f935db5,0.14821753136455215
32328db851b10b18,0.2973308069295086
9ee145457cc792ea,0.9200644008445201
ad8df560233793e0,0.17933642748906947
d22762aa0ca69d56,0.5264617962022022
f8355291593dca46,0.7373200256407076
0c612654e51e01fc,0.12319731739924057
ae7e23426e25bea2,0.13472662694068147
e009b5beb1619a81,0.788367037141429
520faa13a8c7065c,0.9080104683183863
b5f1a39aded71e0d,0.1110167026735973
de6cb6bc5b8d1640,0.5029530074617987
d51fb6ba7bb6913b,0.852863283928471
a1375923af03ec27,0.7379835681603828
8c4b7d8e2bf037d3,0.4009651860750763
681405cfbc0dd97d,0.4399727143506822
992164c7365bc333,0.7223080000836202
4814a10f30ed6822,0.6276141829984777
f125562b955f34ac,0.32663146199591103
8665c174c23e0232,0.26893182478742733
c03010cc5ef028ec,0.9342617524565626
d2cbd396091301dd,0.21267296636716115
c5b700f429ada2a9,0.5188695916289725
07d97ad7c5757563,0.2836799174645191
abe88bd25b74cec2,0.9181264289864937
b5242ec51fa10803,0.21886755333219143
504c204a4b07adc1,0.2712626013308452
eb3e885ca8381431,0.4405910755699279
88019e77a7570235,0.6910112609062632
4f5b5ab494b7fa3c,0.6532695710662331
ff857c8685376696,0.6875405899016903
c97ffff5899cdd5b,0.8970636780679607
06d8545946fb794f,0.8190654131099891
86a18a847664c8db,0.46110361826834356
236b7caf60e83702,0.3008361622760075
b7362d1c5e6ea485,0.40456265206515785
75a194abbc3951a6,0.7132040511476025
0739352b03f43601,0.4889116615123875
d5fb0ad6dfbebd36,0.0739213870991159
ab3267950cbf32e4,0.5875985059462465
061b96409f1ecea5,0.2504505276566193
77507cbfe35570ee,0.04457492957804353
a36af5b550eaa873,0.6515944948255686
9ea7c406af2ba7ab,0.7363332162061668
f67f1e53508bf00a,0.9331861308808287
c1e4dc287c41d581,0.19115867125235794
a53a53e86b02f37d,0.40825014943638555
608291782c527827,0.39269934117995675
d0ad07399c84455b,0.6239643720122872
fc8986567718f61a,0.9366965691400126
5dc1fc6a5d643435,0.7679768365206096
5c05741c61417dc3,0.5251526212802494
d702bbe78e1fa189,0.13582251833467215
e781540ac8518204,0.19083281088545034
7dfe0b8686f2f32d,0.6850060956111834
150a93d31aae72a3,0.3338929709357699
6eef12e9a09066d4,0.9088687213729264
636152d21bd16667,0.8160039077852222
c7f6af439da950c2,0.11866000767946262
27acdee466fcf485,0.9776112168791179
a8804fe9eee0fa90,0.053259951791012575
6192ee4938021f38,0.8836525530927789
fc02f9550afeac41,0.03977013050504158
7c9ba87d30178a3e,0.9307876874251958
a17444b2e1cdd78a,0.6841796337250388
83df6fde56cebe4a,0.33757792110675827
b35110acb0de3b77,0.7811157676852698
9fc1dd40acc8bff1,0.9081242329235479
0c521eb5fabcd49d,0.4045640050654819
e081802079fcf55a,0.8442487681622344
12aedbe868f79776,0.015886697194798516
be8a2586f0738799,0.6485818556982558
077d63174223dbbb,0.14435396541109427
bf95a5f9268fccfc,0.36134963095799
51ac7bebc69eaad3,0.8490159957307641
823b8b0cbed56665,0.6687900550649996
7b06037a7dc44eab,0.854766854600393
c3468f13ce305a3e,0.9247880829863478
82906bbb278815e9,0.08300936116334313
26d93d94ea19b1b9,0.38969087095390426
d59469ecf7c3bb29,0.37748902024534964
7db5fdf7d9e7b81b,0.3080867101932123
251dd43cde3297db,0.4511207022110571
cb1945985d64f4de,0.30416075487865013
4eeb92e907af170f,0.3935968953386344
feb8fa429dd67ef4,0.683796504502945
4de67c2419537ea6,0.23182255542109378
538e4f56402af36b,0.8582256399405179
a4cf878441380a52,0.839462832679422
96be7b3de04ff62a,0.5712613095090284
39c3d3887c8c1a94,0.4401696294754391
1921999c1eb2c5c0,0.7657139564367174
d57e9b30000ad4ad,0.6169994227462167
7c4dea060b3cac3b,0.862570719038327
b72576d562bd56cf,0.7864422163082969
e1b21c89aa287e10,0.25881970474610455
ea91d426f07b035a,0.29091137503036263
e3fe0ea3b0e68165,0.29175829638142403
733a4e55740edd52,0.7099095820479625
e3ec47884acfc533,0.9458542825394172
8b4fc284f4d71fb3,0.7658829633981777
ecc8c2db5ddf594a,0.07149677342883433
6a2e9bd8a0f89c66,0.39573202841940164
330cb959caca2412,0.9323551427285861
d9ec4fb651c85ebe,0.3474371666673476
059f9fe46af8bf1c,0.3594869841627596
3a4738e51c5cab59,0.5583784037828812
2defc05f8aab4fc1,0.8739692048603046
5eff676251527676,0.06755330280379757
fbe244ca19447d90,0.47866366615281836
6a795f7ddcc9922b,0.0999135345781597
31e47d59215b37f6,0.41464477134247535
dc507cec24e10ba0,0.7266982023040027
a6bb01f0933df044,0.1643196949419867
8d856f853ce1deca,0.4672701948669906
6da96325a4517519,0.36291614227319846
1154f92cf57d2532,0.040017712597400716
f6f5511b39bec2b4,0.004511366692808785
52b72c128d8d91b3,0.8526410643841605
75e7fc7c7ea0f472,0.5523229460028934
197817ba33606b5a,0.5738320383020575
c1951ebb86cb1446,0.7497182703457181
c4c41b18d788438d,0.7002552767754658
aa26bb9dcc890fe2,0.6768245396528714
c2c4703ee4c876c6,0.8475986494399416
4c5d7e0beffa310b,0.07058500349233253
83c908bdb66cb2b3,0.663464100925784
f5402da16c14957e,0.35379565275973324
2ab80ba80d56a41d,0.6286469241763822
1c6b71fcf804ee07,0.6765429575690847
2f3e4501cfcf6dfb,0.6503641055790489
e6dae542e381015e,0.2900090190261424
eec4124d10360067,0.045696516992057075
9105a2588a4a2770,0.6906225362384114
130f75788d8a46aa,0.4691997405638551
8835b5e539659c18,0.4094448162002924
d219e6e0ab855f68,0.6160212996417085
0723230fe86de14f,0.6179868546352373
e81853b0b0f8c271,0.12167612463550695
979af46a1f611253,0.6984313755668919
945f78f066a99193,0.36318482183702916
9fd22540f39891b0,0.2406421096657246
2631c1e94bf99eb0,0.7940405728567683
41d6c34577272404,0.3790625670902485
13285c2b73770aa9,0.3855407249233737
1d2b2b68357f4992,0.08014999190042352
5e3172665089f4f1,0.8474133996980253
9f7be9231e3552f7,0.7346940935097238
6e458ab88b4204e1,0.301622864136426
10739a7eee3e87cc,0.15337531804016302
a326839f328dce7e,0.9512204306823965
2e706184335e4bfb,0.9032952547452702
e10da35ed5233e23,0.06453046232954171
85df2a159bcafca0,0.6516800354096903
7e459f89aae58555,0.264520788374612
c5733fd52fad180c,0.5491437811633965
d78be06de4424dc7,0.05108177117728678
af782e55eeec3b26,0.83085534645413
a5428b7d3e5eb0a2,0.3849244439639097
8d920a6bdb004f92,0.9755144309199861
f4be0e405024df8e,0.8432711171872818
d5059f8f88290d5d,0.45819012687290367
e368d0170d51ce4b,0.3274631846528
d8ddb30bad626df3,0.3738755079178287
d1e892e5a070ad3b,0.1558067274844285
8a30b24e45c8dd56,0.41200646009366365
7616820e7f2f060c,0.09981764200210379
35bf1de33ef37b4e,0.8562149009253661
7fc73341974a9c57,0.8598766999283324
9f5bd41b72cee0ab,0.19830129742765287
44e5daba8a615664,0.7875728727204229
6a29aa78116608ee,0.6169818042836498
74c36fa527d5e914,0.21002772115850693
65e5065a97a00477,0.4950899749236167
2bb9d6b7e64b8108,0.10587607750086257
297129de9133a71a,0.21571930442011006
e6233ca37ff20ae1,0.7137867204656587
e6c230b1db202085,0.8365898064222168
042447db024700a4,0.09603425217338261
5347f880cf1bb93b,0.4088595576377836
f7f2f5d41652f6cc,0.04908707434155653
71ccebe269774017,0.13083801710026632
5d89474915222841,0.2589199611414552
583b0f485ee37a28,0.2022995302341033
cc5a91f4a1b878cf,0.9575655648353977
636604af09feb6f9,0.08975440794179106
9149bfd2414e1f06,0.6809774486167608
69c71a71af3a6a93,0.20271787987223708
5cab1ef744ae1f07,0.5165086738133577
2c01a13c5bd11b48,0.7318714228388673
3dd5148c39f554e1,0.13359356675493808
e55b6c8712632bca,0.467849221203922
1e70f997f11d309b,0.2800798109251048
0b5140a69c454fd2,0.18891672132793552
bf3433f1790ded45,0.6145843109436301
848bb9f5e15ea664,0.3870428351120742
ddec6d5fb5e1d8e6,0.8597020595122953
483be22ba816efd7,0.17160641433916538
c5e5341d9853e204,0.22055253155234025
21afeb4d02745cb0,0.2527433327701079
214573582fdadc69,0.4892707348666903
1584cb670481cd0c,0.804303409283438
a5b74fec60dff97f,0.9498007626953813
500761048fa68af7,0.6034402903295176
17911ade8f9db4a9,0.5733592375387508
0d5e4ec73265e718,0.8939836682026038
9a23b511d19c5b74,0.45192185131766405
b0a68b6e9b5aa0fc,0.5459520573415704
f2408ea825dab651,0.4472652696345371
c46a0253ce15db70,0.6918974854408573
280ee758ffb1d1f5,0.37504884533891353
f120c6f37766ad60,0.31215586248469523
f0bd6e897436f50f,0.5154229175649832
d9838a74cd5c15d2,0.025875136253803298
ef4f4beebb23098c,0.6255666413146352
81e1191f9eeac89d,0.4705251418487055
38a4b85540a1d008,0.2398412866734195
583c98e432bf450e,0.6638037327722507
9319566dff410e11,0.6431207836871562
967a61a65ca3958f,0.11840802608650462
78d063e4b7ce7f7e,0.32060536387480665
d2f8e62df2e4ba25,0.5999016561769773
810d2f780629077a,0.8262578506832612
3515d882b6639805,0.5862957805671514
11e50493155c9e73,0.962770709514304
4ed708372af004b4,0.8985200197270743
c4e45da34ddf3b44,0.5976555377163839
c8a93dd49c2a92bb,0.8616169145824281
0db19fe44a9a780e,0.0722158217288902
2b3538d47f1c15b4,0.17596581505514647
c3310c72d9734462,0.4635669381625022
14085746773f19af,0.046422634197863674
556db80d967a1693,0.26803434137088583
43fc5ae409f4f500,0.7721234986064925
081a87f22c3b38c2,0.8850557021400385
d375cbc133ed4f4e,0.6685917170824001
5ad546feb694ad21,0.38790194824883056
4f93720827de0ed1,0.42424248667557873
3aa17624d6ff3bda,0.15968809929053113
9242e8dc12c52248,0.606257223073345
6842dfe6284804e1,0.9237980008394894
0d73a6a834744d44,0.4132613813890523
0830204cd861c6bf,0.16214496381224008
66161f0924e78225,0.6841439574420831
496464a4d50db8c5,0.6335600751718348
06324bbe66728955,0.8346714316239922
14f78d4e391911eb,0.10880116962293754
2b82c80f72759096,0.19798891510395764
098ac1d81b9e8c1e,0.8461391594820641
1b76ea6cbf734ce4,0.14622533595429965
0500bc92e5b55537,0.24419242325750912
ac5aed573f280b25,0.28284471304089415
ea03975f1d5baea3,0.3079641968572129
88b17a552fbab232,0.5928463561605511
b8de7af9fcdbf382,0.7926960847821192
1200abef5b424cb7,0.007950409519178263
31b60e9d8cfa862c,0.1534493333519974
893db3bdf6bcd36a,0.6708139626066555
ceb6b035da1d3d7a,0.6681674814247321
4ec436f2d7284b90,0.31982097752628386
8aed9038981199a5,0.322468434295302
0004c2d09b2a5399,0.5574060555845392
5205db0c297b51cf,0.6901335865195409
fa00a8d5645e29e8,0.20485254622405236
e059a125b2f75271,0.8385825532936688
0a245e9039a475ae,0.5239300570400098
f6dd2588e26ea334,0.6866134712834931
973b401c5b3a29bc,0.5940393641965248
3c3d0acff02d8d77,0.8392803085777868
29614e0f15db6e61,0.505720929499662
59556138531e1193,0.17649871890944832
6864e194fe467f06,0.459060641004744
92d1a78a0805f085,0.5617648302665595
673c83d5875338f6,0.8435323942850748
97b9da49283296e1,0.10777894408861968
8e266443d27cb222,0.37575841944253974
01740ec6cd7d3fe6,0.7961444523906838
bf22ef3c96b1cf8c,0.1289339006040483
eceff6a46e6bb846,0.27568282555630064
595cd3775c548381,0.23206187294449795
dc88015ad74c395c,0.2936838316387185
1d829ac1fba966c2,0.2097587373275645
7af5a547c0ff87df,0.1652693636756546
42082090188c20fe,0.9178770969822897
f7c6df36a4354bbd,0.4003464933348681
fa583dbce17dca3f,0.525923311694349
31b430017b021b90,0.8632623830932572
7efc9cb13b2def86,0.9047143600205685
d06fda4e5bcfc129,0.9856848776884997
72cb2bb85767bcac,0.9206427549443399
50f1226e03b9f878,0.30831727142986254
24eed0e6d7789047,0.6805832244635185
d026da38fc55bfdd,0.28451773782352807
47c591c2bae2052d,0.45323287792469114
92966f857e0e8aaf,0.3033511020871136
56b22e07fb9e4c9f,0.960579850135184
95e7a0024d29a8e8,0.749948931806467
77413f2ce0fc0b0d,0.44197539220393794
169ad5f354082bda,0.4440857417958192
cb6a3ddb00bb4caf,0.9247778445178217
c1351ef23bdee19f,0.32485219707454355
23e0eeea647bf809,0.4319771798420886
52cb9f8084c2979d,0.7212069240421277
7f071403034451bd,0.9067294368085065
64c6b8a675d8d210,0.5647065641193474
25bcfd9c6c4bc119,0.5181180322236056
68234d071437f6c1,0.13785535044933966
cdba54b09ad0a5e0,0.31893834105532604
8b2a453d25a9793d,0.8350044597997153
379b3cf15b5cd618,0.12535142898286958
04f8b3d8fbcd3c09,0.2705070162147133
8db2aa7a87a0b0b0,0.6329224237812195
09904cf5297e4c52,0.4989424726084801
e5d6021439d46003,0.6425339963974988
87a2e4212129d19c,0.9129801680592401
e218c57596992271,0.5082348671282677
18b98da5b42722da,0.42654125134658794
449920a89db3ac7d,0.811475817434895
9ce041cdc0639315,0.5856833572606516
722f357fdbd5c880,0.5662602322824547
d468cd43dc6a08bd,0.9768696784571012
9700c7a3ef819ef3,0.8814794716599015
b7f1d881f8c72980,0.1605838213361079
b23236c476c94144,0.9225627918242266
18dd1046074e1b37,0.43309311859131155
55f227029ee88bf8,0.278518012599799
5e3b8e365345db58,0.24002487985767848
d97a5d6269148ed6,0.5380372296695418
ec6dfb974b3c0b88,0.8691950273081268
7ff4153e9bc66bd5,0.7496954517900324
70ade30377aa52d0,0.5823750645555043
e81c74c9a5e64310,0.9099660429054995
27609b892f19ce38,0.2432911709962207
665fe4d9e267c32d,0.8947043061767208
e4efa861a25c36f2,0.8058459315826335
707cf306deb0ca20,0.32501400520393253
53a0fc682407a107,0.760653160795347
4bd91ec011ba7743,0.05188382620007636
3b7c880189ffdf65,0.6411416903038849
c5f1834657b1d9a8,0.7059041298800288
60a043d7036ea402,0.3580301834072597
d69dc65f9a8e3647,0.5275650291525061
c3978282c1335961,0.7498572786079218
248bcc5d97740cb9,0.4037538044123297
ba074101d0551828,0.5624906339483339
f22fd6cc76b9eb99,0.049437028165438233
cad3b5acbccd1a75,0.0699774697442506
4e3d749c5d0d8b99,0.6710951940750606
1024028ec93908ac,0.9950855659711939
db5f96700f81e32e,0.7287470815058404
d00456f5c537affe,0.2013549593500428
ae6c9a4ac1923d77,0.19946668808467152
5c4ef0457f9b795e,0.406024421265281
a36087b510ed1bbe,0.9162700084744622
9700dc3668cb0d40,0.0025390979910056284
e404394c28efb780,0.45779838415589896
0720a1b755cf55ed,0.6116781001544681
035439e10d353f33,0.31320211258384234
53421be12c0c7d0a,0.7123704354791301
c76422f9c7f1c224,0.09783334224786694
ca75e192477ae30e,0.36225286905335163
480e9e2f5f6eac7f,0.5940471990404482
b1b0c9414a07e81e,0.08533073847039971
e09f31da0edae6b7,0.24662071018230503
9386dbd09f1eea31,0.4290158608097167
4027ad13f744ab47,0.7906682859667193
dd57f9a9617410f2,0.8732035123783518
53816ae08db4500d,0.4182265672974767
d39479f04b318c0d,0.7791294284902314
5223cd189c2850d3,0.361073797958824
8c0a9ec776187a0a,0.11495906208542615
387c460bf9c82eed,0.6673452395913805
1fd31e1faa118ee6,0.18094382134255035
49fba05cb591b00c,0.10529565696279589
bd80ada68eebd0b9,0.3563045563892741
0e3f686f072a8a0c,0.25647099277855073
84925d826d461c4d,0.663389721269045
a7badd0bb8ead7cc,0.5175862901394062
e2c838fd32fbb729,0.2855630778654115
3a6cf220f53b4cb4,0.5476819176531608
9dacb79ad9fcf34d,0.5079666789945375
92aa4c1f7f258a86,0.7348527448472943
c85e22a117db207d,0.18614194324523467
c5acfefdb9e64f54,0.31347130161590125
26015640e05a3378,0.3467269633860093
834b3501453f5c5c,0.547701034250159
42af151534cbcca4,0.36107285256397653
6342222ab4bd07c5,0.913166098734535
cec95d0eb86b553d,0.5397335740599977
b4129a57f4c5c1ca,0.4534422339286024
8b51d76d9c838743,0.37567066038890623
36d6124fdfb6b5fe,0.37984306904756165
2212f9196bf749b0,0.973540911797061
fe9345df75362fb9,0.59423609302186
75774ccf0b19e8bd,0.18267151642295065
026c096720d1702d,0.7518768553054177
6aca91fcef83cdf6,0.43707941777124
8fc4c42ef85eb9e6,0.9798109259065647
1b64496c26985a3d,0.19045837674593988
591d0017ec185df0,0.5834563965009515
028968c773b11f62,0.6125896935099748
3a09eb47d1ba4acc,0.004923747709219847
000019235d24a363,0.622463560354999
ac5122e50d1ce8c3,0.4897589441506439
7d4feba02220abf7,0.02346199477825497
e59a3b16b4a6d416,0.8423792003721973
84a820be4f12f7cf,0.20026622201449368
2f535756a73607c7,0.96827504267291
fe5a15197d453416,0.0362749594036242
dfe7a446a8aeb1c9,0.005581740520105265
0ba28eeeb91393c6,0.388746275044888
6cbf1767b759c6cd,0.4997754655471748
a6e42b03d097a184,0.7862630926255415
da6efa9d56a293d8,0.6360017053938397
20eb958ac40ae3ec,0.14040214024979727
861472b884b8b80b,0.8743703105357802
83313fb5d3e30121,0.24183493062063396
75c00015b88462e9,0.9543693186240645
abad9a6070f32056,0.5448471999407816
dbb0ac574180786c,0.85100400147286
1ff23956ddb48080,0.948208787843506
1030748990c873e0,0.549571300761618
3b392b51ebbe98a8,0.8817934564798251
9bd3ce96b5220545,0.31474495777372047
e80afbedc991fe85,0.9513505371091804
b892e30bd65f1cf7,0.2124023128764253
45be6aeb64cd6e75,0.2893780889555222
10b2dab220d2112a,0.7917882839050473
397e2c46ae990a0c,0.4700245904041917
19d3b02c14e869e0,0.2996905431956669
cd4dc389be000277,0.8199692348118264
fddeaaa21cf9f333,0.4285476659174953
c73cf810b1eec5b7,0.15674624803721335
2d89c6930c494b36,0.6069496400723708
731c1ccc4e036603,0.13408985153177855
a9448f44773fe67d,0.644721189593122
89d7d09573e87744,0.9180815716916572
09a1c2b53c31bc10,0.7287882231282828
6c6319f9764e8514,0.934969688793843
f56bb1ad09aacd4d,0.7395573996636616
a49d99323a265849,0.14377516858606665
3ee9be6434e0e715,0.6097938504441012
875debef7413e1cb,0.4379090580054992
a2d775ceeadd24c4,0.8831802088641362
18c8aaea7c834671,0.9621288280426302
df0c46251bada9cd,0.7039873031281284
aab9add2fbc56aa9,0.3049710998537892
a6fc3e9da5c8e555,0.14621875440536017
f637661db81b90bf,0.9622415151286376
33f67c649066e956,0.24596490662676485
86c73cb2d30683cb,0.6727346811141932
b5c00f8557fcf692,0.3634247402537074
a2c9a8f18d345227,0.7631126872316152
5ec5cdcb7ea71186,0.5094013897053981
0f3e463f9177f7f5,0.7528887780707031
4e7f08dff5d4d708,0.6198127391416571
3bf84009bb5fc3d5,0.8993087999232217
51395fde52e82c96,0.7341472157994564
11111626d4279259,0.4057019195856541
ae179d72addf4dc6,0.2161976914753004
e88ef89c0abd640c,0.19014387932259633
c514af589b1c5c49,0.14835055809800754
ff07eef5fb056c81,0.850742070995081
96fcc4e5d6f59237,0.9811244816760865
28c21a0768568fe3,0.838357253521277
73627db8491905c4,0.37775481358194496
99467bd1e0347c4f,0.024651965299702157
f68ba1afefa7c356,0.9374791282054183
f2dc825ecdbac412,0.1516918972073931
4aba146c1a03941e,0.21564111429607385
80d5d6de30bce75a,0.5272017693179928
07139bc3c4fbcf8e,0.8942766655697023
e20fe10aec859d4a,0.963089826720452
7ede37b476b9198b,0.5179644765104084
13f259dd7b600fe1,0.348652974271854
351f432cde665f41,0.21632427601875917
a0721905432fac03,0.9692190842870722
c64298a4451fa34e,0.5444025996905753
4498869b991b879d,0.7266678686795985
17636075cadd05b7,0.5857137713128995
f1a1bbb6f878a877,0.45035700792526734
0eb6903ad4fa3f90,0.5207389084349006
3188bea8d6f5b35b,0.7119281092343729
c4c409536eb6c51a,0.16092547702870166
d280dab3667294dd,0.6593149294963846
52c6f5f136513403,0.38445274184566075
5090d67fa1877997,0.3069714799869219
16b61b14def64393,0.6168678267641357
baafe2fb18314839,0.15692839471706832
4dd870bba94a4e61,0.46178644768070004
09dc62cfe943169d,0.054420909290934245
c479d440fcf7aa16,0.7514940610659061
8afc03aa50ceaa11,0.8129358637072702
edde45a77638faf8,0.036967071818050354
6d7692d9c32c3019,0.48797966838406187
5732b6767099399b,0.3310589947716392
17d91b5e97f3116f,0.2534456481897793
0d8f39533be9f182,0.8092454392328763
fde5949373183adb,0.911588715544896
958e0e17661293ac,0.9778092680036532
c5216e7c4a482059,0.10789499076460496
903c649790deba31,0.06718777849257415
4a0069fc3386e06c,0.6462866763716543
a8ed067c70e68299,0.8574353159391482
2739c45027efcd82,0.4780835386415737
9cebb6633780881d,0.9471262995307929
61795ee62a8075d9,0.24037062515080662
58f2b934b0d49345,0.7226718260489442
dae79d85843b121b,0.015469022181826988
2a1568df2de08c44,0.6498123615021559
ee4fd2a6e3a78dff,0.5508104931744564
b757cce25b9c26a4,0.20122898806660702
66ff45cad74a6679,0.4652121172903494
b0017bdcd541c6d4,0.2250738163097443
a3f277c9b5c91e67,0.3349562623495903
a5cf1cd034f1cbe7,0.8588650508936657
68c1e518bbf4e77b,0.10603020475202599
39bc60ddd2106538,0.6039818405126414
6efa72d0df99c34d,0.8045919121562954
ba7209f117ae9238,0.868957724718661
7c5bee138819f339,0.611145620831988
0a18482d62e5cb36,0.5971987294222056
8e35efabb244500d,0.22355254000318417
43a9275d59ca040c,0.7505593767331818
481df5704a84657c,0.038941496453647854
4d8d82c65a5b6227,0.5369287954799623
f93eec03effd7d38,0.9695173129311452
3ffdcb2a25a0754d,0.6646443613261751
95109279ae9a6a9e,0.7562779195509641
d6ee9c0efd68efce,0.4093108750219139
74c4894e7bd0708d,0.5756557799705994
d33fec8f45769c79,0.5092118782617338
8fa4532d6a6caae1,0.18971591302384683
3dff5467e3be88a2,0.6871277641799707
fc6d9a8363c4609c,0.15223170294742408
c9cec12908a9bfc4,0.33528345234820245
a971fe519809a939,0.4470045003720486
5ef5d379d20d65e1,0.5269973417660478
e3fb799669853199,0.7098960020247952
6f8c415e8466353c,0.41896386436103433
6a84824f0fe20d4b,0.2937871105566334
8cfc43e4b7c26f14,0.2704944065941061
de7c6a12dea21dcb,0.7898587753748084
d478e64abc5e2623,0.6645929571189917
437101bfe8957347,0.4874673571957099
6e285e3b9740ddd7,0.6608770054322566
c3ad227a535c2fe2,0.9683064829370517
8f43b3a85065f086,0.7538857325425181
90aa3a900822f96a,0.6377692867815685
c9000a6868faa0ce,0.8530577090661362
32a000ae2024ab05,0.1351605769790594
c4605d1a5e5e5f5a,0.7705895343163452
892acb659d8cf3f0,0.3539622814719399
c69855f3bb4ca032,0.06798026530902536
edf73aedf6b35217,0.3160690153104859
8877ec8e52d1ecc5,0.11187488619543255
fa3630178cfa8ffa,0.10870579242912798
9f5f7129d1af2116,0.5581502520857928
5e7e17e9ef20547d,0.7790200583464785
a0bb691eee0adcbc,0.05245155383412974
47aa950ec1d03709,0.3695330100406424
89b3fd466c092666,0.055471727182837764
f58ae0404d156690,0.23534942478764845
766c4ba6be3c0785,0.6339755252360515
eb2e4b71d64f3173,0.8838905648993244
4912ee4332177555,0.7760320862477079
2bef19c70fa1eb95,0.26089773625016144
c6686c6fb6297feb,0.9349152178022898
67508ac580fa166b,0.6919692714379696
ff311f69cd822985,0.3103087074539964
bfff1dc879c76509,0.5269519640047834
3d1fb3f5ce631cd6,0.8650534962985961
cc268338bd6cf9ca,0.7052481790776155
d5798960a3e8183a,0.4414827896685749
11d573b74ae9ba82,0.8123563846919709
8c8705f908dede75,0.884773842685893
ed2bfbed36ac2b84,0.7761111225577589
89361517fc2f10d5,0.8385371010476793
1626bf6a9e33402d,0.6504133715351836
549de17e617d4cb1,0.0898892959843537
241acccc8c4c5c98,0.6905405204219818
ea3cd2074cfdd18b,0.0064981167620775495
3482477cef332442,0.623124409454561
4f0e6d903964496b,0.18365647312079197
55f5ac50a1704cc5,0.5104567888390809
2754a911af5ae6ac,0.19426565810093702
f2e293367584282c,0.9372964485645193
2efb3cb92bcc9b98,0.02165316823851011
5896699316dc3ab8,0.3880797148906065
2d0483ceb9c643bb,0.566065998737116
efc8974e6723a58f,0.3188687071057722
a6a0006f726c94b1,0.9578534596077676
6f5c59612f3c92fc,0.9922847387687675
c78209036cd357a4,0.9723210142526423
db9a3030e417457d,0.07484521823810537
99988b482a1d195f,0.7772783703126072
52e13ab6586efd97,0.8617673972344405
3e8fbcc54eca7fca,0.41202255422495376
5bd1113a10668c30,0.18296487761363522
4bef48512ade85b6,0.2782502573812655
2882464c483cd0f8,0.16303987860255365
079b1ed9350bf75b,0.4980451917716859
7063caa968c586c4,0.21241938659569312
ec19c34addb8624f,0.46694650544149185
8cbafbdb15a9de28,0.2696155051896438
a38115fdbf75c1c5,0.6740451567609266
6d8390c7927568de,0.1962274076152941
00981f14236ef71d,0.7723966618835671
12f84fa2b4c572e1,0.15265190233965784
ca5bb700586628a5,0.0962247673638671
4a7058a9b89ae975,0.16340128299390566
878bc0b3326ea889,0.09090353939960025
57f748e3454293d9,0.6231289579801066
07949795ad3e2e93,0.690461905215408
8cfaf8d91ea4f1c0,0.3411798898222512
0973b331fb200feb,0.9977631664770206
fe33cc8c6e5126c9,0.19249037566213179
95338421b02d6100,0.8222141539441628
6d14e413603d239b,0.8486633075746909
8dd0a5354bcc36ad,0.8190257182827757
73e26e96853b1101,0.194393472825054
1d9173dbd30bfa8b,0.9814051474757466
b8164626d047cbb3,0.5535735909525706
0fb7907993c4b37f,0.8148375957416726
59ee8f98bf511a26,0.6270663719881814
0c3008cd7e493e83,0.8683931225177395
ca16172c325cea2f,0.12444663849976459
2bca85f81b167432,0.8469969919395998
22fee0166c140a09,0.8716318316648186
e2724c0840a5145f,0.5136762024265068
f36672a2c0e1cfac,0.008801867549390175
1fb583d94ee99482,0.8453960414264667
02f264a344c830ab,0.6917023793676893
4da6645d6969cd52,0.1872973445762524
44dc081e8f45104c,0.5794970412393369
2c2b2f0c44e4f0d6,0.32534445533988104
36b10927a5ef8124,0.9192120544372941
c1aaa1a11b02c7a6,0.30140009861448647
052a4c4d54a4bc92,0.8458794271853068
d52322d3a4091590,0.20175146004595326
836f3b0ea82976dd,0.3956262915971825
76fb069dc8449b55,0.6068920152620497
9c73e1140fc59c02,0.282847946260502
ae6c780a01769bbd,0.37220729822895116
ef3be0cbdd14848e,0.18744733348035583
3599f0b9c0feb095,0.021161208644651344
88664205bb714f9a,0.14271979764797696
b978ad9fbc2debb9,0.6392200467291613
c82c9b618c165d10,0.42703748001216385
0b15c07bf352553a,0.8933188577849643
7891a28610913711,0.5717978888534018
ad4639fd4e49662d,0.0626969287560448
08bf7df7a564e646,0.258909323034617
7ed362e9d16716d9,0.21609826200218316
0ad5b72ef7c0ed2b,0.5616490891929512
511e654ff2a5008d,0.4905367703288877
c2cd9bde4b5e7a21,0.7276688078652812
5b3e02e26bec5e7b,0.9244613648254085
89c64c8f9efcecb3,0.6348854587170377
a8f6c6e3e62d6b71,0.21497700891008414
019cc0b8962f5cc0,0.7770166667674887
bc4e4242db6ccd37,0.009415475834860706
3fff2ee4dbde3d85,0.478419640781523
dc37fcbe553235d5,0.2970610181812646
3bd0b86bbb97a337,0.3489459399028553
4992d9bc07447302,0.19436866420176635
bfdf1c0f0ba7cdac,0.9087538763823968
a6ab2d1d53fe912a,0.06282509631306635
1891df3302c7b348,0.051512338955994726
b9959e103e10b920,0.45931629660519036
0ef3c10f8c9072d3,0.505304414091238
a10619d97fb76c2d,0.07001960107634819
0863a38392b70b67,0.3389025225673995
60b64acaf466a536,0.6623504985566196
12e3e5d6d9c41e98,0.7606423336844895
9523154e7d045c29,0.7434638905069901
c75a93ff5b4249af,0.3013525523105041
254953a015ac6eeb,0.8618452232290685
800fca2f6db1274a,0.1565813285684386
495cb7b810650027,0.1378479376965568
32f2ab9bccd62523,0.3875302787322447
710c1a24eaeead5b,0.2732245317281285
bc05e8a0b1a36967,0.691124218282645
7f9c858cee39c32f,0.5048676262959243
d943890ab2a0dabc,0.5993114586850877
e8365a58644b452e,0.67002781377287
8b6555b1e2375ec2,0.8473147973000484
2d05b7a2752c3cd7,0.40794285254700724
cae674aba0ce36bd,0.7696470409955025
ded2185f98f5d222,0.9017032494894829
5aa4335a084d6172,0.6126114123058958
ea84e8283949a22b,0.7724641991340934
e05b38abdcb5ba20,0.04981035735705617
1a8232cb16668217,0.13515020975667022
964453e5682c98dc,0.3211959299644585
6220fee3bc1e75ff,0.9284857630137902
44c74ce2f7dfda22,0.8166648382722701
0e420abbb67f6653,0.9864896876294342
381d753868abf15f,0.21405232101002022
c90e0c45f7fc22d0,0.052275970802707246
28cc75a35f51a8f5,0.7729382095607996
3ec9f6c06061e5fe,0.9109888803889684
b014ddae55b634f3,0.1422585197973004
90879b42c1e54236,0.6875120152309964
7e62b4fce61bbae5,0.609321216335171
6e384e2ddbb3399a,0.3561022632026793
6f07849a73f44a97,0.9686733409837848
f48a2f5d095509de,0.56150104155125
ba999a22ce5b3fa3,0.9841283184347832
ba9181802cbd9401,0.8390106422267599
bd73bd26225890fa,0.33350734065893367
64c38fe6742e3036,0.2589982772437155
df243043992dea1a,0.5296741596809946
0119114d3ccf9eba,0.947567910765325
f21453041c1dbfb2,0.7615295013940384
65850a53164c135e,0.2279638141969454
48527244bf10d792,0.4373402634208342
cd4848b0c5d09b82,0.43797970428708183
d29250c293d24f3b,0.7257987329730834
8e49853ead7a7782,0.27922660541857697
c4468c09563855e0,0.2736531065075337
06fbbe29034b7d22,0.01943652486416943
85f4de85a28f72e5,0.7443212309661038
61a2fd323396df30,0.279498780100155
57131a5c1fd27b0a,0.5597093925942134
97148caf47baee80,0.6944907089594485
bc00a7f9820c18b9,0.14178365126900203
0774fb3a81023543,0.47653962608509626
26fce92bc23cb74d,0.8205464301855309
c97cd71a9a738f03,0.42707842976614013
e241738a2d4f1fbd,0.8452384559948055
da7df03e550c90ab,0.3609628550513164
35c07da89ceda890,0.8508796662536434
5cf499e1908cd296,0.4808974226104623
d8e67e20d907c472,0.33492732721318313
f3135343f9e7c1fc,0.9229890024779828
35e24477ff3e4121,0.4796683749517944
ad3c1d21283a66e7,0.7256414157026662
fa88a2d04837aa67,0.6236316522266278
3d8cc5538995bbb1,0.052926369370853835
2cd57b0959ffa8b8,0.2847919727081301
abf05406b1a91bf6,0.9814823399755155
0f7b3fdc5d781296,0.904795673101817
03365bdfcc4be998,0.36916346944404227
b46302fe840c3d5c,0.5579858988901717
b1f966468fc49840,0.4098825500561361
6adafe7e6a6e6865,0.9560290015361166
e92c7a5333472aa1,0.6804083286360865
7eabeacacbf8b37c,0.539972862611331
655d9a938cd682a0,0.9840047741391571
a26607cfecac0d77,0.38679051305197293
8d29e784c2fbc4ca,0.8852365778415434
0552a72825b82f4f,0.3288434106779421
8db26f10038d6705,0.265902469727784
0eb4f40d8b4a0e29,0.36044289728224227
a1caff7700882d18,0.5648925497185585
ee70a37197156928,0.1868710899529856
6de1b2f62b6369e2,0.7871485239071767
9c2d074867b45c86,0.2770479555682511
36c975ccff63cd9a,0.6799118512736111
eac85b26c054de88,0.6830569630855982
318d374ee2d57a71,0.524946617103644
ea743176167975bc,0.4799660946926432
3ab9fd28956b4c1d,0.16142643143194937
478582ec139d868b,0.7389129489887504
fb9d44e71840eb0a,0.16701430690995347
bd4fd0a37b2b9312,0.558873600897269
5dffe03302a0fce9,0.955757779448988
d94e1f4138ee9631,0.41966712931051453
298ced22f474a1c7,0.4365125745281897
0268d1d90c8858ff,0.4755592786779131
84cf6eb7514ea305,0.2635752978734562
95d0de11255bad7e,0.1456944989307164
9df308f6f0758e94,0.824112358819847
b0fb6fef1f3a5762,0.5437626482201834
3fe46d292459737f,0.016287716569469993
6bf62b52eaee324d,0.13699142053688762
8b6a50f8f0d1474f,0.7316769488801023
89833118f346eb37,0.183853336174365
48fd781830adf147,0.9832658231560543
209845b666a00820,0.2038848850174357
f23faebe09506cb7,0.7266400687590249
5f9584bc58bae0e2,0.17849630181949377
a08d713f9ab75910,0.5266069548330898
5c4f577995e30921,0.8762045931914256
db21d37dde61a7e5,0.39997566497931875
d22dc3977ccf9208,0.46703223263524773
d0fab5e12cd60c77,0.0946203735233154
5293676c6774f75b,0.17120603471395043
d3ae1f0b7031a78a,0.1756317620274564
bf57f1265cfe2fc2,0.4391303233051961
468b54d83b570a50,0.22934239602434492
134c07b69f25f030,0.5033004856847719
2cfa14158d7d3661,0.5777937917920867
a87b1a98b2c48b05,0.25550120090510375
c0bed62168e9892d,0.5504260790994178
fc44e0d5137363f1,0.27486772292961265
1247308f81ebf41c,0.05044552609138875
083caac4b6cb4eba,0.709808818801381
a9d470ae3ce0af34,0.014698803365673585
935c423d001e7dda,0.21197725204173792
d096b8795c71a6e2,0.8961291962667473
2acc0dd1e03e59b3,0.3740049175669717
bdba30d6e4c5095a,0.38524635955119063
57b0ac86659a9329,0.5288168460855556
23d831dd1ba487be,0.09512576674936277
628b14a47b392334,0.6555397860968398
76a400c7177ea365,0.2911440086318305
86ab9bf8f20612b3,0.5336439859249503
fb26e948e7444ee8,0.6571102139108185
367ec7e6bfbfc6a1,0.8731539238579487
efb297fa666f7cca,0.807424312747069
0a0f715a63ed4738,0.4417498034144611
00b759c30fbbcbd4,0.906089537336496
4c133deea22458f5,0.9305057071606827
b354cc89789a3136,0.569950846821108
f3595bdad2050118,0.18682092591296734
2171a4f574746f33,0.5079996177633851
ce89301fff62a739,0.3338555410786609
f4786178a6026169,0.4867557714864879
e1db1fa3be2d2bde,0.5315778598751523
05b896a0d6b00e98,0.001
89658e4ea0b49c47,0.9113073602277284
db78c841ae5796ca,0.36634706002735035
6af4698b636d1c84,0.24313098496422444
be3f82b0567a0962,0.1777002732007243
1dbeb642447425a9,0.09111106889641246
eec325cdb9dc0154,0.6130237810754444
cab58c1297ee8294,0.5800091666060286
97e9bafef493dc0c,0.2939017136253159
c738edb5352110f8,0.3716774987385355
fe298587b58a6ac7,0.861980458919346
b01b2bff457f7030,0.3182723408284697
599065c0cda14c65,0.7659033544854116
feb91e47c3d327b0,0.33551584858636324
1b0d5c427077f7e9,0.5172473193441905
6c1338d0338c0bca,0.7862418180994651
aec29f6d68d9e001,0.05897243907195887
c6567adae6722bc2,0.5659062783075514
c6e04efe9811e16f,0.17888163077802474
eb86688c957ec913,0.526662278544688
a450a6576dc20dbd,0.5176946359349898
b700f2322066f731,0.8723906474178023
a4302475b7326abd,0.872231195629767
af5f8038b513a4c1,0.37435146585229107
0d73ab8c4cb1fa9d,0.8884791308862272
8ca59ee3a85773df,0.3079567414699896
e3f7ceafab0856f5,0.2364262204597614
2445f30cdcdf58f8,0.6579620841230257
23b0f57c015407cb,0.2317556905044861
2750f1a3f3525b16,0.07851678235380677
4d1502e6806c5f5f,0.41053886652156196
9cd2cc7d553443cf,0.35356298540047026
5e314b952cc18869,0.43166220729166505
e8851ddb49233587,0.854901097653923
6339c240bbb14c01,0.28125966100881455
196ca6bac51b24e0,0.7990250010669635
ff664b7817ef187d,0.07702113496599224
1f50f2cb8e01a9d2,0.5350013222487323
f655a99b43cc6c6f,0.060081785838954405
2dc6d88fd87d67db,0.6670109975245948
b61c9fd4a46a6bff,0.025541302035069543
478a862e9bd10007,0.47985741591486913
0b9c9bb9e3bd1c5c,0.19619770705791023
8ba72175f80e2cb8,0.3894322392119374
80bd1c42bca86409,0.5356388682533042
ee7025a20728385f,0.36404765173033293
a94a734822cd1066,0.4387598390081028
9e445d829547acdf,0.5303788065086729
d08fa8b4d19b0300,0.8467263687857239
8ef8adecee83165a,0.7092448957958142
476933f8311d441a,0.6570059470334054
fd9f323abdfccd58,0.37695728988212573
fde943f5062e49d2,0.7803037106167628
32e1723a53483290,0.4322667451234856
3189ae9ce5829fb1,0.8939123344414853
a691ae869c7c7c20,0.8499450840443782
aec6a61870dceefa,0.4425750923544705
301339e42c2fd935,0.5438933044973631
33bdb599f03ad3cc,0.13183252570014792
ef958079692354ec,0.9951258602920828
6b9de167c2e2a382,0.5408951772111918
81a3aaebe87a402c,0.27833224005798557
78734bb73a549d35,0.5891267717097719
801a31247ebc0426,0.4338861655241396
703c72ed057e80ad,0.752432429285806
d512ce41ff14126d,0.17536939697110507
b14adfc6f2de5274,0.5947933147685986
3ffc252e11d8a5c7,0.25117771016970386
dd94c4e414636803,0.38532697552533746
089a1dca65e44b84,0.49160544511950643
95e32e732db3ccdb,0.33604373383521396
aca38e8f736ef297,0.025043102758266437
78b2b40abd748fc2,0.55908699354125
2595c73b081498d2,0.05932473164809724
4821901eb98463cf,0.6721301433118336
81f36fdaf2813666,0.21486725298192424
1e80444ce87788eb,0.6756603648730808
47c976d0b2db324a,0.017181078457825676
76e7956f7212a4d7,0.2107358157307939
2f42d37419bdab8f,0.9627140920328121
460717034c7c127a,0.7545157645368866
f46b154a36f88b49,0.6346227070661222
af4a2f1334861acc,0.9728066396023667
cf562fd6a1ec6763,0.5582106053741414
a58fda4597ded16e,0.382426520135678
7c5b545797c724f6,0.827251754992868
cd2d2cade053f8e7,0.7087598550383902
0d42478d5f847ddc,0.11279771186336589
fcdbc1ca107a390e,0.8169767530573927
4a6cd78198d5a5ce,0.7690628331482077
13c39c2f8d3cd810,0.05468229094921589
c79d8a5d80e7f04c,0.07221194474001442
51a701717aef4136,0.9322266907783938
4e8d630667c21f23,0.4027467183763238
9b8e9dc382061f91,0.2652513352243261
fddd94710360c28b,0.3884264583466309
2c33fa5f3f2d5e24,0.15827190891424453
3ca87064dc34dde6,0.6889355416473546
c9d8edd3fb7bf971,0.4636364155121713
d582a1a34b5b977c,0.9560540062334357
2fd593bbcde3caa3,0.9012969349330728
d2f2308d5fd09adb,0.18533147636305003
dc6fdbb3f28f8f2f,0.6911698049569324
ba8e32a15085aa3a,0.720442956509864
3ecab659633b8be1,0.8752609230116003
80f14a6b7deb5266,0.49215887578627815
6809016a071b3b5e,0.7642380705727163
d26156516af475ee,0.38236871357794555
7946e76f5438edcc,0.6897350596603281
b11ee2ead8527494,0.7585028774663705
03e49d963acfe851,0.2761997283304851
4a3e2db752cc071f,0.9173009131088674
6e5157888073a37b,0.7258365463967862
1f7bd653103f1863,0.6378291146570334
5cc0f066c9d8a28c,0.7437821884800833
61240fe8a4dc9a2d,0.38361429713073847
ab6cae9885409088,0.9167785630371363
c4e40432b0ffcfda,0.8690335453439824
1f7fbe6992fe8f33,0.44073121897039746
94953e6bc4d48c7a,0.48879924364065985
e1f4fd779b279dca,0.8556858988446917
38ccb655faf1cbcc,0.24456197590635
dcc976ac3a08e676,0.07032824759423446
8a586d58683ab8fd,0.8335943224842131
9d1f98568599273a,0.11022728026599642
f5a4bf16401623fa,0.848844875261893
42c6f25951f7db7b,0.3554579166280353
673b99f498fb7880,0.4497361837602385
e4f2c6820273bf2b,0.9669029444415079
8e7d37f34a1f3efa,0.8991309586755524
ec4bdd78abd81c4d,0.613923116328487
a15343296b9f6f42,0.7263100673240944
dd76563555eb67b5,0.8844451980259653
3ce8de8291ffa6a6,0.8389703433489947
1d036919bb298ab6,0.26752080221170804
9579b233e83fe284,0.18405917230621952
be5c561435858f1c,0.9650903153862005
5cf1d9bf22b73559,0.818220431876067
d5e3e7616edfb5bc,0.17608442745415326
ad00da3aa56f4d7b,0.20229925289890205
0ccceb1154debc59,0.6929326578191304
8e2c8545bf82cc60,0.8199773644260299
d62e1e8938e1c97a,0.9387662498977657
a8dc86e602a746d3,0.9942170537499583
c4329a7f54415286,0.42076377949937793
04ec4184a6a2f40e,0.7601476414207151
a8874aa6ff7ddd20,0.4041238395924803
c9a607048a5bc5dc,0.8698517476847129
002c27108f6666f6,0.36331177381108015
e4f6a20915cb1601,0.3010453864454725
bb014c28cd6924bc,0.6263339728090542
196e2f507f594bbd,0.37571793825526445
9f1be9fcf021fb5b,0.30462584663927345
9391d5f366da4c40,0.7927961702081204
3453a5ca3d904777,0.3617512709114749
686ba22e52de9068,0.39948274295677005
3553eafc050e9c0b,0.5242201489359393
edab086e1fc56c68,0.8853536766693635
d79a009be9287b82,0.5064248093420229
b86e1b1f8503684e,0.7506950864097588
9ad70763cc07c36c,0.907366270625637
419885390abac7a1,0.05862871630489422
70bb28465e350bba,0.9047341628920595
d2fe3be15c7a040c,0.9071897623714547
df051580b1fd88ae,0.3808822337438862
799dbb3bc5de0bff,0.7831655933386115
c18575ea64f02a42,0.8889333867805209
bc265e458d29169e,0.8903389389034166
d59c94219a63b100,0.8796511095041745
0b79c6776df906c4,0.5687078041720122
1bbd089c39955fe1,0.4322406032273154
e07ee63645347087,0.5231169975320514
6795923abfe3b196,0.9242348255308958
f23bdf1e94c91124,0.3289353527830919
a1fbaeecebb55865,0.12502355454858885
bc95d3915a49249a,0.5499940993372245
c565efbb2d18144b,0.8884720089052646
321866d63b3b1b00,0.7305664844038648
50ef5d8288aabf7e,0.2826442589428558
3948549457628975,0.7772255023218717
b958074c10bc601c,0.34883411760849453
f075bd7b8efbf058,0.5636286820192151
f05a42508ffff350,0.8052494135997413
3c1c900935bc3285,0.12351770529285921
cba59c1afecb3734,0.5717269876396897
013e1691ae9f7898,0.14311113914651152
ff4fafab1f01bf0d,0.7456006471813313
16a52132c026c176,0.32012227508587693
7e6dc3264a60f3c6,0.17362811446056697
fde7be20171bb23d,0.07072742913577874
4709ae8a61f423da,0.612136602626371
f2f7edc4fdecd842,0.02118260270153528
81421fdc47bf7d1e,0.5977632977852085
e130b6363bcbe974,0.20479117808185462
8b5dc994eb4224ef,0.31354444899381917
ced09e40d6cdb2ec,0.28194046494020886
b65873d2d6509482,0.35772911500367854
d663eee7b55b1c09,0.28840513622917424
e8ac634318c1c070,0.7032814573297227
9861a481912689da,0.28414704923830064
c170f4b630a3b239,0.9925808907630251
31f66aa5ebaf2ad8,0.8525055259464467
31bc47bb1448c433,0.13962936961319133
79eacc58c9cd0f29,0.9405414392694219
32cb3b1b23ea545b,0.45457604717388617
89357b6904f7d6ab,0.45308589913907393
0d9d1cf89bcda082,0.6966073879058884
7c15e3fb5080a6af,0.2992950083730148
a8580d9f4b1f100b,0.9043706984548775
ba1c0d81b8bfcda3,0.494023461121948
d5c76d632f469288,0.9198093814503797
4faeee72bb8b4acc,0.33050569791644396
10875f7f7d53acdc,0.26437217841565414
3fb5a4da63283ba6,0.8000903483700741
6551e600570cb09a,0.814384879844197
6b4949612595764e,0.44058846237410887
d45b6491898d0fdc,0.3290774486867515
0c40fcc6d696a66c,0.3858974491564856
74607a92b5ef932a,0.32288859485552246
e7bf586ef35ff70a,0.27448677497717033
65e0da070f27aa66,0.14103038597720763
38a09fd79a425aac,0.48631158727625134
aed136202b0b58d4,0.4090490275777636
5f5b7b68b01d1299,0.9919369512368287
cc5db835afffd307,0.34465467529286525
d8842b37f5416b48,0.5244694666475025
d8aee4335af252d3,0.26772154924549124
00494862dd9b9e04,0.501380520467028
95d5441c82b1c46c,0.9796762770030751
c6e492bd428631d5,0.4697109765130271
598200ada2678880,0.8921553524042445
8094f4dc74add0aa,0.23173258687005874
6831a0024a1dd23a,0.06679950626854674
d56926e610462f66,0.35029970113646036
bbe39148bfc2e434,0.676614597239749
1a07a83f589de802,0.5986857683028174
8210d5a233d3d65f,0.051337129181578824
ef4e598f566c9558,0.4442634588925951
c02b919584ea5cd9,0.21261090955528342
68bc1f08eb5258a7,0.9110890598258076
d57a9ae04f68912b,0.5885795162301567
fa41a48959374ae3,0.23394995574158695
5e725dcb74b4e75e,0.22066383520082178
121dbf76a9cf73a8,0.8654615927819708
a2383e552a5f2313,0.1828418223521582
378738808b201e0f,0.2883734594241813
9642ee1e267eee82,0.5604172917104157
e55cdf82fcc57177,0.4491872940763651
2103c3d1e5063e3d,0.19177407104289013
02004dc8e2729e0a,0.33835333703110404
95ae4af4bade5009,0.3822432863967005
8a4e103c92d62a5e,0.8509500098364193
c4414b2ee31b7e94,0.4305672655463166
0866387e16259486,0.7746671563756103
f0b7e616767a0197,0.48803632410657155
a86d2f80a3468f5f,0.4908264951980682
691f9a97e9645bce,0.07635310734160328
2f2e7662f26d0933,0.26587539691419965
72cbdcef4a6b4f07,0.7742491442784184
3ca15eac9b7ce8d7,0.8464363702503083
d9f713c872a26c76,0.5838317283173777
38c5cae3c23f24a9,0.2853961298756026
80e12c9a6e625e7a,0.8685517944397891
78211c4fb5585628,0.9056400810907985
59e71eb2f5c7c432,0.8128260709831654
b7abc4b3e6ff0e3c,0.08104813427613548
42eaa77ee15f2ca3,0.11985141631284416
bb8ed5a0931148f7,0.1833526710222243
2ca7468532706e2e,0.3201794672780561
98791c70677eb76c,0.7063544627576872
e7ec6ff3f296ed38,0.4812661203314691
7845f67130f900d3,0.6867030348938343
fcec4d0ce44eda40,0.600289730820881
0ac91fd23085433d,0.7458167014016903
ff61891d90f930cb,0.3468498766516761
41fb4a2210a6066c,0.7605220931486713
4c7ebaf834966e32,0.09838360445941018
81aef88d712fdd5b,0.7283489079134812
36b0ae34db90ecd7,0.9177855295800789
72fff2ad28f42426,0.6121617091531294
717207649c078f67,0.15164766241754796
925d6e357d7ec158,0.7191190047708427
effe2d48627efbe4,0.5824154342744842
0577c43390d4bf43,0.9974308883727426
546cd9bb6f2ba820,0.41420323946386506
8a47c92c6443e7e9,0.8394099403442177
bc9467bdc8642922,0.43661206148099274
af91160b63f1bc90,0.8802206152374011
464ea9bea5384944,0.5792553446182459
b838b4792a3c540a,0.5966446499780678
11fd6e717c95ce29,0.7307283113603015
b1e2e5a1c0f42f8f,0.5335152878447443
222e74272be1ccd2,0.3707682271634432
21a85a0b474e45d8,0.5176349646812887
5c5c76ce21ac9a03,0.13985366878962796
98c3f3c5243d4fc6,0.21332758452869038
745be7354fe05a2c,0.08040603238142449
ebf17df229daa6aa,0.529180111433271
14929f1035ed296c,0.8887270088614941
af1bc354186d653b,0.06546034731247458
88e44f6549d78a5c,0.402665808436121
1a5119861af7675c,0.32037656904314116
4675a1f396e095ac,0.812256443904208
306fd63061172f24,0.012401512095053083
68fb9067ffff02de,0.8580197300602523
93665736b22ae558,0.410548532214332
2f3252e131fb28c1,0.6588664635412099
a90bb7ef537f3ccc,0.586276646563309
f8c47e6a1ab0bf1f,0.5332199986528964
7f335ac0ff549013,0.11525543905812885
e9c7c37b6584e68a,0.21605879104289097
e2f8c99b54c930c0,0.0428933043985765
4f0ffae34b450b85,0.6621407965539285
94e27d2dbdf9010f,0.9004543710060787
db05b31fda1c2b1b,0.5657865832064731
af64ad7d713d5a93,0.5129640266812145
4d1462da71b0efa9,0.2603251668332405
04fbab7984c52c30,0.8427979255094162
c01a62e78e6d8a2c,0.7501352648448348
74f8579fc40b2d7b,0.25703333590004696
0eb2d3b71cf2b61a,0.7313745742550066
57788504ce4c82b2,0.63173224113552
9e7dfd444a9f30e7,0.5942682627633283
0cd8b38e5a4b74cf,0.35710388822177896
e8c1c982ff8a6704,0.3941744622733213
36bfe943ee63fe65,0.4768568951289256
998d9f62a717ccd1,0.10547844161853508
8069d4397377adbc,0.35191157104822446
ba8f312910226da5,0.8509405559133064
37faa0207a18eb20,0.818127346362311
c16962d752780184,0.9311300153003974
f1d62e28f903e96c,0.5323946824538078
8cab416d1f2bc624,0.8556588236478665
b791af74c95ffa06,0.9201405562797758
05b113e465a98080,0.4141494481258246
b17d9630e851487a,0.5028786141663134
92981268f9d56f38,0.7546294557551948
76775e095989aebc,0.045565923137049234
a07f4266c4b1cb5a,0.17605378414494385
7b5b1f94772d1b60,0.24978862303944818
4f8ef604a40bca4d,0.3193679891004312
673f3a4c0bd90267,0.16800317219800712
58139d3ae9373ae0,0.830527535305625
c24d1452d22e8db4,0.6020264358864577
441d9763fdc1b0df,0.9002993685492606
d2987a3199c1109d,0.8686801806687636
cab99a91ac2562ca,0.7176078123899761
df1222f0cc1e08bf,0.5238277225628054
bdb610f14d1f9c0a,0.14864126066027436
d63652d83092f4cc,0.15566278422036978
dc121e137a206780,0.5034072449776555
e5fde6a720ffea60,0.2763097988746397
52f7118d77a951d2,0.315893700431695
1b60cd7738483c77,0.7503495940541808
c7ef81c5ec66b855,0.9871400813240429
42a4005911b6abb2,0.9262226741766264
926e4ef2979d43ba,0.06418031078933467
936393261928dd44,0.6075607590389361
90b3943086a67cf1,0.36279281129288987
80b6c2497708cc79,0.5429842728797778
dc880492a16f61a0,0.330861260761514
363fa6d193ea1791,0.18787104598499196
11443cec444ffbdd,0.9747485791036752
174e280d8c42163e,0.7673903744089031
d7fddec00bcd1345,0.6621037634301157
2f2a0292483de945,0.9870560241549469
2638757dc8ccf105,0.011044335959359369
af967b1ba12837c7,0.49348858764483455
6cf0ebd8925305ad,0.9503598534047323
0307e7dd94f223c0,0.09452996179467359
d86f818a421d896a,0.7945300497452805
95c76aa135d94e8b,0.19219848652452584
dfb2dc72331615e7,0.8595511276870048
b488c877787792d6,0.3828614883659182
5864514fce7556aa,0.6680047439081293
7db51b9dfaa6c3be,0.1877932917924917
475afd5ca8082909,0.7137273169296241
aef3fd34396adfe2,0.1380503762232571
e93ef7b1eb85a270,0.4290892074082966
e643f5e629c7ab40,0.042808466468087544
e9234451a7ebfa5b,0.7383067105769228
e8b95693607a1af6,0.9138846207997257
362e59ee5f24ba56,0.6779688005395044
760d3c489cbc2365,0.22612128075388016
cdc43a10fec587b7,0.8282517280266777
436bfce1b2e96ebc,0.7207557341839526
8364b88b9aee50f6,0.5874686510681312
49b33a422ea5bc22,0.8892624640564072
7c87edf2fa4449ce,0.07101609023307696
ae4d87302f77418e,0.45112122989682857
80504f5553a663cd,0.15537023525189164
285102ab56c81c9a,0.4741589147379359
ce75929520b6600d,0.8466031925187897
90e157fa590bed49,0.9041223385926398
72308a9b8ed351ac,0.9043586795025492
67da97f4bf5a43aa,0.1634260415991048
7a2c3503f50e758b,0.8081744453021831
7c277b093ca6e70a,0.14900174937265095
e17cdb698e7793a0,0.5749475179871941
304f33ed70c9905c,0.6761097214195642
f671940234873df5,0.8299481823404139
4c60ff51f1a98ddb,0.3983750693859329
357333ab581b26a4,0.5156050292244343
c12b50c410a56d62,0.12938522261083069
280ee73ea3f9a150,0.5425044035462888
9794f61f2b35c374,0.1866083553122138
99bef954535737b8,0.8232848866733369
164deb1fbf6d3d15,0.7293961549672429
17f64dfc919c257d,0.33976049460778157
177f1a78be284fe4,0.5694807705761461
6575a6e55c3aa52b,0.6053755342931256
e1ceb3cf89c78b04,0.41068192826579897
2787d14ba4491e60,0.4713461210900344
47283a11f402ab9e,0.4874079010579682
3e13ab75e759c66d,0.689593821783063
565632830f202280,0.6807509567946829
c60dd36532e24523,0.7651308722495215
1bbb760f70ac35fd,0.20712133788031858
5952ee73f64f8e8d,0.6304781722988062
0d2e12deb5dc05bb,0.343229435850979
93cf50cff9e70197,0.6288909825952896
71a0f1d3a79f9279,0.35235485281303436
ff1b97bfbc1de495,0.740305724878555
152d66dccd700ae2,0.8491128228021281
af9475d72cb09bff,0.38416583746657595
50c6ae4f3f0c520f,0.7086030005538075
53277c274f93827c,0.8004395421482545
65c28bc2a138b604,0.7658875275651363
ab3f36de97ff5288,0.03073602285790411
6e673b3e05a86556,0.1853362856360848
29ade739f5ac47ef,0.6534154078905744
d6c96030b8564b06,0.6478976523885935
5ffe88ee98e246bd,0.1406725967122198
b75847a46dbc7758,0.4051090901519406
fd4f072e7db648e2,0.8970044388633035
3b600a791eee47c3,0.5146547415427835
3205c60644f3310a,0.275072322357358
37edd7d198365da8,0.9893557921285383
4aed77bb42b6c35b,0.09044347407334198
70b9c5d2c47a6231,0.8679096155972176
5aee71b30cf4e773,0.06730131346363841
3b6034955fe901a7,0.04353154216086605
53f7e37ad065a1ff,0.7239480835870331
8249af221f0dfc62,0.40064563720581514
4a798f098b3ac80e,0.767548396326535
7859a3365dc11f7e,0.6853363015086842
0d6ab61f58e22d8b,0.3684443387621423
d90f47b845ad8044,0.6629013700747828
908f76b67c5d77d6,0.3131854486058344
2e13d0c9efbac24d,0.4608389545941857
fbd3509fdc1e2fe3,0.24834468421710365
d0c07aa05dbee8c0,0.5066787835310157
e2066400c0c997d5,0.7960846360252102
9d002016fad484c4,0.9755855161448954
18105a09ff042e04,0.4060361729099633
97dbf62f03867f4e,0.7360000930360937
008e7b56ab9053c6,0.9345051387151693
e382e61b69858e84,0.0032968371506419225
a02b2c12a9b232a6,0.34731389686771635
5d4eefc602f1a815,0.7458855216698465
8c8faef5bff7b3c9,0.12171209392723804
8ea4fb1f9e66fa76,0.15913482062502737
22a32bb8f8bde6fe,0.678558307422007
6a655866f90d61e3,0.5331517798495075
b15548596622ebdc,0.12968584740670044
e6426b5a54e4a972,0.7483825107611488
2bb1ea15970a2de4,0.11860251547910508
5b2c1fc3ca8dca34,0.20505094383381833
b26bc3d1078e5a5f,0.34623912715385313
9db2f38d40ccfed4,0.2334034618056021
8481c054b0537a7b,0.7535354414643552
c4016925a614e39a,0.6220409084943702
a6145b00b87ffbfc,0.9742703848974115
856c1f1b7a16dccc,0.08154894966868549
5db9aa657576b123,0.04968694867131691
e6c91e69fe022b81,0.9885806144889391
18323213899682a7,0.06525910558558226
84aeda77a9eaf7a8,0.712731221271729
60aa7eb39a1066d5,0.7884761527860095
011908fe41b2ead8,0.885325151166148
95a236faf4cbd0c8,0.5412002117101183
c58d93928c4b43a9,0.05004114674035164
e3d5116d0ddea646,0.7789400899590447
3d33771711b587e9,0.760675829558413
ca902179e21ff302,0.6617561918170181
4b2142ee3d149d15,0.36883615736564773
d78803f699e1394d,0.5908054307839111
ef2d9881a6438977,0.032448031857336794
3b5fc032ae2a290c,0.4465060908895236
9d5473cf79999f4a,0.6235521590845257
9aefa72a94558b66,0.6893270438586705
78cc36a16e5afd3f,0.3826341222096765
0628d45dc33a5639,0.7789532003884029
bc63ee6da23c5dc0,0.8973666040507716
5a69761001b7342a,0.5293195628186768
f5384c1b33a306d5,0.23961266373724088
9f4fb39fb6e8b6a8,0.5396465681155409
f7787ed37e4b9d05,0.6529410363865535
eecdd457b6c7edb2,0.8829816541667984
f36c01f2f7fefef6,0.7717359357679052
abe3d414c510a7dd,0.49129641080086134
d1f7dc9b905e0fb1,0.17960972595322733
a97c23cf1c8d474e,0.33082556773696314
fa77ebf418dd2361,0.17356547339258274
4fa91df3f09b649a,0.7207014983912272
4c40bd5075d26ea1,0.8837476021811468
559cb0c10ea413cf,0.6137661360609554
b07714f5d0a305a3,0.6727322166583769
ac26d06332fffb35,0.22208175493365326
f3a18a7976f15c5b,0.15034320727406975
bd610a8daf3173f8,0.007632411553106618
b4db2ea448a373cd,0.19330142478951004
a9e601aca0377220,0.7730658390374676
7580e5af192dbd01,0.95782908405952
3b50e09f1d1584b8,0.5783155494394058
e752099897ef3c84,0.23317559226138282
9e556374eb31bdcc,0.5019805209504697
09bf3001382d4d51,0.16011979247074734
ac4f9d21db6d0551,0.4460899177132391
bab162c780dd5d3c,0.36257318007165495
1ac05275c95e2b9b,0.2248561392341363
ba53d76ac3815303,0.8585968352589716
731194026ddc8a00,0.8897759215341677
565ccf55ce0f19b3,0.172739292998981
c610846e274513ff,0.47192554054998415
4f2f55e6f8f022f8,0.3660677743731966
171594c12d4f22c7,0.01181360858634896
fd9a29be83f07915,0.23504952360207956
0e69e13d2585552f,0.9428077277970854
8458a25c7d299656,0.24698662448341624
36510a7e2e8cf5e6,0.5724314358257219
4c689c2ab0b1e458,0.93434667670473
bbbb01b896a60659,0.35892075754989095
95a6091ed902a1c0,0.4195235526762646
226f1fdbdf45c3f3,0.19739912037352386
b3776535f92034c1,0.27572117595532003
e136a41bbd9d2ebb,0.8387635127185654
2acab7498f95984e,0.5661756253914133
5a97d6bb500166e9,0.5268488943164867
53ad75887ce27a2f,0.4027297335136568
4bbccacfaab6a76f,0.5267441402979788
8d5dbeff654a20b3,0.04249646264547026
885918cc4b58a92d,0.45215114987349897
c33b954ec9e9d53a,0.09707249423464331
c73aa72e6960366b,0.4848976038084426
28c265c8e738031b,0.9420114973363906
16f59244fa16b9c5,0.813364848599043
ab1bbd20f2288ef0,0.32408182872180946
21ce9f486720b00d,0.5463950694984261
ea98936cd5a062ef,0.6038221302274067
092b99905affadc7,0.7973315854066677
f8a1935cbff0e3e2,0.5777503575722645
557ff2105e2227eb,0.04988494080175596
e28b4c1e7eede953,0.14230115724859257
afcd2875196e3514,0.6167071169406533
622d0c5c885e5d67,0.5941470237882113
5ab123deb8c8e0b9,0.8778583583519727
d70f7077ffdc3675,0.6420192268554094
ec0e23575480409a,0.6315936275841387
c42b1312f2466d13,0.447210224190266
58f7c9cedf508963,0.975096729608457
483a6a2fc6820e34,0.4063667808006144
9a410bdaf99ab250,0.8752107606057316
27d8448c7743312d,0.6532023725526623
d22510648b60b80f,0.999
cf71cc1d5beaf427,0.8875944654700055
b16d96c422e7686d,0.6679747640063602
f3bb00d62eddf347,0.1577921248111251
e7ad214e8e1b87e3,0.5304116281727488
a149a81fa46121c8,0.23230994178623954
954ac0304d013ceb,0.8024045732434294
5fb61c8caa291bb7,0.29204232007259934
b3e6b65c022e07a8,0.8002570654368683
014590f5ad393d98,0.436078309787677
fd3098a48d0565da,0.003253740936056522
597dfb91140f7a43,0.06833234561320825
29c72ad86d92588c,0.16202444109344302
46403e8726688e63,0.04077151256115351
586f9bad93615a9e,0.9867175940513407
518268ad7eaad020,0.4029834226553753
eb68006674ff7853,0.5254062695012989
829bf94f3c7511b9,0.5900937024691911
472338feab38fd63,0.008908656484897822
e2eb7c00452da3bf,0.4563892379552069
264d5eac0a3db4c1,0.6261790473115999
5dd40ed8f6931f40,0.5327797824555898
ea07294f7b9321f6,0.39278841516090673
800d5b199211d908,0.13156154178684104
c26171ff73291cde,0.7884152623165848
9b039401395029d1,0.25871521797702357
149773fc93e82e0b,0.9168987104297542
377962b226c4354c,0.3595327823032427
b33ace47f8c9cce3,0.18899155918344937
5898aee0357167ae,0.28879721752042575
5011475bc46160b0,0.14531273368057637
49403fb05b28bdc1,0.7984658895640628
d64f9b8328cadfcf,0.7568332372006864
8347b5a18bb84a35,0.3163276957649565
a72c9158377598af,0.2618737816014707
346932f67e7d808f,0.7775284020282058
e4962aaff0cf97fc,0.7483985012246744
d63549a6e599cc24,0.054445768640036474
d013eaf626e99575,0.6719641496709757
a7c0072db3d224b7,0.6991498639105517
b87493b15c6b1e21,0.46056263665713537
cd6d6ab0bf1601eb,0.36345327730344157
fc7b0d78438f45bc,0.6399880850684909
b53e88867e63ec5f,0.5011212415002727
1e1e7de7f17a14fe,0.3289567588521531
fff1df28cf047de8,0.40431611992639505
9a4279b8c94a438c,0.10418151248779525
d1a19d29c2aa4b9a,0.7180433323425335
ea65ca7ec57132e3,0.6559030472620241
35cc6e8b29ac28d6,0.9544941299420716
35cebb20cef64701,0.9182267855809736
03c27c6fa94b88b1,0.1342029233972434
654a7847a4c3d0a9,0.9350812575543567
d82da976d107c4ef,0.8975543887868885
0f7cdda5aab7cb9b,0.5166960428298046
511e61b096246922,0.210864252274402
9bd56be8ba9524b8,0.7618382482712704
08980e1d210b6aa6,0.6524191947782068
c84430f350b3a159,0.44330354407099065
152edc8f6b8762bb,0.6902466640650641
a4a8682aa22552a5,0.7800453028314279
5448387d25232e4f,0.022373682476501282
86b5af3c99c2229f,0.10318744389492344
a243c84e17ad5313,0.5741760503912764
1cd4111d9e2c14af,0.23644789410551298
d6596bfbfd4cc049,0.7601188917210052
5f6669357f9d2602,0.7870870120313708
8ce4d3415fe4440d,0.5052658324263912
b7804e0aef5425ac,0.1364563803167355
a68ac8503924dfd3,0.8741474336331396
0ee54a169cddc5a0,0.3254098049926068
91e67962d58a2196,0.514033005658427
337f92313341198c,0.4689518810996372
62fdb17735fc24f2,0.3377807412542572
32070e417cceeade,0.491951862590301
d10e86cc3232dbc9,0.965293942271541
9e379ff80b817265,0.781446629327058
cfff3503c56dab5b,0.14538554204597703
9f21d3f021ded79b,0.2489264603565668
5fe69ac7610324ba,0.5292249892140983
fda80e0f061a2a2b,0.649704648698778
e5f50a39b4e83fe7,0.6519034586582731
b7ac8ea60b369ad0,0.09911031928956814
f4aefa9fc2e0d241,0.9037769365359688
0f32bcb05a22709a,0.7354475347755809
13334ae771ee01a2,0.5081524241330873
d2596a53564c0b21,0.4224824822069872
1a90578444c1c9a4,0.2662739006505766
38767f6c13ad1bfc,0.36545165813471975
8d312d36ba150056,0.22979917844092718
c4e9fb7cce4bc726,0.4569525250528146
9ff220beebc71a5e,0.1891347808278051
24bb5e20d933da44,0.480131115805436
42f6ebdc63da37de,0.6628670247930211
39f065a3b51d8011,0.12317630648848207
adfccf4de2f8f9e4,0.2679571512244085
bb73756443a5eee4,0.43253071556539063
0d9c7ad016175e4c,0.7166596989779247
01d6dee3fee929b0,0.12101672763108616
4c94ce26b7eb0794,0.7242558494526178
184edb2637a41d50,0.5076130681447557
b14c8ed6d2ad7039,0.03479259993833032
efdd1d7495765245,0.1996418695452477
affe3b0f590fae77,0.8363772294849832
3edd7de677b91b05,0.5237505554749627
ba9e4528463c5dbd,0.4739467782249499
8be8330f2029f548,0.48164114195789187
df6e6d77a02918af,0.3132545760205172
33d9746c24d2c070,0.44736479319780215
e51c785618029ad1,0.822254314602588
d53ca1e375f1420d,0.5813475761430954
d4133e84363708fa,0.7481970471812347
094a4df459f84f9c,0.09960605084837101
c95b97cbc9622e38,0.21928684081105224
8a243d50081a0a41,0.7829114950559268
f6f2fd05daf66b4d,0.13153694986310682
3b5e52e54ed29ece,0.6954195740805846
144d292add5f41e9,0.6149537000843316
49aedb77fa2fb4fc,0.7235207064695206
81e5d80b657413b9,0.8514334828856915
fb21fa126522b6e2,0.6519329819825549
3451b921fd37a93f,0.6095661250798329
e25080fc68263c8a,0.9232020099509015
64f0448c8bc4b1eb,0.023113157920803946
ed89496194aa19dc,0.40543951631084657
fb22f7c013b24779,0.5390076707983974
1590a07714e8a656,0.11880279831433552
54ae2ffdf139cc38,0.3109378785608713
96bf13f3fa835169,0.5488433760458162
559cc1345795571a,0.24416083717291714
325ad194b9f588f7,0.6473342743037428
13ff609306472199,0.723301257209651
3c87f31b6953fbbb,0.07859978049343641
2dd14f20786549ef,0.4090560957399482
be72fb5da729ec70,0.17488131921207622
dea2b01ff6868477,0.6194993832225384
c7ffc036c6fcf66f,0.7692229024356488
67b0cdefddff90ef,0.707047441606854
eb949d7c7beb6354,0.7175136645153042
72dbbe8ab710128c,0.71485319406375
fe50a3aa77d27195,0.13350280028919018
b7dea5f446a371e0,0.11171334171873913
3b6627fce4fa7c6e,0.08356946307409574
5766e8d8c783a487,0.6855416875432038
818813e68f11c85d,0.5249167081509621
4efd1ededeb6af5b,0.39192044112772784
7339d8d336c0728a,0.43036911778596826
5932b86b513569c7,0.5539272018412564
667e3c34655efebc,0.8029996482351549
211cf2ea67620b3e,0.9080876141130395
73ddd41ae18acb03,0.28255173555916996
b7d7b9bb940bf7b0,0.8489387631356194
672de9994012beff,0.1851186170089332
1fcb989eab73caf4,0.024790156406905035
1a8eef4f4936cf0b,0.30092344962102013
181bfbae0ed5b503,0.009159795908353759
0144b06a9d5772ce,0.9384842714111317
a6d79b35c359d2ca,0.7785251657661898
adb1f5a83ffc8956,0.8688555971419468
7fe7578307634c36,0.9576075713566873
ef916f6bd9bbf8f3,0.7117002672310331
261b4b9303f16955,0.7458107700771487
bdd3d57f2dcbf24e,0.18093988605018216
87478ecab9990b69,0.4545263576288452
00903281b49f7885,0.996163645647872
faa54ef489380476,0.9068041147917852
afd67495e65ca43e,0.24408482855755076
3cfeab5f2a521bd7,0.9894206540746477
f889243e554a57b9,0.5883496501648027
1633226e5baee1a0,0.9808173668062803
09429539f12260dd,0.4230661133798646
4642f19a02b65fbc,0.08011432941386287
454379600a0d58ae,0.6203277148447337
806b67c9407deaf5,0.07506522790858905
64147a091385f1dd,0.26261502512560453
410684a9ca496c4c,0.2236675539277035
198aca03e558bad7,0.3225973714247827
19112c76b72e70ac,0.1900695120889199
33cdd595d6f64465,0.20277336614689168
b678efa350251d1a,0.9474532659393321
2773ef74c8379c3e,0.7155582949254821
21a85668c56f4a28,0.6230536333891672
ad44c67c941b730b,0.2640489121472018
afafaec6ed7cb894,0.7326433040410723
7b2afaaec11da7c6,0.46532603061037603
14f8df83cb5fb959,0.7057866529117268
2fa6287a9d075ec1,0.33896895892078
a20301029a5e8b78,0.7310150870168379
64c226150b42ee5c,0.6371087185071705
7012b66ec38b6038,0.02106545167815206
334a43b3d7746442,0.6889305100564532
3e39b50358f01b64,0.8317799586354067
dd424dd258080c0f,0.5009515377954565
b6815449a050c02f,0.30975052873070363
786b0bb1d7a4dfb8,0.21166227181058264
bfadd1b4779947e6,0.9327095180753415
23bda92c60bb92e1,0.8778693176710113
20f374eb224e1a7c,0.4073242935742529
04bc6e2ce35edb4c,0.7462201657855911
f5fe2d58beb86d40,0.4757150798795595
203f3df885ff03b3,0.10392820112922868
ac5388e6680db6ba,0.2084456500841986
20a190db150bd0a2,0.40223149168517863
03b8f432ac8e3226,0.4625065358297453
800d13aa581dc05a,0.89042211853441
32ad97494e39788e,0.7621874210423513
762f69f875d0a0a7,0.7035779237662727
7102288564065a58,0.7908133963683912
a244d35bd0a46b86,0.7216541597870609
9fd85d10d8d80cd1,0.3629417822386978
cd37f417a290a412,0.738819360673825
087a61efb373df95,0.2189191499681949
5cc1bb67fc9fa495,0.1307612179934761
38260167161be0f4,0.5548548431566717
377d6156aea5f7b3,0.9247518230681228
de73631ba462d9d8,0.042193439690380946
c6ad617675fc82bf,0.848649455812428
53c0301b075c4edb,0.22082761188637534
d5d5bb7bc7475a6d,0.3483470261076561
2785f7c003032f79,0.3873797616574136
bacabfcb41e851d5,0.9576085031252644
930620d9c45cfc16,0.6864542361655724
a2253bc60bd26111,0.40772555122471865
48be98b0da47a60d,0.049666656132351224
4192611de72c647f,0.7600214959369159
0a3e55a0415cf1db,0.029712954091134825
94a41eaf6c166f8a,0.5208123448277717
65c588ff0e6a0940,0.5871203108235398
7316f0f5207cff7d,0.9382143803817354
fb48d6120d40241e,0.08705309942114486
83e835be4b7da5bf,0.23499593297355617
be007ff41dfe8e33,0.9225639823326462
ae762981ec3e2222,0.961921993750461
9cde4da63a470364,0.13912605299110356
1e641e6a0e15cb0a,0.9648207915402073
f1e1bfceceaf5b3d,0.2270234516229035
b33a9dd2d6116451,0.6143452115977791
6a00f8682a96e6c2,0.2853370748602494
4889bb3fafff04a6,0.027921583655294607
d83965adda3948e8,0.8502060353622929
35ebd3eb17d43331,0.6912324589156315
4fddbddae3f8c321,0.23595539521086645
279f5d02ec1d4618,0.7024830394022402
18dc05e08437b19d,0.5547899224653288
fd5e41a3afe867c6,0.4532801222519367
4dfc9b4693d64425,0.602763367005086
38efe84b2371909b,0.0362541050853661
d5ab3634461fbdba,0.6227260450174154
88ee52d04ccee47b,0.7412775425612579
311d0a7d1bc40182,0.4586840546704213
ca3eabbb86d9d394,0.6519353797630439
0839345320590491,0.18356887085093385
3166da0225b35bf6,0.5580759408242182
4fdcce92f68b7529,0.9690999709635584
4c0a03f188fa9938,0.40544032701849136
efd671b84d562241,0.20342755709370952
a1be96b06611a4a7,0.5114678184033377
7c15209ba7808ba2,0.8203764886549949
b4fb7e75679d28cb,0.9741021379494954
095adfc07a65ed27,0.4577094722817243
a19e6a028348c708,0.024607602401247503
bb5e510a6639b43f,0.737832177152007
fcf27b9cd834eeab,0.2698551013779389
dd9e809656743e04,0.407443944732937
9cf20fc9b8513a03,0.7921684414083074
d929256e10f5e94b,0.5769598038421904
c7372107d1356264,0.8092569126523872
fb002ae965e2435b,0.3677723734037359
891d7ae2edccb735,0.7401789876441869
33b3795f9d4a8ef6,0.040535833981370596
bd1c976bfd04983e,0.7036143653317534
22d26961eaf80875,0.9608974000057597
3267d0aa9600286c,0.5915643761718079
f85b98ab9c2071aa,0.09090950372133391
4b4c86d64f258caa,0.7354178833575324
af271d6d690a0b0b,0.15209820965555024
8b1bdd0f68e6ab19,0.21703364096708566
aca740ec2df56ecd,0.6560147770086769
66cae06936335046,0.5565567881161848
8aa96ed1f09b6e82,0.9174057426782107
fb089d648c0fd719,0.47657711811724707
b3b39f3310bed9f2,0.5591949527370982
4c9ddb6a1c08a7ae,0.049423920516142236
8dafb6cdb58233f8,0.9708777898416145
8512f25e0995f115,0.7249412820167297
3e89b24f6780dfad,0.7303208672946765
811b5cd3d60f8f01,0.49801001412299384
8cecb78a9a20021d,0.37005764793981166
c726d19506a1a864,0.4520353182987124
bb71d5690f654fab,0.7642016923635772
01fddb547603eef0,0.4454605775727151
c6592de36f791128,0.29277236429157777
ccde7fc6a8ec59a5,0.2849630391674644
ba6d1493e3a1c1ad,0.7566858675732238
7dfaf88276d52a5e,0.682462307886443
c09d65931e21624b,0.879590041089686
f9544a6dbd4caa2f,0.06386430064411572
b374ef23d5ca3b3c,0.4138506736166247
c51f8b67a66b5aa4,0.9823789074875875
4793cb7dc1d36c4d,0.7197105267650924
c4a77a4226cf0e3f,0.49216622803760995
11b46e06959d7824,0.9189984516976688
75083fbf03436018,0.7008224061064694
44cc96b7436e60fb,0.8002013681715986
9c78ab8c7f52b1ad,0.5388360566413701
27c3ba5b3d6374ec,0.15896475820659992
09bad77cec8a0ea7,0.7307123573048877
7e5eaee69f7e8e60,0.3289423831281026
9701beed4cb2fd40,0.30223495203706074
a886ee5f5e57d356,0.015095032788710376
43322ba6466f83ae,0.41778872712662
39ac7a6c910dc826,0.47561765447095683
a7624810eab99b39,0.6373427965607427
27ce336c13dd7f0e,0.22372737515922875
35ec56371ec7bab3,0.7962767876440523
1033972a8d27b8f3,0.9612931852254305
246fdf152b78ea45,0.2021031343698502
67db089b7a0697c3,0.13972708304044507
51541de4865fee3b,0.47082948654354384
2e0ffa5c733d2a47,0.9407125151684894
c307a7a1d2e93ae9,0.8353396967240522
60775afc974d2192,0.4018166383106895
1af8370aec8adce1,0.7900776600124484
7adaed59e375f94a,0.4035998104718061
d3f971f17d9ab0d0,0.3138353480203281
f1eff57932ef0f4a,0.5764811402354069
b41ea8380984305d,0.616505157851203
dac2137cd3aface7,0.8074997269553782
48da40bf199dedce,0.2569984157991545
2c36f80cd8d50da4,0.06579398121938158
e45c5c285ae25a13,0.6411695720392404
d57fa89c692abe6a,0.7317429457938366
0d5b889f910953e2,0.23279761202322885
a2bb73ef62a1fa41,0.8059914904883436
161e450caac64b0b,0.3509686252842851
870239c07fe84d59,0.7268023751750241
1a510d36c73a9190,0.45903645234978596
6365e056680facbe,0.44189438347213045
7e5efd56e82bc148,0.17726729753151987
8ddf8d226ddfa267,0.13629328318959574
aa2927ee663efd7e,0.5520012692669242
1969a71e6c309cce,0.4805777470371576
33e3103e2045fa64,0.18447579960345295
79d3953d4c100b9d,0.9724597903299492
8a0bec565c237aae,0.45545388456610647
e7b2425696ad04e1,0.25720780216992856
1585c48da5187cc9,0.5439459023497196
b508d898d174eb05,0.798430044320724
ae96ed3d88eb7aed,0.2527313164278341
3780b01a20d9aafc,0.6420800563605157
5d2ea0bc3f49f99f,0.639761494962928
609566c49b16621d,0.21304669380584706
52a50658bfe832ee,0.624975241248038
76655f684bc2518a,0.2739269176592101
507aa51e38d00459,0.3934131618411748
e7edc5fb783b818a,0.14932894339851413
3488c9b765c1219f,0.058510824246413566
60726ee6707bab89,0.8445378572317478
724b704c54783fd3,0.03274962638419163
23405c43202f489c,0.21571353696536502
0a275c8c3adc1e3b,0.20084362657897908
ad727a83295f79c1,0.9254622445329012
9fcd517a3727524e,0.5721276118620869
c1a15f34e5189a8f,0.39051850947862476
ee586308edeeb5fd,0.6124455772016956
61323c4c907b9667,0.829604903031302
dc6ad9b2ea237556,0.9685506697217295
fc261535991f079a,0.2690593132549218
199f8696fe22e8f6,0.3271222109255868
80c803fed1e7b815,0.13487879435994155
b3645ff1881e6181,0.274419886836947
f077bcf8ba579026,0.5806765030471663
c98984325495234b,0.4722807882859488
2b1acfb2885f0207,0.2281572829278609
58aea5fe94bdc9f0,0.5191196146193169
13ce2e76f9ac9797,0.7669123435941998
585b1ae5f2fdf9d8,0.9273515321022505
c02d00f3c935fac9,0.429761075198013
961c1ecf22020dd7,0.5217489109615682
34a2c0730076cd51,0.8477975756838787
f08c72208c842a80,0.914898000596532
3d0365b300b08d12,0.6671503221581833
7698d1646b1160a7,0.2851118045733855
46fe0812a4d6a0e5,0.34197720242169843
1992a8cfd9dcd0a4,0.8827127337769657
234824681fe92370,0.280106984629973
66dae8fb83f01cda,0.2153743746096089
565a8741e734fb66,0.28771674534360103
85796d3a4623f1b4,0.17477715879696845
980c038df259aca4,0.08876918644874561
847d49fff22ffac8,0.8465605588786045
3ab579aad87803f2,0.07305119123133197
7c287939d256c04a,0.23677016899867195
9b56b63c1ce61e36,0.3549814923808735
2b2beb4ade849fe5,0.7222584896008927
ca97e3a639d0f212,0.41658990644034405
cdf0a515724936f7,0.4220850025908135
f0d9600d63271cb1,0.9105174436714831
61f6d6cd6e8ebecb,0.44896818811286315
66bb128d75c1a31d,0.5207628333484269
ff6ace3df2f93fd8,0.08364549592037719
174f6de5e6fd0ce6,0.9006766335564358
f629016e686c93c7,0.8319059100085917
8a5cd96071aee653,0.023325842938747437
47a56fcce1a48c57,0.9652199563148799
bc218a229f6dd8a3,0.34186235886451566
6700a0d8cc03fd40,0.6830748908394645
bf07422782deaa4e,0.9730672232300145
67e5b268a06fc16c,0.17098209252025218
775246a31de87040,0.46363714674816037
a8c96679585190f7,0.02927928112504905
85e8b073ae9d6cb6,0.800828467320792
8d783fa9a84a2016,0.8738003693691979
afa9ef8b36efca27,0.013017530502307426
292ad72f433b2ec4,0.21014353764850738
543a382acb950efa,0.3089213338607845
97eee667e12fac11,0.7225163362368123
f1594e042dbd4135,0.28373045938556646
c4acac79bfd54ae4,0.21255123243496837
f1bc5cee7cfbe74f,0.38771129830705275
25e346e1b0340347,0.586442194863065
53b71602a81f5c52,0.5508847222269024
6d2d4b17736e595e,0.583010321372609
f652427f39b6f10d,0.9752464845401961
1437d0c59eca00af,0.048604005637055775
d8980b5b1d68a4ee,0.7798250943095522
442b8a915014e871,0.6050867246209422
6a1e5bce20cbbd53,0.9011591953279289
ec75dfc7e578543f,0.09940779390096574
94cd35193b228a90,0.9532155177944845
15617a2281e76896,0.6840347067271273
ae22b29ad0d98702,0.30954983959799887
3e5ee530dd802ab2,0.3570357291010682
9304c1771978ab05,0.10980943296915549
635d5bab100147aa,0.6863809814107817
cf12cab6ff5fa6dc,0.6695595957031093
cc7ce49efd47f0a0,0.08249612000720816
20c507d578183dfc,0.7030482003821404
e29e2bc7c3e6ef41,0.7979152313224779
61e270d51cee0fe8,0.6989866633377135
a1cf27e43a150760,0.8425102476184915
9bdddc292578558b,0.20044177202877836
fa0f0cb920abdb0c,0.8664506313464552
95dc87b7553104b2,0.9635329462770946
c268681605733a6e,0.23958972387432342
57f8444d376ead3c,0.7754165411410412
1eb08c4e2e2d0a0a,0.6236461671989036
65f04a475e60bc71,0.6192440894012177
54b86d86b2c582db,0.26866105305394117
ac660728eb9adcbe,0.4753530323367777
9dc70760c7a65427,0.9318719064343242
707fa7577b28c00b,0.18840079312705452
dfc0ad3ac006f7dc,0.5090364911083735
d02c60d97c52824d,0.353424303537467
68735cd4123d2c31,0.8678029580992648
e7fa76e1a52159ec,0.22809990215450834
8e2a48702b61cf4b,0.10172665807005081
7b4d442d12660d2e,0.2513211495383202
1879fdf1618adb5c,0.5448886086745254
28331b7b0b1598fa,0.0321542649829829
c27a3cd35a718f85,0.35762711745313575
003398b630719a7d,0.046635052107744324
70b9137733db97b6,0.48928961201618987
f0ea5635eb777479,0.7096474021679111
e80ca1e08210095b,0.8236042793369259
033b8feb5aaae03b,0.17516565427870545
ac6a54139c7c9d37,0.9024709479460323
ebc95757b2947172,0.2966862144094512
2fcf426035785728,0.6112189873697738
78996a14f02ebbe3,0.38519960637548367
a87e26d221511c94,0.016483979538476936
c5eddf448403ab6e,0.055949752525883856
e8da0e67e35aa293,0.38106187590493784
88b632eaf9356d3a,0.40337541463414245
85571b011c6fcfaa,0.9619811828634389
9013d63ab473f952,0.8076841528218349
960cad37cffe68eb,0.25662576365889167
e247eb8f78f75a9f,0.1753811069327664
80eaa51c4c8a00ee,0.1803510165283608
35849a3326fb87fa,0.14820075484331513
d95e6b933db44247,0.23758778975033887
c8d99c2ec6082321,0.2712252828806381
c9aea5e1048b2e51,0.6956260470291713
e01947dd147cbbce,0.15879476299786796
ae79b75a13c928bf,0.23077860739739517
ce571fad3257b3f6,0.019691938809883562
a95633f51ef3a7b0,0.04446539056369499
297c6928439e696a,0.9385814060932646
a4d78fd9f9ffb303,0.4487956055762107
2dbf5dac4bc14af2,0.8705210081940872
484f57153280140c,0.6833703356260634
db3d92a2887ed53d,0.8049714901251177
0fcc2eaacbd92a61,0.026346542600347658
3b06de421485ddad,0.7095628702276978
3ab1395e200e5b42,0.6775688845344089
8b607b6592065a8e,0.34463386127691337
a58b1c259179dc09,0.8881660634151762
a84f2ec64cddb96d,0.9540957172435637
794ec7ff88727529,0.20130248739757473
7bec4fd7e9a158f2,0.3488524218139716
bb364b5bbcd978f4,0.9186072168693751
89b648a5f0f0ab12,0.4916122724827673
63de8d6c54817aa3,0.005472067098415417
f379e9f71ba0c23e,0.48929676853166826
a4d79f83a661fa2e,0.6237731007961187
211b21d15b3b91a0,0.2888282481595303
1186f6b426beed22,0.24619708633155574
8dbf55afa93fb576,0.7036397837490497
4c37d40f77654769,0.3790583030024545
282449c18b62e5e6,0.8649100774128462
12472f1c83854116,0.927109574820876
eb624c530d058714,0.44079089151637685
916aa0618dc412d3,0.6717506896589969
b9f7f01f0c234a62,0.8051316168629518
d6a72e0c5f8c9277,0.16182400007348743
888195334e946eb0,0.13209941273735282
f1aaca6b558ffaf2,0.25617171376017783
cfd7c6655e63d480,0.9062369192138563
d54c579db2ee74b5,0.17078773978868528
3d05c28ee2849928,0.9846160798699842
88653ba09b9797ff,0.19532478690238614
270649bc52035cbd,0.12843324010292906
164c0240a44d6755,0.4227397190729772
71d79d68a2b92f27,0.6835988164170802
9bb25aadd2b3bdb4,0.9714266696587808
b3c62935a53d8997,0.23173858968466338
e850d24192f9e415,0.20981320130204198
0834b059b33fe386,0.8693144461548444
57cca7c7ea10b6ab,0.2984159756394845
39483c2d8174f1ed,0.8668919913350459
4df07eb70c71ec51,0.8813149550941842
771b30a38c390789,0.6386782315383418
65037a69f9336b3b,0.66473512687986
97bf39056279f7fa,0.3851914463023034
1a2d12af54623039,0.5025460253101
e649d739e4cbe4eb,0.9706063807374323
7c35e8ece8dd52b2,0.8198796801325748
4f679f800c6abb6d,0.796152191250596
42a8a8ccd4f9f9e2,0.134207279176253
662eb31e5ca29cb7,0.4476960904074223
39a75d0fc9a932b4,0.487612072761597
f80b6c96f9ca16ca,0.09155618673872307
d1112438bc117eb4,0.6845730211816425
2a23256f8a1b1dad,0.7313307044689328
e3da84e292717dd8,0.4795688887580396
b3da0bcad91df631,0.839999388005759
b7317d34b8035aa3,0.4082567266672292
263b44530f890156,0.654316622543304
4908216a464f51c6,0.8315411222443504
d0b576af5fedd973,0.4484697107944175
d53abab056eabccb,0.594199904486463
9947a71c07c08013,0.6685240167664092
e3f83e6765042b60,0.6785615540072705
b5e1fe2cd612caf7,0.32398468761081173
2c979dd3ae786b0b,0.0297020629815582
37ebd133842ac652,0.8770209904171832
8d7452fc00bad24b,0.7715130285053994
be4d73360ad37873,0.37415866853357044
40b14de62d50cd96,0.9979197536980046
e8b95e5aac14d285,0.18301350747095455
545aeb4e5c2808c7,0.5000408136501944
3ea943e815e609c3,0.26648888076663146
9c3663c00fb99ff6,0.33640914882495937
6806a16705d54743,0.6621330675841884
9658ef3f8e3ed080,0.7887684434597233
72aca7fa36feebdf,0.5635654556126027
dfe86e43c4930991,0.6011365837909185
4f82ff5b5651d2f0,0.23151848442102207
d13da56afbdee207,0.49626238041941806
0dcdbb940af66121,0.2194521191094737
0e09773245767eac,0.27173230728780384
b186bc9610e2b533,0.9583556330179489
d54841a2e0a4cca8,0.9306280459797159
166c017caddab251,0.9112312521051015
a23f0288384f2f2d,0.4215930750531664
4886d310e5914363,0.1797005606897473
41edfc6111e88f1f,0.241306934268645
0f33a4c86170e40b,0.47034417776791043
19bac5bcc4414e66,0.06991065808496116
88ddba34446d1ade,0.42362562466833514
a8dfc97deea7f5fa,0.742011674102909
fbe5da4001a21c4a,0.26962287567648374
8ea535444187b6ac,0.2635693508895333
1be66765efbe9174,0.6455783973886
05f16b595e33f77b,0.34959591122052625
3fb3259efef9eda0,0.11613193386334937
43836f5657b092dc,0.7523446926387101
26ac42441170201f,0.923670304615706
12a4ec2031ef6174,0.1291053855160785
d8e7f33605a80ae3,0.6192177866957757
d6bde3bc380d8735,0.5372655021096359
9e0c178f3e852551,0.8202355172451588
88a6149ecfb1f651,0.47262114197597593
54a33fc8125490a9,0.3477799396835854
2930f4f063583542,0.33403829829446907
5092541f5024187c,0.1121126448097577
e78a593c9b385330,0.5743305248046991
a09be3a8eeceee6f,0.8924337523017762
7010ac1b44772de3,0.28561695830040124
49a17880c454c7c3,0.20103090460903952
4e36cc0f1383ebd3,0.7479973166215717
ebdb25864f6ce1b9,0.16552126869769054
bdb72360a5581c6d,0.7057600808949844
8c698e0fbcb6a090,0.35039213318892265
9c350ea7550d8378,0.15293210564217036
a8b88f7bb8ca6361,0.28147660165349675
3d326c98287fba6f,0.30529034750475237
f42c01d8b045f708,0.746185008206297
8e5d62b3ab696aaa,0.113719708025007
6224caf3c72e7ee3,0.551942675092835
926fddd6b2ee63aa,0.020358229694808345
922cf50522b3b88b,0.7103022328281179
7d0fb10204af6166,0.8622392428071196
1a76fbd031e39a6b,0.9628395032674525
fd68ea29d356dd75,0.21990105570639262
03cc36191251ada1,0.555167220500549
99b5bb0b92d8a55a,0.05355660471655172
aac02a9d632924f3,0.18360473717144943
5d220b8e18201d3a,0.2075405410596341
14fc1d6fe2d4e69a,0.885028065864313
35e119f52196b1ba,0.11984585861091446
40f1234b5a30403c,0.4697144804336165
d59ccb5d557c022e,0.7450891226771175
0c385e728de38f99,0.37931847245821276
f8683477a2ab2ade,0.8901405132313788
511fe8f39056b9f0,0.5278840019134058
c99c5d897170f156,0.5287253046951704
9d753071d21e6c36,0.4298567314390633
9e9289f66961c664,0.6869267673327208
5f8b0d75fdfecea0,0.16976925929028328
9dc13c482e059e6f,0.28135424338132903
3f87fc97c66a3191,0.7790296001461027
1b3f3ffb589858e3,0.239096469132813
5358785efbcfdaaa,0.3692056356535978
57193bdf5b9a6b42,0.7002886005926268
4ba6c061c5bcb057,0.9379647033748371
218a85cad268eab4,0.8716365800093291
f93dbe2cfff78101,0.5685419692148806
a8481146cd533ccd,0.6330618255332121
84b0e8fa750b7a33,0.40335724567753534
fdcc76060f099b01,0.06973691584737715
300a47eca14f8974,0.7388187585741229
14218faebac40dda,0.395792403025655
6df2c2d2e3c3a7a8,0.6571344786535862
73b49cfc1f3e9dfe,0.2544902606602469
7f686a76e0a43e5a,0.31346530499178643
bf81324a27520bde,0.5223176228891584
f5d463ec64cf0b0d,0.32813701047852756
7b0554b8ca04f697,0.12204219979585659
e1b2fbbaa6be8596,0.4296890992693665
1b881aaa4217102a,0.5121444015235491
c212840fd1764342,0.30469370823837766
ef314439dbb365d6,0.07778422278377643
1772dc13f02d39b7,0.30658449733959553
b9ed04801fc7a354,0.26203554773585525
105a3d1544b0f94b,0.6802676048161573
78654baca9d1378e,0.9686356189897759
9bc2056512b6d4b6,0.48213567507344285
09c4cf78e2e7adc5,0.36746218174995304
b2555ae21207d05b,0.8071169431453163
ae348fe15c764802,0.13189969006504504
f0124c71b8a4ad33,0.665701384289305
b56dc4e690b38942,0.3075056657231368
f780521ce14740f3,0.2088112839609656
dc6f043604dd54fe,0.3328714672749712
e07db4ab9d64f3ee,0.7399653655087024
8afd23b140e4bcb6,0.6660778924029296
11bdf36dc7a35404,0.21122105329810814
4996a5c048b055d5,0.8172591684169709
623d8021b7d32292,0.664392989429933
9eaa2f70288d4b3f,0.22476132554226083
9b0054be7988059a,0.3723325783660938
3952d82f6df456f1,0.21689516267148132
8533f9a63a9367b1,0.5303310463344255
391d9fb2c3bd6fbe,0.006837677833390148
101b529dd70a1e11,0.0418601531087747
85b19b6a46b45156,0.2530414014365333
a4b17c05d90ca2b2,0.5832403286940485
194ecba02d51bfb5,0.15042882020664408
20a12da2d8890e93,0.15000924222276282
2df9214ba1de660d,0.5055660527293248
bd7e307eb75933e1,0.6588540960750877
5e0b0dbe5ffe6e83,0.999
bf3a6cfc9a1f3c80,0.4523457064202133
82ae8090ca11b2e6,0.5497441284803621
4901ed9747386ca7,0.8039946216378544
53084b49be13c52f,0.7576908606706088
0263cc51aa1acd4c,0.6720645552107757
41e313f2355b137c,0.6772678716309748
51a37cfce403f12f,0.3495050133301728
df4f484e6719459f,0.18385415361898816
de7f255e061d07f9,0.4351636624365689
741683772f1576c7,0.7384568332239719
54c7fb2af01e96d6,0.9171783819997892
24c542dab399c685,0.3599883039912166
a1230bf06c58290d,0.2811398167214044
900e15461a12870f,0.7787296511717804
c089536a25834f70,0.31798110609090335
afc3286b544f0040,0.7902230905125395
c61465243a2221a5,0.6589079258169291
cb1f20d4bb93c243,0.3690329517585575
30725d20e5558b56,0.37666121129930213
94ce3e10e75f90a6,0.14828870124653154
48d0b89d569495d8,0.619636756498539
ff1ad6d36283f697,0.27062194643024207
72be68b75d2c814b,0.17497614562208816
e4b90062b12b7030,0.9180576160316397
d6323a665e446722,0.2799992402048931
2d37f4baed1667c1,0.6496033432224276
05781aee37a18dac,0.23033798215576917
de24d558a18a9f32,0.30643625900143545
cb44379989560ff1,0.22143831783641377
eb333ca8ccdad2c8,0.49752425588551435
1d5cf29e044bf468,0.7449542909050667
172401cbfcd665a3,0.7018589244414905
8247761544773a90,0.006367806799778141
5f2c0797f7cb831e,0.1278003326897085
a7edbfd2acdf8ad0,0.3486353005167056
fdcb685349aaef9b,0.684644789815566
1568e5a308c50e7b,0.8861405234309355
53f5f1c7014efbaf,0.5853779652065204
e992034fc58854a7,0.25522206430332345
b1fc334e48e20c8a,0.08808265635706491
ca9f6168acd90b8b,0.15943393791992005
929bd47a71c6b958,0.987583265360136
f7ee05e2b2ea34e4,0.43211348617789996
2f3fdc90e73536d0,0.05910152962190885
b43f6d156041778c,0.08482712121875739
6b0740f130757056,0.16408029138342797
9f1200bd8ef18393,0.37506411704177756
bf0849396acf9180,0.07889014670850492
58f62b02898dcd7c,0.9951736601925121
825b360a284d4a2e,0.10609700485438774
0274228343b0c7cc,0.9034450786859541
746ca6b736caea7b,0.018485165908318453
69cadc81ce7e015c,0.24027806267592966
295dc3bdd969b7cf,0.8476664995588296
e0c7aeb2471c9ba6,0.8124329170497465
a7c128e7baf08587,0.3945957223589982
74ac5ce19092de45,0.5719883446520784
5642496d768456f0,0.9306323280595351
9568d09b37d48147,0.6461674725400001
687eb07ac1ec9aba,0.3459105962568606
1131d59f818ebfc7,0.2290931235743042
70d46c4ad271dfcf,0.4554850316895372
333d8235e3bd1acc,0.2977122720261865
f9dc0ee30937f393,0.6414248949431393
e2e48b863ea7d61c,0.7124620991127908
96ad67d29a15ec47,0.6672027527777779
998b0ea49069c858,0.12920988060742866
cbf500fe483dca27,0.36553980732548186
32889f39f5c7e4e1,0.30578300797051094
f87241418df6147d,0.5499645635509096
afed174cf13b9d7f,0.37585147440717515
d52f3c40480519e8,0.8531788193482538
67306d595867bdca,0.09611108169044025
dc439b5c79486948,0.44924535205079175
35089dcee9e9ba1c,0.2378101803313856
61b5d6ef5f241490,0.264007515322245
45f5713dcef10264,0.4938995193351938
2a3053d58302242a,0.1672622576867066
0998f38d4d069491,0.6567106534707777
accc2c8ae67e6063,0.15343860524646702
9f5292cbd3806d79,0.35668040970940895
1fb85b95e91ae45e,0.3076666782739221
faa0394464cef2e8,0.11011493611498278
af95309c63fadc79,0.49090863508370575
b8b45d6732b08fb5,0.346766280368574
66966f55862259dc,0.5455204145359658
608333309da6527a,0.7838089062502972
36dc5921a7d84ed1,0.5608462269177285
27813742ebfe2b33,0.651038704714422
211d5db960ca61c8,0.03268608898949027
5b186ac0d11513b9,0.9861291147151701
832d1c008bc3ef2b,0.8428139836418235
7d4e4f8d7d40dcfc,0.30745821720554983
f0dfb22c3a27665d,0.8202876474909703
407451c452cc5d17,0.8215803896188114
56928312feff0ba3,0.5536790134007344
9454541a6582c13a,0.341037256605471
e6e2f33f21d593de,0.04229060496519585
eaa2910769614f8e,0.12645471624527854
127bd9796d970cc9,0.3355743966328636
169858f0ea055525,0.14296289240765964
47a3a9c393a619bb,0.4795104041910933
d25e98683c74aa8c,0.41805647910181437
4f2ec1f813538809,0.6048733772565106
8e5753d72777a9ac,0.4142697161513643
d9cef172341ac628,0.993819946028273
d2c6b2e087495365,0.7418043964681914
5aab483da67d16b3,0.4376757940377899
ad319fa45d964c5e,0.8877752679723544
730d677b8c968e37,0.1791208947652346
b1e38b684248bd0f,0.6252486796450277
ccd097c32d7ca7c0,0.3177467684866054
4cb0f5de29f8b8a8,0.5130523057598444
902aa8ae7819a527,0.016691961345411746
36cc1fd78eea46be,0.8686282411694569
5b8a6b0aae157e06,0.7938519062999009
d371f4cddd5ab580,0.250696913504757
a07311ae113f1cc7,0.8547221559799733
8ff382f017152a6b,0.6469761417837123
bfe18fe096f61209,0.41233373070131624
97f3a3f55f767d91,0.2685247335833802
a4058a2e4bbcaddc,0.742705176990198
6dbcfd20040642cf,0.06409177857983125
42a6b3c10ef18f02,0.5591786458338099
9d7f6f4e136504fc,0.29471932932781425
0165f411bc818cb0,0.5735354261056534
bffe1b12bbe69fb2,0.6574519398355749
e01b40b1d6f30df0,0.8461074538645159
3201c568d1d26470,0.8000785129270424
0affa4eadbf1db83,0.8591003784675137
ddd3b7b0ab9f40d9,0.8936675611792824
ec738c2ec1bfcd80,0.06973959643500598
906a954f8e1fea07,0.9287972920405961
cdbfc59fb04fc180,0.8453451957615703
2d4770eef88200b3,0.0435035041872005
3d18600bcebb32aa,0.4768876917983366
3e050322f92541d9,0.33333939079723135
1221e13593768788,0.33697025332270697
e7ea980a9b3cc8c4,0.419795274433107
398953f786ac4845,0.8606523919261365
e8efc32edeaa174c,0.7968577307940695
49f061e869ee997d,0.6313861547452039
17668415b4ad9f20,0.24457652162993554
81e71cda520c7c11,0.7193085573680066
7c48e5537ec69161,0.3664260691109255
7b6ba45bf7c43e21,0.46533550585148586
9cdc08694020bc45,0.7623898504416761
60a026b4a766753d,0.3322700751257311
719db72fef47ca30,0.36268620905701887
c0b5b808eb068fc6,0.47162038474640144
b20616efa1e51758,0.26623952380414695
d1c2190b7e54ae51,0.14655282959331947
88d71cf388b60bf4,0.7194758596141263
c2394a42025bd869,0.89848007520606
19b165b652dbcda4,0.7891223492766061
c17841139e5914a5,0.849664480552387
5549a53bbf9d24be,0.7417520768281866
2da830aa5b2812cb,0.2873154062222091
fb36e8ea3112744a,0.46160766213654764
3dcfee7f0efc084a,0.8374457765608536
16a97d3860c22e1c,0.7832156873646136
6322b2e3f7dca7db,0.5241935210378841
a48ff3331f89fc6d,0.560217789042778
e07a96472008d97e,0.9668084323132912
42af4fb223127bc3,0.30819022067813434
4aa484762f1d25ae,0.7304931197902188
c414fb964c9cbb8f,0.6619612784080736
397cb89e6ab8a959,0.7080837370778674
2e9d9d9e0a6af0ff,0.7260926863819213
fc32ff9c59a22f95,0.07433336036209544
5783d334ad7f831b,0.8817442955816903
dbaa31f9fbbb6219,0.08121125200989651
93eb228beb06de30,0.220685654663729
482d6bc5204e5ae1,0.3635266341045828
7128efa4863f0362,0.541151505370258
ba5809f410734a94,0.4191654699885759
a571eb5010a2e299,0.25466466556522754
ad6cdd09fea09683,0.751499449646437
fa9d2cf12e72efce,0.7026082916228985
a8ae0f9ef30ce81a,0.962384473424367
3b234a17219db0b1,0.06569434450343593
25b24a0734045bd8,0.9187635925581493
771f41a483c9f8a5,0.48626752812675333
22a6c4ec274869d7,0.6902934514563058
e48895820558223a,0.09812052849364451
02c11767f29d0426,0.09428422764815682
d686fd200c65923c,0.9526651492116216
adfe117f01ca698a,0.04435408140797064
69f3b49837e76dc6,0.5419587852477654
2e72632e2ea73631,0.2288177697069937
3207b91e24e27568,0.31174285066185675
95f22517cd16a7c2,0.2594785050764175
543936caa0e83a72,0.26872364616219885
58c5c659df736b0b,0.04731029410689745
997b65e2ca34d529,0.2695489078610363
75bd9c566434eae8,0.23467220922641516
14088d0f66d091e7,0.9458719990309099
4014d97b63499622,0.44558529428108307
f9d10471eb47111f,0.7397871105458129
545fffb7628e26bd,0.1248425955372257
9c45d75bebd4d820,0.025995977946682302
f710caef77284ef1,0.7228785852859932
e4bc3c14c4f4b1a8,0.5267110155027517
392b17be6354d3a9,0.4622816422501936
9cc8d07ee090f377,0.7746078864407999
b2fbccdb690a2b84,0.6850138273326973
291257ccaccf9d11,0.6711932214243265
c9022a6ee3a5d7d8,0.20472973337233558
19a688707e160732,0.15456750714569217
84bef4f5323ebd93,0.8807726876758084
a3e5e1903e0e9682,0.48163263669792294
3b0297530613b732,0.2194185228568063
ca0fa3062d6f947a,0.6579866347815307
aba2a7eb167c6548,0.7263033634581075
7dace0a49f811059,0.6312614050727433
522ed32d9fdf2d72,0.4416866641160863
8771c418cc219aa1,0.6018895554920932
1b8f8b528f041137,0.021922940629576608
a9112add272578cc,0.2819202418736558
e722b584b816d2f4,0.6993914803812326
324dcb8fa3962b96,0.5301872375213406
ee84f939a7ab4e14,0.8031145359911043
f7a5683abeeb512e,0.23199320452960254
788dec8bb41081b9,0.0761998825543843
20880910f50c0159,0.5467933129047421
a55d2babd6ac6e05,0.0667810800569737
7c5af2b41b2f1889,0.5575446774045588
af9599e0e687edff,0.2595310186493826
96de608fb997caee,0.03421929050657497
ef99f60d68f58a7e,0.9688687115983423
59d2159096523cdb,0.8656632531912393
606abd74dcfa442e,0.7725784964208521
20fdb4917e7e9401,0.16475855992286068
a3a5ff27339bb075,0.6559727945712643
b5ecb5c63b48ec75,0.8309612155293932
0a039166594e063a,0.10466019428051226
62bfe04683f51a3c,0.5160556250268714
b430c4d5161b59db,0.8969613770739248
a385f4145be5f5d0,0.05143229311785845
904e0bfdad64bd43,0.9079158928921849
0f4074528657c491,0.8101126329783169
39e4468b2f4b7935,0.43615485057563486
9125b00413b353d6,0.07226014106757342
fafd8063bc5f5cec,0.485695548833338
6b06401ff364064a,0.07244571761218492
e5c9addac3faca6d,0.2646033957255328
d12807d748517f6e,0.34380091498209603
828de307532bb29a,0.9491316029752173
2799da617b3128ab,0.15995255314539128
7b6d6ea6d9feff86,0.01754867278566968
0627c402fd75fb9d,0.927564522509062
a1bb99f3b749279f,0.31254858291736765
ceac2c53c27234d5,0.05864000541005693
9b3de1b793447910,0.2109892193612021
76a426cfc81a4d2d,0.5286728966928341
abac3cc21ba1b309,0.19701453894804508
4e8b9323fa254334,0.6633728435182912
1a4205578a28486e,0.7942476164261414
fa7dfc3f7d4a1344,0.7023803274361159
340b1651b36c8645,0.36672555271409607
73cf2e26157ed703,0.8199011323197004
87add43c2ce1b06e,0.5691741087826243
01717bfb5b3542c8,0.7546689959045156
70ca05c9213444aa,0.6518200556789986
0684a9a80bfd34b3,0.237965955721215
8c2ae373e2809c29,0.2901526009380446
331341a7f1c33272,0.6375318583211649
97078c12c161c701,0.5255998805991068
4ddffb1d8861cc54,0.140173034550439
2dbc5e3027b4817b,0.6163582844349803
8fcb717c71bb3cfc,0.5438937528676662
58ed220fa88a029b,0.030259311230531785
fcad4ebd837b0031,0.34997485204227663
0792e52fe2c9b711,0.7780198843402802
576de6970c4ba90c,0.6099060347211197
930888a00b16e315,0.84610269671826
bb00b59f720aadc8,0.6647158855569892
05aad23e028bea27,0.4951020564534941
0ccaef7346d2eebe,0.45824477058669005
bc31c0a97c89dac1,0.7775033573918567
239478b0c695aad2,0.4205800722949863
6d59238e91d3c6d6,0.5369800564050744
02b6f6002980042e,0.8054186160523279
0164fc5fb575ee2b,0.45556255310071386
d8ba5ce01fe8a09d,0.6651575511793418
173b378df818b167,0.0963078780334134
7f5edae9b09a208c,0.5920948452040595
0b5662c2a594c20c,0.6983860412655922
55ba1dbed1a641ea,0.6702395748117602
c944ecb134192652,0.908904636249159
3984b7d478aec2b1,0.8934270920649965
f6ff304e4f459ab4,0.8716520647962533
a49951ac9b42ceab,0.5800387719944613
4b48ddb6a65e584b,0.9655999768689376
624009526008e265,0.43239037553407966
9ca1f3fd0ed031b3,0.6331411956275727
dd7e10345355a17c,0.3928405537718505
a324ae18d57bb12f,0.5731209349607728
f3aede6892999fdd,0.42954234702095845
798f779dbd13fb6c,0.9169414477493225
21481b4c28f91b47,0.15150951644004465
8529066c088169cd,0.04270342057299792
7e93ed2093de4112,0.25196075258197564
51687c7ba8a553be,0.6313041010394513
4ad8b585409698e6,0.12772575197678546
eca2dbbd4829118c,0.6780224787042736
7a9bea3f50549e57,0.5605007307573339
e53cb4d81fe012e8,0.5784785453690396
25e3af07b73ccb43,0.35158848698400097
939b59f220b94ec8,0.3592259582560216
9618c75bab14bdc4,0.879104255086171
2ac483615d4696d4,0.9315483547835433
b357b45b22852d5f,0.2582481651708383
eed158b983054ab2,0.12357016833231908
25b699ec3d33020b,0.8647516322405023
fabe692869cbf6a8,0.10227001901708349
e30cdc55701f891d,0.6404237099307204
4e247c59738e0754,0.6290218539194903
eb6c93bf83ef9f01,0.797948337770548
4b2a51b89182eb2f,0.6892341476773404
920800c7a752c35e,0.03471135398302233
00e3f3638706ad20,0.5286802401796166
3b68344f608e8cf6,0.1829474833618044
bd0092d0e87dd02b,0.4566230416223675
d3020752ddea13e5,0.5426831251154507
679a41beeaebf503,0.8048243520818239
7fcec9e71dcf18cc,0.3276624781150915
735724a234bf2816,0.6997587490302649
31cdf3e24ce53af5,0.5031040858265442
58b83792be0f6321,0.842826313090221
2a84a58cf96025f5,0.051410341103089105
9fcedeea63586bf0,0.8002644298080366
d9de7aba8c682fda,0.17789318106166582
08572215a3892815,0.35779177105594256
b488884763d551a2,0.7497929347976967
c30e80405d6e58b2,0.17435536589136408
0c86a250e70f6eb2,0.48636728447003247
a11c15fcf4597f82,0.7507548059826019
2caedcb4ee1a4103,0.8861097621689262
f91d05eaa3df539e,0.4315738675366479
8bba0a98ae140af5,0.7964914404442115
a987e81632676043,0.6596598489588114
f50807d17b5c038f,0.7916127985514048
ee12454070596716,0.6330666180479628
b6e0190c3e5766ef,0.9276527347257453
a57b30735e272a29,0.06539331886985057
ca66fe2ee058013e,0.6913789414380206
1969a8349757d32d,0.5530935891946306
a5bad4f4702eb96b,0.2955704829272897
2f4ee5ef7a9e32ab,0.9510423845626917
abb1f9350d96ed70,0.3589223713059591
8a663152856f606b,0.10516880495113927
5965e2be33eecfc3,0.07796958119106137
75414a1e69d6f205,0.6253311971919354
0d6362f82430762d,0.6403742616629908
cded8976cdbec569,0.5642930201530268
2f21d9cb88d7004a,0.6700346325016261
bd0809d01c93396d,0.9237237117138861
d368fd4152e904a0,0.8226604557625256
7a088b0bef4cb74c,0.3476034313425214
dad9460a25f9913b,0.9209508327461985
50f138449e3fe2e8,0.45691960734547793
53eecae41b9614fd,0.8713841552995396
c88755b5796bc0c9,0.8347145332992675
1b2bf22690f55b23,0.3302592503374792
4c0b6078692f7c89,0.5736023625485016
d310596293c8f04c,0.466115001010416
3a724ceda4c76f9c,0.04854998747025903
57c2219b4f1a0a5a,0.7185578199375592
6069a9ccdba45516,0.6126623909827549
504a8185dad726d7,0.8033130524691433
c950477e87d58094,0.20792445463807044
9f1e86207b2be555,0.9011050396742762
69051b19215e3e0a,0.5176370896215191
7f70b72d97083c7b,0.7328806785482764
61279ec74a6d3645,0.12352694688406582
4a35368f7daabf53,0.44597224284538173
8730f5f1237b818b,0.05575792625395883
f9492b545b552f5b,0.7345589821719716
a5e99c4117b486a0,0.5137636684962394
c10ccbadcdafc1cc,0.09682028524942453
e0d15a865fdfb988,0.242341514182367
eb916f460ee1b545,0.3666096953197408
1b7bb61fe350c5ec,0.2854614771870804
03e5516590f20096,0.3677336856299699
18e0a9eb3145a82b,0.0732895347827868
39cab30b8f09a081,0.9725391937198385
dd47b13d3aa2de79,0.24074867214541398
6a431bf1b07deab0,0.7783842836690996
2b0db9b43f8d905b,0.5472185794774752
363b638b117d0e37,0.046070057938566285
87518c28a26f4d41,0.001
3e73b6c86098ef20,0.7026847883342053
f7580d024f627389,0.2176181328017519
626946bf85055423,0.17676397003025746
1d4ec81574db910c,0.43065536979586844
eb3384eb6ec0ee10,0.1810385629696046
ba1a0a18164d2ed4,0.21757494358848906
8736a356e18687f9,0.14520915062153997
f66ad6f9a0d13057,0.4299487739321141
6781beeb2a94c80b,0.5875918874188389
45ec50d9e9b762dc,0.1250172369549418
f993d49be31858db,0.5520513867534984
68630d40b3d8c8a7,0.40567138839773437
790d0e863cbc896c,0.17029955788992865
6b9f40e1b5440454,0.21217580142021036
5bd12aaf1d87cfb6,0.5719603953026584
9593f8af8e49622c,0.3183651555002065
7787873ef39eb65f,0.7297119536196491
3b43be2428bd133c,0.3178100424212259
51614174133f7405,0.7727495266610114
90ef1be7933c7d32,0.2637204880713235
b9b0bc5968838ca2,0.30262150712484454
34854ac0b59be9cb,0.6277674738427861
552972fc397a3d7b,0.585876172708253
538cce811be930f6,0.9379895437092634
3684947575a87995,0.8887334285870078
3458934dca749c27,0.6290286565443506
777593519303d6bc,0.698921582483967
c998d0d7e544f18a,0.5369702646466495
a23ad55fcdc44126,0.7823048250732001
628f59b52e0f1abb,0.9196564861231805
f55fd4a896009b37,0.21173606074855203
891966bf8125b263,0.21244236822497758
31a036f4acb27daa,0.6993800859783392
b329a2756c4e7e5c,0.10130003115750338
4abec7b3aa11b00d,0.2962908744795893
506d7e6eca5fce8a,0.221455666971477
93767eb66242b1fc,0.9530260524502028
f07f619af08f71e3,0.9837259570920263
067779ad870efb29,0.45521102821309967
5772509431f3d5d1,0.715473839567771
562161d24bca87e5,0.06410559262131779
f3e2eded68a25564,0.28103349290195484
4e9f50f16ba04465,0.28346363883544573
a4208a55db792b95,0.3452332855580518
9540d1c34ce10213,0.2708190349701635
3b047ea1a379c251,0.39683777821190913
90c24520deb11d2d,0.3861984495701842
174bf54853f8e212,0.3546345761779535
e32af9607e1574ac,0.24646598144483586
177d7eaf2ebe4bb3,0.006980794142326955
1d3872dea5918cf8,0.7901488382442439
b6641f418df5107a,0.6054715410185274
7b0a91f0c2754446,0.8807742040712183
3074d01b6d512da1,0.5100861892399339
a1ded8ab2ac8cbc3,0.25589822661966405
99d24231acc81bda,0.8876949007611699
ff0efc6b635f0dfe,0.4584226114841445
4b26bc2a5271e828,0.3879747172803451
323cc294321346a4,0.5647082340174142
1c5da1e20342a0bf,0.4852967907750015
4f414677966cf8e5,0.3372517054118954
a08962f7cf8ef6ea,0.9597929764529647
e6778d3ce59810c5,0.2186390559436795
944d32b8f9e9db1a,0.9573441764478549
e5c8bee2002b6ca3,0.8791908133934486
fcc9190b336ccdc9,0.19326298088613883
d8c0de2ec20dd583,0.5200300643511759
fb55a45c51379250,0.09384874996613447
d6e81f789123be62,0.37735120039246706
2653ffee6d9f5abd,0.895125200277056
daf885e44112d6f2,0.680904211908673
a75fbb195a5c31b4,0.9914063453611632
d6946d6a1e5de8e0,0.4360588735075458
262eea09fa9fdd15,0.0771160267839775
0661f0f9daa76a96,0.638304907536408
3796742963319893,0.9353281258019263
b7d31b3502739b04,0.6739278380096001
ca3ab2b2441679fe,0.5167602253914702
6ff3c95261a2e60c,0.06832170749125378
296198ef516bccfc,0.05859107819323567
fd7387d23f2c2e12,0.5724305051633141
705f7c9f6f9a1ddb,0.1686306593320912
664080d9a44e09d5,0.07971469961424116
d7bfb116b3f0171e,0.5593446033162471
df7650f2e15b685c,0.5488461272006195
13d553333a49e1fc,0.13338775693698415
d60997f0da2b3161,0.2520162975058954
e3dc5b0748d9d1be,0.9930164414337909
126cc7a3354c3a59,0.09729006874188914
68c831e307f80c40,0.02870098579040791
4c10437c6f1f749e,0.9876941037185902
4de56fff18170df4,0.2508729264229131
93ee64e43ea9b0ac,0.6414847226547407
622e27b7a834d371,0.8670722198402875
8283fa9a80b68052,0.22070306258821765
3cbb48910802e9b0,0.8510951222078238
898c4451fed60e39,0.5537602080778284
560b7b7af9fe8dd1,0.5488406798240364
bcc595e893e2a797,0.2929239441215834
cb2fa098224a9f0b,0.5951487631568919
9e2a88f835bbb5df,0.82671875203177
07e1bd9a166bc257,0.7573707156490525
10fdd890be2462d8,0.03819976143470182
34a7adccbdf4dbe6,0.8576299413446713
5dca94f6e13922ed,0.3048602080456058
be032af3265ed2f8,0.9796836628439909
afebc493854ff065,0.09506389334536129
755bf2132b96ea88,0.06176920434120199
11b6872eb913fe4d,0.12075671126509752
5a73131a74b5e6f1,0.26251856831604253
a1445f34ce4c970c,0.6815839668074796
c84303c64f096b4d,0.4920878591677577
ee5a57da13fbcab4,0.7662473197113743
9e237fe51b937f8b,0.3748772759149724
04c0ce452fa54511,0.5449843829842165
e4cc4cfb493c102c,0.7740450445537193
13ec6848e5d8c7ec,0.2840060690579093
8b117511fb3c0bb5,0.8110084594449068
45109a7dafad71a4,0.9234590800535009
be5d51769b283a70,0.7465550151726604
4b049c030fc355f2,0.5537303565921762
e1b125afa19663b9,0.6319426280075877
7f5ee99bec52fb31,0.9552762483843703
0ea477a7bb524c43,0.5027599941174805
b2ef814029a4593b,0.7105025317009557
54642bb90de7c651,0.2689030677134672
5562db51544efda6,0.487724151841431
8c3fc61ec6b0570c,0.6858011699926967
19990ada3d732a59,0.8189435258520452
d4a097538c2270df,0.5897688088851448
a8e6780d12272bb2,0.7586638039855772
0de7c0afdf2ac64d,0.566111430388352
ec3a682eb391eb7a,0.4310847697623072
de499b3d3aa77620,0.4236701978884445
bb95d7738f26c137,0.3518804217330061
76de6c48fb303a99,0.7863649285180463
f54db052a2c1bf61,0.9041043994749544
d2b45f024d0f9012,0.8275520892707541
26693e446f60e43c,0.48405956580919446
00fedb2a014dd220,0.38049855312688097
8b353042d65300c8,0.8459709152783943
90c55b1f3ca98c5b,0.09334058342327864
b874c35d79d74f6c,0.5725330261716699
d482eb847a0a40c6,0.33196736392292175
fc4d3a97478802f1,0.38834160277579954
0a7a2b85838db506,0.10499820444308292
c697f27fe38b040c,0.2349458350010431
a4d2009627d556d9,0.6616985194271878
1c403f2124470ed4,0.05897876419628843
33627e42df750fa3,0.051621199750969064
ba9bd925e360f225,0.42152021677316964
ea28b791d0295ad0,0.4957904798190618
d149d439304c8705,0.15447827469719833
536b709bf5515eeb,0.2440448102239537
88c0a8061e7a3795,0.7486752194934236
8764acb490f19b62,0.21054020958397213
417f76acebadcb48,0.8415478188104208
475869c5be3c507b,0.4529482717452706
3ef8009767c7fa25,0.9081245865268253
b554efed5fb706fa,0.8432629598257622
84da50183b024285,0.2611688558336235
a4b1d18f46aa981c,0.045693973229395904
9b47e555a004cdae,0.3812387032107982
ef262814960ff13f,0.6484514332988206
5c0868ac8eafc7f9,0.337199017003226
db15a0f6f796aefc,0.05674746118708152
9e813d48e7fed678,0.7272374216683453
7e45e93f027eadd9,0.8598703447184789
bba24189518e4411,0.800646710373931
80cba429bade3fd1,0.10124739083917604
ea2c64045d0a1c12,0.6979237602159537
6eea65bf31a2bde4,0.16652423897602703
986a532aee033e7a,0.2882844359935643
d254bc6437766f3e,0.33465685134896006
3c2c4044a5a205b7,0.45190880599358324
d1698b7f7ce2ac63,0.871367972260043
5615043a1f36b137,0.06221673695187589
fcb9321c88377fa5,0.013845098834981648
885250c55edfcb6f,0.46634501851628873
f48232723a1bd05d,0.9560879113149371
27b4eb77530a112c,0.17392487830862272
98a1669bde0eac7b,0.953363592398281
c85cfc3341c8708c,0.07918842855985418
8043ae38af9b3ce5,0.7779705956726164
babccd7388fd8c21,0.4243756234711541
28aeae730b623cab,0.34475153625112387
4bf1da87dd838f3f,0.08928669948286481
8da93da167404e45,0.7678335638118059
4a0a3077b5581645,0.5601481609230617
bfa2d19017923568,0.41363067038498125
5f6e00c966c5f59f,0.85714303527334
52c9dbfce9f1b95b,0.16593437976715275
cdfc3b9f626b0845,0.5174124238828608
5e6ad4f66342dce9,0.651688992635504
42b0a534c0da50ab,0.3033195180082327
e454a16a94a43530,0.4304674154809974
1b6c9c3629bff42e,0.899438645991476
3d4ea2f562e04d67,0.09124298395695739
e5e88946dd245e5b,0.5263609939133912
7c08fe11ea59472e,0.6153390384333064
48716b8ef3837856,0.27150761071456314
22cb220fb3d03ef0,0.8639604644108281
ad38c3a4c4f92dd2,0.2751114449075458
439506f46710d418,0.6297600423717863
e6d46d90ae71b635,0.5098475491043627
cc306ba2474886f5,0.18168134142561893
c3dbfacba8b29888,0.14410369180517094
3349746bf536b40c,0.3350343069082488
254dff7f2f5e27da,0.08690795024892524
5f715d9d99d8aef8,0.7413952372331075
28877bba74273a2c,0.06917581380221574
0837f11e1dc53f72,0.9246547647294244
700d9c6e6406ca13,0.7853016328152105
6e0d475eeeff64fb,0.5222601552036545
36ba7c400d24c8ad,0.036960877826393325
8c371f8737f1a2dc,0.9959371131154274
163b4afe1f475ea0,0.9385393858281353
2e2c632a9af9b807,0.9252096941048908
a891091666dc0643,0.7073178222352364
a990b188a8200e9e,0.09584763167592816
e0da7835cc3694da,0.5306633052713756
6965bd28dc460b44,0.1676123047695315
84b4fd2717d4bf2c,0.26519230851261855
0544118474e570be,0.4436018951531469
2437b2d4a2e8ae82,0.9880269833480827
647299fb2ba00e43,0.04919738424711935
7372537f1eba1dab,0.9067530398374604
8854c27e996efd14,0.5383784506060714
380235b034a986da,0.9358640416252721
a2d407f16ff373fe,0.8552226609555083
0ed19a3a868aaa3c,0.4308485546860046
c173b6242dff9b1c,0.4048763125316783
2043889f64f744b8,0.6278626353117306
19989bc6ef928517,0.6322500583579486
d0665c65b0cf8d5d,0.8784865464293936
2b072792e895a81c,0.12931472505252034
c531857150c9674b,0.48432134036627594
bb56bbe97134a4d1,0.1775228623631635
3e062b6117c4918a,0.4015680771131498
a58a4c24d35bd7fa,0.7752506757901413
4ea7721e8c059b2e,0.28974308693227463
32a75809119cf7bc,0.6225661688969684
e4794a0287930fdc,0.42245477934248354
028903129d296567,0.5760839102675772
910a3bc19a45f893,0.8394119500106245
afb4e9017f94d52b,0.11562156611298444
8c75ef81ac907000,0.6335417621307473
de995213b69871cd,0.18859757031777555
593b54413b1695ee,0.651638500269699
d68b798f72ec2a7b,0.1690756919783354
2abd97afe8848116,0.04599094098935957
b80ebde982296428,0.5985928074304923
dbe8ab13dd1f44f4,0.13302794031522505
db6b5f2104046f55,0.6144374468009642
1f67c146861efa15,0.05294816414908802
38f490199f1306b5,0.4491756989740191
dce69a47bd1feb56,0.34743747583836054
12cd790efb4486a6,0.8367705371108023
d5806dd0784560a5,0.024325738035376816
207f45be2fb83671,0.8310793419858207
848e2c11fd115b35,0.6750835013544745
0f9d093c9db25458,0.7460560869050616
13e9da15ed290868,0.35474316103801073
8c584f6c1538beaa,0.005801196884677019
5fcd3e5896568513,0.8846409060810877
aa1f013ff05a59f3,0.36780955152707695
eb2bbf6f740d132f,0.20358368722224796
51fcfaba58d7f511,0.8871634617261497
abfff37a1f178105,0.8438642988113116
918258103a71c3ab,0.22503826536236077
99beaa8c134356ed,0.6782543069532981
f3d97c979517c08d,0.7407660066674178
577a00d787373595,0.8417067764052533
d71bd663eab2681d,0.7695717805015904
3b59c956b239b3db,0.2454327308878281
9115eeed93f30a1c,0.1500536008068326
3d992bc625e7dad1,0.08302997031787689
4db07f6033192f9b,0.17567346451392507
a58a45e9afd5b405,0.7080566410909105
519774a276bdada6,0.8012419169591779
50bc50ed77a01d75,0.5556050658628137
d608451c67dc5cfb,0.43571012547174115
2856ffa4f0a1ce80,0.45415577220924186
2bdff8f74778c4ea,0.20373591302689095
068acd67c99550cd,0.6466481774090029
6123220972766a4a,0.5034652608203712
c4d534fff3fc5628,0.5748341803912289
9fc3fdf14ea045ac,0.444623857059821
3f86edfd0be75ecf,0.5595797865938157
c36573a6175092a9,0.7218455311995244
7c4df8c2f29666ee,0.06502597281083478
3c791b72118b74a6,0.4943033246524651
747b04b604c95fc1,0.1393111006544559
e780dca0db5520a5,0.13704820497271414
af83daec6d450e57,0.4790560513978226
5d4ff9f52e2e4f34,0.6975548632140295
b2b8e551d87be54f,0.9989059080962799
203b6e0e0fcaa971,0.4846340581327888
eb36b4336605a7d6,0.5079274429570813
14713adcc060333a,0.5478007310600937
251c0c9a3789eff9,0.8337254911249332
0d0e059449af50d6,0.26873469982423365
63b1850f6f5df5d3,0.3402992217172503
90ace0c383247390,0.118755201654444
1ba1d1cb2d6d1bb9,0.23382973925540199
dcb2cbe56ba92129,0.10897470745067175
88b8fdeb6d82597c,0.09429749223451638
0ccfe20a4b77ea6e,0.14988784126951626
3482a5b15357f00e,0.12897895330440226
6d71348fed8b9c4f,0.2868066383923191
f8723e3306bf7c43,0.9718029570133203
7ef77b74f9baecb6,0.29653031147651226
bc80f01834269376,0.24635204469065516
18da383af4fa3cb8,0.8529347813521613
b474ff492fb9a94d,0.15122746403203766
d157b8492ffba0dc,0.15252952499220152
cbd2d4eb5123804b,0.891794852299471
0f9515404031e965,0.20507626674470675
4f1dcb8a1669a31c,0.8141521450991844
28c27ce346a7a7b7,0.8223547177185383
58928eff8cb29089,0.5306498611107935
8069cea0e02052d2,0.09576270734334223
3b583c05db5ea4a6,0.19487555659257014
36384df41240d0c1,0.4929544918329564
15e9a245d6d06a3e,0.8164044528698805
d2dba561c29b817d,0.4869514951047252
2a507f7014709986,0.8094228991715889
a27e43abacf3b1f2,0.9208310448458247
686019b683e849d6,0.8825414468317307
9a3663eadae7822e,0.7243888724340894
f4857bb0e0b52a47,0.5303226233253543
29f988f929e638a6,0.3075623577521367
cc08f5318b40d7b5,0.13592173915513983
3aa8c59d9c5dc7ac,0.5849319070253283
eeeb124ea0b0d51f,0.4970725810435865
c422bdf822a0dc56,0.8701214415455014
98269904767a2636,0.17284035781040938
e6cbd02151c72662,0.8823057600870315
5e7bd880681d9f61,0.7834688504277203
fbe456da262eaa3b,0.5532213798158174
dfe3e7968ec080ba,0.4308614923747641
0e9ef351ddbc9ab1,0.2650896017925196
2902b3339eeca5e3,0.5806914282255119
a7137a063b883e92,0.8613393617895623
b733ad3dd8899d06,0.3258598639636071
44fe9234ab115e2f,0.931007262381461
000b03fc8664c7d1,0.08981827018456869
9020a01496eaf633,0.7097722096289439
53b7a21b0f4cc200,0.09851337805931633
20cc306cbb1c6bcc,0.9283535577043215
debcfcb981ae0125,0.18722069108418782
802bd1039c3e6a1b,0.12055287801763803
5f5c21e0b6a4d4a7,0.17741277502128658
4e1d92bfbc009b58,0.7713530079782515
644c03f056f3bf9e,0.8515398818678576
3b4855d86d450661,0.2730105539728193
dbe1c9a9d3e563ac,0.20907214280560626
2fb49e6e63bbe8f6,0.8211606879698755
2347ddad2e1b095f,0.47450819671967975
e315a627d1ca8573,0.8105126428399366
0558a476ace81c15,0.4613846969871065
4426fc96456aa43d,0.7935644146066142
ee5092888f963b26,0.3226712226316495
57886ec9ac1bcba7,0.9250866241019357
69e1947ef1a19192,0.6979124392098642
af29d6fac97c87a3,0.24760618104605905
6952926383750b48,0.2654681192691869
b6e14b919c7ad1f2,0.19680334485555273
8d09ba7da0267580,0.7282799368821632
40e7e13ba421c25f,0.16294079314161564
c3d8677083122b80,0.8367482924509155
e41366313db49145,0.14873209146316554
ed95e31015c5959c,0.7496800462444856
64f0bef89a702494,0.1360922797270362
81918dc774b899ca,0.14354249098011254
dc9dc895fc8368b6,0.49208005076736755
ea0dcc9add9ba8c9,0.6041310269906386
c45a009981cf2faf,0.8041556027494576
ee4eee5c2cad18b3,0.20680783848003434
4b8886ccb99d4b95,0.3402730822837126
a11b7637d21059b0,0.24447924864399076
ae6bfde3685ef5dd,0.10483587221833977
095f96ba3b90f727,0.529587883996443
c800465fabd83658,0.08856377081973923
c75993f60039bc22,0.6460369162847469
15b2e13c51d54758,0.3901327188415236
cef343af7e936391,0.6541663259818677
bb9e37137f42fad4,0.499592374301347
b6f54b152f0f2c28,0.5718985669262494
54548a1370ae962d,0.5391104743224805
774675091e96f38e,0.06931103806605605
64db0198c907fdc5,0.1248210807151256
ee3a2eba79a61cd2,0.2357391664287022
d87ea92ca2504e8e,0.9283895467418437
493f68967d2931dd,0.3935613683014827
33c5bd3953cad989,0.3330937409629807
31719675e9834500,0.4495439715177501
283d0d3d8afdcd48,0.7717851978250888
0954b46131527b56,0.034231650568754025
c7f99cdcd74ddfb2,0.8493764197108572
89e81b0750c67025,0.73030820378501
ef2e114a293d6051,0.2263667710969671
3eaa82eb74b0d2b9,0.9637010896619899
f115b5827c53fdae,0.8954449100467963
5b981d50572234ec,0.4298835439365651
bc2a7ac2fb6ad312,0.7689016629182902
cabb5fa14742de79,0.8807385912210335
9dcd899d3120d04e,0.10296674655034219
5bf75dc153469005,0.5918416974171746
a99c57a3cfd238a9,0.9191063264494254
7d3c73f6e6251236,0.7546991454579515
79c824cab095ef0e,0.5465844570831616
50457f03b19ce000,0.7287935588214012
72ea29c850f97747,0.5046691209288405
949aabf35ccb0c4c,0.7055695375100918
bd3b7b9b5cc3a346,0.42341730906211567
581ae7bcf533000a,0.14073131622384916
f944b728b8eb9aac,0.38836715423446017
6add937f4476df2c,0.610854916692431
478be273b158fbf1,0.12916953816084648
43c1856ef31d1073,0.9064240808856578
8f97466fd3810c1f,0.2564449006782854
3ae22b8a964781ec,0.5608232437108582
82ba55bfceb0ffbd,0.5104088940505938
5966bfc14b304d05,0.5464393512330985
eedd90867e3cd9d4,0.014821994722580317
99db9ab5fdf84102,0.20141434699050959
6c6761878fa11c78,0.6457445192600237
731bd2e8496a9b0e,0.10500990919371869
9f1fd83e49b82f88,0.9315061294784065
51a2cc12286941ac,0.9798332791626007
7b60067efe8e7c4a,0.7837848622567997
7ba8d7a5a2f30106,0.9561717380469511
677aebcf5c57a29d,0.47620379045903083
c2e6810f10057ffc,0.4747316912661551
f770bf49e8b32f7d,0.661722076211264
d999d97cecc80f08,0.7798513570949185
225695249568ef3d,0.9369614107088313
64c347ce204607a2,0.7131619231489069
8b972fc1665f8aff,0.3051632508531757
fd3a180f558ad235,0.5804554541055589
f24ea2f162b99780,0.8061561494964036
71edcfb193fa3be3,0.8955483715855148
4507c7c846e862ed,0.4484569255383988
ac51d145f495fdf8,0.5678935735834272
3ab5c54552e9add3,0.687128820868206
0e545a1fa4aecf83,0.11855900688872066
19eb7f93e53f33d0,0.32164865494724615
f4653f53352a740c,0.553520880240202
c716d718820e66c0,0.3671412470447705
a8a2778b42759e84,0.707285289544614
d632ca08f997e38d,0.06663562732356128
47c56ea6034205ca,0.14925666307487664
f436395245784b88,0.9497532472585919
ddb7078278325022,0.2075773990295843
1c24525f31c1953f,0.83286950846309
7c7e6ee56d6ea5c1,0.7635704291863403
0e67b9cedd55f492,0.3201807763459069
a585afa6cc802221,0.46525348894870566
132bdb2d81abf434,0.5603140275046429
cdafcf3dcd774b36,0.6370251034940371
5694f780d2c8e463,0.08245825015541823
317ba4057a04aa16,0.8817045635761638
a92ae25f2defd1f4,0.5526141154239738
ff0073be9d8669a3,0.9236276899719806
2c4d6fd16e7da4d0,0.5128056986136831
e8b93ecfcfcf69bf,0.4595593877452095
aecdf632644c9922,0.8212997517838242
0f4ac8759cecccb4,0.09912578127571291
ae0ed79b3f56091e,0.59096096311622
492dcb545fd160e3,0.43538286341269195
b6feaae9a6963540,0.3889819258032958
10bc80bca38b6418,0.25128761518946047
d8bf52f15b58b474,0.21645395816066115
d590d13d8a0daf0a,0.585764412640639
bafce96906ba0c73,0.31371322327860135
15a89b9d9a174795,0.34798523540455367
3c895a00e202bc6e,0.7794959700183289
62100baf87d531c1,0.5715951560797522
8ea52f2642c87cd9,0.48602836386921827
78bf3db367f46ea8,0.9352272860464771
7303626be6419b04,0.818671771677135
86f2e3f9f88bf00e,0.9531313717228966
39921131b7d48cf3,0.782832239337442
7c06255c489ce455,0.8686257206386163
2a0f68fcd60099b6,0.7955801201041903
968f899504b28211,0.7487142195245499
98dd9df8fdcb29f4,0.632929633668574
ed55728c47c8b666,0.1502587694998612
0e54abd540000681,0.9046496443503503
2687ae2ad26c6497,0.8453101254769078
afe3e3f4edc8f7b7,0.5386167288614269
3d8ff2a3976b69b9,0.48064595624981865
13e6deb5f77cd1f5,0.5004776603976111
8c8711be796262dc,0.3042544556367028
8eb1ab06839664b5,0.27526560887609547
dbd58b32bf776c26,0.14734026888182572
4be0c2fba004271c,0.7090607064179394
a0f6b49ec1b86bc1,0.8851256902069361
3b33e5fb16341fe1,0.8076536268763601
d39f326ae61cb937,0.10803602157780007
00e28c2a11d38c61,0.7322912418355333
a55c74a9759fd56a,0.07217338019832528
8bfd04b0788122e2,0.995587663213841
895776a9cf9c8d43,0.4676337003853845
7ff187535e206416,0.9898248174048686
b2d991e4147a68e0,0.31065067532346224
b62ae246269c58c4,0.8810639038668674
b8af731f19b5c84d,0.023473927569257518
19f5143484b38101,0.7197979727545896
982f6a3f1bccc6d4,0.12659488757481213
2cdfb20347feec4e,0.9096630967593312
5b2d62e736467c16,0.26679036532320793
f85bf07959deae92,0.16170662166415137
8e923fa1dedcd01b,0.46768527421590894
93b3dea6a99fe31a,0.39456305025915944
8bc3af23b3d5ba85,0.30893403516133766
91db39152bd6ad50,0.9888118173242052
d911a9c74b505826,0.8838364072032364
0e53e628826772d6,0.19100478969981796
14d7b607e5e3f0cc,0.3838164858550403
f3e8e3469f0aab7b,0.1234544831655059
b9c36eb092bb275d,0.5203156173751087
9cff3e265921dfed,0.8480673708849854
585bc81acbe5b1ec,0.13560957426204814
15f8e68c7ac23dec,0.6228963566502033
a37b05bbb09f8496,0.8899571617541339
4f31f80a263d61dd,0.3200410759857276
6a3987a9bab31c44,0.10220602130932036
9f59a5ca5ae6d119,0.43822895871881984
afc6cb824b3596c7,0.11584870424753059
64dcbe6f4ac8de61,0.8560213853162811
1fcaa5c3533f63ca,0.17768674848228205
a266793e0c2619d2,0.7532252158261448
598af3378495839d,0.3804585383339593
b40ecfcda1506387,0.1688657088235004
22537a4c1f1cb22f,0.38408793856745954
8c5b78cda30c225e,0.7267323576949993
3239189122d043fe,0.45944340956270185
4b34859a41dd8627,0.33291232242077656
7577c8941b2e888b,0.06209873894852873
8ef15229dd291883,0.06397547666104252
3332780ef14cd99b,0.7707218166230273
f93d1a6ecd62d897,0.6952612964501323
9505f55ac00dbadb,0.7965767852932681
7c1831bf48bd728b,0.11082615136179548
17cf81ec2dede54e,0.7730592481113132
e84c6f3155ec9762,0.9305441357789274
e894ec9e0ac2e7a5,0.8641628702250269
c307472500eaf782,0.8308419004000113
96de47679c4cb6b6,0.23902687099470202
e0dd44e7040c3168,0.5130539667463234
bd9e6bd2fcf5a54e,0.6976974614481676
0382e0d155285962,0.43499325760877083
509eccae9abde09a,0.895327651063957
f2147e0be04acf5c,0.544240032521664
f3a6b01cc0938196,0.8749824989125318
c1956069b7309004,0.29620773051128163
2292dd5e617286e5,0.4879394087686166
3644d81639ce9f29,0.7876619586112787
4a5bf3e5c85dbfe9,0.1645010956164777
095a4f241c64795f,0.9151031491068412
aa45545b6df75be3,0.8431708099745701
ffda21a7e2973492,0.6437135961179414
662adc1ed3e8fd43,0.4588266642985176
218ae6cc5968ab6e,0.9610098575214964
316379f30810e1c6,0.5731916745638377
eef8a37b8fe20ec4,0.9443350170347645
d9a0aead3407db9e,0.6766378964282878
f0c65e7320950a84,0.7758856789071382
4625132a59dcda74,0.91505172618624
ab1c8b0c3967b656,0.9409594543216235
f00224def382933b,0.6554327902475434
090051f10ebcb768,0.4419881989319206
2a0c37f157e82f1b,0.6430524667790211
61914ca3afe42c15,0.21627329077684707
a9fc0e9ff5b0e706,0.12509777765485436
f548f7ed3074067e,0.24067623402745675
9aec70578372daed,0.13891204799365128
fbb0734a4e985290,0.2798132993648471
a8cd11786e7fe2b1,0.39511017297990697
6a4338f210f336ad,0.29409451907603285
cdb63c81014bd072,0.3746758041591923
2c5a98b60450efca,0.47563031513796267
2337a75838293036,0.0949160290831505
a0ed386ea018cce6,0.4807854805779511
db76609f02b3bb31,0.7568037916647212
597bd387a63987b9,0.8920381143901279
bc7571c47a54ce9b,0.38520496794485143
547510d3ce221301,0.6930506824879505
8e84181f60b3ec91,0.5993939152314087
13880ba898b8f597,0.9353491310378739
9ee1fb0201512e8b,0.9383201035712265
48aefa3d80da5764,0.24927772091167966
498d517a667856a7,0.5082347124940774
f07b0e35881505f2,0.20596607002229916
1df225f3addcce26,0.102488268133069
84a772cbe6d216a1,0.30468267013555256
f0e4a70f82f01004,0.713235171650355
3b639af3777f4c39,0.03357843768584604
b9f77a4295400abe,0.04205528094129817
7d646e2fd78953af,0.08479786884284898
4127b246e0beff6c,0.22115726728912
2321d1fdb21c809d,0.11699598978150776
9936f8d7184f5e10,0.03426850332570461
e2e9ef0520d08656,0.17698772889378128
0aa9b948dc8766c5,0.11151712037462697
d96df85b5160b1a8,0.3275482017541338
3bef9584524abbef,0.7208082542174535
806989faeae50571,0.0955996545633381
6fedd263e1290110,0.6846560266365181
5762314e60a560e2,0.8945904087598107
748cd550549c514c,0.5160515151147347
58a8e997e2757de6,0.10471555738293327
c13887db4b2ded8d,0.7074440669520252
eba0106899e8fdf1,0.8175157790379884
a947c7f89cb176bf,0.9564761581690301
4ac4a17692a2a70b,0.08645202954763273
2fa4409e1b6a3d85,0.7016172879228175
a783eca691369f3a,0.4135667335136452
e6e45dc137aa0511,0.15547400493157262
c589fb4e517e579b,0.39287455874711735
0535f48557a68402,0.7020032244511866
48e423add1624f2d,0.6742568522543452
d20110b1a6f20e55,0.0897552232146578
739f7cc76c78d0bb,0.8340845872126714
2d439083c11f62ae,0.7958713520711901
0c74bc780e465296,0.14397133829254294
52294576789c8ec1,0.7845934361920184
99b2421c51d37084,0.12699331822241328
de49e465a4c970c4,0.918847389437328
4c88fb93b8d12270,0.1897386851961678
dcce15e3b59d9796,0.09919914249178216
b8e0e09067432f1c,0.871543434381786
962f882f18c11d46,0.3836344375482527
34753ee28116af4d,0.5852073501659856
7c71a6fe87ccd6e2,0.20620332489877888
7ff97e6a175132ea,0.6924151114696788
d84022bd67943384,0.807312707910781
c270a677c7614aa6,0.2771503517344806
1266e1b58e87a761,0.6549177909136774
9fc631524aa3372e,0.15937085750217464
88da969d80daabce,0.7509335296244103
9c5cf1807334358b,0.2598549829669853
0e5706f9560fdbf7,0.46595107672778713
d9db7cf658a35e31,0.7769179973224163
38bb0629e63b6590,0.6707933798265264
726236f75c9de724,0.711308944946126
47ff559912cb3714,0.2877384825569845
bd567ce69cb8cb62,0.13592443220279485
6b7338c16e1db627,0.07504371510938783
2e47f13eecf939c0,0.31613655153230386
7e001225afcdc58c,0.6352282412847617
b0ba287dc9f94b2c,0.6561424700197617
07be300260466f0d,0.09663921263593352
49e2abe2ca234745,0.7146270228805055
bf163922b4b12745,0.8449370871171892
aef9d385e9ff8518,0.9091670532966002
3e364e82bc780650,0.9741405277813577
393a9aece2867c5d,0.46312416165434617
b0519105b55d4bc5,0.8158307467641565
c5a4b1418dc4e412,0.6655228173057905
ae000e40b4cdbc49,0.23839487617805633
bdb4932474ae13dc,0.7751651838886379
54ab20f1339d0955,0.260047608137863
bb6cce3b0b6744fe,0.23889314995997968
0d04ac4d48d1e700,0.928351268149585
6e3f51731aaa2c77,0.42372489341537956
783b7b163b234e5e,0.7137066525867186
bb6501e8f6ab95a2,0.10480941663667821
e5f20b7a540b7472,0.40431784314933844
726e2ec81830f724,0.8983598000397195
e8dc50204900e975,0.18261680094243993
1334006b9c4f4ffd,0.9169956879478111
3553330b5c7e6092,0.6629998631771401
e1a3e161c8b2e221,0.370829846870618
44e747740cb4260b,0.07708016733295782
00202304b4481207,0.8569964480166418
931eab5e85d6e3fc,0.29755110173425803
e4b8ca3da3eff8e6,0.1779246201492776
103e5a44f9c30ed7,0.5372708206030374
448d40536e9c5670,0.3623507635155189
1b4d4b42760e781e,0.9378943395685588
e0b110d4f6844bbb,0.8331577335217976
0d928dd7f13b92dc,0.7320845975423842
1bf6e2dae324cf0e,0.4743210766012335
b2a17e2a9337f111,0.9735171367785247
564d7ef8fb681d94,0.38373925109942075
a2088d882fb6d77d,0.8554301648156033
3fe22caa380445a9,0.6196556888852143
2b3c171024a98155,0.9047193134145957
2014d23cd7792183,0.7211974052234105
fc996643d63f02d7,0.2064834920084323
c8d5c605e447f4fd,0.5131121120099837
634298df42266b22,0.2918740133281063
5c8cbaf8b4d39f57,0.8543944504075452
a688ddfeb76eb78c,0.9063522946454368
85a12cd29f47007e,0.24692516302770243
a5e1a3f8e312e1a0,0.19233608544205916
29e076c93c2b7fab,0.8975905397858811
71b7b90e9a0b70ae,0.7319939769843231
11583aaab15330e4,0.10682261856275949
5b34705855c1c880,0.5264428259226113
26361ce2a06897d2,0.10125201225922627
2be888bcb74be336,0.526075385464025
fd96abe884c43d6c,0.8048014162883079
165fc0b6a160dbd9,0.9221426891874699
b8c8c114a79ff453,0.12087186623800657
e22746fcf084642c,0.1771407980951487
3fc60942cef4b9f8,0.6917563196893173
c78a85aab85debf8,0.5458360256464903
9c2166227724c80c,0.14299817285681185
e0291b12205c2c68,0.6131009933377629
307b5de4b89748c8,0.0610179307906064
b83469a7d7ed138a,0.6929431697368806
4726c5e084cb6f1c,0.6529099414723804
33795c308f648269,0.9875542261038465
d44b56532551df1f,0.8827573004175017
7db689f550f62666,0.5720784921499671
c64b1df6de24f982,0.3657458707279375
d9685a6aeee511e7,0.22848332300082086
2c867c13048a2311,0.8975508607505606
b3f36f5f67857959,0.29705453014902655
c8dbafacc0fb77d3,0.6223157339942784
3a1b2137777bcba5,0.12503641738610405
c9627e77fcbdd360,0.618567863920055
cf4f6641c91382ed,0.2296393840594169
fb519c3fdb753245,0.9395977139157078
035449e62c90677f,0.6898475332869205
5201d1bc5a7cf0ef,0.5632090115627749
01ef09b451cbddb0,0.4308249660255187
b98e367af7c0158c,0.0499780521269574
bec6844244ad0aa4,0.5544511674940586
ed82262b135c6e4f,0.7151023598957074
67637bf7061cb7b0,0.07765053919688211
96ef8b85b60392d5,0.9432734834910477
fc1b0a61b9dd082c,0.7673185177828491
c408b4beae948cc1,0.34019886917609193
f26323206d284ed1,0.6620518815579542
9214caa6c1a0dc02,0.24098976066020275
591a28a3c195b6f1,0.7675785141641835
9cd8a8ffb7a9e96e,0.11859715939680485
7ce580a49450111c,0.22595095289726216
abccd8c43775abd4,0.06953844130819459
5c6acd44464d3db3,0.8467113111081869
b0e58b3d4a2a773c,0.8927048671720473
eff75fe4ffdcb49f,0.8788095406497571
06ac1908fb89960e,0.7878723270374931
6e61df7259588c80,0.8771803899687838
87752778bf4206ba,0.5992953248715202
2fecec0b55303222,0.18014029520474378
d57c0fad9eabe24a,0.8845680932328001
93cc7546b8c345e6,0.9780555338999413
eb76de6938c4c38e,0.5979549760323253
0e733a579e63472e,0.3352238736026514
e7dff8305acefcd5,0.21484971761940075
23423479e34fc441,0.906943334901201
3f66f582c2bdc24a,0.6125415891775547
d312e4d7fce5fa01,0.5629004471272322
c04cd9fa54077b8e,0.2297066552710317
04b68ab2f6458e33,0.3775162142306415
35665b0fc6847811,0.628988731925628
9028f284365c7863,0.5261615349543456
fa23926a88284b39,0.9103263058833877
ff5e27f506ba1ffc,0.6927177015285099
e6a04e92205e9e33,0.8254747752801808
934c2e26775faaec,0.16180841964539983
35403697fd72709d,0.45006613730062967
fdc814fd85f237e4,0.7253734162038361
bf4ee2f20859884d,0.23984257995568914
d2d10af48a354c4a,0.4963013379676879
a38e463e1b086d42,0.7735033180846367
ba49ce0117002110,0.5278972192197459
d5393f1776772d2b,0.4867480956227412
80a6b6e9f65aa3ae,0.37177992384815595
d84698a77b768899,0.12566210537124234
8d09ae0709d01465,0.7544293375786018
0ac53b64e16a0efa,0.9375623855588522
a632a91a07ac8406,0.6264446389112719
1f2437c787ad39e6,0.8784038799322819
beb116a0a3ad4f5d,0.7601848211166686
c38f343ecf8e9527,0.1746180458855598
d04bd8d61ac99c5e,0.2909100360486616
6a279faa81d0684e,0.37253805006220386
1b49b1154407ea05,0.6928989822062072
b71746f211be0a24,0.014760018387423815
bbe0b7fa6d60f17d,0.8501001755779461
c9117e785fa1cd68,0.1602583796436521
a700a6b3a689a18f,0.5450603073631825
d998a004d828aadf,0.8742853296258282
54cfb8bb56897eb5,0.7602746635337485
bafd504785d302a8,0.9344927197129724
3f45db97b95a3352,0.3993110623470281
2364a75ca729f899,0.7841223593873463
9387acf4770f549f,0.6520108763637331
a434422326289b00,0.03656102939504091
8bbcd05afad8573e,0.9315601550692718
82fc48f10b8d7cc9,0.08776822546511963
65dd24b31c0c4067,0.5951096940641951
b25ccb8b682acbeb,0.5687329519847218
291117008b4408ee,0.6156742369793456
aae3422dfbb55bf7,0.49397731208796525
d436224afb38b7e2,0.33455767399978115
1287c0ffa2f14635,0.3717048952342684
4feb7edca163def2,0.8660478895014013
00df2416e72cdbc8,0.24678441750427682
e51c757048ea36b0,0.1712412029739113
59e45992c3fccfa8,0.6487570986720123
7b44475e4e2e3b92,0.5765633075748944
be457ea8112e2391,0.5477047818394806
1e4fd1293a611d2f,0.8454795301786093
343371989bd61c74,0.7017553217094742
6bb985812e990044,0.27938566161669054
c0be9996bfb5270b,0.38606807712867974
bb367ec1a239b8c8,0.6450723560415768
91fc9ee0920431a2,0.1265630264060554
82f2985fe6157914,0.3069656940080051
eaad7a9709bacd50,0.583456941906274
1bb729bdda8eab4b,0.07854017366278923
35320f198f2157d7,0.30571557948706973
74cd9018fd2aa194,0.40789274954651156
fd091b5e49f8138b,0.5117607189657704
917e088d530b042e,0.8818207190608336
b0e606a7344aea7b,0.5875296911576467
c220230ca6b46d2e,0.45983117073238194
2174f0850e20c2b1,0.12813623489344553
3bfea4a031f46e50,0.16361290528095263
22199945c8b6f01d,0.7957756456484627
efd4e993a8d94f5e,0.5332518885847631
acad3b0b2e72b212,0.649236485913829
1a33438ea9b6ba09,0.33728438285835666
c9a22295bdb2b49c,0.9782451595157673
0a24b5a0c164f36d,0.47209455172880255
12b662eae7ad89fd,0.41854304482163757
788a4a1a340ccebd,0.9093694635900594
0b6ebec97e53c571,0.541098216291058
be4269de80d8b34b,0.9617643315209023
ae99dff2a596c7fd,0.7380980337591909
1cc563af87248566,0.6319779345042806
95b03e2a8add3a08,0.4658302860660153
bde7f9ddcf827170,0.06427830996905502
e24c4af855561b6d,0.39838295593994455
a1ef8a44aeab6af5,0.9725419874380937
2bf2e0d5f713e9ea,0.10420835778387832
6585c55605f3d692,0.6714598085823161
4a44bfcf3c8bea26,0.14863130307409267
78a21d5aa40bf4bd,0.3263971337023877
d208a68d90d83d1b,0.5065415965379042
fabf07be02cadf0d,0.8331573401542199
3fc8a4ec51114a77,0.7253553748794987
d8da2f9a640f4e03,0.7323469174986583
f7a8212a941af65b,0.0036928448370067302
836c933a5cb4ecbc,0.7487942721164651
e292f252eebf817f,0.5127524728403794
ae7e8b931e0ade53,0.8978251207120772
c937062a293ea0e5,0.7267049714578396
673793020f42eaf0,0.14298882963227713
531a753aa5a10879,0.2713424810042413
65613b893147c771,0.6606335454327625
a3609d34533ca6b4,0.5272993374406223
c9eecf5329211123,0.9443850150272329
4e6d4f733588a212,0.6394637675917423
95e0d5ddca2118d4,0.956557251526022
4b071534952c920b,0.499734676290425
f333221664eda263,0.2657497003527886
8627e41026f74eaa,0.7853908533965247
789f4695cdd6a417,0.6086679487970923
908034eabc372b99,0.2576888384950123
984bfa387795ef76,0.7529666500739353
91c8e8e6f637fb1f,0.6660210103860381
363aeba9c072e960,0.8700725466135253
5cd6915b98d723ff,0.5326511697502683
20f027368dbc60fa,0.08032090373060236
a58841827e8017bb,0.3486340777688747
ad9e6a299aee4827,0.6995516589474212
fad46bf569ac7443,0.34221062526661694
0bdec115af64e996,0.5985161250631382
e78e15a02aa6163b,0.9032625445422611
94c1b40d53f1c78b,0.4270751393309429
c1dee5b6d55fd7c1,0.8914267836622985
502f0c8494138feb,0.07349022815219541
316c5e9c86bbb645,0.0980718808410789
c5624991cdcf670d,0.33532614298464664
e000077bf8c8b49b,0.6641995784406975
9a36d5ad49081233,0.2422769264032931
e4ac16a92daba7e8,0.6100065291290726
caf1ce5141ffb34e,0.02231390411147104
d07bf091bf998e0c,0.5749306525534227
f230be64e9f003ae,0.8299553779318379
fcfe55e0768ab257,0.25957534295715823
ad04ef9c94f25ea7,0.22393553121088638
b6c3dc163008115f,0.3215063188294045
2a0af6ff3489e003,0.591727619936831
5c098958dc2a26c1,0.1514342292483771
a802f6f7cd6d7b2d,0.42391102445311846
f0897866ed523f60,0.9049302670269809
3c1071f1773cc7f2,0.03394185967090913
5fb77ed43c58e517,0.26941769968748597
3fbcf72648af3500,0.29847412642776144
64964fe3e34849fb,0.3152894641839335
3d3b19b2da76dc78,0.6411370678810222
69eb4e47c0f3104f,0.6621590129031183
1b55daf09e9f129f,0.4073192948908301
853fa0b67eda4e6c,0.1557535083296985
636b3bfe96c8c67a,0.3747955040478076
51b24fbdde490535,0.31117613688016943
b80f84359d81c98d,0.6001451018354388
a865666aeb2b82d1,0.14327904565758762
08fd3d5f06273089,0.056981618022785036
cdac52f8c24b9616,0.9045744841262185
bdc841da585c4a1d,0.8077594774175004
8858154c3efe65ff,0.5656927892256737
29f989d45429b9ee,0.7683169356524305
b97dff4909968aa8,0.07206750685455747
69c86328a89e4898,0.09892039623552017
2d50759601edb9c3,0.7550531374211126
134be78ce02d48e1,0.6868660962173422
53b540f7c8d16cfe,0.0535137916028084
76d2e83b30cca3f9,0.4020106752708833
062167d4ccf76346,0.907615624908834
84cc2a48661e807d,0.17499545360696328
60f1e251520005f8,0.7337225168616905
781115a32396b4cb,0.4046612409664333
4c1e17c82f4cc326,0.8455384920356176
b602ad5debd51028,0.6351041096077871
4d9da053a872a970,0.6842970512059066
95f7ebe4304bd2e4,0.9584145656372236
67a8207cfef9f011,0.9844578780004271
b1c3468185b9514e,0.6404511771624333
f80ccd7ace26ae4d,0.9466678189512758
3ac147039aaf4499,0.3765912094619925
fe5cd175ea7fc09b,0.1686438969260421
9026d2936cf2bda8,0.815304580975019
a4b0e01784fc7cf8,0.7826820882173946
43c462b48d97dd20,0.6779572313294557
e36d0189d20a7617,0.2565549531672896
43c3586991f4b403,0.3566957052157453
009e48f2b32be557,0.1033086285983796
a1689ef168f2f333,0.9485196964732666
dc310fc66470ab07,0.5514265423180891
bc654d187751fe04,0.6011156189453202
247e62af046a99a5,0.4828892613955128
48f2f9556bb2ad1c,0.4980088908133426
e604b921624a200f,0.8918379829407976
e46765e152f7daef,0.6613717945576314
3d183f0c812b6d09,0.684293778884764
3a7275f9aeda8305,0.13792689391879656
1d994aeb47ff952e,0.21466881524150536
75dd9cd1bcd35d05,0.24567068103614362
a976b4932381b300,0.058743480602174276
da2e39ced8c0afd6,0.2012657173588599
c77fd47bb1683f58,0.6735168911705999
ceeddee046f39ae0,0.3722707354009632
cc50dd12d1f23bac,0.4578753679807263
8b73f447d60fc992,0.5941914607095002
dba1029662f0c412,0.4643072309080214
ab65e0876504bba1,0.7286809313434094
00754e6b5a7298f1,0.03500151685933715
082f192c053e5283,0.16644756505990072
4cee8c7c13d1afe2,0.4837134177374284
9ea9e3c8cb3df9aa,0.4154004325176837
2caa75dd78c01d17,0.8776118068628763
42ca39ab5466bd19,0.9754865806382828
939ed128e268f834,0.17825959121605178
e452cd65ed19c900,0.6144962777873988
e5ee2d79d0c49d1d,0.9069709475369613
ce0d423deb82f2f5,0.24698830418264633
3c30319ed1684972,0.5849107538735925
18968bda98628242,0.707138344792053
9566631a173d48de,0.8686688677964493
01d78d3ab164da20,0.25606966386412794
7245800926a4112f,0.6227646824476428
3fffc62471c1f18a,0.9056510447156557
3b530b29e9f5617f,0.816160280341707
65305594301ba50f,0.8241001484689574
593ee003a4981c15,0.5414509137316144
f79985b30220adb1,0.5221675274338701
60dd8dcd3a1d1839,0.8366881604462971
288aaae44688b015,0.7887232910867056
8a16369cb4554d3e,0.467858244410146
4e49cf49f79e1181,0.9439731828241746
1a6026c94f49058a,0.651243764145054
8c29813aa363f889,0.5842290759681351
5fcc5826d5f8db34,0.7958362146830186
b002c58138c724fb,0.2822588986988006
62a918db11ef3076,0.913011368673128
8fb91f382ae2782d,0.9286208726917432
af730eb0035cf0d3,0.8373857887075349
546fef357d2bcd57,0.8526468971596035
c6129c4b99d7f4c6,0.4343156758712843
7596069ac38eadb8,0.4617367253352438
9560c8310cf23dab,0.027348562959528054
ca1acdabe94e042f,0.7044800976966143
521f9d2193473fd0,0.37288802171201596
617eda3b96abb577,0.4230103896175662
8d735b59dd0a4270,0.8876713615326746
1b405139fc287a40,0.37414520815658936
e621733719a2d775,0.7355954710087195
95f4b0d76e779b43,0.628064442365482
bd6a23cab176ffec,0.05093870700165658
3c5fadc2c957c7ce,0.9589883955296369
37cae1b2dd3c1330,0.6600131604270207
0fc2ffbd9370b121,0.48327269588944816
b31de0d8e304eeab,0.8712800028053246
5738bf5ea59fcb0a,0.9197881372754035
402c7edae37bcf39,0.7076920414298357
1d79e32040c6b05f,0.9545820029938118
bf493f6f4a48b2ff,0.1621409212820626
8530681352913ce0,0.0388478364188328
c79cb0e184ac42c1,0.3385563440170074
32ecd92eb352979d,0.728993806418811
c9a54261284070bb,0.09349682815641185
e6c2ba81e397e33d,0.23485650319064297
955bdf4fc9420404,0.309672023588383
b180a78e50608ab9,0.5773467521667889
69484ff0bdf4b104,0.6327433136061298
8d62a01ddfa11fe9,0.8507833809460178
12c3df9b72ef96e5,0.2881470278826651
12ccc513557a0656,0.49218760845610543
2aaa9bc35f4acee2,0.9928721903657579
e31d14248a98a72e,0.726889803068712
1058c1f47fca2b81,0.3271889107112183
02ab14036929f70f,0.4465709228828548
6880fd1518aecd04,0.5288608428207618
580068eee74ae5d6,0.04549932674954444
fedf1e1bd320672b,0.21284649728052538
d47c1d43f9dbdf92,0.37791109965290565
8a7fa6c84cb2b0fe,0.539990150717442
089bead0dc0d7c16,0.539115300783924
3f12eac5d776ac9b,0.25735119828109887
2b55254bb421a326,0.5117134395860153
16721efb42f49e40,0.9443605047715107
87ada6cbd040d527,0.5532017430246043
c5c4d8e14015f4e3,0.575608475239938
5d499b0e085f025c,0.8766607605516755
183039182079fa48,0.893388486963281
05d6c8a5d3db19c4,0.8406280564541675
4477fb4e0a476ae4,0.7692776650494633
3965182266dda565,0.6718338799510972
72bafef29554438a,0.6754170262825276
1b31f23c3e55dcb7,0.7513463179460209
66c42c9008125f10,0.44980101400629874
5bf14b82c919f706,0.4116809420297872
2c7401c2798c92bd,0.3249755077668518
4adf517216b1dd47,0.10607531043403935
26348c70727fc713,0.9341973538779657
82c1c6b9b0ad498d,0.5090568208561029
1365ca92c2e04031,0.2842809337702508
9edbc98e397ab4c2,0.5573106801440499
1059c066d6e0626d,0.027785925676237958
af993cc3ac374b83,0.27961463245164225
f32194afe634dbba,0.5616168686361147
29de97ac80feb956,0.741249236367896
e5fb185d8c6181d7,0.3063404664161612
632347c0452d889a,0.8478010506634578
35ad7b818afa2cc9,0.8434339635272083
0e9b47d072e9f5d9,0.43481442971954276
4b2ee7a5a4d7d797,0.6750824043239249
793b579534d59c3e,0.5198509683873391
3b23c46e8aebaa25,0.8095900660734722
f68b741461469ae2,0.06612986441724045
79e144db8265864c,0.05746584861493356
09c4fd90bed2d748,0.8704527876000642
2215efb176105acd,0.8119135220778725
b4a9877c6c234878,0.5618839747675863
529f75ff399c033b,0.9478909795070279
ad20741d26dac628,0.9675083563353744
abee4fe9fcb49deb,0.17370363201249314
80bf7ea1dfa6b569,0.6938272310137403
7d637676608f51cb,0.22992092973075628
79855154621f663c,0.2156646191691154
db630a696b94324c,0.42876471678992295
2c87f55f1bd853bf,0.11168048888583093
05466a89f589fe04,0.9563864529733453
073f9b06f7bf95f5,0.047251743237919475
d8c52af1d9a0ab94,0.23397142453722425
170df691b9758d76,0.829705060021871
098c223fa7ac1f73,0.5141945350705823
947d4f80370f0b58,0.3799883316356046
66196fa0af9abe3f,0.7420046290579536
356513b3059ae50f,0.640170835341786
a951ca23d4bdcc33,0.6799885477019175
defaffd4e20a4c47,0.15163133580998592
9aeb8ce75c56fcce,0.13486978489504967
0e52e6d570d8f008,0.1689169806469005
d177a330dadb2707,0.12962933241495256
4acf903d98d08aa8,0.9777870964596568
673bd4205f6635b8,0.70452666526152
17b635201a20862b,0.5002212002388194
e31cdafcb4337eef,0.2688375539049172
2f57ad23a2ad21f5,0.744256483526476
8c76f3fa81c149a4,0.4038540800508502
7448092b980edcbb,0.7118597989276807
cc3891e28dd031fb,0.059989807740361084
05d416ef906cddf6,0.11169810837912349
d5cdb3c4f4965afa,0.270131638952276
bc40575e98475699,0.1411371236161963
7227a9d91f309e1e,0.456436574193317
f83295ed727a429c,0.17741167957372134
44f16ce1d7899c02,0.05457938480082766
219b4d22a5bcceb7,0.16175005687502833
5684d434bf545e82,0.19593204495501557
03d5ff6b9db6a1ce,0.3916585823029782
c402ad00c62dd803,0.19420418235129847
d384f2bb50d7321e,0.70984821899608
865ca8dbe8ae9927,0.43079873138540703
0cfaded78f4c55c4,0.8720191316300377
c1f9c03f1f673cb2,0.7677776982569446
80784aef1b00a337,0.7120796776836688
2cc7c6c16592cbf5,0.5156713677442845
f816697d9e23576b,0.474361299638235
e0a3063ee410875f,0.36731644002307434
187c083474d62911,0.353921615006859
32fe8606c8a5cb67,0.8768387332004677
e3b603a450f69271,0.47984227593077
13ea25fe500d74e1,0.5259543588277636
3465f2b92e5411a4,0.12531851431818816
f84c04deab8f0a53,0.8836105093012664
ce64b825ce5f48e0,0.06638688816726061
a03d161faa6231d7,0.12361270146119277
7b73399454d06d9d,0.08164393689104332
726ce1fc6c05064c,0.5978482900192617
0e660e2441745329,0.7568844557065215
d4373d25e109dcb5,0.9079088673436325
6c8ad2f1018079fb,0.07495832593184625
485cc002fda9b938,0.0976982204679439
840b1b00c51f87cb,0.12110893087325017
e7c9e19e247f843b,0.44474165548064065
4f97589fa05c40f1,0.8558925725985201
41919c492d55190b,0.7261338988584886
8fc6cb3936ed4ac6,0.49831290942918705
75e3076bf4b29ba8,0.3298257674206252
8357351f6977683d,0.5100497109259785
1a6590aa6c3d2a06,0.6381305829682711
6b0dae5047e0ba12,0.5986870973726413
6f8bc4fa3d91a3dc,0.25907261646913776
e4aecbadc139b9ec,0.33908847107248186
7616bb2872e18231,0.6510446725860355
f97102e411194f18,0.23150668089350573
4f25e4f4959ce4e1,0.37850835491809653
46d34ae6f3e900ba,0.7145121370654247
73e3288eeb552e3f,0.04475278852379982
e7010fbb2150676d,0.6794492334744722
cc2c1c680ac82832,0.08493832957922529
d025b02417a63fbb,0.6106071848999717
08070948781ecfb5,0.12838976758576204
2bdbf073750d4864,0.5106334485537402
2783928eaba81305,0.8049642349604893
51bcbc84c0f437ad,0.17971255758988505
dbecf7b9325b78d3,0.8732088710623062
39b3096dbfceade4,0.45144107520139604
4299599a54525066,0.9057418717067917
ccd92654fb1f721f,0.9657518345239194
ee1170819ca7d594,0.16678141132111374
c30ab4f74d33afa9,0.04728377196103403
40f10fad12afb51f,0.4784673479121712
f4e63fba51ec3896,0.8834823338127457
60ad4f8eda2cf6d5,0.8427432000957154
4dfcb17aa4236952,0.5596730427535611
2e54d9b1b4e00337,0.3334023925676764
47a9e135733c2ab4,0.45984509457718487
4b3c22d3da587d59,0.5437858880699379
ef89abef9807c003,0.20496113594069554
e7530eb737c85931,0.41230817461257435
dea26fe32dbe26a7,0.5913383627252734
08133a148f3d4ed6,0.796957291560069
d39b177320bf091f,0.6033781524563553
c2eeafe05948ccae,0.6993893834841285
73c8d1e2bc9f517f,0.1432171288146884
0dd4da33e5e18c44,0.5576851093794576
25e076876a1fb6c3,0.807695616661882
873d0ca47a7ce61e,0.8105105069826659
930d090798b9ad8e,0.6063694481422772
98e38baebfb97bcd,0.7658127849191932
9c779fba6fe0839e,0.18803566849573214
5bb1f9fc76a02c1b,0.2814720066600673
f83de39c4e518f6b,0.975094270254779
10bbab1f08d2e6c2,0.017239913375860852
ffe63eebf605244b,0.9779240054798187
1e55e67dbb9fa1ef,0.576978931902568
e53426cca968ebd9,0.909406896355286
51bba86dd8aaec50,0.8592735112006499
582102afed3c818c,0.20437027171576122
b280a8fb8ffb9bf1,0.5288970740488357
e8e7ee8589574a45,0.3657608109002287
228ac1a17bade85a,0.3597395193150346
2bb37b0ac11a0c2b,0.7428799188384814
5588a1f5d8da9c77,0.39655535097213773
a46d657f4c9bc8ca,0.48756823154171164
7373ad47c61f558c,0.8754197578980277
0f1fcadf13eee28b,0.7463386624105824
1f8603bf90774382,0.9389722439092654
b0dc746e7f7ac87b,0.38786008248372045
82107223b7ff9788,0.7259691478477415
a38cbc0aecaa644c,0.4208645803332742
61dbaab39e7dbc01,0.10760907955802838
85064aac24d665cd,0.10597461923860386
48be998c9a3000d0,0.3483203695488917
26b2daccb2b045e0,0.9292464155701083
95198d21e3fae237,0.2790929199553049
b2a2d7a18404d7a4,0.5419182618381823
6b178de020b8598f,0.17997338536790894
38c1b19633279892,0.5728428928682912
186d5468edde7455,0.8490137502537054
4f33d36d7b629852,0.5038824657325709
b955eeaecbe25ef7,0.8332740402993604
39ad39dbe012b34a,0.9201879876955819
929e8e2af2403da0,0.43656977474802605
fa22cc093dcf1822,0.19561641486797335
f56ff6b1c2817475,0.1851526349272773
56b30f44349ddb92,0.5995970604952437
617dd77adea9e711,0.5954197821284772
4cd7a91de7bacdd1,0.6420569042376355
c07844f4e94ce116,0.9633167727143618
692bbfe3fde429f2,0.9083650737694692
6e8117bf11d2b904,0.34407841506408177
27efca94126fb8ff,0.3861452317325478
4d2a406b540c41f9,0.9166257222892698
5ca9c8756c163b0e,0.2616791969671739
c10aad8b54af6017,0.6815655863052005
60798b007f7b4637,0.2303519976320766
805031b5ab834e54,0.4327891076864122
fea6be92744b0c40,0.951169804299928
284e4bea4a96494c,0.43265235558155446
4db0c35a634d4fb9,0.2177949372122912
351dca6bfd544a21,0.9178298623994661
c36cc7323d4f4de5,0.7450015647991678
78c350098097af6d,0.1385691158276219
1404eca61a3105b6,0.3183571958391412
2472a09a3e602f48,0.8338564385520244
5f9d50958df392e6,0.9336301728831976
ab8fde4ac70ac766,0.9388756932901434
6649908e57ee98c0,0.19740787318696165
6f6b426a42753b8f,0.3962621916437401
9f89dd1b9ea145e9,0.743199124388639
d56cce1c1c4c9780,0.374553566949594
fd794932c3ad58d3,0.014132063918783412
901c8562d025f79d,0.23139307031911638
2460966f3ca7d3bd,0.7216905242591651
41c6149d1848cad1,0.39392526848603143
2c948ba95eb3128a,0.8311163932197351
0263f07afc6e71f9,0.06280252987499516
59520bb39396ae13,0.7756923446665848
096e1b740c779095,0.530742835876978
13bcd446b5b75780,0.20768364264261072
82652e7aaa1e423f,0.11894374073365246
b4c2a047510b1d1d,0.21290953028255355
8e95fe1172cfd49b,0.47058730235882734
8b3b319f1bf34127,0.8226703036102228
8e876b9274c5930f,0.04275476743394485
74c8dbccca14e4c9,0.9810433571209264
a13d2861af1b8b95,0.7543318569159678
3d0443784b9008d8,0.6530056909437827
30a6c22faea5d219,0.7451016046853162
8ccaf0cd13ec8d69,0.9424222320276964
ea79b75b6fa4e024,0.617138553813044
df41150fbde2201f,0.47523759745186067
6bfaf27148ca783a,0.650107662252605
016b24ffbde9f2e6,0.9241913486736323
c7f17aea0b57c810,0.22969623504644668
1974cb4a4a5105f9,0.3791337965162293
ed6fb2d892b20325,0.33716666184438976
029aa7e7739f68f3,0.7242768086553448
1499ced0a7fec031,0.37882185531395907
1da835ae2069715d,0.19975933298920856
3b48789ebdae6cf1,0.537071125630476
b2501a34b4204e11,0.2650087300154358
4e1bde0d2fdb1719,0.5546315177065466
bd42c11dc1ea52c1,0.08710039057416577
dcdd441194892326,0.4719544384066644
890cf601bcb4d1fc,0.7874922292277772
efcfd07026d6f75c,0.6657699643387204
6e5921c9eaa0bbae,0.4800140213401205
076e6b937f9e0f1e,0.9362752293286211
fe7aa6148631a52b,0.36164818022644674
0204709b122147fa,0.0654888017161786
3bf87c4ce9af3343,0.07710984091736538
e5d3cf73e07cb881,0.6792782254471769
d79da024e674f570,0.737758576189637
f137410611053710,0.05947153586225519
4b48a5ea7d8db38d,0.3343781298596305
6e5b5708c1bbde63,0.6814972335348899
2e21f1e2f4f0d11b,0.3389351006434461
2fcb7b875a97fd67,0.9065079193823544
c9c50dcabb2aaebd,0.0871474654987284
ade709965be588c6,0.258494417100709
e99ce68035fd1383,0.6684622172546593
9abdf47140639086,0.9833289454581218
c0370f3f688a69d3,0.9015530153176904
023ecf078fbcbe04,0.507103319275896
9366b2145d9ffbaa,0.9379129546347903
907dcd98979cefc5,0.1586398082996219
1430d1f8417967a9,0.4123453292847326
12cf954bc6f7953f,0.9725207175447463
9f439978c3ff1caf,0.7709104520475359
3d566b52640665bf,0.8855298331447425
1da24b04359879c2,0.2642812995496232
5fb8e8cdc5a458af,0.579118256463052
69f63de79af9dd49,0.7024919800486522
078cef5b5f6aff6f,0.7884220431340667
ee64ad3ef7cbc727,0.17257319606944968
30f789de29e44c84,0.9439669681629275
ed6dc35d0f6c3f4b,0.98889533182176
24171dc6016596e0,0.7606356686137971
d9753be4a4ac4d5f,0.9739977002339752
08b18f56dc4a9978,0.5899890272695287
2fe99f58d73a842b,0.19720049274268905
231cb4b19f8ddc4a,0.10918049736116352
a0f57bb92842d2c6,0.2562785106058032
b451e5af95310e52,0.6414782141296143
4d5e3c273bff2df6,0.6686667258033426
69445874395ad7f7,0.1404935595592051
72d5eb4d04446c06,0.3065048226345123
676277c834acaafa,0.318436269456941
345fac6fcbfce3ac,0.6556218321344589
77268d80339453f4,0.5334593244091395
0a3d332e3608b10c,0.8386031141752375
3d3e247d278aad6c,0.9734047286336568
c6d0f1503380066c,0.9806552062912409
a7ccb8ff054ea663,0.8792911672427912
d3b3fd3963b35751,0.8607754513225885
e361e82e1559efea,0.5724364967081782
94f03a339108fe12,0.05154839147273216
0d6b47fe3047807f,0.5778845506727462
f0d2a9398458201f,0.19815311248204995
8189ef648444f31a,0.7235268813593803
b341aa9047a23001,0.3838252978931997
0b603f589ffe5334,0.8808951383497613
dfcd5836b6d7807c,0.9255790072661071
c69510f82760fc8e,0.4741625407577559
bc2b0e3b0279f394,0.09567899167760513
9e59359a937dc386,0.23123721768362235
9bd6fbbffc3029b7,0.4692089316990947
78533ed0a4d75031,0.5225863359682091
24d3b857d9ec7516,0.9430624622002818
d9f1874f6346d786,0.8050266225848607
6588a72e611a860f,0.332980315619907
52fef00321899df1,0.8519675587242822
b3c2a81210323102,0.2864206872549259
c1501d30afd688d2,0.40443003777656505
2bd1f2fa8a7cdbba,0.27578644575022615
7472a7ac18cd8ab0,0.9231220474307232
b1dcab1c1027e375,0.7434120972068771
2add558fb5890d0f,0.017220707265592168
51a6b2ebff82bb8d,0.7629615938949124
3486d76917d26380,0.8163108681821278
7d9915dadeee6dc0,0.5763444907380163
1a5e5859e62a5ff4,0.05911976163287379
ba7cc06ca707247c,0.5447360540851991
3c42318ad81df936,0.11162433685930792
e7f32c62736ba8ec,0.4468812125347039
01970049a1d79ee3,0.8339052626101707
c34d08417ccc14e1,0.7453074280389245
dd08d7511ab95a7c,0.5026413668832838
147c9ed162930636,0.7300921505667353
4d55d8c7e32d9a9c,0.3910128984034483
1df22e6d0f4be856,0.5200791000838034
29e5cfdbc9735f7b,0.7293800324709386
529dfd620d6ee22a,0.4207682294504438
22b829fba260c24a,0.2761527364865996
712c502ecc45cac8,0.15110692006973736
2806f2b7f968844a,0.5214325782240816
1ff716c957da8f4c,0.23091061548434497
33a651d1e2266900,0.9757541560023001
01aa41460821647d,0.5898706623626737
2728591ac3aaa7f9,0.7823114420533714
62153e0ba99bfdc4,0.7970248481605577
a336835871390b27,0.2935372207984289
66040815dd14bdc6,0.29728657142665266
e0d8f324ffe3e925,0.7808090226200713
e7d245b8d234167a,0.22768413541910482
b30acd5fe8990b03,0.9739738369561375
8b87df65e3f61018,0.5059641841162199
92d913128fc856dd,0.634685313149836
c1aa97bf3aa49c01,0.4865270315063294
37b85ed57524087b,0.8808777865871772
fbbd2368a21a9e6b,0.4325618388598942
39795c53fb16d719,0.36734291807782327
6d637bbe837caf77,0.5632721989349125
ac09426ca8b44dc8,0.8445916075714187
0007a5bb7310d604,0.8710294347933005
f8c5400d321751bb,0.9328196099961005
5c5d74b2ed3fe0b2,0.22151791581818941
a0d70afd5aebab39,0.27564183349649907
dab67f5669ab1b4a,0.7398387600744425
b094a6aee2983e4b,0.6831254579728611
76eceb39e4bbf598,0.6869373773638103
08792ceaef2278a0,0.3421086649575057
421639eb32096298,0.572217025468459
3732446a2dc0ff2c,0.4553294279926531
f42e7bbaae983e33,0.8159840828555703
1d7a33be5e41401e,0.441478380431774
c94efe294bf687bc,0.760247088084414
54153bda194f6353,0.3096513869203895
275f14633d4a7de0,0.18653912618176266
7a750521e7810b4b,0.9243211685848733
b94bc2b4bd62e236,0.5814746164114319
3c2076842f11afcb,0.2574358479133025
53c3d245534bdda0,0.0909847285404459
bee1ce38b4653a33,0.22988084616467164
7fcd7a8a7c44d7f7,0.1120061971402422
60fc2edd396bed1b,0.6083149053644594
df7a1a739d1e3d31,0.7101738209969588
293173b622ae6047,0.5768260043412026
c18a9f29b23ca49b,0.28970118279588775
4497cca94390df91,0.4016196450395439
40d9096835771f2f,0.8037084139806621
ba30e997b8338d76,0.8214770172349587
56d89283c0f5c7c8,0.4041371466452663
f460984ca4f4f1a0,0.403959934790825
63585cd6e35862a2,0.3551159186435895
26e41712e705d5ad,0.6793990646884289
0a056eacd56539b4,0.28301850539590934
9060dd63376b8616,0.5443756387379945
f11e51ec27009738,0.7422413979544574
d0496dc870887d72,0.5497707786970749
65fef6d3fb26ca70,0.0328041571495767
a586684b41fa9769,0.718148586275379
3bb2f0950e70a234,0.5224564288554103
6c6a97e3ad10abbf,0.9268393912765478
ede33053b334b03e,0.5940225200185592
0dfab1673fe84ab2,0.4615349085487466
f65b0230673c2e76,0.5585277086692156
5618ac6872992ff3,0.9778153330141286
77febd71dc7777e6,0.9161480070983637
7f54b45c8c0b9310,0.8850963561928085
9273e3e5412cfeae,0.78869650881731
52087475796918f7,0.29045725313701165
643455f14aa1df04,0.042065704749824885
d1b24b005a16d2e7,0.6886221937697207
88788f98d41f9611,0.6826018281477532
bbbe50af555f1d68,0.5063996545456322
1bfe964817713a25,0.9948909862566747
40d6df07da814020,0.866687575020599
8a96d0eccabff7b3,0.04113762270455589
439300a43f735490,0.10459045976803964
bfaf88448d1869a5,0.7348406415510043
1eb331ca2d61f16e,0.8229177347828558
5ad8f23386d2ce42,0.8523103840768947
69ddf95fb1e28199,0.7835582489251617
6c224fe2f90a4ac6,0.32247191076982373
7d2d81f3b2e16bb2,0.8610409279962227
306bcc14dd7bcd69,0.8705489059471807
db0b579d4d6c3202,0.061824149219043265
5e7670a553fae63c,0.6035551976806741
999f8c054ed84981,0.30318159872974465
645969c8fdeb22a1,0.03014958627478192
6158cad9f5117a45,0.40648682698182054
3717d43b0bfbe61e,0.7224332358520986
8ffc981637d61bb9,0.3282871518184271
8b934f4c25070ad8,0.3007037850198112
15701cad20890a02,0.47614136662427675
4a22e527eecd22b2,0.5847431484587471
6b7e69ddbeb27f14,0.8974623453112602
c44f66a5254d5ede,0.9413362557331686
1dd06cc994df91c5,0.8291452114665587
43da23e0c905b332,0.6475758506310432
cef6bb5fbd6d7d4c,0.10956832989289349
74e65522686e974b,0.1680411831906718
b2ec41e4d4e17991,0.3608423123581607
7adfda5837586ee5,0.4053267116516228
7be7cd83da184778,0.7187575984669217
331453c919db4a8a,0.29231358216161973
1ad90b2ad8ec5751,0.05194604289142253
06f305aa47e1f3e5,0.7531949767527741
5d77b6a032a98222,0.6526141602092089
2fadc388cbe136d8,0.0901136687569479
3a64f59d79eebaa0,0.4639768085126472
e9d4d3a03ce54237,0.7634623916903059
5bc032bc2d4db536,0.17532608215133805
42afab27f6d63b09,0.6929209851772042
0ce59aff9d61ddc0,0.6908400237215121
c4b23b3e64f8fa59,0.1433132741454217
df5826f4adc2407c,0.6465835531153686
1006c7d207337c5d,0.1936442144326347
74f20f15f7388f9c,0.04433479686053993
e8c69436b1cb3320,0.3266738981938838
609680f04da9fb46,0.2064356930075914
060d99e1fde9dc79,0.08040128141606795
6555f0c293c5a1f9,0.7599203992134026
cc835ba475e9656e,0.7567447545801024
960c65dd29d3417b,0.46260577944226805
c7596c71a0f505bf,0.12771982135884946
3f3297df319604e8,0.7011889883610715
21c886bdfaeba657,0.9545769050080777
4c47eb742008376f,0.6571041524599787
0360ab7e3c03e1d6,0.41126282640080075
106e8c5cc993ce96,0.6114728630039831
3f189ef767336273,0.6420613345184735
d87c2b5ea60e2e70,0.16167129580306208
924a02ba0ace2e0f,0.2669707446441232
e0a93aee5351fc40,0.8651182280494503
60036012aab0d68e,0.5989299019019555
92196298fd1f0a2c,0.5012544317147172
2c9507cd32c0dc32,0.09957921791731968
f138d3401d1ef8d3,0.13174795076963913
0550e84ce3342ea2,0.8870828010070313
433b7b91aefd0d89,0.1670608021619252
2f084abde9824f95,0.16399291263619534
aec34c208a4086e3,0.850373317114825
77832263f798d3db,0.5734604525391646
423646a4264a51ea,0.5174056256373265
99a11463587499b5,0.6539552189368254
5666dcd2f61e1fdc,0.4595885573399189
414bb3e31a06b128,0.9454057153292904
9825bfe27f61ead1,0.4759419759895687
3e8b0ac764ba974f,0.019939157516568048
f494e58fc4f527c1,0.3278060935786203
4b3ed9d300487cc2,0.7864269102841602
064d5daca103bb1b,0.43410330560087307
1a4b5aa55f664cd7,0.3318861848300644
65fae5433da58938,0.38255474591962835
77df36f32951641e,0.10010030804748647
2734faa9175621e1,0.964729314068223
6952ae6c0325e147,0.07424635210103592
bc49ff32a733b5b3,0.7060439464030441
ddb437f22bdce5ad,0.8684190766745394
ad2ca89540526e80,0.971360476919354
8eb86976f1f7faeb,0.9668426080584898
351b2cac3bb60649,0.6979225757222168
f3685748a7717d4b,0.3260189754317818
af64f4a787a28c01,0.11090986054777384
e41d8e72f6a6da64,0.2911953761616867
43199fd3cad0d080,0.6354857755411472
08639490dad5a32a,0.8723091776214809
251545c20caf2d9a,0.5401546299267393
657fbf140a397f3b,0.4057013298042153
d28dd01372e08f90,0.5357092157668547
fb9bccbf5affc835,0.1326625059721725
0c3e0f0e422bc214,0.7474837489424678
b6fe616b3ee4f983,0.6493141986883132
1a05d9b0ab2c483b,0.5906874774158846
be053c37d8d326fd,0.48902530487492935
b0cc45542dd09eba,0.49059451654876585
0d1c9ebdc72b57f6,0.3421106430508587
926a38d305ede2ee,0.8828145026035868
381047d838351f95,0.6500991346897195
5afb977a1eeba5b5,0.3456454779592732
1ef7c785c8633cc8,0.44614537410143795
2f0bd78e22c8874e,0.7581872207258165
2765e2bdf659e633,0.19364269154825445
31756eaf193dde51,0.24321180314107826
ba5f5a3df72c6be8,0.9122571097698875
90e87591d24ae44e,0.31248751471022757
f9f063e55d3db8b4,0.599549621157269
3ef90711b7e5d86b,0.6828881603526257
ec0a6ecd2422c215,0.6438157651105089
2a75009bf5006a5b,0.36158495572113436
9edf622febac0e4b,0.5879995004906968
9cee551773541f4f,0.43501366996721075
2a07f1c2d7378d29,0.5309145052334754
aacdb09c08c9a960,0.11795607081277339
df9753fd02aeca78,0.43938691683096137
ecc853e05f1891ac,0.6218440910844634
859bd8582d3d2811,0.5824017420261147
a124273d56f60796,0.5017350517275125
9cd33034524d6b66,0.4174216440396534
9e58973154c42431,0.08669710384838211
fe78518186335668,0.050454424337351936
0c195b45f68a8952,0.27301355621738765
bb6b109cc9317218,0.0806617404887326
a58342d3aee051b5,0.1763803504315766
48f975291ebf9397,0.8400061360567943
672604676c29d735,0.6016568204979803
144b0a7e9cb057ed,0.9130783165528545
02ea6c1ef4cf0b61,0.04528911194359068
fe3c47193f742bd1,0.28434974367812427
782fd306b790e8b4,0.5608880138848003
53f0ab0c206a7f5b,0.8163967512239437
2d15bf73a2700357,0.3604683139139356
569b34b568032161,0.8304970186179369
d98474765b2d7880,0.5607919966646866
f3088caf81ec54f5,0.9221852594194749
884de3bae564118d,0.9500540013610198
5b62a55571d795f7,0.5852966697117332
e860976e6aaf78f3,0.6512955322471664
bc5f8d0b2f9683ba,0.023069446419345822
92555d85c6369cfd,0.8816487220960386
189861fc294e0daf,0.45055155224498444
b8212e2222eb4313,0.10092212051246104
53afc56ddcd63d8d,0.6267507781283854
0592b0cab7becf5c,0.5127958090583348
ac4cbdd76a84da91,0.5524443029909849
f2eeb139d518ca60,0.7636311247475657
e02fcc8b8b63c0cb,0.30070648858672144
a7f194a18e15e185,0.3707434257946404
b9b57b5beadd1490,0.7550365705632147
357c4988d289017f,0.33726462222698333
f0d98c09bd71837f,0.6146258563649358
b1c0df4bb0c82383,0.633072141325152
5bb361813a233522,0.35991445823015955
c3eeda7b200e2c92,0.3183995100644283
db0460b8a23a94e3,0.5657637481307285
3c80f795a35190af,0.1503540278395422
ecf5824d8b392491,0.11016593665243643
5fc7a11376239e12,0.04510283481869353
2008fba1ef946ecb,0.7237193794878172
e2aa59fe541e0ac8,0.4056631226369551
09b5c7802e6b561b,0.005531672365902781
988df0719acbb76e,0.6495150957634631
48d79ec301d31948,0.38988434799051025
d288ed9b89b3675c,0.21558861415921993
75abd1caba2694a1,0.3202393952985376
3660f3c735d8a187,0.487764593098255
0440ac4598276f6f,0.9037926433301231
836bbb09e4831df8,0.472870786496874
51432ea27e463eb4,0.31393689268617153
3fd99194e4efb12e,0.10626482932355209
ef1b4ca1f2c1e357,0.1910987604362478
70c464af7e1cea4a,0.08991035069479636
54c64f47d761f86d,0.715680631222087
333dcb05411a601b,0.28454846121070027
11861d1571dcc3a1,0.30434639103485145
20e00d08f625d409,0.6903172115195858
8574c4f5b2db8c92,0.7818539981919507
95feb433faa8520b,0.9037553512487984
1dd496796a5dadff,0.30713419974775363
c1c248e8483e9ef8,0.2912697545731084
5e0dc0f0f0ea48f3,0.19641404389514933
7ecca4d6c9eac123,0.3998938872001778
58dbf7650b2286e5,0.18567633931522046
4c62224901fd183c,0.5230238397790692
affa636fe0cafb15,0.8606520797780765
c9f2c416d003a925,0.1026943102491361
c19024a709757f11,0.5664724817353511
d3444b15af3a9536,0.674299008092325
2f54cc2167b0cfdb,0.263422110219617
d974c7d47092679a,0.0636320818941616
1f04a25da2b17ee9,0.7344692763956702
f133299dc49c2bf2,0.13503977488535773
9542ec8d29575b20,0.8761491928545865
6e476b773a15e2f7,0.2054832717753822
c468f0fe05876276,0.2179784934765024
1bdf15bc47508221,0.6276093543343013
687b1d6eaf1bb287,0.7788798236652816
fc8590ee9d55c5db,0.13102346530675715
a4379a3efec7361a,0.05180560176881902
30a2e56d4d608b28,0.7183768011375986
4b400d52635e28ff,0.9725720648123827
992d4d4846551047,0.837084851641096
b91c089133d42f62,0.412627528225691
c98879c523da912b,0.19039241829100448
7c8f510d8af822b4,0.6952630642741365
9d674a6212b3431c,0.14996274580074279
d3da05b2f284cb87,0.32747107316233465
853ab873686c227e,0.807151989189391
ee0d55e13012503e,0.1359429350819485
fed761caa06202e1,0.2315912467324386
7750406f980f78c8,0.6977580242668593
e8770d9a28fdaeaf,0.9367929238939282
4025856444b9ab51,0.22752523362294383
1d0cc87631f52974,0.9874199262560359
f87d2af1aa151b69,0.46423790341914806
e2746f6359714da0,0.31847334394274374
6b20c519964ca8fe,0.22851913863345116
ac0ef70a6dbe1ce0,0.05802350946860026
29219b6baa3ffa60,0.6463683195200812
ef5245dc0733939e,0.41396965741307196
26d625d3997169dc,0.15359227249818988
ff9580c0b2b1a370,0.7917070495664963
bdad383d41eac454,0.00675423942596749
a6bebd6247dce4a2,0.9080004640829469
846ab5063b60d099,0.9625469879827138
1e342d4cd0cd2bac,0.5405405152987037
b111d554bd56dcf7,0.5375572415968588
9ddbb649643fc0ee,0.8774545817761916
0dc9c8998b42da67,0.847052665773243
80444594c0d4b5b8,0.41769637984475794
9bf8b2752ad4d752,0.9200591252665854
794812675f553fb1,0.6642060533884991
c60c7cf09844c202,0.5927078226611687
06559b4012a85953,0.15308933129557117
dde7362e34a81ac2,0.48910934917680277
fa1ccff8a7481b47,0.9069312201591121
89c1eb286bad23b4,0.0548984733948418
b389067306356b78,0.5646650213651389
a4328554fc4a45e3,0.7081864010409742
fe2ff0422ecd1440,0.4503895536210298
e1f0e9e0dd1f6a8e,0.6865619522058902
e431bdc8db1622e3,0.5716750443956959
54d5ddd4fde3db7e,0.1039183592411494
d6a2262fc314d2a8,0.5271165904552458
e7039d9ed0ec0c39,0.14305100535969753
357fb25344e0d8ef,0.4318872315228173
8479ceedf945cd0b,0.46997632018892077
30e12f447d932d19,0.6749496853897814
a33acfadc007c5d3,0.833184126310951
32b72fee7f2bc37f,0.36261705056005084
e2ef0cf7c0138e95,0.8387600978941692
c53a5098d3feab43,0.7855283562540081
2d1a504956a9bc59,0.1065881523816249
5b9d63bb61f11842,0.24173796311514073
f8fbcd4440a074e6,0.670602735784319
c18b0ab8490d1c66,0.4540056468580425
18cc6b0ca558d790,0.9023015313891954
c78d6d8adb708879,0.09714231798115992
928fe114a90feded,0.7035707017393698
806b11fae1f6bd45,0.2894214567123864
ac8d5b4456a25f98,0.2894349652631321
0de3b4e998fb61e4,0.08303584029666192
0344ee3e70daaee8,0.7023195162984226
9459a694f708e7cc,0.04693566036914405
f8f24bc3cf3562cb,0.42567497203432797
fca0d01a476eb58c,0.34253981307616743
ef25fb3354e1c732,0.6771135012193817
83ce56a22c714f81,0.850124168778709
781864846ec190fd,0.2800625028822586
99c27791616e6a14,0.5789059376063647
f00a56545441ae1e,0.23708852366905603
160c77c56d0bc3b3,0.08321767013422444
6bc7f7e6a8dbe398,0.36802226298230123
565c31dc34339cb6,0.8462924935264861
d47a57dc58d8cfca,0.5329411104367546
7d91fd093f331634,0.8701550494513983
a33fd6143896a064,0.06772238166590983
af6776fae916125c,0.904088020352052
eb63791dfd566fd7,0.8036749500249777
fd94632e98a57fd7,0.765635343703981
7afa48755b2905cd,0.9181456432261865
cbfe89a23b516339,0.6787354217270878
bc9eb4d602b27458,0.41554715677223847
fb8b7e3482eaa33f,0.4400875287059781
0d172dce11eeef53,0.33605766188133646
6cb7efe2f15a8b1f,0.38039188264463913
0b234c8955fa5560,0.138156944296068
1564bc14da2389b8,0.842418648787803
11d440c4ffeb2e60,0.4076043795653843
fa46240b99291663,0.8199600902201503
52eb5978e0a48397,0.9492124371834835
bb2cb3fc47f785b4,0.8101183801981584
bd402ae2e81bc456,0.3493736550316755
5b2c73c3c2fab67b,0.012524206767490982
558785e2cd64bd4e,0.8034313211128202
d8d0cdd0e630be6e,0.9890679974251585
54a5cf67504e37cf,0.6191259180113805
b7225c4787addde6,0.2646314542944626
2e444cb3f4217098,0.22896800638217382
ae6ea7b6c44fe6f5,0.7365620436774799
8917e3ac1e161b77,0.4207820272782356
ca8e1b8f4b045be2,0.9361869225765108
b16a002c43cda488,0.886895444750166
38988311c0c8e2b7,0.7807672582748499
40ac9a289f991b8c,0.5028349984766723
83dbe87c0f3ff118,0.6012726784913689
d8412746401ef6ff,0.13843369383316168
95a1b17435300c3e,0.5753536948809844
9576e0a63d76b324,0.3649857203855626
8e43c1faf8514a42,0.011835369422416952
64462847893bb0c3,0.7644472058717792
2e8d60596fe0288d,0.11131021086142744
e3064eb18f25f417,0.9099262602833021
5c24da1b9f2ac392,0.05309493041059078
ad26aaf8f4bdaf41,0.5048393695317809
a21097bbd8645f25,0.11369748344784668
cffe1ff942479449,0.10098360600703199
39170ff154aa8058,0.6888863526029873
0e2b77f6fe4d94af,0.7872611935403168
4fb4ed274c87cfd9,0.24226531279123253
dbe218b606bf3cff,0.5839196413404535
b1ff3f405ab15e62,0.37803958134701926
b77bd0eb977bfde6,0.025676714100904934
c65c01d13c9051fb,0.8251590381602646
9f7d2bd32579e9b3,0.396881012490297
1d42bbb95380256d,0.7516279189455164
799c5bdb519f3962,0.5641155873936438
af54b26cbb15ae3e,0.4254565359769976
9ce958c47b1e7d3c,0.719389953438745
d39bba0520b226fe,0.49100118576328755
c4923735c16e8881,0.024689842761565186
43506b20fd8ac430,0.35268428464151214
685b0ab35ff084e8,0.843574713418194
03212fcbf4fcc22d,0.8427442071139308
7aff26a87411e8ee,0.8277655372423096
9af789cec1453f89,0.0801423127759572
41f2ebd04afb728d,0.7295072929521733
a3a3009c55baa210,0.9834600596078956
688382bd40810598,0.46784678439910815
42cce10beb6c55b1,0.1947518513407575
59fe211f9aa2b83d,0.7902845594043008
86466c925086fe3c,0.8767333256993058
cd36f54626e83a21,0.23827853962495854
ded728c05e20539a,0.8376258325215484
0c7fd3a164040b3f,0.8386710714455071
614f526f552a972f,0.18980133012321557
cf076cf42abbd2a6,0.20334696281497341
e20135d1136fb289,0.2523400542344989
2b40340f15b07950,0.8606348354263272
92ea7f3ec80af25f,0.8965333071017824
1de6db095fe81c3a,0.8033253195596964
e13432ce761076fd,0.49933160571616436
ae126eb3da41487a,0.16311193432969065
05436df37c119ff6,0.6539625887221882
b9203ce854a26300,0.5382245844108166
e39f8336b7fa1f6e,0.8226121779535075
2d031b0318ea5a02,0.45377726912906635
54304b5c419290ad,0.159503151166906
e9b3e8a0a4077e28,0.09342210866551943
1dced917867d765e,0.7606785484149191
c004a070a93054de,0.8424534292400832
3fa194a91f4562c5,0.4038568778214971
76d5a2300ca56933,0.14247617220173484
993bd3c445b80c92,0.5571026304654623
16eff5adf0cf07a9,0.9758893845255306
19f4c91cd1038cc8,0.15562039386705614
4ace42dbd199d1b2,0.3669043658352282
8232534ba45ef07e,0.6460788556032654
a2eb06ecbdb56bd2,0.1287850672897346
e33ca091fb503e03,0.5775624586265455
8b65603997a5d0ae,0.1932080825490075
c4702fc1a3b838e1,0.4046836970735082
0a2ca915437c9a04,0.15298962410928152
6e4d60a1e5913350,0.15933223245586364
0eb4def034c0e542,0.9488668133561342
0dc7bc6ce45f37c8,0.04969252659868395
69c1bc9b1691880f,0.6542804096034595
249619e3bba248c5,0.48751781988154036
8a0925f386616243,0.5439987657886444
c609c9019d1d7b32,0.8125150679000379
dea132cdd56b9c8f,0.8926621256811635
24c6ff18b883edd2,0.9832375096300756
06ea151cc4ea5974,0.11076279355231486
dde1072c2340c07c,0.09006575519559032
bf6234d11406ea49,0.37959416986525246
610c0fee53d0cf9e,0.8314900652209712
fc0691273040fddb,0.7730310358772893
46bbaf2bcdf5a362,0.4895941488853921
6f4198d004803569,0.4042595273627686
3f726ca9a49e022b,0.24759805881367686
2263ab08ec01d546,0.22292098747577507
dc2a61d22023b42b,0.9830577344322117
9cb03c429bd54976,0.0594815356034863
d3d5427c6c9640bd,0.9030621415491442
a356aac05b7d44bf,0.1984549226673781
2c28820cf1ae8254,0.7561056826661308
cf49994228b74e3d,0.3772785780406038
ea984ee0501b30dd,0.45569879594087565
3639d96562366ada,0.10599885445545235
007d989968211b0c,0.3457801257319879
47b004a1df7ac9c9,0.5033442825365705
f09cbcb79049a436,0.8755838786005987
d3e17fc998bf6787,0.5013012868537844
0c6c8663f624c58e,0.16745070200149867
52720efef03dc54f,0.9456984078431466
c6a5cca33f57da61,0.26291663244843805
b1208369a0074122,0.35481960796390255
b0563e971ad0dbda,0.04705256771208512
a0bb9373f1dff1b6,0.7870399457403761
607b5d747f350fa9,0.8138634954624834
8945214e2c9cda71,0.9000196912840286
7fdea294906af44c,0.8784178039219745
1f3c2f31d844d10a,0.13832075178551673
248eb5a4a5179bb0,0.9634016608128704
f7522ca250fc8477,0.3822668411278808
3ac3d9675fc09e64,0.6582469733385587
b65116a131be84cf,0.8575963131138447
7cba939dfaa4fb1c,0.9242308532214165
4e484a321de70373,0.6676779544339566
48c00464ee810da7,0.7821995795670084
11c760a8108e0ab5,0.8882903667335119
4ece5849758d2bbf,0.4256000083008489
2d34cfaba66dade6,0.9044417814054294
597b3aa023ec1731,0.06732201183967278
65e095698c6b2018,0.7675021034010765
d4685373bfa64d8c,0.16534644680438185
b2a24aac339b046a,0.509669971789555
d018e1502c830522,0.8266379384463729
b4a5d705266bfd48,0.40727473424197946
1bc1ad21db736edf,0.3517970964864315
3584862144963b16,0.3629984814503178
64acc3b4a0341a38,0.12124584005348864
ae1b7c2913418b6f,0.022756219976687288
5ff184c18b029b7c,0.2031151873916891
d407cc2c1f68ef5b,0.8596206867540728
10610f40d2c4beb2,0.11244691957514179
a8e72b280bf38b81,0.3181453627513821
4802ee9701571a2d,0.9845544329901594
c0ba503ad79cb130,0.9955846439395227
a428e18a2571696e,0.5605235780998148
d973ea3bf88a0f3e,0.7604506690082636
cca48a6fecdefbfd,0.5288653498438005
387eb4b1c9690ed5,0.19605928103365772
f9b045f246df515e,0.8221750828861927
b8aa274fe0062de8,0.9222354721479961
9d67fee3adf9e1fb,0.7998621747512439
3196cf2ddaa8893c,0.7624810252703554
c6cb67394ff79930,0.5715698723776526
b713b9f13a1a825f,0.4931044456555766
0c55301e8a9a0e8b,0.8525775371754266
06cf6a66edc51d64,0.8547158996371229
73877568d5adcb7f,0.1336431870222839
6e713b6c6d9ff701,0.7071350847716985
35b98290788b0e15,0.8913185036096455
c1699d21d21f249c,0.35580629894972193
4d4b1f0d9defbbe6,0.9365490473909251
c1eb4bc9fb4e0c7f,0.6093474282546197
ac64ea4bb93cb2ae,0.7980400984350327
a6c0198d0ade9eda,0.8453908579301554
4ee5d36590d4f29e,0.5856021821020705
39d7718a5529cc62,0.024422778153416536
4f6e36e222d122b1,0.4712566871291593
f7b65c4533428cbf,0.8490555487539331
32839e57f8e1ec72,0.5866698851349399
0a631a26c3a1a8ef,0.737912485118907
42ae365efff05b84,0.33942429275430885
aaf16c83ac07884a,0.7355709497836805
e3fe57ec38bc0cae,0.3676234131863272
a269d748b94103bf,0.3649335584318903
29320c0461eae48c,0.09732412728381044
98b75056b390e87d,0.8430601277981589
a18aa53890bd84ac,0.7422383402737961
fc5a2a2354cb11ed,0.16918086050971673
912408725cfa628f,0.5542118004571385
6453b1a068b68ddb,0.7869710827232396
d95e854d614ff5a3,0.6471808344082636
85a79337144b2a84,0.3852237580741841
b5e18d3eb66f6250,0.10765938730462024
3b90fc3f1087e3d5,0.14506885937948386
36f89bae0e5df26e,0.6715102571006225
7de9a21c9a6df7bc,0.9422515984725983
4ad662d48155a76d,0.6180423380728928
1016d05cc8d07dfe,0.5698372639807201
b0a028857d9a81dd,0.48129712148644493
c7da65ddda5ab002,0.7903783703617733
8faf1048140782ab,0.48037489727639565
d0f1cbe5f5c2cc97,0.8259455854567931
766a85256e2db000,0.10532355060451157
83f8495a5ff0fc2d,0.11686427214352804
a57ac84facc6651c,0.8700738022036268
3e18333d2d1812a0,0.17736528958272935
2e2c93c0b28242d7,0.8058725562519389
290025e556e7a964,0.3277208692533578
34abf7197c7817bf,0.4995777542126375
4c990af23095a8ad,0.8833822160493806
b30f0e7ab6ef02e6,0.6823592134413611
955f054ef8ac2a98,0.9921173397068455
efdde8377abe8fe4,0.6488654192082849
cbfaa9b940f4c2cf,0.7979438137128814
51e64153531937a9,0.8795112196562045
3b7b80317148399b,0.8525503758326016
b1de8383db45dfc8,0.6704480069821694
0d3f9429ecf4d4c2,0.06778516025871237
c4499c39e29ecf53,0.41785052593299077
7800f7a3f936332b,0.1021672051081652
b837532e3fdf4a50,0.3721472243393968
c681da0099cefd6a,0.22602473062370426
c7acb3b5705e68f2,0.18480163353722828
7072f5cd32c791ed,0.9261446215910758
00b5216b2f2dfa33,0.999
b2ae02f82d15b4ad,0.571654821119814
5ddd4c1db54b9114,0.3840561671478649
3e6fa59b53549aa5,0.3943425432698335
6b853eda68180bf6,0.7880052535491313
0ee247af650122c3,0.968220852642964
9e2c6c5193f21067,0.21078465154499887
6cb5b3e20565dfc2,0.8889146154229634
dedaeeed301662dc,0.18034316102425982
7244a91f3ecd611f,0.04385655294628634
d5447b494619e05f,0.6012017679801194
d114e64d8dfca5ca,0.15847275859119986
762e061721ae89c2,0.03596039419793493
0359613691f7c01f,0.39337245655104486
ca90a47bd789f6fd,0.6744010917885599
b43584123f43b018,0.30349406032638565
0770e000ee552df7,0.8519877369502582
b396a1df0d592f4f,0.23654100598841626
51ffd9a173cdec87,0.9430675130685329
38e628d583de2dcc,0.24783980252829196
5e444909efb4f076,0.4722780550090943
147047e5cda600ea,0.7074198650683171
02f5e786b6ca732f,0.29074053204893824
b29abac474eba51d,0.9732246155963217
14f09256775b5595,0.7190770398216082
4132a178395f2d42,0.7752661289823928
3ecf5a5ba7668082,0.17274572727241516
f7b8ef9f4baa3954,0.9337130098755767
344ae6cefc6e5e28,0.12122068227693725
9f8993a4d3fd8c66,0.49373513499648447
02fb2d64b2963430,0.5822943481984622
cc3e88fc10db73fd,0.7512108703758789
e1b25ee0d1bded29,0.794025639553897
6811aeda7c48195f,0.5618088172101632
2caefea2089d3348,0.8907471701791307
06624c42e6f173c4,0.9793413522214809
18d0862452891d30,0.7228951247939436
aeff78b9acbf4d71,0.36492001158811604
3c4fb720d11f542d,0.14873560565026075
ccf649ea4bfee844,0.39084289128042077
72bca5a449e85cd9,0.09726112913683546
fd6a74697a1a9ec1,0.08174792774400186
a629bcd8e7727428,0.2322625824788193
4234c32600399d7b,0.9015941628637048
dbf0f354d6059039,0.22429590830514348
3807b180f301e7e0,0.5863612197999061
5cff8cd0dc4c326d,0.40791558981866577
a28550e03a14c9e2,0.8086025653356512
244915cbbfabaa93,0.0761988329928123
f5d28c37e1483258,0.3983183594681905
625d0351dedf957b,0.5985904604924426
daa98d98f6971d07,0.4247826904931917
aac141e3478df5f8,0.41715324130225123
6e2d6b44bfbd409b,0.7694694565984614
34a46acb36dc8ef8,0.22464937659897655
f709bf78e6f0fe9a,0.37069204427807123
573ce0864f1f1a1e,0.20388180477069906
d6421a369f95b35a,0.6029540808678501
6c74b5b293b1b97b,0.1243999087412404
51cf0713d5fbc070,0.6057082557930011
062ba7304652bc27,0.31576004682571385
930853397c388814,0.028717971411421215
2e48c840c19e48bf,0.5476921395771255
2a51f116e23cffb3,0.6696223524544196
070669d7057f8aa5,0.9365975292952261
967936eb15802a83,0.49300043140797384
83ec0a0ff919a926,0.3287062505490938
a35f4a25719a4b95,0.11231311444512486
e646bad2986e850e,0.6597025904820348
8b488afbcc578dfc,0.5418888828699393
13ea6594c14a4026,0.37634152256801934
d0e536523f93f64c,0.3061617211891299
0e5ca22bcfd8c5db,0.9405463300945411
9fb1e891c08b715f,0.02517674752452201
7199fd0ada65fcc2,0.3239059440745718
2275f9dac244010e,0.10609972607921779
24e5ed05f908296f,0.3398492733478782
6cb602b86bec19a4,0.7032072647944089
9325343b0fd3d676,0.4136137314064526
644e5f81463951ba,0.5508697913630453
37046a2dda9e5889,0.6595219341764119
c7df199599dc296d,0.543722096408145
54e463d760c0c6af,0.09036944755485944
9bde8f101bdb4095,0.5192716796719586
bc5c320666ed7ca3,0.09149611397540594
4e44d72109230bfd,0.6438561330977618
235aebae2ca0d45e,0.8401248061394597
55a1d48711c4359f,0.375880123576016
c1ec685fcc48d91e,0.5283292468761046
a51c93906bd78ab7,0.7093723181301615
207c0a6423cf7a33,0.585748311440211
c7693bad80c482e1,0.640852554962094
36b92309f6e5618a,0.4891096702300989
26ee6d56130da0fc,0.6853034140571723
587c7d36156381d1,0.2680165365515325
50d432d2b52052b2,0.6125567201289974
b738afb14f60d587,0.9460338369252732
1157c08c11e901e9,0.8465949224897965
cfaea6958357ef1d,0.37278191626891205
d8b3ec80ec080d08,0.8710779146964152
809c8f80468b1337,0.518751879666086
1bdded460bb636a5,0.8585989632089674
96cc52a1a3f13e6b,0.32093492680633606
c97a25af08369f73,0.05972749389274637
0de5d7bc5b46bdc6,0.35781723858636294
c6eca151f8576037,0.4577515190519189
7ef7f606745e05ec,0.050492975916772945
c5ea9ba7fa065f8d,0.996845376576542
63142c0d75cf9aa4,0.10398119722527543
c396e609d01a9bcc,0.1070659299487743
7c9db70c27860a32,0.6283144994400771
8dd4bb6eda603b43,0.34911572430888
d5eb724b5ea43bba,0.9387916705563761
e7e9bc7d5e2e5674,0.786927007697917
24b3176d5020b612,0.7761947229883861
6fed295aff782896,0.9981052207135084
12d17a3ef6b47faa,0.9200541204724267
2c550aa9cd671368,0.06466694402141113
df00e28247baf9ff,0.6166474666332105
9449a45c9d7b914f,0.21946961064780188
9a8393310d9b352a,0.5640417530391799
e1b1b6a194b4b1d6,0.30922086350993144
7097d3e397e94525,0.3475479224940526
e3d1f895e94e8bbf,0.7053389666857423
6c46ce4b2303ecb9,0.453481847431632
999760aff655cfad,0.07662770473991416
6d526f4593563124,0.38177430096794357
467801b5de42246d,0.6231756053266578
81c9cccf75c1503c,0.15369181875712637
bd1aa64c7a5dcc06,0.11341439035956823
df1a75c489d95957,0.11384310072510254
7e6ebb5b237b817e,0.2725021795139654
1aeecba2c7866fb9,0.5886716446497956
14269028868b89d2,0.28942839453067815
5ec456826b243dcb,0.3160498263259471
e574a546f8e193c1,0.9307277168694812
b0ce65cf243f3ae1,0.7012891486208196
8b8e8a00e6e1fdc9,0.148712209995014
4a87b2b000e87686,0.7930921957983943
1175204fe5f8cb6b,0.2985427304693958
50a79bbfcd719a29,0.7013980811663407
0d8c215cc600c1f5,0.4481200992898575
3ceb989ec05cb0ef,0.8715534420602586
c7ea3f3ae516dbc5,0.09325066131012649
060631dc9f8845f2,0.6339775106976653
4ccc3fe421151149,0.40203014743231424
fd51240f58f2ec0a,0.06119396690983053
9bb25b00d30f4ce0,0.02234495674959556
1e633867010ad35c,0.25318531914279635
90da0c9b099080e2,0.4852474124845187
f3ba8015df41ef05,0.7160559740654249
7006c751c11cdc01,0.5021298221752482
db5b922ab7ac849c,0.2271440577385404
8ed9c5e3ceb94d30,0.46594521808674544
32bc573af0d063e6,0.30389087343799415
b6f5ace9b32140b2,0.8871476638624013
2acea7857a236b62,0.5453213963882365
2dd5886a7dff0caf,0.6464489387908172
cec7e9631578eacf,0.9613105858935092
aa1276a52bb96bae,0.8363978666595027
f90658bc8d521271,0.7326684389729639
8b65638e31a74f80,0.49887269605271495
233d4e0eb18d8449,0.9449990066305867
95e779988eaf54f9,0.543118637288435
ce033e0586a41f4e,0.3000279655452849
29007abfebc6bd71,0.4294139407920374
37555eedf932eb41,0.39156695146978243
43f0b7fdd64e4d62,0.3482786658506082
48d11190742f10b8,0.9768763953389465
54167e2d347acd9f,0.06569604595752528
adf2b2540dad8766,0.7697413361829117
aa4854b6b5329860,0.999
371dbcc2d3dab4d7,0.5341579380377823
29fd5cd58cb38dfb,0.9618830880779906
276d786a03dacf69,0.41742626437470226
90290aaf619cb77b,0.2386053381985728
80904c6eddcf06db,0.1450701404924975
5232eeb9a1fa8f60,0.8746393718708305
6205daeed9459b81,0.23795165531572235
6b4abc5da4e3aad2,0.7594183208119001
ecce281c5f6153c3,0.8332128727585646
926feb1c20abd0b8,0.02142014456334068
64874c60d39dc86d,0.9820261942404549
1868aaf30c77d6e0,0.5619387308681969
52e964be6dd475ed,0.9844260741233835
4404ade20ca8acab,0.9435628413603794
f6bbde7cdf6430cf,0.999
6f9ac9a8227bf174,0.856980807045188
e4afa0c3ef07f2b8,0.3188447715515821
a85d4f04f63f1f8b,0.18822500743321816
7f3411e87c2708d7,0.5356412446871718
5be924d7d731a308,0.3739141628430962
41ea202bf96f7295,0.3501156865650816
e7d3e68c097838d3,0.94868476888189
c21ded045b04b1d7,0.36972098371943884
a87de56d4f2dc966,0.018180173953980243
b073cc5a7d5d1fc4,0.3425077958498605
cdbbb57088163b02,0.2601483436598596
97a093dfe9e1eb64,0.9379592608902237
68aafe54d00b3081,0.6180988244633089
dca611f4099c1df7,0.263187966277433
068c9856fb6bfd0f,0.06931164652023233
ccec2927e56ab3d2,0.03283562938863043
f4239e382087c8d0,0.9293626808906865
a37f1921e2ae64c3,0.41109188096220683
abc7d40ccad7d04c,0.08214169046536986
7be1ba405f826136,0.9116762944995951
82f1ae3eff7b57d1,0.3364643364817908
64bcb6835fcb93ff,0.9253150497017318
8a7d498479d37ffe,0.5420866299905178
ddd893f6f7c67340,0.13048548043740593
63438b2313c7cb87,0.20508158897131262
