id,label
6403a3f8d07557bc,0.36861909971866214
1b1d097ff5b144e1,0.4908350265708034
08c7c3c71a02ca8a,0.8566856830259457
7f09e9039629a38a,0.5558690215692405
1fecfdee265e685f,0.750634964051266
2b1b1ab99f54e1a7,0.5037414035636136
f893cdb025b56c89,0.6565098468271334
84466d5fc69b1dd1,0.8539426383244764
e0f419be2a81cbff,0.2405243826195686
d9e55e1259c7c29e,0.8286007346045638
602d7f4b0882ec4b,0.6033897311659894
67f2f87cc129d7da,0.7994705376680213
eec96ea0e1c9f7cf,0.014522116286339481
d85127e773ec4820,0.7296733354173178
9e96822b06b0f7f3,0.30970811190997183
c6489148a3f9498b,0.47297006877149106
ad5ca801b22a4eb2,0.1025164113785558
22e01b671e9f12bc,0.29879845264145044
4953dbf3e113fbdc,0.24780595498593308
95397470f084bc6e,0.993142388246327
ff39045f375a9792,0.13786144107533604
893575902a76b6bf,0.1989332603938731
4d9211d2b44f7d9f,0.30487457017818065
8205441451789e41,0.028051734917161612
5ade617aad761daa,0.9689649109096592
7d8bd74eaaf831a8,0.79180212566427
3a4abb16616fb838,0.2385628321350422
6e14ae545a54ec6b,0.8154481869334167
a6d127f7b7a19a79,0.8132893091591121
e29e33c4a6eaf6fb,0.6126289465457955
42b296aec3a400d2,0.4302106126914661
238a42187f0c12de,0.32711003438574554
4c99d80ab952e272,0.7327973585495466
ef909ea8db65784b,0.8221280087527352
53283f9869842cd5,0.9224288840262582
fa99ef0b96b51157,0.7884710065645515
3cdaa31c37582a6d,0.8450296967802439
e007009eea08f15e,0.3055525164113786
e46769b586a6b83b,0.8739195842450765
c77497b63a864028,0.20836784932791497
bceeb0086c625fac,0.2328168959049703
5abf8e5791e5fa94,0.8646901375429822
0b7d89ea3694651f,0.676154657705533
ce60477eea0a9007,0.9682811034698343
847baeeadbaba41a,0.35458932478899663
aefefeee7da6b616,0.7530908096280088
321cc4b04985f915,0.374316192560175
590cfafdd102ec19,0.495396999062207
0a3027ad8dd82438,0.09215184432635198
01e58c9ae88cd390,0.18691387933729287
8f5eb2d903aad722,0.2171479368552673
3f1b90f008fcd5d0,0.7701547358549548
9e55098b34909114,0.771524304470147
ed3723d6f0b305ec,0.5449495936230072
e1d77367315c8c64,0.38126953735542357
b97a34687794c3cc,0.19836863082213194
2d9a8bda25c031b1,0.14133909034073147
367427e76fbb967a,0.6614137230384495
2d1de7cf3363aa2c,0.24047749296655202
d69cf5bc1f0112f9,0.09210495467333542
2a75c552e6a0103c,0.8869002031884965
943114c642b7e30a,0.3681443419818694
5f4258edf6c1b382,0.1073128321350422
ff0a817eba03cc6b,0.8233490934667084
c77fe2a4fb942f02,0.8446311347296032
df587d726667a5fb,0.8518345576742732
8c09d6fdeb48dfe5,0.18819357611753673
564e16bfb829c7a8,0.07429665520475148
e592482dff2b62bb,0.12226281650515786
33319a7020313788,0.6844599874960925
4700a73d634e28f5,0.9473038449515474
e5d9aee597bb4052,0.29646764613941856
b93533776029ab4e,0.9410772897780557
e9274894e7ca5d48,0.04030165676773992
37e126228f093cb2,0.4000625195373554
ee5e8daf19a62436,0.934944513910597
5c2af7cb33fcb9b8,0.5077934510784621
dd6cf914fd458758,0.12604720225070334
7943edf1ba3d08c4,0.27315176617693027
50dccf68b6d84c9a,0.31354134104407627
71b1d024ea8e0791,0.44742497655517344
a8ccfbc903739855,0.12422436698968427
bbf9130a10bb2e61,0.19680759612378868
41a2cd1fb3af1f62,0.5554860894029385
e5b00c5e94bb1efc,0.5920854173179119
8a2951b875e32f95,0.12198929352922788
4b4241c32f2ae2c3,0.23693537042825882
8beed49416c057b7,0.6102903251015942
1cc185c7cde5f29e,0.8989078618318224
635d0e269bd151c8,0.09156181619256018
9eb98f9a7202dfe8,0.09630548608940293
c224615f7e3ecda9,0.11290246952172553
f93a14286735bede,0.28176383244763986
c118092c44e808f2,0.7674839793685527
0972b7359cd12fb8,0.04678024382619568
22318b12ec6eb14f,0.7303708190059395
9c92d4068021c258,0.9282568771491091
053aaf6bcba9464c,0.5058983276023756
966f0341c7d1f5bb,0.27957955611128477
624826d8d4f7d476,0.25492145983119724
250e83ae550b1992,0.9748788683963739
9ff420d30b835836,0.8563105658018131
f74cb9754e9ea82c,0.4813769928102532
8ab5a2752e698725,0.4428981713035324
56957aca1f34dcea,0.7178747264770241
a6c0cf21bf0a1be2,0.027211628633948104
427e6266110ac72a,0.8752559393560488
7b84fe626f3ebccc,0.7258909034073149
6abd9ee5808aa267,0.3006271491090966
15aaf86082111e4c,0.7551285557986871
afb1bcdc94b9bce3,0.04672163175992498
93a337e7b4fedfd4,0.48606791184745235
cddee4f1517d9dd4,0.5708053297905595
755140c7bd8e7223,0.4272585182869647
0ae88cec371ee0f0,0.09553766802125664
08a9f02754051fc8,0.9249687402313223
4bab179b9218d454,0.3619451391059706
2af9aad0b831d3ec,0.04490661144107534
7d330fd87e35ee09,0.541243357299156
d79f0de699294b3b,0.6377364020006252
652a8c0826eb2609,0.5669213035323538
2ae2ef63a2565c3d,0.727238980931541
1bcffad3764f7c4a,0.19855228196311347
707e78f41fd82174,0.12541223819943734
e4824a55ce76b702,0.08640395436073772
993182bb80730c31,0.5917884495154736
dd67c105d030f636,0.8110171147233511
3dc4dceeeecb58eb,0.6533994998437012
90a67d119116b976,0.8244881212879023
a483f8d40e026f5d,0.18294193497968114
3d24648e710fafb4,0.21094091903719914
9104c44e8910b122,0.16687246014379492
47b77ad7aec9f1dd,0.23501875586120663
a66cc4155a0edaca,0.6192736011253517
1f4dcc29503e1a4d,0.5709870271959987
0a295834d6044914,0.3808397155361051
bdce8615df21ee2f,0.09651062832135042
694b4d3b1ed04c61,0.042171381681775554
ffd75ff5c92f624d,0.7211999843701156
717e992041e77d9a,0.6198343232260082
eb5157274916100f,0.6914524070021882
b77c5c610fc74da8,0.1595654892153798
41d2ba14e653bbad,0.7394205220381369
f2b612c9be07aabe,0.5670326664582683
3451e892c310a998,0.4814434198186933
2ab24c04722d8bf6,0.34745428258830885
38ded7c17115e7e6,0.9411866989684277
afed8219aa70efeb,0.49400203188496405
1e9c4d7d2de01fba,0.628293998124414
c1bda90e9a3b9ec3,0.2599366989684277
d406fda410e7c177,0.9336550484526414
f49753bbcfabdaff,0.4593329946858393
4daee2e232e58a56,0.9170795561112848
858a9c1611f558cb,0.4712156142544546
05b0a9e8b1444d99,0.3402645357924351
8b2ac5da79a42e4a,0.8555837761800562
222fc0675ea28b67,0.19405282900906534
77cb5f88dff15921,0.6111636448890277
947d5752d88dc00c,0.9814180212566428
309a531dddebb471,0.732984917161613
7e5f9d7d0cdf5a81,0.281912316348859
6dfe2ff41e67b01d,0.5231810722100657
9a51f7696f388499,0.4850441544232573
9c5cb5a9b9b2b4cb,0.7472901688027509
bc7e89abddb2aa54,0.999
5d3eff0bafcd186f,0.7662023288527664
d592e9d5579075d5,0.203633948108784
475f765f9fa22959,0.8490426695842451
71d36204d6040aaa,0.6834713973116598
78119b8ffb9aa8ab,0.4073753516723976
09d1e9b9b858fe18,0.7953735542356986
ba5f5f59e3b0b755,0.7783916849015318
3b7344f40bf64734,0.44487535167239767
1f72c876a5e3738a,0.6666399656142544
86262f7438a90d1d,0.4080552516411379
3f6e10ed3e6a6303,0.9221162863394812
ada42e94aae1a58f,0.8286671616130041
b5320e4cd134414b,0.6260257111597374
ef83ac91e80ddd9d,0.45478274460768986
b8a457f0c9f14bef,0.30927047514848394
74947cda3decdbb1,0.5336296498905908
a39392c735bde1ac,0.41837488277586743
afb321701a74d5b0,0.10319826508283839
df401b9701e04299,0.20034190371991245
c9b67772b4c4f44b,0.7913195529853079
b5665177cd7b6c5d,0.030325883088465143
1d621e5fa6b0c45f,0.20912980618943422
2d595ec6f4c2524c,0.32386097217880583
6a96a53512d24696,0.17980618943419818
b3a68808640b25da,0.30551539543607376
cd9f2b2346e70af7,0.29683299468583935
d78d162e0d903e67,0.9191212097530478
512b0444982361f4,0.8682127227258518
36f4f9a58e05409e,0.39195451703657397
e4b4fc878504822b,0.5115368083776181
d2c6c32ea3387653,0.04715536105032822
62d5596d1fe892ad,0.8706080025007815
8756eb85074bbf32,0.17497460143794935
9120f37fb674d8d5,0.5510081275398562
ad529a51765d4ec3,0.2286652078774617
f5e98c69a45e4a76,0.8022135823694905
4e8ecc5a6ef67336,0.48813301031572376
e26f37d892f837e3,0.8036144107533604
377bd33e8a9d5e7b,0.4403719912472648
7277e822016a05a5,0.7066270709596749
94fed9a4092a19bd,0.5402625820568928
28d304cf97ca614c,0.6785050015629884
5a5195df47e373d6,0.0850558768365114
ebc9acfa1d364336,0.1250175836198812
5d76c6de5ee62843,0.6221436386370741
511d1dd15e99184d,0.6298726164426383
b6d744f202fb4a14,0.8356263676148796
43c3e8abee7ceeda,0.5872577367927477
41afcd725afd0bb9,0.4691524695217255
bd4f0c1a61da90cc,0.9633068927789934
ac5e8e6812e3a526,0.5443302594560799
61843635f4d407cc,0.9210671303532354
d643d4e6d84db59f,0.688496405126602
5c0b8bce49a0a773,0.8259104407627383
7c6020b2e5dae41a,0.5358236949046578
4a6f26c4ccfa8a2a,0.16620037511722413
f5ff436197b8129d,0.6178043919974993
27b8587241bf56d8,0.26576664582682086
a198a7b963854e6e,0.1196721631759925
8661667952751501,0.7778211941231635
282a1321ef8c1306,0.38820139105970614
db3dd0b21b03ce9e,0.6466630196936543
3bdc9a83d65a78f8,0.6127813379180994
2983651d59dfaedd,0.8173687089715538
ba2be23d69668658,0.18688457330415756
89d58eb00d13e4fd,0.23496405126602066
d2caeec36f4769a6,0.3968388558924665
dc23c7fae5f57288,0.46011839637386687
c6e284593c89d176,0.7590067208502658
523464c4f48eb02d,0.9095947952485152
cc7624fbfc77736e,0.802862222569553
6b0c371df7cfc676,0.6596534073147858
986e8a5497d243a9,0.7994783526101907
0880ed3a1a77013a,0.6272878243201
791d60ceeffd7ccc,0.872630118787121
1fb2b452cb819b3a,0.8060448577680526
6e683e5731d8aac7,0.7084733510472023
d752f92de2b858c1,0.29948226008127543
91654f6c88bcc480,0.25692794623319787
308caeebcc6bc059,0.2948577680525164
0a092e2b8c9c06c5,0.6797846983432323
e29749c7cbb0ef48,0.14186855267271023
02521319f8872bf9,0.06263676148796499
f699494da66c4efe,0.6125
060f874ec99eadc4,0.45433924663957487
1a2ea8a74fd54c2b,0.5316778680837763
a98b83e132c75465,0.12127227258518286
0fe8ca7c247fab07,0.7651297280400124
c8d9bcea59632f23,0.5322659424820256
0ab0d9c2a040f32e,0.34071975617380434
a03fc647d8141fd3,0.8458776180056268
1036e1cd53a850ec,0.18851789621756795
519d3f96c9895253,0.1269576430134417
28df6bdb66f8e09b,0.9270631447327291
89713786047cfd0e,0.5151238668333855
6389830954a0227d,0.45243826195686154
8a5f2d2c5004dead,0.11664973429196623
19d4cd44aecb29c7,0.5150613472960299
2ed9718fa269e456,0.5498163488590184
31d0832c9b203b46,0.3695139105970616
e21b68ce26bfc500,0.6921010472022506
cf8783ddc0b9bf95,0.01926383244763989
fcd44919c1b3f412,0.8827094404501407
c6e50665e7bf8738,0.5073343232260081
ce0179fa676d128e,0.9167708658955924
423e064e247fe04c,0.7332017818068147
0ebb4ab2c338fde0,0.6017095185995623
37337cc831e40a2d,0.6614410753360426
04eb53517170d936,0.6796108158799625
dac684a7b8635061,0.3945354016880275
a2f354d17d1431d3,0.7296928727727415
8a42e6579214e167,0.43687675836198814
c35d24cd26008161,0.6201312910284463
077789ab8d103e29,0.5350812753985621
5deb9f3705c67be7,0.6077309315411066
dc531f502bccc4fd,0.739991012816505
ab4b4d6c12291a2a,0.2887054548296343
47b284804faf97e4,0.4978704282588309
d46bd1fa92be695e,0.07894068458893404
11c536ec56a47156,0.22969678024382617
d5bd7d0c4a297748,0.06907041262894655
d30e6ef239a13f14,0.7117321819318537
8be010237b513256,0.8143404188809003
e3ed18d3d53d8aed,0.28726164426383244
a9f5c2f8c5922e10,0.8605677555486089
05a75c012be2ab6b,0.9700785401688028
a068617fc089ad48,0.5104524851516099
687932e8fcf71376,0.16738238512035009
fedeffd4ef29f976,0.2602571115973742
5d3e23d9b2256c27,0.27205767427321037
c6544d7502deea99,0.2844834323226008
096cba9bc78d7637,0.7200082056892779
76b587348b5c4d59,0.6343955142231947
62185555ed060f0b,0.561142153798062
b538966eb4ce164f,0.05635745545482963
8dfc12a6712b0903,0.7074456861519225
3ab52adc4b1c1768,0.2441270709596749
463847f9a1f414b6,0.6492360894029384
e93e14d11fc793e7,0.04929665520475148
2cd7ea4ff0b97ed6,0.6784327133479213
3cf1ec0a8c671d61,0.21975812753985619
e39df281ee7e153e,0.1267388246326977
272a6816ce2c7c9d,0.4013246326977181
f56230f889018c95,0.7681404345107846
4119f28f6d4d40eb,0.5157295248515161
3e744e15c1c6600a,0.6101477024070021
7975b8ce43d7163f,0.5425367302281963
76519a1ae0dba3b0,0.8926852141294155
6f6aca7dc35afbbe,0.36049742106908406
658aa810bdae773d,0.9765844795248516
41c3618b9180e8e2,0.3804821819318537
7cd53693b2b3a4b3,0.2501660675211004
a450a4bce9f2cac2,0.7603528446389496
05bd9ec45ff54b8b,0.21250390747108472
0d67ef8a9dd3249f,0.6789973429196624
514cfc846a144390,0.6664504532666458
2856a2a0114ba55e,0.8075765864332604
ebe02c0b1c116ac9,0.2128047827446077
cc31cb4421bd54a5,0.6255177399187246
d63593c7bd5f72a9,0.8235561894341982
962b8c33b5be069b,0.1836120662707096
40e508ceed1116f3,0.3561757580493904
668eca9c4cdf1507,0.5112593779306033
c15735bac7d4e6bd,0.10569904657705531
09d2cd5ccb05a325,0.5353743357299157
71ed58a8f5d479e3,0.7887738355736167
56fd1ce474cc243a,0.8414211472335105
4c4fc4fe6dea340b,0.8406142544545171
68fcea284ddff8ff,0.7298472178805877
8913329e85f873f7,0.5186484057517975
7a210b4ff6c29678,0.592573851203501
91bd2a01c0384263,0.8832760237574242
14e4e31c9bd8d90b,0.187636761487965
410f92d0f317cc8e,0.5505763519849953
780cd523f303a8ba,0.36278719912472646
77ae2af1842fa5b4,0.3677203813691779
eebeb3dc997eab87,0.6685585339168489
fa6c4d5205fdd5db,0.9643755861206629
f1798e22aeb3b385,0.9760686933416691
8af0df5286089649,0.7573186933416693
6e224e4033db63b7,0.10819201312910284
b8624ae03bb7e7d7,0.11529188809002813
52ca2f9cf118011b,0.9767466395748671
52c5dee14f8320fc,0.6620057049077837
43a4ed5577b3346d,0.548462410128165
332563e196c7a1ee,0.9363707408565176
cc4b32b77225218c,0.7540305564238824
0b34a503e14e5271,0.929603000937793
33100c4fe51f7435,0.3812910284463895
6de5ffe2b6664d73,0.1379259143482338
ba39076152cb0ee3,0.5599406064395124
aed179ff9c81f4f1,0.03237535167239763
ea1a9bf792fb6a7e,0.12207330415754923
2f06ce2d10fe3866,0.6247655517349171
11855575a4718674,0.45673843388558927
06d39de4f0e13f3b,0.5875468896530166
5fd7c68abce444af,0.8024949202875897
d464bbc0a2f6ec7f,0.9070412628946546
86a7d5c47fa116f8,0.10019928102532041
a260e587d0fd3fdc,0.9550562675836198
6c07a18d9f02a585,0.8713992653954361
8fd3d88e27ef7240,0.34612769615504846
80dd9757384d7ae3,0.36816583307283524
00a0f9038422aeb4,0.6558201781806815
dd38ea8c63c0a90b,0.5834948421381682
e23a165731b18098,0.9049859331040949
9bef89bb8b6e707d,0.04473077524226321
db5779805bc9128a,0.8459206001875587
13c6185147e496ca,0.9243767583619882
c23ad10e1020a370,0.382125273522976
cdc252e1304b3741,0.1051187871209753
c9866843a2ca38c5,0.5309842919662395
1193dd7feb2e1c1f,0.024620975304782747
145626c411263ea0,0.5371190215692403
b2bb6e4261a0a280,0.9686366833385432
ce6c9830339e8d23,0.7375078149421694
e5a315b7bb844af6,0.78384456080025
d85cacbda54cea30,0.27238004063769927
ec609eb2e4100b33,0.8012601594248202
0d785515807808bd,0.7098331509846827
6bcfa2aeebd0236f,0.3417493748046264
9ed83fa2f828fbc3,0.3012660206314473
f596ac3c62688ee6,0.9395299312285089
654c4ca75e7a6d56,0.5290872147546108
162146e83243572d,0.8640668959049702
9878dbf0860838fa,0.632383166614567
332ca627787dd758,0.8595244607689903
679ad425e74f2477,0.2377012347608628
df5a276859dd4308,0.8563809002813378
e1f7d0ae0443184d,0.7669877305407942
a6434286f4234aba,0.6569865582994685
3351a9314dfcaa5e,0.04858158799624883
e19b22778dcddf3d,0.4014633479212254
a98a59904fcba403,0.4865543919974992
efe47bc01bf23b67,0.5386058143169741
a1a862c811a320f0,0.43485659581119096
bdef7203033a959e,0.7241774773366677
0fa3fd428635e63e,0.22666262894654576
8ed23ba67702fe54,0.8732025633010316
ece14f4f1731d91c,0.8543197092841512
ca20fb73d0c544ac,0.2200824476398875
927bbcf7fa67bfb8,0.6961394185683026
deffe32d78bf8a82,0.5963836355110972
319944ea096b3a65,0.27170600187558613
19bd6f94f36d44a1,0.4681502031884964
6e7447b72d462201,0.23339520162550798
be6959210f99dd41,0.9476750547045951
bc1a4abb3dbcab55,0.24799546733354172
41032395ff67eef0,0.8814277899343546
2b4004b2678cf0a1,0.3951899030947171
469658e2c6728fd1,0.3818400281337918
e67a54cb89e72744,0.17367145983119725
0a1aa269dba98abf,0.31032744607689905
746e977975fa2166,0.06517466395748671
ca51e1b6ef04fd43,0.38636097217880594
dd96408688197b1f,0.749699124726477
23b5530f05f1d9e5,0.8131212879024695
da29e21770225527,0.49665520475148484
adb83a06bb93e782,0.1857748515160988
0e4d2b4f26be08db,0.8382482807127227
6ece7a74dc7701ed,0.08370584557674274
e5306d42c50fcc55,0.10645904970303219
4381dd659292aa24,0.2784209909346671
e31ebedf532c25cb,0.564766333229134
853b98dd483b98b9,0.29491051891216
2e54b76182ee44e1,0.7374062206939669
338f6834e70af5fa,0.06729446702094405
b5abaa739dbebcbc,0.7641958424507658
5a8bb8464a290761,0.6477180368865271
f0e90b285061c449,0.15534932791497344
e66581f055ee3b78,0.6888812910284463
0a21004c4d12a011,0.38384651453579244
04cee8b938d82d19,0.10985854954673335
c2eb2ef42ef59006,0.5642134260706471
4db76ad147f6dde7,0.5387562519537357
388d2efe55423a29,0.9463386995936229
b9875250f7ce8623,0.8225109409190372
e354d93aaeda004f,0.9625293060331352
39e7b31ad6490a4b,0.5369568615192247
a31878efea02ed42,0.3552340575179743
4db06f2609831909,0.7157002188183808
e23ceacf623bf244,0.556031181619256
5b30a3dce1e3fc54,0.9337117067833698
9b09b933e5488d29,0.566352766489528
64f0282d10422cde,0.33696076899030947
d171c9bf0e731793,0.632097921225383
699a9d5c734b80f3,0.4831060487652392
79281527b5fd74b9,0.3057400750234448
63b9f2af8362641a,0.7482416380118787
8e20990222b8b1d1,0.5475910440762737
cbfad4f1f811ddcf,0.8419994529540482
a6dde1511fe8d47d,0.36181228508909036
54e8815e9966bb51,0.9875859643638637
cda24d31d8c08104,0.6528172866520787
2e41b0e18fd08067,0.15249101281650515
6e8f4f5c6e28c26a,0.7557635198499532
1f4157812e2bb339,0.6550425914348234
c2d3133094dc0fad,0.11551461394185682
e7e2da8351240636,0.28004259143482335
ef2946985749757f,0.2317892310096905
ae735efdf3a84f05,0.756808768365114
8a459d7c2b588a93,0.6801949828071272
df0d35696f4b164e,0.5405282900906533
8f745cf8cd93face,0.1337351516098781
7aef10c8e6aae208,0.14828852766489528
706e881832fde05c,0.9334225539231011
03a6674f904defe8,0.26484057517974363
f00500b8110dde92,0.8161007346045639
1475216e327695c5,0.8416575492341356
3fc20688817559fa,0.12080142231947483
70df3ece5d814a70,0.10453657392935292
bcf591e552b3ba82,0.017188965301656766
a04e514a6ca8156d,0.8236011253516725
f83e082f10dc4f9a,0.06704048140043764
21a0898a3f0c502a,0.16772624257580493
c9afe9c2efa6168d,0.185348937167865
9423152627c5de85,0.8565059393560488
fc5761df1ee97d2a,0.6193791028446389
b51c1517f2b27082,0.40513832447639886
966bd6f4b801db6c,0.8468994216942796
c39f09a3a7ee5d1a,0.6849757736792748
cd4ab667a784a10d,0.9005568146295717
053911f801591901,0.5886468427633635
4c12cd87dc745584,0.613381134729603
f0c4df4801e5dd7b,0.20530829946858392
1cdb9e6374b25c46,0.11049351359799937
55a04d93184e2087,0.8068595654892154
b0259adc08c321ab,0.3162218662081901
3ebefad692cdc413,0.14001641137855578
83d05a33f78392ef,0.21252930603313536
57e746a1c420f866,0.8018677711784934
7086b53e09fe17c0,0.7745525945608003
2cefa5982f1e5321,0.5160128165051578
c4a61e6a8fa1704b,0.7155165676773991
cf3db8bd220d5bdf,0.7330943263519849
75c651d11c0a0337,0.08396373866833387
10dca6cd4d946194,0.48770318849640515
316d771ed9f0b6a1,0.38795717411691155
ef64650ddba7c539,0.15346397311659893
721f58982ee85da8,0.8940938574554549
e8f08bd5b06f41ef,0.07112378868396374
8c2e815ac865660d,0.8296811503594874
8191fefedc6afd32,0.06703071272272586
15c9fc425aed1fd5,0.5112457017818068
52f896a602e74ef9,0.8492243669896842
c8a94bf1f874596b,0.4565645514223195
64024839f91aaea9,0.6930642388246326
23a06e4e391dfcaf,0.39278094717099094
76fc88367fd4b329,0.11772233510472023
e7ffd70d1007bf31,0.3746229290403251
4df67b2b4764df2b,0.9850382932166302
5e23b5ebcc3c7201,0.7808025945608003
97c325c9980b0ab2,0.14698733979368553
3c8bace911db4b05,0.8400203188496405
d3af2a4f1b0513ef,0.6270846358236949
8a66145d22484a10,0.8928942638324476
f501884aa3b0a2bf,0.056044857768052514
21f8710a682b6ca8,0.5551539543607378
67addba46911ef5a,0.809549859331041
cd5a8d124051f2a9,0.9317286652078774
a1acde423d140030,0.037834088777743045
6284cf5236839f36,0.642710612691466
37f720257a8a7a33,0.746053454204439
acc257668dc46b34,0.719400593935605
23424057c8458694,0.30857885276648955
418a7b8fddf172d2,0.9718251797436699
dc356b2589e04c87,0.7867634417005314
f64eef65821a8f3e,0.5145143013441701
9fce647d5b47563a,0.9379513129102843
52f9976ea5b478fc,0.16975617380431382
d240c91989c04146,0.7484135667396061
47ef036d29375b9b,0.927227258518287
8808a12bef546809,0.44653211941231635
d3a20f2bcf2db8fe,0.821864254454517
a451d8e451fac918,0.30836784932791494
9826735b01a08344,0.42233901219130976
c4a29152e2eacc8a,0.018163879337292906
631690ed30cc1631,0.9028758987183496
d84d8a6e6ca5eec8,0.23705064082525792
efbafec85fb00cc9,0.8781513754298218
24556c1044963c8b,0.9474796811503594
5dfe6e2137dc82e7,0.20935253204126292
b2400c3aa22283d6,0.3246385589246639
71602580e012f168,0.6525105501719287
cf01eb3e54442236,0.05139887464832761
1a07d25426f87edf,0.6190899499843701
13b3d3fe65bea413,0.3366012816505158
059edd840763fd81,0.8122929040325102
48288e044d74e7cd,0.6779755392310097
add068ffe0671cf6,0.21268755861206629
c99de47efecac792,0.8368220537668021
11cef543afe62f88,0.43359839012191315
e512156389905eec,0.2742145983119725
138703e658867a2c,0.667431228508909
454c3092e6edd433,0.1473253360425133
dd957118652b5ed5,0.8281650515786183
af01fa5eafb4602a,0.28536652078774616
7bffcfd2a9da1725,0.8003145514223196
24f3f1ab071df78b,0.07993122850890903
3ec7c9ebab0a4a2f,0.8813613629259144
3c1d10f4646f69fa,0.14046381681775555
9c5f959e1195fc54,0.21353938730853395
cda81aae0a16f97a,0.5164856205064083
2bf6c949fa0b6053,0.5584108315098469
546683ea9e5995f2,0.7675777586745858
c4563254d849a8c2,0.8426969365426696
e9e85a92d9ed5065,0.4510589246639575
fc9fd5a085f168e9,0.5783916849015317
54049d409156afd1,0.8644908565176617
e4c0d5c0b9045e4b,0.8157979055954985
058f290d4016fd11,0.22730150046889655
e14cd74f951c3910,0.357131134729603
05018e18dc83e13e,0.9602453891841201
763ff25fb3a65368,0.31602844638949673
eb5cf6bf7c8b4e5a,0.8119275554860894
013351fb7667dab2,0.6316915442325726
e08181f896cfb680,0.292759456080025
e65d39ec9e3de422,0.7619959362300719
9cf499aa7626f14a,0.7556384807752423
f203a5ba78b7389f,0.6929528758987185
8ea386546c0f8c96,0.9160968271334792
0391f48a6955106e,0.06338699593623007
d2f70a0377eebc5c,0.23805876836511408
b96e54496b6a6713,0.7584088777743043
1ecd7d7fc32cc874,0.6635530634573304
a91fae320445e22f,0.09169076273835573
7f7f8d9e95bc3227,0.8038273679274773
8ed9c9b27ed7229d,0.4334889809315411
19862b4c0d2f34b9,0.3964383401062832
e5b1c6b3822addb0,0.7243669896842764
191edcd8d76cb951,0.986925601750547
6b08a1554cdf28c8,0.18318810565801813
706610ca333da138,0.5336179274773367
5cb5f8466022eb46,0.70625
acb3a526d9921b55,0.3427907158487027
947db252e781ab55,0.5878008752735231
e94881433d15d819,0.2766763050953423
34439005f71e07fd,0.829624492028759
989a2593307d72e3,0.6638695686151923
ec8f1d04cffddc96,0.6934608471397312
11dd5f5d722fb0e0,0.7040891684901532
d6738bf320835a10,0.4431306658330728
025b09a306181a55,0.4502832916536418
e5e3f5fbf93a1918,0.5556892778993436
2d60731de40ca5ec,0.14111831822444515
96789dc76cce8bb4,0.7226496561425446
e04c2f21eb86c30b,0.15731869334166929
eb4f7827e27f3e50,0.999
c72cafb3b0ed2058,0.0860835417317912
38e789ce64afac4f,0.5875449359174743
961a36d1522e6ffe,0.3670932322600813
d915888ab3fe3241,0.6480267271022195
6d047ff0d07fd1a2,0.17954243513597998
96212cff04501fdf,0.7373573773054081
6cb30ccf0384596a,0.8908584713973116
1878cf5a842e6727,0.525634964051266
47adc8c9afbd6fad,0.2876602063144733
bcecb579dcba782a,0.2632658643326039
24fe0dc9ab19be83,0.11499101281650516
d56cbf99a17acafd,0.3012249921850578
5caed519a777c666,0.09371874023132229
de3dd7a6a4564414,0.6272409346670835
3ddc28164f664050,0.4574788996561425
45693136342888df,0.05539817130353236
143c3caf6eb25742,0.5725617380431385
9295c919e27237a6,0.38646061269146603
0dc756a818dc5d9e,0.7184080962800874
67a0ca3f82ae78c6,0.11971709909346673
cbd51c3558265f5b,0.43266841200375117
b6df5050c31c7287,0.21123593310409505
73f20d006cfc47e6,0.27742263207252266
2de69b9443d4fc52,0.2558866051891216
1ea20c09b6c79a3d,0.3821760706470772
ea1427791f675329,0.6555310253204126
cd6c9a86e5c13535,0.7036788840262582
fe03f010fd99f729,0.8755372772741481
3cac934a5e569272,0.661241794310722
1f9c8c5a31c38592,0.3809002813379181
325d3152d318ac6a,0.3211706783369803
c796149ae059bd36,0.9064531884964052
139b95acad0d8500,0.021618083776180057
ef8ca6e1ad6cbc40,0.6593017349171616
738b1f5edad8bc5e,0.11646608315098468
00b5753c64f3aa5e,0.8062421850578305
7509e02d19e2f87e,0.04862066270709597
a85aa8068fa925c9,0.713369412316349
f8ff744430f73aa6,0.6229759299781181
4106129a02383134,0.1266665364176305
3be6495b6e47bbe8,0.6347159268521413
d58d8cb98c5344c3,0.2744959362300719
72c32db073874592,0.2953676930290716
b33541a9535d3cb6,0.5610190684588934
f117d4aad78b524a,0.5906220693966865
5e48da846d46eabc,0.673341278524539
b0b266000f2d6b03,0.8612789152860267
2aa63d23f11f3aa0,0.11149968740231322
7ca15ff99bdc719f,0.2872733666770866
286e550605b2d970,0.4028758987183495
140d123f8919309f,0.78664621756799
5406d7c0119b8b77,0.713572600812754
feb8f158efc528af,0.7816700531416068
20e9295f7f1b6809,0.35717997811816193
8c67df2b06a8af30,0.7204751484839012
0b5100f2d589252d,0.7308084557674274
a7dff4879e1f2c8f,0.9050347764926541
6b9c17dec469153c,0.8487339793685525
b064e718f3825ae0,0.05034776492653954
633aa423117b483a,0.272548061894342
2bd2dc8cda610b2b,0.7346280087527353
16b4f1b4b30d7a5f,0.8968388558924663
7ce520db2bb5b181,0.8037081900593934
359fc18aad246386,0.550574398249453
4040467f440a4681,0.42265942482025637
ba27a17c66a28567,0.48054470146920913
5e4bef63f0b3974c,0.8007463269771804
849863283a0793dc,0.7390082838386995
aa9c499ad44baf78,0.880177399187246
a3fd494842016ae7,0.621387542982182
5f079c78614b8a83,0.9404774929665521
7420f14669961a6a,0.7994900750234448
0a083c164a874ea9,0.2045502500781494
396f04d4bed14a3c,0.5613980931541107
bda29126d66debaf,0.4426051109721788
8d5ece395c6a6b60,0.659944513910597
9ea22d08386ce3ae,0.06843544857768052
1a277b47ca192cc3,0.2741130040637699
5534d1ac3ad47ca1,0.5837038918412003
164e32a2b96ed3eb,0.8235581431697405
cdea1d25f481df1c,0.1711843544857768
37e1f37cd163cc12,0.8571448108783996
4f896e74ddfe48f5,0.5222276492653954
ec881c0b42489ba6,0.4426637230384495
6cbbc142e3b6532d,0.29410948733979364
af58eeb2cce1b1d8,0.24308963738668335
3792b407d3147240,0.36288879337292906
44abea18902dcc6f,0.2619822600812754
f174b76e8c589bc7,0.46671030009377934
d5cb1d76e26e865f,0.8914836667708659
c953fc1a52b6d2ae,0.5921811503594874
dd9860c103eaa486,0.10621483276023758
1a338e9358b4b71c,0.01622772741481713
28a055a15e2bee63,0.5211550484526415
d810129e88130889,0.4530380587683651
20b2f55f0ebfeb9c,0.43513011878712105
2dbfb79bb9d5d576,0.8265766645826821
a4f168601004a705,0.601154657705533
7419f46f112678b9,0.7018423726164427
7d0ff708b6d6752f,0.9505353235386058
cbb85fa489a893cf,0.07638715223507346
c46a723fbfa594f7,0.5711648171303533
2104390897549457,0.43517114723351047
75c276f7d0f29aa9,0.9543529227883714
01a679a23b212287,0.8239567052203813
6cc58651b88eadb4,0.33736714598311973
14cf1ac65f8ca02b,0.08572796186308221
2a5d42d92966192f,0.4236089402938418
2010478948b9aef8,0.5154012972804001
31542ae607bdb59f,0.709090731478587
783c99f058bdb723,0.36585847139731165
8e49ec786a6d5abd,0.712314395123476
d2b9a740ddba79a2,0.16884377930603314
47c1231311a7aaaf,0.4066778680837762
c7937d0c63ca6a92,0.7055954985933104
64628bdb8224fe18,0.3161495779931229
49cbb2ff9274a4cd,0.16015551734917163
a4dbc0e728a780d5,0.8969482650828384
54a5b82f046318b5,0.8848526883401062
daa0b6896a1749ca,0.2126445764301344
4a251ebb1de72153,0.903053688652704
edc7eab7534ce904,0.5352512503907472
0d31a18c31d12329,0.8568810565801813
ef643ea0ac629b95,0.4466923257267896
39049e24be5a4306,0.9738472960300094
f41fb0591a5b1902,0.1566544232572679
ef3add49907eb895,0.21964090340731476
3c80e6a34fb3e4ce,0.8261019068458892
681bbfb8c5372f79,0.9080220381369177
007f4be9a3f6e89f,0.12024265395436075
25144a9b2bed9be3,0.5799488121287902
61233f40c0cdaa2b,0.3413898874648328
73a058838f6b7f2a,0.9213230697092842
cbc20660739af678,0.9740661144107534
8fc723bf625337ee,0.7778837136605189
3ba49bd9e60f519a,0.14215770553297902
6a3b3033fdfe94b2,0.5187109252891529
c8ed653c9f871795,0.8022116286339481
2f6d48d7acb127aa,0.563156455142232
92ff64a44efeaa6d,0.32035597061581744
d7169f20999bc93f,0.9934881994373241
53604f2aaf701357,0.5694865582994686
a7001845bc2108a4,0.7529091122225695
e1c8d84bbb8add74,0.054974210690840894
0b6ec467b5610434,0.32173726164426386
8ac52d2ec127a096,0.30106283213504215
b10baee15fb9d01e,0.8852551578618317
221ebe5d40d467ff,0.7514731165989371
4fe55b114acc6ade,0.399835886214442
d8482a667d8a69cf,0.28620271959987503
53ade36e2a1b1e97,0.9235288371366053
23415b9cfe9e209c,0.6495330572053767
280c7808d94b9763,0.8442149890590811
de5885c6a7c6423d,0.9777156924038763
38de0e8716fdf6cc,0.6850050797124101
55bc25143589b254,0.7646276180056267
957e73c37d447545,0.1761312128790247
af84b2641d1c74b3,0.2520807283526102
e7be7f3fe2a831bb,0.11119490465770555
841f7e8235380174,0.9347217880587684
63d88f28c2a5df22,0.8856048765239137
8dad4fd4df5c221c,0.8029911691153484
3572ebf75eb17942,0.5672358549546733
25a1a550572c1f93,0.12806736480150047
6ae06440fe74b44d,0.927774304470147
b4bf088ea90582b9,0.30158643326039386
6b9449d16e81079b,0.24467020944045015
4ff7c9e8a089b94d,0.7299136448890278
aa5c5648b80a1a3a,0.5528094717099094
5dc1f3d49bbbe4c7,0.7765454048140044
99546cb325e5dc06,0.9275886995936231
220c843637482425,0.5344521725539231
6608fca5b64d440e,0.8443204907783683
f29988dc0a3c0243,0.6056951391059706
51058b99b395787f,0.20044545170365738
ed1bbe11677f7bca,0.4146959987496092
9f9b85620fbc0cf4,0.3043646452016255
8aaeef3315304e45,0.3538039231009691
5d92173cdb00c0c4,0.41670443888715225
acbcfbef3b1946c1,0.1562187402313223
73cb612fe6d23320,0.7948421381681776
4216594871a36761,0.13390121913097844
1c2bf4927779574e,0.9374628790246952
1498d0dff1fb5394,0.3743005626758362
53f47e8f08b91aad,0.3940059393560488
c4229a0ce07e83b9,0.11220107846201938
bf61a06ee47b2027,0.1555642388246327
8aef635fd1b3a740,0.16215028133791812
0f6a8a20e3587b09,0.14371483276023758
75d7914477c996b1,0.36324828071272275
7b1790935e6cb838,0.06060683025945609
d680549ede3f6dc9,0.16245115661144108
f3bf39cd2ab5bd9b,0.2760628321350422
0b0930b54070750a,0.23293802750859643
3d97f118d250279a,0.9312617224132542
e9de0ad29a82a54b,0.5001445764301344
9485f200c4e02805,0.5810253204126289
12d95850d018d3a3,0.22417943107221006
ddc866b96dfc3aa3,0.7966903719912473
45a33a8161cb4b46,0.23632775867458578
990eb9e1c61c80b9,0.21459049703032199
378b6aac03179007,0.19058885589246644
b6ce4df0bfb4d3c4,0.2603841044076274
a50653ff586cd76a,0.5126133166614567
65cd9ee07cfab83a,0.4831451234760863
d2bbc0c9f79df720,0.8920873710534543
82ce816296a1512d,0.055142231947483585
e502c517a223aa14,0.2591552047514848
71d19ea693604e1d,0.2590809628008753
0d037e649d83d735,0.6008186151922477
6ba6991213384d83,0.7614098155673648
4cac0de9485495fc,0.869232572678962
9a0be358e968c623,0.13222100656455144
f1ca34616439cd54,0.09863238512035011
e301cf1f2e4c3681,0.7024773366677086
d614ef3ad50cc2bd,0.7558729290403251
c0b33846eed21da4,0.25966512972804
d4e499c8cbcbf2c7,0.7670834635823696
112d556866bfa77d,0.9008713660518912
3f5b776bac1c2a71,0.6936816192560175
97fe9a981d0717bf,0.5251973272897781
ce3280649c6eb5c9,0.7292278837136605
7ae7079159ced82d,0.43856869334166926
f1eb50e28869a50f,0.15673648015004688
52c8dc366cde6d2f,0.20112925914348234
ef14064579612c4d,0.758182244451391
7897eec02201ca6e,0.39959362300718976
321d33ef853c8fb7,0.9000898718349485
96766da6bd7c3998,0.2415051578618318
fdccd120c1ead149,0.8075316505157861
288252f0e770ce50,0.7052125664270084
d4d977f5a3d8f01e,0.6376055017192873
62ea4677a492334c,0.838551109721788
d1f182b83a420b6b,0.24073343232260083
0a8ea601fcc75d1c,0.8283584713973118
27930c385742439f,0.6906650515786183
13d12d929ca71339,0.9320275867458581
159b4f9fc1efcb55,0.05031064395123476
94ffb2f9a90b358c,0.5608451859956236
68615d70615e3b37,0.30178180681462957
d4a40bf8afd7e4b4,0.06837097530478274
e3dcfffec2d51e7e,0.11458658955923726
10366fd321e0ad43,0.34611597374179426
80e3f13b4e86e5f9,0.8927887621131604
6272a9e176561590,0.7477981400437637
14ead2f08e775ba6,0.6904149734291967
08ecd3e0061305ed,0.5460124257580494
b91abfe0273da79d,0.9499023132228821
0c3efbd8c39177b8,0.9968251797436699
e9e21b290009d63a,0.6376484839012191
c188505410fa547d,0.5855658018130665
768d9e0553a1399e,0.07166497342919663
a9370f34870acac0,0.7696448108783995
9f6dbe29c2020549,0.2540754923413567
6da7088fbbdbdec4,0.48096280087527354
944a046635530efe,0.9006857611753672
55a97e1488c333a9,0.1595420443888715
bba6644aefeb263d,0.7877813379180993
750f5d2c63709654,0.934418959049703
b7f5c550aeab6fa4,0.6361030790872148
bf2efa05075a9f6e,0.2830767427321038
2987973344ab04ce,0.3917669584245077
a97d19edf8f608bd,0.27317716473898096
6138ff6754f14dc4,0.18102336667708657
87522437573af7c1,0.7144009846827133
57cc4278d6b67c5a,0.06287511722413254
8f29d789ebf40f9f,0.1191133948108784
15e17422c43ac280,0.27413840262582057
57faf77cf5f72f53,0.4982006095654893
febc8ada0a8d768d,0.17876289465457956
86ab68be69241db5,0.6631798999687403
5fcfe942606240bd,0.20002930603313535
31bf257f6a4a70d1,0.7627344482650829
a09897cadb789dba,0.09042278837136605
328299ca9da15ccb,0.415143404188809
c95184d7971b2960,0.8058221319162238
6ba9df085d34410d,0.989119646764614
396ed8ae6d33d2bd,0.7474073929352922
b058bc3c8a9fe33f,0.9093603469834323
77b29cbb7ea1ac6b,0.8348605032822758
c8d191e05666d6f5,0.8729036417630509
c4d716a53ad99b70,0.652889574867146
31d17f992245249a,0.06700336042513286
aa459cbd8c781f76,0.7200726789621756
7ba0185e8220f22c,0.1063359643638637
eb077a940d0bbcbe,0.562849718662082
9298c80a21191034,0.6315704126289465
037747626ac5db4a,0.15760979993748045
8ee7aa8b54022319,0.8633361988121289
a2b57b918f2661db,0.3545522038136918
e703b056b17c6038,0.2856947483588621
5d760ec696eac629,0.5702035792435136
68589cc32366dc9a,0.4675015629884338
83d1d02b456e13c0,0.6281767739918724
f5ea6585ff5edb0b,0.888512035010941
32290819a9b6b754,0.41619060643951233
f0cddec42ddbe07d,0.05033213504220069
41d5134ef4aa43c6,0.34790364176305094
9a422d8246e3f97d,0.417540637699281
341cbe1cbd51048e,0.1980364957799312
3d2c0583f01cd72c,0.5928962175679899
870996e4835ca83f,0.21863277586745858
28b09161f3b17dab,0.5284717880587684
051b367d8fe91233,0.05439395123476086
9b8aba50b3ab95c1,0.8028094717099095
ff5577bdd79bcd6b,0.18341083150984683
92e4eb0a0d4c41e0,0.9316583307283526
575ace0896b22257,0.9310643951234759
a16f31da04bf60c4,0.4319767896217568
cbc13a2671d3578b,0.0671010472022507
876ba2c5e443fd41,0.6273034542044389
5d5689e87dee129a,0.9068165833072834
71a60a6dfa7e1760,0.7686542669584245
f2a38a0b81dc90e3,0.7842060018755861
ec97de286c2686f9,0.24638754298218193
b77b633a5106f906,0.34333971553610504
972df202456969d5,0.17307752422632072
5d7f4e9617d1e7a2,0.17933143169740545
196dc3655d9d1d79,0.11746053454204439
7b9da0adcf1bf365,0.06631173804313847
b9d78de840ab100c,0.21573147858705843
803868566ffdbdc1,0.1296928727727415
cc5f60c8c3c2b5e2,0.1836784932791497
88919e17cce1dcd0,0.13277195998749608
88bff82c05879a44,0.19425015629884337
aa64759c290cdf84,0.4657021725539231
b224a7d8b6f39ab3,0.3331236323851203
ef11b15a28910cae,0.29396100343857456
7e08eb8d4482e7e0,0.8901180056267584
609b606891c6ff2c,0.20804352922788372
07ecd08d07bac830,0.42752618005626764
aea578dbbc154142,0.7504141919349797
9c702ee77f731a28,0.4422495311034699
74a102877446027d,0.6929899968740232
dd13d150ff97f653,0.8902723507346046
36157f72f10981f7,0.4913625351672397
808639f0db0c51a9,0.3137660206314474
d809389ba1350646,0.5173120506408253
353512ba78ee6085,0.030230150046889653
207ae6c9e8f4fabf,0.40381759924976557
333ed3894f0f2865,0.7961648171303533
c8e41f868f963ff6,0.7531552829009065
c0436a45e3cdfea0,0.05512855579868709
497bc4409ccbba90,0.8334440450140668
b29f7d1224fd0321,0.5425855736167553
7795ac2497824361,0.746967802438262
28bd2f25cefc0467,0.26837879024695216
7a5268c2c0ad3fb2,0.4222061581744295
9335e306e6ef6c17,0.3661026883401063
380dbd85787bd38f,0.8423491716161301
4df3a358e7ec87b0,0.10425523601125351
b423d03461c67e1f,0.8339442013129102
8d6c8b00790579fe,0.3815176617693029
75302981ca660bf5,0.6635667396061269
34fae39e3b6350ef,0.41383244763988747
47ee9553918d83bb,0.7871971709909347
525eb09cf01d4422,0.5138832447639887
f285090a9d6de2ea,0.8136468427633635
9a015d0a0e9dca3f,0.3523894185683026
5b9ec24c9cacd921,0.37761409815567365
80f6887bba571ef8,0.43946545795561115
a0121be4cb97ee81,0.1881232416380119
98bbb1d875be50a8,0.7532764145045328
d13d14d73f638740,0.4809334948421382
b2c1f66103087339,0.3762171772428884
ed544070c1558a6e,0.5632267896217569
6dd8a5af5647059e,0.5326058924663957
ec707e8be77e5bf3,0.4191387933729291
435ba973814b0e29,0.49512738355736163
a003759cbad0ca72,0.3300054704595186
4c1f413aeaaeca8d,0.34303102532041263
febaa69039e2d424,0.8354798374492027
1a7702c55d1c3c6c,0.750349718662082
747b48174e7e8cc5,0.09102063144732728
e73a38787bc7abf6,0.6827641450453268
591163e5c881643c,0.7387171772428883
95f08a028b009350,0.27859878086902157
74cf8eff69e3ee73,0.048788683963738665
44639b509c809540,0.6682010003125977
abcf4a1f567f5b1e,0.5351105814316974
987d6ffc23a79a57,0.6885530634573305
e7aea6a6f0d83afb,0.6539465457955611
d9d2d9b2890a7999,0.2548823851203501
deeaee8dc56ee2e3,0.5190586902156924
ed44fe0714d05825,0.8400789309159112
68d0096d6964bebf,0.19389066895904972
8d52d8ee49e4e8ec,0.9073460456392622
b877123e88a6a266,0.4790207877461707
8aae92b438c0c262,0.06169896842763363
40864f11272e903b,0.2915188340106283
7583bd973a7787bf,0.9570998749609253
209764663e3680ab,0.5202504688965301
1802828e130f444f,0.8156728665207877
c7226e4c37f1c216,0.7660714285714285
cd0110875b4d057e,0.48259026258205684
b66e634d66bc8033,0.09242536730228197
644bd7580a1fab58,0.39660636136292593
ceed54b1129eb356,0.7801051109721788
4a02d907bb4803fd,0.10646295717411691
d09af6dce02bcd02,0.10390942482025634
c81869bf2ef1408e,0.7639125507971241
455bd62f0c9a8b18,0.802178415129728
8c648fe7475ba2a1,0.8031005783057206
e7c1606cda3f50ca,0.31684901531728665
386a0c809777aa8b,0.39495740856517664
882d6e6250d5d648,0.5012210847139731
e73fd396a2d7e661,0.30706666145670525
e1293605384c5923,0.04005548608940294
d8e5a75d55957e5b,0.8354368552672711
75e6395a1cc7d878,0.5608549546733355
ecc995a8d29cc898,0.8672143638637073
ba27e43ae6b021c3,0.33373710534542045
075b11725eefed48,0.8961784932791497
16e06a6abad58f9f,0.4031298843388559
039a18d8a9005443,0.9619822600812755
166eabcb1845baea,0.2311190997186621
150f221c402f471f,0.7289797592997811
2af5183224226208,0.4967646139418569
30a31bbf87301908,0.1573577680525164
95c87aa909d557a9,0.052158877774304474
d70eb57711fa415b,0.9121190215692403
9464555817eb4951,0.8921303532353861
8d4e5d5935a1a663,0.13678688652703969
289e3f76cc551091,0.4462703188496405
8646ded190e78433,0.41851555173491717
f2e3c326fd923449,0.35390942482025634
83f8985c38ecf25c,0.32887816505157863
8b698836d194ab64,0.30273327602375744
74a48ddff930321f,0.1964891372303845
79a5efbbc2b4f8ec,0.3743826195686151
6e88ede348b8871c,0.6801168333854329
d98b06d0f7e1b8d0,0.2606595811190997
dc56b06363e3abc1,0.4495779931228509
b5355653b987b958,0.1497284307596124
e5bc532f235bc0d5,0.22137777430447014
153cb69740320d37,0.3131134729603001
30ad5d4441533a6c,0.5872401531728666
05ba774a4ce6ab73,0.8856165989371679
ba467da19b1f2810,0.06995936230071897
9ad04a6b621bfaf3,0.7720303219756175
f605e43b08e76847,0.8980990153172866
fe2d494aa36b099a,0.21067716473898096
1e5a8f5e21430d42,0.5532490622069397
9b28fcb2ee487967,0.981107377305408
2f1c0ef6d36a75c4,0.38695295404814
37fc5525bb7de5e9,0.12117849327914972
d6538f0dbb2a123b,0.7230404032510159
7dde59a4542325aa,0.1903192403876211
20c617dcbd71f357,0.27898757424195064
77f00b5e8f833d41,0.7909542044388872
869a14428379a740,0.43872499218505784
5fe5544f8e236559,0.6277352297592997
2d3681cba05bb562,0.8345439981244139
499be0abf97d1597,0.4231791184745233
5b423761773c3a6b,0.9400496248827759
57cfb14bc788cf66,0.7914211472335104
bf8ee8443882eb4a,0.8091766958424507
400e3c9ccfed951c,0.20981947483588623
95c34bd334691146,0.8668255704907784
441b99f616030e70,0.36211902156924036
d6449401e78d3385,0.4405243826195686
ee04b5380c7d4f07,0.8149949202875899
47350f4648bd6090,0.1695080493904345
3d184c420016986f,0.2693888715223507
2525af5583075cac,0.7617204595185996
37055ef29f0a3dd1,0.4758791809940606
741ca2e53f728930,0.8876113629259144
c2060532831835cd,0.7288195529853079
bdf51afd82ed739b,0.5878575336042513
87516eb4863191a1,0.8126172241325413
034a25e098498861,0.06117536730228197
2beaa963f217969a,0.9384924976555173
6b03ea3eb3783933,0.26925601750547046
99cd56ca4ca12f1f,0.17050054704595186
42288d86bd56d80a,0.3417650046889653
a5497f531ca73858,0.2437968896530166
6b8797ea062ce398,0.3312851672397624
1514a9ebdc630056,0.4597061581744295
6a47264adc77dad4,0.3482162394498281
4cbd1cfe1be11280,0.9265629884338855
555f489d111c7db7,0.3744822600812754
d3d1d52e817c754c,0.12231361362925913
80c2b83979b319eb,0.11958619881212879
b601ede8f1d5ecc9,0.1342294467020944
ac4e394f11848f01,0.7207643013441701
a5d564228af285dc,0.3657099874960925
872eaff0cae2acee,0.26387542982181933
ca524fe71b6054b7,0.45892466395748666
092fdb93d96ab75e,0.15061542669584246
b1224feb365fa8bf,0.19929079399812444
b5883c6e74b0ff0b,0.13150398562050641
7aade43a31d09f8a,0.3444005939356049
585ac3a63ccab1a8,0.17362066270709597
e4933222bb492af7,0.6896471553610504
d4fff28089f09f7a,0.8170053141606752
1faffaa35ce84d77,0.6788859799937481
27afb6fd6aac442b,0.018546811503594874
847a053fb85c500b,0.1707115504845264
9ad6971bd0ebf223,0.3420619724914036
a14e1a04f336c6c8,0.18018521412941543
50698da7b2db2350,0.4792689121600501
15655e2cf84c9cb7,0.7850754141919349
ef796da1e5967ff4,0.8666673179118474
9331c7e2dd294fef,0.5155673648015004
b7796a59af546a3e,0.3685995623632385
d9279cd811aae7c0,0.4114117693029072
df81c08c47af6c59,0.7977825101594248
1b9dcbf8b65b1a52,0.6796049546733354
dd377f760a65ba2e,0.7902586745858081
995b4a4b97e53e5d,0.5348331509846828
13b533f79e5a5caf,0.8474210690840887
d4c903b8efe43c13,0.953749218505783
4fb9e1bf5a2f571f,0.697411300406377
ed595c03e7747694,0.18655634573304158
73e9645c3d48fbb5,0.0205259456080025
a4b5405b00736981,0.8564727258518288
2a653776755ba7b8,0.08811151922475774
158fa97bf999e010,0.45287394498280714
a95d0a261a3bb142,0.5257814942169429
ea46e88a59d4fe5f,0.10520084401375429
6496d7761a0c6190,0.3279208346358237
6f4ba984b6dc3289,0.4363277586745858
5afad3e6c2fda712,0.38710925289152853
02effb9a084a466f,0.4027840731478587
f43a5e53fd455d87,0.873878555798687
49bcb75b2ef9551f,0.08052711784932791
b21c8167caedde33,0.019007893091591125
15d2bbcb8c316442,0.19528954360737727
523bc8b194fc69ce,0.23715223507346045
d7b8e5c99743aab4,0.5477649265395437
3ad43bd42075bb8b,0.8610776805251641
812b9840da2dccbb,0.9354993748046265
e70b5a521c308e83,0.733094326351985
3c45ba8ca9f6f412,0.1329985933104095
7f616f8d83b3eb18,0.4097628165051579
26c592e1845bb489,0.3244510003125977
68d37c0a802b47e7,0.9029345107846202
d8934f60893849d4,0.34078422944670206
2a3dc482e2f9765b,0.3251934198186933
016da23592d81da0,0.12988043138480776
4fdfd4d0c0f506a0,0.7104212253829322
729fc49d981fa3bd,0.35276844326351986
15deccf643c21df1,0.4503927008440137
7daf2f242a027468,0.15689277899343546
d51a0a86350f7add,0.03851594248202564
52fa3a33f632aec0,0.7095146920912785
bb4d95ad5da1ac87,0.44325765864332606
cd23dbd0e165834e,0.09455103157236637
ba39191a07cf9e7f,0.560343075961238
9ba5cac296310d3a,0.9056521569240388
d322c51efb437d17,0.12484760862769617
3af739b2f776287d,0.7808045482963426
85804c2e9c6d680a,0.12694592060018756
cb0cd20b25649838,0.24038175992497657
12c942ad8a277403,0.5305642388246327
289e502cd91b1547,0.6675914348233823
31c382a7004fe972,0.34709479524851516
d169a1c279a46015,0.9559745232885277
f9b4abfb6291393e,0.646010472022507
6717d92d92048fbb,0.38362378868396374
469f41c8da1eeb41,0.5642720381369177
769314bb014d1235,0.7104837449202877
ff2e280d521989fe,0.27209479524851515
1d52653d4f3c35fc,0.0842431228508909
4c0ebdf6c9dd9fb9,0.1458854329477962
8e182e2e4650cebd,0.8184041888090028
f55714d17852a183,0.16915637699281025
f2e291daed34f717,0.8467939199749921
2fedf01adbad6180,0.08233823069709284
7079029a20553569,0.5710788527664895
7214daf28cec2f25,0.4330904188809003
3037ee52ce757f35,0.0943048608940294
301594a1fbd58308,0.5057557049077837
971dbbb99046d9fb,0.7326801344170053
c7647059905f4dd4,0.16773405751797438
796f7cb75fc0eb55,0.8955786964676462
bcf00da3386bb946,0.7895553297905595
9fde66ee9b59f95d,0.03641763050953423
752d3e65ebd63369,0.2881271491090966
1a6bbae0cb804476,0.3978587058455768
03cac4272e7b8e63,0.8857084245076586
055fecf2717f29a3,0.5960221944357612
a2aa85d0e1bc4e6b,0.47289778055642384
ef9db57cac44e529,0.49960729915598623
8c91442db55d9d64,0.6655615035948734
7cfa3fef2d1a1dfe,0.20378243201000312
56ede8d9842e0590,0.2003243201000313
fc74e63ad196960c,0.7751953735542356
342867ccf7337815,0.12619763988746485
866f7ea3c4be20e6,0.5450804939043452
f45494a74c712731,0.6829985933104095
414228464c8b74af,0.710042200687715
e4a3f7a35452e28c,0.5102981400437636
c1eccbf012d9a361,0.200191466083151
a715e394b41f3a16,0.21485229759299782
26a24b8218ee00b6,0.896453969990622
db4b58e70acde06b,0.1969345889340419
deaf015c1e137149,0.07904032510159424
9d4fbfbf523a0472,0.9848956705220382
ff7e2911a22e8008,0.7753516723976241
30449ce55b14d344,0.05577524226320725
b930073e02948360,0.5465829165364177
9326674b4c828c15,0.5891352766489527
a9b474db35164846,0.5465731478587059
9183d88dcf308c8d,0.20629493591747422
47c8c6f64cdc0a43,0.44797788371366043
2ee4722095033329,0.5164484995311034
cb8a02ecca44027a,0.20242653954360737
1925e9dc63237314,0.5959420912785245
dd36f08b99fcfa16,0.8425543138480776
9bbd43f6f760c243,0.746803688652704
a766359aef66a25f,0.6593603469834324
4d10a4698fff400a,0.5378125976867771
44a6285639d7fcc7,0.6624179431072209
a64ce0de598f4714,0.645643169740544
8c887a6a554fcff6,0.004522897780556423
ef3f3402f7530e37,0.009842919662394497
e9cf43bab751f410,0.035188730853391685
1245634a78a3136a,0.1728684745232885
7c5ed75e73c20133,0.3436171459831197
ff7628423503cb61,0.18958268208815254
55df3baf4cb22442,0.12036964676461395
20497b1ff5df51bd,0.7335182869646764
fe1c1e2e166d6943,0.49761253516723974
0a6a2ebc3b004ba8,0.5228430759612379
ba16bc573e1d9a6e,0.5716239449828071
41ae92fc5f37cdc1,0.23405165676773995
ae05071f58d92774,0.22562128790246955
a8d4083bb2383da5,0.8365797905595498
92cf17c3d59c9b61,0.026150750234448267
f591caedceef4268,0.23864293529227884
e3d006785a8a409d,0.6602922788371366
dcbc913499301796,0.10553884026258205
b630e1af9fc1f3b9,0.7916341044076274
7d6a1e459131bf25,0.9051539543607376
5f891649affd8c18,0.3450902625820569
7dc102adb7ad6667,0.4955591591122226
1b8c16064d0dc4d7,0.32445295404814006
8e5286a9c7d73ad0,0.2272761019068459
147e554cda420ba2,0.15360268834010626
18517e2df9cc10ea,0.4623925445451703
54ca2e9aaea55320,0.9955357142857144
a923278148853286,0.6371854485776804
cfb35f11977c3be6,0.3790149265395436
aef8a4667274a47a,0.07437089715536105
2c51172cc4d5eba0,0.26652274148171307
494446d84318c9ee,0.457820803376055
aa652d97612fe50e,0.04936503594873398
baecb9e5cd4b2907,0.877397233510472
c29488c64d211da8,0.23661691153485462
28746b4c4b26d721,0.05715653329165364
8a45d03fa3989bff,0.2119451391059706
462b3e544fe612a2,0.5959655361050328
359614f152fbbc2d,0.3014359956236324
5e953db789137f0e,0.5857709440450141
2a99aaa9555b3dab,0.7641196467646139
aa37a77bc447fc0a,0.9458678493279149
8c0d7f3ade155e48,0.16256251953735545
45b05dd1071039ab,0.9849152078774617
7e037c271c23576a,0.21059120037511725
9adb38d0576dec06,0.5543353391684901
532c84dea557da7a,0.6083971553610503
6c302b9662d3b5c1,0.31531533291653646
666231af023e8fd6,0.22141880275085968
9c06ef2fdb037a79,0.5939199749921851
65230a28464587f9,0.34295873710534547
b3ea4baf43182919,0.5370565020318849
c1f297271ef8cab3,0.2715536105032823
7c58e1fb77913d4c,0.8845107846201938
00ece1c11b40f8ce,0.07445100031259769
a820b5633583bac7,0.8448753516723976
b4e9165d8e2aebad,0.25772897780556425
85f20d358a8d6ce8,0.5027879806189435
148fdf734e431091,0.31187675836198814
67708062cc529759,0.5248554235698657
d764e50c36756862,0.9297026414504532
dc093657cc4bfbc2,0.48677516411378563
08c0597e111a2388,0.4861499687402313
58fc68c0720d8cbe,0.37747733666770866
387b7309eb20b505,0.6729153641763052
cca31a05a820ea88,0.8167024851516099
be7e5b7b5839a348,0.6978137699281025
ef7aa159ba83917c,0.6046752891528602
3dbaccedf2355696,0.25924703032197566
3774263bf5c9a393,0.33119334166927167
e830f76f4667709e,0.523784776492654
c96965b10fe9e8ba,0.1874765551734917
aea0b2d75bb410f5,0.6529345107846203
892d778bace3f693,0.5077582838386996
f46440975132762e,0.8806873241638011
6084fc419fc10f1d,0.9204829634260707
c6fb1852daad742d,0.21353352610190685
2bd09ffffa247f82,0.19050875273522977
5ded576ceda86075,0.5271022194435762
c066afacb3fe3a52,0.5938574554548296
21e99c194e94917b,0.07056306658330729
7f4eef61767e4c67,0.07231361362925914
dd19efa057bdb4b9,0.11472530478274459
2b309ca794e9b11f,0.9630900281337917
8428fd508cf86cb1,0.6032256173804313
bd059d7efcd14494,0.8900476711472335
7fcd9aa10e5ab5aa,0.3795736949046577
9398c438c5fe8b90,0.13346748984057516
7401e49aee3edc69,0.6694162238199437
0520f17da71602b5,0.3213992653954361
efeb31befebbeedb,0.16900789309159112
df3fd48fd3b3331d,0.516565723663645
14e14e2218536077,0.7240485307908722
1f92d25274d4f038,0.3853079087214754
7170ea34f6161e69,0.5390903407314787
04b0152464b775d6,0.4669955454829634
7653ee403f88ff26,0.4915520475148484
ee84092d5d680f67,0.9659463894967176
c41b6329fa5e7012,0.03883830884651454
1514f652f00c3b36,0.16072600812753987
0c6d11c69bcc6f46,0.4249296655204752
382f75d2edb9f457,0.889617849327915
ab482dbf08ad90d2,0.585130118787121
5ecd94cb7901e72e,0.1034561581744295
176da975d008461e,0.6698421381681776
882d984b9b9d8fb6,0.2743005626758362
efecedca199bc74e,0.5716630196936543
5f185fd802f0c00c,0.5753516723976242
b7be75c69ddcfdc9,0.02165520475148484
4da0a9696b2e9612,0.35736949046577055
755bd669f9bccb8e,0.40304978118161927
dc744a1038657389,0.546952172553923
f5565f23a877bd69,0.7249980462644576
45485cf629983a40,0.9088230697092842
9d8248668d721756,0.48226789621756794
7e637102a104b616,0.1497401531728665
b9095cbbb40751d4,0.941954517036574
b6f5bc351054c7df,0.5625156298843389
d08fe94fcb0dabad,0.11605579868708972
edb4aa5de0832a92,0.2974640512660206
b142c9c1185e5f66,0.3225832291341044
1473309b954d71f3,0.7565371991247265
b604a5e504b627c0,0.9350246170678337
d5d6a72d9d2c827c,0.08223272897780558
aac5a801e8926a83,0.3393892622694592
45b600cd20830ac1,0.7443126758361989
8b6f8e193f28c495,0.28704477961863084
9cbdc55a60ad3994,0.15671108158799624
59cc8f62d55aab98,0.04442989996874023
42f81ab5abcba09f,0.49159893716786496
758524a5d6a74122,0.6785870584557674
0acada29c4de07eb,0.46822249140356365
6bf56d0ceb2c1ab7,0.19377344482650827
03b29070bb68828a,0.12646920912785245
2f553bd8ba413efa,0.05502696155048453
c3ea0fbb29a15317,0.3518267427321038
797edeb1c8a9c95a,0.4870897155361051
beb71749be71fd3b,0.5113297124101281
c660714dc6059849,0.4119959362300719
549961b37bef9764,0.08508127539856206
dfac78eae9821675,0.10892661769302907
588c204b822eb2c2,0.6815157080337606
e96e43deab9b69f6,0.9093623007189746
9c9a726ae65647b0,0.09958190059393561
58f635ddafc61c78,0.949972647702407
d40624f11c720afd,0.8277684432635197
73575ac328053efd,0.46790403251015944
809a4127b076294c,0.9389359956236325
d476e643d990be24,0.15151609878086902
4d04534027759be4,0.429350969052829
72c2c7664c8294e1,0.8176461394185681
d3bea4fa475618cf,0.7521881838074398
7af7100957117fae,0.2918060331353548
bfeae03c16252052,0.20375312597686776
dab19b0b61104952,0.8486675523601126
8b72f86a4e6a970d,0.7354055954985934
c775b6de816c5092,0.7208971553610504
0de6dca19e114646,0.42082095967489846
0ee2b0fc31b7cbb6,0.10024812441387934
3363b132efc51b9f,0.92698108783995
ee924a0428a40a76,0.19275945608002498
ac3726dc72e71ad0,0.49142505470459513
374584473bf4cec4,0.46248046264457643
e6b8e496d903523d,0.5469541262894654
8fe009970d6cbeca,0.27483002500781495
b03e574c8770e9d1,0.1601789621756799
27905f95e6931f22,0.3878770709596749
8099a0f72ee1a1b1,0.40867067833698034
5fbbd8a6f4ba3669,0.11415676773991872
24033a02989369f5,0.7991208190059393
223faad452bc6598,0.7258928571428571
c5c13adedfefc67d,0.47540833072835265
ec24ebbbc53f73ce,0.1062324163801188
3a3e4d31cbad45e5,0.19635823694904658
79763f9ebecaea1d,0.6606205064082525
46806e41926c192e,0.6502969678024382
a5cfdf6746ec5cbf,0.8998476086276963
0ddbe3ef0aed551c,0.2629220068771491
b641fe7061b46442,0.03665598624570178
be98835c447eea49,0.9378653485464208
98aa4160c7876f0e,0.9294134885901844
0753638b45dfacf0,0.6788508127539856
e938301ba66e78e1,0.5520162550797123
64b695db5b68b91c,0.46746444201312914
2797a5b06b8c68ee,0.4184178649577993
aee53ec38b7eb6f0,0.8085241481713035
d59b57f46a383c1f,0.39123944982807124
8c3a505dd927009e,0.3061698968427634
436e01defb530baa,0.06618279149734292
2f54c0acfcbfd646,0.7583737105345421
20f15dad96dc92a0,0.30965340731478586
8a16a230e343a296,0.42204399812441384
fc511072e8631203,0.610901844326352
5d976c71ca9049f3,0.6032197561738044
b207e579713d5841,0.9924839793685527
ac03eddc2e2fd2ca,0.5677067052203814
6b1e6ff0118fe59b,0.8523054079399812
2cc92c1f6bdd93d0,0.566385979993748
f651266acfce6c0d,0.2638930134417006
c3b49d19c43acd64,0.17883713660518913
05a27ebb8a82cea7,0.9824339637386683
f32c511446a68874,0.10186972491403562
108d6b400d52aa73,0.5973898093154111
7e3cd0895bbfcd9e,0.6853215848702721
2245ed07ee31662f,0.641298061894342
c81aede118be0e5a,0.49367771178493275
d664a113973613cf,0.5020494685839325
2899dbe3769e8b1c,0.4664074710847139
164d8c33239c5511,0.6288429978118163
e753bb93c30cfba0,0.8492224132541419
4493eab669361ba7,0.38525320412628944
4e55ed26dc79c3e0,0.3881584088777743
1d2f7db4504f10b9,0.13116598937167864
9749ddc8b2a3a385,0.14249765551734916
9aab93db4ffdba7e,0.7940352453891841
88558205521546f1,0.2968759768677712
02a8e05f667b2fa4,0.27667435135979995
f95b0bb67413dff1,0.49045209440450144
b821f8fa7a26d286,0.17686972491403563
bed1456aa64d60fb,0.7386878712097531
685b1294dc5f8cbe,0.7260706470772116
79a0510c936f5eb5,0.8055583776180055
07f28f119366b484,0.12237808690215694
949af0edccb8d159,0.7655126602063145
9965f63ba2d41ed4,0.05899695217255392
f635cdb577ae5471,0.7684217724288841
6419d144df4c87de,0.6637132697718037
bc7f2dd2340df372,0.09496131603626132
cd35e912794bda2e,0.3565157080337606
abf3b6dbce73db98,0.36815411065958115
4eeba8a4c17e4351,0.47167864957799316
f612b9af4ce98bda,0.8435761175367302
d8120911733689b5,0.40437246014379497
723bd2532e39f731,0.4952289778055643
3889ee7a1f5fd62a,0.5193693341669272
66ffb196fbbb4006,0.24050289152860266
53a1c51ae93d0e81,0.5457662550797123
0a4f5ec5f9339110,0.21434041888090027
34416b6b8b600a61,0.1970576742732104
1e0b561b5df0447d,0.7230833854329478
43e848bf56ec0bb2,0.6202426539543608
1ace2be427eaf92b,0.115088699593623
e24ea459233ec078,0.955560331353548
e019c487befa7761,0.05413410440762738
7734ddeb14b3d277,0.24822210065645517
1961aba76570acf7,0.38174820256330105
276265c86a0e2a26,0.12281572366364488
4fc5594c301766d5,0.6098097061581744
bfd20f3d76573073,0.41680017192872776
8526753e065f5b50,0.9210905751797436
5c03ad68783d0d61,0.05650203188496405
9c83e80d019e0f5c,0.4719971084713973
4e6019e87ab5ac6c,0.7636761487964989
dbf6023ccc73b0e7,0.13322522663332292
fb35b29ad551c9c9,0.2191583307283526
3ab9a4e335cdfda6,0.4045189903094717
86fa9d51e632ae1d,0.5746307439824945
ab30ffa9ef0220dd,0.976269928102532
ebfe496544b5a6af,0.7398268990309471
4cb026b93d1e4edd,0.27641255079712407
426a41478cfcfc22,0.34951547358549545
3e16e5f885a5764e,0.2714266176930291
dab52f137b1ba008,0.7057439824945295
a7e545c29eee2bf1,0.3040051578618318
6a50159c50f7f9d0,0.0647800093779306
ded3c69308607da3,0.7241989684276336
921388faeaacbc80,0.9699222413254142
8c90e1ab4a546bcd,0.2865114098155674
31b1827fce88917c,0.06754845264145046
d97cfaa40be224a1,0.14274382619568615
b4dae0ea6d15a25f,0.3820100031259768
ffb033e54895ee3d,0.7916204282588308
2b625e5d9c22b0cc,0.3809628008752735
87605745817d0ffd,0.038050953422944664
9717417666a66daa,0.3582877461706783
3267d4ecd26e96f1,0.1486460612691466
3399800c4f113d8d,0.7074808533916849
f457366f48f27702,0.24593232260081274
5a6c4f9b661a0ab2,0.7943869177868084
76628bf9d8b6b0e6,0.9887269459206003
997a5333179da7c1,0.14861675523601126
044dbb2023ecc53f,0.9478098624570177
737497734f709843,0.8755275085964365
fc7d05c3ca74b0fe,0.26253516723976245
f5b74bbaa8085255,0.3378184588934042
c1d1e5c41f539d03,0.6141509065332916
86f9c72ffb536f2d,0.9919427946233199
95b9d46eff640109,0.28812519537355424
3aff516939a3de92,0.2664289621756799
23c1d6b14d960725,0.028610503282275712
0b0950c974175a86,0.4542825883088465
e94d8ce0ed816caf,0.25800836198812127
037bc4751346a482,0.7505157861831824
d43c5617c5e69df5,0.9883068927789934
82c6f27cdcf850e2,0.8815196155048454
7652727437cf5e6b,0.20236402000625192
86f089e7c7ae0d75,0.8020533760550173
b9d7751ccd00d9c9,0.8655087527352299
0a079836e9e1ac2f,0.48629454517036574
90461cd0e33baa56,0.6853665207877462
825b16c4984f4382,0.6197288215067208
9054cbcd60dd433c,0.3229876523913723
770e4ea8a1273a1c,0.6934295873710534
518ad8ed2ff052f7,0.4848741794310723
f12c4df4f05fb6c3,0.24468974679587369
95a9d1c987aae5f2,0.7685604876523915
1d60b64e1441c91d,0.48047632072522667
84ed70c1cda568a6,0.41224406064395125
3d6e8f3a5d06c7a4,0.3749198968427634
eb1779538632b044,0.20866872460143793
bcf84068bc4b5615,0.34289035636136295
3dceaab87e5bd6cb,0.6498261175367303
c86b418e43874d34,0.5012836042513286
95397751cf365c4c,0.5946057361675524
e80b64dbd916f780,0.3077035792435136
d2a231ba481924eb,0.5346944357611754
e86aab1a495bc94e,0.12822757111597374
4c088c5147f6cc2a,0.5128653485464207
746c9771aa5c751d,0.41388324476398874
90005adf46be6af1,0.09102844638949673
78338f5a63e742f5,0.5802789934354486
9c3f2d29681d0d34,0.7742732103782431
f93fd851b68279a6,0.890295795561113
afed2c838b247303,0.7884065332916537
995d752a3bf1fbb2,0.5808240856517661
33609320e5c7578f,0.1716337136605189
1ecda15121ffa27d,0.08921147233510474
47b2accb2f516cd3,0.8440821350422008
5571f2482997d163,0.8623397936855268
32897e94a9feeb0f,0.9147096748984057
3d5fedc7f245d35f,0.3952367927477336
1b4707947519036f,0.547542200687715
3cee4d33cd4686de,0.4928571428571429
155f6d74191258a2,0.5873730071897467
3ae6a0b3d379dce4,0.3432088152547671
dab9de12664f7b0b,0.354931228508909
cc73e04980d2167e,0.45503282275711165
be7f0f5d2c65bf06,0.5802086589559237
dea114b428048ebf,0.035675211003438574
deece306851a2a78,0.37478508909034075
d1ce358b8f732eb4,0.26910362613316663
e025d916d395fc1e,0.6322776648952798
f50d9be3d733fdc9,0.2899890590809628
a6c0d8fd193f76fe,0.5727141294154423
569e045332c790a0,0.5750722882150672
977114ec6d208ff4,0.06538175992497655
17faede0e698eb93,0.33815450140668957
0610c3287750d822,0.6385452485151609
58e6e26dd56a60a1,0.06415481400437636
bc263b5b32d9ae07,0.28248085339168494
8894323cc5f185da,0.11547358549546734
e8229221a1595393,0.21275593935604878
63c589b1e27997d2,0.7583150984682714
fe21e0f0344dfca8,0.6949359174742107
7e0194535136acfe,0.24379688965301655
cc859709caaa52f9,0.038680056267583626
56e7153dc35c0573,0.21112261644263836
c76e1ab42940cee5,0.43739059080962805
2ed46ca4b8d10516,0.43419037199124727
ae2f86a0a6c3b696,0.5412296811503595
a05d11d463a21a32,0.21742927477336668
89e7dc0647f4db8e,0.49424234135667394
80934ce845013628,0.4630294623319787
f66422247e89d830,0.6313007971241014
b0a301739cfa2228,0.14207955611128478
42b93c5a8b628ba5,0.27590848702719606
f74f1673a45ce9b3,0.6463465145357924
2b76aa4b82e23768,0.37042435135979995
0d6190a27ee0d6ad,0.757322600812754
7492fbffda1eb950,0.3324574085651766
35355c2d5692cdbb,0.7218017349171616
de976dafed9c0fc3,0.7444552985307908
e2601be919261723,0.10672085026570804
f56a91dde5defb60,0.30267661769302906
1a9c207021895aad,0.8716219912472647
86ec8e715d2efa2f,0.5001797436698969
7762b73652848f92,0.5360581431697405
ccd34b74bb18d71e,0.7886194904657705
eb6c259855aee52d,0.6600597843075962
7bfe956eabaf5f10,0.4417474210690841
38c6063d22fa4f9e,0.7713426070647078
46b7352aa3c8a1ba,0.5234858549546733
049fa3f6cc3a62a7,0.8900457174116911
5f77b44deef47d28,0.21476437949359176
27462f3d6cf43575,0.4310819787433573
ca854373b937b419,0.7825101594248202
1f6eb5f2da254111,0.7359995311034698
9262bb44aa7937b7,0.4088719130978431
d81678051b65ebc4,0.5590985464207565
0edc1ad07f4aa86e,0.8095479055954986
a8e836b90034f123,0.2154345107846202
c729d0e49b2411cc,0.9955396217567991
db925a43365c86f3,0.43377813379180996
1cda28c15e8e4170,0.6366813848077524
ef5a97a20c5118bb,0.8545834635823695
4b990b98ec734989,0.7835612691466083
a96f328dda3bc98f,0.5410206314473273
b467b21cee5c9a57,0.15485307908721474
8c1694e84b06dad7,0.25632619568615195
7b038881fb7ec965,0.6198479993748046
60e46ceca8ca6531,0.39283369803063456
be2e51dc6bf61727,0.789678415129728
f1063bee63d2cbd4,0.34305251641137857
1a3d53e660017625,0.32882736792747735
6db1dc15ad1e28e3,0.8549351359799937
34f0bfc533c2a23c,0.5370897155361051
76e738496305310c,0.23118357299155984
a76e95f0a09b03d4,0.04987691466083151
6a0d13d3e413c0e5,0.13789270084401373
e002702b095c4d9b,0.47930798687089715
435eb85f778a69f5,0.06992419506095655
5584a339491f1a03,0.7729935135979993
9a06cac14b623965,0.5236519224757737
b199a982f9480beb,0.851531728665208
e32add368c6de44a,0.22203227571115974
34824decbc66688c,0.32806931853704285
070711d7fd9b7ea3,0.6622147546108158
a1656b509ebf749c,0.981167943107221
ee96df140d42129a,0.9823948890278211
09fb51e0fded24ab,0.3675640825257893
77e04872ab10bf20,0.7040207877461707
6b34ce0940c8c237,0.8326137074085651
8b94f16483f351e9,0.6669506095654892
a7d4f13860590306,0.044857768052516414
66537bdf81c41f46,0.9014105970615818
3014fd36c07b8950,0.638414348233823
789380ce86c031af,0.7991188652703971
dbaee9defc780591,0.6158174429509221
bad0375f198257db,0.13066778680837762
a7b766569c6f66fe,0.3471358236949047
efd3fc92b86b90cb,0.6360854954673335
3ca6e7825d948c12,0.5456744295092216
5c73fed8f1d584c0,0.3551051109721788
cb7f45c4ee30e84d,0.6538019693654268
aac70ac68209f1cb,0.6761487964989059
fb253a15132c7c36,0.6191563769928101
4f1ad3d1864799f9,0.8762406220693966
06cc890b7c3abdd8,0.21531728665207878
48f5b50b05af6685,0.1231244138793373
8abc163b25fe8f16,0.08590770553297905
5220ee550d303425,0.701713426070647
8f7e85307eb35706,0.4745311034698343
dec525eaa4588cc8,0.7644869490465771
8a7aa7c3acead22b,0.612724679587371
0618f0627df67711,0.6700218818380744
5d9929a965640bc0,0.4170541575492341
b45f8124eea44b5f,0.1755001562988434
32e371f83b148fb6,0.8418099406064394
83b9c322c9febec6,0.3687890747108471
8bb4d82df107f45e,0.5484233354173179
cc28d0d6ace393b0,0.3698909815567365
29c17f03906ad1f0,0.3702973585495467
b10cf30c243ed8c4,0.8715223507346046
85c180d755530692,0.21178493279149735
e9478d4c11f48523,0.03338347921225383
329d63bfe65d67f5,0.31318576117536734
4e7c7fbcb6fde9af,0.038039231009690526
1f2d4ca7586d9ef4,0.1572503125976868
04ff2418e503eb55,0.70112730540794
5807d02f74d22963,0.5388500312597686
23aa15ff2408a5ed,0.21288097843075962
5c3fe62807fba6c3,0.3052946233197874
c97a3c1357c537a3,0.6924155986245701
bde91246f16123d6,0.10807283526101906
dfcf3493677dd9ae,0.05909073147858706
4a0cb390212d6320,0.6410792435135979
dd48f98a0e7c2640,0.2787492185057831
21669e26853a5beb,0.7205786964676462
c4c279dadffc28bf,0.7633498749609253
27f99b00db0702b4,0.19016880275085965
823a471435809e0c,0.909166927164739
36d9872df73f0208,0.629685057830572
69b691bd3b11f565,0.5885589246639575
051aab7c376493bc,0.006464910909659269
897a042cdd939f4a,0.8472120193810566
16e574aceb37758f,0.9271745076586433
7acdad670c7e177e,0.6509807752422632
af7211a4b66028fa,0.33251015942482026
3b768875237c8195,0.710448577680525
a9e4e55b286f1971,0.6387035010940919
1e42f2e9ad67815d,0.2601809159112223
0d527f8f008f8efe,0.10188926226945921
4c2ccade1925c5d7,0.4915364176305096
b3a98dacc0702405,0.14452758674585808
9b8e0f7bf05d953d,0.12039699906220694
7968527b42656286,0.22101437949359176
caf14438584b43fa,0.1741364488902782
31e140000e0bf36b,0.33015786183182244
336acc52a893cf2f,0.4140043763676149
bce6e39fc4407c93,0.09283565176617692
d5e58bdbf23f01f5,0.05079712410128165
1ff7a8ec347ef2c7,0.27803415129728043
ce432d29b214887d,0.1668705064082526
44e820df9233e162,0.6358119724914035
fd036d6641276c78,0.43853157236636453
45c36909115a7b3d,0.692480071897468
0c18ad3d4c7f25b8,0.8028329165364176
4502d8fecdca43ef,0.7751973272897781
9bf5cf3ace55851d,0.48320373554235696
0e04a1cc15af0b5c,0.025494295092216318
86bc772734133e12,0.6848370584557675
76fda8694024d3e9,0.6769048921537981
d244839566b6672e,0.6183709753047828
e165495e76c8691b,0.5307322600812754
18e8d9f4f0ed1ffc,0.3672553923100969
c198ddc9a1a0f0a3,0.12847569552985308
4f15b2cd5370863e,0.3767759456080025
5b71a33a75b4b41a,0.9826215223507346
85211a41d91dfa68,0.6488238512035012
31c3ad8e554acb99,0.47462879024695215
f05e3b467a207ea7,0.0027899343544857767
20eea1cacbacd917,0.7760647858705847
338ac2331272bb7c,0.2618415911222257
e6740f272d44da83,0.8167435135979992
9368ba44560c50d9,0.36815801813066584
18e4039723086124,0.4219775711159737
c935d65cb1c5cfc1,0.2606361362925914
dd819f141dcc8319,0.15775046889653016
90488975d041fada,0.3223878555798687
a5aa463adede1f1b,0.5758127539856205
872ac9ef6cc6a618,0.1350246170678337
ae4040a11f651b1b,0.4626309002813379
468c82067304eb0a,0.7816368396373867
cb460a2bc70974da,0.13753125976867772
366ae30bce6f5b98,0.3351105814316974
7638518d282a3163,0.7914367771178493
633878cd7103f469,0.4315743201000313
73b8cda0da8e3c6c,0.4839012191309785
b24a01610939d7fc,0.056589949984370114
99024e3163df7833,0.9373085339168491
f67fd1bdae4a88b9,0.4980228196311347
bed6a87757540498,0.2744822600812754
97afe9a3ddc497f7,0.4931873241638013
dd9f348a3e019188,0.4955415754923414
34946df4f3dcb0b6,0.6115817442950922
9444819c9eb0c9d9,0.7698050171928728
fb4483e1ad010ba7,0.05925093779306033
00c68b30c299654d,0.3321135511097218
72515cd3d8b3aa9a,0.7469521725539231
908510f96be347b0,0.824644420131291
99a21c81b1b48573,0.42767075648640196
22f68a423b09a5d9,0.0647800093779306
e7f04cb37080c9fa,0.06728665207877461
dc02fa202a12aa6d,0.23699593623007187
10d0b7f586529eff,0.07124101281650516
ffd7b011eb85f998,0.5226183963738669
e621dd32e1b264df,0.19787238199437324
4af1a1f24964fe8a,0.28864488902782115
811ce0830dbadcca,0.12202641450453268
19f0e848aacfeb93,0.7039035636136293
8d3f02ada61029a5,0.7381095654892154
1e2a07a17f935db5,0.1140454048140044
32328db851b10b18,0.3449300562675836
9ee145457cc792ea,0.9258615973741794
ad8df560233793e0,0.194439668646452
d22762aa0ca69d56,0.5114781963113473
f8355291593dca46,0.9108510472022506
0c612654e51e01fc,0.13326430134417006
ae7e23426e25bea2,0.09244295092216318
e009b5beb1619a81,0.8560917474210691
520faa13a8c7065c,0.8621287902469521
b5f1a39aded71e0d,0.08888519849953111
de6cb6bc5b8d1640,0.5517915754923414
d51fb6ba7bb6913b,0.8629454517036574
a1375923af03ec27,0.7340614254454517
8c4b7d8e2bf037d3,0.2726398874648328
681405cfbc0dd97d,0.455894420131291
992164c7365bc333,0.7022409346670834
4814a10f30ed6822,0.6033467489840575
f125562b955f34ac,0.3615876055017193
8665c174c23e0232,0.29256408252578936
c03010cc5ef028ec,0.9198050171928728
d2cbd396091301dd,0.16023171303532352
c5b700f429ada2a9,0.37666458268208813
07d97ad7c5757563,0.31675328227571115
abe88bd25b74cec2,0.87305212566427
b5242ec51fa10803,0.2535655673648015
504c204a4b07adc1,0.24723546420756487
eb3e885ca8381431,0.43294974992185054
88019e77a7570235,0.7534835104720226
4f5b5ab494b7fa3c,0.6420717411691154
ff857c8685376696,0.6867360894029384
c97ffff5899cdd5b,0.9198323694904658
06d8545946fb794f,0.8284190371991247
86a18a847664c8db,0.49253673022819633
236b7caf60e83702,0.28002696155048445
b7362d1c5e6ea485,0.425607611753673
75a194abbc3951a6,0.7411534854642076
0739352b03f43601,0.47557635198499537
d5fb0ad6dfbebd36,0.04817911847452329
ab3267950cbf32e4,0.6456705220381369
061b96409f1ecea5,0.24502969678024383
77507cbfe35570ee,0.09708502657080338
a36af5b550eaa873,0.6433807439824946
9ea7c406af2ba7ab,0.7886351203501094
f67f1e53508bf00a,0.9040305564238824
c1e4dc287c41d581,0.3017212410128165
a53a53e86b02f37d,0.39626836511409813
608291782c527827,0.3810976086276962
d0ad07399c84455b,0.599200922163176
fc8986567718f61a,0.9344736636448889
5dc1fc6a5d643435,0.7246659112222569
5c05741c61417dc3,0.41169896842763365
d702bbe78e1fa189,0.14214402938418255
e781540ac8518204,0.16581353547983746
7dfe0b8686f2f32d,0.7114606126914661
150a93d31aae72a3,0.3254083307283526
6eef12e9a09066d4,0.9033233041575492
636152d21bd16667,0.8254552203813691
c7f6af439da950c2,0.10855540793998122
27acdee466fcf485,0.995354016880275
a8804fe9eee0fa90,0.044160284463894965
6192ee4938021f38,0.8485913566739607
fc02f9550afeac41,0.06865035948733979
7c9ba87d30178a3e,0.9256818537042826
a17444b2e1cdd78a,0.6843290872147546
83df6fde56cebe4a,0.2870604095029697
b35110acb0de3b77,0.72049077836824
9fc1dd40acc8bff1,0.8816739606126915
0c521eb5fabcd49d,0.3844111441075336
e081802079fcf55a,0.7893990309471709
12aedbe868f79776,0.04048140043763676
be8a2586f0738799,0.678053688652704
077d63174223dbbb,0.14463894967177243
bf95a5f9268fccfc,0.3302496874023132
51ac7bebc69eaad3,0.8218740231322288
823b8b0cbed56665,0.6566251172241325
7b06037a7dc44eab,0.8827348390121913
c3468f13ce305a3e,0.8585182869646765
82906bbb278815e9,0.06564160675211003
26d93d94ea19b1b9,0.3359037980618943
d59469ecf7c3bb29,0.4176656767739919
7db5fdf7d9e7b81b,0.28626719287277275
251dd43cde3297db,0.4647213973116599
cb1945985d64f4de,0.21915637699281026
4eeb92e907af170f,0.41571780243826195
feb8fa429dd67ef4,0.5991384026258206
4de67c2419537ea6,0.1614449828071272
538e4f56402af36b,0.8590516567677399
a4cf878441380a52,0.7725617380431384
96be7b3de04ff62a,0.5600070334479526
39c3d3887c8c1a94,0.44478352610190686
1921999c1eb2c5c0,0.703420990934667
d57e9b30000ad4ad,0.6274421694279463
7c4dea060b3cac3b,0.8719756173804314
b72576d562bd56cf,0.7783213504220069
e1b21c89aa287e10,0.2566954517036574
ea91d426f07b035a,0.32993122850890905
e3fe0ea3b0e68165,0.30230736167552363
733a4e55740edd52,0.763687871209753
e3ec47884acfc533,0.9260843232260082
8b4fc284f4d71fb3,0.7985190684588933
ecc8c2db5ddf594a,0.04999218505783057
6a2e9bd8a0f89c66,0.38177750859643644
330cb959caca2412,0.8794310722100656
d9ec4fb651c85ebe,0.24362886839637388
059f9fe46af8bf1c,0.32482611753673024
3a4738e51c5cab59,0.5478626133166615
2defc05f8aab4fc1,0.8772897780556423
5eff676251527676,0.04838426070647077
fbe244ca19447d90,0.5259866364488903
6a795f7ddcc9922b,0.13925054704595186
31e47d59215b37f6,0.4592411691153486
dc507cec24e10ba0,0.7249198968427634
a6bb01f0933df044,0.1743181462957174
8d856f853ce1deca,0.5035831509846826
6da96325a4517519,0.3543959049703032
1154f92cf57d2532,0.03739645201625508
f6f5511b39bec2b4,0.011722413254141917
52b72c128d8d91b3,0.835704517036574
75e7fc7c7ea0f472,0.44917161613004075
197817ba33606b5a,0.531408252578931
c1951ebb86cb1446,0.7538410440762738
c4c41b18d788438d,0.6479388090028134
aa26bb9dcc890fe2,0.735956548921538
c2c4703ee4c876c6,0.7779794467020944
4c5d7e0beffa310b,0.06471162863394811
83c908bdb66cb2b3,0.6488336198812129
f5402da16c14957e,0.3699339637386683
2ab80ba80d56a41d,0.6532197561738043
1c6b71fcf804ee07,0.6698577680525164
2f3e4501cfcf6dfb,0.7174742106908409
e6dae542e381015e,0.26860151609878086
eec4124d10360067,0.04400789309159112
9105a2588a4a2770,0.6903954360737731
130f75788d8a46aa,0.4244724914035636
8835b5e539659c18,0.3929978118161926
d219e6e0ab855f68,0.603874257580494
0723230fe86de14f,0.6144771803688652
e81853b0b0f8c271,0.11489137230384497
979af46a1f611253,0.6640668959049704
945f78f066a99193,0.35547045951859957
9fd22540f39891b0,0.23738863707408567
2631c1e94bf99eb0,0.7791634104407628
41d6c34577272404,0.38817208502657075
13285c2b73770aa9,0.3544173960612691
1d2b2b68357f4992,0.1452582838386996
5e3172665089f4f1,0.7995369646764614
9f7be9231e3552f7,0.6920873710534542
6e458ab88b4204e1,0.3653602688340106
10739a7eee3e87cc,0.15488629259143483
a326839f328dce7e,0.9452895436073772
2e706184335e4bfb,0.8966766958424508
e10da35ed5233e23,0.12946428571428573
85df2a159bcafca0,0.682793451078462
7e459f89aae58555,0.3133361988121288
c5733fd52fad180c,0.5472979837449203
d78be06de4424dc7,0.12939395123476086
af782e55eeec3b26,0.8566954517036574
a5428b7d3e5eb0a2,0.3414367771178493
8d920a6bdb004f92,0.9647526570803376
f4be0e405024df8e,0.7659991403563613
d5059f8f88290d5d,0.43953579243513596
e368d0170d51ce4b,0.3033936386370741
d8ddb30bad626df3,0.26914270084401376
d1e892e5a070ad3b,0.24558455767427323
8a30b24e45c8dd56,0.47966942794623324
7616820e7f2f060c,0.05913957486714598
35bf1de33ef37b4e,0.8339793685526726
7fc73341974a9c57,0.7703051734917161
9f5bd41b72cee0ab,0.20911026883401065
44e5daba8a615664,0.7671674742106909
6a29aa78116608ee,0.6429157549234136
74c36fa527d5e914,0.22897194435761173
65e5065a97a00477,0.49095420443888715
2bb9d6b7e64b8108,0.08837918099406064
297129de9133a71a,0.17838191622381994
e6233ca37ff20ae1,0.7606947483588622
e6c230b1db202085,0.7912531259768679
042447db024700a4,0.1144400593935605
5347f880cf1bb93b,0.48197288215067213
f7f2f5d41652f6cc,0.04639731165989372
71ccebe269774017,0.08384065332916538
5d89474915222841,0.29783135354798373
583b0f485ee37a28,0.1891489527977493
cc5a91f4a1b878cf,0.9709147389809316
636604af09feb6f9,0.09366012816505159
9149bfd2414e1f06,0.6260276648952797
69c71a71af3a6a93,0.1938398718349484
5cab1ef744ae1f07,0.5075804939043451
2c01a13c5bd11b48,0.6562910284463895
3dd5148c39f554e1,0.15531025320412628
e55b6c8712632bca,0.45652547671147237
1e70f997f11d309b,0.27264574867145985
0b5140a69c454fd2,0.2431130822131916
bf3433f1790ded45,0.6321233197874336
848bb9f5e15ea664,0.3700296967802438
ddec6d5fb5e1d8e6,0.8018306502031884
483be22ba816efd7,0.20638871522350732
c5e5341d9853e204,0.258565176617693
21afeb4d02745cb0,0.2527625820568928
214573582fdadc69,0.46372303844951546
1584cb670481cd0c,0.727895436073773
a5b74fec60dff97f,0.9272917317911848
500761048fa68af7,0.6051910753360424
17911ade8f9db4a9,0.5490465770553298
0d5e4ec73265e718,0.8827582838386996
9a23b511d19c5b74,0.44840770553297904
b0a68b6e9b5aa0fc,0.5548941075336042
f2408ea825dab651,0.4988492497655518
c46a0253ce15db70,0.6200883088465146
280ee758ffb1d1f5,0.3724073929352923
f120c6f37766ad60,0.4256584088777743
f0bd6e897436f50f,0.37705532979055956
d9838a74cd5c15d2,0.025974914035636135
ef4f4beebb23098c,0.7067286652078775
81e1191f9eeac89d,0.4941544232572679
38a4b85540a1d008,0.21562206939668643
583c98e432bf450e,0.6275535323538606
9319566dff410e11,0.5638871522350735
967a61a65ca3958f,0.07527547671147233
78d063e4b7ce7f7e,0.32023288527664895
d2f8e62df2e4ba25,0.6454829634260707
810d2f780629077a,0.8300875273522976
3515d882b6639805,0.5710886214442014
11e50493155c9e73,0.9677731322288214
4ed708372af004b4,0.8457525789309159
c4e45da34ddf3b44,0.5497909502969678
c8a93dd49c2a92bb,0.8823948890278213
0db19fe44a9a780e,0.11015356361362925
2b3538d47f1c15b4,0.18477649265395438
c3310c72d9734462,0.5325218818380744
14085746773f19af,0.07860464207564863
556db80d967a1693,0.2696799781181619
43fc5ae409f4f500,0.775738512035011
081a87f22c3b38c2,0.891073382306971
d375cbc133ed4f4e,0.665997186620819
5ad546feb694ad21,0.38886956861519223
4f93720827de0ed1,0.43563222882150676
3aa17624d6ff3bda,0.14981634885901843
9242e8dc12c52248,0.6069103626133167
6842dfe6284804e1,0.9187050640825258
0d73a6a834744d44,0.4083776180056268
0830204cd861c6bf,0.1934960143794936
66161f0924e78225,0.7217567989996874
496464a4d50db8c5,0.6421108158799625
06324bbe66728955,0.8235464207564863
14f78d4e391911eb,0.11554391997499219
2b82c80f72759096,0.2072639887464833
098ac1d81b9e8c1e,0.850039074710847
1b76ea6cbf734ce4,0.17372811816192563
0500bc92e5b55537,0.2855638480775242
ac5aed573f280b25,0.23982494529540482
ea03975f1d5baea3,0.26891411378555796
88b17a552fbab232,0.5694240387621132
b8de7af9fcdbf382,0.7481185526727102
1200abef5b424cb7,0.04056931853704282
31b60e9d8cfa862c,0.1505099249765552
893db3bdf6bcd36a,0.6141430915911222
ceb6b035da1d3d7a,0.6306931853704283
4ec436f2d7284b90,0.28823851203501094
8aed9038981199a5,0.2703012660206314
0004c2d09b2a5399,0.5734702250703345
5205db0c297b51cf,0.7117986089402938
fa00a8d5645e29e8,0.19583854329477962
e059a125b2f75271,0.8007228821506722
0a245e9039a475ae,0.6206040950296968
f6dd2588e26ea334,0.6251465301656768
973b401c5b3a29bc,0.6266821663019694
3c3d0acff02d8d77,0.7592294467020944
29614e0f15db6e61,0.4888754298218193
59556138531e1193,0.18242419506095656
6864e194fe467f06,0.4585241481713035
92d1a78a0805f085,0.5494568615192248
673c83d5875338f6,0.84576430134417
97b9da49283296e1,0.11017114723351047
8e266443d27cb222,0.3630763519849953
01740ec6cd7d3fe6,0.7510647858705846
bf22ef3c96b1cf8c,0.10203188496405127
eceff6a46e6bb846,0.22888011878712097
595cd3775c548381,0.22770201625507974
dc88015ad74c395c,0.2835124257580494
1d829ac1fba966c2,0.17496678649577993
7af5a547c0ff87df,0.11506134729603001
42082090188c20fe,0.9076488746483276
f7c6df36a4354bbd,0.4478997342919662
fa583dbce17dca3f,0.5565606439512347
31b430017b021b90,0.8801285557986871
7efc9cb13b2def86,0.8631642700844013
d06fda4e5bcfc129,0.961400046889653
72cb2bb85767bcac,0.9476711472335104
50f1226e03b9f878,0.3128907471084714
24eed0e6d7789047,0.5864410753360425
d026da38fc55bfdd,0.24741716161300406
47c591c2bae2052d,0.44809901531728663
92966f857e0e8aaf,0.2543294779618631
56b22e07fb9e4c9f,0.9568478430759613
95e7a0024d29a8e8,0.7092470303219757
77413f2ce0fc0b0d,0.45141841200375116
169ad5f354082bda,0.4469560800250078
cb6a3ddb00bb4caf,0.9037394498280713
c1351ef23bdee19f,0.27947405439199746
23e0eeea647bf809,0.41924234135667393
52cb9f8084c2979d,0.7174234135667397
7f071403034451bd,0.8991110503282275
64c6b8a675d8d210,0.5515219599874961
25bcfd9c6c4bc119,0.4244451391059706
68234d071437f6c1,0.11907822757111598
cdba54b09ad0a5e0,0.2285382150672085
8b2a453d25a9793d,0.8306404345107846
379b3cf15b5cd618,0.10817442950922163
04f8b3d8fbcd3c09,0.22189942169427945
8db2aa7a87a0b0b0,0.6672964207564864
09904cf5297e4c52,0.634385745545483
e5d6021439d46003,0.5770279774929665
87a2e4212129d19c,0.8749726477024071
e218c57596992271,0.5316739606126915
18b98da5b42722da,0.48524343544857773
449920a89db3ac7d,0.7719384964051266
9ce041cdc0639315,0.5459264613941857
722f357fdbd5c880,0.5876348077524227
d468cd43dc6a08bd,0.9604896061269146
9700c7a3ef819ef3,0.8742204595185996
b7f1d881f8c72980,0.15264926539543608
b23236c476c94144,0.9232396842763364
18dd1046074e1b37,0.47285089090340726
55f227029ee88bf8,0.269740543919975
5e3b8e365345db58,0.2147526570803376
d97a5d6269148ed6,0.5468681619256017
ec6dfb974b3c0b88,0.8328168959049703
7ff4153e9bc66bd5,0.7398601125351673
70ade30377aa52d0,0.548593310409503
e81c74c9a5e64310,0.8571956080025007
27609b892f19ce38,0.1769381056580181
665fe4d9e267c32d,0.8487437480462644
e4efa861a25c36f2,0.8170053141606752
707cf306deb0ca20,0.3267876680212566
53a0fc682407a107,0.7657373397936855
4bd91ec011ba7743,0.05669545170365739
3b7c880189ffdf65,0.5927614098155674
c5f1834657b1d9a8,0.6761683338543295
60a043d7036ea402,0.39408018130665834
d69dc65f9a8e3647,0.6083404970303219
c3978282c1335961,0.6961452797749297
248bcc5d97740cb9,0.40726594248202563
ba074101d0551828,0.5726672397624258
f22fd6cc76b9eb99,0.03559901531728665
cad3b5acbccd1a75,0.09586589559237262
4e3d749c5d0d8b99,0.6687167864957799
1024028ec93908ac,0.988566739606127
db5f96700f81e32e,0.6938476867771178
d00456f5c537affe,0.19746209753047828
ae6c9a4ac1923d77,0.18222882150672085
5c4ef0457f9b795e,0.47747342919662394
a36087b510ed1bbe,0.8925679899968741
9700dc3668cb0d40,0.00720928415129728
e404394c28efb780,0.44274968740231324
0720a1b755cf55ed,0.6967861050328228
035439e10d353f33,0.35979798374492034
53421be12c0c7d0a,0.719849953110347
c76422f9c7f1c224,0.12368318224445138
ca75e192477ae30e,0.3437265551734917
480e9e2f5f6eac7f,0.5878731634885902
b1b0c9414a07e81e,0.10057830572053766
e09f31da0edae6b7,0.3171674742106909
9386dbd09f1eea31,0.3792454673335417
4027ad13f744ab47,0.7809667083463583
dd57f9a9617410f2,0.852139340418881
53816ae08db4500d,0.40016411378555794
d39479f04b318c0d,0.6795287589871835
5223cd189c2850d3,0.3435839324788996
8c0a9ec776187a0a,0.1427106126914661
387c460bf9c82eed,0.5589168490153172
1fd31e1faa118ee6,0.10716630196936543
49fba05cb591b00c,0.15055681462957177
bd80ada68eebd0b9,0.3425445451703657
0e3f686f072a8a0c,0.2706431697405439
84925d826d461c4d,0.6472882150672085
a7badd0bb8ead7cc,0.458619881212879
e2c838fd32fbb729,0.26506134729603004
3a6cf220f53b4cb4,0.6378809784307596
9dacb79ad9fcf34d,0.4413039231009691
92aa4c1f7f258a86,0.7873690997186621
c85e22a117db207d,0.2152664895279775
c5acfefdb9e64f54,0.32077407002188185
26015640e05a3378,0.19484995311034697
834b3501453f5c5c,0.5599366989684277
42af151534cbcca4,0.36567482025633014
6342222ab4bd07c5,0.916483666770866
cec95d0eb86b553d,0.5166790403251016
b4129a57f4c5c1ca,0.41461003438574556
8b51d76d9c838743,0.40092020944045015
36d6124fdfb6b5fe,0.3792786808377618
2212f9196bf749b0,0.9595576742732104
fe9345df75362fb9,0.6373065801813066
75774ccf0b19e8bd,0.15089676461394186
026c096720d1702d,0.6694631134729603
6aca91fcef83cdf6,0.4087585964363864
8fc4c42ef85eb9e6,0.9770377461706783
1b64496c26985a3d,0.13859213816817756
591d0017ec185df0,0.5689316974054393
028968c773b11f62,0.5557439824945296
3a09eb47d1ba4acc,0.007672319474835886
000019235d24a363,0.6082447639887465
ac5122e50d1ce8c3,0.4549703032197562
7d4feba02220abf7,0.0432596123788684
e59a3b16b4a6d416,0.8438535479837449
84a820be4f12f7cf,0.1511448890278212
2f535756a73607c7,0.9440176617693028
fe5a15197d453416,0.06410597061581745
dfe7a446a8aeb1c9,0.011872850890903407
0ba28eeeb91393c6,0.3843994216942795
6cbf1767b759c6cd,0.5308143169740545
a6e42b03d097a184,0.7646334792122538
da6efa9d56a293d8,0.6050933885589247
20eb958ac40ae3ec,0.13824632697718037
861472b884b8b80b,0.9148347139731166
83313fb5d3e30121,0.25786378555798684
75c00015b88462e9,0.9831392622694592
abad9a6070f32056,0.5600675992497656
dbb0ac574180786c,0.8255060175054705
1ff23956ddb48080,0.8822581275398562
1030748990c873e0,0.5357631291028446
3b392b51ebbe98a8,0.9083072835261019
9bd3ce96b5220545,0.3957115504845264
e80afbedc991fe85,0.9371893560487653
b892e30bd65f1cf7,0.1739020006251954
45be6aeb64cd6e75,0.34541458268208813
10b2dab220d2112a,0.7569963269771804
397e2c46ae990a0c,0.44356244138793377
19d3b02c14e869e0,0.3225832291341044
cd4dc389be000277,0.8072698499531104
fddeaaa21cf9f333,0.3540735386058143
c73cf810b1eec5b7,0.21735698655829946
2d89c6930c494b36,0.5231908408877775
731c1ccc4e036603,0.1272389809315411
a9448f44773fe67d,0.6095049234135668
89d7d09573e87744,0.9079614723351048
09a1c2b53c31bc10,0.7285733823069709
6c6319f9764e8514,0.9326703657392935
f56bb1ad09aacd4d,0.6608197874335731
a49d99323a265849,0.15609565489215377
3ee9be6434e0e715,0.6263851984995311
875debef7413e1cb,0.5427223351047203
a2d775ceeadd24c4,0.8839402938418256
18c8aaea7c834671,0.9800875273522975
df0c46251bada9cd,0.70426891216005
aab9add2fbc56aa9,0.30439785870584557
a6fc3e9da5c8e555,0.10430407939981244
f637661db81b90bf,0.8508108002500782
33f67c649066e956,0.2538332291341044
86c73cb2d30683cb,0.6798823851203502
b5c00f8557fcf692,0.39254454517036574
a2c9a8f18d345227,0.7207154579556111
5ec5cdcb7ea71186,0.5247948577680526
0f3e463f9177f7f5,0.8078462019381056
4e7f08dff5d4d708,0.5500566583307284
3bf84009bb5fc3d5,0.9023268990309472
51395fde52e82c96,0.7059452172553923
11111626d4279259,0.45707838386995936
ae179d72addf4dc6,0.20907314785870587
e88ef89c0abd640c,0.1102610190684589
c514af589b1c5c49,0.1315137542982182
ff07eef5fb056c81,0.8300699437324164
96fcc4e5d6f59237,0.9916790403251017
28c21a0768568fe3,0.8482865739293529
73627db8491905c4,0.4333737105345421
99467bd1e0347c4f,0.01690958111909972
f68ba1afefa7c356,0.8082760237574242
f2dc825ecdbac412,0.1143208815254767
4aba146c1a03941e,0.22092450765864333
80d5d6de30bce75a,0.5533643326039388
07139bc3c4fbcf8e,0.8254513129102845
e20fe10aec859d4a,0.9404091122225697
7ede37b476b9198b,0.5101652860268834
13f259dd7b600fe1,0.394822600812754
351f432cde665f41,0.22132893091591122
a0721905432fac03,0.9332349953110347
c64298a4451fa34e,0.6036788840262581
4498869b991b879d,0.6942618787120975
17636075cadd05b7,0.57158487027196
f1a1bbb6f878a877,0.4363629259143482
0eb6903ad4fa3f90,0.49569787433572987
3188bea8d6f5b35b,0.734260706470772
c4c409536eb6c51a,0.17045951859956235
d280dab3667294dd,0.6189590497030322
52c6f5f136513403,0.40844404501406695
5090d67fa1877997,0.2000488433885589
16b61b14def64393,0.6251641137855579
baafe2fb18314839,0.1931853704282588
4dd870bba94a4e61,0.5694806970928415
09dc62cfe943169d,0.06330493904345108
c479d440fcf7aa16,0.7423452641450453
8afc03aa50ceaa11,0.7664914817130354
edde45a77638faf8,0.02582838386995936
6d7692d9c32c3019,0.41817950922163183
5732b6767099399b,0.3801187871209753
17d91b5e97f3116f,0.18076351984995312
0d8f39533be9f182,0.7480208658955925
fde5949373183adb,0.9058260393873085
958e0e17661293ac,0.972028368240075
c5216e7c4a482059,0.11949828071272273
903c649790deba31,0.08193966864645204
4a0069fc3386e06c,0.6046557517974367
a8ed067c70e68299,0.8955708815254768
2739c45027efcd82,0.46153485464207566
9cebb6633780881d,0.9215985464207566
61795ee62a8075d9,0.2530888558924664
58f2b934b0d49345,0.7404755392310097
dae79d85843b121b,0.02076039387308534
2a1568df2de08c44,0.7450003907471084
ee4fd2a6e3a78dff,0.5732865739293529
b757cce25b9c26a4,0.25314551422319476
66ff45cad74a6679,0.45383909034073144
b0017bdcd541c6d4,0.2079946858393248
a3f277c9b5c91e67,0.36408838699593626
a5cf1cd034f1cbe7,0.8497440606439512
68c1e518bbf4e77b,0.13324671772428884
39bc60ddd2106538,0.6534854642075648
6efa72d0df99c34d,0.8320901062832136
ba7209f117ae9238,0.8541165207877461
7c5bee138819f339,0.5948655829946858
0a18482d62e5cb36,0.5882521881838075
8e35efabb244500d,0.14909542044388874
43a9275d59ca040c,0.7635511097217881
481df5704a84657c,0.0714617849327915
4d8d82c65a5b6227,0.4618240075023445
f93eec03effd7d38,0.9740739293529228
3ffdcb2a25a0754d,0.5621405126602063
95109279ae9a6a9e,0.7396002657080337
d6ee9c0efd68efce,0.45489410753360426
74c4894e7bd0708d,0.7242165520475149
d33fec8f45769c79,0.47977492966552043
8fa4532d6a6caae1,0.17337839949984368
3dff5467e3be88a2,0.6986382463269771
fc6d9a8363c4609c,0.20076000312597686
c9cec12908a9bfc4,0.38154696780243824
a971fe519809a939,0.5186347296030009
5ef5d379d20d65e1,0.5252207721162864
e3fb799669853199,0.7382639105970616
6f8c415e8466353c,0.45870193810565796
6a84824f0fe20d4b,0.27939981244138795
8cfc43e4b7c26f14,0.2966063613629259
de7c6a12dea21dcb,0.75003321350422
d478e64abc5e2623,0.69316974054392
437101bfe8957347,0.5094013754298219
6e285e3b9740ddd7,0.6296127696155048
c3ad227a535c2fe2,0.9545502500781494
8f43b3a85065f086,0.7997186620819007
90aa3a900822f96a,0.5436034698343232
c9000a6868faa0ce,0.8985190684588933
32a000ae2024ab05,0.13673804313848079
c4605d1a5e5e5f5a,0.7599113004063769
892acb659d8cf3f0,0.2729153641763051
c69855f3bb4ca032,0.05366325414191935
edf73aedf6b35217,0.3553923100969053
8877ec8e52d1ecc5,0.11820686151922477
fa3630178cfa8ffa,0.12453110346983433
9f5f7129d1af2116,0.5872303844951547
5e7e17e9ef20547d,0.6918079868708972
a0bb691eee0adcbc,0.05657041262894655
47aa950ec1d03709,0.35406767739918726
89b3fd466c092666,0.032588308846514535
f58ae0404d156690,0.18769341981869334
766c4ba6be3c0785,0.5960768990309472
eb2e4b71d64f3173,0.925689668646452
4912ee4332177555,0.8156005783057205
2bef19c70fa1eb95,0.2735288371366052
c6686c6fb6297feb,0.9382424195060958
67508ac580fa166b,0.7243611284776492
ff311f69cd822985,0.2959479524851516
bfff1dc879c76509,0.5884846827133479
3d1fb3f5ce631cd6,0.8606693497968114
cc268338bd6cf9ca,0.6105169584245076
d5798960a3e8183a,0.5111890434510784
11d573b74ae9ba82,0.7390102375742419
8c8705f908dede75,0.8289504532666458
ed2bfbed36ac2b84,0.6924038762113159
89361517fc2f10d5,0.8542454673335418
1626bf6a9e33402d,0.6627871991247265
549de17e617d4cb1,0.09331431697405439
241acccc8c4c5c98,0.7433826977180369
ea3cd2074cfdd18b,0.005632619568615192
3482477cef332442,0.6229954673335417
4f0e6d903964496b,0.15828969990622066
55f5ac50a1704cc5,0.4220518130665833
2754a911af5ae6ac,0.16270904970303218
f2e293367584282c,0.906720850265708
2efb3cb92bcc9b98,0.0440723663644889
5896699316dc3ab8,0.4690196155048453
2d0483ceb9c643bb,0.5708971553610503
efc8974e6723a58f,0.3213621444201313
a6a0006f726c94b1,0.9335573616755235
6f5c59612f3c92fc,0.9882560956548923
c78209036cd357a4,0.96280673648015
db9a3030e417457d,0.06954517036573929
99988b482a1d195f,0.8077641450453266
52e13ab6586efd97,0.8641743513597999
3e8fbcc54eca7fca,0.4044115348546421
5bd1113a10668c30,0.16300992497655517
4bef48512ade85b6,0.2780654110659581
2882464c483cd0f8,0.16161691153485463
079b1ed9350bf75b,0.48902000625195374
7063caa968c586c4,0.2089793685526727
ec19c34addb8624f,0.41786691153485467
8cbafbdb15a9de28,0.26523327602375746
a38115fdbf75c1c5,0.7073519068458893
6d8390c7927568de,0.1772565645514223
00981f14236ef71d,0.8174937480462644
12f84fa2b4c572e1,0.08922905595498593
ca5bb700586628a5,0.12190332916536417
4a7058a9b89ae975,0.14518404188809003
878bc0b3326ea889,0.10488629259143484
57f748e3454293d9,0.6251719287277275
07949795ad3e2e93,0.6515004688965302
8cfaf8d91ea4f1c0,0.23429391997499222
0973b331fb200feb,0.998653876211316
fe33cc8c6e5126c9,0.1931091747421069
95338421b02d6100,0.8037355423569865
6d14e413603d239b,0.7681072210065645
8dd0a5354bcc36ad,0.8123358862144421
73e26e96853b1101,0.1868279149734292
1d9173dbd30bfa8b,0.9664328696467647
b8164626d047cbb3,0.5482572678962176
0fb7907993c4b37f,0.8701664582682088
59ee8f98bf511a26,0.6356576273835572
0c3008cd7e493e83,0.9076058924663959
ca16172c325cea2f,0.15679704595185995
2bca85f81b167432,0.8549195060956549
22fee0166c140a09,0.8565059393560488
e2724c0840a5145f,0.45736362925914353
f36672a2c0e1cfac,0.014129415442325726
1fb583d94ee99482,0.8014340418880901
02f264a344c830ab,0.7008811347296029
4da6645d6969cd52,0.17386097217880586
44dc081e8f45104c,0.5821409034073148
2c2b2f0c44e4f0d6,0.3161827914973429
36b10927a5ef8124,0.8851203501094091
c1aaa1a11b02c7a6,0.29177672710221947
052a4c4d54a4bc92,0.803633948108784
d52322d3a4091590,0.23175992497655518
836f3b0ea82976dd,0.3818458893404189
76fb069dc8449b55,0.637105345420444
9c73e1140fc59c02,0.28541927164738984
ae6c780a01769bbd,0.3714871834948421
ef3be0cbdd14848e,0.12415989371678651
3599f0b9c0feb095,0.01649343544857768
88664205bb714f9a,0.14282197561738041
b978ad9fbc2debb9,0.6012562519537354
c82c9b618c165d10,0.40248319787433573
0b15c07bf352553a,0.8971905282900907
7891a28610913711,0.6260647858705845
ad4639fd4e49662d,0.07861441075336043
08bf7df7a564e646,0.28547983744920286
7ed362e9d16716d9,0.12512503907471087
0ad5b72ef7c0ed2b,0.6931013597999374
511e654ff2a5008d,0.3166849015317287
c2cd9bde4b5e7a21,0.722028368240075
5b3e02e26bec5e7b,0.9011859174742107
89c64c8f9efcecb3,0.5680915911222257
a8f6c6e3e62d6b71,0.21363316661456702
019cc0b8962f5cc0,0.7701605970615817
bc4e4242db6ccd37,0.01932049077836824
3fff2ee4dbde3d85,0.41197835261019067
dc37fcbe553235d5,0.3780712722725852
3bd0b86bbb97a337,0.3868865270396999
4992d9bc07447302,0.1749960925289153
bfdf1c0f0ba7cdac,0.8714871834948421
a6ab2d1d53fe912a,0.10538840262582058
1891df3302c7b348,0.053311581744295095
b9959e103e10b920,0.49023718349484213
0ef3c10f8c9072d3,0.5376250390747109
a10619d97fb76c2d,0.08110542356986558
0863a38392b70b67,0.3341219912472648
60b64acaf466a536,0.7301109721788059
12e3e5d6d9c41e98,0.7341337136605189
9523154e7d045c29,0.7464930447014693
c75a93ff5b4249af,0.17521100343857457
254953a015ac6eeb,0.8162394498280713
800fca2f6db1274a,0.1378360425132854
495cb7b810650027,0.1691133948108784
32f2ab9bccd62523,0.3578618318224445
710c1a24eaeead5b,0.2814864020006252
bc05e8a0b1a36967,0.6693380743982495
7f9c858cee39c32f,0.5190938574554548
d943890ab2a0dabc,0.6251895123476086
e8365a58644b452e,0.6995858080650204
8b6555b1e2375ec2,0.7995486870897155
2d05b7a2752c3cd7,0.3253438574554548
cae674aba0ce36bd,0.7442814160675211
ded2185f98f5d222,0.8967020944045014
5aa4335a084d6172,0.5725832291341043
ea84e8283949a22b,0.7903895748671459
e05b38abdcb5ba20,0.03851398874648328
1a8232cb16668217,0.12661378555798686
964453e5682c98dc,0.27136605189121604
6220fee3bc1e75ff,0.8796752891528603
44c74ce2f7dfda22,0.8405419662394498
0e420abbb67f6653,0.9747049859331041
381d753868abf15f,0.20161964676461394
c90e0c45f7fc22d0,0.03548569865582994
28cc75a35f51a8f5,0.7747206158174429
3ec9f6c06061e5fe,0.8561249609252892
b014ddae55b634f3,0.13022624257580495
90879b42c1e54236,0.7391235542356986
7e62b4fce61bbae5,0.6078305720537668
6e384e2ddbb3399a,0.347909502969678
6f07849a73f44a97,0.9604368552672711
f48a2f5d095509de,0.5330884651453579
ba999a22ce5b3fa3,0.9881095654892154
ba9181802cbd9401,0.8651336355110972
bd73bd26225890fa,0.3519302907158487
64c38fe6742e3036,0.14615309471709909
df243043992dea1a,0.5294857768052517
0119114d3ccf9eba,0.9383733197874335
f21453041c1dbfb2,0.8202582838386996
65850a53164c135e,0.2723878555798687
48527244bf10d792,0.49963855892466397
cd4848b0c5d09b82,0.5012191309784308
d29250c293d24f3b,0.664541653641763
8e49853ead7a7782,0.26080415754923414
c4468c09563855e0,0.31214246639574866
06fbbe29034b7d22,0.06689590497030322
85f4de85a28f72e5,0.7466688809002813
61a2fd323396df30,0.2453501094091904
57131a5c1fd27b0a,0.596995154735855
97148caf47baee80,0.7009280243826196
bc00a7f9820c18b9,0.177916927164739
0774fb3a81023543,0.511761487964989
26fce92bc23cb74d,0.7236069865582995
c97cd71a9a738f03,0.37779970303219756
e241738a2d4f1fbd,0.8236968583932479
da7df03e550c90ab,0.3839266176930291
35c07da89ceda890,0.7456001875586121
5cf499e1908cd296,0.4530380587683651
d8e67e20d907c472,0.36773601125351674
f3135343f9e7c1fc,0.9457076430134417
35e24477ff3e4121,0.452090497030322
ad3c1d21283a66e7,0.7372245232885277
fa88a2d04837aa67,0.6413039231009691
3d8cc5538995bbb1,0.04051656767739918
2cd57b0959ffa8b8,0.24614918724601437
abf05406b1a91bf6,0.9834420912785246
0f7b3fdc5d781296,0.8707389027821194
03365bdfcc4be998,0.40024421694279466
b46302fe840c3d5c,0.53097647702407
b1f966468fc49840,0.42298374492028756
6adafe7e6a6e6865,0.8846260550171929
e92c7a5333472aa1,0.6726477024070021
7eabeacacbf8b37c,0.5374609252891529
655d9a938cd682a0,0.9898503438574555
a26607cfecac0d77,0.3840243044701469
8d29e784c2fbc4ca,0.8691427008440138
0552a72825b82f4f,0.36019459206001875
8db26f10038d6705,0.21938887152235073
0eb4f40d8b4a0e29,0.36341434823382307
a1caff7700882d18,0.6657685995623632
ee70a37197156928,0.13360034385745545
6de1b2f62b6369e2,0.7896158955923727
9c2d074867b45c86,0.2973136136292591
36c975ccff63cd9a,0.7178610503282277
eac85b26c054de88,0.6681267583619881
318d374ee2d57a71,0.499288840262582
ea743176167975bc,0.5252813379180994
3ab9fd28956b4c1d,0.25097296030009375
478582ec139d868b,0.7417278837136605
fb9d44e71840eb0a,0.14947444513910596
bd4fd0a37b2b9312,0.5657920443888715
5dffe03302a0fce9,0.9628614410753361
d94e1f4138ee9631,0.4335886214442013
298ced22f474a1c7,0.30695139105970615
0268d1d90c8858ff,0.46016137855579864
84cf6eb7514ea305,0.21824788996561426
95d0de11255bad7e,0.12166497342919663
9df308f6f0758e94,0.7959713973116599
b0fb6fef1f3a5762,0.5710729915598625
3fe46d292459737f,0.04815958111909972
6bf62b52eaee324d,0.08740622069396686
8b6a50f8f0d1474f,0.8408311190997187
89833118f346eb37,0.1441895904970303
48fd781830adf147,0.9580904188809003
209845b666a00820,0.192097139731166
f23faebe09506cb7,0.7262933729290404
5f9584bc58bae0e2,0.13523952797749295
a08d713f9ab75910,0.5809608471397312
5c4f577995e30921,0.8180818224445139
db21d37dde61a7e5,0.41418216630196936
d22dc3977ccf9208,0.4160089090340731
d0fab5e12cd60c77,0.06928727727414817
5293676c6774f75b,0.21092138168177554
d3ae1f0b7031a78a,0.11116169115348545
bf57f1265cfe2fc2,0.3963914504532667
468b54d83b570a50,0.3038820725226633
134c07b69f25f030,0.5394908565176618
2cfa14158d7d3661,0.5175289152860268
a87b1a98b2c48b05,0.24792317911847453
c0bed62168e9892d,0.605335651766177
fc44e0d5137363f1,0.2392212410128165
1247308f81ebf41c,0.06123397936855267
083caac4b6cb4eba,0.7636722413254142
a9d470ae3ce0af34,0.045072678962175684
935c423d001e7dda,0.2338152547671147
d096b8795c71a6e2,0.8972354642075648
2acc0dd1e03e59b3,0.40902039699906223
bdba30d6e4c5095a,0.40844795248515164
57b0ac86659a9329,0.5350715067208502
23d831dd1ba487be,0.07114723351047203
628b14a47b392334,0.6098214285714286
76a400c7177ea365,0.26270709596748987
86ab9bf8f20612b3,0.4387660206314473
fb26e948e7444ee8,0.6665266489527978
367ec7e6bfbfc6a1,0.9697796186308223
efb297fa666f7cca,0.7577309315411067
0a0f715a63ed4738,0.44456470772116286
00b759c30fbbcbd4,0.9126113629259143
4c133deea22458f5,0.9085905751797436
b354cc89789a3136,0.5967411691153486
f3595bdad2050118,0.18201977180368867
2171a4f574746f33,0.5179919506095655
ce89301fff62a739,0.27252070959674896
f4786178a6026169,0.47263988746483276
e1db1fa3be2d2bde,0.5427946233197875
05b896a0d6b00e98,0.005161769302907159
89658e4ea0b49c47,0.8533467489840575
db78c841ae5796ca,0.30269420131291025
6af4698b636d1c84,0.2609037980618944
be3f82b0567a0962,0.14874374804626445
1dbeb642447425a9,0.09567442950922161
eec325cdb9dc0154,0.5862652391372304
cab58c1297ee8294,0.5133694123163489
97e9bafef493dc0c,0.3049351359799937
c738edb5352110f8,0.3652977492966552
fe298587b58a6ac7,0.834534229446702
b01b2bff457f7030,0.2970420443888715
599065c0cda14c65,0.6943673804313848
feb91e47c3d327b0,0.33359643638637076
1b0d5c427077f7e9,0.5169545170365739
6c1338d0338c0bca,0.8190371991247265
aec29f6d68d9e001,0.0750722882150672
c6567adae6722bc2,0.5516118318224444
c6e04efe9811e16f,0.19027625820568927
eb86688c957ec913,0.508170522038137
a450a6576dc20dbd,0.4899421694279463
b700f2322066f731,0.8695783838699593
a4302475b7326abd,0.8384260706470772
af5f8038b513a4c1,0.3569767896217568
0d73ab8c4cb1fa9d,0.8706744295092217
8ca59ee3a85773df,0.2903309628008753
e3f7ceafab0856f5,0.23074007502344485
2445f30cdcdf58f8,0.6445080493904345
23b0f57c015407cb,0.23536456705220382
2750f1a3f3525b16,0.07127227258518287
4d1502e6806c5f5f,0.39843115035948734
9cd2cc7d553443cf,0.3573108783994999
5e314b952cc18869,0.346092528915286
e8851ddb49233587,0.83719326351985
6339c240bbb14c01,0.2605423569865583
196ca6bac51b24e0,0.8118494060643952
ff664b7817ef187d,0.04034268521412941
1f50f2cb8e01a9d2,0.5383830884651454
f655a99b43cc6c6f,0.06484643638637073
2dc6d88fd87d67db,0.5604153641763051
b61c9fd4a46a6bff,0.027680525164113786
478a862e9bd10007,0.4777039699906221
0b9c9bb9e3bd1c5c,0.21062636761487968
8ba72175f80e2cb8,0.3859233354173179
80bd1c42bca86409,0.5596788058768366
ee7025a20728385f,0.34882971241012817
a94a734822cd1066,0.4742634417005314
9e445d829547acdf,0.5575453266645827
d08fa8b4d19b0300,0.837494138793373
8ef8adecee83165a,0.6695471241012817
476933f8311d441a,0.6166927164738982
fd9f323abdfccd58,0.39507072522663333
fde943f5062e49d2,0.786153876211316
32e1723a53483290,0.4348546420756486
3189ae9ce5829fb1,0.916173022819631
a691ae869c7c7c20,0.8883244763988747
aec6a61870dceefa,0.430259456080025
301339e42c2fd935,0.5329009065332917
33bdb599f03ad3cc,0.10474366989684275
ef958079692354ec,0.9875488433885589
6b9de167c2e2a382,0.5326938105658018
81a3aaebe87a402c,0.26256838074398253
78734bb73a549d35,0.6263090028133792
801a31247ebc0426,0.44838426070647075
703c72ed057e80ad,0.7352825101594248
d512ce41ff14126d,0.143941466083151
b14adfc6f2de5274,0.5709928884026259
3ffc252e11d8a5c7,0.220402860268834
dd94c4e414636803,0.33382697718036886
089a1dca65e44b84,0.44645396999062203
95e32e732db3ccdb,0.3408643326039387
aca38e8f736ef297,0.05126211316036261
78b2b40abd748fc2,0.5466610659581119
2595c73b081498d2,0.07572288215067208
4821901eb98463cf,0.6662335886214441
81f36fdaf2813666,0.1921870115661144
1e80444ce87788eb,0.5820275867458581
47c976d0b2db324a,0.03282666458268208
76e7956f7212a4d7,0.18949281025320414
2f42d37419bdab8f,0.9524109096592686
460717034c7c127a,0.6678082994685839
f46b154a36f88b49,0.6368513597999376
af4a2f1334861acc,0.9809061425445451
cf562fd6a1ec6763,0.5687929821819319
a58fda4597ded16e,0.38814668646452016
7c5b545797c724f6,0.8927750859643637
cd2d2cade053f8e7,0.6812089715536105
0d42478d5f847ddc,0.09265395436073773
fcdbc1ca107a390e,0.8297221788058768
4a6cd78198d5a5ce,0.7389828852766489
13c39c2f8d3cd810,0.07238785557986871
c79d8a5d80e7f04c,0.07227649265395436
51a701717aef4136,0.9149910128165051
4e8d630667c21f23,0.4673413566739606
9b8e9dc382061f91,0.2657119412316349
fddd94710360c28b,0.40039074710847145
2c33fa5f3f2d5e24,0.1261038605814317
3ca87064dc34dde6,0.6525418099406064
c9d8edd3fb7bf971,0.5314883557361675
d582a1a34b5b977c,0.8968955142231947
2fd593bbcde3caa3,0.9089051266020631
d2f2308d5fd09adb,0.20324320100031257
dc6fdbb3f28f8f2f,0.7399128633948109
ba8e32a15085aa3a,0.7264965614254454
3ecab659633b8be1,0.8299663957486715
80f14a6b7deb5266,0.43637660206314477
6809016a071b3b5e,0.74801891216005
d26156516af475ee,0.38305525164113785
7946e76f5438edcc,0.6623925445451704
b11ee2ead8527494,0.7247889965614254
03e49d963acfe851,0.2419095811190997
4a3e2db752cc071f,0.8976418412003752
6e5157888073a37b,0.6752442169427946
1f7bd653103f1863,0.7312128790246951
5cc0f066c9d8a28c,0.6925347764926539
61240fe8a4dc9a2d,0.406857611753673
ab6cae9885409088,0.9589012191309785
c4e40432b0ffcfda,0.8951469209127852
1f7fbe6992fe8f33,0.43390317286652075
94953e6bc4d48c7a,0.47042239762425764
e1f4fd779b279dca,0.8347100656455142
38ccb655faf1cbcc,0.2542982181931854
dcc976ac3a08e676,0.08011292591434824
8a586d58683ab8fd,0.7761527039699907
9d1f98568599273a,0.09338465145357924
f5a4bf16401623fa,0.8178766802125664
42c6f25951f7db7b,0.3205103157236636
673b99f498fb7880,0.45447210065645516
e4f2c6820273bf2b,0.9543216630196936
8e7d37f34a1f3efa,0.8429782744607689
ec4bdd78abd81c4d,0.5849620975304783
a15343296b9f6f42,0.7317501562988433
dd76563555eb67b5,0.8894654579556112
3ce8de8291ffa6a6,0.8254337292904033
1d036919bb298ab6,0.2993142388246327
9579b233e83fe284,0.15709596748984056
be5c561435858f1c,0.9492126445764302
5cf1d9bf22b73559,0.8258401062832135
d5e3e7616edfb5bc,0.12260081275398561
ad00da3aa56f4d7b,0.20152782119412316
0ccceb1154debc59,0.7191993591747421
8e2c8545bf82cc60,0.8236949046577056
d62e1e8938e1c97a,0.9610249296655204
a8dc86e602a746d3,0.9819904657705534
c4329a7f54415286,0.47168451078462026
04ec4184a6a2f40e,0.6958658955923726
a8874aa6ff7ddd20,0.4374687402313223
c9a607048a5bc5dc,0.8192950922163176
002c27108f6666f6,0.32821194123163494
e4f6a20915cb1601,0.3237964989059081
bb014c28cd6924bc,0.6065118005626758
196e2f507f594bbd,0.36390082838386995
9f1be9fcf021fb5b,0.3521256642700844
9391d5f366da4c40,0.8063457330415754
3453a5ca3d904777,0.4123241638011879
686ba22e52de9068,0.48049195060956557
3553eafc050e9c0b,0.5354661613004064
edab086e1fc56c68,0.8620799468583933
d79a009be9287b82,0.5304802281963112
b86e1b1f8503684e,0.8077602375742419
9ad70763cc07c36c,0.8380880743982495
419885390abac7a1,0.06930486089402937
70bb28465e350bba,0.9072991559862458
d2fe3be15c7a040c,0.9127246795873709
df051580b1fd88ae,0.356939668646452
799dbb3bc5de0bff,0.7410089090340731
c18575ea64f02a42,0.8980990153172868
bc265e458d29169e,0.8159561581744296
d59c94219a63b100,0.851340262582057
0b79c6776df906c4,0.5472159268521413
1bbd089c39955fe1,0.37260081275398566
e07ee63645347087,0.5110991716161299
6795923abfe3b196,0.9423433104095029
f23bdf1e94c91124,0.29687011566114413
a1fbaeecebb55865,0.08632580493904346
bc95d3915a49249a,0.45041809940606437
c565efbb2d18144b,0.8445568927789935
321866d63b3b1b00,0.7787902469521726
50ef5d8288aabf7e,0.28940098468271336
3948549457628975,0.8193869177868085
b958074c10bc601c,0.39446506720850266
f075bd7b8efbf058,0.5413195529853079
f05a42508ffff350,0.8154384182557048
3c1c900935bc3285,0.11979720225070335
cba59c1afecb3734,0.5410050015629884
013e1691ae9f7898,0.15436269146608317
ff4fafab1f01bf0d,0.7012601594248202
16a52132c026c176,0.2875801031572366
7e6dc3264a60f3c6,0.19911886527039702
fde7be20171bb23d,0.100990543919975
4709ae8a61f423da,0.6827074867145984
f2f7edc4fdecd842,0.024728430759612376
81421fdc47bf7d1e,0.563791419193498
e130b6363bcbe974,0.2465477492966552
8b5dc994eb4224ef,0.3322190528290091
ced09e40d6cdb2ec,0.32466591122225696
b65873d2d6509482,0.33181658330728353
d663eee7b55b1c09,0.32333346358236953
e8ac634318c1c070,0.6746366051891216
9861a481912689da,0.2734526414504532
c170f4b630a3b239,0.9866110503282276
31f66aa5ebaf2ad8,0.8792767271022194
31bc47bb1448c433,0.1297925132854017
79eacc58c9cd0f29,0.9046948265082839
32cb3b1b23ea545b,0.43431150359487347
89357b6904f7d6ab,0.40281142544545173
0d9d1cf89bcda082,0.7460690840887777
7c15e3fb5080a6af,0.31229290403251014
a8580d9f4b1f100b,0.9339598311972491
ba1c0d81b8bfcda3,0.4139145045326665
d5c76d632f469288,0.8899538918412004
4faeee72bb8b4acc,0.3211726320725226
10875f7f7d53acdc,0.25902235073460456
3fb5a4da63283ba6,0.9365582994685839
6551e600570cb09a,0.8260472022507034
6b4949612595764e,0.46062050640825253
d45b6491898d0fdc,0.32450570490778363
0c40fcc6d696a66c,0.40057439824945296
74607a92b5ef932a,0.27423804313848077
e7bf586ef35ff70a,0.2854778837136605
65e0da070f27aa66,0.1679294310722101
38a09fd79a425aac,0.5034542044388872
aed136202b0b58d4,0.418689434198187
5f5b7b68b01d1299,0.9892036573929353
cc5db835afffd307,0.37479485776805255
d8842b37f5416b48,0.5290735386058143
d8aee4335af252d3,0.2768658174429509
00494862dd9b9e04,0.5493337761800563
95d5441c82b1c46c,0.9659952328852766
c6e492bd428631d5,0.43175601750547044
598200ada2678880,0.9248534698343234
8094f4dc74add0aa,0.2014477180368865
6831a0024a1dd23a,0.06699359174742106
d56926e610462f66,0.4207389027821194
bbe39148bfc2e434,0.8930388402625821
1a07a83f589de802,0.542792669584245
8210d5a233d3d65f,0.02726828696467646
ef4e598f566c9558,0.42907549234135667
c02b919584ea5cd9,0.2239098155673648
68bc1f08eb5258a7,0.9128868396373866
d57a9ae04f68912b,0.6411163644889027
fa41a48959374ae3,0.2868943419818693
5e725dcb74b4e75e,0.2131955298530791
121dbf76a9cf73a8,0.8580064082525791
a2383e552a5f2313,0.16417435135979994
378738808b201e0f,0.2556677868083776
9642ee1e267eee82,0.5142427321037825
e55cdf82fcc57177,0.40212566427008445
2103c3d1e5063e3d,0.25108823069709285
02004dc8e2729e0a,0.34244295092216315
95ae4af4bade5009,0.38294193497968115
8a4e103c92d62a5e,0.8429470146920912
c4414b2ee31b7e94,0.3774734291966239
0866387e16259486,0.7726906845889341
f0b7e616767a0197,0.47410714285714284
a86d2f80a3468f5f,0.394214989059081
691f9a97e9645bce,0.11100343857455455
2f2e7662f26d0933,0.26419779618630823
72cbdcef4a6b4f07,0.7292474210690841
3ca15eac9b7ce8d7,0.8806951391059707
d9f713c872a26c76,0.6163840262582057
38c5cae3c23f24a9,0.34543998124413877
80e12c9a6e625e7a,0.8463250234448265
78211c4fb5585628,0.855949124726477
59e71eb2f5c7c432,0.8179919506095654
b7abc4b3e6ff0e3c,0.09679782744607689
42eaa77ee15f2ca3,0.08343818380743982
bb8ed5a0931148f7,0.12985698655829947
2ca7468532706e2e,0.25877618005626757
98791c70677eb76c,0.7345010159424821
e7ec6ff3f296ed38,0.4703911378555799
7845f67130f900d3,0.70765082838387
fcec4d0ce44eda40,0.6380392310096905
0ac91fd23085433d,0.6519478743357301
ff61891d90f930cb,0.40090067208502655
41fb4a2210a6066c,0.7579223976242577
4c7ebaf834966e32,0.08449124726477024
81aef88d712fdd5b,0.7216376211316037
36b0ae34db90ecd7,0.933094326351985
72fff2ad28f42426,0.6137777430447016
717207649c078f67,0.2070861988121288
925d6e357d7ec158,0.7192560175054704
effe2d48627efbe4,0.5015121913097843
0577c43390d4bf43,0.9930505626758361
546cd9bb6f2ba820,0.43033955923726164
8a47c92c6443e7e9,0.8354759299781183
bc9467bdc8642922,0.4159991403563613
af91160b63f1bc90,0.8937871209753049
464ea9bea5384944,0.5921049546733355
b838b4792a3c540a,0.6135608783994999
11fd6e717c95ce29,0.6867653954360737
b1e2e5a1c0f42f8f,0.5478469834323225
222e74272be1ccd2,0.37463269771803687
21a85a0b474e45d8,0.5341512972804001
5c5c76ce21ac9a03,0.14839793685526725
98c3f3c5243d4fc6,0.21664191934979682
745be7354fe05a2c,0.08295561112847766
ebf17df229daa6aa,0.5439434198186934
14929f1035ed296c,0.9927418724601438
af1bc354186d653b,0.1051871678649578
88e44f6549d78a5c,0.3736734135667396
1a5119861af7675c,0.26779071584870273
4675a1f396e095ac,0.7751680212566427
306fd63061172f24,0.019279462331978744
68fb9067ffff02de,0.8261683338543293
93665736b22ae558,0.4279384182557049
2f3252e131fb28c1,0.6277703969990622
a90bb7ef537f3ccc,0.6361245701781807
f8c47e6a1ab0bf1f,0.5000429821819319
7f335ac0ff549013,0.16471748984057516
e9c7c37b6584e68a,0.1565586902156924
e2f8c99b54c930c0,0.06224210690840888
4f0ffae34b450b85,0.6258068927789935
94e27d2dbdf9010f,0.8806365270396999
db05b31fda1c2b1b,0.5274597530478274
af64ad7d713d5a93,0.5040481400437637
4d1462da71b0efa9,0.23676148796498908
04fbab7984c52c30,0.7667474210690841
c01a62e78e6d8a2c,0.6916419193497967
74f8579fc40b2d7b,0.26489137230384496
0eb2d3b71cf2b61a,0.7432049077836824
57788504ce4c82b2,0.6761898249452954
9e7dfd444a9f30e7,0.5875078149421694
0cd8b38e5a4b74cf,0.3872381994373242
e8c1c982ff8a6704,0.4492478118161925
36bfe943ee63fe65,0.4757013910597062
998d9f62a717ccd1,0.13245936230071897
8069d4397377adbc,0.31218349484213814
ba8f312910226da5,0.879925367302282
37faa0207a18eb20,0.7823050171928727
c16962d752780184,0.903409268521413
f1d62e28f903e96c,0.49102063144732727
8cab416d1f2bc624,0.7938555017192872
b791af74c95ffa06,0.9393208815254765
05b113e465a98080,0.35658018130665836
b17d9630e851487a,0.4518931697405439
92981268f9d56f38,0.7584342763363551
76775e095989aebc,0.054974210690840894
a07f4266c4b1cb5a,0.15723663644889027
7b5b1f94772d1b60,0.26794896842763366
4f8ef604a40bca4d,0.3612163957486715
673f3a4c0bd90267,0.22695764301344168
58139d3ae9373ae0,0.7865485307908722
c24d1452d22e8db4,0.5581568458893404
441d9763fdc1b0df,0.8760315723663645
d2987a3199c1109d,0.7774402156924038
cab99a91ac2562ca,0.7090340731478586
df1222f0cc1e08bf,0.4761058143169741
bdb610f14d1f9c0a,0.12957955611128474
d63652d83092f4cc,0.10580650203188496
dc121e137a206780,0.48029462331978745
e5fde6a720ffea60,0.26055017192872776
52f7118d77a951d2,0.3616559862457018
1b60cd7738483c77,0.6862163957486715
c7ef81c5ec66b855,0.984577211628634
42a4005911b6abb2,0.8747225695529853
926e4ef2979d43ba,0.08291849015317286
936393261928dd44,0.5494060643951234
90b3943086a67cf1,0.3974445139105971
80b6c2497708cc79,0.5332213191622381
dc880492a16f61a0,0.3925640825257893
363fa6d193ea1791,0.20389574867145982
11443cec444ffbdd,0.9597725851828698
174e280d8c42163e,0.7517056111284777
d7fddec00bcd1345,0.7064649109096593
2f2a0292483de945,0.9894341981869333
2638757dc8ccf105,0.014369724914035636
af967b1ba12837c7,0.5003419037199125
6cf0ebd8925305ad,0.9222510940919038
0307e7dd94f223c0,0.1314082525789309
d86f818a421d896a,0.7895123476086277
95c76aa135d94e8b,0.20128165051578617
dfb2dc72331615e7,0.8397839168490153
b488c877787792d6,0.3713465145357925
5864514fce7556aa,0.6341376211316037
7db51b9dfaa6c3be,0.16763441700531417
475afd5ca8082909,0.68804704595186
aef3fd34396adfe2,0.11260745545482963
e93ef7b1eb85a270,0.45963582369490463
e643f5e629c7ab40,0.02588308846514536
e9234451a7ebfa5b,0.7918040793998125
e8b95693607a1af6,0.9109741325414192
362e59ee5f24ba56,0.577172553923101
760d3c489cbc2365,0.20375898718349483
cdc43a10fec587b7,0.806906455142232
436bfce1b2e96ebc,0.7285401688027509
8364b88b9aee50f6,0.5308963738668334
49b33a422ea5bc22,0.895660753360425
7c87edf2fa4449ce,0.06048374492028759
ae4d87302f77418e,0.47018404188809004
80504f5553a663cd,0.19035050015629884
285102ab56c81c9a,0.5404403719912473
ce75929520b6600d,0.8714188027508596
90e157fa590bed49,0.8568107221006565
72308a9b8ed351ac,0.9259221631759926
67da97f4bf5a43aa,0.179016880275086
7a2c3503f50e758b,0.8196389496717725
7c277b093ca6e70a,0.15004493591747423
e17cdb698e7793a0,0.5078716005001562
304f33ed70c9905c,0.6472139731165989
f671940234873df5,0.8007775867458582
4c60ff51f1a98ddb,0.3800191466083151
357333ab581b26a4,0.5611773210378244
c12b50c410a56d62,0.10858276023757424
280ee73ea3f9a150,0.5458287746170678
9794f61f2b35c374,0.17358549546733354
99bef954535737b8,0.8404423257267897
164deb1fbf6d3d15,0.6316661456705219
17f64dfc919c257d,0.3688379180994061
177f1a78be284fe4,0.47792474210690844
6575a6e55c3aa52b,0.5960261019068458
e1ceb3cf89c78b04,0.36930876836511406
2787d14ba4491e60,0.48901609878086905
47283a11f402ab9e,0.39941387933729294
3e13ab75e759c66d,0.6535323538605815
565632830f202280,0.6189258361988121
c60dd36532e24523,0.7349210690840888
1bbb760f70ac35fd,0.232021725539231
5952ee73f64f8e8d,0.5839051266020632
0d2e12deb5dc05bb,0.3538840262582057
93cf50cff9e70197,0.6602297592997812
71a0f1d3a79f9279,0.37969678024382625
ff1b97bfbc1de495,0.7557146764613942
152d66dccd700ae2,0.8752285870584557
af9475d72cb09bff,0.3820744763988746
50c6ae4f3f0c520f,0.6787355423569865
53277c274f93827c,0.7504728040012504
65c28bc2a138b604,0.7238883244763988
ab3f36de97ff5288,0.05920600187558611
6e673b3e05a86556,0.20638871522350735
29ade739f5ac47ef,0.6112711003438575
d6c96030b8564b06,0.6953090809628009
5ffe88ee98e246bd,0.09878477649265395
b75847a46dbc7758,0.3632228821506721
fd4f072e7db648e2,0.8696760706470773
3b600a791eee47c3,0.5279071584870272
3205c60644f3310a,0.23428415129728042
37edd7d198365da8,0.9879923413566739
4aed77bb42b6c35b,0.12620936230071897
70b9c5d2c47a6231,0.8823968427633635
5aee71b30cf4e773,0.07799312285089091
3b6034955fe901a7,0.029962488277586748
53f7e37ad065a1ff,0.735163332291341
8249af221f0dfc62,0.33621248827758676
4a798f098b3ac80e,0.7203911378555798
7859a3365dc11f7e,0.7074847608627697
0d6ab61f58e22d8b,0.3871346514535793
d90f47b845ad8044,0.6164289621756799
908f76b67c5d77d6,0.3567521100343857
2e13d0c9efbac24d,0.4501562988433886
fbd3509fdc1e2fe3,0.24689551422319475
d0c07aa05dbee8c0,0.3857201469209128
e2066400c0c997d5,0.75908487027196
9d002016fad484c4,0.9909932791497342
18105a09ff042e04,0.34147194435761175
97dbf62f03867f4e,0.7262992341356673
008e7b56ab9053c6,0.9242790715848703
e382e61b69858e84,0.008035714285714285
a02b2c12a9b232a6,0.34898015004688965
5d4eefc602f1a815,0.7030732260081276
8c8faef5bff7b3c9,0.12239567052203815
8ea4fb1f9e66fa76,0.1358276023757424
22a32bb8f8bde6fe,0.6692755548608941
6a655866f90d61e3,0.5301344170053142
b15548596622ebdc,0.14995897155361052
e6426b5a54e4a972,0.7641841200375118
2bb1ea15970a2de4,0.13948108783995
5b2c1fc3ca8dca34,0.22141294154423258
b26bc3d1078e5a5f,0.31303532353860586
9db2f38d40ccfed4,0.24904462331978744
8481c054b0537a7b,0.7022761019068459
c4016925a614e39a,0.570178180681463
a6145b00b87ffbfc,0.9504630353235388
856c1f1b7a16dccc,0.11944357611753671
5db9aa657576b123,0.06980110972178806
e6c91e69fe022b81,0.9892915754923413
18323213899682a7,0.09413879337292903
84aeda77a9eaf7a8,0.6700003907471084
60aa7eb39a1066d5,0.7799019224757737
011908fe41b2ead8,0.9382013910597062
95a236faf4cbd0c8,0.5665149265395437
c58d93928c4b43a9,0.059756955298530784
e3d5116d0ddea646,0.7009827289778056
3d33771711b587e9,0.7173179118474523
ca902179e21ff302,0.6641684901531728
4b2142ee3d149d15,0.3916555954985933
d78803f699e1394d,0.5449632697718036
ef2d9881a6438977,0.05826039387308534
3b5fc032ae2a290c,0.38809588934041894
9d5473cf79999f4a,0.6414250547045952
9aefa72a94558b66,0.717136214442013
78cc36a16e5afd3f,0.3805036730228196
0628d45dc33a5639,0.7327641450453266
bc63ee6da23c5dc0,0.8983705845576744
5a69761001b7342a,0.43166223819943733
f5384c1b33a306d5,0.2539211472335105
9f4fb39fb6e8b6a8,0.6105482181931854
f7787ed37e4b9d05,0.6027489059080962
eecdd457b6c7edb2,0.8667220225070336
f36c01f2f7fefef6,0.7421713816817755
abe3d414c510a7dd,0.46484448265082834
d1f7dc9b905e0fb1,0.15407353860581433
a97c23cf1c8d474e,0.3375097686777118
fa77ebf418dd2361,0.1774656142544545
4fa91df3f09b649a,0.6489938261956862
4c40bd5075d26ea1,0.8029774929665521
559cb0c10ea413cf,0.5658018130665833
b07714f5d0a305a3,0.69204243513598
ac26d06332fffb35,0.1691856830259456
f3a18a7976f15c5b,0.14991989684276338
bd610a8daf3173f8,0.03407119412316349
b4db2ea448a373cd,0.17073304157549235
a9e601aca0377220,0.7933514379493591
7580e5af192dbd01,0.9683299468583932
3b50e09f1d1584b8,0.6036984213816818
e752099897ef3c84,0.1767857142857143
9e556374eb31bdcc,0.5205708815254767
09bf3001382d4d51,0.19424820256330105
ac4f9d21db6d0551,0.464891372303845
bab162c780dd5d3c,0.41843935604876525
1ac05275c95e2b9b,0.17745389184120036
ba53d76ac3815303,0.8127442169427945
731194026ddc8a00,0.863414348233823
565ccf55ce0f19b3,0.18345967489840576
c610846e274513ff,0.5130157861831822
4f2f55e6f8f022f8,0.37913019693654265
171594c12d4f22c7,0.026379337292904037
fd9a29be83f07915,0.20997381994373238
0e69e13d2585552f,0.95536300406377
8458a25c7d299656,0.26847061581744297
36510a7e2e8cf5e6,0.6078462019381057
4c689c2ab0b1e458,0.9633088465145359
bbbb01b896a60659,0.3449671772428884
95a6091ed902a1c0,0.39853665207877464
226f1fdbdf45c3f3,0.19207174116911535
b3776535f92034c1,0.407082291341044
e136a41bbd9d2ebb,0.8280615035948735
2acab7498f95984e,0.5664055173491717
5a97d6bb500166e9,0.504044232572679
53ad75887ce27a2f,0.48465926852141294
4bbccacfaab6a76f,0.58469834323226
8d5dbeff654a20b3,0.03176383244763989
885918cc4b58a92d,0.3882658643326039
c33b954ec9e9d53a,0.10581236323851204
c73aa72e6960366b,0.4999492028758987
28c265c8e738031b,0.8924957017818067
16f59244fa16b9c5,0.8250234448265082
ab1bbd20f2288ef0,0.30863941856830257
21ce9f486720b00d,0.519275554860894
ea98936cd5a062ef,0.6503868396373866
092b99905affadc7,0.7257248358862145
f8a1935cbff0e3e2,0.5902703969990621
557ff2105e2227eb,0.07945451703657393
e28b4c1e7eede953,0.1369724914035636
afcd2875196e3514,0.6062597686777118
622d0c5c885e5d67,0.5892778993435448
5ab123deb8c8e0b9,0.8812656298843389
d70f7077ffdc3675,0.672170990934667
ec0e23575480409a,0.6649265395436074
c42b1312f2466d13,0.4689062988433885
58f7c9cedf508963,0.9666360581431697
483a6a2fc6820e34,0.3355247733666771
9a410bdaf99ab250,0.8850324320100031
27d8448c7743312d,0.6911710690840888
d22510648b60b80f,0.999
cf71cc1d5beaf427,0.8734467802438262
b16d96c422e7686d,0.7196467646139418
f3bb00d62eddf347,0.10274695217255392
e7ad214e8e1b87e3,0.5067716473898093
a149a81fa46121c8,0.1806716942794623
954ac0304d013ceb,0.7874550640825257
5fb61c8caa291bb7,0.24646178493279147
b3e6b65c022e07a8,0.7867536730228197
014590f5ad393d98,0.3662160050015629
fd3098a48d0565da,0.016051891216005004
597dfb91140f7a43,0.06447131916223821
29c72ad86d92588c,0.13174624882775868
46403e8726688e63,0.06561816192560176
586f9bad93615a9e,0.97933533916849
518268ad7eaad020,0.3983236949046577
eb68006674ff7853,0.4980110972178806
829bf94f3c7511b9,0.6749277117849328
472338feab38fd63,0.021745076586433258
e2eb7c00452da3bf,0.45516176930290714
264d5eac0a3db4c1,0.5677555486089403
5dd40ed8f6931f40,0.5163078305720538
ea07294f7b9321f6,0.3996092528915286
800d5b199211d908,0.14387894654579558
c26171ff73291cde,0.720271959987496
9b039401395029d1,0.1998046264457643
149773fc93e82e0b,0.8587507814942168
377962b226c4354c,0.4211042513285401
b33ace47f8c9cce3,0.1672690684588934
5898aee0357167ae,0.2731068302594561
5011475bc46160b0,0.1412199124726477
49403fb05b28bdc1,0.7979290403251016
d64f9b8328cadfcf,0.735655673648015
8347b5a18bb84a35,0.3330200844013754
a72c9158377598af,0.2651258205689278
346932f67e7d808f,0.754712410128165
e4962aaff0cf97fc,0.7452446076899031
d63549a6e599cc24,0.03117380431384808
d013eaf626e99575,0.7188691778680838
a7c0072db3d224b7,0.7186640356361362
b87493b15c6b1e21,0.4975773679274773
cd6d6ab0bf1601eb,0.383127539856205
fc7b0d78438f45bc,0.5951156611441075
b53e88867e63ec5f,0.49614332603938727
1e1e7de7f17a14fe,0.36370154735854954
fff1df28cf047de8,0.322253047827446
9a4279b8c94a438c,0.11672006877149109
d1a19d29c2aa4b9a,0.7553786339481088
ea65ca7ec57132e3,0.6683651140981557
35cc6e8b29ac28d6,0.9341493435448578
35cebb20cef64701,0.9402391372303844
03c27c6fa94b88b1,0.12190919037199124
654a7847a4c3d0a9,0.9308885589246638
d82da976d107c4ef,0.8405419662394498
0f7cdda5aab7cb9b,0.6427614098155674
511e61b096246922,0.23788097843075964
9bd56be8ba9524b8,0.7864684276336356
08980e1d210b6aa6,0.639070803376055
c84430f350b3a159,0.4310096905282902
152edc8f6b8762bb,0.6816016723976243
a4a8682aa22552a5,0.7175347764926538
5448387d25232e4f,0.029306033135354802
86b5af3c99c2229f,0.08348898093154108
a243c84e17ad5313,0.5839793685526727
1cd4111d9e2c14af,0.14867927477336668
d6596bfbfd4cc049,0.703485464207565
5f6669357f9d2602,0.7658916849015316
8ce4d3415fe4440d,0.49138402625820565
b7804e0aef5425ac,0.10747889965614255
a68ac8503924dfd3,0.832793451078462
0ee54a169cddc5a0,0.32511527039699906
91e67962d58a2196,0.4799058299468584
337f92313341198c,0.47888207252266335
62fdb17735fc24f2,0.39135472022507034
32070e417cceeade,0.4650867458580807
d10e86cc3232dbc9,0.9727317130353235
9e379ff80b817265,0.8142739918724602
cfff3503c56dab5b,0.15886409815567362
9f21d3f021ded79b,0.19551226945920602
5fe69ac7610324ba,0.5586218349484213
fda80e0f061a2a2b,0.6196115973741795
e5f50a39b4e83fe7,0.6701410597061582
b7ac8ea60b369ad0,0.10028524538918412
f4aefa9fc2e0d241,0.8984311503594873
0f32bcb05a22709a,0.7020221162863395
13334ae771ee01a2,0.5152782119412316
d2596a53564c0b21,0.419631134729603
1a90578444c1c9a4,0.21860346983432322
38767f6c13ad1bfc,0.4023972335104721
8d312d36ba150056,0.2592333541731791
c4e9fb7cce4bc726,0.4586726320725227
9ff220beebc71a5e,0.2311738043138481
24bb5e20d933da44,0.4912003751172242
42f6ebdc63da37de,0.6900828383869959
39f065a3b51d8011,0.1465203969990622
adfccf4de2f8f9e4,0.2665813535479838
bb73756443a5eee4,0.41936738043138483
0d9c7ad016175e4c,0.7229016880275086
01d6dee3fee929b0,0.15855931541106597
4c94ce26b7eb0794,0.7126836511409815
184edb2637a41d50,0.5344795248515161
b14c8ed6d2ad7039,0.063381134729603
efdd1d7495765245,0.2100109409190372
affe3b0f590fae77,0.805697092841513
3edd7de677b91b05,0.5084811659893718
ba9e4528463c5dbd,0.524671772428884
8be8330f2029f548,0.38961198812128783
df6e6d77a02918af,0.3460163332291341
33d9746c24d2c070,0.39635042200687715
e51c785618029ad1,0.6704321663019693
d53ca1e375f1420d,0.5935663488590184
d4133e84363708fa,0.7554372460143796
094a4df459f84f9c,0.09474640512660207
c95b97cbc9622e38,0.23252774304470147
8a243d50081a0a41,0.6173394029384183
f6f2fd05daf66b4d,0.12878633948108786
3b5e52e54ed29ece,0.6562363238512035
144d292add5f41e9,0.7247753204126289
49aedb77fa2fb4fc,0.6568009534229446
81e5d80b657413b9,0.8015512660206314
fb21fa126522b6e2,0.6591278524538918
3451b921fd37a93f,0.6440489215379807
e25080fc68263c8a,0.9163019693654268
64f0448c8bc4b1eb,0.01807010003125977
ed89496194aa19dc,0.33764457643013446
fb22f7c013b24779,0.5495760393873085
1590a07714e8a656,0.11982260081275399
54ae2ffdf139cc38,0.3176676305095342
96bf13f3fa835169,0.5566817755548609
559cc1345795571a,0.21962918099406067
325ad194b9f588f7,0.7087488277586745
13ff609306472199,0.7294799155986246
3c87f31b6953fbbb,0.06909385745545484
2dd14f20786549ef,0.36456119099718665
be72fb5da729ec70,0.21484643638637074
dea2b01ff6868477,0.6171088621444202
c7ffc036c6fcf66f,0.7873417474210691
67b0cdefddff90ef,0.7209323226008129
eb949d7c7beb6354,0.7842196780243826
72dbbe8ab710128c,0.7412238199437324
fe50a3aa77d27195,0.1087253829321663
b7dea5f446a371e0,0.10235034385745546
3b6627fce4fa7c6e,0.09988277586745858
5766e8d8c783a487,0.7061444982807127
818813e68f11c85d,0.4531220693966864
4efd1ededeb6af5b,0.3838250234448265
7339d8d336c0728a,0.43531767739918725
5932b86b513569c7,0.5466923257267896
667e3c34655efebc,0.7507052985307909
211cf2ea67620b3e,0.8894713191622382
73ddd41ae18acb03,0.21581158174429507
b7d7b9bb940bf7b0,0.8186698968427634
672de9994012beff,0.21566309784307597
1fcb989eab73caf4,0.01871092528915286
1a8eef4f4936cf0b,0.2993904345107846
181bfbae0ed5b503,0.02690489215379806
0144b06a9d5772ce,0.8848702719599875
a6d79b35c359d2ca,0.8175406376992811
adb1f5a83ffc8956,0.8541438730853391
7fe7578307634c36,0.9449359174742107
ef916f6bd9bbf8f3,0.6806052672710222
261b4b9303f16955,0.794105579868709
bdd3d57f2dcbf24e,0.17482611753673022
87478ecab9990b69,0.5015805720537667
00903281b49f7885,0.9963738668333855
faa54ef489380476,0.8593349484213817
afd67495e65ca43e,0.22148132228821504
3cfeab5f2a521bd7,0.9919095811190997
f889243e554a57b9,0.6292669584245076
1633226e5baee1a0,0.9774284932791497
09429539f12260dd,0.4070451703657393
4642f19a02b65fbc,0.08159581119099718
454379600a0d58ae,0.6421186308221318
806b67c9407deaf5,0.09002422632072524
64147a091385f1dd,0.2529911691153486
410684a9ca496c4c,0.28067950922163176
198aca03e558bad7,0.2856634885901844
19112c76b72e70ac,0.15061542669584244
33cdd595d6f64465,0.14205025007814942
b678efa350251d1a,0.8792356986558298
2773ef74c8379c3e,0.7646217567989997
21a85668c56f4a28,0.613271725539231
ad44c67c941b730b,0.2510003125976868
afafaec6ed7cb894,0.6492204595185994
7b2afaaec11da7c6,0.46763441700531416
14f8df83cb5fb959,0.7025633010315724
2fa6287a9d075ec1,0.35050211003438575
a20301029a5e8b78,0.7434120037511722
64c226150b42ee5c,0.6294818693341669
7012b66ec38b6038,0.008268208815254766
334a43b3d7746442,0.7027176461394186
3e39b50358f01b64,0.8365289934354486
dd424dd258080c0f,0.5337585964363865
b6815449a050c02f,0.3289992966552048
786b0bb1d7a4dfb8,0.23207838386995935
bfadd1b4779947e6,0.8920131291028446
23bda92c60bb92e1,0.887357377305408
20f374eb224e1a7c,0.4670385276648953
04bc6e2ce35edb4c,0.7117439043451078
f5fe2d58beb86d40,0.36892583619881214
203f3df885ff03b3,0.11812285089090341
ac5388e6680db6ba,0.1869549077836824
20a190db150bd0a2,0.6885706470772117
03b8f432ac8e3226,0.4771862300718974
800d13aa581dc05a,0.8550230540793998
32ad97494e39788e,0.7629278680837761
762f69f875d0a0a7,0.7133674585808065
7102288564065a58,0.7486499687402314
a244d35bd0a46b86,0.6730892466395749
9fd85d10d8d80cd1,0.39732338230697095
cd37f417a290a412,0.8063340106283213
087a61efb373df95,0.19918919974992186
5cc1bb67fc9fa495,0.1264262269459206
38260167161be0f4,0.5532744607689903
377d6156aea5f7b3,0.9343759768677711
de73631ba462d9d8,0.04096397311659894
c6ad617675fc82bf,0.7757951703657392
53c0301b075c4edb,0.17341161300406377
d5d5bb7bc7475a6d,0.45325492341356677
2785f7c003032f79,0.38396178493279154
bacabfcb41e851d5,0.9402371834948422
930620d9c45cfc16,0.6430779149734293
a2253bc60bd26111,0.42000625195373553
48be98b0da47a60d,0.051881447327289776
4192611de72c647f,0.7644107533604252
0a3e55a0415cf1db,0.044924195060956545
94a41eaf6c166f8a,0.2677496874023132
65c588ff0e6a0940,0.6641313691778681
7316f0f5207cff7d,0.9196526258205688
fb48d6120d40241e,0.12698304157549234
83e835be4b7da5bf,0.2332349953110347
be007ff41dfe8e33,0.8948733979368553
ae762981ec3e2222,0.9568712879024694
9cde4da63a470364,0.20999921850578307
1e641e6a0e15cb0a,0.9664641294154424
f1e1bfceceaf5b3d,0.22503125976867772
b33a9dd2d6116451,0.5712038918412004
6a00f8682a96e6c2,0.28295561112847767
4889bb3fafff04a6,0.10096123788683964
d83965adda3948e8,0.8388949671772429
35ebd3eb17d43331,0.5984936698968427
4fddbddae3f8c321,0.22743044701469212
279f5d02ec1d4618,0.6790442325726789
18dc05e08437b19d,0.5387015473585496
fd5e41a3afe867c6,0.459555720537668
4dfc9b4693d64425,0.6023659737417943
38efe84b2371909b,0.05509534229446702
d5ab3634461fbdba,0.6151453579243513
88ee52d04ccee47b,0.7291790403251016
311d0a7d1bc40182,0.3984624101281651
ca3eabbb86d9d394,0.6560448577680524
0839345320590491,0.22956392622694594
3166da0225b35bf6,0.6585983901219131
4fdcce92f68b7529,0.9586237886839637
4c0a03f188fa9938,0.3975109409190372
efd671b84d562241,0.16392622694592057
a1be96b06611a4a7,0.48870154735854954
7c15209ba7808ba2,0.8080786964676461
b4fb7e75679d28cb,0.9768052516411379
095adfc07a65ed27,0.4303884026258207
a19e6a028348c708,0.03132814942169428
bb5e510a6639b43f,0.7890473585495468
fcf27b9cd834eeab,0.19497694592060016
dd9e809656743e04,0.40261214442013127
9cf20fc9b8513a03,0.803114254454517
d929256e10f5e94b,0.5617986089402938
c7372107d1356264,0.7839324788996561
fb002ae965e2435b,0.3900164113785558
891d7ae2edccb735,0.7174624882775867
33b3795f9d4a8ef6,0.037935683025945605
bd1c976bfd04983e,0.7077934510784619
22d26961eaf80875,0.931836120662707
3267d0aa9600286c,0.5421088621444201
f85b98ab9c2071aa,0.06718896530165677
4b4c86d64f258caa,0.6298413566739607
af271d6d690a0b0b,0.14307010003125975
8b1bdd0f68e6ab19,0.1631095654892154
aca740ec2df56ecd,0.6725851828696469
66cae06936335046,0.5854055954985934
8aa96ed1f09b6e82,0.8855462644576431
fb089d648c0fd719,0.5748007189746795
b3b39f3310bed9f2,0.5519361519224758
4c9ddb6a1c08a7ae,0.0738375273522976
8dafb6cdb58233f8,0.9276902938418257
8512f25e0995f115,0.6962175679899969
3e89b24f6780dfad,0.7126445764301345
811b5cd3d60f8f01,0.5045522038136917
8cecb78a9a20021d,0.3117145983119725
c726d19506a1a864,0.4355325883088465
bb71d5690f654fab,0.7500605658018131
01fddb547603eef0,0.4582799312285089
c6592de36f791128,0.2724015317286652
ccde7fc6a8ec59a5,0.27930994060643954
ba6d1493e3a1c1ad,0.7273229915598625
7dfaf88276d52a5e,0.679515082838387
c09d65931e21624b,0.8510921381681775
f9544a6dbd4caa2f,0.0765121913097843
b374ef23d5ca3b3c,0.44677633635511094
c51f8b67a66b5aa4,0.984489293529228
4793cb7dc1d36c4d,0.6967392153798062
c4a77a4226cf0e3f,0.44311503594873397
11b46e06959d7824,0.8989703813691778
75083fbf03436018,0.6840262582056893
44cc96b7436e60fb,0.7394537355423569
9c78ab8c7f52b1ad,0.49174546733354163
27c3ba5b3d6374ec,0.09831197249140357
09bad77cec8a0ea7,0.7935643951234761
7e5eaee69f7e8e60,0.3579575648640201
9701beed4cb2fd40,0.2223605032822757
a886ee5f5e57d356,0.0203305720537668
43322ba6466f83ae,0.454843310409503
39ac7a6c910dc826,0.5253594873397938
a7624810eab99b39,0.5889242732103782
27ce336c13dd7f0e,0.20395826820881524
35ec56371ec7bab3,0.8354583463582368
1033972a8d27b8f3,0.9442950922163177
246fdf152b78ea45,0.14696780243826196
67db089b7a0697c3,0.1534796030009378
51541de4865fee3b,0.42928454204438893
2e0ffa5c733d2a47,0.9143228352610191
c307a7a1d2e93ae9,0.8454966395748671
60775afc974d2192,0.44549077836824
1af8370aec8adce1,0.757383166614567
7adaed59e375f94a,0.4838211159737419
d3f971f17d9ab0d0,0.2795776023757425
f1eff57932ef0f4a,0.6266665364176306
b41ea8380984305d,0.6612398405751798
dac2137cd3aface7,0.743257658643326
48da40bf199dedce,0.31036456705220383
2c36f80cd8d50da4,0.0750136761487965
e45c5c285ae25a13,0.6787726633322914
d57fa89c692abe6a,0.710913566739606
0d5b889f910953e2,0.2226242575804939
a2bb73ef62a1fa41,0.768919974992185
161e450caac64b0b,0.3532275711159737
870239c07fe84d59,0.7323675367302283
1a510d36c73a9190,0.4361499687402314
6365e056680facbe,0.45079907783682405
7e5efd56e82bc148,0.12895436073773053
8ddf8d226ddfa267,0.10110776805251641
aa2927ee663efd7e,0.4723331509846827
1969a71e6c309cce,0.4735991716161301
33e3103e2045fa64,0.15251836511409814
79d3953d4c100b9d,0.9405712722725852
8a0bec565c237aae,0.46794310722100657
e7b2425696ad04e1,0.18268794935917476
1585c48da5187cc9,0.5313086120662707
b508d898d174eb05,0.745129337292904
ae96ed3d88eb7aed,0.22836042513285404
3780b01a20d9aafc,0.6842802438261957
5d2ea0bc3f49f99f,0.6169779618630822
609566c49b16621d,0.1367048296342607
52a50658bfe832ee,0.6391645826820882
76655f684bc2518a,0.2562519537355423
507aa51e38d00459,0.3654735854954673
e7edc5fb783b818a,0.14215770553297905
3488c9b765c1219f,0.09221827133479212
60726ee6707bab89,0.9446604407627384
724b704c54783fd3,0.05117224132541419
23405c43202f489c,0.22556853704282587
0a275c8c3adc1e3b,0.19125898718349485
ad727a83295f79c1,0.9012093623007189
9fcd517a3727524e,0.5580884651453579
c1a15f34e5189a8f,0.3696057361675524
ee586308edeeb5fd,0.5544506095654893
61323c4c907b9667,0.8852121756799001
dc6ad9b2ea237556,0.9568634729603
fc261535991f079a,0.25602141294154424
199f8696fe22e8f6,0.3335241481713035
80c803fed1e7b815,0.0999277117849328
b3645ff1881e6181,0.2773542513285402
f077bcf8ba579026,0.6049234135667395
c98984325495234b,0.4723624570178181
2b1acfb2885f0207,0.23501094091903718
58aea5fe94bdc9f0,0.5396627852453891
13ce2e76f9ac9797,0.7353899656142545
585b1ae5f2fdf9d8,0.9598272897780556
c02d00f3c935fac9,0.41922280400125045
961c1ecf22020dd7,0.5080357142857144
34a2c0730076cd51,0.8159112222569553
f08c72208c842a80,0.9126426226945921
3d0365b300b08d12,0.51847647702407
7698d1646b1160a7,0.2716962331978743
46fe0812a4d6a0e5,0.2895338386995936
1992a8cfd9dcd0a4,0.8662961081587996
234824681fe92370,0.2855013285401688
66dae8fb83f01cda,0.18716981869334168
565a8741e734fb66,0.2990465770553298
85796d3a4623f1b4,0.20334479524851518
980c038df259aca4,0.08730658018130666
847d49fff22ffac8,0.8609721788058768
3ab579aad87803f2,0.05590028133791809
7c287939d256c04a,0.22631095654892153
9b56b63c1ce61e36,0.3117126445764301
2b2beb4ade849fe5,0.691106595811191
ca97e3a639d0f212,0.3732689903094717
cdf0a515724936f7,0.42352492966552047
f0d9600d63271cb1,0.8815743201000312
61f6d6cd6e8ebecb,0.5335690840887777
66bb128d75c1a31d,0.5604544388871523
ff6ace3df2f93fd8,0.06931267583619882
174f6de5e6fd0ce6,0.8891782588308846
f629016e686c93c7,0.7671283994998438
8a5cd96071aee653,0.03336784932791497
47a56fcce1a48c57,0.8895436073773055
bc218a229f6dd8a3,0.3562460925289153
6700a0d8cc03fd40,0.7386116755236012
bf07422782deaa4e,0.9608764457643013
67e5b268a06fc16c,0.14920678336980306
775246a31de87040,0.4595498593310409
a8c96679585190f7,0.027678571428571427
85e8b073ae9d6cb6,0.8193302594560801
8d783fa9a84a2016,0.8945998749609252
afa9ef8b36efca27,0.03904345107846202
292ad72f433b2ec4,0.2132795404814004
543a382acb950efa,0.2750312597686777
97eee667e12fac11,0.7750078149421695
f1594e042dbd4135,0.2964559237261644
c4acac79bfd54ae4,0.21273835573616756
f1bc5cee7cfbe74f,0.38792396061269147
25e346e1b0340347,0.5708561269146608
53b71602a81f5c52,0.4445529853079087
6d2d4b17736e595e,0.5035069552985307
f652427f39b6f10d,0.9666888090028134
1437d0c59eca00af,0.09126680212566429
d8980b5b1d68a4ee,0.7949144263832448
442b8a915014e871,0.49978313535479835
6a1e5bce20cbbd53,0.8478860581431698
ec75dfc7e578543f,0.15365739293529226
94cd35193b228a90,0.9192091278524539
15617a2281e76896,0.5885745545482964
ae22b29ad0d98702,0.3265805720537668
3e5ee530dd802ab2,0.3374550640825258
9304c1771978ab05,0.10578501094091904
635d5bab100147aa,0.5392837605501719
cf12cab6ff5fa6dc,0.6665696311347296
cc7ce49efd47f0a0,0.07696936542669586
20c507d578183dfc,0.626899030947171
e29e2bc7c3e6ef41,0.8233490934667084
61e270d51cee0fe8,0.7368767583619882
a1cf27e43a150760,0.9047827446076899
9bdddc292578558b,0.2352336667708659
fa0f0cb920abdb0c,0.9215731478587057
95dc87b7553104b2,0.9461570021881838
c268681605733a6e,0.23193771491090967
57f8444d376ead3c,0.7494783526101907
1eb08c4e2e2d0a0a,0.6291692716473899
65f04a475e60bc71,0.6248143951234761
54b86d86b2c582db,0.31606165989371676
ac660728eb9adcbe,0.45394654579556104
9dc70760c7a65427,0.9070432166301969
707fa7577b28c00b,0.190969834323226
dfc0ad3ac006f7dc,0.49873202563301033
d02c60d97c52824d,0.28361402000625197
68735cd4123d2c31,0.9233588621444202
e7fa76e1a52159ec,0.2551324632697718
8e2a48702b61cf4b,0.08031611441075336
7b4d442d12660d2e,0.2251133166614567
1879fdf1618adb5c,0.5639223194748358
28331b7b0b1598fa,0.037879024695217256
c27a3cd35a718f85,0.3520690059393561
003398b630719a7d,0.07462879024695217
70b9137733db97b6,0.4790383713660519
f0ea5635eb777479,0.7181404345107846
e80ca1e08210095b,0.8007306970928414
033b8feb5aaae03b,0.15848898093154112
ac6a54139c7c9d37,0.8536534854642075
ebc95757b2947172,0.338715223507346
2fcf426035785728,0.5576351984995311
78996a14f02ebbe3,0.37809667083463583
a87e26d221511c94,0.027795795561112845
c5eddf448403ab6e,0.07105150046889654
e8da0e67e35aa293,0.41236714598311974
88b632eaf9356d3a,0.410600969052829
85571b011c6fcfaa,0.9396119881212879
9013d63ab473f952,0.8440899499843701
960cad37cffe68eb,0.30243630822131917
e247eb8f78f75a9f,0.20202211628633948
80eaa51c4c8a00ee,0.20030478274460767
35849a3326fb87fa,0.12883518286964674
d95e6b933db44247,0.2551461394185683
c8d99c2ec6082321,0.22490035948733977
c9aea5e1048b2e51,0.725771725539231
e01947dd147cbbce,0.11813261956861518
ae79b75a13c928bf,0.22419310722100658
ce571fad3257b3f6,0.03141411378555799
a95633f51ef3a7b0,0.04308963738668334
297c6928439e696a,0.906529384182557
a4d78fd9f9ffb303,0.41374452954048135
2dbf5dac4bc14af2,0.837001797436699
484f57153280140c,0.6610659581119098
db3d92a2887ed53d,0.771065176617693
0fcc2eaacbd92a61,0.015313379180994062
3b06de421485ddad,0.718722647702407
3ab1395e200e5b42,0.6927067052203814
8b607b6592065a8e,0.3498378399499844
a58b1c259179dc09,0.9122069396686465
a84f2ec64cddb96d,0.9211941231634886
794ec7ff88727529,0.22483588621444203
7bec4fd7e9a158f2,0.3225226633322913
bb364b5bbcd978f4,0.9030067989996873
89b648a5f0f0ab12,0.5434881994373242
63de8d6c54817aa3,0.009467802438261955
f379e9f71ba0c23e,0.4657646920912785
a4d79f83a661fa2e,0.6395182088152548
211b21d15b3b91a0,0.27158487027196
1186f6b426beed22,0.22666653641763052
8dbf55afa93fb576,0.7147897780556425
4c37d40f77654769,0.36330884651453577
282449c18b62e5e6,0.864295482963426
12472f1c83854116,0.7961706783369803
eb624c530d058714,0.44707916536417625
916aa0618dc412d3,0.6599542825883088
b9f7f01f0c234a62,0.835458346358237
d6a72e0c5f8c9277,0.15216083150984683
888195334e946eb0,0.07633244763988747
f1aaca6b558ffaf2,0.27094795248515163
cfd7c6655e63d480,0.9062441387933728
d54c579db2ee74b5,0.09341981869334168
3d05c28ee2849928,0.9782099874960926
88653ba09b9797ff,0.1182557049077837
270649bc52035cbd,0.09424820256330105
164c0240a44d6755,0.41292591434823384
71d79d68a2b92f27,0.652807517974367
9bb25aadd2b3bdb4,0.9716493435448578
b3c62935a53d8997,0.22465028133791812
e850d24192f9e415,0.2896920912785245
0834b059b33fe386,0.8684041888090028
57cca7c7ea10b6ab,0.3099171616130041
39483c2d8174f1ed,0.8448773054079399
4df07eb70c71ec51,0.8597081119099719
771b30a38c390789,0.5123456548921538
65037a69f9336b3b,0.6637562519537354
97bf39056279f7fa,0.3874667864957799
1a2d12af54623039,0.5296713816817755
e649d739e4cbe4eb,0.958948108783995
7c35e8ece8dd52b2,0.7859487339793686
4f679f800c6abb6d,0.7313555017192873
42a8a8ccd4f9f9e2,0.08673413566739606
662eb31e5ca29cb7,0.4183221319162238
39a75d0fc9a932b4,0.47822561738043134
f80b6c96f9ca16ca,0.1370955767427321
d1112438bc117eb4,0.7264066895904969
2a23256f8a1b1dad,0.6016958424507659
e3da84e292717dd8,0.37303649577993125
b3da0bcad91df631,0.8266157392935292
b7317d34b8035aa3,0.3902449984370116
263b44530f890156,0.5827407002188183
4908216a464f51c6,0.7776961550484527
d0b576af5fedd973,0.469795248515161
d53abab056eabccb,0.5821780243826196
9947a71c07c08013,0.639924585808065
e3f83e6765042b60,0.6593779306033136
b5e1fe2cd612caf7,0.3631681775554861
2c979dd3ae786b0b,0.02144029384182557
37ebd133842ac652,0.9082955611128477
8d7452fc00bad24b,0.7804567833698031
be4d73360ad37873,0.37071741169115346
40b14de62d50cd96,0.9955708815254767
e8b95e5aac14d285,0.1874531103469834
545aeb4e5c2808c7,0.4174917943107221
3ea943e815e609c3,0.2780224288840263
9c3663c00fb99ff6,0.34752461706783366
6806a16705d54743,0.6773991872460144
9658ef3f8e3ed080,0.6325765864332604
72aca7fa36feebdf,0.6907822757111597
dfe86e43c4930991,0.6369763988746483
4f82ff5b5651d2f0,0.2385569709284151
d13da56afbdee207,0.5057010003125977
0dcdbb940af66121,0.2068361206627071
0e09773245767eac,0.26699749921850574
b186bc9610e2b533,0.940444279462332
d54841a2e0a4cca8,0.9816583307283525
166c017caddab251,0.9103274460768991
a23f0288384f2f2d,0.42206744295092224
4886d310e5914363,0.1600929978118162
41edfc6111e88f1f,0.19821819318537043
0f33a4c86170e40b,0.5001055017192872
19bac5bcc4414e66,0.061105032822757116
88ddba34446d1ade,0.38129298218193186
a8dfc97deea7f5fa,0.7055583776180055
fbe5da4001a21c4a,0.1926383244763989
8ea535444187b6ac,0.2414738980931541
1be66765efbe9174,0.6147761019068458
05f16b595e33f77b,0.33366090965926853
3fb3259efef9eda0,0.11108354173179119
43836f5657b092dc,0.8240211784932792
26ac42441170201f,0.9169564707721163
12a4ec2031ef6174,0.13225617380431384
d8e7f33605a80ae3,0.5823929352922789
d6bde3bc380d8735,0.49724132541419197
9e0c178f3e852551,0.8183924663957487
88a6149ecfb1f651,0.4995057049077837
54a33fc8125490a9,0.36170873710534535
2930f4f063583542,0.3380880743982495
5092541f5024187c,0.1286964676461394
e78a593c9b385330,0.6210280556423883
a09be3a8eeceee6f,0.8918099406064395
7010ac1b44772de3,0.2396823226008128
49a17880c454c7c3,0.2559901531728665
4e36cc0f1383ebd3,0.6607514066895905
ebdb25864f6ce1b9,0.1927418724601438
bdb72360a5581c6d,0.6698186933416693
8c698e0fbcb6a090,0.33386019068458894
9c350ea7550d8378,0.13169740543919975
a8b88f7bb8ca6361,0.28604446702094405
3d326c98287fba6f,0.33064238824632697
f42c01d8b045f708,0.7414465457955611
8e5d62b3ab696aaa,0.09478157236636447
6224caf3c72e7ee3,0.5600890903407315
926fddd6b2ee63aa,0.03381330103157237
922cf50522b3b88b,0.7545697874335731
7d0fb10204af6166,0.8706587996248827
1a76fbd031e39a6b,0.935606830259456
fd68ea29d356dd75,0.1444806970928415
03cc36191251ada1,0.5459479524851516
99b5bb0b92d8a55a,0.07913996561425446
aac02a9d632924f3,0.21987535167239763
5d220b8e18201d3a,0.19060448577680525
14fc1d6fe2d4e69a,0.8688945764301343
35e119f52196b1ba,0.09461355110972178
40f1234b5a30403c,0.4924917943107221
d59ccb5d557c022e,0.7464715536105033
0c385e728de38f99,0.34867927477336663
f8683477a2ab2ade,0.9032334323226008
511fe8f39056b9f0,0.5043802750859644
c99c5d897170f156,0.530730306345733
9d753071d21e6c36,0.395901062832135
9e9289f66961c664,0.7047280400125038
5f8b0d75fdfecea0,0.18611675523601126
9dc13c482e059e6f,0.29431658330728355
3f87fc97c66a3191,0.7464656924038763
1b3f3ffb589858e3,0.22353079087214756
5358785efbcfdaaa,0.4400965145357925
57193bdf5b9a6b42,0.6917689121600501
4ba6c061c5bcb057,0.9677086589559238
218a85cad268eab4,0.857744607689903
f93dbe2cfff78101,0.6332174116911535
a8481146cd533ccd,0.6779794467020944
84b0e8fa750b7a33,0.38127149109096586
fdcc76060f099b01,0.07253829321663019
300a47eca14f8974,0.706988512035011
14218faebac40dda,0.30735972178805876
6df2c2d2e3c3a7a8,0.6494080181306658
73b49cfc1f3e9dfe,0.2360053923100969
7f686a76e0a43e5a,0.28001133166614567
bf81324a27520bde,0.5827289778055642
f5d463ec64cf0b0d,0.31907627383557363
7b0554b8ca04f697,0.11202914973429198
e1b2fbbaa6be8596,0.3802946233197874
1b881aaa4217102a,0.505609174742107
c212840fd1764342,0.32793255704907787
ef314439dbb365d6,0.08433299468583932
1772dc13f02d39b7,0.29724523288527666
b9ed04801fc7a354,0.2805954985933104
105a3d1544b0f94b,0.6070627539856205
78654baca9d1378e,0.9349503751172241
9bc2056512b6d4b6,0.5181013597999375
09c4cf78e2e7adc5,0.31565919037199125
b2555ae21207d05b,0.7893052516411379
ae348fe15c764802,0.12379063769928103
f0124c71b8a4ad33,0.6139164582682088
b56dc4e690b38942,0.25503086902156924
f780521ce14740f3,0.16020436073773053
dc6f043604dd54fe,0.28312558612066274
e07db4ab9d64f3ee,0.7513304939043453
8afd23b140e4bcb6,0.7105579868708971
11bdf36dc7a35404,0.2299917943107221
4996a5c048b055d5,0.7544154423257268
623d8021b7d32292,0.6590457955611129
9eaa2f70288d4b3f,0.23854915598624568
9b0054be7988059a,0.3940078930915911
3952d82f6df456f1,0.23124023132228824
8533f9a63a9367b1,0.5312695373554236
391d9fb2c3bd6fbe,0.020072678962175683
101b529dd70a1e11,0.062120975304782736
85b19b6a46b45156,0.3004864801500469
a4b17c05d90ca2b2,0.6218056423882463
194ecba02d51bfb5,0.18190254767114722
20a12da2d8890e93,0.1335749452954048
2df9214ba1de660d,0.4374628790246952
bd7e307eb75933e1,0.5803102532041263
5e0b0dbe5ffe6e83,0.999
bf3a6cfc9a1f3c80,0.4692364801500468
82ae8090ca11b2e6,0.5438301031572367
4901ed9747386ca7,0.8033135354798375
53084b49be13c52f,0.762335886214442
0263cc51aa1acd4c,0.7310819787433573
41e313f2355b137c,0.641003047827446
51a37cfce403f12f,0.361761487964989
df4f484e6719459f,0.15227805564238822
de7f255e061d07f9,0.5110346983432323
741683772f1576c7,0.7589989059080964
54c7fb2af01e96d6,0.9180251641137855
24c542dab399c685,0.36270709596748985
a1230bf06c58290d,0.28943419818693344
900e15461a12870f,0.7495271959987495
c089536a25834f70,0.28870740856517657
afc3286b544f0040,0.8294310722100656
c61465243a2221a5,0.6226770084401376
cb1f20d4bb93c243,0.3170990934667084
30725d20e5558b56,0.37250117224132545
94ce3e10e75f90a6,0.17871600500156298
48d0b89d569495d8,0.6240504845264145
ff1ad6d36283f697,0.30472999374804627
72be68b75d2c814b,0.19368748046264456
e4b90062b12b7030,0.8930701000312598
d6323a665e446722,0.1931873241638012
2d37f4baed1667c1,0.6296010472022506
05781aee37a18dac,0.22439824945295406
de24d558a18a9f32,0.25391723976242575
cb44379989560ff1,0.16347100656455144
eb333ca8ccdad2c8,0.4937011566114411
1d5cf29e044bf468,0.7399284932791498
172401cbfcd665a3,0.7166458268208815
8247761544773a90,0.009067286652078775
5f2c0797f7cb831e,0.1651785714285714
a7edbfd2acdf8ad0,0.34514887464832766
fdcb685349aaef9b,0.663052907158487
1568e5a308c50e7b,0.8218935604876525
53f5f1c7014efbaf,0.6240114098155674
e992034fc58854a7,0.26656572366364484
b1fc334e48e20c8a,0.09721397311659893
ca9f6168acd90b8b,0.18180095342294467
929bd47a71c6b958,0.9840497030321975
f7ee05e2b2ea34e4,0.4049644420131291
2f3fdc90e73536d0,0.06301383244763989
b43f6d156041778c,0.0997186620819006
6b0740f130757056,0.1727610190684589
9f1200bd8ef18393,0.35704712410128164
bf0849396acf9180,0.12236441075336044
58f62b02898dcd7c,0.9967353079087213
825b360a284d4a2e,0.13691192560175056
0274228343b0c7cc,0.895807283526102
746ca6b736caea7b,0.03561269146608315
69cadc81ce7e015c,0.23022819631134728
295dc3bdd969b7cf,0.7830044545170365
e0c7aeb2471c9ba6,0.8139379493591747
a7c128e7baf08587,0.5167669584245077
74ac5ce19092de45,0.5351887308533917
5642496d768456f0,0.8926246483276024
9568d09b37d48147,0.608203735542357
687eb07ac1ec9aba,0.3774988277586746
1131d59f818ebfc7,0.24503946545795563
70d46c4ad271dfcf,0.40386839637386684
333d8235e3bd1acc,0.29016294154423256
f9dc0ee30937f393,0.6828364332603938
e2e48b863ea7d61c,0.7029853079087214
96ad67d29a15ec47,0.7061542669584245
998b0ea49069c858,0.12122147546108158
cbf500fe483dca27,0.39067091278524535
32889f39f5c7e4e1,0.2487007658643326
f87241418df6147d,0.5969834323226009
afed174cf13b9d7f,0.4232084245076586
d52f3c40480519e8,0.8690606439512347
67306d595867bdca,0.0870232885276649
dc439b5c79486948,0.4405282900906533
35089dcee9e9ba1c,0.21764418568302596
61b5d6ef5f241490,0.4039191934979681
45f5713dcef10264,0.48772272585182874
2a3053d58302242a,0.09825726789621757
0998f38d4d069491,0.6378028290090654
accc2c8ae67e6063,0.20306736480150045
9f5292cbd3806d79,0.3492360894029384
1fb85b95e91ae45e,0.2785343075961238
faa0394464cef2e8,0.08704477961863082
af95309c63fadc79,0.5559354485776805
b8b45d6732b08fb5,0.31989098155673645
66966f55862259dc,0.6909463894967177
608333309da6527a,0.7469072366364489
36dc5921a7d84ed1,0.5606107377305407
27813742ebfe2b33,0.66024538918412
211d5db960ca61c8,0.06824984370115661
5b186ac0d11513b9,0.979323616755236
832d1c008bc3ef2b,0.8298530790872147
7d4e4f8d7d40dcfc,0.2634944513910597
f0dfb22c3a27665d,0.8514985151609877
407451c452cc5d17,0.8137191309784306
56928312feff0ba3,0.5426852141294155
9454541a6582c13a,0.31220889340418884
e6e2f33f21d593de,0.048986011253516724
eaa2910769614f8e,0.16186308221319162
127bd9796d970cc9,0.3459381838074398
169858f0ea055525,0.18552868083776178
47a3a9c393a619bb,0.40286222256955295
d25e98683c74aa8c,0.47114723351047205
4f2ec1f813538809,0.5722237417943107
8e5753d72777a9ac,0.3528407314785871
d9cef172341ac628,0.9964344326351986
d2c6b2e087495365,0.7012875117224131
5aab483da67d16b3,0.43398327602375736
ad319fa45d964c5e,0.8724347452328853
730d677b8c968e37,0.20249882775867456
b1e38b684248bd0f,0.6732240543919976
ccd097c32d7ca7c0,0.3064004376367615
4cb0f5de29f8b8a8,0.5354407627383557
902aa8ae7819a527,0.02641645826820882
36cc1fd78eea46be,0.812795014066896
5b8a6b0aae157e06,0.7828208033760551
d371f4cddd5ab580,0.28313340106283214
a07311ae113f1cc7,0.8314258361988123
8ff382f017152a6b,0.6240465770553297
bfe18fe096f61209,0.40342294467020945
97f3a3f55f767d91,0.2790266489527977
a4058a2e4bbcaddc,0.699404110659581
6dbcfd20040642cf,0.05339168490153173
42a6b3c10ef18f02,0.5560077367927477
9d7f6f4e136504fc,0.343558533916849
0165f411bc818cb0,0.6021373866833385
bffe1b12bbe69fb2,0.643230306345733
e01b40b1d6f30df0,0.801416458268209
3201c568d1d26470,0.8250879180994062
0affa4eadbf1db83,0.8741012816505157
ddd3b7b0ab9f40d9,0.8640766645826821
ec738c2ec1bfcd80,0.07281572366364489
906a954f8e1fea07,0.8929352922788372
cdbfc59fb04fc180,0.8922397624257581
2d4770eef88200b3,0.06041341044076274
3d18600bcebb32aa,0.4655634573304158
3e050322f92541d9,0.3267525007814942
1221e13593768788,0.21384221631759925
e7ea980a9b3cc8c4,0.4119451391059706
398953f786ac4845,0.861870897155361
e8efc32edeaa174c,0.7694220850265707
49f061e869ee997d,0.6389574867145983
17668415b4ad9f20,0.2619685839324789
81e71cda520c7c11,0.7143462800875274
7c48e5537ec69161,0.4013090028133792
7b6ba45bf7c43e21,0.46736675523601134
9cdc08694020bc45,0.6976418412003751
60a026b4a766753d,0.4032412472647703
719db72fef47ca30,0.2553395592372616
c0b5b808eb068fc6,0.4433729290403251
b20616efa1e51758,0.26036261331666144
d1c2190b7e54ae51,0.11091747421069084
88d71cf388b60bf4,0.7694787433572992
c2394a42025bd869,0.9102278055642388
19b165b652dbcda4,0.7957545326664582
c17841139e5914a5,0.8535128165051579
5549a53bbf9d24be,0.717665676773992
2da830aa5b2812cb,0.31814434198186936
fb36e8ea3112744a,0.4181853704282588
3dcfee7f0efc084a,0.814359956236324
16a97d3860c22e1c,0.7726594248202564
6322b2e3f7dca7db,0.5046987339793686
a48ff3331f89fc6d,0.5587253829321663
e07a96472008d97e,0.9350050797124101
42af4fb223127bc3,0.2667122538293217
4aa484762f1d25ae,0.692945060956549
c414fb964c9cbb8f,0.7119275554860894
397cb89e6ab8a959,0.7268091591122225
2e9d9d9e0a6af0ff,0.7121522350734605
fc32ff9c59a22f95,0.10582017818068148
5783d334ad7f831b,0.8853391684901533
dbaa31f9fbbb6219,0.0880861206627071
93eb228beb06de30,0.2566954517036574
482d6bc5204e5ae1,0.3659073147858705
7128efa4863f0362,0.581238277586746
ba5809f410734a94,0.45613863707408564
a571eb5010a2e299,0.27757893091591124
ad6cdd09fea09683,0.7323792591434823
fa9d2cf12e72efce,0.6838504220068771
a8ae0f9ef30ce81a,0.9280634573304158
3b234a17219db0b1,0.07167474210690841
25b24a0734045bd8,0.8786710690840888
771f41a483c9f8a5,0.5166966239449828
22a6c4ec274869d7,0.6566583307283527
e48895820558223a,0.12373593310409506
02c11767f29d0426,0.17524617067833698
d686fd200c65923c,0.9373690997186621
adfe117f01ca698a,0.020457564864020006
69f3b49837e76dc6,0.5139262269459206
2e72632e2ea73631,0.200990543919975
3207b91e24e27568,0.26688027508596435
95f22517cd16a7c2,0.20521452016255082
543936caa0e83a72,0.259911300406377
58c5c659df736b0b,0.09653798061894343
997b65e2ca34d529,0.22400945608002498
75bd9c566434eae8,0.21666341044076273
14088d0f66d091e7,0.9300289152860268
4014d97b63499622,0.4323714442013129
f9d10471eb47111f,0.93152352297593
545fffb7628e26bd,0.09756173804313847
9c45d75bebd4d820,0.03212918099406065
f710caef77284ef1,0.7711159737417943
e4bc3c14c4f4b1a8,0.5405400125039075
392b17be6354d3a9,0.5185761175367303
9cc8d07ee090f377,0.8049937480462643
b2fbccdb690a2b84,0.648313926226946
291257ccaccf9d11,0.62267896217568
c9022a6ee3a5d7d8,0.1890258674585808
19a688707e160732,0.1571956080025008
84bef4f5323ebd93,0.8339344326351985
a3e5e1903e0e9682,0.4181951391059706
3b0297530613b732,0.24536378555798688
ca0fa3062d6f947a,0.7072561738043137
aba2a7eb167c6548,0.7055818224445138
7dace0a49f811059,0.6016274617067834
522ed32d9fdf2d72,0.47549234135667395
8771c418cc219aa1,0.6654520944045014
1b8f8b528f041137,0.03214676461394186
a9112add272578cc,0.2787472647702407
e722b584b816d2f4,0.7303043919974993
324dcb8fa3962b96,0.4985913566739606
ee84f939a7ab4e14,0.764508440137543
f7a5683abeeb512e,0.20793607377305406
788dec8bb41081b9,0.07029345107846202
20880910f50c0159,0.5466376211316036
a55d2babd6ac6e05,0.06081197249140356
7c5af2b41b2f1889,0.5581431697405439
af9599e0e687edff,0.2591102688340106
96de608fb997caee,0.09996092528915286
ef99f60d68f58a7e,0.9565235229759299
59d2159096523cdb,0.8896022194435761
606abd74dcfa442e,0.7983686308221319
20fdb4917e7e9401,0.1688086120662707
a3a5ff27339bb075,0.6542552360112535
b5ecb5c63b48ec75,0.9168607377305407
0a039166594e063a,0.08891841200375118
62bfe04683f51a3c,0.48156455142231946
b430c4d5161b59db,0.9000390747108472
a385f4145be5f5d0,0.03648796498905908
904e0bfdad64bd43,0.9438164270084402
0f4074528657c491,0.7566583307283525
39e4468b2f4b7935,0.4711257424195061
9125b00413b353d6,0.0678278368240075
fafd8063bc5f5cec,0.4994119256017505
6b06401ff364064a,0.06200179743669897
e5c9addac3faca6d,0.2473390121913098
d12807d748517f6e,0.34397858705845574
828de307532bb29a,0.9447151453579243
2799da617b3128ab,0.1550464989059081
7b6d6ea6d9feff86,0.05080298530790872
0627c402fd75fb9d,0.9210768990309472
a1bb99f3b749279f,0.32525007814942164
ceac2c53c27234d5,0.05211198812128791
9b3de1b793447910,0.15341903719912472
76a426cfc81a4d2d,0.523222100656455
abac3cc21ba1b309,0.19510198499531106
4e8b9323fa254334,0.6303258830884652
1a4205578a28486e,0.7666516880275086
fa7dfc3f7d4a1344,0.6400457174116911
340b1651b36c8645,0.2979055954985933
73cf2e26157ed703,0.8779364645201626
87add43c2ce1b06e,0.557486714598312
01717bfb5b3542c8,0.8236636448890278
70ca05c9213444aa,0.602703969990622
0684a9a80bfd34b3,0.23714442013129106
8c2ae373e2809c29,0.34413097843075957
331341a7f1c33272,0.6360757267896218
97078c12c161c701,0.5027137386683338
4ddffb1d8861cc54,0.16469013754298217
2dbc5e3027b4817b,0.6058787902469521
8fcb717c71bb3cfc,0.5189375586120663
58ed220fa88a029b,0.04073929352922788
fcad4ebd837b0031,0.3518560487652391
0792e52fe2c9b711,0.7791829477961862
576de6970c4ba90c,0.639246639574867
930888a00b16e315,0.8088152547671147
bb00b59f720aadc8,0.6429763207252267
05aad23e028bea27,0.4321057361675524
0ccaef7346d2eebe,0.4860464207564864
bc31c0a97c89dac1,0.7565137542982182
239478b0c695aad2,0.3923648015004689
6d59238e91d3c6d6,0.563457330415755
02b6f6002980042e,0.7900183651140982
0164fc5fb575ee2b,0.4757131134729603
d8ba5ce01fe8a09d,0.6902137386683338
173b378df818b167,0.09448655829946859
7f5edae9b09a208c,0.557273757424195
0b5662c2a594c20c,0.6744373241638012
55ba1dbed1a641ea,0.6903622225695529
c944ecb134192652,0.8631545014066895
3984b7d478aec2b1,0.9060643951234761
f6ff304e4f459ab4,0.8855658018130667
a49951ac9b42ceab,0.5971299624882775
4b48ddb6a65e584b,0.9527782119412316
624009526008e265,0.3783545639262269
9ca1f3fd0ed031b3,0.7030380587683651
dd7e10345355a17c,0.41072014692091285
a324ae18d57bb12f,0.6202504688965301
f3aede6892999fdd,0.36021608315098463
798f779dbd13fb6c,0.8639985151609879
21481b4c28f91b47,0.15518521412941544
8529066c088169cd,0.056564551422319476
7e93ed2093de4112,0.2665481400437637
51687c7ba8a553be,0.6233959831197249
4ad8b585409698e6,0.12970850265708034
eca2dbbd4829118c,0.652977492966552
7a9bea3f50549e57,0.5234721788058768
e53cb4d81fe012e8,0.610020709596749
25e3af07b73ccb43,0.35125820568927796
939b59f220b94ec8,0.37994685839324793
9618c75bab14bdc4,0.8021100343857456
2ac483615d4696d4,0.9046713816817755
b357b45b22852d5f,0.23154501406689593
eed158b983054ab2,0.11735307908721476
25b699ec3d33020b,0.8729974210690841
fabe692869cbf6a8,0.12888988746483276
e30cdc55701f891d,0.6362652391372304
4e247c59738e0754,0.6638891059706158
eb6c93bf83ef9f01,0.7957213191622381
4b2a51b89182eb2f,0.6755489996874023
920800c7a752c35e,0.036587605501719286
00e3f3638706ad20,0.5067169427946233
3b68344f608e8cf6,0.15963973116598937
bd0092d0e87dd02b,0.42556658330728353
d3020752ddea13e5,0.5437343701156612
679a41beeaebf503,0.8031572366364488
7fcec9e71dcf18cc,0.3251797436698968
735724a234bf2816,0.6934080962800876
31cdf3e24ce53af5,0.5456939668646452
58b83792be0f6321,0.8042747733666771
2a84a58cf96025f5,0.10885237574241952
9fcedeea63586bf0,0.757732885276649
d9de7aba8c682fda,0.10885823694904659
08572215a3892815,0.3883635511097218
b488884763d551a2,0.7426695842450766
c30e80405d6e58b2,0.19453735542356987
0c86a250e70f6eb2,0.4757639105970616
a11c15fcf4597f82,0.728530400125039
2caedcb4ee1a4103,0.887669974992185
f91d05eaa3df539e,0.48934432635198505
8bba0a98ae140af5,0.8157295248515161
a987e81632676043,0.7399070021881837
f50807d17b5c038f,0.7067267114723352
ee12454070596716,0.5936269146608315
b6e0190c3e5766ef,0.8316837292904032
a57b30735e272a29,0.08326430134417005
ca66fe2ee058013e,0.6729212253829322
1969a8349757d32d,0.5575902625820569
a5bad4f4702eb96b,0.2931951391059706
2f4ee5ef7a9e32ab,0.9333522194435762
abb1f9350d96ed70,0.41157979055954985
8a663152856f606b,0.09241755236011254
5965e2be33eecfc3,0.07679352922788371
75414a1e69d6f205,0.5315528290090653
0d6362f82430762d,0.5695393091591123
cded8976cdbec569,0.5437382775867459
2f21d9cb88d7004a,0.6791731791184745
bd0809d01c93396d,0.9120447796186308
d368fd4152e904a0,0.7912453110346983
7a088b0bef4cb74c,0.2681287120975305
dad9460a25f9913b,0.9149304470146922
50f138449e3fe2e8,0.5205923726164426
53eecae41b9614fd,0.872602766489528
c88755b5796bc0c9,0.8035636136292591
1b2bf22690f55b23,0.33032392935292276
4c0b6078692f7c89,0.6196819318537043
d310596293c8f04c,0.5395123476086277
3a724ceda4c76f9c,0.0442364801500469
57c2219b4f1a0a5a,0.6559608471397311
6069a9ccdba45516,0.6227278055642389
504a8185dad726d7,0.7047417161613004
c950477e87d58094,0.22503321350422006
9f1e86207b2be555,0.8527684432635199
69051b19215e3e0a,0.5386781025320413
7f70b72d97083c7b,0.664453735542357
61279ec74a6d3645,0.11972882150672085
4a35368f7daabf53,0.44721006564551424
8730f5f1237b818b,0.040094560800250076
f9492b545b552f5b,0.6589324788996562
a5e99c4117b486a0,0.5002012347608628
c10ccbadcdafc1cc,0.11588582369490466
e0d15a865fdfb988,0.24006720850265706
eb916f460ee1b545,0.4402215536105033
1b7bb61fe350c5ec,0.245621678649578
03e5516590f20096,0.3572444513910597
18e0a9eb3145a82b,0.05860815879962489
39cab30b8f09a081,0.8945783838699594
dd47b13d3aa2de79,0.19586784932791496
6a431bf1b07deab0,0.8087331978743357
2b0db9b43f8d905b,0.5282138949671773
363b638b117d0e37,0.04714363863707409
87518c28a26f4d41,0.014004376367614878
3e73b6c86098ef20,0.6716786495779932
f7580d024f627389,0.24465262582056896
626946bf85055423,0.21368005626758363
1d4ec81574db910c,0.424835886214442
eb3384eb6ec0ee10,0.21667708658955923
ba1a0a18164d2ed4,0.1587761800562676
8736a356e18687f9,0.1558084557674273
f66ad6f9a0d13057,0.489344326351985
6781beeb2a94c80b,0.5243454985933104
45ec50d9e9b762dc,0.10721319162238198
f993d49be31858db,0.4696565332916537
68630d40b3d8c8a7,0.417151844326352
790d0e863cbc896c,0.1580728352610191
6b9f40e1b5440454,0.23628673022819632
5bd12aaf1d87cfb6,0.6281533291653643
9593f8af8e49622c,0.22183885589246644
7787873ef39eb65f,0.763195529853079
3b43be2428bd133c,0.31783955923726165
51614174133f7405,0.7951156611441076
90ef1be7933c7d32,0.2815547827446077
b9b0bc5968838ca2,0.329241559862457
34854ac0b59be9cb,0.6442618787120975
552972fc397a3d7b,0.635677164738981
538cce811be930f6,0.8862652391372304
3684947575a87995,0.9534288058768365
3458934dca749c27,0.590696311347296
777593519303d6bc,0.7458912941544232
c998d0d7e544f18a,0.5001133166614566
a23ad55fcdc44126,0.6976945920600188
628f59b52e0f1abb,0.9519771803688653
f55fd4a896009b37,0.259336902156924
891966bf8125b263,0.15150242263207253
31a036f4acb27daa,0.6138773835573617
b329a2756c4e7e5c,0.15457369490465772
4abec7b3aa11b00d,0.2931072210065645
506d7e6eca5fce8a,0.23196702094404503
93767eb66242b1fc,0.9091981869334167
f07f619af08f71e3,0.9656181619256017
067779ad870efb29,0.47311659893716784
5772509431f3d5d1,0.689699906220694
562161d24bca87e5,0.065280165676774
f3e2eded68a25564,0.29427360112535167
4e9f50f16ba04465,0.19496522350734607
a4208a55db792b95,0.36618083776180055
9540d1c34ce10213,0.25252422632072524
3b047ea1a379c251,0.41201156611441075
90c24520deb11d2d,0.3321115973741794
174bf54853f8e212,0.32257541419193503
e32af9607e1574ac,0.19230032822757112
177d7eaf2ebe4bb3,0.012914191934979679
1d3872dea5918cf8,0.803825414191935
b6641f418df5107a,0.4485053923100969
7b0a91f0c2754446,0.8601750547045952
3074d01b6d512da1,0.5253848859018443
a1ded8ab2ac8cbc3,0.1870584557674273
99d24231acc81bda,0.8232611753673023
ff0efc6b635f0dfe,0.44882189746795875
4b26bc2a5271e828,0.538408487027196
323cc294321346a4,0.5977375742419506
1c5da1e20342a0bf,0.5072874335729916
4f414677966cf8e5,0.33740035948733976
a08962f7cf8ef6ea,0.960737730540794
e6778d3ce59810c5,0.18175992497655516
944d32b8f9e9db1a,0.9427477336667709
e5c8bee2002b6ca3,0.9198929352922789
fcc9190b336ccdc9,0.14845850265708033
d8c0de2ec20dd583,0.488326430134417
fb55a45c51379250,0.15968466708346357
d6e81f789123be62,0.37644771803688654
2653ffee6d9f5abd,0.8874394341981869
daf885e44112d6f2,0.6933240856517662
a75fbb195a5c31b4,0.9835886214442013
d6946d6a1e5de8e0,0.4913371366051891
262eea09fa9fdd15,0.09972256955298532
0661f0f9daa76a96,0.5774226320725226
3796742963319893,0.909495154735855
b7d31b3502739b04,0.6008889496717724
ca3ab2b2441679fe,0.5192169427946234
6ff3c95261a2e60c,0.07702407002188184
296198ef516bccfc,0.057279618630822135
fd7387d23f2c2e12,0.5340711941231635
705f7c9f6f9a1ddb,0.17145787746170676
664080d9a44e09d5,0.10654892153798062
d7bfb116b3f0171e,0.5949144263832448
df7650f2e15b685c,0.5885979993748047
13d553333a49e1fc,0.140225461081588
d60997f0da2b3161,0.1766938887152235
e3dc5b0748d9d1be,0.9859135667396062
126cc7a3354c3a59,0.09214989059080964
68c831e307f80c40,0.03660714285714286
4c10437c6f1f749e,0.9858061112847765
4de56fff18170df4,0.22093623007189744
93ee64e43ea9b0ac,0.6215282119412315
622e27b7a834d371,0.8508166614567052
8283fa9a80b68052,0.22025437636761488
3cbb48910802e9b0,0.8265160987808691
898c4451fed60e39,0.5429548296342608
560b7b7af9fe8dd1,0.5215047671147233
bcc595e893e2a797,0.2535050015629884
cb2fa098224a9f0b,0.6490016411378555
9e2a88f835bbb5df,0.7351613785557987
07e1bd9a166bc257,0.740307517974367
10fdd890be2462d8,0.06156611441075337
34a7adccbdf4dbe6,0.825011722413254
5dca94f6e13922ed,0.3155361050328228
be032af3265ed2f8,0.9613316661456706
afebc493854ff065,0.11068497968115037
755bf2132b96ea88,0.07964012191309784
11b6872eb913fe4d,0.09447092841512972
5a73131a74b5e6f1,0.26375039074710843
a1445f34ce4c970c,0.650683807439825
c84303c64f096b4d,0.45886409815567364
ee5a57da13fbcab4,0.7514301344170053
9e237fe51b937f8b,0.4013617536730228
04c0ce452fa54511,0.5424097374179431
e4cc4cfb493c102c,0.7605462644576431
13ec6848e5d8c7ec,0.26320725226633324
8b117511fb3c0bb5,0.7894009846827134
45109a7dafad71a4,0.915717802438262
be5d51769b283a70,0.7558826977180368
4b049c030fc355f2,0.5723722256955298
e1b125afa19663b9,0.5165813535479837
7f5ee99bec52fb31,0.938396764613942
0ea477a7bb524c43,0.4939688183807439
b2ef814029a4593b,0.7110542356986558
54642bb90de7c651,0.20084987496092527
5562db51544efda6,0.4978919193497968
8c3fc61ec6b0570c,0.6872128008752735
19990ada3d732a59,0.755325883088465
d4a097538c2270df,0.6116755236011253
a8e6780d12272bb2,0.7806208971553611
0de7c0afdf2ac64d,0.5870682244451391
ec3a682eb391eb7a,0.4697776648952797
de499b3d3aa77620,0.4291575492341356
bb95d7738f26c137,0.34298999687402315
76de6c48fb303a99,0.7746971709909347
f54db052a2c1bf61,0.881222647702407
d2b45f024d0f9012,0.8313457330415754
26693e446f60e43c,0.42313418255704904
00fedb2a014dd220,0.38427242888402624
8b353042d65300c8,0.8092958737105347
90c55b1f3ca98c5b,0.13503047827446077
b874c35d79d74f6c,0.573265082838387
d482eb847a0a40c6,0.29392778993435453
fc4d3a97478802f1,0.38590379806189434
0a7a2b85838db506,0.10556228508909035
c697f27fe38b040c,0.26001289465457955
a4d2009627d556d9,0.6426129259143483
1c403f2124470ed4,0.067868865270397
33627e42df750fa3,0.11132580493904347
ba9bd925e360f225,0.37183104095029695
ea28b791d0295ad0,0.4387582056892779
d149d439304c8705,0.2048296342607065
536b709bf5515eeb,0.2045111753673023
88c0a8061e7a3795,0.7385276648952798
8764acb490f19b62,0.19663371366051893
417f76acebadcb48,0.807541419193498
475869c5be3c507b,0.45995623632385124
3ef8009767c7fa25,0.8980833854329479
b554efed5fb706fa,0.8649460768990309
84da50183b024285,0.26810722100656453
a4b1d18f46aa981c,0.028997342919662394
9b47e555a004cdae,0.3094834323226008
ef262814960ff13f,0.7075550953422944
5c0868ac8eafc7f9,0.2997909502969678
db15a0f6f796aefc,0.05271569240387622
9e813d48e7fed678,0.6828716005001563
7e45e93f027eadd9,0.8565977649265395
bba24189518e4411,0.8257697718036887
80cba429bade3fd1,0.07974171616130041
ea2c64045d0a1c12,0.7064023913723039
6eea65bf31a2bde4,0.10861402000625195
986a532aee033e7a,0.28942052203813695
d254bc6437766f3e,0.2717939199749922
3c2c4044a5a205b7,0.397383948108784
d1698b7f7ce2ac63,0.8114293529227883
5615043a1f36b137,0.06393404188809003
fcb9321c88377fa5,0.05226828696467646
885250c55edfcb6f,0.46216005001562993
f48232723a1bd05d,0.9434198186933417
27b4eb77530a112c,0.22202836824007505
98a1669bde0eac7b,0.9181756017505469
c85cfc3341c8708c,0.11146647389809315
8043ae38af9b3ce5,0.7817091278524539
babccd7388fd8c21,0.4401824788996561
28aeae730b623cab,0.2835729915598625
4bf1da87dd838f3f,0.10431775554860895
8da93da167404e45,0.8061464520162551
4a0a3077b5581645,0.5535128165051579
bfa2d19017923568,0.37435917474210695
5f6e00c966c5f59f,0.8316837292904031
52c9dbfce9f1b95b,0.18918216630196938
cdfc3b9f626b0845,0.528901609878087
5e6ad4f66342dce9,0.652446076899031
42b0a534c0da50ab,0.32777235073460453
e454a16a94a43530,0.38867810253204127
1b6c9c3629bff42e,0.8638578462019382
3d4ea2f562e04d67,0.10878790246952172
e5e88946dd245e5b,0.5162765708033761
7c08fe11ea59472e,0.6597940762738356
48716b8ef3837856,0.27833111909971864
22cb220fb3d03ef0,0.8364371678649578
ad38c3a4c4f92dd2,0.2641860737730541
439506f46710d418,0.6026453579243513
e6d46d90ae71b635,0.4344072366364489
cc306ba2474886f5,0.15960847139731166
c3dbfacba8b29888,0.1767857142857143
3349746bf536b40c,0.29529735854954675
254dff7f2f5e27da,0.09154032510159424
5f715d9d99d8aef8,0.7213054860894029
28877bba74273a2c,0.05365739293529228
0837f11e1dc53f72,0.9168646452016255
700d9c6e6406ca13,0.7455005470459519
6e0d475eeeff64fb,0.4832447639887465
36ba7c400d24c8ad,0.07043802750859643
8c371f8737f1a2dc,0.9965457955611128
163b4afe1f475ea0,0.9331255861206627
2e2c632a9af9b807,0.9111108940293842
a891091666dc0643,0.7309432635198498
a990b188a8200e9e,0.07102805564238825
e0da7835cc3694da,0.5247323382306972
6965bd28dc460b44,0.2245819005939356
84b4fd2717d4bf2c,0.24288254141919347
0544118474e570be,0.44166927164738984
2437b2d4a2e8ae82,0.9805798687089715
647299fb2ba00e43,0.06708541731791184
7372537f1eba1dab,0.8760296186308221
8854c27e996efd14,0.5419017661769303
380235b034a986da,0.9098116598937169
a2d407f16ff373fe,0.8482201469209127
0ed19a3a868aaa3c,0.38679079399812444
c173b6242dff9b1c,0.3893032979055955
2043889f64f744b8,0.5767095185995623
19989bc6ef928517,0.6516157392935292
d0665c65b0cf8d5d,0.9282861831822444
2b072792e895a81c,0.12699281025320414
c531857150c9674b,0.5438613629259144
bb56bbe97134a4d1,0.1504317755548609
3e062b6117c4918a,0.3884163019693655
a58a4c24d35bd7fa,0.8013754298218194
4ea7721e8c059b2e,0.2332701625507971
32a75809119cf7bc,0.6550015629884339
e4794a0287930fdc,0.39457447639887466
028903129d296567,0.6033389340418881
910a3bc19a45f893,0.8382033447952486
afb4e9017f94d52b,0.18166223819943733
8c75ef81ac907000,0.629159502969678
de995213b69871cd,0.20740661144107536
593b54413b1695ee,0.6597491403563613
d68b798f72ec2a7b,0.22020944045014068
2abd97afe8848116,0.05146334792122538
b80ebde982296428,0.5174917943107221
dbe8ab13dd1f44f4,0.1890180525164114
db6b5f2104046f55,0.6213074398249453
1f67c146861efa15,0.05937597686777117
38f490199f1306b5,0.49949202875898724
dce69a47bd1feb56,0.32128008752735226
12cd790efb4486a6,0.7851828696467646
d5806dd0784560a5,0.054876523913723045
207f45be2fb83671,0.810169193497968
848e2c11fd115b35,0.6903387777430448
0f9d093c9db25458,0.7356224601437948
13e9da15ed290868,0.28363160362613316
8c584f6c1538beaa,0.011751719287277276
5fcd3e5896568513,0.9114821037824319
aa1f013ff05a59f3,0.3837117067833698
eb2bbf6f740d132f,0.19636995936230073
51fcfaba58d7f511,0.8251348077524225
abfff37a1f178105,0.7721397311659894
918258103a71c3ab,0.21533487027195997
99beaa8c134356ed,0.6274226320725227
f3d97c979517c08d,0.7194396686464519
577a00d787373595,0.8042220225070335
d71bd663eab2681d,0.7207252266333228
3b59c956b239b3db,0.19377930603313537
9115eeed93f30a1c,0.11457291341044076
3d992bc625e7dad1,0.08494646764613942
4db07f6033192f9b,0.12821194123163487
a58a45e9afd5b405,0.7359213816817756
519774a276bdada6,0.7993611284776494
50bc50ed77a01d75,0.5408799624882776
d608451c67dc5cfb,0.41711276961550486
2856ffa4f0a1ce80,0.41985581431697405
2bdff8f74778c4ea,0.2236636448890278
068acd67c99550cd,0.5970420443888714
6123220972766a4a,0.5281123007189747
c4d534fff3fc5628,0.591173022819631
9fc3fdf14ea045ac,0.44063379180994056
3f86edfd0be75ecf,0.5677575023444827
c36573a6175092a9,0.6642251484839012
7c4df8c2f29666ee,0.04334753047827446
3c791b72118b74a6,0.5855521256642701
747b04b604c95fc1,0.17609799937480464
e780dca0db5520a5,0.12305798687089717
af83daec6d450e57,0.4494490465770553
5d4ff9f52e2e4f34,0.6485190684588934
b2b8e551d87be54f,0.9989567052203814
203b6e0e0fcaa971,0.4622499218505782
eb36b4336605a7d6,0.5102219443576117
14713adcc060333a,0.5509299781181619
251c0c9a3789eff9,0.7665461863082214
0d0e059449af50d6,0.27289582682088154
63b1850f6f5df5d3,0.3119549077836824
90ace0c383247390,0.11023171303532354
1ba1d1cb2d6d1bb9,0.32423413566739606
dcb2cbe56ba92129,0.06522350734604565
88b8fdeb6d82597c,0.10394459206001876
0ccfe20a4b77ea6e,0.2063652703969991
3482a5b15357f00e,0.17079751484839012
6d71348fed8b9c4f,0.3200980775242263
f8723e3306bf7c43,0.9637288996561425
7ef77b74f9baecb6,0.2892153798061894
bc80f01834269376,0.22350734604563927
18da383af4fa3cb8,0.792902078774617
b474ff492fb9a94d,0.10790481400437636
d157b8492ffba0dc,0.11166575492341357
cbd2d4eb5123804b,0.8919291184745233
0f9515404031e965,0.2476340262582057
4f1dcb8a1669a31c,0.8445940137542982
28c27ce346a7a7b7,0.823380353235386
58928eff8cb29089,0.5282353860581432
8069cea0e02052d2,0.09988472960300093
3b583c05db5ea4a6,0.12268091591122225
36384df41240d0c1,0.4794525633010316
15e9a245d6d06a3e,0.7954985933104095
d2dba561c29b817d,0.5285616598937168
2a507f7014709986,0.8194220850265709
a27e43abacf3b1f2,0.8677789934354485
686019b683e849d6,0.8169506095654891
9a3663eadae7822e,0.6862769615504845
f4857bb0e0b52a47,0.4752676617693029
29f988f929e638a6,0.29298413566739606
cc08f5318b40d7b5,0.12187597686777119
3aa8c59d9c5dc7ac,0.593646452016255
eeeb124ea0b0d51f,0.5215887777430447
c422bdf822a0dc56,0.8104993748046265
98269904767a2636,0.1699437324163801
e6cbd02151c72662,0.8714715536105033
5e7bd880681d9f61,0.7523757424195061
fbe456da262eaa3b,0.5723116598937168
dfe3e7968ec080ba,0.3923608940293842
0e9ef351ddbc9ab1,0.27446663019693657
2902b3339eeca5e3,0.5081040950296967
a7137a063b883e92,0.9339715536105032
b733ad3dd8899d06,0.3670893247889966
44fe9234ab115e2f,0.9123183025945607
000b03fc8664c7d1,0.08333072835261018
9020a01496eaf633,0.6837644576430134
53b7a21b0f4cc200,0.09597335104720225
20cc306cbb1c6bcc,0.9505079712410127
debcfcb981ae0125,0.18299273210378242
802bd1039c3e6a1b,0.12462292904032513
5f5c21e0b6a4d4a7,0.21130236011253517
4e1d92bfbc009b58,0.7228235386058143
644c03f056f3bf9e,0.8207525789309159
3b4855d86d450661,0.21755822131916225
dbe1c9a9d3e563ac,0.2571233197874335
2fb49e6e63bbe8f6,0.7928219756173804
2347ddad2e1b095f,0.4916770865895592
e315a627d1ca8573,0.7832682088152549
0558a476ace81c15,0.5263676148796499
4426fc96456aa43d,0.7720537668021257
ee5092888f963b26,0.3329145826820881
57886ec9ac1bcba7,0.9408721475461083
69e1947ef1a19192,0.6973956705220381
af29d6fac97c87a3,0.20503673022819632
6952926383750b48,0.2677614098155674
b6e14b919c7ad1f2,0.17608041575492342
8d09ba7da0267580,0.7017603157236636
40e7e13ba421c25f,0.10136761487964989
c3d8677083122b80,0.8474171616130042
e41366313db49145,0.15614254454517038
ed95e31015c5959c,0.6506642700844014
64f0bef89a702494,0.13632189746795875
81918dc774b899ca,0.10190098468271336
dc9dc895fc8368b6,0.4861421537980619
ea0dcc9add9ba8c9,0.6336863082213191
c45a009981cf2faf,0.8292298374492029
ee4eee5c2cad18b3,0.22886253516723976
4b8886ccb99d4b95,0.3914016098780869
a11b7637d21059b0,0.3140356361362926
ae6bfde3685ef5dd,0.126680212566427
095f96ba3b90f727,0.5051793529227884
c800465fabd83658,0.09117693029071586
c75993f60039bc22,0.6710534542044388
15b2e13c51d54758,0.37646334792122543
cef343af7e936391,0.5466317599249766
bb9e37137f42fad4,0.42064707721162864
b6f54b152f0f2c28,0.546360190684589
54548a1370ae962d,0.5368552672710223
774675091e96f38e,0.07776648952797749
64db0198c907fdc5,0.16703852766489527
ee3a2eba79a61cd2,0.2647604720225071
d87ea92ca2504e8e,0.9440997186620819
493f68967d2931dd,0.37485151609878087
33c5bd3953cad989,0.310470068771491
31719675e9834500,0.3771295717411691
283d0d3d8afdcd48,0.7607826664582682
0954b46131527b56,0.043218583932478905
c7f99cdcd74ddfb2,0.8594775711159737
89e81b0750c67025,0.7162296811503595
ef2e114a293d6051,0.23728508909034074
3eaa82eb74b0d2b9,0.9590184432635198
f115b5827c53fdae,0.8386800562675836
5b981d50572234ec,0.4354114567052204
bc2a7ac2fb6ad312,0.7130060175054704
cabb5fa14742de79,0.8930701000312599
9dcd899d3120d04e,0.10463035323538605
5bf75dc153469005,0.6421362144420132
a99c57a3cfd238a9,0.9066446545795561
7d3c73f6e6251236,0.7063144732728979
79c824cab095ef0e,0.43230110972178803
50457f03b19ce000,0.7870760393873085
72ea29c850f97747,0.5170522038136918
949aabf35ccb0c4c,0.6397331197249141
bd3b7b9b5cc3a346,0.43030243826195685
581ae7bcf533000a,0.16986949046577057
f944b728b8eb9aac,0.4161906064395124
6add937f4476df2c,0.6087234291966239
478be273b158fbf1,0.151789621756799
43c1856ef31d1073,0.9021588777743044
8f97466fd3810c1f,0.3044623319787434
3ae22b8a964781ec,0.6034444357611755
82ba55bfceb0ffbd,0.5389301344170053
5966bfc14b304d05,0.5926480931541106
eedd90867e3cd9d4,0.026635276648952797
99db9ab5fdf84102,0.21208776180056266
6c6761878fa11c78,0.6082525789309159
731bd2e8496a9b0e,0.1281337918099406
9f1fd83e49b82f88,0.9255275085964365
51a2cc12286941ac,0.9831998280712723
7b60067efe8e7c4a,0.8057010003125977
7ba8d7a5a2f30106,0.9486988121287903
677aebcf5c57a29d,0.477889574867146
c2e6810f10057ffc,0.5350168021256643
f770bf49e8b32f7d,0.6189942169427947
d999d97cecc80f08,0.7207603938730853
225695249568ef3d,0.9338465145357925
64c347ce204607a2,0.7101066739606127
8b972fc1665f8aff,0.3214852297592998
fd3a180f558ad235,0.6140356361362926
f24ea2f162b99780,0.7529872616442639
71edcfb193fa3be3,0.8635608783994999
4507c7c846e862ed,0.432049077836824
ac51d145f495fdf8,0.5768501875586121
3ab5c54552e9add3,0.718011487964989
0e545a1fa4aecf83,0.14164582682088153
19eb7f93e53f33d0,0.3044701469209128
f4653f53352a740c,0.549337683651141
c716d718820e66c0,0.28193185370428253
a8a2778b42759e84,0.6620877618005627
d632ca08f997e38d,0.1192989996874023
47c56ea6034205ca,0.13264105970615817
f436395245784b88,0.9369763988746485
ddb7078278325022,0.20044545170365738
1c24525f31c1953f,0.7687285089090341
7c7e6ee56d6ea5c1,0.7777098311972492
0e67b9cedd55f492,0.3279696780243826
a585afa6cc802221,0.3677418724601438
132bdb2d81abf434,0.6011097217880588
cdafcf3dcd774b36,0.6023933260393873
5694f780d2c8e463,0.13086902156924038
317ba4057a04aa16,0.8421420756486402
a92ae25f2defd1f4,0.5631369177868084
ff0073be9d8669a3,0.9418138480775242
2c4d6fd16e7da4d0,0.5100402469521725
e8b93ecfcfcf69bf,0.459446311347296
aecdf632644c9922,0.735665442325727
0f4ac8759cecccb4,0.09291575492341357
ae0ed79b3f56091e,0.6297964207564865
492dcb545fd160e3,0.45646686464520164
b6feaae9a6963540,0.3154814004376368
10bc80bca38b6418,0.2101379337292904
d8bf52f15b58b474,0.2071799781181619
d590d13d8a0daf0a,0.6167337449202875
bafce96906ba0c73,0.21583698030634574
15a89b9d9a174795,0.33920170365739294
3c895a00e202bc6e,0.796442247577368
62100baf87d531c1,0.5490329009065333
8ea52f2642c87cd9,0.49703813691778687
78bf3db367f46ea8,0.9282588308846516
7303626be6419b04,0.9160733823069709
86f2e3f9f88bf00e,0.9363375273522976
39921131b7d48cf3,0.7561054235698657
7c06255c489ce455,0.8809237261644263
2a0f68fcd60099b6,0.8029071584870273
968f899504b28211,0.7071760706470772
98dd9df8fdcb29f4,0.5468994216942794
ed55728c47c8b666,0.11342802438261958
0e54abd540000681,0.8963093935604877
2687ae2ad26c6497,0.8353079087214756
afe3e3f4edc8f7b7,0.5236675523601125
3d8ff2a3976b69b9,0.5261233979368554
13e6deb5f77cd1f5,0.49064746795873715
8c8711be796262dc,0.37543372929040325
8eb1ab06839664b5,0.2629454517036574
dbd58b32bf776c26,0.12410128165051579
4be0c2fba004271c,0.7397721944357611
a0f6b49ec1b86bc1,0.848216239449828
3b33e5fb16341fe1,0.7848898093154111
d39f326ae61cb937,0.03948890278211941
00e28c2a11d38c61,0.693388558924664
a55c74a9759fd56a,0.08326430134417005
8bfd04b0788122e2,0.9940274304470147
895776a9cf9c8d43,0.47564668646452013
7ff187535e206416,0.9793880900281338
b2d991e4147a68e0,0.3713992653954361
b62ae246269c58c4,0.8435272741481712
b8af731f19b5c84d,0.05061933416692717
19f5143484b38101,0.6486304313848077
982f6a3f1bccc6d4,0.15685761175367302
2cdfb20347feec4e,0.8755900281337918
5b2d62e736467c16,0.29604759299781175
f85bf07959deae92,0.2210632228821507
8e923fa1dedcd01b,0.4642368708971553
93b3dea6a99fe31a,0.3580220381369178
8bc3af23b3d5ba85,0.26386566114410753
91db39152bd6ad50,0.9878614410753361
d911a9c74b505826,0.7999296655204751
0e53e628826772d6,0.1717900125039075
14d7b607e5e3f0cc,0.3862515629884338
f3e8e3469f0aab7b,0.05448382306970928
b9c36eb092bb275d,0.4762074085651766
9cff3e265921dfed,0.8609936698968428
585bc81acbe5b1ec,0.16621405126602062
15f8e68c7ac23dec,0.49247225695529856
a37b05bbb09f8496,0.861591512972804
4f31f80a263d61dd,0.2657041262894655
6a3987a9bab31c44,0.15163918412003752
9f59a5ca5ae6d119,0.38643521412941545
afc6cb824b3596c7,0.06979524851516099
64dcbe6f4ac8de61,0.8425758049390435
1fcaa5c3533f63ca,0.11422905595498595
a266793e0c2619d2,0.7170443888715223
598af3378495839d,0.4098624570178181
b40ecfcda1506387,0.18804899968740232
22537a4c1f1cb22f,0.30644146608315104
8c5b78cda30c225e,0.7328403407314786
3239189122d043fe,0.3821389496717724
4b34859a41dd8627,0.35081080025007816
7577c8941b2e888b,0.0665383713660519
8ef15229dd291883,0.09120819005939357
3332780ef14cd99b,0.7513656611441075
f93d1a6ecd62d897,0.7300718974679588
9505f55ac00dbadb,0.7813418255704907
7c1831bf48bd728b,0.1603079087214755
17cf81ec2dede54e,0.7472921225382932
e84c6f3155ec9762,0.9468369021569241
e894ec9e0ac2e7a5,0.8081255861206628
c307472500eaf782,0.8025398562050641
96de47679c4cb6b6,0.1867321819318537
e0dd44e7040c3168,0.8027860268834011
bd9e6bd2fcf5a54e,0.6710007033447952
0382e0d155285962,0.45177399187246026
509eccae9abde09a,0.8666360581431698
f2147e0be04acf5c,0.5738375273522975
f3a6b01cc0938196,0.8664231009690528
c1956069b7309004,0.2625234448265083
2292dd5e617286e5,0.5386214442013129
3644d81639ce9f29,0.8142896217567991
4a5bf3e5c85dbfe9,0.17033838699593623
095a4f241c64795f,0.8798296342607066
aa45545b6df75be3,0.8040344638949672
ffda21a7e2973492,0.5814180212566428
662adc1ed3e8fd43,0.4851203501094092
218ae6cc5968ab6e,0.9518677711784933
316379f30810e1c6,0.542902078774617
eef8a37b8fe20ec4,0.9597002969678026
d9a0aead3407db9e,0.7296147233510472
f0c65e7320950a84,0.7885921381681775
4625132a59dcda74,0.9278544076273836
ab1c8b0c3967b656,0.9211062050640826
f00224def382933b,0.6345537668021256
090051f10ebcb768,0.43999687402313226
2a0c37f157e82f1b,0.5850285245389184
61914ca3afe42c15,0.25371014379493595
a9fc0e9ff5b0e706,0.12723311972491402
f548f7ed3074067e,0.28956119099718663
9aec70578372daed,0.12146373866833385
fbb0734a4e985290,0.2801383244763989
a8cd11786e7fe2b1,0.45391919349796805
6a4338f210f336ad,0.34657510159424826
cdb63c81014bd072,0.3907725070334479
2c5a98b60450efca,0.46513754298218196
2337a75838293036,0.11631369177868084
a0ed386ea018cce6,0.4914445920600188
db76609f02b3bb31,0.7407939981244139
597bd387a63987b9,0.8037609409190373
bc7571c47a54ce9b,0.36621209753047823
547510d3ce221301,0.6479016880275086
8e84181f60b3ec91,0.4429313848077524
13880ba898b8f597,0.9299214598311973
9ee1fb0201512e8b,0.9547475773679275
48aefa3d80da5764,0.23413762113160363
498d517a667856a7,0.5000937793060332
f07b0e35881505f2,0.20760003125976867
1df225f3addcce26,0.09364254454517036
84a772cbe6d216a1,0.3306814629571741
f0e4a70f82f01004,0.6854055954985931
3b639af3777f4c39,0.04675289152860269
b9f77a4295400abe,0.11412355423569866
7d646e2fd78953af,0.13920951859956235
4127b246e0beff6c,0.21335768990309473
2321d1fdb21c809d,0.1627481244138793
9936f8d7184f5e10,0.031373085339168494
e2e9ef0520d08656,0.1809041888090028
0aa9b948dc8766c5,0.12163175992497656
d96df85b5160b1a8,0.33068146295717404
3bef9584524abbef,0.7059080962800875
806989faeae50571,0.13650945608002502
6fedd263e1290110,0.6582564864020006
5762314e60a560e2,0.8730306345733041
748cd550549c514c,0.47786417630509537
58a8e997e2757de6,0.13652117849327913
c13887db4b2ded8d,0.6984174742106908
eba0106899e8fdf1,0.8158096280087528
a947c7f89cb176bf,0.9215809628008752
4ac4a17692a2a70b,0.11364293529227883
2fa4409e1b6a3d85,0.6135569709284151
a783eca691369f3a,0.4078891841200375
e6e45dc137aa0511,0.11845693966864645
c589fb4e517e579b,0.3783350265708034
0535f48557a68402,0.7037609409190373
48e423add1624f2d,0.6993923882463269
d20110b1a6f20e55,0.10214520162550797
739f7cc76c78d0bb,0.8368298687089716
2d439083c11f62ae,0.777111988121288
0c74bc780e465296,0.13098429196623945
52294576789c8ec1,0.8027879806189434
99b2421c51d37084,0.09143286964676461
de49e465a4c970c4,0.8841845107846202
4c88fb93b8d12270,0.19553766802125663
dcce15e3b59d9796,0.10225070334479525
b8e0e09067432f1c,0.8334694435761176
962f882f18c11d46,0.37008830884651456
34753ee28116af4d,0.4539641294154423
7c71a6fe87ccd6e2,0.18608549546733352
7ff97e6a175132ea,0.6565997186620819
d84022bd67943384,0.7660030478274461
c270a677c7614aa6,0.24101672397624258
1266e1b58e87a761,0.6373554235698656
9fc631524aa3372e,0.20330376680212567
88da969d80daabce,0.7421225382932166
9c5cf1807334358b,0.31916223819943734
0e5706f9560fdbf7,0.428524538918412
d9db7cf658a35e31,0.7722725851828697
38bb0629e63b6590,0.7662648483901219
726236f75c9de724,0.7052633635511096
47ff559912cb3714,0.2605071897467959
bd567ce69cb8cb62,0.14795443888715226
6b7338c16e1db627,0.07272975929978118
2e47f13eecf939c0,0.3380392310096905
7e001225afcdc58c,0.6808358080650203
b0ba287dc9f94b2c,0.7174331822444514
07be300260466f0d,0.0831392622694592
49e2abe2ca234745,0.7472667239762426
bf163922b4b12745,0.7892192872772741
aef9d385e9ff8518,0.8796596592685214
3e364e82bc780650,0.9664778055642388
393a9aece2867c5d,0.47309706158174425
b0519105b55d4bc5,0.8162335886214441
c5a4b1418dc4e412,0.7183866051891216
ae000e40b4cdbc49,0.23248866833385431
bdb4932474ae13dc,0.7677848546420757
54ab20f1339d0955,0.2350734604563926
bb6cce3b0b6744fe,0.2627364020006252
0d04ac4d48d1e700,0.926133166614567
6e3f51731aaa2c77,0.3994939824945296
783b7b163b234e5e,0.7315958111909973
bb6501e8f6ab95a2,0.10746522350734604
e5f20b7a540b7472,0.3999746014379494
726e2ec81830f724,0.8699671772428885
e8dc50204900e975,0.20647467958737106
1334006b9c4f4ffd,0.8737808690215693
3553330b5c7e6092,0.5558533916849016
e1a3e161c8b2e221,0.3596436386370741
44e747740cb4260b,0.09469560800250079
00202304b4481207,0.8155243826195686
931eab5e85d6e3fc,0.2512328071272273
e4b8ca3da3eff8e6,0.22160440762738354
103e5a44f9c30ed7,0.5046909190371991
448d40536e9c5670,0.40146139418568305
1b4d4b42760e781e,0.96454751484839
e0b110d4f6844bbb,0.8276902938418256
0d928dd7f13b92dc,0.7116364488902782
1bf6e2dae324cf0e,0.5119510003125977
b2a17e2a9337f111,0.9520631447327289
564d7ef8fb681d94,0.3980872929040325
a2088d882fb6d77d,0.8314707721162863
3fe22caa380445a9,0.6183006408252578
2b3c171024a98155,0.9161847452328853
2014d23cd7792183,0.7589578774617067
fc996643d63f02d7,0.17634612378868397
c8d5c605e447f4fd,0.525498202563301
634298df42266b22,0.3174976555173492
5c8cbaf8b4d39f57,0.8602922788371365
a688ddfeb76eb78c,0.9210163332291341
85a12cd29f47007e,0.20563066583307282
a5e1a3f8e312e1a0,0.25799859331040953
29e076c93c2b7fab,0.8962898562050641
71b7b90e9a0b70ae,0.6863004063769929
11583aaab15330e4,0.055433338543294776
5b34705855c1c880,0.5696506720850265
26361ce2a06897d2,0.048122460143794926
2be888bcb74be336,0.5468876992810253
fd96abe884c43d6c,0.8273835573616755
165fc0b6a160dbd9,0.9002793841825569
b8c8c114a79ff453,0.06552438261956861
e22746fcf084642c,0.13221123788683964
3fc60942cef4b9f8,0.6612867302281963
c78a85aab85debf8,0.6199476398874648
9c2166227724c80c,0.1354114567052204
e0291b12205c2c68,0.6288117380431385
307b5de4b89748c8,0.05591200375117224
b83469a7d7ed138a,0.7156181619256018
4726c5e084cb6f1c,0.6395357924351359
33795c308f648269,0.97335886214442
d44b56532551df1f,0.8532138949671773
7db689f550f62666,0.5835046108158799
c64b1df6de24f982,0.3180310253204126
d9685a6aeee511e7,0.23819162238199437
2c867c13048a2311,0.916610659581119
b3f36f5f67857959,0.327616051891216
c8dbafacc0fb77d3,0.5958580806502032
3a1b2137777bcba5,0.13901414504532666
c9627e77fcbdd360,0.6619490465770554
cf4f6641c91382ed,0.21010862769615501
fb519c3fdb753245,0.9099562363238511
035449e62c90677f,0.6756408252578932
5201d1bc5a7cf0ef,0.6123769146608316
01ef09b451cbddb0,0.45170756486402003
b98e367af7c0158c,0.0539563144732729
bec6844244ad0aa4,0.5077407002188183
ed82262b135c6e4f,0.6888715223507346
67637bf7061cb7b0,0.04268912160050015
96ef8b85b60392d5,0.8960671303532353
fc1b0a61b9dd082c,0.784561581744295
c408b4beae948cc1,0.3173022819631135
f26323206d284ed1,0.6817384338855893
9214caa6c1a0dc02,0.23282080337605504
591a28a3c195b6f1,0.7670287589871835
9cd8a8ffb7a9e96e,0.15224874960925291
7ce580a49450111c,0.17594756173804316
abccd8c43775abd4,0.06989684276336355
5c6acd44464d3db3,0.8448733979368552
b0e58b3d4a2a773c,0.8923921537980619
eff75fe4ffdcb49f,0.8201859956236323
06ac1908fb89960e,0.7884885901844326
6e61df7259588c80,0.8917005314160673
87752778bf4206ba,0.595135198499531
2fecec0b55303222,0.21047202250703345
d57c0fad9eabe24a,0.8610386058143169
93cc7546b8c345e6,0.9548335417317912
eb76de6938c4c38e,0.5528016567677398
0e733a579e63472e,0.3146471553610503
e7dff8305acefcd5,0.2407842294467021
23423479e34fc441,0.8932381212879026
3f66f582c2bdc24a,0.5886351203501095
d312e4d7fce5fa01,0.5858236949046578
c04cd9fa54077b8e,0.22047319474835886
04b68ab2f6458e33,0.39026062832135044
35665b0fc6847811,0.6620819005939356
9028f284365c7863,0.4674136448890278
fa23926a88284b39,0.9203071272272586
ff5e27f506ba1ffc,0.6412120975304783
e6a04e92205e9e33,0.7660245389184119
934c2e26775faaec,0.15169584245076587
35403697fd72709d,0.4312539074710847
fdc814fd85f237e4,0.7250937793060331
bf4ee2f20859884d,0.2101340262582057
d2d10af48a354c4a,0.5209284151297281
a38e463e1b086d42,0.7441798218193185
ba49ce0117002110,0.5768853547983746
d5393f1776772d2b,0.45613863707408564
80a6b6e9f65aa3ae,0.37492575804939043
d84698a77b768899,0.16820881525476714
8d09ae0709d01465,0.7369060643951235
0ac53b64e16a0efa,0.9743513597999376
a632a91a07ac8406,0.6437734448265082
1f2437c787ad39e6,0.8309334948421382
beb116a0a3ad4f5d,0.6891411378555798
c38f343ecf8e9527,0.18322718036886526
d04bd8d61ac99c5e,0.2902997030321976
6a279faa81d0684e,0.33142388246326976
1b49b1154407ea05,0.7067931384807753
b71746f211be0a24,0.0269849953110347
bbe0b7fa6d60f17d,0.8715164895279776
c9117e785fa1cd68,0.1833619881212879
a700a6b3a689a18f,0.5336433260393872
d998a004d828aadf,0.8790813535479837
54cfb8bb56897eb5,0.7946819318537044
bafd504785d302a8,0.9139125507971242
3f45db97b95a3352,0.374638558924664
2364a75ca729f899,0.8515532197561738
9387acf4770f549f,0.6355618943419818
a434422326289b00,0.11735894029384183
8bbcd05afad8573e,0.8865954204438887
82fc48f10b8d7cc9,0.13193185370428262
65dd24b31c0c4067,0.5721182400750234
b25ccb8b682acbeb,0.5413215067208502
291117008b4408ee,0.5918177555486089
aae3422dfbb55bf7,0.5004942950922163
d436224afb38b7e2,0.3641743513597999
1287c0ffa2f14635,0.36662628946545794
4feb7edca163def2,0.8559608471397313
00df2416e72cdbc8,0.2798843388558925
e51c757048ea36b0,0.10057635198499532
59e45992c3fccfa8,0.6500371209753049
7b44475e4e2e3b92,0.615690450140669
be457ea8112e2391,0.4874062206939669
1e4fd1293a611d2f,0.8383283838699593
343371989bd61c74,0.7223487808690214
6bb985812e990044,0.37061777117849326
c0be9996bfb5270b,0.3684354485776805
bb367ec1a239b8c8,0.6073968427633636
91fc9ee0920431a2,0.10984878086902156
82f2985fe6157914,0.2455357142857143
eaad7a9709bacd50,0.545320803376055
1bb729bdda8eab4b,0.05719560800250077
35320f198f2157d7,0.27232338230697095
74cd9018fd2aa194,0.41300601750547045
fd091b5e49f8138b,0.533334635823695
917e088d530b042e,0.8811327758674585
b0e606a7344aea7b,0.5777254610815881
c220230ca6b46d2e,0.46158174429509224
2174f0850e20c2b1,0.09264809315411066
3bfea4a031f46e50,0.18066974054392
22199945c8b6f01d,0.7805818224445139
efd4e993a8d94f5e,0.5099191153485464
acad3b0b2e72b212,0.6013207252266333
1a33438ea9b6ba09,0.3597374179431072
c9a22295bdb2b49c,0.9757951703657393
0a24b5a0c164f36d,0.4401570803376055
12b662eae7ad89fd,0.41542278837136604
788a4a1a340ccebd,0.9003477649265396
0b6ebec97e53c571,0.49847804001250395
be4269de80d8b34b,0.9438359643638636
ae99dff2a596c7fd,0.7385042200687715
1cc563af87248566,0.7007736792747734
95b03e2a8add3a08,0.4093740231322288
bde7f9ddcf827170,0.054491638011878715
e24c4af855561b6d,0.4001035479837449
a1ef8a44aeab6af5,0.9663840262582057
2bf2e0d5f713e9ea,0.11784737417943109
6585c55605f3d692,0.6398894185683026
4a44bfcf3c8bea26,0.15312206939668646
78a21d5aa40bf4bd,0.3714227102219444
d208a68d90d83d1b,0.5433651140981557
fabf07be02cadf0d,0.7864957799312284
3fc8a4ec51114a77,0.6063340106283214
d8da2f9a640f4e03,0.6777098311972491
f7a8212a941af65b,0.004128243201000312
836c933a5cb4ecbc,0.6971905282900906
e292f252eebf817f,0.5782568771491091
ae7e8b931e0ade53,0.8961667708658956
c937062a293ea0e5,0.7906357455454831
673793020f42eaf0,0.128825414191935
531a753aa5a10879,0.30922749296655205
65613b893147c771,0.6376719287277275
a3609d34533ca6b4,0.5552496874023133
c9eecf5329211123,0.9424077836824007
4e6d4f733588a212,0.6482006095654892
95e0d5ddca2118d4,0.9491130040637699
4b071534952c920b,0.4887796967802438
f333221664eda263,0.27039699906220693
8627e41026f74eaa,0.7628399499843701
789f4695cdd6a417,0.6184628008752735
908034eabc372b99,0.25140864332603935
984bfa387795ef76,0.7436327758674586
91c8e8e6f637fb1f,0.6914367771178493
363aeba9c072e960,0.8481419974992186
5cd6915b98d723ff,0.5063359643638637
20f027368dbc60fa,0.08209401375429821
a58841827e8017bb,0.39096983432322596
ad9e6a299aee4827,0.7077328852766489
fad46bf569ac7443,0.3422143638637074
0bdec115af64e996,0.6256271491090966
e78e15a02aa6163b,0.9121092528915287
94c1b40d53f1c78b,0.4354759299781181
c1dee5b6d55fd7c1,0.9403993435448579
502f0c8494138feb,0.06328344795248515
316c5e9c86bbb645,0.04873397936855267
c5624991cdcf670d,0.31461589559237263
e000077bf8c8b49b,0.5640512660206314
9a36d5ad49081233,0.2286964676461394
e4ac16a92daba7e8,0.6492067833698031
caf1ce5141ffb34e,0.08989137230384496
d07bf091bf998e0c,0.4879513129102845
f230be64e9f003ae,0.8207623476086277
fcfe55e0768ab257,0.27336667708658957
ad04ef9c94f25ea7,0.16877149109096592
b6c3dc163008115f,0.26761292591434827
2a0af6ff3489e003,0.6195275867458581
5c098958dc2a26c1,0.18819748358862143
a802f6f7cd6d7b2d,0.40896569240387626
f0897866ed523f60,0.9483647233510473
3c1071f1773cc7f2,0.04223585495467334
5fb77ed43c58e517,0.27595928415129733
3fbcf72648af3500,0.25409307596123787
64964fe3e34849fb,0.31686855267271025
3d3b19b2da76dc78,0.6830923726164426
69eb4e47c0f3104f,0.5555779149734292
1b55daf09e9f129f,0.36370154735854954
853fa0b67eda4e6c,0.16586628633948108
636b3bfe96c8c67a,0.38253165051578614
51b24fbdde490535,0.3149929665520475
b80f84359d81c98d,0.6343564395123475
a865666aeb2b82d1,0.1396158955923726
08fd3d5f06273089,0.06984213816817755
cdac52f8c24b9616,0.884659268521413
bdc841da585c4a1d,0.8123984057517974
8858154c3efe65ff,0.5763715223507345
29f989d45429b9ee,0.6840770553297906
b97dff4909968aa8,0.05399148171303533
69c86328a89e4898,0.09417396061269147
2d50759601edb9c3,0.787044779618631
134be78ce02d48e1,0.7190352453891842
53b540f7c8d16cfe,0.06625117224132542
76d2e83b30cca3f9,0.39743474523288524
062167d4ccf76346,0.8793548765239138
84cc2a48661e807d,0.15371600500156296
60f1e251520005f8,0.7398112691466083
781115a32396b4cb,0.41054626445764303
4c1e17c82f4cc326,0.8756173804313847
b602ad5debd51028,0.6739215379806189
4d9da053a872a970,0.7421733354173179
95f7ebe4304bd2e4,0.9174390434510784
67a8207cfef9f011,0.9824671772428883
b1c3468185b9514e,0.6285128165051578
f80ccd7ace26ae4d,0.9500605658018131
3ac147039aaf4499,0.42546498905908103
fe5cd175ea7fc09b,0.1421147233510472
9026d2936cf2bda8,0.7817462488277587
a4b0e01784fc7cf8,0.7901434041888089
43c462b48d97dd20,0.7127422632072522
e36d0189d20a7617,0.24765551734917163
43c3586991f4b403,0.30965340731478586
009e48f2b32be557,0.1145670522038137
a1689ef168f2f333,0.8957682088152548
dc310fc66470ab07,0.5736870897155362
bc654d187751fe04,0.6521295717411691
247e62af046a99a5,0.48021061269146614
48f2f9556bb2ad1c,0.5781435604876524
e604b921624a200f,0.858735151609878
e46765e152f7daef,0.5706001875586121
3d183f0c812b6d09,0.7205532979055955
3a7275f9aeda8305,0.13890082838386997
1d994aeb47ff952e,0.17193458893404187
75dd9cd1bcd35d05,0.24964246639574866
a976b4932381b300,0.05560917474210691
da2e39ced8c0afd6,0.17325922163175994
c77fd47bb1683f58,0.7066153485464208
ceeddee046f39ae0,0.3105853391684901
cc50dd12d1f23bac,0.4367360894029384
8b73f447d60fc992,0.6024050484526413
dba1029662f0c412,0.4485132072522663
ab65e0876504bba1,0.678716005001563
00754e6b5a7298f1,0.04980071897467958
082f192c053e5283,0.1558690215692404
4cee8c7c13d1afe2,0.4677516411378556
9ea9e3c8cb3df9aa,0.4308748827758674
2caa75dd78c01d17,0.8510862769615504
42ca39ab5466bd19,0.9627324945295406
939ed128e268f834,0.16451430134417006
e452cd65ed19c900,0.6790090653329165
e5ee2d79d0c49d1d,0.8991364488902782
ce0d423deb82f2f5,0.23649968740231325
3c30319ed1684972,0.6420717411691154
18968bda98628242,0.6641626289465458
9566631a173d48de,0.8922827446076899
01d78d3ab164da20,0.24011409815567364
7245800926a4112f,0.5795502500781495
3fffc62471c1f18a,0.9651394967177243
3b530b29e9f5617f,0.734057517974367
65305594301ba50f,0.8616989684276335
593ee003a4981c15,0.5023054079399812
f79985b30220adb1,0.5361304313848078
60dd8dcd3a1d1839,0.8022448421381682
288aaae44688b015,0.7705357142857143
8a16369cb4554d3e,0.43717958737105345
4e49cf49f79e1181,0.9263285401688027
1a6026c94f49058a,0.6399988277586746
8c29813aa363f889,0.5955142231947483
5fcc5826d5f8db34,0.7745799468583932
b002c58138c724fb,0.2417005314160675
62a918db11ef3076,0.9159248984057518
8fb91f382ae2782d,0.854618630822132
af730eb0035cf0d3,0.8756330103157236
546fef357d2bcd57,0.847356595811191
c6129c4b99d7f4c6,0.4609682713347921
7596069ac38eadb8,0.4165149265395436
9560c8310cf23dab,0.033817208502657084
ca1acdabe94e042f,0.6729603000937793
521f9d2193473fd0,0.3573909815567365
617eda3b96abb577,0.40553102532041263
8d735b59dd0a4270,0.8703930915911222
1b405139fc287a40,0.3751015942482026
e621733719a2d775,0.7067540637699281
95f4b0d76e779b43,0.6728254923413567
bd6a23cab176ffec,0.06672006877149109
3c5fadc2c957c7ce,0.9358764457643014
37cae1b2dd3c1330,0.7718876992810254
0fc2ffbd9370b121,0.4810643951234761
b31de0d8e304eeab,0.8764105970615818
5738bf5ea59fcb0a,0.9229993748046266
402c7edae37bcf39,0.7250547045951861
1d79e32040c6b05f,0.9449788996561426
bf493f6f4a48b2ff,0.15560331353547982
8530681352913ce0,0.09956040950296968
c79cb0e184ac42c1,0.32492380431384804
32ecd92eb352979d,0.745633401062832
c9a54261284070bb,0.07777625820568929
e6c2ba81e397e33d,0.23594482650828386
955bdf4fc9420404,0.3610132072522664
b180a78e50608ab9,0.5394713191622382
69484ff0bdf4b104,0.6291262894654579
8d62a01ddfa11fe9,0.8102532041262895
12c3df9b72ef96e5,0.23623593310409502
12ccc513557a0656,0.5722725851828696
2aaa9bc35f4acee2,0.994494373241638
e31d14248a98a72e,0.7168412003751172
1058c1f47fca2b81,0.3622557830572054
02ab14036929f70f,0.4216649734291967
6880fd1518aecd04,0.5553805876836511
580068eee74ae5d6,0.028419037199124725
fedf1e1bd320672b,0.25961433260393874
d47c1d43f9dbdf92,0.3036222256955299
8a7fa6c84cb2b0fe,0.5148757424195061
089bead0dc0d7c16,0.5614332603938731
3f12eac5d776ac9b,0.29771803688652704
2b55254bb421a326,0.5104700687714911
16721efb42f49e40,0.9508987183494844
87ada6cbd040d527,0.5917239762425758
c5c4d8e14015f4e3,0.5249081744295092
5d499b0e085f025c,0.8479270865895593
183039182079fa48,0.872991559862457
05d6c8a5d3db19c4,0.8694806970928415
4477fb4e0a476ae4,0.7601496561425445
3965182266dda565,0.7246053454204439
72bafef29554438a,0.7658135354798374
1b31f23c3e55dcb7,0.7302907158487028
66c42c9008125f10,0.5163820725226633
5bf14b82c919f706,0.4239469365426696
2c7401c2798c92bd,0.34697757111597377
4adf517216b1dd47,0.10994646764613941
26348c70727fc713,0.9281298843388559
82c1c6b9b0ad498d,0.5282881369177869
1365ca92c2e04031,0.3287199124726477
9edbc98e397ab4c2,0.4901844326351985
1059c066d6e0626d,0.019521725539231007
af993cc3ac374b83,0.3026531728665208
f32194afe634dbba,0.494105579868709
29de97ac80feb956,0.7695783838699592
e5fb185d8c6181d7,0.324638558924664
632347c0452d889a,0.8233862144420132
35ad7b818afa2cc9,0.8582818849640512
0e9b47d072e9f5d9,0.45751211316036267
4b2ee7a5a4d7d797,0.6417474210690841
793b579534d59c3e,0.4987691466083151
3b23c46e8aebaa25,0.7640024226320725
f68b741461469ae2,0.08993826195686151
79e144db8265864c,0.04184706158174429
09c4fd90bed2d748,0.8711824007502346
2215efb176105acd,0.7901258205689278
b4a9877c6c234878,0.5310409502969679
529f75ff399c033b,0.9468408096280088
ad20741d26dac628,0.9404560018755861
abee4fe9fcb49deb,0.12926891216005001
80bf7ea1dfa6b569,0.6596455923726164
7d637676608f51cb,0.1866598937167865
79855154621f663c,0.2494685839324789
db630a696b94324c,0.42636956861519226
2c87f55f1bd853bf,0.08832252266333229
05466a89f589fe04,0.9633479212253829
073f9b06f7bf95f5,0.08828344795248516
d8c52af1d9a0ab94,0.1933690215692404
170df691b9758d76,0.9044974992185058
098c223fa7ac1f73,0.5383205689277899
947d4f80370f0b58,0.4364137230384495
66196fa0af9abe3f,0.8233862144420132
356513b3059ae50f,0.5921655204751485
a951ca23d4bdcc33,0.6663039231009691
defaffd4e20a4c47,0.1610132072522663
9aeb8ce75c56fcce,0.12317521100343858
0e52e6d570d8f008,0.14924585808065022
d177a330dadb2707,0.12151062832135043
4acf903d98d08aa8,0.9550914348233823
673bd4205f6635b8,0.7051129259143482
17b635201a20862b,0.4930798687089716
e31cdafcb4337eef,0.2561992028758987
2f57ad23a2ad21f5,0.7367341356673961
8c76f3fa81c149a4,0.36761292591434824
7448092b980edcbb,0.6997635979993748
cc3891e28dd031fb,0.06425640825257892
05d416ef906cddf6,0.07973976242575805
d5cdb3c4f4965afa,0.2700844013754298
bc40575e98475699,0.12984331040950298
7227a9d91f309e1e,0.476646999062207
f83295ed727a429c,0.16624921850578306
44f16ce1d7899c02,0.0792650046889653
219b4d22a5bcceb7,0.19407432010003123
5684d434bf545e82,0.17287824320100031
03d5ff6b9db6a1ce,0.4106869334166927
c402ad00c62dd803,0.20547241325414195
d384f2bb50d7321e,0.7360522819631135
865ca8dbe8ae9927,0.4009495154735855
0cfaded78f4c55c4,0.8348155673648014
c1f9c03f1f673cb2,0.7140825257893091
80784aef1b00a337,0.6965360268834011
2cc7c6c16592cbf5,0.49219091903719914
f816697d9e23576b,0.4452641450453267
e0a3063ee410875f,0.371250781494217
187c083474d62911,0.38120701781806815
32fe8606c8a5cb67,0.8897585182869647
e3b603a450f69271,0.47458385432947797
13ea25fe500d74e1,0.45323343232260077
3465f2b92e5411a4,0.13792982181931854
f84c04deab8f0a53,0.8667200687714911
ce64b825ce5f48e0,0.08364527977492967
a03d161faa6231d7,0.12184276336355113
7b73399454d06d9d,0.055593544857768046
726ce1fc6c05064c,0.6435702563301032
0e660e2441745329,0.8269146608315098
d4373d25e109dcb5,0.8728469834323226
6c8ad2f1018079fb,0.0914524070021882
485cc002fda9b938,0.09006525476711472
840b1b00c51f87cb,0.12447053766802126
e7c9e19e247f843b,0.476816974054392
4f97589fa05c40f1,0.7981498124413879
41919c492d55190b,0.7147507033447953
8fc6cb3936ed4ac6,0.5213816817755549
75e3076bf4b29ba8,0.22871209753047828
8357351f6977683d,0.5444787433572992
1a6590aa6c3d2a06,0.5517798530790873
6b0dae5047e0ba12,0.6087117067833698
6f8bc4fa3d91a3dc,0.3157334323226008
e4aecbadc139b9ec,0.36391450453266644
7616bb2872e18231,0.702533994998437
f97102e411194f18,0.2892837605501719
4f25e4f4959ce4e1,0.43947327289778054
46d34ae6f3e900ba,0.7027664895279775
73e3288eeb552e3f,0.0342567989996874
e7010fbb2150676d,0.7783467489840575
cc2c1c680ac82832,0.09023522975929978
d025b02417a63fbb,0.5561034698343232
08070948781ecfb5,0.15636527039699907
2bdbf073750d4864,0.5578051734917162
2783928eaba81305,0.7910362613316662
51bcbc84c0f437ad,0.18462019381056582
dbecf7b9325b78d3,0.791938887152235
39b3096dbfceade4,0.4552418724601438
4299599a54525066,0.8451137074085652
ccd92654fb1f721f,0.9808338543294779
ee1170819ca7d594,0.14764574867145983
c30ab4f74d33afa9,0.06393599562363239
40f10fad12afb51f,0.5428200218818381
f4e63fba51ec3896,0.8724914035636135
60ad4f8eda2cf6d5,0.8532588308846515
4dfcb17aa4236952,0.5728919193497968
2e54d9b1b4e00337,0.3178473741794311
47a9e135733c2ab4,0.46044857768052516
4b3c22d3da587d59,0.4876465301656767
ef89abef9807c003,0.1709577211628634
e7530eb737c85931,0.4301109721788059
dea26fe32dbe26a7,0.6088406533291654
08133a148f3d4ed6,0.7926383244763988
d39b177320bf091f,0.6092509377930603
c2eeafe05948ccae,0.713922319474836
73c8d1e2bc9f517f,0.14236675523601125
0dd4da33e5e18c44,0.5661866989684277
25e076876a1fb6c3,0.8194494373241639
873d0ca47a7ce61e,0.7427379649890591
930d090798b9ad8e,0.607820803376055
98e38baebfb97bcd,0.7503477649265395
9c779fba6fe0839e,0.18564395123476085
5bb1f9fc76a02c1b,0.27655517349171616
f83de39c4e518f6b,0.9713699593623006
10bbab1f08d2e6c2,0.0633948108783995
ffe63eebf605244b,0.9779560018755862
1e55e67dbb9fa1ef,0.5717489840575181
e53426cca968ebd9,0.9101965457955611
51bba86dd8aaec50,0.8594697561738043
582102afed3c818c,0.1979798374492029
b280a8fb8ffb9bf1,0.4843369021569241
e8e7ee8589574a45,0.34770436073773053
228ac1a17bade85a,0.3797299937480462
2bb37b0ac11a0c2b,0.7536984213816817
5588a1f5d8da9c77,0.36359995311034693
a46d657f4c9bc8ca,0.4921889653016568
7373ad47c61f558c,0.8880392310096905
0f1fcadf13eee28b,0.6943947327289779
1f8603bf90774382,0.9511624726477025
b0dc746e7f7ac87b,0.3795170365739294
82107223b7ff9788,0.7136253516723976
a38cbc0aecaa644c,0.35738902782119414
61dbaab39e7dbc01,0.1711980306345733
85064aac24d665cd,0.07689121600500157
48be998c9a3000d0,0.36171655204751485
26b2daccb2b045e0,0.8969170053141607
95198d21e3fae237,0.2328168959049703
b2a2d7a18404d7a4,0.5801090184432636
6b178de020b8598f,0.21325804939043452
38c1b19633279892,0.5363316661456705
186d5468edde7455,0.8148991872460143
4f33d36d7b629852,0.4956158174429509
b955eeaecbe25ef7,0.7910909659268521
39ad39dbe012b34a,0.9590379806189433
929e8e2af2403da0,0.47383361988121286
fa22cc093dcf1822,0.16550093779306035
f56ff6b1c2817475,0.1604290403251016
56b30f44349ddb92,0.6612711003438574
617dd77adea9e711,0.47545326664582677
4cd7a91de7bacdd1,0.616790403251016
c07844f4e94ce116,0.9643032979055954
692bbfe3fde429f2,0.9444357611753672
6e8117bf11d2b904,0.2833209596748984
27efca94126fb8ff,0.4119549077836824
4d2a406b540c41f9,0.8900769771803689
5ca9c8756c163b0e,0.25762738355736164
c10aad8b54af6017,0.6786573929352923
60798b007f7b4637,0.23584909346670838
805031b5ab834e54,0.44541849015317286
fea6be92744b0c40,0.9161534854642075
284e4bea4a96494c,0.43174624882775864
4db0c35a634d4fb9,0.20673257267896217
351dca6bfd544a21,0.855210612691466
c36cc7323d4f4de5,0.7184276336355111
78c350098097af6d,0.08632189746795872
1404eca61a3105b6,0.24391216005001562
2472a09a3e602f48,0.8531181619256016
5f9d50958df392e6,0.9583698030634573
ab8fde4ac70ac766,0.8578794154423257
6649908e57ee98c0,0.18896725539231007
6f6b426a42753b8f,0.4236968583932479
9f89dd1b9ea145e9,0.6761995936230072
d56cce1c1c4c9780,0.3590594717099094
fd794932c3ad58d3,0.022985698655829945
901c8562d025f79d,0.2892525007814942
2460966f3ca7d3bd,0.6944904657705533
41c6149d1848cad1,0.3527703969990622
2c948ba95eb3128a,0.7824320100031259
0263f07afc6e71f9,0.06214832760237575
59520bb39396ae13,0.7937402313222883
096e1b740c779095,0.550492341356674
13bcd446b5b75780,0.16239449828071273
82652e7aaa1e423f,0.13726359799937482
b4c2a047510b1d1d,0.13164660831509847
8e95fe1172cfd49b,0.4824925758049391
8b3b319f1bf34127,0.7803512816505158
8e876b9274c5930f,0.05414191934979681
74c8dbccca14e4c9,0.9683885589246639
a13d2861af1b8b95,0.7085417317911848
3d0443784b9008d8,0.6153856673960612
30a6c22faea5d219,0.8044525633010315
8ccaf0cd13ec8d69,0.9392700844013755
ea79b75b6fa4e024,0.5763910597061582
df41150fbde2201f,0.49838816817755544
6bfaf27148ca783a,0.6834479524851517
016b24ffbde9f2e6,0.9287941544232573
c7f17aea0b57c810,0.19517427321037822
1974cb4a4a5105f9,0.40251250390747106
ed6fb2d892b20325,0.3307674273210378
029aa7e7739f68f3,0.5057361675523601
1499ced0a7fec031,0.37471280087527353
1da835ae2069715d,0.2594697561738043
3b48789ebdae6cf1,0.5731517661769303
b2501a34b4204e11,0.20688887152235075
4e1bde0d2fdb1719,0.4330943263519851
bd42c11dc1ea52c1,0.10384299781181619
dcdd441194892326,0.4954790559549859
890cf601bcb4d1fc,0.7683260393873086
efcfd07026d6f75c,0.6277039699906222
6e5921c9eaa0bbae,0.5310350890903407
076e6b937f9e0f1e,0.9344873397936855
fe7aa6148631a52b,0.4067970459518599
0204709b122147fa,0.11696428571428572
3bf87c4ce9af3343,0.08787120975304782
e5d3cf73e07cb881,0.6819513910597061
d79da024e674f570,0.7655615035948734
f137410611053710,0.05641411378555798
4b48a5ea7d8db38d,0.26478391684901526
6e5b5708c1bbde63,0.7040891684901531
2e21f1e2f4f0d11b,0.3162199124726477
2fcb7b875a97fd67,0.9128594873397936
c9c50dcabb2aaebd,0.15097491403563615
ade709965be588c6,0.311208580806502
e99ce68035fd1383,0.6325609565489215
9abdf47140639086,0.9652703969990621
c0370f3f688a69d3,0.88094326351985
023ecf078fbcbe04,0.5091903719912472
9366b2145d9ffbaa,0.93828735542357
907dcd98979cefc5,0.1318986402000625
1430d1f8417967a9,0.4134866364488903
12cf954bc6f7953f,0.9572854798374492
9f439978c3ff1caf,0.7451938105658018
3d566b52640665bf,0.90232103782432
1da24b04359879c2,0.2856205064082526
5fb8e8cdc5a458af,0.5664602219443576
69f63de79af9dd49,0.7039309159112223
078cef5b5f6aff6f,0.7911984213816817
ee64ad3ef7cbc727,0.23948694904657702
30f789de29e44c84,0.9369119256017506
ed6dc35d0f6c3f4b,0.9848175211003438
24171dc6016596e0,0.9078696467646139
d9753be4a4ac4d5f,0.9651863863707408
08b18f56dc4a9978,0.5828227571115974
2fe99f58d73a842b,0.12054352922788371
231cb4b19f8ddc4a,0.16117145983119724
a0f57bb92842d2c6,0.2857904814004376
b451e5af95310e52,0.7109311503594873
4d5e3c273bff2df6,0.6685878399499843
69445874395ad7f7,0.13540754923413567
72d5eb4d04446c06,0.33047241325414195
676277c834acaafa,0.33832056892778994
345fac6fcbfce3ac,0.5516743513597999
77268d80339453f4,0.5424996092528915
0a3d332e3608b10c,0.8121307439824945
3d3e247d278aad6c,0.9600636917786809
c6d0f1503380066c,0.985628321350422
a7ccb8ff054ea663,0.8397956392622694
d3b3fd3963b35751,0.8514047358549546
e361e82e1559efea,0.5501328540168803
94f03a339108fe12,0.09318537042825882
0d6b47fe3047807f,0.5717900125039075
f0d2a9398458201f,0.1980501719287277
8189ef648444f31a,0.7292161613004062
b341aa9047a23001,0.37328462019381053
0b603f589ffe5334,0.8688125195373553
dfcd5836b6d7807c,0.8963875429821819
c69510f82760fc8e,0.5097940762738356
bc2b0e3b0279f394,0.11915833072835261
9e59359a937dc386,0.2548550328227571
9bd6fbbffc3029b7,0.45910050015629883
78533ed0a4d75031,0.5140278211941232
24d3b857d9ec7516,0.9192579712410128
d9f1874f6346d786,0.8422905595498593
6588a72e611a860f,0.39362496092528915
52fef00321899df1,0.8992360894029383
b3c2a81210323102,0.31324241950609566
c1501d30afd688d2,0.35117028758987184
2bd1f2fa8a7cdbba,0.27154188809002816
7472a7ac18cd8ab0,0.8951371522350735
b1dcab1c1027e375,0.8913449515473586
2add558fb5890d0f,0.04221045639262269
51a6b2ebff82bb8d,0.7443693341669272
3486d76917d26380,0.8417728196311347
7d9915dadeee6dc0,0.5601965457955611
1a5e5859e62a5ff4,0.0613375273522976
ba7cc06ca707247c,0.6741970146920913
3c42318ad81df936,0.11372694592060019
e7f32c62736ba8ec,0.45667591434823385
01970049a1d79ee3,0.8222159268521413
c34d08417ccc14e1,0.7686562206939669
dd08d7511ab95a7c,0.520649030947171
147c9ed162930636,0.7489391216005001
4d55d8c7e32d9a9c,0.3932400750234448
1df22e6d0f4be856,0.5306853704282588
29e5cfdbc9735f7b,0.795901062832135
529dfd620d6ee22a,0.3847960300093779
22b829fba260c24a,0.26171069084088777
712c502ecc45cac8,0.20604681150359488
2806f2b7f968844a,0.5439336511409816
1ff716c957da8f4c,0.20373944982807127
33a651d1e2266900,0.967233901219131
01aa41460821647d,0.8551207408565176
2728591ac3aaa7f9,0.8456001875586121
62153e0ba99bfdc4,0.8054098937167864
a336835871390b27,0.25017388246326977
66040815dd14bdc6,0.32456236323851195
e0d8f324ffe3e925,0.758428415129728
e7d245b8d234167a,0.21973859018443265
b30acd5fe8990b03,0.9915071115973743
8b87df65e3f61018,0.5210710378243202
92d913128fc856dd,0.6467743826195687
c1aa97bf3aa49c01,0.4875468896530165
37b85ed57524087b,0.8867028758987184
fbbd2368a21a9e6b,0.4275320412628947
39795c53fb16d719,0.3746659112222569
6d637bbe837caf77,0.5855716630196937
ac09426ca8b44dc8,0.8419857768052517
0007a5bb7310d604,0.8283780087527352
f8c5400d321751bb,0.8895064864020006
5c5d74b2ed3fe0b2,0.13101555173491716
a0d70afd5aebab39,0.2841024538918412
dab67f5669ab1b4a,0.7039231009690529
b094a6aee2983e4b,0.6889965614254455
76eceb39e4bbf598,0.5980872929040325
08792ceaef2278a0,0.3216200375117224
421639eb32096298,0.6102082682088152
3732446a2dc0ff2c,0.4345615817442951
f42e7bbaae983e33,0.7981927946233197
1d7a33be5e41401e,0.39847022507033447
c94efe294bf687bc,0.7799273210378244
54153bda194f6353,0.25882697718036884
275f14633d4a7de0,0.17116286339481088
7a750521e7810b4b,0.9074906220693966
b94bc2b4bd62e236,0.5822776648952798
3c2076842f11afcb,0.28148640200062525
53c3d245534bdda0,0.09076078462019381
bee1ce38b4653a33,0.2254298218193186
7fcd7a8a7c44d7f7,0.13460065645514224
60fc2edd396bed1b,0.5163390903407314
df7a1a739d1e3d31,0.6939961706783371
293173b622ae6047,0.5305368865270397
c18a9f29b23ca49b,0.19723546420756488
4497cca94390df91,0.3526140981556737
40d9096835771f2f,0.7879610815879963
ba30e997b8338d76,0.7902430447014692
56d89283c0f5c7c8,0.31689395123476083
f460984ca4f4f1a0,0.3890493122850891
63585cd6e35862a2,0.23161144107533604
26e41712e705d5ad,0.6366559862457017
0a056eacd56539b4,0.24373241638011878
9060dd63376b8616,0.513441700531416
f11e51ec27009738,0.7362163957486715
d0496dc870887d72,0.5114156767739919
65fef6d3fb26ca70,0.04619021569240388
a586684b41fa9769,0.7689531884964051
3bb2f0950e70a234,0.4977512503907471
6c6a97e3ad10abbf,0.8682342138168178
ede33053b334b03e,0.6298980150046889
0dfab1673fe84ab2,0.38425484526414505
f65b0230673c2e76,0.565772507033448
5618ac6872992ff3,0.9655986245701782
77febd71dc7777e6,0.8955220381369178
7f54b45c8c0b9310,0.8764633479212254
9273e3e5412cfeae,0.7716200375117224
52087475796918f7,0.30145357924351357
643455f14aa1df04,0.06892583619881212
d1b24b005a16d2e7,0.7151668490153174
88788f98d41f9611,0.6834811659893716
bbbe50af555f1d68,0.49954477961863075
1bfe964817713a25,0.9943810565801813
40d6df07da814020,0.750212957174117
8a96d0eccabff7b3,0.08018912160050015
439300a43f735490,0.08617732103782431
bfaf88448d1869a5,0.7323675367302283
1eb331ca2d61f16e,0.793761722413254
5ad8f23386d2ce42,0.8439531884964052
69ddf95fb1e28199,0.7919623319787433
6c224fe2f90a4ac6,0.27406220693966865
7d2d81f3b2e16bb2,0.9077602375742418
306bcc14dd7bcd69,0.8027977492966553
db0b579d4d6c3202,0.11189238824632697
5e7670a553fae63c,0.6926656767739918
999f8c054ed84981,0.26093505783057214
645969c8fdeb22a1,0.03473741794310722
6158cad9f5117a45,0.34124335729915595
3717d43b0bfbe61e,0.7943693341669272
8ffc981637d61bb9,0.2635218036886527
8b934f4c25070ad8,0.3220420443888715
15701cad20890a02,0.4455493904345108
4a22e527eecd22b2,0.5468955142231948
6b7e69ddbeb27f14,0.8665793998124414
c44f66a5254d5ede,0.8968681619256017
1dd06cc994df91c5,0.8197464051266021
43da23e0c905b332,0.6628301813066584
cef6bb5fbd6d7d4c,0.08883049390434511
74e65522686e974b,0.16696233197874336
b2ec41e4d4e17991,0.3820256330103157
7adfda5837586ee5,0.35442130353235385
7be7cd83da184778,0.7128321350422008
331453c919db4a8a,0.2947542200687715
1ad90b2ad8ec5751,0.06947874335729916
06f305aa47e1f3e5,0.7540422788371366
5d77b6a032a98222,0.6742575804939043
2fadc388cbe136d8,0.15588465145357924
3a64f59d79eebaa0,0.47063340106283214
e9d4d3a03ce54237,0.7333912941544233
5bc032bc2d4db536,0.16083150984682715
42afab27f6d63b09,0.6328032197561739
0ce59aff9d61ddc0,0.7017954829634261
c4b23b3e64f8fa59,0.12833307283526102
df5826f4adc2407c,0.584829243513598
1006c7d207337c5d,0.17655126602063145
74f20f15f7388f9c,0.04337683651140982
e8c69436b1cb3320,0.3822151453579243
609680f04da9fb46,0.18837331978743357
060d99e1fde9dc79,0.054173179118474524
6555f0c293c5a1f9,0.8194826508283839
cc835ba475e9656e,0.7316680994060645
960c65dd29d3417b,0.4648171303532354
c7596c71a0f505bf,0.14253868396373867
3f3297df319604e8,0.6795561112847764
21c886bdfaeba657,0.95478274460769
4c47eb742008376f,0.6773444826508284
0360ab7e3c03e1d6,0.4175992497655517
106e8c5cc993ce96,0.6249687402313223
3f189ef767336273,0.6507541419193498
d87c2b5ea60e2e70,0.1636038605814317
924a02ba0ace2e0f,0.2917552360112535
e0a93aee5351fc40,0.8799683494842139
60036012aab0d68e,0.5834088777743045
92196298fd1f0a2c,0.4503712097530478
2c9507cd32c0dc32,0.08132424195060955
f138d3401d1ef8d3,0.1850656455142232
0550e84ce3342ea2,0.8936523132228822
433b7b91aefd0d89,0.18902391372303845
2f084abde9824f95,0.20473194748358864
aec34c208a4086e3,0.8187187402313224
77832263f798d3db,0.6379688965301658
423646a4264a51ea,0.49190371991247267
99a11463587499b5,0.6834323226008127
5666dcd2f61e1fdc,0.4995701781806814
414bb3e31a06b128,0.9173511253516724
9825bfe27f61ead1,0.48076547358549543
3e8b0ac764ba974f,0.02545326664582682
f494e58fc4f527c1,0.31561620819005937
4b3ed9d300487cc2,0.7983783994998437
064d5daca103bb1b,0.45532197561738047
1a4b5aa55f664cd7,0.2648601125351673
65fae5433da58938,0.3835182869646765
77df36f32951641e,0.07176656767739918
2734faa9175621e1,0.9564199749921851
6952ae6c0325e147,0.12231361362925915
bc49ff32a733b5b3,0.7470928415129727
ddb437f22bdce5ad,0.8276297280400124
ad2ca89540526e80,0.9461355110972178
8eb86976f1f7faeb,0.9643462800875273
351b2cac3bb60649,0.6814297436698968
f3685748a7717d4b,0.3161202719599875
af64f4a787a28c01,0.09178649577993123
e41d8e72f6a6da64,0.22150281337918096
43199fd3cad0d080,0.6597550015629884
08639490dad5a32a,0.8125253985620506
251545c20caf2d9a,0.5465399343544858
657fbf140a397f3b,0.43479016880275084
d28dd01372e08f90,0.5222061581744295
fb9bccbf5affc835,0.11864254454517037
0c3e0f0e422bc214,0.7123593310409504
b6fe616b3ee4f983,0.7607474992185057
1a05d9b0ab2c483b,0.5732982963426071
be053c37d8d326fd,0.4808514379493592
b0cc45542dd09eba,0.49471709909346673
0d1c9ebdc72b57f6,0.3249863238512035
926a38d305ede2ee,0.8731830259456079
381047d838351f95,0.75566974054392
5afb977a1eeba5b5,0.3810155517349172
1ef7c785c8633cc8,0.47251680212566427
2f0bd78e22c8874e,0.7300269615504845
2765e2bdf659e633,0.24340418880900277
31756eaf193dde51,0.21939668646452018
ba5f5a3df72c6be8,0.8721123788683964
90e87591d24ae44e,0.2799605345420444
f9f063e55d3db8b4,0.6943830103157237
3ef90711b7e5d86b,0.6646842763363551
ec0a6ecd2422c215,0.5896256642700843
2a75009bf5006a5b,0.3991149577993123
9edf622febac0e4b,0.5707115504845265
9cee551773541f4f,0.4079771022194436
2a07f1c2d7378d29,0.382902860268834
aacdb09c08c9a960,0.12389223194748358
df9753fd02aeca78,0.42396256642700847
ecc853e05f1891ac,0.6427731322288215
859bd8582d3d2811,0.6060233666770867
a124273d56f60796,0.4476418412003751
9cd33034524d6b66,0.43959635823694904
9e58973154c42431,0.046020240700218824
fe78518186335668,0.0756818537042826
0c195b45f68a8952,0.22474796811503595
bb6b109cc9317218,0.07411691153485464
a58342d3aee051b5,0.14604368552672709
48f975291ebf9397,0.7988082213191622
672604676c29d735,0.6311972491403564
144b0a7e9cb057ed,0.8958268208815254
02ea6c1ef4cf0b61,0.03949281025320413
fe3c47193f742bd1,0.23513207252266335
782fd306b790e8b4,0.5588836355110972
53f0ab0c206a7f5b,0.7690000781494217
2d15bf73a2700357,0.3335397780556424
569b34b568032161,0.8205865114098155
d98474765b2d7880,0.6162081900593935
f3088caf81ec54f5,0.8697854798374491
884de3bae564118d,0.925322366364489
5b62a55571d795f7,0.5597217880587684
e860976e6aaf78f3,0.8031494216942795
bc5f8d0b2f9683ba,0.045670522038136915
92555d85c6369cfd,0.9002930603313535
189861fc294e0daf,0.4275965145357924
b8212e2222eb4313,0.11709518599562363
53afc56ddcd63d8d,0.6825355579868708
0592b0cab7becf5c,0.48204126289465454
ac4cbdd76a84da91,0.5802985307908721
f2eeb139d518ca60,0.793804704595186
e02fcc8b8b63c0cb,0.2865817442950922
a7f194a18e15e185,0.3972256955298531
b9b57b5beadd1490,0.7072581275398562
357c4988d289017f,0.32762582056892775
f0d98c09bd71837f,0.6378692560175054
b1c0df4bb0c82383,0.5701371522350734
5bb361813a233522,0.2331255861206627
c3eeda7b200e2c92,0.3823870740856518
db0460b8a23a94e3,0.5620916692716474
3c80f795a35190af,0.16672202250703344
ecf5824d8b392491,0.14417200687714912
5fc7a11376239e12,0.07865543919974992
2008fba1ef946ecb,0.6001992810253204
e2aa59fe541e0ac8,0.3776688027508597
09b5c7802e6b561b,0.02094990622069397
988df0719acbb76e,0.6244998437011566
48d79ec301d31948,0.30962996248827757
d288ed9b89b3675c,0.2146158955923726
75abd1caba2694a1,0.3144947639887465
3660f3c735d8a187,0.46446936542669587
0440ac4598276f6f,0.8982006095654893
836bbb09e4831df8,0.5081861519224757
51432ea27e463eb4,0.27181931853704283
3fd99194e4efb12e,0.08024968740231322
ef1b4ca1f2c1e357,0.08462996248827757
70c464af7e1cea4a,0.1150574398249453
54c64f47d761f86d,0.7117106908408878
333dcb05411a601b,0.2634944513910597
11861d1571dcc3a1,0.22067638324476396
20e00d08f625d409,0.6442403876211316
8574c4f5b2db8c92,0.71338699593623
95feb433faa8520b,0.8363433885589246
1dd496796a5dadff,0.3567364801500469
c1c248e8483e9ef8,0.3491403563613629
5e0dc0f0f0ea48f3,0.20248319787433572
7ecca4d6c9eac123,0.3567814160675211
58dbf7650b2286e5,0.17384924976555174
4c62224901fd183c,0.5285382150672085
affa636fe0cafb15,0.8298120506408253
c9f2c416d003a925,0.15916301969365426
c19024a709757f11,0.47568380743982497
d3444b15af3a9536,0.5852512503907471
2f54cc2167b0cfdb,0.3009573304157549
d974c7d47092679a,0.08000742419506096
1f04a25da2b17ee9,0.7543392466395749
f133299dc49c2bf2,0.12667044388871523
9542ec8d29575b20,0.8347335104720226
6e476b773a15e2f7,0.20038879337292903
c468f0fe05876276,0.20616403563613628
1bdf15bc47508221,0.6665696311347297
687b1d6eaf1bb287,0.7939277899343545
fc8590ee9d55c5db,0.13884807752422632
a4379a3efec7361a,0.0621229290403251
30a2e56d4d608b28,0.6169994529540481
4b400d52635e28ff,0.9502188183807441
992d4d4846551047,0.8111480150046888
b91c089133d42f62,0.4066446545795561
c98879c523da912b,0.24831197249140355
7c8f510d8af822b4,0.6973878555798687
9d674a6212b3431c,0.15879767114723353
d3da05b2f284cb87,0.318552672710222
853ab873686c227e,0.7829868708971552
ee0d55e13012503e,0.15488433885589248
fed761caa06202e1,0.22765708033760546
7750406f980f78c8,0.661859174742107
e8770d9a28fdaeaf,0.9082701625507972
4025856444b9ab51,0.26424663957486716
1d0cc87631f52974,0.973204517036574
f87d2af1aa151b69,0.4744763988746483
e2746f6359714da0,0.2831001875586121
6b20c519964ca8fe,0.29140942482025634
ac0ef70a6dbe1ce0,0.053559706158174444
29219b6baa3ffa60,0.6806462957174118
ef5245dc0733939e,0.38488980931541106
26d625d3997169dc,0.13015786183182243
ff9580c0b2b1a370,0.7261077680525164
bdad383d41eac454,0.02150476711472335
a6bebd6247dce4a2,0.9243357299155985
846ab5063b60d099,0.93152352297593
1e342d4cd0cd2bac,0.5105794779618631
b111d554bd56dcf7,0.5440196155048453
9ddbb649643fc0ee,0.8303317442950922
0dc9c8998b42da67,0.7797006877149109
80444594c0d4b5b8,0.3986616911534855
9bf8b2752ad4d752,0.8708287746170678
794812675f553fb1,0.6341298061894343
c60c7cf09844c202,0.6937539074710848
06559b4012a85953,0.14661613004063767
dde7362e34a81ac2,0.5315391528602688
fa1ccff8a7481b47,0.8748769146608315
89c1eb286bad23b4,0.11090379806189435
b389067306356b78,0.556912316348859
a4328554fc4a45e3,0.6669291184745233
fe2ff0422ecd1440,0.4676031572366365
e1f0e9e0dd1f6a8e,0.6535655673648014
e431bdc8db1622e3,0.5644087996248828
54d5ddd4fde3db7e,0.0754591278524539
d6a2262fc314d2a8,0.4192970459518599
e7039d9ed0ec0c39,0.14212644576430133
357fb25344e0d8ef,0.4269068458893404
8479ceedf945cd0b,0.4554157549234135
30e12f447d932d19,0.7192931384807753
a33acfadc007c5d3,0.8219834323226007
32b72fee7f2bc37f,0.36053844951547365
e2ef0cf7c0138e95,0.857262035010941
c53a5098d3feab43,0.6934764770240701
2d1a504956a9bc59,0.11533291653641763
5b9d63bb61f11842,0.23921147233510476
f8fbcd4440a074e6,0.7293118943419818
c18b0ab8490d1c66,0.46295717411691156
18cc6b0ca558d790,0.8497733666770866
c78d6d8adb708879,0.11684901531728664
928fe114a90feded,0.7198186933416693
806b11fae1f6bd45,0.3235815879962488
ac8d5b4456a25f98,0.3089949984370116
0de3b4e998fb61e4,0.11599523288527665
0344ee3e70daaee8,0.7609389653016568
9459a694f708e7cc,0.058252578930915906
f8f24bc3cf3562cb,0.367151844326352
fca0d01a476eb58c,0.3856205064082526
ef25fb3354e1c732,0.738818771491091
83ce56a22c714f81,0.7894967177242889
781864846ec190fd,0.24576625507971242
99c27791616e6a14,0.5846455923726164
f00a56545441ae1e,0.24798765239137227
160c77c56d0bc3b3,0.07545717411691152
6bc7f7e6a8dbe398,0.3559803844951547
565c31dc34339cb6,0.8308748827758674
d47a57dc58d8cfca,0.5035323538605815
7d91fd093f331634,0.7838465145357923
a33fd6143896a064,0.08432322600812754
af6776fae916125c,0.9451684120037512
eb63791dfd566fd7,0.7562636761487964
fd94632e98a57fd7,0.7423608940293842
7afa48755b2905cd,0.9710339168490152
cbfe89a23b516339,0.6888226789621756
bc9eb4d602b27458,0.40475539231009694
fb8b7e3482eaa33f,0.388408487027196
0d172dce11eeef53,0.3319494373241638
6cb7efe2f15a8b1f,0.4203305720537668
0b234c8955fa5560,0.12381017505470461
1564bc14da2389b8,0.8464461550484526
11d440c4ffeb2e60,0.36741169115348543
fa46240b99291663,0.813764066895905
52eb5978e0a48397,0.9465731478587059
bb2cb3fc47f785b4,0.8124023132228821
bd402ae2e81bc456,0.29069435761175366
5b2c73c3c2fab67b,0.025652547671147233
558785e2cd64bd4e,0.8307205376680212
d8d0cdd0e630be6e,0.9803024382619567
54a5cf67504e37cf,0.6054860894029385
b7225c4787addde6,0.23319982807127226
2e444cb3f4217098,0.17102805564238824
ae6ea7b6c44fe6f5,0.7276883401062831
8917e3ac1e161b77,0.36829477961863083
ca8e1b8f4b045be2,0.9218017349171617
b16a002c43cda488,0.8694103626133167
38988311c0c8e2b7,0.7624824163801189
40ac9a289f991b8c,0.4946663019693654
83dbe87c0f3ff118,0.5689903094717099
d8412746401ef6ff,0.14529149734291966
95a1b17435300c3e,0.6611148015004689
9576e0a63d76b324,0.3542103000937793
8e43c1faf8514a42,0.03127344482650828
64462847893bb0c3,0.7065020318849641
2e8d60596fe0288d,0.10480032822757111
e3064eb18f25f417,0.8896393404188809
5c24da1b9f2ac392,0.06591708346358237
ad26aaf8f4bdaf41,0.4979466239449828
a21097bbd8645f25,0.0892446858393248
cffe1ff942479449,0.09021373866833385
39170ff154aa8058,0.6746522350734605
0e2b77f6fe4d94af,0.8595498593310409
4fb4ed274c87cfd9,0.1784737417943107
dbe218b606bf3cff,0.5747733666770866
b1ff3f405ab15e62,0.40331353547983745
b77bd0eb977bfde6,0.03238121287902469
c65c01d13c9051fb,0.8447229603000939
9f7d2bd32579e9b3,0.42739527977492964
1d42bbb95380256d,0.719390825257893
799c5bdb519f3962,0.5646842763363551
af54b26cbb15ae3e,0.43127539856205066
9ce958c47b1e7d3c,0.7133576899030947
d39bba0520b226fe,0.5216473898093155
c4923735c16e8881,0.06572561738043138
43506b20fd8ac430,0.3616227727414817
685b0ab35ff084e8,0.8748671459831197
03212fcbf4fcc22d,0.8461140200062519
7aff26a87411e8ee,0.7734409190371991
9af789cec1453f89,0.1165383713660519
41f2ebd04afb728d,0.7148132228821508
a3a3009c55baa210,0.9800171928727728
688382bd40810598,0.4592509377930603
42cce10beb6c55b1,0.17135237574241952
59fe211f9aa2b83d,0.7139750703344796
86466c925086fe3c,0.8724757736792748
cd36f54626e83a21,0.2140454048140044
ded728c05e20539a,0.8833561269146608
0c7fd3a164040b3f,0.826309002813379
614f526f552a972f,0.21313301031572368
cf076cf42abbd2a6,0.20635550171928727
e20135d1136fb289,0.23906884964051267
2b40340f15b07950,0.8086999843701157
92ea7f3ec80af25f,0.881222647702407
1de6db095fe81c3a,0.732256173804314
e13432ce761076fd,0.5374374804626445
ae126eb3da41487a,0.18570842450765865
05436df37c119ff6,0.6636917786808378
b9203ce854a26300,0.5102160831509847
e39f8336b7fa1f6e,0.8052555486089403
2d031b0318ea5a02,0.4942169427946233
54304b5c419290ad,0.14917552360112535
e9b3e8a0a4077e28,0.10124843701156612
1dced917867d765e,0.765766645826821
c004a070a93054de,0.8545580650203188
3fa194a91f4562c5,0.4215321194123164
76d5a2300ca56933,0.15005861206627072
993bd3c445b80c92,0.5538840262582057
16eff5adf0cf07a9,0.951646999062207
19f4c91cd1038cc8,0.15664856205064084
4ace42dbd199d1b2,0.345561112847765
8232534ba45ef07e,0.5616442638324476
a2eb06ecbdb56bd2,0.14500820568927789
e33ca091fb503e03,0.5964578774617069
8b65603997a5d0ae,0.16587214754610816
c4702fc1a3b838e1,0.3492439043451078
0a2ca915437c9a04,0.14768482338230698
6e4d60a1e5913350,0.20751992810253206
0eb4def034c0e542,0.9317188965301657
0dc7bc6ce45f37c8,0.08145709596748985
69c1bc9b1691880f,0.6902371834948422
249619e3bba248c5,0.5441505157861832
8a0925f386616243,0.618218583932479
c609c9019d1d7b32,0.8361382463269773
dea132cdd56b9c8f,0.8633713660518912
24c6ff18b883edd2,0.8965223507346045
06ea151cc4ea5974,0.13447170990934668
dde1072c2340c07c,0.0891216005001563
bf6234d11406ea49,0.39711628633948104
610c0fee53d0cf9e,0.8195256330103158
fc0691273040fddb,0.8214246639574867
46bbaf2bcdf5a362,0.4876348077524227
6f4198d004803569,0.45276453579243514
3f726ca9a49e022b,0.22207525789309157
2263ab08ec01d546,0.1964344326351985
dc2a61d22023b42b,0.9773347139731166
9cb03c429bd54976,0.05147702407002189
d3d5427c6c9640bd,0.8784112222569553
a356aac05b7d44bf,0.1552789934354486
2c28820cf1ae8254,0.7207877461706783
cf49994228b74e3d,0.3907080337605502
ea984ee0501b30dd,0.39978704282588307
3639d96562366ada,0.12076039387308535
007d989968211b0c,0.374228274460769
47b004a1df7ac9c9,0.5201723194748359
f09cbcb79049a436,0.817710612691466
d3e17fc998bf6787,0.5138812910284464
0c6c8663f624c58e,0.20760979993748047
52720efef03dc54f,0.906091747421069
c6a5cca33f57da61,0.21443029071584868
b1208369a0074122,0.31163058768365115
b0563e971ad0dbda,0.06316427008440138
a0bb9373f1dff1b6,0.7976418412003752
607b5d747f350fa9,0.7720674429509222
8945214e2c9cda71,0.9012640668959049
7fdea294906af44c,0.914596358236949
1f3c2f31d844d10a,0.08245545482963426
248eb5a4a5179bb0,0.9423648015004689
f7522ca250fc8477,0.40497616442638323
3ac3d9675fc09e64,0.7064082525789309
b65116a131be84cf,0.8803708190059394
7cba939dfaa4fb1c,0.8958346358236949
4e484a321de70373,0.620375507971241
48c00464ee810da7,0.7268951234760862
11c760a8108e0ab5,0.8950902625820569
4ece5849758d2bbf,0.4473683182244452
2d34cfaba66dade6,0.8911652078774618
597b3aa023ec1731,0.07722530478274461
65e095698c6b2018,0.6364918724601438
d4685373bfa64d8c,0.18177555486089403
b2a24aac339b046a,0.5814981244138794
d018e1502c830522,0.783932478899656
b4a5d705266bfd48,0.4177496874023132
1bc1ad21db736edf,0.360464207564864
3584862144963b16,0.3766606752110034
64acc3b4a0341a38,0.14655556423882463
ae1b7c2913418b6f,0.03610307908721475
5ff184c18b029b7c,0.18872303844951543
d407cc2c1f68ef5b,0.8447561738043139
10610f40d2c4beb2,0.19962879024695218
a8e72b280bf38b81,0.29836276961550484
4802ee9701571a2d,0.9882209284151298
c0ba503ad79cb130,0.9922378086902157
a428e18a2571696e,0.5468818380743983
d973ea3bf88a0f3e,0.7537902469521726
cca48a6fecdefbfd,0.4917806345733041
387eb4b1c9690ed5,0.18439551422319475
f9b045f246df515e,0.8671498905908097
b8aa274fe0062de8,0.9739137230384495
9d67fee3adf9e1fb,0.8076391059706158
3196cf2ddaa8893c,0.7999394341981869
c6cb67394ff79930,0.5613336198812129
b713b9f13a1a825f,0.7498261175367302
0c55301e8a9a0e8b,0.7658994998437012
06cf6a66edc51d64,0.8579751484839013
73877568d5adcb7f,0.15972178805876838
6e713b6c6d9ff701,0.9274831978743358
35b98290788b0e15,0.9116872460143794
c1699d21d21f249c,0.41620037511722413
4d4b1f0d9defbbe6,0.9190332916536418
c1eb4bc9fb4e0c7f,0.5520123476086277
ac64ea4bb93cb2ae,0.7658858236949047
a6c0198d0ade9eda,0.8415793998124413
4ee5d36590d4f29e,0.5558631603626133
39d7718a5529cc62,0.03624374804626446
4f6e36e222d122b1,0.43850422006877143
f7b65c4533428cbf,0.8596846670834635
32839e57f8e1ec72,0.5803200218818381
0a631a26c3a1a8ef,0.9060956548921537
42ae365efff05b84,0.30192833698030636
aaf16c83ac07884a,0.7414074710847139
e3fe57ec38bc0cae,0.32206744295092216
a269d748b94103bf,0.38367263207252267
29320c0461eae48c,0.10125234448265083
98b75056b390e87d,0.8321487183494842
a18aa53890bd84ac,0.7387445295404814
fc5a2a2354cb11ed,0.1642173335417318
912408725cfa628f,0.5740719756173804
6453b1a068b68ddb,0.6399148171303533
d95e854d614ff5a3,0.6199066114410753
85a79337144b2a84,0.3976750547045952
b5e18d3eb66f6250,0.04755196936542669
3b90fc3f1087e3d5,0.10861597374179432
36f89bae0e5df26e,0.6348292435135979
7de9a21c9a6df7bc,0.8798726164426384
4ad662d48155a76d,0.64036808377618
1016d05cc8d07dfe,0.5541770865895592
b0a028857d9a81dd,0.4544017661769303
c7da65ddda5ab002,0.8006974835886214
8faf1048140782ab,0.5088562832135043
d0f1cbe5f5c2cc97,0.8239723351047202
766a85256e2db000,0.11497733666770865
83f8495a5ff0fc2d,0.16317599249765552
a57ac84facc6651c,0.873122460143795
3e18333d2d1812a0,0.19688183807439827
2e2c93c0b28242d7,0.818974679587371
290025e556e7a964,0.30987027195998745
34abf7197c7817bf,0.5041067521100344
4c990af23095a8ad,0.8750253985620506
b30f0e7ab6ef02e6,0.669801109721788
955f054ef8ac2a98,0.9923745701781808
efdde8377abe8fe4,0.6616501250390747
cbfaa9b940f4c2cf,0.7490114098155674
51e64153531937a9,0.9084753047827446
3b7b80317148399b,0.7448050171928728
b1de8383db45dfc8,0.6013812910284464
0d3f9429ecf4d4c2,0.1092528915286027
c4499c39e29ecf53,0.4340536105032823
7800f7a3f936332b,0.08497968115035948
b837532e3fdf4a50,0.4293685526727102
c681da0099cefd6a,0.222329243513598
c7acb3b5705e68f2,0.21596788058768362
7072f5cd32c791ed,0.9050054704595185
00b5216b2f2dfa33,0.999
b2ae02f82d15b4ad,0.5901414504532666
5ddd4c1db54b9114,0.45251445764301346
3e6fa59b53549aa5,0.41093896530165674
6b853eda68180bf6,0.6949437324163801
0ee247af650122c3,0.9299077836824008
9e2c6c5193f21067,0.17131916223819943
6cb5b3e20565dfc2,0.8564062988433886
dedaeeed301662dc,0.1753770709596749
7244a91f3ecd611f,0.051283604251328545
d5447b494619e05f,0.6410069552985308
d114e64d8dfca5ca,0.15428454204438888
762e061721ae89c2,0.06298843388558924
0359613691f7c01f,0.43502461706783374
ca90a47bd789f6fd,0.5722276492653954
b43584123f43b018,0.29932986870897155
0770e000ee552df7,0.81475461081588
b396a1df0d592f4f,0.23395201625507972
51ffd9a173cdec87,0.9336316036261332
38e628d583de2dcc,0.25792044388871527
5e444909efb4f076,0.48492302281963107
147047e5cda600ea,0.7040246952172553
02f5e786b6ca732f,0.25370037511722415
b29abac474eba51d,0.9528036105032822
14f09256775b5595,0.7245819005939356
4132a178395f2d42,0.5708346358236949
3ecf5a5ba7668082,0.1684452172553923
f7b8ef9f4baa3954,0.9073050171928727
344ae6cefc6e5e28,0.13099210690840887
9f8993a4d3fd8c66,0.4578501094091904
02fb2d64b2963430,0.5989391216005002
cc3e88fc10db73fd,0.7629728040012504
e1b25ee0d1bded29,0.8055153954360738
6811aeda7c48195f,0.5310429040325102
2caefea2089d3348,0.876816974054392
06624c42e6f173c4,0.9632267896217568
18d0862452891d30,0.6702133479212253
aeff78b9acbf4d71,0.3556736480150047
3c4fb720d11f542d,0.1638851984995311
ccf649ea4bfee844,0.3618318224445139
72bca5a449e85cd9,0.07617028758987184
fd6a74697a1a9ec1,0.05354993748046264
a629bcd8e7727428,0.24956627070959675
4234c32600399d7b,0.8261214442013127
dbf0f354d6059039,0.17733666770865897
3807b180f301e7e0,0.6815684588934041
5cff8cd0dc4c326d,0.36216200375117225
a28550e03a14c9e2,0.78384456080025
244915cbbfabaa93,0.08654853079087214
f5d28c37e1483258,0.3824007502344483
625d0351dedf957b,0.6532275711159737
daa98d98f6971d07,0.44471123788683964
aac141e3478df5f8,0.3898327602375743
6e2d6b44bfbd409b,0.7115407158487027
34a46acb36dc8ef8,0.24474640512660206
f709bf78e6f0fe9a,0.3828813691778681
573ce0864f1f1a1e,0.20812753985620505
d6421a369f95b35a,0.5151394967177243
6c74b5b293b1b97b,0.15561698968427634
51cf0713d5fbc070,0.6942247577367928
062ba7304652bc27,0.16753477649265394
930853397c388814,0.03864293529227883
2e48c840c19e48bf,0.5555153954360738
2a51f116e23cffb3,0.6666712253829322
070669d7057f8aa5,0.884057517974367
967936eb15802a83,0.49939629571741173
83ec0a0ff919a926,0.3610132072522663
a35f4a25719a4b95,0.08148640200062521
e646bad2986e850e,0.6744490465770553
8b488afbcc578dfc,0.45053336980306347
13ea6594c14a4026,0.3972432791497343
d0e536523f93f64c,0.25536105032822753
0e5ca22bcfd8c5db,0.9430974523288527
9fb1e891c08b715f,0.04723937167864958
7199fd0ada65fcc2,0.3000390747108471
2275f9dac244010e,0.1515258674585808
24e5ed05f908296f,0.34865387621131605
6cb602b86bec19a4,0.6744295092216317
9325343b0fd3d676,0.43606595811190996
644e5f81463951ba,0.5156650515786183
37046a2dda9e5889,0.6762367145983119
c7df199599dc296d,0.5092079556111284
54e463d760c0c6af,0.08425484526414505
9bde8f101bdb4095,0.5203794154423257
bc5c320666ed7ca3,0.14597530478274462
4e44d72109230bfd,0.6499277117849327
235aebae2ca0d45e,0.7693048608940294
55a1d48711c4359f,0.3369685839324789
c1ec685fcc48d91e,0.5396979524851516
a51c93906bd78ab7,0.6602629728040013
207c0a6423cf7a33,0.6265727571115974
c7693bad80c482e1,0.6882639105970616
36b92309f6e5618a,0.44740543919974995
26ee6d56130da0fc,0.7455767427321038
587c7d36156381d1,0.31618474523288526
50d432d2b52052b2,0.6812968896530165
b738afb14f60d587,0.9442501562988433
1157c08c11e901e9,0.8116071428571429
cfaea6958357ef1d,0.38164270084401375
d8b3ec80ec080d08,0.8265356361362926
809c8f80468b1337,0.5176578618318224
1bdded460bb636a5,0.8995545482963425
96cc52a1a3f13e6b,0.31319943732416383
c97a25af08369f73,0.09923999687402314
0de5d7bc5b46bdc6,0.34327328852766487
c6eca151f8576037,0.4098976242575805
7ef7f606745e05ec,0.06812089715536104
c5ea9ba7fa065f8d,0.9953325257893092
63142c0d75cf9aa4,0.09845264145045327
c396e609d01a9bcc,0.1124316192560175
7c9db70c27860a32,0.600404423257268
8dd4bb6eda603b43,0.3173862925914348
d5eb724b5ea43bba,0.8839637386683338
e7e9bc7d5e2e5674,0.7764926539543606
24b3176d5020b612,0.9076215223507347
6fed295aff782896,0.9943146295717411
12d17a3ef6b47faa,0.9174703032197562
2c550aa9cd671368,0.0665930759612379
df00e28247baf9ff,0.6500312597686777
9449a45c9d7b914f,0.2553844951547358
9a8393310d9b352a,0.5633361988121288
e1b1b6a194b4b1d6,0.34377930603313533
7097d3e397e94525,0.4025652547671147
e3d1f895e94e8bbf,0.6804548296342607
6c46ce4b2303ecb9,0.4702348390121913
999760aff655cfad,0.10380783057205377
6d526f4593563124,0.38358862144420136
467801b5de42246d,0.6217001406689591
81c9cccf75c1503c,0.12380236011253518
bd1aa64c7a5dcc06,0.11139027821194124
df1a75c489d95957,0.07770983119724914
7e6ebb5b237b817e,0.35072483588621445
1aeecba2c7866fb9,0.5834420912785245
14269028868b89d2,0.2787882932166302
5ec456826b243dcb,0.3849503751172241
e574a546f8e193c1,0.9027957955611128
b0ce65cf243f3ae1,0.6575707252266333
8b8e8a00e6e1fdc9,0.1940137542982182
4a87b2b000e87686,0.8587781337918099
1175204fe5f8cb6b,0.3164484995311035
50a79bbfcd719a29,0.7370486870897156
0d8c215cc600c1f5,0.415137542982182
3ceb989ec05cb0ef,0.8559374023132229
c7ea3f3ae516dbc5,0.09736245701781807
060631dc9f8845f2,0.7076234760862771
4ccc3fe421151149,0.2913293216630197
fd51240f58f2ec0a,0.09006134729603002
9bb25b00d30f4ce0,0.022727805564238826
1e633867010ad35c,0.3608569084088778
90da0c9b099080e2,0.4594013754298218
f3ba8015df41ef05,0.7620467333541732
7006c751c11cdc01,0.5477102219443576
db5b922ab7ac849c,0.24620584557674274
8ed9c5e3ceb94d30,0.5379845264145044
32bc573af0d063e6,0.33044310722100656
b6f5ace9b32140b2,0.930542747733667
2acea7857a236b62,0.5172104563926228
2dd5886a7dff0caf,0.6365133635511098
cec7e9631578eacf,0.9283174429509222
aa1276a52bb96bae,0.8344541262894655
f90658bc8d521271,0.6844150515786183
8b65638e31a74f80,0.4934198186933416
233d4e0eb18d8449,0.8910616598937168
95e779988eaf54f9,0.5520924507658643
ce033e0586a41f4e,0.3305720537668021
29007abfebc6bd71,0.4407392935292279
37555eedf932eb41,0.3636683338543295
43f0b7fdd64e4d62,0.3347589090340731
48d11190742f10b8,0.9593681619256017
54167e2d347acd9f,0.04525437636761488
adf2b2540dad8766,0.7707701625507971
aa4854b6b5329860,0.999
371dbcc2d3dab4d7,0.4523503438574555
29fd5cd58cb38dfb,0.9016430915911222
276d786a03dacf69,0.3974503751172242
90290aaf619cb77b,0.23492693029071587
80904c6eddcf06db,0.16973272897780556
5232eeb9a1fa8f60,0.8098995779931228
6205daeed9459b81,0.20006251953735543
6b4abc5da4e3aad2,0.7246580962800875
ecce281c5f6153c3,0.8195490778368241
926feb1c20abd0b8,0.054268912160050024
64874c60d39dc86d,0.9588191622381994
1868aaf30c77d6e0,0.5559198186933416
52e964be6dd475ed,0.9697639887464833
4404ade20ca8acab,0.8720127383557361
f6bbde7cdf6430cf,0.999
6f9ac9a8227bf174,0.9024988277586745
e4afa0c3ef07f2b8,0.3301285557986871
a85d4f04f63f1f8b,0.2256584088777743
7f3411e87c2708d7,0.5302086589559237
5be924d7d731a308,0.3496561425445452
41ea202bf96f7295,0.3755568146295717
e7d3e68c097838d3,0.9530419662394498
c21ded045b04b1d7,0.41134534229446706
a87de56d4f2dc966,0.062242106908408874
b073cc5a7d5d1fc4,0.3362769615504846
cdbbb57088163b02,0.23742966552047512
97a093dfe9e1eb64,0.9436659893716786
68aafe54d00b3081,0.5942579712410128
dca611f4099c1df7,0.26531337918099407
068c9856fb6bfd0f,0.052301500468896533
ccec2927e56ab3d2,0.012242106908408878
f4239e382087c8d0,0.8824202875898719
a37f1921e2ae64c3,0.3728860581431698
abc7d40ccad7d04c,0.049296655204751474
7be1ba405f826136,0.8729681150359487
82f1ae3eff7b57d1,0.3245408721475461
64bcb6835fcb93ff,0.9184374023132228
8a7d498479d37ffe,0.5605540793998125
ddd893f6f7c67340,0.14226125351672397
63438b2313c7cb87,0.23629454517036574
