id,label
6403a3f8d07557bc,0.39270084401375427
1b1d097ff5b144e1,0.5099835886214442
08c7c3c71a02ca8a,0.8591747421069085
7f09e9039629a38a,0.5816563769928103
1fecfdee265e685f,0.7435722100656454
2b1b1ab99f54e1a7,0.5025984682713347
f893cdb025b56c89,0.7142368708971554
84466d5fc69b1dd1,0.8398913723038449
e0f419be2a81cbff,0.3568888715223507
d9e55e1259c7c29e,0.792552360112535
602d7f4b0882ec4b,0.6263187714910909
67f2f87cc129d7da,0.7177633635511098
eec96ea0e1c9f7cf,0.03295951859956236
d85127e773ec4820,0.6729739762425757
9e96822b06b0f7f3,0.37350539231009694
c6489148a3f9498b,0.4207760237574242
ad5ca801b22a4eb2,0.10207291341044075
22e01b671e9f12bc,0.30137347608627696
4953dbf3e113fbdc,0.20470264145045325
95397470f084bc6e,0.9963953579243514
ff39045f375a9792,0.20410675211003437
893575902a76b6bf,0.16321506720850265
4d9211d2b44f7d9f,0.33730267271022196
8205441451789e41,0.03607572678962176
5ade617aad761daa,0.9601535636136292
7d8bd74eaaf831a8,0.7762484370115661
3a4abb16616fb838,0.2248163488590184
6e14ae545a54ec6b,0.817364801500469
a6d127f7b7a19a79,0.857875507971241
e29e33c4a6eaf6fb,0.5821545795561114
42b296aec3a400d2,0.41465106283213504
238a42187f0c12de,0.33902195998749607
4c99d80ab952e272,0.7742947014692091
ef909ea8db65784b,0.7515825257893092
53283f9869842cd5,0.9269498280712722
fa99ef0b96b51157,0.7367145983119725
3cdaa31c37582a6d,0.8438281494216943
e007009eea08f15e,0.3478333072835261
e46769b586a6b83b,0.8860190684588933
c77497b63a864028,0.25857689903094716
bceeb0086c625fac,0.17425367302281963
5abf8e5791e5fa94,0.921870115661144
0b7d89ea3694651f,0.6329126289465458
ce60477eea0a9007,0.9757639105970615
847baeeadbaba41a,0.3735249296655205
aefefeee7da6b616,0.8005822131916224
321cc4b04985f915,0.4677829009065333
590cfafdd102ec19,0.5332330415754925
0a3027ad8dd82438,0.08531963113472961
01e58c9ae88cd390,0.21048569865582994
8f5eb2d903aad722,0.19718075961237888
3f1b90f008fcd5d0,0.8310995623632385
9e55098b34909114,0.777938418255705
ed3723d6f0b305ec,0.5325003907471084
e1d77367315c8c64,0.3949769459206002
b97a34687794c3cc,0.2363043138480775
2d9a8bda25c031b1,0.2081119099718662
367427e76fbb967a,0.5869998437011565
2d1de7cf3363aa2c,0.25231517661769304
d69cf5bc1f0112f9,0.07204399812441387
2a75c552e6a0103c,0.8830298530790872
943114c642b7e30a,0.3996463738668333
5f4258edf6c1b382,0.06453188496405127
ff0a817eba03cc6b,0.7603254923413567
c77fe2a4fb942f02,0.8884123944982807
df587d726667a5fb,0.8781552829009065
8c09d6fdeb48dfe5,0.19501211316036265
564e16bfb829c7a8,0.059969912472647706
e592482dff2b62bb,0.10415364176305095
33319a7020313788,0.685731869334167
4700a73d634e28f5,0.9687793060331352
e5d9aee597bb4052,0.2953071272272585
b93533776029ab4e,0.9612671928727728
e9274894e7ca5d48,0.01222061581744295
37e126228f093cb2,0.43152156924038765
ee5e8daf19a62436,0.9125214910909658
5c2af7cb33fcb9b8,0.5001074554548297
dd6cf914fd458758,0.15651375429821818
7943edf1ba3d08c4,0.25407353860581433
50dccf68b6d84c9a,0.34833150984682715
71b1d024ea8e0791,0.4589617849327915
a8ccfbc903739855,0.09494177868083775
bbf9130a10bb2e61,0.160655673648015
41a2cd1fb3af1f62,0.5671694279462332
e5b00c5e94bb1efc,0.5036632541419194
8a2951b875e32f95,0.10385081275398562
4b4241c32f2ae2c3,0.24576039387308535
8beed49416c057b7,0.5387230384495155
1cc185c7cde5f29e,0.8986402000625197
635d0e269bd151c8,0.040256720850265715
9eb98f9a7202dfe8,0.11562206939668646
c224615f7e3ecda9,0.11214442013129103
f93a14286735bede,0.2570432166301969
c118092c44e808f2,0.7662746170678336
0972b7359cd12fb8,0.052145201625507974
22318b12ec6eb14f,0.7319377149109096
9c92d4068021c258,0.9346182400750235
053aaf6bcba9464c,0.470019928102532
966f0341c7d1f5bb,0.2997323382306971
624826d8d4f7d476,0.23902977492966554
250e83ae550b1992,0.9358295561112847
9ff420d30b835836,0.8756935761175367
f74cb9754e9ea82c,0.4845752578930915
8ab5a2752e698725,0.43522389809315415
56957aca1f34dcea,0.6889262269459207
a6c0cf21bf0a1be2,0.009934745232885277
427e6266110ac72a,0.905341512972804
7b84fe626f3ebccc,0.7255392310096905
6abd9ee5808aa267,0.29457447639887463
15aaf86082111e4c,0.6968681619256017
afb1bcdc94b9bce3,0.050504063769928095
93a337e7b4fedfd4,0.4520650984682713
cddee4f1517d9dd4,0.5378340887777431
755140c7bd8e7223,0.435135979993748
0ae88cec371ee0f0,0.13541341044076274
08a9f02754051fc8,0.9500429821819318
4bab179b9218d454,0.3695295404814004
2af9aad0b831d3ec,0.04593232260081276
7d330fd87e35ee09,0.5302340575179744
d79f0de699294b3b,0.7107201469209128
652a8c0826eb2609,0.6180740075023445
2ae2ef63a2565c3d,0.7267212410128164
1bcffad3764f7c4a,0.20787746170678337
707e78f41fd82174,0.14034659268521413
e4824a55ce76b702,0.07651805251641136
993182bb80730c31,0.4609350578305721
dd67c105d030f636,0.8082603938730855
3dc4dceeeecb58eb,0.7066173022819631
90a67d119116b976,0.8762503907471085
a483f8d40e026f5d,0.1254005157861832
3d24648e710fafb4,0.23264105970615817
9104c44e8910b122,0.17184080962800877
47b77ad7aec9f1dd,0.2556658330728353
a66cc4155a0edaca,0.6674058299468584
1f4dcc29503e1a4d,0.5787941544232572
0a295834d6044914,0.3361988121287902
bdce8615df21ee2f,0.03191427008440137
694b4d3b1ed04c61,0.058016176930290715
ffd75ff5c92f624d,0.6717333541731791
717e992041e77d9a,0.649118865270397
eb5157274916100f,0.6646803688652703
b77c5c610fc74da8,0.22632072522663332
41d2ba14e653bbad,0.7578344795248515
f2b612c9be07aabe,0.5645318849640513
3451e892c310a998,0.4466337136605189
2ab24c04722d8bf6,0.3299468583932479
38ded7c17115e7e6,0.7055818224445138
afed8219aa70efeb,0.5092118630822131
1e9c4d7d2de01fba,0.6739703813691779
c1bda90e9a3b9ec3,0.2949359174742107
d406fda410e7c177,0.939356048765239
f49753bbcfabdaff,0.44469951547358544
4daee2e232e58a56,0.9247714129415443
858a9c1611f558cb,0.4657021725539231
05b0a9e8b1444d99,0.34163996561425447
8b2ac5da79a42e4a,0.8306404345107847
222fc0675ea28b67,0.24580923726164425
77cb5f88dff15921,0.48620662707095963
947d5752d88dc00c,0.9388187714910909
309a531dddebb471,0.750586120662707
7e5f9d7d0cdf5a81,0.35219990622069397
6dfe2ff41e67b01d,0.39786847452328855
9a51f7696f388499,0.43723624570178177
9c5cb5a9b9b2b4cb,0.7461413723038449
bc7e89abddb2aa54,0.999
5d3eff0bafcd186f,0.7598370584557674
d592e9d5579075d5,0.19058690215692406
475f765f9fa22959,0.8821018286964677
71d36204d6040aaa,0.6818634729603001
78119b8ffb9aa8ab,0.3530888558924664
09d1e9b9b858fe18,0.7946233197874335
ba5f5f59e3b0b755,0.8239879649890591
3b7344f40bf64734,0.4396198030634573
1f72c876a5e3738a,0.7077895436073773
86262f7438a90d1d,0.49147194435761177
3f6e10ed3e6a6303,0.9312773522975929
ada42e94aae1a58f,0.8547788371366052
b5320e4cd134414b,0.6200277430447014
ef83ac91e80ddd9d,0.45841473898093155
b8a457f0c9f14bef,0.32504298218193184
74947cda3decdbb1,0.5185409502969678
a39392c735bde1ac,0.42701820881525476
afb321701a74d5b0,0.19627227258518287
df401b9701e04299,0.20242653954360737
c9b67772b4c4f44b,0.8236949046577056
b5665177cd7b6c5d,0.014232963426070645
1d621e5fa6b0c45f,0.24189199749921853
2d595ec6f4c2524c,0.34962097530478276
6a96a53512d24696,0.21482299155986245
b3a68808640b25da,0.25633010315723664
cd9f2b2346e70af7,0.26435995623632386
d78d162e0d903e67,0.9081744295092216
512b0444982361f4,0.8721084713973116
36f4f9a58e05409e,0.28247108471397314
e4b4fc878504822b,0.5150730697092842
d2c6c32ea3387653,0.04501406689590497
62d5596d1fe892ad,0.8189277899343544
8756eb85074bbf32,0.1756408252578931
9120f37fb674d8d5,0.5238648796498906
ad529a51765d4ec3,0.23872694592060018
f5e98c69a45e4a76,0.8629942950922163
4e8ecc5a6ef67336,0.5630568146295718
e26f37d892f837e3,0.7885178962175681
377bd33e8a9d5e7b,0.4104407627383558
7277e822016a05a5,0.7113355736167553
94fed9a4092a19bd,0.5835612691466082
28d304cf97ca614c,0.6355794779618631
5a5195df47e373d6,0.11655009377930604
ebc9acfa1d364336,0.14160675211003437
5d76c6de5ee62843,0.6195002344482652
511d1dd15e99184d,0.6507306970928415
b6d744f202fb4a14,0.8477942325726788
43c3e8abee7ceeda,0.7085710378243202
41afcd725afd0bb9,0.46300601750547044
bd4f0c1a61da90cc,0.9772194435761175
ac5e8e6812e3a526,0.5301949828071273
61843635f4d407cc,0.9627227258518287
d643d4e6d84db59f,0.7310389965614255
5c0b8bce49a0a773,0.8885882306970927
7c6020b2e5dae41a,0.5089969521725539
4a6f26c4ccfa8a2a,0.2040188340106283
f5ff436197b8129d,0.6320236792747734
27b8587241bf56d8,0.30469482650828383
a198a7b963854e6e,0.07775867458580807
8661667952751501,0.7520514223194749
282a1321ef8c1306,0.36335573616755235
db3dd0b21b03ce9e,0.6087058455767428
3bdc9a83d65a78f8,0.625087918099406
2983651d59dfaedd,0.7873944982807126
ba2be23d69668658,0.2449495936230072
89d58eb00d13e4fd,0.23991872460143793
d2caeec36f4769a6,0.3740426695842451
dc23c7fae5f57288,0.552780165676774
c6e284593c89d176,0.741686855267271
523464c4f48eb02d,0.9093662081900594
cc7624fbfc77736e,0.8277684432635198
6b0c371df7cfc676,0.6297280400125039
986e8a5497d243a9,0.8874648327602375
0880ed3a1a77013a,0.6009006720850265
791d60ceeffd7ccc,0.9338855892466396
1fb2b452cb819b3a,0.8772467958737105
6e683e5731d8aac7,0.7606576273835572
d752f92de2b858c1,0.34927907158487026
91654f6c88bcc480,0.23078501094091902
308caeebcc6bc059,0.3459381838074398
0a092e2b8c9c06c5,0.657881369177868
e29749c7cbb0ef48,0.12634807752422633
02521319f8872bf9,0.046577055329790555
f699494da66c4efe,0.538429978118162
060f874ec99eadc4,0.4380079712410129
1a2ea8a74fd54c2b,0.5362613316661458
a98b83e132c75465,0.16011839637386682
0fe8ca7c247fab07,0.733559315411066
c8d9bcea59632f23,0.5297651609878087
0ab0d9c2a040f32e,0.22221788058768366
a03fc647d8141fd3,0.9142700844013754
1036e1cd53a850ec,0.18985425132854017
519d3f96c9895253,0.1443322131916224
28df6bdb66f8e09b,0.9355853391684902
89713786047cfd0e,0.5844892935292278
6389830954a0227d,0.4688965301656768
8a5f2d2c5004dead,0.1069767896217568
19d4cd44aecb29c7,0.49961902156924043
2ed9718fa269e456,0.5517153798061893
31d0832c9b203b46,0.37055525164113784
e21b68ce26bfc500,0.6483862144420132
cf8783ddc0b9bf95,0.0011136292591434824
fcd44919c1b3f412,0.9273991872460143
c6e50665e7bf8738,0.5042982181931854
ce0179fa676d128e,0.9597237417943107
423e064e247fe04c,0.7398015004688965
0ebb4ab2c338fde0,0.5469287277274149
37337cc831e40a2d,0.6860346983432323
04eb53517170d936,0.6371326977180369
dac684a7b8635061,0.43070100031259767
a2f354d17d1431d3,0.822493357299156
8a42e6579214e167,0.4685155517349171
c35d24cd26008161,0.5217157705532979
077789ab8d103e29,0.5605755704907784
5deb9f3705c67be7,0.5908487027195999
dc531f502bccc4fd,0.6798022819631134
ab4b4d6c12291a2a,0.31209948421381684
47b284804faf97e4,0.5160694748358862
d46bd1fa92be695e,0.07135042200687715
11c536ec56a47156,0.2313711316036261
d5bd7d0c4a297748,0.047280400125039077
d30e6ef239a13f14,0.7482025633010316
8be010237b513256,0.8536456705220382
e3ed18d3d53d8aed,0.29950765864332607
a9f5c2f8c5922e10,0.8466708346358236
05a75c012be2ab6b,0.9830611128477649
a068617fc089ad48,0.5237281181619257
687932e8fcf71376,0.15139496717724288
fedeffd4ef29f976,0.26602063144732735
5d3e23d9b2256c27,0.23115622069396685
c6544d7502deea99,0.30759612378868395
096cba9bc78d7637,0.6886917786808378
76b587348b5c4d59,0.5973057986870898
62185555ed060f0b,0.5044349796811504
b538966eb4ce164f,0.049888637074085654
8dfc12a6712b0903,0.6942013129102845
3ab52adc4b1c1768,0.24179431072210067
463847f9a1f414b6,0.6957056892778993
e93e14d11fc793e7,0.02977492966552047
2cd7ea4ff0b97ed6,0.5409698343232261
3cf1ec0a8c671d61,0.1638988746483276
e39df281ee7e153e,0.13573577680525162
272a6816ce2c7c9d,0.40311425445451704
f56230f889018c95,0.8423237730540795
4119f28f6d4d40eb,0.46465692403876213
3e744e15c1c6600a,0.6795678336980306
7975b8ce43d7163f,0.48706627070959674
76519a1ae0dba3b0,0.8255314160675211
6f6aca7dc35afbbe,0.31362339793685523
658aa810bdae773d,0.9830220381369177
41c3618b9180e8e2,0.35668372929040326
7cd53693b2b3a4b3,0.2068126758361988
a450a4bce9f2cac2,0.8012953266645827
05bd9ec45ff54b8b,0.16385003125976869
0d67ef8a9dd3249f,0.6534073147858707
514cfc846a144390,0.6843056423882462
2856a2a0114ba55e,0.8016079243513597
ebe02c0b1c116ac9,0.2246014379493592
cc31cb4421bd54a5,0.5936425445451705
d63593c7bd5f72a9,0.8208229134104408
962b8c33b5be069b,0.20977258518286962
40e508ceed1116f3,0.34290012503907474
668eca9c4cdf1507,0.4727160831509847
c15735bac7d4e6bd,0.128770709596749
09d2cd5ccb05a325,0.4859037980618943
71ed58a8f5d479e3,0.6812968896530165
56fd1ce474cc243a,0.9122479681150358
4c4fc4fe6dea340b,0.8031513754298218
68fcea284ddff8ff,0.7619959362300719
8913329e85f873f7,0.5679606908408877
7a210b4ff6c29678,0.5902625820568927
91bd2a01c0384263,0.8959538136917787
14e4e31c9bd8d90b,0.1522448421381682
410f92d0f317cc8e,0.5370525945608002
780cd523f303a8ba,0.3072249140356361
77ae2af1842fa5b4,0.38140825257893096
eebeb3dc997eab87,0.6843837918099405
fa6c4d5205fdd5db,0.9816446545795562
f1798e22aeb3b385,0.9867439043451078
8af0df5286089649,0.7066563769928103
6e224e4033db63b7,0.08923687089715536
b8624ae03bb7e7d7,0.05857299155986247
52ca2f9cf118011b,0.9824261487964989
52c5dee14f8320fc,0.7027000625195373
43a4ed5577b3346d,0.6264164582682088
332563e196c7a1ee,0.8987867302281962
cc4b32b77225218c,0.7684530321975618
0b34a503e14e5271,0.9189590497030322
33100c4fe51f7435,0.4128145514223195
6de5ffe2b6664d73,0.131857611753673
ba39076152cb0ee3,0.5945998749609254
aed179ff9c81f4f1,0.025154345107846202
ea1a9bf792fb6a7e,0.14530908096280087
2f06ce2d10fe3866,0.5795658799624883
11855575a4718674,0.44028407314785867
06d39de4f0e13f3b,0.5681951391059705
5fd7c68abce444af,0.8137210847139731
d464bbc0a2f6ec7f,0.8724406064395124
86a7d5c47fa116f8,0.08231087839949985
a260e587d0fd3fdc,0.9319709284151296
6c07a18d9f02a585,0.8492888402625821
8fd3d88e27ef7240,0.391352766489528
80dd9757384d7ae3,0.33786925601750545
00a0f9038422aeb4,0.6416067521100344
dd38ea8c63c0a90b,0.5796537980618943
e23a165731b18098,0.8820822913410441
9bef89bb8b6e707d,0.08703891841200376
db5779805bc9128a,0.7611265239137229
13c6185147e496ca,0.9552301500468896
c23ad10e1020a370,0.4044427946233198
cdc252e1304b3741,0.10793412003751172
c9866843a2ca38c5,0.5733920756486403
1193dd7feb2e1c1f,0.011644263832447639
145626c411263ea0,0.460573616755236
b2bb6e4261a0a280,0.9770729134104408
ce6c9830339e8d23,0.7511038605814316
e5a315b7bb844af6,0.7812402313222883
d85cacbda54cea30,0.27790911222256953
ec609eb2e4100b33,0.7942032666458269
0d785515807808bd,0.7755646295717412
6bcfa2aeebd0236f,0.32343115035948733
9ed83fa2f828fbc3,0.37450179743669904
f596ac3c62688ee6,0.9447874335729916
654c4ca75e7a6d56,0.5893736323851203
162146e83243572d,0.8563418255704908
9878dbf0860838fa,0.6180447014692091
332ca627787dd758,0.8298687089715536
679ad425e74f2477,0.2794623319787434
df5a276859dd4308,0.7808201781806814
e1f7d0ae0443184d,0.7384241169115349
a6434286f4234aba,0.6493533135354799
3351a9314dfcaa5e,0.04671381681775555
e19b22778dcddf3d,0.35193615192247574
a98a59904fcba403,0.553551891216005
efe47bc01bf23b67,0.4817814160675211
a1a862c811a320f0,0.45297358549546735
bdef7203033a959e,0.7209088777743045
0fa3fd428635e63e,0.2826664582682088
8ed23ba67702fe54,0.8715321194123165
ece14f4f1731d91c,0.8824046577055329
ca20fb73d0c544ac,0.22762972804001252
927bbcf7fa67bfb8,0.7066075336042512
deffe32d78bf8a82,0.6357455454829635
319944ea096b3a65,0.30918841825570487
19bd6f94f36d44a1,0.4554841356673961
6e7447b72d462201,0.22881173804313848
be6959210f99dd41,0.9732631291028446
bc1a4abb3dbcab55,0.2632756330103157
41032395ff67eef0,0.8963347921225383
2b4004b2678cf0a1,0.4104798374492029
469658e2c6728fd1,0.28791223819943734
e67a54cb89e72744,0.15172710221944358
0a1aa269dba98abf,0.3336589559237262
746e977975fa2166,0.07478899656142544
ca51e1b6ef04fd43,0.3591552047514848
dd96408688197b1f,0.7320451703657394
23b5530f05f1d9e5,0.7936366833385433
da29e21770225527,0.4146803688652704
adb83a06bb93e782,0.1995057049077837
0e4d2b4f26be08db,0.8851496561425446
6ece7a74dc7701ed,0.0645807283526102
e5306d42c50fcc55,0.06026297280400125
4381dd659292aa24,0.2964891372303845
e31ebedf532c25cb,0.4854935135979994
853b98dd483b98b9,0.28099601437949356
2e54b76182ee44e1,0.7882346045639262
338f6834e70af5fa,0.023376445764301344
b5abaa739dbebcbc,0.7592118630822131
5a8bb8464a290761,0.6443615192247578
f0e90b285061c449,0.11959792122538294
e66581f055ee3b78,0.6873437011566114
0a21004c4d12a011,0.36692130353235386
04cee8b938d82d19,0.1447718036886527
c2eb2ef42ef59006,0.5227317130353235
4db76ad147f6dde7,0.5384983588621445
388d2efe55423a29,0.9695314942169428
b9875250f7ce8623,0.7981693497968115
e354d93aaeda004f,0.9708307283526102
39e7b31ad6490a4b,0.5531025320412628
a31878efea02ed42,0.35071506720850265
4db06f2609831909,0.7810839324788996
e23ceacf623bf244,0.6017114723351047
5b30a3dce1e3fc54,0.9321760706470773
9b09b933e5488d29,0.5202016255079712
64f0282d10422cde,0.27298569865582994
d171c9bf0e731793,0.5524675679899969
699a9d5c734b80f3,0.45711550484526414
79281527b5fd74b9,0.24768482338230696
63b9f2af8362641a,0.7285089090340731
8e20990222b8b1d1,0.5568146295717411
cbfad4f1f811ddcf,0.8658760550171929
a6dde1511fe8d47d,0.36407861831822447
54e8815e9966bb51,0.9937578149421694
cda24d31d8c08104,0.6343779306033135
2e41b0e18fd08067,0.22331197249140355
6e8f4f5c6e28c26a,0.7436210534542045
1f4157812e2bb339,0.7097530478274461
c2d3133094dc0fad,0.12216708346358238
e7e2da8351240636,0.28454204438887154
ef2946985749757f,0.21639574867145983
ae735efdf3a84f05,0.7527743044701469
8a459d7c2b588a93,0.6633909034073148
df0d35696f4b164e,0.6221084713973117
8f745cf8cd93face,0.11684315411065957
7aef10c8e6aae208,0.19948616755236012
706e881832fde05c,0.9473370584557674
03a6674f904defe8,0.25764887464832764
f00500b8110dde92,0.8223956705220381
1475216e327695c5,0.8259221631759924
3fc20688817559fa,0.11082564864020006
70df3ece5d814a70,0.18269381056580178
bcf591e552b3ba82,0.015903407314785872
a04e514a6ca8156d,0.8535577524226321
f83e082f10dc4f9a,0.06188457330415755
21a0898a3f0c502a,0.19582291341044078
c9afe9c2efa6168d,0.16100734604563927
9423152627c5de85,0.8664231009690528
fc5761df1ee97d2a,0.4977434354485777
b51c1517f2b27082,0.32302086589559237
966bd6f4b801db6c,0.9050777586745857
c39f09a3a7ee5d1a,0.6908506564551422
cd4ab667a784a10d,0.9245662707095967
053911f801591901,0.5894322444513911
4c12cd87dc745584,0.6307732885276649
f0c4df4801e5dd7b,0.2332076430134417
1cdb9e6374b25c46,0.10047085026570804
55a04d93184e2087,0.908291653641763
b0259adc08c321ab,0.2889184120037512
3ebefad692cdc413,0.27664895279774926
83d05a33f78392ef,0.20918646452016257
57e746a1c420f866,0.7422436698968428
7086b53e09fe17c0,0.7353567521100344
2cefa5982f1e5321,0.5801617693029072
c4a61e6a8fa1704b,0.6642505470459519
cf3db8bd220d5bdf,0.7635686933416693
75c651d11c0a0337,0.07864762425758048
10dca6cd4d946194,0.4509612378868396
316d771ed9f0b6a1,0.4543314316974054
ef64650ddba7c539,0.15793021256642703
721f58982ee85da8,0.8896823226008128
e8f08bd5b06f41ef,0.03578266645826821
8c2e815ac865660d,0.7209674898405752
8191fefedc6afd32,0.049683494842138166
15c9fc425aed1fd5,0.5499081744295092
52f896a602e74ef9,0.8999687402313221
c8a94bf1f874596b,0.3868884807752423
64024839f91aaea9,0.694308768365114
23a06e4e391dfcaf,0.3816524695217255
76fc88367fd4b329,0.13441700531416068
e7ffd70d1007bf31,0.39400007814942173
4df67b2b4764df2b,0.9711530947170991
5e23b5ebcc3c7201,0.8132717255392309
97c325c9980b0ab2,0.18748046264457643
3c8bace911db4b05,0.8749023132228821
d3af2a4f1b0513ef,0.5671596592685215
8a66145d22484a10,0.885901844326352
f501884aa3b0a2bf,0.04182947796186308
21f8710a682b6ca8,0.5964559237261644
67addba46911ef5a,0.8237730540793999
cd5a8d124051f2a9,0.9480013285401687
a1acde423d140030,0.02835847139731166
6284cf5236839f36,0.6252735229759299
37f720257a8a7a33,0.6964285714285714
acc257668dc46b34,0.7254220068771491
23424057c8458694,0.3282764145045327
418a7b8fddf172d2,0.9468876992810253
dc356b2589e04c87,0.7466591122225695
f64eef65821a8f3e,0.48746678649577996
9fce647d5b47563a,0.9792610972178806
52f9976ea5b478fc,0.14238824632697716
d240c91989c04146,0.8121776336355111
47ef036d29375b9b,0.873143951234761
8808a12bef546809,0.3870643169740544
d3a20f2bcf2db8fe,0.729339246639575
a451d8e451fac918,0.3031806814629571
9826735b01a08344,0.4089070803376055
c4a29152e2eacc8a,0.0023640200062519535
631690ed30cc1631,0.9095908877774305
d84d8a6e6ca5eec8,0.2706021412941544
efbafec85fb00cc9,0.8629356830259456
24556c1044963c8b,0.9534131759924978
5dfe6e2137dc82e7,0.23535675211003437
b2400c3aa22283d6,0.3189766333229134
71602580e012f168,0.7268286964676461
cf01eb3e54442236,0.0548511253516724
1a07d25426f87edf,0.6224992185057832
13b3d3fe65bea413,0.39275945608002505
059edd840763fd81,0.8403993435448578
48288e044d74e7cd,0.7387171772428884
add068ffe0671cf6,0.20976281650515785
c99de47efecac792,0.7519635042200687
11cef543afe62f88,0.45760393873085337
e512156389905eec,0.24481283213504218
138703e658867a2c,0.6989293529227885
454c3092e6edd433,0.08699007502344483
dd957118652b5ed5,0.8074593623007189
af01fa5eafb4602a,0.25842060018755864
7bffcfd2a9da1725,0.8373319787433573
24f3f1ab071df78b,0.08289699906220693
3ec7c9ebab0a4a2f,0.8844560800250078
3c1d10f4646f69fa,0.125136761487965
9c5f959e1195fc54,0.1335475929978118
cda81aae0a16f97a,0.5364664738980931
2bf6c949fa0b6053,0.5493415911222257
546683ea9e5995f2,0.7356498124413879
c4563254d849a8c2,0.8091493435448578
e9e85a92d9ed5065,0.44173960612691465
fc9fd5a085f168e9,0.5474855423569865
54049d409156afd1,0.8480286808377617
e4c0d5c0b9045e4b,0.8343427633635511
058f290d4016fd11,0.18905321975617378
e14cd74f951c3910,0.31057557049077833
05018e18dc83e13e,0.9742595342294467
763ff25fb3a65368,0.34416028446389496
eb5cf6bf7c8b4e5a,0.793919974992185
013351fb7667dab2,0.6836022975929978
e08181f896cfb680,0.32521881838074396
e65d39ec9e3de422,0.7327387464832761
9cf499aa7626f14a,0.6951879493591748
f203a5ba78b7389f,0.7300816661456706
8ea386546c0f8c96,0.8947522663332291
0391f48a6955106e,0.08852375742419505
d2f70a0377eebc5c,0.2327680525164114
b96e54496b6a6713,0.7046342607064707
1ecd7d7fc32cc874,0.6588680056267584
a91fae320445e22f,0.09613355736167553
7f7f8d9e95bc3227,0.8122167083463582
8ed9c9b27ed7229d,0.45307127227258515
19862b4c0d2f34b9,0.41173022819631133
e5b1c6b3822addb0,0.6788644889027822
191edcd8d76cb951,0.985874492028759
6b08a1554cdf28c8,0.11470381369177868
706610ca333da138,0.5034385745545482
5cb5f8466022eb46,0.6572757111597374
acb3a526d9921b55,0.36421537980618945
947db252e781ab55,0.5887875117224133
e94881433d15d819,0.23725187558612065
34439005f71e07fd,0.6665364176305095
989a2593307d72e3,0.7086589559237262
ec8f1d04cffddc96,0.6470674429509222
11dd5f5d722fb0e0,0.7195412628946547
d6738bf320835a10,0.4241657549234136
025b09a306181a55,0.5213543294779619
e5e3f5fbf93a1918,0.5603801969365427
2d60731de40ca5ec,0.15951273835573615
96789dc76cce8bb4,0.765581040950297
e04c2f21eb86c30b,0.17107885276648954
eb4f7827e27f3e50,0.999
c72cafb3b0ed2058,0.05220381369177868
38e789ce64afac4f,0.6216005001562989
961a36d1522e6ffe,0.3790246952172554
d915888ab3fe3241,0.6555466552047515
6d047ff0d07fd1a2,0.1504669427946233
96212cff04501fdf,0.8067853235386058
6cb30ccf0384596a,0.8534307596123789
1878cf5a842e6727,0.5640434510784619
47adc8c9afbd6fad,0.25487457017818066
bcecb579dcba782a,0.2934803844951547
24fe0dc9ab19be83,0.10687910284463895
d56cbf99a17acafd,0.31899617067833697
5caed519a777c666,0.06899617067833697
de3dd7a6a4564414,0.6465692403876211
3ddc28164f664050,0.4419740543919975
45693136342888df,0.03354563926226946
143c3caf6eb25742,0.552281963113473
9295c919e27237a6,0.4372557830572054
0dc756a818dc5d9e,0.6722804001250391
67a0ca3f82ae78c6,0.09309549859331041
cbd51c3558265f5b,0.43259612378868395
b6df5050c31c7287,0.24058299468583932
73f20d006cfc47e6,0.3644791341044077
2de69b9443d4fc52,0.29353899656142546
1ea20c09b6c79a3d,0.3916946702094405
ea1427791f675329,0.6429157549234135
cd6c9a86e5c13535,0.7405927633635512
fe03f010fd99f729,0.870096123788684
3cac934a5e569272,0.6130919818693342
1f9c8c5a31c38592,0.3798452641450454
325d3152d318ac6a,0.32873554235698654
c796149ae059bd36,0.8328969990622069
139b95acad0d8500,0.02862222569552985
ef8ca6e1ad6cbc40,0.6920228977805565
738b1f5edad8bc5e,0.06024343544857768
00b5753c64f3aa5e,0.80450922163176
7509e02d19e2f87e,0.0457662550797124
a85aa8068fa925c9,0.7605306345733042
f8ff744430f73aa6,0.6097217880587683
4106129a02383134,0.18907275711159738
3be6495b6e47bbe8,0.6573636292591435
d58d8cb98c5344c3,0.3354759299781182
72c32db073874592,0.27972608627696155
b33541a9535d3cb6,0.5739586589559238
f117d4aad78b524a,0.613873476086277
5e48da846d46eabc,0.7475382932166302
b0b266000f2d6b03,0.8595654892153799
2aa63d23f11f3aa0,0.11687246014379495
7ca15ff99bdc719f,0.2772741481713035
286e550605b2d970,0.4034756955298531
140d123f8919309f,0.8078891841200375
5406d7c0119b8b77,0.7453989527977491
feb8f158efc528af,0.6686659893716786
20e9295f7f1b6809,0.3420111753673023
8c67df2b06a8af30,0.7527547671147233
0b5100f2d589252d,0.7571409034073149
a7dff4879e1f2c8f,0.945774070021882
6b9c17dec469153c,0.8628575336042514
b064e718f3825ae0,0.05269224757736793
633aa423117b483a,0.25457174116911535
2bd2dc8cda610b2b,0.754767114723351
16b4f1b4b30d7a5f,0.8851789621756798
7ce520db2bb5b181,0.8673902000625195
359fc18aad246386,0.49971670834635823
4040467f440a4681,0.4355169584245076
ba27a17c66a28567,0.5596182400750235
5e4bef63f0b3974c,0.7223644107533604
849863283a0793dc,0.6583014223194747
aa9c499ad44baf78,0.8463289309159112
a3fd494842016ae7,0.6127598468271335
5f079c78614b8a83,0.9562753985620507
7420f14669961a6a,0.7898562050640825
0a083c164a874ea9,0.16920326664582683
396f04d4bed14a3c,0.5610542356986559
bda29126d66debaf,0.3537140512660206
8d5ece395c6a6b60,0.6531924038762114
9ea22d08386ce3ae,0.10923335417317911
1a277b47ca192cc3,0.32142857142857145
5534d1ac3ad47ca1,0.5206119099718662
164e32a2b96ed3eb,0.8361792747733667
cdea1d25f481df1c,0.1648659737417943
37e1f37cd163cc12,0.8644498280712722
4f896e74ddfe48f5,0.509133713660519
ec881c0b42489ba6,0.441680994060644
6cbbc142e3b6532d,0.2527547671147234
af58eeb2cce1b1d8,0.15926852141294157
3792b407d3147240,0.31154266958424504
44abea18902dcc6f,0.284248984057518
f174b76e8c589bc7,0.4742497655517349
d5cb1d76e26e865f,0.9317853235386058
c953fc1a52b6d2ae,0.662013519849953
dd9860c103eaa486,0.11702875898718348
1a338e9358b4b71c,0.01057947796186308
28a055a15e2bee63,0.5159717880587684
d810129e88130889,0.4528465926852141
20b2f55f0ebfeb9c,0.4385843232260081
2dbfb79bb9d5d576,0.861187089715536
a4f168601004a705,0.6272077211628633
7419f46f112678b9,0.6775359487339794
7d0ff708b6d6752f,0.9338367458580806
cbb85fa489a893cf,0.062050640825257894
c46a723fbfa594f7,0.5712722725851829
2104390897549457,0.5071213660518912
75c276f7d0f29aa9,0.958209596748984
01a679a23b212287,0.8800894810878399
6cc58651b88eadb4,0.32631291028446385
14cf1ac65f8ca02b,0.11206627070959674
2a5d42d92966192f,0.3234409190371991
2010478948b9aef8,0.5339852297592997
31542ae607bdb59f,0.746366051891216
783c99f058bdb723,0.3885198499531103
8e49ec786a6d5abd,0.7231165989371677
d2b9a740ddba79a2,0.15945412628946543
47c1231311a7aaaf,0.47176852141294157
c7937d0c63ca6a92,0.7082877461706782
64628bdb8224fe18,0.2343212722725852
49cbb2ff9274a4cd,0.1212976711472335
a4dbc0e728a780d5,0.9050972960300094
54a5b82f046318b5,0.8980345420443888
daa0b6896a1749ca,0.2215926852141294
4a251ebb1de72153,0.9259436542669583
edc7eab7534ce904,0.5476809159112224
0d31a18c31d12329,0.8691290246952172
ef643ea0ac629b95,0.3964813222882151
39049e24be5a4306,0.9375
f41fb0591a5b1902,0.17232924351359802
ef3add49907eb895,0.2375937793060331
3c80e6a34fb3e4ce,0.8070588465145357
681bbfb8c5372f79,0.8573382306970928
007f4be9a3f6e89f,0.12718818380743985
25144a9b2bed9be3,0.6561523132228821
61233f40c0cdaa2b,0.2914973429196624
73a058838f6b7f2a,0.9451195686151923
cbc20660739af678,0.9828168959049703
8fc723bf625337ee,0.8149812441387935
3ba49bd9e60f519a,0.16036261331666146
6a3b3033fdfe94b2,0.5263363551109721
c8ed653c9f871795,0.8525027352297593
2f6d48d7acb127aa,0.6197542200687716
92ff64a44efeaa6d,0.3133108002500781
d7169f20999bc93f,0.9977043607377305
53604f2aaf701357,0.5254474054391998
a7001845bc2108a4,0.7703969990622069
e1c8d84bbb8add74,0.05617966552047515
0b6ec467b5610434,0.2780751797436699
8ac52d2ec127a096,0.3135061738043138
b10baee15fb9d01e,0.8556873241638012
221ebe5d40d467ff,0.7568966864645201
4fe55b114acc6ade,0.4328403407314786
d8482a667d8a69cf,0.23731048765239138
53ade36e2a1b1e97,0.929821819318537
23415b9cfe9e209c,0.6044173960612692
280c7808d94b9763,0.8408487027195998
de5885c6a7c6423d,0.9907099874960925
38de0e8716fdf6cc,0.6722901688027509
55bc25143589b254,0.7975050797124101
957e73c37d447545,0.16159346670834634
af84b2641d1c74b3,0.2630118787120975
e7be7f3fe2a831bb,0.07843271334792123
841f7e8235380174,0.8896627852453893
63d88f28c2a5df22,0.8677223351047203
8dad4fd4df5c221c,0.7917806345733042
3572ebf75eb17942,0.5575277430447014
25a1a550572c1f93,0.03242224132541419
6ae06440fe74b44d,0.9583268208815254
b4bf088ea90582b9,0.26026688027508593
6b9449d16e81079b,0.22112378868396376
4ff7c9e8a089b94d,0.7026902938418256
aa5c5648b80a1a3a,0.5417904032510159
5dc1f3d49bbbe4c7,0.7738648796498906
99546cb325e5dc06,0.9033193966864645
220c843637482425,0.5852903251015943
6608fca5b64d440e,0.8762894654579556
f29988dc0a3c0243,0.6338992653954361
51058b99b395787f,0.19603782432010003
ed1bbe11677f7bca,0.4264125507971241
9f9b85620fbc0cf4,0.3291555954985933
8aaeef3315304e45,0.34992380431384806
5d92173cdb00c0c4,0.3902000625195373
acbcfbef3b1946c1,0.11029814004376368
73cb612fe6d23320,0.7922202250703345
4216594871a36761,0.10291301969365427
1c2bf4927779574e,0.9077153016567677
1498d0dff1fb5394,0.3544857768052517
53f47e8f08b91aad,0.44894889027821194
c4229a0ce07e83b9,0.11210534542044387
bf61a06ee47b2027,0.10805134417005316
8aef635fd1b3a740,0.14585612691466085
0f6a8a20e3587b09,0.13299077836824008
75d7914477c996b1,0.36499687402313225
7b1790935e6cb838,0.03796108158799625
d680549ede3f6dc9,0.16589168490153172
f3bf39cd2ab5bd9b,0.3456646608315099
0b0930b54070750a,0.19738590184432636
3d97f118d250279a,0.9234233354173179
e9de0ad29a82a54b,0.5808162707095967
9485f200c4e02805,0.6199007502344482
12d95850d018d3a3,0.32845225070334483
ddc866b96dfc3aa3,0.772301891216005
45a33a8161cb4b46,0.23127344482650827
990eb9e1c61c80b9,0.2399773366677087
378b6aac03179007,0.21043685526727102
b6ce4df0bfb4d3c4,0.21707955611128477
a50653ff586cd76a,0.5300484526414504
65cd9ee07cfab83a,0.509045795561113
d2bbc0c9f79df720,0.9275457174116911
82ce816296a1512d,0.034688574554548296
e502c517a223aa14,0.21827133479212252
71d19ea693604e1d,0.2802145201625508
0d037e649d83d735,0.5950883088465144
6ba6991213384d83,0.7671928727727415
4cac0de9485495fc,0.8722452328852767
9a0be358e968c623,0.0936816192560175
f1ca34616439cd54,0.16038215067208503
e301cf1f2e4c3681,0.6567091278524539
d614ef3ad50cc2bd,0.7910186777117849
c0b33846eed21da4,0.26400828383869956
d4e499c8cbcbf2c7,0.7811816192560175
112d556866bfa77d,0.9283467489840574
3f5b776bac1c2a71,0.5918353391684902
97fe9a981d0717bf,0.5863746483276024
ce3280649c6eb5c9,0.7208600343857454
7ae7079159ced82d,0.41814824945295404
f1eb50e28869a50f,0.14488902782119412
52c8dc366cde6d2f,0.21759729603000938
ef14064579612c4d,0.7595244607689903
7897eec02201ca6e,0.3850031259768678
321d33ef853c8fb7,0.8810663488590185
96766da6bd7c3998,0.21535050015629886
fdccd120c1ead149,0.8516430915911222
288252f0e770ce50,0.6736773210378244
d4d977f5a3d8f01e,0.6992419506095655
62ea4677a492334c,0.8741012816505158
d1f182b83a420b6b,0.2511429352922788
0a8ea601fcc75d1c,0.7665188340106284
27930c385742439f,0.6826938105658018
13d12d929ca71339,0.9177965770553298
159b4f9fc1efcb55,0.041614567052203816
94ffb2f9a90b358c,0.5651961550484527
68615d70615e3b37,0.2185546264457643
d4a40bf8afd7e4b4,0.0768892622694592
e3dcfffec2d51e7e,0.1001777899343545
10366fd321e0ad43,0.35260042200687713
80e3f13b4e86e5f9,0.9363961394185683
6272a9e176561590,0.7152137386683338
14ead2f08e775ba6,0.738697639887465
08ecd3e0061305ed,0.5799663957486714
b91abfe0273da79d,0.9475031259768677
0c3efbd8c39177b8,0.9967274929665522
e9e21b290009d63a,0.2280204751484839
c188505410fa547d,0.5915911222256955
768d9e0553a1399e,0.0929685057830572
a9370f34870acac0,0.7820412628946545
9f6dbe29c2020549,0.27782119412316353
6da7088fbbdbdec4,0.5166555954985934
944a046635530efe,0.933729290403251
55a97e1488c333a9,0.1969560800250078
bba6644aefeb263d,0.7599640512660206
750f5d2c63709654,0.9427457799312284
b7f5c550aeab6fa4,0.6663508127539857
bf2efa05075a9f6e,0.3062578149421694
2987973344ab04ce,0.3405361050328228
a97d19edf8f608bd,0.2927184276336355
6138ff6754f14dc4,0.14789778055642389
87522437573af7c1,0.7009710065645514
57cc4278d6b67c5a,0.03598780869021569
8f29d789ebf40f9f,0.07450570490778369
15e17422c43ac280,0.25341903719912473
57faf77cf5f72f53,0.5347178805876837
febc8ada0a8d768d,0.16725929978118162
86ab68be69241db5,0.7270924507658644
5fcfe942606240bd,0.2401336355110972
31bf257f6a4a70d1,0.7800679899968741
a09897cadb789dba,0.06713035323538606
328299ca9da15ccb,0.35335261019068454
c95184d7971b2960,0.7957174116911534
6ba9df085d34410d,0.9936796655204752
396ed8ae6d33d2bd,0.7616442638324477
b058bc3c8a9fe33f,0.920463426070647
77b29cbb7ea1ac6b,0.8499628790246951
c8d191e05666d6f5,0.8824437324163801
c4d716a53ad99b70,0.6693009534229447
31d17f992245249a,0.09258752735229758
aa459cbd8c781f76,0.6365661144107534
7ba0185e8220f22c,0.17870819005939356
eb077a940d0bbcbe,0.605609174742107
9298c80a21191034,0.5884651453579244
037747626ac5db4a,0.22208111909971867
8ee7aa8b54022319,0.9105091434823382
a2b57b918f2661db,0.3669017661769303
e703b056b17c6038,0.2668705064082526
5d760ec696eac629,0.5563164270084401
68589cc32366dc9a,0.47212996248827754
83d1d02b456e13c0,0.6922378086902157
f5ea6585ff5edb0b,0.8953579243513599
32290819a9b6b754,0.42778993435448576
f0cddec42ddbe07d,0.034844873397936856
41d5134ef4aa43c6,0.3402235073460456
9a422d8246e3f97d,0.4487730540793998
341cbe1cbd51048e,0.22914387308533918
3d2c0583f01cd72c,0.6955786964676461
870996e4835ca83f,0.2231947483588621
28b09161f3b17dab,0.5594033291653642
051b367d8fe91233,0.06312519537355422
9b8aba50b3ab95c1,0.8440528290090654
ff5577bdd79bcd6b,0.19235503282275712
92e4eb0a0d4c41e0,0.953803923100969
575ace0896b22257,0.9370311034698343
a16f31da04bf60c4,0.43957095967489845
cbc13a2671d3578b,0.08429391997499219
876ba2c5e443fd41,0.660157471084714
5d5689e87dee129a,0.9352922788371365
71a60a6dfa7e1760,0.6963308846514535
f2a38a0b81dc90e3,0.7585085182869646
ec97de286c2686f9,0.19817716473898092
b77b633a5106f906,0.3291555954985933
972df202456969d5,0.1934686620819006
5d7f4e9617d1e7a2,0.1958717567989997
196dc3655d9d1d79,0.10525750234448264
7b9da0adcf1bf365,0.037042825883088465
b9d78de840ab100c,0.18272311659893717
803868566ffdbdc1,0.09430681462957173
cc5f60c8c3c2b5e2,0.19879259143482342
88919e17cce1dcd0,0.13261956861519225
88bff82c05879a44,0.17799507658643327
aa64759c290cdf84,0.47537316348859016
b224a7d8b6f39ab3,0.3849738199437325
ef11b15a28910cae,0.2858022038136918
7e08eb8d4482e7e0,0.8737789152860269
609b606891c6ff2c,0.13341083150984684
07ecd08d07bac830,0.43404188809002814
aea578dbbc154142,0.7722042044388873
9c702ee77f731a28,0.43176578618318223
74a102877446027d,0.6649734291966239
dd13d150ff97f653,0.8916262894654581
36157f72f10981f7,0.48882463269771803
808639f0db0c51a9,0.30364957799312287
d809389ba1350646,0.5599015317286651
353512ba78ee6085,0.006662238199437324
207ae6c9e8f4fabf,0.3773640200062519
333ed3894f0f2865,0.8458307283526101
c8e41f868f963ff6,0.7223448733979368
c0436a45e3cdfea0,0.0606146452016255
497bc4409ccbba90,0.8628966083150985
b29f7d1224fd0321,0.5310741638011879
7795ac2497824361,0.7458483119724915
28bd2f25cefc0467,0.2651121444201313
7a5268c2c0ad3fb2,0.46754845264145045
9335e306e6ef6c17,0.3998124413879337
380dbd85787bd38f,0.8659151297280401
4df3a358e7ec87b0,0.12014496717724288
b423d03461c67e1f,0.8500312597686778
8d6c8b00790579fe,0.3605521256642701
75302981ca660bf5,0.6677965770553298
34fae39e3b6350ef,0.43082799312285086
47ee9553918d83bb,0.7650144576430133
525eb09cf01d4422,0.49891567677399185
f285090a9d6de2ea,0.8481947483588621
9a015d0a0e9dca3f,0.36786886527039697
5b9ec24c9cacd921,0.38859799937480466
80f6887bba571ef8,0.4788117380431385
a0121be4cb97ee81,0.2341845107846202
98bbb1d875be50a8,0.7756720850265708
d13d14d73f638740,0.5232006095654893
b2c1f66103087339,0.3919779618630822
ed544070c1558a6e,0.4728723819943732
6dd8a5af5647059e,0.5365055486089403
ec707e8be77e5bf3,0.44349796811503595
435ba973814b0e29,0.5077074867145983
a003759cbad0ca72,0.298511253516724
4c1f413aeaaeca8d,0.3378204126289465
febaa69039e2d424,0.7730833854329479
1a7702c55d1c3c6c,0.6921108158799625
747b48174e7e8cc5,0.10680095342294467
e73a38787bc7abf6,0.6369177868083776
591163e5c881643c,0.7853626133166615
95f08a028b009350,0.22156337918099406
74cf8eff69e3ee73,0.05112925914348234
44639b509c809540,0.6961355110972179
abcf4a1f567f5b1e,0.5539914817130352
987d6ffc23a79a57,0.6379044232572678
e7aea6a6f0d83afb,0.6282725070334478
d9d2d9b2890a7999,0.31802907158487026
deeaee8dc56ee2e3,0.5148190840887777
ed44fe0714d05825,0.8427047514848389
68d0096d6964bebf,0.1854290403251016
8d52d8ee49e4e8ec,0.911788840262582
b877123e88a6a266,0.6386859174742107
8aae92b438c0c262,0.052829009065332916
40864f11272e903b,0.26894146608315095
7583bd973a7787bf,0.967978274460769
209764663e3680ab,0.5119666301969366
1802828e130f444f,0.8088465145357924
c7226e4c37f1c216,0.810272741481713
cd0110875b4d057e,0.4629180994060644
b66e634d66bc8033,0.07486714598311972
644bd7580a1fab58,0.44236480150046886
ceed54b1129eb356,0.4821623944982807
4a02d907bb4803fd,0.10979993748046266
d09af6dce02bcd02,0.13105658018130667
c81869bf2ef1408e,0.7725363394810878
455bd62f0c9a8b18,0.7978176773991872
8c648fe7475ba2a1,0.8523171303532353
e7c1606cda3f50ca,0.29542435135979994
386a0c809777aa8b,0.4295385276648953
882d6e6250d5d648,0.5311620819005939
e73fd396a2d7e661,0.3601320725226633
e1293605384c5923,0.052350343857455454
d8e5a75d55957e5b,0.8175699437324164
75e6395a1cc7d878,0.5965047671147234
ecc995a8d29cc898,0.7902957955611128
ba27e43ae6b021c3,0.32737769615504847
075b11725eefed48,0.9342372616442638
16e06a6abad58f9f,0.47133869959362296
039a18d8a9005443,0.9587175679899969
166eabcb1845baea,0.18914113785557987
150f221c402f471f,0.812412081900594
2af5183224226208,0.5483451859956237
30a31bbf87301908,0.12142466395748672
95c87aa909d557a9,0.02284893716786496
d70eb57711fa415b,0.9416223819943732
9464555817eb4951,0.8970869803063457
8d4e5d5935a1a663,0.12053571428571427
289e3f76cc551091,0.48310018755861206
8646ded190e78433,0.3934823382306971
f2e3c326fd923449,0.36760511097217885
83f8985c38ecf25c,0.35996600500156295
8b698836d194ab64,0.33407900906533294
74a48ddff930321f,0.17360894029384183
79a5efbbc2b4f8ec,0.3571917005314161
6e88ede348b8871c,0.651072600812754
d98b06d0f7e1b8d0,0.2694885120350109
dc56b06363e3abc1,0.5203872303844952
b5355653b987b958,0.17493748046264457
e5bc532f235bc0d5,0.22422045951859956
153cb69740320d37,0.2705532979055955
30ad5d4441533a6c,0.6865524382619568
05ba774a4ce6ab73,0.9213035323538605
ba467da19b1f2810,0.038410440762738356
9ad04a6b621bfaf3,0.7520123476086278
f605e43b08e76847,0.9229739762425759
fe2d494aa36b099a,0.27889574867145983
1e5a8f5e21430d42,0.5491852922788372
9b28fcb2ee487967,0.9793880900281338
2f1c0ef6d36a75c4,0.40824281025320414
37fc5525bb7de5e9,0.08708776180056267
d6538f0dbb2a123b,0.6974542825883088
7dde59a4542325aa,0.22871405126602065
20c617dcbd71f357,0.27750859643638637
77f00b5e8f833d41,0.808641372303845
869a14428379a740,0.44875351672397623
5fe5544f8e236559,0.7063242419506095
2d3681cba05bb562,0.8326137074085651
499be0abf97d1597,0.41648757424195054
5b423761773c3a6b,0.9627813379180994
57cfb14bc788cf66,0.7472647702407003
bf8ee8443882eb4a,0.7985796342607064
400e3c9ccfed951c,0.27844638949671774
95c34bd334691146,0.8800797124101283
441b99f616030e70,0.37976711472335106
d6449401e78d3385,0.4112613316661457
ee04b5380c7d4f07,0.8408487027195999
47350f4648bd6090,0.11792747733666771
3d184c420016986f,0.23918607377305406
2525af5583075cac,0.7168255704907783
37055ef29f0a3dd1,0.5055779149734293
741ca2e53f728930,0.8908252578930915
c2060532831835cd,0.7401531728665207
bdf51afd82ed739b,0.6079536573929353
87516eb4863191a1,0.7767857142857143
034a25e098498861,0.05255548608940293
2beaa963f217969a,0.9686034698343231
6b03ea3eb3783933,0.23983080650203187
99cd56ca4ca12f1f,0.1815215692403876
42288d86bd56d80a,0.33474327914973434
a5497f531ca73858,0.21641528602688337
6b8797ea062ce398,0.3306599718662082
1514a9ebdc630056,0.5297846983432322
6a47264adc77dad4,0.35698655829946857
4cbd1cfe1be11280,0.9198870740856517
555f489d111c7db7,0.38980931541106595
d3d1d52e817c754c,0.06797045951859956
80c2b83979b319eb,0.12314395123476085
b601ede8f1d5ecc9,0.08361988121287903
ac4e394f11848f01,0.7854700687714911
a5d564228af285dc,0.36457682088152543
872eaff0cae2acee,0.24401180056267582
ca524fe71b6054b7,0.48576703657392933
092fdb93d96ab75e,0.16578422944670207
b1224feb365fa8bf,0.19052829009065333
b5883c6e74b0ff0b,0.11327758674585808
7aade43a31d09f8a,0.31228508909034075
585ac3a63ccab1a8,0.22012738355736167
e4933222bb492af7,0.6102004532666458
d4fff28089f09f7a,0.8005919818693341
1faffaa35ce84d77,0.7090497030321976
27afb6fd6aac442b,0.012748124413879337
847a053fb85c500b,0.23521999062206939
9ad6971bd0ebf223,0.36537785245389187
a14e1a04f336c6c8,0.15103352610190685
50698da7b2db2350,0.4257482807127227
15655e2cf84c9cb7,0.7981400437636762
ef796da1e5967ff4,0.8711511409815567
9331c7e2dd294fef,0.556414113785558
b7796a59af546a3e,0.388129102844639
d9279cd811aae7c0,0.3981517661769303
df81c08c47af6c59,0.7980912003751173
1b9dcbf8b65b1a52,0.630675601750547
dd377f760a65ba2e,0.7961570021881839
995b4a4b97e53e5d,0.5443107221006565
13b533f79e5a5caf,0.8049976555173493
d4c903b8efe43c13,0.9625078149421695
4fb9e1bf5a2f571f,0.7407490622069397
ed595c03e7747694,0.19395709596748983
73e9645c3d48fbb5,0.012074085651766176
a4b5405b00736981,0.8919486558299469
2a653776755ba7b8,0.08749804626445765
158fa97bf999e010,0.4189199749921851
a95d0a261a3bb142,0.4831881056580181
ea46e88a59d4fe5f,0.09058494842138168
6496d7761a0c6190,0.32368513597999377
6f4ba984b6dc3289,0.4526609878086902
5afad3e6c2fda712,0.4245955767427321
02effb9a084a466f,0.4067188965301657
f43a5e53fd455d87,0.9299976555173493
49bcb75b2ef9551f,0.07019771803688653
b21c8167caedde33,0.006886917786808377
15d2bbcb8c316442,0.22367341356673962
523bc8b194fc69ce,0.2156924038762113
d7b8e5c99743aab4,0.5410870584557674
3ad43bd42075bb8b,0.9053610503282276
812b9840da2dccbb,0.916839246639575
e70b5a521c308e83,0.7460632228821507
3c45ba8ca9f6f412,0.10274695217255393
7f616f8d83b3eb18,0.37668021256642703
26c592e1845bb489,0.31822444513910597
68d37c0a802b47e7,0.8402821194123162
d8934f60893849d4,0.357738746483276
2a3dc482e2f9765b,0.3933260393873086
016da23592d81da0,0.11641333229134106
4fdfd4d0c0f506a0,0.762582056892779
729fc49d981fa3bd,0.39095225070334483
15deccf643c21df1,0.5068185370428259
7daf2f242a027468,0.13357689903094716
d51a0a86350f7add,0.030497811816192565
52fa3a33f632aec0,0.674830025007815
bb4d95ad5da1ac87,0.4024109096592685
cd23dbd0e165834e,0.0613277586745858
ba39191a07cf9e7f,0.5511390278211942
9ba5cac296310d3a,0.9138988746483276
d322c51efb437d17,0.09656337918099406
3af739b2f776287d,0.7833600343857455
85804c2e9c6d680a,0.09705181306658331
cb0cd20b25649838,0.2299644420131291
12c942ad8a277403,0.4783428415129728
289e502cd91b1547,0.6671225382932167
31c382a7004fe972,0.3134182557049078
d169a1c279a46015,0.8928669115348545
f9b4abfb6291393e,0.6032451547358549
6717d92d92048fbb,0.40787160050015625
469f41c8da1eeb41,0.562587918099406
769314bb014d1235,0.678776570803376
ff2e280d521989fe,0.2699769459206002
1d52653d4f3c35fc,0.07340184432635198
4c0ebdf6c9dd9fb9,0.17999765551734917
8e182e2e4650cebd,0.7259006720850265
f55714d17852a183,0.21143326039387308
f2e291daed34f717,0.7786319943732416
2fedf01adbad6180,0.13364527977492968
7079029a20553569,0.6230951078462019
7214daf28cec2f25,0.44184706158174425
3037ee52ce757f35,0.08821115973741794
301594a1fbd58308,0.48595264145045325
971dbbb99046d9fb,0.7843271334792121
c7647059905f4dd4,0.16547163175992496
796f7cb75fc0eb55,0.8987964989059081
bcf00da3386bb946,0.822718036886527
9fde66ee9b59f95d,0.05086550484526414
752d3e65ebd63369,0.269439668646452
1a6bbae0cb804476,0.4175328227571117
03cac4272e7b8e63,0.890717802438262
055fecf2717f29a3,0.62018404188809
a2aa85d0e1bc4e6b,0.445402860268834
ef9db57cac44e529,0.51198616755236
8c91442db55d9d64,0.6316720068771491
7cfa3fef2d1a1dfe,0.1405028915286027
56ede8d9842e0590,0.1653837136605189
fc74e63ad196960c,0.700804939043451
342867ccf7337815,0.13710339168490154
866f7ea3c4be20e6,0.5485600969052828
f45494a74c712731,0.6272077211628634
414228464c8b74af,0.726154657705533
e4a3f7a35452e28c,0.5493513597999374
c1eccbf012d9a361,0.1814824945295405
a715e394b41f3a16,0.2507814942169428
26a24b8218ee00b6,0.8770221162863394
db4b58e70acde06b,0.17553336980306344
deaf015c1e137149,0.07523835573616756
9d4fbfbf523a0472,0.9830904188809003
ff7e2911a22e8008,0.791692716473898
30449ce55b14d344,0.09720811190997186
b930073e02948360,0.6322581275398562
9326674b4c828c15,0.5344443576117537
a9b474db35164846,0.5936816192560175
9183d88dcf308c8d,0.2148620662707096
47c8c6f64cdc0a43,0.41024538918412
2ee4722095033329,0.5593349484213817
cb8a02ecca44027a,0.09084870271959987
1925e9dc63237314,0.596289856205064
dd36f08b99fcfa16,0.8622323382306971
9bbd43f6f760c243,0.7317521100343857
a766359aef66a25f,0.5699535010940919
4d10a4698fff400a,0.5772018599562363
44a6285639d7fcc7,0.6766176930290715
a64ce0de598f4714,0.6803004845264145
8c887a6a554fcff6,0.008166614567052203
ef3f3402f7530e37,0.0023054079399812437
e9cf43bab751f410,0.030077758674585807
1245634a78a3136a,0.15218623007189747
7c5ed75e73c20133,0.31137660206314477
ff7628423503cb61,0.10604876523913724
55df3baf4cb22442,0.12392544545170366
20497b1ff5df51bd,0.7324066114410753
fe1c1e2e166d6943,0.4405478274460769
0a6a2ebc3b004ba8,0.4224953110346984
ba16bc573e1d9a6e,0.5658604251328541
41ae92fc5f37cdc1,0.23757424195060955
ae05071f58d92774,0.2810741638011879
a8d4083bb2383da5,0.864918724601438
92cf17c3d59c9b61,0.020621678649577993
f591caedceef4268,0.2225109409190372
e3d006785a8a409d,0.5786476242575805
dcbc913499301796,0.13236558299468584
b630e1af9fc1f3b9,0.8233041575492341
7d6a1e459131bf25,0.9290598624570179
5f891649affd8c18,0.3937558612066271
7dc102adb7ad6667,0.4814492810253204
1b8c16064d0dc4d7,0.3665598624570178
8e5286a9c7d73ad0,0.1257131134729603
147e554cda420ba2,0.1536515317286652
18517e2df9cc10ea,0.42174312285089094
54ca2e9aaea55320,0.9805310253204127
a923278148853286,0.7005216473898093
cfb35f11977c3be6,0.4222217880587683
aef8a4667274a47a,0.06264653016567678
2c51172cc4d5eba0,0.27408955923726164
494446d84318c9ee,0.43053493279149735
aa652d97612fe50e,0.023161534854642077
baecb9e5cd4b2907,0.8566544232572679
c29488c64d211da8,0.2977102219443576
28746b4c4b26d721,0.03087879024695217
8a45d03fa3989bff,0.25404423257267894
462b3e544fe612a2,0.5936913879337293
359614f152fbbc2d,0.31478587058455765
5e953db789137f0e,0.6533193966864645
2a99aaa9555b3dab,0.44702446076899033
aa37a77bc447fc0a,0.9477375742419505
8c0d7f3ade155e48,0.08970576742732103
45b05dd1071039ab,0.9832662550797124
7e037c271c23576a,0.22672124101281652
9adb38d0576dec06,0.5702954048140043
532c84dea557da7a,0.6000410284463895
6c302b9662d3b5c1,0.27583815254767113
666231af023e8fd6,0.2440899499843701
9c06ef2fdb037a79,0.63835378243201
65230a28464587f9,0.27873944982807125
b3ea4baf43182919,0.5414484995311035
c1f297271ef8cab3,0.217841512972804
7c58e1fb77913d4c,0.9359663175992499
00ece1c11b40f8ce,0.0510901844326352
a820b5633583bac7,0.8478723819943732
b4e9165d8e2aebad,0.19318537042825884
85f20d358a8d6ce8,0.5019928102532041
148fdf734e431091,0.3253262738355736
67708062cc529759,0.5696506720850265
d764e50c36756862,0.9152469521725539
dc093657cc4bfbc2,0.481742341356674
08c0597e111a2388,0.584030165676774
58fc68c0720d8cbe,0.37968896530165674
387b7309eb20b505,0.667786808377618
cca31a05a820ea88,0.8549839793685526
be7e5b7b5839a348,0.7505372772741481
ef7aa159ba83917c,0.5480423569865583
3dbaccedf2355696,0.2605501719287277
3774263bf5c9a393,0.359917161613004
e830f76f4667709e,0.5559940606439513
c96965b10fe9e8ba,0.18281103469834323
aea0b2d75bb410f5,0.6359702250703345
892d778bace3f693,0.536017114723351
f46440975132762e,0.937724679587371
6084fc419fc10f1d,0.9188711316036262
c6fb1852daad742d,0.21100343857455456
2bd09ffffa247f82,0.18694318537042826
5ded576ceda86075,0.49237066270709595
c066afacb3fe3a52,0.5951078462019381
21e99c194e94917b,0.033965692403876216
7f4eef61767e4c67,0.06527430447014691
dd19efa057bdb4b9,0.12170795561112849
2b309ca794e9b11f,0.9673237730540793
8428fd508cf86cb1,0.6165696311347295
bd059d7efcd14494,0.8827074867145983
7fcd9aa10e5ab5aa,0.3145709596748984
9398c438c5fe8b90,0.16153485464207568
7401e49aee3edc69,0.6722510940919038
0520f17da71602b5,0.3096182400750235
efeb31befebbeedb,0.14300367302281963
df3fd48fd3b3331d,0.5911515317286652
14e14e2218536077,0.6186015160987808
1f92d25274d4f038,0.3688848077524226
7170ea34f6161e69,0.5516176930290716
04b0152464b775d6,0.47617419506095654
7653ee403f88ff26,0.41258010315723664
ee84092d5d680f67,0.9734389653016569
c41b6329fa5e7012,0.043753907471084715
1514f652f00c3b36,0.18273288527664894
0c6d11c69bcc6f46,0.44699515473585494
382f75d2edb9f457,0.899802672710222
ab482dbf08ad90d2,0.5497225695529853
5ecd94cb7901e72e,0.11912902469521727
176da975d008461e,0.6813652703969991
882d984b9b9d8fb6,0.3266450453266646
efecedca199bc74e,0.6385491559862457
5f185fd802f0c00c,0.5435976086276961
b7be75c69ddcfdc9,0.011859174742106909
4da0a9696b2e9612,0.37397428884026257
755bd669f9bccb8e,0.43869177868083775
dc744a1038657389,0.48800406376992805
f5565f23a877bd69,0.7989313066583307
45485cf629983a40,0.9131173804313848
9d8248668d721756,0.49662980618943414
7e637102a104b616,0.13043138480775243
b9095cbbb40751d4,0.9414856205064082
b6f5bc351054c7df,0.44394732728977804
d08fe94fcb0dabad,0.15484331040950297
edb4aa5de0832a92,0.3263422163175993
b142c9c1185e5f66,0.33012269459206006
1473309b954d71f3,0.8007971241012817
b604a5e504b627c0,0.9742986089402939
d5d6a72d9d2c827c,0.052711784932791494
aac5a801e8926a83,0.37989410753360425
45b600cd20830ac1,0.784385745545483
8b6f8e193f28c495,0.36162668021256644
9cbdc55a60ad3994,0.15240114098155672
59cc8f62d55aab98,0.018169740543919975
42f81ab5abcba09f,0.48723233823069706
758524a5d6a74122,0.7441485620506408
0acada29c4de07eb,0.46352375742419505
6bf56d0ceb2c1ab7,0.22657471084713973
03b29070bb68828a,0.1264262269459206
2f553bd8ba413efa,0.05803571428571429
c3ea0fbb29a15317,0.3836452797749297
797edeb1c8a9c95a,0.4745330572053767
beb71749be71fd3b,0.5025398562050641
c660714dc6059849,0.38698616755236015
549961b37bef9764,0.06834166927164739
dfac78eae9821675,0.08748827758674586
588c204b822eb2c2,0.674282979055955
e96e43deab9b69f6,0.8211843544857769
9c9a726ae65647b0,0.10090067208502657
58f635ddafc61c78,0.9660440762738356
d40624f11c720afd,0.8354075492341357
73575ac328053efd,0.5588855892466396
809a4127b076294c,0.9385452485151611
d476e643d990be24,0.22263793372929042
4d04534027759be4,0.39560214129415444
72c2c7664c8294e1,0.8223859018443264
d3bea4fa475618cf,0.692677399187246
7af7100957117fae,0.2969580337605502
bfeae03c16252052,0.2631193341669272
dab19b0b61104952,0.8400085964363864
8b72f86a4e6a970d,0.7337546889653016
c775b6de816c5092,0.7118337761800562
0de6dca19e114646,0.3740133635511097
0ee2b0fc31b7cbb6,0.08399109096592684
3363b132efc51b9f,0.9682713347921226
ee924a0428a40a76,0.17662746170678337
ac3726dc72e71ad0,0.4498964520162551
374584473bf4cec4,0.4574085651766177
e6b8e496d903523d,0.5990055486089404
8fe009970d6cbeca,0.37540051578618316
b03e574c8770e9d1,0.15325101594248203
27905f95e6931f22,0.430144185683026
8099a0f72ee1a1b1,0.30193029071584865
5fbbd8a6f4ba3669,0.14926539543607376
24033a02989369f5,0.7698890278211941
223faad452bc6598,0.7398015004688966
c5c13adedfefc67d,0.5058319005939356
ec24ebbbc53f73ce,0.05914934354485778
3a3e4d31cbad45e5,0.20225070334479525
79763f9ebecaea1d,0.7201566895904971
46806e41926c192e,0.6799781181619255
a5cfdf6746ec5cbf,0.8693927789934355
0ddbe3ef0aed551c,0.21623944982807128
b641fe7061b46442,0.04242536730228197
be98835c447eea49,0.9445139105970617
98aa4160c7876f0e,0.9370799468583932
0753638b45dfacf0,0.7536632541419193
e938301ba66e78e1,0.5906630978430759
64b695db5b68b91c,0.43819357611753673
2797a5b06b8c68ee,0.3703403407314786
aee53ec38b7eb6f0,0.561230071897468
d59b57f46a383c1f,0.4244685839324789
8c3a505dd927009e,0.3050562675836199
436e01defb530baa,0.06237300718974679
2f54c0acfcbfd646,0.7753204126289466
20f15dad96dc92a0,0.2724093466708346
8a16a230e343a296,0.425416145670522
fc511072e8631203,0.6055603313535479
5d976c71ca9049f3,0.6124570178180682
b207e579713d5841,0.993728508909034
ac03eddc2e2fd2ca,0.5687324163801187
6b1e6ff0118fe59b,0.8424409971866209
2cc92c1f6bdd93d0,0.5808260393873085
f651266acfce6c0d,0.2789836667708659
c3b49d19c43acd64,0.13177946233197874
05a27ebb8a82cea7,0.9660636136292592
f32c511446a68874,0.14082525789309158
108d6b400d52aa73,0.6681189434198187
7e3cd0895bbfcd9e,0.7706998280712722
2245ed07ee31662f,0.653251015942482
c81aede118be0e5a,0.44580337605501724
d664a113973613cf,0.48430173491716166
2899dbe3769e8b1c,0.510677164738981
164d8c33239c5511,0.5600675992497656
e753bb93c30cfba0,0.8773444826508283
4493eab669361ba7,0.34178649577993125
4e55ed26dc79c3e0,0.3932283526101906
1d2f7db4504f10b9,0.09899577993122852
9749ddc8b2a3a385,0.1121639574867146
9aab93db4ffdba7e,0.8883928571428572
88558205521546f1,0.38512035010940915
02a8e05f667b2fa4,0.2377500781494217
f95b0bb67413dff1,0.4945002344482651
b821f8fa7a26d286,0.179323616755236
bed1456aa64d60fb,0.7560468115035949
685b1294dc5f8cbe,0.7943009534229447
79a0510c936f5eb5,0.8320861988121289
07f28f119366b484,0.17067833698030632
949af0edccb8d159,0.7575902625820569
9965f63ba2d41ed4,0.0866090965926852
f635cdb577ae5471,0.7527547671147232
6419d144df4c87de,0.689268130665833
bc7f2dd2340df372,0.12653368240075025
cd35e912794bda2e,0.30872929040325103
abf3b6dbce73db98,0.3875234448265083
4eeba8a4c17e4351,0.4464871834948422
f612b9af4ce98bda,0.8279735854954673
d8120911733689b5,0.3666966239449828
723bd2532e39f731,0.5090164895279775
3889ee7a1f5fd62a,0.5368181462957174
66ffb196fbbb4006,0.2673784776492654
53a1c51ae93d0e81,0.5187656298843388
0a4f5ec5f9339110,0.29522897780556423
34416b6b8b600a61,0.19691700531416068
1e0b561b5df0447d,0.6738726945920601
43e848bf56ec0bb2,0.6081294935917474
1ace2be427eaf92b,0.15581040950296965
e24ea459233ec078,0.9700003907471084
e019c487befa7761,0.02457799312285089
7734ddeb14b3d277,0.1974347452328853
1961aba76570acf7,0.40634768677711786
276265c86a0e2a26,0.1428864488902782
4fc5594c301766d5,0.7042239762425759
bfd20f3d76573073,0.4844775711159738
8526753e065f5b50,0.8981126914660832
5c03ad68783d0d61,0.0615231322288215
9c83e80d019e0f5c,0.5581431697405439
4e6019e87ab5ac6c,0.7521295717411691
dbf6023ccc73b0e7,0.16392818068146292
fb35b29ad551c9c9,0.24160870584557673
3ab9a4e335cdfda6,0.4017466395748671
86fa9d51e632ae1d,0.5883381525476712
ab30ffa9ef0220dd,0.9749921850578305
ebfe496544b5a6af,0.7399968740231322
4cb026b93d1e4edd,0.23584518599562365
426a41478cfcfc22,0.31500078149421695
3e16e5f885a5764e,0.28823460456392624
dab52f137b1ba008,0.7468349484213817
a7e545c29eee2bf1,0.30071897467958736
6a50159c50f7f9d0,0.03093740231322288
ded3c69308607da3,0.7658741012816506
921388faeaacbc80,0.9829536573929353
8c90e1ab4a546bcd,0.3167982181931854
31b1827fce88917c,0.06089793685526727
d97cfaa40be224a1,0.13086120662707096
b4dae0ea6d15a25f,0.3751562988433886
ffb033e54895ee3d,0.8262445295404814
2b625e5d9c22b0cc,0.3814277899343545
87605745817d0ffd,0.06166966239449828
9717417666a66daa,0.3841434823382307
3267d4ecd26e96f1,0.22415207877461707
3399800c4f113d8d,0.703256877149109
f457366f48f27702,0.24495936230071896
5a6c4f9b661a0ab2,0.8231967020944044
76628bf9d8b6b0e6,0.9939043451078462
997a5333179da7c1,0.17936269146608314
044dbb2023ecc53f,0.9623808221319162
737497734f709843,0.8850031259768678
fc7d05c3ca74b0fe,0.2766294154423257
f5b74bbaa8085255,0.369685839324789
c1d1e5c41f539d03,0.6836413723038449
86f9c72ffb536f2d,0.9819084088777743
95b9d46eff640109,0.3494646764613942
3aff516939a3de92,0.2744021569240388
23c1d6b14d960725,0.0428551891216005
0b0950c974175a86,0.3523366677086589
e94d8ce0ed816caf,0.28662277274148174
037bc4751346a482,0.7619373241638012
d43c5617c5e69df5,0.9827582838386995
82c6f27cdcf850e2,0.8755372772741482
7652727437cf5e6b,0.15077954048140044
86f089e7c7ae0d75,0.7429470146920913
b9d7751ccd00d9c9,0.8923296342607066
0a079836e9e1ac2f,0.5465477492966553
90461cd0e33baa56,0.6866012816505157
825b16c4984f4382,0.5942482025633011
9054cbcd60dd433c,0.33315098468271337
770e4ea8a1273a1c,0.7019185683025946
518ad8ed2ff052f7,0.46054431072210067
f12c4df4f05fb6c3,0.22086980306345733
95a9d1c987aae5f2,0.8170815098468271
1d60b64e1441c91d,0.4619998437011566
84ed70c1cda568a6,0.41401609878086904
3d6e8f3a5d06c7a4,0.3361011253516724
eb1779538632b044,0.2068322131916224
bcf84068bc4b5615,0.33665793998124416
3dceaab87e5bd6cb,0.6608901219130978
c86b418e43874d34,0.4770631447327289
95397751cf365c4c,0.6176051109721789
e80b64dbd916f780,0.3445998749609253
d2a231ba481924eb,0.5972862613316661
e86aab1a495bc94e,0.0780615035948734
4c088c5147f6cc2a,0.5078930915911223
746c9771aa5c751d,0.41024538918412
90005adf46be6af1,0.11084518599562362
78338f5a63e742f5,0.6737847764926539
9c3f2d29681d0d34,0.7799214598311972
f93fd851b68279a6,0.9276531728665207
afed2c838b247303,0.829077446076899
995d752a3bf1fbb2,0.5826527821194123
33609320e5c7578f,0.1510042200687715
1ecda15121ffa27d,0.08928571428571429
47b2accb2f516cd3,0.8384163019693653
5571f2482997d163,0.8218876992810252
32897e94a9feeb0f,0.929733901219131
3d5fedc7f245d35f,0.40701195686151925
1b4707947519036f,0.550601750547046
3cee4d33cd4686de,0.523571819318537
155f6d74191258a2,0.5567071741169116
3ae6a0b3d379dce4,0.3391587214754611
dab9de12664f7b0b,0.313906689590497
cc73e04980d2167e,0.4474738199437324
be7f0f5d2c65bf06,0.6254493591747421
dea114b428048ebf,0.027596514535792437
deece306851a2a78,0.4338465145357924
d1ce358b8f732eb4,0.2982670365739294
e025d916d395fc1e,0.6175758049390434
f50d9be3d733fdc9,0.3043431541106596
a6c0d8fd193f76fe,0.49118865270397005
569e045332c790a0,0.6351398874648327
977114ec6d208ff4,0.08269185683025945
17faede0e698eb93,0.36467450765864334
0610c3287750d822,0.5489020006251953
58e6e26dd56a60a1,0.06678844951547358
bc263b5b32d9ae07,0.24199945295404812
8894323cc5f185da,0.08087488277586746
e8229221a1595393,0.23655829946858395
63c589b1e27997d2,0.7946233197874335
fe21e0f0344dfca8,0.7259202094404501
7e0194535136acfe,0.25205142231947486
cc859709caaa52f9,0.02607260081275398
56e7153dc35c0573,0.21170678336980303
c76e1ab42940cee5,0.47719990622069397
2ed46ca4b8d10516,0.46650320412628943
ae2f86a0a6c3b696,0.5797221788058768
a05d11d463a21a32,0.211618865270397
89e7dc0647f4db8e,0.5617478118161925
80934ce845013628,0.4707721162863395
f66422247e89d830,0.5931834166927165
b0a301739cfa2228,0.13982885276648954
42b93c5a8b628ba5,0.20037511722413254
f74f1673a45ce9b3,0.6695744763988746
2b76aa4b82e23768,0.3956900593935605
0d6190a27ee0d6ad,0.6518052516411378
7492fbffda1eb950,0.3707506251953736
35355c2d5692cdbb,0.7573362769615504
de976dafed9c0fc3,0.7522272585182871
e2601be919261723,0.06235346983432322
f56a91dde5defb60,0.2980814316974054
1a9c207021895aad,0.8868689434198187
86ec8e715d2efa2f,0.48583541731791186
7762b73652848f92,0.5890317286652078
ccd34b74bb18d71e,0.7062753985620506
eb6c259855aee52d,0.748730071897468
7bfe956eabaf5f10,0.49545756486402
38c6063d22fa4f9e,0.7937539074710847
46b7352aa3c8a1ba,0.4741911534854642
049fa3f6cc3a62a7,0.8659932791497342
5f77b44deef47d28,0.17828813691778678
27462f3d6cf43575,0.41596983432322604
ca854373b937b419,0.8376445764301343
1f6eb5f2da254111,0.6970537668021257
9262bb44aa7937b7,0.42053180681462954
d81678051b65ebc4,0.5108823069709284
0edc1ad07f4aa86e,0.8024089559237262
a8e836b90034f123,0.22250117224132543
c729d0e49b2411cc,0.9938457330415755
db925a43365c86f3,0.4723546420756487
1cda28c15e8e4170,0.7124101281650514
ef5a97a20c5118bb,0.912609409190372
4b990b98ec734989,0.7690196155048452
a96f328dda3bc98f,0.5386448890278213
b467b21cee5c9a57,0.13952602375742418
8c1694e84b06dad7,0.2535557986870897
7b038881fb7ec965,0.6704731947483589
60e46ceca8ca6531,0.3795131291028446
be2e51dc6bf61727,0.7945354016880275
f1063bee63d2cbd4,0.29786652078774617
1a3d53e660017625,0.31453188496405127
6db1dc15ad1e28e3,0.888129102844639
34f0bfc533c2a23c,0.5234155204751485
76e738496305310c,0.2790325101594248
a76e95f0a09b03d4,0.050621287902469524
6a0d13d3e413c0e5,0.12009612378868395
e002702b095c4d9b,0.5635745545482964
435eb85f778a69f5,0.0633401062832135
5584a339491f1a03,0.7493064238824633
9a06cac14b623965,0.46894537355423566
b199a982f9480beb,0.8598194748358862
e32add368c6de44a,0.26654814004376365
34824decbc66688c,0.34949398249452956
070711d7fd9b7ea3,0.6449671772428884
a1656b509ebf749c,0.972432791497343
ee96df140d42129a,0.9691114410753361
09fb51e0fded24ab,0.33732221006564556
77e04872ab10bf20,0.674917943107221
6b34ce0940c8c237,0.862242106908409
8b94f16483f351e9,0.6478782432010003
a7d4f13860590306,0.05771334792122539
66537bdf81c41f46,0.9319220850265708
3014fd36c07b8950,0.6503692560175054
789380ce86c031af,0.7982377305407939
dbaee9defc780591,0.6207799312285089
bad0375f198257db,0.1058045482963426
a7b766569c6f66fe,0.35543333854329473
efd3fc92b86b90cb,0.5776902938418256
3ca6e7825d948c12,0.590067208502657
5c73fed8f1d584c0,0.4332701625507971
cb7f45c4ee30e84d,0.6110503282275712
aac70ac68209f1cb,0.7310292278837136
fb253a15132c7c36,0.6103860581431697
4f1ad3d1864799f9,0.8511741950609566
06cc890b7c3abdd8,0.17520123476086275
48f5b50b05af6685,0.10105697092841512
8abc163b25fe8f16,0.09731556736480151
5220ee550d303425,0.7283721475461081
8f7e85307eb35706,0.5045815098468271
dec525eaa4588cc8,0.7236831822444514
8a7aa7c3acead22b,0.6009104407627384
0618f0627df67711,0.6500468896530165
5d9929a965640bc0,0.4841356673960613
b45f8124eea44b5f,0.1281845889340419
32e371f83b148fb6,0.9147780556423883
83b9c322c9febec6,0.380812363238512
8bb4d82df107f45e,0.5862964989059081
cc28d0d6ace393b0,0.37222569552985313
29c17f03906ad1f0,0.42183104095029694
b10cf30c243ed8c4,0.8386409815567364
85c180d755530692,0.21378751172241325
e9478d4c11f48523,0.03383869959362301
329d63bfe65d67f5,0.2891040168802751
4e7c7fbcb6fde9af,0.02496874023132229
1f2d4ca7586d9ef4,0.20045326664582683
04ff2418e503eb55,0.7817970459518601
5807d02f74d22963,0.5787062363238512
23aa15ff2408a5ed,0.24616090965926854
5c3fe62807fba6c3,0.3631994373241638
c97a3c1357c537a3,0.7108080650203189
bde91246f16123d6,0.10512074085651767
dfcf3493677dd9ae,0.0196448108783995
4a0cb390212d6320,0.6615836980306345
dd48f98a0e7c2640,0.3426168333854329
21669e26853a5beb,0.6772526570803376
c4c279dadffc28bf,0.784248984057518
27f99b00db0702b4,0.16022585182869648
823a471435809e0c,0.9201703657392936
36d9872df73f0208,0.5652743044701469
69b691bd3b11f565,0.563408487027196
051aab7c376493bc,0.007238590184432635
897a042cdd939f4a,0.9064942169427946
16e574aceb37758f,0.9315606439512348
7acdad670c7e177e,0.6723487808690216
af7211a4b66028fa,0.3198167396061269
3b768875237c8195,0.6908506564551422
a9e4e55b286f1971,0.6645240700218819
1e42f2e9ad67815d,0.2768736323851203
0d527f8f008f8efe,0.07462292904032511
4c2ccade1925c5d7,0.4631916223819944
b3a98dacc0702405,0.20964559237261646
9b8e0f7bf05d953d,0.09567442950922163
7968527b42656286,0.2038234604563926
caf14438584b43fa,0.08650164113785558
31e140000e0bf36b,0.3430466552047515
336acc52a893cf2f,0.4142310096905283
bce6e39fc4407c93,0.08121678649577994
d5e58bdbf23f01f5,0.046479368552672706
1ff7a8ec347ef2c7,0.3010804157549234
ce432d29b214887d,0.17255392310096906
44e820df9233e162,0.5954985933104096
fd036d6641276c78,0.49595576742732106
45c36909115a7b3d,0.7355521256642701
0c18ad3d4c7f25b8,0.7682283526101907
4502d8fecdca43ef,0.7872381994373242
9bf5cf3ace55851d,0.4689062988433886
0e04a1cc15af0b5c,0.013676148796498908
86bc772734133e12,0.6400437636761489
76fda8694024d3e9,0.6353743357299156
d244839566b6672e,0.5592470303219756
e165495e76c8691b,0.5454438887152235
18e8d9f4f0ed1ffc,0.38954556111284777
c198ddc9a1a0f0a3,0.16711276961550484
4f15b2cd5370863e,0.3755372772741482
5b71a33a75b4b41a,0.9721788058768366
85211a41d91dfa68,0.6475949515473587
31c3ad8e554acb99,0.5094560800250079
f05e3b467a207ea7,0.0015336824007502342
20eea1cacbacd917,0.8517114723351047
338ac2331272bb7c,0.263851984995311
e6740f272d44da83,0.8436816192560175
9368ba44560c50d9,0.3928571428571429
18e4039723086124,0.46658135354798375
c935d65cb1c5cfc1,0.23680251641137856
dd819f141dcc8319,0.10415364176305095
90488975d041fada,0.3475109409190372
a5aa463adede1f1b,0.59320295404814
872ac9ef6cc6a618,0.1753184588934042
ae4040a11f651b1b,0.41113433885589246
468c82067304eb0a,0.7477629728040012
cb460a2bc70974da,0.14210495467333545
366ae30bce6f5b98,0.3750097686777118
7638518d282a3163,0.8110933104095028
633878cd7103f469,0.3991286339481088
73b8cda0da8e3c6c,0.5119763988746483
b24a01610939d7fc,0.03759964051266021
99024e3163df7833,0.9407041262894654
f67fd1bdae4a88b9,0.4500136761487965
bed6a87757540498,0.25436659893716784
97afe9a3ddc497f7,0.39146999062206933
dd9f348a3e019188,0.4777176461394186
34946df4f3dcb0b6,0.5876055017192873
9444819c9eb0c9d9,0.7547378086902157
fb4483e1ad010ba7,0.025281337918099406
00c68b30c299654d,0.3520826820881526
72515cd3d8b3aa9a,0.734331040950297
908510f96be347b0,0.7702309315411067
99a21c81b1b48573,0.3777743044701469
22f68a423b09a5d9,0.04642075648640201
e7f04cb37080c9fa,0.0244412316348859
dc02fa202a12aa6d,0.23279735854954675
10d0b7f586529eff,0.1273933260393873
ffd7b011eb85f998,0.5553884026258206
e621dd32e1b264df,0.209801891216005
4af1a1f24964fe8a,0.252588699593623
811ce0830dbadcca,0.06239254454517037
19f0e848aacfeb93,0.6405224288840262
8d3f02ada61029a5,0.7200199281025321
1e2a07a17f935db5,0.1458170522038137
32328db851b10b18,0.29543412003751174
9ee145457cc792ea,0.9187343701156612
ad8df560233793e0,0.17911847452328852
d22762aa0ca69d56,0.5264438105658018
f8355291593dca46,0.7098018912160049
0c612654e51e01fc,0.12222569552985307
ae7e23426e25bea2,0.13222882150672086
e009b5beb1619a81,0.7875214910909658
520faa13a8c7065c,0.907793451078462
b5f1a39aded71e0d,0.10002149109096593
de6cb6bc5b8d1640,0.4994236480150046
d51fb6ba7bb6913b,0.852698108783995
a1375923af03ec27,0.7373007189746796
8c4b7d8e2bf037d3,0.37502930603313533
681405cfbc0dd97d,0.43989332603938736
992164c7365bc333,0.7202446076899031
4814a10f30ed6822,0.624775320412629
f125562b955f34ac,0.32010979993748045
8665c174c23e0232,0.2689219287277274
c03010cc5ef028ec,0.9341786495779931
d2cbd396091301dd,0.1527332760237574
c5b700f429ada2a9,0.48858041575492334
07d97ad7c5757563,0.28332095967489834
abe88bd25b74cec2,0.9179333385432946
b5242ec51fa10803,0.21414895279774931
504c204a4b07adc1,0.2696545795561113
eb3e885ca8381431,0.4363961394185683
88019e77a7570235,0.690635745545483
4f5b5ab494b7fa3c,0.6521373866833384
ff857c8685376696,0.6862789152860269
c97ffff5899cdd5b,0.8970381369177869
06d8545946fb794f,0.8190645514223195
86a18a847664c8db,0.46086667708658957
236b7caf60e83702,0.2946623944982807
b7362d1c5e6ea485,0.4027723507346046
75a194abbc3951a6,0.7132013910597061
0739352b03f43601,0.48487808690215695
d5fb0ad6dfbebd36,0.06687636761487965
ab3267950cbf32e4,0.5828383869959362
061b96409f1ecea5,0.24993161925601748
77507cbfe35570ee,0.040188340106283214
a36af5b550eaa873,0.6508576899030947
9ea7c406af2ba7ab,0.7341258987183495
f67f1e53508bf00a,0.9329282588308846
c1e4dc287c41d581,0.19093857455454832
a53a53e86b02f37d,0.38597999374804626
608291782c527827,0.3916751328540169
d0ad07399c84455b,0.6236030790872148
fc8986567718f61a,0.9366598937167865
5dc1fc6a5d643435,0.7542005314160676
5c05741c61417dc3,0.4854642075648641
d702bbe78e1fa189,0.1106791184745233
e781540ac8518204,0.17405829946858395
7dfe0b8686f2f32d,0.6849308377618006
150a93d31aae72a3,0.32399773366677087
6eef12e9a09066d4,0.9088582369490465
636152d21bd16667,0.8152840731478587
c7f6af439da950c2,0.11770279774929665
27acdee466fcf485,0.9772487496092529
a8804fe9eee0fa90,0.053034151297280396
6192ee4938021f38,0.8836159737417943
fc02f9550afeac41,0.03838113472960301
7c9ba87d30178a3e,0.9282979055954985
a17444b2e1cdd78a,0.6841786495779931
83df6fde56cebe4a,0.3375078149421694
b35110acb0de3b77,0.7810937011566114
9fc1dd40acc8bff1,0.9060057830572054
0c521eb5fabcd49d,0.40456001875586123
e081802079fcf55a,0.8436816192560176
12aedbe868f79776,0.015493122850890904
be8a2586f0738799,0.6466473898093154
077d63174223dbbb,0.14396100343857454
bf95a5f9268fccfc,0.3538117380431385
51ac7bebc69eaad3,0.8406044857768054
823b8b0cbed56665,0.6664484995311035
7b06037a7dc44eab,0.8285694748358863
c3468f13ce305a3e,0.9247323382306971
82906bbb278815e9,0.08258440137542983
26d93d94ea19b1b9,0.3761233979368553
d59469ecf7c3bb29,0.377451938105658
7db5fdf7d9e7b81b,0.2999277117849328
251dd43cde3297db,0.44982807127227264
cb1945985d64f4de,0.3021158955923726
4eeb92e907af170f,0.39319904657705534
feb8fa429dd67ef4,0.6835241481713035
4de67c2419537ea6,0.16286339481087841
538e4f56402af36b,0.8555798687089715
a4cf878441380a52,0.8352024070021882
96be7b3de04ff62a,0.5704126289465458
39c3d3887c8c1a94,0.4182263988746483
1921999c1eb2c5c0,0.7657080337605502
d57e9b30000ad4ad,0.6165696311347295
7c4dea060b3cac3b,0.8620076586433261
b72576d562bd56cf,0.7856263676148796
e1b21c89aa287e10,0.25872342919662394
ea91d426f07b035a,0.2898952797749297
e3fe0ea3b0e68165,0.29087214754610813
733a4e55740edd52,0.70939160675211
e3ec47884acfc533,0.9458522194435761
8b4fc284f4d71fb3,0.7588894967177243
ecc8c2db5ddf594a,0.05444084088777743
6a2e9bd8a0f89c66,0.3924273210378243
330cb959caca2412,0.9322542200687716
d9ec4fb651c85ebe,0.3401648952797749
059f9fe46af8bf1c,0.34028211941231634
3a4738e51c5cab59,0.5555153954360738
2defc05f8aab4fc1,0.8708287746170679
5eff676251527676,0.06614371678649578
fbe244ca19447d90,0.47422045951859954
6a795f7ddcc9922b,0.09930837761800562
31e47d59215b37f6,0.4138304939043451
dc507cec24e10ba0,0.7028172866520788
a6bb01f0933df044,0.15569318537042826
8d856f853ce1deca,0.4672651609878087
6da96325a4517519,0.3623300250078149
1154f92cf57d2532,0.039875742419506095
f6f5511b39bec2b4,0.0044740543919974994
52b72c128d8d91b3,0.847657471084714
75e7fc7c7ea0f472,0.5456001875586121
197817ba33606b5a,0.57158487027196
c1951ebb86cb1446,0.7492966552047515
c4c41b18d788438d,0.6984506877149108
aa26bb9dcc890fe2,0.6766860737730541
c2c4703ee4c876c6,0.8437890747108472
4c5d7e0beffa310b,0.07049077836824008
83c908bdb66cb2b3,0.6634592841512973
f5402da16c14957e,0.353059549859331
2ab80ba80d56a41d,0.6284776492653954
1c6b71fcf804ee07,0.6725539231009691
2f3e4501cfcf6dfb,0.6348761331666145
e6dae542e381015e,0.28722843075961235
eec4124d10360067,0.040071115973741786
9105a2588a4a2770,0.6868748046264458
130f75788d8a46aa,0.46511605189121596
8835b5e539659c18,0.39668646452016254
d219e6e0ab855f68,0.6128086902156924
0723230fe86de14f,0.6175171928727727
e81853b0b0f8c271,0.11269146608315098
979af46a1f611253,0.6976105814316975
945f78f066a99193,0.34881994373241637
9fd22540f39891b0,0.2259397467958737
2631c1e94bf99eb0,0.7934803844951547
41d6c34577272404,0.35732846201938107
13285c2b73770aa9,0.38297124101281654
1d2b2b68357f4992,0.07801266020631448
5e3172665089f4f1,0.8458111909971867
9f7be9231e3552f7,0.7346827133479212
6e458ab88b4204e1,0.2987163957486715
10739a7eee3e87cc,0.150164113785558
a326839f328dce7e,0.9510198499531104
2e706184335e4bfb,0.9032412472647704
e10da35ed5233e23,0.06280282900906532
85df2a159bcafca0,0.6513363551109721
7e459f89aae58555,0.25361441075336044
c5733fd52fad180c,0.5345029696780244
d78be06de4424dc7,0.04995701781806815
af782e55eeec3b26,0.8308553454204439
a5428b7d3e5eb0a2,0.3727532041262895
8d920a6bdb004f92,0.9755001562988433
f4be0e405024df8e,0.8432420287589871
d5059f8f88290d5d,0.4581900593935605
e368d0170d51ce4b,0.3239098155673648
d8ddb30bad626df3,0.3434178649577993
d1e892e5a070ad3b,0.1526844326351985
8a30b24e45c8dd56,0.41075336042513283
7616820e7f2f060c,0.097110425132854
35bf1de33ef37b4e,0.8555994060643951
7fc73341974a9c57,0.8516919349796812
9f5bd41b72cee0ab,0.19654579556111285
44e5daba8a615664,0.7864860112535167
6a29aa78116608ee,0.6168919974992186
74c36fa527d5e914,0.18872108471397314
65e5065a97a00477,0.4932400750234448
2bb9d6b7e64b8108,0.08503633948108784
297129de9133a71a,0.2156728665207877
e6233ca37ff20ae1,0.7048394029384182
e6c230b1db202085,0.832574632697718
042447db024700a4,0.09436542669584246
5347f880cf1bb93b,0.40524382619568616
f7f2f5d41652f6cc,0.037843857455454835
71ccebe269774017,0.12546889653016566
5d89474915222841,0.25542161613004066
583b0f485ee37a28,0.1969658487027196
cc5a91f4a1b878cf,0.9574769459206003
636604af09feb6f9,0.077670756486402
9149bfd2414e1f06,0.6763637074085652
69c71a71af3a6a93,0.18969795248515162
5cab1ef744ae1f07,0.5127090497030322
2c01a13c5bd11b48,0.7311659893716786
3dd5148c39f554e1,0.13250234448265083
e55b6c8712632bca,0.4661808377618005
1e70f997f11d309b,0.27871014379493597
0b5140a69c454fd2,0.181414113785558
bf3433f1790ded45,0.613189668646452
848bb9f5e15ea664,0.3867224132541419
ddec6d5fb5e1d8e6,0.8586667708658956
483be22ba816efd7,0.15999140356361363
c5e5341d9853e204,0.21346514535792432
21afeb4d02745cb0,0.2510061738043139
214573582fdadc69,0.4879845264145045
1584cb670481cd0c,0.8041673179118474
a5b74fec60dff97f,0.9497987652391372
500761048fa68af7,0.6033428415129729
17911ade8f9db4a9,0.5730599406064396
0d5e4ec73265e718,0.8931208971553611
9a23b511d19c5b74,0.44676070647077215
b0a68b6e9b5aa0fc,0.5439492810253204
f2408ea825dab651,0.44009846827133475
c46a0253ce15db70,0.6910264926539544
280ee758ffb1d1f5,0.36823030634573306
f120c6f37766ad60,0.2939395123476086
f0bd6e897436f50f,0.44323421381681777
d9838a74cd5c15d2,0.025779540481400437
ef4f4beebb23098c,0.6239938261956861
81e1191f9eeac89d,0.47043998124413877
38a4b85540a1d008,0.22914387308533915
583c98e432bf450e,0.6530458737105346
9319566dff410e11,0.6256251953735543
967a61a65ca3958f,0.11315059393560487
78d063e4b7ce7f7e,0.320178180681463
d2f8e62df2e4ba25,0.5967587527352297
810d2f780629077a,0.8245057049077837
3515d882b6639805,0.5859057517974366
11e50493155c9e73,0.9624003594873398
4ed708372af004b4,0.8979856986558299
c4e45da34ddf3b44,0.5964949984370116
c8a93dd49c2a92bb,0.8606693497968114
0db19fe44a9a780e,0.07221006564551423
2b3538d47f1c15b4,0.16889066895904972
c3310c72d9734462,0.46352375742419505
14085746773f19af,0.04361714598311972
556db80d967a1693,0.2559295873710534
43fc5ae409f4f500,0.7502051422319475
081a87f22c3b38c2,0.8819846045639261
d375cbc133ed4f4e,0.6681189434198187
5ad546feb694ad21,0.3671459831197249
4f93720827de0ed1,0.42291536417630515
3aa17624d6ff3bda,0.15277235073460455
9242e8dc12c52248,0.6058436230071897
6842dfe6284804e1,0.9234721788058768
0d73a6a834744d44,0.412335886214442
0830204cd861c6bf,0.15697288215067207
66161f0924e78225,0.6752598468271335
496464a4d50db8c5,0.6325023444826507
06324bbe66728955,0.8344502188183809
14f78d4e391911eb,0.08621834948421381
2b82c80f72759096,0.18675758049390434
098ac1d81b9e8c1e,0.8460358705845576
1b76ea6cbf734ce4,0.1194904657705533
0500bc92e5b55537,0.24271256642700845
ac5aed573f280b25,0.2825980775242264
ea03975f1d5baea3,0.3076449671772429
88b17a552fbab232,0.5913957486714598
b8de7af9fcdbf382,0.7865934667083464
1200abef5b424cb7,0.007092060018755861
31b60e9d8cfa862c,0.15322170990934667
893db3bdf6bcd36a,0.6707857924351359
ceb6b035da1d3d7a,0.6578520631447328
4ec436f2d7284b90,0.3197776648952797
8aed9038981199a5,0.3089735073460457
0004c2d09b2a5399,0.5572835261019068
5205db0c297b51cf,0.6876758361988121
fa00a8d5645e29e8,0.19259924976555173
e059a125b2f75271,0.8342841512972804
0a245e9039a475ae,0.5222335104720225
f6dd2588e26ea334,0.6863082213191622
973b401c5b3a29bc,0.5590711941231634
3c3d0acff02d8d77,0.8391294154423257
29614e0f15db6e61,0.4964442013129102
59556138531e1193,0.1754942950922163
6864e194fe467f06,0.4590594717099093
92d1a78a0805f085,0.5570686151922475
673c83d5875338f6,0.8388070490778368
97b9da49283296e1,0.08596436386370741
8e266443d27cb222,0.3750586120662708
01740ec6cd7d3fe6,0.7956783369803064
bf22ef3c96b1cf8c,0.10552125664270084
eceff6a46e6bb846,0.2658350265708034
595cd3775c548381,0.23154696780243827
dc88015ad74c395c,0.29224953110346985
1d829ac1fba966c2,0.19846045639262272
7af5a547c0ff87df,0.15459909346670833
42082090188c20fe,0.9178747264770241
f7c6df36a4354bbd,0.39784893716786496
fa583dbce17dca3f,0.5256916223819944
31b430017b021b90,0.8632580493904345
7efc9cb13b2def86,0.9035538449515473
d06fda4e5bcfc129,0.9856302750859643
72cb2bb85767bcac,0.9200824476398874
50f1226e03b9f878,0.3031806814629572
24eed0e6d7789047,0.6432185839324789
d026da38fc55bfdd,0.28426852141294157
47c591c2bae2052d,0.4511077680525164
92966f857e0e8aaf,0.29520944045014064
56b22e07fb9e4c9f,0.9603587058455767
95e7a0024d29a8e8,0.7479876523913722
77413f2ce0fc0b0d,0.43680642388246327
169ad5f354082bda,0.44333190059393557
cb6a3ddb00bb4caf,0.9241755236011253
c1351ef23bdee19f,0.32201469209127853
23e0eeea647bf809,0.4299195060956549
52cb9f8084c2979d,0.7201762269459207
7f071403034451bd,0.9062402313222881
64c6b8a675d8d210,0.5571076899030947
25bcfd9c6c4bc119,0.48082408565176615
68234d071437f6c1,0.10975109409190373
cdba54b09ad0a5e0,0.29795443888715223
8b2a453d25a9793d,0.8109467802438263
379b3cf15b5cd618,0.12523444826508284
04f8b3d8fbcd3c09,0.26999648327602377
8db2aa7a87a0b0b0,0.6291907627383557
09904cf5297e4c52,0.49528172866520787
e5d6021439d46003,0.6317110815879963
87a2e4212129d19c,0.912697327289778
e218c57596992271,0.5066427008440137
18b98da5b42722da,0.4250253985620506
449920a89db3ac7d,0.806648562050641
9ce041cdc0639315,0.5852610190684588
722f357fdbd5c880,0.5638383088465145
d468cd43dc6a08bd,0.9766430915911222
9700c7a3ef819ef3,0.8797378086902157
b7f1d881f8c72980,0.15307517974366988
b23236c476c94144,0.9208248671459831
18dd1046074e1b37,0.43279149734291966
55f227029ee88bf8,0.2689121600500156
5e3b8e365345db58,0.23890278211941232
d97a5d6269148ed6,0.5273913723038449
ec6dfb974b3c0b88,0.8570940137542982
7ff4153e9bc66bd5,0.7378086902156924
70ade30377aa52d0,0.5823304157549235
e81c74c9a5e64310,0.9082135042200687
27609b892f19ce38,0.21987339793685529
665fe4d9e267c32d,0.8947034229446702
e4efa861a25c36f2,0.8056716942794623
707cf306deb0ca20,0.3249355267271022
53a0fc682407a107,0.7588406533291654
4bd91ec011ba7743,0.04541458268208815
3b7c880189ffdf65,0.6264946076899032
c5f1834657b1d9a8,0.7057088152547671
60a043d7036ea402,0.35629298218193184
d69dc65f9a8e3647,0.4923804313848077
c3978282c1335961,0.7498534698343232
248bcc5d97740cb9,0.4035440762738356
ba074101d0551828,0.5606048765239138
f22fd6cc76b9eb99,0.03991481713035323
cad3b5acbccd1a75,0.06375039074710848
4e3d749c5d0d8b99,0.6710788527664895
1024028ec93908ac,0.9950765864332605
db5f96700f81e32e,0.7287335886214441
d00456f5c537affe,0.19901727102219444
ae6c9a4ac1923d77,0.19946663019693656
5c4ef0457f9b795e,0.38302008440137536
a36087b510ed1bbe,0.9162140512660206
9700dc3668cb0d40,0.0019732728977805564
e404394c28efb780,0.4560897936855267
0720a1b755cf55ed,0.610415364176305
035439e10d353f33,0.31156220693966863
53421be12c0c7d0a,0.7116090965926853
c76422f9c7f1c224,0.07871600500156299
ca75e192477ae30e,0.3558924663957487
480e9e2f5f6eac7f,0.5869607689903096
b1b0c9414a07e81e,0.08479212253829321
e09f31da0edae6b7,0.236011253516724
9386dbd09f1eea31,0.42838582369490463
4027ad13f744ab47,0.7873163488590185
dd57f9a9617410f2,0.8731537199124726
53816ae08db4500d,0.413156455142232
d39479f04b318c0d,0.7768150203188497
5223cd189c2850d3,0.3610503282275711
8c0a9ec776187a0a,0.1127403094717099
387c460bf9c82eed,0.6665071115973742
1fd31e1faa118ee6,0.18093544857768054
49fba05cb591b00c,0.09857572678962176
bd80ada68eebd0b9,0.35260042200687713
0e3f686f072a8a0c,0.2549331822444514
84925d826d461c4d,0.662658252578931
a7badd0bb8ead7cc,0.5148874648327603
e2c838fd32fbb729,0.2769420131291029
3a6cf220f53b4cb4,0.5428649577993123
9dacb79ad9fcf34d,0.5020123476086277
92aa4c1f7f258a86,0.7347120193810566
c85e22a117db207d,0.1859467802438262
c5acfefdb9e64f54,0.2830376680212566
26015640e05a3378,0.314453735542357
834b3501453f5c5c,0.5456881056580181
42af151534cbcca4,0.3412003751172241
6342222ab4bd07c5,0.9131466864645202
cec95d0eb86b553d,0.5325980775242263
b4129a57f4c5c1ca,0.43680642388246327
8b51d76d9c838743,0.32260081275398567
36d6124fdfb6b5fe,0.3795522038136918
2212f9196bf749b0,0.9732338230697093
fe9345df75362fb9,0.5941505157861833
75774ccf0b19e8bd,0.16910557986870897
026c096720d1702d,0.7518755861206627
6aca91fcef83cdf6,0.4367087371053454
8fc4c42ef85eb9e6,0.9797788371366052
1b64496c26985a3d,0.17539660831509846
591d0017ec185df0,0.5809725695529853
028968c773b11f62,0.6125840106283214
3a09eb47d1ba4acc,0.004581509846827134
000019235d24a363,0.6180740075023445
ac5122e50d1ce8c3,0.48919584245076586
7d4feba02220abf7,0.015209831197249139
e59a3b16b4a6d416,0.837351516098781
84a820be4f12f7cf,0.18285010940919036
2f535756a73607c7,0.9679391997499218
fe5a15197d453416,0.02610190684588934
dfe7a446a8aeb1c9,0.005275085964363864
0ba28eeeb91393c6,0.3875332135042201
6cbf1767b759c6cd,0.4685839324788996
a6e42b03d097a184,0.7842880587683652
da6efa9d56a293d8,0.6341044076273836
20eb958ac40ae3ec,0.14033682400750233
861472b884b8b80b,0.8736421537980619
83313fb5d3e30121,0.2380822131916224
75c00015b88462e9,0.9535987808690216
abad9a6070f32056,0.5435389965614255
dbb0ac574180786c,0.836843544857768
1ff23956ddb48080,0.9481869334166927
1030748990c873e0,0.5461667708658956
3b392b51ebbe98a8,0.8815743201000312
9bd3ce96b5220545,0.25423960612691465
e80afbedc991fe85,0.9513226789621757
b892e30bd65f1cf7,0.1930681462957174
45be6aeb64cd6e75,0.2801461394185683
10b2dab220d2112a,0.790422788371366
397e2c46ae990a0c,0.4691895904970303
19d3b02c14e869e0,0.29787628946545797
cd4dc389be000277,0.8197776648952797
fddeaaa21cf9f333,0.42832721162863396
c73cf810b1eec5b7,0.1456607533604251
2d89c6930c494b36,0.6067716473898093
731c1ccc4e036603,0.13197483588621445
a9448f44773fe67d,0.6446252735229758
89d7d09573e87744,0.9180798687089717
09a1c2b53c31bc10,0.7274831978743357
6c6319f9764e8514,0.9330357142857144
f56bb1ad09aacd4d,0.7391176930290715
a49d99323a265849,0.139262269459206
3ee9be6434e0e715,0.6095654892153797
875debef7413e1cb,0.43563418255704905
a2d775ceeadd24c4,0.8831568458893404
18c8aaea7c834671,0.9619510003125977
df0c46251bada9cd,0.7036476242575804
aab9add2fbc56aa9,0.2932459362300719
a6fc3e9da5c8e555,0.13165246952172555
f637661db81b90bf,0.9619705376680212
33f67c649066e956,0.24588738668333854
86c73cb2d30683cb,0.6711570021881837
b5c00f8557fcf692,0.35804157549234134
a2c9a8f18d345227,0.7631095654892154
5ec5cdcb7ea71186,0.5071897467958737
0f3e463f9177f7f5,0.7484272428884027
4e7f08dff5d4d708,0.6191485620506408
3bf84009bb5fc3d5,0.8993044701469208
51395fde52e82c96,0.7218955142231948
11111626d4279259,0.403251015942482
ae179d72addf4dc6,0.17760432947796187
e88ef89c0abd640c,0.18979563926226944
c514af589b1c5c49,0.13755275085964364
ff07eef5fb056c81,0.8507346045639261
96fcc4e5d6f59237,0.9810683025945608
28c21a0768568fe3,0.8344990622069396
73627db8491905c4,0.37765708033760553
99467bd1e0347c4f,0.018472569552985308
f68ba1afefa7c356,0.9353411222256957
f2dc825ecdbac412,0.14980267271022196
4aba146c1a03941e,0.21256642700844014
80d5d6de30bce75a,0.5271862300718975
07139bc3c4fbcf8e,0.8939316974054392
e20fe10aec859d4a,0.9630841669271648
7ede37b476b9198b,0.515121913097843
13f259dd7b600fe1,0.3301910753360425
351f432cde665f41,0.20587488277586746
a0721905432fac03,0.9692091278524538
c64298a4451fa34e,0.5432654735854955
4498869b991b879d,0.726428180681463
17636075cadd05b7,0.5828969990622069
f1a1bbb6f878a877,0.45013090028133795
0eb6903ad4fa3f90,0.5148581587996248
3188bea8d6f5b35b,0.7118533135354799
c4c409536eb6c51a,0.1609194279462332
d280dab3667294dd,0.6584088777743045
52c6f5f136513403,0.3820334479524852
5090d67fa1877997,0.2782412472647703
16b61b14def64393,0.6166966239449828
baafe2fb18314839,0.12974757736792747
4dd870bba94a4e61,0.44422085026570807
09dc62cfe943169d,0.05359096592685214
c479d440fcf7aa16,0.7509866364488904
8afc03aa50ceaa11,0.8129200531416068
edde45a77638faf8,0.02918880900281338
6d7692d9c32c3019,0.48202563301031565
5732b6767099399b,0.33004454517036574
17d91b5e97f3116f,0.23015004688965304
0d8f39533be9f182,0.8089930447014693
fde5949373183adb,0.9115446233197874
958e0e17661293ac,0.9777860268834011
c5216e7c4a482059,0.10628321350422006
903c649790deba31,0.054177086589559234
4a0069fc3386e06c,0.6292591434823382
a8ed067c70e68299,0.8574261487964988
2739c45027efcd82,0.4757639105970615
9cebb6633780881d,0.9471221475461082
61795ee62a8075d9,0.22039113785557984
58f2b934b0d49345,0.7144810878399499
dae79d85843b121b,0.012308533916849013
2a1568df2de08c44,0.6497929040325101
ee4fd2a6e3a78dff,0.5505626758361988
b757cce25b9c26a4,0.19061620819005937
66ff45cad74a6679,0.45727180368865267
b0017bdcd541c6d4,0.2196682557049078
a3f277c9b5c91e67,0.3349288840262582
a5cf1cd034f1cbe7,0.8587937636761489
68c1e518bbf4e77b,0.10461276961550484
39bc60ddd2106538,0.6038410440762738
6efa72d0df99c34d,0.8020768208815255
ba7209f117ae9238,0.8683377618005625
7c5bee138819f339,0.6066446545795561
0a18482d62e5cb36,0.5961433260393872
8e35efabb244500d,0.21587800875273522
43a9275d59ca040c,0.7502149109096593
481df5704a84657c,0.03882072522663332
4d8d82c65a5b6227,0.4775515786183182
f93eec03effd7d38,0.9695021881838075
3ffdcb2a25a0754d,0.6646315254767116
95109279ae9a6a9e,0.7546498905908096
d6ee9c0efd68efce,0.4030556423882463
74c4894e7bd0708d,0.5207486714598312
d33fec8f45769c79,0.5092118630822131
8fa4532d6a6caae1,0.16661456705220382
3dff5467e3be88a2,0.6855071897467959
fc6d9a8363c4609c,0.13634143482338232
c9cec12908a9bfc4,0.3343427633635512
a971fe519809a939,0.43413957486714594
5ef5d379d20d65e1,0.5257209284151296
e3fb799669853199,0.6946115973741795
6f8c415e8466353c,0.414152860268834
6a84824f0fe20d4b,0.28996366051891215
8cfc43e4b7c26f14,0.2693615192247578
de7c6a12dea21dcb,0.7896608315098468
d478e64abc5e2623,0.6624335729915599
437101bfe8957347,0.4872030321975618
6e285e3b9740ddd7,0.6600597843075962
c3ad227a535c2fe2,0.9682908721475461
8f43b3a85065f086,0.7479290403251017
90aa3a900822f96a,0.6298941075336042
c9000a6868faa0ce,0.8528251015942483
32a000ae2024ab05,0.1279110659581119
c4605d1a5e5e5f5a,0.7654345107846202
892acb659d8cf3f0,0.3408487027195999
c69855f3bb4ca032,0.049937480462644575
edf73aedf6b35217,0.31577250703344795
8877ec8e52d1ecc5,0.11186112847764926
fa3630178cfa8ffa,0.09900554860894029
9f5f7129d1af2116,0.5557498437011567
5e7e17e9ef20547d,0.778837136605189
a0bb691eee0adcbc,0.04441817755548609
47aa950ec1d03709,0.3691974054391997
89b3fd466c092666,0.05337605501719288
f58ae0404d156690,0.2122635979993748
766c4ba6be3c0785,0.6338015786183182
eb2e4b71d64f3173,0.8834694435761175
4912ee4332177555,0.7738453422944671
2bef19c70fa1eb95,0.2601105814316974
c6686c6fb6297feb,0.9348722256955299
67508ac580fa166b,0.6916223819943732
ff311f69cd822985,0.2995174273210378
bfff1dc879c76509,0.524753829321663
3d1fb3f5ce631cd6,0.8647428884026258
cc268338bd6cf9ca,0.6948655829946857
d5798960a3e8183a,0.4407041262894654
11d573b74ae9ba82,0.8064531884964052
8c8705f908dede75,0.8846807596123789
ed2bfbed36ac2b84,0.7603352610190685
89361517fc2f10d5,0.8380841669271648
1626bf6a9e33402d,0.6471944357611754
549de17e617d4cb1,0.08550523601125351
241acccc8c4c5c98,0.6892583619881214
ea3cd2074cfdd18b,0.0048843388558924665
3482477cef332442,0.6225773679274773
4f0e6d903964496b,0.18097452328852764
55f5ac50a1704cc5,0.48815059393560484
2754a911af5ae6ac,0.16173022819631133
f2e293367584282c,0.9372948577680525
2efb3cb92bcc9b98,0.021569240387621133
5896699316dc3ab8,0.37543959049703035
2d0483ceb9c643bb,0.5660362613316661
efc8974e6723a58f,0.30709792122538293
a6a0006f726c94b1,0.9577309315411066
6f5c59612f3c92fc,0.99228274460769
c78209036cd357a4,0.9720225070334481
db9a3030e417457d,0.0747596905282901
99988b482a1d195f,0.7770592372616443
52e13ab6586efd97,0.8617634417005313
3e8fbcc54eca7fca,0.41082174116911535
5bd1113a10668c30,0.1642798530790872
4bef48512ade85b6,0.27823147858705843
2882464c483cd0f8,0.15639653016567678
079b1ed9350bf75b,0.4957896999062207
7063caa968c586c4,0.20724249765551736
ec19c34addb8624f,0.46564356048765243
8cbafbdb15a9de28,0.269488512035011
a38115fdbf75c1c5,0.6735600969052828
6d8390c7927568de,0.1862789152860269
00981f14236ef71d,0.772077211628634
12f84fa2b4c572e1,0.11299429509221631
ca5bb700586628a5,0.09163996561425446
4a7058a9b89ae975,0.16326391059706158
878bc0b3326ea889,0.08952016255079712
57f748e3454293d9,0.6219033291653642
07949795ad3e2e93,0.6897077211628634
8cfaf8d91ea4f1c0,0.3299273210378243
0973b331fb200feb,0.9977629728040012
fe33cc8c6e5126c9,0.1911925601750547
95338421b02d6100,0.8200511878712098
6d14e413603d239b,0.8467099093466709
8dd0a5354bcc36ad,0.81786300406377
73e26e96853b1101,0.16806033135354798
1d9173dbd30bfa8b,0.981332056892779
b8164626d047cbb3,0.5535714285714286
0fb7907993c4b37f,0.7530673648015005
59ee8f98bf511a26,0.6268072053766802
0c3008cd7e493e83,0.8675074241950609
ca16172c325cea2f,0.12414035636136292
2bca85f81b167432,0.8469638949671772
22fee0166c140a09,0.8715223507346046
e2724c0840a5145f,0.5133928571428572
f36672a2c0e1cfac,0.008147077211628634
1fb583d94ee99482,0.8431345733041575
02f264a344c830ab,0.6916419193497969
4da6645d6969cd52,0.18448147858705846
44dc081e8f45104c,0.5637503907471084
2c2b2f0c44e4f0d6,0.32349953110346985
36b10927a5ef8124,0.9191641919349797
c1aaa1a11b02c7a6,0.29986909971866216
052a4c4d54a4bc92,0.8446194123163488
d52322d3a4091590,0.19809901531728663
836f3b0ea82976dd,0.39083502657080343
76fb069dc8449b55,0.6068400281337918
9c73e1140fc59c02,0.27461706783369805
ae6c780a01769bbd,0.369549077836824
ef3be0cbdd14848e,0.18678688652703973
3599f0b9c0feb095,0.01883401062832135
88664205bb714f9a,0.13981908408877775
b978ad9fbc2debb9,0.6261233979368552
c82c9b618c165d10,0.4219873397936855
0b15c07bf352553a,0.8930720537668021
7891a28610913711,0.5705884651453579
ad4639fd4e49662d,0.04901922475773679
08bf7df7a564e646,0.2589090340731478
7ed362e9d16716d9,0.21469599874960926
0ad5b72ef7c0ed2b,0.5611909971866208
511e654ff2a5008d,0.4718857455454829
c2cd9bde4b5e7a21,0.7276590340731478
5b3e02e26bec5e7b,0.9237066270709597
89c64c8f9efcecb3,0.6336257424195061
a8f6c6e3e62d6b71,0.20387230384495153
019cc0b8962f5cc0,0.7724288840262581
bc4e4242db6ccd37,0.0072190528290090655
3fff2ee4dbde3d85,0.47585182869646764
dc37fcbe553235d5,0.29691895904970306
3bd0b86bbb97a337,0.34888832447639884
4992d9bc07447302,0.18643521412941544
bfdf1c0f0ba7cdac,0.9087410128165051
a6ab2d1d53fe912a,0.06051695842450766
1891df3302c7b348,0.04688965301656767
b9959e103e10b920,0.44725890903407317
0ef3c10f8c9072d3,0.505265317286652
a10619d97fb76c2d,0.06950414191934981
0863a38392b70b67,0.33287746170678334
60b64acaf466a536,0.6596592685214129
12e3e5d6d9c41e98,0.7588601906845889
9523154e7d045c29,0.7426539543607378
c75a93ff5b4249af,0.26494607689903094
254953a015ac6eeb,0.8609721788058768
800fca2f6db1274a,0.1428864488902782
495cb7b810650027,0.13755275085964364
32f2ab9bccd62523,0.3754786652078774
710c1a24eaeead5b,0.2700160206314473
bc05e8a0b1a36967,0.6706197249140355
7f9c858cee39c32f,0.5036730228196311
d943890ab2a0dabc,0.5992790715848701
e8365a58644b452e,0.6654814004376368
8b6555b1e2375ec2,0.817814160675211
2d05b7a2752c3cd7,0.40276258205689275
cae674aba0ce36bd,0.769625273522976
ded2185f98f5d222,0.9016977961863082
5aa4335a084d6172,0.602336667708659
ea84e8283949a22b,0.7704067677399187
e05b38abdcb5ba20,0.04449632697718037
1a8232cb16668217,0.1335573616755236
964453e5682c98dc,0.3126465301656768
6220fee3bc1e75ff,0.9284737417943107
44c74ce2f7dfda22,0.8011487964989059
0e420abbb67f6653,0.9864801500468896
381d753868abf15f,0.21391450453266644
c90e0c45f7fc22d0,0.05144185683025945
28cc75a35f51a8f5,0.7727610190684588
3ec9f6c06061e5fe,0.9088582369490465
b014ddae55b634f3,0.13487613316661454
90879b42c1e54236,0.6859272428884027
7e62b4fce61bbae5,0.6078852766489528
6e384e2ddbb3399a,0.3559413097843076
6f07849a73f44a97,0.9686718505783056
f48a2f5d095509de,0.5608881681775555
ba999a22ce5b3fa3,0.9840965926852142
ba9181802cbd9401,0.8384651453579244
bd73bd26225890fa,0.32461316036261334
64c38fe6742e3036,0.21161886527039697
df243043992dea1a,0.5250468896530165
0119114d3ccf9eba,0.9470244607689903
f21453041c1dbfb2,0.6699749921850577
65850a53164c135e,0.22123124413879336
48527244bf10d792,0.43694318537042826
cd4848b0c5d09b82,0.43780282900906536
d29250c293d24f3b,0.725744373241638
8e49853ead7a7782,0.278934823382307
c4468c09563855e0,0.24567247577367926
06fbbe29034b7d22,0.019117302281963112
85f4de85a28f72e5,0.663429978118162
61a2fd323396df30,0.27015278211941235
57131a5c1fd27b0a,0.558045482963426
97148caf47baee80,0.6919252110034386
bc00a7f9820c18b9,0.13292239762425756
0774fb3a81023543,0.4736343388558925
26fce92bc23cb74d,0.7960788527664895
c97cd71a9a738f03,0.4250351672397624
e241738a2d4f1fbd,0.8446780243826195
da7df03e550c90ab,0.3564297436698968
35c07da89ceda890,0.8496405126602063
5cf499e1908cd296,0.47691661456705225
d8e67e20d907c472,0.3299566270709597
f3135343f9e7c1fc,0.9192521100343858
35e24477ff3e4121,0.47962253829321666
ad3c1d21283a66e7,0.7173823851203502
fa88a2d04837aa67,0.6225675992497655
3d8cc5538995bbb1,0.050670131291028445
2cd57b0959ffa8b8,0.2846201938105658
abf05406b1a91bf6,0.9812343701156612
0f7b3fdc5d781296,0.9047553923100968
03365bdfcc4be998,0.36708737105345424
b46302fe840c3d5c,0.5556912316348859
b1f966468fc49840,0.4048530790872148
6adafe7e6a6e6865,0.9558553454204438
e92c7a5333472aa1,0.6800269615504845
7eabeacacbf8b37c,0.5317872772741482
655d9a938cd682a0,0.9839305251641138
a26607cfecac0d77,0.3867028758987184
8d29e784c2fbc4ca,0.8851594248202563
0552a72825b82f4f,0.32878438574554547
8db26f10038d6705,0.2617517192872773
0eb4f40d8b4a0e29,0.35853000937793056
a1caff7700882d18,0.5647077211628634
ee70a37197156928,0.18016372303844952
6de1b2f62b6369e2,0.7450961237886841
9c2d074867b45c86,0.2713543294779619
36c975ccff63cd9a,0.6729935135979994
eac85b26c054de88,0.6823421381681776
318d374ee2d57a71,0.5224093466708346
ea743176167975bc,0.47169037199124725
3ab9fd28956b4c1d,0.15151219130978433
478582ec139d868b,0.7327680525164113
fb9d44e71840eb0a,0.1641040168802751
bd4fd0a37b2b9312,0.5568927789934355
5dffe03302a0fce9,0.954937089715536
d94e1f4138ee9631,0.4193009534229446
298ced22f474a1c7,0.43628868396373865
0268d1d90c8858ff,0.47540246952172555
84cf6eb7514ea305,0.2616833385432948
95d0de11255bad7e,0.14300367302281963
9df308f6f0758e94,0.812275320412629
b0fb6fef1f3a5762,0.5366911534854643
3fe46d292459737f,0.011859174742106909
6bf62b52eaee324d,0.12542005314160676
8b6a50f8f0d1474f,0.7280986245701782
89833118f346eb37,0.16866598937167865
48fd781830adf147,0.9831490309471709
209845b666a00820,0.1932635198499531
f23faebe09506cb7,0.725109409190372
5f9584bc58bae0e2,0.1734917161613004
a08d713f9ab75910,0.5263363551109722
5c4f577995e30921,0.8757619568615193
db21d37dde61a7e5,0.3914992966552048
d22dc3977ccf9208,0.44625273522975933
d0fab5e12cd60c77,0.08614020006251955
5293676c6774f75b,0.16821663019693656
d3ae1f0b7031a78a,0.17039504532666455
bf57f1265cfe2fc2,0.4334850734604564
468b54d83b570a50,0.22933924663957486
134c07b69f25f030,0.5032920443888715
2cfa14158d7d3661,0.5659581119099719
a87b1a98b2c48b05,0.22784463894967177
c0bed62168e9892d,0.549917943107221
fc44e0d5137363f1,0.25846944357611756
1247308f81ebf41c,0.04067677399187246
083caac4b6cb4eba,0.7098018912160051
a9d470ae3ce0af34,0.010559940606439513
935c423d001e7dda,0.21096436386370743
d096b8795c71a6e2,0.8958756642700845
2acc0dd1e03e59b3,0.37400359487339796
bdba30d6e4c5095a,0.37526375429821823
57b0ac86659a9329,0.5248222100656454
23d831dd1ba487be,0.094795248515161
628b14a47b392334,0.6555271178493279
76a400c7177ea365,0.27668802750859645
86ab9bf8f20612b3,0.5332818849640513
fb26e948e7444ee8,0.6560741638011878
367ec7e6bfbfc6a1,0.8645865895592373
efb297fa666f7cca,0.8073616755236012
0a0f715a63ed4738,0.44156376992810253
00b759c30fbbcbd4,0.9057908721475462
4c133deea22458f5,0.930505626758362
b354cc89789a3136,0.5696604407627384
f3595bdad2050118,0.18661105032822758
2171a4f574746f33,0.50399538918412
ce89301fff62a739,0.30761566114410754
f4786178a6026169,0.4554645983119725
e1db1fa3be2d2bde,0.5302633635511097
05b896a0d6b00e98,0.001
89658e4ea0b49c47,0.9111734135667396
db78c841ae5796ca,0.3651238668333854
6af4698b636d1c84,0.23555212566427014
be3f82b0567a0962,0.175689668646452
1dbeb642447425a9,0.08685331353547984
eec325cdb9dc0154,0.6130236011253517
cab58c1297ee8294,0.5544506095654892
97e9bafef493dc0c,0.2928844951547359
c738edb5352110f8,0.36690176617693027
fe298587b58a6ac7,0.8593408096280086
b01b2bff457f7030,0.3182537511722413
599065c0cda14c65,0.7639692091278525
feb91e47c3d327b0,0.33193966864645197
1b0d5c427077f7e9,0.5071213660518912
6c1338d0338c0bca,0.786241794310722
aec29f6d68d9e001,0.054196623944982814
c6567adae6722bc2,0.5632619568615191
c6e04efe9811e16f,0.16178884026258206
eb86688c957ec913,0.5121229290403251
a450a6576dc20dbd,0.5161476242575804
b700f2322066f731,0.8722256955298531
a4302475b7326abd,0.8616169115348545
af5f8038b513a4c1,0.3743454985933104
0d73ab8c4cb1fa9d,0.8867321819318538
8ca59ee3a85773df,0.30306345733041573
e3f7ceafab0856f5,0.23636292591434824
2445f30cdcdf58f8,0.657705532979056
23b0f57c015407cb,0.22710221944357611
2750f1a3f3525b16,0.0639848390121913
4d1502e6806c5f5f,0.4071096436386371
9cd2cc7d553443cf,0.35103743357299155
5e314b952cc18869,0.3880509534229447
e8851ddb49233587,0.8548276805251642
6339c240bbb14c01,0.27808494842138165
196ca6bac51b24e0,0.7887914191934979
ff664b7817ef187d,0.0657334323226008
1f50f2cb8e01a9d2,0.5350011722413255
f655a99b43cc6c6f,0.05764496717724289
2dc6d88fd87d67db,0.6664387308533917
b61c9fd4a46a6bff,0.02344482650828384
478a862e9bd10007,0.46974640512660204
0b9c9bb9e3bd1c5c,0.19564707721162863
8ba72175f80e2cb8,0.3858920756486402
80bd1c42bca86409,0.5334577211628635
ee7025a20728385f,0.359331040950297
a94a734822cd1066,0.4229642075648641
9e445d829547acdf,0.5246659112222569
d08fa8b4d19b0300,0.8465243044701469
8ef8adecee83165a,0.7079751484839012
476933f8311d441a,0.6539445920600188
fd9f323abdfccd58,0.3764359956236324
fde943f5062e49d2,0.7803024382619568
32e1723a53483290,0.42621717724288843
3189ae9ce5829fb1,0.8925933885589247
a691ae869c7c7c20,0.8461237886839637
aec6a61870dceefa,0.4410460300093779
301339e42c2fd935,0.5387621131603626
33bdb599f03ad3cc,0.1109331040950297
ef958079692354ec,0.9951254298218193
6b9de167c2e2a382,0.5402762582056893
81a3aaebe87a402c,0.2732006095654892
78734bb73a549d35,0.5890317286652079
801a31247ebc0426,0.4331431697405439
703c72ed057e80ad,0.7524324007502344
d512ce41ff14126d,0.17233901219130976
b14adfc6f2de5274,0.5843329946858393
3ffc252e11d8a5c7,0.2501953735542357
dd94c4e414636803,0.38326430134417
089a1dca65e44b84,0.49084674898405756
95e32e732db3ccdb,0.33179313848077524
aca38e8f736ef297,0.02232142857142857
78b2b40abd748fc2,0.555964754610816
2595c73b081498d2,0.058866051891216006
4821901eb98463cf,0.6704048140043763
81f36fdaf2813666,0.21474484213816816
1e80444ce87788eb,0.6756603626133166
47c976d0b2db324a,0.017056111284776493
76e7956f7212a4d7,0.20972374179431072
2f42d37419bdab8f,0.9627129571741169
460717034c7c127a,0.7519830415754925
f46b154a36f88b49,0.6346221475461081
af4a2f1334861acc,0.9728040012503908
cf562fd6a1ec6763,0.557644967177243
a58fda4597ded16e,0.3789660831509847
7c5b545797c724f6,0.82722139731166
cd2d2cade053f8e7,0.707349953110347
0d42478d5f847ddc,0.112417943107221
fcdbc1ca107a390e,0.8169740543919976
4a6cd78198d5a5ce,0.7687753985620507
13c39c2f8d3cd810,0.05426500468896531
c79d8a5d80e7f04c,0.058270162550797124
51a701717aef4136,0.9321174585808065
4e8d630667c21f23,0.3989234917161613
9b8e9dc382061f91,0.2650046889653016
fddd94710360c28b,0.3727238980931541
2c33fa5f3f2d5e24,0.1556736480150047
3ca87064dc34dde6,0.6793040793998124
c9d8edd3fb7bf971,0.4593134573304158
d582a1a34b5b977c,0.9556795092216317
2fd593bbcde3caa3,0.9012679743669897
d2f2308d5fd09adb,0.1777117849327915
dc6fdbb3f28f8f2f,0.6911046420756487
ba8e32a15085aa3a,0.7194045014066897
3ecab659633b8be1,0.8698128321350421
80f14a6b7deb5266,0.47427907158487026
6809016a071b3b5e,0.7640864332603938
d26156516af475ee,0.3823655829946858
7946e76f5438edcc,0.6852825101594249
b11ee2ead8527494,0.7584596748984058
03e49d963acfe851,0.2758381525476712
4a3e2db752cc071f,0.9165559549859331
6e5157888073a37b,0.7191212097530479
1f7bd653103f1863,0.6369666301969366
5cc0f066c9d8a28c,0.7408076742732104
61240fe8a4dc9a2d,0.3822288215067209
ab6cae9885409088,0.9084577211628634
c4e40432b0ffcfda,0.8690118005626759
1f7fbe6992fe8f33,0.44044037199124725
94953e6bc4d48c7a,0.48453618318224445
e1f4fd779b279dca,0.8556677868083777
38ccb655faf1cbcc,0.24123749609252892
dcc976ac3a08e676,0.06497147546108159
8a586d58683ab8fd,0.8335710378243201
9d1f98568599273a,0.10491559862457017
f5a4bf16401623fa,0.8476183963738667
42c6f25951f7db7b,0.3489469365426696
673b99f498fb7880,0.44892935292278846
e4f2c6820273bf2b,0.9666985776805253
8e7d37f34a1f3efa,0.8991286339481087
ec4bdd78abd81c4d,0.6137464832760238
a15343296b9f6f42,0.7254610815879963
dd76563555eb67b5,0.8840457955611128
3ce8de8291ffa6a6,0.8375761956861518
1d036919bb298ab6,0.25088894967177244
9579b233e83fe284,0.18339715536105033
be5c561435858f1c,0.9650867458580807
5cf1d9bf22b73559,0.8167005314160676
d5e3e7616edfb5bc,0.16753282275711162
ad00da3aa56f4d7b,0.20227024070021882
0ccceb1154debc59,0.6920131291028446
8e2c8545bf82cc60,0.8194748358862144
d62e1e8938e1c97a,0.9383596436386371
a8dc86e602a746d3,0.9942169427946232
c4329a7f54415286,0.4191153485464208
04ec4184a6a2f40e,0.7529501406689592
a8874aa6ff7ddd20,0.3922807908721475
c9a607048a5bc5dc,0.869734682713348
002c27108f6666f6,0.262855579868709
e4f6a20915cb1601,0.3009729603000938
bb014c28cd6924bc,0.6255958893404188
196e2f507f594bbd,0.3718251797436699
9f1be9fcf021fb5b,0.28708190059393557
9391d5f366da4c40,0.7855872929040324
3453a5ca3d904777,0.3610894029384183
686ba22e52de9068,0.38114449828071273
3553eafc050e9c0b,0.5181892778993435
edab086e1fc56c68,0.882541419193498
d79a009be9287b82,0.498095107846202
b86e1b1f8503684e,0.7506935761175367
9ad70763cc07c36c,0.907021725539231
419885390abac7a1,0.058094326351985
70bb28465e350bba,0.9046381681775555
d2fe3be15c7a040c,0.9055368865270397
df051580b1fd88ae,0.3652313222882151
799dbb3bc5de0bff,0.7558416692716474
c18575ea64f02a42,0.8884123944982807
bc265e458d29169e,0.8895650984682713
d59c94219a63b100,0.8796498905908097
0b79c6776df906c4,0.5636136292591434
1bbd089c39955fe1,0.4315411065958112
e07ee63645347087,0.5162648483901219
6795923abfe3b196,0.9237945451703657
f23bdf1e94c91124,0.3288625351672398
a1fbaeecebb55865,0.11768326039387308
bc95d3915a49249a,0.5394068458893404
c565efbb2d18144b,0.8850324320100031
321866d63b3b1b00,0.7300621287902469
50ef5d8288aabf7e,0.2768247889965615
3948549457628975,0.7771764613941856
b958074c10bc601c,0.3402723507346046
f075bd7b8efbf058,0.5632814942169428
f05a42508ffff350,0.799058299468584
3c1c900935bc3285,0.11490895592372617
cba59c1afecb3734,0.5702367927477336
013e1691ae9f7898,0.14311112847764929
ff4fafab1f01bf0d,0.7383361988121289
16a52132c026c176,0.29875547045951856
7e6dc3264a60f3c6,0.1735796342607065
fde7be20171bb23d,0.07024656142544544
4709ae8a61f423da,0.6120955767427321
f2f7edc4fdecd842,0.020318849640512664
81421fdc47bf7d1e,0.5962410128165051
e130b6363bcbe974,0.2014496717724289
8b5dc994eb4224ef,0.3003673022819631
ced09e40d6cdb2ec,0.2802633635511097
b65873d2d6509482,0.3572600812753986
d663eee7b55b1c09,0.286202719599875
e8ac634318c1c070,0.7015180525164115
9861a481912689da,0.28025359487339796
c170f4b630a3b239,0.9925758049390434
31f66aa5ebaf2ad8,0.8463875429821819
31bc47bb1448c433,0.10893052516411379
79eacc58c9cd0f29,0.9405282900906532
32cb3b1b23ea545b,0.45444865582994687
89357b6904f7d6ab,0.4517915754923413
0d9d1cf89bcda082,0.6964676461394186
7c15e3fb5080a6af,0.29722178805876837
a8580d9f4b1f100b,0.8949281025320414
ba1c0d81b8bfcda3,0.48933260393873085
d5c76d632f469288,0.9197893873085339
4faeee72bb8b4acc,0.329624492028759
10875f7f7d53acdc,0.24478352610190685
3fb5a4da63283ba6,0.7898659737417943
6551e600570cb09a,0.8139946076899031
6b4949612595764e,0.43787120975304783
d45b6491898d0fdc,0.32907744607689904
0c40fcc6d696a66c,0.38569670209440443
74607a92b5ef932a,0.307820803376055
e7bf586ef35ff70a,0.27416770865895596
65e0da070f27aa66,0.14060057830572054
38a09fd79a425aac,0.4861284776492654
aed136202b0b58d4,0.40711941231634885
5f5b7b68b01d1299,0.9919115348546421
cc5db835afffd307,0.3412785245389184
d8842b37f5416b48,0.5242263207252267
d8aee4335af252d3,0.26723194748358864
00494862dd9b9e04,0.49211667708658957
95d5441c82b1c46c,0.9796616130040638
c6e492bd428631d5,0.45901062832135037
598200ada2678880,0.8863218974679588
8094f4dc74add0aa,0.22946623944982805
6831a0024a1dd23a,0.06551852141294155
d56926e610462f66,0.3456060487652391
bbe39148bfc2e434,0.6565039856205064
1a07a83f589de802,0.5972569552985307
8210d5a233d3d65f,0.039670600187558615
ef4e598f566c9558,0.4438496405126602
c02b919584ea5cd9,0.19454321663019694
68bc1f08eb5258a7,0.908701938105658
d57a9ae04f68912b,0.5808944201312911
fa41a48959374ae3,0.23351047202250702
5e725dcb74b4e75e,0.220430212566427
121dbf76a9cf73a8,0.8638050953422944
a2383e552a5f2313,0.18054470146920915
378738808b201e0f,0.28275437636761486
9642ee1e267eee82,0.5589832760237574
e55cdf82fcc57177,0.44753243201000314
2103c3d1e5063e3d,0.1904794467020944
02004dc8e2729e0a,0.33316075336042517
95ae4af4bade5009,0.38130079712410125
8a4e103c92d62a5e,0.8505099249765551
c4414b2ee31b7e94,0.422602766489528
0866387e16259486,0.7632560956548922
f0b7e616767a0197,0.4819767896217568
a86d2f80a3468f5f,0.4748065801813066
691f9a97e9645bce,0.07515043763676149
2f2e7662f26d0933,0.26514145045326665
72cbdcef4a6b4f07,0.7619275554860894
3ca15eac9b7ce8d7,0.8463484682713348
d9f713c872a26c76,0.5823792591434824
38c5cae3c23f24a9,0.2469033291653642
80e12c9a6e625e7a,0.8678004845264145
78211c4fb5585628,0.9033193966864645
59e71eb2f5c7c432,0.8109174742106908
b7abc4b3e6ff0e3c,0.07179001250390746
42eaa77ee15f2ca3,0.0809139574867146
bb8ed5a0931148f7,0.18294779618630821
2ca7468532706e2e,0.2952485151609878
98791c70677eb76c,0.706167943107221
e7ec6ff3f296ed38,0.4423061894341982
7845f67130f900d3,0.6862789152860269
fcec4d0ce44eda40,0.5988590184432635
0ac91fd23085433d,0.7454477961863082
ff61891d90f930cb,0.3432127227258518
41fb4a2210a6066c,0.7600715067208501
4c7ebaf834966e32,0.07477922788371366
81aef88d712fdd5b,0.7087761800562675
36b0ae34db90ecd7,0.9174839793685526
72fff2ad28f42426,0.6119490465770554
717207649c078f67,0.15161964676461395
925d6e357d7ec158,0.7190039856205064
effe2d48627efbe4,0.5754825726789621
0577c43390d4bf43,0.9974308377618005
546cd9bb6f2ba820,0.407158487027196
8a47c92c6443e7e9,0.8388461237886841
bc9467bdc8642922,0.4174644420131291
af91160b63f1bc90,0.8800504063769928
464ea9bea5384944,0.5762347608627696
b838b4792a3c540a,0.5939258361988121
11fd6e717c95ce29,0.7296323069709284
b1e2e5a1c0f42f8f,0.532519928102532
222e74272be1ccd2,0.37024265395436073
21a85a0b474e45d8,0.5106967020944044
5c5c76ce21ac9a03,0.13480775242263207
98c3f3c5243d4fc6,0.21281064395123478
745be7354fe05a2c,0.06757971241012817
ebf17df229daa6aa,0.5084987496092529
14929f1035ed296c,0.8736226164426382
af1bc354186d653b,0.06464910909659269
88e44f6549d78a5c,0.37282158487027195
1a5119861af7675c,0.32026609878086904
4675a1f396e095ac,0.8122557830572055
306fd63061172f24,0.012152235073460457
68fb9067ffff02de,0.8580122694592061
93665736b22ae558,0.40456001875586123
2f3252e131fb28c1,0.6536124570178181
a90bb7ef537f3ccc,0.5855052360112535
f8c47e6a1ab0bf1f,0.5327543763676148
7f335ac0ff549013,0.11291614567052202
e9c7c37b6584e68a,0.2155165676773992
e2f8c99b54c930c0,0.03103508909034073
4f0ffae34b450b85,0.6584479524851516
94e27d2dbdf9010f,0.9002618005626759
db05b31fda1c2b1b,0.5657627383557362
af64ad7d713d5a93,0.5129630353235386
4d1462da71b0efa9,0.2594170053141607
04fbab7984c52c30,0.8368826195686152
c01a62e78e6d8a2c,0.7501269928102532
74f8579fc40b2d7b,0.23992849327914975
0eb2d3b71cf2b61a,0.7307459362300719
57788504ce4c82b2,0.6316133948108784
9e7dfd444a9f30e7,0.5845869803063457
0cd8b38e5a4b74cf,0.3562050640825258
e8c1c982ff8a6704,0.3918314316974054
36bfe943ee63fe65,0.4762621131603626
998d9f62a717ccd1,0.10469091903719913
8069d4397377adbc,0.32009026258205686
ba8f312910226da5,0.8507150672085025
37faa0207a18eb20,0.8146002657080338
c16962d752780184,0.9307010003125978
f1d62e28f903e96c,0.5311913879337293
8cab416d1f2bc624,0.8505880743982495
b791af74c95ffa06,0.917786808377618
05b113e465a98080,0.4140844795248515
b17d9630e851487a,0.5013480775242264
92981268f9d56f38,0.7543177555486089
76775e095989aebc,0.04542435135979994
a07f4266c4b1cb5a,0.16959401375429822
7b5b1f94772d1b60,0.23637269459206006
4f8ef604a40bca4d,0.30631642700844014
673f3a4c0bd90267,0.1607240543919975
58139d3ae9373ae0,0.8304352922788372
c24d1452d22e8db4,0.6005489996874023
441d9763fdc1b0df,0.9002422632072522
d2987a3199c1109d,0.8604837449202876
cab99a91ac2562ca,0.7125175836198812
df1222f0cc1e08bf,0.5237964989059082
bdb610f14d1f9c0a,0.13887152235073458
d63652d83092f4cc,0.14766333229134104
dc121e137a206780,0.50082056892779
e5fde6a720ffea60,0.2642915754923414
52f7118d77a951d2,0.3156650515786183
1b60cd7738483c77,0.7501269928102532
c7ef81c5ec66b855,0.9871346514535793
42a4005911b6abb2,0.9260901844326352
926e4ef2979d43ba,0.06279306033135354
936393261928dd44,0.6069474835886214
90b3943086a67cf1,0.3582760237574242
80b6c2497708cc79,0.5382541419193498
dc880492a16f61a0,0.32952680525164113
363fa6d193ea1791,0.18730462644576432
11443cec444ffbdd,0.974747968115036
174e280d8c42163e,0.7672221788058768
d7fddec00bcd1345,0.6568458893404189
2f2a0292483de945,0.9870467333541731
2638757dc8ccf105,0.008147077211628634
af967b1ba12837c7,0.48948890278211943
6cf0ebd8925305ad,0.949857377305408
0307e7dd94f223c0,0.09237261644263833
d86f818a421d896a,0.7934706158174429
95c76aa135d94e8b,0.18454985933104096
dfb2dc72331615e7,0.8594873397936855
b488c877787792d6,0.3828442482025633
5864514fce7556aa,0.6679333385432946
7db51b9dfaa6c3be,0.18275242263207253
475afd5ca8082909,0.7077309315411067
aef3fd34396adfe2,0.12746170678336982
e93ef7b1eb85a270,0.42907939981244136
e643f5e629c7ab40,0.041106595811191
e9234451a7ebfa5b,0.7088640981556737
e8b95693607a1af6,0.9114567052203815
362e59ee5f24ba56,0.6741364488902782
760d3c489cbc2365,0.2260862769615505
cdc43a10fec587b7,0.827309315411066
436bfce1b2e96ebc,0.7206158174429509
8364b88b9aee50f6,0.5873612847764926
49b33a422ea5bc22,0.8818771491090965
7c87edf2fa4449ce,0.0516079243513598
ae4d87302f77418e,0.4434686620819006
80504f5553a663cd,0.1429450609565489
285102ab56c81c9a,0.4741325414191935
ce75929520b6600d,0.8459577211628634
90e157fa590bed49,0.9036613004063769
72308a9b8ed351ac,0.9026355892466396
67da97f4bf5a43aa,0.1633713660518912
7a2c3503f50e758b,0.8081236323851204
7c277b093ca6e70a,0.14900164113785558
e17cdb698e7793a0,0.5675992497655518
304f33ed70c9905c,0.6665852610190685
f671940234873df5,0.8295756486402002
4c60ff51f1a98ddb,0.3927106126914661
357333ab581b26a4,0.5151023757424195
c12b50c410a56d62,0.1246776336355111
280ee73ea3f9a150,0.5369646764613942
9794f61f2b35c374,0.18635706470772118
99bef954535737b8,0.8221709909346671
164deb1fbf6d3d15,0.6922182713347922
17f64dfc919c257d,0.3364137230384495
177f1a78be284fe4,0.5602434354485777
6575a6e55c3aa52b,0.605335651766177
e1ceb3cf89c78b04,0.40864332603938724
2787d14ba4491e60,0.47058651140981556
47283a11f402ab9e,0.48661691153485465
3e13ab75e759c66d,0.6879591278524538
565632830f202280,0.6691055798687091
c60dd36532e24523,0.7651023757424196
1bbb760f70ac35fd,0.20705689277899342
5952ee73f64f8e8d,0.6271588777743045
0d2e12deb5dc05bb,0.3392759456080025
93cf50cff9e70197,0.6274421694279462
71a0f1d3a79f9279,0.35214129415442325
ff1b97bfbc1de495,0.7402899343544858
152d66dccd700ae2,0.8490446233197874
af9475d72cb09bff,0.3795131291028446
50c6ae4f3f0c520f,0.6732084245076588
53277c274f93827c,0.8004161456705221
65c28bc2a138b604,0.7647995467333542
ab3f36de97ff5288,0.029042278837136608
6e673b3e05a86556,0.1853118161925602
29ade739f5ac47ef,0.6505841669271648
d6c96030b8564b06,0.6415286026883401
5ffe88ee98e246bd,0.11372694592060018
b75847a46dbc7758,0.38610698655829945
fd4f072e7db648e2,0.8966473898093155
3b600a791eee47c3,0.5117028758987183
3205c60644f3310a,0.2743826195686152
37edd7d198365da8,0.9893423726164426
4aed77bb42b6c35b,0.07320647077211628
70b9c5d2c47a6231,0.8646354329477961
5aee71b30cf4e773,0.06271491090965928
3b6034955fe901a7,0.03496209753047827
53f7e37ad065a1ff,0.7238590184432635
8249af221f0dfc62,0.39967567989996877
4a798f098b3ac80e,0.7675445451703657
7859a3365dc11f7e,0.681687636761488
0d6ab61f58e22d8b,0.3659053610503282
d90f47b845ad8044,0.6551461394185683
908f76b67c5d77d6,0.31089793685526723
2e13d0c9efbac24d,0.4597530478274461
fbd3509fdc1e2fe3,0.24638558924663956
d0c07aa05dbee8c0,0.506535245389184
e2066400c0c997d5,0.7959616286339481
9d002016fad484c4,0.9755489996874023
18105a09ff042e04,0.405751797436699
97dbf62f03867f4e,0.7261644263832449
008e7b56ab9053c6,0.9335339168490153
e382e61b69858e84,0.003057596123788684
a02b2c12a9b232a6,0.3423140043763676
5d4eefc602f1a815,0.7377305407939981
8c8faef5bff7b3c9,0.12001797436698969
8ea4fb1f9e66fa76,0.14682322600812753
22a32bb8f8bde6fe,0.6784932791497342
6a655866f90d61e3,0.52616051891216
b15548596622ebdc,0.11019068458893405
e6426b5a54e4a972,0.7480658018130666
2bb1ea15970a2de4,0.11734135667396062
5b2c1fc3ca8dca34,0.2032080337605502
b26bc3d1078e5a5f,0.33899265395436073
9db2f38d40ccfed4,0.23340301656767737
8481c054b0537a7b,0.7519439668646452
c4016925a614e39a,0.6216298061894342
a6145b00b87ffbfc,0.9742399968740232
856c1f1b7a16dccc,0.07541419193497968
5db9aa657576b123,0.04863824632697718
e6c91e69fe022b81,0.9884827289778055
18323213899682a7,0.06182596123788685
84aeda77a9eaf7a8,0.6859858549546733
60aa7eb39a1066d5,0.7880978430759612
011908fe41b2ead8,0.8803043919974992
95a236faf4cbd0c8,0.5316212097530478
c58d93928c4b43a9,0.0460300093779306
e3d5116d0ddea646,0.7774402156924038
3d33771711b587e9,0.7605404032510159
ca902179e21ff302,0.6616325414191935
4b2142ee3d149d15,0.35912589871834943
d78803f699e1394d,0.5900965145357924
ef2d9881a6438977,0.0252227258518287
3b5fc032ae2a290c,0.4452074867145983
9d5473cf79999f4a,0.621141372303845
9aefa72a94558b66,0.6886429352922788
78cc36a16e5afd3f,0.3825316505157862
0628d45dc33a5639,0.7785831509846828
bc63ee6da23c5dc0,0.8965594717099092
5a69761001b7342a,0.5188144732728978
f5384c1b33a306d5,0.23907861831822444
9f4fb39fb6e8b6a8,0.5344443576117537
f7787ed37e4b9d05,0.6527235073460457
eecdd457b6c7edb2,0.8798941075336042
f36c01f2f7fefef6,0.7715301656767741
abe3d414c510a7dd,0.49105189121600495
d1f7dc9b905e0fb1,0.174917943107221
a97c23cf1c8d474e,0.3306306658330729
fa77ebf418dd2361,0.16525672085026571
4fa91df3f09b649a,0.7203911378555798
4c40bd5075d26ea1,0.8818771491090965
559cb0c10ea413cf,0.6126816974054392
b07714f5d0a305a3,0.6685683025945608
ac26d06332fffb35,0.22204204438887154
f3a18a7976f15c5b,0.15013480775242266
bd610a8daf3173f8,0.007502344482650828
b4db2ea448a373cd,0.19308768365114098
a9e601aca0377220,0.7730638480775243
7580e5af192dbd01,0.9571741169115349
3b50e09f1d1584b8,0.5782764145045327
e752099897ef3c84,0.19243318224445138
9e556374eb31bdcc,0.5017681306658331
09bf3001382d4d51,0.1586433260393873
ac4f9d21db6d0551,0.4416126133166614
bab162c780dd5d3c,0.3561171459831197
1ac05275c95e2b9b,0.22476750547045954
ba53d76ac3815303,0.8434178649577992
731194026ddc8a00,0.8897018599562363
565ccf55ce0f19b3,0.15713894967177242
c610846e274513ff,0.4668158018130666
4f2f55e6f8f022f8,0.34882971241012817
171594c12d4f22c7,0.01158565176617693
fd9a29be83f07915,0.23504415442325727
0e69e13d2585552f,0.9427555486089403
8458a25c7d299656,0.24620975304782744
36510a7e2e8cf5e6,0.567452719599875
4c689c2ab0b1e458,0.9332896999062208
bbbb01b896a60659,0.358920756486402
95a6091ed902a1c0,0.41583307283526105
226f1fdbdf45c3f3,0.1961257424195061
b3776535f92034c1,0.2745096123788684
e136a41bbd9d2ebb,0.8381720850265708
2acab7498f95984e,0.5386741950609565
5a97d6bb500166e9,0.5266684901531729
53ad75887ce27a2f,0.39799546733354174
4bbccacfaab6a76f,0.5240504845264145
8d5dbeff654a20b3,0.0392212410128165
885918cc4b58a92d,0.44174937480462645
c33b954ec9e9d53a,0.09695412628946545
c73aa72e6960366b,0.4841454360737731
28c265c8e738031b,0.9417786808377617
16f59244fa16b9c5,0.8116501250390746
ab1bbd20f2288ef0,0.31177711784932793
21ce9f486720b00d,0.5450140668959049
ea98936cd5a062ef,0.6007150672085027
092b99905affadc7,0.7914973429196623
f8a1935cbff0e3e2,0.573128321350422
557ff2105e2227eb,0.049869099718662074
e28b4c1e7eede953,0.14169467020944043
afcd2875196e3514,0.6164524070021882
622d0c5c885e5d67,0.5895103938730853
5ab123deb8c8e0b9,0.877041653641763
d70f7077ffdc3675,0.6363902782119413
ec0e23575480409a,0.6306462957174117
c42b1312f2466d13,0.44480697092841504
58f7c9cedf508963,0.9750117224132541
483a6a2fc6820e34,0.38548179118474524
9a410bdaf99ab250,0.8752051422319475
27d8448c7743312d,0.6532021725539231
d22510648b60b80f,0.999
cf71cc1d5beaf427,0.887357377305408
b16d96c422e7686d,0.6673667552360112
f3bb00d62eddf347,0.15764692091278523
e7ad214e8e1b87e3,0.5279286495779931
a149a81fa46121c8,0.22936855267271022
954ac0304d013ceb,0.801598155673648
5fb61c8caa291bb7,0.2872870428258831
b3e6b65c022e07a8,0.7980716630196936
014590f5ad393d98,0.4341493435448578
fd3098a48d0565da,0.003194357611753673
597dfb91140f7a43,0.06826351984995312
29c72ad86d92588c,0.16011839637386682
46403e8726688e63,0.037580103157236644
586f9bad93615a9e,0.9867145983119725
518268ad7eaad020,0.39943146295717413
eb68006674ff7853,0.5253985620506407
829bf94f3c7511b9,0.5890610346983431
472338feab38fd63,0.007824710847139732
e2eb7c00452da3bf,0.4554450609565489
264d5eac0a3db4c1,0.6260452485151611
5dd40ed8f6931f40,0.532656689590497
ea07294f7b9321f6,0.38707408565176615
800d5b199211d908,0.12309510784620194
c26171ff73291cde,0.788381134729603
9b039401395029d1,0.22154384182557052
149773fc93e82e0b,0.9167513285401687
377962b226c4354c,0.3365114098155674
b33ace47f8c9cce3,0.18395396999062208
5898aee0357167ae,0.2883029853079087
5011475bc46160b0,0.11805447014692091
49403fb05b28bdc1,0.7964695998749609
d64f9b8328cadfcf,0.7557830572053768
8347b5a18bb84a35,0.3153524538918412
a72c9158377598af,0.2609409190371991
346932f67e7d808f,0.750996405126602
e4962aaff0cf97fc,0.745867849327915
d63549a6e599cc24,0.04017857142857143
d013eaf626e99575,0.6615543919974993
a7c0072db3d224b7,0.6975422006877149
b87493b15c6b1e21,0.45987027195998753
cd6d6ab0bf1601eb,0.3621639574867146
fc7b0d78438f45bc,0.6379434979681151
b53e88867e63ec5f,0.500908487027196
1e1e7de7f17a14fe,0.32819826508283834
fff1df28cf047de8,0.38866638011878707
9a4279b8c94a438c,0.10257111597374179
d1a19d29c2aa4b9a,0.7179880431384807
ea65ca7ec57132e3,0.654071584870272
35cc6e8b29ac28d6,0.9544877305407939
35cebb20cef64701,0.9182263988746483
03c27c6fa94b88b1,0.11625703344795246
654a7847a4c3d0a9,0.9333092372616443
d82da976d107c4ef,0.8974972647702406
0f7cdda5aab7cb9b,0.476926383244764
511e61b096246922,0.18808612066270708
9bd56be8ba9524b8,0.758586667708659
08980e1d210b6aa6,0.6524109096592685
c84430f350b3a159,0.4422964207564864
152edc8f6b8762bb,0.6874706939668647
a4a8682aa22552a5,0.7800289152860269
5448387d25232e4f,0.015776414504532668
86b5af3c99c2229f,0.06844912472647702
a243c84e17ad5313,0.5700609565489215
1cd4111d9e2c14af,0.23154696780243825
d6596bfbfd4cc049,0.7578051734917162
5f6669357f9d2602,0.7839754610815879
8ce4d3415fe4440d,0.5047768834010629
b7804e0aef5425ac,0.12743240075023443
a68ac8503924dfd3,0.8695295404814003
0ee54a169cddc5a0,0.3251406689590497
91e67962d58a2196,0.5035362613316662
337f92313341198c,0.46886722413254145
62fdb17735fc24f2,0.3332291341044077
32070e417cceeade,0.4916380118787121
d10e86cc3232dbc9,0.9652039699906221
9e379ff80b817265,0.7813281494216942
cfff3503c56dab5b,0.13067560175054704
9f21d3f021ded79b,0.24694240387621133
5fe69ac7610324ba,0.5272839168490153
fda80e0f061a2a2b,0.6493728508909034
e5f50a39b4e83fe7,0.6483080650203188
b7ac8ea60b369ad0,0.08825023444826507
f4aefa9fc2e0d241,0.9034561581744296
0f32bcb05a22709a,0.7353762894654579
13334ae771ee01a2,0.5026766176930291
d2596a53564c0b21,0.40424742106908407
1a90578444c1c9a4,0.230286808377618
38767f6c13ad1bfc,0.3642935292278837
8d312d36ba150056,0.22979837449202878
c4e9fb7cce4bc726,0.45678336980306344
9ff220beebc71a5e,0.1882912628946546
24bb5e20d933da44,0.41352766489527976
42f6ebdc63da37de,0.6581255861206627
39f065a3b51d8011,0.11789817130353236
adfccf4de2f8f9e4,0.2629630353235386
bb73756443a5eee4,0.42909893716786496
0d9c7ad016175e4c,0.716298061894342
01d6dee3fee929b0,0.12088738668333855
4c94ce26b7eb0794,0.7216806033135355
184edb2637a41d50,0.49983393247889973
b14c8ed6d2ad7039,0.03475695529853079
efdd1d7495765245,0.1827524226320725
affe3b0f590fae77,0.8363648796498906
3edd7de677b91b05,0.523347139731166
ba9e4528463c5dbd,0.4708307283526102
8be8330f2029f548,0.4299878868396374
df6e6d77a02918af,0.3120115661144108
33d9746c24d2c070,0.3956412160050016
e51c785618029ad1,0.8200511878712098
d53ca1e375f1420d,0.5773288527664895
d4133e84363708fa,0.7458190059393561
094a4df459f84f9c,0.09314434198186933
c95b97cbc9622e38,0.2180173491716161
8a243d50081a0a41,0.7760042200687716
f6f2fd05daf66b4d,0.11911925601750548
3b5e52e54ed29ece,0.695402860268834
144d292add5f41e9,0.5989957799312285
49aedb77fa2fb4fc,0.7217587527352298
81e5d80b657413b9,0.851340262582057
fb21fa126522b6e2,0.6518834010628323
3451b921fd37a93f,0.6009592841512972
e25080fc68263c8a,0.9222022507033447
64f0448c8bc4b1eb,0.017925523601125353
ed89496194aa19dc,0.4054294310722101
fb22f7c013b24779,0.5346592685214129
1590a07714e8a656,0.09759885901844326
54ae2ffdf139cc38,0.3092372616442638
96bf13f3fa835169,0.545189903094717
559cc1345795571a,0.2427809471709909
325ad194b9f588f7,0.6428082994685839
13ff609306472199,0.7205083619881213
3c87f31b6953fbbb,0.07557049077836824
2dd14f20786549ef,0.40869216942794623
be72fb5da729ec70,0.1704438887152235
dea2b01ff6868477,0.619138793372929
c7ffc036c6fcf66f,0.7581568458893404
67b0cdefddff90ef,0.7054743669896842
eb949d7c7beb6354,0.7145494685839325
72dbbe8ab710128c,0.7060995623632386
fe50a3aa77d27195,0.1045736949046577
b7dea5f446a371e0,0.10962410128165051
3b6627fce4fa7c6e,0.08016176930290715
5766e8d8c783a487,0.6852141294154422
818813e68f11c85d,0.5145553297905596
4efd1ededeb6af5b,0.3888812910284464
7339d8d336c0728a,0.42905009377930603
5932b86b513569c7,0.5537472647702406
667e3c34655efebc,0.7988629259143482
211cf2ea67620b3e,0.906025320412629
73ddd41ae18acb03,0.25
b7d7b9bb940bf7b0,0.8488687871209752
672de9994012beff,0.16581353547983746
1fcb989eab73caf4,0.022028368240075022
1a8eef4f4936cf0b,0.2999765551734917
181bfbae0ed5b503,0.009036026883401063
0144b06a9d5772ce,0.9381642700844014
a6d79b35c359d2ca,0.7758576899030947
adb1f5a83ffc8956,0.868689434198187
7fe7578307634c36,0.9574281025320412
ef916f6bd9bbf8f3,0.7093720693966865
261b4b9303f16955,0.744412316348859
bdd3d57f2dcbf24e,0.1712253829321663
87478ecab9990b69,0.45202602375742423
00903281b49f7885,0.9961609096592685
faa54ef489380476,0.9067872772741482
afd67495e65ca43e,0.24256603626133164
3cfeab5f2a521bd7,0.9894205220381369
f889243e554a57b9,0.5878692560175055
1633226e5baee1a0,0.9807752422632072
09429539f12260dd,0.41246287902469525
4642f19a02b65fbc,0.07605892466395749
454379600a0d58ae,0.6190411065958112
806b67c9407deaf5,0.07497460143794935
64147a091385f1dd,0.25922163175992496
410684a9ca496c4c,0.20827797749296656
198aca03e558bad7,0.30240895592372613
19112c76b72e70ac,0.18052516411378555
33cdd595d6f64465,0.16879298218193184
b678efa350251d1a,0.9473468271334792
2773ef74c8379c3e,0.7152039699906221
21a85668c56f4a28,0.6200179743669897
ad44c67c941b730b,0.26403758987183495
afafaec6ed7cb894,0.7325531416067521
7b2afaaec11da7c6,0.4613648796498906
14f8df83cb5fb959,0.6904306033135356
2fa6287a9d075ec1,0.3364723351047202
a20301029a5e8b78,0.7309315411065958
64c226150b42ee5c,0.6361362925914349
7012b66ec38b6038,0.014604173179118473
334a43b3d7746442,0.6867087371053454
3e39b50358f01b64,0.8248769146608315
dd424dd258080c0f,0.49949202875898724
b6815449a050c02f,0.3075179743669897
786b0bb1d7a4dfb8,0.2108862144420131
bfadd1b4779947e6,0.9325668177555486
23bda92c60bb92e1,0.8713269771803689
20f374eb224e1a7c,0.3844853860581432
04bc6e2ce35edb4c,0.7452621913097843
f5fe2d58beb86d40,0.46736284776492654
203f3df885ff03b3,0.10390942482025634
ac5388e6680db6ba,0.1956177711784933
20a190db150bd0a2,0.3314707721162863
03b8f432ac8e3226,0.46246874023132234
800d13aa581dc05a,0.8875918255704909
32ad97494e39788e,0.7601398874648326
762f69f875d0a0a7,0.6984213816817755
7102288564065a58,0.7858119724914034
a244d35bd0a46b86,0.7205474366989684
9fd85d10d8d80cd1,0.3513500312597687
cd37f417a290a412,0.7381115192247577
087a61efb373df95,0.2167767271022194
5cc1bb67fc9fa495,0.1279208346358237
38260167161be0f4,0.5546459831197249
377d6156aea5f7b3,0.9246151140981558
de73631ba462d9d8,0.04152664895279774
c6ad617675fc82bf,0.8452739137230385
53c0301b075c4edb,0.21928727727414818
d5d5bb7bc7475a6d,0.3446975617380431
2785f7c003032f79,0.38724992185057827
bacabfcb41e851d5,0.957574632697718
930620d9c45cfc16,0.6864449828071273
a2253bc60bd26111,0.404980071897468
48be98b0da47a60d,0.04249374804626446
4192611de72c647f,0.7506056580181306
0a3e55a0415cf1db,0.029667474210690842
94a41eaf6c166f8a,0.3995584557674273
65c588ff0e6a0940,0.5865016411378555
7316f0f5207cff7d,0.9377149109096593
fb48d6120d40241e,0.07720185995623632
83e835be4b7da5bf,0.22649656142544544
be007ff41dfe8e33,0.9225636917786808
ae762981ec3e2222,0.9618337761800563
9cde4da63a470364,0.13905712722725852
1e641e6a0e15cb0a,0.96475461081588
f1e1bfceceaf5b3d,0.2118044701469209
b33a9dd2d6116451,0.6136097217880587
6a00f8682a96e6c2,0.2846397311659894
4889bb3fafff04a6,0.027616051891216006
d83965adda3948e8,0.849972647702407
35ebd3eb17d43331,0.6912218662081901
4fddbddae3f8c321,0.23252383557361678
279f5d02ec1d4618,0.7020064864020006
18dc05e08437b19d,0.553825414191935
fd5e41a3afe867c6,0.4532471084713973
4dfc9b4693d64425,0.6027469521725539
38efe84b2371909b,0.029032510159424818
d5ab3634461fbdba,0.622596905282901
88ee52d04ccee47b,0.7408760550171929
311d0a7d1bc40182,0.4399030947170991
ca3eabbb86d9d394,0.6518931697405439
0839345320590491,0.18040793998124416
3166da0225b35bf6,0.5571956080025007
4fdcce92f68b7529,0.968974679587371
4c0a03f188fa9938,0.4030751797436699
efd671b84d562241,0.1935956548921538
a1be96b06611a4a7,0.509133713660519
7c15209ba7808ba2,0.8203051734917162
b4fb7e75679d28cb,0.9736831822444514
095adfc07a65ed27,0.4468193185370428
a19e6a028348c708,0.022409346670834634
bb5e510a6639b43f,0.7317228040012503
fcf27b9cd834eeab,0.24719638949671777
dd9e809656743e04,0.40715848702719604
9cf20fc9b8513a03,0.7871600500156299
d929256e10f5e94b,0.5723663644889028
c7372107d1356264,0.806365270396999
fb002ae965e2435b,0.36730228196311354
891d7ae2edccb735,0.7376328540168803
33b3795f9d4a8ef6,0.034727649265395434
bd1c976bfd04983e,0.7029833541731791
22d26961eaf80875,0.9607787589871835
3267d0aa9600286c,0.5882306970928415
f85b98ab9c2071aa,0.08910010940919037
4b4c86d64f258caa,0.7221983432322601
af271d6d690a0b0b,0.1465887777430447
8b1bdd0f68e6ab19,0.21515512660206315
aca740ec2df56ecd,0.6545502500781495
66cae06936335046,0.5537374960925289
8aa96ed1f09b6e82,0.917376523913723
fb089d648c0fd719,0.4763891059706158
b3b39f3310bed9f2,0.5589637386683337
4c9ddb6a1c08a7ae,0.048950844013754304
8dafb6cdb58233f8,0.9705572053766802
8512f25e0995f115,0.7249335729915598
3e89b24f6780dfad,0.7288996561425447
811b5cd3d60f8f01,0.4972550015629884
8cecb78a9a20021d,0.34684667083463583
c726d19506a1a864,0.4472784463894967
bb71d5690f654fab,0.7640278211941232
01fddb547603eef0,0.44544193497968115
c6592de36f791128,0.2890356361362926
ccde7fc6a8ec59a5,0.2752813379180994
ba6d1493e3a1c1ad,0.7556658330728353
7dfaf88276d52a5e,0.6784151297280401
c09d65931e21624b,0.8768560487652391
f9544a6dbd4caa2f,0.05708815254767115
b374ef23d5ca3b3c,0.4001738824632698
c51f8b67a66b5aa4,0.9821819318537042
4793cb7dc1d36c4d,0.7190821350422008
c4a77a4226cf0e3f,0.48624570178180676
11b46e06959d7824,0.9189590497030322
75083fbf03436018,0.6998378399499844
44cc96b7436e60fb,0.8000156298843388
9c78ab8c7f52b1ad,0.5183651140981557
27c3ba5b3d6374ec,0.14856205064082526
09bad77cec8a0ea7,0.730599406064395
7e5eaee69f7e8e60,0.30573030634573306
9701beed4cb2fd40,0.283477258518287
a886ee5f5e57d356,0.014272038136917787
43322ba6466f83ae,0.4157549234135667
39ac7a6c910dc826,0.46884768677711786
a7624810eab99b39,0.6339774148171304
27ce336c13dd7f0e,0.2232435917474211
35ec56371ec7bab3,0.7955708815254767
1033972a8d27b8f3,0.9612867302281963
246fdf152b78ea45,0.1913390903407315
67db089b7a0697c3,0.1269439668646452
51541de4865fee3b,0.4707525789309159
2e0ffa5c733d2a47,0.9403524538918412
c307a7a1d2e93ae9,0.8353391684901531
60775afc974d2192,0.4015805720537668
1af8370aec8adce1,0.7891919349796812
7adaed59e375f94a,0.3959538136917786
d3f971f17d9ab0d0,0.3099210690840888
f1eff57932ef0f4a,0.5644244295092217
b41ea8380984305d,0.6162374960925288
dac2137cd3aface7,0.8059842919662394
48da40bf199dedce,0.2569748358862144
2c36f80cd8d50da4,0.05733236949046577
e45c5c285ae25a13,0.6410304001250391
d57fa89c692abe6a,0.7317228040012504
0d5b889f910953e2,0.22416184745232884
a2bb73ef62a1fa41,0.8026531728665207
161e450caac64b0b,0.3500117224132541
870239c07fe84d59,0.7161515317286653
1a510d36c73a9190,0.4552692247577368
6365e056680facbe,0.44153446389496714
7e5efd56e82bc148,0.13007971241012817
8ddf8d226ddfa267,0.12612339793685526
aa2927ee663efd7e,0.5482181931853705
1969a71e6c309cce,0.4706060487652391
33e3103e2045fa64,0.16423100969052828
79d3953d4c100b9d,0.9721592685214129
8a0bec565c237aae,0.4542044388871523
e7b2425696ad04e1,0.24232181931853708
1585c48da5187cc9,0.5428747264770241
b508d898d174eb05,0.7866813848077524
ae96ed3d88eb7aed,0.25184628008752735
3780b01a20d9aafc,0.6419095811190997
5d2ea0bc3f49f99f,0.6324925758049391
609566c49b16621d,0.20457564864020006
52a50658bfe832ee,0.6197249140356361
76655f684bc2518a,0.26592294467020944
507aa51e38d00459,0.39272038136917786
e7edc5fb783b818a,0.14317950922163178
3488c9b765c1219f,0.054870662707095966
60726ee6707bab89,0.8380646295717413
724b704c54783fd3,0.03136722413254142
23405c43202f489c,0.21471553610503283
0a275c8c3adc1e3b,0.18038840262582057
ad727a83295f79c1,0.9254552203813691
9fcd517a3727524e,0.5721221475461082
c1a15f34e5189a8f,0.38450492341356673
ee586308edeeb5fd,0.6111773210378244
61323c4c907b9667,0.8295170365739294
dc6ad9b2ea237556,0.9684178649577994
fc261535991f079a,0.26804274773366676
199f8696fe22e8f6,0.3205689277899343
80c803fed1e7b815,0.10789504532666458
b3645ff1881e6181,0.2719502188183808
f077bcf8ba579026,0.5791165207877462
c98984325495234b,0.4717782900906533
2b1acfb2885f0207,0.2133772272585183
58aea5fe94bdc9f0,0.5124159893716786
13ce2e76f9ac9797,0.7669095811190997
585b1ae5f2fdf9d8,0.927057283526102
c02d00f3c935fac9,0.4296655204751485
961c1ecf22020dd7,0.5175543138480775
34a2c0730076cd51,0.8384749140356362
f08c72208c842a80,0.9144068458893404
3d0365b300b08d12,0.6374159893716786
7698d1646b1160a7,0.2835065645514223
46fe0812a4d6a0e5,0.3409463894967177
1992a8cfd9dcd0a4,0.8825804939043451
234824681fe92370,0.2531650515786183
66dae8fb83f01cda,0.21015356361362925
565a8741e734fb66,0.2857631291028446
85796d3a4623f1b4,0.17458580806502033
980c038df259aca4,0.07757306970928415
847d49fff22ffac8,0.8393247889965615
3ab579aad87803f2,0.07069592060018756
7c287939d256c04a,0.23641176930290714
9b56b63c1ce61e36,0.35365543919974984
2b2beb4ade849fe5,0.7219932010003125
ca97e3a639d0f212,0.40568341669271646
cdf0a515724936f7,0.4185683025945608
f0d9600d63271cb1,0.9102258518286965
61f6d6cd6e8ebecb,0.4236187089715536
66bb128d75c1a31d,0.5207486714598312
ff6ace3df2f93fd8,0.07380236011253516
174f6de5e6fd0ce6,0.9000566583307283
f629016e686c93c7,0.8315977649265396
8a5cd96071aee653,0.023210378243201005
47a56fcce1a48c57,0.9645103938730853
bc218a229f6dd8a3,0.3408096280087527
6700a0d8cc03fd40,0.6830747889965614
bf07422782deaa4e,0.9728919193497969
67e5b268a06fc16c,0.16417239762425756
775246a31de87040,0.45920600187558613
a8c96679585190f7,0.0280751797436699
85e8b073ae9d6cb6,0.8004259143482337
8d783fa9a84a2016,0.8622128008752735
afa9ef8b36efca27,0.0123183025945608
292ad72f433b2ec4,0.20991911534854643
543a382acb950efa,0.30492927477336673
97eee667e12fac11,0.699896452016255
f1594e042dbd4135,0.27921811503594873
c4acac79bfd54ae4,0.2101535636136293
f1bc5cee7cfbe74f,0.38520826820881526
25e346e1b0340347,0.5798687089715536
53b71602a81f5c52,0.5455318068146295
6d2d4b17736e595e,0.5741638011878711
f652427f39b6f10d,0.9751289465457955
1437d0c59eca00af,0.043812519537355425
d8980b5b1d68a4ee,0.7796967802438263
442b8a915014e871,0.6050425914348234
6a1e5bce20cbbd53,0.8999198968427633
ec75dfc7e578543f,0.09796030009377929
94cd35193b228a90,0.952084635823695
15617a2281e76896,0.6824886683338544
ae22b29ad0d98702,0.30939356048765243
3e5ee530dd802ab2,0.3570354016880275
9304c1771978ab05,0.10838347921225383
635d5bab100147aa,0.6272956392622695
cf12cab6ff5fa6dc,0.6632248358862145
cc7ce49efd47f0a0,0.06966044076273836
20c507d578183dfc,0.7000918255704908
e29e2bc7c3e6ef41,0.7552555486089403
61e270d51cee0fe8,0.6795189903094718
a1cf27e43a150760,0.8306111284776493
9bdddc292578558b,0.1825863551109722
fa0f0cb920abdb0c,0.8645865895592373
95dc87b7553104b2,0.9634553766802125
c268681605733a6e,0.23699788996561422
57f8444d376ead3c,0.7747147546108158
1eb08c4e2e2d0a0a,0.6208287746170679
65f04a475e60bc71,0.6189727258518286
54b86d86b2c582db,0.2535460300093779
ac660728eb9adcbe,0.4751680212566427
9dc70760c7a65427,0.931775554860894
707fa7577b28c00b,0.18696272272585185
dfc0ad3ac006f7dc,0.5014946076899031
d02c60d97c52824d,0.30190098468271337
68735cd4123d2c31,0.8648796498905909
e7fa76e1a52159ec,0.22349757736792747
8e2a48702b61cf4b,0.09943537042825883
7b4d442d12660d2e,0.2499316192560175
1879fdf1618adb5c,0.5325687714910909
28331b7b0b1598fa,0.025808846514535792
c27a3cd35a718f85,0.33783994998437017
003398b630719a7d,0.04587371053454204
70b9137733db97b6,0.48857064707721165
f0ea5635eb777479,0.7081998280712722
e80ca1e08210095b,0.8184881994373242
033b8feb5aaae03b,0.16080220381369176
ac6a54139c7c9d37,0.9010335261019069
ebc95757b2947172,0.24565293841825575
2fcf426035785728,0.6055798687089715
78996a14f02ebbe3,0.3812617224132541
a87e26d221511c94,0.016479759299781183
c5eddf448403ab6e,0.055300484526414506
e8da0e67e35aa293,0.380949124726477
88b632eaf9356d3a,0.39630548608940297
85571b011c6fcfaa,0.9619803063457331
9013d63ab473f952,0.8076254298218193
960cad37cffe68eb,0.24470537668021258
e247eb8f78f75a9f,0.16100734604563927
80eaa51c4c8a00ee,0.17811230071897466
35849a3326fb87fa,0.14194865582994684
d95e6b933db44247,0.23758401062832138
c8d99c2ec6082321,0.24704009065332916
c9aea5e1048b2e51,0.6928727727414817
e01947dd147cbbce,0.14578774617067833
ae79b75a13c928bf,0.2278837136605189
ce571fad3257b3f6,0.015610346983432324
a95633f51ef3a7b0,0.03610503282275711
297c6928439e696a,0.9384768677711786
a4d78fd9f9ffb303,0.4410264926539544
2dbf5dac4bc14af2,0.8703110346983434
484f57153280140c,0.682049077836824
db3d92a2887ed53d,0.8044896842763364
0fcc2eaacbd92a61,0.019468974679587372
3b06de421485ddad,0.7054352922788372
3ab1395e200e5b42,0.675640825257893
8b607b6592065a8e,0.33948108783995
a58b1c259179dc09,0.8870740856517663
a84f2ec64cddb96d,0.9538332291341043
794ec7ff88727529,0.19877305407939982
7bec4fd7e9a158f2,0.3469052829009065
bb364b5bbcd978f4,0.9178454204438887
89b648a5f0f0ab12,0.4915891684901532
63de8d6c54817aa3,0.004112613316661457
f379e9f71ba0c23e,0.48921537980618945
a4d79f83a661fa2e,0.6236519224757737
211b21d15b3b91a0,0.2851183963738668
1186f6b426beed22,0.244549077836824
8dbf55afa93fb576,0.7027489059080962
4c37d40f77654769,0.37766684901531733
282449c18b62e5e6,0.862369099718662
12472f1c83854116,0.9223976242575804
eb624c530d058714,0.4383205689277899
916aa0618dc412d3,0.6717040481400438
b9f7f01f0c234a62,0.8029462331978743
d6a72e0c5f8c9277,0.14045404814004375
888195334e946eb0,0.12550797124101282
f1aaca6b558ffaf2,0.2487007658643326
cfd7c6655e63d480,0.9060643951234761
d54c579db2ee74b5,0.1200082056892779
3d05c28ee2849928,0.9845752578930916
88653ba09b9797ff,0.17740895592372616
270649bc52035cbd,0.12305603313535482
164c0240a44d6755,0.422192482025633
71d79d68a2b92f27,0.6826058924663958
9bb25aadd2b3bdb4,0.9714266176930292
b3c62935a53d8997,0.23168372929040326
e850d24192f9e415,0.20854173179118474
0834b059b33fe386,0.8651922475773679
57cca7c7ea10b6ab,0.2981107377305408
39483c2d8174f1ed,0.8667943107221006
4df07eb70c71ec51,0.8792396061269147
771b30a38c390789,0.5963680056267583
65037a69f9336b3b,0.6620721319162238
97bf39056279f7fa,0.3690313379180994
1a2d12af54623039,0.5006642700844014
e649d739e4cbe4eb,0.9704790559549861
7c35e8ece8dd52b2,0.8197385901844326
4f679f800c6abb6d,0.7893091591122225
42a8a8ccd4f9f9e2,0.10485698655829946
662eb31e5ca29cb7,0.4460475929978118
39a75d0fc9a932b4,0.4836667708658956
f80b6c96f9ca16ca,0.08300445451703657
d1112438bc117eb4,0.6764027821194123
2a23256f8a1b1dad,0.7092450765864333
e3da84e292717dd8,0.43135550171928727
b3da0bcad91df631,0.8370584557674273
b7317d34b8035aa3,0.40806697405439196
263b44530f890156,0.6394771803688653
4908216a464f51c6,0.8315391528602688
d0b576af5fedd973,0.4484506877149109
d53abab056eabccb,0.5915618161925602
9947a71c07c08013,0.6683826977180369
e3f83e6765042b60,0.6785030478274461
b5e1fe2cd612caf7,0.3209987496092529
2c979dd3ae786b0b,0.021139418568302593
37ebd133842ac652,0.8768755861206627
8d7452fc00bad24b,0.7693322131916223
be4d73360ad37873,0.36355110972178806
40b14de62d50cd96,0.9979192716473897
e8b95e5aac14d285,0.17664699906220693
545aeb4e5c2808c7,0.43892622694592065
3ea943e815e609c3,0.2647604720225071
9c3663c00fb99ff6,0.3306502031884964
6806a16705d54743,0.6590047671147233
9658ef3f8e3ed080,0.7826078462019381
72aca7fa36feebdf,0.5568537042825883
dfe86e43c4930991,0.6011253516723977
4f82ff5b5651d2f0,0.22365387621131605
d13da56afbdee207,0.49109096592685214
0dcdbb940af66121,0.21670834635823694
0e09773245767eac,0.2717157705532979
b186bc9610e2b533,0.9581802907158488
d54841a2e0a4cca8,0.927194045014067
166c017caddab251,0.9089070803376054
a23f0288384f2f2d,0.4162140512660206
4886d310e5914363,0.17908916849015316
41edfc6111e88f1f,0.23338347921225383
0f33a4c86170e40b,0.4702153016567677
19bac5bcc4414e66,0.05028915286026883
88ddba34446d1ade,0.4168392466395749
a8dfc97deea7f5fa,0.7409151297280401
fbe5da4001a21c4a,0.23809198186933417
8ea535444187b6ac,0.2628165051578618
1be66765efbe9174,0.6343681619256019
05f16b595e33f77b,0.3487320256330103
3fb3259efef9eda0,0.1161300406376993
43836f5657b092dc,0.7518853547983745
26ac42441170201f,0.921010472022507
12a4ec2031ef6174,0.12633830884651454
d8e7f33605a80ae3,0.6192169427946232
d6bde3bc380d8735,0.5351379337292904
9e0c178f3e852551,0.8201977180368867
88a6149ecfb1f651,0.4695705689277899
54a33fc8125490a9,0.34770631447327294
2930f4f063583542,0.3283741012816505
5092541f5024187c,0.10795365739293529
e78a593c9b385330,0.5742907939981244
a09be3a8eeceee6f,0.8909131759924978
7010ac1b44772de3,0.2801266020631447
49a17880c454c7c3,0.19699515473585494
4e36cc0f1383ebd3,0.7434061425445451
ebdb25864f6ce1b9,0.1484643638637074
bdb72360a5581c6d,0.7057381212879024
8c698e0fbcb6a090,0.343837918099406
9c350ea7550d8378,0.13928180681462957
a8b88f7bb8ca6361,0.2773522975929978
3d326c98287fba6f,0.3048120506408253
f42c01d8b045f708,0.7420678336980306
8e5d62b3ab696aaa,0.09534229446702094
6224caf3c72e7ee3,0.5519400593935604
926fddd6b2ee63aa,0.018384651453579245
922cf50522b3b88b,0.7102024070021882
7d0fb10204af6166,0.8622030321975617
1a76fbd031e39a6b,0.9626836511409815
fd68ea29d356dd75,0.21598546420756487
03cc36191251ada1,0.5511390278211941
99b5bb0b92d8a55a,0.04616677086589559
aac02a9d632924f3,0.18050562675836201
5d220b8e18201d3a,0.20672475773679277
14fc1d6fe2d4e69a,0.8846416849015317
35e119f52196b1ba,0.10528680837761799
40f1234b5a30403c,0.4696682557049078
d59ccb5d557c022e,0.7450863551109722
0c385e728de38f99,0.3766020631447327
f8683477a2ab2ade,0.8880997968115035
511fe8f39056b9f0,0.5270201625507971
c99c5d897170f156,0.528114254454517
9d753071d21e6c36,0.4256212879024695
9e9289f66961c664,0.6817169427946235
5f8b0d75fdfecea0,0.1664778055642388
9dc13c482e059e6f,0.2799703032197562
3f87fc97c66a3191,0.778202172553923
1b3f3ffb589858e3,0.23527860268834014
5358785efbcfdaaa,0.30609174742106904
57193bdf5b9a6b42,0.6631857611753673
4ba6c061c5bcb057,0.9348624570178181
218a85cad268eab4,0.8708092372616443
f93dbe2cfff78101,0.5682830572053768
a8481146cd533ccd,0.6330591591122225
84b0e8fa750b7a33,0.40301656767739913
fdcc76060f099b01,0.06599718662081899
300a47eca14f8974,0.7385608783994998
14218faebac40dda,0.3666966239449828
6df2c2d2e3c3a7a8,0.6571291809940607
73b49cfc1f3e9dfe,0.2503125976867771
7f686a76e0a43e5a,0.2960300093779306
bf81324a27520bde,0.5217157705532979
f5d463ec64cf0b0d,0.3258440137542982
7b0554b8ca04f697,0.11391255079712412
e1b2fbbaa6be8596,0.42897194435761177
1b881aaa4217102a,0.5097296030009378
c212840fd1764342,0.3018619099718661
ef314439dbb365d6,0.07233705845576743
1772dc13f02d39b7,0.25294037199124725
b9ed04801fc7a354,0.261400046889653
105a3d1544b0f94b,0.6794310722100656
78654baca9d1378e,0.9685057830572054
9bc2056512b6d4b6,0.4745623632385121
09c4cf78e2e7adc5,0.3629747577367927
b2555ae21207d05b,0.806824398249453
ae348fe15c764802,0.12837019381056577
f0124c71b8a4ad33,0.6652176461394186
b56dc4e690b38942,0.29439864020006257
f780521ce14740f3,0.18335808065020318
dc6f043604dd54fe,0.31519615504845266
e07db4ab9d64f3ee,0.7393912160050015
8afd23b140e4bcb6,0.665696311347296
11bdf36dc7a35404,0.17551383244763988
4996a5c048b055d5,0.8155185214129416
623d8021b7d32292,0.663742575804939
9eaa2f70288d4b3f,0.21527235073460457
9b0054be7988059a,0.36908994998437017
3952d82f6df456f1,0.21591708346358235
8533f9a63a9367b1,0.5221065176617693
391d9fb2c3bd6fbe,0.006115192247577367
101b529dd70a1e11,0.04182947796186308
85b19b6a46b45156,0.2524128633948109
a4b17c05d90ca2b2,0.5826527821194123
194ecba02d51bfb5,0.1504180994060644
20a12da2d8890e93,0.1469111441075336
2df9214ba1de660d,0.5055486089402939
bd7e307eb75933e1,0.6485425132854017
5e0b0dbe5ffe6e83,0.999
bf3a6cfc9a1f3c80,0.4493298687089715
82ae8090ca11b2e6,0.5482963426070648
4901ed9747386ca7,0.8036788840262582
53084b49be13c52f,0.7568283057205376
0263cc51aa1acd4c,0.6687246014379494
41e313f2355b137c,0.6714207564864021
51a37cfce403f12f,0.3494060643951235
df4f484e6719459f,0.18282080337605502
de7f255e061d07f9,0.43181462957174116
741683772f1576c7,0.7276101906845889
54c7fb2af01e96d6,0.9165461863082214
24c542dab399c685,0.3397155361050328
a1230bf06c58290d,0.2794427946233198
900e15461a12870f,0.7777723507346046
c089536a25834f70,0.31699359174742103
afc3286b544f0040,0.7827153016567678
c61465243a2221a5,0.6581451234760862
cb1f20d4bb93c243,0.36903133791809944
30725d20e5558b56,0.37666067521100344
94ce3e10e75f90a6,0.1475656455142232
48d0b89d569495d8,0.6176441856830259
ff1ad6d36283f697,0.26973272897780554
72be68b75d2c814b,0.1749667864957799
e4b90062b12b7030,0.9151981087839951
d6323a665e446722,0.2799605345420444
2d37f4baed1667c1,0.6494216942794623
05781aee37a18dac,0.23033565176617693
de24d558a18a9f32,0.28804899968740233
cb44379989560ff1,0.21852532041262895
eb333ca8ccdad2c8,0.496864254454517
1d5cf29e044bf468,0.7445588465145356
172401cbfcd665a3,0.7005021100343857
8247761544773a90,0.005402078774617069
5f2c0797f7cb831e,0.11657939981244139
a7edbfd2acdf8ad0,0.3472960300093779
fdcb685349aaef9b,0.6844424038762114
1568e5a308c50e7b,0.8858627696155048
53f5f1c7014efbaf,0.583434276336355
e992034fc58854a7,0.2549429509221632
b1fc334e48e20c8a,0.08010315723663644
ca9f6168acd90b8b,0.14445920600187556
929bd47a71c6b958,0.9875644732728979
f7ee05e2b2ea34e4,0.4315801813066584
2f3fdc90e73536d0,0.05503673022819631
b43f6d156041778c,0.0847432791497343
6b0740f130757056,0.14262269459206
9f1200bd8ef18393,0.375
bf0849396acf9180,0.0720342294467021
58f62b02898dcd7c,0.9951645045326665
825b360a284d4a2e,0.10563848077524227
0274228343b0c7cc,0.9029774929665522
746ca6b736caea7b,0.016645826820881525
69cadc81ce7e015c,0.2352199906220694
295dc3bdd969b7cf,0.8177653172866521
e0c7aeb2471c9ba6,0.8120115661144107
a7c128e7baf08587,0.38696663019693656
74ac5ce19092de45,0.5625195373554236
5642496d768456f0,0.9305935448577681
9568d09b37d48147,0.6459440450140669
687eb07ac1ec9aba,0.34496131603626135
1131d59f818ebfc7,0.1976203501094092
70d46c4ad271dfcf,0.4410362613316661
333d8235e3bd1acc,0.29688965301656767
f9dc0ee30937f393,0.6379239606126915
e2e48b863ea7d61c,0.7043802750859642
96ad67d29a15ec47,0.6669467020944044
998b0ea49069c858,0.1158662863394811
cbf500fe483dca27,0.35865700218818375
32889f39f5c7e4e1,0.2833795717411691
f87241418df6147d,0.548188887152235
afed174cf13b9d7f,0.3609037980618943
d52f3c40480519e8,0.8531670053141607
67306d595867bdca,0.072356595811191
dc439b5c79486948,0.4425797124101281
35089dcee9e9ba1c,0.23451664582682089
61b5d6ef5f241490,0.26287511722413254
45f5713dcef10264,0.4919896842763364
2a3053d58302242a,0.11565137542982182
0998f38d4d069491,0.6521959987496093
accc2c8ae67e6063,0.15051578618318223
9f5292cbd3806d79,0.34519576430134413
1fb85b95e91ae45e,0.30598429196623944
faa0394464cef2e8,0.09208932478899656
af95309c63fadc79,0.4870955767427321
b8b45d6732b08fb5,0.3427633635511097
66966f55862259dc,0.520895201625508
608333309da6527a,0.7816212097530478
36dc5921a7d84ed1,0.5537570334479525
27813742ebfe2b33,0.650486480150047
211d5db960ca61c8,0.03266645826820881
5b186ac0d11513b9,0.9860307908721475
832d1c008bc3ef2b,0.8424409971866208
7d4e4f8d7d40dcfc,0.3040207877461707
f0dfb22c3a27665d,0.8146491090965927
407451c452cc5d17,0.8195334479524852
56928312feff0ba3,0.5534639731165989
9454541a6582c13a,0.33756642700844014
e6e2f33f21d593de,0.03315489215379806
eaa2910769614f8e,0.12264574867145983
127bd9796d970cc9,0.32718232260081276
169858f0ea055525,0.14126484839012193
47a3a9c393a619bb,0.4188711316036261
d25e98683c74aa8c,0.41789426383244765
4f2ec1f813538809,0.6028446389496718
8e5753d72777a9ac,0.40699241950609566
d9cef172341ac628,0.9938066583307283
d2c6b2e087495365,0.741725929978118
5aab483da67d16b3,0.4344424038762113
ad319fa45d964c5e,0.8877285870584557
730d677b8c968e37,0.17271999062206939
b1e38b684248bd0f,0.6162472647702406
ccd097c32d7ca7c0,0.31633909034073154
4cb0f5de29f8b8a8,0.5124355267271022
902aa8ae7819a527,0.013724992185057832
36cc1fd78eea46be,0.8676539543607377
5b8a6b0aae157e06,0.7768834010628322
d371f4cddd5ab580,0.2500683807439825
a07311ae113f1cc7,0.854466239449828
8ff382f017152a6b,0.6381974835886215
bfe18fe096f61209,0.41100734604563927
97f3a3f55f767d91,0.26618669896842767
a4058a2e4bbcaddc,0.6884280243826195
6dbcfd20040642cf,0.06398483901219132
42a6b3c10ef18f02,0.5562480462644577
9d7f6f4e136504fc,0.2932654735854955
0165f411bc818cb0,0.5735288371366052
bffe1b12bbe69fb2,0.6574515473585496
e01b40b1d6f30df0,0.8459674898405751
3201c568d1d26470,0.7988433885589246
0affa4eadbf1db83,0.856380900281338
ddd3b7b0ab9f40d9,0.8935995623632386
ec738c2ec1bfcd80,0.0656162081900594
906a954f8e1fea07,0.9283272116286339
cdbfc59fb04fc180,0.8436034698343231
2d4770eef88200b3,0.03651531728665208
3d18600bcebb32aa,0.47316544232572677
3e050322f92541d9,0.3291555954985933
1221e13593768788,0.3291751328540169
e7ea980a9b3cc8c4,0.41765981556736476
398953f786ac4845,0.8550914348233822
e8efc32edeaa174c,0.7967626602063145
49f061e869ee997d,0.6300992497655518
17668415b4ad9f20,0.24034854642075648
81e71cda520c7c11,0.7172553923100969
7c48e5537ec69161,0.35908682400750236
7b6ba45bf7c43e21,0.4637288996561425
9cdc08694020bc45,0.7619959362300719
60a026b4a766753d,0.3309139574867146
719db72fef47ca30,0.3506173804313848
c0b5b808eb068fc6,0.3975656455142232
b20616efa1e51758,0.2641352766489528
d1c2190b7e54ae51,0.1442540637699281
88d71cf388b60bf4,0.7194631134729603
c2394a42025bd869,0.8948304157549234
19b165b652dbcda4,0.7890649421694279
c17841139e5914a5,0.8488590184432636
5549a53bbf9d24be,0.741550093779306
2da830aa5b2812cb,0.28280321975617384
fb36e8ea3112744a,0.4583658955923726
3dcfee7f0efc084a,0.8373808221319163
16a97d3860c22e1c,0.7829595185995624
6322b2e3f7dca7db,0.5216376211316036
a48ff3331f89fc6d,0.5566680994060644
e07a96472008d97e,0.9664543607377305
42af4fb223127bc3,0.3078403407314786
4aa484762f1d25ae,0.7302575023444826
c414fb964c9cbb8f,0.6617302281963113
397cb89e6ab8a959,0.7080044545170366
2e9d9d9e0a6af0ff,0.7257248358862145
fc32ff9c59a22f95,0.05149070021881838
5783d334ad7f831b,0.8806560643951236
dbaa31f9fbbb6219,0.07224914035636136
93eb228beb06de30,0.20939160675211005
482d6bc5204e5ae1,0.3454888246326977
7128efa4863f0362,0.5405693185370428
ba5809f410734a94,0.4138304939043451
a571eb5010a2e299,0.249365035948734
ad6cdd09fea09683,0.7446565332916537
fa9d2cf12e72efce,0.7019967177242887
a8ae0f9ef30ce81a,0.9620291497342919
3b234a17219db0b1,0.0656064395123476
25b24a0734045bd8,0.9180407939981243
771f41a483c9f8a5,0.48626523913723035
22a6c4ec274869d7,0.6893072053766802
e48895820558223a,0.09551813066583306
02c11767f29d0426,0.08435253204126289
d686fd200c65923c,0.9525926070647078
adfe117f01ca698a,0.041448499531103467
69f3b49837e76dc6,0.5407939981244139
2e72632e2ea73631,0.22417161613004064
3207b91e24e27568,0.3089344326351985
95f22517cd16a7c2,0.2585475929978118
543936caa0e83a72,0.2503809784307596
58c5c659df736b0b,0.03894771803688653
997b65e2ca34d529,0.2658350265708034
75bd9c566434eae8,0.20209440450140673
14088d0f66d091e7,0.9458717567989996
4014d97b63499622,0.44172983744920286
f9d10471eb47111f,0.7222862613316662
545fffb7628e26bd,0.11904110659581119
9c45d75bebd4d820,0.025926070647077214
f710caef77284ef1,0.7222471866208191
e4bc3c14c4f4b1a8,0.524070021881838
392b17be6354d3a9,0.4177965770553298
9cc8d07ee090f377,0.7743240075023445
b2fbccdb690a2b84,0.6849210690840888
291257ccaccf9d11,0.6692130353235386
c9022a6ee3a5d7d8,0.2022897780556424
19a688707e160732,0.15432557049077833
84bef4f5323ebd93,0.8805681462957174
a3e5e1903e0e9682,0.4812832135042201
3b0297530613b732,0.19375195373554233
ca0fa3062d6f947a,0.6536710690840888
aba2a7eb167c6548,0.7247675054704595
7dace0a49f811059,0.6213562832135042
522ed32d9fdf2d72,0.44168099406064393
8771c418cc219aa1,0.6017310096905283
1b8f8b528f041137,0.01709518599562363
a9112add272578cc,0.28102532041262895
e722b584b816d2f4,0.6945041419193498
324dcb8fa3962b96,0.5273132228821507
ee84f939a7ab4e14,0.8014516255079713
f7a5683abeeb512e,0.22912433572991558
788dec8bb41081b9,0.0754044232572679
20880910f50c0159,0.546606361362926
a55d2babd6ac6e05,0.05395240700218819
7c5af2b41b2f1889,0.5568634729603001
af9599e0e687edff,0.24706939668646452
96de608fb997caee,0.034209909346670835
ef99f60d68f58a7e,0.9680466552047515
59d2159096523cdb,0.8488492497655518
606abd74dcfa442e,0.7714422475773679
20fdb4917e7e9401,0.1646217567989997
a3a5ff27339bb075,0.6556736480150047
b5ecb5c63b48ec75,0.8308358080650202
0a039166594e063a,0.10459323226008127
62bfe04683f51a3c,0.5128555798687089
b430c4d5161b59db,0.8964617849327916
a385f4145be5f5d0,0.050259846827133484
904e0bfdad64bd43,0.9014242732103781
0f4074528657c491,0.8100285245389185
39e4468b2f4b7935,0.4352434354485777
9125b00413b353d6,0.06757971241012817
fafd8063bc5f5cec,0.48299273210378246
6b06401ff364064a,0.06856634885901844
e5c9addac3faca6d,0.26368591747421066
d12807d748517f6e,0.33697053766802126
828de307532bb29a,0.949036808377618
2799da617b3128ab,0.15993279149734294
7b6d6ea6d9feff86,0.014105970615817443
0627c402fd75fb9d,0.9264516255079712
a1bb99f3b749279f,0.3118357299155986
ceac2c53c27234d5,0.056863472960300095
9b3de1b793447910,0.20800445451703659
76a426cfc81a4d2d,0.5202113941856831
abac3cc21ba1b309,0.18601516098780868
4e8b9323fa254334,0.6632932166301969
1a4205578a28486e,0.7924351359799938
fa7dfc3f7d4a1344,0.6883108002500782
340b1651b36c8645,0.36417630509534227
73cf2e26157ed703,0.8195139105970617
87add43c2ce1b06e,0.5680779149734292
01717bfb5b3542c8,0.7272975929978118
70ca05c9213444aa,0.648161534854642
0684a9a80bfd34b3,0.22903641763050953
8c2ae373e2809c29,0.2900906533291654
331341a7f1c33272,0.6361558299468584
97078c12c161c701,0.5238551109721789
4ddffb1d8861cc54,0.13772858705845575
2dbc5e3027b4817b,0.6160909659268521
8fcb717c71bb3cfc,0.5062714910909659
58ed220fa88a029b,0.02752813379180994
fcad4ebd837b0031,0.3350851828696467
0792e52fe2c9b711,0.7774597530478274
576de6970c4ba90c,0.6088328383869959
930888a00b16e315,0.8454888246326977
bb00b59f720aadc8,0.658428415129728
05aad23e028bea27,0.49498866833385435
0ccaef7346d2eebe,0.45428258830884655
bc31c0a97c89dac1,0.775662316348859
239478b0c695aad2,0.42014105970615817
6d59238e91d3c6d6,0.5363297124101282
02b6f6002980042e,0.805368865270397
0164fc5fb575ee2b,0.4262953266645827
d8ba5ce01fe8a09d,0.6646901375429821
173b378df818b167,0.09054587371053455
7f5edae9b09a208c,0.5920795561112848
0b5662c2a594c20c,0.6982943888715223
55ba1dbed1a641ea,0.6691153485464207
c944ecb134192652,0.9083307283526101
3984b7d478aec2b1,0.8929255236011253
f6ff304e4f459ab4,0.8687382775867458
a49951ac9b42ceab,0.5787746170678336
4b48ddb6a65e584b,0.9655067989996874
624009526008e265,0.42546498905908103
9ca1f3fd0ed031b3,0.6325121131603626
dd7e10345355a17c,0.38792396061269147
a324ae18d57bb12f,0.5611323851203501
f3aede6892999fdd,0.4142407783682401
798f779dbd13fb6c,0.9138207252266333
21481b4c28f91b47,0.14931423882463268
8529066c088169cd,0.034991403563613625
7e93ed2093de4112,0.24700101594248203
51687c7ba8a553be,0.6311933416692717
4ad8b585409698e6,0.11719482650828383
eca2dbbd4829118c,0.6757287433572992
7a9bea3f50549e57,0.5592861050328228
e53cb4d81fe012e8,0.5781884964051266
25e3af07b73ccb43,0.3507639105970616
939b59f220b94ec8,0.3591845107846202
9618c75bab14bdc4,0.8786241794310723
2ac483615d4696d4,0.9315411065958111
b357b45b22852d5f,0.2347706314473273
eed158b983054ab2,0.11913879337292904
25b699ec3d33020b,0.8611284776492654
fabe692869cbf6a8,0.08468466708346357
e30cdc55701f891d,0.6255079712410128
4e247c59738e0754,0.6285264926539544
eb6c93bf83ef9f01,0.7957760237574241
4b2a51b89182eb2f,0.6853508909034073
920800c7a752c35e,0.03099601437949359
00e3f3638706ad20,0.5286319943732416
3b68344f608e8cf6,0.18244959362300717
bd0092d0e87dd02b,0.4463406533291654
d3020752ddea13e5,0.5316407471084714
679a41beeaebf503,0.8041282432010004
7fcec9e71dcf18cc,0.3269869490465771
735724a234bf2816,0.6984116130040637
31cdf3e24ce53af5,0.502813379180994
58b83792be0f6321,0.8426949828071273
2a84a58cf96025f5,0.049361128477649265
9fcedeea63586bf0,0.7998202563301031
d9de7aba8c682fda,0.17099093466708348
08572215a3892815,0.35640043763676155
b488884763d551a2,0.7497069396686464
c30e80405d6e58b2,0.16384026258205692
0c86a250e70f6eb2,0.4851223038449515
a11c15fcf4597f82,0.7494138793372929
2caedcb4ee1a4103,0.8856576273835574
f91d05eaa3df539e,0.4315704126289465
8bba0a98ae140af5,0.7953266645826822
a987e81632676043,0.6588582369490465
f50807d17b5c038f,0.7915364176305095
ee12454070596716,0.6324828071272273
b6e0190c3e5766ef,0.9255333698030636
a57b30735e272a29,0.06538175992497655
ca66fe2ee058013e,0.6913781650515787
1969a8349757d32d,0.5528192403876211
a5bad4f4702eb96b,0.2909991403563614
2f4ee5ef7a9e32ab,0.95085378243201
abb1f9350d96ed70,0.3502950140668959
8a663152856f606b,0.10501328540168803
5965e2be33eecfc3,0.07784659268521413
75414a1e69d6f205,0.6249706939668647
0d6362f82430762d,0.6396530165676773
cded8976cdbec569,0.5639359956236324
2f21d9cb88d7004a,0.670014066895905
bd0809d01c93396d,0.9236480150046891
d368fd4152e904a0,0.8226203501094091
7a088b0bef4cb74c,0.3473155673648015
dad9460a25f9913b,0.9208053297905596
50f138449e3fe2e8,0.45687128790246945
53eecae41b9614fd,0.8692755548608941
c88755b5796bc0c9,0.8347139731165989
1b2bf22690f55b23,0.32839363863707405
4c0b6078692f7c89,0.5717118630822131
d310596293c8f04c,0.45357924351359796
3a724ceda4c76f9c,0.03428805876836512
57c2219b4f1a0a5a,0.7182517974366991
6069a9ccdba45516,0.6080513441700532
504a8185dad726d7,0.7677594560800249
c950477e87d58094,0.18820334479524853
9f1e86207b2be555,0.9009163019693653
69051b19215e3e0a,0.5175152391372304
7f70b72d97083c7b,0.7326019849953109
61279ec74a6d3645,0.12320256330103158
4a35368f7daabf53,0.44538332291341043
8730f5f1237b818b,0.04340223507346045
f9492b545b552f5b,0.730560331353548
a5e99c4117b486a0,0.5137445295404814
c10ccbadcdafc1cc,0.09408213504220068
e0d15a865fdfb988,0.24234135667396062
eb916f460ee1b545,0.36251562988433883
1b7bb61fe350c5ec,0.28223663644889024
03e5516590f20096,0.3594775711159737
18e0a9eb3145a82b,0.060184823382306976
39cab30b8f09a081,0.9722569552985307
dd47b13d3aa2de79,0.2370858080650203
6a431bf1b07deab0,0.7774402156924038
2b0db9b43f8d905b,0.5472022507033448
363b638b117d0e37,0.03746287902469521
87518c28a26f4d41,0.001
3e73b6c86098ef20,0.7025730697092842
f7580d024f627389,0.21736284776492654
626946bf85055423,0.1767446858393248
1d4ec81574db910c,0.4293822288215068
eb3384eb6ec0ee10,0.15733432322600813
ba1a0a18164d2ed4,0.21415872147546106
8736a356e18687f9,0.10683025945608005
f66ad6f9a0d13057,0.40567364801500466
6781beeb2a94c80b,0.5691329321663019
45ec50d9e9b762dc,0.10742614879649891
f993d49be31858db,0.5520279774929666
68630d40b3d8c8a7,0.403885979993748
790d0e863cbc896c,0.16783565176617693
6b9f40e1b5440454,0.19992575804939045
5bd12aaf1d87cfb6,0.5655575961237886
9593f8af8e49622c,0.3051734917161613
7787873ef39eb65f,0.7297104563926227
3b43be2428bd133c,0.3151668490153173
51614174133f7405,0.7713152547671147
90ef1be7933c7d32,0.2634319318537043
b9b0bc5968838ca2,0.3018521412941544
34854ac0b59be9cb,0.6260257111597374
552972fc397a3d7b,0.5850070334479526
538cce811be930f6,0.9379786652078774
3684947575a87995,0.882902860268834
3458934dca749c27,0.6146452016255081
777593519303d6bc,0.698177164738981
c998d0d7e544f18a,0.535333307283526
a23ad55fcdc44126,0.7711198812128791
628f59b52e0f1abb,0.9161163644889028
f55fd4a896009b37,0.1981967020944045
891966bf8125b263,0.19859721788058768
31a036f4acb27daa,0.6980501719287278
b329a2756c4e7e5c,0.09844873397936854
4abec7b3aa11b00d,0.2927281963113473
506d7e6eca5fce8a,0.2213973116598937
93767eb66242b1fc,0.9529540481400437
f07f619af08f71e3,0.9836960768990309
067779ad870efb29,0.45502500781494215
5772509431f3d5d1,0.7152332760237574
562161d24bca87e5,0.0478469834323226
f3e2eded68a25564,0.2806052672710222
4e9f50f16ba04465,0.28087879024695217
a4208a55db792b95,0.3450492341356674
9540d1c34ce10213,0.2703872303844952
3b047ea1a379c251,0.3968232260081275
90c24520deb11d2d,0.379767114723351
174bf54853f8e212,0.3533428415129728
e32af9607e1574ac,0.22202250703344795
177d7eaf2ebe4bb3,0.005685370428258831
1d3872dea5918cf8,0.7901199593623007
b6641f418df5107a,0.6013011878712098
7b0a91f0c2754446,0.8785851047202251
3074d01b6d512da1,0.5099640512660206
a1ded8ab2ac8cbc3,0.24692286652078776
99d24231acc81bda,0.8858139262269459
ff0efc6b635f0dfe,0.45418490153172864
4b26bc2a5271e828,0.38771881838074396
323cc294321346a4,0.5639946076899031
1c5da1e20342a0bf,0.48073616755236015
4f414677966cf8e5,0.3302887621131604
a08962f7cf8ef6ea,0.9597432791497345
e6778d3ce59810c5,0.20933299468583932
944d32b8f9e9db1a,0.9570959674898406
e5c8bee2002b6ca3,0.8777645357924351
fcc9190b336ccdc9,0.19044037199124728
d8c0de2ec20dd583,0.5198011097217881
fb55a45c51379250,0.09117106908408878
d6e81f789123be62,0.37668998124413877
2653ffee6d9f5abd,0.8949183338543294
daf885e44112d6f2,0.6726125351672397
a75fbb195a5c31b4,0.9914035636136292
d6946d6a1e5de8e0,0.43356322288215066
262eea09fa9fdd15,0.0755997968115036
0661f0f9daa76a96,0.636536808377618
3796742963319893,0.9351457486714598
b7d31b3502739b04,0.6738043138480775
ca3ab2b2441679fe,0.5093193185370428
6ff3c95261a2e60c,0.060907705532979056
296198ef516bccfc,0.05819201312910284
fd7387d23f2c2e12,0.569719052829009
705f7c9f6f9a1ddb,0.14895279774929665
664080d9a44e09d5,0.07943888715223507
d7bfb116b3f0171e,0.5573421381681776
df7650f2e15b685c,0.5482670365739294
13d553333a49e1fc,0.13133010315723664
d60997f0da2b3161,0.19965223507346047
e3dc5b0748d9d1be,0.9929860894029384
126cc7a3354c3a59,0.09401375429821819
68c831e307f80c40,0.027069005939356048
4c10437c6f1f749e,0.9876621600500157
4de56fff18170df4,0.24710847139731168
93ee64e43ea9b0ac,0.6354524851516099
622e27b7a834d371,0.8600832291341044
8283fa9a80b68052,0.19211081587996248
3cbb48910802e9b0,0.8504610815879963
898c4451fed60e39,0.5521158955923726
560b7b7af9fe8dd1,0.5472706314473272
bcc595e893e2a797,0.28808807439824946
cb2fa098224a9f0b,0.5933299468583932
9e2a88f835bbb5df,0.7978860581431697
07e1bd9a166bc257,0.756857611753673
10fdd890be2462d8,0.027489059080962802
34a7adccbdf4dbe6,0.8560976086276961
5dca94f6e13922ed,0.3022819631134729
be032af3265ed2f8,0.9796030009377931
afebc493854ff065,0.08944201312910284
755bf2132b96ea88,0.0616598937167865
11b6872eb913fe4d,0.11665754923413567
5a73131a74b5e6f1,0.23487808690215692
a1445f34ce4c970c,0.6801734917161613
c84303c64f096b4d,0.4853469834323226
ee5a57da13fbcab4,0.7662453110346983
9e237fe51b937f8b,0.3655341512972804
04c0ce452fa54511,0.5411065958111909
e4cc4cfb493c102c,0.770123476086277
13ec6848e5d8c7ec,0.28198265082838386
8b117511fb3c0bb5,0.8103508909034073
45109a7dafad71a4,0.9231888871522351
be5d51769b283a70,0.7373593310409503
4b049c030fc355f2,0.5514907002188184
e1b125afa19663b9,0.6003438574554548
7f5ee99bec52fb31,0.9552594560800252
0ea477a7bb524c43,0.5015727571115973
b2ef814029a4593b,0.7081412160050016
54642bb90de7c651,0.2618298687089715
5562db51544efda6,0.48720303219756167
8c3fc61ec6b0570c,0.6826351984995311
19990ada3d732a59,0.8187324163801188
d4a097538c2270df,0.5886800562675836
a8e6780d12272bb2,0.7456529384182556
0de7c0afdf2ac64d,0.5657432010003127
ec3a682eb391eb7a,0.41755236011253516
de499b3d3aa77620,0.4204536573929353
bb95d7738f26c137,0.33968623007189747
76de6c48fb303a99,0.7835456392622695
f54db052a2c1bf61,0.9033389340418883
d2b45f024d0f9012,0.8224542825883089
26693e446f60e43c,0.48101945920600186
00fedb2a014dd220,0.3795912785245389
8b353042d65300c8,0.8405458737105345
90c55b1f3ca98c5b,0.09332994685839324
b874c35d79d74f6c,0.5722100656455142
d482eb847a0a40c6,0.3298687089715536
fc4d3a97478802f1,0.3883244763988747
0a7a2b85838db506,0.10171147233510472
c697f27fe38b040c,0.23164465457955613
a4d2009627d556d9,0.6616911534854641
1c403f2124470ed4,0.058973507346045645
33627e42df750fa3,0.05151023757424195
ba9bd925e360f225,0.4212546889653016
ea28b791d0295ad0,0.49567247577367923
d149d439304c8705,0.1358334635823695
536b709bf5515eeb,0.23131251953735543
88c0a8061e7a3795,0.7480755704907783
8764acb490f19b62,0.21033916849015316
417f76acebadcb48,0.8405556423882463
475869c5be3c507b,0.44957408565176615
3ef8009767c7fa25,0.9076664582682088
b554efed5fb706fa,0.8407021725539231
84da50183b024285,0.25809823382306973
a4b1d18f46aa981c,0.04261097217880588
9b47e555a004cdae,0.3671655204751485
ef262814960ff13f,0.6464520162550796
5c0868ac8eafc7f9,0.33708776180056266
db15a0f6f796aefc,0.05616012816505157
9e813d48e7fed678,0.7218173648015005
7e45e93f027eadd9,0.8542317911847452
bba24189518e4411,0.7970557205376679
80cba429bade3fd1,0.08172475773679275
ea2c64045d0a1c12,0.6977571115973742
6eea65bf31a2bde4,0.1512484370115661
986a532aee033e7a,0.2600617380431385
d254bc6437766f3e,0.33174429509221637
3c2c4044a5a205b7,0.4335534542044389
d1698b7f7ce2ac63,0.8534893716786496
5615043a1f36b137,0.06027274148171303
fcb9321c88377fa5,0.013471006564551424
885250c55edfcb6f,0.44566661456705214
f48232723a1bd05d,0.9554645983119725
27b4eb77530a112c,0.171283994998437
98a1669bde0eac7b,0.9531005783057205
c85cfc3341c8708c,0.07879415442325727
8043ae38af9b3ce5,0.7779677242888403
babccd7388fd8c21,0.41657549234135666
28aeae730b623cab,0.29794467020944043
4bf1da87dd838f3f,0.08028876211316036
8da93da167404e45,0.7673687089715536
4a0a3077b5581645,0.5594619412316348
bfa2d19017923568,0.37101437949359173
5f6e00c966c5f59f,0.8571428571428572
52c9dbfce9f1b95b,0.1534073147858706
cdfc3b9f626b0845,0.5128165051578618
5e6ad4f66342dce9,0.6478098624570179
42b0a534c0da50ab,0.30199867145983117
e454a16a94a43530,0.4304567833698031
1b6c9c3629bff42e,0.8992458580806502
3d4ea2f562e04d67,0.09084870271959987
e5e88946dd245e5b,0.5258283838699593
7c08fe11ea59472e,0.6153387777430447
48716b8ef3837856,0.2711296498905908
22cb220fb3d03ef0,0.8636194904657706
ad38c3a4c4f92dd2,0.256857611753673
439506f46710d418,0.6209459987496093
e6d46d90ae71b635,0.5046987339793685
cc306ba2474886f5,0.16930095342294466
c3dbfacba8b29888,0.12985503282275712
3349746bf536b40c,0.3311288683963739
254dff7f2f5e27da,0.07776844326351984
5f715d9d99d8aef8,0.7319181775554862
28877bba74273a2c,0.052418724601437955
0837f11e1dc53f72,0.9245662707095968
700d9c6e6406ca13,0.782295248515161
6e0d475eeeff64fb,0.520484917161613
36ba7c400d24c8ad,0.035313769928102534
8c371f8737f1a2dc,0.9959362300718975
163b4afe1f475ea0,0.9385354798374491
2e2c632a9af9b807,0.9251816974054392
a891091666dc0643,0.6975617380431385
a990b188a8200e9e,0.09564512347608628
e0da7835cc3694da,0.5285538449515473
6965bd28dc460b44,0.14868904345107847
84b4fd2717d4bf2c,0.2621326977180369
0544118474e570be,0.4434198186933417
2437b2d4a2e8ae82,0.98801383244764
647299fb2ba00e43,0.04803258830884652
7372537f1eba1dab,0.9066700531416068
8854c27e996efd14,0.5349718662081901
380235b034a986da,0.9357807127227259
a2d407f16ff373fe,0.8551793529227883
0ed19a3a868aaa3c,0.42854212253829316
c173b6242dff9b1c,0.4041692716473898
2043889f64f744b8,0.6231439512347609
19989bc6ef928517,0.6316427008440137
d0665c65b0cf8d5d,0.8719521725539231
2b072792e895a81c,0.12835065645514224
c531857150c9674b,0.4823675367302282
bb56bbe97134a4d1,0.17689121600500157
3e062b6117c4918a,0.3975949515473586
a58a4c24d35bd7fa,0.7751055017192873
4ea7721e8c059b2e,0.2722530478274461
32a75809119cf7bc,0.6216884182557049
e4794a0287930fdc,0.4214500625195373
028903129d296567,0.5749355267271022
910a3bc19a45f893,0.8375371209753049
afb4e9017f94d52b,0.11058143169740543
8c75ef81ac907000,0.6330493904345108
de995213b69871cd,0.18855501719287276
593b54413b1695ee,0.649070021881838
d68b798f72ec2a7b,0.16866598937167865
2abd97afe8848116,0.04271842763363551
b80ebde982296428,0.5977258518286965
dbe8ab13dd1f44f4,0.13295170365739295
db6b5f2104046f55,0.6130822131916225
1f67c146861efa15,0.04719248202563302
38f490199f1306b5,0.4487046733354173
dce69a47bd1feb56,0.3463289309159112
12cd790efb4486a6,0.8357787589871835
d5806dd0784560a5,0.02222374179431072
207f45be2fb83671,0.8304157549234135
848e2c11fd115b35,0.6739313066583308
0f9d093c9db25458,0.7441974054391998
13e9da15ed290868,0.3489371678649578
8c584f6c1538beaa,0.005343466708346359
5fcd3e5896568513,0.8799917943107222
aa1f013ff05a59f3,0.36465497030321975
eb2bbf6f740d132f,0.18757814942169426
51fcfaba58d7f511,0.8864391216005001
abfff37a1f178105,0.8438574554548296
918258103a71c3ab,0.22462097530478276
99beaa8c134356ed,0.6726613785557987
f3d97c979517c08d,0.7400750234448266
577a00d787373595,0.8402723507346044
d71bd663eab2681d,0.7655712722725851
3b59c956b239b3db,0.24466630196936542
9115eeed93f30a1c,0.1464520162550797
3d992bc625e7dad1,0.08300445451703657
4db07f6033192f9b,0.15265512660206315
a58a45e9afd5b405,0.7076625507971241
519774a276bdada6,0.8012367145983119
50bc50ed77a01d75,0.5545580650203188
d608451c67dc5cfb,0.4288937949359175
2856ffa4f0a1ce80,0.45415559549859336
2bdff8f74778c4ea,0.20300289152860268
068acd67c99550cd,0.6463152547671147
6123220972766a4a,0.4906611441075336
c4d534fff3fc5628,0.5698362769615504
9fc3fdf14ea045ac,0.4438789465457955
3f86edfd0be75ecf,0.543919974992185
c36573a6175092a9,0.7215536105032823
7c4df8c2f29666ee,0.05300484526414505
3c791b72118b74a6,0.4911788840262582
747b04b604c95fc1,0.13898874648327603
e780dca0db5520a5,0.136536808377618
af83daec6d450e57,0.4790559549859331
5d4ff9f52e2e4f34,0.6973077524226321
b2b8e551d87be54f,0.9989059080962799
203b6e0e0fcaa971,0.4824163801187872
eb36b4336605a7d6,0.5069162238199437
14713adcc060333a,0.545238746483276
251c0c9a3789eff9,0.8329653798061893
0d0e059449af50d6,0.25877227258518287
63b1850f6f5df5d3,0.33999882775867457
90ace0c383247390,0.11768326039387307
1ba1d1cb2d6d1bb9,0.22151453579243513
dcb2cbe56ba92129,0.1015258674585808
88b8fdeb6d82597c,0.09429704595185995
0ccfe20a4b77ea6e,0.14988082213191622
3482a5b15357f00e,0.11926578618318225
6d71348fed8b9c4f,0.27854407627383554
f8723e3306bf7c43,0.9712703188496405
7ef77b74f9baecb6,0.28645670522038136
bc80f01834269376,0.2447542200687715
18da383af4fa3cb8,0.8529325570490779
b474ff492fb9a94d,0.1427008440137543
d157b8492ffba0dc,0.12281181619256017
cbd2d4eb5123804b,0.8905615035948735
0f9515404031e965,0.2036964676461394
4f1dcb8a1669a31c,0.8131251953735542
28c27ce346a7a7b7,0.8222393716786496
58928eff8cb29089,0.5288175992497656
8069cea0e02052d2,0.0957623476086277
3b583c05db5ea4a6,0.15639653016567678
36384df41240d0c1,0.4846729446702095
15e9a245d6d06a3e,0.8160753360425133
d2dba561c29b817d,0.47521686464520163
2a507f7014709986,0.8092958737105345
a27e43abacf3b1f2,0.9203852766489529
686019b683e849d6,0.8821311347296029
9a3663eadae7822e,0.7206548921537981
f4857bb0e0b52a47,0.5118689434198187
29f988f929e638a6,0.3074300562675837
cc08f5318b40d7b5,0.12814551422319476
3aa8c59d9c5dc7ac,0.5831509846827134
eeeb124ea0b0d51f,0.4954868708971554
c422bdf822a0dc56,0.8549351359799938
98269904767a2636,0.16616520787746175
e6cbd02151c72662,0.8807439824945296
5e7bd880681d9f61,0.7735815879962489
fbe456da262eaa3b,0.5523112691466083
dfe3e7968ec080ba,0.4287179587371054
0e9ef351ddbc9ab1,0.2642818068146296
2902b3339eeca5e3,0.5800543138480775
a7137a063b883e92,0.8598390121913099
b733ad3dd8899d06,0.3241149577993123
44fe9234ab115e2f,0.9300562675836198
000b03fc8664c7d1,0.08958854329477961
9020a01496eaf633,0.7042239762425757
53b7a21b0f4cc200,0.09029188809002814
20cc306cbb1c6bcc,0.927916927164739
debcfcb981ae0125,0.17336472335104725
802bd1039c3e6a1b,0.12045756486402001
5f5c21e0b6a4d4a7,0.1772428884026258
4e1d92bfbc009b58,0.7692540637699281
644c03f056f3bf9e,0.8502754767114724
3b4855d86d450661,0.26119490465770556
dbe1c9a9d3e563ac,0.1997987652391372
2fb49e6e63bbe8f6,0.8189180212566427
2347ddad2e1b095f,0.47208111909971867
e315a627d1ca8573,0.8090711941231636
0558a476ace81c15,0.45886409815567364
4426fc96456aa43d,0.7917708658955923
ee5092888f963b26,0.32240543919974995
57886ec9ac1bcba7,0.9246053454204439
69e1947ef1a19192,0.692540637699281
af29d6fac97c87a3,0.24366989684276336
6952926383750b48,0.25918255704907783
b6e14b919c7ad1f2,0.19400593935604876
8d09ba7da0267580,0.7272585182869646
40e7e13ba421c25f,0.12232338230697093
c3d8677083122b80,0.8348311972491403
e41366313db49145,0.14832760237574244
ed95e31015c5959c,0.7424781181619255
64f0bef89a702494,0.13608744920287588
81918dc774b899ca,0.12294857768052517
dc9dc895fc8368b6,0.4916477805564239
ea0dcc9add9ba8c9,0.6035968271334793
c45a009981cf2faf,0.803503047827446
ee4eee5c2cad18b3,0.2056013597999375
4b8886ccb99d4b95,0.338797280400125
a11b7637d21059b0,0.24447092841512974
ae6bfde3685ef5dd,0.09429704595185998
095f96ba3b90f727,0.5253301813066582
c800465fabd83658,0.0735288371366052
c75993f60039bc22,0.6452016255079713
15b2e13c51d54758,0.3794838230697093
cef343af7e936391,0.64371678649578
bb9e37137f42fad4,0.49932596123788686
b6f54b152f0f2c28,0.5712136605189122
54548a1370ae962d,0.5391040168802751
774675091e96f38e,0.06883987183494843
64db0198c907fdc5,0.12126836511409816
ee3a2eba79a61cd2,0.2343115035948734
d87ea92ca2504e8e,0.9272428884026259
493f68967d2931dd,0.38896920912785243
33c5bd3953cad989,0.323538605814317
31719675e9834500,0.4227688340106283
283d0d3d8afdcd48,0.7717841512972804
0954b46131527b56,0.03292044388871523
c7f99cdcd74ddfb2,0.8462312441387934
89e81b0750c67025,0.7300914348233822
ef2e114a293d6051,0.22043998124413877
3eaa82eb74b0d2b9,0.9636507502344482
f115b5827c53fdae,0.8927496874023133
5b981d50572234ec,0.4297143638637074
bc2a7ac2fb6ad312,0.7679841356673961
cabb5fa14742de79,0.8807342138168177
9dcd899d3120d04e,0.10093974679587371
5bf75dc153469005,0.5901844326351985
a99c57a3cfd238a9,0.9188222882150673
7d3c73f6e6251236,0.7535167239762426
79c824cab095ef0e,0.5403934823382307
50457f03b19ce000,0.7233901219130978
72ea29c850f97747,0.49674703032197565
949aabf35ccb0c4c,0.698401844326352
bd3b7b9b5cc3a346,0.4227590653329166
581ae7bcf533000a,0.13682010003125977
f944b728b8eb9aac,0.38213113472960303
6add937f4476df2c,0.6104935135979994
478be273b158fbf1,0.12673882463269773
43c1856ef31d1073,0.9063183807439825
8f97466fd3810c1f,0.25404423257267894
3ae22b8a964781ec,0.5545189903094717
82ba55bfceb0ffbd,0.506310565801813
5966bfc14b304d05,0.5441153485464207
eedd90867e3cd9d4,0.014203657392935292
99db9ab5fdf84102,0.190860425132854
6c6761878fa11c78,0.6432869646764614
731bd2e8496a9b0e,0.09741325414191937
9f1fd83e49b82f88,0.9293138480775243
51a2cc12286941ac,0.9797104563926227
7b60067efe8e7c4a,0.7831255861206627
7ba8d7a5a2f30106,0.956167943107221
677aebcf5c57a29d,0.4762035010940919
c2e6810f10057ffc,0.46693302594560804
f770bf49e8b32f7d,0.661700922163176
d999d97cecc80f08,0.7796577055329792
225695249568ef3d,0.9364254454517037
64c347ce204607a2,0.7083561269146608
8b972fc1665f8aff,0.3049292747733667
fd3a180f558ad235,0.5651180056267583
f24ea2f162b99780,0.8058279931228509
71edcfb193fa3be3,0.8918705064082526
4507c7c846e862ed,0.4477766489527978
ac51d145f495fdf8,0.566133948108784
3ab5c54552e9add3,0.6862691466083151
0e545a1fa4aecf83,0.11676500468896531
19eb7f93e53f33d0,0.3209108315098468
f4653f53352a740c,0.5436269146608316
c716d718820e66c0,0.34670014066895904
a8a2778b42759e84,0.7062070178180682
d632ca08f997e38d,0.0628907471084714
47c56ea6034205ca,0.1492458580806502
f436395245784b88,0.9497401531728664
ddb7078278325022,0.2005411847452329
1c24525f31c1953f,0.8322718036886527
7c7e6ee56d6ea5c1,0.7605501719287278
0e67b9cedd55f492,0.3167396061269147
a585afa6cc802221,0.4087703188496405
132bdb2d81abf434,0.560184823382307
cdafcf3dcd774b36,0.6327758674585808
5694f780d2c8e463,0.07591239449828072
317ba4057a04aa16,0.8796987339793685
a92ae25f2defd1f4,0.5526140981556736
ff0073be9d8669a3,0.9236089402938419
2c4d6fd16e7da4d0,0.5112632854016881
e8b93ecfcfcf69bf,0.4594892935292279
aecdf632644c9922,0.8192403876211316
0f4ac8759cecccb4,0.09906416067521101
ae0ed79b3f56091e,0.5892564082525789
492dcb545fd160e3,0.42669584245076586
b6feaae9a6963540,0.382541419193498
10bc80bca38b6418,0.2243962957174117
d8bf52f15b58b474,0.21069084088777743
d590d13d8a0daf0a,0.5856713035323539
bafce96906ba0c73,0.31326195686151925
15a89b9d9a174795,0.34784307596123787
3c895a00e202bc6e,0.7788762113160363
62100baf87d531c1,0.56649538918412
8ea52f2642c87cd9,0.48536652078774617
78bf3db367f46ea8,0.9350675992497655
7303626be6419b04,0.8120994842138167
86f2e3f9f88bf00e,0.952944279462332
39921131b7d48cf3,0.7806345733041575
7c06255c489ce455,0.8685819787433573
2a0f68fcd60099b6,0.7954829634260706
968f899504b28211,0.7396549703032198
98dd9df8fdcb29f4,0.5820373554235698
ed55728c47c8b666,0.15025203188496405
0e54abd540000681,0.9020983119724915
2687ae2ad26c6497,0.8408096280087527
afe3e3f4edc8f7b7,0.5288371366051892
3d8ff2a3976b69b9,0.47970068771491087
13e6deb5f77cd1f5,0.4979485776805252
8c8711be796262dc,0.3006310565801813
8eb1ab06839664b5,0.27237027195998753
dbd58b32bf776c26,0.1472335104720225
4be0c2fba004271c,0.7090106283213504
a0f6b49ec1b86bc1,0.8850422006877149
3b33e5fb16341fe1,0.807049077836824
d39f326ae61cb937,0.08821115973741794
00e28c2a11d38c61,0.7319084088777743
a55c74a9759fd56a,0.06972882150672084
8bfd04b0788122e2,0.9955845576742732
895776a9cf9c8d43,0.46693302594560804
7ff187535e206416,0.9898210378243202
b2d991e4147a68e0,0.3025652547671147
b62ae246269c58c4,0.8810370428258831
b8af731f19b5c84d,0.01764223194748359
19f5143484b38101,0.7185057830572054
982f6a3f1bccc6d4,0.12310487652391372
2cdfb20347feec4e,0.9095811190997187
5b2d62e736467c16,0.2631095654892154
f85bf07959deae92,0.15920014066895904
8e923fa1dedcd01b,0.46396334792122534
93b3dea6a99fe31a,0.39155790872147545
8bc3af23b3d5ba85,0.30780126602063146
91db39152bd6ad50,0.9887757893091592
d911a9c74b505826,0.8799624882775867
0e53e628826772d6,0.1770768208815255
14d7b607e5e3f0cc,0.3826586433260394
f3e8e3469f0aab7b,0.10810018755861206
b9c36eb092bb275d,0.5195471241012817
9cff3e265921dfed,0.8479505314160675
585bc81acbe5b1ec,0.1328344795248515
15f8e68c7ac23dec,0.565635745545483
a37b05bbb09f8496,0.8899363082213191
4f31f80a263d61dd,0.30469482650828383
6a3987a9bab31c44,0.10216083150984683
9f59a5ca5ae6d119,0.4374804626445764
afc6cb824b3596c7,0.08359057517974366
64dcbe6f4ac8de61,0.8558729290403251
1fcaa5c3533f63ca,0.16858783994998436
a266793e0c2619d2,0.7532041262894654
598af3378495839d,0.3801285557986871
b40ecfcda1506387,0.1591024538918412
22537a4c1f1cb22f,0.3684061425445452
8c5b78cda30c225e,0.7133283838699593
3239189122d043fe,0.44847999374804626
4b34859a41dd8627,0.3326918568302595
7577c8941b2e888b,0.06172827446076899
8ef15229dd291883,0.06245115661144107
3332780ef14cd99b,0.7685116442638324
f93d1a6ecd62d897,0.6787472647702406
9505f55ac00dbadb,0.7961374648327602
7c1831bf48bd728b,0.09900554860894029
17cf81ec2dede54e,0.7721553610503282
e84c6f3155ec9762,0.9269889027821194
e894ec9e0ac2e7a5,0.8637171772428884
c307472500eaf782,0.8303473741794312
96de47679c4cb6b6,0.2389907002188184
e0dd44e7040c3168,0.4737124882775867
bd9e6bd2fcf5a54e,0.6953735542356986
0382e0d155285962,0.43274265395436073
509eccae9abde09a,0.8942149890590809
f2147e0be04acf5c,0.5436366833385433
f3a6b01cc0938196,0.8749706939668646
c1956069b7309004,0.2900027352297593
2292dd5e617286e5,0.48718349484213813
3644d81639ce9f29,0.7876289465457955
4a5bf3e5c85dbfe9,0.1631271491090966
095a4f241c64795f,0.9148464363863706
aa45545b6df75be3,0.8402039699906221
ffda21a7e2973492,0.6420756486402002
662adc1ed3e8fd43,0.45349132541419196
218ae6cc5968ab6e,0.960573616755236
316379f30810e1c6,0.5716923257267896
eef8a37b8fe20ec4,0.9440645514223195
d9a0aead3407db9e,0.6731107377305408
f0c65e7320950a84,0.7689121600500157
4625132a59dcda74,0.9113199437324164
ab1c8b0c3967b656,0.9409483432322601
f00224def382933b,0.6542083463582369
090051f10ebcb768,0.4180505626758362
2a0c37f157e82f1b,0.6204282588308847
61914ca3afe42c15,0.21568263519849953
a9fc0e9ff5b0e706,0.12390590809628009
f548f7ed3074067e,0.24010432947796187
9aec70578372daed,0.13867614879649892
fbb0734a4e985290,0.23722256955298535
a8cd11786e7fe2b1,0.39319904657705534
6a4338f210f336ad,0.28082994685839324
cdb63c81014bd072,0.36926578618318223
2c5a98b60450efca,0.4684080962800875
2337a75838293036,0.08799624882775867
a0ed386ea018cce6,0.48061894341981864
db76609f02b3bb31,0.7562519537355423
597bd387a63987b9,0.892036573929353
bc7571c47a54ce9b,0.38517896217567993
547510d3ce221301,0.6919252110034386
8e84181f60b3ec91,0.5640825257893092
13880ba898b8f597,0.9346768521412941
9ee1fb0201512e8b,0.9380568146295718
48aefa3d80da5764,0.24685448577680527
498d517a667856a7,0.5078344795248515
f07b0e35881505f2,0.20596280087527352
1df225f3addcce26,0.10208268208815255
84a772cbe6d216a1,0.3046655204751485
f0e4a70f82f01004,0.7097237417943107
3b639af3777f4c39,0.03296928727727415
b9f77a4295400abe,0.0417513285401688
7d646e2fd78953af,0.07333346358236949
4127b246e0beff6c,0.21392427321037824
2321d1fdb21c809d,0.11697014692091279
9936f8d7184f5e10,0.024529149734291964
e2e9ef0520d08656,0.1738043138480775
0aa9b948dc8766c5,0.11069865582994685
d96df85b5160b1a8,0.31755040637699283
3bef9584524abbef,0.7183592528915286
806989faeae50571,0.07983940293841826
6fedd263e1290110,0.6844326351984995
5762314e60a560e2,0.894576430134417
748cd550549c514c,0.5156298843388558
58a8e997e2757de6,0.10348937167864958
c13887db4b2ded8d,0.7052008440137543
eba0106899e8fdf1,0.817452719599875
a947c7f89cb176bf,0.9560507189746796
4ac4a17692a2a70b,0.07958541731791186
2fa4409e1b6a3d85,0.700765864332604
a783eca691369f3a,0.4119549077836824
e6e45dc137aa0511,0.1375136761487965
c589fb4e517e579b,0.3841434823382307
0535f48557a68402,0.7018697249140355
48e423add1624f2d,0.6604603000937793
d20110b1a6f20e55,0.08975461081587996
739f7cc76c78d0bb,0.8306111284776492
2d439083c11f62ae,0.7954927321037825
0c74bc780e465296,0.14317950922163175
52294576789c8ec1,0.7842196780243826
99b2421c51d37084,0.12699281025320414
de49e465a4c970c4,0.9169564707721163
4c88fb93b8d12270,0.1630392310096905
dcce15e3b59d9796,0.0906337918099406
b8e0e09067432f1c,0.8714442013129103
962f882f18c11d46,0.3766216005001563
34753ee28116af4d,0.5825550953422944
7c71a6fe87ccd6e2,0.19466044076273836
7ff97e6a175132ea,0.6913781650515787
d84022bd67943384,0.8072639887464833
c270a677c7614aa6,0.2763070490778368
1266e1b58e87a761,0.6544623319787433
9fc631524aa3372e,0.1583307283526102
88da969d80daabce,0.7313418255704908
9c5cf1807334358b,0.2546694279462332
0e5706f9560fdbf7,0.4599484213816818
d9db7cf658a35e31,0.7735132072522664
38bb0629e63b6590,0.6681384807752422
726236f75c9de724,0.7110229759299781
47ff559912cb3714,0.28460065645514226
bd567ce69cb8cb62,0.13010901844326353
6b7338c16e1db627,0.05824085651766176
2e47f13eecf939c0,0.31326195686151925
7e001225afcdc58c,0.6351105814316974
b0ba287dc9f94b2c,0.640805720537668
07be300260466f0d,0.08624765551734917
49e2abe2ca234745,0.7065489215379807
bf163922b4b12745,0.8447659424820256
aef9d385e9ff8518,0.9080962800875274
3e364e82bc780650,0.974103235386058
393a9aece2867c5d,0.46189238824632695
b0519105b55d4bc5,0.8146686464520162
c5a4b1418dc4e412,0.6654618630822132
ae000e40b4cdbc49,0.22086003438574556
bdb4932474ae13dc,0.7724191153485465
54ab20f1339d0955,0.25889926539543606
bb6cce3b0b6744fe,0.23530790872147547
0d04ac4d48d1e700,0.9281611441075337
6e3f51731aaa2c77,0.42150867458580804
783b7b163b234e5e,0.7136800562675836
bb6501e8f6ab95a2,0.09719834323226009
e5f20b7a540b7472,0.4043158018130666
726e2ec81830f724,0.8973409659268521
e8dc50204900e975,0.16303923100969053
1334006b9c4f4ffd,0.9169955454829635
3553330b5c7e6092,0.6549019224757737
e1a3e161c8b2e221,0.3708092372616443
44e747740cb4260b,0.06992419506095654
00202304b4481207,0.8559510784620193
931eab5e85d6e3fc,0.28916262894654576
e4b8ca3da3eff8e6,0.158066974054392
103e5a44f9c30ed7,0.5370330572053766
448d40536e9c5670,0.3600929978118162
1b4d4b42760e781e,0.9350578305720537
e0b110d4f6844bbb,0.8325160206314474
0d928dd7f13b92dc,0.7320842450765864
1bf6e2dae324cf0e,0.4686230071897468
b2a17e2a9337f111,0.9735171147233511
564d7ef8fb681d94,0.3679958580806502
a2088d882fb6d77d,0.8554040325101594
3fe22caa380445a9,0.6194416223819943
2b3c171024a98155,0.8988258049390434
2014d23cd7792183,0.7193751953735542
fc996643d63f02d7,0.20405790872147545
c8d5c605e447f4fd,0.5093193185370428
634298df42266b22,0.2814453735542357
5c8cbaf8b4d39f57,0.8542513285401687
a688ddfeb76eb78c,0.9062206939668647
85a12cd29f47007e,0.2347510940919037
a5e1a3f8e312e1a0,0.14188027508596435
29e076c93c2b7fab,0.8975558768365114
71b7b90e9a0b70ae,0.7317130353235386
11583aaab15330e4,0.07844248202563302
5b34705855c1c880,0.47623280712722726
26361ce2a06897d2,0.06773601125351672
2be888bcb74be336,0.5204458424507659
fd96abe884c43d6c,0.8033662863394812
165fc0b6a160dbd9,0.9220264145045327
b8c8c114a79ff453,0.11901180056267582
e22746fcf084642c,0.15405204751484838
3fc60942cef4b9f8,0.673188887152235
c78a85aab85debf8,0.545375507971241
9c2166227724c80c,0.13813887152235071
e0291b12205c2c68,0.6079048140043763
307b5de4b89748c8,0.058485073460456394
b83469a7d7ed138a,0.6929411534854641
4726c5e084cb6f1c,0.6525574398249453
33795c308f648269,0.9875156298843389
d44b56532551df1f,0.8810077367927478
7db689f550f62666,0.5586804470146921
c64b1df6de24f982,0.318634729603001
d9685a6aeee511e7,0.22141684901531727
2c867c13048a2311,0.8974874960925288
b3f36f5f67857959,0.2969384964051266
c8dbafacc0fb77d3,0.6216200375117223
3a1b2137777bcba5,0.11999843701156612
c9627e77fcbdd360,0.6129063769928103
cf4f6641c91382ed,0.21508674585808069
fb519c3fdb753245,0.9385745545482964
035449e62c90677f,0.6888090028133793
5201d1bc5a7cf0ef,0.5624023132228821
01ef09b451cbddb0,0.4289621756799
b98e367af7c0158c,0.04997655517349171
bec6844244ad0aa4,0.5518521412941545
ed82262b135c6e4f,0.7150379024695217
67637bf7061cb7b0,0.06916223819943733
96ef8b85b60392d5,0.942267114723351
fc1b0a61b9dd082c,0.7640571272272585
c408b4beae948cc1,0.3401942013129103
f26323206d284ed1,0.6582037355423569
9214caa6c1a0dc02,0.23875625195373554
591a28a3c195b6f1,0.7660108627696155
9cd8a8ffb7a9e96e,0.11712644576430134
7ce580a49450111c,0.22552946233197874
abccd8c43775abd4,0.050464989059080964
5c6acd44464d3db3,0.827172553923101
b0e58b3d4a2a773c,0.8927008440137543
eff75fe4ffdcb49f,0.878770709596749
06ac1908fb89960e,0.7700160206314473
6e61df7259588c80,0.8655341512972805
87752778bf4206ba,0.5953129884338856
2fecec0b55303222,0.17928454204438887
d57c0fad9eabe24a,0.8842607064707722
93cc7546b8c345e6,0.977786026883401
eb76de6938c4c38e,0.5942872772741482
0e733a579e63472e,0.3350851828696467
e7dff8305acefcd5,0.2136507502344483
23423479e34fc441,0.90625
3f66f582c2bdc24a,0.6026590340731479
d312e4d7fce5fa01,0.5625586120662707
c04cd9fa54077b8e,0.22663332291341043
04b68ab2f6458e33,0.36099171616130044
35665b0fc6847811,0.6214442013129102
9028f284365c7863,0.5182283526101907
fa23926a88284b39,0.9100988590184431
ff5e27f506ba1ffc,0.692081509846827
e6a04e92205e9e33,0.8251504376367615
934c2e26775faaec,0.15872147546108156
35403697fd72709d,0.44935917474210685
fdc814fd85f237e4,0.7253633948108784
bf4ee2f20859884d,0.23596241012816505
d2d10af48a354c4a,0.4659561581744295
a38e463e1b086d42,0.7705532979055956
ba49ce0117002110,0.5275574398249454
d5393f1776772d2b,0.48629454517036574
80a6b6e9f65aa3ae,0.37106322288215066
d84698a77b768899,0.1254591278524539
8d09ae0709d01465,0.7536632541419194
0ac53b64e16a0efa,0.9353606595811191
a632a91a07ac8406,0.6261624726477024
1f2437c787ad39e6,0.8782822757111598
beb116a0a3ad4f5d,0.759221631759925
c38f343ecf8e9527,0.16863668333854331
d04bd8d61ac99c5e,0.28922124101281654
6a279faa81d0684e,0.3611968583932479
1b49b1154407ea05,0.685907705532979
b71746f211be0a24,0.013803141606752112
bbe0b7fa6d60f17d,0.8497088934041888
c9117e785fa1cd68,0.14935331353547984
a700a6b3a689a18f,0.5338093935604876
d998a004d828aadf,0.874228274460769
54cfb8bb56897eb5,0.7602278055642389
bafd504785d302a8,0.9339637386683338
3f45db97b95a3352,0.3857553141606752
2364a75ca729f899,0.7841219912472648
9387acf4770f549f,0.650711159737418
a434422326289b00,0.03465926852141294
8bbcd05afad8573e,0.9294506095654892
82fc48f10b8d7cc9,0.08621834948421382
65dd24b31c0c4067,0.5948440919037199
b25ccb8b682acbeb,0.5682049077836824
291117008b4408ee,0.6114606126914661
aae3422dfbb55bf7,0.4783037668021257
d436224afb38b7e2,0.3152840731478587
1287c0ffa2f14635,0.3701449671772428
4feb7edca163def2,0.8659932791497345
00df2416e72cdbc8,0.24662003751172243
e51c757048ea36b0,0.15503868396373865
59e45992c3fccfa8,0.6477512503907471
7b44475e4e2e3b92,0.5702954048140044
be457ea8112e2391,0.5476320725226633
1e4fd1293a611d2f,0.8426363707408566
343371989bd61c74,0.7016059706158175
6bb985812e990044,0.27478313535479837
c0be9996bfb5270b,0.3820139105970616
bb367ec1a239b8c8,0.6424566270709596
91fc9ee0920431a2,0.12233315098468273
82f2985fe6157914,0.3060331353547984
eaad7a9709bacd50,0.5830239918724601
1bb729bdda8eab4b,0.07854016880275086
35320f198f2157d7,0.22674077836824005
74cd9018fd2aa194,0.4078911378555799
fd091b5e49f8138b,0.5085182869646765
917e088d530b042e,0.8817989996874023
b0e606a7344aea7b,0.587527352297593
c220230ca6b46d2e,0.44948616755236015
2174f0850e20c2b1,0.12075062519537356
3bfea4a031f46e50,0.154296264457643
22199945c8b6f01d,0.7891040168802751
efd4e993a8d94f5e,0.5281337918099406
acad3b0b2e72b212,0.6446057361675523
1a33438ea9b6ba09,0.3150789309159112
c9a22295bdb2b49c,0.9782451547358549
0a24b5a0c164f36d,0.4716219912472648
12b662eae7ad89fd,0.41304899968740233
788a4a1a340ccebd,0.9088875429821819
0b6ebec97e53c571,0.5397780556423883
be4269de80d8b34b,0.9616481713035323
ae99dff2a596c7fd,0.7374277117849328
1cc563af87248566,0.629454517036574
95b03e2a8add3a08,0.4572718036886527
bde7f9ddcf827170,0.056394576430134416
e24c4af855561b6d,0.39765356361362925
a1ef8a44aeab6af5,0.9724914035636136
2bf2e0d5f713e9ea,0.10102766489527978
6585c55605f3d692,0.6711179274773367
4a44bfcf3c8bea26,0.14849366989684276
78a21d5aa40bf4bd,0.3263031416067521
d208a68d90d83d1b,0.5056462957174117
fabf07be02cadf0d,0.83302399187246
3fc8a4ec51114a77,0.7203325257893092
d8da2f9a640f4e03,0.7316641919349798
f7a8212a941af65b,0.0026082369490465773
836c933a5cb4ecbc,0.7477922788371366
e292f252eebf817f,0.5124062206939668
ae7e8b931e0ade53,0.8972042044388872
c937062a293ea0e5,0.6536124570178181
673793020f42eaf0,0.13823655829946857
531a753aa5a10879,0.24925758049390434
65613b893147c771,0.6592880587683652
a3609d34533ca6b4,0.5266294154423258
c9eecf5329211123,0.9418568302594561
4e6d4f733588a212,0.6339383401062832
95e0d5ddca2118d4,0.9563144732728979
4b071534952c920b,0.49932596123788686
f333221664eda263,0.26515121913097844
8627e41026f74eaa,0.7822268677711786
789f4695cdd6a417,0.5978919193497968
908034eabc372b99,0.2576879493591748
984bfa387795ef76,0.7523347139731167
91c8e8e6f637fb1f,0.66560839324789
363aeba9c072e960,0.8690801813066583
5cd6915b98d723ff,0.5326469209127853
20f027368dbc60fa,0.08030829946858392
a58841827e8017bb,0.3405947170990935
ad9e6a299aee4827,0.6917493748046264
fad46bf569ac7443,0.3421870115661144
0bdec115af64e996,0.596661065958112
e78e15a02aa6163b,0.9015219599874961
94c1b40d53f1c78b,0.42699867145983117
c1dee5b6d55fd7c1,0.8804118474523289
502f0c8494138feb,0.051461394185683025
316c5e9c86bbb645,0.07945842450765865
c5624991cdcf670d,0.3352512503907471
e000077bf8c8b49b,0.6439903094717099
9a36d5ad49081233,0.2281474679587371
e4ac16a92daba7e8,0.6073382306970929
caf1ce5141ffb34e,0.022301891216005003
d07bf091bf998e0c,0.5748769146608315
f230be64e9f003ae,0.8297319474835887
fcfe55e0768ab257,0.24213621444201314
ad04ef9c94f25ea7,0.1953344795248515
b6c3dc163008115f,0.31488355736167556
2a0af6ff3489e003,0.5915911222256955
5c098958dc2a26c1,0.14672553923100967
a802f6f7cd6d7b2d,0.42359917161613003
f0897866ed523f60,0.9046967802438262
3c1071f1773cc7f2,0.029794467020944043
5fb77ed43c58e517,0.263129102844639
3fbcf72648af3500,0.29255236011253516
64964fe3e34849fb,0.30969638949671774
3d3b19b2da76dc78,0.6401316817755549
69eb4e47c0f3104f,0.6619158330728353
1b55daf09e9f129f,0.40376875586120664
853fa0b67eda4e6c,0.15572249140356362
636b3bfe96c8c67a,0.3741598937167865
51b24fbdde490535,0.31083932478899656
b80f84359d81c98d,0.599513519849953
a865666aeb2b82d1,0.1414016098780869
08fd3d5f06273089,0.047153407314785865
cdac52f8c24b9616,0.9045697874335731
bdc841da585c4a1d,0.8010022663332292
8858154c3efe65ff,0.56277352297593
29f989d45429b9ee,0.7573851203501094
b97dff4909968aa8,0.057801266020631445
69c86328a89e4898,0.09256798999687402
2d50759601edb9c3,0.7550504063769928
134be78ce02d48e1,0.6865719756173805
53b540f7c8d16cfe,0.04748554235698656
76d2e83b30cca3f9,0.4016391841200375
062167d4ccf76346,0.9076078462019381
84cc2a48661e807d,0.17457603938730853
60f1e251520005f8,0.7333053297905595
781115a32396b4cb,0.3934725695529853
4c1e17c82f4cc326,0.8408389340418881
b602ad5debd51028,0.633410831509847
4d9da053a872a970,0.6802125664270084
95f7ebe4304bd2e4,0.9583952016255081
67a8207cfef9f011,0.9843798843388559
b1c3468185b9514e,0.6359799937480463
f80ccd7ace26ae4d,0.9438105658018131
3ac147039aaf4499,0.3718251797436699
fe5cd175ea7fc09b,0.16807010003125977
9026d2936cf2bda8,0.8149714754610816
a4b0e01784fc7cf8,0.7823929352922788
43c462b48d97dd20,0.6763832447639888
e36d0189d20a7617,0.2560370428258831
43c3586991f4b403,0.354515082838387
009e48f2b32be557,0.10046108158799624
a1689ef168f2f333,0.9479231791184746
dc310fc66470ab07,0.5466258987183495
bc654d187751fe04,0.5756877149109096
247e62af046a99a5,0.48288527664895275
48f2f9556bb2ad1c,0.4976555173491716
e604b921624a200f,0.8917923569865582
e46765e152f7daef,0.6438633166614567
3d183f0c812b6d09,0.6839539699906221
3a7275f9aeda8305,0.1313984839012191
1d994aeb47ff952e,0.20692013129102843
75dd9cd1bcd35d05,0.2108276023757424
a976b4932381b300,0.05108041575492341
da2e39ced8c0afd6,0.20126406689590495
c77fd47bb1683f58,0.6678649577993123
ceeddee046f39ae0,0.32010979993748045
cc50dd12d1f23bac,0.45644146608315095
8b73f447d60fc992,0.5918060331353547
dba1029662f0c412,0.4629864801500469
ab65e0876504bba1,0.7279911691153486
00754e6b5a7298f1,0.03091786495779931
082f192c053e5283,0.15414973429196627
4cee8c7c13d1afe2,0.47521686464520163
9ea9e3c8cb3df9aa,0.3907275711159737
2caa75dd78c01d17,0.8775105501719287
42ca39ab5466bd19,0.9754708502657081
939ed128e268f834,0.17524030947170993
e452cd65ed19c900,0.6100148483901219
e5ee2d79d0c49d1d,0.906884964051266
ce0d423deb82f2f5,0.24251719287277274
3c30319ed1684972,0.5846651297280401
18968bda98628242,0.7068224445139106
9566631a173d48de,0.8686112847764926
01d78d3ab164da20,0.24811464520162552
7245800926a4112f,0.62073108783995
3fffc62471c1f18a,0.9008772272585183
3b530b29e9f5617f,0.793148249452954
65305594301ba50f,0.8213797280400126
593ee003a4981c15,0.5406670053141607
f79985b30220adb1,0.48572796186308226
60dd8dcd3a1d1839,0.8365407158487028
288aaae44688b015,0.7796479368552673
8a16369cb4554d3e,0.44939824945295404
4e49cf49f79e1181,0.9439668646452017
1a6026c94f49058a,0.62981595811191
8c29813aa363f889,0.5840594717099092
5fcc5826d5f8db34,0.7948089246639574
b002c58138c724fb,0.2668118943419818
62a918db11ef3076,0.9099034854642074
8fb91f382ae2782d,0.926734917161613
af730eb0035cf0d3,0.833072835261019
546fef357d2bcd57,0.8525418099406064
c6129c4b99d7f4c6,0.43212722725851826
7596069ac38eadb8,0.44421108158799627
9560c8310cf23dab,0.02537902469521726
ca1acdabe94e042f,0.7044584245076584
521f9d2193473fd0,0.36855267271022196
617eda3b96abb577,0.42287628946545797
8d735b59dd0a4270,0.8863218974679588
1b405139fc287a40,0.3668431541106596
e621733719a2d775,0.7353469834323225
95f4b0d76e779b43,0.6272174898405751
bd6a23cab176ffec,0.04910714285714286
3c5fadc2c957c7ce,0.9589422475773679
37cae1b2dd3c1330,0.6586335573616755
0fc2ffbd9370b121,0.481693497968115
b31de0d8e304eeab,0.8677027977492966
5738bf5ea59fcb0a,0.9184413097843076
402c7edae37bcf39,0.7076918568302595
1d79e32040c6b05f,0.9543998124413879
bf493f6f4a48b2ff,0.155341512972804
8530681352913ce0,0.038136917786808375
c79cb0e184ac42c1,0.33693146295717413
32ecd92eb352979d,0.7273366677086589
c9a54261284070bb,0.08335612691466084
e6c2ba81e397e33d,0.23468271334792123
955bdf4fc9420404,0.29349015317286653
b180a78e50608ab9,0.5771627852453892
69484ff0bdf4b104,0.6243259612378869
8d62a01ddfa11fe9,0.8472960300093779
12c3df9b72ef96e5,0.2881271491090966
12ccc513557a0656,0.49197991559862464
2aaa9bc35f4acee2,0.992868865270397
e31d14248a98a72e,0.7249042669584245
1058c1f47fca2b81,0.3248183025945608
02ab14036929f70f,0.4464871834948422
6880fd1518aecd04,0.5288566739606126
580068eee74ae5d6,0.040295795561112846
fedf1e1bd320672b,0.2104954673335417
d47c1d43f9dbdf92,0.3711022975929978
8a7fa6c84cb2b0fe,0.5390747108471398
089bead0dc0d7c16,0.5386644263832447
3f12eac5d776ac9b,0.2485640043763676
2b55254bb421a326,0.5102082682088153
16721efb42f49e40,0.9442501562988435
87ada6cbd040d527,0.5532002188183808
c5c4d8e14015f4e3,0.5753653485464207
5d499b0e085f025c,0.8766606752110035
183039182079fa48,0.8929939043451078
05d6c8a5d3db19c4,0.8400085964363864
4477fb4e0a476ae4,0.7692736011253518
3965182266dda565,0.6680505626758362
72bafef29554438a,0.6661065958111909
1b31f23c3e55dcb7,0.749775320412629
66c42c9008125f10,0.4493494060643951
5bf14b82c919f706,0.4097862613316661
2c7401c2798c92bd,0.3222296030009377
4adf517216b1dd47,0.10257111597374179
26348c70727fc713,0.9341200375117225
82c1c6b9b0ad498d,0.5018560487652391
1365ca92c2e04031,0.2824710847139731
9edbc98e397ab4c2,0.5570881525476712
1059c066d6e0626d,0.02291731791184745
af993cc3ac374b83,0.2749882775867459
f32194afe634dbba,0.5604290403251015
29de97ac80feb956,0.7411886527039699
e5fb185d8c6181d7,0.2823636292591435
632347c0452d889a,0.8416790403251015
35ad7b818afa2cc9,0.8413273679274773
0e9b47d072e9f5d9,0.4306521569240388
4b2ee7a5a4d7d797,0.6744392778993435
793b579534d59c3e,0.5160206314473272
3b23c46e8aebaa25,0.809588934041888
f68b741461469ae2,0.06493240075023445
79e144db8265864c,0.052360112535167244
09c4fd90bed2d748,0.870408721475461
2215efb176105acd,0.811816192560175
b4a9877c6c234878,0.5479739762425757
529f75ff399c033b,0.9478059549859332
ad20741d26dac628,0.9671870115661144
abee4fe9fcb49deb,0.17080532979055957
80bf7ea1dfa6b569,0.6928141606752111
7d637676608f51cb,0.2254317755548609
79855154621f663c,0.21468623007189747
db630a696b94324c,0.4222608627696155
2c87f55f1bd853bf,0.11052281963113474
05466a89f589fe04,0.9550738512035011
073f9b06f7bf95f5,0.039397077211628634
d8c52af1d9a0ab94,0.21762660206314471
170df691b9758d76,0.8224835886214442
098c223fa7ac1f73,0.5123378399499844
947d4f80370f0b58,0.37997225695529846
66196fa0af9abe3f,0.7402997030321976
356513b3059ae50f,0.6401707564864021
a951ca23d4bdcc33,0.6316817755548609
defaffd4e20a4c47,0.1490407158487027
9aeb8ce75c56fcce,0.12566427008440137
0e52e6d570d8f008,0.1300504063769928
d177a330dadb2707,0.11808377618005628
4acf903d98d08aa8,0.9777274148171304
673bd4205f6635b8,0.6986069865582994
17b635201a20862b,0.4998730071897468
e31cdafcb4337eef,0.2555583776180056
2f57ad23a2ad21f5,0.7438359643638637
8c76f3fa81c149a4,0.4032021725539231
7448092b980edcbb,0.7107494529540481
cc3891e28dd031fb,0.05998944982807128
05d416ef906cddf6,0.10968271334792122
d5cdb3c4f4965afa,0.2511331666145671
bc40575e98475699,0.13199437324163804
7227a9d91f309e1e,0.455806502031885
f83295ed727a429c,0.1766665364176305
44f16ce1d7899c02,0.04713386995936229
219b4d22a5bcceb7,0.16148601125351672
5684d434bf545e82,0.19369334166927166
03d5ff6b9db6a1ce,0.38885198499531104
c402ad00c62dd803,0.18961003438574553
d384f2bb50d7321e,0.7091766958424508
865ca8dbe8ae9927,0.4040325101594248
0cfaded78f4c55c4,0.8675171928727727
c1f9c03f1f673cb2,0.7618689434198187
80784aef1b00a337,0.7110132072522664
2cc7c6c16592cbf5,0.4989938261956861
f816697d9e23576b,0.47211042513285406
e0a3063ee410875f,0.35966317599249764
187c083474d62911,0.3488199437324164
32fe8606c8a5cb67,0.8767974366989684
e3b603a450f69271,0.3885296186308222
13ea25fe500d74e1,0.5205337605501719
3465f2b92e5411a4,0.12471670834635823
f84c04deab8f0a53,0.8827758674585808
ce64b825ce5f48e0,0.059637777430447014
a03d161faa6231d7,0.11800562675836199
7b73399454d06d9d,0.08088465145357923
726ce1fc6c05064c,0.5971788058768366
0e660e2441745329,0.7353958268208816
d4373d25e109dcb5,0.907432010003126
6c8ad2f1018079fb,0.07221983432322601
485cc002fda9b938,0.09072170990934667
840b1b00c51f87cb,0.0949906220693967
e7c9e19e247f843b,0.442267114723351
4f97589fa05c40f1,0.8543587839949984
41919c492d55190b,0.7257834479524852
8fc6cb3936ed4ac6,0.498046264457643
75e3076bf4b29ba8,0.31159151297280396
8357351f6977683d,0.5070920600187558
1a6590aa6c3d2a06,0.637494138793373
6b0dae5047e0ba12,0.5986734135667398
6f8bc4fa3d91a3dc,0.24503751172241323
e4aecbadc139b9ec,0.31616325414191937
7616bb2872e18231,0.6508381525476712
f97102e411194f18,0.2296225382932166
4f25e4f4959ce4e1,0.37703188496405127
46d34ae6f3e900ba,0.7052008440137543
73e3288eeb552e3f,0.04232768052516411
e7010fbb2150676d,0.6722413254141919
cc2c1c680ac82832,0.06425836198812128
d025b02417a63fbb,0.598429196623945
08070948781ecfb5,0.12838973116598937
2bdbf073750d4864,0.5093388558924664
2783928eaba81305,0.8045580650203188
51bcbc84c0f437ad,0.17321819318537043
dbecf7b9325b78d3,0.8729974210690841
39b3096dbfceade4,0.4510003125976868
4299599a54525066,0.9054978118161926
ccd92654fb1f721f,0.9654481869334168
ee1170819ca7d594,0.16661456705220382
c30ab4f74d33afa9,0.03487417943107221
40f10fad12afb51f,0.474972647702407
f4e63fba51ec3896,0.8834792122538294
60ad4f8eda2cf6d5,0.835847139731166
4dfcb17aa4236952,0.5578598780869022
2e54d9b1b4e00337,0.32361675523601124
47a9e135733c2ab4,0.4597530478274461
4b3c22d3da587d59,0.5418783213504219
ef89abef9807c003,0.19447483588621445
e7530eb737c85931,0.41230658018130667
dea26fe32dbe26a7,0.5911808377618006
08133a148f3d4ed6,0.795834635823695
d39b177320bf091f,0.6028251015942483
c2eeafe05948ccae,0.699085651766177
73c8d1e2bc9f517f,0.1425640825257893
0dd4da33e5e18c44,0.5573128321350422
25e076876a1fb6c3,0.8076840418880902
873d0ca47a7ce61e,0.7980716630196936
930d090798b9ad8e,0.6052965770553298
98e38baebfb97bcd,0.7655028915286026
9c779fba6fe0839e,0.15571272272585185
5bb1f9fc76a02c1b,0.2686874804626446
f83de39c4e518f6b,0.9750898718349484
10bbab1f08d2e6c2,0.015571272272585182
ffe63eebf605244b,0.9776004220068771
1e55e67dbb9fa1ef,0.5761468427633636
e53426cca968ebd9,0.9094052829009065
51bba86dd8aaec50,0.8571623944982807
582102afed3c818c,0.19193497968115036
b280a8fb8ffb9bf1,0.5221065176617693
e8e7ee8589574a45,0.3656709127852454
228ac1a17bade85a,0.358236949046577
2bb37b0ac11a0c2b,0.7428493279149735
5588a1f5d8da9c77,0.3796108158799625
a46d657f4c9bc8ca,0.48754493591747416
7373ad47c61f558c,0.8752442169427948
0f1fcadf13eee28b,0.7450570490778368
1f8603bf90774382,0.9383401062832135
b0dc746e7f7ac87b,0.3856869334166927
82107223b7ff9788,0.7254610815879963
a38cbc0aecaa644c,0.41204282588308844
61dbaab39e7dbc01,0.09229446702094404
85064aac24d665cd,0.06884964051266021
48be998c9a3000d0,0.3475304782744608
26b2daccb2b045e0,0.9287570334479525
95198d21e3fae237,0.2789738980931541
b2a2d7a18404d7a4,0.5352063144732729
6b178de020b8598f,0.1714793685526727
38c1b19633279892,0.5712820412628947
186d5468edde7455,0.8489469365426696
4f33d36d7b629852,0.5035264926539543
b955eeaecbe25ef7,0.8331998280712725
39ad39dbe012b34a,0.9184608471397313
929e8e2af2403da0,0.4363863707408565
fa22cc093dcf1822,0.19556892778993434
f56ff6b1c2817475,0.1849015317286652
56b30f44349ddb92,0.5987906376992811
617dd77adea9e711,0.5937206939668647
4cd7a91de7bacdd1,0.6419584245076586
c07844f4e94ce116,0.9631330103157236
692bbfe3fde429f2,0.9023132228821507
6e8117bf11d2b904,0.33759573304157553
27efca94126fb8ff,0.38362574241950614
4d2a406b540c41f9,0.9162042825883089
5ca9c8756c163b0e,0.2607162394498281
c10aad8b54af6017,0.6782490622069397
60798b007f7b4637,0.22165129728040012
805031b5ab834e54,0.43274265395436073
fea6be92744b0c40,0.9510979993748045
284e4bea4a96494c,0.4310917474210691
4db0c35a634d4fb9,0.2158975461081588
351dca6bfd544a21,0.9171909190371992
c36cc7323d4f4de5,0.7449593623007189
78c350098097af6d,0.10583385432947798
1404eca61a3105b6,0.315362222569553
2472a09a3e602f48,0.8335612691466083
5f9d50958df392e6,0.9318732416380119
ab8fde4ac70ac766,0.9384670990934667
6649908e57ee98c0,0.18265473585495468
6f6b426a42753b8f,0.39475226633322913
9f89dd1b9ea145e9,0.7417356986558299
d56cce1c1c4c9780,0.37366169115348546
fd794932c3ad58d3,0.012083854329477962
901c8562d025f79d,0.2206451234760863
2460966f3ca7d3bd,0.7214559237261644
41c6149d1848cad1,0.3612359331040951
2c948ba95eb3128a,0.8294584245076586
0263f07afc6e71f9,0.049068068146295725
59520bb39396ae13,0.7747049859331041
096e1b740c779095,0.5307420287589871
13bcd446b5b75780,0.19378125976867772
82652e7aaa1e423f,0.11894341981869333
b4c2a047510b1d1d,0.19650672085026571
8e95fe1172cfd49b,0.47012738355736167
8b3b319f1bf34127,0.8226008127539857
8e876b9274c5930f,0.041438730853391684
74c8dbccca14e4c9,0.9809510784620193
a13d2861af1b8b95,0.7501856048765239
3d0443784b9008d8,0.6521569240387621
30a6c22faea5d219,0.743914113785558
8ccaf0cd13ec8d69,0.9421498905908097
ea79b75b6fa4e024,0.6171362144420132
df41150fbde2201f,0.46915051578618316
6bfaf27148ca783a,0.6468720693966864
016b24ffbde9f2e6,0.9239020006251955
c7f17aea0b57c810,0.22877266333229132
1974cb4a4a5105f9,0.37801852141294157
ed6fb2d892b20325,0.3356419974992185
029aa7e7739f68f3,0.6124863238512035
1499ced0a7fec031,0.3786827914973429
1da835ae2069715d,0.1964578774617068
3b48789ebdae6cf1,0.534161065958112
b2501a34b4204e11,0.2582838386995936
4e1bde0d2fdb1719,0.5228684745232886
bd42c11dc1ea52c1,0.0847335104720225
dcdd441194892326,0.43806658330728354
890cf601bcb4d1fc,0.78524538918412
efcfd07026d6f75c,0.6653055642388246
6e5921c9eaa0bbae,0.4780986245701782
076e6b937f9e0f1e,0.9358979368552672
fe7aa6148631a52b,0.35888168177555485
0204709b122147fa,0.06204087214754611
3bf87c4ce9af3343,0.06510823694904658
e5d3cf73e07cb881,0.6787668021256642
d79da024e674f570,0.736235933104095
f137410611053710,0.055681462957174105
4b48a5ea7d8db38d,0.3328579243513598
6e5b5708c1bbde63,0.6795678336980306
2e21f1e2f4f0d11b,0.33888519849953114
2fcb7b875a97fd67,0.9053024382619569
c9c50dcabb2aaebd,0.08409854642075648
ade709965be588c6,0.2565938574554548
e99ce68035fd1383,0.6683631603626133
9abdf47140639086,0.9833248671459831
c0370f3f688a69d3,0.8981908408877775
023ecf078fbcbe04,0.5071018286964676
9366b2145d9ffbaa,0.9379102844638949
907dcd98979cefc5,0.15472608627696155
1430d1f8417967a9,0.412335886214442
12cf954bc6f7953f,0.972520709596749
9f439978c3ff1caf,0.770895201625508
3d566b52640665bf,0.8836062050640825
1da24b04359879c2,0.25440567364801503
5fb8e8cdc5a458af,0.5778856673960613
69f63de79af9dd49,0.7000429821819318
078cef5b5f6aff6f,0.788068537042826
ee64ad3ef7cbc727,0.15022272585182872
30f789de29e44c84,0.9439668646452016
ed6dc35d0f6c3f4b,0.9888930134417006
24171dc6016596e0,0.760628321350422
d9753be4a4ac4d5f,0.9739957799312287
08b18f56dc4a9978,0.5850070334479525
2fe99f58d73a842b,0.19033291653641762
231cb4b19f8ddc4a,0.09169857768052517
a0f57bb92842d2c6,0.25599796811503595
b451e5af95310e52,0.6409229446702094
4d5e3c273bff2df6,0.6671323069709284
69445874395ad7f7,0.1396139418568303
72d5eb4d04446c06,0.3032002188183808
676277c834acaafa,0.3168079868708972
345fac6fcbfce3ac,0.6543353391684902
77268d80339453f4,0.5333111909971866
0a3d332e3608b10c,0.8385139887464834
3d3e247d278aad6c,0.9733901219130978
c6d0f1503380066c,0.9805505626758364
a7ccb8ff054ea663,0.8786534854642076
d3b3fd3963b35751,0.8581881056580181
e361e82e1559efea,0.5716141763050954
94f03a339108fe12,0.049742106908408884
0d6b47fe3047807f,0.5742321819318537
f0d2a9398458201f,0.19751289465457955
8189ef648444f31a,0.7224230228196311
b341aa9047a23001,0.3827465614254455
0b603f589ffe5334,0.8787902469521726
dfcd5836b6d7807c,0.9255626758361988
c69510f82760fc8e,0.47415207877461707
bc2b0e3b0279f394,0.08106048765239138
9e59359a937dc386,0.23089246639574867
9bd6fbbffc3029b7,0.46774382619568616
78533ed0a4d75031,0.520348155673648
24d3b857d9ec7516,0.9413879337292904
d9f1874f6346d786,0.793519459206002
6588a72e611a860f,0.3025164113785558
52fef00321899df1,0.846153094717099
b3c2a81210323102,0.2549429509221632
c1501d30afd688d2,0.3982885276648953
2bd1f2fa8a7cdbba,0.27442169427946234
7472a7ac18cd8ab0,0.9226613785557987
b1dcab1c1027e375,0.7053571428571429
2add558fb5890d0f,0.016538371366051893
51a6b2ebff82bb8d,0.7629337292904033
3486d76917d26380,0.8162902469521727
7d9915dadeee6dc0,0.5762445295404814
1a5e5859e62a5ff4,0.05870975304782745
ba7cc06ca707247c,0.5341122225695529
3c42318ad81df936,0.1077582838386996
e7f32c62736ba8ec,0.44575453266645826
01970049a1d79ee3,0.8331802907158486
c34d08417ccc14e1,0.7430153954360738
dd08d7511ab95a7c,0.4553766802125664
147c9ed162930636,0.7300914348233823
4d55d8c7e32d9a9c,0.3883342450765865
1df22e6d0f4be856,0.5195861988121288
29e5cfdbc9735f7b,0.7293587839949984
529dfd620d6ee22a,0.3992947014692091
22b829fba260c24a,0.2684823382306971
712c502ecc45cac8,0.14712605501719286
2806f2b7f968844a,0.5212273366677087
1ff716c957da8f4c,0.21083737105345418
33a651d1e2266900,0.9757541419193498
01aa41460821647d,0.5427575023444826
2728591ac3aaa7f9,0.7796088621444202
62153e0ba99bfdc4,0.7969287277274149
a336835871390b27,0.2907158487027196
66040815dd14bdc6,0.29630353235386053
e0d8f324ffe3e925,0.7738941856830259
e7d245b8d234167a,0.22286261331666146
b30acd5fe8990b03,0.9737320256330103
8b87df65e3f61018,0.5037414035636136
92d913128fc856dd,0.628311581744295
c1aa97bf3aa49c01,0.43570256330103163
37b85ed57524087b,0.8800015629884339
fbbd2368a21a9e6b,0.4323714442013129
39795c53fb16d719,0.3466317599249765
6d637bbe837caf77,0.5618552672710222
ac09426ca8b44dc8,0.8368044701469209
0007a5bb7310d604,0.8708385432947796
f8c5400d321751bb,0.9327035792435137
5c5d74b2ed3fe0b2,0.1483569084088778
a0d70afd5aebab39,0.2754376367614879
dab67f5669ab1b4a,0.7387562519537355
b094a6aee2983e4b,0.681961159737418
76eceb39e4bbf598,0.686816192560175
08792ceaef2278a0,0.3405458737105346
421639eb32096298,0.5626562988433885
3732446a2dc0ff2c,0.451625507971241
f42e7bbaae983e33,0.8153524538918413
1d7a33be5e41401e,0.4411534854642076
c94efe294bf687bc,0.7597882150672085
54153bda194f6353,0.28662277274148174
275f14633d4a7de0,0.18615192247577367
7a750521e7810b4b,0.9242145983119725
b94bc2b4bd62e236,0.5763226789621756
3c2076842f11afcb,0.24603391684901532
53c3d245534bdda0,0.07419310722100657
bee1ce38b4653a33,0.16333229134104407
7fcd7a8a7c44d7f7,0.10313769928102531
60fc2edd396bed1b,0.605648249452954
df7a1a739d1e3d31,0.7098605032822757
293173b622ae6047,0.5712820412628946
c18a9f29b23ca49b,0.2896608315098468
4497cca94390df91,0.4013070490778369
40d9096835771f2f,0.8023894185683026
ba30e997b8338d76,0.8213699593623007
56d89283c0f5c7c8,0.39617849327914967
f460984ca4f4f1a0,0.40089676461394186
63585cd6e35862a2,0.33586667708658957
26e41712e705d5ad,0.6750351672397625
0a056eacd56539b4,0.24443185370428258
9060dd63376b8616,0.5414875742419506
f11e51ec27009738,0.7418724601437949
d0496dc870887d72,0.5496151140981556
65fef6d3fb26ca70,0.025779540481400437
a586684b41fa9769,0.6287120975304782
3bb2f0950e70a234,0.520758440137543
6c6a97e3ad10abbf,0.926822835261019
ede33053b334b03e,0.5920893247889966
0dfab1673fe84ab2,0.44992575804939045
f65b0230673c2e76,0.5572346827133479
5618ac6872992ff3,0.9778153329165364
77febd71dc7777e6,0.9155400125039075
7f54b45c8c0b9310,0.8850812753985622
9273e3e5412cfeae,0.7886839637386683
52087475796918f7,0.2901785714285714
643455f14aa1df04,0.04206392622694592
d1b24b005a16d2e7,0.6885061738043139
88788f98d41f9611,0.682596123788684
bbbe50af555f1d68,0.5058025945608002
1bfe964817713a25,0.9948909815567366
40d6df07da814020,0.8657685995623633
8a96d0eccabff7b3,0.040979603000937795
439300a43f735490,0.10216083150984684
bfaf88448d1869a5,0.7198440919037199
1eb331ca2d61f16e,0.8196702094404502
5ad8f23386d2ce42,0.8522975929978118
69ddf95fb1e28199,0.7831158174429509
6c224fe2f90a4ac6,0.31700336042513283
7d2d81f3b2e16bb2,0.8609135667396062
306bcc14dd7bcd69,0.8607768052516411
db0b579d4d6c3202,0.05744959362300719
5e7670a553fae63c,0.5985952641450453
999f8c054ed84981,0.3029169271647389
645969c8fdeb22a1,0.02983354173179119
6158cad9f5117a45,0.4062304626445764
3717d43b0bfbe61e,0.7224327914973429
8ffc981637d61bb9,0.3219756173804314
8b934f4c25070ad8,0.2992341356673961
15701cad20890a02,0.4757932166301969
4a22e527eecd22b2,0.5846065176617692
6b7e69ddbeb27f14,0.8974093466708346
c44f66a5254d5ede,0.940811581744295
1dd06cc994df91c5,0.8281591903719913
43da23e0c905b332,0.6407861831822443
cef6bb5fbd6d7d4c,0.09150320412628948
74e65522686e974b,0.16687832135042202
b2ec41e4d4e17991,0.35539426383244765
7adfda5837586ee5,0.39882580493904346
7be7cd83da184778,0.7078676930290715
331453c919db4a8a,0.2852258518286965
1ad90b2ad8ec5751,0.04509221631759924
06f305aa47e1f3e5,0.7531650515786183
5d77b6a032a98222,0.65170756486402
2fadc388cbe136d8,0.08291653641763053
3a64f59d79eebaa0,0.46393404188808995
e9d4d3a03ce54237,0.7615368083776181
5bc032bc2d4db536,0.17363824632697716
42afab27f6d63b09,0.6926871678649578
0ce59aff9d61ddc0,0.6907627383557362
c4b23b3e64f8fa59,0.1381584088777743
df5826f4adc2407c,0.6454165364176305
1006c7d207337c5d,0.19211081587996248
74f20f15f7388f9c,0.04284542044388871
e8c69436b1cb3320,0.3153915286026884
609680f04da9fb46,0.18519459206001876
060d99e1fde9dc79,0.05725422006877149
6555f0c293c5a1f9,0.7577367927477336
cc835ba475e9656e,0.7467567989996875
960c65dd29d3417b,0.45489801500468896
c7596c71a0f505bf,0.12246014379493592
3f3297df319604e8,0.6953930915911223
21c886bdfaeba657,0.9535987808690216
4c47eb742008376f,0.6570901062832135
0360ab7e3c03e1d6,0.40973741794310725
106e8c5cc993ce96,0.6095654892153799
3f189ef767336273,0.6394283369803064
d87c2b5ea60e2e70,0.15617185057830574
924a02ba0ace2e0f,0.2541516880275086
e0a93aee5351fc40,0.8647624257580493
60036012aab0d68e,0.5923140043763676
92196298fd1f0a2c,0.5011136292591435
2c9507cd32c0dc32,0.09819474835886215
f138d3401d1ef8d3,0.13166223819943731
0550e84ce3342ea2,0.8869568615192247
433b7b91aefd0d89,0.16516880275085966
2f084abde9824f95,0.15004688965301657
aec34c208a4086e3,0.8503731634885902
77832263f798d3db,0.5731576273835574
423646a4264a51ea,0.5113609721788059
99a11463587499b5,0.6427789934354486
5666dcd2f61e1fdc,0.45864918724601433
414bb3e31a06b128,0.9441329321663019
9825bfe27f61ead1,0.45590418880900285
3e8b0ac764ba974f,0.019566661456705218
f494e58fc4f527c1,0.3275242263207252
4b3ed9d300487cc2,0.7856459049703032
064d5daca103bb1b,0.4324105189121601
1a4b5aa55f664cd7,0.3297417161613004
65fae5433da58938,0.3802555486089403
77df36f32951641e,0.0995232885276649
2734faa9175621e1,0.9644713191622383
6952ae6c0325e147,0.0742321819318537
bc49ff32a733b5b3,0.7045951859956235
ddb437f22bdce5ad,0.8683768365114097
ad2ca89540526e80,0.9708600343857454
8eb86976f1f7faeb,0.9667767271022195
351b2cac3bb60649,0.6938105658018131
f3685748a7717d4b,0.30695139105970615
af64f4a787a28c01,0.09424820256330103
e41d8e72f6a6da64,0.2857728977805565
43199fd3cad0d080,0.6333424507658643
08639490dad5a32a,0.8706529384182558
251545c20caf2d9a,0.5401199593623007
657fbf140a397f3b,0.39382424195060955
d28dd01372e08f90,0.5350304782744607
fb9bccbf5affc835,0.1301285557986871
0c3e0f0e422bc214,0.747460143794936
b6fe616b3ee4f983,0.6419974992185058
1a05d9b0ab2c483b,0.5830142231947484
be053c37d8d326fd,0.4783037668021256
b0cc45542dd09eba,0.4904950765864332
0d1c9ebdc72b57f6,0.3417864957799312
926a38d305ede2ee,0.8827074867145983
381047d838351f95,0.6403856673960613
5afb977a1eeba5b5,0.33691192560175054
1ef7c785c8633cc8,0.4461452797749297
2f0bd78e22c8874e,0.7570627539856205
2765e2bdf659e633,0.19360542356986557
31756eaf193dde51,0.24309354485776807
ba5f5a3df72c6be8,0.9119646764613943
90e87591d24ae44e,0.31145475148483903
f9f063e55d3db8b4,0.5828774617067833
3ef90711b7e5d86b,0.6819318537042827
ec0a6ecd2422c215,0.6435702563301031
2a75009bf5006a5b,0.3496112066270709
9edf622febac0e4b,0.5837468740231322
9cee551773541f4f,0.4340809628008752
2a07f1c2d7378d29,0.5302731322288216
aacdb09c08c9a960,0.11792747733666771
df9753fd02aeca78,0.43742185057830574
ecc853e05f1891ac,0.6195100031259768
859bd8582d3d2811,0.5761663801187871
a124273d56f60796,0.49771412941544235
9cd33034524d6b66,0.4155595498593311
9e58973154c42431,0.08669701469209129
fe78518186335668,0.04756369177868084
0c195b45f68a8952,0.26738824632697716
bb6b109cc9317218,0.0667786808377618
a58342d3aee051b5,0.17616833385432948
48f975291ebf9397,0.8398816036261332
672604676c29d735,0.5973351047202251
144b0a7e9cb057ed,0.9126484839012191
02ea6c1ef4cf0b61,0.040256720850265715
fe3c47193f742bd1,0.2804978118161926
782fd306b790e8b4,0.5588465145357924
53f0ab0c206a7f5b,0.8162511722413254
2d15bf73a2700357,0.3597804001250391
569b34b568032161,0.8304743669896842
d98474765b2d7880,0.5559452172553923
f3088caf81ec54f5,0.9220947952485151
884de3bae564118d,0.949310331353548
5b62a55571d795f7,0.5847530478274461
e860976e6aaf78f3,0.6312519537355423
bc5f8d0b2f9683ba,0.019547124101281652
92555d85c6369cfd,0.880997968115036
189861fc294e0daf,0.4500039074710847
b8212e2222eb4313,0.08198851203501094
53afc56ddcd63d8d,0.6174976555173493
0592b0cab7becf5c,0.5016118318224445
ac4cbdd76a84da91,0.5200062519537356
f2eeb139d518ca60,0.7616833385432947
e02fcc8b8b63c0cb,0.2993611284776493
a7f194a18e15e185,0.3706627070959675
b9b57b5beadd1490,0.754454517036574
357c4988d289017f,0.3109467802438262
f0d98c09bd71837f,0.6090868240075024
b1c0df4bb0c82383,0.6325804939043451
5bb361813a233522,0.35247342919662394
c3eeda7b200e2c92,0.3178336980306346
db0460b8a23a94e3,0.5633791809940607
3c80f795a35190af,0.14643247889965613
ecf5824d8b392491,0.09436542669584244
5fc7a11376239e12,0.042181150359487336
2008fba1ef946ecb,0.7103977805564239
e2aa59fe541e0ac8,0.3891059706158174
09b5c7802e6b561b,0.004962488277586746
988df0719acbb76e,0.6487378868396373
48d79ec301d31948,0.37316348859018433
d288ed9b89b3675c,0.215252813379181
75abd1caba2694a1,0.3077719599874961
3660f3c735d8a187,0.47232533604251326
0440ac4598276f6f,0.9031337918099406
836bbb09e4831df8,0.47090887777430446
51432ea27e463eb4,0.3092567989996874
3fd99194e4efb12e,0.09315411065958112
ef1b4ca1f2c1e357,0.12649460768990312
70c464af7e1cea4a,0.08820139105970615
54c64f47d761f86d,0.7154091122225696
333dcb05411a601b,0.2766196467646139
11861d1571dcc3a1,0.2569162238199438
20e00d08f625d409,0.6856830259456079
8574c4f5b2db8c92,0.7817579712410128
95feb433faa8520b,0.9037492185057832
1dd496796a5dadff,0.2953657392935292
c1c248e8483e9ef8,0.28737496092528914
5e0dc0f0f0ea48f3,0.19349796811503595
7ecca4d6c9eac123,0.3907373397936855
58dbf7650b2286e5,0.17927477336667708
4c62224901fd183c,0.5166751328540169
affa636fe0cafb15,0.8606498124413879
c9f2c416d003a925,0.08345381369177868
c19024a709757f11,0.5661437167864958
d3444b15af3a9536,0.6696233197874336
2f54cc2167b0cfdb,0.2601008127539856
d974c7d47092679a,0.06279306033135354
1f04a25da2b17ee9,0.7320647077211628
f133299dc49c2bf2,0.12465809628008753
9542ec8d29575b20,0.8759280243826195
6e476b773a15e2f7,0.19985737730540795
c468f0fe05876276,0.21514535792435135
1bdf15bc47508221,0.6246092528915286
687b1d6eaf1bb287,0.7784659268521412
fc8590ee9d55c5db,0.10770944045014066
a4379a3efec7361a,0.04995701781806815
30a2e56d4d608b28,0.70348155673648
4b400d52635e28ff,0.972569552985308
992d4d4846551047,0.8367849327914973
b91c089133d42f62,0.4041301969365427
c98879c523da912b,0.19004962488277588
7c8f510d8af822b4,0.6951977180368865
9d674a6212b3431c,0.14278876211316036
d3da05b2f284cb87,0.29460378243201
853ab873686c227e,0.8046557517974366
ee0d55e13012503e,0.11257424195060957
fed761caa06202e1,0.2110425132854017
7750406f980f78c8,0.6965751015942482
e8770d9a28fdaeaf,0.9367380431384807
4025856444b9ab51,0.22400554860894029
1d0cc87631f52974,0.9873886370740856
f87d2af1aa151b69,0.46325023444826513
e2746f6359714da0,0.3184686620819006
6b20c519964ca8fe,0.2278739449828071
ac0ef70a6dbe1ce0,0.054343154110659576
29219b6baa3ffa60,0.6462761800562676
ef5245dc0733939e,0.4127364020006251
26d625d3997169dc,0.1427301500468897
ff9580c0b2b1a370,0.7891919349796812
bdad383d41eac454,0.006750156298843388
a6bebd6247dce4a2,0.9070021881838074
846ab5063b60d099,0.962390590809628
1e342d4cd0cd2bac,0.5382052985307908
b111d554bd56dcf7,0.5359585026570803
9ddbb649643fc0ee,0.8738863707408566
0dc9c8998b42da67,0.8470518130665834
80444594c0d4b5b8,0.4176793529227884
9bf8b2752ad4d752,0.9186269146608316
794812675f553fb1,0.6641723976242575
c60c7cf09844c202,0.5794681931853705
06559b4012a85953,0.14719443576117536
dde7362e34a81ac2,0.48872694592060023
fa1ccff8a7481b47,0.9053512816505158
89c1eb286bad23b4,0.05294623319787434
b389067306356b78,0.5646295717411691
a4328554fc4a45e3,0.6762562519537356
fe2ff0422ecd1440,0.4502090497030322
e1f0e9e0dd1f6a8e,0.6797632072522664
e431bdc8db1622e3,0.5660753360425133
54d5ddd4fde3db7e,0.10213152547671148
d6a2262fc314d2a8,0.5269420131291029
e7039d9ed0ec0c39,0.12656298843388558
357fb25344e0d8ef,0.43173648015004695
8479ceedf945cd0b,0.4675777586745858
30e12f447d932d19,0.6734526414504532
a33acfadc007c5d3,0.8331802907158486
32b72fee7f2bc37f,0.36010276648952794
e2ef0cf7c0138e95,0.8387386683338544
c53a5098d3feab43,0.7849620975304783
2d1a504956a9bc59,0.09349601437949359
5b9d63bb61f11842,0.23215262582056895
f8fbcd4440a074e6,0.6698675367302283
c18b0ab8490d1c66,0.45343271334792123
18cc6b0ca558d790,0.9018931697405439
c78d6d8adb708879,0.09418959049703032
928fe114a90feded,0.7024558455767427
806b11fae1f6bd45,0.27861245701781806
ac8d5b4456a25f98,0.2844052829009065
0de3b4e998fb61e4,0.07287433572991561
0344ee3e70daaee8,0.702309315411066
9459a694f708e7cc,0.034483432322600815
f8f24bc3cf3562cb,0.4201801344170053
fca0d01a476eb58c,0.332848155673648
ef25fb3354e1c732,0.6735307908721475
83ce56a22c714f81,0.8498749609252891
781864846ec190fd,0.26722217880587684
99c27791616e6a14,0.5784522507033448
f00a56545441ae1e,0.23601125351672397
160c77c56d0bc3b3,0.07829595185995623
6bc7f7e6a8dbe398,0.36790793998124416
565c31dc34339cb6,0.846074945295405
d47a57dc58d8cfca,0.528251015942482
7d91fd093f331634,0.8700179743669896
a33fd6143896a064,0.05818224445139106
af6776fae916125c,0.9003008752735231
eb63791dfd566fd7,0.8027997030321976
fd94632e98a57fd7,0.764985151609878
7afa48755b2905cd,0.9162140512660206
cbfe89a23b516339,0.6786984213816817
bc9eb4d602b27458,0.41482689903094716
fb8b7e3482eaa33f,0.439590497030322
0d172dce11eeef53,0.3228841044076274
6cb7efe2f15a8b1f,0.38037277274148174
0b234c8955fa5560,0.13769928102532042
1564bc14da2389b8,0.8423042356986559
11d440c4ffeb2e60,0.40758830884651454
fa46240b99291663,0.8188301031572367
52eb5978e0a48397,0.9491833385432948
bb2cb3fc47f785b4,0.8083092372616443
bd402ae2e81bc456,0.3150984682713348
5b2c73c3c2fab67b,0.012523444826508284
558785e2cd64bd4e,0.7906474679587371
d8d0cdd0e630be6e,0.9890590809628008
54a5cf67504e37cf,0.6185038293216629
b7225c4787addde6,0.25904579556111285
2e444cb3f4217098,0.2105638480775242
ae6ea7b6c44fe6f5,0.736558299468584
8917e3ac1e161b77,0.41674155986245703
ca8e1b8f4b045be2,0.93585886214442
b16a002c43cda488,0.8850226633322913
38988311c0c8e2b7,0.7806150359487339
40ac9a289f991b8c,0.5010159424820256
83dbe87c0f3ff118,0.6009006720850265
d8412746401ef6ff,0.13637074085651768
95a1b17435300c3e,0.5732846201938107
9576e0a63d76b324,0.3636878712097531
8e43c1faf8514a42,0.01158565176617693
64462847893bb0c3,0.7644381056580181
2e8d60596fe0288d,0.10939942169427946
e3064eb18f25f417,0.9076469209127853
5c24da1b9f2ac392,0.05203774617067833
ad26aaf8f4bdaf41,0.5047378086902157
a21097bbd8645f25,0.10688887152235073
cffe1ff942479449,0.07875507971241012
39170ff154aa8058,0.6853899656142546
0e2b77f6fe4d94af,0.7364313066583308
4fb4ed274c87cfd9,0.23633361988121288
dbe218b606bf3cff,0.5835905751797437
b1ff3f405ab15e62,0.3745408721475461
b77bd0eb977bfde6,0.019459206001875586
c65c01d13c9051fb,0.8242517192872773
9f7d2bd32579e9b3,0.3967157705532979
1d42bbb95380256d,0.7497655517349172
799c5bdb519f3962,0.5641118318224445
af54b26cbb15ae3e,0.4141430915911222
9ce958c47b1e7d3c,0.7152137386683339
d39bba0520b226fe,0.489918724601438
c4923735c16e8881,0.02109057517974367
43506b20fd8ac430,0.3471690371991247
685b0ab35ff084e8,0.8425484526414504
03212fcbf4fcc22d,0.8427438261956861
7aff26a87411e8ee,0.8252481244138794
9af789cec1453f89,0.07938027508596437
41f2ebd04afb728d,0.7287824320100031
a3a3009c55baa210,0.9834127852453891
688382bd40810598,0.4603098624570179
42cce10beb6c55b1,0.1763637074085652
59fe211f9aa2b83d,0.7849816348859018
86466c925086fe3c,0.8720693966864645
cd36f54626e83a21,0.2358451859956236
ded728c05e20539a,0.8361304313848077
0c7fd3a164040b3f,0.8386702875898717
614f526f552a972f,0.18194162238199438
cf076cf42abbd2a6,0.20085378243201002
e20135d1136fb289,0.2512992341356674
2b40340f15b07950,0.8605814316974054
92ea7f3ec80af25f,0.896305486089403
1de6db095fe81c3a,0.8032685995623632
e13432ce761076fd,0.49287863394810877
ae126eb3da41487a,0.16216981869334166
05436df37c119ff6,0.6522448421381681
b9203ce854a26300,0.5181697405439201
e39f8336b7fa1f6e,0.8224640512660206
2d031b0318ea5a02,0.4529833541731791
54304b5c419290ad,0.1525672085026571
e9b3e8a0a4077e28,0.07161417630509534
1dced917867d765e,0.7596709909346671
c004a070a93054de,0.8412003751172241
3fa194a91f4562c5,0.40374921850578305
76d5a2300ca56933,0.1393892622694592
993bd3c445b80c92,0.5529462331978743
16eff5adf0cf07a9,0.9756955298530792
19f4c91cd1038cc8,0.1526258205689278
4ace42dbd199d1b2,0.35889145045326665
8232534ba45ef07e,0.6332838386995936
a2eb06ecbdb56bd2,0.11023952797749298
e33ca091fb503e03,0.5775144576430133
8b65603997a5d0ae,0.18027117849327917
c4702fc1a3b838e1,0.4046577055329791
0a2ca915437c9a04,0.13540364176305097
6e4d60a1e5913350,0.14967567989996874
0eb4def034c0e542,0.9488609721788057
0dc7bc6ce45f37c8,0.04005157861831823
69c1bc9b1691880f,0.6092040481400437
249619e3bba248c5,0.4852590653329165
8a0925f386616243,0.5438906689590497
c609c9019d1d7b32,0.8123534698343233
dea132cdd56b9c8f,0.8902195998749609
24c6ff18b883edd2,0.9832369490465771
06ea151cc4ea5974,0.10513050953422945
dde1072c2340c07c,0.08920756486402
bf6234d11406ea49,0.3761527039699907
610c0fee53d0cf9e,0.8309921069084087
fc0691273040fddb,0.7725168021256642
46bbaf2bcdf5a362,0.4879356830259456
6f4198d004803569,0.4040129728040013
3f726ca9a49e022b,0.22923179118474524
2263ab08ec01d546,0.2103782432010003
dc2a61d22023b42b,0.9830415754923414
9cb03c429bd54976,0.058475304782744604
d3d5427c6c9640bd,0.9030556423882463
a356aac05b7d44bf,0.19548100969052828
2c28820cf1ae8254,0.7560761175367303
cf49994228b74e3d,0.37707095967489845
ea984ee0501b30dd,0.4536183182244451
3639d96562366ada,0.10587292904032511
007d989968211b0c,0.34232377305407946
47b004a1df7ac9c9,0.49981439512347603
f09cbcb79049a436,0.8745311034698344
d3e17fc998bf6787,0.5005958893404188
0c6c8663f624c58e,0.1664289621756799
52720efef03dc54f,0.9456959206001875
c6a5cca33f57da61,0.26291419193497967
b1208369a0074122,0.3450980775242263
b0563e971ad0dbda,0.04484799937480463
a0bb9373f1dff1b6,0.7868474523288528
607b5d747f350fa9,0.8125586120662707
8945214e2c9cda71,0.8991872460143795
7fdea294906af44c,0.8768267427321038
1f3c2f31d844d10a,0.13708385432947795
248eb5a4a5179bb0,0.9633088465145359
f7522ca250fc8477,0.38076351984995316
3ac3d9675fc09e64,0.6582330415754922
b65116a131be84cf,0.8551695842450766
7cba939dfaa4fb1c,0.9229739762425757
4e484a321de70373,0.6676695842450766
48c00464ee810da7,0.7799312285089091
11c760a8108e0ab5,0.8873573773054079
4ece5849758d2bbf,0.42533799624882773
2d34cfaba66dade6,0.903934823382307
597b3aa023ec1731,0.059579165364176304
65e095698c6b2018,0.7600422006877148
d4685373bfa64d8c,0.1586628633948109
b2a24aac339b046a,0.5091044076273836
d018e1502c830522,0.8190547827446077
b4a5d705266bfd48,0.4051363707408565
1bc1ad21db736edf,0.351789621756799
3584862144963b16,0.36222256955298526
64acc3b4a0341a38,0.11993005626758363
ae1b7c2913418b6f,0.018423726164426384
5ff184c18b029b7c,0.1985776805251641
d407cc2c1f68ef5b,0.859555720537668
10610f40d2c4beb2,0.108149030947171
a8e72b280bf38b81,0.316270709596749
4802ee9701571a2d,0.9844873397936854
c0ba503ad79cb130,0.9955845576742732
a428e18a2571696e,0.5604583463582369
d973ea3bf88a0f3e,0.759993357299156
cca48a6fecdefbfd,0.516714207564864
387eb4b1c9690ed5,0.18950257893091593
f9b045f246df515e,0.8199535010940917
b8aa274fe0062de8,0.9177281963113473
9d67fee3adf9e1fb,0.7995858080650203
3196cf2ddaa8893c,0.7620447796186307
c6cb67394ff79930,0.5711257424195061
b713b9f13a1a825f,0.49149148171303525
0c55301e8a9a0e8b,0.8475890903407315
06cf6a66edc51d64,0.8216532510159424
73877568d5adcb7f,0.10961433260393874
6e713b6c6d9ff701,0.6853899656142544
35b98290788b0e15,0.8913136917786808
c1699d21d21f249c,0.3512230384495154
4d4b1f0d9defbbe6,0.9348917630509535
c1eb4bc9fb4e0c7f,0.6085983901219131
ac64ea4bb93cb2ae,0.7966258987183494
a6c0198d0ade9eda,0.8354173179118475
4ee5d36590d4f29e,0.5807478899656142
39d7718a5529cc62,0.020416536417630506
4f6e36e222d122b1,0.4581021412941544
f7b65c4533428cbf,0.8220244607689904
32839e57f8e1ec72,0.5807674273210378
0a631a26c3a1a8ef,0.7208991090965927
42ae365efff05b84,0.3394127070959675
aaf16c83ac07884a,0.7329438887152235
e3fe57ec38bc0cae,0.3657881369177868
a269d748b94103bf,0.36030790872147545
29320c0461eae48c,0.0971299624882776
98b75056b390e87d,0.8430466552047515
a18aa53890bd84ac,0.7414328696467645
fc5a2a2354cb11ed,0.16555954985933102
912408725cfa628f,0.5538937949359175
6453b1a068b68ddb,0.7851867771178493
d95e854d614ff5a3,0.6468818380743984
85a79337144b2a84,0.38196506720850265
b5e18d3eb66f6250,0.08789856205064082
3b90fc3f1087e3d5,0.1450355579868709
36f89bae0e5df26e,0.6663019693654266
7de9a21c9a6df7bc,0.9422378086902157
4ad662d48155a76d,0.6180349327914973
1016d05cc8d07dfe,0.5693966864645202
b0a028857d9a81dd,0.48115622069396685
c7da65ddda5ab002,0.790295795561113
8faf1048140782ab,0.4772487496092529
d0f1cbe5f5c2cc97,0.8257951703657394
766a85256e2db000,0.10238551109721789
83f8495a5ff0fc2d,0.09117106908408878
a57ac84facc6651c,0.8697542200687716
3e18333d2d1812a0,0.17709635823694903
2e2c93c0b28242d7,0.805593544857768
290025e556e7a964,0.32274734291966234
34abf7197c7817bf,0.49320100031259767
4c990af23095a8ad,0.879366598937168
b30f0e7ab6ef02e6,0.6808866051891216
955f054ef8ac2a98,0.9921166770865896
efdde8377abe8fe4,0.6488258049390435
cbfaa9b940f4c2cf,0.7978176773991872
51e64153531937a9,0.8745604095029698
3b7b80317148399b,0.8443068146295718
b1de8383db45dfc8,0.6433260393873086
0d3f9429ecf4d4c2,0.06375039074710848
c4499c39e29ecf53,0.4055368865270397
7800f7a3f936332b,0.10091044076273836
b837532e3fdf4a50,0.3720987027195999
c681da0099cefd6a,0.22474796811503595
c7acb3b5705e68f2,0.18387582056892776
7072f5cd32c791ed,0.9261390278211943
00b5216b2f2dfa33,0.999
b2ae02f82d15b4ad,0.5705786964676463
5ddd4c1db54b9114,0.37681697405439196
3e6fa59b53549aa5,0.3923687089715536
6b853eda68180bf6,0.7831744295092216
0ee247af650122c3,0.9677438261956861
9e2c6c5193f21067,0.2072229603000938
6cb5b3e20565dfc2,0.8826977180368865
dedaeeed301662dc,0.17935292278837137
7244a91f3ecd611f,0.03343818380743982
d5447b494619e05f,0.6011937324163801
d114e64d8dfca5ca,0.15773483901219132
762e061721ae89c2,0.034883948108783994
0359613691f7c01f,0.38724992185057827
ca90a47bd789f6fd,0.6527430447014693
b43584123f43b018,0.3034248984057518
0770e000ee552df7,0.8517700844013755
b396a1df0d592f4f,0.23538605814316976
51ffd9a173cdec87,0.9427360112535168
38e628d583de2dcc,0.24579946858393248
5e444909efb4f076,0.4708698030634573
147047e5cda600ea,0.7056502031884964
02f5e786b6ca732f,0.2834577211628634
b29abac474eba51d,0.9729798374492029
14f09256775b5595,0.7189942169427946
4132a178395f2d42,0.7608627696155049
3ecf5a5ba7668082,0.17042435135979994
f7b8ef9f4baa3954,0.9336999843701157
344ae6cefc6e5e28,0.1048374492028759
9f8993a4d3fd8c66,0.48374492028759
02fb2d64b2963430,0.5821838855892466
cc3e88fc10db73fd,0.7487593779306032
e1b25ee0d1bded29,0.7902176461394186
6811aeda7c48195f,0.5617771178493278
2caefea2089d3348,0.8907471084713973
06624c42e6f173c4,0.979339246639575
18d0862452891d30,0.7137972804001251
aeff78b9acbf4d71,0.3569474835886214
3c4fb720d11f542d,0.1487183494842138
ccf649ea4bfee844,0.3894283369803063
72bca5a449e85cd9,0.0903211941231635
fd6a74697a1a9ec1,0.078716005001563
a629bcd8e7727428,0.222383948108784
4234c32600399d7b,0.9015024226320725
dbf0f354d6059039,0.21617106908408878
3807b180f301e7e0,0.5826723194748359
5cff8cd0dc4c326d,0.3991090965926852
a28550e03a14c9e2,0.8064336511409815
244915cbbfabaa93,0.07490622069396688
f5d28c37e1483258,0.38879337292904037
625d0351dedf957b,0.5968173648015005
daa98d98f6971d07,0.4241755236011253
aac141e3478df5f8,0.37816505157861835
6e2d6b44bfbd409b,0.7659131759924978
34a46acb36dc8ef8,0.20986050328227573
f709bf78e6f0fe9a,0.3706920131291028
573ce0864f1f1a1e,0.19690723663644888
d6421a369f95b35a,0.5553102532041263
6c74b5b293b1b97b,0.12366169115348545
51cf0713d5fbc070,0.6053747264770241
062ba7304652bc27,0.29411534854642074
930853397c388814,0.022409346670834634
2e48c840c19e48bf,0.5425132854016881
2a51f116e23cffb3,0.6241989684276337
070669d7057f8aa5,0.936591512972804
967936eb15802a83,0.49187246014379493
83ec0a0ff919a926,0.3287062363238512
a35f4a25719a4b95,0.08458698030634572
e646bad2986e850e,0.659385745545483
8b488afbcc578dfc,0.48305134417005313
13ea6594c14a4026,0.3759182557049078
d0e536523f93f64c,0.30489996874023134
0e5ca22bcfd8c5db,0.9404306033135355
9fb1e891c08b715f,0.02487105345420444
7199fd0ada65fcc2,0.3237339793685527
2275f9dac244010e,0.10161378555798686
24e5ed05f908296f,0.3395396999062207
6cb602b86bec19a4,0.7006193341669271
9325343b0fd3d676,0.41303923100969053
644e5f81463951ba,0.5483061112847765
37046a2dda9e5889,0.5380392310096905
c7df199599dc296d,0.5385569709284151
54e463d760c0c6af,0.08628673022819631
9bde8f101bdb4095,0.5183553454204439
bc5c320666ed7ca3,0.08539778055642389
4e44d72109230bfd,0.643394420131291
235aebae2ca0d45e,0.8349679587371053
55a1d48711c4359f,0.3638148640200063
c1ec685fcc48d91e,0.5229270865895592
a51c93906bd78ab7,0.7093720693966865
207c0a6423cf7a33,0.5847823538605814
c7693bad80c482e1,0.626953735542357
36b92309f6e5618a,0.4883655048452642
26ee6d56130da0fc,0.6822639887464833
587c7d36156381d1,0.25460104720225074
50d432d2b52052b2,0.6124570178180682
b738afb14f60d587,0.9460085182869646
1157c08c11e901e9,0.8465633791809941
cfaea6958357ef1d,0.3726164426383245
d8b3ec80ec080d08,0.8665598624570179
809c8f80468b1337,0.5183651140981557
1bdded460bb636a5,0.8323206470772117
96cc52a1a3f13e6b,0.3114156767739919
c97a25af08369f73,0.05784034073147859
0de5d7bc5b46bdc6,0.3574163801187871
c6eca151f8576037,0.4440645514223195
7ef7f606745e05ec,0.04327524226320725
c5ea9ba7fa065f8d,0.9968447170990935
63142c0d75cf9aa4,0.0869412316348859
c396e609d01a9bcc,0.10648835573616755
7c9db70c27860a32,0.6281748202563301
8dd4bb6eda603b43,0.34572327289778054
d5eb724b5ea43bba,0.938545248515161
e7e9bc7d5e2e5674,0.7673198655829947
24b3176d5020b612,0.7746366051891216
6fed295aff782896,0.9981048765239138
12d17a3ef6b47faa,0.9176793529227883
2c550aa9cd671368,0.05688301031572366
df00e28247baf9ff,0.6165110190684588
9449a45c9d7b914f,0.21932635198499534
9a8393310d9b352a,0.5619822600812754
e1b1b6a194b4b1d6,0.30020123476086275
7097d3e397e94525,0.3458795717411691
e3d1f895e94e8bbf,0.6993201000312598
6c46ce4b2303ecb9,0.4527293685526727
999760aff655cfad,0.07662550797124101
6d526f4593563124,0.37560565801813073
467801b5de42246d,0.622596905282901
81c9cccf75c1503c,0.13733783994998436
bd1aa64c7a5dcc06,0.1021901375429822
df1a75c489d95957,0.09804821819318536
7e6ebb5b237b817e,0.271031963113473
1aeecba2c7866fb9,0.5834049703032198
14269028868b89d2,0.28642739918724597
5ec456826b243dcb,0.2872284307596124
e574a546f8e193c1,0.9304665520475148
b0ce65cf243f3ae1,0.7011859174742106
8b8e8a00e6e1fdc9,0.12991364488902785
4a87b2b000e87686,0.793011487964989
1175204fe5f8cb6b,0.2963133010315724
50a79bbfcd719a29,0.7011663801187871
0d8c215cc600c1f5,0.44624296655204754
3ceb989ec05cb0ef,0.8712585964363864
c7ea3f3ae516dbc5,0.08176383244763989
060631dc9f8845f2,0.6339676461394186
4ccc3fe421151149,0.30172514848390125
fd51240f58f2ec0a,0.05869998437011566
9bb25b00d30f4ce0,0.02045561112847765
1e633867010ad35c,0.25224679587371057
90da0c9b099080e2,0.48006212879024696
f3ba8015df41ef05,0.7143736323851204
7006c751c11cdc01,0.49889613941856836
db5b922ab7ac849c,0.2205278993435449
8ed9c5e3ceb94d30,0.46419779618630824
32bc573af0d063e6,0.2602864176305095
b6f5ace9b32140b2,0.8836159737417943
2acea7857a236b62,0.5403837136605188
2dd5886a7dff0caf,0.6440000781494217
cec7e9631578eacf,0.9612769615504846
aa1276a52bb96bae,0.8318810565801813
f90658bc8d521271,0.7317716473898093
8b65638e31a74f80,0.49879845264145045
233d4e0eb18d8449,0.9440645514223194
95e779988eaf54f9,0.5361343388558925
ce033e0586a41f4e,0.29485776805251646
29007abfebc6bd71,0.42935292278837134
37555eedf932eb41,0.3882756330103157
43f0b7fdd64e4d62,0.3451762269459206
48d11190742f10b8,0.9768189277899344
54167e2d347acd9f,0.06517661769302907
adf2b2540dad8766,0.7697229603000938
aa4854b6b5329860,0.999
371dbcc2d3dab4d7,0.5171635667396062
29fd5cd58cb38dfb,0.9617751641137856
276d786a03dacf69,0.4135081275398562
90290aaf619cb77b,0.23790637699281025
80904c6eddcf06db,0.1103567521100344
5232eeb9a1fa8f60,0.8577680525164114
6205daeed9459b81,0.2300914348233823
6b4abc5da4e3aad2,0.7594072366364489
ecce281c5f6153c3,0.832760237574242
926feb1c20abd0b8,0.016811894341981867
64874c60d39dc86d,0.9819474835886214
1868aaf30c77d6e0,0.5558377618005627
52e964be6dd475ed,0.9842333541731791
4404ade20ca8acab,0.9434686620819006
f6bbde7cdf6430cf,0.999
6f9ac9a8227bf174,0.8388363551109722
e4afa0c3ef07f2b8,0.31853704282588313
a85d4f04f63f1f8b,0.18546811503594873
7f3411e87c2708d7,0.5355970615817442
5be924d7d731a308,0.3738570647077212
41ea202bf96f7295,0.34745232885276656
e7d3e68c097838d3,0.9481283213504219
c21ded045b04b1d7,0.36866989684276336
a87de56d4f2dc966,0.01772038136917787
b073cc5a7d5d1fc4,0.33037668021256644
cdbbb57088163b02,0.2592704751484839
97a093dfe9e1eb64,0.9362398405751797
68aafe54d00b3081,0.6171362144420132
dca611f4099c1df7,0.26232807127227264
068c9856fb6bfd0f,0.06635862769615505
ccec2927e56ab3d2,0.027000625195373554
f4239e382087c8d0,0.9292943107221008
a37f1921e2ae64c3,0.4109096592685214
abc7d40ccad7d04c,0.06650515786183182
7be1ba405f826136,0.9114176305095341
82f1ae3eff7b57d1,0.33646256642700845
64bcb6835fcb93ff,0.9239313066583307
8a7d498479d37ffe,0.5406767739918725
ddd893f6f7c67340,0.12788175992497658
63438b2313c7cb87,0.19691700531416065
