id,label
6403a3f8d07557bc,0.4981065796877313
1b1d097ff5b144e1,0.5038549216654875
08c7c3c71a02ca8a,0.5440385830413013
7f09e9039629a38a,0.500787105079781
1fecfdee265e685f,0.5065107393329467
2b1b1ab99f54e1a7,0.5023984394674459
f893cdb025b56c89,0.505543280414521
84466d5fc69b1dd1,0.5109134425163017
e0f419be2a81cbff,0.492888669406695
d9e55e1259c7c29e,0.5298868082765036
602d7f4b0882ec4b,0.5036138084166927
67f2f87cc129d7da,0.5122428029986756
eec96ea0e1c9f7cf,0.47448375072836624
d85127e773ec4820,0.50950991210418
9e96822b06b0f7f3,0.49150232369250535
c6489148a3f9498b,0.4873802890808805
ad5ca801b22a4eb2,0.47998907036978394
22e01b671e9f12bc,0.4945418772844995
4953dbf3e113fbdc,0.48806545112610566
95397470f084bc6e,0.5229534784324733
ff39045f375a9792,0.48117054187540786
893575902a76b6bf,0.48507839350496035
4d9211d2b44f7d9f,0.4874897780710666
8205441451789e41,0.47846338728214133
5ade617aad761daa,0.5338021231398381
7d8bd74eaaf831a8,0.5092705517983278
3a4abb16616fb838,0.4800807499328189
6e14ae545a54ec6b,0.5216689541293743
a6d127f7b7a19a79,0.5235332569491289
e29e33c4a6eaf6fb,0.506182603397169
42b296aec3a400d2,0.4934568635860713
238a42187f0c12de,0.4949374685242921
4c99d80ab952e272,0.5141656029844852
ef909ea8db65784b,0.515551168213888
53283f9869842cd5,0.5152288258854878
fa99ef0b96b51157,0.5083426027476377
3cdaa31c37582a6d,0.5237463104047042
e007009eea08f15e,0.4959624495662021
e46769b586a6b83b,0.5299369006813395
c77497b63a864028,0.4856045902725221
bceeb0086c625fac,0.4810883818442441
5abf8e5791e5fa94,0.5258652015878044
0b7d89ea3694651f,0.5208146636164399
ce60477eea0a9007,0.5294214020211908
847baeeadbaba41a,0.5083276162061335
aefefeee7da6b616,0.5217664526555036
321cc4b04985f915,0.5030340371717039
590cfafdd102ec19,0.5104356943147667
0a3027ad8dd82438,0.49316154189837286
01e58c9ae88cd390,0.47329675814947647
8f5eb2d903aad722,0.4788401514693463
3f1b90f008fcd5d0,0.5112202981828888
9e55098b34909114,0.5163220655474847
ed3723d6f0b305ec,0.5021285196391552
e1d77367315c8c64,0.48286132890692257
b97a34687794c3cc,0.47799234592910056
2d9a8bda25c031b1,0.47145840571580755
367427e76fbb967a,0.508828803844266
2d1de7cf3363aa2c,0.48705505127527515
d69cf5bc1f0112f9,0.46731012999539323
2a75c552e6a0103c,0.5356253046936268
943114c642b7e30a,0.5059172021358785
5f4258edf6c1b382,0.48024139821140654
ff0a817eba03cc6b,0.5202893515054732
c77fe2a4fb942f02,0.5152097747342921
df587d726667a5fb,0.5243765847057469
8c09d6fdeb48dfe5,0.484284001325798
564e16bfb829c7a8,0.47722436988087014
e592482dff2b62bb,0.4801495104058697
33319a7020313788,0.5046581156306384
4700a73d634e28f5,0.5189484125984409
e5d9aee597bb4052,0.4934361707006163
b93533776029ab4e,0.5189254836900786
e9274894e7ca5d48,0.4795710570720427
37e126228f093cb2,0.4911614747138634
ee5e8daf19a62436,0.5256025496471621
5c2af7cb33fcb9b8,0.4944288220277169
dd6cf914fd458758,0.4807687861818112
7943edf1ba3d08c4,0.48056970852493647
50dccf68b6d84c9a,0.4928307077972557
71b1d024ea8e0791,0.49081429994056525
a8ccfbc903739855,0.45782070644506495
bbf9130a10bb2e61,0.4797702900714586
41a2cd1fb3af1f62,0.5089223735521791
e5b00c5e94bb1efc,0.4933726350853884
8a2951b875e32f95,0.47559412953712227
4b4241c32f2ae2c3,0.49296746945145964
8beed49416c057b7,0.4912270568944928
1cc185c7cde5f29e,0.5303140735266091
635d0e269bd151c8,0.47283313306515734
9eb98f9a7202dfe8,0.47976716430196104
c224615f7e3ecda9,0.4935429267626807
f93a14286735bede,0.4777050200223617
c118092c44e808f2,0.5120782249472833
0972b7359cd12fb8,0.47409662326631663
22318b12ec6eb14f,0.5179155847907515
9c92d4068021c258,0.5217240712575338
053aaf6bcba9464c,0.5005397477436068
966f0341c7d1f5bb,0.4922048129555288
624826d8d4f7d476,0.4852441756418535
250e83ae550b1992,0.5293159718703213
9ff420d30b835836,0.5286988242128159
f74cb9754e9ea82c,0.49750472396973006
8ab5a2752e698725,0.4984262745348053
56957aca1f34dcea,0.5155591018197847
a6c0cf21bf0a1be2,0.47369482344914526
427e6266110ac72a,0.5327053923049556
7b84fe626f3ebccc,0.513607943506537
6abd9ee5808aa267,0.49054525887510075
15aaf86082111e4c,0.5077465915301107
afb1bcdc94b9bce3,0.4628253435026982
93a337e7b4fedfd4,0.4946085843986333
cddee4f1517d9dd4,0.4946272636596962
755140c7bd8e7223,0.49722177634149645
0ae88cec371ee0f0,0.4921506783678287
08a9f02754051fc8,0.520263640177783
4bab179b9218d454,0.49840513174004486
2af9aad0b831d3ec,0.47343014827310337
7d330fd87e35ee09,0.511958623180284
d79f0de699294b3b,0.5130966180340759
652a8c0826eb2609,0.49809699290965387
2ae2ef63a2565c3d,0.5061836888052323
1bcffad3764f7c4a,0.4926776114708955
707e78f41fd82174,0.4900943792330937
e4824a55ce76b702,0.46985716866359006
993182bb80730c31,0.5038558775254602
dd67c105d030f636,0.5200401952518742
3dc4dceeeecb58eb,0.5111205636629867
90a67d119116b976,0.5210043807429541
a483f8d40e026f5d,0.469817291880892
3d24648e710fafb4,0.47831843547942604
9104c44e8910b122,0.48344452542049876
47b77ad7aec9f1dd,0.4854863720690539
a66cc4155a0edaca,0.5176864326742732
1f4dcc29503e1a4d,0.5051940004089134
0a295834d6044914,0.5029483493162611
bdce8615df21ee2f,0.4763853771994948
694b4d3b1ed04c61,0.46848674294461534
ffd75ff5c92f624d,0.5120223610465577
717e992041e77d9a,0.49984796261372794
eb5157274916100f,0.5151716560993567
b77c5c610fc74da8,0.47692226804874593
41d2ba14e653bbad,0.5134871173660354
f2b612c9be07aabe,0.5062350512598509
3451e892c310a998,0.4980244292195889
2ab24c04722d8bf6,0.4883846915771375
38ded7c17115e7e6,0.504554591256245
afed8219aa70efeb,0.5013664131454867
1e9c4d7d2de01fba,0.5091077243333992
c1bda90e9a3b9ec3,0.49836591652133616
d406fda410e7c177,0.5228267179179485
f49753bbcfabdaff,0.498460260316409
4daee2e232e58a56,0.5239604023821176
858a9c1611f558cb,0.48859050044250396
05b0a9e8b1444d99,0.5003571109049978
8b2ac5da79a42e4a,0.5201142034757298
222fc0675ea28b67,0.488668924067554
77cb5f88dff15921,0.5040738599850282
947d5752d88dc00c,0.5293109812602486
309a531dddebb471,0.515456928540923
7e5f9d7d0cdf5a81,0.48492554134241506
6dfe2ff41e67b01d,0.4899160311713364
9a51f7696f388499,0.5031002961640287
9c5cb5a9b9b2b4cb,0.5207226476441377
bc7e89abddb2aa54,0.5316291458388174
5d3eff0bafcd186f,0.5061037234377657
d592e9d5579075d5,0.47848646149530005
475f765f9fa22959,0.5281511236001657
71d36204d6040aaa,0.5153547561583802
78119b8ffb9aa8ab,0.5008789336717065
09d1e9b9b858fe18,0.5126485173666524
ba5f5f59e3b0b755,0.5068740193464377
3b7344f40bf64734,0.501352090490175
1f72c876a5e3738a,0.511656652702599
86262f7438a90d1d,0.4991317159710682
3f6e10ed3e6a6303,0.5356380756887432
ada42e94aae1a58f,0.5065415527913053
b5320e4cd134414b,0.5094672208471809
ef83ac91e80ddd9d,0.49595396823054627
b8a457f0c9f14bef,0.4958732013670664
74947cda3decdbb1,0.49278342585984924
a39392c735bde1ac,0.4976459575874862
afb321701a74d5b0,0.48800889433307015
df401b9701e04299,0.4789253633039793
c9b67772b4c4f44b,0.5180464429005363
b5665177cd7b6c5d,0.47001012963035316
1d621e5fa6b0c45f,0.48025249304881457
2d595ec6f4c2524c,0.49213100963740036
6a96a53512d24696,0.4912063043686898
b3a68808640b25da,0.4887805790392282
cd9f2b2346e70af7,0.4805930540913964
d78d162e0d903e67,0.5221896978119532
512b0444982361f4,0.5345782793451078
36f4f9a58e05409e,0.48578527060951054
e4b4fc878504822b,0.4974450261012213
d2c6c32ea3387653,0.48091060469314695
62d5596d1fe892ad,0.5294004322794129
8756eb85074bbf32,0.47384443426673895
9120f37fb674d8d5,0.49370369627055877
ad529a51765d4ec3,0.4785660757816313
f5e98c69a45e4a76,0.5112943016080957
4e8ecc5a6ef67336,0.49905934097929444
e26f37d892f837e3,0.5153559547202935
377bd33e8a9d5e7b,0.48633465847331675
7277e822016a05a5,0.505250964831732
94fed9a4092a19bd,0.5018426332978918
28d304cf97ca614c,0.5133794924126509
5a5195df47e373d6,0.4763265208443017
ebc9acfa1d364336,0.48084854968383756
5d76c6de5ee62843,0.5041622470666545
511d1dd15e99184d,0.5228310296957519
b6d744f202fb4a14,0.5176903792869071
43c3e8abee7ceeda,0.5043072773684074
41afcd725afd0bb9,0.5085375336350997
bd4f0c1a61da90cc,0.5290802259460878
ac5e8e6812e3a526,0.4904045812973352
61843635f4d407cc,0.5319797091916059
d643d4e6d84db59f,0.5085125258458646
5c0b8bce49a0a773,0.5314577626231881
7c6020b2e5dae41a,0.5041457922277658
4a6f26c4ccfa8a2a,0.496694268329467
f5ff436197b8129d,0.5013793253939689
27b8587241bf56d8,0.48429004249374796
a198a7b963854e6e,0.48229609249978056
8661667952751501,0.5215569959430854
282a1321ef8c1306,0.5013391280821035
db3dd0b21b03ce9e,0.5219838338049719
3bdc9a83d65a78f8,0.5017813914093219
2983651d59dfaedd,0.5267956566985021
ba2be23d69668658,0.4820446325897485
89d58eb00d13e4fd,0.4947985637490196
d2caeec36f4769a6,0.4893924969699961
dc23c7fae5f57288,0.5081498945531224
c6e284593c89d176,0.5108487203203578
523464c4f48eb02d,0.5311332558728603
cc7624fbfc77736e,0.528176317552977
6b0c371df7cfc676,0.5024469552625408
986e8a5497d243a9,0.5412733298954444
0880ed3a1a77013a,0.5048907620956795
791d60ceeffd7ccc,0.5294726023277558
1fb2b452cb819b3a,0.5218437834894265
6e683e5731d8aac7,0.516245923721023
d752f92de2b858c1,0.48488080492019164
91654f6c88bcc480,0.4799620659468008
308caeebcc6bc059,0.49015942065742846
0a092e2b8c9c06c5,0.5039010069193086
e29749c7cbb0ef48,0.48363851655259593
02521319f8872bf9,0.4922015145169405
f699494da66c4efe,0.4997623947587788
060f874ec99eadc4,0.5019297793632742
1a2ea8a74fd54c2b,0.5093487368876924
a98b83e132c75465,0.4837675854947818
0fe8ca7c247fab07,0.5098543528867985
c8d9bcea59632f23,0.49954685450977
0ab0d9c2a040f32e,0.4863348850655083
a03fc647d8141fd3,0.5161050923894117
1036e1cd53a850ec,0.48934672805166635
519d3f96c9895253,0.48026948238690265
28df6bdb66f8e09b,0.5280822110270891
89713786047cfd0e,0.4973502418021941
6389830954a0227d,0.5052692859165144
8a5f2d2c5004dead,0.4768887449802707
19d4cd44aecb29c7,0.4953722001187323
2ed9718fa269e456,0.5000271508486067
31d0832c9b203b46,0.4953532923580146
e21b68ce26bfc500,0.5075795520495714
cf8783ddc0b9bf95,0.4648431268577626
fcd44919c1b3f412,0.5167959121751314
c6e50665e7bf8738,0.496927931347104
ce0179fa676d128e,0.5233760818656323
423e064e247fe04c,0.5204640176052138
0ebb4ab2c338fde0,0.5064429116229441
37337cc831e40a2d,0.5109772657351119
04eb53517170d936,0.5070535536512918
dac684a7b8635061,0.5027716348961846
a2f354d17d1431d3,0.5139766615783852
8a42e6579214e167,0.49522228838644744
c35d24cd26008161,0.5130074182772988
077789ab8d103e29,0.507663022194093
5deb9f3705c67be7,0.49981708531448965
dc531f502bccc4fd,0.5085701526621531
ab4b4d6c12291a2a,0.4971520493726109
47b284804faf97e4,0.5093101797950839
d46bd1fa92be695e,0.4794034089960266
11c536ec56a47156,0.4847815147585867
d5bd7d0c4a297748,0.4637196033471259
d30e6ef239a13f14,0.5176195591927026
8be010237b513256,0.5232718554952068
e3ed18d3d53d8aed,0.4981025148860937
a9f5c2f8c5922e10,0.5210499554136984
05a75c012be2ab6b,0.5276370167589377
a068617fc089ad48,0.495090191502073
687932e8fcf71376,0.48224864153682895
fedeffd4ef29f976,0.4725115754803446
5d3e23d9b2256c27,0.48365985155208857
c6544d7502deea99,0.49143955095445113
096cba9bc78d7637,0.5048508840224877
76b587348b5c4d59,0.515153060300505
62185555ed060f0b,0.518794914237865
b538966eb4ce164f,0.4713435892109924
8dfc12a6712b0903,0.5104376862218456
3ab52adc4b1c1768,0.49040866908621394
463847f9a1f414b6,0.5137527848889181
e93e14d11fc793e7,0.47598798887604676
2cd7ea4ff0b97ed6,0.4928312472373494
3cf1ec0a8c671d61,0.46971354213624866
e39df281ee7e153e,0.46388461935061936
272a6816ce2c7c9d,0.4910184333988691
f56230f889018c95,0.504260106365476
4119f28f6d4d40eb,0.5090545537668021
3e744e15c1c6600a,0.522120436997513
7975b8ce43d7163f,0.49802127364705534
76519a1ae0dba3b0,0.5069142861770125
6f6aca7dc35afbbe,0.49799184102556715
658aa810bdae773d,0.5307830703416774
41c3618b9180e8e2,0.49296991591053674
7cd53693b2b3a4b3,0.48624673591802264
a450a4bce9f2cac2,0.5243814171592136
05bd9ec45ff54b8b,0.48705064726058855
0d67ef8a9dd3249f,0.5021912207368119
514cfc846a144390,0.5083226269311133
2856a2a0114ba55e,0.528665693223074
ebe02c0b1c116ac9,0.47631023387928245
cc31cb4421bd54a5,0.49466028811086793
d63593c7bd5f72a9,0.5141867826774266
962b8c33b5be069b,0.4939353731789128
40e508ceed1116f3,0.4973243985305167
668eca9c4cdf1507,0.5011947672981003
c15735bac7d4e6bd,0.48551863012461394
09d2cd5ccb05a325,0.49221230081323375
71ed58a8f5d479e3,0.5112448294714493
56fd1ce474cc243a,0.5285513085520832
4c4fc4fe6dea340b,0.5285457767469823
68fcea284ddff8ff,0.5170799923547242
8913329e85f873f7,0.49815571541682424
7a210b4ff6c29678,0.5148863675120514
91bd2a01c0384263,0.5229107459996407
14e4e31c9bd8d90b,0.4857619400131209
410f92d0f317cc8e,0.5139383468980848
780cd523f303a8ba,0.489989969482308
77ae2af1842fa5b4,0.49252504797106267
eebeb3dc997eab87,0.5079764770497771
fa6c4d5205fdd5db,0.5219429805383946
f1798e22aeb3b385,0.5286159065058708
8af0df5286089649,0.5129742172084341
6e224e4033db63b7,0.47461660584036675
b8624ae03bb7e7d7,0.46159926514350696
52ca2f9cf118011b,0.5397140528187262
52c5dee14f8320fc,0.5186979656368766
43a4ed5577b3346d,0.5098865148202836
332563e196c7a1ee,0.5296094594167996
cc4b32b77225218c,0.5164825174945021
0b34a503e14e5271,0.5257237480376954
33100c4fe51f7435,0.5043794019169916
6de5ffe2b6664d73,0.4753194019272744
ba39076152cb0ee3,0.5072437882452303
aed179ff9c81f4f1,0.4635587112149218
ea1a9bf792fb6a7e,0.4897423237199261
2f06ce2d10fe3866,0.5121653112712032
11855575a4718674,0.49229766444283574
06d39de4f0e13f3b,0.5059006590635504
5fd7c68abce444af,0.5072096636250089
d464bbc0a2f6ec7f,0.5244341861046214
86a7d5c47fa116f8,0.4811947181102373
a260e587d0fd3fdc,0.5171854199691652
6c07a18d9f02a585,0.5362331049605003
8fd3d88e27ef7240,0.4818285494130567
80dd9757384d7ae3,0.4863467544408065
00a0f9038422aeb4,0.49594204583703505
dd38ea8c63c0a90b,0.5076236503046456
e23a165731b18098,0.5310020944679121
9bef89bb8b6e707d,0.4746706699444864
db5779805bc9128a,0.525858809354143
13c6185147e496ca,0.5265735499100597
c23ad10e1020a370,0.4982773969730124
cdc252e1304b3741,0.49187529812119196
c9866843a2ca38c5,0.5070481505065316
1193dd7feb2e1c1f,0.46324741653778856
145626c411263ea0,0.5015493387016502
b2bb6e4261a0a280,0.5362747477350378
ce6c9830339e8d23,0.510527925228827
e5a315b7bb844af6,0.5155217655702439
d85cacbda54cea30,0.49274614865082556
ec609eb2e4100b33,0.5025820840651273
0d785515807808bd,0.5125359793647823
6bcfa2aeebd0236f,0.4994913905472789
9ed83fa2f828fbc3,0.495033260829179
f596ac3c62688ee6,0.5175885607121606
654c4ca75e7a6d56,0.5028728070398233
162146e83243572d,0.5267704171859491
9878dbf0860838fa,0.5044600275253917
332ca627787dd758,0.5197112276760008
679ad425e74f2477,0.4910597928320527
df5a276859dd4308,0.5160881911408033
e1f7d0ae0443184d,0.5121153250793148
a6434286f4234aba,0.5117427538433748
3351a9314dfcaa5e,0.47755278602345574
e19b22778dcddf3d,0.4899749361368409
a98a59904fcba403,0.5065169881744158
efe47bc01bf23b67,0.4969674744797579
a1a862c811a320f0,0.4990260884980503
bdef7203033a959e,0.509449787815751
0fa3fd428635e63e,0.4863886129865829
8ed23ba67702fe54,0.5276855355583295
ece14f4f1731d91c,0.5182037588757862
ca20fb73d0c544ac,0.4871197009173645
927bbcf7fa67bfb8,0.5046656905872449
deffe32d78bf8a82,0.5051806385184789
319944ea096b3a65,0.49042413954916003
19bd6f94f36d44a1,0.49588919955454824
6e7447b72d462201,0.4848146369051047
be6959210f99dd41,0.5193521818118874
bc1a4abb3dbcab55,0.49205904428055913
41032395ff67eef0,0.5246886023884245
2b4004b2678cf0a1,0.500675526607136
469658e2c6728fd1,0.48414799564899663
e67a54cb89e72744,0.48548786797066523
0a1aa269dba98abf,0.5003411101468113
746e977975fa2166,0.48651339571576646
ca51e1b6ef04fd43,0.5024429615820185
dd96408688197b1f,0.5113589737558475
23b5530f05f1d9e5,0.520446574337238
da29e21770225527,0.491483599886272
adb83a06bb93e782,0.48631970072199093
0e4d2b4f26be08db,0.5251747722492774
6ece7a74dc7701ed,0.4837487511448204
e5306d42c50fcc55,0.4651998020797343
4381dd659292aa24,0.48433630453492865
e31ebedf532c25cb,0.4973936632421453
853b98dd483b98b9,0.4902221318185371
2e54b76182ee44e1,0.5168415523971306
338f6834e70af5fa,0.4876708987389151
b5abaa739dbebcbc,0.5162848794887931
5a8bb8464a290761,0.5111587284934849
f0e90b285061c449,0.4812383162604267
e66581f055ee3b78,0.5204031384602095
0a21004c4d12a011,0.5052105109378343
04cee8b938d82d19,0.48345886267055765
c2eb2ef42ef59006,0.497413578100407
4db76ad147f6dde7,0.5000244308391328
388d2efe55423a29,0.5381663786003575
b9875250f7ce8623,0.5197619795694104
e354d93aaeda004f,0.5230877063007628
39e7b31ad6490a4b,0.5044716955288248
a31878efea02ed42,0.5012580721017533
4db06f2609831909,0.5194375424903204
e23ceacf623bf244,0.5040450734261802
5b30a3dce1e3fc54,0.5232713149120065
9b09b933e5488d29,0.5030134499285003
64f0282d10422cde,0.49260844575196194
d171c9bf0e731793,0.5051307348753449
699a9d5c734b80f3,0.49943653284435097
79281527b5fd74b9,0.4831484801599869
63b9f2af8362641a,0.5186216706615416
8e20990222b8b1d1,0.5035969145220134
cbfad4f1f811ddcf,0.5227039754010985
a6dde1511fe8d47d,0.4927679695906204
54e8815e9966bb51,0.5308385245269218
cda24d31d8c08104,0.5035470679433813
2e41b0e18fd08067,0.4873690969114525
6e8f4f5c6e28c26a,0.5095189517643259
1f4157812e2bb339,0.5110056674097716
c2d3133094dc0fad,0.476963035136734
e7e2da8351240636,0.48879139426965934
ef2946985749757f,0.4798119999533845
ae735efdf3a84f05,0.5187253231787071
8a459d7c2b588a93,0.5100574848705461
df0d35696f4b164e,0.5127735680009653
8f745cf8cd93face,0.49118804331157484
7aef10c8e6aae208,0.49484250672324953
706e881832fde05c,0.5241134976356372
03a6674f904defe8,0.4911268318053065
f00500b8110dde92,0.5167271217636542
1475216e327695c5,0.518574321095751
3fc20688817559fa,0.4868434401683914
70df3ece5d814a70,0.4938191783308106
bcf591e552b3ba82,0.48247263954641795
a04e514a6ca8156d,0.5200092415581485
f83e082f10dc4f9a,0.4685056866369287
21a0898a3f0c502a,0.49396678871515487
c9afe9c2efa6168d,0.4923652009794041
9423152627c5de85,0.5158927189829059
fc5761df1ee97d2a,0.49504524965826757
b51c1517f2b27082,0.48829967494296456
966bd6f4b801db6c,0.5142868034435788
c39f09a3a7ee5d1a,0.5156061816860943
cd4ab667a784a10d,0.5391840836329062
053911f801591901,0.5080220743889949
4c12cd87dc745584,0.511522453823289
f0c4df4801e5dd7b,0.4731730032805619
1cdb9e6374b25c46,0.4683080323141003
55a04d93184e2087,0.519940167051244
b0259adc08c321ab,0.49312124352525194
3ebefad692cdc413,0.48681092061389797
83d05a33f78392ef,0.4965201374418678
57e746a1c420f866,0.5180443065986904
7086b53e09fe17c0,0.5150504703789699
2cefa5982f1e5321,0.5129042881993002
c4a61e6a8fa1704b,0.5183713760365081
cf3db8bd220d5bdf,0.5136733330077107
75c651d11c0a0337,0.480363511390621
10dca6cd4d946194,0.5087611551067219
316d771ed9f0b6a1,0.4966110232741317
ef64650ddba7c539,0.4900504840311254
721f58982ee85da8,0.5119741228498625
e8f08bd5b06f41ef,0.4752321885659855
8c2e815ac865660d,0.5200265727468287
8191fefedc6afd32,0.4659410843934918
15c9fc425aed1fd5,0.490148435950722
52f896a602e74ef9,0.5186153934189275
c8a94bf1f874596b,0.49368203840084346
64024839f91aaea9,0.5249250256916224
23a06e4e391dfcaf,0.4956320826409567
76fc88367fd4b329,0.48392221066204893
e7ffd70d1007bf31,0.4828505925525657
4df67b2b4764df2b,0.5286494342204664
5e23b5ebcc3c7201,0.5264952990397904
97c325c9980b0ab2,0.4811167470166115
3c8bace911db4b05,0.5297018961037715
d3af2a4f1b0513ef,0.5004161483749034
8a66145d22484a10,0.5232006924792836
f501884aa3b0a2bf,0.47408887593368
21f8710a682b6ca8,0.4964297685183281
67addba46911ef5a,0.5168643054418732
cd5a8d124051f2a9,0.5188757821968761
a1acde423d140030,0.469153833395373
6284cf5236839f36,0.5098297084118255
37f720257a8a7a33,0.508430033311191
acc257668dc46b34,0.5137579520035728
23424057c8458694,0.4859294571597209
418a7b8fddf172d2,0.5294720739639717
dc356b2589e04c87,0.5082467116282912
f64eef65821a8f3e,0.4986103622517042
9fce647d5b47563a,0.5323481059887821
52f9976ea5b478fc,0.4786530872826212
d240c91989c04146,0.5160894032057717
47ef036d29375b9b,0.5362695539861689
8808a12bef546809,0.5085737013536988
d3a20f2bcf2db8fe,0.5169547075600653
a451d8e451fac918,0.48542170831379594
9826735b01a08344,0.49336293265473585
c4a29152e2eacc8a,0.4734075509016661
631690ed30cc1631,0.5165397299834653
d84d8a6e6ca5eec8,0.5003637546855377
efbafec85fb00cc9,0.5158325795341745
24556c1044963c8b,0.5238123786524571
5dfe6e2137dc82e7,0.4784513474725517
b2400c3aa22283d6,0.49283139102714385
71602580e012f168,0.5186811779208689
cf01eb3e54442236,0.4681618568096938
1a07d25426f87edf,0.5058883866514619
13b3d3fe65bea413,0.5000731876583555
059edd840763fd81,0.5175752781828065
48288e044d74e7cd,0.5236077507962329
add068ffe0671cf6,0.47284962699932265
c99de47efecac792,0.5214467240653602
11cef543afe62f88,0.4942645254136435
e512156389905eec,0.48311031805957716
138703e658867a2c,0.5261627544106435
454c3092e6edd433,0.4629988134587014
dd957118652b5ed5,0.502121546911247
af01fa5eafb4602a,0.4893146147456305
7bffcfd2a9da1725,0.5117422199954207
24f3f1ab071df78b,0.4680892149942004
3ec7c9ebab0a4a2f,0.5239884182642738
3c1d10f4646f69fa,0.4776985595741953
9c5f959e1195fc54,0.47685349669133165
cda81aae0a16f97a,0.4989227586094612
2bf6c949fa0b6053,0.4982027909694916
546683ea9e5995f2,0.5030125753970538
c4563254d849a8c2,0.5172004271242931
e9e85a92d9ed5065,0.48785199868002876
fc9fd5a085f168e9,0.4980819702668871
54049d409156afd1,0.518961613759851
e4c0d5c0b9045e4b,0.5128394999705225
058f290d4016fd11,0.48924622566056825
e14cd74f951c3910,0.4843159125847304
05018e18dc83e13e,0.5309502163316524
763ff25fb3a65368,0.4940494900356059
eb5cf6bf7c8b4e5a,0.5203887699366714
013351fb7667dab2,0.5099077686557751
e08181f896cfb680,0.48384413857571995
e65d39ec9e3de422,0.5220480977693824
9cf499aa7626f14a,0.5055457328941884
f203a5ba78b7389f,0.5193754597105456
8ea386546c0f8c96,0.5263354585040281
0391f48a6955106e,0.48350609317159143
d2f70a0377eebc5c,0.4933842090490174
b96e54496b6a6713,0.5054446677364226
1ecd7d7fc32cc874,0.5027927942857006
a91fae320445e22f,0.4822762213246464
7f7f8d9e95bc3227,0.5136066109406447
8ed9c9b27ed7229d,0.5080006546265142
19862b4c0d2f34b9,0.5049698001277128
e5b1c6b3822addb0,0.49052804665520466
191edcd8d76cb951,0.5288214001925629
6b08a1554cdf28c8,0.478718299468584
706610ca333da138,0.5027415716585637
5cb5f8466022eb46,0.5049429165518418
acb3a526d9921b55,0.49789617373918926
947db252e781ab55,0.5005102014215654
e94881433d15d819,0.4861948943526074
34439005f71e07fd,0.5164753629200873
989a2593307d72e3,0.5011616580085334
ec8f1d04cffddc96,0.49489381474576755
11dd5f5d722fb0e0,0.5086357672936443
d6738bf320835a10,0.5029789969898762
025b09a306181a55,0.5121603846802455
e5e3f5fbf93a1918,0.49717078791583713
2d60731de40ca5ec,0.4678036276995826
96789dc76cce8bb4,0.5073365226506501
e04c2f21eb86c30b,0.4956750615512386
eb4f7827e27f3e50,0.5246329769171287
c72cafb3b0ed2058,0.47846032840580655
38e789ce64afac4f,0.5182299619415743
961a36d1522e6ffe,0.4897774882467383
d915888ab3fe3241,0.5105798088526843
6d047ff0d07fd1a2,0.48507745491326787
96212cff04501fdf,0.5196879012767147
6cb30ccf0384596a,0.5327451153886494
1878cf5a842e6727,0.5046962324146662
47adc8c9afbd6fad,0.47796959988867127
bcecb579dcba782a,0.49818067283224465
24fe0dc9ab19be83,0.47235885248542575
d56cbf99a17acafd,0.48486211069077234
5caed519a777c666,0.46608556008627966
de3dd7a6a4564414,0.5070774090536105
3ddc28164f664050,0.48742290945841077
45693136342888df,0.47757253976880104
143c3caf6eb25742,0.5061437365723527
9295c919e27237a6,0.49627526225986185
0dc756a818dc5d9e,0.5069342027645015
67a0ca3f82ae78c6,0.4747767089633273
cbd51c3558265f5b,0.4886924577907432
b6df5050c31c7287,0.4887408200650697
73f20d006cfc47e6,0.4783494940133429
2de69b9443d4fc52,0.476554752067532
1ea20c09b6c79a3d,0.503903300772788
ea1427791f675329,0.5093463950014534
cd6c9a86e5c13535,0.4985594852163916
fe03f010fd99f729,0.5126178213209447
3cac934a5e569272,0.5152918428884712
1f9c8c5a31c38592,0.48933571588983404
325d3152d318ac6a,0.49649491404077756
c796149ae059bd36,0.4995674706562631
139b95acad0d8500,0.4772527339649726
ef8ca6e1ad6cbc40,0.5146339216750848
738b1f5edad8bc5e,0.4796193916444558
00b5753c64f3aa5e,0.5287133647284925
7509e02d19e2f87e,0.4800047091590436
a85aa8068fa925c9,0.516288317101904
f8ff744430f73aa6,0.49441682407605436
4106129a02383134,0.4865734263037243
3be6495b6e47bbe8,0.5079767986003711
d58d8cb98c5344c3,0.48775612902778004
72c32db073874592,0.4951016542330251
b33541a9535d3cb6,0.5014430450853611
f117d4aad78b524a,0.5106328375180977
5e48da846d46eabc,0.519170298330276
b0b266000f2d6b03,0.5146786461195385
2aa63d23f11f3aa0,0.4794352135912813
7ca15ff99bdc719f,0.4904371434278392
286e550605b2d970,0.4949637828553194
140d123f8919309f,0.5218034475925866
5406d7c0119b8b77,0.5079588525042776
feb8f158efc528af,0.501398080615927
20e9295f7f1b6809,0.49439512414961095
8c67df2b06a8af30,0.5083229399949545
0b5100f2d589252d,0.5201301499937617
a7dff4879e1f2c8f,0.5189309929620961
6b9c17dec469153c,0.5107493515671702
b064e718f3825ae0,0.4776634171006016
633aa423117b483a,0.4991129229426137
2bd2dc8cda610b2b,0.5152429366084795
16b4f1b4b30d7a5f,0.5163499001075582
7ce520db2bb5b181,0.518249453521317
359fc18aad246386,0.49349202482409515
4040467f440a4681,0.5020516633350336
ba27a17c66a28567,0.5027488625265982
5e4bef63f0b3974c,0.5183397599356021
849863283a0793dc,0.5149359666346527
aa9c499ad44baf78,0.5160035768099132
a3fd494842016ae7,0.49433560834012
5f079c78614b8a83,0.5196499838508334
7420f14669961a6a,0.5202068918706777
0a083c164a874ea9,0.4894296502642
396f04d4bed14a3c,0.5197987390076668
bda29126d66debaf,0.49401284058409145
8d5ece395c6a6b60,0.4980321801563537
9ea22d08386ce3ae,0.4817066170469253
1a277b47ca192cc3,0.498779508140222
5534d1ac3ad47ca1,0.5005478620254822
164e32a2b96ed3eb,0.5241165720681626
cdea1d25f481df1c,0.48358264629880215
37e1f37cd163cc12,0.5222301368454643
4f896e74ddfe48f5,0.508368559106327
ec881c0b42489ba6,0.4897913931505459
6cbbc142e3b6532d,0.4909325338339008
af58eeb2cce1b1d8,0.47243005500108304
3792b407d3147240,0.4926438973922086
44abea18902dcc6f,0.485458103186714
f174b76e8c589bc7,0.49337058802298406
d5cb1d76e26e865f,0.5204143322371848
c953fc1a52b6d2ae,0.5107734387116588
dd9860c103eaa486,0.47588762921218525
1a338e9358b4b71c,0.4744368546314501
28a055a15e2bee63,0.5091885454318921
d810129e88130889,0.5130706806711801
20b2f55f0ebfeb9c,0.4919644509403295
2dbfb79bb9d5d576,0.5014828614359339
a4f168601004a705,0.4932301993410084
7419f46f112678b9,0.5113856364122149
7d0ff708b6d6752f,0.5166586803596107
cbb85fa489a893cf,0.47681160088747576
c46a723fbfa594f7,0.5056880642319694
2104390897549457,0.4943165464159579
75c276f7d0f29aa9,0.5348976020981062
01a679a23b212287,0.5269323741897138
6cc58651b88eadb4,0.48359852822702265
14cf1ac65f8ca02b,0.493015286186267
2a5d42d92966192f,0.49223085815434375
2010478948b9aef8,0.49964833126305913
31542ae607bdb59f,0.511797535957303
783c99f058bdb723,0.48103369507432425
8e49ec786a6d5abd,0.5169915794512265
d2b9a740ddba79a2,0.4892367046256917
47c1231311a7aaaf,0.49995061236412963
c7937d0c63ca6a92,0.5128259934471024
64628bdb8224fe18,0.48861794068047576
49cbb2ff9274a4cd,0.48117471775548
a4dbc0e728a780d5,0.5202513221425418
54a5b82f046318b5,0.5194070630487598
daa0b6896a1749ca,0.49244115547518963
4a251ebb1de72153,0.5319510904089408
edc7eab7534ce904,0.48796292006685194
0d31a18c31d12329,0.5209672486399259
ef643ea0ac629b95,0.48293825007677826
39049e24be5a4306,0.5300352354782607
f41fb0591a5b1902,0.47645588622129725
ef3add49907eb895,0.4771738212856402
3c80e6a34fb3e4ce,0.5229295119928513
681bbfb8c5372f79,0.5199490401537212
007f4be9a3f6e89f,0.4805307242206309
25144a9b2bed9be3,0.5000685912024316
61233f40c0cdaa2b,0.48332527338415787
73a058838f6b7f2a,0.5274518781876738
cbc20660739af678,0.5372442610852212
8fc723bf625337ee,0.5148080509619919
3ba49bd9e60f519a,0.47740990179394055
6a3b3033fdfe94b2,0.4915865076188831
c8ed653c9f871795,0.5186427667843021
2f6d48d7acb127aa,0.5010637740686508
92ff64a44efeaa6d,0.5005545940977305
d7169f20999bc93f,0.5230368001873529
53604f2aaf701357,0.5092089710017659
a7001845bc2108a4,0.5086719229762042
e1c8d84bbb8add74,0.46735350548142784
0b6ec467b5610434,0.49493357920066855
8ac52d2ec127a096,0.48637267369051723
b10baee15fb9d01e,0.5288723471647527
221ebe5d40d467ff,0.5129620606974219
4fe55b114acc6ade,0.5015499239088559
d8482a667d8a69cf,0.5046404047420245
53ade36e2a1b1e97,0.5230480566415355
23415b9cfe9e209c,0.5133330396423224
280c7808d94b9763,0.5232254925692925
de5885c6a7c6423d,0.5352293489244857
38de0e8716fdf6cc,0.5076324070827369
55bc25143589b254,0.5143069281450343
957e73c37d447545,0.4850944920116209
af84b2641d1c74b3,0.4894344325357979
e7be7f3fe2a831bb,0.4733029874535901
841f7e8235380174,0.5296369206231526
63d88f28c2a5df22,0.5144436260800387
8dad4fd4df5c221c,0.5243759456182853
3572ebf75eb17942,0.4881400720020099
25a1a550572c1f93,0.4702387983635237
6ae06440fe74b44d,0.5432741749443356
b4bf088ea90582b9,0.4938508149545088
6b9449d16e81079b,0.49421916619879835
4ff7c9e8a089b94d,0.5208315759704925
aa5c5648b80a1a3a,0.5047984203739655
5dc1f3d49bbbe4c7,0.5113696652736874
99546cb325e5dc06,0.514328402255639
220c843637482425,0.5160678237014171
6608fca5b64d440e,0.5301190343473563
f29988dc0a3c0243,0.5044143318464378
51058b99b395787f,0.4880403910435963
ed1bbe11677f7bca,0.49102531229434365
9f9b85620fbc0cf4,0.48919328060303935
8aaeef3315304e45,0.4890410588115529
5d92173cdb00c0c4,0.5038211058982933
acbcfbef3b1946c1,0.4621592701083946
73cb612fe6d23320,0.5224212634979132
4216594871a36761,0.48353466565929326
1c2bf4927779574e,0.5204214078189868
1498d0dff1fb5394,0.4898383828433913
53f47e8f08b91aad,0.49709935683711465
c4229a0ce07e83b9,0.483708704843002
bf61a06ee47b2027,0.4840536836089814
8aef635fd1b3a740,0.4851547901310991
0f6a8a20e3587b09,0.4825840436858695
75d7914477c996b1,0.4849590526833357
7b1790935e6cb838,0.47273985360693854
d680549ede3f6dc9,0.4730983814637798
f3bf39cd2ab5bd9b,0.4819328956263059
0b0930b54070750a,0.4916327608082707
3d97f118d250279a,0.5221694656276221
e9de0ad29a82a54b,0.5078088322933976
9485f200c4e02805,0.49893246481904974
12d95850d018d3a3,0.4982113062538732
ddc866b96dfc3aa3,0.5177496582950812
45a33a8161cb4b46,0.4923861890383097
990eb9e1c61c80b9,0.4971189461276276
378b6aac03179007,0.49307293609776626
b6ce4df0bfb4d3c4,0.4844747470735098
a50653ff586cd76a,0.5087377441929496
65cd9ee07cfab83a,0.4914537653505344
d2bbc0c9f79df720,0.517750707298539
82ce816296a1512d,0.49123680803828496
e502c517a223aa14,0.47856417976012233
71d19ea693604e1d,0.48350967167645575
0d037e649d83d735,0.5060257566697789
6ba6991213384d83,0.5236494774665741
4cac0de9485495fc,0.5220631116906049
9a0be358e968c623,0.47577000462212704
f1ca34616439cd54,0.4743435352090566
e301cf1f2e4c3681,0.5019736771119538
d614ef3ad50cc2bd,0.5196031004154944
c0b33846eed21da4,0.4709252601861601
d4e499c8cbcbf2c7,0.5197221371656027
112d556866bfa77d,0.5147277468887618
3f5b776bac1c2a71,0.5121757566474995
97fe9a981d0717bf,0.5039742994007173
ce3280649c6eb5c9,0.5151923708546531
7ae7079159ced82d,0.5133326036525256
f1eb50e28869a50f,0.46608385453684803
52c8dc366cde6d2f,0.4754503944266437
ef14064579612c4d,0.5206463916338302
7897eec02201ca6e,0.49906635408440403
321d33ef853c8fb7,0.5250802563523826
96766da6bd7c3998,0.48983336059308547
fdccd120c1ead149,0.5122771719472368
288252f0e770ce50,0.5168540307140937
d4d977f5a3d8f01e,0.5207750020445671
62ea4677a492334c,0.5273805805816512
d1f182b83a420b6b,0.49057397736854436
0a8ea601fcc75d1c,0.5292511014544019
27930c385742439f,0.5253718839186313
13d12d929ca71339,0.5236039266451139
159b4f9fc1efcb55,0.46977138413936925
94ffb2f9a90b358c,0.49757565379531965
68615d70615e3b37,0.48095504593163707
d4a40bf8afd7e4b4,0.47520806071353155
e3dcfffec2d51e7e,0.4676868630942097
10366fd321e0ad43,0.4905143472552415
80e3f13b4e86e5f9,0.5236031748545323
6272a9e176561590,0.5181824802347088
14ead2f08e775ba6,0.5095085601534608
08ecd3e0061305ed,0.5080448009503381
b91abfe0273da79d,0.5196720287812666
0c3efbd8c39177b8,0.5120841232868824
e9e21b290009d63a,0.488072032068341
c188505410fa547d,0.498444719366455
768d9e0553a1399e,0.47672783774260596
a9370f34870acac0,0.5310193637900138
9f6dbe29c2020549,0.48213548161980435
6da7088fbbdbdec4,0.507851870813179
944a046635530efe,0.5262640494408203
55a97e1488c333a9,0.48288917736593934
bba6644aefeb263d,0.5150690872353202
750f5d2c63709654,0.5246376209585095
b7f5c550aeab6fa4,0.4889707977342151
bf2efa05075a9f6e,0.4922051578275557
2987973344ab04ce,0.4886039644104791
a97d19edf8f608bd,0.49341514696889915
6138ff6754f14dc4,0.47480522628199323
87522437573af7c1,0.50627375274894
57cc4278d6b67c5a,0.4799507650382795
8f29d789ebf40f9f,0.4771198295365739
15e17422c43ac280,0.48037795513811876
57faf77cf5f72f53,0.5068578272507034
febc8ada0a8d768d,0.47440554351551745
86ab68be69241db5,0.512681526098822
5fcfe942606240bd,0.48966778329679506
31bf257f6a4a70d1,0.5172877108012098
a09897cadb789dba,0.46658967820433195
328299ca9da15ccb,0.48667748913791575
c95184d7971b2960,0.5223230111246386
6ba9df085d34410d,0.5313291007572267
396ed8ae6d33d2bd,0.5166463984804737
b058bc3c8a9fe33f,0.5323994250499058
77b29cbb7ea1ac6b,0.5244468201891489
c8d191e05666d6f5,0.520045501746708
c4d716a53ad99b70,0.5016603397580384
31d17f992245249a,0.4733740445701919
aa459cbd8c781f76,0.4987039291027075
7ba0185e8220f22c,0.4840886135881278
eb077a940d0bbcbe,0.5124174988688899
9298c80a21191034,0.5036843387256433
037747626ac5db4a,0.4827722992930905
8ee7aa8b54022319,0.5272996466720685
a2b57b918f2661db,0.4891393639905288
e703b056b17c6038,0.4953263586671136
5d760ec696eac629,0.5023073579085844
68589cc32366dc9a,0.4911295733452888
83d1d02b456e13c0,0.5037028876982528
f5ea6585ff5edb0b,0.5301955697315635
32290819a9b6b754,0.49363414231866587
f0cddec42ddbe07d,0.4736183375287233
41d5134ef4aa43c6,0.5090265653483406
9a422d8246e3f97d,0.5054046697449996
341cbe1cbd51048e,0.4802301071555394
3d2c0583f01cd72c,0.5130554524937206
870996e4835ca83f,0.48368206398106856
28b09161f3b17dab,0.5104955301050081
051b367d8fe91233,0.4750991896556215
9b8aba50b3ab95c1,0.5231117938291434
ff5577bdd79bcd6b,0.48552941243802883
92e4eb0a0d4c41e0,0.5171210476461257
575ace0896b22257,0.5316946188090577
a16f31da04bf60c4,0.4845522257537991
cbc13a2671d3578b,0.4766827032330553
876ba2c5e443fd41,0.5172425165964691
5d5689e87dee129a,0.5254080123517217
71a60a6dfa7e1760,0.5196535648527089
f2a38a0b81dc90e3,0.5186444060164086
ec97de286c2686f9,0.4784006197437658
b77b633a5106f906,0.4877279433060222
972df202456969d5,0.46931694116136896
5d7f4e9617d1e7a2,0.4713782120200666
196dc3655d9d1d79,0.4802376520760325
7b9da0adcf1bf365,0.47469059603844116
b9d78de840ab100c,0.48355232007295307
803868566ffdbdc1,0.47154946929173314
cc5f60c8c3c2b5e2,0.49012277181260044
88919e17cce1dcd0,0.46684036305376403
88bff82c05879a44,0.4833718609502421
aa64759c290cdf84,0.49272695635766106
b224a7d8b6f39ab3,0.49850871671451613
ef11b15a28910cae,0.49063643676169366
7e08eb8d4482e7e0,0.5088193047889144
609b606891c6ff2c,0.4897624884129771
07ecd08d07bac830,0.4952132119532282
aea578dbbc154142,0.5103796216111256
9c702ee77f731a28,0.5021536548342272
74a102877446027d,0.5267035423641846
dd13d150ff97f653,0.5198896483156057
36157f72f10981f7,0.49915498161774774
808639f0db0c51a9,0.49738922158377347
d809389ba1350646,0.494012784045727
353512ba78ee6085,0.4706922182901867
207ae6c9e8f4fabf,0.4932774441437291
333ed3894f0f2865,0.52038171929756
c8e41f868f963ff6,0.5140182669183214
c0436a45e3cdfea0,0.47842248502650214
497bc4409ccbba90,0.5258336718248713
b29f7d1224fd0321,0.5054361356910465
7795ac2497824361,0.5234766240203901
28bd2f25cefc0467,0.4890531573000471
7a5268c2c0ad3fb2,0.4986986885053168
9335e306e6ef6c17,0.49366502207721163
380dbd85787bd38f,0.5305009478822191
4df3a358e7ec87b0,0.4694370599467761
b423d03461c67e1f,0.529997384642199
8d6c8b00790579fe,0.4850360263024217
75302981ca660bf5,0.5069880273337886
34fae39e3b6350ef,0.48745291553727044
47ee9553918d83bb,0.516961741163974
525eb09cf01d4422,0.5040212468860197
f285090a9d6de2ea,0.5242422397401463
9a015d0a0e9dca3f,0.5052408214601054
5b9ec24c9cacd921,0.49073962093417345
80f6887bba571ef8,0.5028275195305002
a0121be4cb97ee81,0.48453665451580263
98bbb1d875be50a8,0.5152193139680437
d13d14d73f638740,0.5074328333227078
b2c1f66103087339,0.48989380524787074
ed544070c1558a6e,0.5052466458062552
6dd8a5af5647059e,0.5014772355001974
ec707e8be77e5bf3,0.4965265128562654
435ba973814b0e29,0.49625228616193107
a003759cbad0ca72,0.5018147210425543
4c1f413aeaaeca8d,0.5004250380601394
febaa69039e2d424,0.5170245201265609
1a7702c55d1c3c6c,0.5299745971363036
747b48174e7e8cc5,0.47815239683248056
e73a38787bc7abf6,0.4949727366419331
591163e5c881643c,0.528403344946063
95f08a028b009350,0.4961982791223134
74cf8eff69e3ee73,0.48564897570786913
44639b509c809540,0.5113101852998195
abcf4a1f567f5b1e,0.49714514838964197
987d6ffc23a79a57,0.5167598554081456
e7aea6a6f0d83afb,0.5055973358416554
d9d2d9b2890a7999,0.47849312307197156
deeaee8dc56ee2e3,0.49307458313967356
ed44fe0714d05825,0.5031461783733129
68d0096d6964bebf,0.4938713976784137
8d52d8ee49e4e8ec,0.5260196900278595
b877123e88a6a266,0.5254877949935012
8aae92b438c0c262,0.4819116447574077
40864f11272e903b,0.4955198563335993
7583bd973a7787bf,0.5294564863300208
209764663e3680ab,0.5181272638293628
1802828e130f444f,0.5300623008543651
c7226e4c37f1c216,0.5158642515787554
cd0110875b4d057e,0.5021579218474934
b66e634d66bc8033,0.47174182190123826
644bd7580a1fab58,0.5020126334298547
ceed54b1129eb356,0.5000739812725878
4a02d907bb4803fd,0.4921865909234245
d09af6dce02bcd02,0.4800385906814355
c81869bf2ef1408e,0.5124951491882743
455bd62f0c9a8b18,0.5155474743375124
8c648fe7475ba2a1,0.5225323884451282
e7c1606cda3f50ca,0.4917683745965707
386a0c809777aa8b,0.4963983736316996
882d6e6250d5d648,0.4966289415449181
e73fd396a2d7e661,0.4846696297482629
e1293605384c5923,0.4644485561500168
d8e5a75d55957e5b,0.528299838371229
75e6395a1cc7d878,0.49968922481943373
ecc995a8d29cc898,0.5210614400710474
ba27e43ae6b021c3,0.4866597176080929
075b11725eefed48,0.512652347378978
16e06a6abad58f9f,0.4966848214936959
039a18d8a9005443,0.5286808845040665
166eabcb1845baea,0.48698486269866403
150f221c402f471f,0.5175008112612631
2af5183224226208,0.5081218859683398
30a31bbf87301908,0.49421982139429543
95c87aa909d557a9,0.4655989127118946
d70eb57711fa415b,0.5244836812096572
9464555817eb4951,0.5205892307697582
8d4e5d5935a1a663,0.4654151658875717
289e3f76cc551091,0.48521279670387685
8646ded190e78433,0.4967164919735745
f2e3c326fd923449,0.5054498242357809
83f8985c38ecf25c,0.4818745421283651
8b698836d194ab64,0.49611513406224805
74a48ddff930321f,0.49019134010833976
79a5efbbc2b4f8ec,0.48310287825519754
6e88ede348b8871c,0.5027734710596923
d98b06d0f7e1b8d0,0.4933995529527457
dc56b06363e3abc1,0.5011041619742737
b5355653b987b958,0.47646804286769984
e5bc532f235bc0d5,0.47476489067649974
153cb69740320d37,0.48916512381199173
30ad5d4441533a6c,0.5132233216966102
05ba774a4ce6ab73,0.5260455677212725
ba467da19b1f2810,0.4759053664111043
9ad04a6b621bfaf3,0.5186264514626966
f605e43b08e76847,0.515022165146866
fe2d494aa36b099a,0.4811931474970933
1e5a8f5e21430d42,0.5045099300288467
9b28fcb2ee487967,0.521893947803727
2f1c0ef6d36a75c4,0.4888260024120064
37fc5525bb7de5e9,0.47956981700353174
d6538f0dbb2a123b,0.5197652743747361
7dde59a4542325aa,0.49013805432447366
20c617dcbd71f357,0.4904200538888249
77f00b5e8f833d41,0.5217733258885725
869a14428379a740,0.5012072285987124
5fe5544f8e236559,0.5152349420751687
2d3681cba05bb562,0.5180733507712799
499be0abf97d1597,0.48399936648753994
5b423761773c3a6b,0.538212453492525
57cfb14bc788cf66,0.5224676115308786
bf8ee8443882eb4a,0.5166658401319901
400e3c9ccfed951c,0.4813630302112639
95c34bd334691146,0.5127825276333613
441b99f616030e70,0.49615285953361254
d6449401e78d3385,0.504998100113865
ee04b5380c7d4f07,0.5083732380630186
47350f4648bd6090,0.4781665883167301
3d184c420016986f,0.4883081157763116
2525af5583075cac,0.511575043573444
37055ef29f0a3dd1,0.4883721190695557
741ca2e53f728930,0.5331338894795797
c2060532831835cd,0.525145394450637
bdf51afd82ed739b,0.5041391549442533
87516eb4863191a1,0.5179785068867464
034a25e098498861,0.47907034338615956
2beaa963f217969a,0.5229714524275678
6b03ea3eb3783933,0.4857211382103371
99cd56ca4ca12f1f,0.4881111984813648
42288d86bd56d80a,0.5064314569828564
a5497f531ca73858,0.4718964150289564
6b8797ea062ce398,0.49572582977033663
1514a9ebdc630056,0.4990311311014818
6a47264adc77dad4,0.49032416702656534
4cbd1cfe1be11280,0.5243252693875691
555f489d111c7db7,0.4883103529131911
d3d1d52e817c754c,0.46449601497246945
80c2b83979b319eb,0.4874483743309312
b601ede8f1d5ecc9,0.47590494267499983
ac4e394f11848f01,0.5137138370611978
a5d564228af285dc,0.4881596504904217
872eaff0cae2acee,0.4830632785910344
ca524fe71b6054b7,0.49921398962737806
092fdb93d96ab75e,0.487994059322609
b1224feb365fa8bf,0.48871606318517846
b5883c6e74b0ff0b,0.47055563140448214
7aade43a31d09f8a,0.49177913606157075
585ac3a63ccab1a8,0.4851971225554312
e4933222bb492af7,0.5011915100901871
d4fff28089f09f7a,0.5094044886594221
1faffaa35ce84d77,0.5107376500571724
27afb6fd6aac442b,0.47669327536737083
847a053fb85c500b,0.490804662613865
9ad6971bd0ebf223,0.48744571473815823
a14e1a04f336c6c8,0.48715470072541855
50698da7b2db2350,0.5107236289660831
15655e2cf84c9cb7,0.5037112779007146
ef796da1e5967ff4,0.5190847864944088
9331c7e2dd294fef,0.5007494348871357
b7796a59af546a3e,0.49277593289329724
d9279cd811aae7c0,0.5021958917431708
df81c08c47af6c59,0.522882821362076
1b9dcbf8b65b1a52,0.5093740172487428
dd377f760a65ba2e,0.5161249259619919
995b4a4b97e53e5d,0.507687358964287
13b533f79e5a5caf,0.525966811241383
d4c903b8efe43c13,0.5278991393503589
4fb9e1bf5a2f571f,0.5162423255331298
ed595c03e7747694,0.4748703783803052
73e9645c3d48fbb5,0.4723725283942899
a4b5405b00736981,0.5110199317357946
2a653776755ba7b8,0.4766782003542088
158fa97bf999e010,0.49815692562231617
a95d0a261a3bb142,0.5025887630626072
ea46e88a59d4fe5f,0.48272739939975756
6496d7761a0c6190,0.483168460105063
6f4ba984b6dc3289,0.5023505456714816
5afad3e6c2fda712,0.4893778142275136
02effb9a084a466f,0.5051330337622639
f43a5e53fd455d87,0.5219558140616174
49bcb75b2ef9551f,0.4691363354707886
b21c8167caedde33,0.47767829316007465
15d2bbcb8c316442,0.48140292358528974
523bc8b194fc69ce,0.4843461236532935
d7b8e5c99743aab4,0.4870259439061959
3ad43bd42075bb8b,0.5183089398088354
812b9840da2dccbb,0.5245614911766561
e70b5a521c308e83,0.508516435695708
3c45ba8ca9f6f412,0.47244570090262583
7f616f8d83b3eb18,0.4926227767329292
26c592e1845bb489,0.490582256098397
68d37c0a802b47e7,0.510662706194507
d8934f60893849d4,0.4877303104262982
2a3dc482e2f9765b,0.4971778921815616
016da23592d81da0,0.47820116160032183
4fdfd4d0c0f506a0,0.5119618747309329
729fc49d981fa3bd,0.4980000570764986
15deccf643c21df1,0.49728642492445563
7daf2f242a027468,0.48741480573699025
d51a0a86350f7add,0.4815697009070816
52fa3a33f632aec0,0.5175857355711488
bb4d95ad5da1ac87,0.5019796708178405
cd23dbd0e165834e,0.4779746699180939
ba39191a07cf9e7f,0.4962005488625831
9ba5cac296310d3a,0.5303478819655814
d322c51efb437d17,0.48030460577901257
3af739b2f776287d,0.5255026175840312
85804c2e9c6d680a,0.47340580445232333
cb0cd20b25649838,0.4857334383414773
12c942ad8a277403,0.5122115616722331
289e502cd91b1547,0.5100404126820743
31c382a7004fe972,0.4903875276830615
d169a1c279a46015,0.5253172610015876
f9b4abfb6291393e,0.5018960010889504
6717d92d92048fbb,0.4955113397484411
469f41c8da1eeb41,0.514578281475365
769314bb014d1235,0.5127687855888353
ff2e280d521989fe,0.4830146932241024
1d52653d4f3c35fc,0.4843394442547836
4c0ebdf6c9dd9fb9,0.47447159222934254
8e182e2e4650cebd,0.5207956291216964
f55714d17852a183,0.4837178031957629
f2e291daed34f717,0.5082942959268384
2fedf01adbad6180,0.47106543879357854
7079029a20553569,0.49778782532438864
7214daf28cec2f25,0.4808768056063983
3037ee52ce757f35,0.4682948795264967
301594a1fbd58308,0.4995609500793148
971dbbb99046d9fb,0.518259619580269
c7647059905f4dd4,0.4792814584275925
796f7cb75fc0eb55,0.5237069121021234
bcf00da3386bb946,0.5155098681314199
9fde66ee9b59f95d,0.47162733551774677
752d3e65ebd63369,0.4867927637268773
1a6bbae0cb804476,0.4971537771380721
03cac4272e7b8e63,0.5203107255128383
055fecf2717f29a3,0.5076290240611101
a2aa85d0e1bc4e6b,0.4925440236275178
ef9db57cac44e529,0.5002954721236214
8c91442db55d9d64,0.49461948388305277
7cfa3fef2d1a1dfe,0.4763063937897945
56ede8d9842e0590,0.4652940448855316
fc74e63ad196960c,0.517270118655158
342867ccf7337815,0.4801730373372572
866f7ea3c4be20e6,0.512960218554455
f45494a74c712731,0.4971910600951914
414228464c8b74af,0.5190919222992518
e4a3f7a35452e28c,0.5027477481415519
c1eccbf012d9a361,0.48671363215889835
a715e394b41f3a16,0.47959746610440207
26a24b8218ee00b6,0.5349027683318663
db4b58e70acde06b,0.49063456159031327
deaf015c1e137149,0.48924857631805174
9d4fbfbf523a0472,0.5287125649599929
ff7e2911a22e8008,0.5128786458264782
30449ce55b14d344,0.48089608347146584
b930073e02948360,0.5060557247844721
9326674b4c828c15,0.5092535018790136
a9b474db35164846,0.5103419808941803
9183d88dcf308c8d,0.4865669261570228
47c8c6f64cdc0a43,0.4980113061013447
2ee4722095033329,0.5038418877267018
cb8a02ecca44027a,0.4820786025358116
1925e9dc63237314,0.510089100433318
dd36f08b99fcfa16,0.5173541004864459
9bbd43f6f760c243,0.5228542396301201
a766359aef66a25f,0.5082692645128275
4d10a4698fff400a,0.5140627493566383
44a6285639d7fcc7,0.5019743929109561
a64ce0de598f4714,0.5092765687605227
8c887a6a554fcff6,0.47199777933448217
ef3f3402f7530e37,0.4643195333691176
e9cf43bab751f410,0.4643299921816302
1245634a78a3136a,0.48972335766076847
7c5ed75e73c20133,0.48244434103756384
ff7628423503cb61,0.46799296679197994
55df3baf4cb22442,0.4828889084633767
20497b1ff5df51bd,0.5145051733391875
fe1c1e2e166d6943,0.49028858541320475
0a6a2ebc3b004ba8,0.5101268965013738
ba16bc573e1d9a6e,0.5101070601524325
41ae92fc5f37cdc1,0.49906625811314387
ae05071f58d92774,0.48652006562152095
a8d4083bb2383da5,0.5198533821750081
92cf17c3d59c9b61,0.481722407055316
f591caedceef4268,0.4857797557727742
e3d006785a8a409d,0.511904108952633
dcbc913499301796,0.4733791850112152
b630e1af9fc1f3b9,0.5286879859900023
7d6a1e459131bf25,0.525874521326223
5f891649affd8c18,0.4881450359247408
7dc102adb7ad6667,0.5032808712495132
1b8c16064d0dc4d7,0.49648407387622495
8e5286a9c7d73ad0,0.484775289459631
147e554cda420ba2,0.4938920555542988
18517e2df9cc10ea,0.503458623744125
54ca2e9aaea55320,0.5236231302099615
a923278148853286,0.5125782296790938
cfb35f11977c3be6,0.49438226886451636
aef8a4667274a47a,0.48371187632305596
2c51172cc4d5eba0,0.48233491374600335
494446d84318c9ee,0.5017574088085366
aa652d97612fe50e,0.46906546942780897
baecb9e5cd4b2907,0.5189880854951245
c29488c64d211da8,0.4904495541935392
28746b4c4b26d721,0.4808746743928339
8a45d03fa3989bff,0.4849167732617923
462b3e544fe612a2,0.5124093127855196
359614f152fbbc2d,0.5003346427783079
5e953db789137f0e,0.5138973909695601
2a99aaa9555b3dab,0.508434080440091
aa37a77bc447fc0a,0.5309417338940212
8c0d7f3ade155e48,0.47864172993170834
45b05dd1071039ab,0.5315886311100508
7e037c271c23576a,0.484377855386209
9adb38d0576dec06,0.5070862057547452
532c84dea557da7a,0.5149459025675512
6c302b9662d3b5c1,0.4800231277900715
666231af023e8fd6,0.4780317904306718
9c06ef2fdb037a79,0.5078883164900763
65230a28464587f9,0.48916022583469065
b3ea4baf43182919,0.508456416058952
c1f297271ef8cab3,0.48424844038775816
7c58e1fb77913d4c,0.520629436138212
00ece1c11b40f8ce,0.4784984673133188
a820b5633583bac7,0.5166763255084511
b4e9165d8e2aebad,0.48751827203231
85f20d358a8d6ce8,0.5007343016749339
148fdf734e431091,0.48811613022744227
67708062cc529759,0.5084815910536735
d764e50c36756862,0.5149765464707996
dc093657cc4bfbc2,0.5014928260236203
08c0597e111a2388,0.5133709844324982
58fc68c0720d8cbe,0.5001323314543196
387b7309eb20b505,0.5078432125821939
cca31a05a820ea88,0.5272041236450673
be7e5b7b5839a348,0.5065423316171309
ef7aa159ba83917c,0.5111247876203775
3dbaccedf2355696,0.4791187036861848
3774263bf5c9a393,0.48657276490597384
e830f76f4667709e,0.4983299028753503
c96965b10fe9e8ba,0.4798490163215752
aea0b2d75bb410f5,0.5045672999340528
892d778bace3f693,0.5035422539715673
f46440975132762e,0.5319024781781451
6084fc419fc10f1d,0.5272892779987441
c6fb1852daad742d,0.4867322509432771
2bd09ffffa247f82,0.4768513533954552
5ded576ceda86075,0.5019176912090126
c066afacb3fe3a52,0.5174925386976741
21e99c194e94917b,0.4685555168744481
7f4eef61767e4c67,0.47328686116104
dd19efa057bdb4b9,0.4745750854964955
2b309ca794e9b11f,0.532491716730283
8428fd508cf86cb1,0.4938073518280109
bd059d7efcd14494,0.5167509050251449
7fcd9aa10e5ab5aa,0.48570432834513794
9398c438c5fe8b90,0.4848093546520157
7401e49aee3edc69,0.502995922711593
0520f17da71602b5,0.48966184996990564
efeb31befebbeedb,0.48654294179102014
df3fd48fd3b3331d,0.5040622499681232
14e14e2218536077,0.5055401556047532
1f92d25274d4f038,0.4936543635020949
7170ea34f6161e69,0.5058136354185518
04b0152464b775d6,0.48941217407406645
7653ee403f88ff26,0.485075131416136
ee84092d5d680f67,0.5245731458398457
c41b6329fa5e7012,0.47945319946131737
1514f652f00c3b36,0.4684153124485858
0c6d11c69bcc6f46,0.5108325811691428
382f75d2edb9f457,0.5126669940561879
ab482dbf08ad90d2,0.4932043437230932
5ecd94cb7901e72e,0.48522768397162214
176da975d008461e,0.5209198261346748
882d984b9b9d8fb6,0.4913600787869565
efecedca199bc74e,0.5050559657400475
5f185fd802f0c00c,0.5001460345955151
b7be75c69ddcfdc9,0.4615849940685274
4da0a9696b2e9612,0.4950570316758801
755bd669f9bccb8e,0.4897347059370938
dc744a1038657389,0.48604521522110805
f5565f23a877bd69,0.5062305877710551
45485cf629983a40,0.5260237096793543
9d8248668d721756,0.5070175749223303
7e637102a104b616,0.469721784780263
b9095cbbb40751d4,0.5094358117394141
b6f5bc351054c7df,0.5023983663137603
d08fe94fcb0dabad,0.47441193433529116
edb4aa5de0832a92,0.4878789420076449
b142c9c1185e5f66,0.4843549922159063
1473309b954d71f3,0.5076022852244807
b604a5e504b627c0,0.5269793497419698
d5d6a72d9d2c827c,0.4772700154567901
aac5a801e8926a83,0.4962017582831531
45b600cd20830ac1,0.5282213856663678
8b6f8e193f28c495,0.49596919112435073
9cbdc55a60ad3994,0.47181496047455884
59cc8f62d55aab98,0.48169329068191546
42f81ab5abcba09f,0.49875365382993864
758524a5d6a74122,0.5209080746090472
0acada29c4de07eb,0.5021308403719227
6bf56d0ceb2c1ab7,0.48596570273639517
03b29070bb68828a,0.493361717462077
2f553bd8ba413efa,0.4731198651665405
c3ea0fbb29a15317,0.4973365954427233
797edeb1c8a9c95a,0.4931046192512188
beb71749be71fd3b,0.5055824725997158
c660714dc6059849,0.5046082445086321
549961b37bef9764,0.47080071475701013
dfac78eae9821675,0.4769738178100475
588c204b822eb2c2,0.5168648050206205
e96e43deab9b69f6,0.5085023735967379
9c9a726ae65647b0,0.4706019247122867
58f635ddafc61c78,0.5390219840612884
d40624f11c720afd,0.5357241139792177
73575ac328053efd,0.4972063772276012
809a4127b076294c,0.526457554104764
d476e643d990be24,0.48054787579589014
4d04534027759be4,0.485498449258403
72c2c7664c8294e1,0.5304944182923803
d3bea4fa475618cf,0.5162816169732318
7af7100957117fae,0.49426417223652686
bfeae03c16252052,0.47087481145595106
dab19b0b61104952,0.5185177397781927
8b72f86a4e6a970d,0.5098312351567512
c775b6de816c5092,0.5121821067627356
0de6dca19e114646,0.4920215764400745
0ee2b0fc31b7cbb6,0.4833567037156622
3363b132efc51b9f,0.520972686662293
ee924a0428a40a76,0.4703379807937513
ac3726dc72e71ad0,0.4912808345278541
374584473bf4cec4,0.49387570023938393
e6b8e496d903523d,0.5051010934149515
8fe009970d6cbeca,0.4937394746542231
b03e574c8770e9d1,0.48828885960627777
27905f95e6931f22,0.49395965184432633
8099a0f72ee1a1b1,0.49951715566782107
5fbbd8a6f4ba3669,0.4740289548200369
24033a02989369f5,0.5153591724850282
223faad452bc6598,0.5172415163627065
c5c13adedfefc67d,0.5113029103118847
ec24ebbbc53f73ce,0.4630315032589679
3a3e4d31cbad45e5,0.484823283991228
79763f9ebecaea1d,0.5086346620620205
46806e41926c192e,0.5179544365975113
a5cfdf6746ec5cbf,0.504713117365007
0ddbe3ef0aed551c,0.4788356168354419
b641fe7061b46442,0.4778626865251888
be98835c447eea49,0.5190438240568598
98aa4160c7876f0e,0.5335980566672425
0753638b45dfacf0,0.5157229087883137
e938301ba66e78e1,0.4875556002783901
64b695db5b68b91c,0.4998650709103174
2797a5b06b8c68ee,0.5074602608099845
aee53ec38b7eb6f0,0.5007922710821775
d59b57f46a383c1f,0.49548481127257415
8c3a505dd927009e,0.49803717933544195
436e01defb530baa,0.49093725287473333
2f54c0acfcbfd646,0.5097068255567803
20f15dad96dc92a0,0.49645367510851796
8a16a230e343a296,0.5039761604606429
fc511072e8631203,0.5038450937913026
5d976c71ca9049f3,0.5019858678459003
b207e579713d5841,0.5241613046137635
ac03eddc2e2fd2ca,0.5001191596777775
6b1e6ff0118fe59b,0.5213467704922865
2cc92c1f6bdd93d0,0.5014221042074551
f651266acfce6c0d,0.4979931052398501
c3b49d19c43acd64,0.4774407481915949
05a27ebb8a82cea7,0.5338505119112744
f32c511446a68874,0.478323055644102
108d6b400d52aa73,0.5143352991957465
7e3cd0895bbfcd9e,0.5157994688804204
2245ed07ee31662f,0.5089181385596102
c81aede118be0e5a,0.49522575050180156
d664a113973613cf,0.5147505468420093
2899dbe3769e8b1c,0.504879196039538
164d8c33239c5511,0.509444259842714
e753bb93c30cfba0,0.5078304931896892
4493eab669361ba7,0.4932282888190115
4e55ed26dc79c3e0,0.4898389387411362
1d2f7db4504f10b9,0.4881487076142215
9749ddc8b2a3a385,0.4795895317152975
9aab93db4ffdba7e,0.5262607773365306
88558205521546f1,0.496308830288248
02a8e05f667b2fa4,0.4811619611820168
f95b0bb67413dff1,0.5038171485178344
b821f8fa7a26d286,0.47243657525755023
bed1456aa64d60fb,0.5116925448896448
685b1294dc5f8cbe,0.5270813490903818
79a0510c936f5eb5,0.5125360942889909
07f28f119366b484,0.481434258658476
949af0edccb8d159,0.5093188592326685
9965f63ba2d41ed4,0.4696461732901729
f635cdb577ae5471,0.5209074002446625
6419d144df4c87de,0.5093607812337189
bc7f2dd2340df372,0.4756220967489839
cd35e912794bda2e,0.48334134027115105
abf3b6dbce73db98,0.4936767616850523
4eeba8a4c17e4351,0.5029805131657782
f612b9af4ce98bda,0.5125003218762167
d8120911733689b5,0.502031603297083
723bd2532e39f731,0.4866888910528509
3889ee7a1f5fd62a,0.5122122541412337
66ffb196fbbb4006,0.4846310062252183
53a1c51ae93d0e81,0.49539308344712984
0a4f5ec5f9339110,0.48943727641381896
34416b6b8b600a61,0.48697956269400255
1e0b561b5df0447d,0.5205889422698569
43e848bf56ec0bb2,0.5047619684708214
1ace2be427eaf92b,0.49602935720900987
e24ea459233ec078,0.5292770265190465
e019c487befa7761,0.4698360172775346
7734ddeb14b3d277,0.4840175341183922
1961aba76570acf7,0.49421009904068147
276265c86a0e2a26,0.4820067709378753
4fc5594c301766d5,0.5068658613780074
bfd20f3d76573073,0.5013142460140366
8526753e065f5b50,0.5119734127166933
5c03ad68783d0d61,0.47761734858720933
9c83e80d019e0f5c,0.501978064749538
4e6019e87ab5ac6c,0.5208389065353481
dbf6023ccc73b0e7,0.48733940266935116
fb35b29ad551c9c9,0.4815111261520185
3ab9a4e335cdfda6,0.4928277984433869
86fa9d51e632ae1d,0.5049735647156046
ab30ffa9ef0220dd,0.5288869671563344
ebfe496544b5a6af,0.5103022380691883
4cb026b93d1e4edd,0.49915215020764436
426a41478cfcfc22,0.48432597550529766
3e16e5f885a5764e,0.48504057217887436
dab52f137b1ba008,0.5161640760801758
a7e545c29eee2bf1,0.48111027845701493
6a50159c50f7f9d0,0.4704981543163158
ded3c69308607da3,0.5111449630384084
921388faeaacbc80,0.5261278532233895
8c90e1ab4a546bcd,0.49703315955198446
31b1827fce88917c,0.4770441049371925
d97cfaa40be224a1,0.4727511132676466
b4dae0ea6d15a25f,0.4965134801274247
ffb033e54895ee3d,0.5210154825246924
2b625e5d9c22b0cc,0.4976133453196723
87605745817d0ffd,0.4694178180304426
9717417666a66daa,0.48904987864217436
3267d4ecd26e96f1,0.48517151315618096
3399800c4f113d8d,0.5313709583192802
f457366f48f27702,0.48371861208855005
5a6c4f9b661a0ab2,0.5197196185262802
76628bf9d8b6b0e6,0.5316563775617928
997a5333179da7c1,0.48320721059521066
044dbb2023ecc53f,0.521183639272895
737497734f709843,0.5223916207007535
fc7d05c3ca74b0fe,0.49564406680164574
f5b74bbaa8085255,0.4822055484032839
c1d1e5c41f539d03,0.5100523765513345
86f9c72ffb536f2d,0.5244686804555837
95b9d46eff640109,0.4908936884401924
3aff516939a3de92,0.48763805398342686
23c1d6b14d960725,0.4718554498818846
0b0950c974175a86,0.49588283439040703
e94d8ce0ed816caf,0.4926459226447546
037bc4751346a482,0.5215561612198576
d43c5617c5e69df5,0.5231244510277333
82c6f27cdcf850e2,0.5284448611716654
7652727437cf5e6b,0.477793003306269
86f089e7c7ae0d75,0.5286324774943376
b9d7751ccd00d9c9,0.5287329973113857
0a079836e9e1ac2f,0.4987247935672743
90461cd0e33baa56,0.5162293649159826
825b16c4984f4382,0.516257155172532
9054cbcd60dd433c,0.4897838249908825
770e4ea8a1273a1c,0.5248394817030952
518ad8ed2ff052f7,0.4971797375224851
f12c4df4f05fb6c3,0.48971825038869055
95a9d1c987aae5f2,0.5079035182286954
1d60b64e1441c91d,0.4966988723484038
84ed70c1cda568a6,0.49318624304538694
3d6e8f3a5d06c7a4,0.4944919314663847
eb1779538632b044,0.47803056434508046
bcf84068bc4b5615,0.4815353335335054
3dceaab87e5bd6cb,0.5091578630212017
c86b418e43874d34,0.5004485056476667
95397751cf365c4c,0.501243089068404
e80b64dbd916f780,0.49682592826088734
d2a231ba481924eb,0.5054874323407672
e86aab1a495bc94e,0.4780319090926852
4c088c5147f6cc2a,0.5064869765599721
746c9771aa5c751d,0.49053303619586436
90005adf46be6af1,0.47624102263316936
78338f5a63e742f5,0.5086490213841497
9c3f2d29681d0d34,0.5107314556495177
f93fd851b68279a6,0.506563671843723
afed2c838b247303,0.5237689649914583
995d752a3bf1fbb2,0.5034962629700619
33609320e5c7578f,0.47799711743287365
1ecda15121ffa27d,0.48073838776886135
47b2accb2f516cd3,0.5182521801854882
5571f2482997d163,0.5089952534937591
32897e94a9feeb0f,0.5259396673593859
3d5fedc7f245d35f,0.49174554850439833
1b4707947519036f,0.5151248658417789
3cee4d33cd4686de,0.5034291087675424
155f6d74191258a2,0.5091979427558914
3ae6a0b3d379dce4,0.4905992054911622
dab9de12664f7b0b,0.4930709656269366
cc73e04980d2167e,0.5020579638905113
be7f0f5d2c65bf06,0.49199250611142187
dea114b428048ebf,0.4810857565001124
deece306851a2a78,0.4953119986234733
d1ce358b8f732eb4,0.4748496571708264
e025d916d395fc1e,0.5032257302069452
f50d9be3d733fdc9,0.48131990965858285
a6c0d8fd193f76fe,0.48451995647282864
569e045332c790a0,0.5027510718261738
977114ec6d208ff4,0.47648007512113155
17faede0e698eb93,0.4831736065341143
0610c3287750d822,0.5071891333657584
58e6e26dd56a60a1,0.4817184283722847
bc263b5b32d9ae07,0.4851311798111938
8894323cc5f185da,0.4742778692611589
e8229221a1595393,0.47449643974371103
63c589b1e27997d2,0.5132268055841189
fe21e0f0344dfca8,0.5044285447120949
7e0194535136acfe,0.4862839831577713
cc859709caaa52f9,0.4802068947618635
56e7153dc35c0573,0.48659925153933786
c76e1ab42940cee5,0.49181520907712384
2ed46ca4b8d10516,0.49357032090106273
ae2f86a0a6c3b696,0.5039013976561344
a05d11d463a21a32,0.4861776986914771
89e7dc0647f4db8e,0.5025303196448452
80934ce845013628,0.5006600872240091
f66422247e89d830,0.5035403184811729
b0a301739cfa2228,0.48898027451355414
42b93c5a8b628ba5,0.4795213940400098
f74f1673a45ce9b3,0.5048902521432821
2b76aa4b82e23768,0.49320841460701803
0d6190a27ee0d6ad,0.5107655862012115
7492fbffda1eb950,0.4846726881481602
35355c2d5692cdbb,0.5155119651888884
de976dafed9c0fc3,0.5138549170673538
e2601be919261723,0.4820398685341636
f56a91dde5defb60,0.4848562352064515
1a9c207021895aad,0.5255310434233149
86ec8e715d2efa2f,0.5088015810450632
7762b73652848f92,0.5049822415002222
ccd34b74bb18d71e,0.5187111133327712
eb6c259855aee52d,0.5122654185929812
7bfe956eabaf5f10,0.4920321661905721
38c6063d22fa4f9e,0.522822995681559
46b7352aa3c8a1ba,0.5002532990555574
049fa3f6cc3a62a7,0.5286038615925754
5f77b44deef47d28,0.48325587345860543
27462f3d6cf43575,0.49534225373506247
ca854373b937b419,0.5222636071613662
1f6eb5f2da254111,0.5126793214367977
9262bb44aa7937b7,0.48615218333203075
d81678051b65ebc4,0.500705949302962
0edc1ad07f4aa86e,0.5362332151117674
a8e836b90034f123,0.4729069089161634
c729d0e49b2411cc,0.5294196572770821
db925a43365c86f3,0.49467902226675825
1cda28c15e8e4170,0.5146396815342513
ef5a97a20c5118bb,0.5100370529698837
4b990b98ec734989,0.5203635104548845
a96f328dda3bc98f,0.5106729395630762
b467b21cee5c9a57,0.47904087635150505
8c1694e84b06dad7,0.4945346006461723
7b038881fb7ec965,0.507716756682461
60e46ceca8ca6531,0.49943523376102994
be2e51dc6bf61727,0.5133518833942077
f1063bee63d2cbd4,0.49309276106534106
1a3d53e660017625,0.49647969854546103
6db1dc15ad1e28e3,0.508152178125497
34f0bfc533c2a23c,0.506979786475557
76e738496305310c,0.4913757037115492
a76e95f0a09b03d4,0.46140570240905865
6a0d13d3e413c0e5,0.4907169479703087
e002702b095c4d9b,0.48851379989909127
435eb85f778a69f5,0.48129594481965304
5584a339491f1a03,0.5162363602626643
9a06cac14b623965,0.5110955110903626
b199a982f9480beb,0.5146376139113511
e32add368c6de44a,0.47549541228447206
34824decbc66688c,0.49552516087641146
070711d7fd9b7ea3,0.5058562121780791
a1656b509ebf749c,0.5236177860800113
ee96df140d42129a,0.5186674087999676
09fb51e0fded24ab,0.48937054231928284
77e04872ab10bf20,0.51019786247964
6b34ce0940c8c237,0.5183385499289115
8b94f16483f351e9,0.5071386748377371
a7d4f13860590306,0.45800371093728576
66537bdf81c41f46,0.5219535011180851
3014fd36c07b8950,0.494195380567118
789380ce86c031af,0.5233348025047575
dbaee9defc780591,0.4981568762904938
bad0375f198257db,0.49009150972171944
a7b766569c6f66fe,0.4864037077718914
efd3fc92b86b90cb,0.4991166380512962
3ca6e7825d948c12,0.5075740831101961
5c73fed8f1d584c0,0.4990750371998103
cb7f45c4ee30e84d,0.5297736345924988
aac70ac68209f1cb,0.513780538670596
fb253a15132c7c36,0.4969650810903079
4f1ad3d1864799f9,0.5153857979158782
06cc890b7c3abdd8,0.4825152539479168
48f5b50b05af6685,0.4757446861289575
8abc163b25fe8f16,0.4809841793745167
5220ee550d303425,0.5075692637621818
8f7e85307eb35706,0.4928209045709871
dec525eaa4588cc8,0.5128814065781933
8a7aa7c3acead22b,0.5220705910838366
0618f0627df67711,0.5110563186258179
5d9929a965640bc0,0.49289973722256963
b45f8124eea44b5f,0.4849542010935434
32e371f83b148fb6,0.5235299311325359
83b9c322c9febec6,0.5007732122548576
8bb4d82df107f45e,0.5092480002968307
cc28d0d6ace393b0,0.47088371744802376
29c17f03906ad1f0,0.4843864407411444
b10cf30c243ed8c4,0.5118171606824089
85c180d755530692,0.485971369344107
e9478d4c11f48523,0.46433724786185915
329d63bfe65d67f5,0.4901024824112386
4e7c7fbcb6fde9af,0.47570510837062563
1f2d4ca7586d9ef4,0.4818385368080348
04ff2418e503eb55,0.5118867522077212
5807d02f74d22963,0.5066251132703887
23aa15ff2408a5ed,0.49498926117605285
5c3fe62807fba6c3,0.4921291439553479
c97a3c1357c537a3,0.5011224998851752
bde91246f16123d6,0.4771369572059936
dfcf3493677dd9ae,0.46871066920069593
4a0cb390212d6320,0.5030637083511569
dd48f98a0e7c2640,0.4725355300741597
21669e26853a5beb,0.5209014534284289
c4c279dadffc28bf,0.5144571577860816
27f99b00db0702b4,0.47814287568449293
823a471435809e0c,0.5307941081420045
36d9872df73f0208,0.5014295866392595
69b691bd3b11f565,0.507601092652309
051aab7c376493bc,0.4856472512740413
897a042cdd939f4a,0.5364946927510927
16e574aceb37758f,0.5285141494789353
7acdad670c7e177e,0.513725228511651
af7211a4b66028fa,0.49624102216358723
3b768875237c8195,0.5102214841500634
a9e4e55b286f1971,0.4952890693603538
1e42f2e9ad67815d,0.4924401665371031
0d527f8f008f8efe,0.4801049111770126
4c2ccade1925c5d7,0.4970527328749938
b3a98dacc0702405,0.48738546215614253
9b8e0f7bf05d953d,0.4778841552664484
7968527b42656286,0.4810342180790461
caf14438584b43fa,0.4850485327274697
31e140000e0bf36b,0.4886119759207236
336acc52a893cf2f,0.49253757512970053
bce6e39fc4407c93,0.45561744878299415
d5e58bdbf23f01f5,0.46832513578804774
1ff7a8ec347ef2c7,0.48861811688000084
ce432d29b214887d,0.49589796945351605
44e820df9233e162,0.51440004743807
fd036d6641276c78,0.5052749574668344
45c36909115a7b3d,0.520729940697271
0c18ad3d4c7f25b8,0.513629638800571
4502d8fecdca43ef,0.5195540396190146
9bf5cf3ace55851d,0.5006438091107829
0e04a1cc15af0b5c,0.4825855462044746
86bc772734133e12,0.5046027575588999
76fda8694024d3e9,0.5195173880920846
d244839566b6672e,0.511931214687087
e165495e76c8691b,0.4993300390695694
18e8d9f4f0ed1ffc,0.4799250873011302
c198ddc9a1a0f0a3,0.479898354138903
4f15b2cd5370863e,0.4974891357993589
5b71a33a75b4b41a,0.5325977374645586
85211a41d91dfa68,0.5119873544809781
31c3ad8e554acb99,0.5142793941500359
f05e3b467a207ea7,0.46408261637237225
20eea1cacbacd917,0.5186298547037724
338ac2331272bb7c,0.4984054839180143
e6740f272d44da83,0.5235826487306888
9368ba44560c50d9,0.5003666132011511
18e4039723086124,0.5009115714631902
c935d65cb1c5cfc1,0.4773867134552053
dd819f141dcc8319,0.4790710800078698
90488975d041fada,0.5009491570899349
a5aa463adede1f1b,0.5024483112921114
872ac9ef6cc6a618,0.48575976739064575
ae4040a11f651b1b,0.5033964213820243
468c82067304eb0a,0.5332434168692382
cb460a2bc70974da,0.48995939179012904
366ae30bce6f5b98,0.4861459469190619
7638518d282a3163,0.5258953918747908
633878cd7103f469,0.4983130527700541
73b8cda0da8e3c6c,0.4933097049396603
b24a01610939d7fc,0.4736738809602643
99024e3163df7833,0.526113050065673
f67fd1bdae4a88b9,0.500509844775711
bed6a87757540498,0.49013043542252793
97afe9a3ddc497f7,0.4903834655069704
dd9f348a3e019188,0.49176953914806154
34946df4f3dcb0b6,0.5130938410029449
9444819c9eb0c9d9,0.5244578867265263
fb4483e1ad010ba7,0.4726796973663644
00c68b30c299654d,0.4931267993990034
72515cd3d8b3aa9a,0.5206955752517234
908510f96be347b0,0.5124421306685752
99a21c81b1b48573,0.5007606369966218
22f68a423b09a5d9,0.48546151693511674
e7f04cb37080c9fa,0.4731065001227083
dc02fa202a12aa6d,0.49170873343266525
10d0b7f586529eff,0.4819088327029965
ffd7b011eb85f998,0.5148539015430398
e621dd32e1b264df,0.4908519068013304
4af1a1f24964fe8a,0.5071952014986865
811ce0830dbadcca,0.4798019267140088
19f0e848aacfeb93,0.5000023135210838
8d3f02ada61029a5,0.5144702839206194
1e2a07a17f935db5,0.49562629562486626
32328db851b10b18,0.49653941450830297
9ee145457cc792ea,0.5301355202729197
ad8df560233793e0,0.4758840211167964
d22762aa0ca69d56,0.5081161956278826
f8355291593dca46,0.5137484023498982
0c612654e51e01fc,0.47755281713240977
ae7e23426e25bea2,0.4773962083271636
e009b5beb1619a81,0.5161977389932709
520faa13a8c7065c,0.526786301294127
b5f1a39aded71e0d,0.47658494381639266
de6cb6bc5b8d1640,0.5003960028490263
d51fb6ba7bb6913b,0.5197716122654146
a1375923af03ec27,0.5134775310009845
8c4b7d8e2bf037d3,0.4878293313665728
681405cfbc0dd97d,0.5126348915059804
992164c7365bc333,0.5302503023200096
4814a10f30ed6822,0.5001447022335653
f125562b955f34ac,0.4966790603937359
8665c174c23e0232,0.49216500299572774
c03010cc5ef028ec,0.5391058548192829
d2cbd396091301dd,0.4884656746728693
c5b700f429ada2a9,0.506810861816741
07d97ad7c5757563,0.4848393270375062
abe88bd25b74cec2,0.5316301182678386
b5242ec51fa10803,0.4834308485587602
504c204a4b07adc1,0.4869259904890783
eb3e885ca8381431,0.49403636526354183
88019e77a7570235,0.5073529314276528
4f5b5ab494b7fa3c,0.5116272044495127
ff857c8685376696,0.5015182666132645
c97ffff5899cdd5b,0.5133619107088014
06d8545946fb794f,0.5264920992202882
86a18a847664c8db,0.5154923608511843
236b7caf60e83702,0.4921350816644318
b7362d1c5e6ea485,0.4776421545692733
75a194abbc3951a6,0.49888466354617395
0739352b03f43601,0.5006203317185881
d5fb0ad6dfbebd36,0.4727961438487493
ab3267950cbf32e4,0.499966472905801
061b96409f1ecea5,0.48863082743270925
77507cbfe35570ee,0.48590224362705176
a36af5b550eaa873,0.518248641396297
9ea7c406af2ba7ab,0.5165323123231355
f67f1e53508bf00a,0.5316711668000005
c1e4dc287c41d581,0.4755072170151171
a53a53e86b02f37d,0.5045316247676082
608291782c527827,0.49270734883399697
d0ad07399c84455b,0.5203616381061378
fc8986567718f61a,0.5322597819596858
5dc1fc6a5d643435,0.5109854145244128
5c05741c61417dc3,0.5043661696740483
d702bbe78e1fa189,0.4844148183831432
e781540ac8518204,0.47627602823045023
7dfe0b8686f2f32d,0.5086713940040198
150a93d31aae72a3,0.5037783265089694
6eef12e9a09066d4,0.5113578401419302
636152d21bd16667,0.5203385529417772
c7f6af439da950c2,0.47595791919966757
27acdee466fcf485,0.5281367643980026
a8804fe9eee0fa90,0.4654025608674311
6192ee4938021f38,0.5269192332976177
fc02f9550afeac41,0.46972797779459585
7c9ba87d30178a3e,0.535075195976813
a17444b2e1cdd78a,0.5086939687395458
83df6fde56cebe4a,0.4956647515396807
b35110acb0de3b77,0.518546870698354
9fc1dd40acc8bff1,0.5072907652405082
0c521eb5fabcd49d,0.4956437173006366
e081802079fcf55a,0.5126293046192477
12aedbe868f79776,0.4598971392495873
be8a2586f0738799,0.5012807852611563
077d63174223dbbb,0.4848694059221495
bf95a5f9268fccfc,0.4986709030902612
51ac7bebc69eaad3,0.5166771980827342
823b8b0cbed56665,0.516157358528981
7b06037a7dc44eab,0.5343315777974066
c3468f13ce305a3e,0.5242008239279818
82906bbb278815e9,0.48502444862155386
26d93d94ea19b1b9,0.4960998962977739
d59469ecf7c3bb29,0.4910619255811848
7db5fdf7d9e7b81b,0.4843271003976708
251dd43cde3297db,0.4979143500024679
cb1945985d64f4de,0.4978689774268138
4eeb92e907af170f,0.49079819954015236
feb8fa429dd67ef4,0.49589726868113937
4de67c2419537ea6,0.47766869159701764
538e4f56402af36b,0.5286202368732964
a4cf878441380a52,0.5188237498183368
96be7b3de04ff62a,0.5087540064449279
39c3d3887c8c1a94,0.4993962841749477
1921999c1eb2c5c0,0.5237409757606543
d57e9b30000ad4ad,0.5003584327373412
7c4dea060b3cac3b,0.5191569123403421
b72576d562bd56cf,0.5083803802483506
e1b21c89aa287e10,0.47887903890950023
ea91d426f07b035a,0.4883738930117279
e3fe0ea3b0e68165,0.48971985792914996
733a4e55740edd52,0.5038798953363304
e3ec47884acfc533,0.516850046140721
8b4fc284f4d71fb3,0.5152734980435223
ecc8c2db5ddf594a,0.47895979727080285
6a2e9bd8a0f89c66,0.48600467566961714
330cb959caca2412,0.5205198487157445
d9ec4fb651c85ebe,0.49114179203307773
059f9fe46af8bf1c,0.48879710533513765
3a4738e51c5cab59,0.5127840749867694
2defc05f8aab4fc1,0.513954889176922
5eff676251527676,0.48338926624376866
fbe244ca19447d90,0.4909899847985664
6a795f7ddcc9922b,0.48272307222686095
31e47d59215b37f6,0.49199690080816094
dc507cec24e10ba0,0.49849975439830424
a6bb01f0933df044,0.4884237955117552
8d856f853ce1deca,0.49669661626371725
6da96325a4517519,0.48919848527568915
1154f92cf57d2532,0.46867572387787015
f6f5511b39bec2b4,0.46455437070006794
52b72c128d8d91b3,0.516718180576921
75e7fc7c7ea0f472,0.5078042214192483
197817ba33606b5a,0.5191419952301433
c1951ebb86cb1446,0.5163429092081956
c4c41b18d788438d,0.5312937990079136
aa26bb9dcc890fe2,0.5057540336395556
c2c4703ee4c876c6,0.5224909021853732
4c5d7e0beffa310b,0.4787304680190629
83c908bdb66cb2b3,0.5203537553059343
f5402da16c14957e,0.4887327799857274
2ab80ba80d56a41d,0.5167356410789008
1c6b71fcf804ee07,0.5140846362470042
2f3e4501cfcf6dfb,0.5103626285866472
e6dae542e381015e,0.49611025684081644
eec4124d10360067,0.4723271073197216
9105a2588a4a2770,0.5099914296854006
130f75788d8a46aa,0.5078507497648661
8835b5e539659c18,0.5091931516856281
d219e6e0ab855f68,0.5109224394941814
0723230fe86de14f,0.5098611379789737
e81853b0b0f8c271,0.48493584381838073
979af46a1f611253,0.5004505964960267
945f78f066a99193,0.4878099282824814
9fd22540f39891b0,0.48445177233291103
2631c1e94bf99eb0,0.5177096544030344
41d6c34577272404,0.5008676890821832
13285c2b73770aa9,0.5022230877076443
1d2b2b68357f4992,0.4845701090715712
5e3172665089f4f1,0.5212391062396828
9f7be9231e3552f7,0.5001616881183402
6e458ab88b4204e1,0.4889213171210987
10739a7eee3e87cc,0.48099257222823194
a326839f328dce7e,0.5293075756335586
2e706184335e4bfb,0.5348166565466593
e10da35ed5233e23,0.47554426743828937
85df2a159bcafca0,0.5047897982151083
7e459f89aae58555,0.477939452990038
c5733fd52fad180c,0.5012368514711971
d78be06de4424dc7,0.4722638021030421
af782e55eeec3b26,0.5064697098702718
a5428b7d3e5eb0a2,0.4956937253949288
8d920a6bdb004f92,0.5381050966139365
f4be0e405024df8e,0.5122780942509446
d5059f8f88290d5d,0.4918948937459211
e368d0170d51ce4b,0.48565199621729377
d8ddb30bad626df3,0.4897187110144069
d1e892e5a070ad3b,0.478391019128442
8a30b24e45c8dd56,0.4994868952485837
7616820e7f2f060c,0.4770668507856759
35bf1de33ef37b4e,0.5227260518295191
7fc73341974a9c57,0.5191590683971965
9f5bd41b72cee0ab,0.4805784868009739
44e5daba8a615664,0.5115102318929847
6a29aa78116608ee,0.5115129201936734
74c36fa527d5e914,0.4808817437021163
65e5065a97a00477,0.5081520517102383
2bb9d6b7e64b8108,0.47441860683231585
297129de9133a71a,0.49488967811692797
e6233ca37ff20ae1,0.5099521139829881
e6c230b1db202085,0.519960125280721
042447db024700a4,0.4732770646031791
5347f880cf1bb93b,0.4941660248885341
f7f2f5d41652f6cc,0.46163172758208426
71ccebe269774017,0.4710991317256489
5d89474915222841,0.4766604527182289
583b0f485ee37a28,0.49282325211449035
cc5a91f4a1b878cf,0.5218820510521379
636604af09feb6f9,0.4863900231329143
9149bfd2414e1f06,0.5010854675289154
69c71a71af3a6a93,0.4834662728552782
5cab1ef744ae1f07,0.5070786971274603
2c01a13c5bd11b48,0.5192185649366852
3dd5148c39f554e1,0.47032921983055276
e55b6c8712632bca,0.49869059145230415
1e70f997f11d309b,0.4836201356269503
0b5140a69c454fd2,0.4762011881968323
bf3433f1790ded45,0.4996526809587562
848bb9f5e15ea664,0.4958590226335121
ddec6d5fb5e1d8e6,0.5066539049072353
483be22ba816efd7,0.4844110922838414
c5e5341d9853e204,0.4846134015923973
21afeb4d02745cb0,0.48093164057572824
214573582fdadc69,0.49229610729847045
1584cb670481cd0c,0.5119515976175394
a5b74fec60dff97f,0.5254571641837087
500761048fa68af7,0.5161755431813259
17911ade8f9db4a9,0.5082386341966103
0d5e4ec73265e718,0.524651257163697
9a23b511d19c5b74,0.497487015303919
b0a68b6e9b5aa0fc,0.5172954822264907
f2408ea825dab651,0.5031662173828992
c46a0253ce15db70,0.5127984022779184
280ee758ffb1d1f5,0.48196707189883903
f120c6f37766ad60,0.4870706366504335
f0bd6e897436f50f,0.49165067292650383
d9838a74cd5c15d2,0.4659580948336377
ef4f4beebb23098c,0.512080322230974
81e1191f9eeac89d,0.5062337633316744
38a4b85540a1d008,0.4956723365991566
583c98e432bf450e,0.5087107211683476
9319566dff410e11,0.5175401531900046
967a61a65ca3958f,0.4817773051165934
78d063e4b7ce7f7e,0.504603276949211
d2f8e62df2e4ba25,0.49977118354042926
810d2f780629077a,0.5130564343452313
3515d882b6639805,0.49327989564652874
11e50493155c9e73,0.5248724069079289
4ed708372af004b4,0.5145712094239976
c4e45da34ddf3b44,0.5019063070713572
c8a93dd49c2a92bb,0.5227530777675864
0db19fe44a9a780e,0.4864621573696276
2b3538d47f1c15b4,0.4841919359514075
c3310c72d9734462,0.5147970821850852
14085746773f19af,0.4732389029723516
556db80d967a1693,0.48323544414235814
43fc5ae409f4f500,0.5178899063183808
081a87f22c3b38c2,0.529389161381298
d375cbc133ed4f4e,0.5052360730532568
5ad546feb694ad21,0.49641815834375325
4f93720827de0ed1,0.4916788485094026
3aa17624d6ff3bda,0.4802762840892575
9242e8dc12c52248,0.5066003128444745
6842dfe6284804e1,0.5216820390160988
0d73a6a834744d44,0.48845642818068136
0830204cd861c6bf,0.4917867882061554
66161f0924e78225,0.5041217287766052
496464a4d50db8c5,0.5125099702123881
06324bbe66728955,0.5297967488281015
14f78d4e391911eb,0.4807613252136769
2b82c80f72759096,0.4812430277605254
098ac1d81b9e8c1e,0.5334422538276078
1b76ea6cbf734ce4,0.48318728346269124
0500bc92e5b55537,0.471579484107561
ac5aed573f280b25,0.47970713581341207
ea03975f1d5baea3,0.4971562724422517
88b17a552fbab232,0.5094693006243727
b8de7af9fcdbf382,0.5161174993607514
1200abef5b424cb7,0.478714633107317
31b60e9d8cfa862c,0.4934308817294193
893db3bdf6bcd36a,0.5107236110911166
ceb6b035da1d3d7a,0.5035046324852064
4ec436f2d7284b90,0.48590629920157347
8aed9038981199a5,0.49680686619790726
0004c2d09b2a5399,0.5057556683797843
5205db0c297b51cf,0.5096768150220328
fa00a8d5645e29e8,0.4874294339376889
e059a125b2f75271,0.5283735756599512
0a245e9039a475ae,0.5129048271543876
f6dd2588e26ea334,0.5068075293231711
973b401c5b3a29bc,0.5121383178045633
3c3d0acff02d8d77,0.5113934477228355
29614e0f15db6e61,0.49849350361166866
59556138531e1193,0.47693300936799055
6864e194fe467f06,0.4960595727728785
92d1a78a0805f085,0.5042262746016435
673c83d5875338f6,0.5189134702559188
97b9da49283296e1,0.4691401228659724
8e266443d27cb222,0.4993539446606121
01740ec6cd7d3fe6,0.5172958057633826
bf22ef3c96b1cf8c,0.4722285177642547
eceff6a46e6bb846,0.4860856955538462
595cd3775c548381,0.4843686560561688
dc88015ad74c395c,0.4962507949629956
1d829ac1fba966c2,0.4859271026924532
7af5a547c0ff87df,0.4930151946434741
42082090188c20fe,0.5272291031171337
f7c6df36a4354bbd,0.48230933843258306
fa583dbce17dca3f,0.4993739584875756
31b430017b021b90,0.5203911956398792
7efc9cb13b2def86,0.5176263646020137
d06fda4e5bcfc129,0.5270351591608946
72cb2bb85767bcac,0.5188512141009662
50f1226e03b9f878,0.4942619621040429
24eed0e6d7789047,0.5074694829301782
d026da38fc55bfdd,0.4925397949931584
47c591c2bae2052d,0.493257125115853
92966f857e0e8aaf,0.49350105416543266
56b22e07fb9e4c9f,0.5247501434418924
95e7a0024d29a8e8,0.5191624731635571
77413f2ce0fc0b0d,0.4954788830099729
169ad5f354082bda,0.4909705848713002
cb6a3ddb00bb4caf,0.5227831450052236
c1351ef23bdee19f,0.49891347066894526
23e0eeea647bf809,0.4985500055064493
52cb9f8084c2979d,0.5108266984371487
7f071403034451bd,0.5307807265291237
64c6b8a675d8d210,0.50665079708297
25bcfd9c6c4bc119,0.4917486701796202
68234d071437f6c1,0.48239324092849734
cdba54b09ad0a5e0,0.48849346037755764
8b2a453d25a9793d,0.527234900450319
379b3cf15b5cd618,0.48507397895552606
04f8b3d8fbcd3c09,0.47788305972809475
8db2aa7a87a0b0b0,0.5117549043903522
09904cf5297e4c52,0.5060096302366968
e5d6021439d46003,0.5060798230481154
87a2e4212129d19c,0.53279345222671
e218c57596992271,0.5172974411342908
18b98da5b42722da,0.5104288366361747
449920a89db3ac7d,0.5356188630972945
9ce041cdc0639315,0.511240832961438
722f357fdbd5c880,0.5058836036583526
d468cd43dc6a08bd,0.5278669280524889
9700c7a3ef819ef3,0.5169178631171747
b7f1d881f8c72980,0.4568824107399927
b23236c476c94144,0.5256153392336146
18dd1046074e1b37,0.5025674856331885
55f227029ee88bf8,0.4807020260477506
5e3b8e365345db58,0.4903926788387819
d97a5d6269148ed6,0.4964614830155257
ec6dfb974b3c0b88,0.5102389615724212
7ff4153e9bc66bd5,0.5154462902520935
70ade30377aa52d0,0.5066267892327234
e81c74c9a5e64310,0.5215745487350761
27609b892f19ce38,0.48012809643090215
665fe4d9e267c32d,0.516109397491952
e4efa861a25c36f2,0.502730288467339
707cf306deb0ca20,0.4852258368209227
53a0fc682407a107,0.5155840495042311
4bd91ec011ba7743,0.4892533361422566
3b7c880189ffdf65,0.4982374598130308
c5f1834657b1d9a8,0.5155626632363184
60a043d7036ea402,0.4838808616059431
d69dc65f9a8e3647,0.4985722729827851
c3978282c1335961,0.5086837837327864
248bcc5d97740cb9,0.5006607737169784
ba074101d0551828,0.5099971945574411
f22fd6cc76b9eb99,0.46889899334118934
cad3b5acbccd1a75,0.47962562674636533
4e3d749c5d0d8b99,0.5145586648017062
1024028ec93908ac,0.5343253469183078
db5f96700f81e32e,0.5127690868411455
d00456f5c537affe,0.4867041484163772
ae6c9a4ac1923d77,0.481092037977534
5c4ef0457f9b795e,0.5024781637936472
a36087b510ed1bbe,0.5195829836883646
9700dc3668cb0d40,0.45256638793201553
e404394c28efb780,0.47911938864530035
0720a1b755cf55ed,0.5046999960668218
035439e10d353f33,0.48678673459839417
53421be12c0c7d0a,0.5224236906955574
c76422f9c7f1c224,0.4829007530502267
ca75e192477ae30e,0.49931041331446785
480e9e2f5f6eac7f,0.5134488476353631
b1b0c9414a07e81e,0.4767047270785689
e09f31da0edae6b7,0.48301416650556905
9386dbd09f1eea31,0.4948908050830028
4027ad13f744ab47,0.5174704414636838
dd57f9a9617410f2,0.5090303794565736
53816ae08db4500d,0.5044876542611314
d39479f04b318c0d,0.5179544067499162
5223cd189c2850d3,0.49809342977246185
8c0a9ec776187a0a,0.48808619679841014
387c460bf9c82eed,0.5054771846345211
1fd31e1faa118ee6,0.478852243789863
49fba05cb591b00c,0.4886715066780051
bd80ada68eebd0b9,0.49747666244214195
0e3f686f072a8a0c,0.49056232822037316
84925d826d461c4d,0.5170372527839018
a7badd0bb8ead7cc,0.49231068912537085
e2c838fd32fbb729,0.4993519880030354
3a6cf220f53b4cb4,0.5054912205842834
9dacb79ad9fcf34d,0.5040585187154154
92aa4c1f7f258a86,0.5095284850426121
c85e22a117db207d,0.49280188470869457
c5acfefdb9e64f54,0.49361811788771703
26015640e05a3378,0.4903775135253341
834b3501453f5c5c,0.4982114560128439
42af151534cbcca4,0.4959256832264605
6342222ab4bd07c5,0.5155438785626538
cec95d0eb86b553d,0.49060663328863724
b4129a57f4c5c1ca,0.4984489619031852
8b51d76d9c838743,0.4992464261206902
36d6124fdfb6b5fe,0.4945006960508492
2212f9196bf749b0,0.5183623090566268
fe9345df75362fb9,0.5005682115573397
75774ccf0b19e8bd,0.48566818766006914
026c096720d1702d,0.5161921542350817
6aca91fcef83cdf6,0.4991617304389941
8fc4c42ef85eb9e6,0.5274807172625902
1b64496c26985a3d,0.48652039471799025
591d0017ec185df0,0.4965267608178679
028968c773b11f62,0.5143280136696363
3a09eb47d1ba4acc,0.46489962251258615
000019235d24a363,0.5113504009545198
ac5122e50d1ce8c3,0.4992843412123717
7d4feba02220abf7,0.47061948990192926
e59a3b16b4a6d416,0.5136905095873574
84a820be4f12f7cf,0.48693610143212246
2f535756a73607c7,0.5201926793117916
fe5a15197d453416,0.46345491921989057
dfe7a446a8aeb1c9,0.48196938155186925
0ba28eeeb91393c6,0.501568383378098
6cbf1767b759c6cd,0.5052105590408598
a6e42b03d097a184,0.5126122282748035
da6efa9d56a293d8,0.5143287508020599
20eb958ac40ae3ec,0.47776322582989195
861472b884b8b80b,0.5263881949523013
83313fb5d3e30121,0.49123968911611626
75c00015b88462e9,0.5316160307583098
abad9a6070f32056,0.49787142806071527
dbb0ac574180786c,0.5260997000381835
1ff23956ddb48080,0.5206487820446906
1030748990c873e0,0.5019131757834137
3b392b51ebbe98a8,0.5114497155035428
9bd3ce96b5220545,0.48065768569742184
e80afbedc991fe85,0.5165414424121024
b892e30bd65f1cf7,0.47157576991747696
45be6aeb64cd6e75,0.4989239403521111
10b2dab220d2112a,0.5213362893540607
397e2c46ae990a0c,0.4964312835768305
19d3b02c14e869e0,0.48265249070775945
cd4dc389be000277,0.5202324215678008
fddeaaa21cf9f333,0.4806583060238807
c73cf810b1eec5b7,0.4804731102595794
2d89c6930c494b36,0.4918438613612121
731c1ccc4e036603,0.482832176123775
a9448f44773fe67d,0.5135243214196595
89d7d09573e87744,0.5163269052640491
09a1c2b53c31bc10,0.5234542636730639
6c6319f9764e8514,0.5331187952563985
f56bb1ad09aacd4d,0.524588803426098
a49d99323a265849,0.46492373462718606
3ee9be6434e0e715,0.5048859564495208
875debef7413e1cb,0.5025169159461838
a2d775ceeadd24c4,0.5174201986434905
18c8aaea7c834671,0.5344612027812968
df0c46251bada9cd,0.5139564816256312
aab9add2fbc56aa9,0.49036929516590977
a6fc3e9da5c8e555,0.46733136810331344
f637661db81b90bf,0.5336074864026862
33f67c649066e956,0.47855101490220353
86c73cb2d30683cb,0.5188905116919076
b5c00f8557fcf692,0.49275799320854097
a2c9a8f18d345227,0.5172061543560762
5ec5cdcb7ea71186,0.5008914879272854
0f3e463f9177f7f5,0.5083982383423684
4e7f08dff5d4d708,0.5146721680980351
3bf84009bb5fc3d5,0.5152474249731276
51395fde52e82c96,0.5193678967077157
11111626d4279259,0.5009809820160358
ae179d72addf4dc6,0.4811219095742638
e88ef89c0abd640c,0.4685396955240261
c514af589b1c5c49,0.48105537372561596
ff07eef5fb056c81,0.5167897436716105
96fcc4e5d6f59237,0.5345501878156825
28c21a0768568fe3,0.5242154065535145
73627db8491905c4,0.4880411164793138
99467bd1e0347c4f,0.4757726879356486
f68ba1afefa7c356,0.5327924885346572
f2dc825ecdbac412,0.49381930819081343
4aba146c1a03941e,0.49837425099263477
80d5d6de30bce75a,0.4946463289943266
07139bc3c4fbcf8e,0.519273657343235
e20fe10aec859d4a,0.5276885954989361
7ede37b476b9198b,0.4938329734723844
13f259dd7b600fe1,0.4967859551727377
351f432cde665f41,0.4840145428430211
a0721905432fac03,0.5214562509563021
c64298a4451fa34e,0.5138387977568373
4498869b991b879d,0.5208363221613936
17636075cadd05b7,0.5069738892465023
f1a1bbb6f878a877,0.485566405796699
0eb6903ad4fa3f90,0.48807440091441684
3188bea8d6f5b35b,0.5095841275662487
c4c409536eb6c51a,0.48904231209519966
d280dab3667294dd,0.5140028757993177
52c6f5f136513403,0.4983683269871204
5090d67fa1877997,0.4868258927354628
16b61b14def64393,0.5178247715363353
baafe2fb18314839,0.4864702139580351
4dd870bba94a4e61,0.4950011363234399
09dc62cfe943169d,0.48705392476678566
c479d440fcf7aa16,0.5179941515594924
8afc03aa50ceaa11,0.5248629071344938
edde45a77638faf8,0.4739457255899595
6d7692d9c32c3019,0.490037902423249
5732b6767099399b,0.48494706056031767
17d91b5e97f3116f,0.4890917806397146
0d8f39533be9f182,0.5100645602089879
fde5949373183adb,0.5254132669680218
958e0e17661293ac,0.5284902453720461
c5216e7c4a482059,0.4827616715047328
903c649790deba31,0.4815127713036008
4a0069fc3386e06c,0.5219312227419615
a8ed067c70e68299,0.5223720668722545
2739c45027efcd82,0.49336851665885173
9cebb6633780881d,0.5354977141088497
61795ee62a8075d9,0.48803288086703356
58f2b934b0d49345,0.5127558966463615
dae79d85843b121b,0.4828948034781977
2a1568df2de08c44,0.5075742087353916
ee4fd2a6e3a78dff,0.5029557276002506
b757cce25b9c26a4,0.4809602320934996
66ff45cad74a6679,0.5024556544397099
b0017bdcd541c6d4,0.48643450907253094
a3f277c9b5c91e67,0.471318330872312
a5cf1cd034f1cbe7,0.5070355912449339
68c1e518bbf4e77b,0.4846008497807017
39bc60ddd2106538,0.5183851531197387
6efa72d0df99c34d,0.521340288554743
ba7209f117ae9238,0.5371512047196081
7c5bee138819f339,0.4947386165410106
0a18482d62e5cb36,0.5012511371940519
8e35efabb244500d,0.49713026503279534
43a9275d59ca040c,0.5146897423725478
481df5704a84657c,0.4769796173163351
4d8d82c65a5b6227,0.5122418491524214
f93eec03effd7d38,0.5234105958756299
3ffdcb2a25a0754d,0.5106992793355105
95109279ae9a6a9e,0.5257516686478232
d6ee9c0efd68efce,0.4978620679845127
74c4894e7bd0708d,0.5153085956394678
d33fec8f45769c79,0.5059766419450568
8fa4532d6a6caae1,0.478996839320333
3dff5467e3be88a2,0.5085244320696434
fc6d9a8363c4609c,0.477358667422111
c9cec12908a9bfc4,0.49010406777508597
a971fe519809a939,0.4933867612805948
5ef5d379d20d65e1,0.5047980069840905
e3fb799669853199,0.5056363132873212
6f8c415e8466353c,0.4863236417322024
6a84824f0fe20d4b,0.4999972715551872
8cfc43e4b7c26f14,0.4928796743859786
de7c6a12dea21dcb,0.5201034065350054
d478e64abc5e2623,0.50066161731942
437101bfe8957347,0.5082503059618411
6e285e3b9740ddd7,0.5044214159338445
c3ad227a535c2fe2,0.5223051471214277
8f43b3a85065f086,0.512034882962672
90aa3a900822f96a,0.5113847769382427
c9000a6868faa0ce,0.522565831586968
32a000ae2024ab05,0.4814994138176404
c4605d1a5e5e5f5a,0.5174051378651773
892acb659d8cf3f0,0.49651626465301657
c69855f3bb4ca032,0.47978418652107563
edf73aedf6b35217,0.4910826692928985
8877ec8e52d1ecc5,0.47323648022374043
fa3630178cfa8ffa,0.48084949371856883
9f5f7129d1af2116,0.5017538902182287
5e7e17e9ef20547d,0.52911672453837
a0bb691eee0adcbc,0.4715644734117158
47aa950ec1d03709,0.4903415693997713
89b3fd466c092666,0.46096805141786357
f58ae0404d156690,0.4704929776472089
766c4ba6be3c0785,0.5148167720312817
eb2e4b71d64f3173,0.5223950123016787
4912ee4332177555,0.5081363583534877
2bef19c70fa1eb95,0.48950554264833307
c6686c6fb6297feb,0.5325118376219542
67508ac580fa166b,0.5228841924816827
ff311f69cd822985,0.4894787629460686
bfff1dc879c76509,0.5003560882358384
3d1fb3f5ce631cd6,0.5145633522691438
cc268338bd6cf9ca,0.524952399727094
d5798960a3e8183a,0.5005560700712394
11d573b74ae9ba82,0.5084619708273007
8c8705f908dede75,0.5300606246092529
ed2bfbed36ac2b84,0.5093976775791366
89361517fc2f10d5,0.5157608620069731
1626bf6a9e33402d,0.519041360797371
549de17e617d4cb1,0.47204827130737137
241acccc8c4c5c98,0.5164187525261457
ea3cd2074cfdd18b,0.473842761762859
3482477cef332442,0.507792980056816
4f0e6d903964496b,0.49047735799941594
55f5ac50a1704cc5,0.49995000164867864
2754a911af5ae6ac,0.4865878497340862
f2e293367584282c,0.52714620764507
2efb3cb92bcc9b98,0.4718539630120158
5896699316dc3ab8,0.4966229232973708
2d0483ceb9c643bb,0.5158207111306028
efc8974e6723a58f,0.4835120221951213
a6a0006f726c94b1,0.528293860221533
6f5c59612f3c92fc,0.5249705683553798
c78209036cd357a4,0.5135115527827363
db9a3030e417457d,0.4779743834267698
99988b482a1d195f,0.512614351411214
52e13ab6586efd97,0.5092067382385119
3e8fbcc54eca7fca,0.49691877904382126
5bd1113a10668c30,0.47199668652964466
4bef48512ade85b6,0.4762941297204992
2882464c483cd0f8,0.4903512806308029
079b1ed9350bf75b,0.5031516524078248
7063caa968c586c4,0.47576230891095345
ec19c34addb8624f,0.49854615328323537
8cbafbdb15a9de28,0.4804475863893871
a38115fdbf75c1c5,0.5218640010498758
6d8390c7927568de,0.4794298520336673
00981f14236ef71d,0.5118050823910845
12f84fa2b4c572e1,0.4704612361044844
ca5bb700586628a5,0.4767288154981271
4a7058a9b89ae975,0.48646241640068444
878bc0b3326ea889,0.4757708915220902
57f748e3454293d9,0.5240900032819329
07949795ad3e2e93,0.4989781653155043
8cfaf8d91ea4f1c0,0.4791724207588856
0973b331fb200feb,0.537998648160678
fe33cc8c6e5126c9,0.4797746005330613
95338421b02d6100,0.5208863727151578
6d14e413603d239b,0.5154087240427381
8dd0a5354bcc36ad,0.5175653465087088
73e26e96853b1101,0.4859197193184685
1d9173dbd30bfa8b,0.5271014058978134
b8164626d047cbb3,0.5045413325041954
0fb7907993c4b37f,0.5194073738606637
59ee8f98bf511a26,0.49595965372436834
0c3008cd7e493e83,0.5268240186780546
ca16172c325cea2f,0.48449293464617504
2bca85f81b167432,0.5315326757847847
22fee0166c140a09,0.5212556199117186
e2724c0840a5145f,0.5053005628557854
f36672a2c0e1cfac,0.47002210341739187
1fb583d94ee99482,0.5161750539779427
02f264a344c830ab,0.5190815966646649
4da6645d6969cd52,0.48073446999782
44dc081e8f45104c,0.5128694414081567
2c2b2f0c44e4f0d6,0.4782110125697175
36b10927a5ef8124,0.5223142767065365
c1aaa1a11b02c7a6,0.5047634497194162
052a4c4d54a4bc92,0.5137481687791003
d52322d3a4091590,0.4733561988018459
836f3b0ea82976dd,0.4956083389169038
76fb069dc8449b55,0.5122681541963496
9c73e1140fc59c02,0.47762829458081746
ae6c780a01769bbd,0.4853464281686848
ef3be0cbdd14848e,0.48054986611941497
3599f0b9c0feb095,0.46668356346281453
88664205bb714f9a,0.49212768836238574
b978ad9fbc2debb9,0.5063467786191408
c82c9b618c165d10,0.4909080908627559
0b15c07bf352553a,0.5254660138447871
7891a28610913711,0.505487765445822
ad4639fd4e49662d,0.4728429883464816
08bf7df7a564e646,0.4854245903530709
7ed362e9d16716d9,0.48106156364310665
0ad5b72ef7c0ed2b,0.5183535848939224
511e654ff2a5008d,0.5049415075554723
c2cd9bde4b5e7a21,0.5160414216493777
5b3e02e26bec5e7b,0.5320355709929226
89c64c8f9efcecb3,0.5010429758322912
a8f6c6e3e62d6b71,0.4806401989502612
019cc0b8962f5cc0,0.510783172350666
bc4e4242db6ccd37,0.47578189681328587
3fff2ee4dbde3d85,0.49119564256648185
dc37fcbe553235d5,0.4796978515078725
3bd0b86bbb97a337,0.48961272999066313
4992d9bc07447302,0.47742927444945793
bfdf1c0f0ba7cdac,0.5183907185650805
a6ab2d1d53fe912a,0.483323398139084
1891df3302c7b348,0.473962418032225
b9959e103e10b920,0.4901195206612674
0ef3c10f8c9072d3,0.5023218390786869
a10619d97fb76c2d,0.48246554829017296
0863a38392b70b67,0.4951697749210965
60b64acaf466a536,0.5063625199366715
12e3e5d6d9c41e98,0.5179587540137269
9523154e7d045c29,0.5234655636835526
c75a93ff5b4249af,0.4984964599717291
254953a015ac6eeb,0.523023443784516
800fca2f6db1274a,0.4840584477931015
495cb7b810650027,0.4671779528090604
32f2ab9bccd62523,0.4907879489358654
710c1a24eaeead5b,0.4867395658628244
bc05e8a0b1a36967,0.5052804463685882
7f9c858cee39c32f,0.4935781661981129
d943890ab2a0dabc,0.5090955647186894
e8365a58644b452e,0.5118926859682027
8b6555b1e2375ec2,0.5226679201645388
2d05b7a2752c3cd7,0.4848127338210131
cae674aba0ce36bd,0.5150947899340116
ded2185f98f5d222,0.5193451325643841
5aa4335a084d6172,0.5075705976802647
ea84e8283949a22b,0.5183063783141524
e05b38abdcb5ba20,0.46909094421125297
1a8232cb16668217,0.4852270190091613
964453e5682c98dc,0.49499260946403195
6220fee3bc1e75ff,0.5200562239450512
44c74ce2f7dfda22,0.5294345398181586
0e420abbb67f6653,0.5360148130583571
381d753868abf15f,0.48124096754810985
c90e0c45f7fc22d0,0.4884150060582939
28cc75a35f51a8f5,0.5214801883126854
3ec9f6c06061e5fe,0.5187083325621218
b014ddae55b634f3,0.47862722318652207
90879b42c1e54236,0.5079540799927883
7e62b4fce61bbae5,0.5069766634224373
6e384e2ddbb3399a,0.49836055174005855
6f07849a73f44a97,0.5308274665448496
f48a2f5d095509de,0.49351613588642007
ba999a22ce5b3fa3,0.5245413833116023
ba9181802cbd9401,0.5222899478249781
bd73bd26225890fa,0.4922375904048276
64c38fe6742e3036,0.4979240201536389
df243043992dea1a,0.5118347552791991
0119114d3ccf9eba,0.5227580435772143
f21453041c1dbfb2,0.5037265110190683
65850a53164c135e,0.48783250703344794
48527244bf10d792,0.5094326253115695
cd4848b0c5d09b82,0.48369723455760566
d29250c293d24f3b,0.5252046847887635
8e49853ead7a7782,0.48766493398773186
c4468c09563855e0,0.49373529459247134
06fbbe29034b7d22,0.4682713125212511
85f4de85a28f72e5,0.5117353921267199
61a2fd323396df30,0.48228957778575265
57131a5c1fd27b0a,0.5110074358043633
97148caf47baee80,0.518647467734229
bc00a7f9820c18b9,0.48736316593418716
0774fb3a81023543,0.4965000516523119
26fce92bc23cb74d,0.525068126530426
c97cd71a9a738f03,0.49940058816694366
e241738a2d4f1fbd,0.5138204091379297
da7df03e550c90ab,0.4993649806083179
35c07da89ceda890,0.5017396319950587
5cf499e1908cd296,0.5029023123042837
d8e67e20d907c472,0.49812552056426623
f3135343f9e7c1fc,0.5219163031313239
35e24477ff3e4121,0.49997331643694853
ad3c1d21283a66e7,0.5042822216406717
fa88a2d04837aa67,0.508189495334685
3d8cc5538995bbb1,0.47056280688900864
2cd57b0959ffa8b8,0.482444861514426
abf05406b1a91bf6,0.5186257263748812
0f7b3fdc5d781296,0.5178058088790769
03365bdfcc4be998,0.5051769065048425
b46302fe840c3d5c,0.511560077337079
b1f966468fc49840,0.4996104351705988
6adafe7e6a6e6865,0.520884129730782
e92c7a5333472aa1,0.4999221222486605
7eabeacacbf8b37c,0.4979959403243475
655d9a938cd682a0,0.5144983369254645
a26607cfecac0d77,0.5039426475944373
8d29e784c2fbc4ca,0.5220157480185009
0552a72825b82f4f,0.4940121108484422
8db26f10038d6705,0.47766966084179263
0eb4f40d8b4a0e29,0.5046417121218665
a1caff7700882d18,0.503489437409854
ee70a37197156928,0.4793642030404238
6de1b2f62b6369e2,0.519799827498862
9c2d074867b45c86,0.4880469822652227
36c975ccff63cd9a,0.5133679913233575
eac85b26c054de88,0.5082896840226934
318d374ee2d57a71,0.4965600536506062
ea743176167975bc,0.5007654809771283
3ab9fd28956b4c1d,0.4782523646061268
478582ec139d868b,0.5197872187529136
fb9d44e71840eb0a,0.48174056782238683
bd4fd0a37b2b9312,0.49973160696633534
5dffe03302a0fce9,0.5209559489156425
d94e1f4138ee9631,0.4880444074765689
298ced22f474a1c7,0.48922182593038943
0268d1d90c8858ff,0.4988009734590168
84cf6eb7514ea305,0.48998686799397284
95d0de11255bad7e,0.47661232791188857
9df308f6f0758e94,0.5158201439149022
b0fb6fef1f3a5762,0.5049451663777194
3fe46d292459737f,0.472493757302515
6bf62b52eaee324d,0.477465560665545
8b6a50f8f0d1474f,0.5151192614108439
89833118f346eb37,0.48334307709920304
48fd781830adf147,0.5116010225783276
209845b666a00820,0.4894940964007392
f23faebe09506cb7,0.5121930704445057
5f9584bc58bae0e2,0.48881223161843335
a08d713f9ab75910,0.4913824600015492
5c4f577995e30921,0.5230997951765354
db21d37dde61a7e5,0.5055576892844118
d22dc3977ccf9208,0.503265961159052
d0fab5e12cd60c77,0.4754158412116862
5293676c6774f75b,0.49794828319945106
d3ae1f0b7031a78a,0.4855121402384517
bf57f1265cfe2fc2,0.48814287906582643
468b54d83b570a50,0.496719858799762
134c07b69f25f030,0.5165885827996549
2cfa14158d7d3661,0.5003745169063247
a87b1a98b2c48b05,0.4842203236585719
c0bed62168e9892d,0.49624630720503393
fc44e0d5137363f1,0.4844305630340211
1247308f81ebf41c,0.47770099774189295
083caac4b6cb4eba,0.5222673351218583
a9d470ae3ce0af34,0.47134291778920756
935c423d001e7dda,0.4790022095120871
d096b8795c71a6e2,0.5308417208108482
2acc0dd1e03e59b3,0.4988546049255387
bdba30d6e4c5095a,0.48217234998224495
57b0ac86659a9329,0.5122149919039942
23d831dd1ba487be,0.48825732323663373
628b14a47b392334,0.5137303997908474
76a400c7177ea365,0.5075839066278934
86ab9bf8f20612b3,0.49889786040765216
fb26e948e7444ee8,0.5090575480498978
367ec7e6bfbfc6a1,0.5120494987485809
efb297fa666f7cca,0.5038969216274412
0a0f715a63ed4738,0.48969335779101747
00b759c30fbbcbd4,0.5143361074047264
4c133deea22458f5,0.525165700256522
b354cc89789a3136,0.5068991310452691
f3595bdad2050118,0.4854675980312515
2171a4f574746f33,0.4986511494785925
ce89301fff62a739,0.4882840139136819
f4786178a6026169,0.4974818567942696
e1db1fa3be2d2bde,0.4945267237106031
05b896a0d6b00e98,0.4695509003567452
89658e4ea0b49c47,0.5107291622210614
db78c841ae5796ca,0.50337126133338
6af4698b636d1c84,0.48321691791020216
be3f82b0567a0962,0.4758706334353389
1dbeb642447425a9,0.4738617533251208
eec325cdb9dc0154,0.506276122273682
cab58c1297ee8294,0.5184125141354481
97e9bafef493dc0c,0.4986101977711648
c738edb5352110f8,0.4927828808344713
fe298587b58a6ac7,0.5163996221698254
b01b2bff457f7030,0.5004206068525388
599065c0cda14c65,0.5115262759264134
feb91e47c3d327b0,0.4746240977752093
1b0d5c427077f7e9,0.49331873048663777
6c1338d0338c0bca,0.5214855390339224
aec29f6d68d9e001,0.4774777002167618
c6567adae6722bc2,0.5045110063434708
c6e04efe9811e16f,0.4878188545419895
eb86688c957ec913,0.5077515557459019
a450a6576dc20dbd,0.49565707311906676
b700f2322066f731,0.5120328478249097
a4302475b7326abd,0.5369783465176206
af5f8038b513a4c1,0.5000348327362443
0d73ab8c4cb1fa9d,0.5261595641061763
8ca59ee3a85773df,0.4870195485962582
e3f7ceafab0856f5,0.4731135987003202
2445f30cdcdf58f8,0.5085999850813439
23b0f57c015407cb,0.4819700848161158
2750f1a3f3525b16,0.4715964502390412
4d1502e6806c5f5f,0.49676782250518253
9cd2cc7d553443cf,0.49091700715821285
5e314b952cc18869,0.5039480558754654
e8851ddb49233587,0.5077317538392617
6339c240bbb14c01,0.4904202630293595
196ca6bac51b24e0,0.5155242113729345
ff664b7817ef187d,0.4753289315345941
1f50f2cb8e01a9d2,0.4884344955386277
f655a99b43cc6c6f,0.48032027745444017
2dc6d88fd87d67db,0.4986592372273682
b61c9fd4a46a6bff,0.46840456429469457
478a862e9bd10007,0.501448667596919
0b9c9bb9e3bd1c5c,0.47280351385164215
8ba72175f80e2cb8,0.4989499060818759
80bd1c42bca86409,0.5123289811834701
ee7025a20728385f,0.4966252615143576
a94a734822cd1066,0.4906337874414564
9e445d829547acdf,0.5100712618355242
d08fa8b4d19b0300,0.5245414427771425
8ef8adecee83165a,0.5229021454638373
476933f8311d441a,0.5240693162988159
fd9f323abdfccd58,0.49164870139997147
fde943f5062e49d2,0.4998121800809463
32e1723a53483290,0.4951795658285484
3189ae9ce5829fb1,0.5235563643363743
a691ae869c7c7c20,0.5060904857552112
aec6a61870dceefa,0.4985831327978041
301339e42c2fd935,0.5055943416956642
33bdb599f03ad3cc,0.4712265072384187
ef958079692354ec,0.5344311871496986
6b9de167c2e2a382,0.4979906840542275
81a3aaebe87a402c,0.4916626679424217
78734bb73a549d35,0.5022559938961189
801a31247ebc0426,0.4950758852941297
703c72ed057e80ad,0.5178760575621904
d512ce41ff14126d,0.4831970169200353
b14adfc6f2de5274,0.5062486875952875
3ffc252e11d8a5c7,0.47877860240899006
dd94c4e414636803,0.4869266714567463
089a1dca65e44b84,0.4982442326789348
95e32e732db3ccdb,0.49010838950494384
aca38e8f736ef297,0.46852150965659495
78b2b40abd748fc2,0.5062366430436047
2595c73b081498d2,0.4692754068414334
4821901eb98463cf,0.5200674555576578
81f36fdaf2813666,0.48660546847150693
1e80444ce87788eb,0.5108603450314105
47c976d0b2db324a,0.4846403704573934
76e7956f7212a4d7,0.48882741605963753
2f42d37419bdab8f,0.5169330828832885
460717034c7c127a,0.5135958104369239
f46b154a36f88b49,0.5106338171639437
af4a2f1334861acc,0.5250830901378172
cf562fd6a1ec6763,0.49972696850681125
a58fda4597ded16e,0.49033757815113543
7c5b545797c724f6,0.5139364748492539
cd2d2cade053f8e7,0.5062434370269903
0d42478d5f847ddc,0.49836572129002754
fcdbc1ca107a390e,0.5027005251401205
4a6cd78198d5a5ce,0.5194117474296381
13c39c2f8d3cd810,0.4720590099016687
c79d8a5d80e7f04c,0.4704806658450694
51a701717aef4136,0.525571273040369
4e8d630667c21f23,0.49871110448954725
9b8e9dc382061f91,0.485851139761329
fddd94710360c28b,0.4908574926152224
2c33fa5f3f2d5e24,0.4745329781579222
3ca87064dc34dde6,0.5085257028409371
c9d8edd3fb7bf971,0.4986747221873748
d582a1a34b5b977c,0.5307455105162386
2fd593bbcde3caa3,0.5182304542520826
d2f2308d5fd09adb,0.4931761243371009
dc6fdbb3f28f8f2f,0.5150199528378523
ba8e32a15085aa3a,0.5221709794007721
3ecab659633b8be1,0.5284437472990463
80f14a6b7deb5266,0.5021063457673177
6809016a071b3b5e,0.5196427372246262
d26156516af475ee,0.4934767061475488
7946e76f5438edcc,0.5068382651651009
b11ee2ead8527494,0.5080434986776294
03e49d963acfe851,0.4830410106605407
4a3e2db752cc071f,0.5310294040695284
6e5157888073a37b,0.523730929909566
1f7bd653103f1863,0.5008420809939922
5cc0f066c9d8a28c,0.5221784647357589
61240fe8a4dc9a2d,0.492926045745518
ab6cae9885409088,0.5194662689169587
c4e40432b0ffcfda,0.5117302698674339
1f7fbe6992fe8f33,0.4880075155510494
94953e6bc4d48c7a,0.4894269191629923
e1f4fd779b279dca,0.5120688600912839
38ccb655faf1cbcc,0.4929517492291313
dcc976ac3a08e676,0.47281532653947494
8a586d58683ab8fd,0.5257045660273494
9d1f98568599273a,0.47315513981891266
f5a4bf16401623fa,0.5137022371951487
42c6f25951f7db7b,0.49816988051878874
673b99f498fb7880,0.5029550769874631
e4f2c6820273bf2b,0.5224878667264441
8e7d37f34a1f3efa,0.5216800892120206
ec4bdd78abd81c4d,0.5072869526815533
a15343296b9f6f42,0.5119790982996331
dd76563555eb67b5,0.5223532791720137
3ce8de8291ffa6a6,0.520016007681951
1d036919bb298ab6,0.49127816873111385
9579b233e83fe284,0.47808548877493234
be5c561435858f1c,0.5217093687189116
5cf1d9bf22b73559,0.5169638610767209
d5e3e7616edfb5bc,0.47528728679603816
ad00da3aa56f4d7b,0.4689583079913268
0ccceb1154debc59,0.512071903202344
8e2c8545bf82cc60,0.5307540502531629
d62e1e8938e1c97a,0.5245458040958524
a8dc86e602a746d3,0.523783580902475
c4329a7f54415286,0.48928339461207737
04ec4184a6a2f40e,0.5213904281988477
a8874aa6ff7ddd20,0.49079075648811576
c9a607048a5bc5dc,0.5341397517950374
002c27108f6666f6,0.4976444024139945
e4f6a20915cb1601,0.4777762809512841
bb014c28cd6924bc,0.5058336241074513
196e2f507f594bbd,0.4993543819888891
9f1be9fcf021fb5b,0.47996069502770866
9391d5f366da4c40,0.5098390719327722
3453a5ca3d904777,0.4953286657751462
686ba22e52de9068,0.5013451545901817
3553eafc050e9c0b,0.5024786501675413
edab086e1fc56c68,0.5261587850010008
d79a009be9287b82,0.4962466760120351
b86e1b1f8503684e,0.5206511970897567
9ad70763cc07c36c,0.5338810787310865
419885390abac7a1,0.48825076779578874
70bb28465e350bba,0.5172771272769587
d2fe3be15c7a040c,0.5173766203991241
df051580b1fd88ae,0.49956086639602293
799dbb3bc5de0bff,0.5171902120300067
c18575ea64f02a42,0.5230734474777617
bc265e458d29169e,0.5214489565372676
d59c94219a63b100,0.5123220900668657
0b79c6776df906c4,0.502536312531534
1bbd089c39955fe1,0.49597126328368785
e07ee63645347087,0.4967734767649431
6795923abfe3b196,0.5192411813261957
f23bdf1e94c91124,0.4865761659927992
a1fbaeecebb55865,0.4795639699512045
bc95d3915a49249a,0.4971048335880044
c565efbb2d18144b,0.5155244945634737
321866d63b3b1b00,0.5107907677340918
50ef5d8288aabf7e,0.49738285667841653
3948549457628975,0.5305961080868198
b958074c10bc601c,0.4851096838016128
f075bd7b8efbf058,0.5005767898651168
f05a42508ffff350,0.5162511984402335
3c1c900935bc3285,0.47211474272387755
cba59c1afecb3734,0.49002111594460707
013e1691ae9f7898,0.49110054850097057
ff4fafab1f01bf0d,0.5176737613985045
16a52132c026c176,0.49069482465394887
7e6dc3264a60f3c6,0.48669402590002087
fde7be20171bb23d,0.4837663725232117
4709ae8a61f423da,0.5121384039677284
f2f7edc4fdecd842,0.469096318833188
81421fdc47bf7d1e,0.5004354241422757
e130b6363bcbe974,0.47245511121553874
8b5dc994eb4224ef,0.4984905689363589
ced09e40d6cdb2ec,0.4906599478232644
b65873d2d6509482,0.4928063947752313
d663eee7b55b1c09,0.4855865989765853
e8ac634318c1c070,0.5105021547046638
9861a481912689da,0.4979424647162216
c170f4b630a3b239,0.5290074059944718
31f66aa5ebaf2ad8,0.5244405883126169
31bc47bb1448c433,0.47752281505356653
79eacc58c9cd0f29,0.5152888254895993
32cb3b1b23ea545b,0.4915639385560454
89357b6904f7d6ab,0.5028466557771617
0d9d1cf89bcda082,0.5161462860858383
7c15e3fb5080a6af,0.48932438583294946
a8580d9f4b1f100b,0.5324812394858178
ba1c0d81b8bfcda3,0.5026912945366013
d5c76d632f469288,0.5254460558089697
4faeee72bb8b4acc,0.4926015056223024
10875f7f7d53acdc,0.5054055598874785
3fb5a4da63283ba6,0.5169247501292208
6551e600570cb09a,0.5198726004614245
6b4949612595764e,0.5017464604258869
d45b6491898d0fdc,0.49263190004037716
0c40fcc6d696a66c,0.4973419763748813
74607a92b5ef932a,0.4908704712547232
e7bf586ef35ff70a,0.48921950530216396
65e0da070f27aa66,0.4813940972542131
38a09fd79a425aac,0.5099853908070915
aed136202b0b58d4,0.48925026044837194
5f5b7b68b01d1299,0.5252992830493218
cc5db835afffd307,0.4871421695873299
d8842b37f5416b48,0.507293342579301
d8aee4335af252d3,0.4871171213523415
00494862dd9b9e04,0.4897364393066912
95d5441c82b1c46c,0.522488657996194
c6e492bd428631d5,0.4897209845387539
598200ada2678880,0.5209652365236807
8094f4dc74add0aa,0.4876194629061028
6831a0024a1dd23a,0.48343470639467934
d56926e610462f66,0.49040012911963987
bbe39148bfc2e434,0.5142554168466159
1a07a83f589de802,0.5086244747004958
8210d5a233d3d65f,0.4766378982244314
ef4e598f566c9558,0.4987238125178235
c02b919584ea5cd9,0.48745430048384086
68bc1f08eb5258a7,0.5236909948661315
d57a9ae04f68912b,0.5029677934836406
fa41a48959374ae3,0.49288712811843616
5e725dcb74b4e75e,0.49005556641535464
121dbf76a9cf73a8,0.5138096814125712
a2383e552a5f2313,0.4833093956221929
378738808b201e0f,0.49078982560682344
9642ee1e267eee82,0.49978572707411306
e55cdf82fcc57177,0.47995242083943446
2103c3d1e5063e3d,0.4848889474643939
02004dc8e2729e0a,0.5022836399309955
95ae4af4bade5009,0.49665751733683217
8a4e103c92d62a5e,0.5271271392393044
c4414b2ee31b7e94,0.4986502231028885
0866387e16259486,0.5073059715841162
f0b7e616767a0197,0.49340746079675396
a86d2f80a3468f5f,0.5059483659212993
691f9a97e9645bce,0.46714013426790435
2f2e7662f26d0933,0.48494955151486485
72cbdcef4a6b4f07,0.5175667391708209
3ca15eac9b7ce8d7,0.5204476814934629
d9f713c872a26c76,0.5007391616246578
38c5cae3c23f24a9,0.48897296889138875
80e12c9a6e625e7a,0.521169047798997
78211c4fb5585628,0.5268226164477798
59e71eb2f5c7c432,0.5215228765842396
b7abc4b3e6ff0e3c,0.47090871683276836
42eaa77ee15f2ca3,0.4805075395220134
bb8ed5a0931148f7,0.4737661864110494
2ca7468532706e2e,0.49521573520782264
98791c70677eb76c,0.5126901502165562
e7ec6ff3f296ed38,0.5023539540762464
7845f67130f900d3,0.5066371004302331
fcec4d0ce44eda40,0.5038875710971218
0ac91fd23085433d,0.528026846353781
ff61891d90f930cb,0.49110170502672157
41fb4a2210a6066c,0.5225041144470859
4c7ebaf834966e32,0.48313734806278547
81aef88d712fdd5b,0.5136331259528744
36b0ae34db90ecd7,0.517989349610007
72fff2ad28f42426,0.49511765722429707
717207649c078f67,0.47928284062179516
925d6e357d7ec158,0.5174117669275761
effe2d48627efbe4,0.4988907649920067
0577c43390d4bf43,0.5192005810083881
546cd9bb6f2ba820,0.48227268342663276
8a47c92c6443e7e9,0.5256040726868457
bc9467bdc8642922,0.49730041303854533
af91160b63f1bc90,0.5090918059183105
464ea9bea5384944,0.5125283575425159
b838b4792a3c540a,0.5042659962217497
11fd6e717c95ce29,0.506036033820876
b1e2e5a1c0f42f8f,0.48872939594952913
222e74272be1ccd2,0.48410043784413165
21a85a0b474e45d8,0.4995949574514103
5c5c76ce21ac9a03,0.4867155218376219
98c3f3c5243d4fc6,0.465454298646644
745be7354fe05a2c,0.478139439855451
ebf17df229daa6aa,0.49931030650683045
14929f1035ed296c,0.5152402524003525
af1bc354186d653b,0.47648308395955696
88e44f6549d78a5c,0.5007482283868863
1a5119861af7675c,0.49986139463298557
4675a1f396e095ac,0.5210672354179349
306fd63061172f24,0.46547574933470165
68fb9067ffff02de,0.5221039900524012
93665736b22ae558,0.5012891260803815
2f3252e131fb28c1,0.5147310131644072
a90bb7ef537f3ccc,0.5035988094946748
f8c47e6a1ab0bf1f,0.5017027205201872
7f335ac0ff549013,0.4761067949019841
e9c7c37b6584e68a,0.4904049020373006
e2f8c99b54c930c0,0.4720702735212622
4f0ffae34b450b85,0.5078556489829607
94e27d2dbdf9010f,0.5151029941819811
db05b31fda1c2b1b,0.5152953391564935
af64ad7d713d5a93,0.4963676835808751
4d1462da71b0efa9,0.489721569584862
04fbab7984c52c30,0.50822009438942
c01a62e78e6d8a2c,0.5234321718889674
74f8579fc40b2d7b,0.48691585133854876
0eb2d3b71cf2b61a,0.5231321643739408
57788504ce4c82b2,0.509548338567288
9e7dfd444a9f30e7,0.5025517007182205
0cd8b38e5a4b74cf,0.49161985714422807
e8c1c982ff8a6704,0.4938570243545132
36bfe943ee63fe65,0.4897694601982938
998d9f62a717ccd1,0.4706722151933444
8069d4397377adbc,0.4839164813599918
ba8f312910226da5,0.521833235925906
37faa0207a18eb20,0.5134826635807928
c16962d752780184,0.5251522184050114
f1d62e28f903e96c,0.5037991034136216
8cab416d1f2bc624,0.5243331240059941
b791af74c95ffa06,0.5229005102180369
05b113e465a98080,0.4973292066565484
b17d9630e851487a,0.49256492914452427
92981268f9d56f38,0.5158271847733393
76775e095989aebc,0.47616409035786944
a07f4266c4b1cb5a,0.484156632421453
7b5b1f94772d1b60,0.4875091052542462
4f8ef604a40bca4d,0.49387663755429323
673f3a4c0bd90267,0.4805905524872768
58139d3ae9373ae0,0.5159266345842726
c24d1452d22e8db4,0.5016315689936
441d9763fdc1b0df,0.5251939967687956
d2987a3199c1109d,0.5178492914760917
cab99a91ac2562ca,0.511137202392949
df1222f0cc1e08bf,0.5069461757751874
bdb610f14d1f9c0a,0.49110078514290373
d63652d83092f4cc,0.4891607604487147
dc121e137a206780,0.4966448401655808
e5fde6a720ffea60,0.47749813748334186
52f7118d77a951d2,0.48861971182057984
1b60cd7738483c77,0.5103679381748956
c7ef81c5ec66b855,0.5292900694415881
42a4005911b6abb2,0.5311067800467388
926e4ef2979d43ba,0.4770775879695135
936393261928dd44,0.5088729509101665
90b3943086a67cf1,0.491895857359139
80b6c2497708cc79,0.5058854527045183
dc880492a16f61a0,0.4764370747608902
363fa6d193ea1791,0.47788963450920796
11443cec444ffbdd,0.5248481059459369
174e280d8c42163e,0.5226025722248044
d7fddec00bcd1345,0.5033989517351913
2f2a0292483de945,0.5205099021829738
2638757dc8ccf105,0.4762573212760429
af967b1ba12837c7,0.49040202594320864
6cf0ebd8925305ad,0.513745762256777
0307e7dd94f223c0,0.47655908001506775
d86f818a421d896a,0.5216535699204247
95c76aa135d94e8b,0.4771567743569125
dfb2dc72331615e7,0.5139868767446514
b488c877787792d6,0.4913762603428017
5864514fce7556aa,0.5257613505573973
7db51b9dfaa6c3be,0.4879127580644718
475afd5ca8082909,0.5112038122813187
aef3fd34396adfe2,0.4766928293244051
e93ef7b1eb85a270,0.4966929597482491
e643f5e629c7ab40,0.4731002112245192
e9234451a7ebfa5b,0.5123625105364614
e8b95693607a1af6,0.5101370434222865
362e59ee5f24ba56,0.516408636827298
760d3c489cbc2365,0.48267697566022544
cdc43a10fec587b7,0.5045487861218281
436bfce1b2e96ebc,0.5106213227389451
8364b88b9aee50f6,0.5050538248434955
49b33a422ea5bc22,0.5130293561687315
7c87edf2fa4449ce,0.4737263531503814
ae4d87302f77418e,0.4961452951734506
80504f5553a663cd,0.4914218214556495
285102ab56c81c9a,0.5019088044458109
ce75929520b6600d,0.5202013849294325
90e157fa590bed49,0.5291853789544293
72308a9b8ed351ac,0.5208442827596891
67da97f4bf5a43aa,0.48916364447942884
7a2c3503f50e758b,0.5276230639063468
7c277b093ca6e70a,0.48714382988550425
e17cdb698e7793a0,0.4908325941512013
304f33ed70c9905c,0.5172867771007112
f671940234873df5,0.5035678389936822
4c60ff51f1a98ddb,0.5003698757595575
357333ab581b26a4,0.5016586001604805
c12b50c410a56d62,0.48177140385324635
280ee73ea3f9a150,0.49716684740776984
9794f61f2b35c374,0.47553840401571484
99bef954535737b8,0.5112416271035218
164deb1fbf6d3d15,0.5122519275743379
17f64dfc919c257d,0.5037156107205925
177f1a78be284fe4,0.4980400170197787
6575a6e55c3aa52b,0.5074642134894813
e1ceb3cf89c78b04,0.48739944684948144
2787d14ba4491e60,0.48995385787705037
47283a11f402ab9e,0.508579770216707
3e13ab75e759c66d,0.518550517162367
565632830f202280,0.5134006234044494
c60dd36532e24523,0.512372335733686
1bbb760f70ac35fd,0.476912203201864
5952ee73f64f8e8d,0.5054490258965932
0d2e12deb5dc05bb,0.4888693258018542
93cf50cff9e70197,0.503996818204565
71a0f1d3a79f9279,0.48329755707307104
ff1b97bfbc1de495,0.5158168544395041
152d66dccd700ae2,0.526166036276756
af9475d72cb09bff,0.49288048917767613
50c6ae4f3f0c520f,0.5270363333302485
53277c274f93827c,0.5245552720473915
65c28bc2a138b604,0.5172301791901115
ab3f36de97ff5288,0.47138262529957276
6e673b3e05a86556,0.4793002472023878
29ade739f5ac47ef,0.5003950775513044
d6c96030b8564b06,0.5037444281107583
5ffe88ee98e246bd,0.47762569457012327
b75847a46dbc7758,0.4873374118933822
fd4f072e7db648e2,0.5321719038467339
3b600a791eee47c3,0.5072375796832754
3205c60644f3310a,0.4869009807923803
37edd7d198365da8,0.5221967040018674
4aed77bb42b6c35b,0.4869417231930345
70b9c5d2c47a6231,0.5193481037916865
5aee71b30cf4e773,0.47918704772736
3b6034955fe901a7,0.4832184947238857
53f7e37ad065a1ff,0.5174382809835036
8249af221f0dfc62,0.5011483130059146
4a798f098b3ac80e,0.529171066000957
7859a3365dc11f7e,0.5209436000353729
0d6ab61f58e22d8b,0.49473484207304375
d90f47b845ad8044,0.5057781615982653
908f76b67c5d77d6,0.48094815819293857
2e13d0c9efbac24d,0.5028629690164963
fbd3509fdc1e2fe3,0.47902011564057845
d0c07aa05dbee8c0,0.5056643257538675
e2066400c0c997d5,0.5099419356257848
9d002016fad484c4,0.5270677478981918
18105a09ff042e04,0.4963930939390324
97dbf62f03867f4e,0.5115348944879978
008e7b56ab9053c6,0.5196084035032877
e382e61b69858e84,0.47242813154844165
a02b2c12a9b232a6,0.4945722828834258
5d4eefc602f1a815,0.4978903876365558
8c8faef5bff7b3c9,0.49251216688808996
8ea4fb1f9e66fa76,0.4751695117015048
22a32bb8f8bde6fe,0.502067693371832
6a655866f90d61e3,0.5075312015593552
b15548596622ebdc,0.4769418299492577
e6426b5a54e4a972,0.5133174948551631
2bb1ea15970a2de4,0.4656686798488975
5b2c1fc3ca8dca34,0.4941134244596721
b26bc3d1078e5a5f,0.4936260040966749
9db2f38d40ccfed4,0.47630202748563144
8481c054b0537a7b,0.5168175191894533
c4016925a614e39a,0.5131206788631179
a6145b00b87ffbfc,0.5119992296146547
856c1f1b7a16dccc,0.4760995253159566
5db9aa657576b123,0.4696468949383853
e6c91e69fe022b81,0.5344542678633125
18323213899682a7,0.4858016298387517
84aeda77a9eaf7a8,0.5154812793180299
60aa7eb39a1066d5,0.5152700650473969
011908fe41b2ead8,0.5335357823408358
95a236faf4cbd0c8,0.506069108397361
c58d93928c4b43a9,0.46386953429114364
e3d5116d0ddea646,0.5177546486720768
3d33771711b587e9,0.5156039764413769
ca902179e21ff302,0.522575995443683
4b2142ee3d149d15,0.49953208010281447
d78803f699e1394d,0.504899940505325
ef2d9881a6438977,0.46729752656394813
3b5fc032ae2a290c,0.4897537681988752
9d5473cf79999f4a,0.5119810396546618
9aefa72a94558b66,0.5158540769456463
78cc36a16e5afd3f,0.5053755585301464
0628d45dc33a5639,0.5138913953322173
bc63ee6da23c5dc0,0.5103246324492166
5a69761001b7342a,0.5050713367527133
f5384c1b33a306d5,0.48074760481791173
9f4fb39fb6e8b6a8,0.49866778417083446
f7787ed37e4b9d05,0.4960373238296095
eecdd457b6c7edb2,0.5047284071519745
f36c01f2f7fefef6,0.5260034687546272
abe3d414c510a7dd,0.4981499182121743
d1f7dc9b905e0fb1,0.4654852387104934
a97c23cf1c8d474e,0.49732062664353716
fa77ebf418dd2361,0.47341454501098207
4fa91df3f09b649a,0.5198689857353311
4c40bd5075d26ea1,0.5260271887956351
559cb0c10ea413cf,0.5096340083215424
b07714f5d0a305a3,0.5279778173500628
ac26d06332fffb35,0.4742692734366003
f3a18a7976f15c5b,0.48466332131957346
bd610a8daf3173f8,0.47604497301788373
b4db2ea448a373cd,0.4856236818231985
a9e601aca0377220,0.5178283996935034
7580e5af192dbd01,0.5200476435395791
3b50e09f1d1584b8,0.5084808391465535
e752099897ef3c84,0.47445469357371817
9e556374eb31bdcc,0.5071696563139249
09bf3001382d4d51,0.4811810134283328
ac4f9d21db6d0551,0.49392479043615595
bab162c780dd5d3c,0.4924830460348079
1ac05275c95e2b9b,0.49528816810557574
ba53d76ac3815303,0.5218560157094048
731194026ddc8a00,0.5085522368712398
565ccf55ce0f19b3,0.48175033632871844
c610846e274513ff,0.5076860799735938
4f2f55e6f8f022f8,0.504657434743519
171594c12d4f22c7,0.47373317039864427
fd9a29be83f07915,0.4791072603383458
0e69e13d2585552f,0.5197306576873666
8458a25c7d299656,0.4853052687654585
36510a7e2e8cf5e6,0.5045925864733634
4c689c2ab0b1e458,0.520014124116363
bbbb01b896a60659,0.5025942526704479
95a6091ed902a1c0,0.5040996247850891
226f1fdbdf45c3f3,0.4906186402600456
b3776535f92034c1,0.4928266194651014
e136a41bbd9d2ebb,0.5152683395698627
2acab7498f95984e,0.511950825832017
5a97d6bb500166e9,0.5036395747780282
53ad75887ce27a2f,0.5043772373099734
4bbccacfaab6a76f,0.5086720708002911
8d5dbeff654a20b3,0.4695620642809841
885918cc4b58a92d,0.5061415750364697
c33b954ec9e9d53a,0.48039359613818466
c73aa72e6960366b,0.5074077535366041
28c265c8e738031b,0.5343585076031161
16f59244fa16b9c5,0.5194301690752454
ab1bbd20f2288ef0,0.4927560265132196
21ce9f486720b00d,0.5070573185870859
ea98936cd5a062ef,0.5170161624932132
092b99905affadc7,0.5128312648621005
f8a1935cbff0e3e2,0.5109421920073022
557ff2105e2227eb,0.4793259406568253
e28b4c1e7eede953,0.47368463463945687
afcd2875196e3514,0.4973937757807401
622d0c5c885e5d67,0.5113084076061324
5ab123deb8c8e0b9,0.530921418427428
d70f7077ffdc3675,0.5143030309824752
ec0e23575480409a,0.5063942124680547
c42b1312f2466d13,0.5068740673414938
58f7c9cedf508963,0.5339157722893804
483a6a2fc6820e34,0.5067374210536598
9a410bdaf99ab250,0.5384925356453909
27d8448c7743312d,0.5098585365338263
d22510648b60b80f,0.5433533820019141
cf71cc1d5beaf427,0.5255917413627751
b16d96c422e7686d,0.5057477045029833
f3bb00d62eddf347,0.47261797260177235
e7ad214e8e1b87e3,0.49645570359672425
a149a81fa46121c8,0.4845052596891572
954ac0304d013ceb,0.5127955670186133
5fb61c8caa291bb7,0.4720319203369474
b3e6b65c022e07a8,0.5148622698379565
014590f5ad393d98,0.4886525823482393
fd3098a48d0565da,0.4646897218343313
597dfb91140f7a43,0.4729870416467866
29c72ad86d92588c,0.4910587754328381
46403e8726688e63,0.4726151671077996
586f9bad93615a9e,0.5252047039456547
518268ad7eaad020,0.5126859915327844
eb68006674ff7853,0.4985938779936713
829bf94f3c7511b9,0.5089289394300851
472338feab38fd63,0.47090859897110104
e2eb7c00452da3bf,0.49834853983118343
264d5eac0a3db4c1,0.5083649017785162
5dd40ed8f6931f40,0.4962497194744245
ea07294f7b9321f6,0.49557963622301093
800d5b199211d908,0.49286906784363804
c26171ff73291cde,0.5263283290556808
9b039401395029d1,0.4946778102155005
149773fc93e82e0b,0.532325966876299
377962b226c4354c,0.48888005481941993
b33ace47f8c9cce3,0.4812577956087565
5898aee0357167ae,0.49474830842149137
5011475bc46160b0,0.48257809730665563
49403fb05b28bdc1,0.5151447414128181
d64f9b8328cadfcf,0.5169750613010233
8347b5a18bb84a35,0.48526351337691864
a72c9158377598af,0.4902850647543366
346932f67e7d808f,0.5190659213696851
e4962aaff0cf97fc,0.5083318210649024
d63549a6e599cc24,0.4736768293682785
d013eaf626e99575,0.509666089171575
a7c0072db3d224b7,0.5155622994370499
b87493b15c6b1e21,0.4884630210955451
cd6d6ab0bf1601eb,0.5008984067955036
fc7b0d78438f45bc,0.5127788089239784
b53e88867e63ec5f,0.49772680726193214
1e1e7de7f17a14fe,0.4930528914292021
fff1df28cf047de8,0.49019152298998314
9a4279b8c94a438c,0.48841394652522985
d1a19d29c2aa4b9a,0.5163681035277607
ea65ca7ec57132e3,0.5181382381127189
35cc6e8b29ac28d6,0.5209011042941736
35cebb20cef64701,0.5191742499952012
03c27c6fa94b88b1,0.48061666754756144
654a7847a4c3d0a9,0.5221344323232863
d82da976d107c4ef,0.522183524237289
0f7cdda5aab7cb9b,0.5009742275632324
511e61b096246922,0.48433293950137923
9bd56be8ba9524b8,0.5242162150795477
08980e1d210b6aa6,0.5178986092007919
c84430f350b3a159,0.5085042020429904
152edc8f6b8762bb,0.5126166824576486
a4a8682aa22552a5,0.5090768145935818
5448387d25232e4f,0.47979722855929485
86b5af3c99c2229f,0.48674175779986073
a243c84e17ad5313,0.5059322820505174
1cd4111d9e2c14af,0.491400689385869
d6596bfbfd4cc049,0.515655428946066
5f6669357f9d2602,0.5157547753169851
8ce4d3415fe4440d,0.5115803190518692
b7804e0aef5425ac,0.4746509851968542
a68ac8503924dfd3,0.5099184274434033
0ee54a169cddc5a0,0.48490420113467475
91e67962d58a2196,0.5001250894348152
337f92313341198c,0.4958489914097333
62fdb17735fc24f2,0.4937313274998903
32070e417cceeade,0.5026246163960228
d10e86cc3232dbc9,0.5316407749851928
9e379ff80b817265,0.5085601937780035
cfff3503c56dab5b,0.4777759412755082
9f21d3f021ded79b,0.4823619502976534
5fe69ac7610324ba,0.5089131939771475
fda80e0f061a2a2b,0.5096158849033827
e5f50a39b4e83fe7,0.48958799257443375
b7ac8ea60b369ad0,0.48025543013544525
f4aefa9fc2e0d241,0.5215380803400048
0f32bcb05a22709a,0.5172353000577895
13334ae771ee01a2,0.5113834378239088
d2596a53564c0b21,0.49587721195939793
1a90578444c1c9a4,0.48977196831829295
38767f6c13ad1bfc,0.4892762670214924
8d312d36ba150056,0.49231241515132196
c4e9fb7cce4bc726,0.4952028195831482
9ff220beebc71a5e,0.4880624262327728
24bb5e20d933da44,0.5028799905021031
42f6ebdc63da37de,0.5163238731641742
39f065a3b51d8011,0.47991857858369935
adfccf4de2f8f9e4,0.4746586601127407
bb73756443a5eee4,0.4882939302852316
0d9c7ad016175e4c,0.514897843190786
01d6dee3fee929b0,0.4682781605100004
4c94ce26b7eb0794,0.5132558143015498
184edb2637a41d50,0.497750179568862
b14c8ed6d2ad7039,0.47386302665855
efdd1d7495765245,0.4752283598818572
affe3b0f590fae77,0.5132356056837251
3edd7de677b91b05,0.5031867691178165
ba9e4528463c5dbd,0.5044411980803347
8be8330f2029f548,0.4935642116797051
df6e6d77a02918af,0.49368967347937676
33d9746c24d2c070,0.5044552646900347
e51c785618029ad1,0.5056811006969009
d53ca1e375f1420d,0.5090563449326956
d4133e84363708fa,0.5184243672347582
094a4df459f84f9c,0.4854732448873825
c95b97cbc9622e38,0.49856064143537177
8a243d50081a0a41,0.5185473569008682
f6f2fd05daf66b4d,0.4865570725243771
3b5e52e54ed29ece,0.522441026117331
144d292add5f41e9,0.5060970024778165
49aedb77fa2fb4fc,0.5035442815531717
81e5d80b657413b9,0.5130415736722824
fb21fa126522b6e2,0.5110118097023877
3451b921fd37a93f,0.512526697110665
e25080fc68263c8a,0.5303033179742298
64f0448c8bc4b1eb,0.49097806475639316
ed89496194aa19dc,0.4875859951146327
fb22f7c013b24779,0.502337226538721
1590a07714e8a656,0.48166756690001805
54ae2ffdf139cc38,0.49454108903104316
96bf13f3fa835169,0.5101768816684078
559cc1345795571a,0.48944851374024506
325ad194b9f588f7,0.4939474777171319
13ff609306472199,0.5159607703853452
3c87f31b6953fbbb,0.4852206819445357
2dd14f20786549ef,0.4944609822319749
be72fb5da729ec70,0.46540145937703936
dea2b01ff6868477,0.5101463600878564
c7ffc036c6fcf66f,0.5123115170139517
67b0cdefddff90ef,0.5216173764570754
eb949d7c7beb6354,0.5069287638441016
72dbbe8ab710128c,0.5187966212320325
fe50a3aa77d27195,0.47224396323995155
b7dea5f446a371e0,0.47367771144388593
3b6627fce4fa7c6e,0.48160001777727957
5766e8d8c783a487,0.5155042454604783
818813e68f11c85d,0.5044087174994378
4efd1ededeb6af5b,0.5059386640356361
7339d8d336c0728a,0.49610307165959205
5932b86b513569c7,0.4926247602869318
667e3c34655efebc,0.510807653099173
211cf2ea67620b3e,0.5306213423842703
73ddd41ae18acb03,0.48449536539139143
b7d7b9bb940bf7b0,0.5057926533870918
672de9994012beff,0.4839292820621712
1fcb989eab73caf4,0.4617950691468139
1a8eef4f4936cf0b,0.49751095048719995
181bfbae0ed5b503,0.46850836674563867
0144b06a9d5772ce,0.5335548615264227
a6d79b35c359d2ca,0.5080177369452762
adb1f5a83ffc8956,0.5224347491660633
7fe7578307634c36,0.5221569969388048
ef916f6bd9bbf8f3,0.5127234375994004
261b4b9303f16955,0.5126180613065074
bdd3d57f2dcbf24e,0.48941090438246876
87478ecab9990b69,0.4929115694546129
00903281b49f7885,0.5263864345354633
faa54ef489380476,0.5209394893140948
afd67495e65ca43e,0.48213057436568707
3cfeab5f2a521bd7,0.526764892851316
f889243e554a57b9,0.5019088115855147
1633226e5baee1a0,0.5325914804482487
09429539f12260dd,0.5027252324379741
4642f19a02b65fbc,0.4670642786774102
454379600a0d58ae,0.511499720132525
806b67c9407deaf5,0.4749163676800041
64147a091385f1dd,0.49041420511241174
410684a9ca496c4c,0.49540789410102104
198aca03e558bad7,0.4995509371452427
19112c76b72e70ac,0.4975884236764641
33cdd595d6f64465,0.4888394567261287
b678efa350251d1a,0.5212826185797507
2773ef74c8379c3e,0.514475288493046
21a85668c56f4a28,0.5124526893289706
ad44c67c941b730b,0.48347204696814516
afafaec6ed7cb894,0.5087412364455312
7b2afaaec11da7c6,0.4860154575100223
14f8df83cb5fb959,0.511735237947851
2fa6287a9d075ec1,0.4831811260012038
a20301029a5e8b78,0.521291503075591
64c226150b42ee5c,0.5157385784054638
7012b66ec38b6038,0.4805410730926742
334a43b3d7746442,0.5186895095883856
3e39b50358f01b64,0.5169963654383497
dd424dd258080c0f,0.49845150480824607
b6815449a050c02f,0.49451361280149225
786b0bb1d7a4dfb8,0.48949407536209233
bfadd1b4779947e6,0.5144942853423905
23bda92c60bb92e1,0.5274757078383869
20f374eb224e1a7c,0.48817016120374784
04bc6e2ce35edb4c,0.5156790112727112
f5fe2d58beb86d40,0.4832831126349104
203f3df885ff03b3,0.478150666631705
ac5388e6680db6ba,0.48815176642029035
20a190db150bd0a2,0.5041064993017965
03b8f432ac8e3226,0.4945934787169647
800d13aa581dc05a,0.5279128899227691
32ad97494e39788e,0.5145046187953473
762f69f875d0a0a7,0.517598761689851
7102288564065a58,0.5374077466162671
a244d35bd0a46b86,0.5055472941756745
9fd85d10d8d80cd1,0.4903243336116549
cd37f417a290a412,0.5014898594201587
087a61efb373df95,0.4874532950469719
5cc1bb67fc9fa495,0.4846722861036618
38260167161be0f4,0.5070879868794662
377d6156aea5f7b3,0.5188715550826601
de73631ba462d9d8,0.47455933102895376
c6ad617675fc82bf,0.5269562143597506
53c0301b075c4edb,0.48458674984610056
d5d5bb7bc7475a6d,0.4934054074772543
2785f7c003032f79,0.4885770694241073
bacabfcb41e851d5,0.5208347744840767
930620d9c45cfc16,0.5117967612326082
a2253bc60bd26111,0.4971432982500699
48be98b0da47a60d,0.4758927571767219
4192611de72c647f,0.5205169755282626
0a3e55a0415cf1db,0.47847188336507296
94a41eaf6c166f8a,0.5042515040781659
65c588ff0e6a0940,0.4851343708200341
7316f0f5207cff7d,0.5176520374308308
fb48d6120d40241e,0.47398104415510883
83e835be4b7da5bf,0.4823063330868883
be007ff41dfe8e33,0.5264592177894133
ae762981ec3e2222,0.5211582080748918
9cde4da63a470364,0.4701029922351009
1e641e6a0e15cb0a,0.5327822995964336
f1e1bfceceaf5b3d,0.4919118664789709
b33a9dd2d6116451,0.508414984575772
6a00f8682a96e6c2,0.4857458665536928
4889bb3fafff04a6,0.46380817023754684
d83965adda3948e8,0.5347175328090468
35ebd3eb17d43331,0.5131671841615115
4fddbddae3f8c321,0.4855545237512545
279f5d02ec1d4618,0.5133251497041289
18dc05e08437b19d,0.5168042752995042
fd5e41a3afe867c6,0.48830097247015236
4dfc9b4693d64425,0.4948835202612658
38efe84b2371909b,0.4684603446955052
d5ab3634461fbdba,0.4910483113006806
88ee52d04ccee47b,0.521754739986934
311d0a7d1bc40182,0.4957387782640409
ca3eabbb86d9d394,0.5099483254035664
0839345320590491,0.4773882259824206
3166da0225b35bf6,0.4941086855010201
4fdcce92f68b7529,0.5109299032815215
4c0a03f188fa9938,0.5051253058624405
efd671b84d562241,0.4828795690504982
a1be96b06611a4a7,0.49416088671658637
7c15209ba7808ba2,0.5105373206967775
b4fb7e75679d28cb,0.5194459201854471
095adfc07a65ed27,0.4881095962554087
a19e6a028348c708,0.48361426383587525
bb5e510a6639b43f,0.5005638867443498
fcf27b9cd834eeab,0.4866516985588287
dd9e809656743e04,0.4866758617790373
9cf20fc9b8513a03,0.5155779539058943
d929256e10f5e94b,0.5007726175823173
c7372107d1356264,0.5188639402150068
fb002ae965e2435b,0.49812376803092245
891d7ae2edccb735,0.5159363316301557
33b3795f9d4a8ef6,0.4758562359331041
bd1c976bfd04983e,0.5148216034856012
22d26961eaf80875,0.5274231216083836
3267d0aa9600286c,0.5149202283762606
f85b98ab9c2071aa,0.46444028637307155
4b4c86d64f258caa,0.5320999593725836
af271d6d690a0b0b,0.49081119086179614
8b1bdd0f68e6ab19,0.482380137805194
aca740ec2df56ecd,0.505632004222468
66cae06936335046,0.5042330559114554
8aa96ed1f09b6e82,0.525551124074889
fb089d648c0fd719,0.493780848368528
b3b39f3310bed9f2,0.5006826863486671
4c9ddb6a1c08a7ae,0.47912590497373075
8dafb6cdb58233f8,0.5229668206707276
8512f25e0995f115,0.508739632601745
3e89b24f6780dfad,0.5230549942844667
811b5cd3d60f8f01,0.5017502893670858
8cecb78a9a20021d,0.4938369288734007
c726d19506a1a864,0.49249082490142193
bb71d5690f654fab,0.522509499019362
01fddb547603eef0,0.4954281148285785
c6592de36f791128,0.4870750998701623
ccde7fc6a8ec59a5,0.4767552721673576
ba6d1493e3a1c1ad,0.516074269618247
7dfaf88276d52a5e,0.505414854508399
c09d65931e21624b,0.5221109912362965
f9544a6dbd4caa2f,0.46947418595037915
b374ef23d5ca3b3c,0.4930125931829024
c51f8b67a66b5aa4,0.526302269085597
4793cb7dc1d36c4d,0.519851120350795
c4a77a4226cf0e3f,0.4951954672924105
11b46e06959d7824,0.5216893654815374
75083fbf03436018,0.5136455615944264
44cc96b7436e60fb,0.5151575622384736
9c78ab8c7f52b1ad,0.4981889138687116
27c3ba5b3d6374ec,0.49037934756029833
09bad77cec8a0ea7,0.5063645319106711
7e5eaee69f7e8e60,0.4923791926684874
9701beed4cb2fd40,0.4792693470684369
a886ee5f5e57d356,0.472677946406292
43322ba6466f83ae,0.5006839293957679
39ac7a6c910dc826,0.5000325797466862
a7624810eab99b39,0.49723015268786014
27ce336c13dd7f0e,0.4856135201498685
35ec56371ec7bab3,0.5171824311411048
1033972a8d27b8f3,0.5295762210418689
246fdf152b78ea45,0.46770205443347146
67db089b7a0697c3,0.4846715383610831
51541de4865fee3b,0.5033518212140032
2e0ffa5c733d2a47,0.5101962087316212
c307a7a1d2e93ae9,0.5227474308771791
60775afc974d2192,0.497869911312403
1af8370aec8adce1,0.5124450988024628
7adaed59e375f94a,0.4949886672078856
d3f971f17d9ab0d0,0.4971985548492401
f1eff57932ef0f4a,0.4993458626050904
b41ea8380984305d,0.5177704268792194
dac2137cd3aface7,0.5208638113661477
48da40bf199dedce,0.48597751967274583
2c36f80cd8d50da4,0.46516324118899544
e45c5c285ae25a13,0.49963102193222386
d57fa89c692abe6a,0.5229188841530796
0d5b889f910953e2,0.48269088511418035
a2bb73ef62a1fa41,0.531179013024218
161e450caac64b0b,0.5113418380281255
870239c07fe84d59,0.5162333250505229
1a510d36c73a9190,0.5013617247046088
6365e056680facbe,0.49247849899639684
7e5efd56e82bc148,0.4684291835681929
8ddf8d226ddfa267,0.4764593699014357
aa2927ee663efd7e,0.5021527302563027
1969a71e6c309cce,0.5097969118673324
33e3103e2045fa64,0.4814551427632264
79d3953d4c100b9d,0.5372317573371339
8a0bec565c237aae,0.505351540086883
e7b2425696ad04e1,0.4764979120274016
1585c48da5187cc9,0.5004000330746861
b508d898d174eb05,0.508868213399678
ae96ed3d88eb7aed,0.4864279006871664
3780b01a20d9aafc,0.5008551162489786
5d2ea0bc3f49f99f,0.5149906948871769
609566c49b16621d,0.49530875081577025
52a50658bfe832ee,0.5154598350344541
76655f684bc2518a,0.5039694038398786
507aa51e38d00459,0.5031393879512102
e7edc5fb783b818a,0.48517693451009897
3488c9b765c1219f,0.4757386497647976
60726ee6707bab89,0.5346711211425719
724b704c54783fd3,0.4732117540055007
23405c43202f489c,0.4807102396942164
0a275c8c3adc1e3b,0.49504565220319663
ad727a83295f79c1,0.5105456459563844
9fcd517a3727524e,0.5067586925824545
c1a15f34e5189a8f,0.49732616379913125
ee586308edeeb5fd,0.51192968124976
61323c4c907b9667,0.5130107114339459
dc6ad9b2ea237556,0.5154371793405834
fc261535991f079a,0.4960094310465031
199f8696fe22e8f6,0.4958879975598871
80c803fed1e7b815,0.4816943364668509
b3645ff1881e6181,0.48644924429851977
f077bcf8ba579026,0.5005696047010304
c98984325495234b,0.5023301249619536
2b1acfb2885f0207,0.48382655390356355
58aea5fe94bdc9f0,0.5026283109459233
13ce2e76f9ac9797,0.5078623678297906
585b1ae5f2fdf9d8,0.5248214762391481
c02d00f3c935fac9,0.5002166235713736
961c1ecf22020dd7,0.5087563695017769
34a2c0730076cd51,0.5195398475606412
f08c72208c842a80,0.5250174513399883
3d0365b300b08d12,0.5009317050541424
7698d1646b1160a7,0.49567943904139455
46fe0812a4d6a0e5,0.49536824665945495
1992a8cfd9dcd0a4,0.524872591916402
234824681fe92370,0.497187161553021
66dae8fb83f01cda,0.4796270773830089
565a8741e734fb66,0.4899400162365706
85796d3a4623f1b4,0.47559022851507865
980c038df259aca4,0.47302895878577733
847d49fff22ffac8,0.5187566056021481
3ab579aad87803f2,0.47177516404866104
7c287939d256c04a,0.49100028423081776
9b56b63c1ce61e36,0.4886567134963365
2b2beb4ade849fe5,0.5097467037345141
ca97e3a639d0f212,0.5068363582318076
cdf0a515724936f7,0.4877526019061603
f0d9600d63271cb1,0.5193154498973089
61f6d6cd6e8ebecb,0.5063726306037934
66bb128d75c1a31d,0.5053129543086381
ff6ace3df2f93fd8,0.46779752720491047
174f6de5e6fd0ce6,0.52294899497273
f629016e686c93c7,0.5217330841703547
8a5cd96071aee653,0.4722754057223201
47a56fcce1a48c57,0.524564918971389
bc218a229f6dd8a3,0.4987398641022688
6700a0d8cc03fd40,0.5031080182900495
bf07422782deaa4e,0.5285096689395123
67e5b268a06fc16c,0.47570544289985073
775246a31de87040,0.49668252518947803
a8c96679585190f7,0.46857424354101884
85e8b073ae9d6cb6,0.5103013704135201
8d783fa9a84a2016,0.5175072216303889
afa9ef8b36efca27,0.4737396630663091
292ad72f433b2ec4,0.4734502317267457
543a382acb950efa,0.4886443705852432
97eee667e12fac11,0.5138603764625596
f1594e042dbd4135,0.4788070015403662
c4acac79bfd54ae4,0.4879094647415859
f1bc5cee7cfbe74f,0.49877561224930483
25e346e1b0340347,0.5062153186165632
53b71602a81f5c52,0.5020695043544308
6d2d4b17736e595e,0.5086879075458066
f652427f39b6f10d,0.5355623944280148
1437d0c59eca00af,0.4763215777322819
d8980b5b1d68a4ee,0.5144065592711948
442b8a915014e871,0.5143751977454577
6a1e5bce20cbbd53,0.5201564058978134
ec75dfc7e578543f,0.4696020363357106
94cd35193b228a90,0.5282430576132617
15617a2281e76896,0.5066022522183466
ae22b29ad0d98702,0.4903564379562144
3e5ee530dd802ab2,0.48914429315561875
9304c1771978ab05,0.4799754810285424
635d5bab100147aa,0.5143615820493521
cf12cab6ff5fa6dc,0.5236458868502629
cc7ce49efd47f0a0,0.4663420916692716
20c507d578183dfc,0.5122337196982472
e29e2bc7c3e6ef41,0.5244218345782399
61e270d51cee0fe8,0.5175724247674711
a1cf27e43a150760,0.5229062213195049
9bdddc292578558b,0.4699559260432262
fa0f0cb920abdb0c,0.5213710048918796
95dc87b7553104b2,0.5180087658286855
c268681605733a6e,0.49227800385297216
57f8444d376ead3c,0.5134762302912642
1eb08c4e2e2d0a0a,0.5159044689112688
65f04a475e60bc71,0.5043498840749302
54b86d86b2c582db,0.4929933655991044
ac660728eb9adcbe,0.5065989698243831
9dc70760c7a65427,0.5399869786011116
707fa7577b28c00b,0.4810856912950455
dfc0ad3ac006f7dc,0.5109701739167393
d02c60d97c52824d,0.5059658052166796
68735cd4123d2c31,0.5277337353212764
e7fa76e1a52159ec,0.48539909165350464
8e2a48702b61cf4b,0.4808278007947248
7b4d442d12660d2e,0.4748088565111493
1879fdf1618adb5c,0.5074105859252891
28331b7b0b1598fa,0.4742381527430447
c27a3cd35a718f85,0.49141537695442106
003398b630719a7d,0.47622475556026284
70b9137733db97b6,0.4984147065129317
f0ea5635eb777479,0.5067773806250445
e80ca1e08210095b,0.5267638288058083
033b8feb5aaae03b,0.5003997890411204
ac6a54139c7c9d37,0.5071161522806605
ebc95757b2947172,0.48793155308436564
2fcf426035785728,0.4962376875671811
78996a14f02ebbe3,0.49669071568075
a87e26d221511c94,0.46367893960146533
c5eddf448403ab6e,0.4722925891777447
e8da0e67e35aa293,0.5080180747547205
88b632eaf9356d3a,0.49992471008792494
85571b011c6fcfaa,0.5247623420456229
9013d63ab473f952,0.5137468739717181
960cad37cffe68eb,0.49914266971449406
e247eb8f78f75a9f,0.48285513946244163
80eaa51c4c8a00ee,0.4886395768157401
35849a3326fb87fa,0.48245018936324674
d95e6b933db44247,0.477080788030662
c8d99c2ec6082321,0.48631372587993504
c9aea5e1048b2e51,0.513369137722246
e01947dd147cbbce,0.47363269143352094
ae79b75a13c928bf,0.48622956652435245
ce571fad3257b3f6,0.46588201947874325
a95633f51ef3a7b0,0.48291276038153363
297c6928439e696a,0.5165256412468535
a4d78fd9f9ffb303,0.4956522117828762
2dbf5dac4bc14af2,0.5242964843454369
484f57153280140c,0.5189522546810819
db3d92a2887ed53d,0.5126865000113111
0fcc2eaacbd92a61,0.4691619327123196
3b06de421485ddad,0.5096713955978567
3ab1395e200e5b42,0.5112038845832442
8b607b6592065a8e,0.4994365719859002
a58b1c259179dc09,0.5268471952532452
a84f2ec64cddb96d,0.525149237828913
794ec7ff88727529,0.4904243847960985
7bec4fd7e9a158f2,0.4873859287647455
bb364b5bbcd978f4,0.5156921528948876
89b648a5f0f0ab12,0.49803889903745957
63de8d6c54817aa3,0.4724972799768156
f379e9f71ba0c23e,0.5058002697508952
a4d79f83a661fa2e,0.49909409279489736
211b21d15b3b91a0,0.49555878988019836
1186f6b426beed22,0.47924201542045763
8dbf55afa93fb576,0.4968065184364082
4c37d40f77654769,0.49244928064142857
282449c18b62e5e6,0.530794661570159
12472f1c83854116,0.5199688866003904
eb624c530d058714,0.4897597422028814
916aa0618dc412d3,0.5096910369777015
b9f7f01f0c234a62,0.5104728129661545
d6a72e0c5f8c9277,0.49036430004167963
888195334e946eb0,0.4709499843392672
f1aaca6b558ffaf2,0.4963883324815731
cfd7c6655e63d480,0.5252266049423338
d54c579db2ee74b5,0.47555615506559057
3d05c28ee2849928,0.5239199905775105
88653ba09b9797ff,0.49495636658145625
270649bc52035cbd,0.48923235160007505
164c0240a44d6755,0.49795391122088584
71d79d68a2b92f27,0.49995031447944255
9bb25aadd2b3bdb4,0.5221253635027805
b3c62935a53d8997,0.48362945707917215
e850d24192f9e415,0.4725351561651667
0834b059b33fe386,0.5218183454859112
57cca7c7ea10b6ab,0.5056878958576694
39483c2d8174f1ed,0.5208404768297246
4df07eb70c71ec51,0.509794374016277
771b30a38c390789,0.5043983426170047
65037a69f9336b3b,0.523739515111973
97bf39056279f7fa,0.48975595629013724
1a2d12af54623039,0.5136914275191535
e649d739e4cbe4eb,0.529123604960843
7c35e8ece8dd52b2,0.5093402692676028
4f679f800c6abb6d,0.5178322943076372
42a8a8ccd4f9f9e2,0.48200650541664614
662eb31e5ca29cb7,0.49766394882515375
39a75d0fc9a932b4,0.4957789095962004
f80b6c96f9ca16ca,0.4844136913142402
d1112438bc117eb4,0.5056840099787899
2a23256f8a1b1dad,0.5234271072700214
e3da84e292717dd8,0.4902847208968811
b3da0bcad91df631,0.5228546223274954
b7317d34b8035aa3,0.49473625172751345
263b44530f890156,0.5081137255457435
4908216a464f51c6,0.509874155504667
d0b576af5fedd973,0.5038523015793037
d53abab056eabccb,0.49716736710313797
9947a71c07c08013,0.5113686486542532
e3f83e6765042b60,0.5090362058130145
b5e1fe2cd612caf7,0.4847605009617863
2c979dd3ae786b0b,0.4747639689931886
37ebd133842ac652,0.5112397985595827
8d7452fc00bad24b,0.5182291934602643
be4d73360ad37873,0.49127997232550735
40b14de62d50cd96,0.5274503054014275
e8b95e5aac14d285,0.47521632817341486
545aeb4e5c2808c7,0.49174144557578314
3ea943e815e609c3,0.4961820654155218
9c3663c00fb99ff6,0.48517089918450385
6806a16705d54743,0.5025901939802323
9658ef3f8e3ed080,0.5086304204096126
72aca7fa36feebdf,0.5241712871895274
dfe86e43c4930991,0.5028576737008001
4f82ff5b5651d2f0,0.48361618829451913
d13da56afbdee207,0.5091805477366145
0dcdbb940af66121,0.4759628871344115
0e09773245767eac,0.4906557516140597
b186bc9610e2b533,0.524779153799433
d54841a2e0a4cca8,0.5181309890786183
166c017caddab251,0.5286901297811679
a23f0288384f2f2d,0.4963059607528806
4886d310e5914363,0.4769447781224807
41edfc6111e88f1f,0.48487416087401214
0f33a4c86170e40b,0.516700225754142
19bac5bcc4414e66,0.4711779382297373
88ddba34446d1ade,0.48609606175586667
a8dfc97deea7f5fa,0.5113566821011774
fbe5da4001a21c4a,0.4909498517183275
8ea535444187b6ac,0.49045127844913156
1be66765efbe9174,0.5195933278885808
05f16b595e33f77b,0.4993787953780786
3fb3259efef9eda0,0.4716070820805432
43836f5657b092dc,0.5242894766370934
26ac42441170201f,0.5354963891436744
12a4ec2031ef6174,0.4783219292332993
d8e7f33605a80ae3,0.5048401396183978
d6bde3bc380d8735,0.4944695741833385
9e0c178f3e852551,0.531770998629643
88a6149ecfb1f651,0.4989873170052457
54a33fc8125490a9,0.4971912706873174
2930f4f063583542,0.4865837308808125
5092541f5024187c,0.47708203899381935
e78a593c9b385330,0.5105748064842083
a09be3a8eeceee6f,0.5327549649492989
7010ac1b44772de3,0.4737791062139759
49a17880c454c7c3,0.48147579294927695
4e36cc0f1383ebd3,0.517570836879192
ebdb25864f6ce1b9,0.4870303710589383
bdb72360a5581c6d,0.511387676670821
8c698e0fbcb6a090,0.4889148332640957
9c350ea7550d8378,0.48603748650551426
a8b88f7bb8ca6361,0.4913066026972519
3d326c98287fba6f,0.49381654027025984
f42c01d8b045f708,0.5199013486413654
8e5d62b3ab696aaa,0.4814507526234898
6224caf3c72e7ee3,0.5034187266699981
926fddd6b2ee63aa,0.47461204140342644
922cf50522b3b88b,0.5243574145086458
7d0fb10204af6166,0.5166183612100548
1a76fbd031e39a6b,0.5214302811853896
fd68ea29d356dd75,0.4799870551121376
03cc36191251ada1,0.5046034290183883
99b5bb0b92d8a55a,0.475578456961948
aac02a9d632924f3,0.47568612950078965
5d220b8e18201d3a,0.49131536229626316
14fc1d6fe2d4e69a,0.5254548765461932
35e119f52196b1ba,0.4836097892142144
40f1234b5a30403c,0.5132483334430167
d59ccb5d557c022e,0.5058402547619734
0c385e728de38f99,0.48649264542990406
f8683477a2ab2ade,0.5246704138508882
511fe8f39056b9f0,0.49333078035625155
c99c5d897170f156,0.49855742044183216
9d753071d21e6c36,0.49630672365747514
9e9289f66961c664,0.5080452365630981
5f8b0d75fdfecea0,0.48550671168998805
9dc13c482e059e6f,0.49050939920746883
3f87fc97c66a3191,0.5034286098451819
1b3f3ffb589858e3,0.4830624140133567
5358785efbcfdaaa,0.499467777882891
57193bdf5b9a6b42,0.5263461063267442
4ba6c061c5bcb057,0.5313459776749723
218a85cad268eab4,0.520336302495503
f93dbe2cfff78101,0.4940090466301833
a8481146cd533ccd,0.5105555615173052
84b0e8fa750b7a33,0.48384601584479514
fdcc76060f099b01,0.47237062665039237
300a47eca14f8974,0.5113479570558644
14218faebac40dda,0.5043833814586384
6df2c2d2e3c3a7a8,0.5002457975165622
73b49cfc1f3e9dfe,0.48986157905019645
7f686a76e0a43e5a,0.49369141549682455
bf81324a27520bde,0.4977934877795557
f5d463ec64cf0b0d,0.4826198533498681
7b0554b8ca04f697,0.4747522663897846
e1b2fbbaa6be8596,0.4822338934076164
1b881aaa4217102a,0.5083653839107479
c212840fd1764342,0.5006018090254356
ef314439dbb365d6,0.4807577505820075
1772dc13f02d39b7,0.4742820388618565
b9ed04801fc7a354,0.4916557318213476
105a3d1544b0f94b,0.5083216370932802
78654baca9d1378e,0.5238309711179616
9bc2056512b6d4b6,0.5043109496525777
09c4cf78e2e7adc5,0.4834898665084484
b2555ae21207d05b,0.5257634422026756
ae348fe15c764802,0.48912693557608455
f0124c71b8a4ad33,0.5012603772457676
b56dc4e690b38942,0.48848087469597123
f780521ce14740f3,0.48195807538197244
dc6f043604dd54fe,0.4818689346040155
e07db4ab9d64f3ee,0.514184520673264
8afd23b140e4bcb6,0.5017588124904027
11bdf36dc7a35404,0.4789969378468737
4996a5c048b055d5,0.518002660175466
623d8021b7d32292,0.5156176075754211
9eaa2f70288d4b3f,0.4821564211935062
9b0054be7988059a,0.5060737650300532
3952d82f6df456f1,0.47679627375331113
8533f9a63a9367b1,0.5017061693587086
391d9fb2c3bd6fbe,0.46710880178941605
101b529dd70a1e11,0.48775931309914555
85b19b6a46b45156,0.4730085430239987
a4b17c05d90ca2b2,0.49525229635905954
194ecba02d51bfb5,0.4801678510931321
20a12da2d8890e93,0.473048155368591
2df9214ba1de660d,0.49516773420490495
bd7e307eb75933e1,0.5010967943347153
5e0b0dbe5ffe6e83,0.5415897978757753
bf3a6cfc9a1f3c80,0.49323110444841584
82ae8090ca11b2e6,0.5106121405606467
4901ed9747386ca7,0.5130016956128012
53084b49be13c52f,0.5225727463197791
0263cc51aa1acd4c,0.5041436868206484
41e313f2355b137c,0.5147935090941249
51a37cfce403f12f,0.5007168225850457
df4f484e6719459f,0.4826032045992991
de7f255e061d07f9,0.502983814838313
741683772f1576c7,0.511290395304111
54c7fb2af01e96d6,0.5277263179831416
24c542dab399c685,0.48640908403050837
a1230bf06c58290d,0.4855588928746237
900e15461a12870f,0.529218879614929
c089536a25834f70,0.48772593780334317
afc3286b544f0040,0.5103999884575361
c61465243a2221a5,0.5132324829270934
cb1f20d4bb93c243,0.5070708662623462
30725d20e5558b56,0.48793668915004956
94ce3e10e75f90a6,0.47851645247555424
48d0b89d569495d8,0.5102593218686761
ff1ad6d36283f697,0.4882324771378665
72be68b75d2c814b,0.48599901049978605
e4b90062b12b7030,0.5243232542773097
d6323a665e446722,0.48178407217613234
2d37f4baed1667c1,0.5028212716693266
05781aee37a18dac,0.49365067179368005
de24d558a18a9f32,0.48758167122024143
cb44379989560ff1,0.47613147834712594
eb333ca8ccdad2c8,0.5010713184167338
1d5cf29e044bf468,0.5062707268513186
172401cbfcd665a3,0.5190041792991094
8247761544773a90,0.4604619787382159
5f2c0797f7cb831e,0.4884194949696451
a7edbfd2acdf8ad0,0.4841110564773531
fdcb685349aaef9b,0.5109754997364171
1568e5a308c50e7b,0.5128278793366073
53f5f1c7014efbaf,0.5067123315280131
e992034fc58854a7,0.493179213318101
b1fc334e48e20c8a,0.471339942412788
ca9f6168acd90b8b,0.48396017989619833
929bd47a71c6b958,0.5334876245009404
f7ee05e2b2ea34e4,0.49294835385612545
2f3fdc90e73536d0,0.46439850577277436
b43f6d156041778c,0.47133153171152714
6b0740f130757056,0.4851145219551889
9f1200bd8ef18393,0.4956877770585517
bf0849396acf9180,0.4681821457551838
58f62b02898dcd7c,0.5192370282139978
825b360a284d4a2e,0.4788711476893821
0274228343b0c7cc,0.5301484813065211
746ca6b736caea7b,0.4771828372850205
69cadc81ce7e015c,0.48421024215180997
295dc3bdd969b7cf,0.5125399184349686
e0c7aeb2471c9ba6,0.5148705643707874
a7c128e7baf08587,0.49701227656806124
74ac5ce19092de45,0.5084701699184366
5642496d768456f0,0.5268722875723912
9568d09b37d48147,0.516440775043462
687eb07ac1ec9aba,0.4797791743102285
1131d59f818ebfc7,0.4765260228165462
70d46c4ad271dfcf,0.49855737450505366
333d8235e3bd1acc,0.4851920448550259
f9dc0ee30937f393,0.511499906167566
e2e48b863ea7d61c,0.5205313765609318
96ad67d29a15ec47,0.505554924316741
998b0ea49069c858,0.49085961645943343
cbf500fe483dca27,0.4962873819703799
32889f39f5c7e4e1,0.4855010279151105
f87241418df6147d,0.515010970732356
afed174cf13b9d7f,0.49571702100402804
d52f3c40480519e8,0.5118791859469516
67306d595867bdca,0.4749069133926172
dc439b5c79486948,0.5034459702696292
35089dcee9e9ba1c,0.4734155874762809
61b5d6ef5f241490,0.4867039581653806
45f5713dcef10264,0.5091787120649682
2a3053d58302242a,0.49680099194409716
0998f38d4d069491,0.5103365415024843
accc2c8ae67e6063,0.4693666196279127
9f5292cbd3806d79,0.5000733611209368
1fb85b95e91ae45e,0.49364388487801825
faa0394464cef2e8,0.4828133040564348
af95309c63fadc79,0.4941362224557565
b8b45d6732b08fb5,0.4883743290100936
66966f55862259dc,0.5063735940404895
608333309da6527a,0.5289334539919273
36dc5921a7d84ed1,0.5003473116598938
27813742ebfe2b33,0.5026929780842286
211d5db960ca61c8,0.4709316433743686
5b186ac0d11513b9,0.5277962946171502
832d1c008bc3ef2b,0.5246527402083574
7d4e4f8d7d40dcfc,0.49158109993597227
f0dfb22c3a27665d,0.5218776777368065
407451c452cc5d17,0.5290133497241463
56928312feff0ba3,0.4963643406039716
9454541a6582c13a,0.49469312353298456
e6e2f33f21d593de,0.4657987997774113
eaa2910769614f8e,0.4785709951814712
127bd9796d970cc9,0.4860063823690106
169858f0ea055525,0.47453947800299434
47a3a9c393a619bb,0.503898619349934
d25e98683c74aa8c,0.49594738868334676
4f2ec1f813538809,0.5082638921719644
8e5753d72777a9ac,0.49375027699171337
d9cef172341ac628,0.5242556157951636
d2c6b2e087495365,0.5101525151157433
5aab483da67d16b3,0.49640818880660353
ad319fa45d964c5e,0.5301040492985746
730d677b8c968e37,0.4806129384988044
b1e38b684248bd0f,0.502513404562418
ccd097c32d7ca7c0,0.4849873704450541
4cb0f5de29f8b8a8,0.503925366075199
902aa8ae7819a527,0.4712275733182107
36cc1fd78eea46be,0.5237770385122406
5b8a6b0aae157e06,0.5130116486031818
d371f4cddd5ab580,0.488177539342064
a07311ae113f1cc7,0.510310416488431
8ff382f017152a6b,0.5076667720569887
bfe18fe096f61209,0.5004166843085558
97f3a3f55f767d91,0.47917761758574495
a4058a2e4bbcaddc,0.5129528743854301
6dbcfd20040642cf,0.47794548103025625
42a6b3c10ef18f02,0.5025395211839774
9d7f6f4e136504fc,0.4883405616595509
0165f411bc818cb0,0.4999745623049692
bffe1b12bbe69fb2,0.4968507385583076
e01b40b1d6f30df0,0.5177821691657343
3201c568d1d26470,0.5275977006897715
0affa4eadbf1db83,0.5263294309573853
ddd3b7b0ab9f40d9,0.52693550253163
ec738c2ec1bfcd80,0.47032255785113763
906a954f8e1fea07,0.5346895000664955
cdbfc59fb04fc180,0.5113604686583115
2d4770eef88200b3,0.47782418276270533
3d18600bcebb32aa,0.5039532284331588
3e050322f92541d9,0.4999710838347921
1221e13593768788,0.4904196832806168
e7ea980a9b3cc8c4,0.4971827581553034
398953f786ac4845,0.5152852265339223
e8efc32edeaa174c,0.5260695819297285
49f061e869ee997d,0.5220005296559918
17668415b4ad9f20,0.4753899853452696
81e71cda520c7c11,0.5124725796661376
7c48e5537ec69161,0.496036960710721
7b6ba45bf7c43e21,0.49349005767290205
9cdc08694020bc45,0.5108446568829075
60a026b4a766753d,0.4882135974201094
719db72fef47ca30,0.4974743455654315
c0b5b808eb068fc6,0.497764996361596
b20616efa1e51758,0.49530615505873543
d1c2190b7e54ae51,0.4755945474257306
88d71cf388b60bf4,0.5035490306729624
c2394a42025bd869,0.5267133328191924
19b165b652dbcda4,0.5163725136504417
c17841139e5914a5,0.5115689190289728
5549a53bbf9d24be,0.5243619897099833
2da830aa5b2812cb,0.4884841068052379
fb36e8ea3112744a,0.4951808472391317
3dcfee7f0efc084a,0.5050264166639244
16a97d3860c22e1c,0.5218985146125708
6322b2e3f7dca7db,0.5022402881639958
a48ff3331f89fc6d,0.4957354104626993
e07a96472008d97e,0.5167742908179913
42af4fb223127bc3,0.49580982484418107
4aa484762f1d25ae,0.5282003245137599
c414fb964c9cbb8f,0.4985637034136901
397cb89e6ab8a959,0.5072697465388032
2e9d9d9e0a6af0ff,0.51381169731118
fc32ff9c59a22f95,0.47151127669076953
5783d334ad7f831b,0.5157750838289652
dbaa31f9fbbb6219,0.48252154023084237
93eb228beb06de30,0.48826890891753455
482d6bc5204e5ae1,0.5011890057079926
7128efa4863f0362,0.5028877942565658
ba5809f410734a94,0.4987182666543958
a571eb5010a2e299,0.48043046193163436
ad6cdd09fea09683,0.5072267841221625
fa9d2cf12e72efce,0.5139846367457209
a8ae0f9ef30ce81a,0.5294232136293276
3b234a17219db0b1,0.4697187592905266
25b24a0734045bd8,0.5202857093465336
771f41a483c9f8a5,0.5011891529750936
22a6c4ec274869d7,0.5139093917421427
e48895820558223a,0.46385304178457626
02c11767f29d0426,0.48512124504196763
d686fd200c65923c,0.5230192494519257
adfe117f01ca698a,0.463965254172425
69f3b49837e76dc6,0.48822175482298463
2e72632e2ea73631,0.48511605145933767
3207b91e24e27568,0.49226109354005915
95f22517cd16a7c2,0.49044526715448356
543936caa0e83a72,0.48776645927421114
58c5c659df736b0b,0.4943293261720358
997b65e2ca34d529,0.49663673082631354
75bd9c566434eae8,0.48129391683187717
14088d0f66d091e7,0.5227290365187449
4014d97b63499622,0.489335446937571
f9d10471eb47111f,0.5211908770935818
545fffb7628e26bd,0.4860770076243672
9c45d75bebd4d820,0.4738797354059382
f710caef77284ef1,0.5130575027249469
e4bc3c14c4f4b1a8,0.48825927442203704
392b17be6354d3a9,0.5094040905738086
9cc8d07ee090f377,0.5058500082656724
b2fbccdb690a2b84,0.5019491268618756
291257ccaccf9d11,0.5035926873101106
c9022a6ee3a5d7d8,0.48518770872922184
19a688707e160732,0.48761081598964595
84bef4f5323ebd93,0.518701806915744
a3e5e1903e0e9682,0.4966503240081878
3b0297530613b732,0.48257731394610714
ca0fa3062d6f947a,0.5186863411177698
aba2a7eb167c6548,0.5057499944455641
7dace0a49f811059,0.5096547087511585
522ed32d9fdf2d72,0.5011257282857718
8771c418cc219aa1,0.5054116168515517
1b8f8b528f041137,0.4777636280234915
a9112add272578cc,0.48820086713124433
e722b584b816d2f4,0.5089522187323477
324dcb8fa3962b96,0.49972071462504725
ee84f939a7ab4e14,0.5042995125584064
f7a5683abeeb512e,0.48331404183838955
788dec8bb41081b9,0.47791981860422383
20880910f50c0159,0.5126620176929604
a55d2babd6ac6e05,0.4687273192708933
7c5af2b41b2f1889,0.4990599991071086
af9599e0e687edff,0.48841641494498
96de608fb997caee,0.47557998008389407
ef99f60d68f58a7e,0.5271103471188228
59d2159096523cdb,0.523109373181655
606abd74dcfa442e,0.5204535279785212
20fdb4917e7e9401,0.4803113779199776
a3a5ff27339bb075,0.4991259817418271
b5ecb5c63b48ec75,0.5101607879706788
0a039166594e063a,0.4864132066712872
62bfe04683f51a3c,0.5015268394163062
b430c4d5161b59db,0.523003758947766
a385f4145be5f5d0,0.4728969912044197
904e0bfdad64bd43,0.5336415084158015
0f4074528657c491,0.5013371547115191
39e4468b2f4b7935,0.4936870192850835
9125b00413b353d6,0.4748961717905953
fafd8063bc5f5cec,0.4979512722434505
6b06401ff364064a,0.4828682526920419
e5c9addac3faca6d,0.4858159453869219
d12807d748517f6e,0.4985029470284025
828de307532bb29a,0.5345773204996901
2799da617b3128ab,0.48806387134754287
7b6d6ea6d9feff86,0.4670419593722407
0627c402fd75fb9d,0.5361664437163066
a1bb99f3b749279f,0.48560382121880197
ceac2c53c27234d5,0.46733436864179045
9b3de1b793447910,0.4811769886439978
76a426cfc81a4d2d,0.5091694913106755
abac3cc21ba1b309,0.49001626500777384
4e8b9323fa254334,0.5096213565591359
1a4205578a28486e,0.5286675054721732
fa7dfc3f7d4a1344,0.5041523157456004
340b1651b36c8645,0.4959101910102115
73cf2e26157ed703,0.5213722305473064
87add43c2ce1b06e,0.5068059985045354
01717bfb5b3542c8,0.5240900222280263
70ca05c9213444aa,0.5122674001641139
0684a9a80bfd34b3,0.4915453757650417
8c2ae373e2809c29,0.49056903191889734
331341a7f1c33272,0.5239862494327312
97078c12c161c701,0.5021074947180588
4ddffb1d8861cc54,0.4678274434462113
2dbc5e3027b4817b,0.5016791800874587
8fcb717c71bb3cfc,0.5024221534861497
58ed220fa88a029b,0.47962566421524266
fcad4ebd837b0031,0.48976375073693523
0792e52fe2c9b711,0.5210239824671086
576de6970c4ba90c,0.4942731233444662
930888a00b16e315,0.5332408302844777
bb00b59f720aadc8,0.5131618476185676
05aad23e028bea27,0.49845289355603173
0ccaef7346d2eebe,0.5022096359470887
bc31c0a97c89dac1,0.5099485173752214
239478b0c695aad2,0.4892979005209275
6d59238e91d3c6d6,0.5023775807509748
02b6f6002980042e,0.5323376220964748
0164fc5fb575ee2b,0.4941389627155278
d8ba5ce01fe8a09d,0.519481602383626
173b378df818b167,0.47280297666519955
7f5edae9b09a208c,0.5030208664405817
0b5662c2a594c20c,0.5238499143801105
55ba1dbed1a641ea,0.5250186544383386
c944ecb134192652,0.5236224237134822
3984b7d478aec2b1,0.5216459648900013
f6ff304e4f459ab4,0.5237231082458609
a49951ac9b42ceab,0.5227874012369544
4b48ddb6a65e584b,0.5234346406583334
624009526008e265,0.49866266772476864
9ca1f3fd0ed031b3,0.4996622216132508
dd7e10345355a17c,0.49542953264246503
a324ae18d57bb12f,0.5067763394810878
f3aede6892999fdd,0.4818912185174369
798f779dbd13fb6c,0.5318421325828933
21481b4c28f91b47,0.4643776458497858
8529066c088169cd,0.47349184937521593
7e93ed2093de4112,0.4875600001713803
51687c7ba8a553be,0.5053040708582177
4ad8b585409698e6,0.4916012991810078
eca2dbbd4829118c,0.4999882655764136
7a9bea3f50549e57,0.4975324427315553
e53cb4d81fe012e8,0.5056875600533748
25e3af07b73ccb43,0.49519749642843425
939b59f220b94ec8,0.48370671593165077
9618c75bab14bdc4,0.5211567812224078
2ac483615d4696d4,0.5352108584268384
b357b45b22852d5f,0.48834864974251824
eed158b983054ab2,0.45905877738657364
25b699ec3d33020b,0.5326549228051667
fabe692869cbf6a8,0.47545748130240806
e30cdc55701f891d,0.5064435318517162
4e247c59738e0754,0.5129500553609818
eb6c93bf83ef9f01,0.5016193452689437
4b2a51b89182eb2f,0.5235232578660136
920800c7a752c35e,0.49051152003024523
00e3f3638706ad20,0.4893072899408669
3b68344f608e8cf6,0.47525560426983754
bd0092d0e87dd02b,0.4913312694516653
d3020752ddea13e5,0.5097563135135431
679a41beeaebf503,0.5182254097069121
7fcec9e71dcf18cc,0.48377218436374025
735724a234bf2816,0.5104297380451951
31cdf3e24ce53af5,0.4947431515193892
58b83792be0f6321,0.5234667124731962
2a84a58cf96025f5,0.48185141490556255
9fcedeea63586bf0,0.5045167635565253
d9de7aba8c682fda,0.46773080097158926
08572215a3892815,0.4979510692091963
b488884763d551a2,0.5130711160388663
c30e80405d6e58b2,0.4873208266477874
0c86a250e70f6eb2,0.5026495234067799
a11c15fcf4597f82,0.5149019699772545
2caedcb4ee1a4103,0.5242381835263761
f91d05eaa3df539e,0.4992109832585429
8bba0a98ae140af5,0.5107479906035604
a987e81632676043,0.49853419038227403
f50807d17b5c038f,0.5150980228042068
ee12454070596716,0.4989879764235534
b6e0190c3e5766ef,0.5227232510570736
a57b30735e272a29,0.47437370541198454
ca66fe2ee058013e,0.5100545315439171
1969a8349757d32d,0.5081426314624087
a5bad4f4702eb96b,0.47599357843631224
2f4ee5ef7a9e32ab,0.5251297353990829
abb1f9350d96ed70,0.4827192623191594
8a663152856f606b,0.47677212841321026
5965e2be33eecfc3,0.4753233577875899
75414a1e69d6f205,0.5025706765340594
0d6362f82430762d,0.5130287178044948
cded8976cdbec569,0.5033109266310606
2f21d9cb88d7004a,0.5070312213794881
bd0809d01c93396d,0.5278855987942366
d368fd4152e904a0,0.5216740725017549
7a088b0bef4cb74c,0.4915879328912407
dad9460a25f9913b,0.5136079604611913
50f138449e3fe2e8,0.50005700836473
53eecae41b9614fd,0.5304135313701375
c88755b5796bc0c9,0.5256321361647417
1b2bf22690f55b23,0.48848308481645847
4c0b6078692f7c89,0.5164149198060112
d310596293c8f04c,0.5051160460368647
3a724ceda4c76f9c,0.4689937258302348
57c2219b4f1a0a5a,0.520428934442918
6069a9ccdba45516,0.5086587159672978
504a8185dad726d7,0.5229070697651541
c950477e87d58094,0.4772932578660135
9f1e86207b2be555,0.5164950068689228
69051b19215e3e0a,0.5028774932013431
7f70b72d97083c7b,0.5084996843466022
61279ec74a6d3645,0.4752635869590552
4a35368f7daabf53,0.5100640736122992
8730f5f1237b818b,0.4763177725838118
f9492b545b552f5b,0.5124899202293206
a5e99c4117b486a0,0.5010316151668833
c10ccbadcdafc1cc,0.48318261033635773
e0d15a865fdfb988,0.47783728370947876
eb916f460ee1b545,0.4860605318068146
1b7bb61fe350c5ec,0.4876020502243711
03e5516590f20096,0.4955990914855518
18e0a9eb3145a82b,0.47415113435256623
39cab30b8f09a081,0.5232661588736611
dd47b13d3aa2de79,0.4929832704196212
6a431bf1b07deab0,0.5172592488212462
2b0db9b43f8d905b,0.5128469558126717
363b638b117d0e37,0.4787436197475362
87518c28a26f4d41,0.4666285114180418
3e73b6c86098ef20,0.5048893758466186
f7580d024f627389,0.48889124064606265
626946bf85055423,0.48401045717411695
1d4ec81574db910c,0.4961022505199678
eb3384eb6ec0ee10,0.48559655594470313
ba1a0a18164d2ed4,0.47660891024059054
8736a356e18687f9,0.484328874853984
f66ad6f9a0d13057,0.4957633345381369
6781beeb2a94c80b,0.5171392806637081
45ec50d9e9b762dc,0.48356425056247015
f993d49be31858db,0.4914633865126437
68630d40b3d8c8a7,0.5045802384362849
790d0e863cbc896c,0.4723643662596041
6b9f40e1b5440454,0.4926815165957837
5bd12aaf1d87cfb6,0.5106992247183193
9593f8af8e49622c,0.4921441843822493
7787873ef39eb65f,0.5214338351468797
3b43be2428bd133c,0.47946041774293496
51614174133f7405,0.5123650262948811
90ef1be7933c7d32,0.490845974675817
b9b0bc5968838ca2,0.4876954919831718
34854ac0b59be9cb,0.4959777498056547
552972fc397a3d7b,0.5129792330165539
538cce811be930f6,0.5298413518804532
3684947575a87995,0.5243075191071909
3458934dca749c27,0.502031218925322
777593519303d6bc,0.51760405818293
c998d0d7e544f18a,0.5045956361945618
a23ad55fcdc44126,0.5219095435028354
628f59b52e0f1abb,0.5269764303212214
f55fd4a896009b37,0.4728625029391723
891966bf8125b263,0.4875742160910344
31a036f4acb27daa,0.5139297742475718
b329a2756c4e7e5c,0.47354957292026567
4abec7b3aa11b00d,0.5004119847176749
506d7e6eca5fce8a,0.4959975979884065
93767eb66242b1fc,0.5277383206340522
f07f619af08f71e3,0.5181992454296298
067779ad870efb29,0.5044504320360529
5772509431f3d5d1,0.5105786563612259
562161d24bca87e5,0.48092854503086213
f3e2eded68a25564,0.4875360089518791
4e9f50f16ba04465,0.4951383507764213
a4208a55db792b95,0.4876913427475965
9540d1c34ce10213,0.47534011955147715
3b047ea1a379c251,0.4987086265067757
90c24520deb11d2d,0.49656572990531567
174bf54853f8e212,0.49135342427972284
e32af9607e1574ac,0.47729020510110065
177d7eaf2ebe4bb3,0.47064646984837644
1d3872dea5918cf8,0.5142326582217305
b6641f418df5107a,0.5077650311398023
7b0a91f0c2754446,0.5122491496537431
3074d01b6d512da1,0.48587535723883013
a1ded8ab2ac8cbc3,0.4817440695780068
99d24231acc81bda,0.5201842389720197
ff0efc6b635f0dfe,0.4934827241243152
4b26bc2a5271e828,0.5046577427739206
323cc294321346a4,0.504564953172044
1c5da1e20342a0bf,0.5098204417567442
4f414677966cf8e5,0.4956008418012344
a08962f7cf8ef6ea,0.5263092943792742
e6778d3ce59810c5,0.4930242773046538
944d32b8f9e9db1a,0.5207122802510241
e5c8bee2002b6ca3,0.5185858971827819
fcc9190b336ccdc9,0.47799703314289543
d8c0de2ec20dd583,0.49786995035112397
fb55a45c51379250,0.4824234599285413
d6e81f789123be62,0.49991309493475206
2653ffee6d9f5abd,0.5232660281344773
daf885e44112d6f2,0.5245951153320938
a75fbb195a5c31b4,0.5092577039562802
d6946d6a1e5de8e0,0.4941672884652824
262eea09fa9fdd15,0.47036985125902825
0661f0f9daa76a96,0.5115783673471835
3796742963319893,0.5255937752049022
b7d31b3502739b04,0.4960989734679285
ca3ab2b2441679fe,0.4974822399475165
6ff3c95261a2e60c,0.4813215783338269
296198ef516bccfc,0.4802389607943545
fd7387d23f2c2e12,0.5020953735765151
705f7c9f6f9a1ddb,0.48611256445270723
664080d9a44e09d5,0.4737626358874483
d7bfb116b3f0171e,0.5013189337865315
df7650f2e15b685c,0.518868561952954
13d553333a49e1fc,0.4773909605866416
d60997f0da2b3161,0.4875675816678594
e3dc5b0748d9d1be,0.523606140517116
126cc7a3354c3a59,0.4861479754552546
68c831e307f80c40,0.4701577465460012
4c10437c6f1f749e,0.5403103918422287
4de56fff18170df4,0.4806434323397388
93ee64e43ea9b0ac,0.519715383864475
622e27b7a834d371,0.5304543414557318
8283fa9a80b68052,0.4838613197072276
3cbb48910802e9b0,0.5185820968723779
898c4451fed60e39,0.5047122514625595
560b7b7af9fe8dd1,0.5075167041218336
bcc595e893e2a797,0.49137583721338357
cb2fa098224a9f0b,0.5079639011660031
9e2a88f835bbb5df,0.524709305313338
07e1bd9a166bc257,0.5188808924355472
10fdd890be2462d8,0.4683896969276309
34a7adccbdf4dbe6,0.5223923246573765
5dca94f6e13922ed,0.484941563727083
be032af3265ed2f8,0.5260970177769368
afebc493854ff065,0.47218299261556507
755bf2132b96ea88,0.4766237419725463
11b6872eb913fe4d,0.4863961900922985
5a73131a74b5e6f1,0.487369715440132
a1445f34ce4c970c,0.5070267474382071
c84303c64f096b4d,0.520200416332475
ee5a57da13fbcab4,0.5086774591909203
9e237fe51b937f8b,0.503310198569797
04c0ce452fa54511,0.4994425126667188
e4cc4cfb493c102c,0.5127463633526511
13ec6848e5d8c7ec,0.49607296549120333
8b117511fb3c0bb5,0.5246487643668114
45109a7dafad71a4,0.5215514930447015
be5d51769b283a70,0.518418044398126
4b049c030fc355f2,0.49929657578711556
e1b125afa19663b9,0.5072437672785629
7f5ee99bec52fb31,0.5076452500747217
0ea477a7bb524c43,0.5108610753994531
b2ef814029a4593b,0.5209181801656082
54642bb90de7c651,0.47801922531472274
5562db51544efda6,0.4937499535782152
8c3fc61ec6b0570c,0.5089429813335993
19990ada3d732a59,0.5336781410771869
d4a097538c2270df,0.5097094259496526
a8e6780d12272bb2,0.5047684880349121
0de7c0afdf2ac64d,0.5149220614754884
ec3a682eb391eb7a,0.495507562121935
de499b3d3aa77620,0.4898364190169763
bb95d7738f26c137,0.49257982101897235
76de6c48fb303a99,0.5256482687846531
f54db052a2c1bf61,0.5142846857347827
d2b45f024d0f9012,0.5226671937913712
26693e446f60e43c,0.49787795446288036
00fedb2a014dd220,0.48469864844688304
8b353042d65300c8,0.5274665303936127
90c55b1f3ca98c5b,0.4809829258543651
b874c35d79d74f6c,0.5004477407756263
d482eb847a0a40c6,0.4865008742332444
fc4d3a97478802f1,0.49436953853109245
0a7a2b85838db506,0.47696233380908504
c697f27fe38b040c,0.48319612734311157
a4d2009627d556d9,0.49640507958216107
1c403f2124470ed4,0.4678531974116089
33627e42df750fa3,0.47720906779222394
ba9bd925e360f225,0.49380694611597364
ea28b791d0295ad0,0.49488884584615256
d149d439304c8705,0.46380600136830036
536b709bf5515eeb,0.49621027422563524
88c0a8061e7a3795,0.5127165981299666
8764acb490f19b62,0.4870935948939635
417f76acebadcb48,0.528954727452178
475869c5be3c507b,0.5053194834271812
3ef8009767c7fa25,0.5214181371148741
b554efed5fb706fa,0.5209930358291106
84da50183b024285,0.49478375990920953
a4b1d18f46aa981c,0.4696381267018064
9b47e555a004cdae,0.48907341788552344
ef262814960ff13f,0.5156555489328492
5c0868ac8eafc7f9,0.4914842444561896
db15a0f6f796aefc,0.49133544978419785
9e813d48e7fed678,0.5135009448402188
7e45e93f027eadd9,0.5165067887802794
bba24189518e4411,0.5205046061046352
80cba429bade3fd1,0.4858668640213772
ea2c64045d0a1c12,0.5216290094920699
6eea65bf31a2bde4,0.48193183888159946
986a532aee033e7a,0.49585051497212673
d254bc6437766f3e,0.4976776592243054
3c2c4044a5a205b7,0.4971011261931497
d1698b7f7ce2ac63,0.5184004167849191
5615043a1f36b137,0.48273605567700706
fcb9321c88377fa5,0.4609038246635461
885250c55edfcb6f,0.5205403698644177
f48232723a1bd05d,0.5263437497189363
27b4eb77530a112c,0.48276893082507966
98a1669bde0eac7b,0.5302414948339119
c85cfc3341c8708c,0.4647628635182046
8043ae38af9b3ce5,0.5200549660478464
babccd7388fd8c21,0.493946894922961
28aeae730b623cab,0.5074570358558459
4bf1da87dd838f3f,0.4945511502823662
8da93da167404e45,0.5037942040875576
4a0a3077b5581645,0.5075025523035571
bfa2d19017923568,0.5037079285621741
5f6e00c966c5f59f,0.5236866342552223
52c9dbfce9f1b95b,0.48533406143915586
cdfc3b9f626b0845,0.4839170669305238
5e6ad4f66342dce9,0.5219192126805663
42b0a534c0da50ab,0.5054569724262791
e454a16a94a43530,0.49477071163788844
1b6c9c3629bff42e,0.5166674765037593
3d4ea2f562e04d67,0.4760620231874132
e5e88946dd245e5b,0.49626851900333424
7c08fe11ea59472e,0.5023120204881734
48716b8ef3837856,0.5041910271901717
22cb220fb3d03ef0,0.5197185403367554
ad38c3a4c4f92dd2,0.46949007054184966
439506f46710d418,0.5264839221052495
e6d46d90ae71b635,0.4931785063897435
cc306ba2474886f5,0.4852234416885347
c3dbfacba8b29888,0.4739442713354776
3349746bf536b40c,0.49831752355622366
254dff7f2f5e27da,0.4773329343839632
5f715d9d99d8aef8,0.5171577690910811
28877bba74273a2c,0.4891090123678315
0837f11e1dc53f72,0.5133457865962088
700d9c6e6406ca13,0.5231792262316074
6e0d475eeeff64fb,0.5027478499945843
36ba7c400d24c8ad,0.48276933957226215
8c371f8737f1a2dc,0.541921562429734
163b4afe1f475ea0,0.5266477776189653
2e2c632a9af9b807,0.5235442489120777
a891091666dc0643,0.5158486561487141
a990b188a8200e9e,0.4752006773481159
e0da7835cc3694da,0.4941703944369265
6965bd28dc460b44,0.47820906075877606
84b4fd2717d4bf2c,0.48952704958683624
0544118474e570be,0.4966646380036524
2437b2d4a2e8ae82,0.5158387920892905
647299fb2ba00e43,0.47044006881090855
7372537f1eba1dab,0.5324372549981353
8854c27e996efd14,0.4968089807464503
380235b034a986da,0.5245655306397146
a2d407f16ff373fe,0.5238872012721216
0ed19a3a868aaa3c,0.4983050469650603
c173b6242dff9b1c,0.4947694817630784
2043889f64f744b8,0.504698862989325
19989bc6ef928517,0.5107707527777321
d0665c65b0cf8d5d,0.5301837209081922
2b072792e895a81c,0.48414928248548067
c531857150c9674b,0.5056862765605206
bb56bbe97134a4d1,0.47719523327259616
3e062b6117c4918a,0.50122923369522
a58a4c24d35bd7fa,0.5167611698728495
4ea7721e8c059b2e,0.4863371350404868
32a75809119cf7bc,0.5034469967794211
e4794a0287930fdc,0.49918847984293335
028903129d296567,0.5106320434257141
910a3bc19a45f893,0.5150910617644356
afb4e9017f94d52b,0.48035196212974995
8c75ef81ac907000,0.4983555537297839
de995213b69871cd,0.48745682885413744
593b54413b1695ee,0.5110410976120552
d68b798f72ec2a7b,0.4851426249516707
2abd97afe8848116,0.4747301177982566
b80ebde982296428,0.5067682889749675
dbe8ab13dd1f44f4,0.48043139549502856
db6b5f2104046f55,0.49719330125093925
1f67c146861efa15,0.471985829288758
38f490199f1306b5,0.5072839743711027
dce69a47bd1feb56,0.495098251010801
12cd790efb4486a6,0.5197616366014188
d5806dd0784560a5,0.46362672522046355
207f45be2fb83671,0.5259821566001299
848e2c11fd115b35,0.5102618405285643
0f9d093c9db25458,0.5219926546090334
13e9da15ed290868,0.49412154666274544
8c584f6c1538beaa,0.47751937140272727
5fcd3e5896568513,0.5171423719909045
aa1f013ff05a59f3,0.5015296318305336
eb2bbf6f740d132f,0.4796988859851352
51fcfaba58d7f511,0.5114918297521703
abfff37a1f178105,0.5145734454589015
918258103a71c3ab,0.48810936093310403
99beaa8c134356ed,0.514894471913852
f3d97c979517c08d,0.5151212506289657
577a00d787373595,0.525669442510132
d71bd663eab2681d,0.5156727314902408
3b59c956b239b3db,0.48580022807120365
9115eeed93f30a1c,0.48400013020619104
3d992bc625e7dad1,0.4709648598400405
4db07f6033192f9b,0.4733909287476075
a58a45e9afd5b405,0.5047094067396335
519774a276bdada6,0.510299809820983
50bc50ed77a01d75,0.517524597288832
d608451c67dc5cfb,0.49834127413891677
2856ffa4f0a1ce80,0.4957188016865879
2bdff8f74778c4ea,0.48921859771316967
068acd67c99550cd,0.5138706874921164
6123220972766a4a,0.5018710057590641
c4d534fff3fc5628,0.5053074470966119
9fc3fdf14ea045ac,0.49510821642968195
3f86edfd0be75ecf,0.49822394923132496
c36573a6175092a9,0.5261921618803573
7c4df8c2f29666ee,0.48306820358301383
3c791b72118b74a6,0.504630123469231
747b04b604c95fc1,0.47229359946981786
e780dca0db5520a5,0.470609507643219
af83daec6d450e57,0.4926763398735487
5d4ff9f52e2e4f34,0.5028299054254893
b2b8e551d87be54f,0.527291704404611
203b6e0e0fcaa971,0.4982718895056295
eb36b4336605a7d6,0.4874431398432487
14713adcc060333a,0.5070423958641818
251c0c9a3789eff9,0.5198078442190678
0d0e059449af50d6,0.4912462292766928
63b1850f6f5df5d3,0.49100370089782713
90ace0c383247390,0.4716207534272635
1ba1d1cb2d6d1bb9,0.4891624690127261
dcb2cbe56ba92129,0.47723143155001835
88b8fdeb6d82597c,0.477240783216589
0ccfe20a4b77ea6e,0.4866063517827665
3482a5b15357f00e,0.4914830119215572
6d71348fed8b9c4f,0.49307013348641016
f8723e3306bf7c43,0.509916540966064
7ef77b74f9baecb6,0.4944016570693692
bc80f01834269376,0.4768821779061302
18da383af4fa3cb8,0.5165632169455365
b474ff492fb9a94d,0.4739847871319436
d157b8492ffba0dc,0.4874205168470273
cbd2d4eb5123804b,0.5313772089551011
0f9515404031e965,0.4845985568183999
4f1dcb8a1669a31c,0.5166136813758959
28c27ce346a7a7b7,0.5145599878782705
58928eff8cb29089,0.5145823360935846
8069cea0e02052d2,0.4805624813983811
3b583c05db5ea4a6,0.4802299888996972
36384df41240d0c1,0.5060826544976363
15e9a245d6d06a3e,0.5186843321172185
d2dba561c29b817d,0.5166709718960283
2a507f7014709986,0.5089987056450618
a27e43abacf3b1f2,0.5267688951831164
686019b683e849d6,0.5166608139142301
9a3663eadae7822e,0.5242352400746806
f4857bb0e0b52a47,0.49539819814854413
29f988f929e638a6,0.4816833687542159
cc08f5318b40d7b5,0.48189022112515967
3aa8c59d9c5dc7ac,0.5060889368165353
eeeb124ea0b0d51f,0.4945518123142236
c422bdf822a0dc56,0.521494019997683
98269904767a2636,0.4806207675609977
e6cbd02151c72662,0.5220538560741295
5e7bd880681d9f61,0.5171749280631146
fbe456da262eaa3b,0.5021758393213613
dfe3e7968ec080ba,0.489650675197293
0e9ef351ddbc9ab1,0.4769985599820805
2902b3339eeca5e3,0.49846145737188974
a7137a063b883e92,0.5222396110798055
b733ad3dd8899d06,0.48117290567947496
44fe9234ab115e2f,0.5216756032518386
000b03fc8664c7d1,0.48327420846289687
9020a01496eaf633,0.5243660773257679
53b7a21b0f4cc200,0.4784729195595664
20cc306cbb1c6bcc,0.5335455437674465
debcfcb981ae0125,0.48139592819919047
802bd1039c3e6a1b,0.4841916023939087
5f5c21e0b6a4d4a7,0.48097775456488595
4e1d92bfbc009b58,0.5171772797334556
644c03f056f3bf9e,0.5270148973551905
3b4855d86d450661,0.4828862208019365
dbe1c9a9d3e563ac,0.48039154339452295
2fb49e6e63bbe8f6,0.5162929702332966
2347ddad2e1b095f,0.5028849295112781
e315a627d1ca8573,0.5258199641626633
0558a476ace81c15,0.4893948187430419
4426fc96456aa43d,0.5182694192109787
ee5092888f963b26,0.4896298440336344
57886ec9ac1bcba7,0.5261235942187251
69e1947ef1a19192,0.5103450288861513
af29d6fac97c87a3,0.48440352659376834
6952926383750b48,0.4839361484228898
b6e14b919c7ad1f2,0.47076057668789034
8d09ba7da0267580,0.5010453509371761
40e7e13ba421c25f,0.47857817159316507
c3d8677083122b80,0.5205586848257817
e41366313db49145,0.47578965121536065
ed95e31015c5959c,0.5025035947225832
64f0bef89a702494,0.476009494361245
81918dc774b899ca,0.4757118585097865
dc9dc895fc8368b6,0.4978033317754862
ea0dcc9add9ba8c9,0.5100066355131537
c45a009981cf2faf,0.5162076273664193
ee4eee5c2cad18b3,0.4647727727277713
4b8886ccb99d4b95,0.48989740476396126
a11b7637d21059b0,0.48692138503397436
ae6bfde3685ef5dd,0.483194800254534
095f96ba3b90f727,0.4981043458207883
c800465fabd83658,0.483376333873524
c75993f60039bc22,0.5023927456993824
15b2e13c51d54758,0.4942793480230253
cef343af7e936391,0.5129118790874205
bb9e37137f42fad4,0.49652521025622043
b6f54b152f0f2c28,0.48759774832150116
54548a1370ae962d,0.4925533230539423
774675091e96f38e,0.4807771065382274
64db0198c907fdc5,0.48215138026103277
ee3a2eba79a61cd2,0.47965338939183294
d87ea92ca2504e8e,0.5237948954031688
493f68967d2931dd,0.5022174406150084
33c5bd3953cad989,0.4978291483872427
31719675e9834500,0.49434798571236627
283d0d3d8afdcd48,0.5186644951290288
0954b46131527b56,0.48130726722612055
c7f99cdcd74ddfb2,0.5113725442555377
89e81b0750c67025,0.5103412890592864
ef2e114a293d6051,0.470482223440165
3eaa82eb74b0d2b9,0.5371169549934739
f115b5827c53fdae,0.5258040119719429
5b981d50572234ec,0.5008851135068936
bc2a7ac2fb6ad312,0.5201320514360298
cabb5fa14742de79,0.5287433214909538
9dcd899d3120d04e,0.4777773340952901
5bf75dc153469005,0.5125165722943847
a99c57a3cfd238a9,0.5287956784552326
7d3c73f6e6251236,0.5146058958991433
79c824cab095ef0e,0.4992728074031495
50457f03b19ce000,0.5130999516381901
72ea29c850f97747,0.4902586153430622
949aabf35ccb0c4c,0.5005021936679773
bd3b7b9b5cc3a346,0.4922128279208004
581ae7bcf533000a,0.4896073328887728
f944b728b8eb9aac,0.49194686597168524
6add937f4476df2c,0.5003698872214727
478be273b158fbf1,0.476073237997894
43c1856ef31d1073,0.5354968385679734
8f97466fd3810c1f,0.489488362642794
3ae22b8a964781ec,0.5035661282205788
82ba55bfceb0ffbd,0.5130457932937513
5966bfc14b304d05,0.5087556294353225
eedd90867e3cd9d4,0.45999351507187003
99db9ab5fdf84102,0.47908579446942023
6c6761878fa11c78,0.5228794029692666
731bd2e8496a9b0e,0.4797310514713342
9f1fd83e49b82f88,0.5162440591597978
51a2cc12286941ac,0.5155149177854372
7b60067efe8e7c4a,0.5259260730926743
7ba8d7a5a2f30106,0.5190999933847199
677aebcf5c57a29d,0.5050567475907356
c2e6810f10057ffc,0.49817997595191477
f770bf49e8b32f7d,0.512832490659773
d999d97cecc80f08,0.5049448215262582
225695249568ef3d,0.5234687068104478
64c347ce204607a2,0.5158473581587997
8b972fc1665f8aff,0.498688630090338
fd3a180f558ad235,0.5108348505803622
f24ea2f162b99780,0.5179337025979198
71edcfb193fa3be3,0.5287189482356054
4507c7c846e862ed,0.5048096562556555
ac51d145f495fdf8,0.49109908509649397
3ab5c54552e9add3,0.5112659873373944
0e545a1fa4aecf83,0.48060430755327876
19eb7f93e53f33d0,0.4878189997405302
f4653f53352a740c,0.49867270898629235
c716d718820e66c0,0.48542853949699194
a8a2778b42759e84,0.4995144301570391
d632ca08f997e38d,0.4820848336428461
47c56ea6034205ca,0.4853974351222696
f436395245784b88,0.5143676196166017
ddb7078278325022,0.48886958852444296
1c24525f31c1953f,0.5177165149848089
7c7e6ee56d6ea5c1,0.5202674022292466
0e67b9cedd55f492,0.48719087703702635
a585afa6cc802221,0.4918421790526644
132bdb2d81abf434,0.504511402122305
cdafcf3dcd774b36,0.5036997199114444
5694f780d2c8e463,0.473476961937804
317ba4057a04aa16,0.5150659427562341
a92ae25f2defd1f4,0.4940049154186753
ff0073be9d8669a3,0.5306467258665672
2c4d6fd16e7da4d0,0.5042975730765644
e8b93ecfcfcf69bf,0.49323946910150096
aecdf632644c9922,0.5060202335965049
0f4ac8759cecccb4,0.4719071231364105
ae0ed79b3f56091e,0.5193339009723432
492dcb545fd160e3,0.49900763007251453
b6feaae9a6963540,0.4899737397960163
10bc80bca38b6418,0.5033245164967259
d8bf52f15b58b474,0.4883342557638626
d590d13d8a0daf0a,0.5037018387804851
bafce96906ba0c73,0.48738730805919334
15a89b9d9a174795,0.4966930485403882
3c895a00e202bc6e,0.5279233002329402
62100baf87d531c1,0.5091319294149624
8ea52f2642c87cd9,0.49802258403633526
78bf3db367f46ea8,0.5236491215576551
7303626be6419b04,0.5133788083892719
86f2e3f9f88bf00e,0.5288860645733591
39921131b7d48cf3,0.5179304749171204
7c06255c489ce455,0.513253566139775
2a0f68fcd60099b6,0.5220881362151275
968f899504b28211,0.524190256122733
98dd9df8fdcb29f4,0.501133748083968
ed55728c47c8b666,0.48361413569138934
0e54abd540000681,0.5327672297418191
2687ae2ad26c6497,0.5326489602716447
afe3e3f4edc8f7b7,0.4857690687759469
3d8ff2a3976b69b9,0.501000358736694
13e6deb5f77cd1f5,0.4999341564952452
8c8711be796262dc,0.5070762911466988
8eb1ab06839664b5,0.4937037784045727
dbd58b32bf776c26,0.4730378638849585
4be0c2fba004271c,0.5080947193698826
a0f6b49ec1b86bc1,0.5084446224885928
3b33e5fb16341fe1,0.5057681791955956
d39f326ae61cb937,0.4687077179152064
00e28c2a11d38c61,0.5103215362856677
a55c74a9759fd56a,0.4744167011398161
8bfd04b0788122e2,0.5303014394575059
895776a9cf9c8d43,0.49341175785812996
7ff187535e206416,0.5254651258000033
b2d991e4147a68e0,0.4889860428234837
b62ae246269c58c4,0.5063920154204575
b8af731f19b5c84d,0.4772187167625025
19f5143484b38101,0.5187000369204603
982f6a3f1bccc6d4,0.4785429347490032
2cdfb20347feec4e,0.5234770819297285
5b2d62e736467c16,0.4992019489403212
f85bf07959deae92,0.48019543164530576
8e923fa1dedcd01b,0.5017489431216169
93b3dea6a99fe31a,0.5065772646879781
8bc3af23b3d5ba85,0.4893249497255857
91db39152bd6ad50,0.5185927344276995
d911a9c74b505826,0.525707725918667
0e53e628826772d6,0.4781201253184246
14d7b607e5e3f0cc,0.4928864425286411
f3e8e3469f0aab7b,0.47899621266651304
b9c36eb092bb275d,0.5012649637067914
9cff3e265921dfed,0.5187921647132738
585bc81acbe5b1ec,0.47550738341682974
15f8e68c7ac23dec,0.49635052292074544
a37b05bbb09f8496,0.5292409970735097
4f31f80a263d61dd,0.4838315879739694
6a3987a9bab31c44,0.4809062251241478
9f59a5ca5ae6d119,0.5014844009538343
afc6cb824b3596c7,0.47291663561940944
64dcbe6f4ac8de61,0.5223739586778077
1fcaa5c3533f63ca,0.479843876098205
a266793e0c2619d2,0.5006704886498248
598af3378495839d,0.49238001039421586
b40ecfcda1506387,0.48972012246665625
22537a4c1f1cb22f,0.5003360766728089
8c5b78cda30c225e,0.5208238064201121
3239189122d043fe,0.4954630071503293
4b34859a41dd8627,0.48875459320998066
7577c8941b2e888b,0.47824171545178584
8ef15229dd291883,0.47479756614080326
3332780ef14cd99b,0.5171602854664696
f93d1a6ecd62d897,0.5206811553723614
9505f55ac00dbadb,0.5171419660423624
7c1831bf48bd728b,0.46735179257463955
17cf81ec2dede54e,0.5201128408600137
e84c6f3155ec9762,0.5225715212401901
e894ec9e0ac2e7a5,0.5063005647049791
c307472500eaf782,0.5192655225831262
96de47679c4cb6b6,0.4798644291784576
e0dd44e7040c3168,0.4978589194128647
bd9e6bd2fcf5a54e,0.5125054078851395
0382e0d155285962,0.49525123691511325
509eccae9abde09a,0.517642937676179
f2147e0be04acf5c,0.5084868569210911
f3a6b01cc0938196,0.5164760280179387
c1956069b7309004,0.4962166674018882
2292dd5e617286e5,0.5027412182603666
3644d81639ce9f29,0.507381678745551
4a5bf3e5c85dbfe9,0.48383725864682214
095a4f241c64795f,0.5242672415944813
aa45545b6df75be3,0.514769442727785
ffda21a7e2973492,0.5067618789023296
662adc1ed3e8fd43,0.49814600353111993
218ae6cc5968ab6e,0.53070831450892
316379f30810e1c6,0.4927588838480226
eef8a37b8fe20ec4,0.5124835377540541
d9a0aead3407db9e,0.5221082483698305
f0c65e7320950a84,0.5094089325474518
4625132a59dcda74,0.5288129344542292
ab1c8b0c3967b656,0.5156208443256665
f00224def382933b,0.5280096732360168
090051f10ebcb768,0.4984519481142682
2a0c37f157e82f1b,0.5155221991230128
61914ca3afe42c15,0.4744982809732207
a9fc0e9ff5b0e706,0.4794787904183324
f548f7ed3074067e,0.4826041608465913
9aec70578372daed,0.49069509001236683
fbb0734a4e985290,0.4756652904467816
a8cd11786e7fe2b1,0.49340855540279854
6a4338f210f336ad,0.4901126243604086
cdb63c81014bd072,0.49574777708425877
2c5a98b60450efca,0.49296758059501866
2337a75838293036,0.48004750267867424
a0ed386ea018cce6,0.49408079234773195
db76609f02b3bb31,0.5228377432006575
597bd387a63987b9,0.5160824995338456
bc7571c47a54ce9b,0.5008033381902512
547510d3ce221301,0.5132294026813479
8e84181f60b3ec91,0.49999177882136964
13880ba898b8f597,0.5317147233561886
9ee1fb0201512e8b,0.5149028182738027
48aefa3d80da5764,0.48527050837741237
498d517a667856a7,0.5031461811925191
f07b0e35881505f2,0.47728665789542235
1df225f3addcce26,0.4724697292928025
84a772cbe6d216a1,0.48383840770039155
f0e4a70f82f01004,0.5060639006535759
3b639af3777f4c39,0.47735666655355563
b9f77a4295400abe,0.4763359223996808
7d646e2fd78953af,0.48665441523152797
4127b246e0beff6c,0.47617747229808643
2321d1fdb21c809d,0.48547832916879174
9936f8d7184f5e10,0.47213505180655413
e2e9ef0520d08656,0.47635944748530246
0aa9b948dc8766c5,0.47478507544332654
d96df85b5160b1a8,0.4795386060268285
3bef9584524abbef,0.52090817828728
806989faeae50571,0.481850195279295
6fedd263e1290110,0.5006490935935297
5762314e60a560e2,0.5243811303028496
748cd550549c514c,0.49994670291703
58a8e997e2757de6,0.4668851908131241
c13887db4b2ded8d,0.5217773842548794
eba0106899e8fdf1,0.5198403323595504
a947c7f89cb176bf,0.5313069473464844
4ac4a17692a2a70b,0.5006903964506453
2fa4409e1b6a3d85,0.506870616652065
a783eca691369f3a,0.4963408307729114
e6e45dc137aa0511,0.4861482189524
c589fb4e517e579b,0.4958212316194617
0535f48557a68402,0.5218978924523425
48e423add1624f2d,0.5282300609222728
d20110b1a6f20e55,0.47230636264656445
739f7cc76c78d0bb,0.5185590521880467
2d439083c11f62ae,0.5162442237774414
0c74bc780e465296,0.48160863195838344
52294576789c8ec1,0.5133203093500298
99b2421c51d37084,0.4826019694185546
de49e465a4c970c4,0.5311199033672116
4c88fb93b8d12270,0.4775099730298804
dcce15e3b59d9796,0.46924946512547777
b8e0e09067432f1c,0.5095078667213027
962f882f18c11d46,0.4941916729906002
34753ee28116af4d,0.5069885632143131
7c71a6fe87ccd6e2,0.484720457816793
7ff97e6a175132ea,0.5114778876245593
d84022bd67943384,0.5245037514944363
c270a677c7614aa6,0.4933993484377657
1266e1b58e87a761,0.5092435436358264
9fc631524aa3372e,0.48007896899147473
88da969d80daabce,0.5226222704377875
9c5cf1807334358b,0.4878742388520535
0e5706f9560fdbf7,0.5093514569622908
d9db7cf658a35e31,0.5174755707478487
38bb0629e63b6590,0.5082798159409738
726236f75c9de724,0.5105152207995372
47ff559912cb3714,0.48641609329498525
bd567ce69cb8cb62,0.4724633741355576
6b7338c16e1db627,0.4728895449338608
2e47f13eecf939c0,0.4834628392541802
7e001225afcdc58c,0.508792324878457
b0ba287dc9f94b2c,0.5143640229625623
07be300260466f0d,0.47800024497272997
49e2abe2ca234745,0.5152089453358505
bf163922b4b12745,0.5126906169554082
aef9d385e9ff8518,0.5160813838754434
3e364e82bc780650,0.527361484352292
393a9aece2867c5d,0.4971961978506852
b0519105b55d4bc5,0.5085493523143882
c5a4b1418dc4e412,0.5049301237708603
ae000e40b4cdbc49,0.4870705661342908
bdb4932474ae13dc,0.513646221197825
54ab20f1339d0955,0.48900001486038674
bb6cce3b0b6744fe,0.47625100732033854
0d04ac4d48d1e700,0.5150529448193104
6e3f51731aaa2c77,0.5019387796059487
783b7b163b234e5e,0.5244357773982276
bb6501e8f6ab95a2,0.48420048781520264
e5f20b7a540b7472,0.494751931272725
726e2ec81830f724,0.5203864830258085
e8dc50204900e975,0.4887198103831104
1334006b9c4f4ffd,0.5329920253776537
3553330b5c7e6092,0.5062210154437654
e1a3e161c8b2e221,0.49112519610534805
44e747740cb4260b,0.4807390245084127
00202304b4481207,0.529840253677136
931eab5e85d6e3fc,0.5021424648704639
e4b8ca3da3eff8e6,0.47479121792617485
103e5a44f9c30ed7,0.5027037566272766
448d40536e9c5670,0.48616745573932085
1b4d4b42760e781e,0.5426183120547541
e0b110d4f6844bbb,0.5231220072319063
0d928dd7f13b92dc,0.5204323747209929
1bf6e2dae324cf0e,0.5009480767410184
b2a17e2a9337f111,0.5232535644790998
564d7ef8fb681d94,0.4934953088393165
a2088d882fb6d77d,0.5275034642713183
3fe22caa380445a9,0.5141948177747432
2b3c171024a98155,0.5161175407233893
2014d23cd7792183,0.5138586585257592
fc996643d63f02d7,0.4774393660333821
c8d5c605e447f4fd,0.5064691903377152
634298df42266b22,0.478921794007379
5c8cbaf8b4d39f57,0.5201302305733562
a688ddfeb76eb78c,0.5225250524303784
85a12cd29f47007e,0.49336318993428596
a5e1a3f8e312e1a0,0.47619610119218997
29e076c93c2b7fab,0.526571411837855
71b7b90e9a0b70ae,0.5155182770366151
11583aaab15330e4,0.47445030067133087
5b34705855c1c880,0.508729597480778
26361ce2a06897d2,0.47401584014055925
2be888bcb74be336,0.5025424203475728
fd96abe884c43d6c,0.5137069817836439
165fc0b6a160dbd9,0.5218880324015043
b8c8c114a79ff453,0.46791551305438095
e22746fcf084642c,0.49246753964883483
3fc60942cef4b9f8,0.5192466018489192
c78a85aab85debf8,0.5014046556798177
9c2166227724c80c,0.49143454793815766
e0291b12205c2c68,0.4935871717844255
307b5de4b89748c8,0.47922768178995073
b83469a7d7ed138a,0.5134601736048271
4726c5e084cb6f1c,0.5069006590566953
33795c308f648269,0.5359192328931601
d44b56532551df1f,0.5181004314293667
7db689f550f62666,0.5114290053001075
c64b1df6de24f982,0.5012669612094377
d9685a6aeee511e7,0.47718859482712517
2c867c13048a2311,0.525086204190043
b3f36f5f67857959,0.49487624743615055
c8dbafacc0fb77d3,0.5161814421773113
3a1b2137777bcba5,0.4772996741974603
c9627e77fcbdd360,0.5151290231476531
cf4f6641c91382ed,0.5052884606586214
fb519c3fdb753245,0.5167557991395337
035449e62c90677f,0.513092515162016
5201d1bc5a7cf0ef,0.5123028604350729
01ef09b451cbddb0,0.5065854221251296
b98e367af7c0158c,0.46823223049589235
bec6844244ad0aa4,0.4971845486613827
ed82262b135c6e4f,0.5079948833037189
67637bf7061cb7b0,0.46830393861774233
96ef8b85b60392d5,0.5330882942431983
fc1b0a61b9dd082c,0.5192714837747405
c408b4beae948cc1,0.48899065399583475
f26323206d284ed1,0.5045377781125406
9214caa6c1a0dc02,0.4936776436955353
591a28a3c195b6f1,0.5112239130872175
9cd8a8ffb7a9e96e,0.480830323266111
7ce580a49450111c,0.4824415116257547
abccd8c43775abd4,0.4701930605849963
5c6acd44464d3db3,0.5171228457186456
b0e58b3d4a2a773c,0.5285514691251514
eff75fe4ffdcb49f,0.5170963265864332
06ac1908fb89960e,0.5323928522191008
6e61df7259588c80,0.5253602851202815
87752778bf4206ba,0.5157092132923939
2fecec0b55303222,0.479500672420932
d57c0fad9eabe24a,0.5238038365076394
93cc7546b8c345e6,0.5222799395781577
eb76de6938c4c38e,0.4967669271887322
0e733a579e63472e,0.4951140882704574
e7dff8305acefcd5,0.47568989795673533
23423479e34fc441,0.5286970680290715
3f66f582c2bdc24a,0.4985195815544057
d312e4d7fce5fa01,0.5090835546624355
c04cd9fa54077b8e,0.47942549441505844
04b68ab2f6458e33,0.48732927655058045
35665b0fc6847811,0.509117042112941
9028f284365c7863,0.49644146098287284
fa23926a88284b39,0.5279390856414834
ff5e27f506ba1ffc,0.5069650851760144
e6a04e92205e9e33,0.5062637706993138
934c2e26775faaec,0.48978420937463996
35403697fd72709d,0.5032142097859528
fdc814fd85f237e4,0.5033030920195729
bf4ee2f20859884d,0.4818390965155641
d2d10af48a354c4a,0.5039749076842819
a38e463e1b086d42,0.5150030631745529
ba49ce0117002110,0.5044488410852075
d5393f1776772d2b,0.4869936925893097
80a6b6e9f65aa3ae,0.5054185403607487
d84698a77b768899,0.48201278991893015
8d09ae0709d01465,0.5073653291444558
0ac53b64e16a0efa,0.5309739394626474
a632a91a07ac8406,0.5056845713058632
1f2437c787ad39e6,0.5199093103433501
beb116a0a3ad4f5d,0.5146182645909769
c38f343ecf8e9527,0.48113480018769567
d04bd8d61ac99c5e,0.4904622512688998
6a279faa81d0684e,0.49752024800102007
1b49b1154407ea05,0.507843171985626
b71746f211be0a24,0.4751684910357814
bbe0b7fa6d60f17d,0.5271552023658708
c9117e785fa1cd68,0.49063213158374597
a700a6b3a689a18f,0.5082743777215193
d998a004d828aadf,0.5229835698261656
54cfb8bb56897eb5,0.5180324805003482
bafd504785d302a8,0.5206384739560197
3f45db97b95a3352,0.4934465959123054
2364a75ca729f899,0.5165880367802712
9387acf4770f549f,0.5240092371245401
a434422326289b00,0.46230646881152554
8bbcd05afad8573e,0.5207181860096767
82fc48f10b8d7cc9,0.47652941530693527
65dd24b31c0c4067,0.4981459579216778
b25ccb8b682acbeb,0.5082768963676971
291117008b4408ee,0.5203642877554251
aae3422dfbb55bf7,0.49377463832927493
d436224afb38b7e2,0.4970511846578289
1287c0ffa2f14635,0.4962041727420987
4feb7edca163def2,0.5074807256722221
00df2416e72cdbc8,0.48352625189375237
e51c757048ea36b0,0.4671431177163367
59e45992c3fccfa8,0.504035302707329
7b44475e4e2e3b92,0.5087505796579113
be457ea8112e2391,0.4965570338746894
1e4fd1293a611d2f,0.5232608336332489
343371989bd61c74,0.51958526772518
6bb985812e990044,0.49406961460338483
c0be9996bfb5270b,0.49545057589782715
bb367ec1a239b8c8,0.5056149241316503
91fc9ee0920431a2,0.4694184097003998
82f2985fe6157914,0.48136903399088526
eaad7a9709bacd50,0.5008344972490032
1bb729bdda8eab4b,0.48266745692355884
35320f198f2157d7,0.48204131396255956
74cd9018fd2aa194,0.4935204166255354
fd091b5e49f8138b,0.4961216620599639
917e088d530b042e,0.5311020625226222
b0e606a7344aea7b,0.519608017179505
c220230ca6b46d2e,0.5031972268677711
2174f0850e20c2b1,0.4841732471410337
3bfea4a031f46e50,0.4814791568962751
22199945c8b6f01d,0.5078564007101314
efd4e993a8d94f5e,0.49654667674211506
acad3b0b2e72b212,0.4938271298767981
1a33438ea9b6ba09,0.5129510110992744
c9a22295bdb2b49c,0.5443346486994977
0a24b5a0c164f36d,0.512408940544057
12b662eae7ad89fd,0.5010360873566575
788a4a1a340ccebd,0.5274172173167464
0b6ebec97e53c571,0.5020786492969294
be4269de80d8b34b,0.531611841123254
ae99dff2a596c7fd,0.5119190149162567
1cc563af87248566,0.5049307418265302
95b03e2a8add3a08,0.499691630383741
bde7f9ddcf827170,0.4688761093773136
e24c4af855561b6d,0.5069281197729005
a1ef8a44aeab6af5,0.520406201734163
2bf2e0d5f713e9ea,0.4829656772812776
6585c55605f3d692,0.5010805510613925
4a44bfcf3c8bea26,0.4918602203985072
78a21d5aa40bf4bd,0.4904928010466537
d208a68d90d83d1b,0.5146185626898894
fabf07be02cadf0d,0.5234780054211019
3fc8a4ec51114a77,0.5231620811448067
d8da2f9a640f4e03,0.5104110056733738
f7a8212a941af65b,0.46223462993506736
836c933a5cb4ecbc,0.5156678898747826
e292f252eebf817f,0.49448687980207623
ae7e8b931e0ade53,0.520987598060386
c937062a293ea0e5,0.5235699454085159
673793020f42eaf0,0.47849849846169035
531a753aa5a10879,0.49707399037459615
65613b893147c771,0.5086478595747438
a3609d34533ca6b4,0.5006483592460362
c9eecf5329211123,0.5136599030535859
4e6d4f733588a212,0.5079611923682291
95e0d5ddca2118d4,0.5189539004273539
4b071534952c920b,0.5092371050934915
f333221664eda263,0.47653091045104556
8627e41026f74eaa,0.5145123055570409
789f4695cdd6a417,0.5135467139984808
908034eabc372b99,0.4911728862569443
984bfa387795ef76,0.5050414238156249
91c8e8e6f637fb1f,0.5162711322257365
363aeba9c072e960,0.5240320737103289
5cd6915b98d723ff,0.5128381851373509
20f027368dbc60fa,0.47647640863818447
a58841827e8017bb,0.4855685567001474
ad9e6a299aee4827,0.5125180304374859
fad46bf569ac7443,0.4929889172534729
0bdec115af64e996,0.511227256734218
e78e15a02aa6163b,0.5302642180122077
94c1b40d53f1c78b,0.4992537485158465
c1dee5b6d55fd7c1,0.5173481877920321
502f0c8494138feb,0.4918652496445572
316c5e9c86bbb645,0.47633847833992804
c5624991cdcf670d,0.4928820544557509
e000077bf8c8b49b,0.5071493027597713
9a36d5ad49081233,0.4894784800537311
e4ac16a92daba7e8,0.5012312741731928
caf1ce5141ffb34e,0.4870978191546974
d07bf091bf998e0c,0.5054981619735881
f230be64e9f003ae,0.5185442383978958
fcfe55e0768ab257,0.49475298165236664
ad04ef9c94f25ea7,0.4675683924201231
b6c3dc163008115f,0.4857927863645025
2a0af6ff3489e003,0.5171726602217387
5c098958dc2a26c1,0.4801070355062301
a802f6f7cd6d7b2d,0.4996356715828822
f0897866ed523f60,0.5179785594525153
3c1071f1773cc7f2,0.4795230776561891
5fb77ed43c58e517,0.48109931250616955
3fbcf72648af3500,0.4816395009953768
64964fe3e34849fb,0.5003643673238759
3d3b19b2da76dc78,0.5120490654134653
69eb4e47c0f3104f,0.5202037695853419
1b55daf09e9f129f,0.4988572669330601
853fa0b67eda4e6c,0.48202326402884943
636b3bfe96c8c67a,0.49698457403252383
51b24fbdde490535,0.49245347647873783
b80f84359d81c98d,0.5202223325288741
a865666aeb2b82d1,0.48244397237280834
08fd3d5f06273089,0.47847949464059486
cdac52f8c24b9616,0.5140621323446746
bdc841da585c4a1d,0.5140867211998814
8858154c3efe65ff,0.5135457993143416
29f989d45429b9ee,0.5123615645839845
b97dff4909968aa8,0.4663547961362652
69c86328a89e4898,0.4728320388412909
2d50759601edb9c3,0.49766407836638915
134be78ce02d48e1,0.5054602813362042
53b540f7c8d16cfe,0.4789070061333585
76d2e83b30cca3f9,0.5044877066658029
062167d4ccf76346,0.5343903485858381
84cc2a48661e807d,0.48322601046345337
60f1e251520005f8,0.5191339775622043
781115a32396b4cb,0.5001554390180868
4c1e17c82f4cc326,0.5256078037458938
b602ad5debd51028,0.5088023780697641
4d9da053a872a970,0.507961440266421
95f7ebe4304bd2e4,0.5188990802550002
67a8207cfef9f011,0.5266386245084813
b1c3468185b9514e,0.5040299320819828
f80ccd7ace26ae4d,0.5250246851760829
3ac147039aaf4499,0.4969044477338038
fe5cd175ea7fc09b,0.47973654431826274
9026d2936cf2bda8,0.5088641015352933
a4b0e01784fc7cf8,0.4969255637898081
43c462b48d97dd20,0.5055832138144183
e36d0189d20a7617,0.4948211408324558
43c3586991f4b403,0.4949176449911705
009e48f2b32be557,0.4785850137241353
a1689ef168f2f333,0.5205443443897626
dc310fc66470ab07,0.5056812952392606
bc654d187751fe04,0.4966304402023247
247e62af046a99a5,0.5014654883790438
48f2f9556bb2ad1c,0.5101456652143899
e604b921624a200f,0.5273266919829662
e46765e152f7daef,0.5241031171199333
3d183f0c812b6d09,0.5018260459871643
3a7275f9aeda8305,0.4852911609285111
1d994aeb47ff952e,0.48715186092282126
75dd9cd1bcd35d05,0.47126165286369637
a976b4932381b300,0.47823786462703527
da2e39ced8c0afd6,0.48284770579347713
c77fd47bb1683f58,0.5036593106021345
ceeddee046f39ae0,0.4875008804732016
cc50dd12d1f23bac,0.4951927733601646
8b73f447d60fc992,0.5111772990171682
dba1029662f0c412,0.5043968128746374
ab65e0876504bba1,0.5073224208205825
00754e6b5a7298f1,0.47551929642384133
082f192c053e5283,0.4902235742683432
4cee8c7c13d1afe2,0.4962417689755708
9ea9e3c8cb3df9aa,0.4908571546309702
2caa75dd78c01d17,0.5234891076330047
42ca39ab5466bd19,0.5236289076184719
939ed128e268f834,0.4825858800276127
e452cd65ed19c900,0.49958522126397775
e5ee2d79d0c49d1d,0.5154556400163428
ce0d423deb82f2f5,0.47886024189645326
3c30319ed1684972,0.51100110284601
18968bda98628242,0.5209827625340704
9566631a173d48de,0.5178670708397086
01d78d3ab164da20,0.486298094369197
7245800926a4112f,0.50888462517755
3fffc62471c1f18a,0.5264417011552404
3b530b29e9f5617f,0.5190810044737115
65305594301ba50f,0.516197179796455
593ee003a4981c15,0.4950952007668926
f79985b30220adb1,0.5035384939663848
60dd8dcd3a1d1839,0.5264186159925937
288aaae44688b015,0.5315216912734517
8a16369cb4554d3e,0.5040426896083205
4e49cf49f79e1181,0.526273931760816
1a6026c94f49058a,0.5183093548028305
8c29813aa363f889,0.5138955700349068
5fcc5826d5f8db34,0.5080446788247286
b002c58138c724fb,0.49377117713594704
62a918db11ef3076,0.5211801220810506
8fb91f382ae2782d,0.5191936160902804
af730eb0035cf0d3,0.5174830098667073
546fef357d2bcd57,0.5158084772516631
c6129c4b99d7f4c6,0.4970929898786216
7596069ac38eadb8,0.4971920839708681
9560c8310cf23dab,0.4682533885537832
ca1acdabe94e042f,0.506874445241934
521f9d2193473fd0,0.48559750979438476
617eda3b96abb577,0.49231687737190344
8d735b59dd0a4270,0.5284077636686081
1b405139fc287a40,0.49828689953309147
e621733719a2d775,0.5152866004573111
95f4b0d76e779b43,0.503898877777732
bd6a23cab176ffec,0.47546543413203407
3c5fadc2c957c7ce,0.5263300799540562
37cae1b2dd3c1330,0.5051938275770114
0fc2ffbd9370b121,0.5056647226089703
b31de0d8e304eeab,0.5214536906492846
5738bf5ea59fcb0a,0.5307739023056821
402c7edae37bcf39,0.5123247218806041
1d79e32040c6b05f,0.5288729658356779
bf493f6f4a48b2ff,0.48677242159179396
8530681352913ce0,0.46696975760140225
c79cb0e184ac42c1,0.483643421230867
32ecd92eb352979d,0.5152890470723444
c9a54261284070bb,0.47416218339372773
e6c2ba81e397e33d,0.48776345954293554
955bdf4fc9420404,0.48663643086963854
b180a78e50608ab9,0.5127032216842022
69484ff0bdf4b104,0.5063536965087774
8d62a01ddfa11fe9,0.5299256486847588
12c3df9b72ef96e5,0.48064215679721733
12ccc513557a0656,0.5065504750405143
2aaa9bc35f4acee2,0.5391293424497375
e31d14248a98a72e,0.5124616517720039
1058c1f47fca2b81,0.49883516765793035
02ab14036929f70f,0.5000877152433875
6880fd1518aecd04,0.48681478124845756
580068eee74ae5d6,0.4872352531938435
fedf1e1bd320672b,0.4774538134689842
d47c1d43f9dbdf92,0.4917082859689568
8a7fa6c84cb2b0fe,0.5094122957643699
089bead0dc0d7c16,0.49249557217373297
3f12eac5d776ac9b,0.48407343769023214
2b55254bb421a326,0.4958067478615165
16721efb42f49e40,0.5252671438065899
87ada6cbd040d527,0.5072010491885485
c5c4d8e14015f4e3,0.5010299986426678
5d499b0e085f025c,0.5173256018139578
183039182079fa48,0.5154640156566197
05d6c8a5d3db19c4,0.5222710039612845
4477fb4e0a476ae4,0.5115491341849564
3965182266dda565,0.49978929654380755
72bafef29554438a,0.5135741724953111
1b31f23c3e55dcb7,0.5100051834094947
66c42c9008125f10,0.4887388180105625
5bf14b82c919f706,0.4908344222255584
2c7401c2798c92bd,0.5057268642356025
4adf517216b1dd47,0.47189824467829855
26348c70727fc713,0.5327953386783424
82c1c6b9b0ad498d,0.5051528909493372
1365ca92c2e04031,0.4919997784600999
9edbc98e397ab4c2,0.5017933598441535
1059c066d6e0626d,0.4820211102890569
af993cc3ac374b83,0.4812875940483732
f32194afe634dbba,0.5028547313202316
29de97ac80feb956,0.5044051571523172
e5fb185d8c6181d7,0.4753895112370642
632347c0452d889a,0.5202752596411706
35ad7b818afa2cc9,0.5121859469516241
0e9b47d072e9f5d9,0.5006422811250637
4b2ee7a5a4d7d797,0.5073297765954822
793b579534d59c3e,0.4925342827596891
3b23c46e8aebaa25,0.5138387560771458
f68b741461469ae2,0.4894734976956203
79e144db8265864c,0.4676356474885244
09c4fd90bed2d748,0.5229486806526711
2215efb176105acd,0.5171095639039475
b4a9877c6c234878,0.5063441304488656
529f75ff399c033b,0.5341430861309455
ad20741d26dac628,0.5175257063525197
abee4fe9fcb49deb,0.48026228721763375
80bf7ea1dfa6b569,0.5223056899908414
7d637676608f51cb,0.4880336094544348
79855154621f663c,0.4861509728711823
db630a696b94324c,0.5060457971532359
2c87f55f1bd853bf,0.4889262157530725
05466a89f589fe04,0.5356521375203599
073f9b06f7bf95f5,0.45537661396893486
d8c52af1d9a0ab94,0.4861346584219026
170df691b9758d76,0.5155630613493526
098c223fa7ac1f73,0.5062480112120427
947d4f80370f0b58,0.5022234406585391
66196fa0af9abe3f,0.5236277348338707
356513b3059ae50f,0.5129822573443319
a951ca23d4bdcc33,0.5076232883477154
defaffd4e20a4c47,0.4743747202147875
9aeb8ce75c56fcce,0.49098892988591547
0e52e6d570d8f008,0.49563283440411754
d177a330dadb2707,0.48079873556292263
4acf903d98d08aa8,0.5273273875453814
673bd4205f6635b8,0.5162355925182898
17b635201a20862b,0.5073710781226863
e31cdafcb4337eef,0.48338327454817287
2f57ad23a2ad21f5,0.5175612255800195
8c76f3fa81c149a4,0.4827619413276078
7448092b980edcbb,0.5167257408650866
cc3891e28dd031fb,0.4696392882935593
05d416ef906cddf6,0.4695838592326686
d5cdb3c4f4965afa,0.4897571910150101
bc40575e98475699,0.48411459097689513
7227a9d91f309e1e,0.5045247273407809
f83295ed727a429c,0.4855065852318844
44f16ce1d7899c02,0.4775265824383853
219b4d22a5bcceb7,0.4724415197697471
5684d434bf545e82,0.48238385629006864
03d5ff6b9db6a1ce,0.49850374923735763
c402ad00c62dd803,0.484554930392173
d384f2bb50d7321e,0.5208310583368294
865ca8dbe8ae9927,0.5052423516309237
0cfaded78f4c55c4,0.5077600726018411
c1f9c03f1f673cb2,0.50868754630696
80784aef1b00a337,0.5295184593030031
2cc7c6c16592cbf5,0.5024141734858892
f816697d9e23576b,0.5042647124084143
e0a3063ee410875f,0.49762612718030025
187c083474d62911,0.49363496507954785
32fe8606c8a5cb67,0.5148644574442123
e3b603a450f69271,0.5065510083383375
13ea25fe500d74e1,0.49724842759593174
3465f2b92e5411a4,0.4673226918139852
f84c04deab8f0a53,0.5266812263666552
ce64b825ce5f48e0,0.47000709887067227
a03d161faa6231d7,0.4755465667365213
7b73399454d06d9d,0.4758164773873963
726ce1fc6c05064c,0.5016433996420894
0e660e2441745329,0.5249869590089145
d4373d25e109dcb5,0.5202363440740801
6c8ad2f1018079fb,0.4770389697352654
485cc002fda9b938,0.4797671246891161
840b1b00c51f87cb,0.48347531491817614
e7c9e19e247f843b,0.49005567390337157
4f97589fa05c40f1,0.5151669942104302
41919c492d55190b,0.5095872900625469
8fc6cb3936ed4ac6,0.48588641652510656
75e3076bf4b29ba8,0.4921032787418491
8357351f6977683d,0.4985053031734835
1a6590aa6c3d2a06,0.5043846833783036
6b0dae5047e0ba12,0.5024656349023544
6f8bc4fa3d91a3dc,0.4999545958955101
e4aecbadc139b9ec,0.48823352014986854
7616bb2872e18231,0.5011880717984102
f97102e411194f18,0.4910753356192039
4f25e4f4959ce4e1,0.48750740463199843
46d34ae6f3e900ba,0.5195827106229742
73e3288eeb552e3f,0.46042513083687053
e7010fbb2150676d,0.5188061642224406
cc2c1c680ac82832,0.4696140192196163
d025b02417a63fbb,0.5206734116352835
08070948781ecfb5,0.4860610180521736
2bdbf073750d4864,0.5024933887851467
2783928eaba81305,0.5209737325466292
51bcbc84c0f437ad,0.47738985578004084
dbecf7b9325b78d3,0.5167516275319727
39b3096dbfceade4,0.49942062288002564
4299599a54525066,0.5320538677057113
ccd92654fb1f721f,0.5376746551262592
ee1170819ca7d594,0.4706658430043242
c30ab4f74d33afa9,0.4859871478854412
40f10fad12afb51f,0.5199521276934129
f4e63fba51ec3896,0.5077914775570628
60ad4f8eda2cf6d5,0.5194866103922278
4dfcb17aa4236952,0.48881678730298117
2e54d9b1b4e00337,0.48497178009301145
47a9e135733c2ab4,0.4958022976718327
4b3c22d3da587d59,0.5119613081664773
ef89abef9807c003,0.4893601340228305
e7530eb737c85931,0.492029249815252
dea26fe32dbe26a7,0.5058576572585731
08133a148f3d4ed6,0.5120813644511992
d39b177320bf091f,0.5065623363232343
c2eeafe05948ccae,0.5233123035330394
73c8d1e2bc9f517f,0.4693627018260228
0dd4da33e5e18c44,0.4932411529456162
25e076876a1fb6c3,0.525997741238353
873d0ca47a7ce61e,0.5265150230249447
930d090798b9ad8e,0.511113128333347
98e38baebfb97bcd,0.5218305337108498
9c779fba6fe0839e,0.4812597313973528
5bb1f9fc76a02c1b,0.500383018528268
f83de39c4e518f6b,0.5298961375985094
10bbab1f08d2e6c2,0.48363193498996404
ffe63eebf605244b,0.5243095634994899
1e55e67dbb9fa1ef,0.5086756002389725
e53426cca968ebd9,0.5213814318447925
51bba86dd8aaec50,0.5312342708264781
582102afed3c818c,0.4886353507178093
b280a8fb8ffb9bf1,0.5010070302260026
e8e7ee8589574a45,0.4819326675328227
228ac1a17bade85a,0.49243516197838677
2bb37b0ac11a0c2b,0.5210149878645602
5588a1f5d8da9c77,0.49229553325326436
a46d657f4c9bc8ca,0.4880414287479503
7373ad47c61f558c,0.5271441820172011
0f1fcadf13eee28b,0.5153234132856759
1f8603bf90774382,0.5236303553622157
b0dc746e7f7ac87b,0.5058750773576446
82107223b7ff9788,0.5112004897260931
a38cbc0aecaa644c,0.4929664556940765
61dbaab39e7dbc01,0.46866167228965455
85064aac24d665cd,0.4792259941600445
48be998c9a3000d0,0.49827250777552473
26b2daccb2b045e0,0.5190700632221965
95198d21e3fae237,0.4951492628590075
b2a2d7a18404d7a4,0.5017416410350274
6b178de020b8598f,0.4860204826737934
38c1b19633279892,0.5075301293938483
186d5468edde7455,0.5217563504991279
4f33d36d7b629852,0.5012269684468282
b955eeaecbe25ef7,0.5103848817630098
39ad39dbe012b34a,0.5166689774113895
929e8e2af2403da0,0.4893804030659252
fa22cc093dcf1822,0.4780996140806748
f56ff6b1c2817475,0.47501689483041576
56b30f44349ddb92,0.5072819103643271
617dd77adea9e711,0.5030458430351726
4cd7a91de7bacdd1,0.511907951976152
c07844f4e94ce116,0.5276913665660321
692bbfe3fde429f2,0.5152183874963667
6e8117bf11d2b904,0.48794423224705635
27efca94126fb8ff,0.4973413044937973
4d2a406b540c41f9,0.5224085987808691
5ca9c8756c163b0e,0.4919815264964243
c10aad8b54af6017,0.5225062712802931
60798b007f7b4637,0.4873855946211261
805031b5ab834e54,0.5040429079296983
fea6be92744b0c40,0.5125209124099225
284e4bea4a96494c,0.4992959620570847
4db0c35a634d4fb9,0.4859552262322929
351dca6bfd544a21,0.5165362255800195
c36cc7323d4f4de5,0.5007018269723817
78c350098097af6d,0.4788320784575634
1404eca61a3105b6,0.4894341379913131
2472a09a3e602f48,0.5199793858809358
5f9d50958df392e6,0.5257879084746878
ab8fde4ac70ac766,0.5215232187758784
6649908e57ee98c0,0.4845008795323237
6f6b426a42753b8f,0.4929043884516406
9f89dd1b9ea145e9,0.5080945933813609
d56cce1c1c4c9780,0.4767359789037693
fd794932c3ad58d3,0.4714614244994323
901c8562d025f79d,0.4868252569899173
2460966f3ca7d3bd,0.5196967189702237
41c6149d1848cad1,0.503665077955762
2c948ba95eb3128a,0.525812103948671
0263f07afc6e71f9,0.4778128188839166
59520bb39396ae13,0.5228531793395552
096e1b740c779095,0.4880401217879902
13bcd446b5b75780,0.47782083395030245
82652e7aaa1e423f,0.49527271550902696
b4c2a047510b1d1d,0.48600846656267305
8e95fe1172cfd49b,0.5035808567404562
8b3b319f1bf34127,0.5279435293495638
8e876b9274c5930f,0.47907069856328455
74c8dbccca14e4c9,0.5248595097203484
a13d2861af1b8b95,0.5192509689157248
3d0443784b9008d8,0.5089957735730191
30a6c22faea5d219,0.5273290252264962
8ccaf0cd13ec8d69,0.5298581481226314
ea79b75b6fa4e024,0.5010559145881662
df41150fbde2201f,0.5094695795304043
6bfaf27148ca783a,0.5079943314162731
016b24ffbde9f2e6,0.5243792225126547
c7f17aea0b57c810,0.4735652514234848
1974cb4a4a5105f9,0.5009972062352956
ed6fb2d892b20325,0.4874770451909314
029aa7e7739f68f3,0.5206889892606241
1499ced0a7fec031,0.4991898227979002
1da835ae2069715d,0.4797667507955474
3b48789ebdae6cf1,0.4998476000124079
b2501a34b4204e11,0.487945862608518
4e1bde0d2fdb1719,0.4892457587571912
bd42c11dc1ea52c1,0.47294510535261836
dcdd441194892326,0.48653485661637674
890cf601bcb4d1fc,0.5067143375928196
efcfd07026d6f75c,0.4987915698796362
6e5921c9eaa0bbae,0.514235700996885
076e6b937f9e0f1e,0.529723737091635
fe7aa6148631a52b,0.4865701279868161
0204709b122147fa,0.48516274580392454
3bf87c4ce9af3343,0.47103101949176807
e5d3cf73e07cb881,0.5041391857001639
d79da024e674f570,0.5139716506100452
f137410611053710,0.46826601838122384
4b48a5ea7d8db38d,0.5046409002933345
6e5b5708c1bbde63,0.5116859467682471
2e21f1e2f4f0d11b,0.4924050822128488
2fcb7b875a97fd67,0.5194902210034796
c9c50dcabb2aaebd,0.48561125248158676
ade709965be588c6,0.47626798315708563
e99ce68035fd1383,0.4965741158352665
9abdf47140639086,0.5228163640861591
c0370f3f688a69d3,0.5310418484223414
023ecf078fbcbe04,0.4958321002588528
9366b2145d9ffbaa,0.5331071703242651
907dcd98979cefc5,0.48293391867592944
1430d1f8417967a9,0.5012865198125922
12cf954bc6f7953f,0.5251864006827105
9f439978c3ff1caf,0.5117843815141656
3d566b52640665bf,0.5328873287139484
1da24b04359879c2,0.48513907698849146
5fb8e8cdc5a458af,0.5051751045162824
69f63de79af9dd49,0.5083456347018394
078cef5b5f6aff6f,0.5216741109235068
ee64ad3ef7cbc727,0.4801621038321323
30f789de29e44c84,0.5182199802398502
ed6dc35d0f6c3f4b,0.5256292458700773
24171dc6016596e0,0.5182872192396335
d9753be4a4ac4d5f,0.5255799893350033
08b18f56dc4a9978,0.5120426646313541
2fe99f58d73a842b,0.48576007258298914
231cb4b19f8ddc4a,0.4792820732167534
a0f57bb92842d2c6,0.47650673123077114
b451e5af95310e52,0.49960235771663836
4d5e3c273bff2df6,0.5038984909860811
69445874395ad7f7,0.47915096005193514
72d5eb4d04446c06,0.47199256239785736
676277c834acaafa,0.48999729458013186
345fac6fcbfce3ac,0.5075756064772159
77268d80339453f4,0.5099037925862934
0a3d332e3608b10c,0.5283425406634064
3d3e247d278aad6c,0.5209524084606347
c6d0f1503380066c,0.5327131385596102
a7ccb8ff054ea663,0.5225819712471824
d3b3fd3963b35751,0.5171955034759355
e361e82e1559efea,0.5007167318871578
94f03a339108fe12,0.46572827828769126
0d6b47fe3047807f,0.5118875472529792
f0d2a9398458201f,0.4805302441998048
8189ef648444f31a,0.5162528774719894
b341aa9047a23001,0.49784265069470723
0b603f589ffe5334,0.5271290934392875
dfcd5836b6d7807c,0.5299232002890842
c69510f82760fc8e,0.5060643157692508
bc2b0e3b0279f394,0.4796185892949688
9e59359a937dc386,0.4813848951238188
9bd6fbbffc3029b7,0.501123690193413
78533ed0a4d75031,0.5084537077376154
24d3b857d9ec7516,0.5072823243368952
d9f1874f6346d786,0.5226509454143428
6588a72e611a860f,0.49358223103059895
52fef00321899df1,0.5190054321217431
b3c2a81210323102,0.49230341683153456
c1501d30afd688d2,0.48679608013297737
2bd1f2fa8a7cdbba,0.4758699943907224
7472a7ac18cd8ab0,0.5191330734762234
b1dcab1c1027e375,0.5063758865143575
2add558fb5890d0f,0.48047341107144226
51a6b2ebff82bb8d,0.5378939924894292
3486d76917d26380,0.5219904960877304
7d9915dadeee6dc0,0.5004133814295036
1a5e5859e62a5ff4,0.4708318100862797
ba7cc06ca707247c,0.5014168277693001
3c42318ad81df936,0.4744969082700596
e7f32c62736ba8ec,0.49898753835148596
01970049a1d79ee3,0.5207748069777836
c34d08417ccc14e1,0.516726023618606
dd08d7511ab95a7c,0.4969455095805022
147c9ed162930636,0.520870122668885
4d55d8c7e32d9a9c,0.4901405498188852
1df22e6d0f4be856,0.5079475114019321
29e5cfdbc9735f7b,0.5200708014086091
529dfd620d6ee22a,0.49810231750738987
22b829fba260c24a,0.4910864080469225
712c502ecc45cac8,0.4902410803900479
2806f2b7f968844a,0.5110166636092419
1ff716c957da8f4c,0.48884364075190706
33a651d1e2266900,0.5227112083802916
01aa41460821647d,0.5059456308646342
2728591ac3aaa7f9,0.5182206203127484
62153e0ba99bfdc4,0.505094920834293
a336835871390b27,0.4763140669833089
66040815dd14bdc6,0.48822043308318663
e0d8f324ffe3e925,0.5142523833037187
e7d245b8d234167a,0.48537944519052
b30acd5fe8990b03,0.5255425559830923
8b87df65e3f61018,0.5013287079021405
92d913128fc856dd,0.506585562110281
c1aa97bf3aa49c01,0.5039750194516652
37b85ed57524087b,0.5289107993777523
fbbd2368a21a9e6b,0.4946431402956928
39795c53fb16d719,0.49405084240106556
6d637bbe837caf77,0.4936368369775642
ac09426ca8b44dc8,0.5097573713379455
0007a5bb7310d604,0.5252617223789781
f8c5400d321751bb,0.5166726544890673
5c5d74b2ed3fe0b2,0.47988289566400955
a0d70afd5aebab39,0.49619746523721775
dab67f5669ab1b4a,0.5182262662382844
b094a6aee2983e4b,0.5176082114767909
76eceb39e4bbf598,0.5084275307970418
08792ceaef2278a0,0.4995586422943299
421639eb32096298,0.5178281959120312
3732446a2dc0ff2c,0.49893561728617225
f42e7bbaae983e33,0.5072254852016529
1d7a33be5e41401e,0.499322408230985
c94efe294bf687bc,0.5133091620051222
54153bda194f6353,0.4894955145025446
275f14633d4a7de0,0.48128710055534074
7a750521e7810b4b,0.5419780120106749
b94bc2b4bd62e236,0.5140637981492981
3c2076842f11afcb,0.49146784558668277
53c3d245534bdda0,0.4807634527819823
bee1ce38b4653a33,0.4729100568742699
7fcd7a8a7c44d7f7,0.4752671604219109
60fc2edd396bed1b,0.5097147793529913
df7a1a739d1e3d31,0.5138105553184795
293173b622ae6047,0.49805363649139256
c18a9f29b23ca49b,0.49261181167668894
4497cca94390df91,0.49720172132327545
40d9096835771f2f,0.5166619270704798
ba30e997b8338d76,0.5159285979153984
56d89283c0f5c7c8,0.49103174155472107
f460984ca4f4f1a0,0.48634224158077083
63585cd6e35862a2,0.5035900329033057
26e41712e705d5ad,0.5120563911848137
0a056eacd56539b4,0.4897842791229988
9060dd63376b8616,0.49840503624350807
f11e51ec27009738,0.5269815984778685
d0496dc870887d72,0.5149132861677579
65fef6d3fb26ca70,0.47516483250488084
a586684b41fa9769,0.5151773816550402
3bb2f0950e70a234,0.5086130458617137
6c6a97e3ad10abbf,0.5314606244070241
ede33053b334b03e,0.5020381773875333
0dfab1673fe84ab2,0.4938422536716518
f65b0230673c2e76,0.5049155880486913
5618ac6872992ff3,0.5248011077611973
77febd71dc7777e6,0.5185244093051968
7f54b45c8c0b9310,0.50361292568984
9273e3e5412cfeae,0.5131859326533648
52087475796918f7,0.48810064713890855
643455f14aa1df04,0.47336338871316685
d1b24b005a16d2e7,0.5061659479233505
88788f98d41f9611,0.5138475852737011
bbbe50af555f1d68,0.5080188890322771
1bfe964817713a25,0.5246287200701425
40d6df07da814020,0.523128239000469
8a96d0eccabff7b3,0.4622772467204664
439300a43f735490,0.48926387940927263
bfaf88448d1869a5,0.5117253337323067
1eb331ca2d61f16e,0.5261744926834317
5ad8f23386d2ce42,0.517273003227434
69ddf95fb1e28199,0.50138638582061
6c224fe2f90a4ac6,0.49591261564571976
7d2d81f3b2e16bb2,0.5205315932027826
306bcc14dd7bcd69,0.5212615442240037
db0b579d4d6c3202,0.4813640567844666
5e7670a553fae63c,0.5208028581591423
999f8c054ed84981,0.49637196907579406
645969c8fdeb22a1,0.4699575301612208
6158cad9f5117a45,0.4953987135936806
3717d43b0bfbe61e,0.5146876768593394
8ffc981637d61bb9,0.4790051507409798
8b934f4c25070ad8,0.4917005482147655
15701cad20890a02,0.5091827594697904
4a22e527eecd22b2,0.5031618830480193
6b7e69ddbeb27f14,0.5258677861040044
c44f66a5254d5ede,0.5206988953853452
1dd06cc994df91c5,0.5198635622031693
43da23e0c905b332,0.5106910280659251
cef6bb5fbd6d7d4c,0.46899072938603337
74e65522686e974b,0.48736211723750017
b2ec41e4d4e17991,0.4883002778143388
7adfda5837586ee5,0.4980202778211941
7be7cd83da184778,0.5169451690855283
331453c919db4a8a,0.5063499176431916
1ad90b2ad8ec5751,0.4747168152482546
06f305aa47e1f3e5,0.5244082045598817
5d77b6a032a98222,0.5063747542406345
2fadc388cbe136d8,0.47550277367893196
3a64f59d79eebaa0,0.4946802081602391
e9d4d3a03ce54237,0.49788522570615545
5bc032bc2d4db536,0.4824957446508777
42afab27f6d63b09,0.5198198052451286
0ce59aff9d61ddc0,0.49914542205829115
c4b23b3e64f8fa59,0.4806345195730025
df5826f4adc2407c,0.5193512053982741
1006c7d207337c5d,0.4790860834149103
74f20f15f7388f9c,0.48058704904356075
e8c69436b1cb3320,0.48767178647178666
609680f04da9fb46,0.47995526805423017
060d99e1fde9dc79,0.46797010208096823
6555f0c293c5a1f9,0.5086862724628172
cc835ba475e9656e,0.5196900243291489
960c65dd29d3417b,0.5086376427203814
c7596c71a0f505bf,0.484861200741871
3f3297df319604e8,0.5211849480374897
21c886bdfaeba657,0.5308912775013984
4c47eb742008376f,0.5140525949446921
0360ab7e3c03e1d6,0.500997968845116
106e8c5cc993ce96,0.5173029944784692
3f189ef767336273,0.5136637597292601
d87c2b5ea60e2e70,0.4811761814050306
924a02ba0ace2e0f,0.4920925748777715
e0a93aee5351fc40,0.5178241479725023
60036012aab0d68e,0.5039372815260936
92196298fd1f0a2c,0.5074816844405187
2c9507cd32c0dc32,0.4825159898206951
f138d3401d1ef8d3,0.46988156598416164
0550e84ce3342ea2,0.5265575972771781
433b7b91aefd0d89,0.4791187415081055
2f084abde9824f95,0.4807839915913964
aec34c208a4086e3,0.5195995036363474
77832263f798d3db,0.5081496473267413
423646a4264a51ea,0.512081198088904
99a11463587499b5,0.5096158684251657
5666dcd2f61e1fdc,0.49535027010736626
414bb3e31a06b128,0.5367005843914352
9825bfe27f61ead1,0.5065457568377316
3e8b0ac764ba974f,0.48829660626881755
f494e58fc4f527c1,0.4769135942564288
4b3ed9d300487cc2,0.5128306154095579
064d5daca103bb1b,0.5098976374024502
1a4b5aa55f664cd7,0.4975715969200216
65fae5433da58938,0.4945925934553972
77df36f32951641e,0.48799512259690525
2734faa9175621e1,0.532076491420016
6952ae6c0325e147,0.46394574598078886
bc49ff32a733b5b3,0.5079131942170798
ddb437f22bdce5ad,0.5173728538986279
ad2ca89540526e80,0.5137579308586702
8eb86976f1f7faeb,0.5325415401485798
351b2cac3bb60649,0.521352576370494
f3685748a7717d4b,0.48886400452375467
af64f4a787a28c01,0.47376398950055654
e41d8e72f6a6da64,0.4906244894631957
43199fd3cad0d080,0.5033867129821956
08639490dad5a32a,0.5190287452013512
251545c20caf2d9a,0.495881317510132
657fbf140a397f3b,0.4807269401159491
d28dd01372e08f90,0.49298826070235763
fb9bccbf5affc835,0.4841925019434526
0c3e0f0e422bc214,0.5199585747824842
b6fe616b3ee4f983,0.5053081077694235
1a05d9b0ab2c483b,0.5089797005711763
be053c37d8d326fd,0.49765507486577487
b0cc45542dd09eba,0.4953117160978896
0d1c9ebdc72b57f6,0.484001946191381
926a38d305ede2ee,0.5176373688940623
381047d838351f95,0.5005269795111411
5afb977a1eeba5b5,0.49386965055211884
1ef7c785c8633cc8,0.5034454394568204
2f0bd78e22c8874e,0.5106445789991252
2765e2bdf659e633,0.4840971307165615
31756eaf193dde51,0.4786777345853692
ba5f5a3df72c6be8,0.5220355087441662
90e87591d24ae44e,0.49714231694183486
f9f063e55d3db8b4,0.49958432270158426
3ef90711b7e5d86b,0.5176997994576155
ec0a6ecd2422c215,0.5074768802939378
2a75009bf5006a5b,0.5115690993553357
9edf622febac0e4b,0.5072771264200573
9cee551773541f4f,0.4998638257758044
2a07f1c2d7378d29,0.5073857953554566
aacdb09c08c9a960,0.47555059391332544
df9753fd02aeca78,0.4977246779986755
ecc853e05f1891ac,0.5107149798988033
859bd8582d3d2811,0.4910843052156513
a124273d56f60796,0.501020437501371
9cd33034524d6b66,0.48447678805191297
9e58973154c42431,0.47121782043490834
fe78518186335668,0.47374950827218476
0c195b45f68a8952,0.48448701804771777
bb6b109cc9317218,0.48933968793701976
a58342d3aee051b5,0.472043336877478
48f975291ebf9397,0.5161739225525521
672604676c29d735,0.5112525440378846
144b0a7e9cb057ed,0.5328690529095578
02ea6c1ef4cf0b61,0.47935242419848856
fe3c47193f742bd1,0.4881221543447651
782fd306b790e8b4,0.5002676786262703
53f0ab0c206a7f5b,0.5214484333251755
2d15bf73a2700357,0.49183987523342004
569b34b568032161,0.5258922645457325
d98474765b2d7880,0.5063288145966667
f3088caf81ec54f5,0.5205882035590206
884de3bae564118d,0.5250341149063851
5b62a55571d795f7,0.507718496723894
e860976e6aaf78f3,0.5080104969017867
bc5f8d0b2f9683ba,0.47595376972930137
92555d85c6369cfd,0.5290301733511843
189861fc294e0daf,0.5076969543782186
b8212e2222eb4313,0.479165764328765
53afc56ddcd63d8d,0.5173233765297406
0592b0cab7becf5c,0.5118568590307826
ac4cbdd76a84da91,0.5008369870467333
f2eeb139d518ca60,0.5173046290541725
e02fcc8b8b63c0cb,0.4867500215236532
a7f194a18e15e185,0.4877879127951854
b9b57b5beadd1490,0.49789647791010616
357c4988d289017f,0.4974317352033667
f0d98c09bd71837f,0.5030877519496224
b1c0df4bb0c82383,0.5104253801369534
5bb361813a233522,0.498294943334814
c3eeda7b200e2c92,0.4808440393773685
db0460b8a23a94e3,0.5039488328058247
3c80f795a35190af,0.4796764051831576
ecf5824d8b392491,0.46884849882330276
5fc7a11376239e12,0.47050687065208147
2008fba1ef946ecb,0.5060963636902704
e2aa59fe541e0ac8,0.49941159483260944
09b5c7802e6b561b,0.4842573252349281
988df0719acbb76e,0.5098706080624837
48d79ec301d31948,0.49445855991181453
d288ed9b89b3675c,0.47709162703325597
75abd1caba2694a1,0.4829792168039765
3660f3c735d8a187,0.5075882525566514
0440ac4598276f6f,0.5308434962423152
836bbb09e4831df8,0.5021760734182967
51432ea27e463eb4,0.4886121028415541
3fd99194e4efb12e,0.46098501348077514
ef1b4ca1f2c1e357,0.4934891613470218
70c464af7e1cea4a,0.4889256883644423
54c64f47d761f86d,0.5143451905234914
333dcb05411a601b,0.5006681017488332
11861d1571dcc3a1,0.49633793346022337
20e00d08f625d409,0.5161197982905157
8574c4f5b2db8c92,0.5194423224825603
95feb433faa8520b,0.5184571026153321
1dd496796a5dadff,0.49531493157641093
c1c248e8483e9ef8,0.4918725703533313
5e0dc0f0f0ea48f3,0.48466598067412786
7ecca4d6c9eac123,0.49542772613803376
58dbf7650b2286e5,0.4904027658554208
4c62224901fd183c,0.5029528402618966
affa636fe0cafb15,0.5201904222536647
c9f2c416d003a925,0.47062582855867785
c19024a709757f11,0.5045680556920884
d3444b15af3a9536,0.5055226173218192
2f54cc2167b0cfdb,0.48631421615444514
d974c7d47092679a,0.48553501441479796
1f04a25da2b17ee9,0.5129257910709487
f133299dc49c2bf2,0.47372785351302205
9542ec8d29575b20,0.5190043217915549
6e476b773a15e2f7,0.48407711831890987
c468f0fe05876276,0.4780044690775078
1bdf15bc47508221,0.5188456962256571
687b1d6eaf1bb287,0.5195579173796088
fc8590ee9d55c5db,0.47501079984047917
a4379a3efec7361a,0.47295757311940956
30a2e56d4d608b28,0.5201645355867788
4b400d52635e28ff,0.5355225221320533
992d4d4846551047,0.5173396538614727
b91c089133d42f62,0.4987735764088832
c98879c523da912b,0.4907126208265466
7c8f510d8af822b4,0.5060619118741876
9d674a6212b3431c,0.49028312056639145
d3da05b2f284cb87,0.4924702091662416
853ab873686c227e,0.5141250051242713
ee0d55e13012503e,0.4841327743695947
fed761caa06202e1,0.4732914448696962
7750406f980f78c8,0.5201883837928383
e8770d9a28fdaeaf,0.5173059770442928
4025856444b9ab51,0.4827099131975864
1d0cc87631f52974,0.5194141187915768
f87d2af1aa151b69,0.4974070097340588
e2746f6359714da0,0.49217592277157607
6b20c519964ca8fe,0.4885894626507461
ac0ef70a6dbe1ce0,0.46419631112964305
29219b6baa3ffa60,0.49493059387904936
ef5245dc0733939e,0.4960386447296441
26d625d3997169dc,0.48861222310940094
ff9580c0b2b1a370,0.5138879522435054
bdad383d41eac454,0.46735184193216894
a6bebd6247dce4a2,0.5241310801672534
846ab5063b60d099,0.5318803275900363
1e342d4cd0cd2bac,0.495435736388633
b111d554bd56dcf7,0.49586637165088593
9ddbb649643fc0ee,0.5195190008887782
0dc9c8998b42da67,0.5180393843316579
80444594c0d4b5b8,0.4978313763964067
9bf8b2752ad4d752,0.5206026041341043
794812675f553fb1,0.5081730403672612
c60c7cf09844c202,0.515642649234547
06559b4012a85953,0.4778891032096791
dde7362e34a81ac2,0.5034260434832979
fa1ccff8a7481b47,0.5187983387163889
89c1eb286bad23b4,0.46102000322709114
b389067306356b78,0.5061316541713281
a4328554fc4a45e3,0.5124977807517974
fe2ff0422ecd1440,0.48644190161707607
e1f0e9e0dd1f6a8e,0.4980902577731254
e431bdc8db1622e3,0.5068347487838853
54d5ddd4fde3db7e,0.4691793157246919
d6a2262fc314d2a8,0.5050517561648926
e7039d9ed0ec0c39,0.4757339969024723
357fb25344e0d8ef,0.48958115509129774
8479ceedf945cd0b,0.5058068982168907
30e12f447d932d19,0.507716205060655
a33acfadc007c5d3,0.524983464151352
32b72fee7f2bc37f,0.5033131173478691
e2ef0cf7c0138e95,0.5203337668552535
c53a5098d3feab43,0.5266792690218435
2d1a504956a9bc59,0.4680421418442852
5b9d63bb61f11842,0.49263959536251734
f8fbcd4440a074e6,0.5088705579303154
c18b0ab8490d1c66,0.4952398305083003
18cc6b0ca558d790,0.5214715455213526
c78d6d8adb708879,0.48434210521002996
928fe114a90feded,0.5123978152386572
806b11fae1f6bd45,0.49549723250446953
ac8d5b4456a25f98,0.48408665159205444
0de3b4e998fb61e4,0.4805976435001617
0344ee3e70daaee8,0.5167011613740999
9459a694f708e7cc,0.4717100373180626
f8f24bc3cf3562cb,0.48600512826616593
fca0d01a476eb58c,0.485339393330838
ef25fb3354e1c732,0.5063584548556841
83ce56a22c714f81,0.5092211992731418
781864846ec190fd,0.5055860986163438
99c27791616e6a14,0.5025811182530999
f00a56545441ae1e,0.48401775748349274
160c77c56d0bc3b3,0.4791553660494918
6bc7f7e6a8dbe398,0.49483551031915124
565c31dc34339cb6,0.5188810950139299
d47a57dc58d8cfca,0.5171542569978009
7d91fd093f331634,0.5145592464870463
a33fd6143896a064,0.47448679514363035
af6776fae916125c,0.5384151185283367
eb63791dfd566fd7,0.5130259954111208
fd94632e98a57fd7,0.5065915128254168
7afa48755b2905cd,0.5353307427468423
cbfe89a23b516339,0.4976303077973242
bc9eb4d602b27458,0.4916862207847984
fb8b7e3482eaa33f,0.49359733716299764
0d172dce11eeef53,0.4922797937352271
6cb7efe2f15a8b1f,0.5093109832259807
0b234c8955fa5560,0.4872311710468046
1564bc14da2389b8,0.5207741183425604
11d440c4ffeb2e60,0.489273311009334
fa46240b99291663,0.5183838285127479
52eb5978e0a48397,0.5215604140325514
bb2cb3fc47f785b4,0.5087640182684555
bd402ae2e81bc456,0.49255639153785713
5b2c73c3c2fab67b,0.47846821225142994
558785e2cd64bd4e,0.5300180615481537
d8d0cdd0e630be6e,0.5333514442030266
54a5cf67504e37cf,0.5181378767693303
b7225c4787addde6,0.48083981653223584
2e444cb3f4217098,0.49091792497175646
ae6ea7b6c44fe6f5,0.501918809057655
8917e3ac1e161b77,0.4987812253966425
ca8e1b8f4b045be2,0.5307610111575436
b16a002c43cda488,0.5212735728338899
38988311c0c8e2b7,0.5162234734058888
40ac9a289f991b8c,0.5042790953484642
83dbe87c0f3ff118,0.5044234203208376
d8412746401ef6ff,0.4892332282172196
95a1b17435300c3e,0.5098460155483073
9576e0a63d76b324,0.4923466272903264
8e43c1faf8514a42,0.4800420111736534
64462847893bb0c3,0.5147330978996314
2e8d60596fe0288d,0.48830253011666197
e3064eb18f25f417,0.5197774725414466
5c24da1b9f2ac392,0.4801885774971483
ad26aaf8f4bdaf41,0.4928339501687753
a21097bbd8645f25,0.4768243245816263
cffe1ff942479449,0.47539678071512204
39170ff154aa8058,0.52177288333491
0e2b77f6fe4d94af,0.526828100924494
4fb4ed274c87cfd9,0.4868420034392601
dbe218b606bf3cff,0.49886241446237306
b1ff3f405ab15e62,0.4875794211869937
b77bd0eb977bfde6,0.46478879833438896
c65c01d13c9051fb,0.5260142858445347
9f7d2bd32579e9b3,0.49065705789363995
1d42bbb95380256d,0.5259414270769922
799c5bdb519f3962,0.5018037090880921
af54b26cbb15ae3e,0.5073299500666326
9ce958c47b1e7d3c,0.509302971804854
d39bba0520b226fe,0.497246304123616
c4923735c16e8881,0.465394300518117
43506b20fd8ac430,0.4960069153155043
685b0ab35ff084e8,0.5293615119376669
03212fcbf4fcc22d,0.524246879760945
7aff26a87411e8ee,0.5249854795940891
9af789cec1453f89,0.48039429504937126
41f2ebd04afb728d,0.5135330041134702
a3a3009c55baa210,0.5418482174271153
688382bd40810598,0.5005168751405319
42cce10beb6c55b1,0.4826695704729548
59fe211f9aa2b83d,0.5191855732517152
86466c925086fe3c,0.530168752358193
cd36f54626e83a21,0.469389372535551
ded728c05e20539a,0.5116731146829052
0c7fd3a164040b3f,0.5207695399227006
614f526f552a972f,0.49717483796848516
cf076cf42abbd2a6,0.4848345543494952
e20135d1136fb289,0.48946558881990265
2b40340f15b07950,0.5138299914155602
92ea7f3ec80af25f,0.5184265762498423
1de6db095fe81c3a,0.516331153365498
e13432ce761076fd,0.49914233674825736
ae126eb3da41487a,0.49345139148130174
05436df37c119ff6,0.5094019590757528
b9203ce854a26300,0.4961389179115733
e39f8336b7fa1f6e,0.5189381620164333
2d031b0318ea5a02,0.5009712104505657
54304b5c419290ad,0.48335793986813314
e9b3e8a0a4077e28,0.472264802134576
1dced917867d765e,0.507261501874215
c004a070a93054de,0.5288608278405944
3fa194a91f4562c5,0.5017106567961891
76d5a2300ca56933,0.4750839885596787
993bd3c445b80c92,0.5047555178478883
16eff5adf0cf07a9,0.5259878177099614
19f4c91cd1038cc8,0.487097520281146
4ace42dbd199d1b2,0.49237562553642034
8232534ba45ef07e,0.515176814862649
a2eb06ecbdb56bd2,0.48019154485296933
e33ca091fb503e03,0.5074640594340063
8b65603997a5d0ae,0.5000575520310623
c4702fc1a3b838e1,0.493753108286992
0a2ca915437c9a04,0.4764688244013343
6e4d60a1e5913350,0.48769371232546627
0eb4def034c0e542,0.5262316256673549
0dc7bc6ce45f37c8,0.4781579492392085
69c1bc9b1691880f,0.5099003454427233
249619e3bba248c5,0.5005911810142835
8a0925f386616243,0.5110680659183517
c609c9019d1d7b32,0.5114045795269766
dea132cdd56b9c8f,0.5234273563421683
24c6ff18b883edd2,0.521952211184759
06ea151cc4ea5974,0.4819202390412573
dde1072c2340c07c,0.4815962457771891
bf6234d11406ea49,0.4996344882909544
610c0fee53d0cf9e,0.5303273912471962
fc0691273040fddb,0.5170856648699154
46bbaf2bcdf5a362,0.5069478224040682
6f4198d004803569,0.4923392167114311
3f726ca9a49e022b,0.4925842228399911
2263ab08ec01d546,0.47642736470724123
dc2a61d22023b42b,0.5216473107550056
9cb03c429bd54976,0.47194897293836335
d3d5427c6c9640bd,0.5291398319581777
a356aac05b7d44bf,0.4838186842722232
2c28820cf1ae8254,0.5200448814373871
cf49994228b74e3d,0.48475627602581395
ea984ee0501b30dd,0.4965108751038565
3639d96562366ada,0.4741807863836973
007d989968211b0c,0.4781192002263591
47b004a1df7ac9c9,0.5081596047181685
f09cbcb79049a436,0.5162179960603095
d3e17fc998bf6787,0.4961811311477545
0c6c8663f624c58e,0.4915111890365959
52720efef03dc54f,0.5314304101216525
c6a5cca33f57da61,0.4864252234490767
b1208369a0074122,0.49255040779602177
b0563e971ad0dbda,0.4710084101322781
a0bb9373f1dff1b6,0.5124494080181305
607b5d747f350fa9,0.5279765508958392
8945214e2c9cda71,0.518834101120553
7fdea294906af44c,0.5089820492783517
1f3c2f31d844d10a,0.47598185186023045
248eb5a4a5179bb0,0.5279187744696808
f7522ca250fc8477,0.4920956262305106
3ac3d9675fc09e64,0.5093649933864337
b65116a131be84cf,0.5285602620644883
7cba939dfaa4fb1c,0.5235230122386108
4e484a321de70373,0.5079336332283114
48c00464ee810da7,0.5215560964980832
11c760a8108e0ab5,0.5279134617914452
4ece5849758d2bbf,0.4984974756691372
2d34cfaba66dade6,0.5141106584705746
597b3aa023ec1731,0.47107887462090675
65e095698c6b2018,0.5093142420054513
d4685373bfa64d8c,0.4964983003083474
b2a24aac339b046a,0.512217513683004
d018e1502c830522,0.5104555945645706
b4a5d705266bfd48,0.4873586400166855
1bc1ad21db736edf,0.5050908578218658
3584862144963b16,0.49022487119398606
64acc3b4a0341a38,0.4752769737236279
ae1b7c2913418b6f,0.47946251462559575
5ff184c18b029b7c,0.5000149378215093
d407cc2c1f68ef5b,0.5247452709574126
10610f40d2c4beb2,0.4800559690065563
a8e72b280bf38b81,0.48288930320364637
4802ee9701571a2d,0.5260545705723554
c0ba503ad79cb130,0.5244914974371788
a428e18a2571696e,0.4910284033627559
d973ea3bf88a0f3e,0.5130594633911091
cca48a6fecdefbfd,0.5105455895482689
387eb4b1c9690ed5,0.47091876141564243
f9b045f246df515e,0.5172373931186691
b8aa274fe0062de8,0.5222522312174035
9d67fee3adf9e1fb,0.5117687133725999
3196cf2ddaa8893c,0.5159334463535068
c6cb67394ff79930,0.5011161145889889
b713b9f13a1a825f,0.5066293537934002
0c55301e8a9a0e8b,0.5328832808892445
06cf6a66edc51d64,0.5256844311304794
73877568d5adcb7f,0.48464433420291686
6e713b6c6d9ff701,0.504588696198579
35b98290788b0e15,0.5220457418967961
c1699d21d21f249c,0.49675576384375875
4d4b1f0d9defbbe6,0.5223711227655434
c1eb4bc9fb4e0c7f,0.5075165237577668
ac64ea4bb93cb2ae,0.5142184256730447
a6c0198d0ade9eda,0.5166839693599424
4ee5d36590d4f29e,0.5038992687853387
39d7718a5529cc62,0.47289658194309625
4f6e36e222d122b1,0.4843518944568066
f7b65c4533428cbf,0.5250980467254707
32839e57f8e1ec72,0.50473505380999
0a631a26c3a1a8ef,0.5271002709762644
42ae365efff05b84,0.49934760205011985
aaf16c83ac07884a,0.5163444534476234
e3fe57ec38bc0cae,0.4869425559008297
a269d748b94103bf,0.4938301382199344
29320c0461eae48c,0.48318227394594254
98b75056b390e87d,0.5309780905097125
a18aa53890bd84ac,0.5176297570769786
fc5a2a2354cb11ed,0.4791985648852711
912408725cfa628f,0.5055214935399905
6453b1a068b68ddb,0.523154915951668
d95e854d614ff5a3,0.5112968276887513
85a79337144b2a84,0.4932707409713425
b5e18d3eb66f6250,0.47311548732848246
3b90fc3f1087e3d5,0.4676651866520102
36f89bae0e5df26e,0.5043337364095413
7de9a21c9a6df7bc,0.510474730994609
4ad662d48155a76d,0.5107097740264912
1016d05cc8d07dfe,0.49613052570910315
b0a028857d9a81dd,0.5141835779410231
c7da65ddda5ab002,0.5235069983441234
8faf1048140782ab,0.5057616466494465
d0f1cbe5f5c2cc97,0.52335964627618
766a85256e2db000,0.48254174928225924
83f8495a5ff0fc2d,0.4812775434260569
a57ac84facc6651c,0.5222384193491112
3e18333d2d1812a0,0.4866566615475369
2e2c93c0b28242d7,0.5247075049837393
290025e556e7a964,0.49133975085244563
34abf7197c7817bf,0.4990603191546975
4c990af23095a8ad,0.5283740874564009
b30f0e7ab6ef02e6,0.518714175079726
955f054ef8ac2a98,0.5329881317900879
efdde8377abe8fe4,0.4959525794553397
cbfaa9b940f4c2cf,0.5082813669293583
51e64153531937a9,0.5343190236857873
3b7b80317148399b,0.519267611806801
b1de8383db45dfc8,0.5068174976520896
0d3f9429ecf4d4c2,0.46619379319812115
c4499c39e29ecf53,0.49486058200753524
7800f7a3f936332b,0.4937444816396845
b837532e3fdf4a50,0.5000023031714269
c681da0099cefd6a,0.4869778034202711
c7acb3b5705e68f2,0.47455208814740624
7072f5cd32c791ed,0.5227891270366836
00b5216b2f2dfa33,0.5278822812330333
b2ae02f82d15b4ad,0.5078216051085729
5ddd4c1db54b9114,0.48447579255167456
3e6fa59b53549aa5,0.49818024210210976
6b853eda68180bf6,0.5052455763759782
0ee247af650122c3,0.53038189315603
9e2c6c5193f21067,0.48912849280785387
6cb5b3e20565dfc2,0.5210590610741157
dedaeeed301662dc,0.4849932800186324
7244a91f3ecd611f,0.4874641465963184
d5447b494619e05f,0.5013630207647812
d114e64d8dfca5ca,0.4790257716192834
762e061721ae89c2,0.4809920285327651
0359613691f7c01f,0.5010784305213938
ca90a47bd789f6fd,0.5200770577873841
b43584123f43b018,0.4984054463223156
0770e000ee552df7,0.5079342630698052
b396a1df0d592f4f,0.4912486971274604
51ffd9a173cdec87,0.5248186811908052
38e628d583de2dcc,0.48531851414298877
5e444909efb4f076,0.49543520157580767
147047e5cda600ea,0.5325800770868636
02f5e786b6ca732f,0.4912674439552107
b29abac474eba51d,0.5269718310752263
14f09256775b5595,0.5073857723922086
4132a178395f2d42,0.5165573556292262
3ecf5a5ba7668082,0.47187812159810083
f7b8ef9f4baa3954,0.5215058329922865
344ae6cefc6e5e28,0.47677663822953176
9f8993a4d3fd8c66,0.5030401604565298
02fb2d64b2963430,0.5175951212549974
cc3e88fc10db73fd,0.5181055983126579
e1b25ee0d1bded29,0.5141786826303998
6811aeda7c48195f,0.5033254737928656
2caefea2089d3348,0.5146849643408987
06624c42e6f173c4,0.5261240353893486
18d0862452891d30,0.5119581914355774
aeff78b9acbf4d71,0.4854939468011522
3c4fb720d11f542d,0.4878012876556818
ccf649ea4bfee844,0.5025742070113056
72bca5a449e85cd9,0.48393415012846663
fd6a74697a1a9ec1,0.47994408798425214
a629bcd8e7727428,0.4856243280178016
4234c32600399d7b,0.5241754095972289
dbf0f354d6059039,0.4771573178038778
3807b180f301e7e0,0.5076398414475055
5cff8cd0dc4c326d,0.5002561473963216
a28550e03a14c9e2,0.5199983632289147
244915cbbfabaa93,0.4815783731946798
f5d28c37e1483258,0.4968719479925881
625d0351dedf957b,0.5210345319243814
daa98d98f6971d07,0.4975714718860882
aac141e3478df5f8,0.492932804126358
6e2d6b44bfbd409b,0.5181376243963984
34a46acb36dc8ef8,0.4880557984557263
f709bf78e6f0fe9a,0.48780725598357205
573ce0864f1f1a1e,0.4954465016291412
d6421a369f95b35a,0.515890387278371
6c74b5b293b1b97b,0.48085366996539486
51cf0713d5fbc070,0.5193874060236066
062ba7304652bc27,0.48947363758651274
930853397c388814,0.47920564222886264
2e48c840c19e48bf,0.5128721027695744
2a51f116e23cffb3,0.505063072747857
070669d7057f8aa5,0.5206786333259983
967936eb15802a83,0.5057407875473695
83ec0a0ff919a926,0.48809142223035706
a35f4a25719a4b95,0.4792134894882172
e646bad2986e850e,0.5101467206120469
8b488afbcc578dfc,0.5052670118883094
13ea6594c14a4026,0.49879015764246504
d0e536523f93f64c,0.5017548758349648
0e5ca22bcfd8c5db,0.5314599806271696
9fb1e891c08b715f,0.46919040264090195
7199fd0ada65fcc2,0.48588193583144124
2275f9dac244010e,0.4761432879655375
24e5ed05f908296f,0.4845442000018508
6cb602b86bec19a4,0.5096946087387506
9325343b0fd3d676,0.4914823159718223
644e5f81463951ba,0.4964318087974998
37046a2dda9e5889,0.5148700753507811
c7df199599dc296d,0.5032675612633195
54e463d760c0c6af,0.48348607389644793
9bde8f101bdb4095,0.4995504467747596
bc5c320666ed7ca3,0.46467732315437105
4e44d72109230bfd,0.5142199366972546
235aebae2ca0d45e,0.5258846604219108
55a1d48711c4359f,0.4908975032802191
c1ec685fcc48d91e,0.5095639989796017
a51c93906bd78ab7,0.4984121765419429
207c0a6423cf7a33,0.5041653252558366
c7693bad80c482e1,0.5055188123190224
36b92309f6e5618a,0.4998227069108767
26ee6d56130da0fc,0.5148807991035438
587c7d36156381d1,0.4854246879781511
50d432d2b52052b2,0.5040765418915176
b738afb14f60d587,0.5297971513576062
1157c08c11e901e9,0.5118135620592099
cfaea6958357ef1d,0.4939484393783281
d8b3ec80ec080d08,0.5161863722181548
809c8f80468b1337,0.5109172267375222
1bdded460bb636a5,0.5182046000206342
96cc52a1a3f13e6b,0.5014772498567259
c97a25af08369f73,0.48665433489015203
0de5d7bc5b46bdc6,0.4959333534773751
c6eca151f8576037,0.49848921582368105
7ef7f606745e05ec,0.4691281959908661
c5ea9ba7fa065f8d,0.5328521132083491
63142c0d75cf9aa4,0.4698159884839287
c396e609d01a9bcc,0.4776903133191979
7c9db70c27860a32,0.5144761569302085
8dd4bb6eda603b43,0.4883650442555375
d5eb724b5ea43bba,0.5183224132232933
e7e9bc7d5e2e5674,0.5120202117917879
24b3176d5020b612,0.519022601412585
6fed295aff782896,0.5281408881973122
12d17a3ef6b47faa,0.5290216221454895
2c550aa9cd671368,0.48450614852914553
df00e28247baf9ff,0.5121404854724338
9449a45c9d7b914f,0.48710566950232526
9a8393310d9b352a,0.5130777335313803
e1b1b6a194b4b1d6,0.47053832762636894
7097d3e397e94525,0.48232764360984504
e3d1f895e94e8bbf,0.5031729734963777
6c46ce4b2303ecb9,0.5030288481717833
999760aff655cfad,0.48455873436668806
6d526f4593563124,0.49698364796530436
467801b5de42246d,0.5289106931099631
81c9cccf75c1503c,0.4873030881138156
bd1aa64c7a5dcc06,0.46789883068242266
df1a75c489d95957,0.47704639480436595
7e6ebb5b237b817e,0.47980865242804766
1aeecba2c7866fb9,0.5116798395314737
14269028868b89d2,0.4777162862486495
5ec456826b243dcb,0.5105908906823267
e574a546f8e193c1,0.5161704382742962
b0ce65cf243f3ae1,0.508734568058206
8b8e8a00e6e1fdc9,0.48431243779066097
4a87b2b000e87686,0.5138301024905673
1175204fe5f8cb6b,0.4896497800659334
50a79bbfcd719a29,0.5148953457991945
0d8c215cc600c1f5,0.4937236132316568
3ceb989ec05cb0ef,0.5117300965865155
c7ea3f3ae516dbc5,0.4736179803224555
060631dc9f8845f2,0.5152371799798319
4ccc3fe421151149,0.49219078475044287
fd51240f58f2ec0a,0.47324459283979914
9bb25b00d30f4ce0,0.4742570589339185
1e633867010ad35c,0.4882221801649227
90da0c9b099080e2,0.5016128666681747
f3ba8015df41ef05,0.5117271307833999
7006c751c11cdc01,0.5001449212815956
db5b922ab7ac849c,0.4855609010234147
8ed9c5e3ceb94d30,0.4989042168194008
32bc573af0d063e6,0.489581989713411
b6f5ace9b32140b2,0.5267985534644873
2acea7857a236b62,0.5137046974092094
2dd5886a7dff0caf,0.5124018952400147
cec7e9631578eacf,0.5196639869247106
aa1276a52bb96bae,0.5212441690814151
f90658bc8d521271,0.5145954668176871
8b65638e31a74f80,0.49708395889203316
233d4e0eb18d8449,0.522793798855385
95e779988eaf54f9,0.4982346381973121
ce033e0586a41f4e,0.4847666212474567
29007abfebc6bd71,0.4978486223148132
37555eedf932eb41,0.49617865512214615
43f0b7fdd64e4d62,0.49852260153255123
48d11190742f10b8,0.5245884555429192
54167e2d347acd9f,0.4763156930088487
adf2b2540dad8766,0.5097838778085805
aa4854b6b5329860,0.5352603482670708
371dbcc2d3dab4d7,0.49771419045254
29fd5cd58cb38dfb,0.5266639761963031
276d786a03dacf69,0.4899308439571989
90290aaf619cb77b,0.4934950553318471
80904c6eddcf06db,0.48392947868166036
5232eeb9a1fa8f60,0.5187567320174068
6205daeed9459b81,0.48431149435404697
6b4abc5da4e3aad2,0.5046684515189094
ecce281c5f6153c3,0.5068199141470333
926feb1c20abd0b8,0.46729335640455083
64874c60d39dc86d,0.5310375751588352
1868aaf30c77d6e0,0.5030641153639706
52e964be6dd475ed,0.5399743099714549
4404ade20ca8acab,0.5270370061419276
f6bbde7cdf6430cf,0.5293617948899876
6f9ac9a8227bf174,0.520439031538433
e4afa0c3ef07f2b8,0.4855625917810116
a85d4f04f63f1f8b,0.4792581643386365
7f3411e87c2708d7,0.5002964028952304
5be924d7d731a308,0.5059496936525532
41ea202bf96f7295,0.4892605930872723
e7d3e68c097838d3,0.5148556035054814
c21ded045b04b1d7,0.5005471368554044
a87de56d4f2dc966,0.4769463581186967
b073cc5a7d5d1fc4,0.48143237520599913
cdbbb57088163b02,0.48483657126781665
97a093dfe9e1eb64,0.5192450634946914
68aafe54d00b3081,0.5076788947838002
dca611f4099c1df7,0.47189019187054065
068c9856fb6bfd0f,0.4731892894760835
ccec2927e56ab3d2,0.473766755229156
f4239e382087c8d0,0.5233863695514771
a37f1921e2ae64c3,0.5014775906379048
abc7d40ccad7d04c,0.48026206965718454
7be1ba405f826136,0.5254420727043265
82f1ae3eff7b57d1,0.48660009796784087
64bcb6835fcb93ff,0.5340330008692409
8a7d498479d37ffe,0.5006798579034428
ddd893f6f7c67340,0.4830790750176179
63438b2313c7cb87,0.4767858914501105
