id,label
6403a3f8d07557bc,0.48661966239449816
1b1d097ff5b144e1,0.5354211081587996
08c7c3c71a02ca8a,0.7278051891216005
7f09e9039629a38a,0.529141235542357
1fecfdee265e685f,0.6129226711472335
2b1b1ab99f54e1a7,0.5004894732728976
f893cdb025b56c89,0.6200018013441699
84466d5fc69b1dd1,0.6754513988746483
e0f419be2a81cbff,0.4292723585495467
d9e55e1259c7c29e,0.6575582682088152
602d7f4b0882ec4b,0.5801691974054393
67f2f87cc129d7da,0.6796066114410754
eec96ea0e1c9f7cf,0.2457555407939981
d85127e773ec4820,0.6016297788371366
9e96822b06b0f7f3,0.4170822639887465
c6489148a3f9498b,0.415153180681463
ad5ca801b22a4eb2,0.2746673921537981
22e01b671e9f12bc,0.3826746053454204
4953dbf3e113fbdc,0.3737491598937167
95397470f084bc6e,0.803706037042826
ff39045f375a9792,0.38207076430134407
893575902a76b6bf,0.3261809315411066
4d9211d2b44f7d9f,0.41745491950609565
8205441451789e41,0.27072936464520153
5ade617aad761daa,0.7968219717099094
7d8bd74eaaf831a8,0.6302605697092841
3a4abb16616fb838,0.37422793841825563
6e14ae545a54ec6b,0.682209315411066
a6d127f7b7a19a79,0.68523454595186
e29e33c4a6eaf6fb,0.537239989059081
42b296aec3a400d2,0.3917817169427946
238a42187f0c12de,0.4084981361362926
4c99d80ab952e272,0.653385561894342
ef909ea8db65784b,0.6784883948108784
53283f9869842cd5,0.7326157002188183
fa99ef0b96b51157,0.6359285401688026
3cdaa31c37582a6d,0.7092620936230071
e007009eea08f15e,0.4295259026258205
e46769b586a6b83b,0.746366005001563
c77497b63a864028,0.3278415364176306
bceeb0086c625fac,0.3379370819005939
5abf8e5791e5fa94,0.7600197327289777
0b7d89ea3694651f,0.6015791262894654
ce60477eea0a9007,0.7428787941544233
847baeeadbaba41a,0.47052725461081585
aefefeee7da6b616,0.677078735542357
321cc4b04985f915,0.5335282353860581
590cfafdd102ec19,0.49987103000937794
0a3027ad8dd82438,0.30553098624570174
01e58c9ae88cd390,0.37042880978430753
8f5eb2d903aad722,0.31884279071584876
3f1b90f008fcd5d0,0.6855160284463895
9e55098b34909114,0.6647347921225384
ed3723d6f0b305ec,0.5231473780869023
e1d77367315c8c64,0.42638134964051266
b97a34687794c3cc,0.2968373944982807
2d9a8bda25c031b1,0.29931306658330725
367427e76fbb967a,0.5318034463894967
2d1de7cf3363aa2c,0.345084319318537
d69cf5bc1f0112f9,0.22974961316036258
2a75c552e6a0103c,0.7521042747733666
943114c642b7e30a,0.43875674038762114
5f4258edf6c1b382,0.27966401219130976
ff0a817eba03cc6b,0.6582210964363863
c77fe2a4fb942f02,0.668154200531416
df587d726667a5fb,0.7274169623319788
8c09d6fdeb48dfe5,0.3588778094717099
564e16bfb829c7a8,0.22018478040012504
e592482dff2b62bb,0.2337228274460769
33319a7020313788,0.5945030751797437
4700a73d634e28f5,0.7520297749296655
e5d9aee597bb4052,0.41342315567364796
b93533776029ab4e,0.7398838269771805
e9274894e7ca5d48,0.19520981947483584
37e126228f093cb2,0.4423670912785246
ee5e8daf19a62436,0.748789117693029
5c2af7cb33fcb9b8,0.49593589012191314
dd6cf914fd458758,0.3361198577680525
7943edf1ba3d08c4,0.3304563105658018
50dccf68b6d84c9a,0.4436064473272897
71b1d024ea8e0791,0.4548368122850891
a8ccfbc903739855,0.26942066661456704
bbf9130a10bb2e61,0.31912639105970614
41a2cd1fb3af1f62,0.6028957017818068
e5b00c5e94bb1efc,0.5089380314160674
8a2951b875e32f95,0.2754405790872147
4b4241c32f2ae2c3,0.3861435057830572
8beed49416c057b7,0.5052889809315411
1cc185c7cde5f29e,0.7328622538293217
635d0e269bd151c8,0.22414068068146295
9eb98f9a7202dfe8,0.3320320725226633
c224615f7e3ecda9,0.3098404032510159
f93a14286735bede,0.37203933651140986
c118092c44e808f2,0.6706279227883714
0972b7359cd12fb8,0.22883111128477648
22318b12ec6eb14f,0.6449144302907159
9c92d4068021c258,0.6921546459831198
053aaf6bcba9464c,0.5238901258205689
966f0341c7d1f5bb,0.3794020045326665
624826d8d4f7d476,0.35949838621444197
250e83ae550b1992,0.7859871092528915
9ff420d30b835836,0.7076657432010004
f74cb9754e9ea82c,0.4790855540793998
8ab5a2752e698725,0.47413477258518283
56957aca1f34dcea,0.6078527664895281
a6c0cf21bf0a1be2,0.24103960221944357
427e6266110ac72a,0.7334847374179431
7b84fe626f3ebccc,0.5700483901219131
6abd9ee5808aa267,0.3645351867771178
15aaf86082111e4c,0.5893880392310096
afb1bcdc94b9bce3,0.22004511566114413
93a337e7b4fedfd4,0.5077752696155048
cddee4f1517d9dd4,0.5273233627696154
755140c7bd8e7223,0.4671505001562989
0ae88cec371ee0f0,0.30574258361988116
08a9f02754051fc8,0.7017440684588935
4bab179b9218d454,0.4782138011878712
2af9aad0b831d3ec,0.29157162394498276
7d330fd87e35ee09,0.5711946115973742
d79f0de699294b3b,0.6236935643951236
652a8c0826eb2609,0.5725697288215068
2ae2ef63a2565c3d,0.6297260823694903
1bcffad3764f7c4a,0.3528883401062832
707e78f41fd82174,0.2914145709596749
e4824a55ce76b702,0.23227575414191934
993182bb80730c31,0.5606920873710535
dd67c105d030f636,0.7015317911847452
3dc4dceeeecb58eb,0.597707881369178
90a67d119116b976,0.7210894654579556
a483f8d40e026f5d,0.2723507619568615
3d24648e710fafb4,0.3673700414191935
9104c44e8910b122,0.33369247030321975
47b77ad7aec9f1dd,0.38690473585495466
a66cc4155a0edaca,0.6061997147546108
1f4dcc29503e1a4d,0.5457891763050953
0a295834d6044914,0.41296303532353856
bdce8615df21ee2f,0.2467033330728352
694b4d3b1ed04c61,0.22985614645201624
ffd75ff5c92f624d,0.6219137386683338
717e992041e77d9a,0.5862926500468896
eb5157274916100f,0.6024797358549546
b77c5c610fc74da8,0.3189153485464208
41d2ba14e653bbad,0.662513746483276
f2b612c9be07aabe,0.5286412238199437
3451e892c310a998,0.4947046225382932
2ab24c04722d8bf6,0.417640919037199
38ded7c17115e7e6,0.6275120311034699
afed8219aa70efeb,0.5536312793060332
1e9c4d7d2de01fba,0.5797167669584246
c1bda90e9a3b9ec3,0.45457496092528915
d406fda410e7c177,0.7345208346358237
f49753bbcfabdaff,0.49212787199124725
4daee2e232e58a56,0.7231425640825259
858a9c1611f558cb,0.46816961159737425
05b0a9e8b1444d99,0.4499164856205064
8b2ac5da79a42e4a,0.682240125820569
222fc0675ea28b67,0.3477166341044076
77cb5f88dff15921,0.5673735073460455
947d5752d88dc00c,0.7572374296655205
309a531dddebb471,0.6339885276648952
7e5f9d7d0cdf5a81,0.42096895123476086
6dfe2ff41e67b01d,0.46022051813066583
9a51f7696f388499,0.496365962019381
9c5cb5a9b9b2b4cb,0.6232089207564864
bc7e89abddb2aa54,0.8018148405751797
5d3eff0bafcd186f,0.6337984878086903
d592e9d5579075d5,0.2821038996561426
475f765f9fa22959,0.6980091473898093
71d36204d6040aaa,0.629824081744295
78119b8ffb9aa8ab,0.4546023405751797
09d1e9b9b858fe18,0.663061206627071
ba5f5f59e3b0b755,0.6603298765239138
3b7344f40bf64734,0.4649441114410754
1f72c876a5e3738a,0.5982140395436074
86262f7438a90d1d,0.49657588699593624
3f6e10ed3e6a6303,0.7840711589559237
ada42e94aae1a58f,0.6460890825257893
b5320e4cd134414b,0.5578748866833385
ef83ac91e80ddd9d,0.5084291223819943
b8a457f0c9f14bef,0.4115169349796811
74947cda3decdbb1,0.4695862691466083
a39392c735bde1ac,0.42431798608940297
afb321701a74d5b0,0.3393938105658018
df401b9701e04299,0.33166752891528606
c9b67772b4c4f44b,0.6930045795561113
b5665177cd7b6c5d,0.2348065606439512
1d621e5fa6b0c45f,0.35529011409815564
2d595ec6f4c2524c,0.36096318380743986
6a96a53512d24696,0.35015494295092214
b3a68808640b25da,0.38704959362300717
cd9f2b2346e70af7,0.3480672788371365
d78d162e0d903e67,0.686000687714911
512b0444982361f4,0.7528079868708972
36f4f9a58e05409e,0.3753822757111598
e4b4fc878504822b,0.4493306853704283
d2c6c32ea3387653,0.2692477961863082
62d5596d1fe892ad,0.6934870584557673
8756eb85074bbf32,0.31189370115661136
9120f37fb674d8d5,0.4934767310096905
ad529a51765d4ec3,0.3348935995623632
f5e98c69a45e4a76,0.6808851555173492
4e8ecc5a6ef67336,0.5425641333229134
e26f37d892f837e3,0.6394002227258518
377bd33e8a9d5e7b,0.4330127852453892
7277e822016a05a5,0.5617738121287903
94fed9a4092a19bd,0.5287076195686151
28d304cf97ca614c,0.572740266489528
5a5195df47e373d6,0.260993173648015
ebc9acfa1d364336,0.3103777274148171
5d76c6de5ee62843,0.5497586081587997
511d1dd15e99184d,0.6361265473585496
b6d744f202fb4a14,0.7363295912785244
43c3e8abee7ceeda,0.5907262777430446
41afcd725afd0bb9,0.549603184588934
bd4f0c1a61da90cc,0.7808594248202563
ac5e8e6812e3a526,0.4952499882775868
61843635f4d407cc,0.7599777430447014
d643d4e6d84db59f,0.6084589598311972
5c0b8bce49a0a773,0.7734083658955924
7c6020b2e5dae41a,0.5123348507346046
4a6f26c4ccfa8a2a,0.3367536847452329
f5ff436197b8129d,0.5471664934354485
27b8587241bf56d8,0.3861500976867771
a198a7b963854e6e,0.3540342138168177
8661667952751501,0.6959445998749609
282a1321ef8c1306,0.4615750390747108
db3dd0b21b03ce9e,0.5594783057205377
3bdc9a83d65a78f8,0.5589992145983119
2983651d59dfaedd,0.6916911847452327
ba2be23d69668658,0.32455709987496095
89d58eb00d13e4fd,0.39945096905282895
d2caeec36f4769a6,0.4263828149421694
dc23c7fae5f57288,0.5384469717099093
c6e284593c89d176,0.6459549663957487
523464c4f48eb02d,0.7328415676773992
cc7624fbfc77736e,0.6810130626758362
6b0c371df7cfc676,0.5322295092216318
986e8a5497d243a9,0.7455585182869646
0880ed3a1a77013a,0.5292470107846202
791d60ceeffd7ccc,0.7279371209753047
1fb2b452cb819b3a,0.6931473194748359
6e683e5731d8aac7,0.6294768560487652
d752f92de2b858c1,0.37091219521725544
91654f6c88bcc480,0.34772337839949985
308caeebcc6bc059,0.43992680134417006
0a092e2b8c9c06c5,0.5590410675211004
e29749c7cbb0ef48,0.27294428727727416
02521319f8872bf9,0.28458355736167545
f699494da66c4efe,0.5438764223194749
060f874ec99eadc4,0.4789782510159425
1a2ea8a74fd54c2b,0.5185657392935292
a98b83e132c75465,0.3382882658643325
0fe8ca7c247fab07,0.6851694396686465
c8d9bcea59632f23,0.4937181658330728
0ab0d9c2a040f32e,0.334802766489528
a03fc647d8141fd3,0.7173300406376993
1036e1cd53a850ec,0.3551698851203501
519d3f96c9895253,0.3077375625195373
28df6bdb66f8e09b,0.7774571506720849
89713786047cfd0e,0.5443935096905284
6389830954a0227d,0.5162627070959676
8a5f2d2c5004dead,0.24377016645826818
19d4cd44aecb29c7,0.507614203657393
2ed9718fa269e456,0.5325560722100656
31d0832c9b203b46,0.40462445686151916
e21b68ce26bfc500,0.5839512738355737
cf8783ddc0b9bf95,0.2352182947796186
fcd44919c1b3f412,0.742847092841513
c6e50665e7bf8738,0.5179375898718349
ce0179fa676d128e,0.7463973390121913
423e064e247fe04c,0.6524939356048766
0ebb4ab2c338fde0,0.582194701469209
37337cc831e40a2d,0.5603873554235699
04eb53517170d936,0.5925689824945295
dac684a7b8635061,0.4939372069396685
a2f354d17d1431d3,0.7023453383869959
8a42e6579214e167,0.4496027469521725
c35d24cd26008161,0.5215302789934355
077789ab8d103e29,0.5542258635511097
5deb9f3705c67be7,0.5088177555486089
dc531f502bccc4fd,0.602888519849953
ab4b4d6c12291a2a,0.39823594482650826
47b284804faf97e4,0.5511849288840261
d46bd1fa92be695e,0.28618197874335727
11c536ec56a47156,0.3348855384495155
d5bd7d0c4a297748,0.2282747421069084
d30e6ef239a13f14,0.6746109878086902
8be010237b513256,0.7276549624882777
e3ed18d3d53d8aed,0.41637972804001244
a9f5c2f8c5922e10,0.7272450296967802
05a75c012be2ab6b,0.763851242575805
a068617fc089ad48,0.5159716903719913
687932e8fcf71376,0.30357623476086276
fedeffd4ef29f976,0.3270041419193498
5d3e23d9b2256c27,0.3411824359174741
c6544d7502deea99,0.3898164426383245
096cba9bc78d7637,0.619610425132854
76b587348b5c4d59,0.5961106244138792
62185555ed060f0b,0.5524661222256955
b538966eb4ce164f,0.23637701234760858
8dfc12a6712b0903,0.6335804157549234
3ab52adc4b1c1768,0.37347457017818064
463847f9a1f414b6,0.6507571194123163
e93e14d11fc793e7,0.22371622381994372
2cd7ea4ff0b97ed6,0.510745803376055
3cf1ec0a8c671d61,0.3113558846514536
e39df281ee7e153e,0.30577899734291963
272a6816ce2c7c9d,0.46810182088152547
f56230f889018c95,0.6342407979055955
4119f28f6d4d40eb,0.5596348624570178
3e744e15c1c6600a,0.6551827055329791
7975b8ce43d7163f,0.504081134729603
76519a1ae0dba3b0,0.6901936542669584
6f6aca7dc35afbbe,0.4567068263519849
658aa810bdae773d,0.7856427399187247
41c3618b9180e8e2,0.48127503516723974
7cd53693b2b3a4b3,0.3332406103469834
a450a4bce9f2cac2,0.6637382346045638
05bd9ec45ff54b8b,0.3230756291028446
0d67ef8a9dd3249f,0.5583296030009378
514cfc846a144390,0.5852695568927789
2856a2a0114ba55e,0.7406822483588622
ebe02c0b1c116ac9,0.33304535792435136
cc31cb4421bd54a5,0.5490305017192874
d63593c7bd5f72a9,0.7009268443263519
962b8c33b5be069b,0.35942134260706465
40e508ceed1116f3,0.46170044545170363
668eca9c4cdf1507,0.5399657588308846
c15735bac7d4e6bd,0.3330419115348546
09d2cd5ccb05a325,0.5008207838386995
71ed58a8f5d479e3,0.6293757932166302
56fd1ce474cc243a,0.7230198460456392
4c4fc4fe6dea340b,0.7386176109721787
68fcea284ddff8ff,0.6508817755548608
8913329e85f873f7,0.5208167356986558
7a210b4ff6c29678,0.5767406689590496
91bd2a01c0384263,0.7061638597999376
14e4e31c9bd8d90b,0.33836199984370113
410f92d0f317cc8e,0.5423265512660205
780cd523f303a8ba,0.3703940840887777
77ae2af1842fa5b4,0.4416833072835261
eebeb3dc997eab87,0.6277096944357611
fa6c4d5205fdd5db,0.7883635003125977
f1798e22aeb3b385,0.8076455181306658
8af0df5286089649,0.5962785284463895
6e224e4033db63b7,0.2601635706470772
b8624ae03bb7e7d7,0.21606219130978432
52ca2f9cf118011b,0.7406868044701469
52c5dee14f8320fc,0.6041079165364176
43a4ed5577b3346d,0.55860493513598
332563e196c7a1ee,0.7614086003438576
cc4b32b77225218c,0.6390830532979056
0b34a503e14e5271,0.7652402156924039
33100c4fe51f7435,0.5174830454829633
6de5ffe2b6664d73,0.29825025789309156
ba39076152cb0ee3,0.5512896686464521
aed179ff9c81f4f1,0.25841028837136604
ea1a9bf792fb6a7e,0.3356429860894029
2f06ce2d10fe3866,0.5948484487339795
11855575a4718674,0.4691931892778993
06d39de4f0e13f3b,0.5454582643013441
5fd7c68abce444af,0.6535453618318224
d464bbc0a2f6ec7f,0.7241880665833073
86a7d5c47fa116f8,0.29271260550171924
a260e587d0fd3fdc,0.7693709127852454
6c07a18d9f02a585,0.7310835417317911
8fd3d88e27ef7240,0.3752277977492967
80dd9757384d7ae3,0.4269816856830259
00a0f9038422aeb4,0.5159992185057831
dd38ea8c63c0a90b,0.5471137152235073
e23a165731b18098,0.7407002149109096
9bef89bb8b6e707d,0.3112328305720537
db5779805bc9128a,0.7480312949359176
13c6185147e496ca,0.7262819123163489
c23ad10e1020a370,0.4175415989371679
cdc252e1304b3741,0.32567384729603
c9866843a2ca38c5,0.5633958854329478
1193dd7feb2e1c1f,0.21793916849015313
145626c411263ea0,0.4729940919037199
b2bb6e4261a0a280,0.7968674703032197
ce6c9830339e8d23,0.5562297710221944
e5a315b7bb844af6,0.688468685526727
d85cacbda54cea30,0.41365066817755536
ec609eb2e4100b33,0.6437251289465458
0d785515807808bd,0.6613796928727729
6bcfa2aeebd0236f,0.4250276453579243
9ed83fa2f828fbc3,0.44873141216004997
f596ac3c62688ee6,0.7436976242575806
654c4ca75e7a6d56,0.5324080611128478
162146e83243572d,0.6948338465145357
9878dbf0860838fa,0.5654758674585808
332ca627787dd758,0.7545816817755548
679ad425e74f2477,0.3809581431697405
df5a276859dd4308,0.7035227922788372
e1f7d0ae0443184d,0.6197283877774306
a6434286f4234aba,0.5708681423882463
3351a9314dfcaa5e,0.2942916770865895
e19b22778dcddf3d,0.42879922241325413
a98a59904fcba403,0.5830849406064395
efe47bc01bf23b67,0.47538773444826515
a1a862c811a320f0,0.5415924585808065
bdef7203033a959e,0.6589691387933729
0fa3fd428635e63e,0.39015958111909965
8ed23ba67702fe54,0.7431312558612067
ece14f4f1731d91c,0.706704243513598
ca20fb73d0c544ac,0.3540171381681775
927bbcf7fa67bfb8,0.5875588074398249
deffe32d78bf8a82,0.5538696623944983
319944ea096b3a65,0.37136930681462954
19bd6f94f36d44a1,0.5254691192560175
6e7447b72d462201,0.3756410323538606
be6959210f99dd41,0.7527301070647077
bc1a4abb3dbcab55,0.3698940958111909
41032395ff67eef0,0.7363627383557362
2b4004b2678cf0a1,0.48659842138168174
469658e2c6728fd1,0.4281606244138793
e67a54cb89e72744,0.3360947952485151
0a1aa269dba98abf,0.4494936855267271
746e977975fa2166,0.2600100656455142
ca51e1b6ef04fd43,0.40720635354798373
dd96408688197b1f,0.6556572757111598
23b5530f05f1d9e5,0.6891078969990623
da29e21770225527,0.4440496483276024
adb83a06bb93e782,0.32271449281025316
0e4d2b4f26be08db,0.7358980970615817
6ece7a74dc7701ed,0.2793777625820568
e5306d42c50fcc55,0.2661074671772429
4381dd659292aa24,0.36209500234448266
e31ebedf532c25cb,0.4598081001875586
853b98dd483b98b9,0.3883252227258518
2e54b76182ee44e1,0.6645207799312285
338f6834e70af5fa,0.26520312206939667
b5abaa739dbebcbc,0.640133952016255
5a8bb8464a290761,0.5751566505157861
f0e90b285061c449,0.2839388754298218
e66581f055ee3b78,0.6389935839324787
0a21004c4d12a011,0.4395629845264145
04cee8b938d82d19,0.2729486714598312
c2eb2ef42ef59006,0.5012562246014379
4db76ad147f6dde7,0.5244828344795249
388d2efe55423a29,0.7614696897467959
b9875250f7ce8623,0.6538122264770241
e354d93aaeda004f,0.7343320647077212
39e7b31ad6490a4b,0.5308614723351047
a31878efea02ed42,0.43245699437324164
4db06f2609831909,0.700624906220694
e23ceacf623bf244,0.5402684901531729
5b30a3dce1e3fc54,0.7502674077836826
9b09b933e5488d29,0.517630400125039
64f0282d10422cde,0.38708567911847447
d171c9bf0e731793,0.5565925953422945
699a9d5c734b80f3,0.474280767427321
79281527b5fd74b9,0.3926957994685839
63b9f2af8362641a,0.6404339168490152
8e20990222b8b1d1,0.5292802907158487
cbfad4f1f811ddcf,0.6960523366677087
a6dde1511fe8d47d,0.40844195842450765
54e8815e9966bb51,0.7668827094404501
cda24d31d8c08104,0.5373836511409815
2e41b0e18fd08067,0.31782746170678333
6e8f4f5c6e28c26a,0.638541235542357
1f4157812e2bb339,0.5817052203813692
c2d3133094dc0fad,0.28899735073460453
e7e2da8351240636,0.33716678649578
ef2946985749757f,0.3643234917161613
ae735efdf3a84f05,0.6715901375429821
8a459d7c2b588a93,0.6018149343544857
df0d35696f4b164e,0.6054047514848391
8f745cf8cd93face,0.3155835690840887
7aef10c8e6aae208,0.4016181111284776
706e881832fde05c,0.771766376211316
03a6674f904defe8,0.41985641216005
f00500b8110dde92,0.7077169935917474
1475216e327695c5,0.6693658643326039
3fc20688817559fa,0.35588778915286023
70df3ece5d814a70,0.3053222491403564
bcf591e552b3ba82,0.2501118787120975
a04e514a6ca8156d,0.7011918529227883
f83e082f10dc4f9a,0.26890767818068145
21a0898a3f0c502a,0.35275355579868706
c9afe9c2efa6168d,0.36797690684588935
9423152627c5de85,0.6936572288215067
fc5761df1ee97d2a,0.5106499648327603
b51c1517f2b27082,0.40007152625820563
966bd6f4b801db6c,0.6871777000625195
c39f09a3a7ee5d1a,0.6535923843388558
cd4ab667a784a10d,0.7740913801187871
053911f801591901,0.6043635550171929
4c12cd87dc745584,0.6340685722100656
f0c4df4801e5dd7b,0.3376252070959675
1cdb9e6374b25c46,0.247214391216005
55a04d93184e2087,0.7405155361050327
b0259adc08c321ab,0.3884138480775242
3ebefad692cdc413,0.4081356048765239
83d05a33f78392ef,0.3773986323851203
57e746a1c420f866,0.6462622616442637
7086b53e09fe17c0,0.6524040911222257
2cefa5982f1e5321,0.5944437246014378
c4a61e6a8fa1704b,0.6202518052516411
cf3db8bd220d5bdf,0.701383256486402
75c651d11c0a0337,0.2527948304157549
10dca6cd4d946194,0.5024224601437949
316d771ed9f0b6a1,0.4601005900281338
ef64650ddba7c539,0.32169184510784615
721f58982ee85da8,0.6777139145045328
e8f08bd5b06f41ef,0.2703233705845576
8c2e815ac865660d,0.7131617224132542
8191fefedc6afd32,0.242388285401688
15c9fc425aed1fd5,0.4903080142231948
52f896a602e74ef9,0.687668865270397
c8a94bf1f874596b,0.432390962019381
64024839f91aaea9,0.6396340145357924
23a06e4e391dfcaf,0.5359275672085025
76fc88367fd4b329,0.33780273522975923
e7ffd70d1007bf31,0.41239125898718354
4df67b2b4764df2b,0.7657228547983745
5e23b5ebcc3c7201,0.7115050289152859
97c325c9980b0ab2,0.2976124882775868
3c8bace911db4b05,0.7381948030634573
d3af2a4f1b0513ef,0.5175531455142233
8a66145d22484a10,0.7212309315411066
f501884aa3b0a2bf,0.2509219209127852
21f8710a682b6ca8,0.5309030869021569
67addba46911ef5a,0.6830801500468897
cd5a8d124051f2a9,0.7683507932166301
a1acde423d140030,0.24173057596123787
6284cf5236839f36,0.6410920756486401
37f720257a8a7a33,0.5978090809628008
acc257668dc46b34,0.6266013597999376
23424057c8458694,0.43644271256642697
418a7b8fddf172d2,0.7667177438261957
dc356b2589e04c87,0.6322506486402
f64eef65821a8f3e,0.5007454009065333
9fce647d5b47563a,0.7824424937480463
52f9976ea5b478fc,0.2318026101906846
d240c91989c04146,0.6610762230384495
47ef036d29375b9b,0.7394295014066896
8808a12bef546809,0.4920411105032822
d3a20f2bcf2db8fe,0.635933162707096
a451d8e451fac918,0.34511475461081587
9826735b01a08344,0.46529236089402937
c4a29152e2eacc8a,0.20596469990622063
631690ed30cc1631,0.7156544818693342
d84d8a6e6ca5eec8,0.42500291888090025
efbafec85fb00cc9,0.6682846006564552
24556c1044963c8b,0.7487913136917788
5dfe6e2137dc82e7,0.325929427164739
b2400c3aa22283d6,0.40616834557674264
71602580e012f168,0.6425379962488278
cf01eb3e54442236,0.2557331392622694
1a07d25426f87edf,0.5723496717724289
13b3d3fe65bea413,0.4400160440762738
059edd840763fd81,0.7058105579868709
48288e044d74e7cd,0.662807154579556
add068ffe0671cf6,0.35783641372303837
c99de47efecac792,0.6706955884651454
11cef543afe62f88,0.4222579243513598
e512156389905eec,0.34131420365739296
138703e658867a2c,0.6297520944045014
454c3092e6edd433,0.2607863668333854
dd957118652b5ed5,0.6752281259768678
af01fa5eafb4602a,0.37382556267583616
7bffcfd2a9da1725,0.6671495467333541
24f3f1ab071df78b,0.28912789152860263
3ec7c9ebab0a4a2f,0.7232201469209127
3c1d10f4646f69fa,0.3109823773054079
9c5f959e1195fc54,0.2991719951547358
cda81aae0a16f97a,0.5401152039699906
2bf6c949fa0b6053,0.5013467997811817
546683ea9e5995f2,0.6163117106908409
c4563254d849a8c2,0.7128156337918099
e9e85a92d9ed5065,0.4540904970303219
fc9fd5a085f168e9,0.5307596241012815
54049d409156afd1,0.6651462058455767
e4c0d5c0b9045e4b,0.626112871209753
058f290d4016fd11,0.375364719443576
e14cd74f951c3910,0.376007795404814
05018e18dc83e13e,0.8238707525789309
763ff25fb3a65368,0.4592286222256955
eb5cf6bf7c8b4e5a,0.6295139105970616
013351fb7667dab2,0.6028866403563614
e08181f896cfb680,0.3848238355736167
e65d39ec9e3de422,0.603090540012504
9cf499aa7626f14a,0.5529160010940919
f203a5ba78b7389f,0.6009827875898719
8ea386546c0f8c96,0.7796800328227571
0391f48a6955106e,0.26968670678336976
d2f70a0377eebc5c,0.3946310409502969
b96e54496b6a6713,0.5779409346670835
1ecd7d7fc32cc874,0.5692757932166301
a91fae320445e22f,0.31817065879962486
7f7f8d9e95bc3227,0.6722480110972178
8ed9c9b27ed7229d,0.5341602688340106
19862b4c0d2f34b9,0.4854087371053454
e5b1c6b3822addb0,0.5754643716786496
191edcd8d76cb951,0.7960629180994061
6b08a1554cdf28c8,0.32702407783682397
706610ca333da138,0.49161908408877775
5cb5f8466022eb46,0.5758565176617694
acb3a526d9921b55,0.4159148640200062
947db252e781ab55,0.5324055759612378
e94881433d15d819,0.35946353938730846
34439005f71e07fd,0.60644160675211
989a2593307d72e3,0.6191768521412943
ec8f1d04cffddc96,0.6030262308533917
11dd5f5d722fb0e0,0.6003567130353237
d6738bf320835a10,0.4938833346358237
025b09a306181a55,0.5396744373241638
e5e3f5fbf93a1918,0.5233496522350735
2d60731de40ca5ec,0.30080799859331037
96789dc76cce8bb4,0.6416311855267272
e04c2f21eb86c30b,0.3154934159112222
eb4f7827e27f3e50,0.7847352844638948
c72cafb3b0ed2058,0.2387567208502657
38e789ce64afac4f,0.6269163488590186
961a36d1522e6ffe,0.4192369177868084
d915888ab3fe3241,0.6335833580806502
6d047ff0d07fd1a2,0.3771709010628321
96212cff04501fdf,0.7147544662394497
6cb30ccf0384596a,0.7613794623319788
1878cf5a842e6727,0.5839314473272896
47adc8c9afbd6fad,0.3382110854954673
bcecb579dcba782a,0.41775958502657073
24fe0dc9ab19be83,0.3128507463269772
d56cbf99a17acafd,0.39181507111597375
5caed519a777c666,0.26688592138168177
de3dd7a6a4564414,0.6092821350422006
3ddc28164f664050,0.4311309315411066
45693136342888df,0.255621452016255
143c3caf6eb25742,0.5301258987183495
9295c919e27237a6,0.48352614488902784
0dc756a818dc5d9e,0.629207064707721
67a0ca3f82ae78c6,0.3030075101594248
cbd51c3558265f5b,0.43971955298530785
b6df5050c31c7287,0.41846991247264764
73f20d006cfc47e6,0.4389862496092529
2de69b9443d4fc52,0.366574769459206
1ea20c09b6c79a3d,0.44904669818693344
ea1427791f675329,0.5715822678962176
cd6c9a86e5c13535,0.6484404774929666
fe03f010fd99f729,0.6556867224132542
3cac934a5e569272,0.5906803493279149
1f9c8c5a31c38592,0.43024199749921854
325d3152d318ac6a,0.39399953110346986
c796149ae059bd36,0.6698208893404188
139b95acad0d8500,0.22897387464832758
ef8ca6e1ad6cbc40,0.6349991677086588
738b1f5edad8bc5e,0.27886199202875894
00b5753c64f3aa5e,0.671150922163176
7509e02d19e2f87e,0.2262641098780869
a85aa8068fa925c9,0.6675724992185058
f8ff744430f73aa6,0.575744748358862
4106129a02383134,0.39291766567677394
3be6495b6e47bbe8,0.6064056853704283
d58d8cb98c5344c3,0.4599904110659581
72c32db073874592,0.378162226477024
b33541a9535d3cb6,0.5627434080962801
f117d4aad78b524a,0.5407942755548609
5e48da846d46eabc,0.637678274460769
b0b266000f2d6b03,0.7515422944670209
2aa63d23f11f3aa0,0.31965228196311346
7ca15ff99bdc719f,0.3827741169115348
286e550605b2d970,0.4671294974992185
140d123f8919309f,0.6704904423257267
5406d7c0119b8b77,0.583808905126602
feb8f158efc528af,0.5774198108783996
20e9295f7f1b6809,0.41155916301969364
8c67df2b06a8af30,0.6627018365114099
0b5100f2d589252d,0.66561563379181
a7dff4879e1f2c8f,0.735220940137543
6b9c17dec469153c,0.708657654735855
b064e718f3825ae0,0.2737738433885589
633aa423117b483a,0.3763938418255705
2bd2dc8cda610b2b,0.6019214442013129
16b4f1b4b30d7a5f,0.7338604485776805
7ce520db2bb5b181,0.7176033408877774
359fc18aad246386,0.48642995076586437
4040467f440a4681,0.49265078540168794
ba27a17c66a28567,0.5257178376055017
5e4bef63f0b3974c,0.6207973155673647
849863283a0793dc,0.6128331314473273
aa9c499ad44baf78,0.7062196584870272
a3fd494842016ae7,0.5168851086276961
5f079c78614b8a83,0.7311592841512973
7420f14669961a6a,0.6601618474523289
0a083c164a874ea9,0.34560859252891524
396f04d4bed14a3c,0.5261069005939356
bda29126d66debaf,0.4576645631447327
8d5ece395c6a6b60,0.5930890043763677
9ea22d08386ce3ae,0.2925756564551422
1a277b47ca192cc3,0.4314504063769927
5534d1ac3ad47ca1,0.537993177555486
164e32a2b96ed3eb,0.6687785792435135
cdea1d25f481df1c,0.32867106517661765
37e1f37cd163cc12,0.6957190684588934
4f896e74ddfe48f5,0.5384333111909971
ec881c0b42489ba6,0.4602907080337606
6cbbc142e3b6532d,0.37388183025945604
af58eeb2cce1b1d8,0.2982585651766177
3792b407d3147240,0.38213588621444206
44abea18902dcc6f,0.3934820647077212
f174b76e8c589bc7,0.46952314785870586
d5cb1d76e26e865f,0.7117882424195061
c953fc1a52b6d2ae,0.6059352883713661
dd9860c103eaa486,0.28450875273522974
1a338e9358b4b71c,0.23005319240387617
28a055a15e2bee63,0.5131386722413254
d810129e88130889,0.5225847882150672
20b2f55f0ebfeb9c,0.4220525281337918
2dbfb79bb9d5d576,0.6412517114723352
a4f168601004a705,0.5351703110346983
7419f46f112678b9,0.5829867224132541
7d0ff708b6d6752f,0.7042981126914661
cbb85fa489a893cf,0.24630673648015
c46a723fbfa594f7,0.5517862457017817
2104390897549457,0.4970418216630197
75c276f7d0f29aa9,0.7546126523913723
01a679a23b212287,0.7259913215067207
6cc58651b88eadb4,0.4115364488902782
14cf1ac65f8ca02b,0.3183786183182244
2a5d42d92966192f,0.3705948655829947
2010478948b9aef8,0.5018862027195999
31542ae607bdb59f,0.5922220381369179
783c99f058bdb723,0.40013894967177244
8e49ec786a6d5abd,0.6523838699593622
d2b9a740ddba79a2,0.3547467060018756
47c1231311a7aaaf,0.4866933651140981
c7937d0c63ca6a92,0.5995283604251329
64628bdb8224fe18,0.3868435175054704
49cbb2ff9274a4cd,0.31703183416692715
a4dbc0e728a780d5,0.7040993240075023
54a5b82f046318b5,0.7323958033760549
daa0b6896a1749ca,0.36525082838386996
4a251ebb1de72153,0.7487079438887152
edc7eab7534ce904,0.47485069943732416
0d31a18c31d12329,0.6977909698343233
ef643ea0ac629b95,0.4706332486714598
39049e24be5a4306,0.7152601359799937
f41fb0591a5b1902,0.3574619685839325
ef3add49907eb895,0.36066085495467337
3c80e6a34fb3e4ce,0.685557982963426
681bbfb8c5372f79,0.7026878868396373
007f4be9a3f6e89f,0.2676369490465771
25144a9b2bed9be3,0.581411765395436
61233f40c0cdaa2b,0.41056692716473897
73a058838f6b7f2a,0.7366099015317287
cbc20660739af678,0.7855629063769928
8fc723bf625337ee,0.6625274460768991
3ba49bd9e60f519a,0.2903648640200063
6a3b3033fdfe94b2,0.4938985464207564
c8ed653c9f871795,0.7052361949046577
2f6d48d7acb127aa,0.5808116481713035
92ff64a44efeaa6d,0.41194566661456705
d7169f20999bc93f,0.7228948382306971
53604f2aaf701357,0.555386257424195
a7001845bc2108a4,0.6142878555798688
e1c8d84bbb8add74,0.2185844209127852
0b6ec467b5610434,0.4039095264145045
8ac52d2ec127a096,0.4138064356048765
b10baee15fb9d01e,0.7315510667396061
221ebe5d40d467ff,0.6610755939356049
4fe55b114acc6ade,0.4965149538918412
d8482a667d8a69cf,0.3997048100969053
53ade36e2a1b1e97,0.724715770553298
23415b9cfe9e209c,0.5464588894967177
280c7808d94b9763,0.6997321663019693
de5885c6a7c6423d,0.8232176422319475
38de0e8716fdf6cc,0.6237706119099719
55bc25143589b254,0.6855999413879338
957e73c37d447545,0.30190854173179116
af84b2641d1c74b3,0.3929882150672085
e7be7f3fe2a831bb,0.2515882267896217
841f7e8235380174,0.7656333033760552
63d88f28c2a5df22,0.697297049859331
8dad4fd4df5c221c,0.6573080923726164
3572ebf75eb17942,0.5194735815879963
25a1a550572c1f93,0.25500128555798685
6ae06440fe74b44d,0.7861407236636447
b4bf088ea90582b9,0.41505694357611744
6b9449d16e81079b,0.36143924663957483
4ff7c9e8a089b94d,0.6669682361675523
aa5c5648b80a1a3a,0.5167610737730541
5dc1f3d49bbbe4c7,0.6100286222256955
99546cb325e5dc06,0.7390495506408252
220c843637482425,0.5649429860894029
6608fca5b64d440e,0.7424586276961549
f29988dc0a3c0243,0.5653717607064708
51058b99b395787f,0.3696305251641137
ed1bbe11677f7bca,0.4940251680212566
9f9b85620fbc0cf4,0.4053807478899656
8aaeef3315304e45,0.419860702563301
5d92173cdb00c0c4,0.45109546733354167
acbcfbef3b1946c1,0.2560495350109409
73cb612fe6d23320,0.6532334713973117
4216594871a36761,0.30364900359487335
1c2bf4927779574e,0.7494740035948734
1498d0dff1fb5394,0.44632269459206
53f47e8f08b91aad,0.4611780321975617
c4229a0ce07e83b9,0.3184361519224757
bf61a06ee47b2027,0.3384574828071272
8aef635fd1b3a740,0.3064884534229447
0f6a8a20e3587b09,0.34347678180681457
75d7914477c996b1,0.41575761175367304
7b1790935e6cb838,0.2452720303219756
d680549ede3f6dc9,0.2809092138168177
f3bf39cd2ab5bd9b,0.3759571076899031
0b0930b54070750a,0.3558235620506408
3d97f118d250279a,0.7446190958111909
e9de0ad29a82a54b,0.5818783174429508
9485f200c4e02805,0.5399708424507659
12d95850d018d3a3,0.4220194943732416
ddc866b96dfc3aa3,0.6989348116598937
45a33a8161cb4b46,0.3707713699593623
990eb9e1c61c80b9,0.4458371756799
378b6aac03179007,0.38878902000625193
b6ce4df0bfb4d3c4,0.3093360659581119
a50653ff586cd76a,0.5348796967802437
65cd9ee07cfab83a,0.46500205532979055
d2bbc0c9f79df720,0.7415445021881837
82ce816296a1512d,0.2823319357611754
e502c517a223aa14,0.3616401688027508
71d19ea693604e1d,0.37397778602688336
0d037e649d83d735,0.586246913097843
6ba6991213384d83,0.6671291653641763
4cac0de9485495fc,0.7247164348233823
9a0be358e968c623,0.28055399343544857
f1ca34616439cd54,0.31623933260393866
e301cf1f2e4c3681,0.5983808455767428
d614ef3ad50cc2bd,0.6414812636761488
c0b33846eed21da4,0.3384755626758362
d4e499c8cbcbf2c7,0.6716816817755549
112d556866bfa77d,0.7269392427321038
3f5b776bac1c2a71,0.6142336628633949
97fe9a981d0717bf,0.5340807830572054
ce3280649c6eb5c9,0.5972140473585494
7ae7079159ced82d,0.48912570725226634
f1eb50e28869a50f,0.2937832603938731
52c8dc366cde6d2f,0.29019329868708976
ef14064579612c4d,0.6880802946233198
7897eec02201ca6e,0.44101652078774617
321d33ef853c8fb7,0.6852432127227259
96766da6bd7c3998,0.3743308338543294
fdccd120c1ead149,0.6660542630509535
288252f0e770ce50,0.6579501758361989
d4d977f5a3d8f01e,0.6658545482963426
62ea4677a492334c,0.6937964676461394
d1f182b83a420b6b,0.4019722530478274
0a8ea601fcc75d1c,0.6588028954360738
27930c385742439f,0.6589462253829321
13d12d929ca71339,0.7174791770865896
159b4f9fc1efcb55,0.21221228508909035
94ffb2f9a90b358c,0.5242168880900281
68615d70615e3b37,0.33333886761487963
d4a40bf8afd7e4b4,0.3040019107533604
e3dcfffec2d51e7e,0.2601822014692091
10366fd321e0ad43,0.41880436464520165
80e3f13b4e86e5f9,0.7474969326351985
6272a9e176561590,0.6608418763676149
14ead2f08e775ba6,0.6275174781181619
08ecd3e0061305ed,0.5544079946858393
b91abfe0273da79d,0.7158841903719912
0c3efbd8c39177b8,0.7484625156298844
e9e21b290009d63a,0.4213003204126289
c188505410fa547d,0.5790061581744295
768d9e0553a1399e,0.30566656376992807
a9370f34870acac0,0.7150451703657392
9f6dbe29c2020549,0.35961144107533605
6da7088fbbdbdec4,0.5632022311659894
944a046635530efe,0.7563174429509221
55a97e1488c333a9,0.35442832916536415
bba6644aefeb263d,0.6520823382306971
750f5d2c63709654,0.7627308260393872
b7f5c550aeab6fa4,0.5725468544857768
bf2efa05075a9f6e,0.4137533018130666
2987973344ab04ce,0.41262413254141916
a97d19edf8f608bd,0.43938502266333224
6138ff6754f14dc4,0.3355685995623632
87522437573af7c1,0.5759587331978744
57cc4278d6b67c5a,0.23696841200375116
8f29d789ebf40f9f,0.23503715614254456
15e17422c43ac280,0.3651097296030009
57faf77cf5f72f53,0.5461443966864645
febc8ada0a8d768d,0.3422385354798374
86ab68be69241db5,0.6511129298218193
5fcfe942606240bd,0.35380791653641763
31bf257f6a4a70d1,0.6503196076899032
a09897cadb789dba,0.21601541106595812
328299ca9da15ccb,0.38594909346670836
c95184d7971b2960,0.7042557517974366
6ba9df085d34410d,0.7614849914035637
396ed8ae6d33d2bd,0.6442343075961239
b058bc3c8a9fe33f,0.7663602922788371
77b29cbb7ea1ac6b,0.7183071702094405
c8d191e05666d6f5,0.6560692013129104
c4d716a53ad99b70,0.6171711980306346
31d17f992245249a,0.27126812285089086
aa459cbd8c781f76,0.5975293998124414
7ba0185e8220f22c,0.3145905048452641
eb077a940d0bbcbe,0.5607108510472023
9298c80a21191034,0.5437538605814316
037747626ac5db4a,0.30649139574867146
8ee7aa8b54022319,0.7672023796498905
a2b57b918f2661db,0.42115931931853706
e703b056b17c6038,0.3899623827758675
5d760ec696eac629,0.5143582330415755
68589cc32366dc9a,0.44382993513598
83d1d02b456e13c0,0.586835515004689
f5ea6585ff5edb0b,0.7442542513285402
32290819a9b6b754,0.4650611597374179
f0cddec42ddbe07d,0.2565853118161925
41d5134ef4aa43c6,0.47131253516723975
9a422d8246e3f97d,0.4907581275398562
341cbe1cbd51048e,0.33104607299155986
3d2c0583f01cd72c,0.6513004024695217
870996e4835ca83f,0.31665376680212565
28b09161f3b17dab,0.549901058924664
051b367d8fe91233,0.22891537199124723
9b8aba50b3ab95c1,0.7043524226320725
ff5577bdd79bcd6b,0.323329982025633
92e4eb0a0d4c41e0,0.7087223233823069
575ace0896b22257,0.7752007893091593
a16f31da04bf60c4,0.4392889731165989
cbc13a2671d3578b,0.22354833932478899
876ba2c5e443fd41,0.6168141958424509
5d5689e87dee129a,0.7469584088777743
71a60a6dfa7e1760,0.6980081509846827
f2a38a0b81dc90e3,0.6212770904970304
ec97de286c2686f9,0.29439415833072835
b77b633a5106f906,0.40768415520475154
972df202456969d5,0.27621201547358554
5d7f4e9617d1e7a2,0.30866699359174743
196dc3655d9d1d79,0.3000233549546733
7b9da0adcf1bf365,0.2426625976867771
b9d78de840ab100c,0.3241549663957487
803868566ffdbdc1,0.3200462097530477
cc5f60c8c3c2b5e2,0.3499406298843389
88919e17cce1dcd0,0.3086594248202563
88bff82c05879a44,0.32109135276648954
aa64759c290cdf84,0.4794480501719287
b224a7d8b6f39ab3,0.4653655790872148
ef11b15a28910cae,0.4216436034698343
7e08eb8d4482e7e0,0.6830028172866521
609b606891c6ff2c,0.34054143091591116
07ecd08d07bac830,0.44258594873397933
aea578dbbc154142,0.6671671733354173
9c702ee77f731a28,0.49055427086589554
74a102877446027d,0.6576953422944669
dd13d150ff97f653,0.6959569162238199
36157f72f10981f7,0.47040256330103153
808639f0db0c51a9,0.44859760862769615
d809389ba1350646,0.5434294310722101
353512ba78ee6085,0.22808878555798684
207ae6c9e8f4fabf,0.4499201859956236
333ed3894f0f2865,0.6950571975617379
c8e41f868f963ff6,0.6264972296030009
c0436a45e3cdfea0,0.28890271569240383
497bc4409ccbba90,0.6951478704282589
b29f7d1224fd0321,0.5484099835886214
7795ac2497824361,0.6889990192247577
28bd2f25cefc0467,0.3652418294779618
7a5268c2c0ad3fb2,0.5221706080025007
9335e306e6ef6c17,0.4478485933104095
380dbd85787bd38f,0.711095709596749
4df3a358e7ec87b0,0.273577309315411
b423d03461c67e1f,0.7456527039699907
8d6c8b00790579fe,0.4000112808690216
75302981ca660bf5,0.5569939473272898
34fae39e3b6350ef,0.4568292161613004
47ee9553918d83bb,0.6156972764926539
525eb09cf01d4422,0.5051285518912159
f285090a9d6de2ea,0.7224488277586747
9a015d0a0e9dca3f,0.4515203110346983
5b9ec24c9cacd921,0.47248210378243194
80f6887bba571ef8,0.5587033643326039
a0121be4cb97ee81,0.3595622811816192
98bbb1d875be50a8,0.6415757580493904
d13d14d73f638740,0.5103138676148796
b2c1f66103087339,0.41901443419818696
ed544070c1558a6e,0.5124783408877773
6dd8a5af5647059e,0.5874061542669584
ec707e8be77e5bf3,0.48575826820881524
435ba973814b0e29,0.5249682517974367
a003759cbad0ca72,0.37539803844951547
4c1f413aeaaeca8d,0.4615791888090027
febaa69039e2d424,0.6510019732728978
1a7702c55d1c3c6c,0.6371342216317599
747b48174e7e8cc5,0.3200888050953422
e73a38787bc7abf6,0.5546886214442013
591163e5c881643c,0.6653821350422006
95f08a028b009350,0.3687008401062831
74cf8eff69e3ee73,0.2691127930603313
44639b509c809540,0.5938869412316349
abcf4a1f567f5b1e,0.5628350617380431
987d6ffc23a79a57,0.6415357885276647
e7aea6a6f0d83afb,0.6221966434823382
d9d2d9b2890a7999,0.3783900750234448
deeaee8dc56ee2e3,0.47244119646764615
ed44fe0714d05825,0.6596583698030634
68d0096d6964bebf,0.3805105423569865
8d52d8ee49e4e8ec,0.6796250312597687
b877123e88a6a266,0.6545418529227883
8aae92b438c0c262,0.23701233197874333
40864f11272e903b,0.40369944123163476
7583bd973a7787bf,0.7700114332603938
209764663e3680ab,0.5326549038762113
1802828e130f444f,0.7182006408252578
c7226e4c37f1c216,0.6695016958424508
cd0110875b4d057e,0.5223198186933417
b66e634d66bc8033,0.24698541731791182
644bd7580a1fab58,0.486129384182557
ceed54b1129eb356,0.48403731634885905
4a02d907bb4803fd,0.29609437324163795
d09af6dce02bcd02,0.2948147858705845
c81869bf2ef1408e,0.6436171498905908
455bd62f0c9a8b18,0.706770666614567
8c648fe7475ba2a1,0.7571493044701469
e7c1606cda3f50ca,0.38641945139105965
386a0c809777aa8b,0.48133362378868394
882d6e6250d5d648,0.5065399109096592
e73fd396a2d7e661,0.42426954517036575
e1293605384c5923,0.19833021647389812
d8e5a75d55957e5b,0.7189276922475774
75e6395a1cc7d878,0.558111992028759
ecc995a8d29cc898,0.6615045443888716
ba27e43ae6b021c3,0.4027996522350734
075b11725eefed48,0.6970962019381057
16e06a6abad58f9f,0.4829244529540481
039a18d8a9005443,0.7665181228508909
166eabcb1845baea,0.39703540950296967
150f221c402f471f,0.6883877110034385
2af5183224226208,0.5331143912160049
30a31bbf87301908,0.31618561269146606
95c87aa909d557a9,0.23475634964051262
d70eb57711fa415b,0.7156634104407629
9464555817eb4951,0.7206156416067522
8d4e5d5935a1a663,0.29982710612691466
289e3f76cc551091,0.47851641919349797
8646ded190e78433,0.41956253516723974
f2e3c326fd923449,0.4026531298843389
83f8985c38ecf25c,0.4048059198186933
8b698836d194ab64,0.4167036300406377
74a48ddff930321f,0.38026441075336037
79a5efbbc2b4f8ec,0.39354288449515473
6e88ede348b8871c,0.5719667044388872
d98b06d0f7e1b8d0,0.4070457682088152
dc56b06363e3abc1,0.4719980032822757
b5355653b987b958,0.33055720537668015
e5bc532f235bc0d5,0.3542818966864645
153cb69740320d37,0.35834915598624567
30ad5d4441533a6c,0.5985569045014066
05ba774a4ce6ab73,0.758686667708659
ba467da19b1f2810,0.2652612378868396
9ad04a6b621bfaf3,0.6682692638324477
f605e43b08e76847,0.7080373749609253
fe2d494aa36b099a,0.3756144967177243
1e5a8f5e21430d42,0.5558889535792435
9b28fcb2ee487967,0.7646772663332292
2f1c0ef6d36a75c4,0.43907668412003753
37fc5525bb7de5e9,0.30297215145357925
d6538f0dbb2a123b,0.6195572327289778
7dde59a4542325aa,0.3907516372303845
20c617dcbd71f357,0.42802943107221003
77f00b5e8f833d41,0.7603521608315098
869a14428379a740,0.4946612613316661
5fe5544f8e236559,0.6180881486402
2d3681cba05bb562,0.7506651414504533
499be0abf97d1597,0.4818213855892466
5b423761773c3a6b,0.7637728430759613
57cfb14bc788cf66,0.6941913566739606
bf8ee8443882eb4a,0.6518673140043763
400e3c9ccfed951c,0.36988091591122224
95c34bd334691146,0.6930563926226946
441b99f616030e70,0.43676044076273834
d6449401e78d3385,0.4537040950296968
ee04b5380c7d4f07,0.7101959518599562
47350f4648bd6090,0.2637456080025008
3d184c420016986f,0.3938253633948108
2525af5583075cac,0.6443731634885902
37055ef29f0a3dd1,0.4942166809940607
741ca2e53f728930,0.7874357611753672
c2060532831835cd,0.6655114723351048
bdf51afd82ed739b,0.5758737769615504
87516eb4863191a1,0.6699307986870897
034a25e098498861,0.24935121913097838
2beaa963f217969a,0.7730148093154111
6b03ea3eb3783933,0.3360836394185683
99cd56ca4ca12f1f,0.3847662316348858
42288d86bd56d80a,0.4306573655829947
a5497f531ca73858,0.3326362378868396
6b8797ea062ce398,0.4066530282900907
1514a9ebdc630056,0.5625013715223508
6a47264adc77dad4,0.40748884026258214
4cbd1cfe1be11280,0.7665988160362613
555f489d111c7db7,0.4429315411065958
d3d1d52e817c754c,0.20982503125976865
80c2b83979b319eb,0.3374022428884026
b601ede8f1d5ecc9,0.2306838386995936
ac4e394f11848f01,0.6511447678962174
a5d564228af285dc,0.4321086706783369
872eaff0cae2acee,0.35309111050328224
ca524fe71b6054b7,0.4882673218193186
092fdb93d96ab75e,0.29550137933729287
b1224feb365fa8bf,0.38908135354798373
b5883c6e74b0ff0b,0.26313211941231635
7aade43a31d09f8a,0.4174597686777118
585ac3a63ccab1a8,0.3250485542356986
e4933222bb492af7,0.5361211745858081
d4fff28089f09f7a,0.6469626015942482
1faffaa35ce84d77,0.5775260081275398
27afb6fd6aac442b,0.23026629806189428
847a053fb85c500b,0.39470652156924035
9ad6971bd0ebf223,0.39444640903407313
a14e1a04f336c6c8,0.3285325844013754
50698da7b2db2350,0.48612513676148794
15655e2cf84c9cb7,0.6286973898093154
ef796da1e5967ff4,0.7298143247889965
9331c7e2dd294fef,0.5487074906220694
b7796a59af546a3e,0.4399792591434823
d9279cd811aae7c0,0.4573337527352297
df81c08c47af6c59,0.7149190254767115
1b9dcbf8b65b1a52,0.6106255822131916
dd377f760a65ba2e,0.6961924155986245
995b4a4b97e53e5d,0.5571433729290403
13b533f79e5a5caf,0.6876467567989996
d4c903b8efe43c13,0.7685746561425446
4fb9e1bf5a2f571f,0.6457081861519225
ed595c03e7747694,0.36272263597999366
73e9645c3d48fbb5,0.25188499531103464
a4b5405b00736981,0.7446636644263832
2a653776755ba7b8,0.2758517622694591
158fa97bf999e010,0.4664973741794311
a95d0a261a3bb142,0.5503142114723352
ea46e88a59d4fe5f,0.2969939942169428
6496d7761a0c6190,0.35858091981869333
6f4ba984b6dc3289,0.5201095889340418
5afad3e6c2fda712,0.4414070608002501
02effb9a084a466f,0.5042252930603313
f43a5e53fd455d87,0.7815963660518912
49bcb75b2ef9551f,0.2774627618005626
b21c8167caedde33,0.22053011487964982
15d2bbcb8c316442,0.37027959909346664
523bc8b194fc69ce,0.3531546264457643
d7b8e5c99743aab4,0.49547997030321966
3ad43bd42075bb8b,0.716439762425758
812b9840da2dccbb,0.7065230267271022
e70b5a521c308e83,0.6533305837761801
3c45ba8ca9f6f412,0.27720996405126597
7f616f8d83b3eb18,0.4533027039699906
26c592e1845bb489,0.4282121444201313
68d37c0a802b47e7,0.6522398327602376
d8934f60893849d4,0.44903496014379496
2a3dc482e2f9765b,0.44017267896217566
016da23592d81da0,0.348367251484839
4fdfd4d0c0f506a0,0.6899280400125039
729fc49d981fa3bd,0.4685669857768052
15deccf643c21df1,0.49816427789934353
7daf2f242a027468,0.32504311503594874
d51a0a86350f7add,0.2929837214754611
52fa3a33f632aec0,0.5885181892778995
bb4d95ad5da1ac87,0.4646011331666145
cd23dbd0e165834e,0.2871293607377305
ba39191a07cf9e7f,0.5024757932166303
9ba5cac296310d3a,0.7694614488902781
d322c51efb437d17,0.2987254102844638
3af739b2f776287d,0.65627107299156
85804c2e9c6d680a,0.3005547553923101
cb0cd20b25649838,0.3587736753673022
12c942ad8a277403,0.4978156494216942
289e502cd91b1547,0.5960959518599563
31c382a7004fe972,0.43510025007814945
d169a1c279a46015,0.7576439160675211
f9b4abfb6291393e,0.5675169388871523
6717d92d92048fbb,0.434366235542357
469f41c8da1eeb41,0.5543247147546108
769314bb014d1235,0.6509185175054704
ff2e280d521989fe,0.35454066505157855
1d52653d4f3c35fc,0.29501229290403247
4c0ebdf6c9dd9fb9,0.37932978274460766
8e182e2e4650cebd,0.6794074359174742
f55714d17852a183,0.3313248046264458
f2e291daed34f717,0.5951274187246015
2fedf01adbad6180,0.30304479134104406
7079029a20553569,0.5630187050640826
7214daf28cec2f25,0.40147322991559864
3037ee52ce757f35,0.2643829399812441
301594a1fbd58308,0.4622945060956549
971dbbb99046d9fb,0.6933557908721476
c7647059905f4dd4,0.3405193380743982
796f7cb75fc0eb55,0.6765566583307284
bcf00da3386bb946,0.7257288683963738
9fde66ee9b59f95d,0.25395831900593935
752d3e65ebd63369,0.32843987964989063
1a6bbae0cb804476,0.4469149812441388
03cac4272e7b8e63,0.7163857728977806
055fecf2717f29a3,0.6121988316661456
a2aa85d0e1bc4e6b,0.48891144498280714
ef9db57cac44e529,0.5125136175367302
8c91442db55d9d64,0.5698028016567677
7cfa3fef2d1a1dfe,0.2867181814629572
56ede8d9842e0590,0.2576801734917162
fc74e63ad196960c,0.6558213660518912
342867ccf7337815,0.3382401414504532
866f7ea3c4be20e6,0.5416771999062207
f45494a74c712731,0.5933072600812754
414228464c8b74af,0.6481256525476712
e4a3f7a35452e28c,0.484188699593623
c1eccbf012d9a361,0.3616069631134729
a715e394b41f3a16,0.36077983744920283
26a24b8218ee00b6,0.7342401727102219
db4b58e70acde06b,0.3627625625195373
deaf015c1e137149,0.3180631056580181
9d4fbfbf523a0472,0.7949554665520475
ff7e2911a22e8008,0.6947690371991248
30449ce55b14d344,0.23613349874960926
b930073e02948360,0.5591688848077524
9326674b4c828c15,0.5722154814004377
a9b474db35164846,0.6196892075648641
9183d88dcf308c8d,0.3450369998437011
47c8c6f64cdc0a43,0.4749985776805251
2ee4722095033329,0.5245863004063769
cb8a02ecca44027a,0.29765376680212563
1925e9dc63237314,0.5739411652078774
dd36f08b99fcfa16,0.6985243943419819
9bbd43f6f760c243,0.6371038136917786
a766359aef66a25f,0.5598826156611441
4d10a4698fff400a,0.5731560370428259
44a6285639d7fcc7,0.6023694123163488
a64ce0de598f4714,0.6152759104407627
8c887a6a554fcff6,0.277606455142232
ef3f3402f7530e37,0.20464906220693962
e9cf43bab751f410,0.21932891919349792
1245634a78a3136a,0.33593706236323845
7c5ed75e73c20133,0.34860906924038765
ff7628423503cb61,0.2725278993435448
55df3baf4cb22442,0.2895792825883088
20497b1ff5df51bd,0.6460573499531103
fe1c1e2e166d6943,0.4866310643951235
0a6a2ebc3b004ba8,0.44513784776492654
ba16bc573e1d9a6e,0.5791327524226321
41ae92fc5f37cdc1,0.3705420443888715
ae05071f58d92774,0.4193613590184433
a8d4083bb2383da5,0.7270143482338232
92cf17c3d59c9b61,0.21068068537042822
f591caedceef4268,0.35317213973116596
e3d006785a8a409d,0.5604593349484214
dcbc913499301796,0.28306962331978736
b630e1af9fc1f3b9,0.7144482181931854
7d6a1e459131bf25,0.7534887074085652
5f891649affd8c18,0.4560012816505158
7dc102adb7ad6667,0.5182544349796812
1b8c16064d0dc4d7,0.4515837761800563
8e5286a9c7d73ad0,0.37713966473898086
147e554cda420ba2,0.36502491012816496
18517e2df9cc10ea,0.4866827250703345
54ca2e9aaea55320,0.7677283096280088
a923278148853286,0.6397216512972804
cfb35f11977c3be6,0.48970947952485144
aef8a4667274a47a,0.29619461941231623
2c51172cc4d5eba0,0.3993766567677399
494446d84318c9ee,0.47677492575804936
aa652d97612fe50e,0.22730866286339477
baecb9e5cd4b2907,0.7201670443888716
c29488c64d211da8,0.3717377149109097
28746b4c4b26d721,0.2728149538918411
8a45d03fa3989bff,0.3601966473898093
462b3e544fe612a2,0.5722358588621445
359614f152fbbc2d,0.4239438730853391
5e953db789137f0e,0.6236350773679274
2a99aaa9555b3dab,0.5745669545170365
aa37a77bc447fc0a,0.7784512894654579
8c0d7f3ade155e48,0.2749792317911847
45b05dd1071039ab,0.8374293724601438
7e037c271c23576a,0.34804293138480774
9adb38d0576dec06,0.5524152547671146
532c84dea557da7a,0.5825927281963112
6c302b9662d3b5c1,0.3791122811816192
666231af023e8fd6,0.3529756369177868
9c06ef2fdb037a79,0.5509814981244139
65230a28464587f9,0.42135882306970923
b3ea4baf43182919,0.5448231673960613
c1f297271ef8cab3,0.35371498905908094
7c58e1fb77913d4c,0.69717172163176
00ece1c11b40f8ce,0.2202489918724601
a820b5633583bac7,0.6863060214129415
b4e9165d8e2aebad,0.3472858080650203
85f20d358a8d6ce8,0.5487028758987182
148fdf734e431091,0.38480577133479205
67708062cc529759,0.5712378790246951
d764e50c36756862,0.7370425289152861
dc093657cc4bfbc2,0.5049334518599562
08c0597e111a2388,0.5298312832135041
58fc68c0720d8cbe,0.47799082525789305
387b7309eb20b505,0.5753040637699282
cca31a05a820ea88,0.6707544115348547
be7e5b7b5839a348,0.6069189160675211
ef7aa159ba83917c,0.5944855189121601
3dbaccedf2355696,0.39330576742732104
3774263bf5c9a393,0.41798771491090964
e830f76f4667709e,0.5265742106908409
c96965b10fe9e8ba,0.33315177399187246
aea0b2d75bb410f5,0.5642136019068459
892d778bace3f693,0.5183268873085339
f46440975132762e,0.7349358666770865
6084fc419fc10f1d,0.7172103040012505
c6fb1852daad742d,0.348951062832135
2bd09ffffa247f82,0.29609429118474523
5ded576ceda86075,0.4953404227883713
c066afacb3fe3a52,0.580828368240075
21e99c194e94917b,0.20934898015004688
7f4eef61767e4c67,0.24126999843701152
dd19efa057bdb4b9,0.3094446272272585
2b309ca794e9b11f,0.7297820764301344
8428fd508cf86cb1,0.5498523874648327
bd059d7efcd14494,0.7106533877774306
7fcd9aa10e5ab5aa,0.40249585026570794
9398c438c5fe8b90,0.3404472647702407
7401e49aee3edc69,0.5698155634573304
0520f17da71602b5,0.44936344560800245
efeb31befebbeedb,0.3252193224445139
df3fd48fd3b3331d,0.555490266489528
14e14e2218536077,0.5759331158174429
1f92d25274d4f038,0.4338764692091278
7170ea34f6161e69,0.5421933729290404
04b0152464b775d6,0.4811301617693029
7653ee403f88ff26,0.4966729329477962
ee84092d5d680f67,0.7336881798999688
c41b6329fa5e7012,0.262076434041888
1514f652f00c3b36,0.29889517818068145
0c6d11c69bcc6f46,0.4872639027821194
382f75d2edb9f457,0.7237170873710534
ab482dbf08ad90d2,0.50549474054392
5ecd94cb7901e72e,0.2753610386058143
176da975d008461e,0.6333286730228196
882d984b9b9d8fb6,0.4124992419506095
efecedca199bc74e,0.5828937363238512
5f185fd802f0c00c,0.4987812480462644
b7be75c69ddcfdc9,0.19766931072210067
4da0a9696b2e9612,0.42366371131603625
755bd669f9bccb8e,0.4318471084713974
dc744a1038657389,0.5033119568615192
f5565f23a877bd69,0.6293637347608627
45485cf629983a40,0.7276338777743044
9d8248668d721756,0.5696100539231008
7e637102a104b616,0.24349063769928103
b9095cbbb40751d4,0.7175577446076898
b6f5bc351054c7df,0.5206852375742419
d08fe94fcb0dabad,0.29955062910284463
edb4aa5de0832a92,0.4562707447639887
b142c9c1185e5f66,0.44922382775867464
1473309b954d71f3,0.6777958580806502
b604a5e504b627c0,0.787342853235386
d5d6a72d9d2c827c,0.22979732728977803
aac5a801e8926a83,0.4589378829321663
45b600cd20830ac1,0.7160528290090653
8b6f8e193f28c495,0.42946899421694273
9cbdc55a60ad3994,0.36472470693966863
59cc8f62d55aab98,0.2652980931541106
42f81ab5abcba09f,0.48900252813379175
758524a5d6a74122,0.6355656259768677
0acada29c4de07eb,0.46024986714598315
6bf56d0ceb2c1ab7,0.3438568224445139
03b29070bb68828a,0.28251970146920913
2f553bd8ba413efa,0.23433111519224756
c3ea0fbb29a15317,0.48005951469209124
797edeb1c8a9c95a,0.4461369138793373
beb71749be71fd3b,0.5414426695842451
c660714dc6059849,0.41023810956548923
549961b37bef9764,0.2381144420131291
dfac78eae9821675,0.30096256642700847
588c204b822eb2c2,0.6135866012816507
e96e43deab9b69f6,0.6747370311034698
9c9a726ae65647b0,0.29372036183182243
58f635ddafc61c78,0.7619577367927477
d40624f11c720afd,0.7354901258205688
73575ac328053efd,0.5025470615817442
809a4127b076294c,0.7372020904970303
d476e643d990be24,0.341253551891216
4d04534027759be4,0.4509484487339794
72c2c7664c8294e1,0.6805528055642389
d3bea4fa475618cf,0.6484649734291966
7af7100957117fae,0.44618465536105023
bfeae03c16252052,0.34704659659268516
dab19b0b61104952,0.6958035557986871
8b72f86a4e6a970d,0.6375032158487026
c775b6de816c5092,0.6403065919037199
0de6dca19e114646,0.4390808729290403
0ee2b0fc31b7cbb6,0.2877561503594873
3363b132efc51b9f,0.7526418255704908
ee924a0428a40a76,0.26223889887464835
ac3726dc72e71ad0,0.4665990192247577
374584473bf4cec4,0.4972693654266958
e6b8e496d903523d,0.5663314512347609
8fe009970d6cbeca,0.4559634534229447
b03e574c8770e9d1,0.35040865895592366
27905f95e6931f22,0.49504341591122225
8099a0f72ee1a1b1,0.4213101437949358
5fbbd8a6f4ba3669,0.2667664738980931
24033a02989369f5,0.6526143169740544
223faad452bc6598,0.6424795092216318
c5c13adedfefc67d,0.5346637816505158
ec24ebbbc53f73ce,0.2318765903407315
3a3e4d31cbad45e5,0.37106312910284467
79763f9ebecaea1d,0.5657580298530791
46806e41926c192e,0.6417938730853392
a5cfdf6746ec5cbf,0.659739066895905
0ddbe3ef0aed551c,0.3361763676148796
b641fe7061b46442,0.23030137933729286
be98835c447eea49,0.7653819318537043
98aa4160c7876f0e,0.7686621014379493
0753638b45dfacf0,0.6686128516723976
e938301ba66e78e1,0.5120970733041575
64b695db5b68b91c,0.47772864567052203
2797a5b06b8c68ee,0.5094288879337292
aee53ec38b7eb6f0,0.6131113629259144
d59b57f46a383c1f,0.4975907627383557
8c3a505dd927009e,0.4242334166927164
436e01defb530baa,0.3195409932791497
2f54c0acfcbfd646,0.6368529696780244
20f15dad96dc92a0,0.3820291262894654
8a16a230e343a296,0.49529566661456703
fc511072e8631203,0.5983776883401062
5d976c71ca9049f3,0.5329557049077838
b207e579713d5841,0.7654139184120037
ac03eddc2e2fd2ca,0.519400875273523
6b1e6ff0118fe59b,0.7148862339793687
2cc92c1f6bdd93d0,0.574380720537668
f651266acfce6c0d,0.4384164309159112
c3b49d19c43acd64,0.2635841434823382
05a27ebb8a82cea7,0.8078048530790871
f32c511446a68874,0.3062725695529853
108d6b400d52aa73,0.6124986792747733
7e3cd0895bbfcd9e,0.5889055994060644
2245ed07ee31662f,0.5576282900906533
c81aede118be0e5a,0.44490704907783685
d664a113973613cf,0.4924245350109409
2899dbe3769e8b1c,0.4915707369490466
164d8c33239c5511,0.5523166575492341
e753bb93c30cfba0,0.7015521881838075
4493eab669361ba7,0.4157665520475149
4e55ed26dc79c3e0,0.45283078305720537
1d2f7db4504f10b9,0.3357932244451391
9749ddc8b2a3a385,0.27353290872147545
9aab93db4ffdba7e,0.7549309354485777
88558205521546f1,0.45464756173804316
02a8e05f667b2fa4,0.3580787042825883
f95b0bb67413dff1,0.5244170170365738
b821f8fa7a26d286,0.2681393990309472
bed1456aa64d60fb,0.6584015200062519
685b1294dc5f8cbe,0.7038872811816193
79a0510c936f5eb5,0.704954661613004
07f28f119366b484,0.3292168646452016
949af0edccb8d159,0.6407493708971554
9965f63ba2d41ed4,0.30034783526101905
f635cdb577ae5471,0.6915051187871208
6419d144df4c87de,0.5795132580493905
bc7f2dd2340df372,0.3293147663332291
cd35e912794bda2e,0.3818493591747421
abf3b6dbce73db98,0.4741085417317912
4eeba8a4c17e4351,0.5157731244138793
f612b9af4ce98bda,0.6964167630509533
d8120911733689b5,0.4861008361988121
723bd2532e39f731,0.4656813730853392
3889ee7a1f5fd62a,0.5532943068146297
66ffb196fbbb4006,0.37049297045951857
53a1c51ae93d0e81,0.5436975265708033
0a4f5ec5f9339110,0.39485732260081274
34416b6b8b600a61,0.3570592450765864
1e0b561b5df0447d,0.5992819513910598
43e848bf56ec0bb2,0.5077683768365114
1ace2be427eaf92b,0.2821400515786183
e24ea459233ec078,0.7821479485776804
e019c487befa7761,0.2135134417005314
7734ddeb14b3d277,0.3509505978430759
1961aba76570acf7,0.4823513090028134
276265c86a0e2a26,0.3264462996248827
4fc5594c301766d5,0.6294628086902156
bfd20f3d76573073,0.5512897194435761
8526753e065f5b50,0.7639059784307597
5c03ad68783d0d61,0.28405414973429194
9c83e80d019e0f5c,0.5142785557986871
4e6019e87ab5ac6c,0.624591239449828
dbf6023ccc73b0e7,0.349888054860894
fb35b29ad551c9c9,0.334045760393873
3ab9a4e335cdfda6,0.47574488121287906
86fa9d51e632ae1d,0.5335726203501093
ab30ffa9ef0220dd,0.7643663019693655
ebfe496544b5a6af,0.6312910909659268
4cb026b93d1e4edd,0.3627749960925289
426a41478cfcfc22,0.3545380196936543
3e16e5f885a5764e,0.4306179196623945
dab52f137b1ba008,0.6656708658955923
a7e545c29eee2bf1,0.4007246014379494
6a50159c50f7f9d0,0.2649363121287902
ded3c69308607da3,0.6878670482963427
921388faeaacbc80,0.7629780126602064
8c90e1ab4a546bcd,0.3862054470146921
31b1827fce88917c,0.28206881056580174
d97cfaa40be224a1,0.24677918099406063
b4dae0ea6d15a25f,0.4195815254767115
ffb033e54895ee3d,0.7054747850890903
2b625e5d9c22b0cc,0.39082773522975933
87605745817d0ffd,0.27808882072522656
9717417666a66daa,0.47825639262269454
3267d4ecd26e96f1,0.30066126133166615
3399800c4f113d8d,0.6917495819005939
f457366f48f27702,0.32814687402313225
5a6c4f9b661a0ab2,0.6723375703344796
76628bf9d8b6b0e6,0.7925231478587058
997a5333179da7c1,0.33519754220068765
044dbb2023ecc53f,0.7246888676148796
737497734f709843,0.6770810722100656
fc7d05c3ca74b0fe,0.40224400593935605
f5b74bbaa8085255,0.3868782432010004
c1d1e5c41f539d03,0.642306927946233
86f9c72ffb536f2d,0.788452532041263
95b9d46eff640109,0.42479372460143794
3aff516939a3de92,0.3976310800250078
23c1d6b14d960725,0.22152798140043767
0b0950c974175a86,0.43500600187558613
e94d8ce0ed816caf,0.41425176226945915
037bc4751346a482,0.679394787433573
d43c5617c5e69df5,0.7616280751797435
82c6f27cdcf850e2,0.7409896725539231
7652727437cf5e6b,0.3144517700844014
86f089e7c7ae0d75,0.7290166849015318
b9d7751ccd00d9c9,0.705894318537043
0a079836e9e1ac2f,0.49701078071272264
90461cd0e33baa56,0.6373625586120661
825b16c4984f4382,0.607111253516724
9054cbcd60dd433c,0.4262511409815567
770e4ea8a1273a1c,0.6430474288840262
518ad8ed2ff052f7,0.46339008674585813
f12c4df4f05fb6c3,0.41117734448265075
95a9d1c987aae5f2,0.6787264809315412
1d60b64e1441c91d,0.4759171069084088
84ed70c1cda568a6,0.4832251094091904
3d6e8f3a5d06c7a4,0.4240011331666146
eb1779538632b044,0.3381876328540169
bcf84068bc4b5615,0.45135983510472016
3dceaab87e5bd6cb,0.6192485073460456
c86b418e43874d34,0.49440867458580806
95397751cf365c4c,0.5352786065958112
e80b64dbd916f780,0.47144262269459203
d2a231ba481924eb,0.5573581470772115
e86aab1a495bc94e,0.330727309315411
4c088c5147f6cc2a,0.5426889184120037
746c9771aa5c751d,0.41095292278837137
90005adf46be6af1,0.2944280282900906
78338f5a63e742f5,0.6221862691466082
9c3f2d29681d0d34,0.6879895162550796
f93fd851b68279a6,0.705398663644889
afed2c838b247303,0.6858342802438262
995d752a3bf1fbb2,0.5649915559549858
33609320e5c7578f,0.2792480384495154
1ecda15121ffa27d,0.31868111909971863
47b2accb2f516cd3,0.699590500937793
5571f2482997d163,0.6643149617067833
32897e94a9feeb0f,0.7237604446702095
3d5fedc7f245d35f,0.44406482885276644
1b4707947519036f,0.5730704438887151
3cee4d33cd4686de,0.5312080611128478
155f6d74191258a2,0.5500144224757736
3ae6a0b3d379dce4,0.43884908174429504
dab9de12664f7b0b,0.4172521334792122
cc73e04980d2167e,0.46076835339168487
be7f0f5d2c65bf06,0.5739502110034386
dea114b428048ebf,0.274489211472335
deece306851a2a78,0.4962408408877774
d1ce358b8f732eb4,0.3832119216942794
e025d916d395fc1e,0.568584588934042
f50d9be3d733fdc9,0.3560032861831822
a6c0d8fd193f76fe,0.43987393716786505
569e045332c790a0,0.5837997264770242
977114ec6d208ff4,0.2597876172241325
17faede0e698eb93,0.38471466473898097
0610c3287750d822,0.5492426148796499
58e6e26dd56a60a1,0.22789280634573303
bc263b5b32d9ae07,0.3771503399499843
8894323cc5f185da,0.2899006291028446
e8229221a1595393,0.3368053610503282
63c589b1e27997d2,0.6609184432635198
fe21e0f0344dfca8,0.5989621639574867
7e0194535136acfe,0.3241028524538919
cc859709caaa52f9,0.2524981205064082
56e7153dc35c0573,0.34282471084713967
c76e1ab42940cee5,0.4900410675211002
2ed46ca4b8d10516,0.45373971944357616
ae2f86a0a6c3b696,0.5618202680525164
a05d11d463a21a32,0.32345695920600187
89e7dc0647f4db8e,0.5354527000625195
80934ce845013628,0.48184734291966236
f66422247e89d830,0.5804400945608003
b0a301739cfa2228,0.33602704751484835
42b93c5a8b628ba5,0.3262400437636761
f74f1673a45ce9b3,0.600193079868709
2b76aa4b82e23768,0.44236373085339165
0d6190a27ee0d6ad,0.5695695217255392
7492fbffda1eb950,0.4111218935604877
35355c2d5692cdbb,0.6371987847764926
de976dafed9c0fc3,0.6759297592997812
e2601be919261723,0.2200463152547671
f56a91dde5defb60,0.3262575257893091
1a9c207021895aad,0.7163614449828072
86ec8e715d2efa2f,0.5041566974054392
7762b73652848f92,0.6063744373241637
ccd34b74bb18d71e,0.6571291653641764
eb6c259855aee52d,0.6174262035010941
7bfe956eabaf5f10,0.4800652743044701
38c6063d22fa4f9e,0.6865928610503282
46b7352aa3c8a1ba,0.475780486089403
049fa3f6cc3a62a7,0.7179264223194749
5f77b44deef47d28,0.31860031650515785
27462f3d6cf43575,0.476494787433573
ca854373b937b419,0.7122222256955298
1f6eb5f2da254111,0.5873288371366052
9262bb44aa7937b7,0.44570226242575806
d81678051b65ebc4,0.5258093075961238
0edc1ad07f4aa86e,0.7137923218193185
a8e836b90034f123,0.29998783604251333
c729d0e49b2411cc,0.6968351750547046
db925a43365c86f3,0.5062096201938105
1cda28c15e8e4170,0.6083619099718662
ef5a97a20c5118bb,0.7093746405126602
4b990b98ec734989,0.7100608041575492
a96f328dda3bc98f,0.5177488277586746
b467b21cee5c9a57,0.35965927242888396
8c1694e84b06dad7,0.3935723194748359
7b038881fb7ec965,0.6129001758361988
60e46ceca8ca6531,0.44313336198812125
be2e51dc6bf61727,0.6637067716473898
f1063bee63d2cbd4,0.3856627383557361
1a3d53e660017625,0.38317454673335416
6db1dc15ad1e28e3,0.6746622850890904
34f0bfc533c2a23c,0.5032300679899968
76e738496305310c,0.3454198499531103
a76e95f0a09b03d4,0.20041057361675524
6a0d13d3e413c0e5,0.3382447249140355
e002702b095c4d9b,0.5103733041575493
435eb85f778a69f5,0.24440686151922475
5584a339491f1a03,0.7128338816817756
9a06cac14b623965,0.5329816309784308
b199a982f9480beb,0.7690002891528602
e32add368c6de44a,0.34359384964051265
34824decbc66688c,0.3989334440450141
070711d7fd9b7ea3,0.5679412003751172
a1656b509ebf749c,0.7750853782432009
ee96df140d42129a,0.7300299546733354
09fb51e0fded24ab,0.43449637777430444
77e04872ab10bf20,0.6360573382306971
6b34ce0940c8c237,0.6891544310722102
8b94f16483f351e9,0.5799839402938418
a7d4f13860590306,0.23602319474835884
66537bdf81c41f46,0.7397938926226946
3014fd36c07b8950,0.5630730658018132
789380ce86c031af,0.7044637621131603
dbaee9defc780591,0.5403910909659269
bad0375f198257db,0.29227719990622064
a7b766569c6f66fe,0.41803652313222883
efd3fc92b86b90cb,0.5544225969052828
3ca6e7825d948c12,0.5209936855267272
5c73fed8f1d584c0,0.4534386019068458
cb7f45c4ee30e84d,0.5834002657080337
aac70ac68209f1cb,0.6086831119099719
fb253a15132c7c36,0.5109248984057518
4f1ad3d1864799f9,0.7202626250390747
06cc890b7c3abdd8,0.34140383322913403
48f5b50b05af6685,0.30660144967177233
8abc163b25fe8f16,0.2956856283213504
5220ee550d303425,0.6046327680525165
8f7e85307eb35706,0.48574538527664896
dec525eaa4588cc8,0.6208435683025946
8a7aa7c3acead22b,0.5704879884338856
0618f0627df67711,0.5966862925914349
5d9929a965640bc0,0.49797819631134727
b45f8124eea44b5f,0.31843086120662706
32e371f83b148fb6,0.7240659893716788
83b9c322c9febec6,0.46979198577680514
8bb4d82df107f45e,0.5386640590809628
cc28d0d6ace393b0,0.39084260706470775
29c17f03906ad1f0,0.4342500390747109
b10cf30c243ed8c4,0.6852398171303532
85c180d755530692,0.38731676695842443
e9478d4c11f48523,0.2614545014066896
329d63bfe65d67f5,0.3706766841200374
4e7c7fbcb6fde9af,0.2477982338230697
1f2d4ca7586d9ef4,0.3316999843701156
04ff2418e503eb55,0.6077969873397938
5807d02f74d22963,0.5060160636136293
23aa15ff2408a5ed,0.39165602141294154
5c3fe62807fba6c3,0.4733655673648015
c97a3c1357c537a3,0.6333145826820881
bde91246f16123d6,0.3168109839012191
dfcf3493677dd9ae,0.27109542435135975
4a0cb390212d6320,0.5980396803688652
dd48f98a0e7c2640,0.38954935526727097
21669e26853a5beb,0.5997007619568615
c4c279dadffc28bf,0.6615848780869021
27f99b00db0702b4,0.2882394420131291
823a471435809e0c,0.7606638011878712
36d9872df73f0208,0.5403280947170991
69b691bd3b11f565,0.5259416419193497
051aab7c376493bc,0.276748573773054
897a042cdd939f4a,0.7381582369490465
16e574aceb37758f,0.7423438340106284
7acdad670c7e177e,0.6660070217255392
af7211a4b66028fa,0.42001693107221005
3b768875237c8195,0.584670346201938
a9e4e55b286f1971,0.6338908487027195
1e42f2e9ad67815d,0.3614483471397311
0d527f8f008f8efe,0.2665155712722726
4c2ccade1925c5d7,0.5097537980618944
b3a98dacc0702405,0.3819782392935292
9b8e0f7bf05d953d,0.3257096827133479
7968527b42656286,0.33261081197249137
caf14438584b43fa,0.30432004141919344
31e140000e0bf36b,0.3985205806502031
336acc52a893cf2f,0.4951270553297905
bce6e39fc4407c93,0.24081910753360425
d5e58bdbf23f01f5,0.23792682869646758
1ff7a8ec347ef2c7,0.39820305954985935
ce432d29b214887d,0.31161414504532664
44e820df9233e162,0.5846996717724289
fd036d6641276c78,0.5403094482650828
45c36909115a7b3d,0.6921773015004689
0c18ad3d4c7f25b8,0.6853308768365114
4502d8fecdca43ef,0.6485467958737106
9bf5cf3ace55851d,0.5059228157236637
0e04a1cc15af0b5c,0.29988340106283207
86bc772734133e12,0.6013659268521413
76fda8694024d3e9,0.5903198265082839
d244839566b6672e,0.5279348038449515
e165495e76c8691b,0.5002081900593935
18e8d9f4f0ed1ffc,0.400649402156924
c198ddc9a1a0f0a3,0.3616209479524851
4f15b2cd5370863e,0.4539876719287277
5b71a33a75b4b41a,0.7829599562363239
85211a41d91dfa68,0.6301648757424196
31c3ad8e554acb99,0.5225397467958737
f05e3b467a207ea7,0.1907028563613629
20eea1cacbacd917,0.6890303844951546
338ac2331272bb7c,0.4357304079399812
e6740f272d44da83,0.735313934041888
9368ba44560c50d9,0.45082860268834013
18e4039723086124,0.4966220576742732
c935d65cb1c5cfc1,0.3563733627696154
dd819f141dcc8319,0.2797333463582369
90488975d041fada,0.4282564004376367
a5aa463adede1f1b,0.5170928844951548
872ac9ef6cc6a618,0.3581462683651141
ae4040a11f651b1b,0.477664992966552
468c82067304eb0a,0.6546619763988746
cb460a2bc70974da,0.30890844404501405
366ae30bce6f5b98,0.42850742028758987
7638518d282a3163,0.6608474132541419
633878cd7103f469,0.40017743826195684
73b8cda0da8e3c6c,0.48630610346983427
b24a01610939d7fc,0.2501600148483901
99024e3163df7833,0.7545447561738043
f67fd1bdae4a88b9,0.5130000820568927
bed6a87757540498,0.38468051344170046
97afe9a3ddc497f7,0.4200312050640825
dd9f348a3e019188,0.47788979759299777
34946df4f3dcb0b6,0.6054112222569553
9444819c9eb0c9d9,0.636039023913723
fb4483e1ad010ba7,0.24354440450140666
00c68b30c299654d,0.4357111988121287
72515cd3d8b3aa9a,0.6269375586120662
908510f96be347b0,0.631524589715536
99a21c81b1b48573,0.4563312128790247
22f68a423b09a5d9,0.2502723038449515
e7f04cb37080c9fa,0.23448312753985617
dc02fa202a12aa6d,0.33891618083776176
10d0b7f586529eff,0.299302074867146
ffd7b011eb85f998,0.6027805642388246
e621dd32e1b264df,0.34052689512347606
4af1a1f24964fe8a,0.42500807674273205
811ce0830dbadcca,0.2811076938105658
19f0e848aacfeb93,0.5570655790872148
8d3f02ada61029a5,0.6717748241638012
1e2a07a17f935db5,0.36108085729915596
32328db851b10b18,0.4027154462331979
9ee145457cc792ea,0.7200897272585183
ad8df560233793e0,0.3094819474835886
d22762aa0ca69d56,0.5597309510784619
f8355291593dca46,0.6353921342607064
0c612654e51e01fc,0.25899757736792745
ae7e23426e25bea2,0.31787846201938097
e009b5beb1619a81,0.6591802555486088
520faa13a8c7065c,0.7266026531728665
b5f1a39aded71e0d,0.3303795756486401
de6cb6bc5b8d1640,0.5103172827446076
d51fb6ba7bb6913b,0.6863686112847764
a1375923af03ec27,0.6538046889653016
8c4b7d8e2bf037d3,0.44295197327289776
681405cfbc0dd97d,0.5059751680212567
992164c7365bc333,0.674848569865583
4814a10f30ed6822,0.5666113121287902
f125562b955f34ac,0.4619383987183494
8665c174c23e0232,0.38444302516411377
c03010cc5ef028ec,0.7341245154735856
d2cbd396091301dd,0.33484179821819315
c5b700f429ada2a9,0.5901078188496405
07d97ad7c5757563,0.3772894224757737
abe88bd25b74cec2,0.7553577250703345
b5242ec51fa10803,0.358872186620819
504c204a4b07adc1,0.3454090184432635
eb3e885ca8381431,0.5192553258830884
88019e77a7570235,0.617930122694592
4f5b5ab494b7fa3c,0.6013710612691465
ff857c8685376696,0.6314834909346672
c97ffff5899cdd5b,0.7091430134417006
06d8545946fb794f,0.7361905204751484
86a18a847664c8db,0.5429755783057204
236b7caf60e83702,0.3963223819943732
b7362d1c5e6ea485,0.4122427516411379
75a194abbc3951a6,0.5812582330415755
0739352b03f43601,0.4939731478587059
d5fb0ad6dfbebd36,0.2595460690840887
ab3267950cbf32e4,0.5313592997811817
061b96409f1ecea5,0.3369646412941544
77507cbfe35570ee,0.27567045170365734
a36af5b550eaa873,0.5662752461706784
9ea7c406af2ba7ab,0.6401106634885902
f67f1e53508bf00a,0.7727484135667396
c1e4dc287c41d581,0.34312723507346043
a53a53e86b02f37d,0.4697715379806189
608291782c527827,0.40985139496717726
d0ad07399c84455b,0.6229919467020943
fc8986567718f61a,0.7882588308846515
5dc1fc6a5d643435,0.6521202328852767
5c05741c61417dc3,0.5675965614254455
d702bbe78e1fa189,0.32021999843701154
e781540ac8518204,0.3058953969990622
7dfe0b8686f2f32d,0.5999918138480775
150a93d31aae72a3,0.430066837292904
6eef12e9a09066d4,0.6983558065020319
636152d21bd16667,0.6183565684588934
c7f6af439da950c2,0.3163232377305407
27acdee466fcf485,0.7506022233510472
a8804fe9eee0fa90,0.19612001797436698
6192ee4938021f38,0.7410029931228508
fc02f9550afeac41,0.271311530947171
7c9ba87d30178a3e,0.7799919662394497
a17444b2e1cdd78a,0.6503349406064395
83df6fde56cebe4a,0.42562498437011564
b35110acb0de3b77,0.6649778251015943
9fc1dd40acc8bff1,0.6774442403876212
0c521eb5fabcd49d,0.44825418099406067
e081802079fcf55a,0.6799192325726789
12aedbe868f79776,0.19472037355423566
be8a2586f0738799,0.5810645983119725
077d63174223dbbb,0.2864441348859018
bf95a5f9268fccfc,0.44910894420131287
51ac7bebc69eaad3,0.6960779814004376
823b8b0cbed56665,0.6118223390121913
7b06037a7dc44eab,0.7458726672397624
c3468f13ce305a3e,0.7574595381369178
82906bbb278815e9,0.3320378790246952
26d93d94ea19b1b9,0.44823993826195685
d59469ecf7c3bb29,0.4166506759924977
7db5fdf7d9e7b81b,0.39675019146608315
251dd43cde3297db,0.5034586745858081
cb1945985d64f4de,0.4033087722725851
4eeb92e907af170f,0.41272599640512664
feb8fa429dd67ef4,0.5609966747421069
4de67c2419537ea6,0.32210778368240073
538e4f56402af36b,0.7015608158799626
a4cf878441380a52,0.6948061659893716
96be7b3de04ff62a,0.5761507189746795
39c3d3887c8c1a94,0.48283547592997805
1921999c1eb2c5c0,0.6449258987183495
d57e9b30000ad4ad,0.5121817716473898
7c4dea060b3cac3b,0.7060813457330417
b72576d562bd56cf,0.6341293724601438
e1b21c89aa287e10,0.3321026219130978
ea91d426f07b035a,0.38906134729603
e3fe0ea3b0e68165,0.38258130665833073
733a4e55740edd52,0.5756765747108472
e3ec47884acfc533,0.6956772077211628
8b4fc284f4d71fb3,0.679391739606127
ecc8c2db5ddf594a,0.2621274734291966
6a2e9bd8a0f89c66,0.4405122850890903
330cb959caca2412,0.7321530595498593
d9ec4fb651c85ebe,0.4046879571741169
059f9fe46af8bf1c,0.437042161613004
3a4738e51c5cab59,0.5277030361050328
2defc05f8aab4fc1,0.6873458541731792
5eff676251527676,0.25451810331353547
fbe244ca19447d90,0.45692201859956233
6a795f7ddcc9922b,0.28073522194435757
31e47d59215b37f6,0.4927770904970303
dc507cec24e10ba0,0.6501913644889029
a6bb01f0933df044,0.3066858315098468
8d856f853ce1deca,0.49793064629571737
6da96325a4517519,0.42456349249765546
1154f92cf57d2532,0.2324349874960925
f6f5511b39bec2b4,0.22577237417943105
52b72c128d8d91b3,0.673839758518287
75e7fc7c7ea0f472,0.5693172710221943
197817ba33606b5a,0.5586986245701782
c1951ebb86cb1446,0.6735481400437637
c4c41b18d788438d,0.6749847491403563
aa26bb9dcc890fe2,0.609595940137543
c2c4703ee4c876c6,0.689024535010941
4c5d7e0beffa310b,0.27953333854329476
83c908bdb66cb2b3,0.6269516216005001
f5402da16c14957e,0.40507364020006253
2ab80ba80d56a41d,0.5967755079712409
1c6b71fcf804ee07,0.5832121913097843
2f3e4501cfcf6dfb,0.581749863238512
e6dae542e381015e,0.40017579321663016
eec4124d10360067,0.21410886995936226
9105a2588a4a2770,0.6455424898405752
130f75788d8a46aa,0.5097326781806814
8835b5e539659c18,0.5169932010003125
d219e6e0ab855f68,0.5965094248202564
0723230fe86de14f,0.5579319240387621
e81853b0b0f8c271,0.3170452641450453
979af46a1f611253,0.5887250820568928
945f78f066a99193,0.426478227571116
9fd22540f39891b0,0.33049093075961244
2631c1e94bf99eb0,0.65401397702407
41d6c34577272404,0.4362498788683963
13285c2b73770aa9,0.458595436073773
1d2b2b68357f4992,0.31978927008440133
5e3172665089f4f1,0.7283207408565178
9f7be9231e3552f7,0.5921018599562364
6e458ab88b4204e1,0.4145444396686464
10739a7eee3e87cc,0.2802522507033448
a326839f328dce7e,0.7689867067833698
2e706184335e4bfb,0.7515842646139419
e10da35ed5233e23,0.2510091552047515
85df2a159bcafca0,0.5694327758674586
7e459f89aae58555,0.324422280400125
c5733fd52fad180c,0.5545222725851828
d78be06de4424dc7,0.20781376211316033
af782e55eeec3b26,0.6413258791809942
a5428b7d3e5eb0a2,0.45583723819943733
8d920a6bdb004f92,0.8152421225382931
f4be0e405024df8e,0.6856920561112848
d5059f8f88290d5d,0.4471711316036261
e368d0170d51ce4b,0.374931877149109
d8ddb30bad626df3,0.4386653993435448
d1e892e5a070ad3b,0.3127444748358862
8a30b24e45c8dd56,0.46380020318849646
7616820e7f2f060c,0.2948100617380431
35bf1de33ef37b4e,0.7231124960925288
7fc73341974a9c57,0.7102189199749922
9f5bd41b72cee0ab,0.3259099718662082
44e5daba8a615664,0.6485862183494842
6a29aa78116608ee,0.5603636839637387
74c36fa527d5e914,0.3646985503282276
65e5065a97a00477,0.5237992185057831
2bb9d6b7e64b8108,0.279222096748984
297129de9133a71a,0.35905361831822435
e6233ca37ff20ae1,0.6112725187558612
e6c230b1db202085,0.6698712839949984
042447db024700a4,0.2639613629259143
5347f880cf1bb93b,0.47366375429821816
f7f2f5d41652f6cc,0.2042672944670209
71ccebe269774017,0.29202964989059077
5d89474915222841,0.3339990504845264
583b0f485ee37a28,0.3395873749609253
cc5a91f4a1b878cf,0.723410788527665
636604af09feb6f9,0.305426340262582
9149bfd2414e1f06,0.5639446936542669
69c71a71af3a6a93,0.3179003165051578
5cab1ef744ae1f07,0.5516362730540794
2c01a13c5bd11b48,0.6244582369490466
3dd5148c39f554e1,0.29924574867145975
e55b6c8712632bca,0.4878347530478274
1e70f997f11d309b,0.37901330493904345
0b5140a69c454fd2,0.325924449046577
bf3433f1790ded45,0.5578273718349485
848bb9f5e15ea664,0.44262496092528913
ddec6d5fb5e1d8e6,0.7273492028758988
483be22ba816efd7,0.34097140512660207
c5e5341d9853e204,0.342038934041888
21afeb4d02745cb0,0.35212834088777745
214573582fdadc69,0.4764070256330103
1584cb670481cd0c,0.6754996366051891
a5b74fec60dff97f,0.7379839129415442
500761048fa68af7,0.5726451430134417
17911ade8f9db4a9,0.5613014105970615
0d5e4ec73265e718,0.7560768560487652
9a23b511d19c5b74,0.4835568224445139
b0a68b6e9b5aa0fc,0.567704380275086
f2408ea825dab651,0.48524776492653954
c46a0253ce15db70,0.6243662120975305
280ee758ffb1d1f5,0.41499933182244453
f120c6f37766ad60,0.4152172632072522
f0bd6e897436f50f,0.46943485073460456
d9838a74cd5c15d2,0.22714909737417938
ef4f4beebb23098c,0.581343400281338
81e1191f9eeac89d,0.4922481478587058
38a4b85540a1d008,0.3910964324788996
583c98e432bf450e,0.563430669740544
9319566dff410e11,0.5982983744920287
967a61a65ca3958f,0.30431339871834945
78d063e4b7ce7f7e,0.4509417161613003
d2f8e62df2e4ba25,0.5125298335417318
810d2f780629077a,0.6721615543919975
3515d882b6639805,0.5230487886839638
11e50493155c9e73,0.7584425171928727
4ed708372af004b4,0.7014442442950922
c4e45da34ddf3b44,0.5612056189434198
c8a93dd49c2a92bb,0.6491422124101283
0db19fe44a9a780e,0.2656608783994998
2b3538d47f1c15b4,0.3046815371991247
c3310c72d9734462,0.5185516333229133
14085746773f19af,0.2555419154423257
556db80d967a1693,0.3571530517349171
43fc5ae409f4f500,0.672430396217568
081a87f22c3b38c2,0.7373685096905283
d375cbc133ed4f4e,0.6055985854954674
5ad546feb694ad21,0.46013957486714596
4f93720827de0ed1,0.46097517583619885
3aa17624d6ff3bda,0.318789391216005
9242e8dc12c52248,0.5005604603000938
6842dfe6284804e1,0.7026777821194123
0d73a6a834744d44,0.46885685370428254
0830204cd861c6bf,0.32148872694592057
66161f0924e78225,0.624205857299156
496464a4d50db8c5,0.5986144107533603
06324bbe66728955,0.7114404618630823
14f78d4e391911eb,0.3216622772741482
2b82c80f72759096,0.3576226555173491
098ac1d81b9e8c1e,0.7042270592372616
1b76ea6cbf734ce4,0.3191232103782432
0500bc92e5b55537,0.34678158018130656
ac5aed573f280b25,0.33060610737730545
ea03975f1d5baea3,0.4246501055017192
88b17a552fbab232,0.5803825257893092
b8de7af9fcdbf382,0.6741481322288215
1200abef5b424cb7,0.22032387464832756
31b60e9d8cfa862c,0.3122844443576117
893db3bdf6bcd36a,0.5947944084088779
ceb6b035da1d3d7a,0.5894997381994374
4ec436f2d7284b90,0.34585734995311035
8aed9038981199a5,0.40682953657392934
0004c2d09b2a5399,0.5189508127539856
5205db0c297b51cf,0.5766596280087527
fa00a8d5645e29e8,0.3852073460456393
e059a125b2f75271,0.7201914348233822
0a245e9039a475ae,0.5208756486402
f6dd2588e26ea334,0.6066894498280713
973b401c5b3a29bc,0.5455960808065021
3c3d0acff02d8d77,0.7028384026258205
29614e0f15db6e61,0.5084857611753673
59556138531e1193,0.3029880392310097
6864e194fe467f06,0.4506290051578618
92d1a78a0805f085,0.5285531963113472
673c83d5875338f6,0.7708629610815879
97b9da49283296e1,0.2493428102532041
8e266443d27cb222,0.43690047671147236
01740ec6cd7d3fe6,0.7233438418255704
bf22ef3c96b1cf8c,0.2680934432635198
eceff6a46e6bb846,0.3653175015629884
595cd3775c548381,0.32977927868083773
dc88015ad74c395c,0.41144038371366043
1d829ac1fba966c2,0.3493821194123163
7af5a547c0ff87df,0.3783903016567677
42082090188c20fe,0.7138141723976242
f7c6df36a4354bbd,0.44512035401688027
fa583dbce17dca3f,0.5311289074710848
31b430017b021b90,0.669735284463895
7efc9cb13b2def86,0.663084592841513
d06fda4e5bcfc129,0.7232104837449204
72cb2bb85767bcac,0.7020675406376993
50f1226e03b9f878,0.37106888090028134
24eed0e6d7789047,0.545522002969678
d026da38fc55bfdd,0.38770153172866517
47c591c2bae2052d,0.4183085378243201
92966f857e0e8aaf,0.40582203813691775
56b22e07fb9e4c9f,0.7115065879962489
95e7a0024d29a8e8,0.6625054782744608
77413f2ce0fc0b0d,0.4901054587371053
169ad5f354082bda,0.4438856713035323
cb6a3ddb00bb4caf,0.7375362691466083
c1351ef23bdee19f,0.41803382306970926
23e0eeea647bf809,0.47592195217255395
52cb9f8084c2979d,0.5770955493904346
7f071403034451bd,0.7307805642388246
64c6b8a675d8d210,0.552742114723351
25bcfd9c6c4bc119,0.5115743630822132
68234d071437f6c1,0.3077407822757111
cdba54b09ad0a5e0,0.3789996366051891
8b2a453d25a9793d,0.7331715106283214
379b3cf15b5cd618,0.29872192872772735
04f8b3d8fbcd3c09,0.37996822835261024
8db2aa7a87a0b0b0,0.6108962761800563
09904cf5297e4c52,0.5166851945920601
e5d6021439d46003,0.6328745271959988
87a2e4212129d19c,0.7064511761487965
e218c57596992271,0.5144176930290716
18b98da5b42722da,0.49093048999687394
449920a89db3ac7d,0.7191926734917162
9ce041cdc0639315,0.5629852297592997
722f357fdbd5c880,0.4999429235698656
d468cd43dc6a08bd,0.7812049507658643
9700c7a3ef819ef3,0.7122708150984683
b7f1d881f8c72980,0.2739224679587371
b23236c476c94144,0.7326401883401064
18dd1046074e1b37,0.4559957799312285
55f227029ee88bf8,0.3782678493279149
5e3b8e365345db58,0.4039686620819005
d97a5d6269148ed6,0.5278395748671459
ec6dfb974b3c0b88,0.6683685253204127
7ff4153e9bc66bd5,0.6525874179431073
70ade30377aa52d0,0.5397024695217256
e81c74c9a5e64310,0.7188292278837136
27609b892f19ce38,0.3669728040012503
665fe4d9e267c32d,0.6794179548296343
e4efa861a25c36f2,0.6544291223819942
707cf306deb0ca20,0.3527490661144107
53a0fc682407a107,0.6493197991559863
4bd91ec011ba7743,0.28283716395748665
3b7c880189ffdf65,0.5897892583619881
c5f1834657b1d9a8,0.6139123397936855
60a043d7036ea402,0.40291861128477646
d69dc65f9a8e3647,0.5136905439199749
c3978282c1335961,0.665878317442951
248bcc5d97740cb9,0.48534567833698034
ba074101d0551828,0.5333031103469834
f22fd6cc76b9eb99,0.18929303688652702
cad3b5acbccd1a75,0.2878670287589871
4e3d749c5d0d8b99,0.5871258479212254
1024028ec93908ac,0.7762496561425446
db5f96700f81e32e,0.6130396881838075
d00456f5c537affe,0.3445442599249765
ae6c9a4ac1923d77,0.3272376250390747
5c4ef0457f9b795e,0.44869696389496716
a36087b510ed1bbe,0.7423188535479838
9700dc3668cb0d40,0.17294349015317284
e404394c28efb780,0.4405546694279463
0720a1b755cf55ed,0.5619446897467958
035439e10d353f33,0.3768103704282588
53421be12c0c7d0a,0.6333733901219132
c76422f9c7f1c224,0.2655721553610503
ca75e192477ae30e,0.4237696467646139
480e9e2f5f6eac7f,0.5396751562988433
b1b0c9414a07e81e,0.29731747421069077
e09f31da0edae6b7,0.30254776492653956
9386dbd09f1eea31,0.45164540090653327
4027ad13f744ab47,0.6705874492028759
dd57f9a9617410f2,0.707351613785558
53816ae08db4500d,0.4796882697718037
d39479f04b318c0d,0.6861430564238824
5223cd189c2850d3,0.40473583932478896
8c0a9ec776187a0a,0.3052254415442326
387c460bf9c82eed,0.5954289738980932
1fd31e1faa118ee6,0.3354724210690841
49fba05cb591b00c,0.3036477219443576
bd80ada68eebd0b9,0.4732562402313223
0e3f686f072a8a0c,0.37913003673022816
84925d826d461c4d,0.6424127266333229
a7badd0bb8ead7cc,0.45499471709909345
e2c838fd32fbb729,0.39158209596748983
3a6cf220f53b4cb4,0.5193567677399187
9dacb79ad9fcf34d,0.547510979993748
92aa4c1f7f258a86,0.5940012230384495
c85e22a117db207d,0.34852860659581114
c5acfefdb9e64f54,0.4104845967489841
26015640e05a3378,0.4443913801187871
834b3501453f5c5c,0.5274012464832759
42af151534cbcca4,0.40751622381994373
6342222ab4bd07c5,0.6900655947170993
cec95d0eb86b553d,0.5229275984682713
b4129a57f4c5c1ca,0.4654796850578306
8b51d76d9c838743,0.45151836511409815
36d6124fdfb6b5fe,0.40344286495779935
2212f9196bf749b0,0.7510246952172555
fe9345df75362fb9,0.5529099327914972
75774ccf0b19e8bd,0.3278879220068771
026c096720d1702d,0.6334749140356362
6aca91fcef83cdf6,0.48759702641450453
8fc4c42ef85eb9e6,0.7724691231634886
1b64496c26985a3d,0.3421317325726788
591d0017ec185df0,0.5772199554548296
028968c773b11f62,0.5804991520787746
3a09eb47d1ba4acc,0.19414801109721788
000019235d24a363,0.5258704946858394
ac5122e50d1ce8c3,0.516648757424195
7d4feba02220abf7,0.20295126211316034
e59a3b16b4a6d416,0.674799445139106
84a820be4f12f7cf,0.3129675601750547
2f535756a73607c7,0.7321152782119411
fe5a15197d453416,0.2381353391684901
dfe7a446a8aeb1c9,0.25132060018755864
0ba28eeeb91393c6,0.4685602102219443
6cbf1767b759c6cd,0.5413176773991872
a6e42b03d097a184,0.6579916301969366
da6efa9d56a293d8,0.5675026883401062
20eb958ac40ae3ec,0.2727792669584245
861472b884b8b80b,0.7316684549859331
83313fb5d3e30121,0.34604277899343544
75c00015b88462e9,0.8016399577993123
abad9a6070f32056,0.5141292552360112
dbb0ac574180786c,0.7196480384495155
1ff23956ddb48080,0.7000009065332916
1030748990c873e0,0.5174586042513286
3b392b51ebbe98a8,0.6624592802438263
9bd3ce96b5220545,0.39794303688652705
e80afbedc991fe85,0.736863750390747
b892e30bd65f1cf7,0.3171824788996561
45be6aeb64cd6e75,0.4337486949046576
10b2dab220d2112a,0.6543008830884651
397e2c46ae990a0c,0.44892620350109413
19d3b02c14e869e0,0.3899675640825258
cd4dc389be000277,0.6892341708346358
fddeaaa21cf9f333,0.4616179470146921
c73cf810b1eec5b7,0.26375827211628633
2d89c6930c494b36,0.5406219834323226
731c1ccc4e036603,0.2906834245076586
a9448f44773fe67d,0.6194541849015317
89d7d09573e87744,0.6781955064082527
09a1c2b53c31bc10,0.6553038488590185
6c6319f9764e8514,0.7784964793685526
f56bb1ad09aacd4d,0.6503151062832134
a49d99323a265849,0.21558462019381053
3ee9be6434e0e715,0.5745552672710221
875debef7413e1cb,0.456558350265708
a2d775ceeadd24c4,0.7135055681462956
18c8aaea7c834671,0.8229991677086589
df0c46251bada9cd,0.6296125390747108
aab9add2fbc56aa9,0.3983831705220381
a6fc3e9da5c8e555,0.2588331939668646
f637661db81b90bf,0.8058763715223508
33f67c649066e956,0.3811455962800875
86c73cb2d30683cb,0.6023749413879337
b5c00f8557fcf692,0.43899404501406686
a2c9a8f18d345227,0.6659664504532667
5ec5cdcb7ea71186,0.529270756486402
0f3e463f9177f7f5,0.626683764457643
4e7f08dff5d4d708,0.6216281611441075
3bf84009bb5fc3d5,0.7043978430759612
51395fde52e82c96,0.6629570060956549
11111626d4279259,0.4557527508596436
ae179d72addf4dc6,0.3529282705532979
e88ef89c0abd640c,0.29128552281963116
c514af589b1c5c49,0.3367916809940606
ff07eef5fb056c81,0.6793356673960611
96fcc4e5d6f59237,0.7799098546420757
28c21a0768568fe3,0.7155442872772741
73627db8491905c4,0.394791512972804
99467bd1e0347c4f,0.2604416888090028
f68ba1afefa7c356,0.8078840692403877
f2dc825ecdbac412,0.30998374882775864
4aba146c1a03941e,0.3722853704282588
80d5d6de30bce75a,0.5066242927477337
07139bc3c4fbcf8e,0.6877991012816504
e20fe10aec859d4a,0.7473427125664269
7ede37b476b9198b,0.4700220537668021
13f259dd7b600fe1,0.41188285010940917
351f432cde665f41,0.32871019459205997
a0721905432fac03,0.7735024070021881
c64298a4451fa34e,0.5455147350734605
4498869b991b879d,0.6578793099406064
17636075cadd05b7,0.5470723898093154
f1a1bbb6f878a877,0.4704116169115349
0eb6903ad4fa3f90,0.48500115270396993
3188bea8d6f5b35b,0.6239167747733666
c4c409536eb6c51a,0.34259310331353543
d280dab3667294dd,0.5972796342607065
52c6f5f136513403,0.4341902000625195
5090d67fa1877997,0.3826325922163176
16b61b14def64393,0.5646981634885903
baafe2fb18314839,0.27078736323851205
4dd870bba94a4e61,0.487705118787121
09dc62cfe943169d,0.2850182635198499
c479d440fcf7aa16,0.6300731595811192
8afc03aa50ceaa11,0.7086783330728352
edde45a77638faf8,0.2664512503907471
6d7692d9c32c3019,0.45518418255704907
5732b6767099399b,0.3917970381369177
17d91b5e97f3116f,0.3779362925914348
0d8f39533be9f182,0.6436806384807752
fde5949373183adb,0.7421683455767427
958e0e17661293ac,0.7756612457017819
c5216e7c4a482059,0.32645123476086274
903c649790deba31,0.26942071741169116
4a0069fc3386e06c,0.5916250390747109
a8ed067c70e68299,0.7068740192247576
2739c45027efcd82,0.5208266528602687
9cebb6633780881d,0.7361256681775555
61795ee62a8075d9,0.39429477571115973
58f2b934b0d49345,0.6512791028446389
dae79d85843b121b,0.23329026258205687
2a1568df2de08c44,0.562773437011566
ee4fd2a6e3a78dff,0.5125589715536105
b757cce25b9c26a4,0.30455946780243826
66ff45cad74a6679,0.47293409659268515
b0017bdcd541c6d4,0.36088081040950293
a3f277c9b5c91e67,0.39749050484526416
a5cf1cd034f1cbe7,0.6793366169115349
68c1e518bbf4e77b,0.27358993044701463
39bc60ddd2106538,0.6112240622069397
6efa72d0df99c34d,0.6758118357299155
ba7209f117ae9238,0.7506650593935604
7c5bee138819f339,0.5210404149734291
0a18482d62e5cb36,0.5272143247889965
8e35efabb244500d,0.3818544584245076
43a9275d59ca040c,0.6001334713973117
481df5704a84657c,0.26014928884026256
4d8d82c65a5b6227,0.5437292513285401
f93eec03effd7d38,0.7647372850890904
3ffdcb2a25a0754d,0.6534496053454204
95109279ae9a6a9e,0.6488487964989058
d6ee9c0efd68efce,0.4417354642075648
74c4894e7bd0708d,0.5860160987808689
d33fec8f45769c79,0.4649459088777743
8fa4532d6a6caae1,0.31591001875586117
3dff5467e3be88a2,0.6212094326351986
fc6d9a8363c4609c,0.3004788019693654
c9cec12908a9bfc4,0.434852352297593
a971fe519809a939,0.4575800171928728
5ef5d379d20d65e1,0.5160469482650828
e3fb799669853199,0.660087222569553
6f8c415e8466353c,0.46945259456080024
6a84824f0fe20d4b,0.3678208541731791
8cfc43e4b7c26f14,0.37653902000625195
de7c6a12dea21dcb,0.6618324476398875
d478e64abc5e2623,0.5820825101594248
437101bfe8957347,0.49656309002813376
6e285e3b9740ddd7,0.5695919310722101
c3ad227a535c2fe2,0.7610731713035325
8f43b3a85065f086,0.6382263207252267
90aa3a900822f96a,0.5535012308533916
c9000a6868faa0ce,0.7456328774617068
32a000ae2024ab05,0.2944409893716787
c4605d1a5e5e5f5a,0.6630712879024695
892acb659d8cf3f0,0.4491300093779306
c69855f3bb4ca032,0.25345817442950924
edf73aedf6b35217,0.40118569474835886
8877ec8e52d1ecc5,0.2606553649577993
fa3630178cfa8ffa,0.2680287472647702
9f5f7129d1af2116,0.5387690723663645
5e7e17e9ef20547d,0.6770055329790559
a0bb691eee0adcbc,0.2281068185370428
47aa950ec1d03709,0.3880152782119412
89b3fd466c092666,0.25663843388558916
f58ae0404d156690,0.27953791419193497
766c4ba6be3c0785,0.5905231126914661
eb2e4b71d64f3173,0.7181002852453892
4912ee4332177555,0.6476514496717725
2bef19c70fa1eb95,0.3798597569552985
c6686c6fb6297feb,0.7495100929978118
67508ac580fa166b,0.6236100031259768
ff311f69cd822985,0.41744402547671144
bfff1dc879c76509,0.5219419427946234
3d1fb3f5ce631cd6,0.6976801109721789
cc268338bd6cf9ca,0.6632706314473272
d5798960a3e8183a,0.46489666301969357
11d573b74ae9ba82,0.6397528641763052
8c8705f908dede75,0.7309258088465146
ed2bfbed36ac2b84,0.6547550250078149
89361517fc2f10d5,0.6786715965926852
1626bf6a9e33402d,0.5948770396999061
549de17e617d4cb1,0.2587486675523601
241acccc8c4c5c98,0.628496631759925
ea3cd2074cfdd18b,0.22575715848702715
3482477cef332442,0.5850440762738356
4f0e6d903964496b,0.3732998358862144
55f5ac50a1704cc5,0.5403666341044076
2754a911af5ae6ac,0.38315906533291644
f2e293367584282c,0.7293860386058143
2efb3cb92bcc9b98,0.2511291653641763
5896699316dc3ab8,0.44145546655204754
2d0483ceb9c643bb,0.5315768208815255
efc8974e6723a58f,0.38944662003751174
a6a0006f726c94b1,0.7615780048452643
6f5c59612f3c92fc,0.7942859565489216
c78209036cd357a4,0.7399074398249454
db9a3030e417457d,0.2932666731791184
99988b482a1d195f,0.721403086902157
52e13ab6586efd97,0.6426744568615191
3e8fbcc54eca7fca,0.44732701234760863
5bd1113a10668c30,0.33782405048452635
4bef48512ade85b6,0.3812468036886527
2882464c483cd0f8,0.36061859174742106
079b1ed9350bf75b,0.4845689551422319
7063caa968c586c4,0.3083677907158487
ec19c34addb8624f,0.4843788097843076
8cbafbdb15a9de28,0.38345331744295097
a38115fdbf75c1c5,0.623104380275086
6d8390c7927568de,0.3643125781494217
00981f14236ef71d,0.6018861988121289
12f84fa2b4c572e1,0.26187498046264457
ca5bb700586628a5,0.25982073694904656
4a7058a9b89ae975,0.3313275828383869
878bc0b3326ea889,0.2541673022819631
57f748e3454293d9,0.5941893286964677
07949795ad3e2e93,0.5567174429509222
8cfaf8d91ea4f1c0,0.4101240153172867
0973b331fb200feb,0.7739539113785557
fe33cc8c6e5126c9,0.3037760393873085
95338421b02d6100,0.6869361870897155
6d14e413603d239b,0.6718741638011879
8dd0a5354bcc36ad,0.6907653055642389
73e26e96853b1101,0.3340286026883401
1d9173dbd30bfa8b,0.7739660479837449
b8164626d047cbb3,0.520198202563301
0fb7907993c4b37f,0.6841761878712099
59ee8f98bf511a26,0.5605346006564551
0c3008cd7e493e83,0.7409942442950921
ca16172c325cea2f,0.2939111284776492
2bca85f81b167432,0.7183824398249452
22fee0166c140a09,0.6781310565801812
e2724c0840a5145f,0.5172507228821507
f36672a2c0e1cfac,0.2149235776805251
1fb583d94ee99482,0.6673198733979369
02f264a344c830ab,0.6233050406376994
4da6645d6969cd52,0.29131926773991873
44dc081e8f45104c,0.5892973976242576
2c2b2f0c44e4f0d6,0.38778960612691465
36b10927a5ef8124,0.7264933690215694
c1aaa1a11b02c7a6,0.44050688887152223
052a4c4d54a4bc92,0.6969003360425133
d52322d3a4091590,0.3080279657705533
836f3b0ea82976dd,0.4415954634260707
76fb069dc8449b55,0.5817211433260394
9c73e1140fc59c02,0.36411683338543294
ae6c780a01769bbd,0.45187679743669895
ef3be0cbdd14848e,0.3136704712410128
3599f0b9c0feb095,0.23228016567677398
88664205bb714f9a,0.33737844248202564
b978ad9fbc2debb9,0.5913926578618317
c82c9b618c165d10,0.45510143013441706
0b15c07bf352553a,0.7239633088465146
7891a28610913711,0.571964809315411
ad4639fd4e49662d,0.22667979837449198
08bf7df7a564e646,0.3773977961863082
7ed362e9d16716d9,0.3368571663019694
0ad5b72ef7c0ed2b,0.5087257111597374
511e654ff2a5008d,0.56443551891216
c2cd9bde4b5e7a21,0.6417285518912159
5b3e02e26bec5e7b,0.7392875039074711
89c64c8f9efcecb3,0.5553910010940919
a8f6c6e3e62d6b71,0.3671645123476086
019cc0b8962f5cc0,0.6829685995623632
bc4e4242db6ccd37,0.23250169193497966
3fff2ee4dbde3d85,0.48248427633635504
dc37fcbe553235d5,0.35287099484213824
3bd0b86bbb97a337,0.368666743513598
4992d9bc07447302,0.3158110620506408
bfdf1c0f0ba7cdac,0.729824359174742
a6ab2d1d53fe912a,0.2728315137542982
1891df3302c7b348,0.20627955611128476
b9959e103e10b920,0.4654367106908409
0ef3c10f8c9072d3,0.5031935175054705
a10619d97fb76c2d,0.2602010198499531
0863a38392b70b67,0.38887210065645517
60b64acaf466a536,0.5515846983432323
12e3e5d6d9c41e98,0.6287263090028133
9523154e7d045c29,0.6179994685839325
c75a93ff5b4249af,0.37302811034698347
254953a015ac6eeb,0.7328043294779619
800fca2f6db1274a,0.3202015043763676
495cb7b810650027,0.33232697327289773
32f2ab9bccd62523,0.4178682049077837
710c1a24eaeead5b,0.40534732338230695
bc05e8a0b1a36967,0.6042991012816505
7f9c858cee39c32f,0.4684422006877149
d943890ab2a0dabc,0.5647052711784932
e8365a58644b452e,0.6089774148171303
8b6555b1e2375ec2,0.7370683260393873
2d05b7a2752c3cd7,0.4237692950922163
cae674aba0ce36bd,0.6901999179431073
ded2185f98f5d222,0.7292191739606126
5aa4335a084d6172,0.6066491247264771
ea84e8283949a22b,0.6458732689903095
e05b38abdcb5ba20,0.21575497421069081
1a8232cb16668217,0.2846174742106908
964453e5682c98dc,0.43708461628633943
6220fee3bc1e75ff,0.7331616677086589
44c74ce2f7dfda22,0.7022880275085963
0e420abbb67f6653,0.8211160831509847
381d753868abf15f,0.3452405517349172
c90e0c45f7fc22d0,0.28973154892153796
28cc75a35f51a8f5,0.6451873476086276
3ec9f6c06061e5fe,0.7286404735854954
b014ddae55b634f3,0.28787126055017187
90879b42c1e54236,0.5782372108471397
7e62b4fce61bbae5,0.5622110659581119
6e384e2ddbb3399a,0.4139151883401062
6f07849a73f44a97,0.8125370076586433
f48a2f5d095509de,0.5326431189434198
ba999a22ce5b3fa3,0.7793355579868708
ba9181802cbd9401,0.6944499062206939
bd73bd26225890fa,0.42508597217880584
64c38fe6742e3036,0.35688031025320405
df243043992dea1a,0.5495094717099093
0119114d3ccf9eba,0.7306707994685839
f21453041c1dbfb2,0.6626382932166303
65850a53164c135e,0.368151754454517
48527244bf10d792,0.5186246756799
cd4848b0c5d09b82,0.44401034307596127
d29250c293d24f3b,0.63605115270397
8e49853ead7a7782,0.41211590340731474
c4468c09563855e0,0.4231966044076273
06fbbe29034b7d22,0.24724771412941543
85f4de85a28f72e5,0.6726926461394186
61a2fd323396df30,0.3826209010628321
57131a5c1fd27b0a,0.5600371131603625
97148caf47baee80,0.6505995350109409
bc00a7f9820c18b9,0.3422871874023131
0774fb3a81023543,0.4642710339168491
26fce92bc23cb74d,0.7007378829321662
c97cd71a9a738f03,0.49961158955923723
e241738a2d4f1fbd,0.719996311347296
da7df03e550c90ab,0.4462405947170991
35c07da89ceda890,0.6675974835886215
5cf499e1908cd296,0.5115265825257893
d8e67e20d907c472,0.4442535597061581
f3135343f9e7c1fc,0.7262043841825571
35e24477ff3e4121,0.4908306892778993
ad3c1d21283a66e7,0.5938632189746796
fa88a2d04837aa67,0.6008725422006876
3d8cc5538995bbb1,0.2513727453891841
2cd57b0959ffa8b8,0.3996711159737417
abf05406b1a91bf6,0.7808158057205377
0f7b3fdc5d781296,0.7029767661769303
03365bdfcc4be998,0.46744717880587683
b46302fe840c3d5c,0.598508905126602
b1f966468fc49840,0.45400869021569235
6adafe7e6a6e6865,0.7094302399187246
e92c7a5333472aa1,0.6200680798687089
7eabeacacbf8b37c,0.48397404657705545
655d9a938cd682a0,0.7220464402938419
a26607cfecac0d77,0.4381648874648328
8d29e784c2fbc4ca,0.7189691778680838
0552a72825b82f4f,0.43543422553923095
8db26f10038d6705,0.3930176344170053
0eb4f40d8b4a0e29,0.42995751015942474
a1caff7700882d18,0.5945928727727415
ee70a37197156928,0.3053967060018755
6de1b2f62b6369e2,0.724973749609253
9c2d074867b45c86,0.3776325336042513
36c975ccff63cd9a,0.605077301500469
eac85b26c054de88,0.5917965536105032
318d374ee2d57a71,0.4862282041262895
ea743176167975bc,0.5179171069084089
3ab9fd28956b4c1d,0.2887185604876523
478582ec139d868b,0.6303629884338855
fb9d44e71840eb0a,0.30458302985307906
bd4fd0a37b2b9312,0.5225769302907158
5dffe03302a0fce9,0.7351736519224757
d94e1f4138ee9631,0.47574647155361044
298ced22f474a1c7,0.42061552829009063
0268d1d90c8858ff,0.5085951938105658
84cf6eb7514ea305,0.3817035479837449
95d0de11255bad7e,0.3261817325726789
9df308f6f0758e94,0.7713937832135043
b0fb6fef1f3a5762,0.5647057517974368
3fe46d292459737f,0.2608404266958424
6bf62b52eaee324d,0.32087502735229756
8b6a50f8f0d1474f,0.6373584479524852
89833118f346eb37,0.31392238980931536
48fd781830adf147,0.774854520944045
209845b666a00820,0.3388444357611753
f23faebe09506cb7,0.6193407002188184
5f9584bc58bae0e2,0.3441447327289777
a08d713f9ab75910,0.47967160050015634
5c4f577995e30921,0.7184740622069397
db21d37dde61a7e5,0.46528486636448885
d22dc3977ccf9208,0.4831585104720225
d0fab5e12cd60c77,0.2574513832447639
5293676c6774f75b,0.3312196467646139
d3ae1f0b7031a78a,0.3439823577680524
bf57f1265cfe2fc2,0.4969633830884651
468b54d83b570a50,0.37436933025945607
134c07b69f25f030,0.5256007619568615
2cfa14158d7d3661,0.59520839324789
a87b1a98b2c48b05,0.3683336667708659
c0bed62168e9892d,0.4787020396999062
fc44e0d5137363f1,0.385299816348859
1247308f81ebf41c,0.20657111597374178
083caac4b6cb4eba,0.6196513715223508
a9d470ae3ce0af34,0.24309197796186308
935c423d001e7dda,0.3381396530165677
d096b8795c71a6e2,0.758523800406377
2acc0dd1e03e59b3,0.446058948108784
bdba30d6e4c5095a,0.4352273249452955
57b0ac86659a9329,0.5504448069709283
23d831dd1ba487be,0.2660341200375117
628b14a47b392334,0.581190352453892
76a400c7177ea365,0.44776692716473887
86ab9bf8f20612b3,0.5203396412941544
fb26e948e7444ee8,0.5922057010003126
367ec7e6bfbfc6a1,0.6948325336042512
efb297fa666f7cca,0.6756277117849327
0a0f715a63ed4738,0.48417628165051574
00b759c30fbbcbd4,0.7102526883401064
4c133deea22458f5,0.7076699515473586
b354cc89789a3136,0.5543099757736791
f3595bdad2050118,0.30519143873085336
2171a4f574746f33,0.5178453852766489
ce89301fff62a739,0.3700247499218505
f4786178a6026169,0.49321159346670834
e1db1fa3be2d2bde,0.5077147624257581
05b896a0d6b00e98,0.2299707408565176
89658e4ea0b49c47,0.7026372968115037
db78c841ae5796ca,0.4612979016880274
6af4698b636d1c84,0.4113818185370428
be3f82b0567a0962,0.31749411925601745
1dbeb642447425a9,0.31256177321037815
eec325cdb9dc0154,0.5362809393560487
cab58c1297ee8294,0.5899655595498594
97e9bafef493dc0c,0.3977141684901532
c738edb5352110f8,0.3961800601750547
fe298587b58a6ac7,0.6921864606126914
b01b2bff457f7030,0.44835484917161617
599065c0cda14c65,0.6662127618005627
feb91e47c3d327b0,0.3829642388246327
1b0d5c427077f7e9,0.5258402743044701
6c1338d0338c0bca,0.680272827446077
aec29f6d68d9e001,0.26287730540793997
c6567adae6722bc2,0.5764679587371053
c6e04efe9811e16f,0.3574660440762738
eb86688c957ec913,0.5455694865582994
a450a6576dc20dbd,0.501217298374492
b700f2322066f731,0.6741002813379182
a4302475b7326abd,0.7078878165051579
af5f8038b513a4c1,0.46855357533604247
0d73ab8c4cb1fa9d,0.7174819904657705
8ca59ee3a85773df,0.4161622694592059
e3f7ceafab0856f5,0.3392580025007815
2445f30cdcdf58f8,0.6174075492341357
23b0f57c015407cb,0.32447766489527974
2750f1a3f3525b16,0.25184153641763046
4d1502e6806c5f5f,0.472758256486402
9cd2cc7d553443cf,0.42009634651453576
5e314b952cc18869,0.491581181619256
e8851ddb49233587,0.7357055056267583
6339c240bbb14c01,0.37055835026570794
196ca6bac51b24e0,0.7213799663957488
ff664b7817ef187d,0.26983544467020937
1f50f2cb8e01a9d2,0.4604803571428572
f655a99b43cc6c6f,0.31209458815254765
2dc6d88fd87d67db,0.6003796108158799
b61c9fd4a46a6bff,0.21380978430759612
478a862e9bd10007,0.4908019576430134
0b9c9bb9e3bd1c5c,0.31771541106595813
8ba72175f80e2cb8,0.43931804079399817
80bd1c42bca86409,0.5728631095654892
ee7025a20728385f,0.401514989059081
a94a734822cd1066,0.544501805251641
9e445d829547acdf,0.5506078266645826
d08fa8b4d19b0300,0.6872270514223195
8ef8adecee83165a,0.6857213426070646
476933f8311d441a,0.6187405947170991
fd9f323abdfccd58,0.4298616950609565
fde943f5062e49d2,0.6427221241012816
32e1723a53483290,0.4502708072835261
3189ae9ce5829fb1,0.7201148601125352
a691ae869c7c7c20,0.7022148796498905
aec6a61870dceefa,0.4997962292904032
301339e42c2fd935,0.49284704595186
33bdb599f03ad3cc,0.2746448108783995
ef958079692354ec,0.809275785401688
6b9de167c2e2a382,0.4996316075336043
81a3aaebe87a402c,0.41168495232885277
78734bb73a549d35,0.5533327524226321
801a31247ebc0426,0.4575559706158174
703c72ed057e80ad,0.63275576351985
d512ce41ff14126d,0.3272912238199437
b14adfc6f2de5274,0.5362100461081589
3ffc252e11d8a5c7,0.37222719599874965
dd94c4e414636803,0.48636262113160356
089a1dca65e44b84,0.47512984135667397
95e32e732db3ccdb,0.4417012621131603
aca38e8f736ef297,0.2110535753360425
78b2b40abd748fc2,0.5763409307596122
2595c73b081498d2,0.25784339637386683
4821901eb98463cf,0.6042238668333855
81f36fdaf2813666,0.3834359370115661
1e80444ce87788eb,0.6004428805876836
47c976d0b2db324a,0.23028270553297903
76e7956f7212a4d7,0.3117127031884964
2f42d37419bdab8f,0.6901534112222569
460717034c7c127a,0.6467701820881526
f46b154a36f88b49,0.5678868513597999
af4a2f1334861acc,0.7307360581431698
cf562fd6a1ec6763,0.5026182517974368
a58fda4597ded16e,0.39231166770865894
7c5b545797c724f6,0.6799835847139731
cd2d2cade053f8e7,0.5947800953422945
0d42478d5f847ddc,0.32412300718974674
fcdbc1ca107a390e,0.6855587527352298
4a6cd78198d5a5ce,0.6362175445451703
13c39c2f8d3cd810,0.24424662785245385
c79d8a5d80e7f04c,0.2376499648327602
51a701717aef4136,0.7414709323226008
4e8d630667c21f23,0.4166067169427946
9b8e9dc382061f91,0.3634313691778681
fddd94710360c28b,0.4318645709596749
2c33fa5f3f2d5e24,0.307771772428884
3ca87064dc34dde6,0.6233314981244138
c9d8edd3fb7bf971,0.5246725890903406
d582a1a34b5b977c,0.7726357807127227
2fd593bbcde3caa3,0.6970610776805252
d2f2308d5fd09adb,0.3069431697405439
dc6fdbb3f28f8f2f,0.5683741051891217
ba8e32a15085aa3a,0.6380032822757111
3ecab659633b8be1,0.7389432752422631
80f14a6b7deb5266,0.522625371209753
6809016a071b3b5e,0.6816815645514223
d26156516af475ee,0.4513634182557048
7946e76f5438edcc,0.5836766528602688
b11ee2ead8527494,0.6306286261331666
03e49d963acfe851,0.34802351906845896
4a3e2db752cc071f,0.7666340965926852
6e5157888073a37b,0.6627417982181932
1f7bd653103f1863,0.5034503868396374
5cc0f066c9d8a28c,0.6564348429196625
61240fe8a4dc9a2d,0.46189559237261646
ab6cae9885409088,0.7307894771803689
c4e40432b0ffcfda,0.7328734174742106
1f7fbe6992fe8f33,0.4430492224132542
94953e6bc4d48c7a,0.4995192989996874
e1f4fd779b279dca,0.6724290051578619
38ccb655faf1cbcc,0.3535473468271335
dcc976ac3a08e676,0.22891705611128474
8a586d58683ab8fd,0.7000045990934667
9d1f98568599273a,0.2770469052829009
f5a4bf16401623fa,0.699953231478587
42c6f25951f7db7b,0.43202358158799625
673b99f498fb7880,0.5022639887464833
e4f2c6820273bf2b,0.7540811698968428
8e7d37f34a1f3efa,0.7557086042513285
ec4bdd78abd81c4d,0.5570062206939669
a15343296b9f6f42,0.6572249765551734
dd76563555eb67b5,0.7353129806189433
3ce8de8291ffa6a6,0.6886903055642388
1d036919bb298ab6,0.40743321741169114
9579b233e83fe284,0.3220866286339481
be5c561435858f1c,0.7837506642700846
5cf1d9bf22b73559,0.6618391684901532
d5e3e7616edfb5bc,0.31561738824632696
ad00da3aa56f4d7b,0.30048470615817446
0ccceb1154debc59,0.6072281650515787
8e2c8545bf82cc60,0.7092046577055329
d62e1e8938e1c97a,0.7230015239137231
a8dc86e602a746d3,0.776485745545483
c4329a7f54415286,0.4258127227258518
04ec4184a6a2f40e,0.6336206392622696
a8874aa6ff7ddd20,0.46374644810878396
c9a607048a5bc5dc,0.7890890082838388
002c27108f6666f6,0.39936583307283524
e4f6a20915cb1601,0.3946084479524851
bb014c28cd6924bc,0.5209332095967489
196e2f507f594bbd,0.46351478977805555
9f1be9fcf021fb5b,0.3508915911222257
9391d5f366da4c40,0.6306101633322914
3453a5ca3d904777,0.4116580650203189
686ba22e52de9068,0.4792591239449828
3553eafc050e9c0b,0.52611494998437
edab086e1fc56c68,0.7370415911222258
d79a009be9287b82,0.51588436620819
b86e1b1f8503684e,0.6386960495467333
9ad70763cc07c36c,0.7410762347608629
419885390abac7a1,0.30540375507971235
70bb28465e350bba,0.6945738590184433
d2fe3be15c7a040c,0.6984799077836825
df051580b1fd88ae,0.4880627227258518
799dbb3bc5de0bff,0.6455697327289778
c18575ea64f02a42,0.728129567833698
bc265e458d29169e,0.7314408760550171
d59c94219a63b100,0.68146300406377
0b79c6776df906c4,0.5307267114723351
1bbd089c39955fe1,0.5021645826820882
e07ee63645347087,0.4993492771178493
6795923abfe3b196,0.7259324984370117
f23bdf1e94c91124,0.369370987027196
a1fbaeecebb55865,0.322817993904345
bc95d3915a49249a,0.5261295482963425
c565efbb2d18144b,0.722075230540794
321866d63b3b1b00,0.6202833111909972
50ef5d8288aabf7e,0.41689334948421375
3948549457628975,0.658023155673648
b958074c10bc601c,0.42915456001875585
f075bd7b8efbf058,0.5508729837449202
f05a42508ffff350,0.6798124179431073
3c1c900935bc3285,0.2728555525164114
cba59c1afecb3734,0.5211883635511098
013e1691ae9f7898,0.33703406533291647
ff4fafab1f01bf0d,0.6681346436386371
16a52132c026c176,0.33956283604251325
7e6dc3264a60f3c6,0.3067435878399499
fde7be20171bb23d,0.297074402156924
4709ae8a61f423da,0.5866833424507658
f2f7edc4fdecd842,0.18244559237261643
81421fdc47bf7d1e,0.5722257893091591
e130b6363bcbe974,0.3145283447952485
8b5dc994eb4224ef,0.43195593935604876
ced09e40d6cdb2ec,0.3642806423882463
b65873d2d6509482,0.44285461081587996
d663eee7b55b1c09,0.4040484917161612
e8ac634318c1c070,0.6603298491716161
9861a481912689da,0.3887176266020631
c170f4b630a3b239,0.7726814629571741
31f66aa5ebaf2ad8,0.7148224484213818
31bc47bb1448c433,0.2779350304782744
79eacc58c9cd0f29,0.7445771334792122
32cb3b1b23ea545b,0.4400585456392623
89357b6904f7d6ab,0.5085256447327289
0d9d1cf89bcda082,0.6310554860894029
7c15e3fb5080a6af,0.399108901219131
a8580d9f4b1f100b,0.7948725382932167
ba1c0d81b8bfcda3,0.5052037980618943
d5c76d632f469288,0.7288938066583306
4faeee72bb8b4acc,0.382662038918412
10875f7f7d53acdc,0.427338238512035
3fb5a4da63283ba6,0.6976739098155673
6551e600570cb09a,0.6357366559862456
6b4949612595764e,0.5118735698655829
d45b6491898d0fdc,0.4580371561425445
0c40fcc6d696a66c,0.40610570881525476
74607a92b5ef932a,0.40049922241325414
e7bf586ef35ff70a,0.4051236089402938
65e0da070f27aa66,0.2944401336355111
38a09fd79a425aac,0.49436164426383244
aed136202b0b58d4,0.44913547983744917
5f5b7b68b01d1299,0.789127352297593
cc5db835afffd307,0.45036697405439197
d8842b37f5416b48,0.4966169584245076
d8aee4335af252d3,0.34821528602688345
00494862dd9b9e04,0.44319111831822444
95d5441c82b1c46c,0.738057697718037
c6e492bd428631d5,0.4491357299155986
598200ada2678880,0.7406568654266958
8094f4dc74add0aa,0.4022438965301657
6831a0024a1dd23a,0.29740419271647384
d56926e610462f66,0.43576811894341977
bbe39148bfc2e434,0.5907226437949359
1a07a83f589de802,0.5743606908408878
8210d5a233d3d65f,0.2335655321975617
ef4e598f566c9558,0.5019280400125039
c02b919584ea5cd9,0.3217324515473585
68bc1f08eb5258a7,0.7266923335417318
d57a9ae04f68912b,0.5222352883713661
fa41a48959374ae3,0.36900740856517655
5e725dcb74b4e75e,0.37402975539231004
121dbf76a9cf73a8,0.6432084323226008
a2383e552a5f2313,0.34379355267271017
378738808b201e0f,0.3386416341044076
9642ee1e267eee82,0.5555808612066271
e55cdf82fcc57177,0.4230667513285401
2103c3d1e5063e3d,0.3786458619881213
02004dc8e2729e0a,0.4519828188496405
95ae4af4bade5009,0.42863828930915904
8a4e103c92d62a5e,0.7024167200687714
c4414b2ee31b7e94,0.4931913683963738
0866387e16259486,0.6177417747733667
f0b7e616767a0197,0.4546866559862457
a86d2f80a3468f5f,0.5011784268521413
691f9a97e9645bce,0.2760857416380118
2f2e7662f26d0933,0.35882154579556114
72cbdcef4a6b4f07,0.6543510745545483
3ca15eac9b7ce8d7,0.6893330298530791
d9f713c872a26c76,0.521209217724289
38c5cae3c23f24a9,0.4043558182244451
80e12c9a6e625e7a,0.7263355931541107
78211c4fb5585628,0.7339460026570803
59e71eb2f5c7c432,0.656754704595186
b7abc4b3e6ff0e3c,0.2764393052516411
42eaa77ee15f2ca3,0.3339141958424507
bb8ed5a0931148f7,0.30787106908408873
2ca7468532706e2e,0.4090685057830572
98791c70677eb76c,0.6436744881212879
e7ec6ff3f296ed38,0.5126337058455768
7845f67130f900d3,0.5843045443888716
fcec4d0ce44eda40,0.5412093623007189
0ac91fd23085433d,0.6693738121287902
ff61891d90f930cb,0.41127804782744604
41fb4a2210a6066c,0.6691426422319474
4c7ebaf834966e32,0.2853312949359174
81aef88d712fdd5b,0.637930400125039
36b0ae34db90ecd7,0.7200321623944983
72fff2ad28f42426,0.5377525633010316
717207649c078f67,0.3150539348233823
925d6e357d7ec158,0.6400594443576118
effe2d48627efbe4,0.571757521881838
0577c43390d4bf43,0.8083525281337918
546cd9bb6f2ba820,0.42242005314160674
8a47c92c6443e7e9,0.7061207447639888
bc9467bdc8642922,0.5135024577993123
af91160b63f1bc90,0.7048113902782119
464ea9bea5384944,0.5906960612691465
b838b4792a3c540a,0.5612118201000311
11fd6e717c95ce29,0.6193161183182244
b1e2e5a1c0f42f8f,0.5122237691466083
222e74272be1ccd2,0.39640382541419195
21a85a0b474e45d8,0.4985512855579868
5c5c76ce21ac9a03,0.32547381994373237
98c3f3c5243d4fc6,0.3204465262582057
745be7354fe05a2c,0.2495402547671147
ebf17df229daa6aa,0.521718404188809
14929f1035ed296c,0.7046794037199124
af1bc354186d653b,0.3044296733354173
88e44f6549d78a5c,0.4887155790872147
1a5119861af7675c,0.45202683260393867
4675a1f396e095ac,0.6892586550484527
306fd63061172f24,0.1980922163175992
68fb9067ffff02de,0.6892353352610191
93665736b22ae558,0.4651234682713348
2f3252e131fb28c1,0.6178082174116912
a90bb7ef537f3ccc,0.5871255509534228
f8c47e6a1ab0bf1f,0.5192278798061895
7f335ac0ff549013,0.28048340497030316
e9c7c37b6584e68a,0.39877670365739293
e2f8c99b54c930c0,0.27936045248515157
4f0ffae34b450b85,0.618264989059081
94e27d2dbdf9010f,0.6741694513910598
db05b31fda1c2b1b,0.5628163019693654
af64ad7d713d5a93,0.5110942052203813
4d1462da71b0efa9,0.36887797749296647
04fbab7984c52c30,0.6901231087839951
c01a62e78e6d8a2c,0.6786571389496717
74f8579fc40b2d7b,0.363250277430447
0eb2d3b71cf2b61a,0.6182420873710535
57788504ce4c82b2,0.5729835534542044
9e7dfd444a9f30e7,0.5167501758361988
0cd8b38e5a4b74cf,0.4286844795248515
e8c1c982ff8a6704,0.44144011019068463
36bfe943ee63fe65,0.4638039152860268
998d9f62a717ccd1,0.2929382580493904
8069d4397377adbc,0.39729318927789936
ba8f312910226da5,0.6387647936855266
37faa0207a18eb20,0.7176313965301657
c16962d752780184,0.7915956470772118
f1d62e28f903e96c,0.5065983236949045
8cab416d1f2bc624,0.7034343193185371
b791af74c95ffa06,0.7604019693654267
05b113e465a98080,0.4790280673648015
b17d9630e851487a,0.46829880431384807
92981268f9d56f38,0.6425469287277275
76775e095989aebc,0.2640140278211941
a07f4266c4b1cb5a,0.3022597647702407
7b5b1f94772d1b60,0.3416891333229134
4f8ef604a40bca4d,0.4249351477024069
673f3a4c0bd90267,0.32038786730228197
58139d3ae9373ae0,0.6834946155048454
c24d1452d22e8db4,0.5591107338230696
441d9763fdc1b0df,0.7429336042513285
d2987a3199c1109d,0.7207815958111911
cab99a91ac2562ca,0.6201709479524851
df1222f0cc1e08bf,0.5181143638637075
bdb610f14d1f9c0a,0.37015906533291654
d63652d83092f4cc,0.29489087214754606
dc121e137a206780,0.475792388246327
e5fde6a720ffea60,0.35012494920287585
52f7118d77a951d2,0.37370002344482656
1b60cd7738483c77,0.6680711902156924
c7ef81c5ec66b855,0.7320123515160988
42a4005911b6abb2,0.728756181619256
926e4ef2979d43ba,0.23017922788371364
936393261928dd44,0.5318238199437324
90b3943086a67cf1,0.42227253829321665
80b6c2497708cc79,0.5340660206314474
dc880492a16f61a0,0.4299121717724288
363fa6d193ea1791,0.31017256173804314
11443cec444ffbdd,0.7531925328227571
174e280d8c42163e,0.6454128204126289
d7fddec00bcd1345,0.5682170990934667
2f2a0292483de945,0.7521265629884338
2638757dc8ccf105,0.24027850109409188
af967b1ba12837c7,0.4708072678962175
6cf0ebd8925305ad,0.738328184588934
0307e7dd94f223c0,0.24377979055954985
d86f818a421d896a,0.7259135276648954
95c76aa135d94e8b,0.3362701312910284
dfb2dc72331615e7,0.6959560956548921
b488c877787792d6,0.4656941583307283
5864514fce7556aa,0.641838703501094
7db51b9dfaa6c3be,0.38432400750234447
475afd5ca8082909,0.6132518716786496
aef3fd34396adfe2,0.3041713660518912
e93ef7b1eb85a270,0.48263980931541106
e643f5e629c7ab40,0.20541203501094088
e9234451a7ebfa5b,0.6394851164426383
e8b95693607a1af6,0.7376612066270709
362e59ee5f24ba56,0.5973838934041888
760d3c489cbc2365,0.3367422475773679
cdc43a10fec587b7,0.6357210456392623
436bfce1b2e96ebc,0.5824579712410127
8364b88b9aee50f6,0.5744781533291654
49b33a422ea5bc22,0.7232209596748983
7c87edf2fa4449ce,0.2574414074710847
ae4d87302f77418e,0.48260727961863076
80504f5553a663cd,0.3475582955611128
285102ab56c81c9a,0.5103836198812128
ce75929520b6600d,0.6657719638949671
90e157fa590bed49,0.7139651844326352
72308a9b8ed351ac,0.7085403368240076
67da97f4bf5a43aa,0.35061234760862764
7a2c3503f50e758b,0.6645757971241013
7c277b093ca6e70a,0.3348013090028133
e17cdb698e7793a0,0.5121292122538295
304f33ed70c9905c,0.6085735972178806
f671940234873df5,0.6747032275711159
4c60ff51f1a98ddb,0.4696918998124414
357333ab581b26a4,0.48338287746170683
c12b50c410a56d62,0.34810772507033444
280ee73ea3f9a150,0.5123097999374805
9794f61f2b35c374,0.30982075257893094
99bef954535737b8,0.6850179743669895
164deb1fbf6d3d15,0.6670166262894655
17f64dfc919c257d,0.4101060722100657
177f1a78be284fe4,0.5175360464207565
6575a6e55c3aa52b,0.5539362652391372
e1ceb3cf89c78b04,0.4004672397624257
2787d14ba4491e60,0.48495935839324794
47283a11f402ab9e,0.5070867067833698
3e13ab75e759c66d,0.6575674077836823
565632830f202280,0.5540907510159426
c60dd36532e24523,0.5715469443576117
1bbb760f70ac35fd,0.3408926539543607
5952ee73f64f8e8d,0.5828164699906221
0d2e12deb5dc05bb,0.40762946623944984
93cf50cff9e70197,0.5858464754610815
71a0f1d3a79f9279,0.42225178180681455
ff1b97bfbc1de495,0.634613746483276
152d66dccd700ae2,0.7185352180368865
af9475d72cb09bff,0.46236321506720846
50c6ae4f3f0c520f,0.6242592880587685
53277c274f93827c,0.6684027782119413
65c28bc2a138b604,0.6583201195686151
ab3f36de97ff5288,0.21895749843701154
6e673b3e05a86556,0.33932328071272266
29ade739f5ac47ef,0.5483318263519851
d6c96030b8564b06,0.5790397467958738
5ffe88ee98e246bd,0.27261741950609564
b75847a46dbc7758,0.4153164856205064
fd4f072e7db648e2,0.7640933260393874
3b600a791eee47c3,0.5449463504220069
3205c60644f3310a,0.3801874804626445
37edd7d198365da8,0.7372974796811504
4aed77bb42b6c35b,0.28966241794310715
70b9c5d2c47a6231,0.684284499062207
5aee71b30cf4e773,0.2872718036886527
3b6034955fe901a7,0.20793681228508906
53f7e37ad065a1ff,0.648376617693029
8249af221f0dfc62,0.4935491012816505
4a798f098b3ac80e,0.679949406064395
7859a3365dc11f7e,0.6739404384182557
0d6ab61f58e22d8b,0.3880137816505158
d90f47b845ad8044,0.5850423179118475
908f76b67c5d77d6,0.3975655282900906
2e13d0c9efbac24d,0.502003829321663
fbd3509fdc1e2fe3,0.3175498827758675
d0c07aa05dbee8c0,0.5220786613004065
e2066400c0c997d5,0.6671885706470773
9d002016fad484c4,0.7828878047827446
18105a09ff042e04,0.42305954985933103
97dbf62f03867f4e,0.6404592060018756
008e7b56ab9053c6,0.7011248358862145
e382e61b69858e84,0.24350776414504527
a02b2c12a9b232a6,0.3899844404501407
5d4eefc602f1a815,0.6261588308846514
8c8faef5bff7b3c9,0.32902660987808685
8ea4fb1f9e66fa76,0.28523062675836197
22a32bb8f8bde6fe,0.5446473116598937
6a655866f90d61e3,0.5229284542044389
b15548596622ebdc,0.31263386995936226
e6426b5a54e4a972,0.6622901766176931
2bb1ea15970a2de4,0.24486833385432946
5b2c1fc3ca8dca34,0.3748326430134416
b26bc3d1078e5a5f,0.43725385276648954
9db2f38d40ccfed4,0.3646271920912785
8481c054b0537a7b,0.6704715731478587
c4016925a614e39a,0.5698407666458267
a6145b00b87ffbfc,0.768594048921538
856c1f1b7a16dccc,0.2780263988746483
5db9aa657576b123,0.22101966630196937
e6c91e69fe022b81,0.8200105931541106
18323213899682a7,0.25740332525789306
84aeda77a9eaf7a8,0.5796602414817131
60aa7eb39a1066d5,0.6610634729603
011908fe41b2ead8,0.7420534737417943
95a236faf4cbd0c8,0.5269751602063144
c58d93928c4b43a9,0.27075532979055955
e3d5116d0ddea646,0.6469178766802125
3d33771711b587e9,0.634514899187246
ca902179e21ff302,0.628556963113473
4b2142ee3d149d15,0.45173929743669894
d78803f699e1394d,0.5772052399187246
ef2d9881a6438977,0.2371463035323538
3b5fc032ae2a290c,0.44492616833385434
9d5473cf79999f4a,0.5539745350109408
9aefa72a94558b66,0.6705717450765865
78cc36a16e5afd3f,0.46356500859643635
0628d45dc33a5639,0.6250534307596124
bc63ee6da23c5dc0,0.7364562558612066
5a69761001b7342a,0.5159820178180682
f5384c1b33a306d5,0.3262556033135355
9f4fb39fb6e8b6a8,0.48293295561112853
f7787ed37e4b9d05,0.6021077289778055
eecdd457b6c7edb2,0.6403216434823382
f36c01f2f7fefef6,0.6862702407002189
abe3d414c510a7dd,0.5058555173491716
d1f7dc9b905e0fb1,0.2917947249140356
a97c23cf1c8d474e,0.4513433651140981
fa77ebf418dd2361,0.3137812714910909
4fa91df3f09b649a,0.6182345537668021
4c40bd5075d26ea1,0.723341372303845
559cb0c10ea413cf,0.5469419857768052
b07714f5d0a305a3,0.6627315723663645
ac26d06332fffb35,0.31766199593623007
f3a18a7976f15c5b,0.3227949007502344
bd610a8daf3173f8,0.29082875898718347
b4db2ea448a373cd,0.35023497186620817
a9e601aca0377220,0.71734358783995
7580e5af192dbd01,0.7613780556423883
3b50e09f1d1584b8,0.47754279071584876
e752099897ef3c84,0.36898192013129105
9e556374eb31bdcc,0.4939298960612692
09bf3001382d4d51,0.330169787433573
ac4f9d21db6d0551,0.4725899695217255
bab162c780dd5d3c,0.45680356752110035
1ac05275c95e2b9b,0.360517392153798
ba53d76ac3815303,0.6977252618005627
731194026ddc8a00,0.6521685018755862
565ccf55ce0f19b3,0.32025044545170356
c610846e274513ff,0.5347457056892779
4f2f55e6f8f022f8,0.4485235815879962
171594c12d4f22c7,0.19182551578618318
fd9a29be83f07915,0.3568613433885589
0e69e13d2585552f,0.7636701469209127
8458a25c7d299656,0.40443952797749283
36510a7e2e8cf5e6,0.5846114215379806
4c689c2ab0b1e458,0.7368780908096282
bbbb01b896a60659,0.46871152703969987
95a6091ed902a1c0,0.49850209440450133
226f1fdbdf45c3f3,0.3498850382932166
b3776535f92034c1,0.37739873007189745
e136a41bbd9d2ebb,0.6618989918724602
2acab7498f95984e,0.5839274656142543
5a97d6bb500166e9,0.4835950531416068
53ad75887ce27a2f,0.42040438418255704
4bbccacfaab6a76f,0.5455538371366051
8d5dbeff654a20b3,0.2511604915598624
885918cc4b58a92d,0.48166529774929673
c33b954ec9e9d53a,0.243457795404814
c73aa72e6960366b,0.5012586550484527
28c265c8e738031b,0.7892170678336979
16f59244fa16b9c5,0.6840708854329478
ab1bbd20f2288ef0,0.3950751484839012
21ce9f486720b00d,0.521044373241638
ea98936cd5a062ef,0.5880712019381057
092b99905affadc7,0.6534063926226945
f8a1935cbff0e3e2,0.518333580806502
557ff2105e2227eb,0.24028449124726475
e28b4c1e7eede953,0.27430143404188806
afcd2875196e3514,0.5564062636761489
622d0c5c885e5d67,0.5782921264457643
5ab123deb8c8e0b9,0.7187789426383244
d70f7077ffdc3675,0.5642757189746795
ec0e23575480409a,0.5575295326664582
c42b1312f2466d13,0.5029820334479524
58f7c9cedf508963,0.7728016020631445
483a6a2fc6820e34,0.5010854759299781
9a410bdaf99ab250,0.7480739254454516
27d8448c7743312d,0.5938623358862145
d22510648b60b80f,0.7589168490153173
cf71cc1d5beaf427,0.7469508244763988
b16d96c422e7686d,0.5892460573616755
f3bb00d62eddf347,0.30135835417317913
e7ad214e8e1b87e3,0.5015596475461082
a149a81fa46121c8,0.39113415129728035
954ac0304d013ceb,0.6751005861206627
5fb61c8caa291bb7,0.3439326938105658
b3e6b65c022e07a8,0.6709283643326038
014590f5ad393d98,0.45293026336355113
fd3098a48d0565da,0.19525384885901842
597dfb91140f7a43,0.2475876992810253
29c72ad86d92588c,0.29329740934667076
46403e8726688e63,0.22584493982494527
586f9bad93615a9e,0.7625205220381369
518268ad7eaad020,0.4944305681462957
eb68006674ff7853,0.5301961081587996
829bf94f3c7511b9,0.6076292239762426
472338feab38fd63,0.21698367849327913
e2eb7c00452da3bf,0.4935113512035011
264d5eac0a3db4c1,0.5699607260081275
5dd40ed8f6931f40,0.5123293724601439
ea07294f7b9321f6,0.481181228508909
800d5b199211d908,0.36322165911222254
c26171ff73291cde,0.6620021373866835
9b039401395029d1,0.37513298296342606
149773fc93e82e0b,0.7483712488277586
377962b226c4354c,0.43103727727414815
b33ace47f8c9cce3,0.33998317052203814
5898aee0357167ae,0.4375729563926226
5011475bc46160b0,0.3000396491090966
49403fb05b28bdc1,0.6433170482963426
d64f9b8328cadfcf,0.5905084713973117
8347b5a18bb84a35,0.3979417239762425
a72c9158377598af,0.39108823069709275
346932f67e7d808f,0.6548931775554862
e4962aaff0cf97fc,0.5915177203813693
d63549a6e599cc24,0.21566473507346046
d013eaf626e99575,0.5812926930290716
a7c0072db3d224b7,0.5942740465770554
b87493b15c6b1e21,0.46085595498593307
cd6d6ab0bf1601eb,0.4812094326351985
fc7b0d78438f45bc,0.6075825687714911
b53e88867e63ec5f,0.5006607963426071
1e1e7de7f17a14fe,0.37392450375117225
fff1df28cf047de8,0.4281504571741168
9a4279b8c94a438c,0.3189236792747733
d1a19d29c2aa4b9a,0.6139644615504845
ea65ca7ec57132e3,0.6262722882150672
35cc6e8b29ac28d6,0.7505565450140668
35cebb20cef64701,0.7417892427321038
03c27c6fa94b88b1,0.2917487613316661
654a7847a4c3d0a9,0.7355040286026884
d82da976d107c4ef,0.739861710690841
0f7cdda5aab7cb9b,0.4963639809315411
511e61b096246922,0.34562023288527666
9bd56be8ba9524b8,0.6837007072522663
08980e1d210b6aa6,0.5855918802750859
c84430f350b3a159,0.47262386292591435
152edc8f6b8762bb,0.58849293919975
a4a8682aa22552a5,0.6315633088465145
5448387d25232e4f,0.22074373632385116
86b5af3c99c2229f,0.27685009768677715
a243c84e17ad5313,0.590007611753673
1cd4111d9e2c14af,0.34561075726789625
d6596bfbfd4cc049,0.6284690098468271
5f6669357f9d2602,0.6564292825883089
8ce4d3415fe4440d,0.49242514457643016
b7804e0aef5425ac,0.2729940411065958
a68ac8503924dfd3,0.7033096592685213
0ee54a169cddc5a0,0.4385803532353861
91e67962d58a2196,0.5020404423257268
337f92313341198c,0.4776689395123477
62fdb17735fc24f2,0.4068027977492967
32070e417cceeade,0.5253710378243202
d10e86cc3232dbc9,0.7561923335417318
9e379ff80b817265,0.614861069865583
cfff3503c56dab5b,0.3449063730853391
9f21d3f021ded79b,0.30929870662707104
5fe69ac7610324ba,0.4788795834635824
fda80e0f061a2a2b,0.6082638363551109
e5f50a39b4e83fe7,0.5575901140981557
b7ac8ea60b369ad0,0.28980182088152545
f4aefa9fc2e0d241,0.7063099366989686
0f32bcb05a22709a,0.6139019732728977
13334ae771ee01a2,0.5340709987496092
d2596a53564c0b21,0.4737114176305095
1a90578444c1c9a4,0.37375922944670215
38767f6c13ad1bfc,0.4421267896217568
8d312d36ba150056,0.34242814942169425
c4e9fb7cce4bc726,0.4779294310722101
9ff220beebc71a5e,0.3077902821194123
24bb5e20d933da44,0.518379384182557
42f6ebdc63da37de,0.5589698069709285
39f065a3b51d8011,0.33466240622069393
adfccf4de2f8f9e4,0.358746033916849
bb73756443a5eee4,0.4756981165989371
0d9c7ad016175e4c,0.6160579634260707
01d6dee3fee929b0,0.2521286534854642
4c94ce26b7eb0794,0.6552140004688964
184edb2637a41d50,0.47965122303844965
b14c8ed6d2ad7039,0.2600749374804626
efdd1d7495765245,0.3404849015317286
affe3b0f590fae77,0.6845966200375116
3edd7de677b91b05,0.5087229368552673
ba9e4528463c5dbd,0.4964515551734917
8be8330f2029f548,0.4503344287277274
df6e6d77a02918af,0.4356824788996561
33d9746c24d2c070,0.5093822405439199
e51c785618029ad1,0.6793200570490778
d53ca1e375f1420d,0.5924269146608314
d4133e84363708fa,0.6581733979368554
094a4df459f84f9c,0.29231274226320725
c95b97cbc9622e38,0.3919628555798686
8a243d50081a0a41,0.6716857064707721
f6f2fd05daf66b4d,0.33385496248827756
3b5e52e54ed29ece,0.6082630392310098
144d292add5f41e9,0.6094028055642389
49aedb77fa2fb4fc,0.6009843505783057
81e5d80b657413b9,0.7090165911222257
fb21fa126522b6e2,0.5531057986870898
3451b921fd37a93f,0.6033094130978431
e25080fc68263c8a,0.7404978899656143
64f0448c8bc4b1eb,0.2450427516411378
ed89496194aa19dc,0.484516884182557
fb22f7c013b24779,0.49041658330728355
1590a07714e8a656,0.3146906572366364
54ae2ffdf139cc38,0.38021566114410754
96bf13f3fa835169,0.5598324398249452
559cc1345795571a,0.4108911652078774
325ad194b9f588f7,0.5616403290090652
13ff609306472199,0.6551290364176305
3c87f31b6953fbbb,0.24878071272272584
2dd14f20786549ef,0.46114343154110654
be72fb5da729ec70,0.30205140668959046
dea2b01ff6868477,0.5715296186308221
c7ffc036c6fcf66f,0.649827543763676
67b0cdefddff90ef,0.6799696076899031
eb949d7c7beb6354,0.5982394224757737
72dbbe8ab710128c,0.6425541341044075
fe50a3aa77d27195,0.27676178102532034
b7dea5f446a371e0,0.303482424195061
3b6627fce4fa7c6e,0.2358565411065958
5766e8d8c783a487,0.653907986870897
818813e68f11c85d,0.5515538058768366
4efd1ededeb6af5b,0.4479179391997499
7339d8d336c0728a,0.42631582916536426
5932b86b513569c7,0.5022479915598624
667e3c34655efebc,0.6686939277899343
211cf2ea67620b3e,0.7311033135354799
73ddd41ae18acb03,0.35833965301656767
b7d7b9bb940bf7b0,0.6751016059706159
672de9994012beff,0.3400503516723976
1fcb989eab73caf4,0.21801997889965613
1a8eef4f4936cf0b,0.3976131447327289
181bfbae0ed5b503,0.22694282197561735
0144b06a9d5772ce,0.7746998984057518
a6d79b35c359d2ca,0.6440932517974367
adb1f5a83ffc8956,0.690026609878087
7fe7578307634c36,0.7261321272272584
ef916f6bd9bbf8f3,0.6570396647389809
261b4b9303f16955,0.6367805876836511
bdd3d57f2dcbf24e,0.35487852453891844
87478ecab9990b69,0.43829291575492346
00903281b49f7885,0.7417130861206627
faa54ef489380476,0.7186388324476398
afd67495e65ca43e,0.3689560526727102
3cfeab5f2a521bd7,0.7633086550484527
f889243e554a57b9,0.568029982025633
1633226e5baee1a0,0.7718755236011253
09429539f12260dd,0.441790360268834
4642f19a02b65fbc,0.2639706080025007
454379600a0d58ae,0.6081782041262895
806b67c9407deaf5,0.3120194162238198
64147a091385f1dd,0.4223268521412941
410684a9ca496c4c,0.3737722843075961
198aca03e558bad7,0.4167859448265082
19112c76b72e70ac,0.3475061581744294
33cdd595d6f64465,0.32169179821819316
b678efa350251d1a,0.7471077133479211
2773ef74c8379c3e,0.6503591356673961
21a85668c56f4a28,0.5792253594873398
ad44c67c941b730b,0.3878081861519224
afafaec6ed7cb894,0.6493447718036887
7b2afaaec11da7c6,0.48423817989996865
14f8df83cb5fb959,0.6360900515786184
2fa6287a9d075ec1,0.38658699593623
a20301029a5e8b78,0.659569787433573
64c226150b42ee5c,0.610811206627071
7012b66ec38b6038,0.2269221514535792
334a43b3d7746442,0.626358764457643
3e39b50358f01b64,0.6891639535792435
dd424dd258080c0f,0.48886864645201633
b6815449a050c02f,0.4013507502344482
786b0bb1d7a4dfb8,0.350586026883401
bfadd1b4779947e6,0.7093919467020945
23bda92c60bb92e1,0.7455563613629259
20f374eb224e1a7c,0.4270273249452954
04bc6e2ce35edb4c,0.6168630861206628
f5fe2d58beb86d40,0.43703141997499223
203f3df885ff03b3,0.2628431189434198
ac5388e6680db6ba,0.32728789856205065
20a190db150bd0a2,0.44164990622069394
03b8f432ac8e3226,0.45422160831509845
800d13aa581dc05a,0.7660597178805877
32ad97494e39788e,0.5856863941856829
762f69f875d0a0a7,0.6369958111909972
7102288564065a58,0.7029809080962799
a244d35bd0a46b86,0.5781045287589872
9fd85d10d8d80cd1,0.4370385003125977
cd37f417a290a412,0.5969977219443576
087a61efb373df95,0.3623972686777117
5cc1bb67fc9fa495,0.30701790012503904
38260167161be0f4,0.5681199046577055
377d6156aea5f7b3,0.7628980658018132
de73631ba462d9d8,0.27425391137855576
c6ad617675fc82bf,0.711974769459206
53c0301b075c4edb,0.34917561738043135
d5d5bb7bc7475a6d,0.4411743904345106
2785f7c003032f79,0.433815637699281
bacabfcb41e851d5,0.7179243161925601
930620d9c45cfc16,0.5819265160987809
a2253bc60bd26111,0.43745457564864015
48be98b0da47a60d,0.28306881056580174
4192611de72c647f,0.6764939434198187
0a3e55a0415cf1db,0.25488780478274453
94a41eaf6c166f8a,0.5305314238824632
65c588ff0e6a0940,0.5122775750234447
7316f0f5207cff7d,0.7170300562675836
fb48d6120d40241e,0.24751002266333227
83e835be4b7da5bf,0.3800539309159112
be007ff41dfe8e33,0.7152767700844014
ae762981ec3e2222,0.7353748788683965
9cde4da63a470364,0.31048534307596115
1e641e6a0e15cb0a,0.7525948108783995
f1e1bfceceaf5b3d,0.3996471319162238
b33a9dd2d6116451,0.5865250781494217
6a00f8682a96e6c2,0.3775958815254767
4889bb3fafff04a6,0.2550479563926226
d83965adda3948e8,0.7163235933104095
35ebd3eb17d43331,0.6146015512660206
4fddbddae3f8c321,0.37665872538293216
279f5d02ec1d4618,0.6780877969678023
18dc05e08437b19d,0.5816951156611441
fd5e41a3afe867c6,0.4641933338543295
4dfc9b4693d64425,0.5024081509846827
38efe84b2371909b,0.2464369334166927
d5ab3634461fbdba,0.5751312363238512
88ee52d04ccee47b,0.6693043998124413
311d0a7d1bc40182,0.4902864488902783
ca3eabbb86d9d394,0.6359815528290089
0839345320590491,0.2899873710534542
3166da0225b35bf6,0.5186922202250703
4fdcce92f68b7529,0.7656980931541106
4c0a03f188fa9938,0.5043443654266958
efd671b84d562241,0.3766310175054704
a1be96b06611a4a7,0.5467271061269148
7c15209ba7808ba2,0.6905914309159112
b4fb7e75679d28cb,0.766048710534542
095adfc07a65ed27,0.5121668646452016
a19e6a028348c708,0.2932113863707408
bb5e510a6639b43f,0.629155122694592
fcf27b9cd834eeab,0.3750017778993435
dd9e809656743e04,0.4745889027821194
9cf20fc9b8513a03,0.7167001562988433
d929256e10f5e94b,0.5435407939981244
c7372107d1356264,0.6549279227883713
fb002ae965e2435b,0.38455301656767743
891d7ae2edccb735,0.644176844326352
33b3795f9d4a8ef6,0.28730942872772736
bd1c976bfd04983e,0.6034643208815255
22d26961eaf80875,0.7515052008440138
3267d0aa9600286c,0.5317751953735543
f85b98ab9c2071aa,0.24626718896530161
4b4c86d64f258caa,0.6808640903407315
af271d6d690a0b0b,0.3353005704907783
8b1bdd0f68e6ab19,0.3054828032197562
aca740ec2df56ecd,0.5788405712722726
66cae06936335046,0.5383761136292591
8aa96ed1f09b6e82,0.7340438027508596
fb089d648c0fd719,0.4667447366364489
b3b39f3310bed9f2,0.5149909034073147
4c9ddb6a1c08a7ae,0.2594173374492028
8dafb6cdb58233f8,0.7821868630822133
8512f25e0995f115,0.6361724992185058
3e89b24f6780dfad,0.6401183807439825
811b5cd3d60f8f01,0.5542843271334792
8cecb78a9a20021d,0.40808118943419813
c726d19506a1a864,0.45124948812128785
bb71d5690f654fab,0.6462287433572992
01fddb547603eef0,0.4463659932791497
c6592de36f791128,0.4042018130665833
ccde7fc6a8ec59a5,0.3558051109721788
ba6d1493e3a1c1ad,0.6352742575804939
7dfaf88276d52a5e,0.600951703657393
c09d65931e21624b,0.7004536964676462
f9544a6dbd4caa2f,0.21901089402938417
b374ef23d5ca3b3c,0.44451320334479516
c51f8b67a66b5aa4,0.7890510784620194
4793cb7dc1d36c4d,0.6270577875898719
c4a77a4226cf0e3f,0.48611305095342294
11b46e06959d7824,0.7102249452954048
75083fbf03436018,0.6301490582994687
44cc96b7436e60fb,0.644763191622382
9c78ab8c7f52b1ad,0.5097737886839637
27c3ba5b3d6374ec,0.3498559393560487
09bad77cec8a0ea7,0.6340844404501407
7e5eaee69f7e8e60,0.42346443810565804
9701beed4cb2fd40,0.3585143834010628
a886ee5f5e57d356,0.22705942091278522
43322ba6466f83ae,0.4706018755861206
39ac7a6c910dc826,0.48957249531103475
a7624810eab99b39,0.5392081783369803
27ce336c13dd7f0e,0.38664799546733347
35ec56371ec7bab3,0.6440663918412004
1033972a8d27b8f3,0.74157172163176
246fdf152b78ea45,0.2966611792747733
67db089b7a0697c3,0.39017235464207556
51541de4865fee3b,0.5417076351984995
2e0ffa5c733d2a47,0.7120374257580495
c307a7a1d2e93ae9,0.6781214285714285
60775afc974d2192,0.47669908955923723
1af8370aec8adce1,0.6506733197874336
7adaed59e375f94a,0.47282803610503277
d3f971f17d9ab0d0,0.4232093075961238
f1eff57932ef0f4a,0.5409049898405752
b41ea8380984305d,0.6348028485464207
dac2137cd3aface7,0.7021839363863707
48da40bf199dedce,0.38031785714285704
2c36f80cd8d50da4,0.23610924898405755
e45c5c285ae25a13,0.5356216434823382
d57fa89c692abe6a,0.6319010276648952
0d5b889f910953e2,0.3679870936230072
a2bb73ef62a1fa41,0.7141195295404813
161e450caac64b0b,0.4538195451703657
870239c07fe84d59,0.6083697600812754
1a510d36c73a9190,0.47457267505470463
6365e056680facbe,0.4729534893716786
7e5efd56e82bc148,0.2602368865270397
8ddf8d226ddfa267,0.3103458307283526
aa2927ee663efd7e,0.5099185526727104
1969a71e6c309cce,0.5584387660206314
33e3103e2045fa64,0.3655749452954048
79d3953d4c100b9d,0.7592577758674586
8a0bec565c237aae,0.4867860425132854
e7b2425696ad04e1,0.37006457486714595
1585c48da5187cc9,0.5305841005001563
b508d898d174eb05,0.637040500937793
ae96ed3d88eb7aed,0.3731914778055642
3780b01a20d9aafc,0.5693069435761174
5d2ea0bc3f49f99f,0.5901567403876211
609566c49b16621d,0.36215829165364166
52a50658bfe832ee,0.5732941075336043
76655f684bc2518a,0.3926216708346358
507aa51e38d00459,0.44244244295092217
e7edc5fb783b818a,0.3357483549546733
3488c9b765c1219f,0.2763138285401688
60726ee6707bab89,0.7243499413879337
724b704c54783fd3,0.21733296733354174
23405c43202f489c,0.35900829946858387
0a275c8c3adc1e3b,0.34648640981556733
ad727a83295f79c1,0.7299845537668022
9fcd517a3727524e,0.5555514887464832
c1a15f34e5189a8f,0.4664242849327914
ee586308edeeb5fd,0.5626474327914973
61323c4c907b9667,0.6864182244451391
dc6ad9b2ea237556,0.7486659776492655
fc261535991f079a,0.4104374843701156
199f8696fe22e8f6,0.45129188809002807
80c803fed1e7b815,0.3525917435135979
b3645ff1881e6181,0.40622071350422007
f077bcf8ba579026,0.5324927203813692
c98984325495234b,0.5253060370428257
2b1acfb2885f0207,0.3911346241012816
58aea5fe94bdc9f0,0.5265397507033448
13ce2e76f9ac9797,0.6261193849640512
585b1ae5f2fdf9d8,0.7511735815879962
c02d00f3c935fac9,0.4749487652391372
961c1ecf22020dd7,0.5326602180368867
34a2c0730076cd51,0.7109699398249454
f08c72208c842a80,0.7556736870897156
3d0365b300b08d12,0.5704185722100656
7698d1646b1160a7,0.4021363316661456
46fe0812a4d6a0e5,0.44298958268208805
1992a8cfd9dcd0a4,0.7308427946233198
234824681fe92370,0.37827674273210377
66dae8fb83f01cda,0.3132923999687402
565a8741e734fb66,0.3968137347608628
85796d3a4623f1b4,0.3189339793685526
980c038df259aca4,0.28827328462019375
847d49fff22ffac8,0.7040851672397624
3ab579aad87803f2,0.23872944279462327
7c287939d256c04a,0.3485433377618006
9b56b63c1ce61e36,0.4188982221006564
2b2beb4ade849fe5,0.6373583893404189
ca97e3a639d0f212,0.42777597296030007
cdf0a515724936f7,0.4795690528290091
f0d9600d63271cb1,0.7106161534854643
61f6d6cd6e8ebecb,0.46868658565176613
66bb128d75c1a31d,0.5158547827446077
ff6ace3df2f93fd8,0.25510966317599243
174f6de5e6fd0ce6,0.7517500117224132
f629016e686c93c7,0.7109018560487652
8a5cd96071aee653,0.2063392310096905
47a56fcce1a48c57,0.7618534424820256
bc218a229f6dd8a3,0.4760839949984369
6700a0d8cc03fd40,0.6064612808690215
bf07422782deaa4e,0.7713658604251329
67e5b268a06fc16c,0.33563276805251635
775246a31de87040,0.4593915286026883
a8c96679585190f7,0.22881785714285713
85e8b073ae9d6cb6,0.6685324554548296
8d783fa9a84a2016,0.7113917356986558
afa9ef8b36efca27,0.2239521842763363
292ad72f433b2ec4,0.30442997421069085
543a382acb950efa,0.3873428610503282
97eee667e12fac11,0.6282209166927164
f1594e042dbd4135,0.38807810643951235
c4acac79bfd54ae4,0.33556034307596116
f1bc5cee7cfbe74f,0.4957289270084402
25e346e1b0340347,0.5396546264457643
53b71602a81f5c52,0.5479499179431072
6d2d4b17736e595e,0.5574117067833697
f652427f39b6f10d,0.789158948108784
1437d0c59eca00af,0.22636954907783682
d8980b5b1d68a4ee,0.6904182869646764
442b8a915014e871,0.5916484956236324
6a1e5bce20cbbd53,0.7069581001875586
ec75dfc7e578543f,0.2503010472022507
94cd35193b228a90,0.6969449554548297
15617a2281e76896,0.6035584674898407
ae22b29ad0d98702,0.4209668021256643
3e5ee530dd802ab2,0.41318871131603624
9304c1771978ab05,0.29494886292591427
635d5bab100147aa,0.5886877188183808
cf12cab6ff5fa6dc,0.6738205650203188
cc7ce49efd47f0a0,0.2886983471397311
20c507d578183dfc,0.6292850929978118
e29e2bc7c3e6ef41,0.7021876289465457
61e270d51cee0fe8,0.6580533408877774
a1cf27e43a150760,0.6944842138168177
9bdddc292578558b,0.3152493318224445
fa0f0cb920abdb0c,0.7192176383244764
95dc87b7553104b2,0.7612265747108472
c268681605733a6e,0.3963927281963112
57f8444d376ead3c,0.6421032900906533
1eb08c4e2e2d0a0a,0.5970347882150672
65f04a475e60bc71,0.5584070060956549
54b86d86b2c582db,0.38116646217567984
ac660728eb9adcbe,0.5081465692403875
9dc70760c7a65427,0.8075197718036886
707fa7577b28c00b,0.3301365465770553
dfc0ad3ac006f7dc,0.591855028915286
d02c60d97c52824d,0.42648275633010313
68735cd4123d2c31,0.7066184276336356
e7fa76e1a52159ec,0.3425266059706158
8e2a48702b61cf4b,0.30194220459518595
7b4d442d12660d2e,0.31104857377305406
1879fdf1618adb5c,0.5674049468583933
28331b7b0b1598fa,0.25852687558612064
c27a3cd35a718f85,0.44038344795248513
003398b630719a7d,0.251367302281963
70b9137733db97b6,0.5122202641450453
f0ea5635eb777479,0.6000369763988747
e80ca1e08210095b,0.7322951117536731
033b8feb5aaae03b,0.3682283799624882
ac6a54139c7c9d37,0.6712839910909659
ebc95757b2947172,0.3931851086276961
2fcf426035785728,0.5297472647702407
78996a14f02ebbe3,0.4524323968427633
a87e26d221511c94,0.2190126641137855
c5eddf448403ab6e,0.2363081861519225
e8da0e67e35aa293,0.46202550406376985
88b632eaf9356d3a,0.4573720654892155
85571b011c6fcfaa,0.7876132697718037
9013d63ab473f952,0.6537940176617694
960cad37cffe68eb,0.4309027117849328
e247eb8f78f75a9f,0.33089816348859014
80eaa51c4c8a00ee,0.377913562832135
35849a3326fb87fa,0.31125367693029066
d95e6b933db44247,0.3138301773991872
c8d99c2ec6082321,0.3540592020944045
c9aea5e1048b2e51,0.67358487027196
e01947dd147cbbce,0.2890853235386058
ae79b75a13c928bf,0.3999483901219131
ce571fad3257b3f6,0.24681423100969044
a95633f51ef3a7b0,0.25141147233510464
297c6928439e696a,0.7180764379493593
a4d78fd9f9ffb303,0.5072428297905596
2dbf5dac4bc14af2,0.7048830415754924
484f57153280140c,0.6245824945295405
db3d92a2887ed53d,0.7034894420131291
0fcc2eaacbd92a61,0.23222344091903716
3b06de421485ddad,0.6006047592997812
3ab1395e200e5b42,0.5930251641137855
8b607b6592065a8e,0.43539884338855894
a58b1c259179dc09,0.73903025945608
a84f2ec64cddb96d,0.7456575883088464
794ec7ff88727529,0.35247569552985303
7bec4fd7e9a158f2,0.4109101906845889
bb364b5bbcd978f4,0.7317883166614567
89b648a5f0f0ab12,0.47241944748358866
63de8d6c54817aa3,0.24372847374179427
f379e9f71ba0c23e,0.47870822131916224
a4d79f83a661fa2e,0.5164429118474524
211b21d15b3b91a0,0.41144018834010626
1186f6b426beed22,0.3143453969990622
8dbf55afa93fb576,0.5892456587996249
4c37d40f77654769,0.4222281455142232
282449c18b62e5e6,0.7329355775242263
12472f1c83854116,0.7299223663644889
eb624c530d058714,0.45347059237261644
916aa0618dc412d3,0.6005719404501407
b9f7f01f0c234a62,0.6574539387308533
d6a72e0c5f8c9277,0.31822471866208185
888195334e946eb0,0.2736567833698031
f1aaca6b558ffaf2,0.41218199828071267
cfd7c6655e63d480,0.7640889340418882
d54c579db2ee74b5,0.3249522780556423
3d05c28ee2849928,0.7795827719599875
88653ba09b9797ff,0.33911439121600495
270649bc52035cbd,0.3073144224757737
164c0240a44d6755,0.4870477532041263
71d79d68a2b92f27,0.6033506212879025
9bb25aadd2b3bdb4,0.7714759338855893
b3c62935a53d8997,0.3475135003125977
e850d24192f9e415,0.3181086120662707
0834b059b33fe386,0.6730597217880587
57cca7c7ea10b6ab,0.4671908369803063
39483c2d8174f1ed,0.7091591747421069
4df07eb70c71ec51,0.7397760784620195
771b30a38c390789,0.5708710026570802
65037a69f9336b3b,0.6168113512035011
97bf39056279f7fa,0.46318094326351983
1a2d12af54623039,0.5179145670522038
e649d739e4cbe4eb,0.7637094638949672
7c35e8ece8dd52b2,0.6575057713347922
4f679f800c6abb6d,0.6507616130040638
42a8a8ccd4f9f9e2,0.28672839168490155
662eb31e5ca29cb7,0.4376793021256643
39a75d0fc9a932b4,0.48687175679899963
f80b6c96f9ca16ca,0.256200230540794
d1112438bc117eb4,0.6001772507033448
2a23256f8a1b1dad,0.6100340887777431
e3da84e292717dd8,0.4970800054704595
b3da0bcad91df631,0.76485082838387
b7317d34b8035aa3,0.45103011487964983
263b44530f890156,0.6209675914348234
4908216a464f51c6,0.685958944201313
d0b576af5fedd973,0.48895544310722105
d53abab056eabccb,0.5190279423257268
9947a71c07c08013,0.6260027938418257
e3f83e6765042b60,0.5525099054391998
b5e1fe2cd612caf7,0.35850082838387
2c979dd3ae786b0b,0.24909982807127226
37ebd133842ac652,0.6689683807439826
8d7452fc00bad24b,0.6695786691153485
be4d73360ad37873,0.42694357611753664
40b14de62d50cd96,0.7915884534229446
e8b95e5aac14d285,0.3336991442638324
545aeb4e5c2808c7,0.45630278211941233
3ea943e815e609c3,0.40814270475148484
9c3663c00fb99ff6,0.4427633166614567
6806a16705d54743,0.5844006212879025
9658ef3f8e3ed080,0.6487102297592998
72aca7fa36feebdf,0.5855044857768053
dfe86e43c4930991,0.5807015160987808
4f82ff5b5651d2f0,0.36447302672710213
d13da56afbdee207,0.5163362457017818
0dcdbb940af66121,0.36023102532041257
0e09773245767eac,0.3740510354798374
b186bc9610e2b533,0.7137301852141296
d54841a2e0a4cca8,0.7162605540793998
166c017caddab251,0.7564598194748358
a23f0288384f2f2d,0.49861294545170365
4886d310e5914363,0.29220177789934354
41edfc6111e88f1f,0.38126613394810877
0f33a4c86170e40b,0.5280500507971241
19bac5bcc4414e66,0.29987464832760236
88ddba34446d1ade,0.49814962879024693
a8dfc97deea7f5fa,0.6504732338230697
fbe5da4001a21c4a,0.31126739215379806
8ea535444187b6ac,0.39019804626445764
1be66765efbe9174,0.6023323421381682
05f16b595e33f77b,0.46833593701156606
3fb3259efef9eda0,0.28839638949671775
43836f5657b092dc,0.6589267388246327
26ac42441170201f,0.768152539856205
12a4ec2031ef6174,0.2504433221319162
d8e7f33605a80ae3,0.5533352297592997
d6bde3bc380d8735,0.510228598780869
9e0c178f3e852551,0.7102617614879649
88a6149ecfb1f651,0.5149923843388559
54a33fc8125490a9,0.39077803219756174
2930f4f063583542,0.37670983510472017
5092541f5024187c,0.2597131798999687
e78a593c9b385330,0.5704974327914973
a09be3a8eeceee6f,0.7227116559862458
7010ac1b44772de3,0.36023637074085657
49a17880c454c7c3,0.3622589793685526
4e36cc0f1383ebd3,0.6636129376367614
ebdb25864f6ce1b9,0.3298161534854641
bdb72360a5581c6d,0.6128392427321037
8c698e0fbcb6a090,0.4187907861831822
9c350ea7550d8378,0.3494989918724601
a8b88f7bb8ca6361,0.37655859643638634
3d326c98287fba6f,0.44096202328852757
f42c01d8b045f708,0.7001279618630822
8e5d62b3ab696aaa,0.3096448421381681
6224caf3c72e7ee3,0.5290894771803688
926fddd6b2ee63aa,0.22092821975617374
922cf50522b3b88b,0.5957304079399812
7d0fb10204af6166,0.7417595107846202
1a76fbd031e39a6b,0.7361472647702407
fd68ea29d356dd75,0.3517077914973429
03cc36191251ada1,0.5142661495779931
99b5bb0b92d8a55a,0.27180891684901526
aac02a9d632924f3,0.2970507736792748
5d220b8e18201d3a,0.3232521334792122
14fc1d6fe2d4e69a,0.7420008635511097
35e119f52196b1ba,0.2762309549859331
40f1234b5a30403c,0.5047347647702407
d59ccb5d557c022e,0.6113157197561737
0c385e728de38f99,0.4209685526727102
f8683477a2ab2ade,0.6918249882775866
511fe8f39056b9f0,0.5401374570178181
c99c5d897170f156,0.5573164660831509
9d753071d21e6c36,0.43907817286652073
9e9289f66961c664,0.623187722725852
5f8b0d75fdfecea0,0.35613351828696466
9dc13c482e059e6f,0.3924216942794623
3f87fc97c66a3191,0.6207771061269147
1b3f3ffb589858e3,0.33810776414504534
5358785efbcfdaaa,0.4450946155048453
57193bdf5b9a6b42,0.6545307400750234
4ba6c061c5bcb057,0.7937810878399499
218a85cad268eab4,0.6942934237261644
f93dbe2cfff78101,0.5468565723663644
a8481146cd533ccd,0.577875738512035
84b0e8fa750b7a33,0.4245975304782744
fdcc76060f099b01,0.280858440137543
300a47eca14f8974,0.6220533721475461
14218faebac40dda,0.4590416614567052
6df2c2d2e3c3a7a8,0.5703462292904034
73b49cfc1f3e9dfe,0.3014898249452954
7f686a76e0a43e5a,0.3824154266958424
bf81324a27520bde,0.4955397975929978
f5d463ec64cf0b0d,0.4043657549234136
7b0554b8ca04f697,0.26865571663019694
e1b2fbbaa6be8596,0.42842301891216006
1b881aaa4217102a,0.5490184432635197
c212840fd1764342,0.4039295053141606
ef314439dbb365d6,0.28564358783995
1772dc13f02d39b7,0.3274993865270397
b9ed04801fc7a354,0.36971683729290405
105a3d1544b0f94b,0.5804989215379806
78654baca9d1378e,0.7400359331040951
9bc2056512b6d4b6,0.5238788371366052
09c4cf78e2e7adc5,0.4464756134729602
b2555ae21207d05b,0.670976754454517
ae348fe15c764802,0.33021625117224124
f0124c71b8a4ad33,0.5398059979681151
b56dc4e690b38942,0.3949055447014692
f780521ce14740f3,0.3642649343544857
dc6f043604dd54fe,0.40355877618005626
e07db4ab9d64f3ee,0.6449733119724913
8afd23b140e4bcb6,0.5640950844013755
11bdf36dc7a35404,0.2945180407939981
4996a5c048b055d5,0.6752094287277275
623d8021b7d32292,0.6106439746795873
9eaa2f70288d4b3f,0.3582450257893091
9b0054be7988059a,0.47455595889340413
3952d82f6df456f1,0.34015744373241635
8533f9a63a9367b1,0.506813054860894
391d9fb2c3bd6fbe,0.2119056970928415
101b529dd70a1e11,0.2536342685214129
85b19b6a46b45156,0.34356475851828694
a4b17c05d90ca2b2,0.5083492302281963
194ecba02d51bfb5,0.35081982650828375
20a12da2d8890e93,0.295232842294467
2df9214ba1de660d,0.4933502344482651
bd7e307eb75933e1,0.6176120428258831
5e0b0dbe5ffe6e83,0.8300648640200061
bf3a6cfc9a1f3c80,0.5197682361675524
82ae8090ca11b2e6,0.5892750703344796
4901ed9747386ca7,0.6819913918412004
53084b49be13c52f,0.6483723077524226
0263cc51aa1acd4c,0.5895205532979056
41e313f2355b137c,0.6352965145357925
51a37cfce403f12f,0.4136800406376993
df4f484e6719459f,0.3293665872147546
de7f255e061d07f9,0.5169872772741482
741683772f1576c7,0.6364929509221632
54c7fb2af01e96d6,0.6930062324163802
24c542dab399c685,0.3904520944045014
a1230bf06c58290d,0.42996804470146915
900e15461a12870f,0.6316351398874649
c089536a25834f70,0.44513762894654574
afc3286b544f0040,0.6575046694279463
c61465243a2221a5,0.5604810683025946
cb1f20d4bb93c243,0.40938333463582366
30725d20e5558b56,0.44460433729290405
94ce3e10e75f90a6,0.31173034542044387
48d0b89d569495d8,0.5615832330415755
ff1ad6d36283f697,0.39641733354173175
72be68b75d2c814b,0.2912277782119412
e4b90062b12b7030,0.7400878594873399
d6323a665e446722,0.34542435526727105
2d37f4baed1667c1,0.5730227258518287
05781aee37a18dac,0.3840009573304157
de24d558a18a9f32,0.40687791888090025
cb44379989560ff1,0.3252264379493591
eb333ca8ccdad2c8,0.4691985190684589
1d5cf29e044bf468,0.6684118513597999
172401cbfcd665a3,0.635730724445139
8247761544773a90,0.22431820490778365
5f2c0797f7cb831e,0.315352399187246
a7edbfd2acdf8ad0,0.4370630509534229
fdcb685349aaef9b,0.6453689238824634
1568e5a308c50e7b,0.6836140668959049
53f5f1c7014efbaf,0.5643580767427321
e992034fc58854a7,0.42371843544857757
b1fc334e48e20c8a,0.2581430290715848
ca9f6168acd90b8b,0.34195443888715216
929bd47a71c6b958,0.7499595850265709
f7ee05e2b2ea34e4,0.4591376523913723
2f3fdc90e73536d0,0.2425952407002188
b43f6d156041778c,0.30278376445764305
6b0740f130757056,0.37046464520162553
9f1200bd8ef18393,0.4464207408565177
bf0849396acf9180,0.2477586042513285
58f62b02898dcd7c,0.7536263011878711
825b360a284d4a2e,0.29797601594248196
0274228343b0c7cc,0.6880505314160676
746ca6b736caea7b,0.23527119412316347
69cadc81ce7e015c,0.37741691544232564
295dc3bdd969b7cf,0.669944228665208
e0c7aeb2471c9ba6,0.696638840262582
a7c128e7baf08587,0.4570037160050016
74ac5ce19092de45,0.5489307908721475
5642496d768456f0,0.7432062558612067
9568d09b37d48147,0.5605331353547983
687eb07ac1ec9aba,0.3853337566427008
1131d59f818ebfc7,0.29089950765864336
70d46c4ad271dfcf,0.4872937324163801
333d8235e3bd1acc,0.38558105658018127
f9dc0ee30937f393,0.6071056306658331
e2e48b863ea7d61c,0.6457447092841513
96ad67d29a15ec47,0.5736018052516412
998b0ea49069c858,0.31094993357299155
cbf500fe483dca27,0.4424661808377618
32889f39f5c7e4e1,0.3411034190371991
f87241418df6147d,0.5441510120350109
afed174cf13b9d7f,0.4635564824945295
d52f3c40480519e8,0.6735041223819943
67306d595867bdca,0.319352770396999
dc439b5c79486948,0.4390858627696155
35089dcee9e9ba1c,0.32404558065020317
61b5d6ef5f241490,0.341579751484839
45f5713dcef10264,0.5317978743357299
2a3053d58302242a,0.330423292435136
0998f38d4d069491,0.5877381525476713
accc2c8ae67e6063,0.28940503282275715
9f5292cbd3806d79,0.39679091512972803
1fb85b95e91ae45e,0.40592574632697714
faa0394464cef2e8,0.29990366130040635
af95309c63fadc79,0.46572177633635514
b8b45d6732b08fb5,0.4145210534542044
66966f55862259dc,0.5538294662394498
608333309da6527a,0.6447632189746796
36dc5921a7d84ed1,0.5471463152547671
27813742ebfe2b33,0.5928764574867147
211d5db960ca61c8,0.22204492028758988
5b186ac0d11513b9,0.7983669349796811
832d1c008bc3ef2b,0.6719457056892779
7d4e4f8d7d40dcfc,0.3778923335417318
f0dfb22c3a27665d,0.6764255470459518
407451c452cc5d17,0.7145809393560487
56928312feff0ba3,0.558288101750547
9454541a6582c13a,0.44072544545170367
e6e2f33f21d593de,0.2279262503907471
eaa2910769614f8e,0.2861280126602063
127bd9796d970cc9,0.3528796459831197
169858f0ea055525,0.28505327836824
47a3a9c393a619bb,0.4890985190684589
d25e98683c74aa8c,0.4453960651766177
4f2ec1f813538809,0.6047660518912159
8e5753d72777a9ac,0.4895284971866208
d9cef172341ac628,0.7511023210378245
d2c6b2e087495365,0.627299402156924
5aab483da67d16b3,0.4953486362925914
ad319fa45d964c5e,0.6814737300718975
730d677b8c968e37,0.29870033994998435
b1e38b684248bd0f,0.5889178649577993
ccd097c32d7ca7c0,0.39115366130040635
4cb0f5de29f8b8a8,0.5117950257893092
902aa8ae7819a527,0.2506923061894341
36cc1fd78eea46be,0.7168394185683026
5b8a6b0aae157e06,0.6512361831822444
d371f4cddd5ab580,0.36337779384182556
a07311ae113f1cc7,0.6510465067208502
8ff382f017152a6b,0.5743886566114411
bfe18fe096f61209,0.48219458424507655
97f3a3f55f767d91,0.3559295678336981
a4058a2e4bbcaddc,0.6761342567989997
6dbcfd20040642cf,0.28094878868396367
42a6b3c10ef18f02,0.5420121991247264
9d7f6f4e136504fc,0.43425635745545477
0165f411bc818cb0,0.5409076156611441
bffe1b12bbe69fb2,0.5689913019693654
e01b40b1d6f30df0,0.6689069709284151
3201c568d1d26470,0.6713888558924663
0affa4eadbf1db83,0.7280440997186621
ddd3b7b0ab9f40d9,0.7438031572366365
ec738c2ec1bfcd80,0.24946037433572987
906a954f8e1fea07,0.752067259299781
cdbfc59fb04fc180,0.7147205923726165
2d4770eef88200b3,0.2342460065645514
3d18600bcebb32aa,0.5175896803688652
3e050322f92541d9,0.45711835339168483
1221e13593768788,0.3445241442638325
e7ea980a9b3cc8c4,0.4319761839637386
398953f786ac4845,0.6866852375742419
e8efc32edeaa174c,0.6762765434510783
49f061e869ee997d,0.617210792435136
17668415b4ad9f20,0.38930062519537345
81e71cda520c7c11,0.6386973741794311
7c48e5537ec69161,0.437778043919975
7b6ba45bf7c43e21,0.5067930486089404
9cdc08694020bc45,0.6326045170365739
60a026b4a766753d,0.3975450492341357
719db72fef47ca30,0.4658184120037512
c0b5b808eb068fc6,0.5024417864957799
b20616efa1e51758,0.3919225890903407
d1c2190b7e54ae51,0.30196474288840264
88d71cf388b60bf4,0.640370154735855
c2394a42025bd869,0.740276750547046
19b165b652dbcda4,0.6918775281337918
c17841139e5914a5,0.6954316036261332
5549a53bbf9d24be,0.6627894224757735
2da830aa5b2812cb,0.3330430525164114
fb36e8ea3112744a,0.4325755314160675
3dcfee7f0efc084a,0.6426927750859643
16a97d3860c22e1c,0.6494492419506097
6322b2e3f7dca7db,0.5099529892153798
a48ff3331f89fc6d,0.5179519185683026
e07a96472008d97e,0.7209680290715849
42af4fb223127bc3,0.39997675445451697
4aa484762f1d25ae,0.6952104603000937
c414fb964c9cbb8f,0.5447740231322289
397cb89e6ab8a959,0.6111429001250391
2e9d9d9e0a6af0ff,0.6043342489840575
fc32ff9c59a22f95,0.24180114488902782
5783d334ad7f831b,0.7375970342294467
dbaa31f9fbbb6219,0.259802813379181
93eb228beb06de30,0.3800277469521725
482d6bc5204e5ae1,0.45211350812753975
7128efa4863f0362,0.5025073890278213
ba5809f410734a94,0.5037495819005939
a571eb5010a2e299,0.32995097296030007
ad6cdd09fea09683,0.6264461824007502
fa9d2cf12e72efce,0.6599840028133791
a8ae0f9ef30ce81a,0.777067204595186
3b234a17219db0b1,0.21988821506720846
25b24a0734045bd8,0.7231975851828697
771f41a483c9f8a5,0.4945093544857768
22a6c4ec274869d7,0.6081921420756486
e48895820558223a,0.2361069005939356
02c11767f29d0426,0.28226827524226317
d686fd200c65923c,0.7587139457643013
adfe117f01ca698a,0.23536808768365108
69f3b49837e76dc6,0.5116260706470772
2e72632e2ea73631,0.38749482650828376
3207b91e24e27568,0.36783519459205993
95f22517cd16a7c2,0.4055988472960299
543936caa0e83a72,0.3538597569552985
58c5c659df736b0b,0.3043813574554548
997b65e2ca34d529,0.3843564512347608
75bd9c566434eae8,0.3540568615192248
14088d0f66d091e7,0.7182333268208816
4014d97b63499622,0.4572997850890903
f9d10471eb47111f,0.6928425953422945
545fffb7628e26bd,0.28327695373554235
9c45d75bebd4d820,0.2434160128165051
f710caef77284ef1,0.6282168216630197
e4bc3c14c4f4b1a8,0.4840541419193498
392b17be6354d3a9,0.503379239606127
9cc8d07ee090f377,0.6130981791184745
b2fbccdb690a2b84,0.6309803141606751
291257ccaccf9d11,0.5670529306033135
c9022a6ee3a5d7d8,0.35406875586120656
19a688707e160732,0.37577640668959045
84bef4f5323ebd93,0.6881591981869335
a3e5e1903e0e9682,0.4703804157549234
3b0297530613b732,0.32349270865895585
ca0fa3062d6f947a,0.6188963934041889
aba2a7eb167c6548,0.6142273483901219
7dace0a49f811059,0.5868962371053454
522ed32d9fdf2d72,0.4591431931853704
8771c418cc219aa1,0.5363490543919975
1b8f8b528f041137,0.22518903563613626
a9112add272578cc,0.3737533135354798
e722b584b816d2f4,0.6471835143794935
324dcb8fa3962b96,0.5195698186933416
ee84f939a7ab4e14,0.656401191778681
f7a5683abeeb512e,0.3444079907783682
788dec8bb41081b9,0.3214367028758987
20880910f50c0159,0.5360073655829947
a55d2babd6ac6e05,0.213163930134417
7c5af2b41b2f1889,0.5370953227571116
af9599e0e687edff,0.3936278993435448
96de608fb997caee,0.2610551500468896
ef99f60d68f58a7e,0.779919517818068
59d2159096523cdb,0.7241379063769928
606abd74dcfa442e,0.6269905009377931
20fdb4917e7e9401,0.33062139731165985
a3a5ff27339bb075,0.5317449515473586
b5ecb5c63b48ec75,0.6612268873085339
0a039166594e063a,0.2677653837136605
62bfe04683f51a3c,0.5143221319162238
b430c4d5161b59db,0.7754406025320413
a385f4145be5f5d0,0.24452725461081581
904e0bfdad64bd43,0.7753454477961863
0f4074528657c491,0.661394322444514
39e4468b2f4b7935,0.4846623671459831
9125b00413b353d6,0.2565040559549859
fafd8063bc5f5cec,0.5474912355423569
6b06401ff364064a,0.2762820764301344
e5c9addac3faca6d,0.3561215028133792
d12807d748517f6e,0.4423177281963113
828de307532bb29a,0.7499117575804939
2799da617b3128ab,0.33927725851828694
7b6d6ea6d9feff86,0.2312996092528915
0627c402fd75fb9d,0.7823630548608941
a1bb99f3b749279f,0.4117837371053454
ceac2c53c27234d5,0.24013564785870584
9b3de1b793447910,0.3308641880275086
76a426cfc81a4d2d,0.524483162707096
abac3cc21ba1b309,0.34145313379180986
4e8b9323fa254334,0.5679079868708972
1a4205578a28486e,0.6864447170990935
fa7dfc3f7d4a1344,0.6003332252266333
340b1651b36c8645,0.43526000312597685
73cf2e26157ed703,0.6994973116598938
87add43c2ce1b06e,0.5152317560175055
01717bfb5b3542c8,0.6743145045326665
70ca05c9213444aa,0.5990695256330103
0684a9a80bfd34b3,0.4026824398249452
8c2ae373e2809c29,0.3871290559549859
331341a7f1c33272,0.5953407861831822
97078c12c161c701,0.5355058221319162
4ddffb1d8861cc54,0.29598775007814937
2dbc5e3027b4817b,0.5312948265082839
8fcb717c71bb3cfc,0.5036115270396999
58ed220fa88a029b,0.22444508440137545
fcad4ebd837b0031,0.4495308455767426
0792e52fe2c9b711,0.6389701820881526
576de6970c4ba90c,0.567021674742107
930888a00b16e315,0.7596398913723038
bb00b59f720aadc8,0.5755795326664583
05aad23e028bea27,0.5087415637699281
0ccaef7346d2eebe,0.4762012503907471
bc31c0a97c89dac1,0.6841811073773053
239478b0c695aad2,0.45899086824007496
6d59238e91d3c6d6,0.5101963465145358
02b6f6002980042e,0.6591485464207565
0164fc5fb575ee2b,0.49889737808690215
d8ba5ce01fe8a09d,0.5924475031259768
173b378df818b167,0.2515235190684589
7f5edae9b09a208c,0.5175225304782745
0b5662c2a594c20c,0.6091850461081587
55ba1dbed1a641ea,0.648275554860894
c944ecb134192652,0.708271631759925
3984b7d478aec2b1,0.7036552086589559
f6ff304e4f459ab4,0.7259450492341357
a49951ac9b42ceab,0.5607601750547047
4b48ddb6a65e584b,0.7489897897780556
624009526008e265,0.4735368630822132
9ca1f3fd0ed031b3,0.5420632971241013
dd7e10345355a17c,0.46963885979993747
a324ae18d57bb12f,0.5647943810565801
f3aede6892999fdd,0.4193319279462332
798f779dbd13fb6c,0.729121999062207
21481b4c28f91b47,0.2807293646452016
8529066c088169cd,0.2638581978743357
7e93ed2093de4112,0.3245197210065645
51687c7ba8a553be,0.6309095107846201
4ad8b585409698e6,0.30708832056892776
eca2dbbd4829118c,0.5655638441700532
7a9bea3f50549e57,0.5407309588934042
e53cb4d81fe012e8,0.5263846201938106
25e3af07b73ccb43,0.4639550992497655
939b59f220b94ec8,0.4153994803063457
9618c75bab14bdc4,0.7194329048140045
2ac483615d4696d4,0.7704342450765864
b357b45b22852d5f,0.4059893365114098
eed158b983054ab2,0.24727886839637386
25b699ec3d33020b,0.7526255861206627
fabe692869cbf6a8,0.26936917396061266
e30cdc55701f891d,0.5534706627070959
4e247c59738e0754,0.5861027313222882
eb6c93bf83ef9f01,0.635207197561738
4b2a51b89182eb2f,0.6373232181931854
920800c7a752c35e,0.25682500390747104
00e3f3638706ad20,0.4996035518912159
3b68344f608e8cf6,0.316079520944045
bd0092d0e87dd02b,0.5033616169115348
d3020752ddea13e5,0.5552349366989684
679a41beeaebf503,0.6881129688965302
7fcec9e71dcf18cc,0.36148042747733666
735724a234bf2816,0.5517859526414505
31cdf3e24ce53af5,0.46144801500468896
58b83792be0f6321,0.7102206587996249
2a84a58cf96025f5,0.251870205532979
9fcedeea63586bf0,0.6233891841200374
d9de7aba8c682fda,0.30437080337605504
08572215a3892815,0.4320988277586746
b488884763d551a2,0.6622237652391372
c30e80405d6e58b2,0.3036532041262895
0c86a250e70f6eb2,0.5195262699281025
a11c15fcf4597f82,0.6855318224445139
2caedcb4ee1a4103,0.7407622577367927
f91d05eaa3df539e,0.4935238551109721
8bba0a98ae140af5,0.6811974992185058
a987e81632676043,0.5870383010315723
f50807d17b5c038f,0.6421201625507972
ee12454070596716,0.546587269459206
b6e0190c3e5766ef,0.7706292864957799
a57b30735e272a29,0.2227987144420131
ca66fe2ee058013e,0.6069026453579244
1969a8349757d32d,0.5700375
a5bad4f4702eb96b,0.34418080259456085
2f4ee5ef7a9e32ab,0.7240879298218194
abb1f9350d96ed70,0.406432748515161
8a663152856f606b,0.27470897936855265
5965e2be33eecfc3,0.2594333815254767
75414a1e69d6f205,0.5418593740231322
0d6362f82430762d,0.5915903407314785
cded8976cdbec569,0.5250188769928102
2f21d9cb88d7004a,0.5715573616755236
bd0809d01c93396d,0.7968072522663333
d368fd4152e904a0,0.6595810175054704
7a088b0bef4cb74c,0.4102481322288214
dad9460a25f9913b,0.7322838973116599
50f138449e3fe2e8,0.4556656884964051
53eecae41b9614fd,0.719781080025008
c88755b5796bc0c9,0.6700200844013754
1b2bf22690f55b23,0.4118216903719912
4c0b6078692f7c89,0.5728472452328852
d310596293c8f04c,0.4579761175367302
3a724ceda4c76f9c,0.2367097296030009
57c2219b4f1a0a5a,0.6239222647702408
6069a9ccdba45516,0.5436816466083152
504a8185dad726d7,0.6936939746795874
c950477e87d58094,0.3502945529853079
9f1e86207b2be555,0.7122919467020944
69051b19215e3e0a,0.5219279423257268
7f70b72d97083c7b,0.5999576000312596
61279ec74a6d3645,0.3015817286652078
4a35368f7daabf53,0.47587544154423256
8730f5f1237b818b,0.2362293099406064
f9492b545b552f5b,0.6204401609878087
a5e99c4117b486a0,0.46800262972804
c10ccbadcdafc1cc,0.31412254220068764
e0d15a865fdfb988,0.3358000156298843
eb916f460ee1b545,0.4199121522350734
1b7bb61fe350c5ec,0.4254017349171615
03e5516590f20096,0.4180446741169115
18e0a9eb3145a82b,0.3055237535167239
39cab30b8f09a081,0.7680251953735543
dd47b13d3aa2de79,0.3575657627383557
6a431bf1b07deab0,0.6845966512972803
2b0db9b43f8d905b,0.537486667708659
363b638b117d0e37,0.2603898913723038
87518c28a26f4d41,0.24167530087527345
3e73b6c86098ef20,0.6127107650828384
f7580d024f627389,0.3802153055642388
626946bf85055423,0.27887795795561116
1d4ec81574db910c,0.5023698069709284
eb3384eb6ec0ee10,0.31460649421694276
ba1a0a18164d2ed4,0.37621480540793995
8736a356e18687f9,0.31184384182557046
f66ad6f9a0d13057,0.4691050797124101
6781beeb2a94c80b,0.58326840809628
45ec50d9e9b762dc,0.3139839129415442
f993d49be31858db,0.5186968036886527
68630d40b3d8c8a7,0.4901727688340106
790d0e863cbc896c,0.30404279071584867
6b9f40e1b5440454,0.371645850265708
5bd12aaf1d87cfb6,0.576591376211316
9593f8af8e49622c,0.4162448108783995
7787873ef39eb65f,0.6381400007814942
3b43be2428bd133c,0.37068006017505467
51614174133f7405,0.6478639184120036
90ef1be7933c7d32,0.38618146686464516
b9b0bc5968838ca2,0.421713332291341
34854ac0b59be9cb,0.5308033565176618
552972fc397a3d7b,0.5408943029071586
538cce811be930f6,0.748752035792435
3684947575a87995,0.706679380275086
3458934dca749c27,0.5676487808690216
777593519303d6bc,0.5850590223507346
c998d0d7e544f18a,0.5479917747733667
a23ad55fcdc44126,0.6249324085651766
628f59b52e0f1abb,0.7586653758987184
f55fd4a896009b37,0.31140377852453893
891966bf8125b263,0.3264319396686465
31a036f4acb27daa,0.5950191231634886
b329a2756c4e7e5c,0.3344207955611128
4abec7b3aa11b00d,0.44733548765239134
506d7e6eca5fce8a,0.3762920600187558
93767eb66242b1fc,0.7558486870897156
f07f619af08f71e3,0.773583483119725
067779ad870efb29,0.48545320412628945
5772509431f3d5d1,0.6326606400437638
562161d24bca87e5,0.24067190528290086
f3e2eded68a25564,0.3426358979368552
4e9f50f16ba04465,0.38941843935604875
a4208a55db792b95,0.4255975226633322
9540d1c34ce10213,0.35686655595498595
3b047ea1a379c251,0.4673794232572679
90c24520deb11d2d,0.4193505939356048
174bf54853f8e212,0.40873668724601436
e32af9607e1574ac,0.3138016567677399
177d7eaf2ebe4bb3,0.22099495936230068
1d3872dea5918cf8,0.6900205259456079
b6641f418df5107a,0.571341192560175
7b0a91f0c2754446,0.7085928610503283
3074d01b6d512da1,0.45698232260081273
a1ded8ab2ac8cbc3,0.3833096709909346
99d24231acc81bda,0.7159113824632698
ff0efc6b635f0dfe,0.4935785636136293
4b26bc2a5271e828,0.46822401531728663
323cc294321346a4,0.5409693849640511
1c5da1e20342a0bf,0.5166252422632073
4f414677966cf8e5,0.46228451469209125
a08962f7cf8ef6ea,0.7750514262269459
e6778d3ce59810c5,0.36755377852453885
944d32b8f9e9db1a,0.7354092841512971
e5c8bee2002b6ca3,0.7121116950609565
fcc9190b336ccdc9,0.3423443146295717
d8c0de2ec20dd583,0.5175062871209754
fb55a45c51379250,0.30644255626758354
d6e81f789123be62,0.4382373046264457
2653ffee6d9f5abd,0.727132154579556
daf885e44112d6f2,0.6182969912472648
a75fbb195a5c31b4,0.7428894185683025
d6946d6a1e5de8e0,0.47575187949359177
262eea09fa9fdd15,0.2754536144107533
0661f0f9daa76a96,0.5948652039699907
3796742963319893,0.7404329438887152
b7d31b3502739b04,0.5883371053454205
ca3ab2b2441679fe,0.5516057908721475
6ff3c95261a2e60c,0.27613573382306966
296198ef516bccfc,0.22463627305407935
fd7387d23f2c2e12,0.5430497460143794
705f7c9f6f9a1ddb,0.3268610346983432
664080d9a44e09d5,0.2591373866833385
d7bfb116b3f0171e,0.5226855970615818
df7650f2e15b685c,0.5868168763676148
13d553333a49e1fc,0.30103746483276017
d60997f0da2b3161,0.3151405986245702
e3dc5b0748d9d1be,0.7865718740231322
126cc7a3354c3a59,0.2660704751484838
68c831e307f80c40,0.20056805642388242
4c10437c6f1f749e,0.8212495115661145
4de56fff18170df4,0.3811147702407002
93ee64e43ea9b0ac,0.6025257346045639
622e27b7a834d371,0.7044430407939981
8283fa9a80b68052,0.3493776727102219
3cbb48910802e9b0,0.7009090965926852
898c4451fed60e39,0.4791030517349172
560b7b7af9fe8dd1,0.5378812324163802
bcc595e893e2a797,0.3607043959049703
cb2fa098224a9f0b,0.5996952719599875
9e2a88f835bbb5df,0.7093414582682087
07e1bd9a166bc257,0.6595440528290091
10fdd890be2462d8,0.20862665676773992
34a7adccbdf4dbe6,0.7307105618943419
5dca94f6e13922ed,0.3666362144420131
be032af3265ed2f8,0.7714466239449828
afebc493854ff065,0.29102205376680207
755bf2132b96ea88,0.22173674585808067
11b6872eb913fe4d,0.32992382775867457
5a73131a74b5e6f1,0.3855483119724914
a1445f34ce4c970c,0.6236431384807752
c84303c64f096b4d,0.5266810253204126
ee5a57da13fbcab4,0.6327361245701781
9e237fe51b937f8b,0.44283274851516097
04c0ce452fa54511,0.5440039387308533
e4cc4cfb493c102c,0.6479109878086902
13ec6848e5d8c7ec,0.4246325336042513
8b117511fb3c0bb5,0.7208136214442012
45109a7dafad71a4,0.7396006212879025
be5d51769b283a70,0.6449280478274461
4b049c030fc355f2,0.5082059432635199
e1b125afa19663b9,0.5692307908721476
7f5ee99bec52fb31,0.7132186620819008
0ea477a7bb524c43,0.49820148093154115
b2ef814029a4593b,0.638377074867146
54642bb90de7c651,0.3603505196936542
5562db51544efda6,0.46775861988121287
8c3fc61ec6b0570c,0.6163873866833385
19990ada3d732a59,0.7381200844013753
d4a097538c2270df,0.5406546498905909
a8e6780d12272bb2,0.6400790598624568
0de7c0afdf2ac64d,0.5632635432947797
ec3a682eb391eb7a,0.4636306658330728
de499b3d3aa77620,0.46560637308533914
bb95d7738f26c137,0.35968119334166926
76de6c48fb303a99,0.7120276258205689
f54db052a2c1bf61,0.7170323186933417
d2b45f024d0f9012,0.702297698499531
26693e446f60e43c,0.4888159542044388
00fedb2a014dd220,0.41465908877774305
8b353042d65300c8,0.7060165481400438
90c55b1f3ca98c5b,0.2899970850265708
b874c35d79d74f6c,0.5365677399187246
d482eb847a0a40c6,0.3909565332916537
fc4d3a97478802f1,0.4511850265708034
0a7a2b85838db506,0.27033055642388243
c697f27fe38b040c,0.34422992732103774
a4d2009627d556d9,0.5756867302281963
1c403f2124470ed4,0.2345437597686777
33627e42df750fa3,0.311033584713973
ba9bd925e360f225,0.42134615895592364
ea28b791d0295ad0,0.5088589832760237
d149d439304c8705,0.26034558846514533
536b709bf5515eeb,0.3796833268208816
88c0a8061e7a3795,0.6439731673960611
8764acb490f19b62,0.36856999062206935
417f76acebadcb48,0.7223852532041263
475869c5be3c507b,0.48868101750547044
3ef8009767c7fa25,0.7446837918099406
b554efed5fb706fa,0.6618299116911535
84da50183b024285,0.3953072327289777
a4b1d18f46aa981c,0.23387198343232257
9b47e555a004cdae,0.42597042044388866
ef262814960ff13f,0.6233523288527665
5c0868ac8eafc7f9,0.4652548491716161
db15a0f6f796aefc,0.2741065293841825
9e813d48e7fed678,0.6355635706470771
7e45e93f027eadd9,0.7035295951859956
bba24189518e4411,0.6664729095029696
80cba429bade3fd1,0.3039880509534229
ea2c64045d0a1c12,0.6126891528602687
6eea65bf31a2bde4,0.29646106986558296
986a532aee033e7a,0.3848173257267896
d254bc6437766f3e,0.40042705532979056
3c2c4044a5a205b7,0.44580572835261023
d1698b7f7ce2ac63,0.6764848624570178
5615043a1f36b137,0.24143873866833382
fcb9321c88377fa5,0.2340618513597999
885250c55edfcb6f,0.5400161691153484
f48232723a1bd05d,0.7481104524851517
27b4eb77530a112c,0.3332219521725539
98a1669bde0eac7b,0.7686035362613317
c85cfc3341c8708c,0.2277903016567677
8043ae38af9b3ce5,0.6864335300093778
babccd7388fd8c21,0.5005100031259768
28aeae730b623cab,0.472540637699281
4bf1da87dd838f3f,0.29721744685839324
8da93da167404e45,0.6159874882775868
4a0a3077b5581645,0.514927168646452
bfa2d19017923568,0.46523235386058137
5f6e00c966c5f59f,0.6877445295404814
52c9dbfce9f1b95b,0.3011212722725851
cdfc3b9f626b0845,0.4915435135979993
5e6ad4f66342dce9,0.6065375156298843
42b0a534c0da50ab,0.41389720615817444
e454a16a94a43530,0.45261013988746485
1b6c9c3629bff42e,0.6823098859018444
3d4ea2f562e04d67,0.24512024070021882
e5e88946dd245e5b,0.5106573460456392
7c08fe11ea59472e,0.5514678688652703
48716b8ef3837856,0.4404862808690215
22cb220fb3d03ef0,0.6557626953735541
ad38c3a4c4f92dd2,0.32211148015004687
439506f46710d418,0.6320826000312598
e6d46d90ae71b635,0.5594733315098468
cc306ba2474886f5,0.33768987574241943
c3dbfacba8b29888,0.27547761409815563
3349746bf536b40c,0.42656584479524845
254dff7f2f5e27da,0.29592428493279144
5f715d9d99d8aef8,0.6557337722725851
28877bba74273a2c,0.28829825726789615
0837f11e1dc53f72,0.7200187480462645
700d9c6e6406ca13,0.6500586198812128
6e0d475eeeff64fb,0.5300310995623632
36ba7c400d24c8ad,0.21023707799312283
8c371f8737f1a2dc,0.8247018286964676
163b4afe1f475ea0,0.7680470146920912
2e2c632a9af9b807,0.7431821780243827
a891091666dc0643,0.6308064707721163
a990b188a8200e9e,0.297267024851516
e0da7835cc3694da,0.49893296733354175
6965bd28dc460b44,0.3098783487027196
84b4fd2717d4bf2c,0.4031956001875586
0544118474e570be,0.507361441075336
2437b2d4a2e8ae82,0.7593192677399189
647299fb2ba00e43,0.2485650789309159
7372537f1eba1dab,0.7404469130978429
8854c27e996efd14,0.5441128790246952
380235b034a986da,0.7371918646452016
a2d407f16ff373fe,0.705536577836824
0ed19a3a868aaa3c,0.46835682635198495
c173b6242dff9b1c,0.4850875820568927
2043889f64f744b8,0.5826539309159113
19989bc6ef928517,0.5772280869021569
d0665c65b0cf8d5d,0.7135030009377931
2b072792e895a81c,0.2928860151609878
c531857150c9674b,0.5234185565801813
bb56bbe97134a4d1,0.29468713660518914
3e062b6117c4918a,0.4817448694904658
a58a4c24d35bd7fa,0.6534470850265708
4ea7721e8c059b2e,0.3419843466708346
32a75809119cf7bc,0.5285093427633635
e4794a0287930fdc,0.4669566934979681
028903129d296567,0.5475434080962801
910a3bc19a45f893,0.6662869138793373
afb4e9017f94d52b,0.26696020631447326
8c75ef81ac907000,0.5457190371991247
de995213b69871cd,0.3331718115035948
593b54413b1695ee,0.6147994529540481
d68b798f72ec2a7b,0.28716573147858704
2abd97afe8848116,0.25214563535479834
b80ebde982296428,0.524557424195061
dbe8ab13dd1f44f4,0.3525019615504845
db6b5f2104046f55,0.5593036573929353
1f67c146861efa15,0.24201700922163175
38f490199f1306b5,0.492762593779306
dce69a47bd1feb56,0.41829690137542985
12cd790efb4486a6,0.6622500117224133
d5806dd0784560a5,0.2517232299155986
207f45be2fb83671,0.6690387933729289
848e2c11fd115b35,0.6276326000312598
0f9d093c9db25458,0.6553500078149422
13e9da15ed290868,0.4103078774617068
8c584f6c1538beaa,0.28509615895592366
5fcd3e5896568513,0.7211864840575182
aa1f013ff05a59f3,0.4423495584557674
eb2bbf6f740d132f,0.31306716942794627
51fcfaba58d7f511,0.7363928766802126
abfff37a1f178105,0.6811718818380744
918258103a71c3ab,0.3740048999687402
99beaa8c134356ed,0.6667457994685839
f3d97c979517c08d,0.6456374335729915
577a00d787373595,0.7505760042200688
d71bd663eab2681d,0.5848269381056581
3b59c956b239b3db,0.35364003594873394
9115eeed93f30a1c,0.2949692872772741
3d992bc625e7dad1,0.24787639496717723
4db07f6033192f9b,0.28520841278524534
a58a45e9afd5b405,0.5614874570178181
519774a276bdada6,0.6666696897467959
50bc50ed77a01d75,0.5458157353860581
d608451c67dc5cfb,0.4691949320100031
2856ffa4f0a1ce80,0.49438665598624576
2bdff8f74778c4ea,0.3241025593935605
068acd67c99550cd,0.6229581666145672
6123220972766a4a,0.5028679274773367
c4d534fff3fc5628,0.5300916341044075
9fc3fdf14ea045ac,0.4706937675836198
3f86edfd0be75ecf,0.5304359487339794
c36573a6175092a9,0.6605379493591748
7c4df8c2f29666ee,0.2513903329165364
3c791b72118b74a6,0.5117352258518287
747b04b604c95fc1,0.3270794467020944
e780dca0db5520a5,0.26507634807752417
af83daec6d450e57,0.5125232728977805
5d4ff9f52e2e4f34,0.5849911613004064
b2b8e551d87be54f,0.7742446858393247
203b6e0e0fcaa971,0.49025237574241953
eb36b4336605a7d6,0.476409268521413
14713adcc060333a,0.530046127696155
251c0c9a3789eff9,0.7507813809002812
0d0e059449af50d6,0.42216885745545485
63b1850f6f5df5d3,0.4004710651766177
90ace0c383247390,0.24221813457330413
1ba1d1cb2d6d1bb9,0.4013004376367614
dcb2cbe56ba92129,0.2790491677086589
88b8fdeb6d82597c,0.2840707369490465
0ccfe20a4b77ea6e,0.2891296694279462
3482a5b15357f00e,0.3276011214442012
6d71348fed8b9c4f,0.4004211550484526
f8723e3306bf7c43,0.6990084127852454
7ef77b74f9baecb6,0.39989798374492025
bc80f01834269376,0.31874350187558614
18da383af4fa3cb8,0.6642072014692092
b474ff492fb9a94d,0.31725053141606746
d157b8492ffba0dc,0.32980498593310403
cbd2d4eb5123804b,0.6905709401375429
0f9515404031e965,0.3484067052203813
4f1dcb8a1669a31c,0.6836518052516412
28c27ce346a7a7b7,0.6833669935917474
58928eff8cb29089,0.5406387386683338
8069cea0e02052d2,0.2712212292904032
3b583c05db5ea4a6,0.296876062832135
36384df41240d0c1,0.46473842216317596
15e9a245d6d06a3e,0.6655476555173492
d2dba561c29b817d,0.5236769185683026
2a507f7014709986,0.6689909893716787
a27e43abacf3b1f2,0.7217091200375119
686019b683e849d6,0.6933266098780868
9a3663eadae7822e,0.6472981713035324
f4857bb0e0b52a47,0.4986946428571428
29f988f929e638a6,0.3826023015004689
cc08f5318b40d7b5,0.3070521647389809
3aa8c59d9c5dc7ac,0.5502528446389496
eeeb124ea0b0d51f,0.5063996639574866
c422bdf822a0dc56,0.7433498202563301
98269904767a2636,0.28346473116598936
e6cbd02151c72662,0.703211159737418
5e7bd880681d9f61,0.6916515708033761
fbe456da262eaa3b,0.5315179313848077
dfe3e7968ec080ba,0.44535674038762113
0e9ef351ddbc9ab1,0.3456918021256643
2902b3339eeca5e3,0.48618127930603316
a7137a063b883e92,0.7384996874023133
b733ad3dd8899d06,0.4115102102219444
44fe9234ab115e2f,0.7470799155986245
000b03fc8664c7d1,0.29608137308533916
9020a01496eaf633,0.6149832056892779
53b7a21b0f4cc200,0.27658190450140663
20cc306cbb1c6bcc,0.719204059862457
debcfcb981ae0125,0.3419862183494842
802bd1039c3e6a1b,0.2820415325101594
5f5c21e0b6a4d4a7,0.2925016567677399
4e1d92bfbc009b58,0.6371116481713035
644c03f056f3bf9e,0.7374488394810879
3b4855d86d450661,0.3791746717724288
dbe1c9a9d3e563ac,0.3642884768677711
2fb49e6e63bbe8f6,0.6737560995623634
2347ddad2e1b095f,0.476696631759925
e315a627d1ca8573,0.677986390278212
0558a476ace81c15,0.5186571702094405
4426fc96456aa43d,0.6677140356361363
ee5092888f963b26,0.3603364488902782
57886ec9ac1bcba7,0.7802744216942794
69e1947ef1a19192,0.6287270006251954
af29d6fac97c87a3,0.3646436698968427
6952926383750b48,0.3575536730228196
b6e14b919c7ad1f2,0.30192874335729913
8d09ba7da0267580,0.610549452954048
40e7e13ba421c25f,0.26908773835573613
c3d8677083122b80,0.7047108471397311
e41366313db49145,0.2634494685839325
ed95e31015c5959c,0.6139234682713347
64f0bef89a702494,0.3231920482963425
81918dc774b899ca,0.33828022038136907
dc9dc895fc8368b6,0.5319658916849015
ea0dcc9add9ba8c9,0.5517479954673336
c45a009981cf2faf,0.674893775398562
ee4eee5c2cad18b3,0.3209464246639575
4b8886ccb99d4b95,0.4271317677399187
a11b7637d21059b0,0.40151587214754614
ae6bfde3685ef5dd,0.3106670326664583
095f96ba3b90f727,0.49849619803063455
c800465fabd83658,0.25809936308221315
c75993f60039bc22,0.5166374492028759
15b2e13c51d54758,0.41613542122538294
cef343af7e936391,0.5674110190684589
bb9e37137f42fad4,0.48304397077211625
b6f54b152f0f2c28,0.5543341747421069
54548a1370ae962d,0.5105821858393248
774675091e96f38e,0.26187208893404185
64db0198c907fdc5,0.3181628555798687
ee3a2eba79a61cd2,0.33212564082525786
d87ea92ca2504e8e,0.76813191622382
493f68967d2931dd,0.4676697952485151
33c5bd3953cad989,0.42240718974679586
31719675e9834500,0.4589247655517349
283d0d3d8afdcd48,0.6864389887464833
0954b46131527b56,0.25948998905908094
c7f99cdcd74ddfb2,0.67036102297593
89e81b0750c67025,0.6551311894341982
ef2e114a293d6051,0.37211218349484215
3eaa82eb74b0d2b9,0.799673339324789
f115b5827c53fdae,0.7722681580181308
5b981d50572234ec,0.4665132814942169
bc2a7ac2fb6ad312,0.6439992458580808
cabb5fa14742de79,0.7306575375117224
9dcd899d3120d04e,0.3212479798374491
5bf75dc153469005,0.5762108783994999
a99c57a3cfd238a9,0.7674298921537981
7d3c73f6e6251236,0.6460386683338544
79c824cab095ef0e,0.5279242927477337
50457f03b19ce000,0.6050865582994686
72ea29c850f97747,0.4445085534542045
949aabf35ccb0c4c,0.6149715145357925
bd3b7b9b5cc3a346,0.46993516333229135
581ae7bcf533000a,0.30761037042825884
f944b728b8eb9aac,0.41158242419506097
6add937f4476df2c,0.5406565215692404
478be273b158fbf1,0.2655690137542982
43c1856ef31d1073,0.7696915207877462
8f97466fd3810c1f,0.3648674195060957
3ae22b8a964781ec,0.559007701625508
82ba55bfceb0ffbd,0.5260136527039699
5966bfc14b304d05,0.5202434510784619
eedd90867e3cd9d4,0.1964769068458893
99db9ab5fdf84102,0.3484448030634573
6c6761878fa11c78,0.6326849953110347
731bd2e8496a9b0e,0.23738311972491405
9f1fd83e49b82f88,0.6911638324476399
51a2cc12286941ac,0.7647914543607377
7b60067efe8e7c4a,0.6549141489527978
7ba8d7a5a2f30106,0.7025552321037825
677aebcf5c57a29d,0.49703491716161297
c2e6810f10057ffc,0.48134775320412626
f770bf49e8b32f7d,0.6122161573929353
d999d97cecc80f08,0.6372656142544546
225695249568ef3d,0.7090734917161613
64c347ce204607a2,0.663671221475461
8b972fc1665f8aff,0.43124611206627067
fd3a180f558ad235,0.5867893482338231
f24ea2f162b99780,0.6595197913410441
71edcfb193fa3be3,0.707829888246327
4507c7c846e862ed,0.5061983197874336
ac51d145f495fdf8,0.5155275945608002
3ab5c54552e9add3,0.5797338074398249
0e545a1fa4aecf83,0.32573084948421377
19eb7f93e53f33d0,0.4100184471709909
f4653f53352a740c,0.5220330493904346
c716d718820e66c0,0.39840856908408884
a8a2778b42759e84,0.6574749101281652
d632ca08f997e38d,0.27074520944045005
47c56ea6034205ca,0.3241349249765551
f436395245784b88,0.7019457369490465
ddb7078278325022,0.3739176266020632
1c24525f31c1953f,0.6834925679899969
7c7e6ee56d6ea5c1,0.6444258674585809
0e67b9cedd55f492,0.4317165364176305
a585afa6cc802221,0.49607145592372615
132bdb2d81abf434,0.5123576391059707
cdafcf3dcd774b36,0.5779190684588935
5694f780d2c8e463,0.21552569943732414
317ba4057a04aa16,0.6892440411065959
a92ae25f2defd1f4,0.5219851125351672
ff0073be9d8669a3,0.7473821975617381
2c4d6fd16e7da4d0,0.5816675797124102
e8b93ecfcfcf69bf,0.45554465067208505
aecdf632644c9922,0.6489298218193185
0f4ac8759cecccb4,0.2561375859643638
ae0ed79b3f56091e,0.5797543255704908
492dcb545fd160e3,0.44691586433260394
b6feaae9a6963540,0.4270047202250703
10bc80bca38b6418,0.40503754688965293
d8bf52f15b58b474,0.3473106126914661
d590d13d8a0daf0a,0.5380003047827446
bafce96906ba0c73,0.3979530165676774
15a89b9d9a174795,0.4048388558924664
3c895a00e202bc6e,0.6818193185370429
62100baf87d531c1,0.5492291692716473
8ea52f2642c87cd9,0.4994682791497343
78bf3db367f46ea8,0.7372132971241012
7303626be6419b04,0.6647507306970929
86f2e3f9f88bf00e,0.7590470029696781
39921131b7d48cf3,0.6777621600500155
7c06255c489ce455,0.6670807791497343
2a0f68fcd60099b6,0.7103758987183495
968f899504b28211,0.662737914191935
98dd9df8fdcb29f4,0.5916788918412004
ed55728c47c8b666,0.3027864918724601
0e54abd540000681,0.8029196076899031
2687ae2ad26c6497,0.7489374492028759
afe3e3f4edc8f7b7,0.47477789934354486
3d8ff2a3976b69b9,0.49882429665520467
13e6deb5f77cd1f5,0.4627499452954048
8c8711be796262dc,0.4517418607377305
8eb1ab06839664b5,0.4261486792747733
dbd58b32bf776c26,0.31290212566427
4be0c2fba004271c,0.6248773835573616
a0f6b49ec1b86bc1,0.6819367771178493
3b33e5fb16341fe1,0.6194882150672086
d39f326ae61cb937,0.2631521178493279
00e28c2a11d38c61,0.6136650984682714
a55c74a9759fd56a,0.25598440919037196
8bfd04b0788122e2,0.8170109409190371
895776a9cf9c8d43,0.45178403016567675
7ff187535e206416,0.7345301109721789
b2d991e4147a68e0,0.3612929313848078
b62ae246269c58c4,0.6611517427321038
b8af731f19b5c84d,0.23942138949671765
19f5143484b38101,0.6801772272585183
982f6a3f1bccc6d4,0.3141686698968427
2cdfb20347feec4e,0.7792948265082837
5b2d62e736467c16,0.4068264848390122
f85bf07959deae92,0.29163467880587685
8e923fa1dedcd01b,0.49342268286964674
93b3dea6a99fe31a,0.4567072718036886
8bc3af23b3d5ba85,0.39984680759612384
91db39152bd6ad50,0.7167579595185997
d911a9c74b505826,0.7417555486089402
0e53e628826772d6,0.32898759377930603
14d7b607e5e3f0cc,0.41205265708033756
f3e8e3469f0aab7b,0.2465633401062832
b9c36eb092bb275d,0.5152966512972804
9cff3e265921dfed,0.685622510940919
585bc81acbe5b1ec,0.32023570647077204
15f8e68c7ac23dec,0.5299515512660207
a37b05bbb09f8496,0.7370617497655517
4f31f80a263d61dd,0.40142790325101596
6a3987a9bab31c44,0.27898597217880583
9f59a5ca5ae6d119,0.44471244138793375
afc6cb824b3596c7,0.2763225343857455
64dcbe6f4ac8de61,0.6839728899656142
1fcaa5c3533f63ca,0.30236787277274146
a266793e0c2619d2,0.6057041888090029
598af3378495839d,0.4203400711159737
b40ecfcda1506387,0.3903628360425132
22537a4c1f1cb22f,0.43643802360112527
8c5b78cda30c225e,0.6504339559237262
3239189122d043fe,0.4334002110034386
4b34859a41dd8627,0.46299616677086586
7577c8941b2e888b,0.2616749648327602
8ef15229dd291883,0.28438692950922156
3332780ef14cd99b,0.6510449554548297
f93d1a6ecd62d897,0.6314278290090652
9505f55ac00dbadb,0.6858608354173179
7c1831bf48bd728b,0.23795639653016568
17cf81ec2dede54e,0.6753130353235386
e84c6f3155ec9762,0.7402781103469834
e894ec9e0ac2e7a5,0.6495597960300094
c307472500eaf782,0.6668407119412316
96de47679c4cb6b6,0.36356879884338855
e0dd44e7040c3168,0.5143666262894654
bd9e6bd2fcf5a54e,0.6767718662081899
0382e0d155285962,0.4528945334479525
509eccae9abde09a,0.7048696350422008
f2147e0be04acf5c,0.5312389223194748
f3a6b01cc0938196,0.7065577797749296
c1956069b7309004,0.4120606165989371
2292dd5e617286e5,0.5040904657705532
3644d81639ce9f29,0.6286349015317286
4a5bf3e5c85dbfe9,0.32004922241325406
095a4f241c64795f,0.7510933612066271
aa45545b6df75be3,0.6933431931853704
ffda21a7e2973492,0.5830988277586746
662adc1ed3e8fd43,0.44003690606439516
218ae6cc5968ab6e,0.7324522975929979
316379f30810e1c6,0.5584087722725851
eef8a37b8fe20ec4,0.7136471475461083
d9a0aead3407db9e,0.6198609839012191
f0c65e7320950a84,0.6963419818693342
4625132a59dcda74,0.7588718583932479
ab1c8b0c3967b656,0.7659163527664895
f00224def382933b,0.6051291419193499
090051f10ebcb768,0.493057381212879
2a0c37f157e82f1b,0.5601899030947172
61914ca3afe42c15,0.341133905126602
a9fc0e9ff5b0e706,0.29972882150672087
f548f7ed3074067e,0.354995987027196
9aec70578372daed,0.36622002188183805
fbb0734a4e985290,0.34838288527664896
a8cd11786e7fe2b1,0.4532617575804938
6a4338f210f336ad,0.3592955142231947
cdb63c81014bd072,0.4532453227571116
2c5a98b60450efca,0.501246678649578
2337a75838293036,0.28642563301031565
a0ed386ea018cce6,0.474557017818068
db76609f02b3bb31,0.6806407627383557
597bd387a63987b9,0.6794027821194124
bc7571c47a54ce9b,0.43580846358236947
547510d3ce221301,0.5914879376367616
8e84181f60b3ec91,0.5725578462019381
13880ba898b8f597,0.7652465262582057
9ee1fb0201512e8b,0.6987736675523601
48aefa3d80da5764,0.35953351828696467
498d517a667856a7,0.520347882150672
f07b0e35881505f2,0.32049260706470767
1df225f3addcce26,0.27942884495154735
84a772cbe6d216a1,0.40084843701156614
f0e4a70f82f01004,0.5888014653016569
3b639af3777f4c39,0.21852571506720847
b9f77a4295400abe,0.234364715536105
7d646e2fd78953af,0.32373815645514226
4127b246e0beff6c,0.35444664348233823
2321d1fdb21c809d,0.29047864176305094
9936f8d7184f5e10,0.2657829204438887
e2e9ef0520d08656,0.30901508283838697
0aa9b948dc8766c5,0.3060872303844951
d96df85b5160b1a8,0.3785565528290091
3bef9584524abbef,0.6039446975617381
806989faeae50571,0.33839143091591123
6fedd263e1290110,0.583311065958112
5762314e60a560e2,0.7522648640200061
748cd550549c514c,0.45317630509534235
58a8e997e2757de6,0.29027965770553293
c13887db4b2ded8d,0.6863843935604875
eba0106899e8fdf1,0.6599558260393873
a947c7f89cb176bf,0.7909688769928103
4ac4a17692a2a70b,0.31031364879649886
2fa4409e1b6a3d85,0.5753344951547359
a783eca691369f3a,0.44139090731478586
e6e45dc137aa0511,0.3408650007814942
c589fb4e517e579b,0.4709491559862457
0535f48557a68402,0.6499547006877149
48e423add1624f2d,0.6227723585495467
d20110b1a6f20e55,0.23998690215692403
739f7cc76c78d0bb,0.644095889340419
2d439083c11f62ae,0.6669118122850891
0c74bc780e465296,0.3189693615192247
52294576789c8ec1,0.6081907197561738
99b2421c51d37084,0.314875554860894
de49e465a4c970c4,0.7323113043138482
4c88fb93b8d12270,0.3086084635823695
dcce15e3b59d9796,0.2714210456392623
b8e0e09067432f1c,0.6916911378555799
962f882f18c11d46,0.4859001641137855
34753ee28116af4d,0.5809242771178492
7c71a6fe87ccd6e2,0.37981818146295715
7ff97e6a175132ea,0.6102953618318225
d84022bd67943384,0.6847896452016256
c270a677c7614aa6,0.40225912394498275
1266e1b58e87a761,0.5718254298218193
9fc631524aa3372e,0.28860919037199123
88da969d80daabce,0.6706991012816504
9c5cf1807334358b,0.34954061425445454
0e5706f9560fdbf7,0.531964395123476
d9db7cf658a35e31,0.6898763090028135
38bb0629e63b6590,0.6139354485776805
726236f75c9de724,0.5765021491090967
47ff559912cb3714,0.39038487808690214
bd567ce69cb8cb62,0.314931685683026
6b7338c16e1db627,0.2905923648015004
2e47f13eecf939c0,0.3958949202875899
7e001225afcdc58c,0.5688969404501407
b0ba287dc9f94b2c,0.6135019146608315
07be300260466f0d,0.2738329438887152
49e2abe2ca234745,0.6474470303219756
bf163922b4b12745,0.6551918060331354
aef9d385e9ff8518,0.7612797436698968
3e364e82bc780650,0.7608844912472648
393a9aece2867c5d,0.46403635901844326
b0519105b55d4bc5,0.6838727102219443
c5a4b1418dc4e412,0.590852399187246
ae000e40b4cdbc49,0.3947076234760863
bdb4932474ae13dc,0.6851591161300407
54ab20f1339d0955,0.33411783760550173
bb6cce3b0b6744fe,0.3374148483901219
0d04ac4d48d1e700,0.711421030009378
6e3f51731aaa2c77,0.4734706119099718
783b7b163b234e5e,0.6551545092216318
bb6501e8f6ab95a2,0.30606493435448573
e5f20b7a540b7472,0.47509851125351676
726e2ec81830f724,0.7056216044076273
e8dc50204900e975,0.3522607924351359
1334006b9c4f4ffd,0.771219322444514
3553330b5c7e6092,0.6055358197874336
e1a3e161c8b2e221,0.40655599015317284
44e747740cb4260b,0.2830510862769615
00202304b4481207,0.6865054626445763
931eab5e85d6e3fc,0.38772098702719593
e4b8ca3da3eff8e6,0.3134347725851829
103e5a44f9c30ed7,0.5094707760237575
448d40536e9c5670,0.4274804391997499
1b4d4b42760e781e,0.7813544857768051
e0b110d4f6844bbb,0.6718732768052517
0d928dd7f13b92dc,0.6753284385745546
1bf6e2dae324cf0e,0.49648896530165676
b2a17e2a9337f111,0.7888818966864646
564d7ef8fb681d94,0.427546080806502
a2088d882fb6d77d,0.7308925367302281
3fe22caa380445a9,0.5730303727727415
2b3c171024a98155,0.7269897819631135
2014d23cd7792183,0.632447651609878
fc996643d63f02d7,0.3361171733354173
c8d5c605e447f4fd,0.5291645123476086
634298df42266b22,0.31369442403876213
5c8cbaf8b4d39f57,0.7067894810878399
a688ddfeb76eb78c,0.6793530634573304
85a12cd29f47007e,0.3776681970928415
a5e1a3f8e312e1a0,0.33378172866520783
29e076c93c2b7fab,0.716553872303845
71b7b90e9a0b70ae,0.6511252110034387
11583aaab15330e4,0.2364922710221944
5b34705855c1c880,0.5678213230697093
26361ce2a06897d2,0.2568372850890903
2be888bcb74be336,0.5178222374179431
fd96abe884c43d6c,0.6902283252578931
165fc0b6a160dbd9,0.7403963347921225
b8c8c114a79ff453,0.2806369373241638
e22746fcf084642c,0.3468153563613629
3fc60942cef4b9f8,0.6925219560800249
c78a85aab85debf8,0.5336256291028445
9c2166227724c80c,0.29989654188808995
e0291b12205c2c68,0.5696756564551422
307b5de4b89748c8,0.22341990075023443
b83469a7d7ed138a,0.6033636800562676
4726c5e084cb6f1c,0.5895605306345733
33795c308f648269,0.7883495389184121
d44b56532551df1f,0.7460664309159113
7db689f550f62666,0.5872858744920288
c64b1df6de24f982,0.4227040090653329
d9685a6aeee511e7,0.3309787355423569
2c867c13048a2311,0.7381639027821194
b3f36f5f67857959,0.44605395045326657
c8dbafacc0fb77d3,0.6057294857768052
3a1b2137777bcba5,0.27331173804313846
c9627e77fcbdd360,0.5761461941231635
cf4f6641c91382ed,0.42889181775554863
fb519c3fdb753245,0.7202061112847766
035449e62c90677f,0.5691254298218194
5201d1bc5a7cf0ef,0.4854847764926539
01ef09b451cbddb0,0.4984077055329791
b98e367af7c0158c,0.2055046264457643
bec6844244ad0aa4,0.5376522819631135
ed82262b135c6e4f,0.6093447757111597
67637bf7061cb7b0,0.30135459518599556
96ef8b85b60392d5,0.7466015082838388
fc1b0a61b9dd082c,0.7049566934979681
c408b4beae948cc1,0.38660746717724287
f26323206d284ed1,0.5652389066895905
9214caa6c1a0dc02,0.3807520904970303
591a28a3c195b6f1,0.6421736206627071
9cd8a8ffb7a9e96e,0.32245915129728037
7ce580a49450111c,0.3785853899656142
abccd8c43775abd4,0.25389014535792437
5c6acd44464d3db3,0.7487381369177869
b0e58b3d4a2a773c,0.7509753516723976
eff75fe4ffdcb49f,0.7094902860268834
06ac1908fb89960e,0.7322109995311035
6e61df7259588c80,0.6953531611441075
87752778bf4206ba,0.5482972139731166
2fecec0b55303222,0.28492523835573613
d57c0fad9eabe24a,0.7084709127852453
93cc7546b8c345e6,0.7653203110346983
eb76de6938c4c38e,0.5060666927164739
0e733a579e63472e,0.40266706001875585
e7dff8305acefcd5,0.32273049781181623
23423479e34fc441,0.745658444045014
3f66f582c2bdc24a,0.5521315059393561
d312e4d7fce5fa01,0.5324216161300406
c04cd9fa54077b8e,0.3143578462019381
04b68ab2f6458e33,0.44826459049703027
35665b0fc6847811,0.5939027977492966
9028f284365c7863,0.4821478508909034
fa23926a88284b39,0.6847654384182558
ff5e27f506ba1ffc,0.6042609917161612
e6a04e92205e9e33,0.6723318810565803
934c2e26775faaec,0.3557653798061894
35403697fd72709d,0.47735875273522976
fdc814fd85f237e4,0.616888097843076
bf4ee2f20859884d,0.36471679040325095
d2d10af48a354c4a,0.5185211511409815
a38e463e1b086d42,0.6444325570490779
ba49ce0117002110,0.5349940098468271
d5393f1776772d2b,0.466095525945608
80a6b6e9f65aa3ae,0.47504793294779607
d84698a77b768899,0.2743482689903094
8d09ae0709d01465,0.637440032041263
0ac53b64e16a0efa,0.7187002696155049
a632a91a07ac8406,0.5542257463269772
1f2437c787ad39e6,0.7030408565176619
beb116a0a3ad4f5d,0.6605683025945608
c38f343ecf8e9527,0.331610100812754
d04bd8d61ac99c5e,0.39925967880587676
6a279faa81d0684e,0.40148478040012503
1b49b1154407ea05,0.6093073030634573
b71746f211be0a24,0.20977725461081584
bbe0b7fa6d60f17d,0.715716790403251
c9117e785fa1cd68,0.36423358471397316
a700a6b3a689a18f,0.5287873515160987
d998a004d828aadf,0.7191683768365114
54cfb8bb56897eb5,0.6597012855579869
bafd504785d302a8,0.6980132541419194
3f45db97b95a3352,0.43832913019693653
2364a75ca729f899,0.6771835534542044
9387acf4770f549f,0.6280382932166302
a434422326289b00,0.19547589871834947
8bbcd05afad8573e,0.7514446936542669
82fc48f10b8d7cc9,0.2920692482025633
65dd24b31c0c4067,0.5020099992185058
b25ccb8b682acbeb,0.5672936933416692
291117008b4408ee,0.5728361284776493
aae3422dfbb55bf7,0.4757578813691779
d436224afb38b7e2,0.4628767778993435
1287c0ffa2f14635,0.43508012269459195
4feb7edca163def2,0.7055636214442014
00df2416e72cdbc8,0.3108512582056893
e51c757048ea36b0,0.2984568341669272
59e45992c3fccfa8,0.5464760667396061
7b44475e4e2e3b92,0.539866005001563
be457ea8112e2391,0.502080759612379
1e4fd1293a611d2f,0.6587875625195374
343371989bd61c74,0.5850290950296968
6bb985812e990044,0.372958670678337
c0be9996bfb5270b,0.43830552516411375
bb367ec1a239b8c8,0.549354427164739
91fc9ee0920431a2,0.2596254180994061
82f2985fe6157914,0.39022521100343854
eaad7a9709bacd50,0.5651693068146296
1bb729bdda8eab4b,0.2837761644263832
35320f198f2157d7,0.3557551617693029
74cd9018fd2aa194,0.4415880314160675
fd091b5e49f8138b,0.535063926226946
917e088d530b042e,0.7013816974054392
b0e606a7344aea7b,0.5997360112535166
c220230ca6b46d2e,0.46568733588621436
2174f0850e20c2b1,0.25435146530165675
3bfea4a031f46e50,0.325480904188809
22199945c8b6f01d,0.6024147897780556
efd4e993a8d94f5e,0.5354841512972803
acad3b0b2e72b212,0.562207334323226
1a33438ea9b6ba09,0.4183081353547983
c9a22295bdb2b49c,0.7738938379180993
0a24b5a0c164f36d,0.5083729954673335
12b662eae7ad89fd,0.4746344834323225
788a4a1a340ccebd,0.7437594209127852
0b6ebec97e53c571,0.5501081275398563
be4269de80d8b34b,0.772898616755236
ae99dff2a596c7fd,0.6253269420131291
1cc563af87248566,0.5876263050953423
95b03e2a8add3a08,0.5056372225695529
bde7f9ddcf827170,0.2892255509534229
e24c4af855561b6d,0.45411364879649885
a1ef8a44aeab6af5,0.7767847921225383
2bf2e0d5f713e9ea,0.3014364723351047
6585c55605f3d692,0.6054725187558612
4a44bfcf3c8bea26,0.30439766723976236
78a21d5aa40bf4bd,0.44291591512972794
d208a68d90d83d1b,0.5326933807439825
fabf07be02cadf0d,0.7031244803063457
3fc8a4ec51114a77,0.6754248710534542
d8da2f9a640f4e03,0.6816065684588934
f7a8212a941af65b,0.23093620271959986
836c933a5cb4ecbc,0.591339707721163
e292f252eebf817f,0.46872781337918096
ae7e8b931e0ade53,0.7239676109721788
c937062a293ea0e5,0.7032230814316974
673793020f42eaf0,0.3201009573304157
531a753aa5a10879,0.39317260081275396
65613b893147c771,0.588171123788684
a3609d34533ca6b4,0.48735228977805567
c9eecf5329211123,0.7486229915598624
4e6d4f733588a212,0.5872356400437636
95e0d5ddca2118d4,0.7007993904345108
4b071534952c920b,0.5299628829321663
f333221664eda263,0.32032468349484217
8627e41026f74eaa,0.6976382502344483
789f4695cdd6a417,0.558805122694592
908034eabc372b99,0.3687729642075649
984bfa387795ef76,0.6382291692716475
91c8e8e6f637fb1f,0.600958623788684
363aeba9c072e960,0.6946083385432947
5cd6915b98d723ff,0.5480026648952798
20f027368dbc60fa,0.24071904892153795
a58841827e8017bb,0.39287007658643325
ad9e6a299aee4827,0.6348866794310721
fad46bf569ac7443,0.4009336628633948
0bdec115af64e996,0.5968117106908408
e78e15a02aa6163b,0.7726752774304471
94c1b40d53f1c78b,0.45409426773991873
c1dee5b6d55fd7c1,0.7572454751484838
502f0c8494138feb,0.30650715848702714
316c5e9c86bbb645,0.25874116130040636
c5624991cdcf670d,0.4083834831197249
e000077bf8c8b49b,0.5819483588621444
9a36d5ad49081233,0.3326721670834636
e4ac16a92daba7e8,0.5675798687089715
caf1ce5141ffb34e,0.28965250468896525
d07bf091bf998e0c,0.5076499960925289
f230be64e9f003ae,0.6618436933416693
fcfe55e0768ab257,0.41206935370428255
ad04ef9c94f25ea7,0.2945277274148171
b6c3dc163008115f,0.37991130822131913
2a0af6ff3489e003,0.578271959987496
5c098958dc2a26c1,0.32709218505783055
a802f6f7cd6d7b2d,0.4462227297592998
f0897866ed523f60,0.6982288371366052
3c1071f1773cc7f2,0.25379499062206934
5fb77ed43c58e517,0.3467209596748984
3fbcf72648af3500,0.4181232103782432
64964fe3e34849fb,0.4186807322600813
3d3b19b2da76dc78,0.5869065606439512
69eb4e47c0f3104f,0.5809630861206627
1b55daf09e9f129f,0.44426035870584557
853fa0b67eda4e6c,0.29889565098468274
636b3bfe96c8c67a,0.37905677555486095
51b24fbdde490535,0.42755706470772115
b80f84359d81c98d,0.5793556150359487
a865666aeb2b82d1,0.3018249179431071
08fd3d5f06273089,0.23153309237261638
cdac52f8c24b9616,0.7227702133479212
bdc841da585c4a1d,0.6749644381056581
8858154c3efe65ff,0.6042237027195998
29f989d45429b9ee,0.6502401688027508
b97dff4909968aa8,0.20050618552672708
69c86328a89e4898,0.277410378243201
2d50759601edb9c3,0.6408691427008439
134be78ce02d48e1,0.5798287941544232
53b540f7c8d16cfe,0.20976296889653018
76d2e83b30cca3f9,0.448608444045014
062167d4ccf76346,0.7756717177242888
84cc2a48661e807d,0.33615239527977486
60f1e251520005f8,0.6342077875898718
781115a32396b4cb,0.44932265160987805
4c1e17c82f4cc326,0.7069422827446078
b602ad5debd51028,0.5710128594873399
4d9da053a872a970,0.6547232572678963
95f7ebe4304bd2e4,0.7336867263207253
67a8207cfef9f011,0.7703787550797125
b1c3468185b9514e,0.5906007971241012
f80ccd7ace26ae4d,0.7521274304470147
3ac147039aaf4499,0.44890531806814626
fe5cd175ea7fc09b,0.30409440059393555
9026d2936cf2bda8,0.6098857025633011
a4b0e01784fc7cf8,0.6302875117224133
43c462b48d97dd20,0.6078337449202875
e36d0189d20a7617,0.3644712800875273
43c3586991f4b403,0.4554598507346045
009e48f2b32be557,0.27195564238824627
a1689ef168f2f333,0.7189613746483277
dc310fc66470ab07,0.5506914621756799
bc654d187751fe04,0.5587682869646764
247e62af046a99a5,0.47981003438574554
48f2f9556bb2ad1c,0.493932932166302
e604b921624a200f,0.7232110854954674
e46765e152f7daef,0.6188926578618319
3d183f0c812b6d09,0.588712085808065
3a7275f9aeda8305,0.2822042864957799
1d994aeb47ff952e,0.36757306189434197
75dd9cd1bcd35d05,0.3242390825257893
a976b4932381b300,0.2580758948108784
da2e39ced8c0afd6,0.320147925132854
c77fd47bb1683f58,0.5692828540168803
ceeddee046f39ae0,0.3765241598937168
cc50dd12d1f23bac,0.43967830181306655
8b73f447d60fc992,0.5858590262582057
dba1029662f0c412,0.4982690098468271
ab65e0876504bba1,0.584406318380744
00754e6b5a7298f1,0.2464542786808377
082f192c053e5283,0.30830778368240075
4cee8c7c13d1afe2,0.5298098976242576
9ea9e3c8cb3df9aa,0.4341121834948421
2caa75dd78c01d17,0.7030476516098781
42ca39ab5466bd19,0.709404606908409
939ed128e268f834,0.31244930056267584
e452cd65ed19c900,0.5430783291653641
e5ee2d79d0c49d1d,0.6854544076273836
ce0d423deb82f2f5,0.33683359643638633
3c30319ed1684972,0.5545175093779305
18968bda98628242,0.650217020944045
9566631a173d48de,0.7079720146920913
01d78d3ab164da20,0.41700583385432943
7245800926a4112f,0.5386275437636762
3fffc62471c1f18a,0.7917226594248203
3b530b29e9f5617f,0.6887136097217881
65305594301ba50f,0.665094095811191
593ee003a4981c15,0.4993587566427009
f79985b30220adb1,0.5054497850890904
60dd8dcd3a1d1839,0.6993109135667396
288aaae44688b015,0.7341989567052203
8a16369cb4554d3e,0.4894743201000312
4e49cf49f79e1181,0.7344150515786183
1a6026c94f49058a,0.6099648913723039
8c29813aa363f889,0.5931360854954673
5fcc5826d5f8db34,0.6683042708658955
b002c58138c724fb,0.4044652664895279
62a918db11ef3076,0.7270413371366052
8fb91f382ae2782d,0.6914315723663644
af730eb0035cf0d3,0.7228422788371366
546fef357d2bcd57,0.6756239723351047
c6129c4b99d7f4c6,0.45642783682400745
7596069ac38eadb8,0.5062083737105345
9560c8310cf23dab,0.24260997968115033
ca1acdabe94e042f,0.6258500703344794
521f9d2193473fd0,0.42373762113160357
617eda3b96abb577,0.4377788644889028
8d735b59dd0a4270,0.7315199632697719
1b405139fc287a40,0.4288864606126914
e621733719a2d775,0.625201891216005
95f4b0d76e779b43,0.5644627110034386
bd6a23cab176ffec,0.25836649343544854
3c5fadc2c957c7ce,0.8049745506408252
37cae1b2dd3c1330,0.601970525945608
0fc2ffbd9370b121,0.5192188730853391
b31de0d8e304eeab,0.7037119216942794
5738bf5ea59fcb0a,0.7608396412941543
402c7edae37bcf39,0.6122075296967802
1d79e32040c6b05f,0.7671846670834637
bf493f6f4a48b2ff,0.3256140590809628
8530681352913ce0,0.2444774773366677
c79cb0e184ac42c1,0.3846009417005314
32ecd92eb352979d,0.5863508752735229
c9a54261284070bb,0.27008560096905276
e6c2ba81e397e33d,0.3644412003751171
955bdf4fc9420404,0.3745021881838074
b180a78e50608ab9,0.5822311073773054
69484ff0bdf4b104,0.5691420482963427
8d62a01ddfa11fe9,0.730984495154736
12c3df9b72ef96e5,0.3444517231947483
12ccc513557a0656,0.4843068341669272
2aaa9bc35f4acee2,0.7798858158799624
e31d14248a98a72e,0.6076359682713348
1058c1f47fca2b81,0.4243688379180994
02ab14036929f70f,0.46086041731791194
6880fd1518aecd04,0.48536591903719917
580068eee74ae5d6,0.2691043412003751
fedf1e1bd320672b,0.3071253516723976
d47c1d43f9dbdf92,0.48434710456392627
8a7fa6c84cb2b0fe,0.5184770553297906
089bead0dc0d7c16,0.4956805173491716
3f12eac5d776ac9b,0.35342367536730224
2b55254bb421a326,0.4633112183494842
16721efb42f49e40,0.7412793646452017
87ada6cbd040d527,0.5421328462019381
c5c4d8e14015f4e3,0.5040739176305096
5d499b0e085f025c,0.7101336120662708
183039182079fa48,0.7259326899030948
05d6c8a5d3db19c4,0.7255244685839325
4477fb4e0a476ae4,0.6576710026570805
3965182266dda565,0.6091663527664894
72bafef29554438a,0.5709594248202563
1b31f23c3e55dcb7,0.6320809588934042
66c42c9008125f10,0.4507379532666459
5bf14b82c919f706,0.43740859252891523
2c7401c2798c92bd,0.47987743826195683
4adf517216b1dd47,0.2668023132228821
26348c70727fc713,0.7988478430759614
82c1c6b9b0ad498d,0.5844629337292904
1365ca92c2e04031,0.37984856205064077
9edbc98e397ab4c2,0.5256819318537044
1059c066d6e0626d,0.24390960456392624
af993cc3ac374b83,0.3981635432947796
f32194afe634dbba,0.49038972335104725
29de97ac80feb956,0.6398066661456705
e5fb185d8c6181d7,0.3872782861831823
632347c0452d889a,0.6777265356361363
35ad7b818afa2cc9,0.6683256291028447
0e9b47d072e9f5d9,0.47104139965614256
4b2ee7a5a4d7d797,0.623756873241638
793b579534d59c3e,0.4871363551109722
3b23c46e8aebaa25,0.6405329634260707
f68b741461469ae2,0.31131077289778053
79e144db8265864c,0.24115812753985616
09c4fd90bed2d748,0.68069012972804
2215efb176105acd,0.6621865426695842
b4a9877c6c234878,0.5898060995623631
529f75ff399c033b,0.7237432127227259
ad20741d26dac628,0.732008576899031
abee4fe9fcb49deb,0.2995495428258831
80bf7ea1dfa6b569,0.6421046498905909
7d637676608f51cb,0.3666526531728665
79855154621f663c,0.35991501641137846
db630a696b94324c,0.4665885354798374
2c87f55f1bd853bf,0.31402421850578305
05466a89f589fe04,0.7734439316974054
073f9b06f7bf95f5,0.16761628243201002
d8c52af1d9a0ab94,0.38995983901219133
170df691b9758d76,0.6832449671772429
098c223fa7ac1f73,0.5117870779931228
947d4f80370f0b58,0.45012164348233824
66196fa0af9abe3f,0.6740914856205065
356513b3059ae50f,0.5666668138480776
a951ca23d4bdcc33,0.6191870897155362
defaffd4e20a4c47,0.28522494138793375
9aeb8ce75c56fcce,0.3678513597999374
0e52e6d570d8f008,0.3582105618943419
d177a330dadb2707,0.3336056892778993
4acf903d98d08aa8,0.7204656298843388
673bd4205f6635b8,0.6076635393873085
17b635201a20862b,0.46144370506408255
e31cdafcb4337eef,0.3633036222256955
2f57ad23a2ad21f5,0.6426371639574866
8c76f3fa81c149a4,0.4628594756173805
7448092b980edcbb,0.6230146373866834
cc3891e28dd031fb,0.23053045873710534
05d416ef906cddf6,0.35038047827446067
d5cdb3c4f4965afa,0.3640226633322913
bc40575e98475699,0.3416362144420131
7227a9d91f309e1e,0.5007859018443263
f83295ed727a429c,0.2860639223194748
44f16ce1d7899c02,0.3048252696155048
219b4d22a5bcceb7,0.27937221397311657
5684d434bf545e82,0.29732841512972796
03d5ff6b9db6a1ce,0.4437912707095967
c402ad00c62dd803,0.37349614723351043
d384f2bb50d7321e,0.6445869607689902
865ca8dbe8ae9927,0.5288945764301345
0cfaded78f4c55c4,0.6745243748046263
c1f9c03f1f673cb2,0.6591089598311972
80784aef1b00a337,0.6458271452016254
2cc7c6c16592cbf5,0.5152821780243826
f816697d9e23576b,0.490987085808065
e0a3063ee410875f,0.4702598233823069
187c083474d62911,0.44413605814316975
32fe8606c8a5cb67,0.7096872772741482
e3b603a450f69271,0.5220219248202563
13ea25fe500d74e1,0.5209123241638012
3465f2b92e5411a4,0.2571211824007502
f84c04deab8f0a53,0.7279472491403565
ce64b825ce5f48e0,0.2597971358236949
a03d161faa6231d7,0.2985050328227571
7b73399454d06d9d,0.2180576430134417
726ce1fc6c05064c,0.4818107377305408
0e660e2441745329,0.6985202836824007
d4373d25e109dcb5,0.7344816348859018
6c8ad2f1018079fb,0.2771938848077524
485cc002fda9b938,0.3223699788996561
840b1b00c51f87cb,0.30251573929352926
e7c9e19e247f843b,0.4954609174742106
4f97589fa05c40f1,0.706992251484839
41919c492d55190b,0.6448529188809002
8fc6cb3936ed4ac6,0.47326641137855585
75e3076bf4b29ba8,0.41099644810878394
8357351f6977683d,0.5082701547358549
1a6590aa6c3d2a06,0.5334803884026259
6b0dae5047e0ba12,0.5524906650515786
6f8bc4fa3d91a3dc,0.4302783994998436
e4aecbadc139b9ec,0.4035216434823382
7616bb2872e18231,0.5982148757424195
f97102e411194f18,0.36579136448890276
4f25e4f4959ce4e1,0.40524171616130034
46d34ae6f3e900ba,0.6034207955611127
73e3288eeb552e3f,0.22739719834323222
e7010fbb2150676d,0.6451235854954673
cc2c1c680ac82832,0.2667100734604564
d025b02417a63fbb,0.5703882306970928
08070948781ecfb5,0.3130423140043764
2bdbf073750d4864,0.4922701000312597
2783928eaba81305,0.6723859917161612
51bcbc84c0f437ad,0.3411495936230071
dbecf7b9325b78d3,0.7315944709284151
39b3096dbfceade4,0.495054751484839
4299599a54525066,0.7305903954360737
ccd92654fb1f721f,0.8034122733666771
ee1170819ca7d594,0.3188472178805877
c30ab4f74d33afa9,0.2783976008127539
40f10fad12afb51f,0.5749620115661144
f4e63fba51ec3896,0.6708773835573618
60ad4f8eda2cf6d5,0.6578504688965302
4dfcb17aa4236952,0.5191325296967801
2e54d9b1b4e00337,0.35364842138168173
47a9e135733c2ab4,0.4459562832135042
4b3c22d3da587d59,0.5433287003751173
ef89abef9807c003,0.3807510003125977
e7530eb737c85931,0.4604736206627071
dea26fe32dbe26a7,0.5901163410440763
08133a148f3d4ed6,0.6338024538918412
d39b177320bf091f,0.5659323616755236
c2eeafe05948ccae,0.6557450922163176
73c8d1e2bc9f517f,0.26179614723351047
0dd4da33e5e18c44,0.4910453462019382
25e076876a1fb6c3,0.7334770670522038
873d0ca47a7ce61e,0.6850874609252892
930d090798b9ad8e,0.5685542239762426
98e38baebfb97bcd,0.6517920795561112
9c779fba6fe0839e,0.30398891841200376
5bb1f9fc76a02c1b,0.40224421303532354
f83de39c4e518f6b,0.7172707330415755
10bbab1f08d2e6c2,0.2664061034698343
ffe63eebf605244b,0.7411782314785871
1e55e67dbb9fa1ef,0.534763836355111
e53426cca968ebd9,0.6944498358862145
51bba86dd8aaec50,0.748787785245389
582102afed3c818c,0.3718401375429822
b280a8fb8ffb9bf1,0.5601975031259767
e8e7ee8589574a45,0.4078352571115973
228ac1a17bade85a,0.43527563301031563
2bb37b0ac11a0c2b,0.6157239606126914
5588a1f5d8da9c77,0.4479231322288215
a46d657f4c9bc8ca,0.46503444435761176
7373ad47c61f558c,0.721856779462332
0f1fcadf13eee28b,0.6463054157549234
1f8603bf90774382,0.7441927633635511
b0dc746e7f7ac87b,0.4481048999687402
82107223b7ff9788,0.6396657861831822
a38cbc0aecaa644c,0.44192238199437317
61dbaab39e7dbc01,0.3507645201625507
85064aac24d665cd,0.2446312910284464
48be998c9a3000d0,0.4277602219443576
26b2daccb2b045e0,0.7071632111597375
95198d21e3fae237,0.3612719990622069
b2a2d7a18404d7a4,0.4799622850890904
6b178de020b8598f,0.324666466083151
38c1b19633279892,0.5634717997811817
186d5468edde7455,0.688849120819006
4f33d36d7b629852,0.496749308377618
b955eeaecbe25ef7,0.6077564668646454
39ad39dbe012b34a,0.706480396217568
929e8e2af2403da0,0.47200582994685836
fa22cc093dcf1822,0.3001001250390747
f56ff6b1c2817475,0.2833228977805564
56b30f44349ddb92,0.5653119216942795
617dd77adea9e711,0.5636888949671772
4cd7a91de7bacdd1,0.6275903719912472
c07844f4e94ce116,0.7220763285401688
692bbfe3fde429f2,0.6954928102532041
6e8117bf11d2b904,0.3841159151297281
27efca94126fb8ff,0.4884114606126915
4d2a406b540c41f9,0.7138520865895592
5ca9c8756c163b0e,0.43677975539231007
c10aad8b54af6017,0.671033170522038
60798b007f7b4637,0.35327048296342606
805031b5ab834e54,0.5121400945608001
fea6be92744b0c40,0.7213306580181306
284e4bea4a96494c,0.4477569943732417
4db0c35a634d4fb9,0.39206768912160045
351dca6bfd544a21,0.7452412199124727
c36cc7323d4f4de5,0.6645324632697718
78c350098097af6d,0.3043916301969365
1404eca61a3105b6,0.414709272428884
2472a09a3e602f48,0.6971731869334167
5f9d50958df392e6,0.7447786730228196
ab8fde4ac70ac766,0.7258316466083151
6649908e57ee98c0,0.3227739527977493
6f6b426a42753b8f,0.46702540637699275
9f89dd1b9ea145e9,0.610590817442951
d56cce1c1c4c9780,0.4342534112222569
fd794932c3ad58d3,0.2530252852453892
901c8562d025f79d,0.3697075687714911
2460966f3ca7d3bd,0.6197011331666146
41c6149d1848cad1,0.4703561151922475
2c948ba95eb3128a,0.734585612691466
0263f07afc6e71f9,0.24204126680212565
59520bb39396ae13,0.6600643130665834
096e1b740c779095,0.5252446428571428
13bcd446b5b75780,0.3143299273210378
82652e7aaa1e423f,0.29934299781181617
b4c2a047510b1d1d,0.3627019693654267
8e95fe1172cfd49b,0.4743034463894967
8b3b319f1bf34127,0.6786505626758362
8e876b9274c5930f,0.24572801656767737
74c8dbccca14e4c9,0.7241227649265396
a13d2861af1b8b95,0.6690783252578931
3d0443784b9008d8,0.5437643794935918
30a6c22faea5d219,0.6455495271959988
8ccaf0cd13ec8d69,0.7051796264457643
ea79b75b6fa4e024,0.5650137582056893
df41150fbde2201f,0.5063384573304157
6bfaf27148ca783a,0.5707736206627071
016b24ffbde9f2e6,0.72210691622382
c7f17aea0b57c810,0.335060147702407
1974cb4a4a5105f9,0.46758328774617064
ed6fb2d892b20325,0.4005616325414192
029aa7e7739f68f3,0.6311828110346983
1499ced0a7fec031,0.484436304313848
1da835ae2069715d,0.3155792161613004
3b48789ebdae6cf1,0.5148692208502658
b2501a34b4204e11,0.3705753516723975
4e1bde0d2fdb1719,0.49885243435448584
bd42c11dc1ea52c1,0.2870713894967177
dcdd441194892326,0.49307824320100024
890cf601bcb4d1fc,0.624993404188809
efcfd07026d6f75c,0.5853124023132228
6e5921c9eaa0bbae,0.5189334245076587
076e6b937f9e0f1e,0.7243607455454829
fe7aa6148631a52b,0.4363596983432322
0204709b122147fa,0.25115269224757736
3bf87c4ce9af3343,0.26459160284463895
e5d3cf73e07cb881,0.6109072522663332
d79da024e674f570,0.6515829673335416
f137410611053710,0.2415845733041575
4b48a5ea7d8db38d,0.4695208111909972
6e5b5708c1bbde63,0.5928931931853705
2e21f1e2f4f0d11b,0.38659359565489215
2fcb7b875a97fd67,0.6886054939043451
c9c50dcabb2aaebd,0.31361943966864647
ade709965be588c6,0.36879381447327286
e99ce68035fd1383,0.6020877969678025
9abdf47140639086,0.7561594834323226
c0370f3f688a69d3,0.752386206627071
023ecf078fbcbe04,0.4960091161300406
9366b2145d9ffbaa,0.7778126914660831
907dcd98979cefc5,0.30517379259143473
1430d1f8417967a9,0.48370563457330407
12cf954bc6f7953f,0.7504245740856518
9f439978c3ff1caf,0.6379754493591747
3d566b52640665bf,0.7582532627383557
1da24b04359879c2,0.3890098976242576
5fb8e8cdc5a458af,0.5117894459206003
69f63de79af9dd49,0.5682809393560487
078cef5b5f6aff6f,0.6264039817130354
ee64ad3ef7cbc727,0.3412488043138481
30f789de29e44c84,0.7380539387308533
ed6dc35d0f6c3f4b,0.7818836550484527
24171dc6016596e0,0.6667680681462957
d9753be4a4ac4d5f,0.7182077602375743
08b18f56dc4a9978,0.5852737183494842
2fe99f58d73a842b,0.29418777743044705
231cb4b19f8ddc4a,0.2714593036886527
a0f57bb92842d2c6,0.3611711237886839
b451e5af95310e52,0.5901676852141294
4d5e3c273bff2df6,0.6001159854642076
69445874395ad7f7,0.3079715379806188
72d5eb4d04446c06,0.34291666927164743
676277c834acaafa,0.4133675093779306
345fac6fcbfce3ac,0.5889524890590809
77268d80339453f4,0.5497746561425445
0a3d332e3608b10c,0.6641675328227572
3d3e247d278aad6c,0.7368258518286964
c6d0f1503380066c,0.7486622811816194
a7ccb8ff054ea663,0.6926367693029072
d3b3fd3963b35751,0.7166669779618631
e361e82e1559efea,0.5436113512035011
94f03a339108fe12,0.2199635667396061
0d6b47fe3047807f,0.5630453618318224
f0d2a9398458201f,0.35293052907158484
8189ef648444f31a,0.6445319279462333
b341aa9047a23001,0.4689969170053142
0b603f589ffe5334,0.7381067677399188
dfcd5836b6d7807c,0.7534366051891215
c69510f82760fc8e,0.471906040950297
bc2b0e3b0279f394,0.3477170912785245
9e59359a937dc386,0.34312508596436386
9bd6fbbffc3029b7,0.47694780400125036
78533ed0a4d75031,0.5521165872147547
24d3b857d9ec7516,0.7079608315098469
d9f1874f6346d786,0.6949416575492342
6588a72e611a860f,0.41609974992185056
52fef00321899df1,0.6937619763988746
b3c2a81210323102,0.4363022272585183
c1501d30afd688d2,0.43233433885589245
2bd1f2fa8a7cdbba,0.35196869334166925
7472a7ac18cd8ab0,0.7754761370740857
b1dcab1c1027e375,0.6819412238199437
2add558fb5890d0f,0.23379854251328538
51a6b2ebff82bb8d,0.6973665364176305
3486d76917d26380,0.642844599874961
7d9915dadeee6dc0,0.5653250195373554
1a5e5859e62a5ff4,0.2709638090028133
ba7cc06ca707247c,0.5061225226633324
3c42318ad81df936,0.29994264223194744
e7f32c62736ba8ec,0.4764660089090341
01970049a1d79ee3,0.7071632111597375
c34d08417ccc14e1,0.6700088426070646
dd08d7511ab95a7c,0.48084788996561423
147c9ed162930636,0.624458807439825
4d55d8c7e32d9a9c,0.4231365231322289
1df22e6d0f4be856,0.5491716278524539
29e5cfdbc9735f7b,0.6440929548296342
529dfd620d6ee22a,0.4118999882775868
22b829fba260c24a,0.3458509534229447
712c502ecc45cac8,0.3475746444201312
2806f2b7f968844a,0.4964727532041262
1ff716c957da8f4c,0.3112321545795561
33a651d1e2266900,0.7529502422632073
01aa41460821647d,0.5753397741481712
2728591ac3aaa7f9,0.7154964871834949
62153e0ba99bfdc4,0.6125703657392936
a336835871390b27,0.3889351828696468
66040815dd14bdc6,0.4012054548296343
e0d8f324ffe3e925,0.6120982885276649
e7d245b8d234167a,0.32270461863082217
b30acd5fe8990b03,0.7795605384495154
8b87df65e3f61018,0.5168088035323538
92d913128fc856dd,0.5640051461394184
c1aa97bf3aa49c01,0.4756752500781494
37b85ed57524087b,0.7120475617380432
fbbd2368a21a9e6b,0.4536479485776805
39795c53fb16d719,0.4416601594248203
6d637bbe837caf77,0.5311902782119413
ac09426ca8b44dc8,0.6618546655204752
0007a5bb7310d604,0.71576660675211
f8c5400d321751bb,0.7097586941231635
5c5d74b2ed3fe0b2,0.30620755314160675
a0d70afd5aebab39,0.354165223507346
dab67f5669ab1b4a,0.6303068107221006
b094a6aee2983e4b,0.6276326547358548
76eceb39e4bbf598,0.6243578774617069
08792ceaef2278a0,0.38951153094717095
421639eb32096298,0.5399745779931229
3732446a2dc0ff2c,0.4765707721162864
f42e7bbaae983e33,0.642347600812754
1d7a33be5e41401e,0.4825322288215067
c94efe294bf687bc,0.6501564004376367
54153bda194f6353,0.3554334596748984
275f14633d4a7de0,0.36349890590809625
7a750521e7810b4b,0.7723069005939356
b94bc2b4bd62e236,0.552623941075336
3c2076842f11afcb,0.3824517583619881
53c3d245534bdda0,0.2791447210065645
bee1ce38b4653a33,0.3526363082213191
7fcd7a8a7c44d7f7,0.2693263129102844
60fc2edd396bed1b,0.5529076625507972
df7a1a739d1e3d31,0.6392271842763364
293173b622ae6047,0.5153716122225696
c18a9f29b23ca49b,0.38741364488902774
4497cca94390df91,0.43075270006251953
40d9096835771f2f,0.6966474249765552
ba30e997b8338d76,0.6429830806502032
56d89283c0f5c7c8,0.4155900750234448
f460984ca4f4f1a0,0.4640757932166302
63585cd6e35862a2,0.4042766723976242
26e41712e705d5ad,0.5863707486714599
0a056eacd56539b4,0.3898465223507345
9060dd63376b8616,0.5014205884651454
f11e51ec27009738,0.7052548140043763
d0496dc870887d72,0.5903281064395123
65fef6d3fb26ca70,0.21023498358862142
a586684b41fa9769,0.6066851359799939
3bb2f0950e70a234,0.5035004024695218
6c6a97e3ad10abbf,0.7708886644263832
ede33053b334b03e,0.5259913762113161
0dfab1673fe84ab2,0.46336496561425455
f65b0230673c2e76,0.5589519107533605
5618ac6872992ff3,0.7431882111597375
77febd71dc7777e6,0.741892708658956
7f54b45c8c0b9310,0.6861212410128166
9273e3e5412cfeae,0.6336876523913724
52087475796918f7,0.34097836433260387
643455f14aa1df04,0.2590918802750859
d1b24b005a16d2e7,0.5942636566114411
88788f98d41f9611,0.6594744295092216
bbbe50af555f1d68,0.5482154970303219
1bfe964817713a25,0.7983019654579556
40d6df07da814020,0.6981574437324164
8a96d0eccabff7b3,0.20119684667083465
439300a43f735490,0.28695808846514537
bfaf88448d1869a5,0.6429076234760863
1eb331ca2d61f16e,0.6639922006877149
5ad8f23386d2ce42,0.6814511409815568
69ddf95fb1e28199,0.6085711863082213
6c224fe2f90a4ac6,0.39356468036886527
7d2d81f3b2e16bb2,0.7106947718036887
306bcc14dd7bcd69,0.6965383088465145
db0b579d4d6c3202,0.2970478860581431
5e7670a553fae63c,0.5835254102844638
999f8c054ed84981,0.46614641684901525
645969c8fdeb22a1,0.2413226086276961
6158cad9f5117a45,0.47515049624882766
3717d43b0bfbe61e,0.634785612691466
8ffc981637d61bb9,0.36592263207252274
8b934f4c25070ad8,0.37633597999374807
15701cad20890a02,0.5122531025320411
4a22e527eecd22b2,0.5384622342919663
6b7e69ddbeb27f14,0.7407589793685526
c44f66a5254d5ede,0.7873494646764614
1dd06cc994df91c5,0.7371302399187246
43da23e0c905b332,0.5499932635198499
cef6bb5fbd6d7d4c,0.24805655282900904
74e65522686e974b,0.3027137894654579
b2ec41e4d4e17991,0.39670640434510784
7adfda5837586ee5,0.46287615270397
7be7cd83da184778,0.6427530517349171
331453c919db4a8a,0.4493741403563613
1ad90b2ad8ec5751,0.2697500156298843
06f305aa47e1f3e5,0.6891703344795248
5d77b6a032a98222,0.5515701391059706
2fadc388cbe136d8,0.2707818068146295
3a64f59d79eebaa0,0.4830415286026883
e9d4d3a03ce54237,0.6171197053766801
5bc032bc2d4db536,0.32127091669271646
42afab27f6d63b09,0.6011938535479837
0ce59aff9d61ddc0,0.6023956861519224
c4b23b3e64f8fa59,0.3127392974366989
df5826f4adc2407c,0.5525971944357613
1006c7d207337c5d,0.3619928962175679
74f20f15f7388f9c,0.30365968271334787
e8c69436b1cb3320,0.39243598780869016
609680f04da9fb46,0.3463189043451078
060d99e1fde9dc79,0.23652909893716784
6555f0c293c5a1f9,0.6268011878712099
cc835ba475e9656e,0.6326691934979681
960c65dd29d3417b,0.49082193263519847
c7596c71a0f505bf,0.31440915911222256
3f3297df319604e8,0.6252352375742419
21c886bdfaeba657,0.7799496170678337
4c47eb742008376f,0.598419048921538
0360ab7e3c03e1d6,0.4646978430759612
106e8c5cc993ce96,0.6088996248827758
3f189ef767336273,0.6033711433260394
d87c2b5ea60e2e70,0.3310525515786183
924a02ba0ace2e0f,0.3755745662707096
e0a93aee5351fc40,0.6408831197249141
60036012aab0d68e,0.5427124179431072
92196298fd1f0a2c,0.5367401140981556
2c9507cd32c0dc32,0.2911366989684276
f138d3401d1ef8d3,0.2819320959674898
0550e84ce3342ea2,0.7195031103469834
433b7b91aefd0d89,0.33411089402938415
2f084abde9824f95,0.31329518599562356
aec34c208a4086e3,0.6810335300093779
77832263f798d3db,0.5580061230071898
423646a4264a51ea,0.5226368591747421
99a11463587499b5,0.6528528290090654
5666dcd2f61e1fdc,0.44387358940293836
414bb3e31a06b128,0.7791971201938106
9825bfe27f61ead1,0.4935821741169115
3e8b0ac764ba974f,0.3037570998749608
f494e58fc4f527c1,0.3961594717099093
4b3ed9d300487cc2,0.682032474992185
064d5daca103bb1b,0.4810072483588622
1a4b5aa55f664cd7,0.4005358588621444
65fae5433da58938,0.4601347217880587
77df36f32951641e,0.3012751797436698
2734faa9175621e1,0.7744925953422944
6952ae6c0325e147,0.2577038332291341
bc49ff32a733b5b3,0.6199411847452329
ddb437f22bdce5ad,0.6852047124101281
ad2ca89540526e80,0.7526923999687403
8eb86976f1f7faeb,0.8247038488590185
351b2cac3bb60649,0.5882355110972178
f3685748a7717d4b,0.4166149656142544
af64f4a787a28c01,0.27520725226633325
e41d8e72f6a6da64,0.39570524382619565
43199fd3cad0d080,0.5483084323226008
08639490dad5a32a,0.6655648522975931
251545c20caf2d9a,0.5631782939981245
657fbf140a397f3b,0.4468797319474836
d28dd01372e08f90,0.454950554860894
fb9bccbf5affc835,0.30862058065020315
0c3e0f0e422bc214,0.6608262738355736
b6fe616b3ee4f983,0.5920001875586121
1a05d9b0ab2c483b,0.5379475382932166
be053c37d8d326fd,0.47094775320412635
b0cc45542dd09eba,0.48490170756486395
0d1c9ebdc72b57f6,0.41005296967802435
926a38d305ede2ee,0.6887602961863082
381047d838351f95,0.5964031924038763
5afb977a1eeba5b5,0.4184451195686152
1ef7c785c8633cc8,0.4782437206939668
2f0bd78e22c8874e,0.6157887347608628
2765e2bdf659e633,0.32731996326977175
31756eaf193dde51,0.36519702641450447
ba5f5a3df72c6be8,0.7283082369490467
90e87591d24ae44e,0.4270887503907471
f9f063e55d3db8b4,0.5551700844013755
3ef90711b7e5d86b,0.6545512972804002
ec0a6ecd2422c215,0.568263515942482
2a75009bf5006a5b,0.4857082330415755
9edf622febac0e4b,0.5490516059706159
9cee551773541f4f,0.47401736480150036
2a07f1c2d7378d29,0.526271307439825
aacdb09c08c9a960,0.26881222256955295
df9753fd02aeca78,0.5014929118474524
ecc853e05f1891ac,0.565803180681463
859bd8582d3d2811,0.5302480736167552
a124273d56f60796,0.5268870975304782
9cd33034524d6b66,0.4918146608315098
9e58973154c42431,0.24656985386058142
fe78518186335668,0.2731035128165051
0c195b45f68a8952,0.3684886839637386
bb6b109cc9317218,0.2835405282900906
a58342d3aee051b5,0.30292551578618315
48f975291ebf9397,0.6776688769928103
672604676c29d735,0.611375273522976
144b0a7e9cb057ed,0.7728410987808689
02ea6c1ef4cf0b61,0.24223360034385746
fe3c47193f742bd1,0.37131593466708346
782fd306b790e8b4,0.5005402938418256
53f0ab0c206a7f5b,0.6877478040012505
2d15bf73a2700357,0.4395018990309471
569b34b568032161,0.6458891919349797
d98474765b2d7880,0.5419787472647702
f3088caf81ec54f5,0.6983813496405127
884de3bae564118d,0.7870890004688966
5b62a55571d795f7,0.5799314160675211
e860976e6aaf78f3,0.6005603469834324
bc5f8d0b2f9683ba,0.24638703891841196
92555d85c6369cfd,0.7128330962800875
189861fc294e0daf,0.5089826273835574
b8212e2222eb4313,0.24896807986870895
53afc56ddcd63d8d,0.5973691309784308
0592b0cab7becf5c,0.5351286769302908
ac4cbdd76a84da91,0.5363468115035949
f2eeb139d518ca60,0.626706408252579
e02fcc8b8b63c0cb,0.3770902743044701
a7f194a18e15e185,0.39301156611441074
b9b57b5beadd1490,0.620441184745233
357c4988d289017f,0.4297111011253517
f0d98c09bd71837f,0.5982546459831197
b1c0df4bb0c82383,0.555907658643326
5bb361813a233522,0.4295855970615817
c3eeda7b200e2c92,0.39541244138793374
db0460b8a23a94e3,0.5385425914348234
3c80f795a35190af,0.3112688418255704
ecf5824d8b392491,0.2483421537980619
5fc7a11376239e12,0.2434756877149109
2008fba1ef946ecb,0.5800162316348859
e2aa59fe541e0ac8,0.4400991872460144
09b5c7802e6b561b,0.2545168959049703
988df0719acbb76e,0.5795101984995311
48d79ec301d31948,0.4024884182557049
d288ed9b89b3675c,0.35542526180056266
75abd1caba2694a1,0.3549089168490154
3660f3c735d8a187,0.5318341864645201
0440ac4598276f6f,0.7314942013129102
836bbb09e4831df8,0.5340302203813692
51432ea27e463eb4,0.4154333307283526
3fd99194e4efb12e,0.2544524226320725
ef1b4ca1f2c1e357,0.3551680954985933
70c464af7e1cea4a,0.2749514027821194
54c64f47d761f86d,0.5960973311972492
333dcb05411a601b,0.42012581666145676
11861d1571dcc3a1,0.36507078774617063
20e00d08f625d409,0.622134182557049
8574c4f5b2db8c92,0.6830511448890277
95feb433faa8520b,0.7454141645826822
1dd496796a5dadff,0.41339867145983117
c1c248e8483e9ef8,0.41625529071584866
5e0dc0f0f0ea48f3,0.3409303688652704
7ecca4d6c9eac123,0.41140811581744297
58dbf7650b2286e5,0.31084463894967174
4c62224901fd183c,0.5422732768052516
affa636fe0cafb15,0.7024037238199436
c9f2c416d003a925,0.3003216200375117
c19024a709757f11,0.5765297006877148
d3444b15af3a9536,0.5714684120037512
2f54cc2167b0cfdb,0.38520277430447014
d974c7d47092679a,0.26069437324163797
1f04a25da2b17ee9,0.6204348859018443
f133299dc49c2bf2,0.2860325531416067
9542ec8d29575b20,0.6981315450140668
6e476b773a15e2f7,0.32876997889965615
c468f0fe05876276,0.34295487652391365
1bdf15bc47508221,0.6307510784620194
687b1d6eaf1bb287,0.6761541653641763
fc8590ee9d55c5db,0.30674844482650826
a4379a3efec7361a,0.22089228665207875
30a2e56d4d608b28,0.5853830493904345
4b400d52635e28ff,0.8135819005939356
992d4d4846551047,0.6948829946858393
b91c089133d42f62,0.4854627461706783
c98879c523da912b,0.3296050679899969
7c8f510d8af822b4,0.5953990700218817
9d674a6212b3431c,0.3439117966552047
d3da05b2f284cb87,0.4839776883401063
853ab873686c227e,0.6981332643013441
ee0d55e13012503e,0.2888457017818068
fed761caa06202e1,0.35068905908096276
7750406f980f78c8,0.6354175406376993
e8770d9a28fdaeaf,0.7913509377930603
4025856444b9ab51,0.3758411573929352
1d0cc87631f52974,0.7954305525164114
f87d2af1aa151b69,0.4337494763988747
e2746f6359714da0,0.44366511019068455
6b20c519964ca8fe,0.3401605540793998
ac0ef70a6dbe1ce0,0.22052860659581117
29219b6baa3ffa60,0.5211809549859332
ef5245dc0733939e,0.4856882971241012
26d625d3997169dc,0.3577076625507971
ff9580c0b2b1a370,0.6900188965301657
bdad383d41eac454,0.23326368005626757
a6bebd6247dce4a2,0.7294374648327604
846ab5063b60d099,0.7550459596748984
1e342d4cd0cd2bac,0.5280175406376992
b111d554bd56dcf7,0.5126962449202875
9ddbb649643fc0ee,0.7146366286339481
0dc9c8998b42da67,0.6837206978743358
80444594c0d4b5b8,0.48070013676148793
9bf8b2752ad4d752,0.7576214520162552
794812675f553fb1,0.573121358236949
c60c7cf09844c202,0.5697512386683339
06559b4012a85953,0.30980598624570177
dde7362e34a81ac2,0.5290616208190059
fa1ccff8a7481b47,0.7239005353235385
89c1eb286bad23b4,0.23249695217255392
b389067306356b78,0.5840552360112535
a4328554fc4a45e3,0.6029008010315723
fe2ff0422ecd1440,0.439730075804939
e1f0e9e0dd1f6a8e,0.582783440137543
e431bdc8db1622e3,0.5263808377618006
54d5ddd4fde3db7e,0.23371555564238825
d6a2262fc314d2a8,0.48646915442325733
e7039d9ed0ec0c39,0.2408902469521726
357fb25344e0d8ef,0.444500046889653
8479ceedf945cd0b,0.5514221280087528
30e12f447d932d19,0.5745682557049078
a33acfadc007c5d3,0.670290360268834
32b72fee7f2bc37f,0.3930961120662707
e2ef0cf7c0138e95,0.7180156611441075
c53a5098d3feab43,0.6828129610815881
2d1a504956a9bc59,0.2765526140981557
5b9d63bb61f11842,0.3989878985620506
f8fbcd4440a074e6,0.6115699085651766
c18b0ab8490d1c66,0.54448353782432
18cc6b0ca558d790,0.7153073421381682
c78d6d8adb708879,0.27214175523601125
928fe114a90feded,0.6276342567989996
806b11fae1f6bd45,0.42055044935917474
ac8d5b4456a25f98,0.3776835026570803
0de3b4e998fb61e4,0.2749723976242576
0344ee3e70daaee8,0.6077750781494217
9459a694f708e7cc,0.2389243591747421
f8f24bc3cf3562cb,0.4298692052203814
fca0d01a476eb58c,0.3802685331353548
ef25fb3354e1c732,0.6030162394498282
83ce56a22c714f81,0.7460252422632072
781864846ec190fd,0.4277631955298531
99c27791616e6a14,0.5567273249452953
f00a56545441ae1e,0.36542914973429197
160c77c56d0bc3b3,0.25490985073460454
6bc7f7e6a8dbe398,0.4556244998437011
565c31dc34339cb6,0.6850136644263833
d47a57dc58d8cfca,0.5487196623944983
7d91fd093f331634,0.7258842060018755
a33fd6143896a064,0.22182899343544854
af6776fae916125c,0.7964268912160051
eb63791dfd566fd7,0.6664455884651455
fd94632e98a57fd7,0.6930615739293529
7afa48755b2905cd,0.7453487535167239
cbfe89a23b516339,0.5822913371366052
bc9eb4d602b27458,0.45141281259768673
fb8b7e3482eaa33f,0.4591867458580806
0d172dce11eeef53,0.391910561894342
6cb7efe2f15a8b1f,0.4650887074085651
0b234c8955fa5560,0.2666828383869959
1564bc14da2389b8,0.6819222217880588
11d440c4ffeb2e60,0.4014413723038449
fa46240b99291663,0.6414847686777118
52eb5978e0a48397,0.7137700296967803
bb2cb3fc47f785b4,0.6802132971241013
bd402ae2e81bc456,0.44521273835573616
5b2c73c3c2fab67b,0.22440868240075024
558785e2cd64bd4e,0.7511119685839325
d8d0cdd0e630be6e,0.8090516880275085
54a5cf67504e37cf,0.5555403758987184
b7225c4787addde6,0.37981448108783994
2e444cb3f4217098,0.33948687480462647
ae6ea7b6c44fe6f5,0.6536326195686152
8917e3ac1e161b77,0.47328416301969367
ca8e1b8f4b045be2,0.7593796420756486
b16a002c43cda488,0.7295830493904345
38988311c0c8e2b7,0.6442621991247265
40ac9a289f991b8c,0.4677953735542357
83dbe87c0f3ff118,0.5423807713347921
d8412746401ef6ff,0.3071551266020631
95a1b17435300c3e,0.5600051344170053
9576e0a63d76b324,0.40580022663332294
8e43c1faf8514a42,0.2644806892778993
64462847893bb0c3,0.6671335182869647
2e8d60596fe0288d,0.3118774968740231
e3064eb18f25f417,0.7101776883401063
5c24da1b9f2ac392,0.24140359878086903
ad26aaf8f4bdaf41,0.502478739449828
a21097bbd8645f25,0.29906552829009064
cffe1ff942479449,0.3062036964676461
39170ff154aa8058,0.6555060253204127
0e2b77f6fe4d94af,0.7444923765239138
4fb4ed274c87cfd9,0.37343891450453265
dbe218b606bf3cff,0.5531676422319476
b1ff3f405ab15e62,0.43103227180368864
b77bd0eb977bfde6,0.22466247264770237
c65c01d13c9051fb,0.6958124687402314
9f7d2bd32579e9b3,0.449088515942482
1d42bbb95380256d,0.6662209284151297
799c5bdb519f3962,0.5390605384495155
af54b26cbb15ae3e,0.46648002891528606
9ce958c47b1e7d3c,0.6242692911847453
d39bba0520b226fe,0.47122647702407006
c4923735c16e8881,0.2257097413254142
43506b20fd8ac430,0.4458041770865895
685b0ab35ff084e8,0.706956963113473
03212fcbf4fcc22d,0.6640773132228822
7aff26a87411e8ee,0.7236965497030323
9af789cec1453f89,0.3319386917786808
41f2ebd04afb728d,0.683092341356674
a3a3009c55baa210,0.7765948186933417
688382bd40810598,0.5178492614879651
42cce10beb6c55b1,0.30758158018130666
59fe211f9aa2b83d,0.6457884456080025
86466c925086fe3c,0.7283170209440449
cd36f54626e83a21,0.34311818146295714
ded728c05e20539a,0.6895740035948733
0c7fd3a164040b3f,0.6570650633010316
614f526f552a972f,0.3276017310096905
cf076cf42abbd2a6,0.3745991520787746
e20135d1136fb289,0.37162841122225687
2b40340f15b07950,0.6502066583307283
92ea7f3ec80af25f,0.6986489957799313
1de6db095fe81c3a,0.6503112027195999
e13432ce761076fd,0.5051625390747109
ae126eb3da41487a,0.32312709831197245
05436df37c119ff6,0.6554168763676149
b9203ce854a26300,0.47226467646139425
e39f8336b7fa1f6e,0.6707459753047827
2d031b0318ea5a02,0.46374839402938417
54304b5c419290ad,0.2893065723663645
e9b3e8a0a4077e28,0.24736489918724597
1dced917867d765e,0.6893630118787121
c004a070a93054de,0.7305581744295091
3fa194a91f4562c5,0.4629283565176618
76d5a2300ca56933,0.3320007463269771
993bd3c445b80c92,0.5410993748046264
16eff5adf0cf07a9,0.7469092528915287
19f4c91cd1038cc8,0.32730861206627065
4ace42dbd199d1b2,0.4132309823382307
8232534ba45ef07e,0.6298918255704907
a2eb06ecbdb56bd2,0.30364793294779613
e33ca091fb503e03,0.5862859370115661
8b65603997a5d0ae,0.3847631838074398
c4702fc1a3b838e1,0.4258597843075961
0a2ca915437c9a04,0.2882544193497968
6e4d60a1e5913350,0.31828233041575493
0eb4def034c0e542,0.7242876953735541
0dc7bc6ce45f37c8,0.272090825257893
69c1bc9b1691880f,0.5776929704595185
249619e3bba248c5,0.5080950336042513
8a0925f386616243,0.5188697835261018
c609c9019d1d7b32,0.7092654774929665
dea132cdd56b9c8f,0.707197600812754
24c6ff18b883edd2,0.7701072678962175
06ea151cc4ea5974,0.2973598546420756
dde1072c2340c07c,0.28310800250078144
bf6234d11406ea49,0.4319312675836198
610c0fee53d0cf9e,0.7115856869334166
fc0691273040fddb,0.6482780048452641
46bbaf2bcdf5a362,0.5513707056892778
6f4198d004803569,0.44299309940606435
3f726ca9a49e022b,0.3528660128165052
2263ab08ec01d546,0.3316721319162238
dc2a61d22023b42b,0.7527504063769929
9cb03c429bd54976,0.20654436542669585
d3d5427c6c9640bd,0.7219951703657392
a356aac05b7d44bf,0.39429392388246315
2c28820cf1ae8254,0.6891906924038762
cf49994228b74e3d,0.4298863394810878
ea984ee0501b30dd,0.4996878086902157
3639d96562366ada,0.24724289621756798
007d989968211b0c,0.35191699359174744
47b004a1df7ac9c9,0.49021981478587057
f09cbcb79049a436,0.6903810409502971
d3e17fc998bf6787,0.5009744256017505
0c6c8663f624c58e,0.3065491051891216
52720efef03dc54f,0.7520835065645514
c6a5cca33f57da61,0.3807041809940606
b1208369a0074122,0.40924781572366364
b0563e971ad0dbda,0.23292743435448576
a0bb9373f1dff1b6,0.6601675523601125
607b5d747f350fa9,0.7042455767427321
8945214e2c9cda71,0.7079661769302907
7fdea294906af44c,0.6708710886214442
1f3c2f31d844d10a,0.2807260198499531
248eb5a4a5179bb0,0.757561487964989
f7522ca250fc8477,0.4232879102844639
3ac3d9675fc09e64,0.5412145592372617
b65116a131be84cf,0.7107545717411692
7cba939dfaa4fb1c,0.7151144771803688
4e484a321de70373,0.584198249452954
48c00464ee810da7,0.703517989996874
11c760a8108e0ab5,0.7381053884026259
4ece5849758d2bbf,0.47519405673648013
2d34cfaba66dade6,0.7416901140981557
597b3aa023ec1731,0.22548370193810566
65e095698c6b2018,0.6434565176617693
d4685373bfa64d8c,0.35534564707721156
b2a24aac339b046a,0.4953967020944045
d018e1502c830522,0.6860606244138794
b4a5d705266bfd48,0.4507150007814942
1bc1ad21db736edf,0.48815618943419814
3584862144963b16,0.42425236011253514
64acc3b4a0341a38,0.32295917083463577
ae1b7c2913418b6f,0.26233197092841515
5ff184c18b029b7c,0.32875944045014066
d407cc2c1f68ef5b,0.7109874374804628
10610f40d2c4beb2,0.2967625703344795
a8e72b280bf38b81,0.4024073929352923
4802ee9701571a2d,0.7541916849015317
c0ba503ad79cb130,0.7597774304470146
a428e18a2571696e,0.525934131759925
d973ea3bf88a0f3e,0.625646909190372
cca48a6fecdefbfd,0.5313535050015629
387eb4b1c9690ed5,0.29084525242263204
f9b045f246df515e,0.7008450883088464
b8aa274fe0062de8,0.7605019146608315
9d67fee3adf9e1fb,0.6707012191309785
3196cf2ddaa8893c,0.6451932596123788
c6cb67394ff79930,0.5784368669896842
b713b9f13a1a825f,0.49475559159112226
0c55301e8a9a0e8b,0.697565637699281
06cf6a66edc51d64,0.7463912511722413
73877568d5adcb7f,0.2974001523913723
6e713b6c6d9ff701,0.6359352844638949
35b98290788b0e15,0.7389038527664895
c1699d21d21f249c,0.4586648874648327
4d4b1f0d9defbbe6,0.7287880626758363
c1eb4bc9fb4e0c7f,0.5795305212566426
ac64ea4bb93cb2ae,0.660456967020944
a6c0198d0ade9eda,0.7013988746483276
4ee5d36590d4f29e,0.5495516802125664
39d7718a5529cc62,0.2363723585495467
4f6e36e222d122b1,0.44613706236323847
f7b65c4533428cbf,0.7457166419193497
32839e57f8e1ec72,0.5365752891528602
0a631a26c3a1a8ef,0.6811569357611753
42ae365efff05b84,0.39758330337605496
aaf16c83ac07884a,0.5977135432947797
e3fe57ec38bc0cae,0.437269095811191
a269d748b94103bf,0.43619407627383555
29320c0461eae48c,0.26620734995311035
98b75056b390e87d,0.7070882893091591
a18aa53890bd84ac,0.6620083658955923
fc5a2a2354cb11ed,0.33603769928102534
912408725cfa628f,0.5000830064082525
6453b1a068b68ddb,0.6759660128165051
d95e854d614ff5a3,0.6147399499843702
85a79337144b2a84,0.4467442130353235
b5e18d3eb66f6250,0.282533440137543
3b90fc3f1087e3d5,0.2695777000625195
36f89bae0e5df26e,0.571265270396999
7de9a21c9a6df7bc,0.777151988902782
4ad662d48155a76d,0.5901365153172866
1016d05cc8d07dfe,0.49384360737730554
b0a028857d9a81dd,0.5329269341981868
c7da65ddda5ab002,0.6697982924351359
8faf1048140782ab,0.48787671537980626
d0f1cbe5f5c2cc97,0.6851914387308534
766a85256e2db000,0.2900313652703969
83f8495a5ff0fc2d,0.26854990231322284
a57ac84facc6651c,0.717763601906846
3e18333d2d1812a0,0.35198866442638316
2e2c93c0b28242d7,0.6674742302281964
290025e556e7a964,0.39181544623319786
34abf7197c7817bf,0.503330900281338
4c990af23095a8ad,0.7570474406064395
b30f0e7ab6ef02e6,0.6407198929352922
955f054ef8ac2a98,0.7978582799312285
efdde8377abe8fe4,0.5613951117536731
cbfaa9b940f4c2cf,0.6796058182244451
51e64153531937a9,0.7496149773366677
3b7b80317148399b,0.6941462722725852
b1de8383db45dfc8,0.6257956236323852
0d3f9429ecf4d4c2,0.2723709049703032
c4499c39e29ecf53,0.41425078930915915
7800f7a3f936332b,0.27662539074710846
b837532e3fdf4a50,0.43459012582056894
c681da0099cefd6a,0.33936641528602685
c7acb3b5705e68f2,0.3086372811816192
7072f5cd32c791ed,0.703378825414192
00b5216b2f2dfa33,0.7301949593623007
b2ae02f82d15b4ad,0.533999308377618
5ddd4c1db54b9114,0.45356538762113163
3e6fa59b53549aa5,0.45902523444826504
6b853eda68180bf6,0.6783722725851828
0ee247af650122c3,0.7828366286339481
9e2c6c5193f21067,0.299308905126602
6cb5b3e20565dfc2,0.7601704438887151
dedaeeed301662dc,0.384786902156924
7244a91f3ecd611f,0.2826326391059706
d5447b494619e05f,0.5338270748671461
d114e64d8dfca5ca,0.2812279657705533
762e061721ae89c2,0.3027645396999062
0359613691f7c01f,0.5021436464520161
ca90a47bd789f6fd,0.6561446858393247
b43584123f43b018,0.4528148913723038
0770e000ee552df7,0.6500298452641451
b396a1df0d592f4f,0.4001624882775867
51ffd9a173cdec87,0.776959088777743
38e628d583de2dcc,0.33755918255704914
5e444909efb4f076,0.4646896295717412
147047e5cda600ea,0.6740229603000938
02f5e786b6ca732f,0.3437130626758362
b29abac474eba51d,0.7352731713035323
14f09256775b5595,0.6297801266020631
4132a178395f2d42,0.7354824320100032
3ecf5a5ba7668082,0.3389420522038136
f7b8ef9f4baa3954,0.7441944318537043
344ae6cefc6e5e28,0.24379085651766175
9f8993a4d3fd8c66,0.5029005939356049
02fb2d64b2963430,0.547260796342607
cc3e88fc10db73fd,0.6922731283213504
e1b25ee0d1bded29,0.6340906025320414
6811aeda7c48195f,0.5392336042513285
2caefea2089d3348,0.7026951703657393
06624c42e6f173c4,0.7754134846827134
18d0862452891d30,0.679937269459206
aeff78b9acbf4d71,0.4419223038449515
3c4fb720d11f542d,0.3292264301344169
ccf649ea4bfee844,0.44575301266020634
72bca5a449e85cd9,0.26115866677086585
fd6a74697a1a9ec1,0.2829506330103157
a629bcd8e7727428,0.36556203110346974
4234c32600399d7b,0.708440774460769
dbf0f354d6059039,0.3097357260081275
3807b180f301e7e0,0.5480179470146921
5cff8cd0dc4c326d,0.4740148171303532
a28550e03a14c9e2,0.6935751445764301
244915cbbfabaa93,0.27188626133166616
f5d28c37e1483258,0.443729337292904
625d0351dedf957b,0.5968525515786183
daa98d98f6971d07,0.4898016489527977
aac141e3478df5f8,0.4774923726164427
6e2d6b44bfbd409b,0.6350200648640201
34a46acb36dc8ef8,0.3839159307596124
f709bf78e6f0fe9a,0.40678553063457323
573ce0864f1f1a1e,0.38101595420443884
d6421a369f95b35a,0.5549964442013129
6c74b5b293b1b97b,0.2992022389809315
51cf0713d5fbc070,0.6239718075961238
062ba7304652bc27,0.4250349327914973
930853397c388814,0.2858234370115661
2e48c840c19e48bf,0.5437273210378244
2a51f116e23cffb3,0.6125051344170054
070669d7057f8aa5,0.751479520944045
967936eb15802a83,0.516796545795561
83ec0a0ff919a926,0.40452265942482024
a35f4a25719a4b95,0.2625216981869334
e646bad2986e850e,0.58830165676774
8b488afbcc578dfc,0.561754012972804
13ea6594c14a4026,0.4505043216630197
d0e536523f93f64c,0.38183251015942477
0e5ca22bcfd8c5db,0.8091224366989684
9fb1e891c08b715f,0.20219216161300407
7199fd0ada65fcc2,0.4369020475148484
2275f9dac244010e,0.2694842841512972
24e5ed05f908296f,0.41018306502031887
6cb602b86bec19a4,0.6098540911222257
9325343b0fd3d676,0.41165361831822445
644e5f81463951ba,0.5198945725226634
37046a2dda9e5889,0.5973018834010628
c7df199599dc296d,0.5185644928102532
54e463d760c0c6af,0.2720801773991873
9bde8f101bdb4095,0.551459866364489
bc5c320666ed7ca3,0.2798988355736167
4e44d72109230bfd,0.5656624921850578
235aebae2ca0d45e,0.7135523835573617
55a1d48711c4359f,0.4080047085026571
c1ec685fcc48d91e,0.5785707916536418
a51c93906bd78ab7,0.5732627813379182
207c0a6423cf7a33,0.5171930486089402
c7693bad80c482e1,0.5617109878086902
36b92309f6e5618a,0.49230513832447637
26ee6d56130da0fc,0.6282768286964677
587c7d36156381d1,0.3743668216630197
50d432d2b52052b2,0.5030771334792123
b738afb14f60d587,0.7665411964676461
1157c08c11e901e9,0.6488284737417943
cfaea6958357ef1d,0.4643204595185995
d8b3ec80ec080d08,0.7245101750547046
809c8f80468b1337,0.5334639731165989
1bdded460bb636a5,0.701648237730541
96cc52a1a3f13e6b,0.4382739020006252
c97a25af08369f73,0.28927419115348546
0de5d7bc5b46bdc6,0.40469970303219754
c6eca151f8576037,0.4727237339793686
7ef7f606745e05ec,0.23597931384807752
c5ea9ba7fa065f8d,0.800705529071585
63142c0d75cf9aa4,0.21217632072522666
c396e609d01a9bcc,0.25070074632697714
7c9db70c27860a32,0.5659620467333542
8dd4bb6eda603b43,0.40796900984682716
d5eb724b5ea43bba,0.7209574828071272
e7e9bc7d5e2e5674,0.6518523718349485
24b3176d5020b612,0.641522467958737
6fed295aff782896,0.783714715536105
12d17a3ef6b47faa,0.7255228000937792
2c550aa9cd671368,0.30413202954048135
df00e28247baf9ff,0.5948350929978119
9449a45c9d7b914f,0.38638266645826813
9a8393310d9b352a,0.5204485894029385
e1b1b6a194b4b1d6,0.37042341747421065
7097d3e397e94525,0.3545365934667084
e3d1f895e94e8bbf,0.6153010315723664
6c46ce4b2303ecb9,0.5089771920912785
999760aff655cfad,0.29514451391059704
6d526f4593563124,0.4732198108783995
467801b5de42246d,0.6238212644576431
81c9cccf75c1503c,0.35601472725851824
bd1aa64c7a5dcc06,0.3131459323226008
df1a75c489d95957,0.3242983705845576
7e6ebb5b237b817e,0.3861625781494217
1aeecba2c7866fb9,0.5968230306345732
14269028868b89d2,0.35141317208502654
5ec456826b243dcb,0.4046776531728665
e574a546f8e193c1,0.7335204673335417
b0ce65cf243f3ae1,0.6208410167239762
8b8e8a00e6e1fdc9,0.314998894185683
4a87b2b000e87686,0.640855489996874
1175204fe5f8cb6b,0.3680569826508283
50a79bbfcd719a29,0.5959237847764927
0d8c215cc600c1f5,0.47221851750547045
3ceb989ec05cb0ef,0.6912007932166302
c7ea3f3ae516dbc5,0.2753183416692716
060631dc9f8845f2,0.5909438027508597
4ccc3fe421151149,0.3836025046889653
fd51240f58f2ec0a,0.24868456939668646
9bb25b00d30f4ce0,0.2704113863707408
1e633867010ad35c,0.3596932869646765
90da0c9b099080e2,0.5182010198499531
f3ba8015df41ef05,0.6186859917161613
7006c751c11cdc01,0.5186692130353234
db5b922ab7ac849c,0.34413229524851513
8ed9c5e3ceb94d30,0.5104025984682713
32bc573af0d063e6,0.36138749218505783
b6f5ace9b32140b2,0.7050148093154112
2acea7857a236b62,0.5625041966239449
2dd5886a7dff0caf,0.6111060917474209
cec7e9631578eacf,0.6990816036261331
aa1276a52bb96bae,0.6946708580806502
f90658bc8d521271,0.6148632306970929
8b65638e31a74f80,0.5259353665207878
233d4e0eb18d8449,0.736357197561738
95e779988eaf54f9,0.5659739957799312
ce033e0586a41f4e,0.3743804157549235
29007abfebc6bd71,0.4709414973429196
37555eedf932eb41,0.4799246834948422
43f0b7fdd64e4d62,0.42109036026883395
48d11190742f10b8,0.7682217450765865
54167e2d347acd9f,0.21901764613941854
adf2b2540dad8766,0.6612642427321037
aa4854b6b5329860,0.7607633948108784
371dbcc2d3dab4d7,0.5102638910597062
29fd5cd58cb38dfb,0.7663675718974681
276d786a03dacf69,0.4553045092216318
90290aaf619cb77b,0.36340030478274454
80904c6eddcf06db,0.31445184041888086
5232eeb9a1fa8f60,0.6543039699906221
6205daeed9459b81,0.37403800406376986
6b4abc5da4e3aad2,0.6088882033447953
ecce281c5f6153c3,0.6941248202563302
926feb1c20abd0b8,0.19469471319162235
64874c60d39dc86d,0.7584174742106908
1868aaf30c77d6e0,0.5721847139731167
52e964be6dd475ed,0.7971095264145045
4404ade20ca8acab,0.7969555134417006
f6bbde7cdf6430cf,0.7880659190371992
6f9ac9a8227bf174,0.7603505704907783
e4afa0c3ef07f2b8,0.37409396686464524
a85d4f04f63f1f8b,0.28483281494216944
7f3411e87c2708d7,0.503199030947171
5be924d7d731a308,0.4688954712410127
41ea202bf96f7295,0.42805545482963425
e7d3e68c097838d3,0.7140178727727415
c21ded045b04b1d7,0.3950236949046577
a87de56d4f2dc966,0.22989935135979989
b073cc5a7d5d1fc4,0.4485327446076899
cdbbb57088163b02,0.39987542591434816
97a093dfe9e1eb64,0.7126510120350109
68aafe54d00b3081,0.5617801226945921
dca611f4099c1df7,0.3270714676461395
068c9856fb6bfd0f,0.2552863980931541
ccec2927e56ab3d2,0.20113610503282275
f4239e382087c8d0,0.7476929587371054
a37f1921e2ae64c3,0.48150153172866517
abc7d40ccad7d04c,0.23560054704595182
7be1ba405f826136,0.7110821506720849
82f1ae3eff7b57d1,0.4612200414191934
64bcb6835fcb93ff,0.7530116872460144
8a7d498479d37ffe,0.492595107846202
ddd893f6f7c67340,0.2994154462331978
63438b2313c7cb87,0.34366704438887147
