id,label
6403a3f8d07557bc,0.48825257372095443
1b1d097ff5b144e1,0.5752746040429301
08c7c3c71a02ca8a,0.7933107950401167
7f09e9039629a38a,0.5693321155048453
1fecfdee265e685f,0.5962569422736271
2b1b1ab99f54e1a7,0.5095069214337813
f893cdb025b56c89,0.6555568003021777
84466d5fc69b1dd1,0.7297118604772325
e0f419be2a81cbff,0.40689332343440654
d9e55e1259c7c29e,0.7193786964676462
602d7f4b0882ec4b,0.5917308130144838
67f2f87cc129d7da,0.6977505678857977
eec96ea0e1c9f7cf,0.21124771022194433
d85127e773ec4820,0.6055025750234448
9e96822b06b0f7f3,0.413096354329478
c6489148a3f9498b,0.4042594013754298
ad5ca801b22a4eb2,0.23784720615817442
22e01b671e9f12bc,0.3504338139522768
4953dbf3e113fbdc,0.32431497473168697
95397470f084bc6e,0.8261498397936855
ff39045f375a9792,0.38822542200687715
893575902a76b6bf,0.2798256955298531
4d9211d2b44f7d9f,0.3934184992706054
8205441451789e41,0.24314667474210688
5ade617aad761daa,0.8066403185891424
7d8bd74eaaf831a8,0.6575572639887465
3a4abb16616fb838,0.37395317026154007
6e14ae545a54ec6b,0.7215095759091383
a6d127f7b7a19a79,0.7298505066687506
e29e33c4a6eaf6fb,0.501587269459206
42b296aec3a400d2,0.3434277287173074
238a42187f0c12de,0.40363083124934873
4c99d80ab952e272,0.6657046694279463
ef909ea8db65784b,0.6971938496405127
53283f9869842cd5,0.7875136631238928
fa99ef0b96b51157,0.7076962436177971
3cdaa31c37582a6d,0.7611972426279044
e007009eea08f15e,0.44612832265291236
e46769b586a6b83b,0.8019882671668228
c77497b63a864028,0.2880136943836616
bceeb0086c625fac,0.2928086146712514
5abf8e5791e5fa94,0.854646959987496
0b7d89ea3694651f,0.656377474731687
ce60477eea0a9007,0.7704324385224549
847baeeadbaba41a,0.4583044375846619
aefefeee7da6b616,0.7378033630301136
321cc4b04985f915,0.5229433078045223
590cfafdd102ec19,0.5149682270501198
0a3027ad8dd82438,0.27988357038657913
01e58c9ae88cd390,0.3184219144003334
8f5eb2d903aad722,0.26710053011357715
3f1b90f008fcd5d0,0.7288434380535584
9e55098b34909114,0.6996943992914453
ed3723d6f0b305ec,0.5163803441179535
e1d77367315c8c64,0.40209900880483485
b97a34687794c3cc,0.24275173752214232
2d9a8bda25c031b1,0.2535862769615505
367427e76fbb967a,0.5157329920808587
2d1de7cf3363aa2c,0.2929586993331249
d69cf5bc1f0112f9,0.13349579165364178
2a75c552e6a0103c,0.7944173621965197
943114c642b7e30a,0.39171788710013544
5f4258edf6c1b382,0.2575963660518912
ff0a817eba03cc6b,0.6889223285922683
c77fe2a4fb942f02,0.6799842750338648
df587d726667a5fb,0.7940142765968532
8c09d6fdeb48dfe5,0.34642054939043454
564e16bfb829c7a8,0.1865686685943524
e592482dff2b62bb,0.17648022038136918
33319a7020313788,0.5566976958945503
4700a73d634e28f5,0.8085544180473063
e5d9aee597bb4052,0.35848786860477233
b93533776029ab4e,0.7817080611128479
e9274894e7ca5d48,0.16879383270813791
37e126228f093cb2,0.4483291835990414
ee5e8daf19a62436,0.7974788202042304
5c2af7cb33fcb9b8,0.4907833658955924
dd6cf914fd458758,0.2965282197561738
7943edf1ba3d08c4,0.31965232755027617
50dccf68b6d84c9a,0.44066314733770967
71b1d024ea8e0791,0.4602414986454101
a8ccfbc903739855,0.19577669193497968
bbf9130a10bb2e61,0.2851675966447848
41a2cd1fb3af1f62,0.6545982234031469
e5b00c5e94bb1efc,0.5231348715744504
8a2951b875e32f95,0.22759247290820048
4b4241c32f2ae2c3,0.3684834505574659
8beed49416c057b7,0.49267133479212255
1cc185c7cde5f29e,0.792205626758362
635d0e269bd151c8,0.17347773653224963
9eb98f9a7202dfe8,0.3003788319266437
c224615f7e3ecda9,0.27501060748150463
f93a14286735bede,0.33974450739814527
c118092c44e808f2,0.7022204881733876
0972b7359cd12fb8,0.15898867093883504
22318b12ec6eb14f,0.6518873723559446
9c92d4068021c258,0.7352734357090758
053aaf6bcba9464c,0.5253619477440867
966f0341c7d1f5bb,0.3784758114514952
624826d8d4f7d476,0.3258918451078462
250e83ae550b1992,0.8714215757528394
9ff420d30b835836,0.7568615622069397
f74cb9754e9ea82c,0.4791349835886214
8ab5a2752e698725,0.46796952042304885
56957aca1f34dcea,0.6098072574762948
a6c0cf21bf0a1be2,0.22263323825153694
427e6266110ac72a,0.7671658929873919
7b84fe626f3ebccc,0.5599606856309263
6abd9ee5808aa267,0.31827459753047826
15aaf86082111e4c,0.5810272259560278
afb1bcdc94b9bce3,0.18708679014275292
93a337e7b4fedfd4,0.4908978105137022
cddee4f1517d9dd4,0.5120557921746378
755140c7bd8e7223,0.4457621444201313
0ae88cec371ee0f0,0.277326062832135
08a9f02754051fc8,0.7473720407418986
4bab179b9218d454,0.449977888923622
2af9aad0b831d3ec,0.2584281416067521
7d330fd87e35ee09,0.6062885862769616
d79f0de699294b3b,0.6563781559341461
652a8c0826eb2609,0.5913422228300512
2ae2ef63a2565c3d,0.6099376771386891
1bcffad3764f7c4a,0.3453102740439721
707e78f41fd82174,0.26022368057726375
e4824a55ce76b702,0.17631296108158795
993182bb80730c31,0.5636554795769512
dd67c105d030f636,0.7442767062623736
3dc4dceeeecb58eb,0.6455857937376264
90a67d119116b976,0.7748884859852038
a483f8d40e026f5d,0.2458354733249974
3d24648e710fafb4,0.35602546238407834
9104c44e8910b122,0.29093775789309156
47b77ad7aec9f1dd,0.3634340679378973
a66cc4155a0edaca,0.632546523653225
1f4dcc29503e1a4d,0.5662693211420234
0a295834d6044914,0.37155426174846307
bdce8615df21ee2f,0.19634942299676983
694b4d3b1ed04c61,0.17531463608419295
ffd75ff5c92f624d,0.6849100448056684
717e992041e77d9a,0.6203872759716578
eb5157274916100f,0.6057907236636448
b77c5c610fc74da8,0.27125883609461293
41d2ba14e653bbad,0.6831398900698135
f2b612c9be07aabe,0.553890327706575
3451e892c310a998,0.4488606374387829
2ab24c04722d8bf6,0.4177779983328124
38ded7c17115e7e6,0.6509845146920912
afed8219aa70efeb,0.5482669493070751
1e9c4d7d2de01fba,0.6164587045430864
c1bda90e9a3b9ec3,0.44703003021777643
d406fda410e7c177,0.7825366364488904
f49753bbcfabdaff,0.4651011839637387
4daee2e232e58a56,0.7749024499843702
858a9c1611f558cb,0.4554128673022819
05b0a9e8b1444d99,0.4316377813379181
8b2ac5da79a42e4a,0.7013913944461811
222fc0675ea28b67,0.25441910102115245
77cb5f88dff15921,0.5351862196519744
947d5752d88dc00c,0.793823000677295
309a531dddebb471,0.6478246535375638
7e5f9d7d0cdf5a81,0.3863064316974054
6dfe2ff41e67b01d,0.4453790442325727
9a51f7696f388499,0.48279641163905385
9c5cb5a9b9b2b4cb,0.6353115856517662
bc7e89abddb2aa54,0.874535331353548
5d3eff0bafcd186f,0.6535684862457019
d592e9d5579075d5,0.24266042773783475
475f765f9fa22959,0.7476865804418047
71d36204d6040aaa,0.6427954972908201
78119b8ffb9aa8ab,0.4207511709388351
09d1e9b9b858fe18,0.6962076378034803
ba5f5f59e3b0b755,0.6466922970720016
3b7344f40bf64734,0.46038378269250807
1f72c876a5e3738a,0.6571126562988434
86262f7438a90d1d,0.5113835690840888
3f6e10ed3e6a6303,0.8363208020735646
ada42e94aae1a58f,0.6889383166614567
b5320e4cd134414b,0.5500741234239866
ef83ac91e80ddd9d,0.5062352414817131
b8a457f0c9f14bef,0.4235137100135459
74947cda3decdbb1,0.48147426539543603
a39392c735bde1ac,0.4118402769094509
afb321701a74d5b0,0.32321146712514326
df401b9701e04299,0.31831971709909346
c9b67772b4c4f44b,0.7241525580910702
b5665177cd7b6c5d,0.18956295587162655
1d621e5fa6b0c45f,0.32550595759091383
2d595ec6f4c2524c,0.3720135224549338
6a96a53512d24696,0.3601186529644681
b3a68808640b25da,0.4017998697509638
cd9f2b2346e70af7,0.27984503230176094
d78d162e0d903e67,0.7466692768573513
512b0444982361f4,0.840257867041784
36f4f9a58e05409e,0.33100899760341773
e4b4fc878504822b,0.4398429730644993
d2c6c32ea3387653,0.24218805876836508
62d5596d1fe892ad,0.7122006772949879
8756eb85074bbf32,0.23146629675940397
9120f37fb674d8d5,0.45035048061894334
ad529a51765d4ec3,0.3376902026675002
f5e98c69a45e4a76,0.7102630001562988
4e8ecc5a6ef67336,0.542653872303845
e26f37d892f837e3,0.6385055811711994
377bd33e8a9d5e7b,0.4455105345420444
7277e822016a05a5,0.5688424064811921
94fed9a4092a19bd,0.576815731478587
28d304cf97ca614c,0.56013267297072
5a5195df47e373d6,0.18076661586954257
ebc9acfa1d364336,0.2798407471084714
5d76c6de5ee62843,0.5053066413983537
511d1dd15e99184d,0.6610714207564864
b6d744f202fb4a14,0.8047963960091694
43c3e8abee7ceeda,0.6166071181098259
41afcd725afd0bb9,0.5713746522350734
bd4f0c1a61da90cc,0.8248678701677606
ac5e8e6812e3a526,0.5255477922788372
61843635f4d407cc,0.8460081223298948
d643d4e6d84db59f,0.625896156350943
5c0b8bce49a0a773,0.8124855176096697
7c6020b2e5dae41a,0.5435580324580599
4a6f26c4ccfa8a2a,0.3006953305720538
f5ff436197b8129d,0.5471686477545066
27b8587241bf56d8,0.38856884573304157
a198a7b963854e6e,0.34569939043451076
8661667952751501,0.7411361076378036
282a1321ef8c1306,0.45888118161925595
db3dd0b21b03ce9e,0.5628193862665417
3bdc9a83d65a78f8,0.57593371756799
2983651d59dfaedd,0.7543389757215795
ba2be23d69668658,0.3109565450140669
89d58eb00d13e4fd,0.40861780764822336
d2caeec36f4769a6,0.38889992966552045
dc23c7fae5f57288,0.5380665846097739
c6e284593c89d176,0.6534015252162134
523464c4f48eb02d,0.793016419193498
cc7624fbfc77736e,0.7330677386162343
6b0c371df7cfc676,0.5460851359799938
986e8a5497d243a9,0.7679994581640095
0880ed3a1a77013a,0.5729113980931542
791d60ceeffd7ccc,0.7807412889444617
1fb2b452cb819b3a,0.7256416562467437
6e683e5731d8aac7,0.6588948799103886
d752f92de2b858c1,0.37715913957486713
91654f6c88bcc480,0.31375714155465245
308caeebcc6bc059,0.42716471683859536
0a092e2b8c9c06c5,0.6036450323017609
e29749c7cbb0ef48,0.2317480697092841
02521319f8872bf9,0.2337162342398666
f699494da66c4efe,0.542541088360946
060f874ec99eadc4,0.5038549624882777
1a2ea8a74fd54c2b,0.5458921485881005
a98b83e132c75465,0.2811648392726893
0fe8ca7c247fab07,0.7353929444097114
c8d9bcea59632f23,0.5191327980097947
0ab0d9c2a040f32e,0.2803142596644785
a03fc647d8141fd3,0.7236249557153277
1036e1cd53a850ec,0.3129676891216005
519d3f96c9895253,0.28537271152443466
28df6bdb66f8e09b,0.8412928076482233
89713786047cfd0e,0.5695960495467334
6389830954a0227d,0.5290702146504116
8a5f2d2c5004dead,0.21593100578305718
19d4cd44aecb29c7,0.4875910740335522
2ed9718fa269e456,0.5211453448994477
31d0832c9b203b46,0.43307642883192665
e21b68ce26bfc500,0.592679600395957
cf8783ddc0b9bf95,0.18691939408148378
fcd44919c1b3f412,0.7508564811920391
c6e50665e7bf8738,0.5592109669688444
ce0179fa676d128e,0.7663710573616755
423e064e247fe04c,0.6657693185370429
0ebb4ab2c338fde0,0.5467014848390122
37337cc831e40a2d,0.5800239241429613
04eb53517170d936,0.6113405829946859
dac684a7b8635061,0.47819421433781384
a2f354d17d1431d3,0.7235783721475461
8a42e6579214e167,0.41424600786704174
c35d24cd26008161,0.49718534568094197
077789ab8d103e29,0.5620627110034386
5deb9f3705c67be7,0.5206586172762322
dc531f502bccc4fd,0.578934784307596
ab4b4d6c12291a2a,0.41434368422423673
47b284804faf97e4,0.5703567560175054
d46bd1fa92be695e,0.194893206210274
11c536ec56a47156,0.3105141489527977
d5bd7d0c4a297748,0.13735493904345109
d30e6ef239a13f14,0.7290278941335834
8be010237b513256,0.7721367901427529
e3ed18d3d53d8aed,0.3808149682192352
a9f5c2f8c5922e10,0.7719327029279984
05a75c012be2ab6b,0.7935460169844744
a068617fc089ad48,0.4905696767218923
687932e8fcf71376,0.26088265864332605
fedeffd4ef29f976,0.31794310722100655
5d3e23d9b2256c27,0.331636502292383
c6544d7502deea99,0.38922081900593936
096cba9bc78d7637,0.62753321350422
76b587348b5c4d59,0.6283069175263103
62185555ed060f0b,0.5728840653329166
b538966eb4ce164f,0.184747896478066
8dfc12a6712b0903,0.6943305199541523
3ab52adc4b1c1768,0.3803886474940085
463847f9a1f414b6,0.6611366025841408
e93e14d11fc793e7,0.142437147025112
2cd7ea4ff0b97ed6,0.4962441830780452
3cf1ec0a8c671d61,0.2830122720641868
e39df281ee7e153e,0.2571776193081171
272a6816ce2c7c9d,0.4438687636761488
f56230f889018c95,0.6524569461810983
4119f28f6d4d40eb,0.5920101932895696
3e744e15c1c6600a,0.6443172892570594
7975b8ce43d7163f,0.47987542461185784
76519a1ae0dba3b0,0.7328237209544649
6f6aca7dc35afbbe,0.4326653368240075
658aa810bdae773d,0.8104805017192873
41c3618b9180e8e2,0.49719644550380326
7cd53693b2b3a4b3,0.32207814030426174
a450a4bce9f2cac2,0.6815800002604979
05bd9ec45ff54b8b,0.3105330246431176
0d67ef8a9dd3249f,0.5288738512035012
514cfc846a144390,0.6058138806397831
2856a2a0114ba55e,0.7536096553610503
ebe02c0b1c116ac9,0.283336761487965
cc31cb4421bd54a5,0.5761658773575076
d63593c7bd5f72a9,0.7318591773470875
962b8c33b5be069b,0.3198927920183391
40e508ceed1116f3,0.4495901349380015
668eca9c4cdf1507,0.5483741182140252
c15735bac7d4e6bd,0.3120326846931332
09d2cd5ccb05a325,0.5007172749296656
71ed58a8f5d479e3,0.6828081653120767
56fd1ce474cc243a,0.7578230319370637
4c4fc4fe6dea340b,0.8088756004480566
68fcea284ddff8ff,0.7081455611128477
8913329e85f873f7,0.5526582929561321
7a210b4ff6c29678,0.5914108940293842
91bd2a01c0384263,0.7478993370324061
14e4e31c9bd8d90b,0.34501556085234963
410f92d0f317cc8e,0.5131918034281546
780cd523f303a8ba,0.32564440189642596
77ae2af1842fa5b4,0.461064405543399
eebeb3dc997eab87,0.6435116247264769
fa6c4d5205fdd5db,0.8532328631343128
f1798e22aeb3b385,0.8762694188288007
8af0df5286089649,0.630713958789205
6e224e4033db63b7,0.22571010341773468
b8624ae03bb7e7d7,0.18010584557674272
52ca2f9cf118011b,0.7970734122642491
52c5dee14f8320fc,0.5941855553818902
43a4ed5577b3346d,0.5703413501615088
332563e196c7a1ee,0.8404054144524331
cc4b32b77225218c,0.6753488264561842
0b34a503e14e5271,0.8198218505783057
33100c4fe51f7435,0.5277831470772116
6de5ffe2b6664d73,0.2713751615088048
ba39076152cb0ee3,0.5701000937793061
aed179ff9c81f4f1,0.18374217073043658
ea1a9bf792fb6a7e,0.28839467672189223
2f06ce2d10fe3866,0.6105849940085444
11855575a4718674,0.45107732755027613
06d39de4f0e13f3b,0.5494987639366469
5fd7c68abce444af,0.6769878881421277
d464bbc0a2f6ec7f,0.7638148509951027
86a7d5c47fa116f8,0.25768494060643954
a260e587d0fd3fdc,0.8287628894446182
6c07a18d9f02a585,0.7929192716473897
8fd3d88e27ef7240,0.347107301760967
80dd9757384d7ae3,0.4427574984370115
00a0f9038422aeb4,0.545553923100969
dd38ea8c63c0a90b,0.5856140695008856
e23a165731b18098,0.797574308377618
9bef89bb8b6e707d,0.2951491273314577
db5779805bc9128a,0.7724740556944878
13c6185147e496ca,0.7690619242992602
c23ad10e1020a370,0.3992059419610295
cdc252e1304b3741,0.2810293568302594
c9866843a2ca38c5,0.5584502644055434
1193dd7feb2e1c1f,0.18294442013129103
145626c411263ea0,0.4662699958320309
b2bb6e4261a0a280,0.8682092411691152
ce6c9830339e8d23,0.5497354993748047
e5a315b7bb844af6,0.7500062441387934
d85cacbda54cea30,0.3980372395019277
ec609eb2e4100b33,0.6774501341565072
0d785515807808bd,0.6534043959049703
6bcfa2aeebd0236f,0.4345986701573408
9ed83fa2f828fbc3,0.4288630652808169
f596ac3c62688ee6,0.7960061790142753
654c4ca75e7a6d56,0.5066194891632803
162146e83243572d,0.7256580467854538
9878dbf0860838fa,0.5974971553610504
332ca627787dd758,0.8232569500885694
679ad425e74f2477,0.39157756590601234
df5a276859dd4308,0.767301887308534
e1f7d0ae0443184d,0.6617966044076276
a6434286f4234aba,0.6264168164530582
3351a9314dfcaa5e,0.3061667370011462
e19b22778dcddf3d,0.42128640851307697
a98a59904fcba403,0.6262298140043763
efe47bc01bf23b67,0.4583935357403356
a1a862c811a320f0,0.549949538918412
bdef7203033a959e,0.6695961211837033
0fa3fd428635e63e,0.386817312701886
8ed23ba67702fe54,0.7801134456080026
ece14f4f1731d91c,0.74766743513598
ca20fb73d0c544ac,0.33391780504324264
927bbcf7fa67bfb8,0.555071311347296
deffe32d78bf8a82,0.5969932999895802
319944ea096b3a65,0.3784436764092945
19bd6f94f36d44a1,0.51317845811191
6e7447b72d462201,0.37150320021881844
be6959210f99dd41,0.7901092281442117
bc1a4abb3dbcab55,0.34774259273731367
41032395ff67eef0,0.7597566270709597
2b4004b2678cf0a1,0.4562846879233094
469658e2c6728fd1,0.422327658382828
e67a54cb89e72744,0.3038672501823486
0a1aa269dba98abf,0.4045282067312702
746e977975fa2166,0.17332099093466707
ca51e1b6ef04fd43,0.40894218245284986
dd96408688197b1f,0.678103040012504
23b5530f05f1d9e5,0.7415281559341461
da29e21770225527,0.43009340679378977
adb83a06bb93e782,0.3321728886631239
0e4d2b4f26be08db,0.8037477974887985
6ece7a74dc7701ed,0.2252168555277691
e5306d42c50fcc55,0.2196367706053975
4381dd659292aa24,0.2943023822548713
e31ebedf532c25cb,0.4102919675419402
853b98dd483b98b9,0.3724301331145149
2e54b76182ee44e1,0.6736109487339794
338f6834e70af5fa,0.24801652469521726
b5abaa739dbebcbc,0.6582685591851619
5a8bb8464a290761,0.5831306788579764
f0e90b285061c449,0.2642349340939877
e66581f055ee3b78,0.7063545404814005
0a21004c4d12a011,0.4615068393768886
04cee8b938d82d19,0.22988678232781076
c2eb2ef42ef59006,0.480113130405335
4db76ad147f6dde7,0.5035113876732312
388d2efe55423a29,0.8220251471814108
b9875250f7ce8623,0.6677368253099927
e354d93aaeda004f,0.7480718427633635
39e7b31ad6490a4b,0.5102169063248931
a31878efea02ed42,0.43840523861623426
4db06f2609831909,0.7281992732103783
e23ceacf623bf244,0.5571149682192351
5b30a3dce1e3fc54,0.821653270553298
9b09b933e5488d29,0.5248446493695946
64f0282d10422cde,0.3595999830676253
d171c9bf0e731793,0.5764418216630198
699a9d5c734b80f3,0.46905304522246527
79281527b5fd74b9,0.3524631929248723
63b9f2af8362641a,0.6358005783057206
8e20990222b8b1d1,0.5714689329998959
cbfad4f1f811ddcf,0.7059222751901636
a6dde1511fe8d47d,0.3832685135979994
54e8815e9966bb51,0.8039762777430448
cda24d31d8c08104,0.5407074815046369
2e41b0e18fd08067,0.29064394602479937
6e8f4f5c6e28c26a,0.6662252227258518
1f4157812e2bb339,0.5760976086276962
c2d3133094dc0fad,0.24105319110138584
e7e2da8351240636,0.33742650828383874
ef2946985749757f,0.3366122642492446
ae735efdf3a84f05,0.6748748984057518
8a459d7c2b588a93,0.5622022793581327
df0d35696f4b164e,0.6082626289465458
8f745cf8cd93face,0.3297488837657601
7aef10c8e6aae208,0.35668443654266957
706e881832fde05c,0.8244735320933625
03a6674f904defe8,0.4125621248827759
f00500b8110dde92,0.7119620936230072
1475216e327695c5,0.6997123944982806
3fc20688817559fa,0.3425532028237991
70df3ece5d814a70,0.30282605241221217
bcf591e552b3ba82,0.21578249452954046
a04e514a6ca8156d,0.7051834310201104
f83e082f10dc4f9a,0.21200192377826405
21a0898a3f0c502a,0.3572995597582578
c9afe9c2efa6168d,0.3539023262477857
9423152627c5de85,0.7159916406168594
fc5761df1ee97d2a,0.5096969248202563
b51c1517f2b27082,0.3665300940398041
966bd6f4b801db6c,0.7293939942169427
c39f09a3a7ee5d1a,0.6805192859747838
cd4ab667a784a10d,0.7984506017505469
053911f801591901,0.6262370128686048
4c12cd87dc745584,0.6566329595185996
f0c4df4801e5dd7b,0.306897737574242
1cdb9e6374b25c46,0.1887464090340731
55a04d93184e2087,0.7706056111284776
b0259adc08c321ab,0.3854578618318224
3ebefad692cdc413,0.3816687975408982
83d05a33f78392ef,0.36501711732833175
57e746a1c420f866,0.6654641580702303
7086b53e09fe17c0,0.6723595850265708
2cefa5982f1e5321,0.5973854616025841
c4a61e6a8fa1704b,0.6520100786704179
cf3db8bd220d5bdf,0.7614485607481506
75c651d11c0a0337,0.20749100890903407
10dca6cd4d946194,0.5367054079399813
316d771ed9f0b6a1,0.4527388858497447
ef64650ddba7c539,0.2789293177555486
721f58982ee85da8,0.6871689134625405
e8f08bd5b06f41ef,0.22515329399812442
8c2e815ac865660d,0.7337976086276962
8191fefedc6afd32,0.15648417474210688
15c9fc425aed1fd5,0.49990768339064295
52f896a602e74ef9,0.7456180108367196
c8a94bf1f874596b,0.3944531559341461
64024839f91aaea9,0.6417823447431489
23a06e4e391dfcaf,0.5029584336250911
76fc88367fd4b329,0.32894149734291966
e7ffd70d1007bf31,0.38690720928415123
4df67b2b4764df2b,0.8017533565176618
5e23b5ebcc3c7201,0.7485639822340313
97c325c9980b0ab2,0.2817401427529437
3c8bace911db4b05,0.7904877644055434
d3af2a4f1b0513ef,0.5198920873710535
8a66145d22484a10,0.7879178128581849
f501884aa3b0a2bf,0.1994233380222986
21f8710a682b6ca8,0.5492724054391998
67addba46911ef5a,0.745125857038658
cd5a8d124051f2a9,0.7804173374492028
a1acde423d140030,0.21706296368656874
6284cf5236839f36,0.6878442690424091
37f720257a8a7a33,0.6011494477440866
acc257668dc46b34,0.6501564030426175
23424057c8458694,0.4116435227154319
418a7b8fddf172d2,0.8001262699281025
dc356b2589e04c87,0.6705856179014276
f64eef65821a8f3e,0.501581336615609
9fce647d5b47563a,0.8344659359695739
52f9976ea5b478fc,0.19565381890174013
d240c91989c04146,0.6675910740335521
47ef036d29375b9b,0.8168531858914244
8808a12bef546809,0.5064807869646765
d3a20f2bcf2db8fe,0.6527075323017609
a451d8e451fac918,0.3387018495363134
9826735b01a08344,0.44925058481817226
c4a29152e2eacc8a,0.18485687454412833
631690ed30cc1631,0.745146080806502
d84d8a6e6ca5eec8,0.39170874101281644
efbafec85fb00cc9,0.7039157484109618
24556c1044963c8b,0.7844052529436283
5dfe6e2137dc82e7,0.30628776049807227
b2400c3aa22283d6,0.4034439759820777
71602580e012f168,0.6637008648536001
cf01eb3e54442236,0.18205966057101175
1a07d25426f87edf,0.5787484005418361
13b3d3fe65bea413,0.4119616729186204
059edd840763fd81,0.7416156897988956
48288e044d74e7cd,0.711509902834219
add068ffe0671cf6,0.33912688209857245
c99de47efecac792,0.72007572027717
11cef543afe62f88,0.3885389340418881
e512156389905eec,0.2907206926643743
138703e658867a2c,0.6565769823903304
454c3092e6edd433,0.19547489189329997
dd957118652b5ed5,0.7004308872564343
af01fa5eafb4602a,0.33402764145045327
7bffcfd2a9da1725,0.7340773001979786
24f3f1ab071df78b,0.2374448916328019
3ec7c9ebab0a4a2f,0.7506455142231947
3c1d10f4646f69fa,0.3096412811295196
9c5f959e1195fc54,0.292902799051787
cda81aae0a16f97a,0.550154953370845
2bf6c949fa0b6053,0.48917171642179846
546683ea9e5995f2,0.6140476932895697
c4563254d849a8c2,0.7467092229342502
e9e85a92d9ed5065,0.45927771699489417
fc9fd5a085f168e9,0.560812424455559
54049d409156afd1,0.7169106660935708
e4c0d5c0b9045e4b,0.6198473403146816
058f290d4016fd11,0.34123295170365736
e14cd74f951c3910,0.3619890786183182
05018e18dc83e13e,0.8777079386787537
763ff25fb3a65368,0.49155160597061576
eb5cf6bf7c8b4e5a,0.6563129102844638
013351fb7667dab2,0.651655857299156
e08181f896cfb680,0.39968256225903925
e65d39ec9e3de422,0.5913430225591331
9cf499aa7626f14a,0.5970323890278212
f203a5ba78b7389f,0.6503659151297281
8ea386546c0f8c96,0.8182405777847244
0391f48a6955106e,0.24611855006772948
d2f70a0377eebc5c,0.3762707408565177
b96e54496b6a6713,0.5716168542252786
1ecd7d7fc32cc874,0.5632994542565385
a91fae320445e22f,0.31663412394498286
7f7f8d9e95bc3227,0.7293327849848911
8ed9c9b27ed7229d,0.5588883296863603
19862b4c0d2f34b9,0.5207922996769823
e5b1c6b3822addb0,0.605766851620298
191edcd8d76cb951,0.8560997942065229
6b08a1554cdf28c8,0.2682696389496717
706610ca333da138,0.5051956913618839
5cb5f8466022eb46,0.59210039595707
acb3a526d9921b55,0.4019901635927894
947db252e781ab55,0.5586016658851725
e94881433d15d819,0.3245143547462749
34439005f71e07fd,0.5970012295509013
989a2593307d72e3,0.6385337345003648
ec8f1d04cffddc96,0.5812090718453684
11dd5f5d722fb0e0,0.6308995128686049
d6738bf320835a10,0.43468079477961863
025b09a306181a55,0.5511962305928937
e5e3f5fbf93a1918,0.5046096527560696
2d60731de40ca5ec,0.2854745845055746
96789dc76cce8bb4,0.6396600461081589
e04c2f21eb86c30b,0.28262461576534337
eb4f7827e27f3e50,0.8531315072418463
c72cafb3b0ed2058,0.20270850265708032
38e789ce64afac4f,0.6746755079712411
961a36d1522e6ffe,0.4130182452849849
d915888ab3fe3241,0.657816761748463
6d047ff0d07fd1a2,0.36357621261852663
96212cff04501fdf,0.8013838790767949
6cb30ccf0384596a,0.7912011149317495
1878cf5a842e6727,0.6310424663957486
47adc8c9afbd6fad,0.2564993865270397
bcecb579dcba782a,0.40929198838178593
24fe0dc9ab19be83,0.2596708437532562
d56cbf99a17acafd,0.3500288332291341
5caed519a777c666,0.2052288540689799
de3dd7a6a4564414,0.596656397832656
3ddc28164f664050,0.436157226216526
45693136342888df,0.22651057361675522
143c3caf6eb25742,0.534775554860894
9295c919e27237a6,0.5005068497968115
0dc756a818dc5d9e,0.6585648223403147
67a0ca3f82ae78c6,0.2745963816817755
cbd51c3558265f5b,0.4359329373762634
b6df5050c31c7287,0.38346472856100866
73f20d006cfc47e6,0.4062887998853809
2de69b9443d4fc52,0.31567512634156514
1ea20c09b6c79a3d,0.454346956080025
ea1427791f675329,0.5607994242992602
cd6c9a86e5c13535,0.6873452159529021
fe03f010fd99f729,0.6800545144315933
3cac934a5e569272,0.5787396256642701
1f9c8c5a31c38592,0.4123427477336668
325d3152d318ac6a,0.3497299155986246
c796149ae059bd36,0.6934684510784619
139b95acad0d8500,0.16510238355736168
ef8ca6e1ad6cbc40,0.6485096423361467
738b1f5edad8bc5e,0.2514268638637074
00b5753c64f3aa5e,0.7232562988433886
7509e02d19e2f87e,0.20678146686464519
a85aa8068fa925c9,0.713689884859852
f8ff744430f73aa6,0.5854131551526518
4106129a02383134,0.39190275737209546
3be6495b6e47bbe8,0.5915558338543295
d58d8cb98c5344c3,0.4849486219651975
72c32db073874592,0.3573613798582891
b33541a9535d3cb6,0.5606084674898406
f117d4aad78b524a,0.5143047032926956
5e48da846d46eabc,0.6819068146295717
b0b266000f2d6b03,0.8071574398249454
2aa63d23f11f3aa0,0.30182894133583416
7ca15ff99bdc719f,0.39656878191101386
286e550605b2d970,0.4826920769511306
140d123f8919309f,0.6980616156090446
5406d7c0119b8b77,0.5865582669063248
feb8f158efc528af,0.5755732546629155
20e9295f7f1b6809,0.37829677112639365
8c67df2b06a8af30,0.6948799703032198
0b5100f2d589252d,0.6777251966760447
a7dff4879e1f2c8f,0.72251772298635
6b9c17dec469153c,0.754852535948734
b064e718f3825ae0,0.20097061321246223
633aa423117b483a,0.34741545274564967
2bd2dc8cda610b2b,0.6342193706366572
16b4f1b4b30d7a5f,0.8027426982390331
7ce520db2bb5b181,0.7365728912681047
359fc18aad246386,0.4516557218401584
4040467f440a4681,0.43899156116494736
ba27a17c66a28567,0.539142233249974
5e4bef63f0b3974c,0.6300160219339376
849863283a0793dc,0.6464718075961238
aa9c499ad44baf78,0.72488123241638
a3fd494842016ae7,0.4905811881317078
5f079c78614b8a83,0.7911369646764614
7420f14669961a6a,0.6940422527873293
0a083c164a874ea9,0.2978106426487444
396f04d4bed14a3c,0.5624774955715328
bda29126d66debaf,0.42933343102011046
8d5ece395c6a6b60,0.6159514197144942
9ea22d08386ce3ae,0.2609311998541211
1a277b47ca192cc3,0.446528227571116
5534d1ac3ad47ca1,0.5700532536209232
164e32a2b96ed3eb,0.6743463921016984
cdea1d25f481df1c,0.3308360047410649
37e1f37cd163cc12,0.7425826768781911
4f896e74ddfe48f5,0.49443054730645
ec881c0b42489ba6,0.43902378607898307
6cbbc142e3b6532d,0.3486082395540273
af58eeb2cce1b1d8,0.26113455767427324
3792b407d3147240,0.32399992706053976
44abea18902dcc6f,0.35497000364697306
f174b76e8c589bc7,0.46755709596748984
d5cb1d76e26e865f,0.7709609812962384
c953fc1a52b6d2ae,0.6140301539543608
dd9860c103eaa486,0.24206395227675315
1a338e9358b4b71c,0.19630983249973952
28a055a15e2bee63,0.4673903316140461
d810129e88130889,0.5229392661769303
20b2f55f0ebfeb9c,0.449362518234865
2dbfb79bb9d5d576,0.6467532327810774
a4f168601004a705,0.5362395983119724
7419f46f112678b9,0.6078439069500886
7d0ff708b6d6752f,0.7214364866624987
cbb85fa489a893cf,0.19976005522559132
c46a723fbfa594f7,0.5935785453787642
2104390897549457,0.49395567234552473
75c276f7d0f29aa9,0.8094725304782745
01a679a23b212287,0.7549866507762841
6cc58651b88eadb4,0.3741828071272272
14cf1ac65f8ca02b,0.30993467229342503
2a5d42d92966192f,0.3827298400541836
2010478948b9aef8,0.5121681684380536
31542ae607bdb59f,0.6116947170990935
783c99f058bdb723,0.3878540689798896
8e49ec786a6d5abd,0.7024894758778784
d2b9a740ddba79a2,0.29596888741273314
47c1231311a7aaaf,0.4792993044701469
c7937d0c63ca6a92,0.6341162628946546
64628bdb8224fe18,0.372808764457643
49cbb2ff9274a4cd,0.25404210039595704
a4dbc0e728a780d5,0.7126589702511201
54a5b82f046318b5,0.7929881291028446
daa0b6896a1749ca,0.32887908721475456
4a251ebb1de72153,0.8112640838282795
edc7eab7534ce904,0.4466522858705846
0d31a18c31d12329,0.7404690072418464
ef643ea0ac629b95,0.48354523418776696
39049e24be5a4306,0.7748495962279879
f41fb0591a5b1902,0.349471297019902
ef3add49907eb895,0.34158587839949983
3c80e6a34fb3e4ce,0.7474896465041158
681bbfb8c5372f79,0.7296522559133062
007f4be9a3f6e89f,0.2465069188288007
25144a9b2bed9be3,0.5850485190684589
61233f40c0cdaa2b,0.4136131238928832
73a058838f6b7f2a,0.8013986063353131
cbc20660739af678,0.8677783304678546
8fc723bf625337ee,0.7048572157966032
3ba49bd9e60f519a,0.2541884495154736
6a3b3033fdfe94b2,0.48484641554652497
c8ed653c9f871795,0.7441458307283526
2f6d48d7acb127aa,0.6117125573095759
92ff64a44efeaa6d,0.4063253034802542
d7169f20999bc93f,0.7492939238824632
53604f2aaf701357,0.5406723442221527
a7001845bc2108a4,0.639637193914765
e1c8d84bbb8add74,0.18162462879024693
0b6ec467b5610434,0.3618936568719392
8ac52d2ec127a096,0.3530794870792956
b10baee15fb9d01e,0.8004190124518078
221ebe5d40d467ff,0.6887008101490049
4fe55b114acc6ade,0.479916696623945
d8482a667d8a69cf,0.39277859617588834
53ade36e2a1b1e97,0.756655777847244
23415b9cfe9e209c,0.5601164309159112
280c7808d94b9763,0.739955381890174
de5885c6a7c6423d,0.8534610959153902
38de0e8716fdf6cc,0.6360233341148276
55bc25143589b254,0.7177784893716787
957e73c37d447545,0.28809831978743355
af84b2641d1c74b3,0.3812158174429509
e7be7f3fe2a831bb,0.22624321532770658
841f7e8235380174,0.8238253816296761
63d88f28c2a5df22,0.712849704334688
8dad4fd4df5c221c,0.6758705363655308
3572ebf75eb17942,0.5042951846931333
25a1a550572c1f93,0.22233851854746275
6ae06440fe74b44d,0.8535274903615713
b4bf088ea90582b9,0.4393816778680838
6b9449d16e81079b,0.32172601854746274
4ff7c9e8a089b94d,0.7065509260706471
aa5c5648b80a1a3a,0.49082539595706987
5dc1f3d49bbbe4c7,0.6679134430030218
99546cb325e5dc06,0.8102156780764822
220c843637482425,0.593066376211316
6608fca5b64d440e,0.752659409190372
f29988dc0a3c0243,0.5863915924247161
51058b99b395787f,0.3983856361362925
ed1bbe11677f7bca,0.4638769003334375
9f9b85620fbc0cf4,0.3877405816921954
8aaeef3315304e45,0.3938166862040221
5d92173cdb00c0c4,0.43169890069813477
acbcfbef3b1946c1,0.20558736193602167
73cb612fe6d23320,0.6702942195477753
4216594871a36761,0.2601092750338647
1c2bf4927779574e,0.7834386566114411
1498d0dff1fb5394,0.4509836355110972
53f47e8f08b91aad,0.4639089272689382
c4229a0ce07e83b9,0.2827614358653746
bf61a06ee47b2027,0.3354789400333438
8aef635fd1b3a740,0.27310477883713663
0f6a8a20e3587b09,0.29874455819526935
75d7914477c996b1,0.3936884078357821
7b1790935e6cb838,0.15634232312180887
d680549ede3f6dc9,0.21359137490882565
f3bf39cd2ab5bd9b,0.35259326742732106
0b0930b54070750a,0.3061651219130978
3d97f118d250279a,0.7950073343232259
e9de0ad29a82a54b,0.5606751471814108
9485f200c4e02805,0.5718229160154215
12d95850d018d3a3,0.4083919727519017
ddc866b96dfc3aa3,0.7590978339585287
45a33a8161cb4b46,0.3703835065645514
990eb9e1c61c80b9,0.4369785479837449
378b6aac03179007,0.34011763311451493
b6ce4df0bfb4d3c4,0.31098613368761074
a50653ff586cd76a,0.5423888819422735
65cd9ee07cfab83a,0.462905561633844
d2bbc0c9f79df720,0.8001594000729395
82ce816296a1512d,0.2775696324372199
e502c517a223aa14,0.29592118370324055
71d19ea693604e1d,0.3650226047202251
0d037e649d83d735,0.5871700661665104
6ba6991213384d83,0.6971233249973949
4cac0de9485495fc,0.7684131369177868
9a0be358e968c623,0.2184861441075336
f1ca34616439cd54,0.301744203917891
e301cf1f2e4c3681,0.5882436881317079
d614ef3ad50cc2bd,0.6189652560696051
c0b33846eed21da4,0.3313732598728769
d4e499c8cbcbf2c7,0.7131174116911534
112d556866bfa77d,0.7575637686256121
3f5b776bac1c2a71,0.649384535531937
97fe9a981d0717bf,0.5509342060018756
ce3280649c6eb5c9,0.5869424442534125
7ae7079159ced82d,0.5249495923205167
f1eb50e28869a50f,0.25059873918932996
52c8dc366cde6d2f,0.22660373163488592
ef14064579612c4d,0.7212043359904137
7897eec02201ca6e,0.44830057830572057
321d33ef853c8fb7,0.7359940697613838
96766da6bd7c3998,0.34642206288423466
fdccd120c1ead149,0.6474802581535897
288252f0e770ce50,0.713131761227467
d4d977f5a3d8f01e,0.728638512035011
62ea4677a492334c,0.7012145826820881
d1f182b83a420b6b,0.40962698108784
0a8ea601fcc75d1c,0.6786497251745337
27930c385742439f,0.6866717229342502
13d12d929ca71339,0.7319890056788579
159b4f9fc1efcb55,0.15434111180577265
94ffb2f9a90b358c,0.5575905413149942
68615d70615e3b37,0.28278064369073663
d4a40bf8afd7e4b4,0.23190968662081896
e3dcfffec2d51e7e,0.16078842476815672
10366fd321e0ad43,0.3907793281754715
80e3f13b4e86e5f9,0.7926629871313952
6272a9e176561590,0.7101941974054392
14ead2f08e775ba6,0.6315358666770866
08ecd3e0061305ed,0.5671889731165989
b91abfe0273da79d,0.7415339663436491
0c3efbd8c39177b8,0.7516373905908098
e9e21b290009d63a,0.42248557101177453
c188505410fa547d,0.5868981765134939
768d9e0553a1399e,0.24788874518078563
a9370f34870acac0,0.778666953214546
9f6dbe29c2020549,0.3122811034698343
6da7088fbbdbdec4,0.6118290025528812
944a046635530efe,0.8015966447848286
55a97e1488c333a9,0.3261331692195477
bba6644aefeb263d,0.672621246222778
750f5d2c63709654,0.8319284372720641
b7f5c550aeab6fa4,0.5775787472647702
bf2efa05075a9f6e,0.3862800940398041
2987973344ab04ce,0.3730898093154111
a97d19edf8f608bd,0.38551661326456177
6138ff6754f14dc4,0.31117912368448475
87522437573af7c1,0.5916488108262999
57cc4278d6b67c5a,0.17963991872460144
8f29d789ebf40f9f,0.20537855710117742
15e17422c43ac280,0.35715186777117847
57faf77cf5f72f53,0.5469966213400022
febc8ada0a8d768d,0.32183001719287274
86ab68be69241db5,0.7207011683338543
5fcfe942606240bd,0.32332913670938834
31bf257f6a4a70d1,0.6788165650724185
a09897cadb789dba,0.1498841252474732
328299ca9da15ccb,0.32336812024591016
c95184d7971b2960,0.6964059966656246
6ba9df085d34410d,0.835775907835782
396ed8ae6d33d2bd,0.6655355267271024
b058bc3c8a9fe33f,0.8509829556111285
77b29cbb7ea1ac6b,0.7651838842867562
c8d191e05666d6f5,0.6980169193497968
c4d716a53ad99b70,0.665058087162655
31d17f992245249a,0.25802811034698336
aa459cbd8c781f76,0.6230048140043764
7ba0185e8220f22c,0.28656767479420653
eb077a940d0bbcbe,0.6065312454412838
9298c80a21191034,0.561910378243201
037747626ac5db4a,0.2864516541627592
8ee7aa8b54022319,0.8266582226216526
a2b57b918f2661db,0.4333581548921538
e703b056b17c6038,0.353343202302803
5d760ec696eac629,0.5610475812753986
68589cc32366dc9a,0.4206748111388976
83d1d02b456e13c0,0.6560113902782119
f5ea6585ff5edb0b,0.7632142231947484
32290819a9b6b754,0.4974256903198917
f0cddec42ddbe07d,0.2299941869855163
41d5134ef4aa43c6,0.49502213712618526
9a422d8246e3f97d,0.5010616338439096
341cbe1cbd51048e,0.2941474406064395
3d2c0583f01cd72c,0.6617024213295821
870996e4835ca83f,0.26131482234031467
28b09161f3b17dab,0.5347467581014901
051b367d8fe91233,0.19826010472022504
9b8aba50b3ab95c1,0.7691910597061582
ff5577bdd79bcd6b,0.262164531884964
92e4eb0a0d4c41e0,0.7452957082942586
575ace0896b22257,0.8728110529332083
a16f31da04bf60c4,0.4346128555798687
cbc13a2671d3578b,0.17012094795248514
876ba2c5e443fd41,0.6682569566010212
5d5689e87dee129a,0.8260558038970511
71a60a6dfa7e1760,0.6834989501927685
f2a38a0b81dc90e3,0.6740678297905596
ec97de286c2686f9,0.24072079425862247
b77b633a5106f906,0.41387089845785147
972df202456969d5,0.2701683742315306
5d7f4e9617d1e7a2,0.27255313248931956
196dc3655d9d1d79,0.2975844964572262
7b9da0adcf1bf365,0.17256055017192873
b9d78de840ab100c,0.2706091890695009
803868566ffdbdc1,0.26851838334896316
cc5f60c8c3c2b5e2,0.3144470850265708
88919e17cce1dcd0,0.279361102427842
88bff82c05879a44,0.2672687441387933
aa64759c290cdf84,0.5156959271126393
b224a7d8b6f39ab3,0.46779838881942276
ef11b15a28910cae,0.3934866611962072
7e08eb8d4482e7e0,0.6877573317182453
609b606891c6ff2c,0.3414758348963218
07ecd08d07bac830,0.4297524017922268
aea578dbbc154142,0.6756942625299572
9c702ee77f731a28,0.4868046016984474
74a102877446027d,0.6754721631759925
dd13d150ff97f653,0.715438295821611
36157f72f10981f7,0.5050674377409606
808639f0db0c51a9,0.43785297488798586
d809389ba1350646,0.531271282692508
353512ba78ee6085,0.21631306397832653
207ae6c9e8f4fabf,0.42178131968323435
333ed3894f0f2865,0.7603589168490152
c8e41f868f963ff6,0.6747274916640617
c0436a45e3cdfea0,0.2582410740335521
497bc4409ccbba90,0.7113436581744296
b29f7d1224fd0321,0.6093308677190789
7795ac2497824361,0.7179820790351152
28bd2f25cefc0467,0.3433229928623528
7a5268c2c0ad3fb2,0.5328628712097531
9335e306e6ef6c17,0.44634089819735334
380dbd85787bd38f,0.7570527065749714
4df3a358e7ec87b0,0.26163481426487445
b423d03461c67e1f,0.8343780087527355
8d6c8b00790579fe,0.3702868904345108
75302981ca660bf5,0.5880665299051786
34fae39e3b6350ef,0.46514498931957904
47ee9553918d83bb,0.6503657432010003
525eb09cf01d4422,0.4836980970615816
f285090a9d6de2ea,0.7360533187454414
9a015d0a0e9dca3f,0.46632075388142125
5b9ec24c9cacd921,0.4610271178493279
80f6887bba571ef8,0.5977620415233929
a0121be4cb97ee81,0.3528229798374492
98bbb1d875be50a8,0.6593675523601126
d13d14d73f638740,0.5331588321871419
b2c1f66103087339,0.37911616390538705
ed544070c1558a6e,0.4875094990622069
6dd8a5af5647059e,0.6154030777847244
ec707e8be77e5bf3,0.4980120662707096
435ba973814b0e29,0.5459786586954257
a003759cbad0ca72,0.3666594170053142
4c1f413aeaaeca8d,0.47605039856205056
febaa69039e2d424,0.6809633544336773
1a7702c55d1c3c6c,0.6879354355527769
747b48174e7e8cc5,0.2516170717411691
e73a38787bc7abf6,0.5725901167031364
591163e5c881643c,0.6276751901635927
95f08a028b009350,0.35109165754923416
74cf8eff69e3ee73,0.2623472882150672
44639b509c809540,0.5769910571011775
abcf4a1f567f5b1e,0.5590667669584244
987d6ffc23a79a57,0.656298206470772
e7aea6a6f0d83afb,0.6279127396582265
d9d2d9b2890a7999,0.343797817026154
deeaee8dc56ee2e3,0.4575175823173908
ed44fe0714d05825,0.6775462774825466
68d0096d6964bebf,0.3911651323330207
8d52d8ee49e4e8ec,0.7114332108992392
b877123e88a6a266,0.6683423192143377
8aae92b438c0c262,0.20900607481504635
40864f11272e903b,0.37667329504011665
7583bd973a7787bf,0.8492132619568615
209764663e3680ab,0.5616302060539752
1802828e130f444f,0.7649714650411586
c7226e4c37f1c216,0.6824819292487235
cd0110875b4d057e,0.5001681671355631
b66e634d66bc8033,0.23087278837136602
644bd7580a1fab58,0.478195878920496
ceed54b1129eb356,0.5247277404397208
4a02d907bb4803fd,0.27890164634781706
d09af6dce02bcd02,0.27627930603313533
c81869bf2ef1408e,0.6506305994060644
455bd62f0c9a8b18,0.7256754728040014
8c648fe7475ba2a1,0.7883318354694175
e7c1606cda3f50ca,0.343689348233823
386a0c809777aa8b,0.4608171160258414
882d6e6250d5d648,0.5262634234656663
e73fd396a2d7e661,0.39159950765864326
e1293605384c5923,0.15591406298843388
d8e5a75d55957e5b,0.8007156858914244
75e6395a1cc7d878,0.5717006994373242
ecc995a8d29cc898,0.6971185096905284
ba27e43ae6b021c3,0.3830691400958633
075b11725eefed48,0.7150472022507034
16e06a6abad58f9f,0.4836947405439199
039a18d8a9005443,0.8465266255079713
166eabcb1845baea,0.35082929300823174
150f221c402f471f,0.7169462683651141
2af5183224226208,0.5782021920912784
30a31bbf87301908,0.3158881395227675
95c87aa909d557a9,0.22199985021360838
d70eb57711fa415b,0.743042773783474
9464555817eb4951,0.7676328475044284
8d4e5d5935a1a663,0.25720380978430757
289e3f76cc551091,0.44412925653850166
8646ded190e78433,0.4071853912681046
f2e3c326fd923449,0.37740786313431285
83f8985c38ecf25c,0.41353941205585076
8b698836d194ab64,0.42750801943315625
74a48ddff930321f,0.342141466083151
79a5efbbc2b4f8ec,0.3479733966343649
6e88ede348b8871c,0.5850692026154006
d98b06d0f7e1b8d0,0.4087967554965093
dc56b06363e3abc1,0.49428170391789106
b5355653b987b958,0.27249622277795144
e5bc532f235bc0d5,0.3089196194123163
153cb69740320d37,0.32525670001041995
30ad5d4441533a6c,0.6294512178284881
05ba774a4ce6ab73,0.7729483276023759
ba467da19b1f2810,0.24555622069396685
9ad04a6b621bfaf3,0.700096293112431
f605e43b08e76847,0.7669557218401585
fe2d494aa36b099a,0.36875096123788687
1e5a8f5e21430d42,0.574048724861936
9b28fcb2ee487967,0.8226097921225383
2f1c0ef6d36a75c4,0.3973765825257893
37fc5525bb7de5e9,0.3006028146816713
d6538f0dbb2a123b,0.6563975239658226
7dde59a4542325aa,0.40281623293737623
20c617dcbd71f357,0.41825167760758564
77f00b5e8f833d41,0.8196180121392103
869a14428379a740,0.43871638272376784
5fe5544f8e236559,0.6363702602375743
2d3681cba05bb562,0.7500758401062833
499be0abf97d1597,0.4499476672397624
5b423761773c3a6b,0.7957538215067208
57cfb14bc788cf66,0.7482581119099718
bf8ee8443882eb4a,0.6961764965614253
400e3c9ccfed951c,0.34627471605710114
95c34bd334691146,0.7511706887569032
441b99f616030e70,0.4045533343753256
d6449401e78d3385,0.4542806970928415
ee04b5380c7d4f07,0.7149490101073253
47350f4648bd6090,0.1950151401479629
3d184c420016986f,0.3849482429405022
2525af5583075cac,0.6313787120975305
37055ef29f0a3dd1,0.5094206744295093
741ca2e53f728930,0.8621399135146399
c2060532831835cd,0.6771505470459519
bdf51afd82ed739b,0.6034994438366156
87516eb4863191a1,0.7096440424090862
034a25e098498861,0.22823152547671147
2beaa963f217969a,0.8069333515681985
6b03ea3eb3783933,0.32052089845785137
99cd56ca4ca12f1f,0.3600172267375221
42288d86bd56d80a,0.42247670756486405
a5497f531ca73858,0.30225100812753986
6b8797ea062ce398,0.40748346748984055
1514a9ebdc630056,0.5710643938209857
6a47264adc77dad4,0.37347238199437327
4cbd1cfe1be11280,0.8189258114514952
555f489d111c7db7,0.3860504063769928
d3d1d52e817c754c,0.15882825101594247
80c2b83979b319eb,0.3050127878503699
b601ede8f1d5ecc9,0.19206078983015526
ac4e394f11848f01,0.6661675276127956
a5d564228af285dc,0.4482576573408356
872eaff0cae2acee,0.3620093167135563
ca524fe71b6054b7,0.47890509664478487
092fdb93d96ab75e,0.26706371392101697
b1224feb365fa8bf,0.36119334166927164
b5883c6e74b0ff0b,0.21165641346254035
7aade43a31d09f8a,0.4036365478795457
585ac3a63ccab1a8,0.2907477258518286
e4933222bb492af7,0.5668952784724393
d4fff28089f09f7a,0.6326411652078775
1faffaa35ce84d77,0.6020299885380849
27afb6fd6aac442b,0.18725695399604045
847a053fb85c500b,0.3892379871313951
9ad6971bd0ebf223,0.3925495271959988
a14e1a04f336c6c8,0.250742928779827
50698da7b2db2350,0.49783383479212245
15655e2cf84c9cb7,0.6416568510993019
ef796da1e5967ff4,0.8102339507137647
9331c7e2dd294fef,0.5539954269563405
b7796a59af546a3e,0.3996898874648327
d9279cd811aae7c0,0.4410796941752631
df81c08c47af6c59,0.7476394615504844
1b9dcbf8b65b1a52,0.6419243656871938
dd377f760a65ba2e,0.7420277000625195
995b4a4b97e53e5d,0.572267463790768
13b533f79e5a5caf,0.7005441049286235
d4c903b8efe43c13,0.8413660180264666
4fb9e1bf5a2f571f,0.6942753086902157
ed595c03e7747694,0.35703184979681146
73e9645c3d48fbb5,0.20110775763259353
a4b5405b00736981,0.7894949268000416
2a653776755ba7b8,0.24525042591434823
158fa97bf999e010,0.4367313900177139
a95d0a261a3bb142,0.5864377370532458
ea46e88a59d4fe5f,0.2869726828696468
6496d7761a0c6190,0.32904256668750653
6f4ba984b6dc3289,0.5422795587162654
5afad3e6c2fda712,0.43867869516515573
02effb9a084a466f,0.47446886136292593
f43a5e53fd455d87,0.8261228222361154
49bcb75b2ef9551f,0.17292360894029385
b21c8167caedde33,0.19754491377513805
15d2bbcb8c316442,0.36902885667396057
523bc8b194fc69ce,0.3425781077420027
d7b8e5c99743aab4,0.44913288788162964
3ad43bd42075bb8b,0.7325246639574867
812b9840da2dccbb,0.7603070972699802
e70b5a521c308e83,0.6947324515473585
3c45ba8ca9f6f412,0.2686356752110034
7f616f8d83b3eb18,0.4317278472439304
26c592e1845bb489,0.43525756486401995
68d37c0a802b47e7,0.687047882150672
d8934f60893849d4,0.4468242979576951
2a3dc482e2f9765b,0.4491979368552673
016da23592d81da0,0.30980241611962067
4fdfd4d0c0f506a0,0.7332994894237783
729fc49d981fa3bd,0.48422278706887567
15deccf643c21df1,0.5154545665312077
7daf2f242a027468,0.29434089559237264
d51a0a86350f7add,0.23992732885276655
52fa3a33f632aec0,0.6254189785870585
bb4d95ad5da1ac87,0.448208656350943
cd23dbd0e165834e,0.2551531129519642
ba39191a07cf9e7f,0.49522317521100345
9ba5cac296310d3a,0.84942211889132
d322c51efb437d17,0.2617943667291862
3af739b2f776287d,0.6810373775659061
85804c2e9c6d680a,0.2383342151193081
cb0cd20b25649838,0.35311320073981456
12c942ad8a277403,0.5327949736896946
289e502cd91b1547,0.6161644576430135
31c382a7004fe972,0.41072893091591123
d169a1c279a46015,0.7514571207148066
f9b4abfb6291393e,0.5973072509638429
6717d92d92048fbb,0.4060546824528498
469f41c8da1eeb41,0.5749776870376159
769314bb014d1235,0.6732878542773783
ff2e280d521989fe,0.33322718427633635
1d52653d4f3c35fc,0.24790293060331353
4c0ebdf6c9dd9fb9,0.3827788918412004
8e182e2e4650cebd,0.6844435748150464
f55714d17852a183,0.30869693133270815
f2e291daed34f717,0.6113933273418777
2fedf01adbad6180,0.22254093336459307
7079029a20553569,0.5137853013962697
7214daf28cec2f25,0.4184800211003439
3037ee52ce757f35,0.2141544467020944
301594a1fbd58308,0.44962656298843384
971dbbb99046d9fb,0.7313883062415338
c7647059905f4dd4,0.30566992419506095
796f7cb75fc0eb55,0.7368840783578201
bcf00da3386bb946,0.8003831509846826
9fde66ee9b59f95d,0.24403060461602585
752d3e65ebd63369,0.31369850734604565
1a6bbae0cb804476,0.43388665468375537
03cac4272e7b8e63,0.7255156598416173
055fecf2717f29a3,0.6368020279774929
a2aa85d0e1bc4e6b,0.4649779006460352
ef9db57cac44e529,0.49810092346566637
8c91442db55d9d64,0.5641656468167136
7cfa3fef2d1a1dfe,0.24890764431593204
56ede8d9842e0590,0.22351879493591748
fc74e63ad196960c,0.7042485881004481
342867ccf7337815,0.33175879571741174
866f7ea3c4be20e6,0.5400678871001354
f45494a74c712731,0.5930473142648744
414228464c8b74af,0.6564127240283423
e4a3f7a35452e28c,0.45736926643742837
c1eccbf012d9a361,0.37924565749713446
a715e394b41f3a16,0.28923572991559854
26a24b8218ee00b6,0.7954513194227362
db4b58e70acde06b,0.3173392140773158
deaf015c1e137149,0.2642369881212879
9d4fbfbf523a0472,0.8423436321246222
ff7e2911a22e8008,0.7141341148275504
30449ce55b14d344,0.17223802360112533
b930073e02948360,0.5875124374804626
9326674b4c828c15,0.5665529774929665
a9b474db35164846,0.6402709674898406
9183d88dcf308c8d,0.3016362938939252
47c8c6f64cdc0a43,0.4504072418464103
2ee4722095033329,0.5395671485881004
cb8a02ecca44027a,0.2768256330103157
1925e9dc63237314,0.6220027443471918
dd36f08b99fcfa16,0.717863638376576
9bbd43f6f760c243,0.66654917161613
a766359aef66a25f,0.5465594599874961
4d10a4698fff400a,0.6061591604147128
44a6285639d7fcc7,0.619587136605189
a64ce0de598f4714,0.6457879272168385
8c887a6a554fcff6,0.2605756434302386
ef3f3402f7530e37,0.16681321246222774
e9cf43bab751f410,0.1840336732833177
1245634a78a3136a,0.2924753008752735
7c5ed75e73c20133,0.3271587696676045
ff7628423503cb61,0.21223801708867357
55df3baf4cb22442,0.23363456027925394
20497b1ff5df51bd,0.706594838230697
fe1c1e2e166d6943,0.4656634599353965
0a6a2ebc3b004ba8,0.4557503933520892
ba16bc573e1d9a6e,0.6002648562050641
41ae92fc5f37cdc1,0.34456181619256016
ae05071f58d92774,0.38248852636240493
a8d4083bb2383da5,0.7831008231739085
92cf17c3d59c9b61,0.1480683403667813
f591caedceef4268,0.32451962331978745
e3d006785a8a409d,0.575565407158487
dcbc913499301796,0.1986301995415234
b630e1af9fc1f3b9,0.7362377722204856
7d6a1e459131bf25,0.837828839741586
5f891649affd8c18,0.4399079816609357
7dc102adb7ad6667,0.5056047137126185
1b8c16064d0dc4d7,0.4724846045639262
8e5286a9c7d73ad0,0.3921348689694696
147e554cda420ba2,0.3469828787641971
18517e2df9cc10ea,0.47908631212879027
54ca2e9aaea55320,0.8017917330936751
a923278148853286,0.6570175380327187
cfb35f11977c3be6,0.4689081874544128
aef8a4667274a47a,0.22098367067833696
2c51172cc4d5eba0,0.4088600943003021
494446d84318c9ee,0.46756800432426804
aa652d97612fe50e,0.20974017531520267
baecb9e5cd4b2907,0.7643453032197562
c29488c64d211da8,0.3507175211003438
28746b4c4b26d721,0.2662639978639158
8a45d03fa3989bff,0.36536283994998436
462b3e544fe612a2,0.6181618591747421
359614f152fbbc2d,0.4155050849223715
5e953db789137f0e,0.6160171941752631
2a99aaa9555b3dab,0.620362190007294
aa37a77bc447fc0a,0.8352763181202458
8c0d7f3ade155e48,0.2273428740752318
45b05dd1071039ab,0.8562776453579244
7e037c271c23576a,0.3097672488798583
9adb38d0576dec06,0.5613712462227779
532c84dea557da7a,0.5977180616338438
6c302b9662d3b5c1,0.36450028003542767
666231af023e8fd6,0.30772848937167857
9c06ef2fdb037a79,0.54239106621861
65230a28464587f9,0.3892404527456497
b3ea4baf43182919,0.5377044974992186
c1f297271ef8cab3,0.3151665364176305
7c58e1fb77913d4c,0.7250580428779827
00ece1c11b40f8ce,0.16679871053454204
a820b5633583bac7,0.722586372043347
b4e9165d8e2aebad,0.3209999426904241
85f20d358a8d6ce8,0.5502177242888402
148fdf734e431091,0.354598386214442
67708062cc529759,0.5885192013129102
d764e50c36756862,0.7904589663436491
dc093657cc4bfbc2,0.4802608640721059
08c0597e111a2388,0.5159135380848182
58fc68c0720d8cbe,0.4743750494946337
387b7309eb20b505,0.610909898926748
cca31a05a820ea88,0.699362406220694
be7e5b7b5839a348,0.6140311568719392
ef7aa159ba83917c,0.6314609591539022
3dbaccedf2355696,0.3753400646035219
3774263bf5c9a393,0.44365216213400016
e830f76f4667709e,0.5154982390330312
c96965b10fe9e8ba,0.3110089064290924
aea0b2d75bb410f5,0.5463727011045119
892d778bace3f693,0.5410083007710743
f46440975132762e,0.7775267831093049
6084fc419fc10f1d,0.7675851685422529
c6fb1852daad742d,0.30389541523392727
2bd09ffffa247f82,0.24149760211524435
5ded576ceda86075,0.48041748593310407
c066afacb3fe3a52,0.5939965666354068
21e99c194e94917b,0.1377134247681567
7f4eef61767e4c67,0.20728193966864644
dd19efa057bdb4b9,0.2816946454621236
2b309ca794e9b11f,0.7903450570490778
8428fd508cf86cb1,0.585463591486923
bd059d7efcd14494,0.7723949346149839
7fcd9aa10e5ab5aa,0.3881841486922996
9398c438c5fe8b90,0.29843666770865895
7401e49aee3edc69,0.5916896569240389
0520f17da71602b5,0.3937727375742419
efeb31befebbeedb,0.3276063105658018
df3fd48fd3b3331d,0.5486029240908616
14e14e2218536077,0.5692765278211941
1f92d25274d4f038,0.4117038319266438
7170ea34f6161e69,0.5573956340523081
04b0152464b775d6,0.5084962996248827
7653ee403f88ff26,0.5191735867979577
ee84092d5d680f67,0.8045535987808692
c41b6329fa5e7012,0.19594358783994997
1514f652f00c3b36,0.24256440293841824
0c6d11c69bcc6f46,0.5280271465041159
382f75d2edb9f457,0.7753440827862874
ab482dbf08ad90d2,0.5131503152026675
5ecd94cb7901e72e,0.20913899265395436
176da975d008461e,0.6663604850474107
882d984b9b9d8fb6,0.4335813196832343
efecedca199bc74e,0.6281629480566844
5f185fd802f0c00c,0.5143794323747004
b7be75c69ddcfdc9,0.13962523444826508
4da0a9696b2e9612,0.42178224054392
755bd669f9bccb8e,0.4026006668750651
dc744a1038657389,0.5058101542148588
f5565f23a877bd69,0.6402673791288944
45485cf629983a40,0.7972971214963009
9d8248668d721756,0.5788101034177346
7e637102a104b616,0.1533564864020006
b9095cbbb40751d4,0.7366009195581953
b6f5bc351054c7df,0.5118480176096697
d08fe94fcb0dabad,0.2691155478274461
edb4aa5de0832a92,0.45679657835782017
b142c9c1185e5f66,0.4554072079816609
1473309b954d71f3,0.6968308898614151
b604a5e504b627c0,0.8638133882984265
d5d6a72d9d2c827c,0.18649235177659687
aac5a801e8926a83,0.43876180968010836
45b600cd20830ac1,0.7383855110972178
8b6f8e193f28c495,0.46103514770240694
9cbdc55a60ad3994,0.32674716447848284
59cc8f62d55aab98,0.21252398145253723
42f81ab5abcba09f,0.4765734383140564
758524a5d6a74122,0.6246713751693237
0acada29c4de07eb,0.4684907445034907
6bf56d0ceb2c1ab7,0.33328444045014066
03b29070bb68828a,0.2666130796082109
2f553bd8ba413efa,0.18418285792435135
c3ea0fbb29a15317,0.49980868891320207
797edeb1c8a9c95a,0.41515433338543295
beb71749be71fd3b,0.5768857351255602
c660714dc6059849,0.4060028042617485
549961b37bef9764,0.2033016202980098
dfac78eae9821675,0.245892284047098
588c204b822eb2c2,0.6446348689694698
e96e43deab9b69f6,0.6936600617380433
9c9a726ae65647b0,0.24681688939251847
58f635ddafc61c78,0.8044147598207774
d40624f11c720afd,0.7769175484526414
73575ac328053efd,0.4589122329894758
809a4127b076294c,0.769043569605085
d476e643d990be24,0.312447172293425
4d04534027759be4,0.4228365934667083
72c2c7664c8294e1,0.6507795743461499
d3bea4fa475618cf,0.6245822184015839
7af7100957117fae,0.43984887595081795
bfeae03c16252052,0.30841341695321456
dab19b0b61104952,0.7242719782223612
8b72f86a4e6a970d,0.6344539009586329
c775b6de816c5092,0.6826528954360738
0de6dca19e114646,0.36660997316869853
0ee2b0fc31b7cbb6,0.25365758309888503
3363b132efc51b9f,0.8251353339585288
ee924a0428a40a76,0.1962116690111493
ac3726dc72e71ad0,0.44598459023653225
374584473bf4cec4,0.5176679222673752
e6b8e496d903523d,0.5770859448265084
8fe009970d6cbeca,0.4895635133375013
b03e574c8770e9d1,0.3139857715952902
27905f95e6931f22,0.49528620792956135
8099a0f72ee1a1b1,0.3977731426487443
5fbbd8a6f4ba3669,0.2561299416484318
24033a02989369f5,0.7211799833281233
223faad452bc6598,0.6920573408356778
c5c13adedfefc67d,0.5557317325726789
ec24ebbbc53f73ce,0.16515941570282383
3a3e4d31cbad45e5,0.3517910857559654
79763f9ebecaea1d,0.6014994985412109
46806e41926c192e,0.6467932843596957
a5cfdf6746ec5cbf,0.6647565358966343
0ddbe3ef0aed551c,0.31089017922267376
b641fe7061b46442,0.19685842060018754
be98835c447eea49,0.7814970251120142
98aa4160c7876f0e,0.8158456353547984
0753638b45dfacf0,0.7301527156924038
e938301ba66e78e1,0.4987874687402313
64b695db5b68b91c,0.44114337162654993
2797a5b06b8c68ee,0.5326154123684484
aee53ec38b7eb6f0,0.6504737678441179
d59b57f46a383c1f,0.518356350943003
8c3a505dd927009e,0.4283275815358967
436e01defb530baa,0.2800181293633427
2f54c0acfcbfd646,0.6838614775450662
20f15dad96dc92a0,0.3962033786599979
8a16a230e343a296,0.4909286534854643
fc511072e8631203,0.5823867901427529
5d976c71ca9049f3,0.5754554496196729
b207e579713d5841,0.7837314655621548
ac03eddc2e2fd2ca,0.5079376732312181
6b1e6ff0118fe59b,0.7482732429405022
2cc92c1f6bdd93d0,0.594212626341565
f651266acfce6c0d,0.4183307504949464
c3b49d19c43acd64,0.23602264509742626
05a27ebb8a82cea7,0.8811663566739606
f32c511446a68874,0.212768865270397
108d6b400d52aa73,0.6629550093779306
7e3cd0895bbfcd9e,0.5889541380118787
2245ed07ee31662f,0.5798301135771595
c81aede118be0e5a,0.4355936594769199
d664a113973613cf,0.49048239423778267
2899dbe3769e8b1c,0.5229149304470148
164d8c33239c5511,0.5609011553089508
e753bb93c30cfba0,0.7541328852766489
4493eab669361ba7,0.43040836198812127
4e55ed26dc79c3e0,0.4288697587787851
1d2f7db4504f10b9,0.3122801370219861
9749ddc8b2a3a385,0.23539967958737104
9aab93db4ffdba7e,0.813328155934146
88558205521546f1,0.4494001979785349
02a8e05f667b2fa4,0.3505032796707304
f95b0bb67413dff1,0.5126038696988642
b821f8fa7a26d286,0.20627424585808063
bed1456aa64d60fb,0.6372115413670939
685b1294dc5f8cbe,0.7407690124518079
79a0510c936f5eb5,0.7300859031468167
07f28f119366b484,0.3078905126602063
949af0edccb8d159,0.6633921681254559
9965f63ba2d41ed4,0.2592951990205272
f635cdb577ae5471,0.712904045535063
6419d144df4c87de,0.5766134169532144
bc7f2dd2340df372,0.34280284854642074
cd35e912794bda2e,0.3430771491090966
abf3b6dbce73db98,0.4539025763259352
4eeba8a4c17e4351,0.5295359773887673
f612b9af4ce98bda,0.7184689512347608
d8120911733689b5,0.4921135172449723
723bd2532e39f731,0.4283504910388663
3889ee7a1f5fd62a,0.5330273405751798
66ffb196fbbb4006,0.3457305525164114
53a1c51ae93d0e81,0.5360940645514223
0a4f5ec5f9339110,0.3612635641346254
34416b6b8b600a61,0.32162068615192246
1e0b561b5df0447d,0.6437187571636971
43e848bf56ec0bb2,0.5379702862873815
1ace2be427eaf92b,0.2442686751068042
e24ea459233ec078,0.817314456340523
e019c487befa7761,0.1838404449307075
7734ddeb14b3d277,0.3721992198082734
1961aba76570acf7,0.4638633205689278
276265c86a0e2a26,0.31573162576846925
4fc5594c301766d5,0.6387584375325622
bfd20f3d76573073,0.5891934784307596
8526753e065f5b50,0.8105910466812547
5c03ad68783d0d61,0.2621015187037616
9c83e80d019e0f5c,0.5257476711472335
4e6019e87ab5ac6c,0.6377284698343232
dbf6023ccc73b0e7,0.3157166288944462
fb35b29ad551c9c9,0.24678631212879024
3ab9a4e335cdfda6,0.4842415207877462
86fa9d51e632ae1d,0.5400912329373763
ab30ffa9ef0220dd,0.8339190319891634
ebfe496544b5a6af,0.6449276909450871
4cb026b93d1e4edd,0.33583733588621445
426a41478cfcfc22,0.35946458528706887
3e16e5f885a5764e,0.44797653172866525
dab52f137b1ba008,0.6682654892153798
a7e545c29eee2bf1,0.36314311764092944
6a50159c50f7f9d0,0.21641886657288734
ded3c69308607da3,0.7437410323538607
921388faeaacbc80,0.842336559601959
8c90e1ab4a546bcd,0.3454597817026154
31b1827fce88917c,0.22727278055642386
d97cfaa40be224a1,0.21334918724601437
b4dae0ea6d15a25f,0.421543836615609
ffb033e54895ee3d,0.7143650919558197
2b625e5d9c22b0cc,0.35670361310826304
87605745817d0ffd,0.2625758817859748
9717417666a66daa,0.4660855267271022
3267d4ecd26e96f1,0.23625972960300096
3399800c4f113d8d,0.7430100513181201
f457366f48f27702,0.297508533916849
5a6c4f9b661a0ab2,0.7159025203188497
76628bf9d8b6b0e6,0.8490006981348339
997a5333179da7c1,0.2854703227571116
044dbb2023ecc53f,0.7546002331457747
737497734f709843,0.7355675106804209
fc7d05c3ca74b0fe,0.40333895227675315
f5b74bbaa8085255,0.3655871887048036
c1d1e5c41f539d03,0.6406048257267896
86f9c72ffb536f2d,0.8037005418359905
95b9d46eff640109,0.39923881160779406
3aff516939a3de92,0.3762879728040012
23c1d6b14d960725,0.2016579517036574
0b0950c974175a86,0.36706192560175055
e94d8ce0ed816caf,0.36389957669063244
037bc4751346a482,0.7021421876628113
d43c5617c5e69df5,0.7774653446389496
82c6f27cdcf850e2,0.7790096814108576
7652727437cf5e6b,0.29683684093987706
86f089e7c7ae0d75,0.78565313379181
b9d7751ccd00d9c9,0.755207650828384
0a079836e9e1ac2f,0.4879826391059706
90461cd0e33baa56,0.6512887803480254
825b16c4984f4382,0.6501121287902469
9054cbcd60dd433c,0.39078931957903507
770e4ea8a1273a1c,0.6533006434302385
518ad8ed2ff052f7,0.4357887347608628
f12c4df4f05fb6c3,0.35477414035636134
95a9d1c987aae5f2,0.6720692260602272
1d60b64e1441c91d,0.487300450661665
84ed70c1cda568a6,0.4970109539439408
3d6e8f3a5d06c7a4,0.4073653615713243
eb1779538632b044,0.32161687376263415
bcf84068bc4b5615,0.42839981374387825
3dceaab87e5bd6cb,0.627739686881317
c86b418e43874d34,0.4899287954569136
95397751cf365c4c,0.5307676213921018
e80b64dbd916f780,0.4572273939772846
d2a231ba481924eb,0.564807821454621
e86aab1a495bc94e,0.25851856960508496
4c088c5147f6cc2a,0.54821891216005
746c9771aa5c751d,0.4079133166614567
90005adf46be6af1,0.21019124335729916
78338f5a63e742f5,0.6662101307700323
9c3f2d29681d0d34,0.7215056436907367
f93fd851b68279a6,0.7190978613108262
afed2c838b247303,0.7554831470772116
995d752a3bf1fbb2,0.559591423100969
33609320e5c7578f,0.26536748723559445
1ecda15121ffa27d,0.31055763259351876
47b2accb2f516cd3,0.7161934054912994
5571f2482997d163,0.7205877683130144
32897e94a9feeb0f,0.7903031897988955
3d5fedc7f245d35f,0.40676901505678864
1b4707947519036f,0.573278123371887
3cee4d33cd4686de,0.5508755118787121
155f6d74191258a2,0.566349326612483
3ae6a0b3d379dce4,0.40921615218297386
dab9de12664f7b0b,0.42494156246743775
cc73e04980d2167e,0.4637280048452641
be7f0f5d2c65bf06,0.6210590054183599
dea114b428048ebf,0.2151573030634573
deece306851a2a78,0.5254176357194957
d1ce358b8f732eb4,0.3612336602584141
e025d916d395fc1e,0.5679125403772012
f50d9be3d733fdc9,0.325639899187246
a6c0d8fd193f76fe,0.4375752344482651
569e045332c790a0,0.6049632359070543
977114ec6d208ff4,0.2397245271959987
17faede0e698eb93,0.36217707747212674
0610c3287750d822,0.5543999817651349
58e6e26dd56a60a1,0.1618272936855267
bc263b5b32d9ae07,0.3555154410232364
8894323cc5f185da,0.24126156741690108
e8229221a1595393,0.24831402000625197
63c589b1e27997d2,0.7116036938626655
fe21e0f0344dfca8,0.6454623228613108
7e0194535136acfe,0.3053477623215588
cc859709caaa52f9,0.2280869425341252
56e7153dc35c0573,0.28967698239033024
c76e1ab42940cee5,0.5066424273210377
2ed46ca4b8d10516,0.4610139639991664
ae2f86a0a6c3b696,0.5598474874960924
a05d11d463a21a32,0.30819832369490463
89e7dc0647f4db8e,0.52998162837345
80934ce845013628,0.5100408044180473
f66422247e89d830,0.6089444891632803
b0a301739cfa2228,0.2807883427112639
42b93c5a8b628ba5,0.30539315411065954
f74f1673a45ce9b3,0.6092870649682192
2b76aa4b82e23768,0.4418650020839846
0d6190a27ee0d6ad,0.5958629884338855
7492fbffda1eb950,0.39610221293112424
35355c2d5692cdbb,0.6929749361779722
de976dafed9c0fc3,0.7300377149109096
e2601be919261723,0.1676598116598937
f56a91dde5defb60,0.3305441466083151
1a9c207021895aad,0.7258711433260393
86ec8e715d2efa2f,0.5174338569344586
7762b73652848f92,0.6360010341773471
ccd34b74bb18d71e,0.707672845680942
eb6c259855aee52d,0.6524424116911535
7bfe956eabaf5f10,0.46335996274877567
38c6063d22fa4f9e,0.742495187298114
46b7352aa3c8a1ba,0.458107687298114
049fa3f6cc3a62a7,0.721444552985308
5f77b44deef47d28,0.3106617393456288
27462f3d6cf43575,0.44567697457538813
ca854373b937b419,0.7314529123684483
1f6eb5f2da254111,0.6231615400646036
9262bb44aa7937b7,0.43928757293946025
d81678051b65ebc4,0.5288625117224133
0edc1ad07f4aa86e,0.7583427360112536
a8e836b90034f123,0.242690896894863
c729d0e49b2411cc,0.7714139079920809
db925a43365c86f3,0.5232566609357091
1cda28c15e8e4170,0.5703546941752632
ef5a97a20c5118bb,0.7120414478482859
4b990b98ec734989,0.7211895501198291
a96f328dda3bc98f,0.556648588100448
b467b21cee5c9a57,0.3550732637803479
8c1694e84b06dad7,0.37639362821715117
7b038881fb7ec965,0.6251766658851725
60e46ceca8ca6531,0.4289842007919141
be2e51dc6bf61727,0.6990482872251744
f1063bee63d2cbd4,0.3914559133062415
1a3d53e660017625,0.33927603678232776
6db1dc15ad1e28e3,0.6878573095759091
34f0bfc533c2a23c,0.5206779605605918
76e738496305310c,0.3436786912576847
a76e95f0a09b03d4,0.1410039934354486
6a0d13d3e413c0e5,0.3237078123371886
e002702b095c4d9b,0.5346580493904345
435eb85f778a69f5,0.15599262269459205
5584a339491f1a03,0.7440042500260498
9a06cac14b623965,0.578716253777222
b199a982f9480beb,0.7980093336459311
e32add368c6de44a,0.345144005939356
34824decbc66688c,0.3672514887464833
070711d7fd9b7ea3,0.5695399447744087
a1656b509ebf749c,0.781276505678858
ee96df140d42129a,0.7657687740960718
09fb51e0fded24ab,0.42947696806293634
77e04872ab10bf20,0.6496403902261123
6b34ce0940c8c237,0.7142278811086797
8b94f16483f351e9,0.5684288189017401
a7d4f13860590306,0.17182719078878816
66537bdf81c41f46,0.8092436399395644
3014fd36c07b8950,0.5806673843388559
789380ce86c031af,0.7645495128686047
dbaee9defc780591,0.5552972439303949
bad0375f198257db,0.27078262608106696
a7b766569c6f66fe,0.3790157640408461
efd3fc92b86b90cb,0.5472374426904241
3ca6e7825d948c12,0.5504881681775555
5c73fed8f1d584c0,0.4620638519849952
cb7f45c4ee30e84d,0.6172637334583724
aac70ac68209f1cb,0.6370573069709284
fb253a15132c7c36,0.5075715067208503
4f1ad3d1864799f9,0.764869801760967
06cc890b7c3abdd8,0.33091002526831303
48f5b50b05af6685,0.2853542864957799
8abc163b25fe8f16,0.2419196545795561
5220ee550d303425,0.630694985412108
8f7e85307eb35706,0.5100925953422945
dec525eaa4588cc8,0.6411299286235282
8a7aa7c3acead22b,0.6124781363967906
0618f0627df67711,0.6446842033968949
5d9929a965640bc0,0.5130029175784099
b45f8124eea44b5f,0.30688128321350416
32e371f83b148fb6,0.7719395800771076
83b9c322c9febec6,0.4926039191934979
8bb4d82df107f45e,0.5410675132854017
cc28d0d6ace393b0,0.37160500677294994
29c17f03906ad1f0,0.42219030686672915
b10cf30c243ed8c4,0.734649012712306
85c180d755530692,0.38307849197665933
e9478d4c11f48523,0.20913952797749297
329d63bfe65d67f5,0.3675639171095133
4e7c7fbcb6fde9af,0.21683908513077
1f2d4ca7586d9ef4,0.30438540689798893
04ff2418e503eb55,0.6567469586850059
5807d02f74d22963,0.4815025776284255
23aa15ff2408a5ed,0.3988760042200688
5c3fe62807fba6c3,0.47074213816817756
c97a3c1357c537a3,0.6707983380222986
bde91246f16123d6,0.303451707564864
dfcf3493677dd9ae,0.22004963660518906
4a0cb390212d6320,0.6090535258414087
dd48f98a0e7c2640,0.3370214376888611
21669e26853a5beb,0.6406238030113577
c4c279dadffc28bf,0.6872547384599353
27f99b00db0702b4,0.24421038084818172
823a471435809e0c,0.7736417891007608
36d9872df73f0208,0.5400815801813066
69b691bd3b11f565,0.5275368148900698
051aab7c376493bc,0.25510974132541414
897a042cdd939f4a,0.7555222256955297
16e574aceb37758f,0.7935372590392831
7acdad670c7e177e,0.6418086810982598
af7211a4b66028fa,0.42483095889340416
3b768875237c8195,0.5498792786808377
a9e4e55b286f1971,0.6406583489632176
1e42f2e9ad67815d,0.33470002214233613
0d527f8f008f8efe,0.2273003086902157
4c2ccade1925c5d7,0.5308100291757841
b3a98dacc0702405,0.36220300484526424
9b8e0f7bf05d953d,0.26643948369282067
7968527b42656286,0.2760160610086485
caf14438584b43fa,0.262502168646452
31e140000e0bf36b,0.3938146855788267
336acc52a893cf2f,0.5041144159633218
bce6e39fc4407c93,0.20954748098364073
d5e58bdbf23f01f5,0.163349830676253
1ff7a8ec347ef2c7,0.37170316635406897
ce432d29b214887d,0.27503778264040846
44e820df9233e162,0.5796657288736063
fd036d6641276c78,0.5696469026779202
45c36909115a7b3d,0.7270400059914557
0c18ad3d4c7f25b8,0.6987199411274356
4502d8fecdca43ef,0.684652370532458
9bf5cf3ace55851d,0.5021937623736584
0e04a1cc15af0b5c,0.2894535271438991
86bc772734133e12,0.6209752162134
76fda8694024d3e9,0.6070359878086903
d244839566b6672e,0.5792497329894759
e165495e76c8691b,0.5260388923621965
18e8d9f4f0ed1ffc,0.3711129194018964
c198ddc9a1a0f0a3,0.31026455793477126
4f15b2cd5370863e,0.4284348298947588
5b71a33a75b4b41a,0.8294862821715119
85211a41d91dfa68,0.6212905790872147
31c3ad8e554acb99,0.5540966291549443
f05e3b467a207ea7,0.1288167851932896
20eea1cacbacd917,0.7298687662811295
338ac2331272bb7c,0.45482452068354684
e6740f272d44da83,0.798536206627071
9368ba44560c50d9,0.46393344795248515
18e4039723086124,0.49841152573720954
c935d65cb1c5cfc1,0.3181867758153589
dd819f141dcc8319,0.255286732833177
90488975d041fada,0.4163117666979264
a5aa463adede1f1b,0.520925079451912
872ac9ef6cc6a618,0.33185963973116595
ae4040a11f651b1b,0.44965708685005734
468c82067304eb0a,0.7055477714389913
cb460a2bc70974da,0.27201300015629887
366ae30bce6f5b98,0.4219841239449828
7638518d282a3163,0.6832309966656246
633878cd7103f469,0.3876721762008961
73b8cda0da8e3c6c,0.4532123866833385
b24a01610939d7fc,0.2264096840158383
99024e3163df7833,0.8269338152547672
f67fd1bdae4a88b9,0.5064136826612483
bed6a87757540498,0.3625958802229863
97afe9a3ddc497f7,0.39310736949046576
dd9f348a3e019188,0.47347646790663744
34946df4f3dcb0b6,0.6097621131603627
9444819c9eb0c9d9,0.6510574176826092
fb4483e1ad010ba7,0.1841351672397624
00c68b30c299654d,0.3866822835261019
72515cd3d8b3aa9a,0.6428177294988017
908510f96be347b0,0.6644234878086902
99a21c81b1b48573,0.4491475408981973
22f68a423b09a5d9,0.2208806293633427
e7f04cb37080c9fa,0.17841536157132434
dc02fa202a12aa6d,0.2857666731791185
10d0b7f586529eff,0.2536135810670001
ffd7b011eb85f998,0.6252054001250391
e621dd32e1b264df,0.33359996222777955
4af1a1f24964fe8a,0.41181499817651346
811ce0830dbadcca,0.2864640890382411
19f0e848aacfeb93,0.5726598507346046
8d3f02ada61029a5,0.6827055811711993
1e2a07a17f935db5,0.3553853248410962
32328db851b10b18,0.41184812050640823
9ee145457cc792ea,0.7794593193185371
ad8df560233793e0,0.27230290715848704
d22762aa0ca69d56,0.5519654644680629
f8355291593dca46,0.6585688170782534
0c612654e51e01fc,0.24104699385224548
ae7e23426e25bea2,0.2988117953527144
e009b5beb1619a81,0.6877615908617276
520faa13a8c7065c,0.7728877500781494
b5f1a39aded71e0d,0.301253919193498
de6cb6bc5b8d1640,0.4863094599874961
d51fb6ba7bb6913b,0.7030558963738668
a1375923af03ec27,0.6734166979264353
8c4b7d8e2bf037d3,0.38942049729081996
681405cfbc0dd97d,0.5086668815775763
992164c7365bc333,0.724538858497447
4814a10f30ed6822,0.5921303310930498
f125562b955f34ac,0.474966884182557
8665c174c23e0232,0.36204646113368755
c03010cc5ef028ec,0.7571726242575805
d2cbd396091301dd,0.3238457812337189
c5b700f429ada2a9,0.6443178297905594
07d97ad7c5757563,0.32901966890695
abe88bd25b74cec2,0.8083897324684798
b5242ec51fa10803,0.31181206366572883
504c204a4b07adc1,0.34143316140460556
eb3e885ca8381431,0.5154896412941544
88019e77a7570235,0.6180893417213713
4f5b5ab494b7fa3c,0.6281994607689904
ff857c8685376696,0.69013245675732
c97ffff5899cdd5b,0.7550875534021049
06d8545946fb794f,0.75187665676774
86a18a847664c8db,0.5907638975721581
236b7caf60e83702,0.37307319474835887
b7362d1c5e6ea485,0.3652735034385745
75a194abbc3951a6,0.582687744868188
0739352b03f43601,0.47219377409607166
d5fb0ad6dfbebd36,0.18599506356152962
ab3267950cbf32e4,0.5145135563196833
061b96409f1ecea5,0.3093385419922892
77507cbfe35570ee,0.20570193550067728
a36af5b550eaa873,0.5950933742315307
9ea7c406af2ba7ab,0.6629863876732313
f67f1e53508bf00a,0.828532517974367
c1e4dc287c41d581,0.3275615791393144
a53a53e86b02f37d,0.46780109409190374
608291782c527827,0.4195030751797437
d0ad07399c84455b,0.6219997798791289
fc8986567718f61a,0.827177503386475
5dc1fc6a5d643435,0.6723679144524332
5c05741c61417dc3,0.5948124257580494
d702bbe78e1fa189,0.2642211081587996
e781540ac8518204,0.2498799755131812
7dfe0b8686f2f32d,0.6074493917370011
150a93d31aae72a3,0.4319066440033344
6eef12e9a09066d4,0.7348973403146817
636152d21bd16667,0.6427259000208398
c7f6af439da950c2,0.23916029358132748
27acdee466fcf485,0.8199815424090862
a8804fe9eee0fa90,0.17196573799103887
6192ee4938021f38,0.8259595628842344
fc02f9550afeac41,0.2672906937063666
7c9ba87d30178a3e,0.8221938574554548
a17444b2e1cdd78a,0.6895827888923621
83df6fde56cebe4a,0.42848644628529753
b35110acb0de3b77,0.6873495949254975
9fc1dd40acc8bff1,0.7273428805876837
0c521eb5fabcd49d,0.42050118526622904
e081802079fcf55a,0.6587491794310723
12aedbe868f79776,0.1009028368240075
be8a2586f0738799,0.5358155517349171
077d63174223dbbb,0.2307108562571637
bf95a5f9268fccfc,0.4253239150255288
51ac7bebc69eaad3,0.7139426031572366
823b8b0cbed56665,0.6557001888611025
7b06037a7dc44eab,0.818652856361363
c3468f13ce305a3e,0.8089401701052412
82906bbb278815e9,0.25314507919141394
26d93d94ea19b1b9,0.45710636787537773
d59469ecf7c3bb29,0.41241873632385123
7db5fdf7d9e7b81b,0.3904642609669689
251dd43cde3297db,0.5063809732207982
cb1945985d64f4de,0.40669775580910694
4eeb92e907af170f,0.3875212475252684
feb8fa429dd67ef4,0.5639302399187246
4de67c2419537ea6,0.3053005835156819
538e4f56402af36b,0.7305804626445764
a4cf878441380a52,0.7492178623528185
96be7b3de04ff62a,0.5924079243513598
39c3d3887c8c1a94,0.471609611076378
1921999c1eb2c5c0,0.6731056111284777
d57e9b30000ad4ad,0.5294190775763259
7c4dea060b3cac3b,0.7773609747837867
b72576d562bd56cf,0.6672479173179118
e1b21c89aa287e10,0.32557901818276547
ea91d426f07b035a,0.33422230905491296
e3fe0ea3b0e68165,0.3679335886214442
733a4e55740edd52,0.5764145058351569
e3ec47884acfc533,0.7061742458580806
8b4fc284f4d71fb3,0.7539657783682401
ecc8c2db5ddf594a,0.20811827524226317
6a2e9bd8a0f89c66,0.41820698655829946
330cb959caca2412,0.7930325088569344
d9ec4fb651c85ebe,0.41661190736688547
059f9fe46af8bf1c,0.4431342737313743
3a4738e51c5cab59,0.5016231491611962
2defc05f8aab4fc1,0.721793137178285
5eff676251527676,0.23097306059185163
fbe244ca19447d90,0.46540125429821816
6a795f7ddcc9922b,0.24075002865478795
31e47d59215b37f6,0.4964527156924039
dc507cec24e10ba0,0.7054957616963635
a6bb01f0933df044,0.29160331614046053
8d856f853ce1deca,0.5009687128790247
6da96325a4517519,0.4147507827967073
1154f92cf57d2532,0.21278047566948002
f6f5511b39bec2b4,0.18386557517974367
52b72c128d8d91b3,0.7022100382932167
75e7fc7c7ea0f472,0.5933768677711784
197817ba33606b5a,0.5867232572678963
c1951ebb86cb1446,0.7226872460143796
c4c41b18d788438d,0.7058543724601438
aa26bb9dcc890fe2,0.6198691739606127
c2c4703ee4c876c6,0.7153127162134001
4c5d7e0beffa310b,0.2639537459622799
83c908bdb66cb2b3,0.6551209896321767
f5402da16c14957e,0.35102291601542146
2ab80ba80d56a41d,0.6391548296342607
1c6b71fcf804ee07,0.6089439877044911
2f3e4501cfcf6dfb,0.5746339025216213
e6dae542e381015e,0.3668888207252266
eec4124d10360067,0.15234052047514846
9105a2588a4a2770,0.6938663983536522
130f75788d8a46aa,0.4880146959987496
8835b5e539659c18,0.516166249869751
d219e6e0ab855f68,0.5985154319058039
0723230fe86de14f,0.5639128920495988
e81853b0b0f8c271,0.2792675784099198
979af46a1f611253,0.5761089754610816
945f78f066a99193,0.4308588517244972
9fd22540f39891b0,0.2772070842450766
2631c1e94bf99eb0,0.7145036118057726
41d6c34577272404,0.43115593544857767
13285c2b73770aa9,0.45782478378659996
1d2b2b68357f4992,0.2853377748254663
5e3172665089f4f1,0.7703142336146714
9f7be9231e3552f7,0.5966962227779515
6e458ab88b4204e1,0.415744942429926
10739a7eee3e87cc,0.2519216213400021
a326839f328dce7e,0.8217925158903824
2e706184335e4bfb,0.8081123072314265
e10da35ed5233e23,0.19429142831093052
85df2a159bcafca0,0.615476664582682
7e459f89aae58555,0.3155214520162551
c5733fd52fad180c,0.5482512243409399
d78be06de4424dc7,0.1700358210899239
af782e55eeec3b26,0.7007838790767948
a5428b7d3e5eb0a2,0.42208923882463273
8d920a6bdb004f92,0.8667711732833177
f4be0e405024df8e,0.711779643378139
d5059f8f88290d5d,0.4364377722204855
e368d0170d51ce4b,0.3714637829530062
d8ddb30bad626df3,0.43245675862248617
d1e892e5a070ad3b,0.2534532067312702
8a30b24e45c8dd56,0.4909979055954986
7616820e7f2f060c,0.28169448655829943
35bf1de33ef37b4e,0.7403479603000938
7fc73341974a9c57,0.7359175705949776
9f5bd41b72cee0ab,0.2761466083150985
44e5daba8a615664,0.7094305056267584
6a29aa78116608ee,0.574218800145879
74c36fa527d5e914,0.3253386435865374
65e5065a97a00477,0.5120477805564239
2bb9d6b7e64b8108,0.20468236297801395
297129de9133a71a,0.35480032562259045
e6233ca37ff20ae1,0.6394861506199854
e6c230b1db202085,0.7279829517036573
042447db024700a4,0.22712033447952484
5347f880cf1bb93b,0.44200697092841523
f7f2f5d41652f6cc,0.1342345446493696
71ccebe269774017,0.2718754194018964
5d89474915222841,0.3053593740231322
583b0f485ee37a28,0.2871003295300615
cc5a91f4a1b878cf,0.7514151049807232
636604af09feb6f9,0.2908230970615817
9149bfd2414e1f06,0.5912456679170575
69c71a71af3a6a93,0.2978927021465041
5cab1ef744ae1f07,0.5442393391163906
2c01a13c5bd11b48,0.6512534489944775
3dd5148c39f554e1,0.26478134833802225
e55b6c8712632bca,0.522113069188288
1e70f997f11d309b,0.34467784854642075
0b5140a69c454fd2,0.26487660857559653
bf3433f1790ded45,0.5190458854329478
848bb9f5e15ea664,0.44459299781181616
ddec6d5fb5e1d8e6,0.7657782275711159
483be22ba816efd7,0.30330506668750645
c5e5341d9853e204,0.3323073564655621
21afeb4d02745cb0,0.3664877891528603
214573582fdadc69,0.45951614306554134
1584cb670481cd0c,0.7179352701365009
a5b74fec60dff97f,0.7747353430759611
500761048fa68af7,0.6017776453579244
17911ade8f9db4a9,0.5885272650307388
0d5e4ec73265e718,0.8023702211628634
9a23b511d19c5b74,0.49395089350838806
b0a68b6e9b5aa0fc,0.5912578735542358
f2408ea825dab651,0.4615048869438366
c46a0253ce15db70,0.6384682049077837
280ee758ffb1d1f5,0.3503998918933
f120c6f37766ad60,0.38614449567573195
f0bd6e897436f50f,0.42431942664374284
d9838a74cd5c15d2,0.18211231765134936
ef4f4beebb23098c,0.6404292317911848
81e1191f9eeac89d,0.47674267218922584
38a4b85540a1d008,0.364158397155361
583c98e432bf450e,0.5866502201208712
9319566dff410e11,0.5950196415546525
967a61a65ca3958f,0.2681642244972387
78d063e4b7ce7f7e,0.44571037303323946
d2f8e62df2e4ba25,0.4831249544128373
810d2f780629077a,0.6950976411899553
3515d882b6639805,0.5336695764301345
11e50493155c9e73,0.827988487287694
4ed708372af004b4,0.7309545157340835
c4e45da34ddf3b44,0.59718252839429
c8a93dd49c2a92bb,0.6329184575909139
0db19fe44a9a780e,0.22281424924455556
2b3538d47f1c15b4,0.2761794714494113
c3310c72d9734462,0.5215130587683651
14085746773f19af,0.20220584948421383
556db80d967a1693,0.35675242393456286
43fc5ae409f4f500,0.7375148001979784
081a87f22c3b38c2,0.8120437389288317
d375cbc133ed4f4e,0.6498132359070543
5ad546feb694ad21,0.4611302750859644
4f93720827de0ed1,0.4513833528706888
3aa17624d6ff3bda,0.26754789126810463
9242e8dc12c52248,0.5357625000000001
6842dfe6284804e1,0.7260624439929145
0d73a6a834744d44,0.48189480306345733
0830204cd861c6bf,0.27948780217776387
66161f0924e78225,0.680181289725956
496464a4d50db8c5,0.6161362925914348
06324bbe66728955,0.7711033487027197
14f78d4e391911eb,0.28012333281233714
2b82c80f72759096,0.3361023106179014
098ac1d81b9e8c1e,0.7489716330624152
1b76ea6cbf734ce4,0.3058312337188705
0500bc92e5b55537,0.3613184562884234
ac5aed573f280b25,0.3117013584974471
ea03975f1d5baea3,0.4336851294675419
88b17a552fbab232,0.6260632280921121
b8de7af9fcdbf382,0.7372193263519851
1200abef5b424cb7,0.13248894706679173
31b60e9d8cfa862c,0.30512714259664475
893db3bdf6bcd36a,0.6294835169844744
ceb6b035da1d3d7a,0.5833774577993123
4ec436f2d7284b90,0.2965165377201209
8aed9038981199a5,0.40350126992810254
0004c2d09b2a5399,0.555203198916328
5205db0c297b51cf,0.6056704803584453
fa00a8d5645e29e8,0.3885279722830051
e059a125b2f75271,0.7490885276648953
0a245e9039a475ae,0.5155255600708555
f6dd2588e26ea334,0.6392232416380119
973b401c5b3a29bc,0.5518040807023028
3c3d0acff02d8d77,0.7028820152130875
29614e0f15db6e61,0.5374411586954256
59556138531e1193,0.20779742497655518
6864e194fe467f06,0.45592304235698655
92d1a78a0805f085,0.5096696441596332
673c83d5875338f6,0.7932511474940084
97b9da49283296e1,0.19437517974366988
8e266443d27cb222,0.42158673283317705
01740ec6cd7d3fe6,0.7812692039178909
bf22ef3c96b1cf8c,0.25899229707200166
eceff6a46e6bb846,0.35181084583724076
595cd3775c548381,0.29569609904136707
dc88015ad74c395c,0.38662958085860155
1d829ac1fba966c2,0.2943797905595498
7af5a547c0ff87df,0.383351768781911
42082090188c20fe,0.748457626081067
f7c6df36a4354bbd,0.4067770514223195
fa583dbce17dca3f,0.5475070204230489
31b430017b021b90,0.6903164348233823
7efc9cb13b2def86,0.7147112912889444
d06fda4e5bcfc129,0.7638944761383766
72cb2bb85767bcac,0.7372677985307908
50f1226e03b9f878,0.33844541523392724
24eed0e6d7789047,0.5511012021986037
d026da38fc55bfdd,0.38559123163488584
47c591c2bae2052d,0.4321253112951964
92966f857e0e8aaf,0.40345723142648743
56b22e07fb9e4c9f,0.7152046655204752
95e7a0024d29a8e8,0.7306526753152027
77413f2ce0fc0b0d,0.5026536430655413
169ad5f354082bda,0.43838390773158276
cb6a3ddb00bb4caf,0.7908512008961134
c1351ef23bdee19f,0.42404890069813483
23e0eeea647bf809,0.493573061894342
52cb9f8084c2979d,0.6122783903824112
7f071403034451bd,0.7481314968219235
64c6b8a675d8d210,0.5241329816609357
25bcfd9c6c4bc119,0.4656522077211629
68234d071437f6c1,0.2899689082525789
cdba54b09ad0a5e0,0.31828939121600497
8b2a453d25a9793d,0.8030690541314995
379b3cf15b5cd618,0.25743277065749715
04f8b3d8fbcd3c09,0.3616689864020006
8db2aa7a87a0b0b0,0.6236482429405023
09904cf5297e4c52,0.5495635029175784
e5d6021439d46003,0.6608722790976347
87a2e4212129d19c,0.757045385276649
e218c57596992271,0.5539642909242471
18b98da5b42722da,0.47980022272585177
449920a89db3ac7d,0.755533058507867
9ce041cdc0639315,0.5960784880691883
722f357fdbd5c880,0.4550821311347296
d468cd43dc6a08bd,0.8266444969782223
9700c7a3ef819ef3,0.7584917200687715
b7f1d881f8c72980,0.19338303897051162
b23236c476c94144,0.8028709140877358
18dd1046074e1b37,0.4372553402104824
55f227029ee88bf8,0.3171655100552256
5e3b8e365345db58,0.34598265082838386
d97a5d6269148ed6,0.5539083776180056
ec6dfb974b3c0b88,0.7308421603105137
7ff4153e9bc66bd5,0.7082251328540169
70ade30377aa52d0,0.5275644003334377
e81c74c9a5e64310,0.7710493174950506
27609b892f19ce38,0.3379663175992497
665fe4d9e267c32d,0.7378936217046994
e4efa861a25c36f2,0.6260777443471918
707cf306deb0ca20,0.33432414947379385
53a0fc682407a107,0.6941037915494426
4bd91ec011ba7743,0.24089671642179844
3b7c880189ffdf65,0.5662593557882671
c5f1834657b1d9a8,0.6443907653433365
60a043d7036ea402,0.3280133361988121
d69dc65f9a8e3647,0.4748712045430863
c3978282c1335961,0.6470468258309888
248bcc5d97740cb9,0.4801454022090237
ba074101d0551828,0.5339465041158695
f22fd6cc76b9eb99,0.16828491455663225
cad3b5acbccd1a75,0.2404351229550901
4e3d749c5d0d8b99,0.6066282471084713
1024028ec93908ac,0.8575816505157862
db5f96700f81e32e,0.6083434054912994
d00456f5c537affe,0.2862811073773054
ae6c9a4ac1923d77,0.27931293242680005
5c4ef0457f9b795e,0.46360389053871
a36087b510ed1bbe,0.7819923009794727
9700dc3668cb0d40,0.0895996170678337
e404394c28efb780,0.4143780595498594
0720a1b755cf55ed,0.6044546016984473
035439e10d353f33,0.37348050171928726
53421be12c0c7d0a,0.678839066895905
c76422f9c7f1c224,0.24338331509846825
ca75e192477ae30e,0.3656991403563613
480e9e2f5f6eac7f,0.5356990908617276
b1b0c9414a07e81e,0.24664688444305508
e09f31da0edae6b7,0.28112388767323127
9386dbd09f1eea31,0.4415667122538293
4027ad13f744ab47,0.7151980566843806
dd57f9a9617410f2,0.7592095511618214
53816ae08db4500d,0.4616127149109097
d39479f04b318c0d,0.7555806749505054
5223cd189c2850d3,0.3707023080129207
8c0a9ec776187a0a,0.2875909854642075
387c460bf9c82eed,0.6049538488590185
1fd31e1faa118ee6,0.28232780816921954
49fba05cb591b00c,0.26978525190163594
bd80ada68eebd0b9,0.46766556345733046
0e3f686f072a8a0c,0.36677072392414295
84925d826d461c4d,0.6907371900072939
a7badd0bb8ead7cc,0.46416725539231
e2c838fd32fbb729,0.37253231478587057
3a6cf220f53b4cb4,0.5428378868396374
9dacb79ad9fcf34d,0.5229961055538189
92aa4c1f7f258a86,0.596211520527248
c85e22a117db207d,0.3257820269355006
c5acfefdb9e64f54,0.38644196363446914
26015640e05a3378,0.440820774721267
834b3501453f5c5c,0.555068671199333
42af151534cbcca4,0.42381167031363964
6342222ab4bd07c5,0.7108852545066167
cec95d0eb86b553d,0.5375285492862353
b4129a57f4c5c1ca,0.5022501680212567
8b51d76d9c838743,0.41267390851307706
36d6124fdfb6b5fe,0.3774086980306346
2212f9196bf749b0,0.8000852610190684
fe9345df75362fb9,0.5484940476190476
75774ccf0b19e8bd,0.32093645540272997
026c096720d1702d,0.6359965353756383
6aca91fcef83cdf6,0.49209651323330206
8fc4c42ef85eb9e6,0.8027418750651246
1b64496c26985a3d,0.30886201026362403
591d0017ec185df0,0.5314743135875795
028968c773b11f62,0.6080616429613421
3a09eb47d1ba4acc,0.16476124179431073
000019235d24a363,0.5599584153902261
ac5122e50d1ce8c3,0.5386971840158383
7d4feba02220abf7,0.17457039048661038
e59a3b16b4a6d416,0.6611023314577472
84a820be4f12f7cf,0.29512756851099303
2f535756a73607c7,0.7524109852037094
fe5a15197d453416,0.21770449619672813
dfe7a446a8aeb1c9,0.20073360425132855
0ba28eeeb91393c6,0.4477773275502761
6cbf1767b759c6cd,0.5582090497030322
a6e42b03d097a184,0.6968742601854748
da6efa9d56a293d8,0.5887836198812129
20eb958ac40ae3ec,0.24164534489944778
861472b884b8b80b,0.8091147741481712
83313fb5d3e30121,0.30158816817755546
75c00015b88462e9,0.857641974054392
abad9a6070f32056,0.5160959036678128
dbb0ac574180786c,0.7761836693758466
1ff23956ddb48080,0.7201105397520058
1030748990c873e0,0.5094481270188601
3b392b51ebbe98a8,0.7161999465978952
9bd3ce96b5220545,0.3311716135250599
e80afbedc991fe85,0.8021230319370637
b892e30bd65f1cf7,0.26748770449098674
45be6aeb64cd6e75,0.45048404970303213
10b2dab220d2112a,0.6568237704490987
397e2c46ae990a0c,0.44311895123476086
19d3b02c14e869e0,0.41135361441075335
cd4dc389be000277,0.7592647975929977
fddeaaa21cf9f333,0.4265061803167657
c73cf810b1eec5b7,0.21956514145045325
2d89c6930c494b36,0.5010864358653746
731c1ccc4e036603,0.2342031337918099
a9448f44773fe67d,0.6362245167760758
89d7d09573e87744,0.723443141085756
09a1c2b53c31bc10,0.6804456978743358
6c6319f9764e8514,0.8584121743774096
f56bb1ad09aacd4d,0.7022865973741792
a49d99323a265849,0.19848882984265914
3ee9be6434e0e715,0.6285129675940396
875debef7413e1cb,0.41494638558924657
a2d775ceeadd24c4,0.7777141359278941
18c8aaea7c834671,0.8928492015734084
df0c46251bada9cd,0.6574687519537354
aab9add2fbc56aa9,0.3908710130770032
a6fc3e9da5c8e555,0.22138579634260702
f637661db81b90bf,0.8349882372095446
33f67c649066e956,0.3659523405751797
86c73cb2d30683cb,0.594809517297072
b5c00f8557fcf692,0.42468342190267794
a2c9a8f18d345227,0.6959105267271022
5ec5cdcb7ea71186,0.505677070959675
0f3e463f9177f7f5,0.6730774473793892
4e7f08dff5d4d708,0.6821493318224445
3bf84009bb5fc3d5,0.7397906950088569
51395fde52e82c96,0.7065663657913932
11111626d4279259,0.44375020318849645
ae179d72addf4dc6,0.3257949710847139
e88ef89c0abd640c,0.267832993383349
c514af589b1c5c49,0.33070806371782846
ff07eef5fb056c81,0.7398323903303115
96fcc4e5d6f59237,0.7748199567573201
28c21a0768568fe3,0.750903415129728
73627db8491905c4,0.35243273418776705
99467bd1e0347c4f,0.2163186581744295
f68ba1afefa7c356,0.8714207030842972
f2dc825ecdbac412,0.2908935201104512
4aba146c1a03941e,0.3480055329790559
80d5d6de30bce75a,0.47241672006877156
07139bc3c4fbcf8e,0.7565986167552359
e20fe10aec859d4a,0.7639290963321871
7ede37b476b9198b,0.4855281025320412
13f259dd7b600fe1,0.3742246157653433
351f432cde665f41,0.3072830532979056
a0721905432fac03,0.8292674325309992
c64298a4451fa34e,0.5904716565072419
4498869b991b879d,0.6758876172241325
17636075cadd05b7,0.5798067547150151
f1a1bbb6f878a877,0.42308443914765037
0eb6903ad4fa3f90,0.4687317065228717
3188bea8d6f5b35b,0.6189136826612482
c4c409536eb6c51a,0.32467427711784935
d280dab3667294dd,0.6356569709284151
52c6f5f136513403,0.40691758361988123
5090d67fa1877997,0.32557976060227156
16b61b14def64393,0.5748595212045431
baafe2fb18314839,0.23272806345733044
4dd870bba94a4e61,0.5026854824424299
09dc62cfe943169d,0.23218691518182763
c479d440fcf7aa16,0.6493456640095865
8afc03aa50ceaa11,0.7721063756903198
edde45a77638faf8,0.2307420235490257
6d7692d9c32c3019,0.41170087527352295
5732b6767099399b,0.37218974940085436
17d91b5e97f3116f,0.3192869438366156
0d8f39533be9f182,0.6873677985307909
fde5949373183adb,0.8030502070959675
958e0e17661293ac,0.8359165286026884
c5216e7c4a482059,0.27648001979785347
903c649790deba31,0.2444101672397624
4a0069fc3386e06c,0.606272168385954
a8ed067c70e68299,0.7445504467541939
2739c45027efcd82,0.5250016841200374
9cebb6633780881d,0.7628138597999375
61795ee62a8075d9,0.3441980970615817
58f2b934b0d49345,0.6724531780764822
dae79d85843b121b,0.1794239814525372
2a1568df2de08c44,0.5984630900281338
ee4fd2a6e3a78dff,0.4965895696571846
b757cce25b9c26a4,0.2765093141085756
66ff45cad74a6679,0.4729769797853496
b0017bdcd541c6d4,0.32415889470667913
a3f277c9b5c91e67,0.3539389001771387
a5cf1cd034f1cbe7,0.7340575479316453
68c1e518bbf4e77b,0.25954870662707097
39bc60ddd2106538,0.6467466890695008
6efa72d0df99c34d,0.6967888207252266
ba7209f117ae9238,0.7646575726789622
7c5bee138819f339,0.4846656337918099
0a18482d62e5cb36,0.5566324241950609
8e35efabb244500d,0.3642150633010316
43a9275d59ca040c,0.6213203891841201
481df5704a84657c,0.18883309107012608
4d8d82c65a5b6227,0.5630817052203814
f93eec03effd7d38,0.8240587345003648
3ffdcb2a25a0754d,0.6899226672397625
95109279ae9a6a9e,0.683259502969678
d6ee9c0efd68efce,0.3993218714181515
74c4894e7bd0708d,0.6031936542669584
d33fec8f45769c79,0.4777866690111493
8fa4532d6a6caae1,0.30237432010003124
3dff5467e3be88a2,0.6607572444513911
fc6d9a8363c4609c,0.29290561503594875
c9cec12908a9bfc4,0.42682555225591334
a971fe519809a939,0.4858396139418568
5ef5d379d20d65e1,0.5022569748358862
e3fb799669853199,0.7039558950713765
6f8c415e8466353c,0.4898432999895801
6a84824f0fe20d4b,0.34235456001875586
8cfc43e4b7c26f14,0.34706631499426904
de7c6a12dea21dcb,0.6927899864541003
d478e64abc5e2623,0.5814014066895905
437101bfe8957347,0.49683999426904235
6e285e3b9740ddd7,0.5779338373971032
c3ad227a535c2fe2,0.7559340861727624
8f43b3a85065f086,0.6689078878816297
90aa3a900822f96a,0.5747390004688966
c9000a6868faa0ce,0.7903484604563926
32a000ae2024ab05,0.24657778732937374
c4605d1a5e5e5f5a,0.6641790351151402
892acb659d8cf3f0,0.429732010003126
c69855f3bb4ca032,0.20056929769719706
edf73aedf6b35217,0.40054705506929245
8877ec8e52d1ecc5,0.23462726503073875
fa3630178cfa8ffa,0.27147172684172133
9f5f7129d1af2116,0.5556536795352716
5e7e17e9ef20547d,0.741104308638116
a0bb691eee0adcbc,0.2040164283109305
47aa950ec1d03709,0.3509410883609461
89b3fd466c092666,0.19164946337397104
f58ae0404d156690,0.24343415520475148
766c4ba6be3c0785,0.6294926474419088
eb2e4b71d64f3173,0.74308940945087
4912ee4332177555,0.6359118617797229
2bef19c70fa1eb95,0.33762626471814106
c6686c6fb6297feb,0.8200411938626654
67508ac580fa166b,0.6526203865791392
ff311f69cd822985,0.4129471123788684
bfff1dc879c76509,0.5195540507450246
3d1fb3f5ce631cd6,0.7363281572366365
cc268338bd6cf9ca,0.6946858132749817
d5798960a3e8183a,0.49542076430134413
11d573b74ae9ba82,0.6584657926956341
8c8705f908dede75,0.7584088999166407
ed2bfbed36ac2b84,0.6916980488694384
89361517fc2f10d5,0.7396336289986454
1626bf6a9e33402d,0.5863954464936959
549de17e617d4cb1,0.21648482728977805
241acccc8c4c5c98,0.6873459700948212
ea3cd2074cfdd18b,0.15393069188288003
3482477cef332442,0.6124748879858288
4f0e6d903964496b,0.3525674768156715
55f5ac50a1704cc5,0.4949886956861518
2754a911af5ae6ac,0.3112797384599354
f2e293367584282c,0.750765050276128
2efb3cb92bcc9b98,0.15995913306241535
5896699316dc3ab8,0.4288805968010837
2d0483ceb9c643bb,0.5233154371157653
efc8974e6723a58f,0.3563292838907992
a6a0006f726c94b1,0.819914956496822
6f5c59612f3c92fc,0.8356070100031261
c78209036cd357a4,0.780098061894342
db9a3030e417457d,0.2823157536209232
99988b482a1d195f,0.747522431489007
52e13ab6586efd97,0.6682480241221215
3e8fbcc54eca7fca,0.45004340028133794
5bd1113a10668c30,0.2973727714389913
4bef48512ade85b6,0.3652336902156924
2882464c483cd0f8,0.33250428519328956
079b1ed9350bf75b,0.49716937975408976
7063caa968c586c4,0.2805748736584349
ec19c34addb8624f,0.46912228430759617
8cbafbdb15a9de28,0.3653461719808274
a38115fdbf75c1c5,0.6707486415025529
6d8390c7927568de,0.2775895787746171
00981f14236ef71d,0.6042269511305618
12f84fa2b4c572e1,0.19977233119724913
ca5bb700586628a5,0.2200092828488069
4a7058a9b89ae975,0.3196039061685944
878bc0b3326ea889,0.21790429821819318
57f748e3454293d9,0.6405552737834741
07949795ad3e2e93,0.5513963634469105
8cfaf8d91ea4f1c0,0.3840328514118996
0973b331fb200feb,0.8328324802021465
fe33cc8c6e5126c9,0.27132103261435864
95338421b02d6100,0.7208173661039908
6d14e413603d239b,0.7000523132228822
8dd0a5354bcc36ad,0.7616876276440554
73e26e96853b1101,0.3294197405439199
1d9173dbd30bfa8b,0.7970650450661665
b8164626d047cbb3,0.5201648640200063
0fb7907993c4b37f,0.7376650646035221
59ee8f98bf511a26,0.5666643677711785
0c3008cd7e493e83,0.8068372968115035
ca16172c325cea2f,0.2644023705324581
2bca85f81b167432,0.7547992419506095
22fee0166c140a09,0.6787505209961445
e2724c0840a5145f,0.5090097751901637
f36672a2c0e1cfac,0.17775966187350212
1fb583d94ee99482,0.713104092424716
02f264a344c830ab,0.6589017062623738
4da6645d6969cd52,0.281055828644368
44dc081e8f45104c,0.6234374153381266
2c2b2f0c44e4f0d6,0.3519061738043139
36b10927a5ef8124,0.7874052659685319
c1aaa1a11b02c7a6,0.43232875768469314
052a4c4d54a4bc92,0.7447022064186726
d52322d3a4091590,0.2623242067833698
836f3b0ea82976dd,0.4375043490153173
76fb069dc8449b55,0.57422824189851
9c73e1140fc59c02,0.3306868292174638
ae6c780a01769bbd,0.41414399030947174
ef3be0cbdd14848e,0.24719118344274255
3599f0b9c0feb095,0.16789369073668853
88664205bb714f9a,0.33036425315202667
b978ad9fbc2debb9,0.6177387998853808
c82c9b618c165d10,0.43560258674585817
0b15c07bf352553a,0.7292978404709805
7891a28610913711,0.5866369256017505
ad4639fd4e49662d,0.1701892596644785
08bf7df7a564e646,0.36943153589663436
7ed362e9d16716d9,0.3293556762529957
0ad5b72ef7c0ed2b,0.5174204386787538
511e654ff2a5008d,0.5644630639783266
c2cd9bde4b5e7a21,0.6875495975304783
5b3e02e26bec5e7b,0.766671019589455
89c64c8f9efcecb3,0.5101256707825361
a8f6c6e3e62d6b71,0.34610927633635513
019cc0b8962f5cc0,0.7580295613212462
bc4e4242db6ccd37,0.14856493826195685
3fff2ee4dbde3d85,0.5034429040325101
dc37fcbe553235d5,0.3523558208294259
3bd0b86bbb97a337,0.37159262920704383
4992d9bc07447302,0.30036220042721684
bfdf1c0f0ba7cdac,0.8035272090236532
a6ab2d1d53fe912a,0.21128009924976554
1891df3302c7b348,0.17517236636448888
b9959e103e10b920,0.45752954959883296
0ef3c10f8c9072d3,0.5500774525893508
a10619d97fb76c2d,0.2403727792539335
0863a38392b70b67,0.35573115556944873
60b64acaf466a536,0.5979927894133583
12e3e5d6d9c41e98,0.6594691218609983
9523154e7d045c29,0.6630027300197978
c75a93ff5b4249af,0.3476929587371054
254953a015ac6eeb,0.758399520683547
800fca2f6db1274a,0.28052956783369803
495cb7b810650027,0.2926632424195061
32f2ab9bccd62523,0.3749862183494843
710c1a24eaeead5b,0.4263162485672605
bc05e8a0b1a36967,0.5794882176721892
7f9c858cee39c32f,0.4867985724705637
d943890ab2a0dabc,0.5496550705949775
e8365a58644b452e,0.6457450244868188
8b6555b1e2375ec2,0.8139241090965927
2d05b7a2752c3cd7,0.3941479915598624
cae674aba0ce36bd,0.723161257424195
ded2185f98f5d222,0.8054826755757007
5aa4335a084d6172,0.6251852870688758
ea84e8283949a22b,0.6714024734291967
e05b38abdcb5ba20,0.1615316466083151
1a8232cb16668217,0.22151583307283523
964453e5682c98dc,0.43173108132749816
6220fee3bc1e75ff,0.7596163723038449
44c74ce2f7dfda22,0.7559121965197457
0e420abbb67f6653,0.8791495675732
381d753868abf15f,0.3330052855058872
c90e0c45f7fc22d0,0.2746216291549442
28cc75a35f51a8f5,0.6678406715640304
3ec9f6c06061e5fe,0.7584599744711888
b014ddae55b634f3,0.2802454373762634
90879b42c1e54236,0.6031435383453162
7e62b4fce61bbae5,0.5597165051578619
6e384e2ddbb3399a,0.40201439903094716
6f07849a73f44a97,0.8442011553089507
f48a2f5d095509de,0.5694410010940919
ba999a22ce5b3fa3,0.8520962852974888
ba9181802cbd9401,0.7560818224445139
bd73bd26225890fa,0.401244005939356
64c38fe6742e3036,0.33153920626237365
df243043992dea1a,0.5557685162029801
0119114d3ccf9eba,0.7795853899656142
f21453041c1dbfb2,0.6694192299676983
65850a53164c135e,0.2991896595290195
48527244bf10d792,0.5531011292591436
cd4848b0c5d09b82,0.4251319722309055
d29250c293d24f3b,0.6774973155673649
8e49853ead7a7782,0.37762933468792337
c4468c09563855e0,0.4322230579868709
06fbbe29034b7d22,0.17978549937480462
85f4de85a28f72e5,0.672625817963947
61a2fd323396df30,0.35613786730228203
57131a5c1fd27b0a,0.5174748645410023
97148caf47baee80,0.6646496522350734
bc00a7f9820c18b9,0.324313083515682
0774fb3a81023543,0.47857795014066895
26fce92bc23cb74d,0.6904398653224966
c97cd71a9a738f03,0.48385524382619566
e241738a2d4f1fbd,0.7737281754715015
da7df03e550c90ab,0.4567463230697093
35c07da89ceda890,0.6752251380639784
5cf499e1908cd296,0.5028116429613421
d8e67e20d907c472,0.43259257971241016
f3135343f9e7c1fc,0.7194475799729082
35e24477ff3e4121,0.4385403120766906
ad3c1d21283a66e7,0.5862148001979787
fa88a2d04837aa67,0.6143292812858184
3d8cc5538995bbb1,0.20837323773054078
2cd57b0959ffa8b8,0.3799443419818693
abf05406b1a91bf6,0.8271261448890278
0f7b3fdc5d781296,0.7576536756278004
03365bdfcc4be998,0.48444633479212257
b46302fe840c3d5c,0.6460256473377097
b1f966468fc49840,0.46581157653433364
6adafe7e6a6e6865,0.72092953917891
e92c7a5333472aa1,0.6187178636553089
7eabeacacbf8b37c,0.48672210326143595
655d9a938cd682a0,0.8002313548504743
a26607cfecac0d77,0.4254843206210275
8d29e784c2fbc4ca,0.7116166614567052
0552a72825b82f4f,0.44953139392518493
8db26f10038d6705,0.32226747551318125
0eb4f40d8b4a0e29,0.4379837110555381
a1caff7700882d18,0.6192143273939774
ee70a37197156928,0.236944650672085
6de1b2f62b6369e2,0.7425284177347089
9c2d074867b45c86,0.33690122173595916
36c975ccff63cd9a,0.6119256890174014
eac85b26c054de88,0.6131684719183077
318d374ee2d57a71,0.5014467776388455
ea743176167975bc,0.5029233797019903
3ab9fd28956b4c1d,0.2718423022819631
478582ec139d868b,0.6498387569031989
fb9d44e71840eb0a,0.23687722856100862
bd4fd0a37b2b9312,0.5335967125143275
5dffe03302a0fce9,0.7930256968323435
d94e1f4138ee9631,0.504705263363551
298ced22f474a1c7,0.4286861441075336
0268d1d90c8858ff,0.5132503881421278
84cf6eb7514ea305,0.38155078149421695
95d0de11255bad7e,0.2663056436907367
9df308f6f0758e94,0.7919846735959154
b0fb6fef1f3a5762,0.5480811764092945
3fe46d292459737f,0.2396961524434719
6bf62b52eaee324d,0.32680097035531935
8b6a50f8f0d1474f,0.6450589064290924
89833118f346eb37,0.24885052881108677
48fd781830adf147,0.8162129845264146
209845b666a00820,0.32853096280087524
f23faebe09506cb7,0.6712884599353965
5f9584bc58bae0e2,0.3311918828800667
a08d713f9ab75910,0.47348682400750236
5c4f577995e30921,0.7528240830467855
db21d37dde61a7e5,0.46133876081067005
d22dc3977ccf9208,0.4731837735750756
d0fab5e12cd60c77,0.2320646321767219
5293676c6774f75b,0.274602568510993
d3ae1f0b7031a78a,0.32052019511305613
bf57f1265cfe2fc2,0.4982379662915495
468b54d83b570a50,0.3648528850161509
134c07b69f25f030,0.530290980254246
2cfa14158d7d3661,0.6132353443784516
a87b1a98b2c48b05,0.35100988329686356
c0bed62168e9892d,0.475773645410024
fc44e0d5137363f1,0.31977000755444407
1247308f81ebf41c,0.1515654892153798
083caac4b6cb4eba,0.6497507958216109
a9d470ae3ce0af34,0.17434217854537878
935c423d001e7dda,0.31123593310409503
d096b8795c71a6e2,0.8078762100135459
2acc0dd1e03e59b3,0.4347259482129832
bdba30d6e4c5095a,0.427253533656351
57b0ac86659a9329,0.5590623567260602
23d831dd1ba487be,0.22242985828904865
628b14a47b392334,0.5759081158174431
76a400c7177ea365,0.4321414087735751
86ab9bf8f20612b3,0.5121939525372512
fb26e948e7444ee8,0.624090688496405
367ec7e6bfbfc6a1,0.7727070412628946
efb297fa666f7cca,0.7194359643638637
0a0f715a63ed4738,0.5023481374387829
00b759c30fbbcbd4,0.7441044493070752
4c133deea22458f5,0.7382860607481504
b354cc89789a3136,0.575365011201417
f3595bdad2050118,0.28736982520579346
2171a4f574746f33,0.5016322275190163
ce89301fff62a739,0.3222935109930187
f4786178a6026169,0.4837349419089299
e1db1fa3be2d2bde,0.5411148509951027
05b896a0d6b00e98,0.1642856986558299
89658e4ea0b49c47,0.7291394615504846
db78c841ae5796ca,0.4747470446493696
6af4698b636d1c84,0.41358095628842345
be3f82b0567a0962,0.29231629024695216
1dbeb642447425a9,0.2576089415963322
eec325cdb9dc0154,0.5316396816713556
cab58c1297ee8294,0.6204117354381578
97e9bafef493dc0c,0.41211614306554134
c738edb5352110f8,0.385248969730124
fe298587b58a6ac7,0.6958113095238094
b01b2bff457f7030,0.4677501784411795
599065c0cda14c65,0.67036916484318
feb91e47c3d327b0,0.3507300354277378
1b0d5c427077f7e9,0.5191750117224132
6c1338d0338c0bca,0.7089948395331875
aec29f6d68d9e001,0.2271145149525893
c6567adae6722bc2,0.5897642752943628
c6e04efe9811e16f,0.31946909190371997
eb86688c957ec913,0.5729214949984369
a450a6576dc20dbd,0.5039911157132437
b700f2322066f731,0.6905538918412005
a4302475b7326abd,0.7564643247889966
af5f8038b513a4c1,0.43117356856309264
0d73ab8c4cb1fa9d,0.7558664934354486
8ca59ee3a85773df,0.3617296446806293
e3f7ceafab0856f5,0.26193757424195063
2445f30cdcdf58f8,0.6610961237886839
23b0f57c015407cb,0.2824440919037199
2750f1a3f3525b16,0.1787316531207669
4d1502e6806c5f5f,0.47885531546316557
9cd2cc7d553443cf,0.4275080663228092
5e314b952cc18869,0.5196408304678546
e8851ddb49233587,0.7716596293112432
6339c240bbb14c01,0.38106863733458374
196ca6bac51b24e0,0.7582521738564134
ff664b7817ef187d,0.2474393860060435
1f50f2cb8e01a9d2,0.42648134443055125
f655a99b43cc6c6f,0.2882205415754923
2dc6d88fd87d67db,0.605728678232781
b61c9fd4a46a6bff,0.16358627696155048
478a862e9bd10007,0.517637820412629
0b9c9bb9e3bd1c5c,0.27999423257267897
8ba72175f80e2cb8,0.38787886448890274
80bd1c42bca86409,0.5791383023340628
ee7025a20728385f,0.37384701469209125
a94a734822cd1066,0.5801180030217776
9e445d829547acdf,0.575468108523497
d08fa8b4d19b0300,0.7347301279045536
8ef8adecee83165a,0.7077435578826716
476933f8311d441a,0.6369242432530999
fd9f323abdfccd58,0.4159831783369803
fde943f5062e49d2,0.687426740127123
32e1723a53483290,0.41737046082109
3189ae9ce5829fb1,0.7913334310201104
a691ae869c7c7c20,0.68323404188809
aec6a61870dceefa,0.5004087201729707
301339e42c2fd935,0.529213144732729
33bdb599f03ad3cc,0.21842528915286025
ef958079692354ec,0.9032360255809107
6b9de167c2e2a382,0.4526103587058456
81a3aaebe87a402c,0.3724088738668334
78734bb73a549d35,0.5925187324163802
801a31247ebc0426,0.47444823382306966
703c72ed057e80ad,0.6473293672501823
d512ce41ff14126d,0.23829455819526935
b14adfc6f2de5274,0.5321119555590289
3ffc252e11d8a5c7,0.34225593414608735
dd94c4e414636803,0.4932322314264874
089a1dca65e44b84,0.47197225825778893
95e32e732db3ccdb,0.4536150138063978
aca38e8f736ef297,0.1348671707304366
78b2b40abd748fc2,0.6165135966968844
2595c73b081498d2,0.2220048166093571
4821901eb98463cf,0.601768818380744
81f36fdaf2813666,0.3516246287902469
1e80444ce87788eb,0.5926667943107222
47c976d0b2db324a,0.18452582838386994
76e7956f7212a4d7,0.27636453448994475
2f42d37419bdab8f,0.7348675224028343
460717034c7c127a,0.6494502513806398
f46b154a36f88b49,0.5973795808586015
af4a2f1334861acc,0.7966792070438679
cf562fd6a1ec6763,0.46534852948838185
a58fda4597ded16e,0.39790402990517865
7c5b545797c724f6,0.7190884534229447
cd2d2cade053f8e7,0.5843073069709285
0d42478d5f847ddc,0.31455447014692084
fcdbc1ca107a390e,0.6816630249036157
4a6cd78198d5a5ce,0.6618197170990935
13c39c2f8d3cd810,0.1653028980410545
c79d8a5d80e7f04c,0.17302786157132435
51a701717aef4136,0.7934371535375638
4e8d630667c21f23,0.3929287264249245
9b8e9dc382061f91,0.31602694071063875
fddd94710360c28b,0.40933581978743355
2c33fa5f3f2d5e24,0.3194283994998437
3ca87064dc34dde6,0.6407434002813379
c9d8edd3fb7bf971,0.5161668242680004
d582a1a34b5b977c,0.8525040390226111
2fd593bbcde3caa3,0.7461199841096176
d2f2308d5fd09adb,0.2722098103574033
dc6fdbb3f28f8f2f,0.559701012035011
ba8e32a15085aa3a,0.6649706939668647
3ecab659633b8be1,0.7946343740231322
80f14a6b7deb5266,0.5613123437011567
6809016a071b3b5e,0.702473108783995
d26156516af475ee,0.463284456080025
7946e76f5438edcc,0.6128958541731792
b11ee2ead8527494,0.6486015447535688
03e49d963acfe851,0.3464726880796082
4a3e2db752cc071f,0.8094131004480567
6e5157888073a37b,0.6765889978639159
1f7bd653103f1863,0.4816216356673961
5cc0f066c9d8a28c,0.7080744568615193
61240fe8a4dc9a2d,0.45712628946545797
ab6cae9885409088,0.7643429027300197
c4e40432b0ffcfda,0.7531813131707825
1f7fbe6992fe8f33,0.43372055460039594
94953e6bc4d48c7a,0.5127229485776805
e1f4fd779b279dca,0.7380617888402627
38ccb655faf1cbcc,0.31019499973950193
dcc976ac3a08e676,0.19840496639574864
8a586d58683ab8fd,0.7354745923205168
9d1f98568599273a,0.2690093987704491
f5a4bf16401623fa,0.719819369334167
42c6f25951f7db7b,0.43125166067521103
673b99f498fb7880,0.5364272689382099
e4f2c6820273bf2b,0.8127956614046056
8e7d37f34a1f3efa,0.7523756825049495
ec4bdd78abd81c4d,0.5376118422423675
a15343296b9f6f42,0.6683910128165051
dd76563555eb67b5,0.816214574867146
3ce8de8291ffa6a6,0.7489730215171408
1d036919bb298ab6,0.4364934888506825
9579b233e83fe284,0.277759964051266
be5c561435858f1c,0.8348372277795145
5cf1d9bf22b73559,0.7259745493383349
d5e3e7616edfb5bc,0.2527473403146817
ad00da3aa56f4d7b,0.2934351281650516
0ccceb1154debc59,0.6546541471293114
8e2c8545bf82cc60,0.7808759820777326
d62e1e8938e1c97a,0.772212345003647
a8dc86e602a746d3,0.8523075804939043
c4329a7f54415286,0.4095845159945817
04ec4184a6a2f40e,0.6082357846201939
a8874aa6ff7ddd20,0.429141865947692
c9a607048a5bc5dc,0.8809125130249037
002c27108f6666f6,0.39584244555590287
e4f6a20915cb1601,0.397228829321663
bb014c28cd6924bc,0.5405214168490153
196e2f507f594bbd,0.46761624075231845
9f1be9fcf021fb5b,0.2705839376888611
9391d5f366da4c40,0.6686118018651662
3453a5ca3d904777,0.4129366833385433
686ba22e52de9068,0.4857789608731895
3553eafc050e9c0b,0.5386210039595707
edab086e1fc56c68,0.7402110242784204
d79a009be9287b82,0.5109109917161612
b86e1b1f8503684e,0.6939312506512452
9ad70763cc07c36c,0.7654141528602688
419885390abac7a1,0.28841398483901226
70bb28465e350bba,0.7028892596644783
d2fe3be15c7a040c,0.6920337371053455
df051580b1fd88ae,0.44897062623736583
799dbb3bc5de0bff,0.6453986844847348
c18575ea64f02a42,0.7981839780660623
bc265e458d29169e,0.7957825375117225
d59c94219a63b100,0.6970085547566949
0b79c6776df906c4,0.5224393299989579
1bbd089c39955fe1,0.5187342919662394
e07ee63645347087,0.5303799142961342
6795923abfe3b196,0.8047957760237574
f23bdf1e94c91124,0.36008912550797123
a1fbaeecebb55865,0.31129737027195997
bc95d3915a49249a,0.5026546394706679
c565efbb2d18144b,0.7675205233406273
321866d63b3b1b00,0.6585970159945816
50ef5d8288aabf7e,0.39441473116598935
3948549457628975,0.6923906090444931
b958074c10bc601c,0.4051504571741169
f075bd7b8efbf058,0.5391025659060122
f05a42508ffff350,0.7249894576430135
3c1c900935bc3285,0.2426499908825675
cba59c1afecb3734,0.545136206627071
013e1691ae9f7898,0.3220905517349172
ff4fafab1f01bf0d,0.6786849822861312
16a52132c026c176,0.33311898119203914
7e6dc3264a60f3c6,0.25114688314056477
fde7be20171bb23d,0.2527643651661977
4709ae8a61f423da,0.5899250403772013
f2f7edc4fdecd842,0.11646754715015108
81421fdc47bf7d1e,0.584501505678858
e130b6363bcbe974,0.2977282041262894
8b5dc994eb4224ef,0.40831293112430966
ced09e40d6cdb2ec,0.32147975669480044
b65873d2d6509482,0.41941276961550483
d663eee7b55b1c09,0.35598026727102217
e8ac634318c1c070,0.7004185357403355
9861a481912689da,0.4045755639783266
c170f4b630a3b239,0.817937193914765
31f66aa5ebaf2ad8,0.7292918216630198
31bc47bb1448c433,0.24719289491507762
79eacc58c9cd0f29,0.8136171720329269
32cb3b1b23ea545b,0.43052004141919353
89357b6904f7d6ab,0.5391328891841201
0d9d1cf89bcda082,0.6952738876732312
7c15e3fb5080a6af,0.385736883922059
a8580d9f4b1f100b,0.8851404345107847
ba1c0d81b8bfcda3,0.5184408460977388
d5c76d632f469288,0.7624899017922266
4faeee72bb8b4acc,0.38161519355006773
10875f7f7d53acdc,0.438145511618214
3fb5a4da63283ba6,0.7709788775138064
6551e600570cb09a,0.6379122707616963
6b4949612595764e,0.5290864541002396
d45b6491898d0fdc,0.4485341525997707
0c40fcc6d696a66c,0.3770007254871313
74607a92b5ef932a,0.3733374869750964
e7bf586ef35ff70a,0.3934619750963843
65e0da070f27aa66,0.24838885979993752
38a09fd79a425aac,0.46965531937063665
aed136202b0b58d4,0.41495356361362923
5f5b7b68b01d1299,0.8508077107429406
cc5db835afffd307,0.42764312285089084
d8842b37f5416b48,0.5233929717620089
d8aee4335af252d3,0.32391521308742316
00494862dd9b9e04,0.3924213022298636
95d5441c82b1c46c,0.757200132854017
c6e492bd428631d5,0.4002989006981348
598200ada2678880,0.7680025593935604
8094f4dc74add0aa,0.3728474288840262
6831a0024a1dd23a,0.2522768430238616
d56926e610462f66,0.41963904475356884
bbe39148bfc2e434,0.6306771790663749
1a07a83f589de802,0.6031631134729603
8210d5a233d3d65f,0.18760297358549546
ef4e598f566c9558,0.524378029592581
c02b919584ea5cd9,0.32127328983015524
68bc1f08eb5258a7,0.7852283239554028
d57a9ae04f68912b,0.5432080272480985
fa41a48959374ae3,0.380506830259456
5e725dcb74b4e75e,0.33336023627175154
121dbf76a9cf73a8,0.6956685656976139
a2383e552a5f2313,0.31475598364072105
378738808b201e0f,0.326484686620819
9642ee1e267eee82,0.5553785636136293
e55cdf82fcc57177,0.43410259325830985
2103c3d1e5063e3d,0.3596349132541419
02004dc8e2729e0a,0.4373256056580181
95ae4af4bade5009,0.45583156064395125
8a4e103c92d62a5e,0.690884733510472
c4414b2ee31b7e94,0.4443284555069293
0866387e16259486,0.5950451638532877
f0b7e616767a0197,0.4655917747733666
a86d2f80a3468f5f,0.5111193172345525
691f9a97e9645bce,0.19597724158591226
2f2e7662f26d0933,0.29262320256330104
72cbdcef4a6b4f07,0.6584840614254455
3ca15eac9b7ce8d7,0.7389716070126081
d9f713c872a26c76,0.4941954347712828
38c5cae3c23f24a9,0.36588609591539023
80e12c9a6e625e7a,0.764692280139627
78211c4fb5585628,0.7522578527143899
59e71eb2f5c7c432,0.7096168542252786
b7abc4b3e6ff0e3c,0.23740622460143793
42eaa77ee15f2ca3,0.28271664191934975
bb8ed5a0931148f7,0.2794033760550172
2ca7468532706e2e,0.35434665520475156
98791c70677eb76c,0.6166357650828382
e7ec6ff3f296ed38,0.5044215405855996
7845f67130f900d3,0.6011548283317704
fcec4d0ce44eda40,0.5623834271126393
0ac91fd23085433d,0.6985703266645826
ff61891d90f930cb,0.3932425784099197
41fb4a2210a6066c,0.6878004389392518
4c7ebaf834966e32,0.28664799546733355
81aef88d712fdd5b,0.6773243617797229
36b0ae34db90ecd7,0.7208459922371574
72fff2ad28f42426,0.49684362821715117
717207649c078f67,0.2600538540689799
925d6e357d7ec158,0.6884705337605501
effe2d48627efbe4,0.5533374557153277
0577c43390d4bf43,0.8512541301969365
546cd9bb6f2ba820,0.35704068979889547
8a47c92c6443e7e9,0.7468885185474627
bc9467bdc8642922,0.4933909047098052
af91160b63f1bc90,0.7399976802646661
464ea9bea5384944,0.5984381369177868
b838b4792a3c540a,0.5651412173074919
11fd6e717c95ce29,0.6364195438678752
b1e2e5a1c0f42f8f,0.49380137412733144
222e74272be1ccd2,0.3654469925497551
21a85a0b474e45d8,0.48818720042721675
5c5c76ce21ac9a03,0.30271431176409297
98c3f3c5243d4fc6,0.31461951000312594
745be7354fe05a2c,0.23137889184120036
ebf17df229daa6aa,0.5354958919453996
14929f1035ed296c,0.7287055811711993
af1bc354186d653b,0.2858038423465666
88e44f6549d78a5c,0.4878818367719079
1a5119861af7675c,0.4764281064395123
4675a1f396e095ac,0.7626341239449829
306fd63061172f24,0.15659599353964782
68fb9067ffff02de,0.6970736206627071
93665736b22ae558,0.4759388376576013
2f3252e131fb28c1,0.6299935800250078
a90bb7ef537f3ccc,0.5745816127435657
f8c47e6a1ab0bf1f,0.5515838947066792
7f335ac0ff549013,0.2094536534854642
e9c7c37b6584e68a,0.32701842502865475
e2f8c99b54c930c0,0.25815088439095546
4f0ffae34b450b85,0.6653614723351048
94e27d2dbdf9010f,0.709019816088361
db05b31fda1c2b1b,0.5526970042721684
af64ad7d713d5a93,0.5158581080025008
4d1462da71b0efa9,0.3637324788996561
04fbab7984c52c30,0.7575509195581953
c01a62e78e6d8a2c,0.6980034320621027
74f8579fc40b2d7b,0.33564986323851204
0eb2d3b71cf2b61a,0.6202149564968219
57788504ce4c82b2,0.5839626953735542
9e7dfd444a9f30e7,0.5088964585287069
0cd8b38e5a4b74cf,0.423234823382307
e8c1c982ff8a6704,0.37378802881108686
36bfe943ee63fe65,0.4437823043659477
998d9f62a717ccd1,0.2367487118370324
8069d4397377adbc,0.3550519394081484
ba8f312910226da5,0.6532365765343335
37faa0207a18eb20,0.7354150033864749
c16962d752780184,0.8440388168177557
f1d62e28f903e96c,0.49365714155465246
8cab416d1f2bc624,0.7493189785870584
b791af74c95ffa06,0.8271903042617484
05b113e465a98080,0.4380979563926227
b17d9630e851487a,0.4149793815775763
92981268f9d56f38,0.6435505757007398
76775e095989aebc,0.23972234812962384
a07f4266c4b1cb5a,0.27676778029592575
7b5b1f94772d1b60,0.30960100422006875
4f8ef604a40bca4d,0.38954718531832866
673f3a4c0bd90267,0.31313390512660205
58139d3ae9373ae0,0.6721657262686257
c24d1452d22e8db4,0.5904083711055538
441d9763fdc1b0df,0.7924547150151088
d2987a3199c1109d,0.7617718740231323
cab99a91ac2562ca,0.6730794792643533
df1222f0cc1e08bf,0.4869147546108159
bdb610f14d1f9c0a,0.332111196207148
d63652d83092f4cc,0.2583552516411379
dc121e137a206780,0.4698448890278212
e5fde6a720ffea60,0.30099324398249455
52f7118d77a951d2,0.30543853547983746
1b60cd7738483c77,0.720927074867146
c7ef81c5ec66b855,0.7551521946962592
42a4005911b6abb2,0.761779225278733
926e4ef2979d43ba,0.15481052933208295
936393261928dd44,0.5537499322705012
90b3943086a67cf1,0.4243529384182557
80b6c2497708cc79,0.5421376784411795
dc880492a16f61a0,0.4052155973220798
363fa6d193ea1791,0.2914851490048974
11443cec444ffbdd,0.7719348715744504
174e280d8c42163e,0.7012802190788787
d7fddec00bcd1345,0.6011228508909034
2f2a0292483de945,0.799352492966552
2638757dc8ccf105,0.17841073512556002
af967b1ba12837c7,0.4274296707304366
6cf0ebd8925305ad,0.7280685383453163
0307e7dd94f223c0,0.20890848181723454
d86f818a421d896a,0.7458571819318537
95c76aa135d94e8b,0.3140169427946233
dfb2dc72331615e7,0.7348490622069397
b488c877787792d6,0.4737087123580285
5864514fce7556aa,0.66415623241638
7db51b9dfaa6c3be,0.3134152599770762
475afd5ca8082909,0.6231266684901532
aef3fd34396adfe2,0.2595416067521101
e93ef7b1eb85a270,0.4966355631968323
e643f5e629c7ab40,0.1920987704490987
e9234451a7ebfa5b,0.6364054118474524
e8b95693607a1af6,0.7774245128686048
362e59ee5f24ba56,0.6543064421173284
760d3c489cbc2365,0.2805797697197041
cdc43a10fec587b7,0.6531461263936648
436bfce1b2e96ebc,0.566102370532458
8364b88b9aee50f6,0.5836540077628425
49b33a422ea5bc22,0.7344436959466499
7c87edf2fa4449ce,0.19145520084401377
ae4d87302f77418e,0.47002330806502035
80504f5553a663cd,0.30881503464624355
285102ab56c81c9a,0.5366703448994479
ce75929520b6600d,0.6759131616651036
90e157fa590bed49,0.7690064994269044
72308a9b8ed351ac,0.7065887868604773
67da97f4bf5a43aa,0.3607141398353652
7a2c3503f50e758b,0.7228918698551631
7c277b093ca6e70a,0.3016314981244138
e17cdb698e7793a0,0.46558259351880804
304f33ed70c9905c,0.6191631434302387
f671940234873df5,0.7366297410649161
4c60ff51f1a98ddb,0.48456535766385334
357333ab581b26a4,0.4698622668542253
c12b50c410a56d62,0.3042400242263207
280ee73ea3f9a150,0.5228968375534021
9794f61f2b35c374,0.25227704360737735
99bef954535737b8,0.703641502552881
164deb1fbf6d3d15,0.728930075804939
17f64dfc919c257d,0.425970295404814
177f1a78be284fe4,0.5560963386995936
6575a6e55c3aa52b,0.5605685122955091
e1ceb3cf89c78b04,0.38020308950713766
2787d14ba4491e60,0.4740781637490884
47283a11f402ab9e,0.5351330754402417
3e13ab75e759c66d,0.7132349940085441
565632830f202280,0.5360681007085549
c60dd36532e24523,0.5910446050849223
1bbb760f70ac35fd,0.31001713035323536
5952ee73f64f8e8d,0.610442402573721
0d2e12deb5dc05bb,0.36096673048869443
93cf50cff9e70197,0.5937455324580598
71a0f1d3a79f9279,0.39174575909138276
ff1b97bfbc1de495,0.6524329868708971
152d66dccd700ae2,0.7448119425341252
af9475d72cb09bff,0.47984084349275813
50c6ae4f3f0c520f,0.6792082330415756
53277c274f93827c,0.7268791171720329
65c28bc2a138b604,0.6618154957278316
ab3f36de97ff5288,0.15079536183182243
6e673b3e05a86556,0.30563768104616024
29ade739f5ac47ef,0.5792208098885069
d6c96030b8564b06,0.6018486870897156
5ffe88ee98e246bd,0.2707415728873606
b75847a46dbc7758,0.4044149929665521
fd4f072e7db648e2,0.843311498384912
3b600a791eee47c3,0.5539520553297906
3205c60644f3310a,0.31711774512868596
37edd7d198365da8,0.7943991338439096
4aed77bb42b6c35b,0.2337367067833698
70b9c5d2c47a6231,0.730128505001563
5aee71b30cf4e773,0.23547579972908197
3b6034955fe901a7,0.18256364098155672
53f7e37ad065a1ff,0.6797766958424508
8249af221f0dfc62,0.4783411665103678
4a798f098b3ac80e,0.7375197301239971
7859a3365dc11f7e,0.741860363915807
0d6ab61f58e22d8b,0.3710825817963947
d90f47b845ad8044,0.6243006538501615
908f76b67c5d77d6,0.3890007684693133
2e13d0c9efbac24d,0.4925993539647807
fbd3509fdc1e2fe3,0.2778664348233823
d0c07aa05dbee8c0,0.5535745271959988
e2066400c0c997d5,0.6935811334271127
9d002016fad484c4,0.7935564538397415
18105a09ff042e04,0.3616563769928103
97dbf62f03867f4e,0.6324360216734396
008e7b56ab9053c6,0.7267216734396167
e382e61b69858e84,0.2204613980931541
a02b2c12a9b232a6,0.37597059237261643
5d4eefc602f1a815,0.6715783994998437
8c8faef5bff7b3c9,0.30837346306137337
8ea4fb1f9e66fa76,0.2197121209753048
22a32bb8f8bde6fe,0.5397134000208398
6a655866f90d61e3,0.4994519771803688
b15548596622ebdc,0.29886857872251743
e6426b5a54e4a972,0.6779046811503595
2bb1ea15970a2de4,0.161571970407419
5b2c1fc3ca8dca34,0.37159493852245495
b26bc3d1078e5a5f,0.4029195243305199
9db2f38d40ccfed4,0.33453365504845256
8481c054b0537a7b,0.7012685800250078
c4016925a614e39a,0.534906873241638
a6145b00b87ffbfc,0.8217206692195478
856c1f1b7a16dccc,0.2260600760654371
5db9aa657576b123,0.14961953865791394
e6c91e69fe022b81,0.9095269862978014
18323213899682a7,0.22131185656976138
84aeda77a9eaf7a8,0.6232013923621966
60aa7eb39a1066d5,0.6811669480045848
011908fe41b2ead8,0.8022005900281337
95a236faf4cbd0c8,0.5585739905699697
c58d93928c4b43a9,0.2628778472439304
e3d5116d0ddea646,0.7077688691778681
3d33771711b587e9,0.6546743735021361
ca902179e21ff302,0.6712292930082318
4b2142ee3d149d15,0.44721062441387927
d78803f699e1394d,0.5865305368865271
ef2d9881a6438977,0.16738957226216525
3b5fc032ae2a290c,0.4471937128790247
9d5473cf79999f4a,0.5560040728873605
9aefa72a94558b66,0.6854628125976867
78cc36a16e5afd3f,0.45643898223403145
0628d45dc33a5639,0.631092302281963
bc63ee6da23c5dc0,0.7358697574762946
5a69761001b7342a,0.49887722986349897
f5384c1b33a306d5,0.29894337553402106
9f4fb39fb6e8b6a8,0.4998999661352507
f7787ed37e4b9d05,0.6002933078045223
eecdd457b6c7edb2,0.6768084232051682
f36c01f2f7fefef6,0.7100831249348756
abe3d414c510a7dd,0.4916357403355215
d1f7dc9b905e0fb1,0.251943959049703
a97c23cf1c8d474e,0.4497708997603418
fa77ebf418dd2361,0.29527110946129
4fa91df3f09b649a,0.6195074802021465
4c40bd5075d26ea1,0.7551222725851828
559cb0c10ea413cf,0.5357846944357612
b07714f5d0a305a3,0.705025705949776
ac26d06332fffb35,0.28653373710534547
f3a18a7976f15c5b,0.320510288371366
bd610a8daf3173f8,0.24380470980514737
b4db2ea448a373cd,0.32743795717411694
a9e601aca0377220,0.7179602727414818
7580e5af192dbd01,0.8245874075231844
3b50e09f1d1584b8,0.481610007033448
e752099897ef3c84,0.34925015239137236
9e556374eb31bdcc,0.5022930486089403
09bf3001382d4d51,0.29926897467958735
ac4f9d21db6d0551,0.4528055968010837
bab162c780dd5d3c,0.44666559992706056
1ac05275c95e2b9b,0.35593328514118994
ba53d76ac3815303,0.7028680850786704
731194026ddc8a00,0.7057526922475774
565ccf55ce0f19b3,0.29450753620923203
c610846e274513ff,0.5361802242888403
4f2f55e6f8f022f8,0.4614949919245598
171594c12d4f22c7,0.15191845628842343
fd9a29be83f07915,0.33737938288006664
0e69e13d2585552f,0.8112094091903721
8458a25c7d299656,0.3912473116598937
36510a7e2e8cf5e6,0.5656425119829114
4c689c2ab0b1e458,0.7779483289048662
bbbb01b896a60659,0.4939007580493905
95a6091ed902a1c0,0.5097119464415963
226f1fdbdf45c3f3,0.299339729863499
b3776535f92034c1,0.3432091630196936
e136a41bbd9d2ebb,0.7019534880691882
2acab7498f95984e,0.633425201886006
5a97d6bb500166e9,0.4851219834323226
53ad75887ce27a2f,0.4111353938730854
4bbccacfaab6a76f,0.576267143378139
8d5dbeff654a20b3,0.1872648444826508
885918cc4b58a92d,0.4833894276857351
c33b954ec9e9d53a,0.22384590366781285
c73aa72e6960366b,0.5215067664374284
28c265c8e738031b,0.8789849275815358
16f59244fa16b9c5,0.6923983132749818
ab1bbd20f2288ef0,0.36008852766489524
21ce9f486720b00d,0.5083149994790039
ea98936cd5a062ef,0.5546091460873189
092b99905affadc7,0.7066440502240282
f8a1935cbff0e3e2,0.5398030243826196
557ff2105e2227eb,0.1772200205793477
e28b4c1e7eede953,0.26015672475773677
afcd2875196e3514,0.5802914439408149
622d0c5c885e5d67,0.5512518612587267
5ab123deb8c8e0b9,0.7620143573512556
d70f7077ffdc3675,0.5535879154944253
ec0e23575480409a,0.5743979134104408
c42b1312f2466d13,0.4920040611649473
58f7c9cedf508963,0.8079242393456287
483a6a2fc6820e34,0.5002588764718141
9a410bdaf99ab250,0.7927160453787642
27d8448c7743312d,0.6043005639783265
d22510648b60b80f,0.8239834062727935
cf71cc1d5beaf427,0.8048740426695842
b16d96c422e7686d,0.6573004571741169
f3bb00d62eddf347,0.2482843206210274
e7ad214e8e1b87e3,0.4763224249765552
a149a81fa46121c8,0.3732379233093675
954ac0304d013ceb,0.734491974054392
5fb61c8caa291bb7,0.3365420118266125
b3e6b65c022e07a8,0.7232664673856414
014590f5ad393d98,0.4411807557049078
fd3098a48d0565da,0.15211301057622173
597dfb91140f7a43,0.23000749713452123
29c72ad86d92588c,0.2536004441492133
46403e8726688e63,0.16887805173491716
586f9bad93615a9e,0.827924283630301
518268ad7eaad020,0.5100042708658956
eb68006674ff7853,0.5114812076690634
829bf94f3c7511b9,0.596883764457643
472338feab38fd63,0.14494176174846302
e2eb7c00452da3bf,0.5389237847764927
264d5eac0a3db4c1,0.5789576182661248
5dd40ed8f6931f40,0.5133019654579556
ea07294f7b9321f6,0.4894280764822341
800d5b199211d908,0.32187280269876
c26171ff73291cde,0.7111910792435137
9b039401395029d1,0.3401189395123476
149773fc93e82e0b,0.8207273496926123
377962b226c4354c,0.3778265864332604
b33ace47f8c9cce3,0.31399207695113057
5898aee0357167ae,0.43387344873397937
5011475bc46160b0,0.2718521452016255
49403fb05b28bdc1,0.6770018638637075
d64f9b8328cadfcf,0.5967420443888715
8347b5a18bb84a35,0.4016927868083776
a72c9158377598af,0.37735386058143167
346932f67e7d808f,0.6828948343232261
e4962aaff0cf97fc,0.5752891984474315
d63549a6e599cc24,0.19733683833489632
d013eaf626e99575,0.5838512998853809
a7c0072db3d224b7,0.6543176070647078
b87493b15c6b1e21,0.4660008909034073
cd6d6ab0bf1601eb,0.47803100187558617
fc7b0d78438f45bc,0.6274658994998437
b53e88867e63ec5f,0.5215920847660727
1e1e7de7f17a14fe,0.3477725995102636
fff1df28cf047de8,0.40594858419297697
9a4279b8c94a438c,0.3092894289882255
d1a19d29c2aa4b9a,0.6070264991664062
ea65ca7ec57132e3,0.6310927842033969
35cc6e8b29ac28d6,0.8153578188496405
35cebb20cef64701,0.7756136644263832
03c27c6fa94b88b1,0.28371184614983846
654a7847a4c3d0a9,0.759643324736897
d82da976d107c4ef,0.8052705806502032
0f7cdda5aab7cb9b,0.5003049520683547
511e61b096246922,0.35610147702407
9bd56be8ba9524b8,0.7573572014692092
08980e1d210b6aa6,0.6126353626133166
c84430f350b3a159,0.48130620376159217
152edc8f6b8762bb,0.5933471879233094
a4a8682aa22552a5,0.6123867067833698
5448387d25232e4f,0.18430435683025942
86b5af3c99c2229f,0.2031432648223403
a243c84e17ad5313,0.5768597634677504
1cd4111d9e2c14af,0.2968796824528499
d6596bfbfd4cc049,0.638971372564343
5f6669357f9d2602,0.6755185448577681
8ce4d3415fe4440d,0.520686682036053
b7804e0aef5425ac,0.2447064382098572
a68ac8503924dfd3,0.7439375481921433
0ee54a169cddc5a0,0.386272553923101
91e67962d58a2196,0.4815218427633635
337f92313341198c,0.47951627461706786
62fdb17735fc24f2,0.39113150984682715
32070e417cceeade,0.5419836198812129
d10e86cc3232dbc9,0.7840650177138689
9e379ff80b817265,0.6510353561008648
cfff3503c56dab5b,0.31083191492132956
9f21d3f021ded79b,0.26122919271647393
5fe69ac7610324ba,0.48258256095654894
fda80e0f061a2a2b,0.6400943901740126
e5f50a39b4e83fe7,0.5636967776388455
b7ac8ea60b369ad0,0.2778733171824528
f4aefa9fc2e0d241,0.738298180420965
0f32bcb05a22709a,0.6113665168802751
13334ae771ee01a2,0.5496685813274982
d2596a53564c0b21,0.4554936099822861
1a90578444c1c9a4,0.3404490179222674
38767f6c13ad1bfc,0.38895502761279566
8d312d36ba150056,0.34120127123059285
c4e9fb7cce4bc726,0.462932687298114
9ff220beebc71a5e,0.26856786105032826
24bb5e20d933da44,0.5162138532874856
42f6ebdc63da37de,0.593469830415755
39f065a3b51d8011,0.2806791796915703
adfccf4de2f8f9e4,0.3567512829530062
bb73756443a5eee4,0.4306120897155361
0d9c7ad016175e4c,0.6105596097738877
01d6dee3fee929b0,0.20256875195373555
4c94ce26b7eb0794,0.7051399955715327
184edb2637a41d50,0.4793086498384913
b14c8ed6d2ad7039,0.22675708815254764
efdd1d7495765245,0.31571155569448783
affe3b0f590fae77,0.7544426422319475
3edd7de677b91b05,0.5144985750755444
ba9e4528463c5dbd,0.47927505730957587
8be8330f2029f548,0.40689312154840057
df6e6d77a02918af,0.423032640408461
33d9746c24d2c070,0.5586377865478795
e51c785618029ad1,0.7190816934979682
d53ca1e375f1420d,0.5985967020944045
d4133e84363708fa,0.7140295977909764
094a4df459f84f9c,0.28462432661248305
c95b97cbc9622e38,0.393717914452433
8a243d50081a0a41,0.7044860294883818
f6f2fd05daf66b4d,0.31364181254558715
3b5e52e54ed29ece,0.6248211329061165
144d292add5f41e9,0.6118752396582265
49aedb77fa2fb4fc,0.5999165559549859
81e5d80b657413b9,0.7359661534854642
fb21fa126522b6e2,0.5577732155882047
3451b921fd37a93f,0.6372886123267687
e25080fc68263c8a,0.7940199802021465
64f0448c8bc4b1eb,0.23153213113472954
ed89496194aa19dc,0.45661741820360524
fb22f7c013b24779,0.47645434510784623
1590a07714e8a656,0.3133988707408565
54ae2ffdf139cc38,0.33686608836094617
96bf13f3fa835169,0.5392682374700426
559cc1345795571a,0.40261863472960296
325ad194b9f588f7,0.5238861844847348
13ff609306472199,0.6978811438470355
3c87f31b6953fbbb,0.2286448108783995
2dd14f20786549ef,0.4701602362717515
be72fb5da729ec70,0.2609070594977597
dea2b01ff6868477,0.5947521881838074
c7ffc036c6fcf66f,0.6866331731270188
67b0cdefddff90ef,0.6950136474940084
eb949d7c7beb6354,0.6162859708763154
72dbbe8ab710128c,0.6734065932062102
fe50a3aa77d27195,0.20338943810565802
b7dea5f446a371e0,0.24602346827133478
3b6627fce4fa7c6e,0.20462682869646762
5766e8d8c783a487,0.7020145201625507
818813e68f11c85d,0.582943432843597
4efd1ededeb6af5b,0.43808011748463066
7339d8d336c0728a,0.4285090431905804
5932b86b513569c7,0.5157680707512764
667e3c34655efebc,0.6737399056996978
211cf2ea67620b3e,0.7631670574137751
73ddd41ae18acb03,0.3012599197665937
b7d7b9bb940bf7b0,0.6824053701677607
672de9994012beff,0.3012612196519746
1fcb989eab73caf4,0.12097293034281548
1a8eef4f4936cf0b,0.3421681827654475
181bfbae0ed5b503,0.192386869594665
0144b06a9d5772ce,0.7872755835156819
a6d79b35c359d2ca,0.6482705598103574
adb1f5a83ffc8956,0.7460193159320622
7fe7578307634c36,0.7649227180368865
ef916f6bd9bbf8f3,0.6911264705116181
261b4b9303f16955,0.6506258622486194
bdd3d57f2dcbf24e,0.34850759091382727
87478ecab9990b69,0.4203571780243826
00903281b49f7885,0.7487366325414192
faa54ef489380476,0.7318309758257788
afd67495e65ca43e,0.3067628125976868
3cfeab5f2a521bd7,0.8090881251953735
f889243e554a57b9,0.5667203514118996
1633226e5baee1a0,0.8509775398562051
09429539f12260dd,0.4535677308012921
4642f19a02b65fbc,0.23753431020110452
454379600a0d58ae,0.6479972048556841
806b67c9407deaf5,0.22475101724497237
64147a091385f1dd,0.371026768781911
410684a9ca496c4c,0.34901863472960304
198aca03e558bad7,0.43034944644159634
19112c76b72e70ac,0.31694998958007714
33cdd595d6f64465,0.2638087227779514
b678efa350251d1a,0.8149118135875794
2773ef74c8379c3e,0.6571838725643431
21a85668c56f4a28,0.5477074163801188
ad44c67c941b730b,0.34067583489632175
afafaec6ed7cb894,0.6731538319266437
7b2afaaec11da7c6,0.45746902026675
14f8df83cb5fb959,0.6715522220485569
2fa6287a9d075ec1,0.3508207721162863
a20301029a5e8b78,0.6881578878816297
64c226150b42ee5c,0.6287951912055851
7012b66ec38b6038,0.12710017844117955
334a43b3d7746442,0.6530577459101803
3e39b50358f01b64,0.6914212918099407
dd424dd258080c0f,0.46698999166406174
b6815449a050c02f,0.3805891372303845
786b0bb1d7a4dfb8,0.328665760133375
bfadd1b4779947e6,0.7319028902261123
23bda92c60bb92e1,0.8018856361362926
20f374eb224e1a7c,0.42567484239866626
04bc6e2ce35edb4c,0.6042684549859332
f5fe2d58beb86d40,0.44341456835469417
203f3df885ff03b3,0.24644334036678128
ac5388e6680db6ba,0.3092255796082109
20a190db150bd0a2,0.43860315202667494
03b8f432ac8e3226,0.43304132280921126
800d13aa581dc05a,0.7892542552360112
32ad97494e39788e,0.5757429899968739
762f69f875d0a0a7,0.6550728508909034
7102288564065a58,0.7644619750963841
a244d35bd0a46b86,0.5814647012087111
9fd85d10d8d80cd1,0.42553279279983325
cd37f417a290a412,0.5948104785349588
087a61efb373df95,0.356507164999479
5cc1bb67fc9fa495,0.30188721605710117
38260167161be0f4,0.5597996170678337
377d6156aea5f7b3,0.8060833815254768
de73631ba462d9d8,0.24064849562363239
c6ad617675fc82bf,0.7113839832760238
53c0301b075c4edb,0.3171016671876628
d5d5bb7bc7475a6d,0.4430343466708346
2785f7c003032f79,0.36960131030530374
bacabfcb41e851d5,0.77003876081067
930620d9c45cfc16,0.6145266307179327
a2253bc60bd26111,0.45991452407002187
48be98b0da47a60d,0.2245709987496092
4192611de72c647f,0.7419728430759613
0a3e55a0415cf1db,0.19513254532666455
94a41eaf6c166f8a,0.5016172996769823
65c588ff0e6a0940,0.49191019719704066
7316f0f5207cff7d,0.7309596332187142
fb48d6120d40241e,0.23014989710326145
83e835be4b7da5bf,0.36069227102219437
be007ff41dfe8e33,0.7703488316661457
ae762981ec3e2222,0.7192269862978015
9cde4da63a470364,0.27180139757215793
1e641e6a0e15cb0a,0.7985611857872251
f1e1bfceceaf5b3d,0.3784609852037094
b33a9dd2d6116451,0.5852786052933208
6a00f8682a96e6c2,0.3479985438157758
4889bb3fafff04a6,0.19970013676148796
d83965adda3948e8,0.7687895514223194
35ebd3eb17d43331,0.6373083007710744
4fddbddae3f8c321,0.35544707851411894
279f5d02ec1d4618,0.6969506369177869
18dc05e08437b19d,0.6321385406897988
fd5e41a3afe867c6,0.4504277925393352
4dfc9b4693d64425,0.4911874882775868
38efe84b2371909b,0.18153740752318434
d5ab3634461fbdba,0.5522733849119517
88ee52d04ccee47b,0.6894090835677816
311d0a7d1bc40182,0.4915618057726373
ca3eabbb86d9d394,0.6512081262373657
0839345320590491,0.22307535167239761
3166da0225b35bf6,0.5686918268729811
4fdcce92f68b7529,0.831247712826925
4c0a03f188fa9938,0.49726488746483277
efd671b84d562241,0.3733257658643326
a1be96b06611a4a7,0.5706480527769094
7c15209ba7808ba2,0.7015348429196624
b4fb7e75679d28cb,0.8037930004167968
095adfc07a65ed27,0.49894713973116595
a19e6a028348c708,0.24425633270813793
bb5e510a6639b43f,0.6747617367406481
fcf27b9cd834eeab,0.35489683625091173
dd9e809656743e04,0.4511068667291862
9cf20fc9b8513a03,0.7593005574658748
d929256e10f5e94b,0.5429496717724289
c7372107d1356264,0.6898957304365948
fb002ae965e2435b,0.3600305981035741
891d7ae2edccb735,0.6736654188809003
33b3795f9d4a8ef6,0.2497397897780556
bd1c976bfd04983e,0.6123053571428572
22d26961eaf80875,0.8117998319787435
3267d0aa9600286c,0.5446428467229343
f85b98ab9c2071aa,0.18094971214963007
4b4c86d64f258caa,0.7505113082213191
af271d6d690a0b0b,0.33579540220902365
8b1bdd0f68e6ab19,0.28682399577993123
aca740ec2df56ecd,0.6041603769407107
66cae06936335046,0.5713012334583724
8aa96ed1f09b6e82,0.7764806840679378
fb089d648c0fd719,0.4890042943107221
b3b39f3310bed9f2,0.5117535792435135
4c9ddb6a1c08a7ae,0.22437853626133164
8dafb6cdb58233f8,0.808930053662603
8512f25e0995f115,0.6936556137334584
3e89b24f6780dfad,0.6161533604251329
811b5cd3d60f8f01,0.5448823916328018
8cecb78a9a20021d,0.383461318641242
c726d19506a1a864,0.4622145996144629
bb71d5690f654fab,0.668147780556424
01fddb547603eef0,0.4693035128165052
c6592de36f791128,0.33133423465666356
ccde7fc6a8ec59a5,0.3358347087631552
ba6d1493e3a1c1ad,0.6542758309888508
7dfaf88276d52a5e,0.6519807491924561
c09d65931e21624b,0.7401913228092112
f9544a6dbd4caa2f,0.13377908721475462
b374ef23d5ca3b3c,0.4264180616338439
c51f8b67a66b5aa4,0.8230097269980202
4793cb7dc1d36c4d,0.6334649122121497
c4a77a4226cf0e3f,0.4509585651766177
11b46e06959d7824,0.7764889184120038
75083fbf03436018,0.6405140968531833
44cc96b7436e60fb,0.6388695738251537
9c78ab8c7f52b1ad,0.5243031572366365
27c3ba5b3d6374ec,0.32464463894967177
09bad77cec8a0ea7,0.5946228118161926
7e5eaee69f7e8e60,0.42414326221735954
9701beed4cb2fd40,0.3128262074085652
a886ee5f5e57d356,0.15752045300614775
43322ba6466f83ae,0.44133396894862975
39ac7a6c910dc826,0.5135006473377097
a7624810eab99b39,0.5722170899760343
27ce336c13dd7f0e,0.36305029566531205
35ec56371ec7bab3,0.6637019107533604
1033972a8d27b8f3,0.7654268456288423
246fdf152b78ea45,0.1991440306866729
67db089b7a0697c3,0.3709580350630405
51541de4865fee3b,0.5762834505574659
2e0ffa5c733d2a47,0.7511670079191415
c307a7a1d2e93ae9,0.7244176096696884
60775afc974d2192,0.46510487522142335
1af8370aec8adce1,0.6492192664374283
7adaed59e375f94a,0.4158041562467438
d3f971f17d9ab0d0,0.43937893873085343
f1eff57932ef0f4a,0.5580141515577784
b41ea8380984305d,0.6804704660310512
dac2137cd3aface7,0.6830864293529226
48da40bf199dedce,0.39108061633843905
2c36f80cd8d50da4,0.1785495089611337
e45c5c285ae25a13,0.5309873645410024
d57fa89c692abe6a,0.6697260068250495
0d5b889f910953e2,0.38412615009898926
a2bb73ef62a1fa41,0.726412720120871
161e450caac64b0b,0.4604601724497239
870239c07fe84d59,0.6378436764092946
1a510d36c73a9190,0.4667807791497343
6365e056680facbe,0.4714354655100552
7e5efd56e82bc148,0.20351473898093153
8ddf8d226ddfa267,0.2761647454933833
aa2927ee663efd7e,0.5346379649890591
1969a71e6c309cce,0.5558210912264249
33e3103e2045fa64,0.31407010003125974
79d3953d4c100b9d,0.7825736558299469
8a0bec565c237aae,0.4969002240283422
e7b2425696ad04e1,0.3719965536105033
1585c48da5187cc9,0.540018973377097
b508d898d174eb05,0.635164042148588
ae96ed3d88eb7aed,0.3514738811607794
3780b01a20d9aafc,0.5620147142336147
5d2ea0bc3f49f99f,0.6401619477440867
609566c49b16621d,0.32654677242888397
52a50658bfe832ee,0.6211378191101387
76655f684bc2518a,0.4017129858289049
507aa51e38d00459,0.4653272246535376
e7edc5fb783b818a,0.33047636110242784
3488c9b765c1219f,0.20312026544753567
60726ee6707bab89,0.7629911860477233
724b704c54783fd3,0.16064069110138582
23405c43202f489c,0.2898001927685735
0a275c8c3adc1e3b,0.3301591617172033
ad727a83295f79c1,0.7732639145045326
9fcd517a3727524e,0.5868344443576118
c1a15f34e5189a8f,0.4810962371053454
ee586308edeeb5fd,0.5859564434198188
61323c4c907b9667,0.6846831666145671
dc6ad9b2ea237556,0.8155811099822861
fc261535991f079a,0.3578194865582994
199f8696fe22e8f6,0.47073562050640816
80c803fed1e7b815,0.3503121691674482
b3645ff1881e6181,0.3739743474523288
f077bcf8ba579026,0.5675663136917787
c98984325495234b,0.5592767648744399
2b1acfb2885f0207,0.3598259573304157
58aea5fe94bdc9f0,0.5409539400333437
13ce2e76f9ac9797,0.6214312767010524
585b1ae5f2fdf9d8,0.7734902925393352
c02d00f3c935fac9,0.49169624882775864
961c1ecf22020dd7,0.5696689681671356
34a2c0730076cd51,0.7239071102948839
f08c72208c842a80,0.8185221814108576
3d0365b300b08d12,0.5789166262894655
7698d1646b1160a7,0.379469326351985
46fe0812a4d6a0e5,0.4419850031259768
1992a8cfd9dcd0a4,0.7819560956548921
234824681fe92370,0.3332649734291966
66dae8fb83f01cda,0.2521500976867771
565a8741e734fb66,0.40197493878295304
85796d3a4623f1b4,0.24178169740543914
980c038df259aca4,0.20689232442429922
847d49fff22ffac8,0.7323490726268626
3ab579aad87803f2,0.17840407288736065
7c287939d256c04a,0.3284271634364906
9b56b63c1ce61e36,0.41833739319579033
2b2beb4ade849fe5,0.6534005301135771
ca97e3a639d0f212,0.40922530869021567
cdf0a515724936f7,0.47348453683442737
f0d9600d63271cb1,0.7775729576951131
61f6d6cd6e8ebecb,0.45997353209336245
66bb128d75c1a31d,0.5124387100135459
ff6ace3df2f93fd8,0.1888545704386787
174f6de5e6fd0ce6,0.7860559120037511
f629016e686c93c7,0.7622490713243721
8a5cd96071aee653,0.15704929144524332
47a56fcce1a48c57,0.8215855436594769
bc218a229f6dd8a3,0.49412600812753976
6700a0d8cc03fd40,0.6293489879649891
bf07422782deaa4e,0.8303194995832032
67e5b268a06fc16c,0.2639552229863499
775246a31de87040,0.47431582786287374
a8c96679585190f7,0.17576981608836093
85e8b073ae9d6cb6,0.7018020917995207
8d783fa9a84a2016,0.743772633375013
afa9ef8b36efca27,0.19873529097634673
292ad72f433b2ec4,0.25681427920183386
543a382acb950efa,0.34577415468375533
97eee667e12fac11,0.6863683351568197
f1594e042dbd4135,0.39611844977597166
c4acac79bfd54ae4,0.3385011553089507
f1bc5cee7cfbe74f,0.5135479876523914
25e346e1b0340347,0.5325919401896426
53b71602a81f5c52,0.5567299768156715
6d2d4b17736e595e,0.6009668333854329
f652427f39b6f10d,0.8417954074189851
1437d0c59eca00af,0.16231212227779512
d8980b5b1d68a4ee,0.7372010159424821
442b8a915014e871,0.5948806489006981
6a1e5bce20cbbd53,0.7264041275919557
ec75dfc7e578543f,0.19120643951234761
94cd35193b228a90,0.7518768847035532
15617a2281e76896,0.6565280387100136
ae22b29ad0d98702,0.41046430655413146
3e5ee530dd802ab2,0.3789708958528707
9304c1771978ab05,0.26418846644784827
635d5bab100147aa,0.5929113121287902
cf12cab6ff5fa6dc,0.6967382919141398
cc7ce49efd47f0a0,0.24497872902990514
20c507d578183dfc,0.6650535440762738
e29e2bc7c3e6ef41,0.7233594378451599
61e270d51cee0fe8,0.7057670873710535
a1cf27e43a150760,0.7577563301031571
9bdddc292578558b,0.27965880092737316
fa0f0cb920abdb0c,0.7356407236636449
95dc87b7553104b2,0.8363279475356883
c268681605733a6e,0.3557837384078357
57f8444d376ead3c,0.6905149083046785
1eb08c4e2e2d0a0a,0.5975638311451495
65f04a475e60bc71,0.5522980215171407
54b86d86b2c582db,0.3730589363863708
ac660728eb9adcbe,0.5415967620089611
9dc70760c7a65427,0.8979133322913411
707fa7577b28c00b,0.2853697835261019
dfc0ad3ac006f7dc,0.6323636435865375
d02c60d97c52824d,0.4287438561529645
68735cd4123d2c31,0.7804238459935396
e7fa76e1a52159ec,0.32101990335521513
8e2a48702b61cf4b,0.24396973142648745
7b4d442d12660d2e,0.31179509091382723
1879fdf1618adb5c,0.5848809862457018
28331b7b0b1598fa,0.22928754037720123
c27a3cd35a718f85,0.42206779201833905
003398b630719a7d,0.19924492028758986
70b9137733db97b6,0.4962945321454621
f0ea5635eb777479,0.5919403029592581
e80ca1e08210095b,0.7790515069813483
033b8feb5aaae03b,0.34446095524643117
ac6a54139c7c9d37,0.6428047189225801
ebc95757b2947172,0.39311258335938315
2fcf426035785728,0.5394465457955611
78996a14f02ebbe3,0.4295791015421486
a87e26d221511c94,0.15630565411065958
c5eddf448403ab6e,0.2181458515681984
e8da0e67e35aa293,0.4419926578618318
88b632eaf9356d3a,0.4327826286860478
85571b011c6fcfaa,0.8448601281650516
9013d63ab473f952,0.6590748215588205
960cad37cffe68eb,0.4107802933208294
e247eb8f78f75a9f,0.3202647207460665
80eaa51c4c8a00ee,0.3367543385953944
35849a3326fb87fa,0.26904359304991143
d95e6b933db44247,0.29407032275711165
c8d99c2ec6082321,0.3300673634990101
c9aea5e1048b2e51,0.6889912993643847
e01947dd147cbbce,0.27099247681567157
ae79b75a13c928bf,0.34866456705220383
ce571fad3257b3f6,0.2011553115556945
a95633f51ef3a7b0,0.19814613420860686
297c6928439e696a,0.7683402078774617
a4d78fd9f9ffb303,0.49615109539439406
2dbf5dac4bc14af2,0.7672133635511098
484f57153280140c,0.6419041731791185
db3d92a2887ed53d,0.7237368214025217
0fcc2eaacbd92a61,0.19470645383974158
3b06de421485ddad,0.6034806840679379
3ab1395e200e5b42,0.6099248463061373
8b607b6592065a8e,0.4086175731999584
a58b1c259179dc09,0.7801429821819319
a84f2ec64cddb96d,0.756746913097843
794ec7ff88727529,0.3128427112639366
7bec4fd7e9a158f2,0.36289421694279456
bb364b5bbcd978f4,0.7346720772116286
89b648a5f0f0ab12,0.43289187376263416
63de8d6c54817aa3,0.19634984760862767
f379e9f71ba0c23e,0.4696014275294363
a4d79f83a661fa2e,0.5039986844847348
211b21d15b3b91a0,0.41641330233406276
1186f6b426beed22,0.26345293581327495
8dbf55afa93fb576,0.5921214976034178
4c37d40f77654769,0.40619780009377937
282449c18b62e5e6,0.8063832148067104
12472f1c83854116,0.736441033656351
eb624c530d058714,0.47453527925393346
916aa0618dc412d3,0.5940169831718246
b9f7f01f0c234a62,0.6351062675836199
d6a72e0c5f8c9277,0.2976025450661665
888195334e946eb0,0.24032634677503384
f1aaca6b558ffaf2,0.4115770983119724
cfd7c6655e63d480,0.7681808898614151
d54c579db2ee74b5,0.3088623567260602
3d05c28ee2849928,0.8740795652287173
88653ba09b9797ff,0.347101952433052
270649bc52035cbd,0.29407984656663544
164c0240a44d6755,0.45339466630196934
71d79d68a2b92f27,0.5697688848077525
9bb25aadd2b3bdb4,0.8366889770240701
b3c62935a53d8997,0.32969338725643427
e850d24192f9e415,0.25432445555902883
0834b059b33fe386,0.7230663957486715
57cca7c7ea10b6ab,0.47910371860998224
39483c2d8174f1ed,0.7706681567156404
4df07eb70c71ec51,0.7584827367927478
771b30a38c390789,0.6149460026570803
65037a69f9336b3b,0.6217513142127749
97bf39056279f7fa,0.4567265590809628
1a2d12af54623039,0.5249097426279046
e649d739e4cbe4eb,0.8427906819839533
7c35e8ece8dd52b2,0.6697629115869543
4f679f800c6abb6d,0.6486921537980619
42a8a8ccd4f9f9e2,0.2464946988642284
662eb31e5ca29cb7,0.42637160440762745
39a75d0fc9a932b4,0.47838840262582055
f80b6c96f9ca16ca,0.21309313717828487
d1112438bc117eb4,0.5972790168802751
2a23256f8a1b1dad,0.6566726268625613
e3da84e292717dd8,0.44135724054392
b3da0bcad91df631,0.8233697718036885
b7317d34b8035aa3,0.4431258765760133
263b44530f890156,0.6270664973429196
4908216a464f51c6,0.6622512725330834
d0b576af5fedd973,0.5388514288319267
d53abab056eabccb,0.5441804978118162
9947a71c07c08013,0.6474589910909659
e3f83e6765042b60,0.564101952433052
b5e1fe2cd612caf7,0.30853778264040843
2c979dd3ae786b0b,0.18940772116286336
37ebd133842ac652,0.7341098937167866
8d7452fc00bad24b,0.7433702941023236
be4d73360ad37873,0.38981960508492236
40b14de62d50cd96,0.871779896061269
e8b95e5aac14d285,0.30781476633322913
545aeb4e5c2808c7,0.4234080858601647
3ea943e815e609c3,0.41836846019589446
9c3663c00fb99ff6,0.4240594873397937
6806a16705d54743,0.6279801539543608
9658ef3f8e3ed080,0.666994214337814
72aca7fa36feebdf,0.5891183338543295
dfe86e43c4930991,0.6146959570699178
4f82ff5b5651d2f0,0.3489465627279359
d13da56afbdee207,0.5199986037303324
0dcdbb940af66121,0.3081685370428259
0e09773245767eac,0.3828717424716057
b186bc9610e2b533,0.7136412694071065
d54841a2e0a4cca8,0.7174322040741898
166c017caddab251,0.7984975161508804
a23f0288384f2f2d,0.5147625885693445
4886d310e5914363,0.2923061516619777
41edfc6111e88f1f,0.36116028576638537
0f33a4c86170e40b,0.5249879923413566
19bac5bcc4414e66,0.25843724601437945
88ddba34446d1ade,0.47725577914973427
a8dfc97deea7f5fa,0.6940972309054914
fbe5da4001a21c4a,0.2653142896217568
8ea535444187b6ac,0.35348561529644684
1be66765efbe9174,0.647105810409503
05f16b595e33f77b,0.4340761657288736
3fb3259efef9eda0,0.2717024799416484
43836f5657b092dc,0.6965006238928833
26ac42441170201f,0.8097629493591747
12a4ec2031ef6174,0.20065188991351462
d8e7f33605a80ae3,0.5663361571324372
d6bde3bc380d8735,0.5455122004272168
9e0c178f3e852551,0.747653706887569
88a6149ecfb1f651,0.5132726359799937
54a33fc8125490a9,0.40182737574241956
2930f4f063583542,0.3706405243826195
5092541f5024187c,0.2326670482963426
e78a593c9b385330,0.6156229121079504
a09be3a8eeceee6f,0.7558150763259353
7010ac1b44772de3,0.3106324997395019
49a17880c454c7c3,0.3456913384390955
4e36cc0f1383ebd3,0.7136437519537355
ebdb25864f6ce1b9,0.32346351724497235
bdb72360a5581c6d,0.648314748098364
8c698e0fbcb6a090,0.4100343362509117
9c350ea7550d8378,0.3554909320621028
a8b88f7bb8ca6361,0.3278251328540168
3d326c98287fba6f,0.40926611050328227
f42c01d8b045f708,0.7360785297488799
8e5d62b3ab696aaa,0.27547227258518286
6224caf3c72e7ee3,0.5607495454308637
926fddd6b2ee63aa,0.1886448239033031
922cf50522b3b88b,0.6370972361154528
7d0fb10204af6166,0.8175388220277169
1a76fbd031e39a6b,0.7798250651245181
fd68ea29d356dd75,0.3008944748358862
03cc36191251ada1,0.5478423687089715
99b5bb0b92d8a55a,0.22319235438157753
aac02a9d632924f3,0.25356474158591225
5d220b8e18201d3a,0.31018835834114833
14fc1d6fe2d4e69a,0.8216116872460143
35e119f52196b1ba,0.25925051318120246
40f1234b5a30403c,0.48309449437324165
d59ccb5d557c022e,0.6515627683130144
0c385e728de38f99,0.4205375742419506
f8683477a2ab2ade,0.6974815033343753
511fe8f39056b9f0,0.5468180447014692
c99c5d897170f156,0.5494563014483693
9d753071d21e6c36,0.43707280139626964
9e9289f66961c664,0.6352396556215485
5f8b0d75fdfecea0,0.3234180082317391
9dc13c482e059e6f,0.3158956444722309
3f87fc97c66a3191,0.6560470368344274
1b3f3ffb589858e3,0.31350553688652705
5358785efbcfdaaa,0.4345301734917162
57193bdf5b9a6b42,0.666620093518808
4ba6c061c5bcb057,0.8433877044909868
218a85cad268eab4,0.7466797918620403
f93dbe2cfff78101,0.5438727805564239
a8481146cd533ccd,0.5716123410961759
84b0e8fa750b7a33,0.3878098624570178
fdcc76060f099b01,0.24223378139001772
300a47eca14f8974,0.6143901101906846
14218faebac40dda,0.49293823330207365
6df2c2d2e3c3a7a8,0.5570305082317392
73b49cfc1f3e9dfe,0.20386491090965927
7f686a76e0a43e5a,0.36007273627175157
bf81324a27520bde,0.474473800406377
f5d463ec64cf0b0d,0.383925075544441
7b0554b8ca04f697,0.24789501797436703
e1b2fbbaa6be8596,0.40692603287485674
1b881aaa4217102a,0.5416572887360633
c212840fd1764342,0.4048545261540064
ef314439dbb365d6,0.2466635966968844
1772dc13f02d39b7,0.25323760940919043
b9ed04801fc7a354,0.29217452980097947
105a3d1544b0f94b,0.5790880170886736
78654baca9d1378e,0.8039240179222673
9bc2056512b6d4b6,0.5727878868396374
09c4cf78e2e7adc5,0.4759694579035115
b2555ae21207d05b,0.7370948981452536
ae348fe15c764802,0.29178611415025524
f0124c71b8a4ad33,0.5509222921225383
b56dc4e690b38942,0.39612329764509746
f780521ce14740f3,0.34459638168177553
dc6f043604dd54fe,0.41478005887256436
e07db4ab9d64f3ee,0.6645319240387622
8afd23b140e4bcb6,0.577126948525581
11bdf36dc7a35404,0.27124165494425345
4996a5c048b055d5,0.7030024395644472
623d8021b7d32292,0.6454132723767844
9eaa2f70288d4b3f,0.3029021868813171
9b0054be7988059a,0.4558101346775034
3952d82f6df456f1,0.3226617132958216
8533f9a63a9367b1,0.5400839494112742
391d9fb2c3bd6fbe,0.13691295977909762
101b529dd70a1e11,0.21132647962905077
85b19b6a46b45156,0.29224673986662497
a4b17c05d90ca2b2,0.5046354524851516
194ecba02d51bfb5,0.3414732338230697
20a12da2d8890e93,0.2350799221110764
2df9214ba1de660d,0.4719615609044493
bd7e307eb75933e1,0.6457393273939773
5e0b0dbe5ffe6e83,0.9271347817026153
bf3a6cfc9a1f3c80,0.5099765069813483
82ae8090ca11b2e6,0.6530774252370533
4901ed9747386ca7,0.6827193563092635
53084b49be13c52f,0.7017028876211315
0263cc51aa1acd4c,0.618165572574763
41e313f2355b137c,0.6433893612587267
51a37cfce403f12f,0.4219404553506304
df4f484e6719459f,0.27352955741377516
de7f255e061d07f9,0.5213256955298531
741683772f1576c7,0.6657036365530895
54c7fb2af01e96d6,0.6924770696571846
24c542dab399c685,0.4161059445660102
a1230bf06c58290d,0.37202938157757626
900e15461a12870f,0.6735070660102116
c089536a25834f70,0.4380229212253829
afc3286b544f0040,0.6872047970720017
c61465243a2221a5,0.5803122525268313
cb1f20d4bb93c243,0.43327923700114623
30725d20e5558b56,0.45851653902261125
94ce3e10e75f90a6,0.2767171642179848
48d0b89d569495d8,0.594350277430447
ff1ad6d36283f697,0.3735768677711785
72be68b75d2c814b,0.28314973038449515
e4b90062b12b7030,0.7876404931228509
d6323a665e446722,0.2773214923934563
2d37f4baed1667c1,0.5821376784411795
05781aee37a18dac,0.3842587852974888
de24d558a18a9f32,0.32754943341669274
cb44379989560ff1,0.2937422501823487
eb333ca8ccdad2c8,0.4573273744399291
1d5cf29e044bf468,0.7249702888923621
172401cbfcd665a3,0.6548778824111701
8247761544773a90,0.14654206392622696
5f2c0797f7cb831e,0.30819111962071477
a7edbfd2acdf8ad0,0.42993673022819634
fdcb685349aaef9b,0.6313164725956029
1568e5a308c50e7b,0.7272087475252682
53f5f1c7014efbaf,0.5664468466708346
e992034fc58854a7,0.400918357299156
b1fc334e48e20c8a,0.2160507658643326
ca9f6168acd90b8b,0.33183223924142957
929bd47a71c6b958,0.7681762438782953
f7ee05e2b2ea34e4,0.4674486714598312
2f3fdc90e73536d0,0.22033008492237155
b43f6d156041778c,0.2605597178805877
6b0740f130757056,0.3342050745024487
9f1200bd8ef18393,0.41567912368448473
bf0849396acf9180,0.21758442482025633
58f62b02898dcd7c,0.7613727037094924
825b360a284d4a2e,0.24808244503490673
0274228343b0c7cc,0.7299934979681151
746ca6b736caea7b,0.21759455559028862
69cadc81ce7e015c,0.3462203201521309
295dc3bdd969b7cf,0.6911548179118475
e0c7aeb2471c9ba6,0.673563858497447
a7c128e7baf08587,0.47432681957903516
74ac5ce19092de45,0.561313342711264
5642496d768456f0,0.8092803805876837
9568d09b37d48147,0.5896210534542043
687eb07ac1ec9aba,0.3113809458685005
1131d59f818ebfc7,0.2667660440762738
70d46c4ad271dfcf,0.5076330988850682
333d8235e3bd1acc,0.33515199541523394
f9dc0ee30937f393,0.6274180433989789
e2e48b863ea7d61c,0.67729852297593
96ad67d29a15ec47,0.5477833255183912
998b0ea49069c858,0.29316549833281236
cbf500fe483dca27,0.4236221019589455
32889f39f5c7e4e1,0.34293615582994685
f87241418df6147d,0.5514902091799521
afed174cf13b9d7f,0.4678909750442847
d52f3c40480519e8,0.7025704321663019
67306d595867bdca,0.2830683924663957
dc439b5c79486948,0.3965412967594039
35089dcee9e9ba1c,0.25232117458580805
61b5d6ef5f241490,0.3352384990101074
45f5713dcef10264,0.5335025112014171
2a3053d58302242a,0.25095006382202767
0998f38d4d069491,0.625976675002605
accc2c8ae67e6063,0.23183438053558403
9f5292cbd3806d79,0.30769057908721476
1fb85b95e91ae45e,0.3643379871313952
faa0394464cef2e8,0.2967238525059914
af95309c63fadc79,0.4522700231843284
b8b45d6732b08fb5,0.37402687298113996
66966f55862259dc,0.5957723937167866
608333309da6527a,0.6343325349067417
36dc5921a7d84ed1,0.5385647402834219
27813742ebfe2b33,0.6253450388142128
211d5db960ca61c8,0.1690820881525477
5b186ac0d11513b9,0.8579943393768885
832d1c008bc3ef2b,0.7310989176305095
7d4e4f8d7d40dcfc,0.3778590887777431
f0dfb22c3a27665d,0.7523346801083671
407451c452cc5d17,0.7675065723663645
56928312feff0ba3,0.5949693380743982
9454541a6582c13a,0.40714916640616855
e6e2f33f21d593de,0.19860518130665833
eaa2910769614f8e,0.2652165637699281
127bd9796d970cc9,0.34646984865061997
169858f0ea055525,0.2726552763884547
47a3a9c393a619bb,0.5013700336042514
d25e98683c74aa8c,0.4178547840470981
4f2ec1f813538809,0.6203417370011461
8e5753d72777a9ac,0.46158697639887464
d9cef172341ac628,0.8215481322288216
d2c6b2e087495365,0.6475019368031676
5aab483da67d16b3,0.46877048426591644
ad319fa45d964c5e,0.7494631043555278
730d677b8c968e37,0.2873637061060748
b1e38b684248bd0f,0.5500568406793789
ccd097c32d7ca7c0,0.38090510706470776
4cb0f5de29f8b8a8,0.5352065319891633
902aa8ae7819a527,0.19707092711263935
36cc1fd78eea46be,0.710790684588934
5b8a6b0aae157e06,0.6744662863394811
d371f4cddd5ab580,0.32649044623319784
a07311ae113f1cc7,0.6709992419506094
8ff382f017152a6b,0.5859159177347087
bfe18fe096f61209,0.5152429952068355
97f3a3f55f767d91,0.3504399226320726
a4058a2e4bbcaddc,0.737893314316974
6dbcfd20040642cf,0.26148469052829004
42a6b3c10ef18f02,0.5641230827341878
9d7f6f4e136504fc,0.390251462696676
0165f411bc818cb0,0.5221727792539336
bffe1b12bbe69fb2,0.6234482728977805
e01b40b1d6f30df0,0.6830804261748463
3201c568d1d26470,0.6876309836407211
0affa4eadbf1db83,0.7653151427529437
ddd3b7b0ab9f40d9,0.7851506929248724
ec738c2ec1bfcd80,0.1825272884755653
906a954f8e1fea07,0.781584215119308
cdbfc59fb04fc180,0.7560706548921539
2d4770eef88200b3,0.1704740569969782
3d18600bcebb32aa,0.5363863694383662
3e050322f92541d9,0.44331265108888196
1221e13593768788,0.3201269029384183
e7ea980a9b3cc8c4,0.4242022311659893
398953f786ac4845,0.7313069370636657
e8efc32edeaa174c,0.6997662772220485
49f061e869ee997d,0.6757637985828905
17668415b4ad9f20,0.3531740179222673
81e71cda520c7c11,0.687431577576326
7c48e5537ec69161,0.44684874570178185
7b6ba45bf7c43e21,0.5201776245180786
9cdc08694020bc45,0.6540936646868813
60a026b4a766753d,0.32501161951651564
719db72fef47ca30,0.4680426852141294
c0b5b808eb068fc6,0.526840807023028
b20616efa1e51758,0.3548979121079504
d1c2190b7e54ae51,0.2886810109930187
88d71cf388b60bf4,0.6634428336980307
c2394a42025bd869,0.8034656324893196
19b165b652dbcda4,0.7499411964676461
c17841139e5914a5,0.709990939877045
5549a53bbf9d24be,0.7072510693445868
2da830aa5b2812cb,0.3119809862457018
fb36e8ea3112744a,0.41074120819005944
3dcfee7f0efc084a,0.6383220212045432
16a97d3860c22e1c,0.6692203943940815
6322b2e3f7dca7db,0.5252245245910181
a48ff3331f89fc6d,0.48838764066895907
e07a96472008d97e,0.747293375534021
42af4fb223127bc3,0.3585345667917057
4aa484762f1d25ae,0.6969771660414713
c414fb964c9cbb8f,0.5368727623215588
397cb89e6ab8a959,0.6515967997811816
2e9d9d9e0a6af0ff,0.6022761396790663
fc32ff9c59a22f95,0.22002539986454098
5783d334ad7f831b,0.7615252383557363
dbaa31f9fbbb6219,0.21965062519537354
93eb228beb06de30,0.3732906754715015
482d6bc5204e5ae1,0.4281906598416172
7128efa4863f0362,0.525475485828905
ba5809f410734a94,0.4945145058351568
a571eb5010a2e299,0.2766376172241325
ad6cdd09fea09683,0.6629225838803794
fa9d2cf12e72efce,0.6559188991351463
a8ae0f9ef30ce81a,0.8100807687298115
3b234a17219db0b1,0.17938158799624881
25b24a0734045bd8,0.7616911196207148
771f41a483c9f8a5,0.4853686907366886
22a6c4ec274869d7,0.6080280517349171
e48895820558223a,0.15970084661873502
02c11767f29d0426,0.22976288553714702
d686fd200c65923c,0.8019387269459206
adfe117f01ca698a,0.1853646308742315
69f3b49837e76dc6,0.5353513545899762
2e72632e2ea73631,0.3353278680837762
3207b91e24e27568,0.3762862964989059
95f22517cd16a7c2,0.3949081653120767
543936caa0e83a72,0.33206856439512344
58c5c659df736b0b,0.24596497994164843
997b65e2ca34d529,0.36110392179847867
75bd9c566434eae8,0.34939247681567154
14088d0f66d091e7,0.7873388519849953
4014d97b63499622,0.4540004545691362
f9d10471eb47111f,0.7531458698030634
545fffb7628e26bd,0.24616437688861098
9c45d75bebd4d820,0.1815137204334688
f710caef77284ef1,0.6415513975721581
e4bc3c14c4f4b1a8,0.48865969052829006
392b17be6354d3a9,0.5269114501927686
9cc8d07ee090f377,0.6359705038032719
b2fbccdb690a2b84,0.6765716083150984
291257ccaccf9d11,0.6064317156403043
c9022a6ee3a5d7d8,0.2934633531311869
19a688707e160732,0.3654708528706887
84bef4f5323ebd93,0.6935860138584975
a3e5e1903e0e9682,0.46861694279462335
3b0297530613b732,0.2882441726581223
ca0fa3062d6f947a,0.6682730084922373
aba2a7eb167c6548,0.6066026974575387
7dace0a49f811059,0.615153908773575
522ed32d9fdf2d72,0.47466900333437534
8771c418cc219aa1,0.5486730879441493
1b8f8b528f041137,0.1951855032822757
a9112add272578cc,0.35322190788788155
e722b584b816d2f4,0.6785699241950609
324dcb8fa3962b96,0.5205472960300094
ee84f939a7ab4e14,0.6629366690111493
f7a5683abeeb512e,0.31363324085651767
788dec8bb41081b9,0.26978648145253725
20880910f50c0159,0.5775782080337606
a55d2babd6ac6e05,0.12906746509325834
7c5af2b41b2f1889,0.5420061151922476
af9599e0e687edff,0.3637585287068875
96de608fb997caee,0.20903871782848804
ef99f60d68f58a7e,0.8380748502136084
59d2159096523cdb,0.793430208658956
606abd74dcfa442e,0.6370690593414609
20fdb4917e7e9401,0.314932885276649
a3a5ff27339bb075,0.547938980931541
b5ecb5c63b48ec75,0.7019680173491716
0a039166594e063a,0.2375681632280921
62bfe04683f51a3c,0.4944171095133897
b430c4d5161b59db,0.8081181502031884
a385f4145be5f5d0,0.2084278094717099
904e0bfdad64bd43,0.7955714585287068
0f4074528657c491,0.6787580949775972
39e4468b2f4b7935,0.4647212110555382
9125b00413b353d6,0.1872700870063561
fafd8063bc5f5cec,0.5554631564551422
6b06401ff364064a,0.2116324645722622
e5c9addac3faca6d,0.3172097204855684
d12807d748517f6e,0.4195187259039283
828de307532bb29a,0.7806240661144108
2799da617b3128ab,0.30564260185474634
7b6d6ea6d9feff86,0.17899331040950298
0627c402fd75fb9d,0.8334652716994894
a1bb99f3b749279f,0.4024096149838491
ceac2c53c27234d5,0.16092468349484212
9b3de1b793447910,0.31535894941127435
76a426cfc81a4d2d,0.5058346605710118
abac3cc21ba1b309,0.30131253777222045
4e8b9323fa254334,0.5690405699697823
1a4205578a28486e,0.7649595811190998
fa7dfc3f7d4a1344,0.645719067156403
340b1651b36c8645,0.46650419401896426
73cf2e26157ed703,0.7409994633739712
87add43c2ce1b06e,0.5476536144107533
01717bfb5b3542c8,0.7110755079712411
70ca05c9213444aa,0.6496944058038969
0684a9a80bfd34b3,0.409914960404293
8c2ae373e2809c29,0.3751004636865687
331341a7f1c33272,0.6083687428363029
97078c12c161c701,0.5300431775554861
4ddffb1d8861cc54,0.2733896855788267
2dbc5e3027b4817b,0.5332756694800459
8fcb717c71bb3cfc,0.5073902495571533
58ed220fa88a029b,0.14033215327706572
fcad4ebd837b0031,0.4051584687923309
0792e52fe2c9b711,0.6813289322184016
576de6970c4ba90c,0.5608555577263729
930888a00b16e315,0.8329278798061894
bb00b59f720aadc8,0.5696111883922059
05aad23e028bea27,0.515142373918933
0ccaef7346d2eebe,0.44713618318224446
bc31c0a97c89dac1,0.6908536795352714
239478b0c695aad2,0.4656882450244868
6d59238e91d3c6d6,0.5476000325622591
02b6f6002980042e,0.7141355423569865
0164fc5fb575ee2b,0.4483264731165989
d8ba5ce01fe8a09d,0.6202400294362822
173b378df818b167,0.1869427308012921
7f5edae9b09a208c,0.5266771308742315
0b5662c2a594c20c,0.6111468596957381
55ba1dbed1a641ea,0.6976993070751276
c944ecb134192652,0.7438826247785766
3984b7d478aec2b1,0.7326899148171303
f6ff304e4f459ab4,0.7792269628529749
a49951ac9b42ceab,0.5927353026987601
4b48ddb6a65e584b,0.7783600122434093
624009526008e265,0.470851628112952
9ca1f3fd0ed031b3,0.5584478365635094
dd7e10345355a17c,0.43973243331249345
a324ae18d57bb12f,0.5552081666145671
f3aede6892999fdd,0.3777671707304366
798f779dbd13fb6c,0.7632786261331665
21481b4c28f91b47,0.21579385615296445
8529066c088169cd,0.21699946597895173
7e93ed2093de4112,0.3009279761904762
51687c7ba8a553be,0.6155876028967385
4ad8b585409698e6,0.2851133257788892
eca2dbbd4829118c,0.5712234956236324
7a9bea3f50549e57,0.5650330611128478
e53cb4d81fe012e8,0.5147804626445764
25e3af07b73ccb43,0.4695569722309054
939b59f220b94ec8,0.3881530882046473
9618c75bab14bdc4,0.7355407692508076
2ac483615d4696d4,0.8353697353339585
b357b45b22852d5f,0.4019513376576014
eed158b983054ab2,0.1754183494842138
25b699ec3d33020b,0.802201156611441
fabe692869cbf6a8,0.26336536287381473
e30cdc55701f891d,0.5544870636657288
4e247c59738e0754,0.5969639457643013
eb6c93bf83ef9f01,0.6494953813691778
4b2a51b89182eb2f,0.6489192482025632
920800c7a752c35e,0.18782796056059184
00e3f3638706ad20,0.4763320686151922
3b68344f608e8cf6,0.26887162524747316
bd0092d0e87dd02b,0.4517249465978952
d3020752ddea13e5,0.5657200492341357
679a41beeaebf503,0.7626677334062728
7fcec9e71dcf18cc,0.3436732559654058
735724a234bf2816,0.5844731283213505
31cdf3e24ce53af5,0.41847455454829635
58b83792be0f6321,0.7817281168594352
2a84a58cf96025f5,0.19262611623423986
9fcedeea63586bf0,0.6607528915286027
d9de7aba8c682fda,0.2766956132124622
08572215a3892815,0.4298624153381265
b488884763d551a2,0.7247039361258727
c30e80405d6e58b2,0.25491582265291235
0c86a250e70f6eb2,0.5552328683442742
a11c15fcf4597f82,0.7243639887464832
2caedcb4ee1a4103,0.7659425771074295
f91d05eaa3df539e,0.5228601711472335
8bba0a98ae140af5,0.7052443940814839
a987e81632676043,0.6075506121704699
f50807d17b5c038f,0.6199364488902782
ee12454070596716,0.5422962722725851
b6e0190c3e5766ef,0.7920656233718871
a57b30735e272a29,0.11941479498801708
ca66fe2ee058013e,0.6232412798270294
1969a8349757d32d,0.544442082161092
a5bad4f4702eb96b,0.3181920118266125
2f4ee5ef7a9e32ab,0.7493907822757111
abb1f9350d96ed70,0.4272148601125352
8a663152856f606b,0.23877146243617797
5965e2be33eecfc3,0.23822882020423047
75414a1e69d6f205,0.5784483419297697
0d6362f82430762d,0.6329926018547463
cded8976cdbec569,0.5489667591434823
2f21d9cb88d7004a,0.5424953631343129
bd0809d01c93396d,0.867508450557466
d368fd4152e904a0,0.7027673048869438
7a088b0bef4cb74c,0.4131817208502657
dad9460a25f9913b,0.7870242719078879
50f138449e3fe2e8,0.42316282041262887
53eecae41b9614fd,0.7732067651349381
c88755b5796bc0c9,0.6812856361362926
1b2bf22690f55b23,0.3943505040637699
4c0b6078692f7c89,0.6293397454933833
d310596293c8f04c,0.44369992185057827
3a724ceda4c76f9c,0.18138278368240074
57c2219b4f1a0a5a,0.6591561347296031
6069a9ccdba45516,0.541595997447119
504a8185dad726d7,0.7403265838282796
c950477e87d58094,0.3217178779827029
9f1e86207b2be555,0.7214022546108159
69051b19215e3e0a,0.5423113355736168
7f70b72d97083c7b,0.6202126979785348
61279ec74a6d3645,0.24562259560279254
4a35368f7daabf53,0.493276293372929
8730f5f1237b818b,0.12974815697613837
f9492b545b552f5b,0.6457944592060019
a5e99c4117b486a0,0.43410364827550274
c10ccbadcdafc1cc,0.2920346319162238
e0d15a865fdfb988,0.33578652182973845
eb916f460ee1b545,0.42387410388663116
1b7bb61fe350c5ec,0.403692284047098
03e5516590f20096,0.407613130405335
18e0a9eb3145a82b,0.26435892857142856
39cab30b8f09a081,0.8156882254871314
dd47b13d3aa2de79,0.3189853209336251
6a431bf1b07deab0,0.7030734539439407
2b0db9b43f8d905b,0.5587807544024175
363b638b117d0e37,0.17193038058768365
87518c28a26f4d41,0.18684954543086377
3e73b6c86098ef20,0.6401809302386163
f7580d024f627389,0.3631406285818484
626946bf85055423,0.27237040611649477
1d4ec81574db910c,0.49197792148588104
eb3384eb6ec0ee10,0.2810278029592581
ba1a0a18164d2ed4,0.3110247434093988
8736a356e18687f9,0.27687665937272066
f66ad6f9a0d13057,0.4565704490986766
6781beeb2a94c80b,0.5965325088569344
45ec50d9e9b762dc,0.2806326026362405
f993d49be31858db,0.5058970433468792
68630d40b3d8c8a7,0.5286979459726997
790d0e863cbc896c,0.2732157432010003
6b9f40e1b5440454,0.31437818328644374
5bd12aaf1d87cfb6,0.5899089363863708
9593f8af8e49622c,0.37655937793060323
7787873ef39eb65f,0.638768184067938
3b43be2428bd133c,0.33668348051474417
51614174133f7405,0.6619370193810565
90ef1be7933c7d32,0.378667928779827
b9b0bc5968838ca2,0.3952353912681046
34854ac0b59be9cb,0.5073725578305721
552972fc397a3d7b,0.5347571246222779
538cce811be930f6,0.8028242276232155
3684947575a87995,0.7205206874544129
3458934dca749c27,0.5684712983223925
777593519303d6bc,0.5977122342919662
c998d0d7e544f18a,0.5501487378868396
a23ad55fcdc44126,0.669811657288736
628f59b52e0f1abb,0.7821405217776389
f55fd4a896009b37,0.3010883544336772
891966bf8125b263,0.3309805642388246
31a036f4acb27daa,0.6408050771074294
b329a2756c4e7e5c,0.27882310878399497
4abec7b3aa11b00d,0.456111026883401
506d7e6eca5fce8a,0.3845028863186412
93767eb66242b1fc,0.8139468115035949
f07f619af08f71e3,0.7845332721162864
067779ad870efb29,0.4576503282275711
5772509431f3d5d1,0.6574247668542252
562161d24bca87e5,0.23327152495571535
f3e2eded68a25564,0.29863573382306974
4e9f50f16ba04465,0.3595499674377409
a4208a55db792b95,0.40280267531520264
9540d1c34ce10213,0.32526266150880484
3b047ea1a379c251,0.4722253803271856
90c24520deb11d2d,0.4026483484422215
174bf54853f8e212,0.36406449541523395
e32af9607e1574ac,0.2944026518703761
177d7eaf2ebe4bb3,0.14199732989475877
1d3872dea5918cf8,0.7358580767427321
b6641f418df5107a,0.5836530452224654
7b0a91f0c2754446,0.7207882215796603
3074d01b6d512da1,0.4391631291028446
a1ded8ab2ac8cbc3,0.35963873997082424
99d24231acc81bda,0.7537765825257893
ff0efc6b635f0dfe,0.4766334192976972
4b26bc2a5271e828,0.46628921798478695
323cc294321346a4,0.5459489488902782
1c5da1e20342a0bf,0.4728188079608211
4f414677966cf8e5,0.4905357103782432
a08962f7cf8ef6ea,0.8057564720746067
e6778d3ce59810c5,0.35504895670522035
944d32b8f9e9db1a,0.7621911222256954
e5c8bee2002b6ca3,0.7720044349796812
fcc9190b336ccdc9,0.33290623762634153
d8c0de2ec20dd583,0.4680917747733667
fb55a45c51379250,0.2877794766593727
d6e81f789123be62,0.4700364163280192
2653ffee6d9f5abd,0.7751355749192455
daf885e44112d6f2,0.6293860503282276
a75fbb195a5c31b4,0.791580493904345
d6946d6a1e5de8e0,0.454549506356153
262eea09fa9fdd15,0.22236983041575492
0661f0f9daa76a96,0.5925110021360841
3796742963319893,0.8019263194227363
b7d31b3502739b04,0.589940825257893
ca3ab2b2441679fe,0.5035045404814005
6ff3c95261a2e60c,0.2531319592060019
296198ef516bccfc,0.15704664869229967
fd7387d23f2c2e12,0.5976243344274251
705f7c9f6f9a1ddb,0.29135618422423676
664080d9a44e09d5,0.2160987287694071
d7bfb116b3f0171e,0.558670680941961
df7650f2e15b685c,0.6192143052516411
13d553333a49e1fc,0.2642991195165155
d60997f0da2b3161,0.301168357299156
e3dc5b0748d9d1be,0.8352449020527248
126cc7a3354c3a59,0.22712741481713034
68c831e307f80c40,0.13160359096592683
4c10437c6f1f749e,0.8549257254871313
4de56fff18170df4,0.36129416484318017
93ee64e43ea9b0ac,0.6300510758570387
622e27b7a834d371,0.7396135341773471
8283fa9a80b68052,0.2892886657288736
3cbb48910802e9b0,0.7185907627383558
898c4451fed60e39,0.5013053519328956
560b7b7af9fe8dd1,0.5164203462019381
bcc595e893e2a797,0.3565154227883714
cb2fa098224a9f0b,0.6390195972699801
9e2a88f835bbb5df,0.7646538423465665
07e1bd9a166bc257,0.6683937506512452
10fdd890be2462d8,0.15431145931020107
34a7adccbdf4dbe6,0.7837621170678336
5dca94f6e13922ed,0.3393231739085131
be032af3265ed2f8,0.8050975304782745
afebc493854ff065,0.2886591330624153
755bf2132b96ea88,0.15936025841408774
11b6872eb913fe4d,0.27312531780764826
5a73131a74b5e6f1,0.3520275554860894
a1445f34ce4c970c,0.6340300979472753
c84303c64f096b4d,0.559669938522455
ee5a57da13fbcab4,0.6565764314369074
9e237fe51b937f8b,0.4303123280712723
04c0ce452fa54511,0.5477933364593102
e4cc4cfb493c102c,0.6634862717515889
13ec6848e5d8c7ec,0.443609776492654
8b117511fb3c0bb5,0.7543139496717723
45109a7dafad71a4,0.7595240166197771
be5d51769b283a70,0.7115224992185057
4b049c030fc355f2,0.49873409008023345
e1b125afa19663b9,0.558477982702928
7f5ee99bec52fb31,0.6941598676669793
0ea477a7bb524c43,0.5266333580806501
b2ef814029a4593b,0.6908994855163072
54642bb90de7c651,0.3740920925810149
5562db51544efda6,0.4737597869125768
8c3fc61ec6b0570c,0.6565926070647077
19990ada3d732a59,0.7934495258935084
d4a097538c2270df,0.5558821272272585
a8e6780d12272bb2,0.7065184654058559
0de7c0afdf2ac64d,0.5646240934667084
ec3a682eb391eb7a,0.4611534073147859
de499b3d3aa77620,0.48049529410232356
bb95d7738f26c137,0.34494352271543194
76de6c48fb303a99,0.717073551630718
f54db052a2c1bf61,0.7463800393352089
d2b45f024d0f9012,0.7368748345837239
26693e446f60e43c,0.4408366820360529
00fedb2a014dd220,0.3623488407835782
8b353042d65300c8,0.7212077927998333
90c55b1f3ca98c5b,0.24491123007189747
b874c35d79d74f6c,0.5361631030530374
d482eb847a0a40c6,0.3619727571115974
fc4d3a97478802f1,0.42911603626133166
0a7a2b85838db506,0.18938093154110658
c697f27fe38b040c,0.29088286313431283
a4d2009627d556d9,0.575897223090549
1c403f2124470ed4,0.1971325817963947
33627e42df750fa3,0.2646603561008648
ba9bd925e360f225,0.4038648028029592
ea28b791d0295ad0,0.5305258922058976
d149d439304c8705,0.20528825023444827
536b709bf5515eeb,0.386407071220173
88c0a8061e7a3795,0.6575583997603417
8764acb490f19b62,0.3424666145670522
417f76acebadcb48,0.7397023366677086
475869c5be3c507b,0.48973579504011666
3ef8009767c7fa25,0.7886361936021673
b554efed5fb706fa,0.7100069539960405
84da50183b024285,0.3936555994060643
a4b1d18f46aa981c,0.1543217698239033
9b47e555a004cdae,0.4106774903615713
ef262814960ff13f,0.7061344326351986
5c0868ac8eafc7f9,0.4384728678232781
db15a0f6f796aefc,0.2449277209023653
9e813d48e7fed678,0.6785708046785454
7e45e93f027eadd9,0.7581317156403042
bba24189518e4411,0.7164819774408668
80cba429bade3fd1,0.3066187063665729
ea2c64045d0a1c12,0.6624072522663332
6eea65bf31a2bde4,0.2588459062727936
986a532aee033e7a,0.383891776075857
d254bc6437766f3e,0.3886854068979889
3c2c4044a5a205b7,0.4375965119308117
d1698b7f7ce2ac63,0.7170185917474211
5615043a1f36b137,0.16731139679066373
fcb9321c88377fa5,0.17760894159633214
885250c55edfcb6f,0.5379353730332395
f48232723a1bd05d,0.8169652274148173
27b4eb77530a112c,0.2865006486402001
98a1669bde0eac7b,0.8238735190684588
c85cfc3341c8708c,0.19720890121913096
8043ae38af9b3ce5,0.7079671785453787
babccd7388fd8c21,0.46489303949150773
28aeae730b623cab,0.49941830780452223
4bf1da87dd838f3f,0.24290867067833696
8da93da167404e45,0.6103579009065333
4a0a3077b5581645,0.45770447665937275
bfa2d19017923568,0.46758418776701055
5f6e00c966c5f59f,0.740842086068563
52c9dbfce9f1b95b,0.2433418568302595
cdfc3b9f626b0845,0.5058576690632489
5e6ad4f66342dce9,0.6047560031780765
42b0a534c0da50ab,0.4106117497655517
e454a16a94a43530,0.4694118774096072
1b6c9c3629bff42e,0.7503315541314994
3d4ea2f562e04d67,0.21972924872355942
e5e88946dd245e5b,0.5068192820673126
7c08fe11ea59472e,0.5419952758674585
48716b8ef3837856,0.3811885237574242
22cb220fb3d03ef0,0.7245068263519849
ad38c3a4c4f92dd2,0.306685331353548
439506f46710d418,0.6462734070542878
e6d46d90ae71b635,0.5671735112535168
cc306ba2474886f5,0.28511664712931123
c3dbfacba8b29888,0.22284531494216941
3349746bf536b40c,0.4400212553402105
254dff7f2f5e27da,0.24449347061581744
5f715d9d99d8aef8,0.651566196467646
28877bba74273a2c,0.250413944461811
0837f11e1dc53f72,0.7528081718245286
700d9c6e6406ca13,0.6806649187246013
6e0d475eeeff64fb,0.5536116638011879
36ba7c400d24c8ad,0.19251494868187974
8c371f8737f1a2dc,0.908624189850995
163b4afe1f475ea0,0.7560130874231531
2e2c632a9af9b807,0.7737913762113161
a891091666dc0643,0.679976956340523
a990b188a8200e9e,0.25717212800875267
e0da7835cc3694da,0.49803327211628634
6965bd28dc460b44,0.24578550979472752
84b4fd2717d4bf2c,0.39673788944461813
0544118474e570be,0.5076568979889549
2437b2d4a2e8ae82,0.8025645553297907
647299fb2ba00e43,0.15037339142440345
7372537f1eba1dab,0.7742865296446806
8854c27e996efd14,0.513359945816401
380235b034a986da,0.7763463295821611
a2d407f16ff373fe,0.7164115465770553
0ed19a3a868aaa3c,0.46946528993435443
c173b6242dff9b1c,0.5061070985724705
2043889f64f744b8,0.6305168359904137
19989bc6ef928517,0.6186562050640826
d0665c65b0cf8d5d,0.7551935656976139
2b072792e895a81c,0.25339541132645615
c531857150c9674b,0.5575534971866208
bb56bbe97134a4d1,0.26413302073564654
3e062b6117c4918a,0.48269042799833284
a58a4c24d35bd7fa,0.6605238902782119
4ea7721e8c059b2e,0.344816955819527
32a75809119cf7bc,0.5325405582473689
e4794a0287930fdc,0.4493255613733458
028903129d296567,0.5610077901948526
910a3bc19a45f893,0.686047727154319
afb4e9017f94d52b,0.23106406168594354
8c75ef81ac907000,0.5768298478691258
de995213b69871cd,0.32339685578826716
593b54413b1695ee,0.6650953735542358
d68b798f72ec2a7b,0.25506870115661145
2abd97afe8848116,0.1753027495571533
b80ebde982296428,0.5429528290090654
dbe8ab13dd1f44f4,0.31560461342086066
db6b5f2104046f55,0.5891183546941754
1f67c146861efa15,0.20442632723767845
38f490199f1306b5,0.5043355306345733
dce69a47bd1feb56,0.4069215731478587
12cd790efb4486a6,0.686662143117641
d5806dd0784560a5,0.21999067547150147
207f45be2fb83671,0.7017058612066269
848e2c11fd115b35,0.6038012074085651
0f9d093c9db25458,0.6807571715119308
13e9da15ed290868,0.39652392414296134
8c584f6c1538beaa,0.28806728795456915
5fcd3e5896568513,0.757084902834219
aa1f013ff05a59f3,0.3870273926747942
eb2bbf6f740d132f,0.2691538371366052
51fcfaba58d7f511,0.7921924624882776
abfff37a1f178105,0.6766546733354173
918258103a71c3ab,0.3772477935813275
99beaa8c134356ed,0.700528505001563
f3d97c979517c08d,0.6639345212045431
577a00d787373595,0.7642759964051264
d71bd663eab2681d,0.6254811269146608
3b59c956b239b3db,0.3298647259560279
9115eeed93f30a1c,0.2634485516307179
3d992bc625e7dad1,0.22354579946858394
4db07f6033192f9b,0.22483108393247891
a58a45e9afd5b405,0.5312094013754298
519774a276bdada6,0.6975059172137127
50bc50ed77a01d75,0.5315074854121079
d608451c67dc5cfb,0.42063129493591744
2856ffa4f0a1ce80,0.45035859773887676
2bdff8f74778c4ea,0.2445023483901219
068acd67c99550cd,0.6774014613941857
6123220972766a4a,0.46791046681254556
c4d534fff3fc5628,0.5055211250911742
9fc3fdf14ea045ac,0.45445686282171516
3f86edfd0be75ecf,0.5441131759924976
c36573a6175092a9,0.691711639053871
7c4df8c2f29666ee,0.1912850187558612
3c791b72118b74a6,0.5036129402417422
747b04b604c95fc1,0.3034563248931958
e780dca0db5520a5,0.20328020605397518
af83daec6d450e57,0.5304722100656455
5d4ff9f52e2e4f34,0.5869992732103783
b2b8e551d87be54f,0.8195842450765863
203b6e0e0fcaa971,0.4587606960508493
eb36b4336605a7d6,0.464929978118162
14713adcc060333a,0.5554164647806605
251c0c9a3789eff9,0.8024852545066167
0d0e059449af50d6,0.3980313457330416
63b1850f6f5df5d3,0.3673943615192248
90ace0c383247390,0.17578368891320206
1ba1d1cb2d6d1bb9,0.3974052985307909
dcb2cbe56ba92129,0.2264396256642701
88b8fdeb6d82597c,0.25216612873814737
0ccfe20a4b77ea6e,0.2744628334375325
3482a5b15357f00e,0.2888570269355007
6d71348fed8b9c4f,0.37081681515056786
f8723e3306bf7c43,0.742979859591539
7ef77b74f9baecb6,0.3624111805772637
bc80f01834269376,0.3203238160362613
18da383af4fa3cb8,0.7215208437532563
b474ff492fb9a94d,0.2639511618214025
d157b8492ffba0dc,0.3015761540064603
cbd2d4eb5123804b,0.7179813157757633
0f9515404031e965,0.30849231009690525
4f1dcb8a1669a31c,0.7257252657080338
28c27ce346a7a7b7,0.6870287186099823
58928eff8cb29089,0.5850134599353964
8069cea0e02052d2,0.24048858106700005
3b583c05db5ea4a6,0.2412243122850891
36384df41240d0c1,0.48756355241221216
15e9a245d6d06a3e,0.6860257684693134
d2dba561c29b817d,0.5095198408356778
2a507f7014709986,0.6815697952485151
a27e43abacf3b1f2,0.7773100995102636
686019b683e849d6,0.7180178102532041
9a3663eadae7822e,0.7008444722309055
f4857bb0e0b52a47,0.5061544193497968
29f988f929e638a6,0.3727865075023445
cc08f5318b40d7b5,0.29154216161300406
3aa8c59d9c5dc7ac,0.5319890226112327
eeeb124ea0b0d51f,0.47222452068354687
c422bdf822a0dc56,0.8114341903719913
98269904767a2636,0.23753113733458375
e6cbd02151c72662,0.7258356778159842
5e7bd880681d9f61,0.7201087970199022
fbe456da262eaa3b,0.5457822509638428
dfe3e7968ec080ba,0.42104583854329475
0e9ef351ddbc9ab1,0.2865905413149943
2902b3339eeca5e3,0.4655340692403876
a7137a063b883e92,0.7679142700844015
b733ad3dd8899d06,0.37799137360633533
44fe9234ab115e2f,0.7678348806918829
000b03fc8664c7d1,0.27664674507658643
9020a01496eaf633,0.673881418672502
53b7a21b0f4cc200,0.2274819071063874
20cc306cbb1c6bcc,0.775659902834219
debcfcb981ae0125,0.3321571024799417
802bd1039c3e6a1b,0.18761420365739295
5f5c21e0b6a4d4a7,0.2563612014171095
4e1d92bfbc009b58,0.6619896022194436
644c03f056f3bf9e,0.8057204634260706
3b4855d86d450661,0.37485427477336664
dbe1c9a9d3e563ac,0.33415682374700423
2fb49e6e63bbe8f6,0.735207081640096
2347ddad2e1b095f,0.4396859669688444
e315a627d1ca8573,0.7326670743461499
0558a476ace81c15,0.5277801747942065
4426fc96456aa43d,0.7266327029279983
ee5092888f963b26,0.3423968375534021
57886ec9ac1bcba7,0.8161314343023861
69e1947ef1a19192,0.6556234839012192
af29d6fac97c87a3,0.3143056319683234
6952926383750b48,0.303428368240075
b6e14b919c7ad1f2,0.2359939251849536
8d09ba7da0267580,0.5969455090132333
40e7e13ba421c25f,0.23683229915598625
c3d8677083122b80,0.7081792487235594
e41366313db49145,0.22762700844013753
ed95e31015c5959c,0.6539643977284567
64f0bef89a702494,0.27724189981244135
81918dc774b899ca,0.2937937975408982
dc9dc895fc8368b6,0.5566988889757216
ea0dcc9add9ba8c9,0.5433291692716474
c45a009981cf2faf,0.7429833997603417
ee4eee5c2cad18b3,0.299681073512556
4b8886ccb99d4b95,0.41221858132749817
a11b7637d21059b0,0.3945190658539127
ae6bfde3685ef5dd,0.2777730579868709
095f96ba3b90f727,0.5224925797124101
c800465fabd83658,0.2132142349171616
c75993f60039bc22,0.5156471345212046
15b2e13c51d54758,0.41875673778264044
cef343af7e936391,0.5917748671459832
bb9e37137f42fad4,0.48907163306241536
b6f54b152f0f2c28,0.5305358419297697
54548a1370ae962d,0.5048200700739814
774675091e96f38e,0.21420827472126705
64db0198c907fdc5,0.311513314056476
ee3a2eba79a61cd2,0.2844504871313952
d87ea92ca2504e8e,0.7796898509951027
493f68967d2931dd,0.49553512295509006
33c5bd3953cad989,0.39888761071168066
31719675e9834500,0.42218372147546107
283d0d3d8afdcd48,0.7479658148379702
0954b46131527b56,0.20774398509951025
c7f99cdcd74ddfb2,0.700675154996353
89e81b0750c67025,0.6971430212566427
ef2e114a293d6051,0.3782656689590497
3eaa82eb74b0d2b9,0.8423660375638221
f115b5827c53fdae,0.8566254858289049
5b981d50572234ec,0.4713889379493592
bc2a7ac2fb6ad312,0.6622605540793999
cabb5fa14742de79,0.7536755926331145
9dcd899d3120d04e,0.27066813457330413
5bf75dc153469005,0.5501736375950819
a99c57a3cfd238a9,0.8093140330311557
7d3c73f6e6251236,0.6384610867979577
79c824cab095ef0e,0.544692957434615
50457f03b19ce000,0.6167506095654891
72ea29c850f97747,0.44245014197144944
949aabf35ccb0c4c,0.6126220303219756
bd3b7b9b5cc3a346,0.44768696337397107
581ae7bcf533000a,0.3094200713764718
f944b728b8eb9aac,0.4136631577576326
6add937f4476df2c,0.48598628868396376
478be273b158fbf1,0.2047931358757945
43c1856ef31d1073,0.798654196623945
8f97466fd3810c1f,0.31733332030842976
3ae22b8a964781ec,0.5959142166822966
82ba55bfceb0ffbd,0.5433408695425654
5966bfc14b304d05,0.5575277378347399
eedd90867e3cd9d4,0.12909715275606962
99db9ab5fdf84102,0.31102467698239034
6c6761878fa11c78,0.6410803584453475
731bd2e8496a9b0e,0.17272743044701472
9f1fd83e49b82f88,0.7065165572574763
51a2cc12286941ac,0.7752413788162966
7b60067efe8e7c4a,0.6875543412003751
7ba8d7a5a2f30106,0.7059491442638324
677aebcf5c57a29d,0.5032802229863499
c2e6810f10057ffc,0.47526431827654475
f770bf49e8b32f7d,0.6608368383348964
d999d97cecc80f08,0.6372277586745859
225695249568ef3d,0.7362612170469938
64c347ce204607a2,0.672243032979056
8b972fc1665f8aff,0.44673810175054707
fd3a180f558ad235,0.6298473090549129
f24ea2f162b99780,0.6966624270605397
71edcfb193fa3be3,0.7402093427633636
4507c7c846e862ed,0.5255132150672085
ac51d145f495fdf8,0.5360298504741066
3ab5c54552e9add3,0.6203781442117329
0e545a1fa4aecf83,0.28927374570178177
19eb7f93e53f33d0,0.4360807140252162
f4653f53352a740c,0.5043168464103367
c716d718820e66c0,0.38211046290507455
a8a2778b42759e84,0.6585560214129416
d632ca08f997e38d,0.24536467906637488
47c56ea6034205ca,0.26958618578722515
f436395245784b88,0.7335853613108263
ddb7078278325022,0.37576085104720225
1c24525f31c1953f,0.7287611779722829
7c7e6ee56d6ea5c1,0.683306934458685
0e67b9cedd55f492,0.4042288006668751
a585afa6cc802221,0.4870204790559549
132bdb2d81abf434,0.509618738928832
cdafcf3dcd774b36,0.5656332082942587
5694f780d2c8e463,0.1371758270813796
317ba4057a04aa16,0.7084564382098574
a92ae25f2defd1f4,0.5610161639053871
ff0073be9d8669a3,0.7835100135458998
2c4d6fd16e7da4d0,0.59027363108263
e8b93ecfcfcf69bf,0.43646512321558817
aecdf632644c9922,0.7010883348963217
0f4ac8759cecccb4,0.19308523366677088
ae0ed79b3f56091e,0.5971022494008544
492dcb545fd160e3,0.46676955298530787
b6feaae9a6963540,0.40828025945608004
10bc80bca38b6418,0.4091635940919037
d8bf52f15b58b474,0.3145993122850891
d590d13d8a0daf0a,0.5707247863915808
bafce96906ba0c73,0.3675530947170991
15a89b9d9a174795,0.3394438887152235
3c895a00e202bc6e,0.7460847139731166
62100baf87d531c1,0.5248675640825258
8ea52f2642c87cd9,0.45349728821506724
78bf3db367f46ea8,0.7709963048348443
7303626be6419b04,0.6774027599770761
86f2e3f9f88bf00e,0.7879150268313015
39921131b7d48cf3,0.7327087996248827
7c06255c489ce455,0.6906729147129311
2a0f68fcd60099b6,0.7339765030738772
968f899504b28211,0.7209528537563822
98dd9df8fdcb29f4,0.6071189408148379
ed55728c47c8b666,0.2640708437532562
0e54abd540000681,0.8770806163384393
2687ae2ad26c6497,0.8061415390226112
afe3e3f4edc8f7b7,0.4433581327498177
3d8ff2a3976b69b9,0.49729978899656135
13e6deb5f77cd1f5,0.4516962774825466
8c8711be796262dc,0.4125394302907158
8eb1ab06839664b5,0.408513116077941
dbd58b32bf776c26,0.28215221944357616
4be0c2fba004271c,0.6415120350109409
a0f6b49ec1b86bc1,0.7015893508388038
3b33e5fb16341fe1,0.6219176252995728
d39f326ae61cb937,0.1757993513597999
00e28c2a11d38c61,0.6284972230905492
a55c74a9759fd56a,0.1807927868083776
8bfd04b0788122e2,0.8907723246847974
895776a9cf9c8d43,0.4062601346775034
7ff187535e206416,0.7553165754923414
b2d991e4147a68e0,0.3550580428779827
b62ae246269c58c4,0.6843459492549755
b8af731f19b5c84d,0.23729652235073462
19f5143484b38101,0.7458926539543607
982f6a3f1bccc6d4,0.2916456366572887
2cdfb20347feec4e,0.8179865687193915
5b2d62e736467c16,0.4060127722204856
f85bf07959deae92,0.27982442820673126
8e923fa1dedcd01b,0.4940506369177867
93b3dea6a99fe31a,0.48234321272272584
8bc3af23b3d5ba85,0.42258642674794206
91db39152bd6ad50,0.7332579881733876
d911a9c74b505826,0.8076970928415129
0e53e628826772d6,0.30835996274877564
14d7b607e5e3f0cc,0.42856255079712413
f3e8e3469f0aab7b,0.1832568901740127
b9c36eb092bb275d,0.5004422358549547
9cff3e265921dfed,0.7187478339585286
585bc81acbe5b1ec,0.3017196493695946
15f8e68c7ac23dec,0.4986866325414192
a37b05bbb09f8496,0.7789698694904658
4f31f80a263d61dd,0.35094693784515996
6a3987a9bab31c44,0.25289909607168903
9f59a5ca5ae6d119,0.4554604199228926
afc6cb824b3596c7,0.2642855671043034
64dcbe6f4ac8de61,0.7133624544128373
1fcaa5c3533f63ca,0.2480547488798583
a266793e0c2619d2,0.5990578878816297
598af3378495839d,0.44307233901219134
b40ecfcda1506387,0.3602926604668125
22537a4c1f1cb22f,0.38885619334166927
8c5b78cda30c225e,0.7071663566739607
3239189122d043fe,0.4474285167239762
4b34859a41dd8627,0.473460288371366
7577c8941b2e888b,0.2268396282692508
8ef15229dd291883,0.26464526284255496
3332780ef14cd99b,0.6645148549025737
f93d1a6ecd62d897,0.6761470902365322
9505f55ac00dbadb,0.7294734617588828
7c1831bf48bd728b,0.16325016802125666
17cf81ec2dede54e,0.7333236792747735
e84c6f3155ec9762,0.8193071089923935
e894ec9e0ac2e7a5,0.6558333424507659
c307472500eaf782,0.7261830194331563
96de47679c4cb6b6,0.30827670495988335
e0dd44e7040c3168,0.5349443094196102
bd9e6bd2fcf5a54e,0.7484110190684587
0382e0d155285962,0.46567805173491716
509eccae9abde09a,0.7384337722725852
f2147e0be04acf5c,0.5484429834844222
f3a6b01cc0938196,0.7625004988538084
c1956069b7309004,0.4162460886214442
2292dd5e617286e5,0.5117778576638532
3644d81639ce9f29,0.6523450765864331
4a5bf3e5c85dbfe9,0.2301944005939356
095a4f241c64795f,0.811296156350943
aa45545b6df75be3,0.7410799077836825
ffda21a7e2973492,0.6287169792643535
662adc1ed3e8fd43,0.41599849562363245
218ae6cc5968ab6e,0.8055561738043138
316379f30810e1c6,0.538202403094717
eef8a37b8fe20ec4,0.7644425627800355
d9a0aead3407db9e,0.676108454464937
f0c65e7320950a84,0.7179894237782641
4625132a59dcda74,0.833316419193498
ab1c8b0c3967b656,0.8103117341356674
f00224def382933b,0.5842163566739607
090051f10ebcb768,0.47556893430238617
2a0c37f157e82f1b,0.5743380743982495
61914ca3afe42c15,0.3058143964259664
a9fc0e9ff5b0e706,0.30794909867666975
f548f7ed3074067e,0.3076315215692404
9aec70578372daed,0.3255881681775555
fbb0734a4e985290,0.32083444305512143
a8cd11786e7fe2b1,0.44699737027195996
6a4338f210f336ad,0.31909736375950815
cdb63c81014bd072,0.4154487170469938
2c5a98b60450efca,0.5281862170469939
2337a75838293036,0.2773368656871939
a0ed386ea018cce6,0.4579421537980618
db76609f02b3bb31,0.7524360685630926
597bd387a63987b9,0.6658509690528291
bc7571c47a54ce9b,0.37709179691570277
547510d3ce221301,0.6044670951859957
8e84181f60b3ec91,0.5873348390121913
13880ba898b8f597,0.8420998215588205
9ee1fb0201512e8b,0.7083928480254247
48aefa3d80da5764,0.3322388272376785
498d517a667856a7,0.5317940111493175
f07b0e35881505f2,0.2756197665937272
1df225f3addcce26,0.23100587423153068
84a772cbe6d216a1,0.37211311868292174
f0e4a70f82f01004,0.6121397038136919
3b639af3777f4c39,0.14142042956132123
b9f77a4295400abe,0.19848374752526832
7d646e2fd78953af,0.2831561698968427
4127b246e0beff6c,0.3412154384182557
2321d1fdb21c809d,0.2240332994685839
9936f8d7184f5e10,0.21933766411378555
e2e9ef0520d08656,0.25233388037928517
0aa9b948dc8766c5,0.25256155048452644
d96df85b5160b1a8,0.34073103183286446
3bef9584524abbef,0.6299970342294468
806989faeae50571,0.33810580780452226
6fedd263e1290110,0.590414884859852
5762314e60a560e2,0.7885638428675628
748cd550549c514c,0.4550087527352298
58a8e997e2757de6,0.2744235568406794
c13887db4b2ded8d,0.7797835339168491
eba0106899e8fdf1,0.6820694683234344
a947c7f89cb176bf,0.8327673947587788
4ac4a17692a2a70b,0.2543534190371991
2fa4409e1b6a3d85,0.5597289465457956
a783eca691369f3a,0.45463437662811296
e6e45dc137aa0511,0.30610383322913404
c589fb4e517e579b,0.47775332395540276
0535f48557a68402,0.6733030413149943
48e423add1624f2d,0.66237118109826
d20110b1a6f20e55,0.17825095342294464
739f7cc76c78d0bb,0.6258368240075023
2d439083c11f62ae,0.6786150346462436
0c74bc780e465296,0.2996730892466396
52294576789c8ec1,0.6518118695946651
99b2421c51d37084,0.27787843596957384
de49e465a4c970c4,0.7804194552985309
4c88fb93b8d12270,0.29090421746379075
dcce15e3b59d9796,0.21063994737938935
b8e0e09067432f1c,0.6717831145149527
962f882f18c11d46,0.4657257867041784
34753ee28116af4d,0.6157735607481504
7c71a6fe87ccd6e2,0.3594422488798583
7ff97e6a175132ea,0.6276662772220485
d84022bd67943384,0.7035438600604356
c270a677c7614aa6,0.408164654319058
1266e1b58e87a761,0.557770313639679
9fc631524aa3372e,0.23117749817651348
88da969d80daabce,0.7028762712305928
9c5cf1807334358b,0.3249647884755653
0e5706f9560fdbf7,0.564108148379702
d9db7cf658a35e31,0.7130058937688861
38bb0629e63b6590,0.6292769094508701
726236f75c9de724,0.6010565411065958
47ff559912cb3714,0.4158334661873502
bd567ce69cb8cb62,0.27537346696884446
6b7338c16e1db627,0.2586672944670209
2e47f13eecf939c0,0.34334176305095343
7e001225afcdc58c,0.5770157926956341
b0ba287dc9f94b2c,0.6569901922475774
07be300260466f0d,0.23245235881004478
49e2abe2ca234745,0.7086299833281233
bf163922b4b12745,0.6754332903511514
aef9d385e9ff8518,0.7886539908304678
3e364e82bc780650,0.7929045417838907
393a9aece2867c5d,0.435476275138064
b0519105b55d4bc5,0.6605289361258726
c5a4b1418dc4e412,0.6116076039387308
ae000e40b4cdbc49,0.37082861180577265
bdb4932474ae13dc,0.7026882476294676
54ab20f1339d0955,0.3080292187662811
bb6cce3b0b6744fe,0.3408609357090758
0d04ac4d48d1e700,0.7547769224757738
6e3f51731aaa2c77,0.45864313196832335
783b7b163b234e5e,0.7110019511305616
bb6501e8f6ab95a2,0.2862046238407836
e5f20b7a540b7472,0.45273124283630306
726e2ec81830f724,0.7764501523913723
e8dc50204900e975,0.3117733640721059
1334006b9c4f4ffd,0.7942381746900073
3553330b5c7e6092,0.6328554795769512
e1a3e161c8b2e221,0.36769191023236425
44e747740cb4260b,0.2238176852141294
00202304b4481207,0.7310788814212774
931eab5e85d6e3fc,0.39543593701156604
e4b8ca3da3eff8e6,0.30342414686881314
103e5a44f9c30ed7,0.4662746027404397
448d40536e9c5670,0.4223609018443264
1b4d4b42760e781e,0.8683170001041991
e0b110d4f6844bbb,0.7182050914348233
0d928dd7f13b92dc,0.7171136110242784
1bf6e2dae324cf0e,0.5042245545482964
b2a17e2a9337f111,0.8591690046368657
564d7ef8fb681d94,0.41357254480566846
a2088d882fb6d77d,0.7649412342398666
3fe22caa380445a9,0.6192325948212982
2b3c171024a98155,0.7861419258622486
2014d23cd7792183,0.6479498111388975
fc996643d63f02d7,0.2797606582786287
c8d5c605e447f4fd,0.5531913853287486
634298df42266b22,0.25950462774825467
5c8cbaf8b4d39f57,0.7380799155986245
a688ddfeb76eb78c,0.7143290403251016
85a12cd29f47007e,0.3721978287485673
a5e1a3f8e312e1a0,0.2898060331353548
29e076c93c2b7fab,0.7571877709179953
71b7b90e9a0b70ae,0.64887352297593
11583aaab15330e4,0.14981934198186933
5b34705855c1c880,0.6076086498384913
26361ce2a06897d2,0.2030667161613004
2be888bcb74be336,0.5383921837553403
fd96abe884c43d6c,0.7581085456392623
165fc0b6a160dbd9,0.7702743956444722
b8c8c114a79ff453,0.22762249270605395
e22746fcf084642c,0.28988565958111906
3fc60942cef4b9f8,0.7317729902573721
c78a85aab85debf8,0.5475133882984264
9c2166227724c80c,0.23546124700427215
e0291b12205c2c68,0.5635647936855267
307b5de4b89748c8,0.189405320673127
b83469a7d7ed138a,0.6356674182036053
4726c5e084cb6f1c,0.6655908343753256
33795c308f648269,0.8649812259039285
d44b56532551df1f,0.7998682257476294
7db689f550f62666,0.6247257593518809
c64b1df6de24f982,0.43420312337188705
d9685a6aeee511e7,0.32664767896217567
2c867c13048a2311,0.8027047436698969
b3f36f5f67857959,0.3990608041575492
c8dbafacc0fb77d3,0.6559354616025841
3a1b2137777bcba5,0.1820306606231114
c9627e77fcbdd360,0.6189545769511305
cf4f6641c91382ed,0.439271264457643
fb519c3fdb753245,0.7461682713347921
035449e62c90677f,0.6202915233927269
5201d1bc5a7cf0ef,0.45379107533604246
01ef09b451cbddb0,0.5186702875898719
b98e367af7c0158c,0.15750398041054495
bec6844244ad0aa4,0.5223236792747734
ed82262b135c6e4f,0.6191456119099719
67637bf7061cb7b0,0.2727463426070647
96ef8b85b60392d5,0.7623214832760238
fc1b0a61b9dd082c,0.7283111037303325
c408b4beae948cc1,0.3760222817026154
f26323206d284ed1,0.5613805212566427
9214caa6c1a0dc02,0.3344702446076899
591a28a3c195b6f1,0.6560883309888508
9cd8a8ffb7a9e96e,0.3017632515369386
7ce580a49450111c,0.3767783903824111
abccd8c43775abd4,0.2123575518391164
5c6acd44464d3db3,0.7713035792435137
b0e58b3d4a2a773c,0.7909183703240596
eff75fe4ffdcb49f,0.7108714259664479
06ac1908fb89960e,0.741939682973846
6e61df7259588c80,0.7514104264353444
87752778bf4206ba,0.6121600851828697
2fecec0b55303222,0.2747050940398041
d57c0fad9eabe24a,0.7171376784411795
93cc7546b8c345e6,0.8256439850995102
eb76de6938c4c38e,0.5357187298113993
0e733a579e63472e,0.34073974419089303
e7dff8305acefcd5,0.3038024395644472
23423479e34fc441,0.7799146100343857
3f66f582c2bdc24a,0.5436028902261123
d312e4d7fce5fa01,0.5642149369594665
c04cd9fa54077b8e,0.27884878086902154
04b68ab2f6458e33,0.44705523340627273
35665b0fc6847811,0.6221532718557881
9028f284365c7863,0.4973123397936855
fa23926a88284b39,0.6857255900281338
ff5e27f506ba1ffc,0.6404997355944565
e6a04e92205e9e33,0.6854326547358551
934c2e26775faaec,0.31585511618214024
35403697fd72709d,0.46732097009482126
fdc814fd85f237e4,0.66478677972283
bf4ee2f20859884d,0.34850035036990723
d2d10af48a354c4a,0.5551974796811503
a38e463e1b086d42,0.6624553506304054
ba49ce0117002110,0.5403952836824008
d5393f1776772d2b,0.4736924077836824
80a6b6e9f65aa3ae,0.47130520344899446
d84698a77b768899,0.2491648965822653
8d09ae0709d01465,0.6865338087423153
0ac53b64e16a0efa,0.7633916549442534
a632a91a07ac8406,0.5474835847139731
1f2437c787ad39e6,0.7267608158799626
beb116a0a3ad4f5d,0.703097921225383
c38f343ecf8e9527,0.26871886136292594
d04bd8d61ac99c5e,0.41718442351776597
6a279faa81d0684e,0.37631234370115657
1b49b1154407ea05,0.583739221892258
b71746f211be0a24,0.1591602258518287
bbe0b7fa6d60f17d,0.7692812975408982
c9117e785fa1cd68,0.37197156793789726
a700a6b3a689a18f,0.5155420847660727
d998a004d828aadf,0.7396460860164635
54cfb8bb56897eb5,0.6927757333020735
bafd504785d302a8,0.7417981504636866
3f45db97b95a3352,0.38615786052933204
2364a75ca729f899,0.6959332799312286
9387acf4770f549f,0.6532894915077629
a434422326289b00,0.13794194539960403
8bbcd05afad8573e,0.7441598598520371
82fc48f10b8d7cc9,0.26831723194748364
65dd24b31c0c4067,0.514570374856726
b25ccb8b682acbeb,0.5869397962905074
291117008b4408ee,0.6073861336876107
aae3422dfbb55bf7,0.5025971566635408
d436224afb38b7e2,0.45500849874960925
1287c0ffa2f14635,0.40351339611336867
4feb7edca163def2,0.7295095576742734
00df2416e72cdbc8,0.30861394967177247
e51c757048ea36b0,0.26046886657288737
59e45992c3fccfa8,0.5079567768573513
7b44475e4e2e3b92,0.5516563665728874
be457ea8112e2391,0.4971510524122122
1e4fd1293a611d2f,0.6849293229655101
343371989bd61c74,0.6015475591330623
6bb985812e990044,0.33130127513806396
c0be9996bfb5270b,0.431278198916328
bb367ec1a239b8c8,0.5428128125976868
91fc9ee0920431a2,0.19369427034489944
82f2985fe6157914,0.36558985099510266
eaad7a9709bacd50,0.6211206900593935
1bb729bdda8eab4b,0.24026753673022824
35320f198f2157d7,0.3558522051161821
74cd9018fd2aa194,0.40379121209753044
fd091b5e49f8138b,0.5274308898614151
917e088d530b042e,0.7472232155882047
b0e606a7344aea7b,0.6260384234656664
c220230ca6b46d2e,0.44065352063144725
2174f0850e20c2b1,0.21683380613733458
3bfea4a031f46e50,0.29016278133791806
22199945c8b6f01d,0.6088953019172658
efd4e993a8d94f5e,0.5511564759820776
acad3b0b2e72b212,0.5483219352401792
1a33438ea9b6ba09,0.4419589220589767
c9a22295bdb2b49c,0.82974293919975
0a24b5a0c164f36d,0.49145831119099714
12b662eae7ad89fd,0.4693234773887673
788a4a1a340ccebd,0.8215078136396791
0b6ebec97e53c571,0.5437786912576847
be4269de80d8b34b,0.8188067703448996
ae99dff2a596c7fd,0.6658903550588726
1cc563af87248566,0.574893685526727
95b03e2a8add3a08,0.5375434015838283
bde7f9ddcf827170,0.23598213894967177
e24c4af855561b6d,0.46979054001250387
a1ef8a44aeab6af5,0.8246524122121497
2bf2e0d5f713e9ea,0.26918904084609774
6585c55605f3d692,0.629489062988434
4a44bfcf3c8bea26,0.2606442104303428
78a21d5aa40bf4bd,0.40047971892257994
d208a68d90d83d1b,0.5510115270396999
fabf07be02cadf0d,0.7734567221527561
3fc8a4ec51114a77,0.7234279162759195
d8da2f9a640f4e03,0.710921768521413
f7a8212a941af65b,0.15536294805668438
836c933a5cb4ecbc,0.6129970850265708
e292f252eebf817f,0.48996832082942576
ae7e8b931e0ade53,0.7363938717828488
c937062a293ea0e5,0.773553843649057
673793020f42eaf0,0.28447602505991454
531a753aa5a10879,0.3777755652808169
65613b893147c771,0.60790565541315
a3609d34533ca6b4,0.45766763311451497
c9eecf5329211123,0.8305105814316974
4e6d4f733588a212,0.5700410349588412
95e0d5ddca2118d4,0.7701320985724706
4b071534952c920b,0.5566081184224236
f333221664eda263,0.318246401219131
8627e41026f74eaa,0.7294658083255185
789f4695cdd6a417,0.5830422827446077
908034eabc372b99,0.34106175497551317
984bfa387795ef76,0.6252501315515265
91c8e8e6f637fb1f,0.6493205155256851
363aeba9c072e960,0.7389428128581847
5cd6915b98d723ff,0.5558379675940398
20f027368dbc60fa,0.2028251419714494
a58841827e8017bb,0.3777633505262061
ad9e6a299aee4827,0.6589259026258205
fad46bf569ac7443,0.40650477623215586
0bdec115af64e996,0.6010525385537148
e78e15a02aa6163b,0.7842002618005626
94c1b40d53f1c78b,0.43074599484213816
c1dee5b6d55fd7c1,0.7940458450557466
502f0c8494138feb,0.28292446597895177
316c5e9c86bbb645,0.24214984109617588
c5624991cdcf670d,0.41392863525059914
e000077bf8c8b49b,0.5807046160258414
9a36d5ad49081233,0.29047734839012196
e4ac16a92daba7e8,0.5687001927685735
caf1ce5141ffb34e,0.2812046485881004
d07bf091bf998e0c,0.5187882450244867
f230be64e9f003ae,0.6697053271855788
fcfe55e0768ab257,0.42265989501927687
ad04ef9c94f25ea7,0.2682753256225904
b6c3dc163008115f,0.3267815437115765
2a0af6ff3489e003,0.617070230280296
5c098958dc2a26c1,0.2968877878503699
a802f6f7cd6d7b2d,0.45248584062727937
f0897866ed523f60,0.7177505678857976
3c1071f1773cc7f2,0.16506706001875582
5fb77ed43c58e517,0.31652804522246536
3fbcf72648af3500,0.3931778264040846
64964fe3e34849fb,0.3918063939251849
3d3b19b2da76dc78,0.598563252839429
69eb4e47c0f3104f,0.6152388467750338
1b55daf09e9f129f,0.4214902300197979
853fa0b67eda4e6c,0.25332678831926647
636b3bfe96c8c67a,0.3802908330728353
51b24fbdde490535,0.4073659685318328
b80f84359d81c98d,0.5810045600187559
a865666aeb2b82d1,0.2866534034073147
08fd3d5f06273089,0.20326078592268415
cdac52f8c24b9616,0.7397021165468376
bdc841da585c4a1d,0.684052244190893
8858154c3efe65ff,0.6277151323330207
29f989d45429b9ee,0.7014239293529227
b97dff4909968aa8,0.1838185201104512
69c86328a89e4898,0.24615939356048766
2d50759601edb9c3,0.6724812688861102
134be78ce02d48e1,0.5844456145149526
53b540f7c8d16cfe,0.1395019420131291
76d2e83b30cca3f9,0.4470743161925601
062167d4ccf76346,0.8359657887881629
84cc2a48661e807d,0.28516258856934457
60f1e251520005f8,0.6811826521308743
781115a32396b4cb,0.4114118956444722
4c1e17c82f4cc326,0.7091981621861
b602ad5debd51028,0.60748494190893
4d9da053a872a970,0.6741802438261957
95f7ebe4304bd2e4,0.7451954295613213
67a8207cfef9f011,0.8337185044805668
b1c3468185b9514e,0.6428285453787641
f80ccd7ace26ae4d,0.7968652287173076
3ac147039aaf4499,0.42289739111180574
fe5cd175ea7fc09b,0.2789030569448786
9026d2936cf2bda8,0.6059146100343857
a4b0e01784fc7cf8,0.673198551630718
43c462b48d97dd20,0.629892528915286
e36d0189d20a7617,0.3592855970615817
43c3586991f4b403,0.4811505743982495
009e48f2b32be557,0.2735033239554027
a1689ef168f2f333,0.7222963621444201
dc310fc66470ab07,0.5566063496405127
bc654d187751fe04,0.5539730123997082
247e62af046a99a5,0.4619317442950922
48f2f9556bb2ad1c,0.5061995727831614
e604b921624a200f,0.765386408513077
e46765e152f7daef,0.6442147819631135
3d183f0c812b6d09,0.5960954634260707
3a7275f9aeda8305,0.216206534594144
1d994aeb47ff952e,0.3248710560591852
75dd9cd1bcd35d05,0.247519711889132
a976b4932381b300,0.20550792825883085
da2e39ced8c0afd6,0.28390199150776285
c77fd47bb1683f58,0.5623977961863083
ceeddee046f39ae0,0.3261136123267688
cc50dd12d1f23bac,0.4433239280504324
8b73f447d60fc992,0.5663945217255393
dba1029662f0c412,0.5037758479212254
ab65e0876504bba1,0.5582203878816296
00754e6b5a7298f1,0.19388633296863603
082f192c053e5283,0.2873771386891737
4cee8c7c13d1afe2,0.5026221748984058
9ea9e3c8cb3df9aa,0.42903512816505157
2caa75dd78c01d17,0.7445844990622069
42ca39ab5466bd19,0.7518440958111912
939ed128e268f834,0.30590825909138275
e452cd65ed19c900,0.541004733249974
e5ee2d79d0c49d1d,0.7258901323330209
ce0d423deb82f2f5,0.3076501068042096
3c30319ed1684972,0.5852553258830885
18968bda98628242,0.718302672710222
9566631a173d48de,0.7189105996665625
01d78d3ab164da20,0.3997473390121913
7245800926a4112f,0.5287213308846515
3fffc62471c1f18a,0.8623124244555591
3b530b29e9f5617f,0.7059049221110765
65305594301ba50f,0.6828877110034385
593ee003a4981c15,0.4984248423986663
f79985b30220adb1,0.5116922488798583
60dd8dcd3a1d1839,0.7650243578722518
288aaae44688b015,0.7595303910076066
8a16369cb4554d3e,0.4793189694696258
4e49cf49f79e1181,0.7764223194748359
1a6026c94f49058a,0.6146216721371263
8c29813aa363f889,0.6349591838595394
5fcc5826d5f8db34,0.6502950414191935
b002c58138c724fb,0.42064915989371676
62a918db11ef3076,0.7631131225903928
8fb91f382ae2782d,0.7171367771178494
af730eb0035cf0d3,0.7432317442950923
546fef357d2bcd57,0.7420406937063666
c6129c4b99d7f4c6,0.4408587162654996
7596069ac38eadb8,0.4457000924768157
9560c8310cf23dab,0.17510687454412835
ca1acdabe94e042f,0.6291079894758778
521f9d2193473fd0,0.41727918620402205
617eda3b96abb577,0.4588042917057414
8d735b59dd0a4270,0.7250588217672189
1b405139fc287a40,0.45124677894133586
e621733719a2d775,0.6621864020006252
95f4b0d76e779b43,0.5606584779097634
bd6a23cab176ffec,0.23265199671772424
3c5fadc2c957c7ce,0.8551132684693135
37cae1b2dd3c1330,0.5983779475356883
0fc2ffbd9370b121,0.5267578488069188
b31de0d8e304eeab,0.7339229642075649
5738bf5ea59fcb0a,0.8232073421381682
402c7edae37bcf39,0.6250573082734187
1d79e32040c6b05f,0.8019397988954882
bf493f6f4a48b2ff,0.28353593570907576
8530681352913ce0,0.22083128060852347
c79cb0e184ac42c1,0.3743540650724184
32ecd92eb352979d,0.6209712462227779
c9a54261284070bb,0.2017955389705116
e6c2ba81e397e33d,0.33891112847764926
955bdf4fc9420404,0.3703976503073877
b180a78e50608ab9,0.6213227636240493
69484ff0bdf4b104,0.5839021530165678
8d62a01ddfa11fe9,0.7278405335000521
12c3df9b72ef96e5,0.3224378256225903
12ccc513557a0656,0.5014027104824424
2aaa9bc35f4acee2,0.8542904319058038
e31d14248a98a72e,0.6620555290715848
1058c1f47fca2b81,0.4326820581952694
02ab14036929f70f,0.4827783447952486
6880fd1518aecd04,0.48022279618630825
580068eee74ae5d6,0.23080124908825672
fedf1e1bd320672b,0.26013608419297696
d47c1d43f9dbdf92,0.46359831067000107
8a7fa6c84cb2b0fe,0.5178381942273628
089bead0dc0d7c16,0.4848433651140982
3f12eac5d776ac9b,0.3254082825362092
2b55254bb421a326,0.44512926305095346
16721efb42f49e40,0.7897455389705117
87ada6cbd040d527,0.544283450557466
c5c4d8e14015f4e3,0.47222693680316763
5d499b0e085f025c,0.7570933703240597
183039182079fa48,0.7121807674273211
05d6c8a5d3db19c4,0.7445192221527561
4477fb4e0a476ae4,0.6850348898093155
3965182266dda565,0.6552739098155673
72bafef29554438a,0.5698340158382829
1b31f23c3e55dcb7,0.6541211980306347
66c42c9008125f10,0.43892934380535586
5bf14b82c919f706,0.442474787694071
2c7401c2798c92bd,0.45386066739606123
4adf517216b1dd47,0.1890311451495259
26348c70727fc713,0.8477060018755862
82c1c6b9b0ad498d,0.5986276258205689
1365ca92c2e04031,0.351521772428884
9edbc98e397ab4c2,0.548320803376055
1059c066d6e0626d,0.17956699228925704
af993cc3ac374b83,0.37341732572678965
f32194afe634dbba,0.46826216786495783
29de97ac80feb956,0.6548744112743565
e5fb185d8c6181d7,0.3739174885380848
632347c0452d889a,0.7401927360112536
35ad7b818afa2cc9,0.7217695047931645
0e9b47d072e9f5d9,0.4702860724705637
4b2ee7a5a4d7d797,0.6416732976450974
793b579534d59c3e,0.4858365426695842
3b23c46e8aebaa25,0.7062836094612899
f68b741461469ae2,0.29411286990726265
79e144db8265864c,0.15972948838178597
09c4fd90bed2d748,0.7369867953527143
2215efb176105acd,0.693560904449307
b4a9877c6c234878,0.5912228730332394
529f75ff399c033b,0.7646911626028967
ad20741d26dac628,0.7619073864228405
abee4fe9fcb49deb,0.299444528237991
80bf7ea1dfa6b569,0.6503266359278942
7d637676608f51cb,0.33094951938105654
79855154621f663c,0.3431461641658851
db630a696b94324c,0.4715529097634677
2c87f55f1bd853bf,0.293658072835261
05466a89f589fe04,0.8544059067937897
073f9b06f7bf95f5,0.12193627044909866
d8c52af1d9a0ab94,0.3632627097009482
170df691b9758d76,0.6938827862873814
098c223fa7ac1f73,0.49795691492132965
947d4f80370f0b58,0.45607301630717934
66196fa0af9abe3f,0.6965706171199334
356513b3059ae50f,0.5995637686256121
a951ca23d4bdcc33,0.643232442429926
defaffd4e20a4c47,0.2721563809002813
9aeb8ce75c56fcce,0.3483950453266646
0e52e6d570d8f008,0.33054600786704175
d177a330dadb2707,0.32774868708971555
4acf903d98d08aa8,0.7828370011461915
673bd4205f6635b8,0.6163267127748255
17b635201a20862b,0.4761696063874128
e31cdafcb4337eef,0.3229777365322497
2f57ad23a2ad21f5,0.6502294297697196
8c76f3fa81c149a4,0.4470753269250808
7448092b980edcbb,0.6751308924663958
cc3891e28dd031fb,0.1868065476190476
05d416ef906cddf6,0.3281486766697926
d5cdb3c4f4965afa,0.345317312701886
bc40575e98475699,0.335629441492133
7227a9d91f309e1e,0.486748296342607
f83295ed727a429c,0.2278606218088986
44f16ce1d7899c02,0.25875165025528807
219b4d22a5bcceb7,0.25255394003334375
5684d434bf545e82,0.24878765760133376
03d5ff6b9db6a1ce,0.3986084687923309
c402ad00c62dd803,0.37685743721996456
d384f2bb50d7321e,0.6833615387621131
865ca8dbe8ae9927,0.5122284307596123
0cfaded78f4c55c4,0.7034013519849953
c1f9c03f1f673cb2,0.6437357833177035
80784aef1b00a337,0.6676496131603626
2cc7c6c16592cbf5,0.4898212136605189
f816697d9e23576b,0.4731497277795145
e0a3063ee410875f,0.4781322366364489
187c083474d62911,0.414643508388038
32fe8606c8a5cb67,0.7303156350943002
e3b603a450f69271,0.5215302946233198
13ea25fe500d74e1,0.5044803297905596
3465f2b92e5411a4,0.18223741403563615
f84c04deab8f0a53,0.742815385016151
ce64b825ce5f48e0,0.19143595264145044
a03d161faa6231d7,0.2728369438366156
7b73399454d06d9d,0.17616818797540898
726ce1fc6c05064c,0.44572365843492756
0e660e2441745329,0.7499232038657913
d4373d25e109dcb5,0.7984099979160153
6c8ad2f1018079fb,0.1951881981348338
485cc002fda9b938,0.29192355032822753
840b1b00c51f87cb,0.25948782432010004
e7c9e19e247f843b,0.5148815280816922
4f97589fa05c40f1,0.7125923374492029
41919c492d55190b,0.6978366820360529
8fc6cb3936ed4ac6,0.4994964051266021
75e3076bf4b29ba8,0.4016740114098155
8357351f6977683d,0.525026833906429
1a6590aa6c3d2a06,0.51350324189851
6b0dae5047e0ba12,0.5572562246014381
6f8bc4fa3d91a3dc,0.42461283734500366
e4aecbadc139b9ec,0.36383686438470353
7616bb2872e18231,0.6351181345733041
f97102e411194f18,0.33937750599145566
4f25e4f4959ce4e1,0.3856964936959466
46d34ae6f3e900ba,0.6140304912993644
73e3288eeb552e3f,0.16576281520266747
e7010fbb2150676d,0.6794143638637075
cc2c1c680ac82832,0.2273380457434615
d025b02417a63fbb,0.5842416171720328
08070948781ecfb5,0.2880234200791914
2bdbf073750d4864,0.4742617953527143
2783928eaba81305,0.6931101216525997
51bcbc84c0f437ad,0.3283945451703657
dbecf7b9325b78d3,0.7762602805564239
39b3096dbfceade4,0.5320458059810357
4299599a54525066,0.7719921668229655
ccd92654fb1f721f,0.858797125403772
ee1170819ca7d594,0.2581834427425237
c30ab4f74d33afa9,0.2632905934146087
40f10fad12afb51f,0.6236610685630926
f4e63fba51ec3896,0.7348906689590498
60ad4f8eda2cf6d5,0.7060705272480984
4dfcb17aa4236952,0.5210415403251015
2e54d9b1b4e00337,0.3246247473168698
47a9e135733c2ab4,0.4460608367198083
4b3c22d3da587d59,0.55370788918412
ef89abef9807c003,0.38498359383140557
e7530eb737c85931,0.47893057856621857
dea26fe32dbe26a7,0.6575107142857143
08133a148f3d4ed6,0.6670136188392206
d39b177320bf091f,0.5601392231947484
c2eeafe05948ccae,0.7123241846410338
73c8d1e2bc9f517f,0.21347325987287694
0dd4da33e5e18c44,0.5009825010419924
25e076876a1fb6c3,0.7918099393039492
873d0ca47a7ce61e,0.7102773874648327
930d090798b9ad8e,0.6079759990101073
98e38baebfb97bcd,0.7186122238720432
9c779fba6fe0839e,0.2614837397103261
5bb1f9fc76a02c1b,0.4084070686151923
f83de39c4e518f6b,0.7302144862978015
10bbab1f08d2e6c2,0.23695275867458582
ffe63eebf605244b,0.798677864176305
1e55e67dbb9fa1ef,0.5753013819422736
e53426cca968ebd9,0.7622018573512557
51bba86dd8aaec50,0.7892837996248827
582102afed3c818c,0.33978023340627284
b280a8fb8ffb9bf1,0.5897137191309783
e8e7ee8589574a45,0.40121320594977594
228ac1a17bade85a,0.41436550484526413
2bb37b0ac11a0c2b,0.6136234291966239
5588a1f5d8da9c77,0.4418694800458477
a46d657f4c9bc8ca,0.4433448408356778
7373ad47c61f558c,0.7463683481817235
0f1fcadf13eee28b,0.675684351880796
1f8603bf90774382,0.7648159424820256
b0dc746e7f7ac87b,0.44792903251015936
82107223b7ff9788,0.6833689329998957
a38cbc0aecaa644c,0.4054750494946337
61dbaab39e7dbc01,0.30770376680212563
85064aac24d665cd,0.21264752005835155
48be998c9a3000d0,0.3840934719183078
26b2daccb2b045e0,0.7601567429926018
95198d21e3fae237,0.31858402365322497
b2a2d7a18404d7a4,0.4978908148379702
6b178de020b8598f,0.25213394550380325
38c1b19633279892,0.5888586889132019
186d5468edde7455,0.7162753764197145
4f33d36d7b629852,0.49587275580910695
b955eeaecbe25ef7,0.6350291953214547
39ad39dbe012b34a,0.7307351086276962
929e8e2af2403da0,0.44519207564864016
fa22cc093dcf1822,0.2690428988225487
f56ff6b1c2817475,0.18923635511097217
56b30f44349ddb92,0.589987265551735
617dd77adea9e711,0.5671000547045952
4cd7a91de7bacdd1,0.6858691153485464
c07844f4e94ce116,0.7439870871105554
692bbfe3fde429f2,0.6992910284463895
6e8117bf11d2b904,0.33804601047202254
27efca94126fb8ff,0.5260458854329478
4d2a406b540c41f9,0.73070565541315
5ca9c8756c163b0e,0.39887513676148795
c10aad8b54af6017,0.7086291822965511
60798b007f7b4637,0.3338042070438679
805031b5ab834e54,0.4685942963947066
fea6be92744b0c40,0.742655983640721
284e4bea4a96494c,0.4325458867354382
4db0c35a634d4fb9,0.38336223168698547
351dca6bfd544a21,0.7775924989580077
c36cc7323d4f4de5,0.7050326299885381
78c350098097af6d,0.2489714155465249
1404eca61a3105b6,0.4238773223403147
2472a09a3e602f48,0.7309361493174951
5f9d50958df392e6,0.7885790377201207
ab8fde4ac70ac766,0.7865577980097948
6649908e57ee98c0,0.27953356517661765
6f6b426a42753b8f,0.43486357455454827
9f89dd1b9ea145e9,0.6047658096280087
d56cce1c1c4c9780,0.3959740244347192
fd794932c3ad58d3,0.1942977219443576
901c8562d025f79d,0.365158238251537
2460966f3ca7d3bd,0.6415482520579348
41c6149d1848cad1,0.46972896868813174
2c948ba95eb3128a,0.7681002526831301
0263f07afc6e71f9,0.21469957929561323
59520bb39396ae13,0.721590719756174
096e1b740c779095,0.4959847361154527
13bcd446b5b75780,0.26046829087214757
82652e7aaa1e423f,0.2627944149213296
b4c2a047510b1d1d,0.370853537563822
8e95fe1172cfd49b,0.4644545977909763
8b3b319f1bf34127,0.716612806085235
8e876b9274c5930f,0.16400631186829215
74c8dbccca14e4c9,0.7572038162967594
a13d2861af1b8b95,0.6716601867771179
3d0443784b9008d8,0.5890464728561009
30a6c22faea5d219,0.6598080324580597
8ccaf0cd13ec8d69,0.7460118135875795
ea79b75b6fa4e024,0.5452297970720017
df41150fbde2201f,0.5285254011670313
6bfaf27148ca783a,0.5652629272168386
016b24ffbde9f2e6,0.7709019719704074
c7f17aea0b57c810,0.33154209258101486
1974cb4a4a5105f9,0.44397511592164224
ed6fb2d892b20325,0.3370570451703657
029aa7e7739f68f3,0.671511728925706
1499ced0a7fec031,0.4636400841408773
1da835ae2069715d,0.2871725760654371
3b48789ebdae6cf1,0.5155875781494217
b2501a34b4204e11,0.3353129311243096
4e1bde0d2fdb1719,0.4937648939772846
bd42c11dc1ea52c1,0.23616649734291967
dcdd441194892326,0.4824341148275502
890cf601bcb4d1fc,0.6333143013441701
efcfd07026d6f75c,0.5885795691361884
6e5921c9eaa0bbae,0.5376557231426488
076e6b937f9e0f1e,0.7897607299155986
fe7aa6148631a52b,0.4390238173387517
0204709b122147fa,0.24475819657184536
3bf87c4ce9af3343,0.19537793972074607
e5d3cf73e07cb881,0.5981127123059289
d79da024e674f570,0.670182266593727
f137410611053710,0.19698965301656768
4b48a5ea7d8db38d,0.4927068797540898
6e5b5708c1bbde63,0.5726483197874336
2e21f1e2f4f0d11b,0.3954440411065958
2fcb7b875a97fd67,0.7341962097530478
c9c50dcabb2aaebd,0.33072452719599876
ade709965be588c6,0.3264507619568615
e99ce68035fd1383,0.621212020683547
9abdf47140639086,0.7993093088986142
c0370f3f688a69d3,0.800342453370845
023ecf078fbcbe04,0.508535475929978
9366b2145d9ffbaa,0.8597135511097217
907dcd98979cefc5,0.2909923322392414
1430d1f8417967a9,0.4666099484213817
12cf954bc6f7953f,0.7724002201208711
9f439978c3ff1caf,0.6483154540481401
3d566b52640665bf,0.8405427151714078
1da24b04359879c2,0.388629567833698
5fb8e8cdc5a458af,0.5018581262373658
69f63de79af9dd49,0.556943761071168
078cef5b5f6aff6f,0.6652347647702407
ee64ad3ef7cbc727,0.32298075700739814
30f789de29e44c84,0.8128144680629362
ed6dc35d0f6c3f4b,0.8323521478066063
24171dc6016596e0,0.7064356257163698
d9753be4a4ac4d5f,0.7531689199749922
08b18f56dc4a9978,0.5941464129415441
2fe99f58d73a842b,0.2482357299155986
231cb4b19f8ddc4a,0.24010092346566636
a0f57bb92842d2c6,0.31621494477440865
b451e5af95310e52,0.5873233640721058
4d5e3c273bff2df6,0.6321553180681463
69445874395ad7f7,0.2628669427946233
72d5eb4d04446c06,0.3333293815775763
676277c834acaafa,0.4295221644784829
345fac6fcbfce3ac,0.6159182934771282
77268d80339453f4,0.5709343675106804
0a3d332e3608b10c,0.681866592424716
3d3e247d278aad6c,0.7553085964363864
c6d0f1503380066c,0.7903928297905596
a7ccb8ff054ea663,0.7515391502552881
d3b3fd3963b35751,0.7833488811607794
e361e82e1559efea,0.5583833919453997
94f03a339108fe12,0.19789716057101175
0d6b47fe3047807f,0.5595543932999896
f0d2a9398458201f,0.3561328657392935
8189ef648444f31a,0.6957901414504534
b341aa9047a23001,0.44729793034281545
0b603f589ffe5334,0.7886690059393561
dfcd5836b6d7807c,0.8160163384390955
c69510f82760fc8e,0.45605059654058555
bc2b0e3b0279f394,0.3479718167135563
9e59359a937dc386,0.3142693393768886
9bd6fbbffc3029b7,0.5050715301656767
78533ed0a4d75031,0.5615822301239971
24d3b857d9ec7516,0.7581071741169116
d9f1874f6346d786,0.7470365491820361
6588a72e611a860f,0.4048785453787642
52fef00321899df1,0.7281100669480046
b3c2a81210323102,0.4221300067729499
c1501d30afd688d2,0.3822975877878504
2bd1f2fa8a7cdbba,0.3323849536313431
7472a7ac18cd8ab0,0.83320698786079
b1dcab1c1027e375,0.7109911977701365
2add558fb5890d0f,0.15248935474627487
51a6b2ebff82bb8d,0.7294148640200063
3486d76917d26380,0.6750943133270815
7d9915dadeee6dc0,0.5724621900072939
1a5e5859e62a5ff4,0.22425138324476399
ba7cc06ca707247c,0.48605869542565383
3c42318ad81df936,0.24908490804418046
e7f32c62736ba8ec,0.48872143508388044
01970049a1d79ee3,0.7396365283421902
c34d08417ccc14e1,0.7126595381369177
dd08d7511ab95a7c,0.5131489111180577
147c9ed162930636,0.654758130144837
4d55d8c7e32d9a9c,0.39855742810253214
1df22e6d0f4be856,0.549777074867146
29e5cfdbc9735f7b,0.6808226281650516
529dfd620d6ee22a,0.4262411495779931
22b829fba260c24a,0.29690296967802443
712c502ecc45cac8,0.3134319930707513
2806f2b7f968844a,0.4762723285922684
1ff716c957da8f4c,0.2740588426070647
33a651d1e2266900,0.8183534880691883
01aa41460821647d,0.6061045053141605
2728591ac3aaa7f9,0.734255612430968
62153e0ba99bfdc4,0.670729384182557
a336835871390b27,0.3672177607585704
66040815dd14bdc6,0.36204933833489633
e0d8f324ffe3e925,0.6197623033239554
e7d245b8d234167a,0.29353943159320617
b30acd5fe8990b03,0.8057621092528915
8b87df65e3f61018,0.513638299729082
92d913128fc856dd,0.5981209661873501
c1aa97bf3aa49c01,0.5012568901740128
37b85ed57524087b,0.7417810096905284
fbbd2368a21a9e6b,0.41303111258726677
39795c53fb16d719,0.42293832968636036
6d637bbe837caf77,0.5115330103157237
ac09426ca8b44dc8,0.6831896087318954
0007a5bb7310d604,0.7548655960195894
f8c5400d321751bb,0.7438711381160779
5c5d74b2ed3fe0b2,0.2575519862978014
a0d70afd5aebab39,0.33959666562467433
dab67f5669ab1b4a,0.6712700987287693
b094a6aee2983e4b,0.6842868878295301
76eceb39e4bbf598,0.6812410544961969
08792ceaef2278a0,0.36523022689382095
421639eb32096298,0.5177732702927997
3732446a2dc0ff2c,0.4916484422215276
f42e7bbaae983e33,0.6778304444097114
1d7a33be5e41401e,0.4582575961237887
c94efe294bf687bc,0.704592416901115
54153bda194f6353,0.34640879832239246
275f14633d4a7de0,0.3469114827550276
7a750521e7810b4b,0.839581012295509
b94bc2b4bd62e236,0.5554926422319474
3c2076842f11afcb,0.3493859357090758
53c3d245534bdda0,0.19931884052308008
bee1ce38b4653a33,0.30851179535271434
7fcd7a8a7c44d7f7,0.22586708085860163
60fc2edd396bed1b,0.5652981673960613
df7a1a739d1e3d31,0.6204038097843076
293173b622ae6047,0.5382926266020631
c18a9f29b23ca49b,0.37240517870167755
4497cca94390df91,0.4267462735750756
40d9096835771f2f,0.6996597126706263
ba30e997b8338d76,0.6785084792122538
56d89283c0f5c7c8,0.41561801604668125
f460984ca4f4f1a0,0.4505537837345004
63585cd6e35862a2,0.402186639053871
26e41712e705d5ad,0.6334551135771596
0a056eacd56539b4,0.3497594013754298
9060dd63376b8616,0.4926423530790872
f11e51ec27009738,0.7370838386995936
d0496dc870887d72,0.6037791510367823
65fef6d3fb26ca70,0.15275621678649576
a586684b41fa9769,0.6345095342294467
3bb2f0950e70a234,0.5018645501198291
6c6a97e3ad10abbf,0.8100159203396895
ede33053b334b03e,0.5590098950192769
0dfab1673fe84ab2,0.4608521386891737
f65b0230673c2e76,0.5625876276440555
5618ac6872992ff3,0.7865799507658644
77febd71dc7777e6,0.7856985490257372
7f54b45c8c0b9310,0.7139304626445764
9273e3e5412cfeae,0.6720483692820673
52087475796918f7,0.2892673061894342
643455f14aa1df04,0.19024370376159214
d1b24b005a16d2e7,0.6143336394185683
88788f98d41f9611,0.6785710430342815
bbbe50af555f1d68,0.546353274460769
1bfe964817713a25,0.8424235581431697
40d6df07da814020,0.7290795261540064
8a96d0eccabff7b3,0.16741475591330623
439300a43f735490,0.28137957955611126
bfaf88448d1869a5,0.6686922098051475
1eb331ca2d61f16e,0.7194376055017193
5ad8f23386d2ce42,0.7348947900385538
69ddf95fb1e28199,0.6325947718036886
6c224fe2f90a4ac6,0.3546202941023236
7d2d81f3b2e16bb2,0.7605569370636658
306bcc14dd7bcd69,0.706143998124414
db0b579d4d6c3202,0.28253198265082835
5e7670a553fae63c,0.5737056202459102
999f8c054ed84981,0.4695109917161612
645969c8fdeb22a1,0.20205808846514536
6158cad9f5117a45,0.5048804769719705
3717d43b0bfbe61e,0.6942163775138063
8ffc981637d61bb9,0.35947389809315416
8b934f4c25070ad8,0.35861753152026676
15701cad20890a02,0.4877925211003438
4a22e527eecd22b2,0.5728519263832448
6b7e69ddbeb27f14,0.8230769537355423
c44f66a5254d5ede,0.8413606791184746
1dd06cc994df91c5,0.7947168112430969
43da23e0c905b332,0.5842918672501823
cef6bb5fbd6d7d4c,0.20930722751901637
74e65522686e974b,0.2433053779827029
b2ec41e4d4e17991,0.3843135185474627
7adfda5837586ee5,0.4654903680837762
7be7cd83da184778,0.6806629532666458
331453c919db4a8a,0.46167756851099295
1ad90b2ad8ec5751,0.2304835834114827
06f305aa47e1f3e5,0.7287818172345525
5d77b6a032a98222,0.5513673153068667
2fadc388cbe136d8,0.20494258622486194
3a64f59d79eebaa0,0.4958747681567156
e9d4d3a03ce54237,0.6389496392101699
5bc032bc2d4db536,0.30957043477128265
42afab27f6d63b09,0.6441818003021778
0ce59aff9d61ddc0,0.6127438209857248
c4b23b3e64f8fa59,0.29535246561425443
df5826f4adc2407c,0.562243573512556
1006c7d207337c5d,0.34034252631030526
74f20f15f7388f9c,0.2848672944670209
e8c69436b1cb3320,0.3700753907471085
609680f04da9fb46,0.33778546160258416
060d99e1fde9dc79,0.17973862014171096
6555f0c293c5a1f9,0.6354705116182141
cc835ba475e9656e,0.661273965822653
960c65dd29d3417b,0.5301152716994895
c7596c71a0f505bf,0.25258402104824423
3f3297df319604e8,0.6542893586537459
21c886bdfaeba657,0.8140284646243618
4c47eb742008376f,0.5950272832656037
0360ab7e3c03e1d6,0.4532128894446181
106e8c5cc993ce96,0.6582597530478274
3f189ef767336273,0.6124455650203189
d87c2b5ea60e2e70,0.2547771191518183
924a02ba0ace2e0f,0.3687838738668333
e0a93aee5351fc40,0.6177796342607065
60036012aab0d68e,0.5691110998228613
92196298fd1f0a2c,0.531147064186725
2c9507cd32c0dc32,0.266719542565385
f138d3401d1ef8d3,0.2475044779618631
0550e84ce3342ea2,0.7696786287381473
433b7b91aefd0d89,0.30784312806085234
2f084abde9824f95,0.27011396269667604
aec34c208a4086e3,0.7292015069813482
77832263f798d3db,0.5939107572678963
423646a4264a51ea,0.524568126758362
99a11463587499b5,0.6833448004584767
5666dcd2f61e1fdc,0.4508454738459935
414bb3e31a06b128,0.8601770383974159
9825bfe27f61ead1,0.5053262087110556
3e8b0ac764ba974f,0.29961385458997597
f494e58fc4f527c1,0.389069589455038
4b3ed9d300487cc2,0.7188952263728249
064d5daca103bb1b,0.45253148770449103
1a4b5aa55f664cd7,0.39961109331040945
65fae5433da58938,0.47178509169532146
77df36f32951641e,0.290549463373971
2734faa9175621e1,0.8536601346775033
6952ae6c0325e147,0.19837655647598207
bc49ff32a733b5b3,0.6330844951547357
ddb437f22bdce5ad,0.7041289074710848
ad2ca89540526e80,0.7792983627696155
8eb86976f1f7faeb,0.9056583320308431
351b2cac3bb60649,0.6106245024486818
f3685748a7717d4b,0.3704003829321663
af64f4a787a28c01,0.2029510003125977
e41d8e72f6a6da64,0.39467621913097845
43199fd3cad0d080,0.5453097400229238
08639490dad5a32a,0.7045842359591541
251545c20caf2d9a,0.5461028980410546
657fbf140a397f3b,0.41034423387516933
d28dd01372e08f90,0.45418419037199126
fb9bccbf5affc835,0.2863308468792331
0c3e0f0e422bc214,0.6868534958841304
b6fe616b3ee4f983,0.6174735750755445
1a05d9b0ab2c483b,0.5102844196102948
be053c37d8d326fd,0.43483497577367924
b0cc45542dd09eba,0.5061794115348546
0d1c9ebdc72b57f6,0.44019725435031776
926a38d305ede2ee,0.7297724744711889
381047d838351f95,0.6399286821402522
5afb977a1eeba5b5,0.3943535414712931
1ef7c785c8633cc8,0.45146831952693556
2f0bd78e22c8874e,0.6400019498280712
2765e2bdf659e633,0.30427337318953834
31756eaf193dde51,0.34834977987912885
ba5f5a3df72c6be8,0.78690626758362
90e87591d24ae44e,0.42623176122746687
f9f063e55d3db8b4,0.5771469886422841
3ef90711b7e5d86b,0.7023329321663021
ec0a6ecd2422c215,0.6155075166718766
2a75009bf5006a5b,0.5210142479420652
9edf622febac0e4b,0.5599457682088153
9cee551773541f4f,0.4747595290194852
2a07f1c2d7378d29,0.5276350643430239
aacdb09c08c9a960,0.2442880275085964
df9753fd02aeca78,0.5206506382202772
ecc853e05f1891ac,0.570736883922059
859bd8582d3d2811,0.5449692130353234
a124273d56f60796,0.5478509612378868
9cd33034524d6b66,0.49419583203084294
9e58973154c42431,0.21551525606960506
fe78518186335668,0.24964949854121077
0c195b45f68a8952,0.33520172449723873
bb6b109cc9317218,0.27905414191934974
a58342d3aee051b5,0.2666079269563405
48f975291ebf9397,0.7020879324268001
672604676c29d735,0.6155803115556945
144b0a7e9cb057ed,0.8041152261123267
02ea6c1ef4cf0b61,0.23620210352193394
fe3c47193f742bd1,0.37405468636032096
782fd306b790e8b4,0.49574349796811507
53f0ab0c206a7f5b,0.6718497733666771
2d15bf73a2700357,0.4002159190371991
569b34b568032161,0.6698932452849848
d98474765b2d7880,0.5627042943107221
f3088caf81ec54f5,0.7526232090757529
884de3bae564118d,0.884002074867146
5b62a55571d795f7,0.6122721319162238
e860976e6aaf78f3,0.6308131395227676
bc5f8d0b2f9683ba,0.209096956080025
92555d85c6369cfd,0.7539712331978744
189861fc294e0daf,0.5394363681358757
b8212e2222eb4313,0.2354771530165677
53afc56ddcd63d8d,0.5893071949567573
0592b0cab7becf5c,0.5730594443576118
ac4cbdd76a84da91,0.5344153433364593
f2eeb139d518ca60,0.6277776857351256
e02fcc8b8b63c0cb,0.36807206288423466
a7f194a18e15e185,0.34638152547671147
b9b57b5beadd1490,0.6587308429717621
357c4988d289017f,0.4082547736271752
f0d98c09bd71837f,0.6132925927373137
b1c0df4bb0c82383,0.5624374960925289
5bb361813a233522,0.4543042799833281
c3eeda7b200e2c92,0.3214218609982286
db0460b8a23a94e3,0.5256772689382099
3c80f795a35190af,0.2912626055017193
ecf5824d8b392491,0.2245399291445243
5fc7a11376239e12,0.2384364931749505
2008fba1ef946ecb,0.5791968141085756
e2aa59fe541e0ac8,0.42437834219026777
09b5c7802e6b561b,0.15599684276336354
988df0719acbb76e,0.5974141007606544
48d79ec301d31948,0.3849711680733562
d288ed9b89b3675c,0.33316272923830365
75abd1caba2694a1,0.3720932452849849
3660f3c735d8a187,0.5436739931749505
0440ac4598276f6f,0.7900033916849014
836bbb09e4831df8,0.5329304548296342
51432ea27e463eb4,0.407892312701886
3fd99194e4efb12e,0.21360169323747
ef1b4ca1f2c1e357,0.3193833111909972
70c464af7e1cea4a,0.207396956080025
54c64f47d761f86d,0.6216845381369178
333dcb05411a601b,0.38772474601437945
11861d1571dcc3a1,0.34492912368448475
20e00d08f625d409,0.6797728717307492
8574c4f5b2db8c92,0.7061517935292279
95feb433faa8520b,0.7689450570490779
1dd496796a5dadff,0.4077357663853287
c1c248e8483e9ef8,0.39946512712305926
5e0dc0f0f0ea48f3,0.2768522715431906
7ecca4d6c9eac123,0.4303375859643639
58dbf7650b2286e5,0.31359140877357505
4c62224901fd183c,0.5602314173700115
affa636fe0cafb15,0.7579908942898822
c9f2c416d003a925,0.2768817612274669
c19024a709757f11,0.6420065762738356
d3444b15af3a9536,0.5347107221006565
2f54cc2167b0cfdb,0.3508368578722517
d974c7d47092679a,0.24773913202042305
1f04a25da2b17ee9,0.6341101437949359
f133299dc49c2bf2,0.26489150125039074
9542ec8d29575b20,0.7621948590705429
6e476b773a15e2f7,0.31529480176096697
c468f0fe05876276,0.30418905387100137
1bdf15bc47508221,0.6509393352089194
687b1d6eaf1bb287,0.6648225044284671
fc8590ee9d55c5db,0.2675285740335521
a4379a3efec7361a,0.18308878555798688
30a2e56d4d608b28,0.616973494321142
4b400d52635e28ff,0.8966725539231011
992d4d4846551047,0.696390205272481
b91c089133d42f62,0.4727833880379285
c98879c523da912b,0.2998127292383036
7c8f510d8af822b4,0.6415942091278524
9d674a6212b3431c,0.3602368487548192
d3da05b2f284cb87,0.4563587970199021
853ab873686c227e,0.7366178037407523
ee0d55e13012503e,0.22921252474731688
fed761caa06202e1,0.2953681567156403
7750406f980f78c8,0.6995402117849328
e8770d9a28fdaeaf,0.824384661873502
4025856444b9ab51,0.3417331991768261
1d0cc87631f52974,0.8513081731270188
f87d2af1aa151b69,0.4140453188496405
e2746f6359714da0,0.460399571480671
6b20c519964ca8fe,0.3430434784307596
ac0ef70a6dbe1ce0,0.16859392127748252
29219b6baa3ffa60,0.524627709179952
ef5245dc0733939e,0.4845058364593102
26d625d3997169dc,0.3146256707825362
ff9580c0b2b1a370,0.7557346879233093
bdad383d41eac454,0.2080887373658435
a6bebd6247dce4a2,0.7361792278837137
846ab5063b60d099,0.8217238954881734
1e342d4cd0cd2bac,0.5393568315619464
b111d554bd56dcf7,0.515896278785037
9ddbb649643fc0ee,0.7880500338647494
0dc9c8998b42da67,0.7416801461394187
80444594c0d4b5b8,0.498824985672606
9bf8b2752ad4d752,0.8007499973950193
794812675f553fb1,0.6028489137230384
c60c7cf09844c202,0.6096991416588518
06559b4012a85953,0.273027446076899
dde7362e34a81ac2,0.5575740465770553
fa1ccff8a7481b47,0.7450598168698551
89c1eb286bad23b4,0.18428269250807544
b389067306356b78,0.6071865999791601
a4328554fc4a45e3,0.6462124583203084
fe2ff0422ecd1440,0.37870953032197563
e1f0e9e0dd1f6a8e,0.575871707304366
e431bdc8db1622e3,0.5179045743461499
54d5ddd4fde3db7e,0.18801209362300716
d6a2262fc314d2a8,0.4204667005314161
e7039d9ed0ec0c39,0.20525303219756175
357fb25344e0d8ef,0.42191941231634883
8479ceedf945cd0b,0.55776062701886
30e12f447d932d19,0.5926324528498489
a33acfadc007c5d3,0.7388076234760862
32b72fee7f2bc37f,0.36635692534125247
e2ef0cf7c0138e95,0.7440028550588725
c53a5098d3feab43,0.6930838504220069
2d1a504956a9bc59,0.2245645839845785
5b9d63bb61f11842,0.39440094170053147
f8fbcd4440a074e6,0.6402620337084506
c18b0ab8490d1c66,0.5502185878399499
18cc6b0ca558d790,0.7553573968427634
c78d6d8adb708879,0.20897713087423153
928fe114a90feded,0.6799336915181827
806b11fae1f6bd45,0.40755884521204544
ac8d5b4456a25f98,0.36875187298113987
0de3b4e998fb61e4,0.26616164426383243
0344ee3e70daaee8,0.6164787199124726
9459a694f708e7cc,0.20577443211420235
f8f24bc3cf3562cb,0.3978316440033344
fca0d01a476eb58c,0.3397211719808273
ef25fb3354e1c732,0.6433447744086694
83ce56a22c714f81,0.8082780035427739
781864846ec190fd,0.4300023353652183
99c27791616e6a14,0.5908783903824112
f00a56545441ae1e,0.3519376784411795
160c77c56d0bc3b3,0.2385051591643222
6bc7f7e6a8dbe398,0.4595364150255288
565c31dc34339cb6,0.7544913162967596
d47a57dc58d8cfca,0.5699310513702198
7d91fd093f331634,0.8007854199228925
a33fd6143896a064,0.19759302907158485
af6776fae916125c,0.8250510966968845
eb63791dfd566fd7,0.6832762777430448
fd94632e98a57fd7,0.748386451495259
7afa48755b2905cd,0.7997992823278107
cbfe89a23b516339,0.5985149669167448
bc9eb4d602b27458,0.473231977440867
fb8b7e3482eaa33f,0.4227970042721684
0d172dce11eeef53,0.37430902756069606
6cb7efe2f15a8b1f,0.474756040950297
0b234c8955fa5560,0.22398109825987286
1564bc14da2389b8,0.7314481283213505
11d440c4ffeb2e60,0.36289703032197557
fa46240b99291663,0.6445393326039387
52eb5978e0a48397,0.7562189668646453
bb2cb3fc47f785b4,0.6961544792643535
bd402ae2e81bc456,0.3918100135458998
5b2c73c3c2fab67b,0.15176061529644677
558785e2cd64bd4e,0.8191965913827237
d8d0cdd0e630be6e,0.858348822548713
54a5cf67504e37cf,0.5685270878920496
b7225c4787addde6,0.361648663644889
2e444cb3f4217098,0.35793811738043135
ae6ea7b6c44fe6f5,0.6722157184536834
8917e3ac1e161b77,0.41442373528185894
ca8e1b8f4b045be2,0.839406405647598
b16a002c43cda488,0.7575022220485569
38988311c0c8e2b7,0.6782875091174325
40ac9a289f991b8c,0.5079814108575595
83dbe87c0f3ff118,0.5344535571011775
d8412746401ef6ff,0.254468141085756
95a1b17435300c3e,0.5748341747421069
9576e0a63d76b324,0.37926813848077523
8e43c1faf8514a42,0.2022122824841096
64462847893bb0c3,0.6768564264874439
2e8d60596fe0288d,0.2328449788996561
e3064eb18f25f417,0.7493721032614358
5c24da1b9f2ac392,0.2186143339064291
ad26aaf8f4bdaf41,0.5428926891216005
a21097bbd8645f25,0.2523289178910076
cffe1ff942479449,0.2522611883922059
39170ff154aa8058,0.6592149864541003
0e2b77f6fe4d94af,0.8020384768677712
4fb4ed274c87cfd9,0.30345207226216525
dbe218b606bf3cff,0.5809931319683235
b1ff3f405ab15e62,0.42816149708242157
b77bd0eb977bfde6,0.15506327498176514
c65c01d13c9051fb,0.7290019315932063
9f7d2bd32579e9b3,0.43501968974679583
1d42bbb95380256d,0.6740437636761488
799c5bdb519f3962,0.532966131343128
af54b26cbb15ae3e,0.47871637100135456
9ce958c47b1e7d3c,0.634298677972283
d39bba0520b226fe,0.41719902052724817
c4923735c16e8881,0.15797047645097423
43506b20fd8ac430,0.4158947392414295
685b0ab35ff084e8,0.7777815645514223
03212fcbf4fcc22d,0.7131266723976243
7aff26a87411e8ee,0.7388376953735544
9af789cec1453f89,0.2845715457955611
41f2ebd04afb728d,0.7003618422423675
a3a3009c55baa210,0.8384200192768573
688382bd40810598,0.4946864475877879
42cce10beb6c55b1,0.2946753178076482
59fe211f9aa2b83d,0.6533589546212357
86466c925086fe3c,0.7810278055642388
cd36f54626e83a21,0.31489651062832136
ded728c05e20539a,0.6713531194644159
0c7fd3a164040b3f,0.7058650606960509
614f526f552a972f,0.33622449072626864
cf076cf42abbd2a6,0.3598972790976347
e20135d1136fb289,0.3585238967906637
2b40340f15b07950,0.7028565072418465
92ea7f3ec80af25f,0.6798845980514745
1de6db095fe81c3a,0.6837018169740544
e13432ce761076fd,0.5284219717099093
ae126eb3da41487a,0.2785437675836199
05436df37c119ff6,0.6885351711472335
b9203ce854a26300,0.46450547566948003
e39f8336b7fa1f6e,0.7163846644784828
2d031b0318ea5a02,0.46910292409086174
54304b5c419290ad,0.26358231999583204
e9b3e8a0a4077e28,0.1956343453683443
1dced917867d765e,0.7316798452641451
c004a070a93054de,0.7978796134208606
3fa194a91f4562c5,0.4338103378659998
76d5a2300ca56933,0.2548937415338126
993bd3c445b80c92,0.5819007867041784
16eff5adf0cf07a9,0.7724681983953319
19f4c91cd1038cc8,0.31343919974992185
4ace42dbd199d1b2,0.40877211237886835
8232534ba45ef07e,0.6518057517974366
a2eb06ecbdb56bd2,0.27189729993748046
e33ca091fb503e03,0.6063217060018755
8b65603997a5d0ae,0.36193081952693545
c4702fc1a3b838e1,0.413709315411066
0a2ca915437c9a04,0.2383817586224862
6e4d60a1e5913350,0.32116089142440346
0eb4def034c0e542,0.8029008322913409
0dc7bc6ce45f37c8,0.24975671564030422
69c1bc9b1691880f,0.5815861271751588
249619e3bba248c5,0.5336348194748358
8a0925f386616243,0.533497049859331
c609c9019d1d7b32,0.7011208307283526
dea132cdd56b9c8f,0.7353869568615192
24c6ff18b883edd2,0.8167667604459727
06ea151cc4ea5974,0.28324745493383346
dde1072c2340c07c,0.23960391268104614
bf6234d11406ea49,0.4357981009690528
610c0fee53d0cf9e,0.7455757541419192
fc0691273040fddb,0.6405374635302699
46bbaf2bcdf5a362,0.5786974562363238
6f4198d004803569,0.4127972361154527
3f726ca9a49e022b,0.3344989710326144
2263ab08ec01d546,0.25632641450453264
dc2a61d22023b42b,0.7931398041054497
9cb03c429bd54976,0.18362530738772534
d3d5427c6c9640bd,0.740395691361884
a356aac05b7d44bf,0.3421448747004272
2c28820cf1ae8254,0.7337257971241014
cf49994228b74e3d,0.4084488485985204
ea984ee0501b30dd,0.5106064343023862
3639d96562366ada,0.2102533317703449
007d989968211b0c,0.33666321897467966
47b004a1df7ac9c9,0.4633166549442534
f09cbcb79049a436,0.7265561946441597
d3e17fc998bf6787,0.5290589181515056
0c6c8663f624c58e,0.3025651284255496
52720efef03dc54f,0.7689736883922058
c6a5cca33f57da61,0.390183242159008
b1208369a0074122,0.3871194761383765
b0563e971ad0dbda,0.21935130900281338
a0bb9373f1dff1b6,0.7027971241012816
607b5d747f350fa9,0.7494374179431073
8945214e2c9cda71,0.7738549755131813
7fdea294906af44c,0.704408566479108
1f3c2f31d844d10a,0.19857500651245183
248eb5a4a5179bb0,0.8166830311555695
f7522ca250fc8477,0.4117852688340107
3ac3d9675fc09e64,0.5692213321871418
b65116a131be84cf,0.7506839246639575
7cba939dfaa4fb1c,0.7228619008544336
4e484a321de70373,0.6295102427842033
48c00464ee810da7,0.7568437740960717
11c760a8108e0ab5,0.7562132945191206
4ece5849758d2bbf,0.43195879832239237
2d34cfaba66dade6,0.7701962410128166
597b3aa023ec1731,0.16853738277586744
65e095698c6b2018,0.6752637647181411
d4685373bfa64d8c,0.35458859799937487
b2a24aac339b046a,0.47133046264457645
d018e1502c830522,0.7368805551213922
b4a5d705266bfd48,0.42993261826612483
1bc1ad21db736edf,0.471447676357195
3584862144963b16,0.3933346827133479
64acc3b4a0341a38,0.24749340809628007
ae1b7c2913418b6f,0.1830919844743149
5ff184c18b029b7c,0.32575776805251644
d407cc2c1f68ef5b,0.7361308807439826
10610f40d2c4beb2,0.2741245610607482
a8e72b280bf38b81,0.4178226268625612
4802ee9701571a2d,0.8044518651661977
c0ba503ad79cb130,0.8135993800145879
a428e18a2571696e,0.5000460912264248
d973ea3bf88a0f3e,0.6335857468479734
cca48a6fecdefbfd,0.5263564929144524
387eb4b1c9690ed5,0.2820478183286444
f9b045f246df515e,0.7218556254558715
b8aa274fe0062de8,0.8188059419610296
9d67fee3adf9e1fb,0.6926986870897155
3196cf2ddaa8893c,0.6858502539856205
c6cb67394ff79930,0.6159975604355529
b713b9f13a1a825f,0.5089275281337917
0c55301e8a9a0e8b,0.7710208945503805
06cf6a66edc51d64,0.7875371222777952
73877568d5adcb7f,0.23371874413879334
6e713b6c6d9ff701,0.6559745779931228
35b98290788b0e15,0.7691131681775555
c1699d21d21f249c,0.4245616885485047
4d4b1f0d9defbbe6,0.7738906806814629
c1eb4bc9fb4e0c7f,0.5849540207877462
ac64ea4bb93cb2ae,0.6407908760550172
a6c0198d0ade9eda,0.7188304939043451
4ee5d36590d4f29e,0.5421750729394603
39d7718a5529cc62,0.21715182609148692
4f6e36e222d122b1,0.4320129376367614
f7b65c4533428cbf,0.8054633570386579
32839e57f8e1ec72,0.5467091955819526
0a631a26c3a1a8ef,0.6880626328540168
42ae365efff05b84,0.35235976216526
aaf16c83ac07884a,0.6397731713035324
e3fe57ec38bc0cae,0.4264920587162655
a269d748b94103bf,0.3952775763259352
29320c0461eae48c,0.22580854042930085
98b75056b390e87d,0.7569628725122435
a18aa53890bd84ac,0.6991610255809106
fc5a2a2354cb11ed,0.32760619464415963
912408725cfa628f,0.5027305499114306
6453b1a068b68ddb,0.7156586407210587
d95e854d614ff5a3,0.6313719808273419
85a79337144b2a84,0.46107946623944973
b5e18d3eb66f6250,0.2446164712931124
3b90fc3f1087e3d5,0.2089817455975826
36f89bae0e5df26e,0.5902383453162446
7de9a21c9a6df7bc,0.7917926344170053
4ad662d48155a76d,0.6585149174221111
1016d05cc8d07dfe,0.46414966135250607
b0a028857d9a81dd,0.5718306358757945
c7da65ddda5ab002,0.7170879845264145
8faf1048140782ab,0.5027286404605606
d0f1cbe5f5c2cc97,0.7459643078566218
766a85256e2db000,0.272619077576326
83f8495a5ff0fc2d,0.23957650698134833
a57ac84facc6651c,0.7837639223194748
3e18333d2d1812a0,0.33694020396999064
2e2c93c0b28242d7,0.6869066440033343
290025e556e7a964,0.36148450166718765
34abf7197c7817bf,0.508700969052829
4c990af23095a8ad,0.813258530009378
b30f0e7ab6ef02e6,0.6817483523496926
955f054ef8ac2a98,0.835583332030843
efdde8377abe8fe4,0.5683325687714912
cbfaa9b940f4c2cf,0.6996955155256851
51e64153531937a9,0.773530641085756
3b7b80317148399b,0.731508656350943
b1de8383db45dfc8,0.6452203605293321
0d3f9429ecf4d4c2,0.20666645566322808
c4499c39e29ecf53,0.39478813431280607
7800f7a3f936332b,0.21554903876211318
b837532e3fdf4a50,0.4508703826716683
c681da0099cefd6a,0.31082942195477753
c7acb3b5705e68f2,0.25955141841200374
7072f5cd32c791ed,0.7490889613941858
00b5216b2f2dfa33,0.762255400125039
b2ae02f82d15b4ad,0.5244243604772325
5ddd4c1db54b9114,0.4144247499218506
3e6fa59b53549aa5,0.43375516046681256
6b853eda68180bf6,0.7179898249452954
0ee247af650122c3,0.8396847322079817
9e2c6c5193f21067,0.25486351854746275
6cb5b3e20565dfc2,0.821157366885485
dedaeeed301662dc,0.35128742836303006
7244a91f3ecd611f,0.2788251602063145
d5447b494619e05f,0.5168528251015944
d114e64d8dfca5ca,0.24652285740335517
762e061721ae89c2,0.2763564772845681
0359613691f7c01f,0.5374197639887465
ca90a47bd789f6fd,0.6752731999583204
b43584123f43b018,0.5066051409294571
0770e000ee552df7,0.6964617354381577
b396a1df0d592f4f,0.41440374075231845
51ffd9a173cdec87,0.8439025606960509
38e628d583de2dcc,0.2819216343649057
5e444909efb4f076,0.47680919818693335
147047e5cda600ea,0.7120344170053142
02f5e786b6ca732f,0.293168051213921
b29abac474eba51d,0.7621979394602479
14f09256775b5595,0.6112088022298635
4132a178395f2d42,0.7580862978013965
3ecf5a5ba7668082,0.2894317885797645
f7b8ef9f4baa3954,0.8213483523496926
344ae6cefc6e5e28,0.19080747108471396
9f8993a4d3fd8c66,0.4896118318224446
02fb2d64b2963430,0.5671553180681463
cc3e88fc10db73fd,0.7220037654996352
e1b25ee0d1bded29,0.6776010511097219
6811aeda7c48195f,0.5606649682192351
2caefea2089d3348,0.7454907158487026
06624c42e6f173c4,0.8208448356257164
18d0862452891d30,0.7222994868187975
aeff78b9acbf4d71,0.45724424820256326
3c4fb720d11f542d,0.302832489319579
ccf649ea4bfee844,0.46740548999687404
72bca5a449e85cd9,0.22366608575596542
fd6a74697a1a9ec1,0.20269455819526933
a629bcd8e7727428,0.3347664830155257
4234c32600399d7b,0.752166545535063
dbf0f354d6059039,0.2561502070959675
3807b180f301e7e0,0.5266649695217256
5cff8cd0dc4c326d,0.45889630613733456
a28550e03a14c9e2,0.754863497707617
244915cbbfabaa93,0.2466844691049286
f5d28c37e1483258,0.4422376628112952
625d0351dedf957b,0.6325518977284568
daa98d98f6971d07,0.4871072496613525
aac141e3478df5f8,0.450333505262061
6e2d6b44bfbd409b,0.6951787212149633
34a46acb36dc8ef8,0.3826862365843493
f709bf78e6f0fe9a,0.3869898106179014
573ce0864f1f1a1e,0.37892212019381055
d6421a369f95b35a,0.5589305381890175
6c74b5b293b1b97b,0.3029083476607273
51cf0713d5fbc070,0.6426660479837449
062ba7304652bc27,0.3942482807127228
930853397c388814,0.26263020475148485
2e48c840c19e48bf,0.5397646452016256
2a51f116e23cffb3,0.6553775737209545
070669d7057f8aa5,0.7883483262998855
967936eb15802a83,0.5231275763259351
83ec0a0ff919a926,0.36827473559445656
a35f4a25719a4b95,0.23747694201312908
e646bad2986e850e,0.6399324528498489
8b488afbcc578dfc,0.5729848689694697
13ea6594c14a4026,0.42154401635927896
d0e536523f93f64c,0.4002889236219651
0e5ca22bcfd8c5db,0.8603373267687819
9fb1e891c08b715f,0.15304285453787642
7199fd0ada65fcc2,0.4457384182557049
2275f9dac244010e,0.1822715197457539
24e5ed05f908296f,0.37099894498280717
6cb602b86bec19a4,0.6379935018755861
9325343b0fd3d676,0.3921702172553923
644e5f81463951ba,0.49831969756173805
37046a2dda9e5889,0.6406220720016672
c7df199599dc296d,0.5136716226424924
54e463d760c0c6af,0.22040701651557779
9bde8f101bdb4095,0.5359325062519538
bc5c320666ed7ca3,0.27584803844951544
4e44d72109230bfd,0.6068522780556423
235aebae2ca0d45e,0.7782077393977285
55a1d48711c4359f,0.36410803506304057
c1ec685fcc48d91e,0.6030131981348338
a51c93906bd78ab7,0.5577290286026884
207c0a6423cf7a33,0.5101470576742732
c7693bad80c482e1,0.5719848963217673
36b92309f6e5618a,0.520653223663645
26ee6d56130da0fc,0.6190552959258102
587c7d36156381d1,0.3712561125872669
50d432d2b52052b2,0.489108054600396
b738afb14f60d587,0.8450779240908617
1157c08c11e901e9,0.6829094599874961
cfaea6958357ef1d,0.45746875065124526
d8b3ec80ec080d08,0.7400094508700636
809c8f80468b1337,0.5032515369386267
1bdded460bb636a5,0.7700697262165261
96cc52a1a3f13e6b,0.44427789022611236
c97a25af08369f73,0.25207760107325206
0de5d7bc5b46bdc6,0.36426337918099405
c6eca151f8576037,0.4620265994581641
7ef7f606745e05ec,0.1724288501615088
c5ea9ba7fa065f8d,0.842555604616026
63142c0d75cf9aa4,0.14782592997811816
c396e609d01a9bcc,0.20238683312493488
7c9db70c27860a32,0.5524267257997291
8dd4bb6eda603b43,0.37967740048973636
d5eb724b5ea43bba,0.7266079386787537
e7e9bc7d5e2e5674,0.6320753764197145
24b3176d5020b612,0.686794532145462
6fed295aff782896,0.8005524252370533
12d17a3ef6b47faa,0.7832083658955924
2c550aa9cd671368,0.2919521478066062
df00e28247baf9ff,0.607768512295509
9449a45c9d7b914f,0.34707037094925497
9a8393310d9b352a,0.563059611076378
e1b1b6a194b4b1d6,0.3550777443471918
7097d3e397e94525,0.32397812467437737
e3d1f895e94e8bbf,0.6131709909346671
6c46ce4b2303ecb9,0.5047629558716265
999760aff655cfad,0.2690260185474627
6d526f4593563124,0.49489278680837767
467801b5de42246d,0.647171462436178
81c9cccf75c1503c,0.3292719873397936
bd1aa64c7a5dcc06,0.23461959857247056
df1a75c489d95957,0.2642582460664791
7e6ebb5b237b817e,0.3423020514223195
1aeecba2c7866fb9,0.6256162733145775
14269028868b89d2,0.33458579634260704
5ec456826b243dcb,0.3961269732728978
e574a546f8e193c1,0.7750089116390539
b0ce65cf243f3ae1,0.6690502461706782
8b8e8a00e6e1fdc9,0.29074689095550693
4a87b2b000e87686,0.6845565189642597
1175204fe5f8cb6b,0.37357156793789725
50a79bbfcd719a29,0.6245483419297697
0d8c215cc600c1f5,0.4705222817026154
3ceb989ec05cb0ef,0.7387384638428676
c7ea3f3ae516dbc5,0.23229528758987184
060631dc9f8845f2,0.6183242966552047
4ccc3fe421151149,0.37213608028550593
fd51240f58f2ec0a,0.20964506486402
9bb25b00d30f4ce0,0.2189648041054496
1e633867010ad35c,0.33157835000520997
90da0c9b099080e2,0.5307851998020214
f3ba8015df41ef05,0.6222711928206732
7006c751c11cdc01,0.506114052568511
db5b922ab7ac849c,0.3204144693654267
8ed9c5e3ceb94d30,0.5167371535375638
32bc573af0d063e6,0.314652968375534
b6f5ace9b32140b2,0.7875510706470773
2acea7857a236b62,0.540883382827967
2dd5886a7dff0caf,0.6573460182869646
cec7e9631578eacf,0.7418637803480254
aa1276a52bb96bae,0.679401289465458
f90658bc8d521271,0.642302935813275
8b65638e31a74f80,0.5333868279149734
233d4e0eb18d8449,0.7376740986766698
95e779988eaf54f9,0.5598904410232364
ce033e0586a41f4e,0.35617753464624363
29007abfebc6bd71,0.494332150672085
37555eedf932eb41,0.45036147363759504
43f0b7fdd64e4d62,0.40594144654579556
48d11190742f10b8,0.8077873827758675
54167e2d347acd9f,0.16207317911847452
adf2b2540dad8766,0.6938022363759507
aa4854b6b5329860,0.7877760393873086
371dbcc2d3dab4d7,0.48754834192976976
29fd5cd58cb38dfb,0.848363630561634
276d786a03dacf69,0.42966743513598005
90290aaf619cb77b,0.3543551292070439
80904c6eddcf06db,0.2777128725122434
5232eeb9a1fa8f60,0.6539356413462541
6205daeed9459b81,0.3556038267166823
6b4abc5da4e3aad2,0.6382440879962488
ecce281c5f6153c3,0.7544156715640304
926feb1c20abd0b8,0.10670714676461393
64874c60d39dc86d,0.7994799155986245
1868aaf30c77d6e0,0.5531834010628321
52e964be6dd475ed,0.8850688105658018
4404ade20ca8acab,0.8303411157132436
f6bbde7cdf6430cf,0.82658548244243
6f9ac9a8227bf174,0.7939579842659165
e4afa0c3ef07f2b8,0.3659365843492759
a85d4f04f63f1f8b,0.26474430290715845
7f3411e87c2708d7,0.5165077680525164
5be924d7d731a308,0.4592698512556007
41ea202bf96f7295,0.3956591226424925
e7d3e68c097838d3,0.7761469026779202
c21ded045b04b1d7,0.3822734135667396
a87de56d4f2dc966,0.20777802698760026
b073cc5a7d5d1fc4,0.45731374387829526
cdbbb57088163b02,0.3395488577159529
97a093dfe9e1eb64,0.7399693953839742
68aafe54d00b3081,0.5569023926747942
dca611f4099c1df7,0.3034322835261019
068c9856fb6bfd0f,0.20659067286652077
ccec2927e56ab3d2,0.17778231218088988
f4239e382087c8d0,0.7312019615504846
a37f1921e2ae64c3,0.46447877982702923
abc7d40ccad7d04c,0.17915964363863707
7be1ba405f826136,0.7641005730957591
82f1ae3eff7b57d1,0.3969837149630092
64bcb6835fcb93ff,0.8381881043555278
8a7d498479d37ffe,0.47713889757215794
ddd893f6f7c67340,0.23731628243200997
63438b2313c7cb87,0.34157566166510367
