id,label
6403a3f8d07557bc,0.08277158107860885
1b1d097ff5b144e1,0.0749278566701835
08c7c3c71a02ca8a,0.15635082811320908
7f09e9039629a38a,0.09136471575782688
1fecfdee265e685f,0.1566941473129107
2b1b1ab99f54e1a7,0.09723764687651786
f893cdb025b56c89,0.1302436931751086
84466d5fc69b1dd1,0.14005287537498828
e0f419be2a81cbff,0.06788175209748926
d9e55e1259c7c29e,0.15397587842027116
602d7f4b0882ec4b,0.12767247227706688
67f2f87cc129d7da,0.13967209919250953
eec96ea0e1c9f7cf,0.032609486430561156
d85127e773ec4820,0.1288833234246169
9e96822b06b0f7f3,0.06035051520118975
c6489148a3f9498b,0.10245622192848619
ad5ca801b22a4eb2,0.03853498523920469
22e01b671e9f12bc,0.08020466610915007
4953dbf3e113fbdc,0.04693466028854279
95397470f084bc6e,0.3871243411300345
ff39045f375a9792,0.05958376722569425
893575902a76b6bf,0.0653335415653133
4d9211d2b44f7d9f,0.07837546068444405
8205441451789e41,0.0327401280672341
5ade617aad761daa,0.3473879549651602
7d8bd74eaaf831a8,0.13127060931826173
3a4abb16616fb838,0.0448047145210149
6e14ae545a54ec6b,0.1556059571551004
a6d127f7b7a19a79,0.13216891918784796
e29e33c4a6eaf6fb,0.10099556046230526
42b296aec3a400d2,0.08982679510957826
238a42187f0c12de,0.06676932465466849
4c99d80ab952e272,0.13732050668440893
ef909ea8db65784b,0.12875009686377775
53283f9869842cd5,0.1941636486665764
fa99ef0b96b51157,0.12117126959409444
3cdaa31c37582a6d,0.1844826332377451
e007009eea08f15e,0.08468691971757777
e46769b586a6b83b,0.14571437684769398
c77497b63a864028,0.06320388745388608
bceeb0086c625fac,0.046821012276916846
5abf8e5791e5fa94,0.19884694874754322
0b7d89ea3694651f,0.1423927090770477
ce60477eea0a9007,0.22130752313897928
847baeeadbaba41a,0.08937020381425295
aefefeee7da6b616,0.1446589592954985
321cc4b04985f915,0.09316281707348414
590cfafdd102ec19,0.10666757816974293
0a3027ad8dd82438,0.051297795182526876
01e58c9ae88cd390,0.046700678279307475
8f5eb2d903aad722,0.06928746592574002
3f1b90f008fcd5d0,0.16325717048574043
9e55098b34909114,0.1560469011454403
ed3723d6f0b305ec,0.11208790875595603
e1d77367315c8c64,0.07163206117285802
b97a34687794c3cc,0.04231196879896817
2d9a8bda25c031b1,0.04959261661924104
367427e76fbb967a,0.11688137931676203
2d1de7cf3363aa2c,0.05027903457757298
d69cf5bc1f0112f9,0.046224410699885095
2a75c552e6a0103c,0.17009725706184725
943114c642b7e30a,0.05919091014910585
5f4258edf6c1b382,0.050428790395662795
ff0a817eba03cc6b,0.1455226171060225
c77fe2a4fb942f02,0.15461822745763218
df587d726667a5fb,0.1255024405646193
8c09d6fdeb48dfe5,0.0444845685681884
564e16bfb829c7a8,0.035040222069072376
e592482dff2b62bb,0.03924346629944292
33319a7020313788,0.1416761382493003
4700a73d634e28f5,0.19875612778605337
e5d9aee597bb4052,0.06661554356930809
b93533776029ab4e,0.19602413174540959
e9274894e7ca5d48,0.030380254976734362
37e126228f093cb2,0.050409774773247026
ee5e8daf19a62436,0.1974726821637891
5c2af7cb33fcb9b8,0.09228901175635831
dd6cf914fd458758,0.04429244835136058
7943edf1ba3d08c4,0.06158722049283494
50dccf68b6d84c9a,0.06381665144312376
71b1d024ea8e0791,0.08860131097479447
a8ccfbc903739855,0.05221847216879204
bbf9130a10bb2e61,0.03748675622003976
41a2cd1fb3af1f62,0.09983748000479521
e5b00c5e94bb1efc,0.10418617424239338
8a2951b875e32f95,0.044890311674304004
4b4241c32f2ae2c3,0.05854081781606703
8beed49416c057b7,0.07503361911205242
1cc185c7cde5f29e,0.17105269144224935
635d0e269bd151c8,0.03584723315611249
9eb98f9a7202dfe8,0.038105775070047025
c224615f7e3ecda9,0.0413701654729078
f93a14286735bede,0.06633060223794249
c118092c44e808f2,0.12465586318920638
0972b7359cd12fb8,0.03554724964617806
22318b12ec6eb14f,0.1385671489350422
9c92d4068021c258,0.17685579266574242
053aaf6bcba9464c,0.07213707635463519
966f0341c7d1f5bb,0.0649204241932358
624826d8d4f7d476,0.0737411675424492
250e83ae550b1992,0.2376807030042839
9ff420d30b835836,0.16726661971363518
f74cb9754e9ea82c,0.08532395391886999
8ab5a2752e698725,0.043770178140417844
56957aca1f34dcea,0.12496178838277956
a6c0cf21bf0a1be2,0.029986375023325625
427e6266110ac72a,0.17634993418550596
7b84fe626f3ebccc,0.12878623942722955
6abd9ee5808aa267,0.06736546165057665
15aaf86082111e4c,0.14751046935168882
afb1bcdc94b9bce3,0.034119802433172086
93a337e7b4fedfd4,0.08388280064793292
cddee4f1517d9dd4,0.08046675026318799
755140c7bd8e7223,0.1012058600225534
0ae88cec371ee0f0,0.037128754671832576
08a9f02754051fc8,0.17441435625222562
4bab179b9218d454,0.07980399782038158
2af9aad0b831d3ec,0.03456511081806084
7d330fd87e35ee09,0.10194874438701496
d79f0de699294b3b,0.12272554529245261
652a8c0826eb2609,0.115917702562191
2ae2ef63a2565c3d,0.14617082902307513
1bcffad3764f7c4a,0.06579986771282802
707e78f41fd82174,0.051541773316954045
e4824a55ce76b702,0.040429015560714016
993182bb80730c31,0.11360952458060987
dd67c105d030f636,0.1427658452257568
3dc4dceeeecb58eb,0.13213256011195176
90a67d119116b976,0.1338254707342223
a483f8d40e026f5d,0.03417219041363674
3d24648e710fafb4,0.06178152025666583
9104c44e8910b122,0.043218170164644465
47b77ad7aec9f1dd,0.05657144706369775
a66cc4155a0edaca,0.11254847768298894
1f4dcc29503e1a4d,0.1015998492354396
0a295834d6044914,0.06552802113738466
bdce8615df21ee2f,0.03393630203175171
694b4d3b1ed04c61,0.041634544517757284
ffd75ff5c92f624d,0.1238455204089981
717e992041e77d9a,0.1260956635586235
eb5157274916100f,0.12283726990413874
b77c5c610fc74da8,0.04608241112464481
41d2ba14e653bbad,0.13022272965584614
f2b612c9be07aabe,0.10456424121805485
3451e892c310a998,0.0885128354780966
2ab24c04722d8bf6,0.05123796694939378
38ded7c17115e7e6,0.186987295524847
afed8219aa70efeb,0.08874319641443978
1e9c4d7d2de01fba,0.10817135058487412
c1bda90e9a3b9ec3,0.07191528722169493
d406fda410e7c177,0.1911254804071541
f49753bbcfabdaff,0.09270246422926107
4daee2e232e58a56,0.19268817210603356
858a9c1611f558cb,0.09435577344967314
05b0a9e8b1444d99,0.08318421606219517
8b2ac5da79a42e4a,0.1635685229617346
222fc0675ea28b67,0.04402811965836561
77cb5f88dff15921,0.10679635326901661
947d5752d88dc00c,0.19689112257239869
309a531dddebb471,0.15570756078690326
7e5f9d7d0cdf5a81,0.04756282486622979
6dfe2ff41e67b01d,0.08032754635898683
9a51f7696f388499,0.08763417625782008
9c5cb5a9b9b2b4cb,0.1467726102996569
bc7e89abddb2aa54,0.7204932874787433
5d3eff0bafcd186f,0.13312048366576526
d592e9d5579075d5,0.057466534601997965
475f765f9fa22959,0.1686323184012255
71d36204d6040aaa,0.15279440274344222
78119b8ffb9aa8ab,0.04177852147193006
09d1e9b9b858fe18,0.12377376691931796
ba5f5f59e3b0b755,0.1568597771341647
3b7344f40bf64734,0.09828499503441343
1f72c876a5e3738a,0.13463222709032815
86262f7438a90d1d,0.082049655693577
3f6e10ed3e6a6303,0.2631354710237705
ada42e94aae1a58f,0.1679253707730552
b5320e4cd134414b,0.09666933808197412
ef83ac91e80ddd9d,0.07200146752334811
b8a457f0c9f14bef,0.0761625314358088
74947cda3decdbb1,0.09588078271772268
a39392c735bde1ac,0.07568547286751076
afb321701a74d5b0,0.04187975712365245
df401b9701e04299,0.052771787257888676
c9b67772b4c4f44b,0.15583001104303632
b5665177cd7b6c5d,0.028871932136102577
1d621e5fa6b0c45f,0.06978077566335271
2d595ec6f4c2524c,0.07697413534303402
6a96a53512d24696,0.05742926932891175
b3a68808640b25da,0.0448979509812788
cd9f2b2346e70af7,0.052140251324413286
d78d162e0d903e67,0.1763663853988625
512b0444982361f4,0.1564646093127375
36f4f9a58e05409e,0.06109657234256553
e4b4fc878504822b,0.0924239958103287
d2c6c32ea3387653,0.03532032545283527
62d5596d1fe892ad,0.21585453690041748
8756eb85074bbf32,0.05108719206363248
9120f37fb674d8d5,0.0855719489058989
ad529a51765d4ec3,0.060759687951315894
f5e98c69a45e4a76,0.18298987090231048
4e8ecc5a6ef67336,0.08551790826793973
e26f37d892f837e3,0.13622092448944614
377bd33e8a9d5e7b,0.06845595961069409
7277e822016a05a5,0.1494492074192027
94fed9a4092a19bd,0.08679100423846386
28d304cf97ca614c,0.11756233793540985
5a5195df47e373d6,0.038059802932877265
ebc9acfa1d364336,0.04442581021163143
5d76c6de5ee62843,0.10680509343372038
511d1dd15e99184d,0.10953382004618528
b6d744f202fb4a14,0.1238640949450222
43c3e8abee7ceeda,0.12670979675300287
41afcd725afd0bb9,0.09912416343413837
bd4f0c1a61da90cc,0.2579420543865172
ac5e8e6812e3a526,0.1313092535833959
61843635f4d407cc,0.15624549292841558
d643d4e6d84db59f,0.1344960773875598
5c0b8bce49a0a773,0.14409008858109973
7c6020b2e5dae41a,0.11428851384619983
4a6f26c4ccfa8a2a,0.05164047311071918
f5ff436197b8129d,0.10047310086863209
27b8587241bf56d8,0.06412419481588295
a198a7b963854e6e,0.042739102943175955
8661667952751501,0.16025856576028755
282a1321ef8c1306,0.08260333583783538
db3dd0b21b03ce9e,0.1286614871166105
3bdc9a83d65a78f8,0.11300363139896348
2983651d59dfaedd,0.14137932959786956
ba2be23d69668658,0.05591592515141067
89d58eb00d13e4fd,0.06316523084878178
d2caeec36f4769a6,0.08222663500398267
dc23c7fae5f57288,0.06119115506658458
c6e284593c89d176,0.12295842391468376
523464c4f48eb02d,0.2124354362734733
cc7624fbfc77736e,0.16126952381766868
6b0c371df7cfc676,0.11488272111591627
986e8a5497d243a9,0.17421921299895415
0880ed3a1a77013a,0.13278697822892657
791d60ceeffd7ccc,0.1971666866457255
1fb2b452cb819b3a,0.15434238890585059
6e683e5731d8aac7,0.10108978660706196
d752f92de2b858c1,0.06107968655403527
91654f6c88bcc480,0.06809225843050418
308caeebcc6bc059,0.06707558191495244
0a092e2b8c9c06c5,0.1180711134911965
e29749c7cbb0ef48,0.04436240374317539
02521319f8872bf9,0.042497557648110904
f699494da66c4efe,0.10876859091415929
060f874ec99eadc4,0.09312836662673725
1a2ea8a74fd54c2b,0.09894141332248874
a98b83e132c75465,0.04177340221829347
0fe8ca7c247fab07,0.10982647685418445
c8d9bcea59632f23,0.10954514159062631
0ab0d9c2a040f32e,0.048695562186879746
a03fc647d8141fd3,0.19263688541094834
1036e1cd53a850ec,0.05088555774893123
519d3f96c9895253,0.04155841804901409
28df6bdb66f8e09b,0.23235898514868947
89713786047cfd0e,0.10560132948979084
6389830954a0227d,0.08335470534767925
8a5f2d2c5004dead,0.04524108590677486
19d4cd44aecb29c7,0.09973120900485599
2ed9718fa269e456,0.10500534054427287
31d0832c9b203b46,0.07771810523938893
e21b68ce26bfc500,0.1155766468362511
cf8783ddc0b9bf95,0.030784162086465686
fcd44919c1b3f412,0.1544052773151487
c6e50665e7bf8738,0.09929273713486801
ce0179fa676d128e,0.22587996539178246
423e064e247fe04c,0.1429743047985863
0ebb4ab2c338fde0,0.09821856076695065
37337cc831e40a2d,0.11461222662572408
04eb53517170d936,0.06976258426183202
dac684a7b8635061,0.08190545428789404
a2f354d17d1431d3,0.10917301671793714
8a42e6579214e167,0.09613284203399303
c35d24cd26008161,0.10994683628617094
077789ab8d103e29,0.10006275813170482
5deb9f3705c67be7,0.11941971378627741
dc531f502bccc4fd,0.09542339125911277
ab4b4d6c12291a2a,0.07882161948852698
47b284804faf97e4,0.10842462205938486
d46bd1fa92be695e,0.043922213450833344
11c536ec56a47156,0.053398840177505444
d5bd7d0c4a297748,0.0352439717475655
d30e6ef239a13f14,0.1362648642560018
8be010237b513256,0.16596721657762095
e3ed18d3d53d8aed,0.06835664693589445
a9f5c2f8c5922e10,0.17175770269335366
05a75c012be2ab6b,0.2514718402140409
a068617fc089ad48,0.09837221462510062
687932e8fcf71376,0.04578603304567663
fedeffd4ef29f976,0.05685368565781924
5d3e23d9b2256c27,0.07569764985054692
c6544d7502deea99,0.061401295236157304
096cba9bc78d7637,0.15985140045609203
76b587348b5c4d59,0.13800625127203342
62185555ed060f0b,0.09497002552176861
b538966eb4ce164f,0.03341489519538884
8dfc12a6712b0903,0.14646592550404125
3ab52adc4b1c1768,0.0583345829177202
463847f9a1f414b6,0.12411801471181967
e93e14d11fc793e7,0.04431393441330095
2cd7ea4ff0b97ed6,0.10615610415276373
3cf1ec0a8c671d61,0.0458389169912223
e39df281ee7e153e,0.03996636847657339
272a6816ce2c7c9d,0.08484696487423027
f56230f889018c95,0.1643589598843707
4119f28f6d4d40eb,0.12479090555560146
3e744e15c1c6600a,0.09898452493373269
7975b8ce43d7163f,0.1190046254505508
76519a1ae0dba3b0,0.08864093260795765
6f6aca7dc35afbbe,0.06404100259931861
658aa810bdae773d,0.2613097507007849
41c3618b9180e8e2,0.07912050911629617
7cd53693b2b3a4b3,0.05883529394069414
a450a4bce9f2cac2,0.12808856836890478
05bd9ec45ff54b8b,0.03798859981359887
0d67ef8a9dd3249f,0.12427547858800088
514cfc846a144390,0.11293407571249843
2856a2a0114ba55e,0.15062243910520448
ebe02c0b1c116ac9,0.05715574700610745
cc31cb4421bd54a5,0.1291095169293977
d63593c7bd5f72a9,0.1408468827553653
962b8c33b5be069b,0.04963702139004316
40e508ceed1116f3,0.061509767442974594
668eca9c4cdf1507,0.1344225477308382
c15735bac7d4e6bd,0.050288141114625456
09d2cd5ccb05a325,0.07693346883206582
71ed58a8f5d479e3,0.14908504763033123
56fd1ce474cc243a,0.16966435960284076
4c4fc4fe6dea340b,0.13158981103462686
68fcea284ddff8ff,0.1257539488736383
8913329e85f873f7,0.10664058557878697
7a210b4ff6c29678,0.11953245943609923
91bd2a01c0384263,0.17105631764892412
14e4e31c9bd8d90b,0.04251155465478792
410f92d0f317cc8e,0.10592362398398301
780cd523f303a8ba,0.07143923508872257
77ae2af1842fa5b4,0.07858849465703792
eebeb3dc997eab87,0.1291054020387441
fa6c4d5205fdd5db,0.22938468786137328
f1798e22aeb3b385,0.3278292885142085
8af0df5286089649,0.09462207542009839
6e224e4033db63b7,0.03798804212219992
b8624ae03bb7e7d7,0.048124400034151124
52ca2f9cf118011b,0.37481815661551
52c5dee14f8320fc,0.1305239486056529
43a4ed5577b3346d,0.12778448459187416
332563e196c7a1ee,0.22135856365945536
cc4b32b77225218c,0.11739467233037616
0b34a503e14e5271,0.19693507628441387
33100c4fe51f7435,0.10833663481004968
6de5ffe2b6664d73,0.047069786615286886
ba39076152cb0ee3,0.09709888746113285
aed179ff9c81f4f1,0.03936562752168452
ea1a9bf792fb6a7e,0.04950364010496684
2f06ce2d10fe3866,0.12049801125032647
11855575a4718674,0.07357183730725662
06d39de4f0e13f3b,0.10085893043344832
5fd7c68abce444af,0.1391206239701478
d464bbc0a2f6ec7f,0.1650408005872589
86a7d5c47fa116f8,0.03761191385106357
a260e587d0fd3fdc,0.22037480449303842
6c07a18d9f02a585,0.17899571346249382
8fd3d88e27ef7240,0.07126257304252377
80dd9757384d7ae3,0.07494486177462191
00a0f9038422aeb4,0.11379961718689155
dd38ea8c63c0a90b,0.10170885795849843
e23a165731b18098,0.20546027767987568
9bef89bb8b6e707d,0.04134845346982804
db5779805bc9128a,0.18549470820241032
13c6185147e496ca,0.2271580933767753
c23ad10e1020a370,0.085989964445399
cdc252e1304b3741,0.05972830203707359
c9866843a2ca38c5,0.09403244826985546
1193dd7feb2e1c1f,0.036037762408049075
145626c411263ea0,0.07259889686728244
b2bb6e4261a0a280,0.23064569090523918
ce6c9830339e8d23,0.13365141488036564
e5a315b7bb844af6,0.13080780994434268
d85cacbda54cea30,0.07940934628233128
ec609eb2e4100b33,0.14107889084782863
0d785515807808bd,0.14259730922816818
6bcfa2aeebd0236f,0.06737930556156299
9ed83fa2f828fbc3,0.04428366647402579
f596ac3c62688ee6,0.16604278231731023
654c4ca75e7a6d56,0.11858825872022855
162146e83243572d,0.1296026498515634
9878dbf0860838fa,0.11386133735888933
332ca627787dd758,0.17527948199785126
679ad425e74f2477,0.062154057326802487
df5a276859dd4308,0.13378557386013962
e1f7d0ae0443184d,0.1374062041998552
a6434286f4234aba,0.14683807800207768
3351a9314dfcaa5e,0.036257533590994206
e19b22778dcddf3d,0.07513592745567282
a98a59904fcba403,0.08702522286699217
efe47bc01bf23b67,0.09264275069271362
a1a862c811a320f0,0.0825709155552796
bdef7203033a959e,0.14275025929985785
0fa3fd428635e63e,0.05774733915751881
8ed23ba67702fe54,0.1969319736966917
ece14f4f1731d91c,0.15779389490852136
ca20fb73d0c544ac,0.06124232857337945
927bbcf7fa67bfb8,0.15751787784701055
deffe32d78bf8a82,0.11613204813347486
319944ea096b3a65,0.050014885364907405
19bd6f94f36d44a1,0.07464343113709669
6e7447b72d462201,0.0662213529880309
be6959210f99dd41,0.21650159159800628
bc1a4abb3dbcab55,0.06945547100014385
41032395ff67eef0,0.18536437703404374
2b4004b2678cf0a1,0.07531636560761061
469658e2c6728fd1,0.07663124494188187
e67a54cb89e72744,0.05184073812278175
0a1aa269dba98abf,0.07843938746255139
746e977975fa2166,0.03364077392477145
ca51e1b6ef04fd43,0.0722510729057444
dd96408688197b1f,0.12675732527047132
23b5530f05f1d9e5,0.14319056473377134
da29e21770225527,0.07009393818460444
adb83a06bb93e782,0.050090979288511944
0e4d2b4f26be08db,0.1585370701137646
6ece7a74dc7701ed,0.03773005167752841
e5306d42c50fcc55,0.053276074445499574
4381dd659292aa24,0.07191788156756047
e31ebedf532c25cb,0.08113841423069679
853b98dd483b98b9,0.06922620567273377
2e54b76182ee44e1,0.13387342883130193
338f6834e70af5fa,0.031339856233634826
b5abaa739dbebcbc,0.1433393669319383
5a8bb8464a290761,0.14152179139101279
f0e90b285061c449,0.04425719200749973
e66581f055ee3b78,0.1400671808655436
0a21004c4d12a011,0.06886575098441533
04cee8b938d82d19,0.052713359165171655
c2eb2ef42ef59006,0.09642697504619441
4db76ad147f6dde7,0.10639247348760285
388d2efe55423a29,0.19514441977091213
b9875250f7ce8623,0.14078456675368614
e354d93aaeda004f,0.2737777293443374
39e7b31ad6490a4b,0.11110488445856206
a31878efea02ed42,0.07161215847924003
4db06f2609831909,0.11342061730949918
e23ceacf623bf244,0.10582178605152986
5b30a3dce1e3fc54,0.18370128614208536
9b09b933e5488d29,0.11150541502431825
64f0282d10422cde,0.06094129627773953
d171c9bf0e731793,0.09398045197590384
699a9d5c734b80f3,0.09146125054646033
79281527b5fd74b9,0.06820937677896292
63b9f2af8362641a,0.11985299428657262
8e20990222b8b1d1,0.09406635959116316
cbfad4f1f811ddcf,0.14347152265872765
a6dde1511fe8d47d,0.05838626114972997
54e8815e9966bb51,0.30255785729953216
cda24d31d8c08104,0.11873601417769322
2e41b0e18fd08067,0.046884240529369244
6e8f4f5c6e28c26a,0.1339815691447061
1f4157812e2bb339,0.12269203052881941
c2d3133094dc0fad,0.031516342627110464
e7e2da8351240636,0.07833977597314849
ef2946985749757f,0.052994304065576224
ae735efdf3a84f05,0.13189164557940575
8a459d7c2b588a93,0.1860945442026282
df0d35696f4b164e,0.09545370234997683
8f745cf8cd93face,0.042225259792390404
7aef10c8e6aae208,0.05255071198765525
706e881832fde05c,0.19724260138664026
03a6674f904defe8,0.07004824534977025
f00500b8110dde92,0.14630897442182872
1475216e327695c5,0.14268595481577212
3fc20688817559fa,0.038797972347752785
70df3ece5d814a70,0.04918139000833139
bcf591e552b3ba82,0.029518214267366075
a04e514a6ca8156d,0.1746706744610044
f83e082f10dc4f9a,0.03992110891110868
21a0898a3f0c502a,0.05234850138477202
c9afe9c2efa6168d,0.053195172607346325
9423152627c5de85,0.13119529406580993
fc5761df1ee97d2a,0.06291542645038295
b51c1517f2b27082,0.06873749901543118
966bd6f4b801db6c,0.14772163383712997
c39f09a3a7ee5d1a,0.127130054851186
cd4ab667a784a10d,0.17837049379769404
053911f801591901,0.11263819573196268
4c12cd87dc745584,0.14431357586272686
f0c4df4801e5dd7b,0.044373398705921725
1cdb9e6374b25c46,0.04231429287010123
55a04d93184e2087,0.13871096172655636
b0259adc08c321ab,0.0746860504156017
3ebefad692cdc413,0.06386923041503431
83d05a33f78392ef,0.0675032430613943
57e746a1c420f866,0.15069302633658974
7086b53e09fe17c0,0.13936586804414292
2cefa5982f1e5321,0.10078092490367194
c4a61e6a8fa1704b,0.11649111092124131
cf3db8bd220d5bdf,0.1435246628251174
75c651d11c0a0337,0.036279538599249456
10dca6cd4d946194,0.09253592415239784
316d771ed9f0b6a1,0.09134872962122366
ef64650ddba7c539,0.04289173507507219
721f58982ee85da8,0.14471447073424756
e8f08bd5b06f41ef,0.03127466467550983
8c2e815ac865660d,0.15369688541321724
8191fefedc6afd32,0.04938702018076134
15c9fc425aed1fd5,0.11664971233122637
52f896a602e74ef9,0.17462201315700704
c8a94bf1f874596b,0.09667681585810889
64024839f91aaea9,0.1265530969031407
23a06e4e391dfcaf,0.11772456033263345
76fc88367fd4b329,0.03828484232201485
e7ffd70d1007bf31,0.07057436949468024
4df67b2b4764df2b,0.24588639557369912
5e23b5ebcc3c7201,0.1577112823517111
97c325c9980b0ab2,0.0465680400450703
3c8bace911db4b05,0.16062238986471872
d3af2a4f1b0513ef,0.1126007966973851
8a66145d22484a10,0.14967766361998028
f501884aa3b0a2bf,0.039035412803897995
21f8710a682b6ca8,0.08752750904297246
67addba46911ef5a,0.15941975340563624
cd5a8d124051f2a9,0.14524017344287687
a1acde423d140030,0.03584329616022672
6284cf5236839f36,0.0896167369916579
37f720257a8a7a33,0.16305704563913118
acc257668dc46b34,0.140989361065584
23424057c8458694,0.06790739652413935
418a7b8fddf172d2,0.3148044439027028
dc356b2589e04c87,0.1505946758032154
f64eef65821a8f3e,0.0668807998567045
9fce647d5b47563a,0.28173777533460054
52f9976ea5b478fc,0.03849806412231513
d240c91989c04146,0.16388120106480217
47ef036d29375b9b,0.20523777385285114
8808a12bef546809,0.07527112824517392
d3a20f2bcf2db8fe,0.11177281041881054
a451d8e451fac918,0.053900650814210735
9826735b01a08344,0.07479722124401805
c4a29152e2eacc8a,0.035406168790183275
631690ed30cc1631,0.19585820820965422
d84d8a6e6ca5eec8,0.04166658132145347
efbafec85fb00cc9,0.2167284111219063
24556c1044963c8b,0.1893956181854319
5dfe6e2137dc82e7,0.038992224588884475
b2400c3aa22283d6,0.06363087689520135
71602580e012f168,0.13042206773002177
cf01eb3e54442236,0.035039868760498055
1a07d25426f87edf,0.10033597206691999
13b3d3fe65bea413,0.06457810998863169
059edd840763fd81,0.15350105870690225
48288e044d74e7cd,0.12542992440334405
add068ffe0671cf6,0.04490159331597592
c99de47efecac792,0.1419383198093867
11cef543afe62f88,0.07099390272989074
e512156389905eec,0.05532040304438521
138703e658867a2c,0.14000001561583383
454c3092e6edd433,0.03432213549605355
dd957118652b5ed5,0.14757113926718665
af01fa5eafb4602a,0.06432457980001613
7bffcfd2a9da1725,0.18258764050398993
24f3f1ab071df78b,0.051461009098779195
3ec7c9ebab0a4a2f,0.15146274927109513
3c1d10f4646f69fa,0.060612953540344544
9c5f959e1195fc54,0.04020445605166843
cda81aae0a16f97a,0.10378107821516996
2bf6c949fa0b6053,0.10776449060379378
546683ea9e5995f2,0.11617227199806865
c4563254d849a8c2,0.12247587083888105
e9e85a92d9ed5065,0.07815215959554864
fc9fd5a085f168e9,0.11029829214847361
54049d409156afd1,0.165603964329467
e4c0d5c0b9045e4b,0.14059522818686107
058f290d4016fd11,0.0615708193937505
e14cd74f951c3910,0.0574691376643448
05018e18dc83e13e,0.2760293902051537
763ff25fb3a65368,0.0474667780240028
eb5cf6bf7c8b4e5a,0.14054225393695777
013351fb7667dab2,0.10176196549045709
e08181f896cfb680,0.06350514466031681
e65d39ec9e3de422,0.14185920546298622
9cf499aa7626f14a,0.08489393284247204
f203a5ba78b7389f,0.11117466225583751
8ea386546c0f8c96,0.2214101684011514
0391f48a6955106e,0.03839984056150751
d2f70a0377eebc5c,0.043674257822874776
b96e54496b6a6713,0.12107030550451714
1ecd7d7fc32cc874,0.11409103529205092
a91fae320445e22f,0.04377712922097859
7f7f8d9e95bc3227,0.14538944777142518
8ed9c9b27ed7229d,0.07312663926693018
19862b4c0d2f34b9,0.07487692598916364
e5b1c6b3822addb0,0.11696643342322922
191edcd8d76cb951,0.30532746585685827
6b08a1554cdf28c8,0.046085589694179974
706610ca333da138,0.09627801998382077
5cb5f8466022eb46,0.1236463163187759
acb3a526d9921b55,0.07245378493262007
947db252e781ab55,0.09450502284698871
e94881433d15d819,0.049688809198858916
34439005f71e07fd,0.1435067904445818
989a2593307d72e3,0.1095442053808739
ec8f1d04cffddc96,0.11363999364338877
11dd5f5d722fb0e0,0.12879753349449513
d6738bf320835a10,0.07352261160201475
025b09a306181a55,0.09876783082115777
e5e3f5fbf93a1918,0.13015541552761042
2d60731de40ca5ec,0.06555616702755597
96789dc76cce8bb4,0.13022602901588215
e04c2f21eb86c30b,0.051516072973825724
eb4f7827e27f3e50,0.8813302518398543
c72cafb3b0ed2058,0.0432547810621718
38e789ce64afac4f,0.10968496305050153
961a36d1522e6ffe,0.06963758859362737
d915888ab3fe3241,0.09230410488579313
6d047ff0d07fd1a2,0.07357847195524359
96212cff04501fdf,0.13123954157476278
6cb30ccf0384596a,0.1562422199238165
1878cf5a842e6727,0.11093644972591818
47adc8c9afbd6fad,0.05295005990756077
bcecb579dcba782a,0.07028744122464478
24fe0dc9ab19be83,0.03638135154280558
d56cbf99a17acafd,0.07352947321851498
5caed519a777c666,0.047725716124836795
de3dd7a6a4564414,0.13276557934084118
3ddc28164f664050,0.07428271039184181
45693136342888df,0.03726509271379926
143c3caf6eb25742,0.0951163992942104
9295c919e27237a6,0.07779277463954505
0dc756a818dc5d9e,0.11658031865518703
67a0ca3f82ae78c6,0.04658085557260672
cbd51c3558265f5b,0.07139600892726183
b6df5050c31c7287,0.057332134104607746
73f20d006cfc47e6,0.06656766508207684
2de69b9443d4fc52,0.061006967318135416
1ea20c09b6c79a3d,0.08533515719588328
ea1427791f675329,0.10815826630244622
cd6c9a86e5c13535,0.1432089568566429
fe03f010fd99f729,0.20193685466498246
3cac934a5e569272,0.15414272864491554
1f9c8c5a31c38592,0.08628994194071736
325d3152d318ac6a,0.06867674483256268
c796149ae059bd36,0.1379307445641763
139b95acad0d8500,0.03820767574939509
ef8ca6e1ad6cbc40,0.14533713866717915
738b1f5edad8bc5e,0.03331641706817498
00b5753c64f3aa5e,0.15023369158466207
7509e02d19e2f87e,0.03629624418119452
a85aa8068fa925c9,0.14381155039260546
f8ff744430f73aa6,0.12607626257274096
4106129a02383134,0.04142170224196494
3be6495b6e47bbe8,0.10436036817795671
d58d8cb98c5344c3,0.07602242127049676
72c32db073874592,0.06715787376880368
b33541a9535d3cb6,0.10894682634354005
f117d4aad78b524a,0.08599633590052355
5e48da846d46eabc,0.14664196047288117
b0b266000f2d6b03,0.13997671203176426
2aa63d23f11f3aa0,0.04106888839407327
7ca15ff99bdc719f,0.06842866272923574
286e550605b2d970,0.037996297778393626
140d123f8919309f,0.145547089536906
5406d7c0119b8b77,0.11193661366688816
feb8f158efc528af,0.11589616890035652
20e9295f7f1b6809,0.07755546548505053
8c67df2b06a8af30,0.0881145867631217
0b5100f2d589252d,0.13308804045073264
a7dff4879e1f2c8f,0.18488667437926032
6b9c17dec469153c,0.1514579480283097
b064e718f3825ae0,0.03681297965050456
633aa423117b483a,0.0610773931090232
2bd2dc8cda610b2b,0.12490034262849227
16b4f1b4b30d7a5f,0.18872618092000265
7ce520db2bb5b181,0.1369341862858221
359fc18aad246386,0.10897392613810894
4040467f440a4681,0.07903643668099529
ba27a17c66a28567,0.10631995837595093
5e4bef63f0b3974c,0.13273057414138603
849863283a0793dc,0.12116912277985732
aa9c499ad44baf78,0.1250527078352808
a3fd494842016ae7,0.10986824079896151
5f079c78614b8a83,0.18952838358447172
7420f14669961a6a,0.15904065715787932
0a083c164a874ea9,0.047007865450603786
396f04d4bed14a3c,0.11811693446639697
bda29126d66debaf,0.06545820292673177
8d5ece395c6a6b60,0.10368977748728626
9ea22d08386ce3ae,0.048052473147015114
1a277b47ca192cc3,0.04641938977394249
5534d1ac3ad47ca1,0.09362021888770647
164e32a2b96ed3eb,0.13646931435304438
cdea1d25f481df1c,0.05136994085105921
37e1f37cd163cc12,0.17579124543532884
4f896e74ddfe48f5,0.09351407127201858
ec881c0b42489ba6,0.09512948487493594
6cbbc142e3b6532d,0.06336366531377055
af58eeb2cce1b1d8,0.045654213533513024
3792b407d3147240,0.08118016671101
44abea18902dcc6f,0.06300404654463013
f174b76e8c589bc7,0.09836118150621899
d5cb1d76e26e865f,0.18137203579525657
c953fc1a52b6d2ae,0.13273095218060507
dd9860c103eaa486,0.042380461861653
1a338e9358b4b71c,0.028820868540591325
28a055a15e2bee63,0.10134011402410746
d810129e88130889,0.09498909693351623
20b2f55f0ebfeb9c,0.09344333174760554
2dbfb79bb9d5d576,0.17830246531624605
a4f168601004a705,0.08982935973222173
7419f46f112678b9,0.13978498456633567
7d0ff708b6d6752f,0.16622144320494966
cbb85fa489a893cf,0.037583475538532876
c46a723fbfa594f7,0.07169865367991592
2104390897549457,0.08513294162748682
75c276f7d0f29aa9,0.19303592168807698
01a679a23b212287,0.16599389747388937
6cc58651b88eadb4,0.06847463028036724
14cf1ac65f8ca02b,0.04011732447261085
2a5d42d92966192f,0.0545082192088772
2010478948b9aef8,0.08771719885863632
31542ae607bdb59f,0.13862209179143498
783c99f058bdb723,0.06905318442859719
8e49ec786a6d5abd,0.11073511050750393
d2b9a740ddba79a2,0.041253406315608726
47c1231311a7aaaf,0.08695513039109676
c7937d0c63ca6a92,0.11608950570901248
64628bdb8224fe18,0.058344338512927585
49cbb2ff9274a4cd,0.03951416716547043
a4dbc0e728a780d5,0.16956578142058104
54a5b82f046318b5,0.15987120190316337
daa0b6896a1749ca,0.056018627740048246
4a251ebb1de72153,0.17715244118492146
edc7eab7534ce904,0.08693899351471168
0d31a18c31d12329,0.1680353127254463
ef643ea0ac629b95,0.08740840289851089
39049e24be5a4306,0.24249944274491236
f41fb0591a5b1902,0.05292214368364449
ef3add49907eb895,0.05382066438995301
3c80e6a34fb3e4ce,0.15044994858896021
681bbfb8c5372f79,0.1491938448272669
007f4be9a3f6e89f,0.05008704981239388
25144a9b2bed9be3,0.11885008519993182
61233f40c0cdaa2b,0.06395400333224373
73a058838f6b7f2a,0.193786289131539
cbc20660739af678,0.21845616546924362
8fc723bf625337ee,0.1345821736907889
3ba49bd9e60f519a,0.05789196805851664
6a3b3033fdfe94b2,0.09962187700857641
c8ed653c9f871795,0.14054915636324758
2f6d48d7acb127aa,0.12259293334454258
92ff64a44efeaa6d,0.061819710920485
d7169f20999bc93f,0.4904276754339649
53604f2aaf701357,0.11216184354852862
a7001845bc2108a4,0.1400223650720285
e1c8d84bbb8add74,0.04274020198443375
0b6ec467b5610434,0.05546195687181864
8ac52d2ec127a096,0.07563509004870886
b10baee15fb9d01e,0.15945488126730284
221ebe5d40d467ff,0.1213288823350454
4fe55b114acc6ade,0.08258168557340596
d8482a667d8a69cf,0.038661572914689614
53ade36e2a1b1e97,0.16331451763007115
23415b9cfe9e209c,0.1143911214891779
280c7808d94b9763,0.14215673381035032
de5885c6a7c6423d,0.2131095472898408
38de0e8716fdf6cc,0.0838226385328848
55bc25143589b254,0.13533080578889928
957e73c37d447545,0.05331202395855429
af84b2641d1c74b3,0.05948500825541063
e7be7f3fe2a831bb,0.03764614190694487
841f7e8235380174,0.27786289809403164
63d88f28c2a5df22,0.15615543430440487
8dad4fd4df5c221c,0.13979789050314606
3572ebf75eb17942,0.10344728690753
25a1a550572c1f93,0.04469899351981713
6ae06440fe74b44d,0.22213567625323077
b4bf088ea90582b9,0.08209038628364758
6b9449d16e81079b,0.05390418188693041
4ff7c9e8a089b94d,0.11553666130079027
aa5c5648b80a1a3a,0.11512420274223156
5dc1f3d49bbbe4c7,0.1272688727536196
99546cb325e5dc06,0.12021254369986487
220c843637482425,0.11738585076950915
6608fca5b64d440e,0.15910326959398174
f29988dc0a3c0243,0.11889931775491358
51058b99b395787f,0.053324715571884146
ed1bbe11677f7bca,0.07601031207197331
9f9b85620fbc0cf4,0.06403726287288937
8aaeef3315304e45,0.07461926953593162
5d92173cdb00c0c4,0.08100656278104608
acbcfbef3b1946c1,0.03826008972536738
73cb612fe6d23320,0.1580088883627132
4216594871a36761,0.04106941821871498
1c2bf4927779574e,0.16792157767940408
1498d0dff1fb5394,0.05603651968740819
53f47e8f08b91aad,0.08625067848973532
c4229a0ce07e83b9,0.043025688733868056
bf61a06ee47b2027,0.03679833814795602
8aef635fd1b3a740,0.040514037903734874
0f6a8a20e3587b09,0.04279250495970884
75d7914477c996b1,0.06182668782565858
7b1790935e6cb838,0.03493476419299564
d680549ede3f6dc9,0.055795122916358575
f3bf39cd2ab5bd9b,0.06007540185738067
0b0930b54070750a,0.05089201379253291
3d97f118d250279a,0.16928318009461563
e9de0ad29a82a54b,0.09924680049039078
9485f200c4e02805,0.09308057438293763
12d95850d018d3a3,0.06298352923113953
ddc866b96dfc3aa3,0.13172648569738898
45a33a8161cb4b46,0.057416228521188765
990eb9e1c61c80b9,0.055637248519202584
378b6aac03179007,0.053685733158455144
b6ce4df0bfb4d3c4,0.04697968977064436
a50653ff586cd76a,0.09173093621265241
65cd9ee07cfab83a,0.09203036620328597
d2bbc0c9f79df720,0.18193195123349692
82ce816296a1512d,0.03216847268952967
e502c517a223aa14,0.05802915465251169
71d19ea693604e1d,0.07026066828341102
0d037e649d83d735,0.09887440770246483
6ba6991213384d83,0.12458713037642834
4cac0de9485495fc,0.16310507089274762
9a0be358e968c623,0.03995681381147655
f1ca34616439cd54,0.05142531387563865
e301cf1f2e4c3681,0.1112495700058154
d614ef3ad50cc2bd,0.15523158076475405
c0b33846eed21da4,0.07368867821916417
d4e499c8cbcbf2c7,0.09454849614085169
112d556866bfa77d,0.13659474506074734
3f5b776bac1c2a71,0.11088163136384949
97fe9a981d0717bf,0.0985549726133661
ce3280649c6eb5c9,0.13652468940253035
7ae7079159ced82d,0.07052631424609895
f1eb50e28869a50f,0.049194737189999255
52c8dc366cde6d2f,0.04417215913404673
ef14064579612c4d,0.15029725248801828
7897eec02201ca6e,0.0831546976106746
321d33ef853c8fb7,0.16595396497915718
96766da6bd7c3998,0.04245479864034486
fdccd120c1ead149,0.14576169333895864
288252f0e770ce50,0.173798989873899
d4d977f5a3d8f01e,0.10447558018624348
62ea4677a492334c,0.1585897589281347
d1f182b83a420b6b,0.0681112695203844
0a8ea601fcc75d1c,0.13348424045309615
27930c385742439f,0.1276169625250555
13d12d929ca71339,0.17996304134300356
159b4f9fc1efcb55,0.034165625556931936
94ffb2f9a90b358c,0.09177594081112064
68615d70615e3b37,0.048517692373752086
d4a40bf8afd7e4b4,0.051719752329687
e3dcfffec2d51e7e,0.04858777153199769
10366fd321e0ad43,0.056197928983096515
80e3f13b4e86e5f9,0.17163981174925322
6272a9e176561590,0.13742260712309465
14ead2f08e775ba6,0.09291493977379932
08ecd3e0061305ed,0.13468634503909765
b91abfe0273da79d,0.23377601268820447
0c3efbd8c39177b8,0.4437405047357073
e9e21b290009d63a,0.06657844786556857
c188505410fa547d,0.08982576260176438
768d9e0553a1399e,0.03391663470079128
a9370f34870acac0,0.14835712660527445
9f6dbe29c2020549,0.05497043716919793
6da7088fbbdbdec4,0.08338971215563737
944a046635530efe,0.18653634837306624
55a97e1488c333a9,0.05374570924635616
bba6644aefeb263d,0.15246321663044102
750f5d2c63709654,0.18522471046916394
b7f5c550aeab6fa4,0.11655548242279601
bf2efa05075a9f6e,0.06400054986674089
2987973344ab04ce,0.08756088884625232
a97d19edf8f608bd,0.06047254258938184
6138ff6754f14dc4,0.0607022377641943
87522437573af7c1,0.15162312486378487
57cc4278d6b67c5a,0.0388437624895656
8f29d789ebf40f9f,0.04320521895439201
15e17422c43ac280,0.06602238037922763
57faf77cf5f72f53,0.09257024223750028
febc8ada0a8d768d,0.06035976284681806
86ab68be69241db5,0.11633005546537702
5fcfe942606240bd,0.04534414069224905
31bf257f6a4a70d1,0.14901183338918428
a09897cadb789dba,0.0315771862090758
328299ca9da15ccb,0.07598340412671609
c95184d7971b2960,0.1616386722004817
6ba9df085d34410d,0.3532066151060099
396ed8ae6d33d2bd,0.13760516174552248
b058bc3c8a9fe33f,0.14154403453598494
77b29cbb7ea1ac6b,0.15778554290698815
c8d191e05666d6f5,0.17667758558913538
c4d716a53ad99b70,0.11804877746348005
31d17f992245249a,0.055908889956086366
aa459cbd8c781f76,0.10143430189446326
7ba0185e8220f22c,0.04815476799016967
eb077a940d0bbcbe,0.11351869737019019
9298c80a21191034,0.10714925652277392
037747626ac5db4a,0.053306240214749716
8ee7aa8b54022319,0.17016733179075808
a2b57b918f2661db,0.0729710598711922
e703b056b17c6038,0.06708034195731337
5d760ec696eac629,0.1129393158950312
68589cc32366dc9a,0.0928275002635969
83d1d02b456e13c0,0.12333972000600468
f5ea6585ff5edb0b,0.18015959010667765
32290819a9b6b754,0.07987066734332825
f0cddec42ddbe07d,0.03155629483076431
41d5134ef4aa43c6,0.09310656963268557
9a422d8246e3f97d,0.08902283832075958
341cbe1cbd51048e,0.06116075630737733
3d2c0583f01cd72c,0.13524185033834496
870996e4835ca83f,0.060568063518142826
28b09161f3b17dab,0.10315268118498239
051b367d8fe91233,0.03582545440092628
9b8aba50b3ab95c1,0.1304839148935138
ff5577bdd79bcd6b,0.06031519824434391
92e4eb0a0d4c41e0,0.2572833802260698
575ace0896b22257,0.1825445073432903
a16f31da04bf60c4,0.09937603493312092
cbc13a2671d3578b,0.04127851315398444
876ba2c5e443fd41,0.13343883638736775
5d5689e87dee129a,0.1318668461756499
71a60a6dfa7e1760,0.11290666631573927
f2a38a0b81dc90e3,0.15379029707825626
ec97de286c2686f9,0.06875247362286142
b77b633a5106f906,0.07302053470697438
972df202456969d5,0.05741805452542793
5d7f4e9617d1e7a2,0.04653476341699028
196dc3655d9d1d79,0.03851994687157747
7b9da0adcf1bf365,0.0454128889057778
b9d78de840ab100c,0.053409599152836607
803868566ffdbdc1,0.03504837223289475
cc5f60c8c3c2b5e2,0.05944390119298049
88919e17cce1dcd0,0.03731562119376251
88bff82c05879a44,0.052845877801218424
aa64759c290cdf84,0.08477432453821863
b224a7d8b6f39ab3,0.09290522086422745
ef11b15a28910cae,0.06406219109390059
7e08eb8d4482e7e0,0.1625158256760251
609b606891c6ff2c,0.04009856565554806
07ecd08d07bac830,0.09196720915240322
aea578dbbc154142,0.1362984981091827
9c702ee77f731a28,0.08961078830431761
74a102877446027d,0.13291767174375707
dd13d150ff97f653,0.18990678619396076
36157f72f10981f7,0.08540139219789068
808639f0db0c51a9,0.09743067436037098
d809389ba1350646,0.10202337560274294
353512ba78ee6085,0.034963554960525924
207ae6c9e8f4fabf,0.06836987947536895
333ed3894f0f2865,0.14903426600534364
c8e41f868f963ff6,0.12492170203898151
c0436a45e3cdfea0,0.038954930018408086
497bc4409ccbba90,0.154482309653185
b29f7d1224fd0321,0.10163378027674719
7795ac2497824361,0.1283770049060663
28bd2f25cefc0467,0.04346742767634946
7a5268c2c0ad3fb2,0.08749711021124407
9335e306e6ef6c17,0.05121573923205181
380dbd85787bd38f,0.15252527544843414
4df3a358e7ec87b0,0.03912849870549194
b423d03461c67e1f,0.17100743313943392
8d6c8b00790579fe,0.08348013572806856
75302981ca660bf5,0.11884883097534822
34fae39e3b6350ef,0.08499105257047374
47ee9553918d83bb,0.1487612395010442
525eb09cf01d4422,0.0728455284033599
f285090a9d6de2ea,0.16429997696020426
9a015d0a0e9dca3f,0.06682431143822491
5b9ec24c9cacd921,0.07362930548320375
80f6887bba571ef8,0.09438596686059682
a0121be4cb97ee81,0.05377420674726721
98bbb1d875be50a8,0.16057322316168995
d13d14d73f638740,0.0882522470188747
b2c1f66103087339,0.06589738796632334
ed544070c1558a6e,0.09434675508673016
6dd8a5af5647059e,0.07770550270210162
ec707e8be77e5bf3,0.0796113078747951
435ba973814b0e29,0.10146314116178784
a003759cbad0ca72,0.07599766768886845
4c1f413aeaaeca8d,0.06825168603580523
febaa69039e2d424,0.1165720434843778
1a7702c55d1c3c6c,0.12000438269864142
747b48174e7e8cc5,0.037978121967010586
e73a38787bc7abf6,0.09274497895787742
591163e5c881643c,0.15496763430681854
95f08a028b009350,0.053450988315007344
74cf8eff69e3ee73,0.0339471141301472
44639b509c809540,0.11487758993229259
abcf4a1f567f5b1e,0.10068059227673125
987d6ffc23a79a57,0.09922730395622312
e7aea6a6f0d83afb,0.09925544611669988
d9d2d9b2890a7999,0.048935202082800854
deeaee8dc56ee2e3,0.10352957545258454
ed44fe0714d05825,0.13616943451972172
68d0096d6964bebf,0.057181092101127345
8d52d8ee49e4e8ec,0.1665897602397981
b877123e88a6a266,0.07550467290027829
8aae92b438c0c262,0.03589167282792324
40864f11272e903b,0.0599907101865103
7583bd973a7787bf,0.23133521736428508
209764663e3680ab,0.08451812366074923
1802828e130f444f,0.11732381295701459
c7226e4c37f1c216,0.1603425931752212
cd0110875b4d057e,0.09009434353236298
b66e634d66bc8033,0.038840880212870195
644bd7580a1fab58,0.08571696825630179
ceed54b1129eb356,0.08224910079955391
4a02d907bb4803fd,0.047191474031038544
d09af6dce02bcd02,0.044683816671566165
c81869bf2ef1408e,0.14826489637193635
455bd62f0c9a8b18,0.16998372574273304
8c648fe7475ba2a1,0.12349851512785828
e7c1606cda3f50ca,0.06992532073586731
386a0c809777aa8b,0.07267719479277931
882d6e6250d5d648,0.11319089765917144
e73fd396a2d7e661,0.06267557496835913
e1293605384c5923,0.03347491089595882
d8e5a75d55957e5b,0.12487966090440891
75e6395a1cc7d878,0.10346521315653076
ecc995a8d29cc898,0.11888154572765539
ba27e43ae6b021c3,0.08017083525495418
075b11725eefed48,0.16635626461027073
16e06a6abad58f9f,0.06889187013047719
039a18d8a9005443,0.20449325480866704
166eabcb1845baea,0.06231955182068591
150f221c402f471f,0.1267133915338454
2af5183224226208,0.08048337306437234
30a31bbf87301908,0.0433577048104248
95c87aa909d557a9,0.03432835132215498
d70eb57711fa415b,0.1866786140048055
9464555817eb4951,0.1880682352587717
8d4e5d5935a1a663,0.03995031293501092
289e3f76cc551091,0.07989056439033262
8646ded190e78433,0.10365055528966188
f2e3c326fd923449,0.06624660667843807
83f8985c38ecf25c,0.08512309121513152
8b698836d194ab64,0.06060829187621208
74a48ddff930321f,0.04645136311642302
79a5efbbc2b4f8ec,0.06152395975832334
6e88ede348b8871c,0.10958208169157918
d98b06d0f7e1b8d0,0.06697838663461327
dc56b06363e3abc1,0.09018895145205795
b5355653b987b958,0.06969343129842535
e5bc532f235bc0d5,0.04144872626796345
153cb69740320d37,0.06263228497799522
30ad5d4441533a6c,0.09780629282869338
05ba774a4ce6ab73,0.1861710668488283
ba467da19b1f2810,0.03495797823987898
9ad04a6b621bfaf3,0.1368100452967661
f605e43b08e76847,0.1308503454494562
fe2d494aa36b099a,0.07216711089650585
1e5a8f5e21430d42,0.08332066295918311
9b28fcb2ee487967,0.24907294157257573
2f1c0ef6d36a75c4,0.07650500545007596
37fc5525bb7de5e9,0.043775010690123524
d6538f0dbb2a123b,0.13093079697489085
7dde59a4542325aa,0.0388456134458935
20c617dcbd71f357,0.06768932206145645
77f00b5e8f833d41,0.16352334464382876
869a14428379a740,0.08819601770933008
5fe5544f8e236559,0.12272583494154556
2d3681cba05bb562,0.18112160337520428
499be0abf97d1597,0.06486246294141548
5b423761773c3a6b,0.20406546171439344
57cfb14bc788cf66,0.1354482255743646
bf8ee8443882eb4a,0.1448671306566026
400e3c9ccfed951c,0.05600974207027633
95c34bd334691146,0.15134462780891667
441b99f616030e70,0.07459993161681025
d6449401e78d3385,0.07851288274769808
ee04b5380c7d4f07,0.14896752798353807
47350f4648bd6090,0.03685590821797077
3d184c420016986f,0.056212773168922654
2525af5583075cac,0.11087062818339091
37055ef29f0a3dd1,0.0942016346376475
741ca2e53f728930,0.16703901768551296
c2060532831835cd,0.11964134938405545
bdf51afd82ed739b,0.10358219798831134
87516eb4863191a1,0.13227240952008326
034a25e098498861,0.03667354906304195
2beaa963f217969a,0.23556419579053336
6b03ea3eb3783933,0.06640464478550191
99cd56ca4ca12f1f,0.03793553009582014
42288d86bd56d80a,0.0781867728744088
a5497f531ca73858,0.061134090272108255
6b8797ea062ce398,0.0650809364310317
1514a9ebdc630056,0.09541284899593261
6a47264adc77dad4,0.06122031481735006
4cbd1cfe1be11280,0.21908371079000424
555f489d111c7db7,0.06677254175962138
d3d1d52e817c754c,0.03910122606410043
80c2b83979b319eb,0.055266614549384405
b601ede8f1d5ecc9,0.03600400769790438
ac4e394f11848f01,0.1455140329362542
a5d564228af285dc,0.0776303393631505
872eaff0cae2acee,0.0720248444255541
ca524fe71b6054b7,0.08590086606873806
092fdb93d96ab75e,0.04318807663796717
b1224feb365fa8bf,0.058933004239425775
b5883c6e74b0ff0b,0.038861510910083275
7aade43a31d09f8a,0.07955508231913398
585ac3a63ccab1a8,0.062302672906497936
e4933222bb492af7,0.13201584165761895
d4fff28089f09f7a,0.13754490439807956
1faffaa35ce84d77,0.11443299447181865
27afb6fd6aac442b,0.038435730129609255
847a053fb85c500b,0.05389579897873546
9ad6971bd0ebf223,0.08656452535517169
a14e1a04f336c6c8,0.045504595262027325
50698da7b2db2350,0.08920711280466584
15655e2cf84c9cb7,0.15152578024361077
ef796da1e5967ff4,0.17992221195106384
9331c7e2dd294fef,0.10665259224672999
b7796a59af546a3e,0.07375176020092543
d9279cd811aae7c0,0.08196038341997103
df81c08c47af6c59,0.15766133926046738
1b9dcbf8b65b1a52,0.14555148847217717
dd377f760a65ba2e,0.15294352428071017
995b4a4b97e53e5d,0.10117315458101611
13b533f79e5a5caf,0.10860003492907047
d4c903b8efe43c13,0.16687984884918786
4fb9e1bf5a2f571f,0.12805148553724685
ed595c03e7747694,0.05249332470265238
73e9645c3d48fbb5,0.03454033340768042
a4b5405b00736981,0.1728259461700383
2a653776755ba7b8,0.038186959195198676
158fa97bf999e010,0.10595151507336514
a95d0a261a3bb142,0.08099079898225808
ea46e88a59d4fe5f,0.03528352604262731
6496d7761a0c6190,0.06506498935346003
6f4ba984b6dc3289,0.08630386595307657
5afad3e6c2fda712,0.06319130122720512
02effb9a084a466f,0.08156581520850967
f43a5e53fd455d87,0.19340600982185838
49bcb75b2ef9551f,0.03865918098640045
b21c8167caedde33,0.02589598779054907
15d2bbcb8c316442,0.053909929502112375
523bc8b194fc69ce,0.05525881220894751
d7b8e5c99743aab4,0.0980511070060816
3ad43bd42075bb8b,0.1643213202750579
812b9840da2dccbb,0.1816181902979518
e70b5a521c308e83,0.1515548654825854
3c45ba8ca9f6f412,0.036900740264913634
7f616f8d83b3eb18,0.07508268088474142
26c592e1845bb489,0.0660953823699392
68d37c0a802b47e7,0.1511982407344302
d8934f60893849d4,0.044334909280543074
2a3dc482e2f9765b,0.08365153184708059
016da23592d81da0,0.04344630011895914
4fdfd4d0c0f506a0,0.14765500916205787
729fc49d981fa3bd,0.07451309942816836
15deccf643c21df1,0.09219562292490542
7daf2f242a027468,0.04313131877887741
d51a0a86350f7add,0.03499793542457944
52fa3a33f632aec0,0.11950749648252332
bb4d95ad5da1ac87,0.08717050422770874
cd23dbd0e165834e,0.041303364571897164
ba39191a07cf9e7f,0.09910290591940835
9ba5cac296310d3a,0.17085435061027898
d322c51efb437d17,0.034318248918437905
3af739b2f776287d,0.13198796411830957
85804c2e9c6d680a,0.05380095836536229
cb0cd20b25649838,0.05111092544031175
12c942ad8a277403,0.09390558146105096
289e502cd91b1547,0.14458592529626824
31c382a7004fe972,0.07584823797613734
d169a1c279a46015,0.36467762514311264
f9b4abfb6291393e,0.07730425223793526
6717d92d92048fbb,0.0846801606611157
469f41c8da1eeb41,0.10628559277775716
769314bb014d1235,0.12322290975743501
ff2e280d521989fe,0.06516024735514224
1d52653d4f3c35fc,0.03464487079238613
4c0ebdf6c9dd9fb9,0.05188677962717661
8e182e2e4650cebd,0.13475675209481408
f55714d17852a183,0.05421938350825002
f2e291daed34f717,0.13871571393874513
2fedf01adbad6180,0.033430223514134
7079029a20553569,0.1279701797054333
7214daf28cec2f25,0.08927465210674435
3037ee52ce757f35,0.03660184123645535
301594a1fbd58308,0.09912229450417417
971dbbb99046d9fb,0.17151977211331876
c7647059905f4dd4,0.049325714311749994
796f7cb75fc0eb55,0.1772373769886642
bcf00da3386bb946,0.13602119742426363
9fde66ee9b59f95d,0.03172757805123277
752d3e65ebd63369,0.04662145357256334
1a6bbae0cb804476,0.07815672921884019
03cac4272e7b8e63,0.14727667539882058
055fecf2717f29a3,0.1155338849166309
a2aa85d0e1bc4e6b,0.07875999924298105
ef9db57cac44e529,0.09124514575031978
8c91442db55d9d64,0.10210134924940244
7cfa3fef2d1a1dfe,0.03846393199777606
56ede8d9842e0590,0.033928913528667955
fc74e63ad196960c,0.20860952781066658
342867ccf7337815,0.04097392410531468
866f7ea3c4be20e6,0.09825547603455123
f45494a74c712731,0.09944000281637773
414228464c8b74af,0.11627393987112603
e4a3f7a35452e28c,0.10540733790314574
c1eccbf012d9a361,0.05173795063685249
a715e394b41f3a16,0.04146704214292368
26a24b8218ee00b6,0.17392405250584153
db4b58e70acde06b,0.049230815643619995
deaf015c1e137149,0.034714760818898516
9d4fbfbf523a0472,0.2083501469928524
ff7e2911a22e8008,0.1509514955693462
30449ce55b14d344,0.037345024866422785
b930073e02948360,0.12213173184753495
9326674b4c828c15,0.11753372570319305
a9b474db35164846,0.0953892103655613
9183d88dcf308c8d,0.06740599569015196
47c8c6f64cdc0a43,0.07536862496563203
2ee4722095033329,0.09876361370882304
cb8a02ecca44027a,0.03902879605339869
1925e9dc63237314,0.11410967533795607
dd36f08b99fcfa16,0.1379381419093929
9bbd43f6f760c243,0.12137756603026763
a766359aef66a25f,0.08106525527763198
4d10a4698fff400a,0.09099613062844983
44a6285639d7fcc7,0.12053916636565917
a64ce0de598f4714,0.13766170087253252
8c887a6a554fcff6,0.02435225164521535
ef3f3402f7530e37,0.023218901554620558
e9cf43bab751f410,0.027683150314164857
1245634a78a3136a,0.04255671269618452
7c5ed75e73c20133,0.06808741561350115
ff7628423503cb61,0.0536041167642443
55df3baf4cb22442,0.043276800682429034
20497b1ff5df51bd,0.13466460720568163
fe1c1e2e166d6943,0.11741877739543363
0a6a2ebc3b004ba8,0.09273027905170009
ba16bc573e1d9a6e,0.1129320352327475
41ae92fc5f37cdc1,0.06263504333809633
ae05071f58d92774,0.052872132042725076
a8d4083bb2383da5,0.15633844138958905
92cf17c3d59c9b61,0.032671766631760336
f591caedceef4268,0.05240931091945192
e3d006785a8a409d,0.09307236585535128
dcbc913499301796,0.04136243585526091
b630e1af9fc1f3b9,0.12546818062031076
7d6a1e459131bf25,0.1443266362014194
5f891649affd8c18,0.080538872134083
7dc102adb7ad6667,0.09356912794166737
1b8c16064d0dc4d7,0.07135786408930352
8e5286a9c7d73ad0,0.03570943321341007
147e554cda420ba2,0.043356256176378505
18517e2df9cc10ea,0.08616114607324726
54ca2e9aaea55320,0.46567114965518114
a923278148853286,0.11763770243930813
cfb35f11977c3be6,0.0900273425920668
aef8a4667274a47a,0.036793139328268776
2c51172cc4d5eba0,0.04765139365185956
494446d84318c9ee,0.08714215660436306
aa652d97612fe50e,0.035717165863018825
baecb9e5cd4b2907,0.1348848976129624
c29488c64d211da8,0.0656503164468375
28746b4c4b26d721,0.03435923303523883
8a45d03fa3989bff,0.07073847311108666
462b3e544fe612a2,0.10640130675546051
359614f152fbbc2d,0.07311765580142063
5e953db789137f0e,0.12788261959665
2a99aaa9555b3dab,0.11558767687862026
aa37a77bc447fc0a,0.18566880712728825
8c0d7f3ade155e48,0.03904747806571974
45b05dd1071039ab,0.2810367755315579
7e037c271c23576a,0.07273257010957675
9adb38d0576dec06,0.12158097073125909
532c84dea557da7a,0.1213172688423229
6c302b9662d3b5c1,0.08393135238478153
666231af023e8fd6,0.05981023946734451
9c06ef2fdb037a79,0.10408081381378143
65230a28464587f9,0.06274650849886756
b3ea4baf43182919,0.11406480130163431
c1f297271ef8cab3,0.04496335852115135
7c58e1fb77913d4c,0.17737364961942853
00ece1c11b40f8ce,0.03064425656396859
a820b5633583bac7,0.16224020483209367
b4e9165d8e2aebad,0.05953967667382266
85f20d358a8d6ce8,0.09795807075006026
148fdf734e431091,0.07008001337709423
67708062cc529759,0.10015178711991168
d764e50c36756862,0.22526890336896682
dc093657cc4bfbc2,0.11268916355742428
08c0597e111a2388,0.1062765382983594
58fc68c0720d8cbe,0.08379604995262124
387b7309eb20b505,0.1150786357401897
cca31a05a820ea88,0.16296859244830936
be7e5b7b5839a348,0.12253098109905984
ef7aa159ba83917c,0.09798685060709822
3dbaccedf2355696,0.058088506305639186
3774263bf5c9a393,0.06909314626925932
e830f76f4667709e,0.1148683531903884
c96965b10fe9e8ba,0.03868546668534502
aea0b2d75bb410f5,0.11226813575002922
892d778bace3f693,0.11324807378779812
f46440975132762e,0.21196444404866469
6084fc419fc10f1d,0.16073890230836266
c6fb1852daad742d,0.051461802596154516
2bd09ffffa247f82,0.07364799511414151
5ded576ceda86075,0.09731566024810026
c066afacb3fe3a52,0.10816680177098321
21e99c194e94917b,0.041654853975134784
7f4eef61767e4c67,0.03713169698507442
dd19efa057bdb4b9,0.04212397545488333
2b309ca794e9b11f,0.18131409347798055
8428fd508cf86cb1,0.10967867866544811
bd059d7efcd14494,0.12396097670521446
7fcd9aa10e5ab5aa,0.08400555844720771
9398c438c5fe8b90,0.06690773504784771
7401e49aee3edc69,0.11344318488124835
0520f17da71602b5,0.06736961746421342
efeb31befebbeedb,0.051403963377725716
df3fd48fd3b3331d,0.09799288544504478
14e14e2218536077,0.12431495200990839
1f92d25274d4f038,0.07891391115937692
7170ea34f6161e69,0.11090391355944967
04b0152464b775d6,0.09471436595034362
7653ee403f88ff26,0.10415016625781068
ee84092d5d680f67,0.18847494835109604
c41b6329fa5e7012,0.04092020937930891
1514f652f00c3b36,0.06561578063349745
0c6d11c69bcc6f46,0.07239070477908957
382f75d2edb9f457,0.17284018681031585
ab482dbf08ad90d2,0.09794411267564446
5ecd94cb7901e72e,0.04021553759201486
176da975d008461e,0.09920457949327931
882d984b9b9d8fb6,0.0717759333960016
efecedca199bc74e,0.1005827254117753
5f185fd802f0c00c,0.09862214581356799
b7be75c69ddcfdc9,0.03324020403978159
4da0a9696b2e9612,0.0685897088080746
755bd669f9bccb8e,0.07367768587960796
dc744a1038657389,0.08406849275593396
f5565f23a877bd69,0.12445438170201582
45485cf629983a40,0.17083946306412523
9d8248668d721756,0.10099760290081382
7e637102a104b616,0.03773457310730605
b9095cbbb40751d4,0.16758021289317768
b6f5bc351054c7df,0.09355280749792344
d08fe94fcb0dabad,0.039829622254449554
edb4aa5de0832a92,0.06439704290655886
b142c9c1185e5f66,0.0653175745615172
1473309b954d71f3,0.14879751747850337
b604a5e504b627c0,0.22738440620363773
d5d6a72d9d2c827c,0.04346101759657786
aac5a801e8926a83,0.08898490809870446
45b600cd20830ac1,0.1213678987490596
8b6f8e193f28c495,0.0604152399223489
9cbdc55a60ad3994,0.03951094827269643
59cc8f62d55aab98,0.03521998761702401
42f81ab5abcba09f,0.10570929491449219
758524a5d6a74122,0.1287206074950453
0acada29c4de07eb,0.08859674984236696
6bf56d0ceb2c1ab7,0.04660745834017706
03b29070bb68828a,0.039379062463345306
2f553bd8ba413efa,0.03501775068960403
c3ea0fbb29a15317,0.07874393812728964
797edeb1c8a9c95a,0.09789754581659334
beb71749be71fd3b,0.1206776737999205
c660714dc6059849,0.08879279301455882
549961b37bef9764,0.032960083280344006
dfac78eae9821675,0.036669924630776334
588c204b822eb2c2,0.13313125106022602
e96e43deab9b69f6,0.15736906538971385
9c9a726ae65647b0,0.03713703167614183
58f635ddafc61c78,0.2221304511399283
d40624f11c720afd,0.18272887377602076
73575ac328053efd,0.07711321450972505
809a4127b076294c,0.2358612843095947
d476e643d990be24,0.03357377209923574
4d04534027759be4,0.07535019205290791
72c2c7664c8294e1,0.15273170511328
d3bea4fa475618cf,0.126956593089917
7af7100957117fae,0.06399770970571594
bfeae03c16252052,0.05923688419657472
dab19b0b61104952,0.1386903438831661
8b72f86a4e6a970d,0.13522849913945287
c775b6de816c5092,0.13138332619810686
0de6dca19e114646,0.08573247394260335
0ee2b0fc31b7cbb6,0.038296827555667726
3363b132efc51b9f,0.21558311210616715
ee924a0428a40a76,0.05138965232693117
ac3726dc72e71ad0,0.08362444117484591
374584473bf4cec4,0.064573627653338
e6b8e496d903523d,0.09169355590298156
8fe009970d6cbeca,0.04561192980787614
b03e574c8770e9d1,0.053205202117707726
27905f95e6931f22,0.07201638103580874
8099a0f72ee1a1b1,0.06552926809161377
5fbbd8a6f4ba3669,0.05243822212187613
24033a02989369f5,0.1521457453278105
223faad452bc6598,0.15731941463494176
c5c13adedfefc67d,0.07227488819021954
ec24ebbbc53f73ce,0.047914288219311076
3a3e4d31cbad45e5,0.040365798648843425
79763f9ebecaea1d,0.12989371094111424
46806e41926c192e,0.11004244020224935
a5cfdf6746ec5cbf,0.15644869260999913
0ddbe3ef0aed551c,0.05201048736807386
b641fe7061b46442,0.03317668718373441
be98835c447eea49,0.18385317802248166
98aa4160c7876f0e,0.18952352556884114
0753638b45dfacf0,0.12483232569433107
e938301ba66e78e1,0.11649246743609518
64b695db5b68b91c,0.09613247955742707
2797a5b06b8c68ee,0.05088252873689006
aee53ec38b7eb6f0,0.1620492493443818
d59b57f46a383c1f,0.08493391065509284
8c3a505dd927009e,0.06732494787898094
436e01defb530baa,0.03140352829764968
2f54c0acfcbfd646,0.15436584787535043
20f15dad96dc92a0,0.06195136723855761
8a16a230e343a296,0.0785376310296288
fc511072e8631203,0.11596289966449823
5d976c71ca9049f3,0.1314386983767974
b207e579713d5841,0.3943479784098714
ac03eddc2e2fd2ca,0.13667601349075312
6b1e6ff0118fe59b,0.13825298571975572
2cc92c1f6bdd93d0,0.08812996751003499
f651266acfce6c0d,0.07155468503550712
c3b49d19c43acd64,0.052513154557511044
05a27ebb8a82cea7,0.27270631877496526
f32c511446a68874,0.049614005347127524
108d6b400d52aa73,0.125338682277208
7e3cd0895bbfcd9e,0.14941885695234006
2245ed07ee31662f,0.12928432861741554
c81aede118be0e5a,0.07287948198541272
d664a113973613cf,0.09858948147192267
2899dbe3769e8b1c,0.10789151221895035
164d8c33239c5511,0.12009838074566306
e753bb93c30cfba0,0.14827588607830744
4493eab669361ba7,0.06594293911582108
4e55ed26dc79c3e0,0.09116029327882028
1d2f7db4504f10b9,0.037294449784647535
9749ddc8b2a3a385,0.03501644804039531
9aab93db4ffdba7e,0.144699120678778
88558205521546f1,0.07030748503293266
02a8e05f667b2fa4,0.0712564624653297
f95b0bb67413dff1,0.09875322350285416
b821f8fa7a26d286,0.05327962302450109
bed1456aa64d60fb,0.15108235665669906
685b1294dc5f8cbe,0.13720573099913444
79a0510c936f5eb5,0.15031166936970394
07f28f119366b484,0.0536543095166889
949af0edccb8d159,0.15385028867146822
9965f63ba2d41ed4,0.049654363310213216
f635cdb577ae5471,0.12858307820955495
6419d144df4c87de,0.12175810027511348
bc7f2dd2340df372,0.035339641926719734
cd35e912794bda2e,0.0646865274677463
abf3b6dbce73db98,0.06478498788343083
4eeba8a4c17e4351,0.09238606378650724
f612b9af4ce98bda,0.1804468382213854
d8120911733689b5,0.06861374066054983
723bd2532e39f731,0.11842415229215408
3889ee7a1f5fd62a,0.10576078580555695
66ffb196fbbb4006,0.06138229769258701
53a1c51ae93d0e81,0.11908134706543598
0a4f5ec5f9339110,0.05335160103461126
34416b6b8b600a61,0.05542090987122338
1e0b561b5df0447d,0.1256056668498588
43e848bf56ec0bb2,0.09466092128853765
1ace2be427eaf92b,0.05529331344735697
e24ea459233ec078,0.20789614554325198
e019c487befa7761,0.0279632676395029
7734ddeb14b3d277,0.03506429633634027
1961aba76570acf7,0.07824624872528772
276265c86a0e2a26,0.050076633771264575
4fc5594c301766d5,0.11270559328520488
bfd20f3d76573073,0.0965686015043548
8526753e065f5b50,0.19535253761990357
5c03ad68783d0d61,0.052783415756863114
9c83e80d019e0f5c,0.10366755691523233
4e6019e87ab5ac6c,0.1131831143873894
dbf6023ccc73b0e7,0.0529159056127356
fb35b29ad551c9c9,0.06591713217869224
3ab9a4e335cdfda6,0.08540035645412322
86fa9d51e632ae1d,0.10135805200818787
ab30ffa9ef0220dd,0.22559359505017051
ebfe496544b5a6af,0.13622425630642798
4cb026b93d1e4edd,0.06203787774037384
426a41478cfcfc22,0.07458946325736811
3e16e5f885a5764e,0.06285105909389366
dab52f137b1ba008,0.13684287614589566
a7e545c29eee2bf1,0.06956879422127323
6a50159c50f7f9d0,0.038175303470460484
ded3c69308607da3,0.14539010226937746
921388faeaacbc80,0.25560151580856033
8c90e1ab4a546bcd,0.07440075362130599
31b1827fce88917c,0.040926879522690085
d97cfaa40be224a1,0.03920724265488762
b4dae0ea6d15a25f,0.08339804732990633
ffb033e54895ee3d,0.15590820635010216
2b625e5d9c22b0cc,0.06474405522243629
87605745817d0ffd,0.030529227296630337
9717417666a66daa,0.06629467141637833
3267d4ecd26e96f1,0.05322448662134756
3399800c4f113d8d,0.12378217665394584
f457366f48f27702,0.08049368155632236
5a6c4f9b661a0ab2,0.1298225035798511
76628bf9d8b6b0e6,0.3674547483314593
997a5333179da7c1,0.055256216358193035
044dbb2023ecc53f,0.2096086759908518
737497734f709843,0.15927618738814428
fc7d05c3ca74b0fe,0.05505775262454436
f5b74bbaa8085255,0.06593708897190013
c1d1e5c41f539d03,0.09736082385374485
86f9c72ffb536f2d,0.3588631570947971
95b9d46eff640109,0.07298944202606845
3aff516939a3de92,0.06774896988491896
23c1d6b14d960725,0.029154933735226214
0b0950c974175a86,0.07866351102126345
e94d8ce0ed816caf,0.06778795843347274
037bc4751346a482,0.10853956726199955
d43c5617c5e69df5,0.24731738562898442
82c6f27cdcf850e2,0.16695128091164801
7652727437cf5e6b,0.0532184947281687
86f089e7c7ae0d75,0.05974106320974314
b9d7751ccd00d9c9,0.17763349474379025
0a079836e9e1ac2f,0.07978770768230356
90461cd0e33baa56,0.10827220625059719
825b16c4984f4382,0.12955701664548022
9054cbcd60dd433c,0.07821315175071224
770e4ea8a1273a1c,0.11661092992044672
518ad8ed2ff052f7,0.09821286141902741
f12c4df4f05fb6c3,0.054913231333238374
95a9d1c987aae5f2,0.10895419342883522
1d60b64e1441c91d,0.08455786066819056
84ed70c1cda568a6,0.07963849603638988
3d6e8f3a5d06c7a4,0.053237150127813285
eb1779538632b044,0.052160163036904586
bcf84068bc4b5615,0.08636724590744597
3dceaab87e5bd6cb,0.0960046607808592
c86b418e43874d34,0.09406587604502135
95397751cf365c4c,0.11161765503299487
e80b64dbd916f780,0.05476990750711225
d2a231ba481924eb,0.0864264249916192
e86aab1a495bc94e,0.03740746270043149
4c088c5147f6cc2a,0.09329453725060065
746c9771aa5c751d,0.08791348991842139
90005adf46be6af1,0.03208166211117632
78338f5a63e742f5,0.12785486917811237
9c3f2d29681d0d34,0.12960967349224747
f93fd851b68279a6,0.17669577063366398
afed2c838b247303,0.17782120680960492
995d752a3bf1fbb2,0.08663635555426367
33609320e5c7578f,0.056983507728733555
1ecda15121ffa27d,0.03616192757171928
47b2accb2f516cd3,0.13999855436109074
5571f2482997d163,0.14129499980539284
32897e94a9feeb0f,0.19319146505163906
3d5fedc7f245d35f,0.0777845579020015
1b4707947519036f,0.10014507312360175
3cee4d33cd4686de,0.10411873155860177
155f6d74191258a2,0.10697073833479664
3ae6a0b3d379dce4,0.0808575216468564
dab9de12664f7b0b,0.07411725276806136
cc73e04980d2167e,0.07308627610689111
be7f0f5d2c65bf06,0.09980501440233555
dea114b428048ebf,0.0351959273338045
deece306851a2a78,0.06404442419908296
d1ce358b8f732eb4,0.06241811090935841
e025d916d395fc1e,0.12917229396081045
f50d9be3d733fdc9,0.06967641083967314
a6c0d8fd193f76fe,0.08683935401725244
569e045332c790a0,0.12114370320494089
977114ec6d208ff4,0.03638143685116184
17faede0e698eb93,0.06849448438002337
0610c3287750d822,0.11105685602959041
58e6e26dd56a60a1,0.04037171999172814
bc263b5b32d9ae07,0.05330871980303502
8894323cc5f185da,0.03737628124037197
e8229221a1595393,0.05066453191134451
63c589b1e27997d2,0.1196801996320224
fe21e0f0344dfca8,0.13313502342442465
7e0194535136acfe,0.07695344630294294
cc859709caaa52f9,0.04150634729745813
56e7153dc35c0573,0.054449639182328535
c76e1ab42940cee5,0.09290299838807375
2ed46ca4b8d10516,0.10361276526252423
ae2f86a0a6c3b696,0.09601678965540453
a05d11d463a21a32,0.05679379672769941
89e7dc0647f4db8e,0.13398393294450162
80934ce845013628,0.08993919519047323
f66422247e89d830,0.11492433727128007
b0a301739cfa2228,0.04627811364285789
42b93c5a8b628ba5,0.07216796948370399
f74f1673a45ce9b3,0.10814686984459479
2b76aa4b82e23768,0.08043023933951728
0d6190a27ee0d6ad,0.14149447689073727
7492fbffda1eb950,0.0749997097120862
35355c2d5692cdbb,0.12420843104662499
de976dafed9c0fc3,0.12316109562220483
e2601be919261723,0.03338561966707789
f56a91dde5defb60,0.06271013023725416
1a9c207021895aad,0.14763796314241026
86ec8e715d2efa2f,0.09647085022501578
7762b73652848f92,0.09856268984289779
ccd34b74bb18d71e,0.1336109102907542
eb6c259855aee52d,0.11551150226502259
7bfe956eabaf5f10,0.07436217455744705
38c6063d22fa4f9e,0.13826174398269236
46b7352aa3c8a1ba,0.08841249889980039
049fa3f6cc3a62a7,0.18899846496389644
5f77b44deef47d28,0.045113204864180696
27462f3d6cf43575,0.08416762066509637
ca854373b937b419,0.14423498534457802
1f6eb5f2da254111,0.14599980055026296
9262bb44aa7937b7,0.08565921119499649
d81678051b65ebc4,0.09958462758953737
0edc1ad07f4aa86e,0.15472457143396454
a8e836b90034f123,0.05248467836815439
c729d0e49b2411cc,0.40708382171639806
db925a43365c86f3,0.09235115210534613
1cda28c15e8e4170,0.12413882208714912
ef5a97a20c5118bb,0.17855538816507815
4b990b98ec734989,0.1738753781377617
a96f328dda3bc98f,0.08905111796704611
b467b21cee5c9a57,0.04643968637493606
8c1694e84b06dad7,0.06187224832441125
7b038881fb7ec965,0.1150967549122428
60e46ceca8ca6531,0.061888324416427845
be2e51dc6bf61727,0.13897747021410783
f1063bee63d2cbd4,0.07321156991679195
1a3d53e660017625,0.07256645619348212
6db1dc15ad1e28e3,0.16670377667379863
34f0bfc533c2a23c,0.09885361666480541
76e738496305310c,0.06783673284320217
a76e95f0a09b03d4,0.03343450801820067
6a0d13d3e413c0e5,0.04257817029266374
e002702b095c4d9b,0.07901669767377727
435eb85f778a69f5,0.04089109941906081
5584a339491f1a03,0.12796764720840922
9a06cac14b623965,0.09414581010897143
b199a982f9480beb,0.2092788787707075
e32add368c6de44a,0.06586784393859724
34824decbc66688c,0.05891232971160317
070711d7fd9b7ea3,0.12387298846601366
a1656b509ebf749c,0.23877967927369237
ee96df140d42129a,0.25219715901936235
09fb51e0fded24ab,0.08704815882959253
77e04872ab10bf20,0.11523356760150696
6b34ce0940c8c237,0.1514941228686849
8b94f16483f351e9,0.11786199602399472
a7d4f13860590306,0.04053202463247182
66537bdf81c41f46,0.17836963450141657
3014fd36c07b8950,0.12002454545714528
789380ce86c031af,0.17051504682377974
dbaee9defc780591,0.10978661986601038
bad0375f198257db,0.05466314685684408
a7b766569c6f66fe,0.061489552539016556
efd3fc92b86b90cb,0.10741323154264314
3ca6e7825d948c12,0.12370280424448983
5c73fed8f1d584c0,0.07228325499045131
cb7f45c4ee30e84d,0.11024474605569962
aac70ac68209f1cb,0.12407379729447221
fb253a15132c7c36,0.12044722870239238
4f1ad3d1864799f9,0.18217685003238904
06cc890b7c3abdd8,0.0470767578682795
48f5b50b05af6685,0.04205559359355096
8abc163b25fe8f16,0.04402621014892896
5220ee550d303425,0.13155597131697716
8f7e85307eb35706,0.10523573462577693
dec525eaa4588cc8,0.14301724505718974
8a7aa7c3acead22b,0.1153419128829674
0618f0627df67711,0.1260944730230641
5d9929a965640bc0,0.10493947762137279
b45f8124eea44b5f,0.03500666813913986
32e371f83b148fb6,0.16578190879987756
83b9c322c9febec6,0.0820467161559715
8bb4d82df107f45e,0.0894697071194835
cc28d0d6ace393b0,0.08678136915244553
29c17f03906ad1f0,0.07977953493554271
b10cf30c243ed8c4,0.15335818416615293
85c180d755530692,0.049163188708681
e9478d4c11f48523,0.03103043368331664
329d63bfe65d67f5,0.07417289020150819
4e7c7fbcb6fde9af,0.03897349867259854
1f2d4ca7586d9ef4,0.047049562692631886
04ff2418e503eb55,0.13575706635608747
5807d02f74d22963,0.10911317242293017
23aa15ff2408a5ed,0.056812369007787474
5c3fe62807fba6c3,0.0522097318162205
c97a3c1357c537a3,0.12082075199061817
bde91246f16123d6,0.042970505508827625
dfcf3493677dd9ae,0.029378912013368917
4a0cb390212d6320,0.13534215619719106
dd48f98a0e7c2640,0.07939561827974129
21669e26853a5beb,0.11841114699050562
c4c279dadffc28bf,0.14365686269689326
27f99b00db0702b4,0.04190111247259465
823a471435809e0c,0.16883748719426475
36d9872df73f0208,0.11227702549124007
69b691bd3b11f565,0.10551068256019239
051aab7c376493bc,0.0332285565456224
897a042cdd939f4a,0.16367790965430276
16e574aceb37758f,0.16280298123619577
7acdad670c7e177e,0.10934875929067517
af7211a4b66028fa,0.05621772283490981
3b768875237c8195,0.12267890355735148
a9e4e55b286f1971,0.12769019675660515
1e42f2e9ad67815d,0.057954005106350744
0d527f8f008f8efe,0.03110997437518629
4c2ccade1925c5d7,0.10513348413985174
b3a98dacc0702405,0.044509286292843175
9b8e0f7bf05d953d,0.03560906180919966
7968527b42656286,0.050683611324598914
caf14438584b43fa,0.04408887519071414
31e140000e0bf36b,0.08567047172964558
336acc52a893cf2f,0.08753255840035684
bce6e39fc4407c93,0.03791261986269357
d5e58bdbf23f01f5,0.04236313377259888
1ff7a8ec347ef2c7,0.05992960120534784
ce432d29b214887d,0.056776468498787716
44e820df9233e162,0.1103672370280773
fd036d6641276c78,0.08448153454963535
45c36909115a7b3d,0.13313809372918048
0c18ad3d4c7f25b8,0.1485012615746384
4502d8fecdca43ef,0.10998305303269615
9bf5cf3ace55851d,0.08960531786113159
0e04a1cc15af0b5c,0.030985322644541822
86bc772734133e12,0.10265829269768457
76fda8694024d3e9,0.12573919434444805
d244839566b6672e,0.09581067913675784
e165495e76c8691b,0.08189210310978808
18e8d9f4f0ed1ffc,0.05322404361504045
c198ddc9a1a0f0a3,0.034630084219350356
4f15b2cd5370863e,0.08148347147094281
5b71a33a75b4b41a,0.20720517427183316
85211a41d91dfa68,0.1175694760419701
31c3ad8e554acb99,0.10527101164188649
f05e3b467a207ea7,0.022959362311252413
20eea1cacbacd917,0.1576135804071705
338ac2331272bb7c,0.0970276313514926
e6740f272d44da83,0.17010452209926397
9368ba44560c50d9,0.08703305638098745
18e4039723086124,0.10233719474966958
c935d65cb1c5cfc1,0.06368912955566584
dd819f141dcc8319,0.042195538557481996
90488975d041fada,0.08431088651077713
a5aa463adede1f1b,0.11536522536965356
872ac9ef6cc6a618,0.04820307592861965
ae4040a11f651b1b,0.07368813114084181
468c82067304eb0a,0.1451785423642611
cb460a2bc70974da,0.048244673494337795
366ae30bce6f5b98,0.06637375327865433
7638518d282a3163,0.143244988189585
633878cd7103f469,0.08844881474664601
73b8cda0da8e3c6c,0.08046801223814518
b24a01610939d7fc,0.036242685337455685
99024e3163df7833,0.16498800814586478
f67fd1bdae4a88b9,0.09701058189695556
bed6a87757540498,0.0617415436200593
97afe9a3ddc497f7,0.04741132707986233
dd9f348a3e019188,0.1007492937943749
34946df4f3dcb0b6,0.14444003909875064
9444819c9eb0c9d9,0.13434995599087085
fb4483e1ad010ba7,0.029067174320511403
00c68b30c299654d,0.1174159064873143
72515cd3d8b3aa9a,0.15419849733631436
908510f96be347b0,0.13328507558251002
99a21c81b1b48573,0.09295051361941922
22f68a423b09a5d9,0.03905853721735768
e7f04cb37080c9fa,0.02950308962557291
dc02fa202a12aa6d,0.06404188901178762
10d0b7f586529eff,0.03396714259092436
ffd7b011eb85f998,0.09909306641374845
e621dd32e1b264df,0.058944485454566854
4af1a1f24964fe8a,0.05538724423463341
811ce0830dbadcca,0.03131946917720202
19f0e848aacfeb93,0.12780622953243903
8d3f02ada61029a5,0.15823350103647832
1e2a07a17f935db5,0.03944909719238184
32328db851b10b18,0.06898332105613555
9ee145457cc792ea,0.1720768412320811
ad8df560233793e0,0.05714618416689054
d22762aa0ca69d56,0.09257735942261455
f8355291593dca46,0.19600712400583764
0c612654e51e01fc,0.04127684516793811
ae7e23426e25bea2,0.04129861538315413
e009b5beb1619a81,0.1499009214871979
520faa13a8c7065c,0.1686120822450611
b5f1a39aded71e0d,0.03372601783822715
de6cb6bc5b8d1640,0.10922337877512936
d51fb6ba7bb6913b,0.16355393761892023
a1375923af03ec27,0.11405868608207978
8c4b7d8e2bf037d3,0.0773452348499089
681405cfbc0dd97d,0.09198787959909946
992164c7365bc333,0.1492251060375652
4814a10f30ed6822,0.11391853499612521
f125562b955f34ac,0.08206390869487885
8665c174c23e0232,0.08174659437727774
c03010cc5ef028ec,0.18943624538248408
d2cbd396091301dd,0.06454663905678236
c5b700f429ada2a9,0.07155128893791139
07d97ad7c5757563,0.0463570660017804
abe88bd25b74cec2,0.211646105142515
b5242ec51fa10803,0.06007689349610205
504c204a4b07adc1,0.04647799019908298
eb3e885ca8381431,0.08941768275522138
88019e77a7570235,0.1352176536832049
4f5b5ab494b7fa3c,0.12253465270804324
ff857c8685376696,0.12406926485901455
c97ffff5899cdd5b,0.18439416107772122
06d8545946fb794f,0.14518177799138593
86a18a847664c8db,0.09404779297320202
236b7caf60e83702,0.05675051022191145
b7362d1c5e6ea485,0.08331884564613909
75a194abbc3951a6,0.14321892261542868
0739352b03f43601,0.10637173823828444
d5fb0ad6dfbebd36,0.04448530031451264
ab3267950cbf32e4,0.1140742259197366
061b96409f1ecea5,0.058673152497771275
77507cbfe35570ee,0.036330865606277
a36af5b550eaa873,0.09968612235981546
9ea7c406af2ba7ab,0.10297176487483624
f67f1e53508bf00a,0.20190689587489558
c1e4dc287c41d581,0.04949953439462214
a53a53e86b02f37d,0.06082790263776483
608291782c527827,0.0804754397447971
d0ad07399c84455b,0.10316725531489136
fc8986567718f61a,0.18479191372435222
5dc1fc6a5d643435,0.13786828606804535
5c05741c61417dc3,0.07709669657328469
d702bbe78e1fa189,0.040982248461354044
e781540ac8518204,0.049779692831357275
7dfe0b8686f2f32d,0.12217208906314522
150a93d31aae72a3,0.0681563819749763
6eef12e9a09066d4,0.18830954959646262
636152d21bd16667,0.14833761304754228
c7f6af439da950c2,0.04197249708608832
27acdee466fcf485,0.3646288016179252
a8804fe9eee0fa90,0.04326558738554227
6192ee4938021f38,0.15331618300413538
fc02f9550afeac41,0.034238602266581146
7c9ba87d30178a3e,0.17417352232574382
a17444b2e1cdd78a,0.12439077800666246
83df6fde56cebe4a,0.06314755508673567
b35110acb0de3b77,0.13448666207706728
9fc1dd40acc8bff1,0.1450849626248814
0c521eb5fabcd49d,0.07319586844418219
e081802079fcf55a,0.13013097629435208
12aedbe868f79776,0.03372602307970362
be8a2586f0738799,0.1432365277336174
077d63174223dbbb,0.05449525943912164
bf95a5f9268fccfc,0.043673980735322984
51ac7bebc69eaad3,0.15340942601557844
823b8b0cbed56665,0.120166058780689
7b06037a7dc44eab,0.227296197834533
c3468f13ce305a3e,0.19890875409821185
82906bbb278815e9,0.045228869853368533
26d93d94ea19b1b9,0.06269053475318544
d59469ecf7c3bb29,0.07135706567057752
7db5fdf7d9e7b81b,0.08616819183592464
251dd43cde3297db,0.08407056908818825
cb1945985d64f4de,0.06846383139163134
4eeb92e907af170f,0.08247269030232265
feb8fa429dd67ef4,0.12282229641984177
4de67c2419537ea6,0.03781844670346943
538e4f56402af36b,0.1585507907967984
a4cf878441380a52,0.12117651090282816
96be7b3de04ff62a,0.10394392074101694
39c3d3887c8c1a94,0.04782889941917305
1921999c1eb2c5c0,0.10516229215637682
d57e9b30000ad4ad,0.12714721998157813
7c4dea060b3cac3b,0.14876443513825344
b72576d562bd56cf,0.14882471731637525
e1b21c89aa287e10,0.05156053413209111
ea91d426f07b035a,0.06257163690483357
e3fe0ea3b0e68165,0.06799898844743332
733a4e55740edd52,0.12876100383129588
e3ec47884acfc533,0.2353015731712286
8b4fc284f4d71fb3,0.1534167167849479
ecc8c2db5ddf594a,0.03470176999839878
6a2e9bd8a0f89c66,0.0796900219343295
330cb959caca2412,0.17627896261487414
d9ec4fb651c85ebe,0.06598226207613789
059f9fe46af8bf1c,0.07592734405152984
3a4738e51c5cab59,0.10759680175241879
2defc05f8aab4fc1,0.1698418484676063
5eff676251527676,0.03677377894476667
fbe244ca19447d90,0.09537680505372605
6a795f7ddcc9922b,0.044724204163262254
31e47d59215b37f6,0.07434292816614273
dc507cec24e10ba0,0.13278251928972698
a6bb01f0933df044,0.0446191070398411
8d856f853ce1deca,0.09084479466418989
6da96325a4517519,0.07660725031929735
1154f92cf57d2532,0.031438984370095804
f6f5511b39bec2b4,0.03426901320283573
52b72c128d8d91b3,0.13475756462450147
75e7fc7c7ea0f472,0.12973355029943234
197817ba33606b5a,0.08637231413672374
c1951ebb86cb1446,0.14389659420320566
c4c41b18d788438d,0.12343183344944438
aa26bb9dcc890fe2,0.11908849138750927
c2c4703ee4c876c6,0.15970347009833386
4c5d7e0beffa310b,0.030381130787816464
83c908bdb66cb2b3,0.12511776194573082
f5402da16c14957e,0.07978888836120848
2ab80ba80d56a41d,0.11213036141349172
1c6b71fcf804ee07,0.1257877060735
2f3e4501cfcf6dfb,0.10648296542512914
e6dae542e381015e,0.044344793700604804
eec4124d10360067,0.04368478902694328
9105a2588a4a2770,0.13213905172054619
130f75788d8a46aa,0.06462145793965834
8835b5e539659c18,0.07800374499817744
d219e6e0ab855f68,0.1122768297977402
0723230fe86de14f,0.1207593519399286
e81853b0b0f8c271,0.055320888257261405
979af46a1f611253,0.12171032031838
945f78f066a99193,0.07451282718642117
9fd22540f39891b0,0.045829735394339086
2631c1e94bf99eb0,0.1686837442610584
41d6c34577272404,0.056525533404526235
13285c2b73770aa9,0.07417668616953409
1d2b2b68357f4992,0.05258934815720975
5e3172665089f4f1,0.1663611095141886
9f7be9231e3552f7,0.14072779784643932
6e458ab88b4204e1,0.04425680142934044
10739a7eee3e87cc,0.04490512480566222
a326839f328dce7e,0.16756060346362453
2e706184335e4bfb,0.19091179837242042
e10da35ed5233e23,0.0388154877846086
85df2a159bcafca0,0.10911502763488404
7e459f89aae58555,0.05751167253451202
c5733fd52fad180c,0.10667682653810774
d78be06de4424dc7,0.033322167104418945
af782e55eeec3b26,0.1868237169645955
a5428b7d3e5eb0a2,0.07421331325144574
8d920a6bdb004f92,0.1923971681979653
f4be0e405024df8e,0.1572535696444001
d5059f8f88290d5d,0.09765431485055706
e368d0170d51ce4b,0.06722956554017043
d8ddb30bad626df3,0.06324114981223238
d1e892e5a070ad3b,0.058084434673567206
8a30b24e45c8dd56,0.09006149090816773
7616820e7f2f060c,0.04018826133163193
35bf1de33ef37b4e,0.169797093221146
7fc73341974a9c57,0.1737228131547611
9f5bd41b72cee0ab,0.061473450191958254
44e5daba8a615664,0.1380143905177569
6a29aa78116608ee,0.11717938305236114
74c36fa527d5e914,0.059244473382873086
65e5065a97a00477,0.09498935324521711
2bb9d6b7e64b8108,0.03344800497537181
297129de9133a71a,0.05040263510639063
e6233ca37ff20ae1,0.11424156450261583
e6c230b1db202085,0.22061807935898772
042447db024700a4,0.05336561680188569
5347f880cf1bb93b,0.08270400049509724
f7f2f5d41652f6cc,0.03391018815533438
71ccebe269774017,0.03614350693826564
5d89474915222841,0.05961080483466659
583b0f485ee37a28,0.056859982693625064
cc5a91f4a1b878cf,0.2662370664340644
636604af09feb6f9,0.03742109087915913
9149bfd2414e1f06,0.11498242526284047
69c71a71af3a6a93,0.06394355310126788
5cab1ef744ae1f07,0.09723039549848561
2c01a13c5bd11b48,0.10392639545705917
3dd5148c39f554e1,0.0512668973475385
e55b6c8712632bca,0.08808827703173107
1e70f997f11d309b,0.06935706863052613
0b5140a69c454fd2,0.04529120045219394
bf3433f1790ded45,0.12347422152724612
848bb9f5e15ea664,0.07324483900557531
ddec6d5fb5e1d8e6,0.16625229682121057
483be22ba816efd7,0.065983551530018
c5e5341d9853e204,0.06929869339292201
21afeb4d02745cb0,0.06402912299711146
214573582fdadc69,0.0840010822734836
1584cb670481cd0c,0.1629932117019379
a5b74fec60dff97f,0.20072234450318063
500761048fa68af7,0.11426417954568567
17911ade8f9db4a9,0.0942799698266664
0d5e4ec73265e718,0.12519433097849603
9a23b511d19c5b74,0.09172589623551039
b0a68b6e9b5aa0fc,0.11530201172651244
f2408ea825dab651,0.08205869410677542
c46a0253ce15db70,0.12173635251288184
280ee758ffb1d1f5,0.08245597581422502
f120c6f37766ad60,0.055684540297449764
f0bd6e897436f50f,0.06625073509280902
d9838a74cd5c15d2,0.03132401873125493
ef4f4beebb23098c,0.13888341409192542
81e1191f9eeac89d,0.10728182255851425
38a4b85540a1d008,0.05344026106210946
583c98e432bf450e,0.08702148414734429
9319566dff410e11,0.08319205835707116
967a61a65ca3958f,0.03594150433809044
78d063e4b7ce7f7e,0.06669207159298549
d2f8e62df2e4ba25,0.10748993462387424
810d2f780629077a,0.13470622582057262
3515d882b6639805,0.10994956654261454
11e50493155c9e73,0.2534392008621158
4ed708372af004b4,0.16269448995724256
c4e45da34ddf3b44,0.10668526074833387
c8a93dd49c2a92bb,0.17518868314252437
0db19fe44a9a780e,0.036783650130002225
2b3538d47f1c15b4,0.047058802375453575
c3310c72d9734462,0.0809725577895576
14085746773f19af,0.035329788116657185
556db80d967a1693,0.08119668779321874
43fc5ae409f4f500,0.11424193892544496
081a87f22c3b38c2,0.1483492832251474
d375cbc133ed4f4e,0.11178817821188336
5ad546feb694ad21,0.08382120281551388
4f93720827de0ed1,0.08587717552828893
3aa17624d6ff3bda,0.03770736520276303
9242e8dc12c52248,0.11766048857978961
6842dfe6284804e1,0.2131459874915447
0d73a6a834744d44,0.08764445811390359
0830204cd861c6bf,0.040211504900758296
66161f0924e78225,0.1130452136482836
496464a4d50db8c5,0.11073239999787825
06324bbe66728955,0.16355418962600488
14f78d4e391911eb,0.03991476612483742
2b82c80f72759096,0.06066323219274216
098ac1d81b9e8c1e,0.14884039783428266
1b76ea6cbf734ce4,0.037053017023043894
0500bc92e5b55537,0.051581384601068196
ac5aed573f280b25,0.07714853670711903
ea03975f1d5baea3,0.07276922418035342
88b17a552fbab232,0.11088851933585628
b8de7af9fcdbf382,0.16000576056665722
1200abef5b424cb7,0.02970058120465935
31b60e9d8cfa862c,0.050471889868223374
893db3bdf6bcd36a,0.1311070895153085
ceb6b035da1d3d7a,0.11280840313053975
4ec436f2d7284b90,0.044600885046074595
8aed9038981199a5,0.07758529694274734
0004c2d09b2a5399,0.10431117609956463
5205db0c297b51cf,0.09376702866195155
fa00a8d5645e29e8,0.050872586222582034
e059a125b2f75271,0.14118128522483372
0a245e9039a475ae,0.10578331740740338
f6dd2588e26ea334,0.13362067356363694
973b401c5b3a29bc,0.09993882217087888
3c3d0acff02d8d77,0.13959267135082623
29614e0f15db6e61,0.11017085044052735
59556138531e1193,0.05376549055844895
6864e194fe467f06,0.09224799789466773
92d1a78a0805f085,0.09727552591767988
673c83d5875338f6,0.15753684431124834
97b9da49283296e1,0.057150091723910515
8e266443d27cb222,0.06351403127446277
01740ec6cd7d3fe6,0.13621124490755937
bf22ef3c96b1cf8c,0.04123829719961215
eceff6a46e6bb846,0.0594802444855595
595cd3775c548381,0.051095986077257606
dc88015ad74c395c,0.06457844245709889
1d829ac1fba966c2,0.054780505344357876
7af5a547c0ff87df,0.053673930888749055
42082090188c20fe,0.16253182682785028
f7c6df36a4354bbd,0.08132350155744203
fa583dbce17dca3f,0.09008864503988044
31b430017b021b90,0.18114724796821097
7efc9cb13b2def86,0.1895028148708779
d06fda4e5bcfc129,0.24614249168962807
72cb2bb85767bcac,0.19137830897550948
50f1226e03b9f878,0.0635707132296671
24eed0e6d7789047,0.10123699267679404
d026da38fc55bfdd,0.06502133372181049
47c591c2bae2052d,0.10148549282240876
92966f857e0e8aaf,0.0642757617754096
56b22e07fb9e4c9f,0.224902951307979
95e7a0024d29a8e8,0.11506823538714464
77413f2ce0fc0b0d,0.07810132524947302
169ad5f354082bda,0.07470700168150732
cb6a3ddb00bb4caf,0.15935431670863376
c1351ef23bdee19f,0.05854145811611315
23e0eeea647bf809,0.08090313253662598
52cb9f8084c2979d,0.11816587594477665
7f071403034451bd,0.19568220709902046
64c6b8a675d8d210,0.09619140005045987
25bcfd9c6c4bc119,0.09438338864242168
68234d071437f6c1,0.04441602050998356
cdba54b09ad0a5e0,0.04575580649565588
8b2a453d25a9793d,0.2341286111785999
379b3cf15b5cd618,0.04281768074367208
04f8b3d8fbcd3c09,0.05567220708016796
8db2aa7a87a0b0b0,0.13006709452380036
09904cf5297e4c52,0.1278317231614959
e5d6021439d46003,0.12284016419075272
87a2e4212129d19c,0.17026416014705623
e218c57596992271,0.09227658721127902
18b98da5b42722da,0.09633955711068082
449920a89db3ac7d,0.13092170230871655
9ce041cdc0639315,0.104651712589844
722f357fdbd5c880,0.10911972040311918
d468cd43dc6a08bd,0.22152588618262256
9700c7a3ef819ef3,0.15593803472803294
b7f1d881f8c72980,0.04868716752646543
b23236c476c94144,0.18201820878416272
18dd1046074e1b37,0.07412519919313185
55f227029ee88bf8,0.060625295788692
5e3b8e365345db58,0.059370352037044424
d97a5d6269148ed6,0.06655673237797857
ec6dfb974b3c0b88,0.16700168368349433
7ff4153e9bc66bd5,0.16838385755566612
70ade30377aa52d0,0.11760877199763262
e81c74c9a5e64310,0.15114094682451773
27609b892f19ce38,0.04830313090362053
665fe4d9e267c32d,0.16210577201985155
e4efa861a25c36f2,0.14512314443704566
707cf306deb0ca20,0.0674530270338006
53a0fc682407a107,0.12271830168158027
4bd91ec011ba7743,0.0430456423087727
3b7c880189ffdf65,0.11879348760155983
c5f1834657b1d9a8,0.12758390385223903
60a043d7036ea402,0.05614430127511398
d69dc65f9a8e3647,0.11955990866180838
c3978282c1335961,0.12447257857702651
248bcc5d97740cb9,0.07647026806508017
ba074101d0551828,0.08872223166814917
f22fd6cc76b9eb99,0.03537019804511019
cad3b5acbccd1a75,0.03588786169178804
4e3d749c5d0d8b99,0.12428317835502445
1024028ec93908ac,0.3151076544595646
db5f96700f81e32e,0.1675859794735045
d00456f5c537affe,0.05248252383689187
ae6c9a4ac1923d77,0.050977158571581166
5c4ef0457f9b795e,0.0912368752188551
a36087b510ed1bbe,0.16701625694127448
9700dc3668cb0d40,0.03220053363591396
e404394c28efb780,0.09645691589980729
0720a1b755cf55ed,0.12364430522925485
035439e10d353f33,0.06509015104596057
53421be12c0c7d0a,0.14935393806949804
c76422f9c7f1c224,0.03494752337115292
ca75e192477ae30e,0.06893204205575314
480e9e2f5f6eac7f,0.12180180036007199
b1b0c9414a07e81e,0.03454677597426197
e09f31da0edae6b7,0.053896744691723765
9386dbd09f1eea31,0.08550295965409584
4027ad13f744ab47,0.16054478239417413
dd57f9a9617410f2,0.14999992749441018
53816ae08db4500d,0.09048397618991076
d39479f04b318c0d,0.12642919212230264
5223cd189c2850d3,0.07810904339167704
8c0a9ec776187a0a,0.03872765974757695
387c460bf9c82eed,0.10681968851998179
1fd31e1faa118ee6,0.03854636804864701
49fba05cb591b00c,0.048442305614697964
bd80ada68eebd0b9,0.07192969479864368
0e3f686f072a8a0c,0.06510517266744816
84925d826d461c4d,0.13433960695381636
a7badd0bb8ead7cc,0.09918723821575105
e2c838fd32fbb729,0.07068079124479987
3a6cf220f53b4cb4,0.10664631005086772
9dacb79ad9fcf34d,0.06941793671771605
92aa4c1f7f258a86,0.14215345275194277
c85e22a117db207d,0.04309552555524293
c5acfefdb9e64f54,0.06564764304894832
26015640e05a3378,0.08208315119645053
834b3501453f5c5c,0.10105169186594384
42af151534cbcca4,0.044799479905998627
6342222ab4bd07c5,0.17567091149405512
cec95d0eb86b553d,0.140409902548554
b4129a57f4c5c1ca,0.09572100418058581
8b51d76d9c838743,0.09846425605528492
36d6124fdfb6b5fe,0.0746073161116112
2212f9196bf749b0,0.18200629166357157
fe9345df75362fb9,0.1293483398452649
75774ccf0b19e8bd,0.038960832212758485
026c096720d1702d,0.13277424724236045
6aca91fcef83cdf6,0.10209847873713726
8fc4c42ef85eb9e6,0.1993591151313775
1b64496c26985a3d,0.03848115964494623
591d0017ec185df0,0.10210693343356246
028968c773b11f62,0.12442261771094194
3a09eb47d1ba4acc,0.0305173238726699
000019235d24a363,0.09772362987683728
ac5122e50d1ce8c3,0.08802750166030535
7d4feba02220abf7,0.03837165548934959
e59a3b16b4a6d416,0.1691820253740967
84a820be4f12f7cf,0.042361004011013156
2f535756a73607c7,0.19763149095599236
fe5a15197d453416,0.029271524298882384
dfe7a446a8aeb1c9,0.03651296095385923
0ba28eeeb91393c6,0.09365893517048005
6cbf1767b759c6cd,0.10677149538082414
a6e42b03d097a184,0.12115037747120294
da6efa9d56a293d8,0.11739142546621976
20eb958ac40ae3ec,0.03886387157121424
861472b884b8b80b,0.16654976704143548
83313fb5d3e30121,0.05878243328974991
75c00015b88462e9,0.26398804527404673
abad9a6070f32056,0.09812136637145824
dbb0ac574180786c,0.13269579535186032
1ff23956ddb48080,0.19564715547291323
1030748990c873e0,0.12357541631084197
3b392b51ebbe98a8,0.18341775325683637
9bd3ce96b5220545,0.053911836480619
e80afbedc991fe85,0.20769488393619273
b892e30bd65f1cf7,0.04475424752122079
45be6aeb64cd6e75,0.0785539767296563
10b2dab220d2112a,0.13794094382159144
397e2c46ae990a0c,0.06826019988367772
19d3b02c14e869e0,0.05310102495665245
cd4dc389be000277,0.15836003994091943
fddeaaa21cf9f333,0.0784722676346177
c73cf810b1eec5b7,0.03942829878022774
2d89c6930c494b36,0.11824732305365257
731c1ccc4e036603,0.053047493445397324
a9448f44773fe67d,0.10917298813357984
89d7d09573e87744,0.21003883332592155
09a1c2b53c31bc10,0.12028146221094546
6c6319f9764e8514,0.2670189574053996
f56bb1ad09aacd4d,0.1462293032934719
a49d99323a265849,0.03872514700739082
3ee9be6434e0e715,0.10666703711190152
875debef7413e1cb,0.10692182915889106
a2d775ceeadd24c4,0.150639538006082
18c8aaea7c834671,0.28484934726606326
df0c46251bada9cd,0.11249331780102348
aab9add2fbc56aa9,0.04461369642192421
a6fc3e9da5c8e555,0.056312316403964884
f637661db81b90bf,0.18297414499878428
33f67c649066e956,0.07018510714531263
86c73cb2d30683cb,0.10880676010209785
b5c00f8557fcf692,0.08456528843680462
a2c9a8f18d345227,0.12951751615950663
5ec5cdcb7ea71186,0.07314381158590119
0f3e463f9177f7f5,0.10967283790637716
4e7f08dff5d4d708,0.10293268421210458
3bf84009bb5fc3d5,0.18014777318416814
51395fde52e82c96,0.151626077736335
11111626d4279259,0.06903362654136562
ae179d72addf4dc6,0.051065705234180615
e88ef89c0abd640c,0.0439743770177414
c514af589b1c5c49,0.04549972471791851
ff07eef5fb056c81,0.14556895110774762
96fcc4e5d6f59237,0.24214513258514353
28c21a0768568fe3,0.15374013522068863
73627db8491905c4,0.06843824203887475
99467bd1e0347c4f,0.03225719124831033
f68ba1afefa7c356,0.1728376002472133
f2dc825ecdbac412,0.04638393198137346
4aba146c1a03941e,0.04236662714864792
80d5d6de30bce75a,0.10261717837967685
07139bc3c4fbcf8e,0.1589134595764419
e20fe10aec859d4a,0.21072579385915197
7ede37b476b9198b,0.10111690765883613
13f259dd7b600fe1,0.049848420493007244
351f432cde665f41,0.04477147739789142
a0721905432fac03,0.19245743048187036
c64298a4451fa34e,0.10227422060045205
4498869b991b879d,0.13712889174035325
17636075cadd05b7,0.08339760357581077
f1a1bbb6f878a877,0.07432668101838152
0eb6903ad4fa3f90,0.09575459921904264
3188bea8d6f5b35b,0.15816513465100046
c4c409536eb6c51a,0.04234007425959803
d280dab3667294dd,0.10908496333472503
52c6f5f136513403,0.08468623252974011
5090d67fa1877997,0.06407175881887014
16b61b14def64393,0.11355145148440325
baafe2fb18314839,0.03512685574921635
4dd870bba94a4e61,0.0654763987215797
09dc62cfe943169d,0.036336104737748814
c479d440fcf7aa16,0.13912270275334304
8afc03aa50ceaa11,0.13872575291419112
edde45a77638faf8,0.03535344564690987
6d7692d9c32c3019,0.08304314827737155
5732b6767099399b,0.06838011472312054
17d91b5e97f3116f,0.04339094908234571
0d8f39533be9f182,0.13369742210388003
fde5949373183adb,0.18539076307969993
958e0e17661293ac,0.16939747027178276
c5216e7c4a482059,0.05249947896625619
903c649790deba31,0.044756327415557705
4a0069fc3386e06c,0.11565841667408691
a8ed067c70e68299,0.17432843569312978
2739c45027efcd82,0.10370413581228155
9cebb6633780881d,0.19821927568919473
61795ee62a8075d9,0.044368788454035565
58f2b934b0d49345,0.1308891049060097
dae79d85843b121b,0.02823864259222612
2a1568df2de08c44,0.12950761344631678
ee4fd2a6e3a78dff,0.09453888042720252
b757cce25b9c26a4,0.05388079201061951
66ff45cad74a6679,0.07082000954035936
b0017bdcd541c6d4,0.0535599502664023
a3f277c9b5c91e67,0.07333376248524197
a5cf1cd034f1cbe7,0.17034954469731045
68c1e518bbf4e77b,0.06496004399526101
39bc60ddd2106538,0.0908455242305281
6efa72d0df99c34d,0.1487132915602556
ba7209f117ae9238,0.15812088376242828
7c5bee138819f339,0.12576706287081957
0a18482d62e5cb36,0.11076923119673207
8e35efabb244500d,0.04961946954140373
43a9275d59ca040c,0.12845103682294023
481df5704a84657c,0.036223670964455265
4d8d82c65a5b6227,0.045393260032099945
f93eec03effd7d38,0.322081855974351
3ffdcb2a25a0754d,0.10823648923358978
95109279ae9a6a9e,0.12725560840527358
d6ee9c0efd68efce,0.08717480349837495
74c4894e7bd0708d,0.12494556844570535
d33fec8f45769c79,0.10688106169414699
8fa4532d6a6caae1,0.03964605655393112
3dff5467e3be88a2,0.13387126113610393
fc6d9a8363c4609c,0.03944990293704488
c9cec12908a9bfc4,0.061159110954907225
a971fe519809a939,0.051354909184687346
5ef5d379d20d65e1,0.08140477503387422
e3fb799669853199,0.13739456064509795
6f8c415e8466353c,0.08752692446245364
6a84824f0fe20d4b,0.0691508281430557
8cfc43e4b7c26f14,0.054719061439828645
de7c6a12dea21dcb,0.13696174909440387
d478e64abc5e2623,0.11335640802534094
437101bfe8957347,0.09906046672927879
6e285e3b9740ddd7,0.1309625616634808
c3ad227a535c2fe2,0.17647035704814615
8f43b3a85065f086,0.16144966559800336
90aa3a900822f96a,0.11651284799283661
c9000a6868faa0ce,0.1464121862429793
32a000ae2024ab05,0.042499871733893385
c4605d1a5e5e5f5a,0.117220186144794
892acb659d8cf3f0,0.05723207973951949
c69855f3bb4ca032,0.03386397891288652
edf73aedf6b35217,0.07527581447775272
8877ec8e52d1ecc5,0.04606053724225365
fa3630178cfa8ffa,0.0341179113052691
9f5f7129d1af2116,0.08049441012647425
5e7e17e9ef20547d,0.1386299970301297
a0bb691eee0adcbc,0.037406606711049166
47aa950ec1d03709,0.0747292849852761
89b3fd466c092666,0.03534342364348242
f58ae0404d156690,0.039778373560741556
766c4ba6be3c0785,0.11591131757929718
eb2e4b71d64f3173,0.1610194138151787
4912ee4332177555,0.14101695467764996
2bef19c70fa1eb95,0.05426440766070222
c6686c6fb6297feb,0.21407918701002882
67508ac580fa166b,0.1201171642736044
ff311f69cd822985,0.06749902134717697
bfff1dc879c76509,0.09772806970566097
3d1fb3f5ce631cd6,0.16705194631277598
cc268338bd6cf9ca,0.11056124183533522
d5798960a3e8183a,0.08320996681794139
11d573b74ae9ba82,0.11535293635484473
8c8705f908dede75,0.17107102331642318
ed2bfbed36ac2b84,0.11335646455242669
89361517fc2f10d5,0.17006618099268972
1626bf6a9e33402d,0.1367408159090625
549de17e617d4cb1,0.03566372066709699
241acccc8c4c5c98,0.1527075751613787
ea3cd2074cfdd18b,0.024963837971767655
3482477cef332442,0.11421987435284595
4f0e6d903964496b,0.05794473030773015
55f5ac50a1704cc5,0.09989412831085334
2754a911af5ae6ac,0.047496660330634044
f2e293367584282c,0.21355210413959572
2efb3cb92bcc9b98,0.03668456287483364
5896699316dc3ab8,0.07358634977568432
2d0483ceb9c643bb,0.110220676389014
efc8974e6723a58f,0.06960128246735436
a6a0006f726c94b1,0.13676777770849283
6f5c59612f3c92fc,0.3681824542884281
c78209036cd357a4,0.1929604632466435
db9a3030e417457d,0.03966662987022622
99988b482a1d195f,0.1473843844829731
52e13ab6586efd97,0.15590931387066986
3e8fbcc54eca7fca,0.07821893754333159
5bd1113a10668c30,0.06699411240068227
4bef48512ade85b6,0.0468198929507565
2882464c483cd0f8,0.061601623102464635
079b1ed9350bf75b,0.0895364559146645
7063caa968c586c4,0.06566660232021215
ec19c34addb8624f,0.08544044439143078
8cbafbdb15a9de28,0.06502612053110339
a38115fdbf75c1c5,0.11651739878100383
6d8390c7927568de,0.05012916260445831
00981f14236ef71d,0.1563567496975472
12f84fa2b4c572e1,0.03286091778103466
ca5bb700586628a5,0.03719900089758141
4a7058a9b89ae975,0.06139341366538093
878bc0b3326ea889,0.039951656905461735
57f748e3454293d9,0.11422242101046981
07949795ad3e2e93,0.1287415000832152
8cfaf8d91ea4f1c0,0.06198381294031445
0973b331fb200feb,0.41945177816973356
fe33cc8c6e5126c9,0.04844819465384599
95338421b02d6100,0.152233730179986
6d14e413603d239b,0.16345285375382004
8dd0a5354bcc36ad,0.15265606844448065
73e26e96853b1101,0.03893816729332433
1d9173dbd30bfa8b,0.2875993309647768
b8164626d047cbb3,0.10532421339359463
0fb7907993c4b37f,0.285642790667647
59ee8f98bf511a26,0.11733737774123632
0c3008cd7e493e83,0.15502191382911865
ca16172c325cea2f,0.03908764280490049
2bca85f81b167432,0.16365529857301314
22fee0166c140a09,0.18160721999585094
e2724c0840a5145f,0.076525967659122
f36672a2c0e1cfac,0.032450121344545974
1fb583d94ee99482,0.14647467143553933
02f264a344c830ab,0.1104875621643944
4da6645d6969cd52,0.058717668032015474
44dc081e8f45104c,0.10478295844697412
2c2b2f0c44e4f0d6,0.06419274357520557
36b10927a5ef8124,0.17664507498358303
c1aaa1a11b02c7a6,0.06681882537182043
052a4c4d54a4bc92,0.16201450666765038
d52322d3a4091590,0.04440455833529169
836f3b0ea82976dd,0.08666178476212222
76fb069dc8449b55,0.10702710582409938
9c73e1140fc59c02,0.05711205352424893
ae6c780a01769bbd,0.0937110099404727
ef3be0cbdd14848e,0.0459600929948896
3599f0b9c0feb095,0.036234720621527806
88664205bb714f9a,0.0472344027876091
b978ad9fbc2debb9,0.11106348348344745
c82c9b618c165d10,0.07071544286786356
0b15c07bf352553a,0.1462568002992903
7891a28610913711,0.12889433374872394
ad4639fd4e49662d,0.04270251490068867
08bf7df7a564e646,0.0731580184723847
7ed362e9d16716d9,0.04155471585181695
0ad5b72ef7c0ed2b,0.0847331725150215
511e654ff2a5008d,0.0844937185461248
c2cd9bde4b5e7a21,0.12659402630935762
5b3e02e26bec5e7b,0.13558366799992103
89c64c8f9efcecb3,0.11423641512829413
a8f6c6e3e62d6b71,0.059946602810029774
019cc0b8962f5cc0,0.14240486887786685
bc4e4242db6ccd37,0.03412685720642384
3fff2ee4dbde3d85,0.08996847897966463
dc37fcbe553235d5,0.0710380456823637
3bd0b86bbb97a337,0.059723568998652506
4992d9bc07447302,0.059904360330474846
bfdf1c0f0ba7cdac,0.1725345973144532
a6ab2d1d53fe912a,0.04412110932707907
1891df3302c7b348,0.040897403075989935
b9959e103e10b920,0.0880038601486579
0ef3c10f8c9072d3,0.08104087571238434
a10619d97fb76c2d,0.037987412558171486
0863a38392b70b67,0.07094604221800843
60b64acaf466a536,0.12309639254386348
12e3e5d6d9c41e98,0.13958486760833244
9523154e7d045c29,0.14918531032702784
c75a93ff5b4249af,0.04342045736061138
254953a015ac6eeb,0.17384466682399508
800fca2f6db1274a,0.03454992314736
495cb7b810650027,0.05094064462223327
32f2ab9bccd62523,0.07142860132296179
710c1a24eaeead5b,0.05457457224785547
bc05e8a0b1a36967,0.08647353077351454
7f9c858cee39c32f,0.07695265778039165
d943890ab2a0dabc,0.11995501657207422
e8365a58644b452e,0.12715130452550222
8b6555b1e2375ec2,0.0884637597727376
2d05b7a2752c3cd7,0.06149139677938631
cae674aba0ce36bd,0.14247566108417464
ded2185f98f5d222,0.16298317986934788
5aa4335a084d6172,0.11277450495813
ea84e8283949a22b,0.10889812246448427
e05b38abdcb5ba20,0.032086701795956296
1a8232cb16668217,0.038118452626688455
964453e5682c98dc,0.07745564107203677
6220fee3bc1e75ff,0.19401560565288944
44c74ce2f7dfda22,0.19338165694963394
0e420abbb67f6653,0.2573442443379739
381d753868abf15f,0.05266385554091914
c90e0c45f7fc22d0,0.035032485427001485
28cc75a35f51a8f5,0.1395000054924207
3ec9f6c06061e5fe,0.15488868271052814
b014ddae55b634f3,0.042565347476036
90879b42c1e54236,0.12595260145338627
7e62b4fce61bbae5,0.11049146265877297
6e384e2ddbb3399a,0.079019179466361
6f07849a73f44a97,0.19805979290470366
f48a2f5d095509de,0.11422779460860016
ba999a22ce5b3fa3,0.3055598816745947
ba9181802cbd9401,0.17210324756584552
bd73bd26225890fa,0.050101670240389244
64c38fe6742e3036,0.04916655416633709
df243043992dea1a,0.10485350561408635
0119114d3ccf9eba,0.16583346563909843
f21453041c1dbfb2,0.1371387784059081
65850a53164c135e,0.04608216854068859
48527244bf10d792,0.07551990646418583
cd4848b0c5d09b82,0.08439219528550113
d29250c293d24f3b,0.1253434558970951
8e49853ead7a7782,0.057797911215152376
c4468c09563855e0,0.06267985692734464
06fbbe29034b7d22,0.04671745277183064
85f4de85a28f72e5,0.1907343987470278
61a2fd323396df30,0.06017937635331082
57131a5c1fd27b0a,0.0818997337602268
97148caf47baee80,0.10592887402895693
bc00a7f9820c18b9,0.04888682069339607
0774fb3a81023543,0.10829353677106945
26fce92bc23cb74d,0.13463260531339966
c97cd71a9a738f03,0.09238977625218685
e241738a2d4f1fbd,0.15569015248992718
da7df03e550c90ab,0.0826198841680734
35c07da89ceda890,0.15071050268444797
5cf499e1908cd296,0.07955426899109246
d8e67e20d907c472,0.07679577357660511
f3135343f9e7c1fc,0.18592721758648897
35e24477ff3e4121,0.09411785004459583
ad3c1d21283a66e7,0.1080157501011764
fa88a2d04837aa67,0.11314181086153888
3d8cc5538995bbb1,0.02989822243208553
2cd57b0959ffa8b8,0.05708113022928757
abf05406b1a91bf6,0.41488594409758744
0f7b3fdc5d781296,0.15598168575429547
03365bdfcc4be998,0.07310668337341109
b46302fe840c3d5c,0.1071171248517406
b1f966468fc49840,0.07701259649624141
6adafe7e6a6e6865,0.17760643355706277
e92c7a5333472aa1,0.1163474179241249
7eabeacacbf8b37c,0.0931029175157353
655d9a938cd682a0,0.35442954383616126
a26607cfecac0d77,0.06828400152533186
8d29e784c2fbc4ca,0.18607358714331107
0552a72825b82f4f,0.06591840271507045
8db26f10038d6705,0.059184997583594134
0eb4f40d8b4a0e29,0.07521892533388616
a1caff7700882d18,0.17412081672122792
ee70a37197156928,0.054593516902389595
6de1b2f62b6369e2,0.14199333322474564
9c2d074867b45c86,0.0683705805743282
36c975ccff63cd9a,0.11327337648543849
eac85b26c054de88,0.12150790482778448
318d374ee2d57a71,0.10811247088023068
ea743176167975bc,0.09673721253597956
3ab9fd28956b4c1d,0.045728457479428594
478582ec139d868b,0.12469737705087866
fb9d44e71840eb0a,0.04618492757605848
bd4fd0a37b2b9312,0.11277274910085361
5dffe03302a0fce9,0.2225643958842434
d94e1f4138ee9631,0.08702376932962691
298ced22f474a1c7,0.1012296864975093
0268d1d90c8858ff,0.07434749520145693
84cf6eb7514ea305,0.044761524313905156
95d0de11255bad7e,0.04867586608292805
9df308f6f0758e94,0.12712467992836382
b0fb6fef1f3a5762,0.09555844434234109
3fe46d292459737f,0.03085062081819553
6bf62b52eaee324d,0.04537322330653161
8b6a50f8f0d1474f,0.15264812205869796
89833118f346eb37,0.0535564429339789
48fd781830adf147,0.16319402735654057
209845b666a00820,0.06662126641564523
f23faebe09506cb7,0.11656456433329807
5f9584bc58bae0e2,0.052788777076733934
a08d713f9ab75910,0.11115046526062525
5c4f577995e30921,0.17365531012637175
db21d37dde61a7e5,0.08747886373940059
d22dc3977ccf9208,0.07984398483813593
d0fab5e12cd60c77,0.03728772577187271
5293676c6774f75b,0.04727532730272145
d3ae1f0b7031a78a,0.05563111711277445
bf57f1265cfe2fc2,0.06826843527807071
468b54d83b570a50,0.05861538437538896
134c07b69f25f030,0.1024724715651186
2cfa14158d7d3661,0.10352023126475512
a87b1a98b2c48b05,0.08471204139423064
c0bed62168e9892d,0.0968540462210182
fc44e0d5137363f1,0.07838164308374326
1247308f81ebf41c,0.03211212815873161
083caac4b6cb4eba,0.12054302008656079
a9d470ae3ce0af34,0.03278068868137289
935c423d001e7dda,0.06557134303652883
d096b8795c71a6e2,0.17666155969911992
2acc0dd1e03e59b3,0.08794695226297727
bdba30d6e4c5095a,0.07688511360937317
57b0ac86659a9329,0.12734492146802714
23d831dd1ba487be,0.038155038381389034
628b14a47b392334,0.13162620113505782
76a400c7177ea365,0.06958441128454733
86ab9bf8f20612b3,0.0810979750921146
fb26e948e7444ee8,0.1435118742917593
367ec7e6bfbfc6a1,0.2379733838411265
efb297fa666f7cca,0.1598093053673762
0a0f715a63ed4738,0.08139861998089816
00b759c30fbbcbd4,0.17742341063075828
4c133deea22458f5,0.18461335631033546
b354cc89789a3136,0.11061338927829642
f3595bdad2050118,0.052998667279573676
2171a4f574746f33,0.10558171415594655
ce89301fff62a739,0.04589685959910787
f4786178a6026169,0.08765286130604039
e1db1fa3be2d2bde,0.0933576404323658
05b896a0d6b00e98,0.026204176787539887
89658e4ea0b49c47,0.15877920639577506
db78c841ae5796ca,0.07039866688134347
6af4698b636d1c84,0.08097122737741792
be3f82b0567a0962,0.05622586422351615
1dbeb642447425a9,0.03631133047928778
eec325cdb9dc0154,0.11414084397325074
cab58c1297ee8294,0.0919413496316984
97e9bafef493dc0c,0.061818452974753677
c738edb5352110f8,0.06736422647197343
fe298587b58a6ac7,0.1864789166648681
b01b2bff457f7030,0.0705816666903904
599065c0cda14c65,0.14232103172603014
feb91e47c3d327b0,0.07562287606030518
1b0d5c427077f7e9,0.10613072333523252
6c1338d0338c0bca,0.1440141093157391
aec29f6d68d9e001,0.03783148266406649
c6567adae6722bc2,0.11761051826306329
c6e04efe9811e16f,0.05623412268519021
eb86688c957ec913,0.10176219612756165
a450a6576dc20dbd,0.09146022261585128
b700f2322066f731,0.1759457075306715
a4302475b7326abd,0.16113567743490273
af5f8038b513a4c1,0.08225549082502229
0d73ab8c4cb1fa9d,0.16931113829368424
8ca59ee3a85773df,0.05324644757649649
e3f7ceafab0856f5,0.05828096623651351
2445f30cdcdf58f8,0.1144442014900407
23b0f57c015407cb,0.05395793821147932
2750f1a3f3525b16,0.046552126393612545
4d1502e6806c5f5f,0.07422565544287016
9cd2cc7d553443cf,0.077737275205991
5e314b952cc18869,0.06783325540986578
e8851ddb49233587,0.16192363552895528
6339c240bbb14c01,0.07330409730163806
196ca6bac51b24e0,0.1469970208729068
ff664b7817ef187d,0.03491294608251702
1f50f2cb8e01a9d2,0.0948171851430736
f655a99b43cc6c6f,0.041121512873791
2dc6d88fd87d67db,0.09344929867034467
b61c9fd4a46a6bff,0.030572175209587493
478a862e9bd10007,0.089650838208164
0b9c9bb9e3bd1c5c,0.05564645774420003
8ba72175f80e2cb8,0.07416478353242184
80bd1c42bca86409,0.083400338837038
ee7025a20728385f,0.08534387949988416
a94a734822cd1066,0.07959662389916801
9e445d829547acdf,0.10566643940417544
d08fa8b4d19b0300,0.16157082251073118
8ef8adecee83165a,0.14470066731449927
476933f8311d441a,0.12227497818340927
fd9f323abdfccd58,0.08630501603773949
fde943f5062e49d2,0.1308271582087119
32e1723a53483290,0.07597906044678637
3189ae9ce5829fb1,0.16275865191644553
a691ae869c7c7c20,0.1813863240443353
aec6a61870dceefa,0.08708798093409369
301339e42c2fd935,0.09919959801968276
33bdb599f03ad3cc,0.04020783435385289
ef958079692354ec,0.2995509097835369
6b9de167c2e2a382,0.11633243435774138
81a3aaebe87a402c,0.0603342125197998
78734bb73a549d35,0.10946827621781799
801a31247ebc0426,0.10226975018890454
703c72ed057e80ad,0.15032169028011708
d512ce41ff14126d,0.042465817443103564
b14adfc6f2de5274,0.10200768344741473
3ffc252e11d8a5c7,0.052359694540228194
dd94c4e414636803,0.07111721043712656
089a1dca65e44b84,0.09286757116602129
95e32e732db3ccdb,0.06349434258961381
aca38e8f736ef297,0.029699576967011476
78b2b40abd748fc2,0.11789585143237225
2595c73b081498d2,0.046739119075419965
4821901eb98463cf,0.12740189505650512
81f36fdaf2813666,0.04823971270328566
1e80444ce87788eb,0.12117686822001424
47c976d0b2db324a,0.03301021735953319
76e7956f7212a4d7,0.05415491859777496
2f42d37419bdab8f,0.21992933799206021
460717034c7c127a,0.1275866627304277
f46b154a36f88b49,0.10944230733935717
af4a2f1334861acc,0.21064252254335164
cf562fd6a1ec6763,0.10583797162334374
a58fda4597ded16e,0.09010589726692189
7c5b545797c724f6,0.1472986060846656
cd2d2cade053f8e7,0.13561117605529055
0d42478d5f847ddc,0.03761611382892722
fcdbc1ca107a390e,0.15100079420423254
4a6cd78198d5a5ce,0.14342421775623954
13c39c2f8d3cd810,0.03371104653681045
c79d8a5d80e7f04c,0.03848062495403047
51a701717aef4136,0.18725736232900353
4e8d630667c21f23,0.10863329830524299
9b8e9dc382061f91,0.061609836068972634
fddd94710360c28b,0.08178643933348144
2c33fa5f3f2d5e24,0.04714349079438375
3ca87064dc34dde6,0.1305139429277102
c9d8edd3fb7bf971,0.09438518832764264
d582a1a34b5b977c,0.19684807697106108
2fd593bbcde3caa3,0.17928582315725983
d2f2308d5fd09adb,0.05192724394864639
dc6fdbb3f28f8f2f,0.12626569383824282
ba8e32a15085aa3a,0.12774499646779636
3ecab659633b8be1,0.153961186399473
80f14a6b7deb5266,0.0745053189490179
6809016a071b3b5e,0.13719076401370678
d26156516af475ee,0.08253189499281408
7946e76f5438edcc,0.12117047536702935
b11ee2ead8527494,0.12517782506693084
03e49d963acfe851,0.06269607434769012
4a3e2db752cc071f,0.17800365723745193
6e5157888073a37b,0.15281930212661599
1f7bd653103f1863,0.0862835617597577
5cc0f066c9d8a28c,0.11540100082826793
61240fe8a4dc9a2d,0.0837261042374356
ab6cae9885409088,0.3362811328165759
c4e40432b0ffcfda,0.10962775337579495
1f7fbe6992fe8f33,0.086403855164049
94953e6bc4d48c7a,0.09676768626668335
e1f4fd779b279dca,0.1657953293268062
38ccb655faf1cbcc,0.060363105173576355
dcc976ac3a08e676,0.03550864970256007
8a586d58683ab8fd,0.1466491601760339
9d1f98568599273a,0.038016577384982014
f5a4bf16401623fa,0.15847633966573668
42c6f25951f7db7b,0.06464437560374842
673b99f498fb7880,0.09328086458178853
e4f2c6820273bf2b,0.19042852874648603
8e7d37f34a1f3efa,0.17121724049578524
ec4bdd78abd81c4d,0.11522944551694275
a15343296b9f6f42,0.12197689755884356
dd76563555eb67b5,0.1333547161543462
3ce8de8291ffa6a6,0.1664418606523615
1d036919bb298ab6,0.05757633975294714
9579b233e83fe284,0.054357352352740834
be5c561435858f1c,0.2119325014804752
5cf1d9bf22b73559,0.15942523036783943
d5e3e7616edfb5bc,0.04428902480873283
ad00da3aa56f4d7b,0.049826366903767384
0ccceb1154debc59,0.12701730701154373
8e2c8545bf82cc60,0.19325946299322005
d62e1e8938e1c97a,0.20697535044906407
a8dc86e602a746d3,0.2963841986214161
c4329a7f54415286,0.0794033474702922
04ec4184a6a2f40e,0.12063824827715261
a8874aa6ff7ddd20,0.07007926133792351
c9a607048a5bc5dc,0.1664612770798239
002c27108f6666f6,0.09559251925493317
e4f6a20915cb1601,0.06889821188322984
bb014c28cd6924bc,0.12285188408478522
196e2f507f594bbd,0.06585748649825504
9f1be9fcf021fb5b,0.04473602160228295
9391d5f366da4c40,0.14148712729972193
3453a5ca3d904777,0.09567748198849291
686ba22e52de9068,0.05765993045728586
3553eafc050e9c0b,0.13111249374479633
edab086e1fc56c68,0.16073548401987367
d79a009be9287b82,0.09844420886261299
b86e1b1f8503684e,0.13635362198740278
9ad70763cc07c36c,0.15394815464903291
419885390abac7a1,0.03385898342195071
70bb28465e350bba,0.15180010687235523
d2fe3be15c7a040c,0.10887781678986866
df051580b1fd88ae,0.05583671393937534
799dbb3bc5de0bff,0.12386239271650609
c18575ea64f02a42,0.1712935760555903
bc265e458d29169e,0.1584139879924221
d59c94219a63b100,0.16829218781520583
0b79c6776df906c4,0.12329951574872348
1bbd089c39955fe1,0.08525832542697798
e07ee63645347087,0.1047717705225816
6795923abfe3b196,0.299229705935912
f23bdf1e94c91124,0.07521838533102665
a1fbaeecebb55865,0.04345657668609358
bc95d3915a49249a,0.08612414590518142
c565efbb2d18144b,0.18053022316870804
321866d63b3b1b00,0.15139739075152503
50ef5d8288aabf7e,0.056785304560405016
3948549457628975,0.1442601279954012
b958074c10bc601c,0.07294295802338666
f075bd7b8efbf058,0.10254202025476918
f05a42508ffff350,0.14566957061198815
3c1c900935bc3285,0.043146241206228265
cba59c1afecb3734,0.10369360975804554
013e1691ae9f7898,0.04129989381078555
ff4fafab1f01bf0d,0.13349373690640157
16a52132c026c176,0.0755036851972419
7e6dc3264a60f3c6,0.046248061556557016
fde7be20171bb23d,0.03918548557930705
4709ae8a61f423da,0.13811944375295698
f2f7edc4fdecd842,0.030837341133130552
81421fdc47bf7d1e,0.0977657984699023
e130b6363bcbe974,0.052339063980770775
8b5dc994eb4224ef,0.06213530859656485
ced09e40d6cdb2ec,0.06239974974094911
b65873d2d6509482,0.07374056434566281
d663eee7b55b1c09,0.0633803142999469
e8ac634318c1c070,0.1410402527780323
9861a481912689da,0.03751726017597437
c170f4b630a3b239,0.3206527213939756
31f66aa5ebaf2ad8,0.1257960769178765
31bc47bb1448c433,0.044683855855245036
79eacc58c9cd0f29,0.1653616194387947
32cb3b1b23ea545b,0.07485735486521647
89357b6904f7d6ab,0.09415898700321679
0d9d1cf89bcda082,0.1546432693836295
7c15e3fb5080a6af,0.07275208498033163
a8580d9f4b1f100b,0.2987563895926759
ba1c0d81b8bfcda3,0.07677786583421341
d5c76d632f469288,0.1739578609954983
4faeee72bb8b4acc,0.06033103819181924
10875f7f7d53acdc,0.06107582048574964
3fb5a4da63283ba6,0.2102913103037832
6551e600570cb09a,0.16196858426665395
6b4949612595764e,0.06142637997462331
d45b6491898d0fdc,0.06282947814704336
0c40fcc6d696a66c,0.09052314625145484
74607a92b5ef932a,0.05351876978811238
e7bf586ef35ff70a,0.06113860276144347
65e0da070f27aa66,0.05923420823534558
38a09fd79a425aac,0.08520806250050651
aed136202b0b58d4,0.07431123774478482
5f5b7b68b01d1299,0.38412807180466757
cc5db835afffd307,0.06901863806832904
d8842b37f5416b48,0.10779009474333558
d8aee4335af252d3,0.07010983037031708
00494862dd9b9e04,0.10245620394562155
95d5441c82b1c46c,0.2806110326551174
c6e492bd428631d5,0.06738752586275949
598200ada2678880,0.2253660303501406
8094f4dc74add0aa,0.04871727482940306
6831a0024a1dd23a,0.03679638367891445
d56926e610462f66,0.06148287293598592
bbe39148bfc2e434,0.1653593074808881
1a07a83f589de802,0.11009970450572634
8210d5a233d3d65f,0.029003857837667714
ef4e598f566c9558,0.07775490842876036
c02b919584ea5cd9,0.05309225111753855
68bc1f08eb5258a7,0.2124212320000262
d57a9ae04f68912b,0.11702112698203947
fa41a48959374ae3,0.06329360783483781
5e725dcb74b4e75e,0.05853359136756559
121dbf76a9cf73a8,0.15229176496934485
a2383e552a5f2313,0.05306767830091379
378738808b201e0f,0.06807286014110676
9642ee1e267eee82,0.09178790838626506
e55cdf82fcc57177,0.07539946647321785
2103c3d1e5063e3d,0.055442214882350516
02004dc8e2729e0a,0.07218825034026509
95ae4af4bade5009,0.08559371776596414
8a4e103c92d62a5e,0.16051102763925126
c4414b2ee31b7e94,0.0853910457236351
0866387e16259486,0.11629684217106567
f0b7e616767a0197,0.08609831130277265
a86d2f80a3468f5f,0.06695162034502693
691f9a97e9645bce,0.03904263740147572
2f2e7662f26d0933,0.06722299054758495
72cbdcef4a6b4f07,0.15744946926088194
3ca15eac9b7ce8d7,0.1585670253044415
d9f713c872a26c76,0.1058085779985094
38c5cae3c23f24a9,0.061451963473802954
80e12c9a6e625e7a,0.16193955830013604
78211c4fb5585628,0.156547502636952
59e71eb2f5c7c432,0.13398612427735573
b7abc4b3e6ff0e3c,0.035130886400927985
42eaa77ee15f2ca3,0.03407724338573265
bb8ed5a0931148f7,0.05273288014929617
2ca7468532706e2e,0.06600608315245461
98791c70677eb76c,0.11612682637988486
e7ec6ff3f296ed38,0.06503723136226502
7845f67130f900d3,0.12000775588581183
fcec4d0ce44eda40,0.10868707264001219
0ac91fd23085433d,0.13260551733593695
ff61891d90f930cb,0.07093063128657588
41fb4a2210a6066c,0.13718334239210503
4c7ebaf834966e32,0.03776409262835283
81aef88d712fdd5b,0.09412171383091589
36b0ae34db90ecd7,0.1901941565069772
72fff2ad28f42426,0.10804218607964777
717207649c078f67,0.05441110597095546
925d6e357d7ec158,0.14720866723246326
effe2d48627efbe4,0.09104125338557469
0577c43390d4bf43,0.45972043477985236
546cd9bb6f2ba820,0.07650692111958037
8a47c92c6443e7e9,0.12558361331474105
bc9467bdc8642922,0.07862864492502408
af91160b63f1bc90,0.16863894426898973
464ea9bea5384944,0.11206505366628691
b838b4792a3c540a,0.09689142449827662
11fd6e717c95ce29,0.12040292820574718
b1e2e5a1c0f42f8f,0.10207670426079021
222e74272be1ccd2,0.0730745167516798
21a85a0b474e45d8,0.09822313961960238
5c5c76ce21ac9a03,0.04296273737530618
98c3f3c5243d4fc6,0.053568136087628844
745be7354fe05a2c,0.03900199386480637
ebf17df229daa6aa,0.10708593300013397
14929f1035ed296c,0.24524011069575724
af1bc354186d653b,0.03661046779679697
88e44f6549d78a5c,0.038734637223193424
1a5119861af7675c,0.0548671717996808
4675a1f396e095ac,0.13004049064162648
306fd63061172f24,0.033735018705036916
68fb9067ffff02de,0.1533120997169102
93665736b22ae558,0.0760982127452318
2f3252e131fb28c1,0.11934269960031152
a90bb7ef537f3ccc,0.09974546944778585
f8c47e6a1ab0bf1f,0.10544582337530548
7f335ac0ff549013,0.055647900433081786
e9c7c37b6584e68a,0.058097710873159195
e2f8c99b54c930c0,0.037108254018555595
4f0ffae34b450b85,0.12307339941164952
94e27d2dbdf9010f,0.1717129191315397
db05b31fda1c2b1b,0.11163294344507729
af64ad7d713d5a93,0.10328747502295274
4d1462da71b0efa9,0.058657255387313104
04fbab7984c52c30,0.169084964015724
c01a62e78e6d8a2c,0.09433855324018642
74f8579fc40b2d7b,0.05646252657182724
0eb2d3b71cf2b61a,0.1404763289285677
57788504ce4c82b2,0.14337439964574322
9e7dfd444a9f30e7,0.09570423343455857
0cd8b38e5a4b74cf,0.07071656949880767
e8c1c982ff8a6704,0.08854091558008259
36bfe943ee63fe65,0.086819265426374
998d9f62a717ccd1,0.0373283489564007
8069d4397377adbc,0.049921694825717955
ba8f312910226da5,0.16297235363357893
37faa0207a18eb20,0.1849134608097906
c16962d752780184,0.1865379271835188
f1d62e28f903e96c,0.10704554128288207
8cab416d1f2bc624,0.14971344073056164
b791af74c95ffa06,0.24108530623568028
05b113e465a98080,0.07513711399530423
b17d9630e851487a,0.09162383096774937
92981268f9d56f38,0.13952898218885923
76775e095989aebc,0.03527881626592458
a07f4266c4b1cb5a,0.056700267639299654
7b5b1f94772d1b60,0.05253570771704663
4f8ef604a40bca4d,0.06400326343617457
673f3a4c0bd90267,0.05615029421909721
58139d3ae9373ae0,0.13708194166357002
c24d1452d22e8db4,0.10308204567619207
441d9763fdc1b0df,0.18296716117255513
d2987a3199c1109d,0.120309207937798
cab99a91ac2562ca,0.1254852148173538
df1222f0cc1e08bf,0.10562480077641603
bdb610f14d1f9c0a,0.04649025126358669
d63652d83092f4cc,0.05084509688909322
dc121e137a206780,0.08208643326629977
e5fde6a720ffea60,0.05406640833649041
52f7118d77a951d2,0.040927505137004716
1b60cd7738483c77,0.1296594926554444
c7ef81c5ec66b855,0.25128121734654274
42a4005911b6abb2,0.1734379324715649
926e4ef2979d43ba,0.04328952177167912
936393261928dd44,0.09808861182900433
90b3943086a67cf1,0.083175753865062
80b6c2497708cc79,0.09784722594596884
dc880492a16f61a0,0.09253725008421453
363fa6d193ea1791,0.06568094077074016
11443cec444ffbdd,0.1937062046510446
174e280d8c42163e,0.16679512833229437
d7fddec00bcd1345,0.09503577266206423
2f2a0292483de945,0.2544888255925203
2638757dc8ccf105,0.04089935345327743
af967b1ba12837c7,0.08013816255269482
6cf0ebd8925305ad,0.17196160906458344
0307e7dd94f223c0,0.04089908688201713
d86f818a421d896a,0.15680566929979084
95c76aa135d94e8b,0.046350593633306555
dfb2dc72331615e7,0.1619932456621421
b488c877787792d6,0.08843672615365858
5864514fce7556aa,0.11780479603487207
7db51b9dfaa6c3be,0.03789106943712253
475afd5ca8082909,0.1210331972890876
aef3fd34396adfe2,0.04280150302738527
e93ef7b1eb85a270,0.08661504525233878
e643f5e629c7ab40,0.03177459832232821
e9234451a7ebfa5b,0.10670816115619322
e8b95693607a1af6,0.1983100164947886
362e59ee5f24ba56,0.10462135590781158
760d3c489cbc2365,0.05965333418709438
cdc43a10fec587b7,0.16812030577979878
436bfce1b2e96ebc,0.14391699010823267
8364b88b9aee50f6,0.10176282794654574
49b33a422ea5bc22,0.23561682015930424
7c87edf2fa4449ce,0.024783139413861902
ae4d87302f77418e,0.06488051390278435
80504f5553a663cd,0.057779723268909816
285102ab56c81c9a,0.09688571848055143
ce75929520b6600d,0.1508109200213221
90e157fa590bed49,0.18117175920354944
72308a9b8ed351ac,0.17259925293219783
67da97f4bf5a43aa,0.04574295797587717
7a2c3503f50e758b,0.11802959656621756
7c277b093ca6e70a,0.039116435770013926
e17cdb698e7793a0,0.0987400054456285
304f33ed70c9905c,0.10342110454796714
f671940234873df5,0.13604602441516953
4c60ff51f1a98ddb,0.0689072249993578
357333ab581b26a4,0.09117304016719718
c12b50c410a56d62,0.033600699749301396
280ee73ea3f9a150,0.09769243514712524
9794f61f2b35c374,0.05084357813779371
99bef954535737b8,0.15138992240286483
164deb1fbf6d3d15,0.09457700797223163
17f64dfc919c257d,0.06358514319010232
177f1a78be284fe4,0.07478401735499267
6575a6e55c3aa52b,0.11889918968355276
e1ceb3cf89c78b04,0.09439058496684229
2787d14ba4491e60,0.09822495848784724
47283a11f402ab9e,0.11469873972402697
3e13ab75e759c66d,0.15037646489816078
565632830f202280,0.11481619825670278
c60dd36532e24523,0.12023772131292323
1bbb760f70ac35fd,0.05411846833838575
5952ee73f64f8e8d,0.09933027737536335
0d2e12deb5dc05bb,0.09702781876750988
93cf50cff9e70197,0.1235412792497722
71a0f1d3a79f9279,0.09433647070573818
ff1b97bfbc1de495,0.14025645379126522
152d66dccd700ae2,0.13244623348000858
af9475d72cb09bff,0.08039651076425376
50c6ae4f3f0c520f,0.1388559669847462
53277c274f93827c,0.13367868622189666
65c28bc2a138b604,0.14176768931556857
ab3f36de97ff5288,0.0353235205591369
6e673b3e05a86556,0.04409271326226346
29ade739f5ac47ef,0.11596366283159458
d6c96030b8564b06,0.10159853099341115
5ffe88ee98e246bd,0.033170917141710964
b75847a46dbc7758,0.05804175297158479
fd4f072e7db648e2,0.16905927175925195
3b600a791eee47c3,0.10092352802762769
3205c60644f3310a,0.05815660706409377
37edd7d198365da8,0.24766072388641366
4aed77bb42b6c35b,0.03297591025369494
70b9c5d2c47a6231,0.1390782807112832
5aee71b30cf4e773,0.033371890838017705
3b6034955fe901a7,0.038826214067101024
53f7e37ad065a1ff,0.13695182093395578
8249af221f0dfc62,0.07066778517498047
4a798f098b3ac80e,0.14911694027963682
7859a3365dc11f7e,0.1449922483264549
0d6ab61f58e22d8b,0.06822974636996906
d90f47b845ad8044,0.10733958951668143
908f76b67c5d77d6,0.07922721344797377
2e13d0c9efbac24d,0.08614053340957128
fbd3509fdc1e2fe3,0.0431010973650001
d0c07aa05dbee8c0,0.058526799225201064
e2066400c0c997d5,0.13291980827761357
9d002016fad484c4,0.4175565946583377
18105a09ff042e04,0.08395285019398738
97dbf62f03867f4e,0.09733258664544053
008e7b56ab9053c6,0.17734516770901276
e382e61b69858e84,0.037191963963624536
a02b2c12a9b232a6,0.07157233226020035
5d4eefc602f1a815,0.1159071431155948
8c8faef5bff7b3c9,0.05106837404541885
8ea4fb1f9e66fa76,0.0355715447516431
22a32bb8f8bde6fe,0.13714582754169197
6a655866f90d61e3,0.11793389902922914
b15548596622ebdc,0.03642243392186586
e6426b5a54e4a972,0.1392897263621577
2bb1ea15970a2de4,0.04894093872063322
5b2c1fc3ca8dca34,0.04180774651114681
b26bc3d1078e5a5f,0.06508729835861934
9db2f38d40ccfed4,0.06547858493880677
8481c054b0537a7b,0.13809870161048704
c4016925a614e39a,0.10652108102314783
a6145b00b87ffbfc,0.21372423333044568
856c1f1b7a16dccc,0.03789438123079993
5db9aa657576b123,0.03534246399707714
e6c91e69fe022b81,0.40665545746248716
18323213899682a7,0.040689329232305574
84aeda77a9eaf7a8,0.1076416378657422
60aa7eb39a1066d5,0.163388408689079
011908fe41b2ead8,0.2743028703485724
95a236faf4cbd0c8,0.11872535371766992
c58d93928c4b43a9,0.04389214705381776
e3d5116d0ddea646,0.12784605415646225
3d33771711b587e9,0.13444511246435528
ca902179e21ff302,0.13194085959416132
4b2142ee3d149d15,0.08128589630415967
d78803f699e1394d,0.1177845840446801
ef2d9881a6438977,0.03186843567724494
3b5fc032ae2a290c,0.0654249767722866
9d5473cf79999f4a,0.11196872948598455
9aefa72a94558b66,0.11544285636213356
78cc36a16e5afd3f,0.08307729876221476
0628d45dc33a5639,0.13657016664686392
bc63ee6da23c5dc0,0.16924859840330342
5a69761001b7342a,0.08254578067733204
f5384c1b33a306d5,0.055065062497873234
9f4fb39fb6e8b6a8,0.12498486645411186
f7787ed37e4b9d05,0.1315441608571267
eecdd457b6c7edb2,0.16562506034420768
f36c01f2f7fefef6,0.1466368903847893
abe3d414c510a7dd,0.09743250909349502
d1f7dc9b905e0fb1,0.04916989830664392
a97c23cf1c8d474e,0.08862614759113324
fa77ebf418dd2361,0.04510158287916524
4fa91df3f09b649a,0.14647352678023917
4c40bd5075d26ea1,0.16429552393116717
559cb0c10ea413cf,0.11019209097259597
b07714f5d0a305a3,0.1390164390167684
ac26d06332fffb35,0.05823154829495322
f3a18a7976f15c5b,0.06050860784780131
bd610a8daf3173f8,0.032059463763056815
b4db2ea448a373cd,0.04476611129690689
a9e601aca0377220,0.13997388551233758
7580e5af192dbd01,0.24132171907658306
3b50e09f1d1584b8,0.11420176981767828
e752099897ef3c84,0.03269311574103904
9e556374eb31bdcc,0.08721892992632145
09bf3001382d4d51,0.05767730419340154
ac4f9d21db6d0551,0.08803224095139336
bab162c780dd5d3c,0.09218612755654815
1ac05275c95e2b9b,0.052993274243711794
ba53d76ac3815303,0.12081715855207108
731194026ddc8a00,0.1610263125408203
565ccf55ce0f19b3,0.05651120540901313
c610846e274513ff,0.0935492676424019
4f2f55e6f8f022f8,0.08165662256768512
171594c12d4f22c7,0.02807473776610457
fd9a29be83f07915,0.06048049697278003
0e69e13d2585552f,0.26313419874705796
8458a25c7d299656,0.07469448989448023
36510a7e2e8cf5e6,0.13825541811612832
4c689c2ab0b1e458,0.29704824387943374
bbbb01b896a60659,0.07581077563377625
95a6091ed902a1c0,0.09038479028284588
226f1fdbdf45c3f3,0.062106099473671614
b3776535f92034c1,0.04200751016058569
e136a41bbd9d2ebb,0.146448939691817
2acab7498f95984e,0.04812184590527569
5a97d6bb500166e9,0.08453181662025515
53ad75887ce27a2f,0.038543813825524825
4bbccacfaab6a76f,0.11151663561332906
8d5dbeff654a20b3,0.037712901962215335
885918cc4b58a92d,0.09125069951554865
c33b954ec9e9d53a,0.04792818203767604
c73aa72e6960366b,0.11095478153232062
28c265c8e738031b,0.17544151198164884
16f59244fa16b9c5,0.1487339627848001
ab1bbd20f2288ef0,0.06134688896119228
21ce9f486720b00d,0.10425956314498588
ea98936cd5a062ef,0.10311855154881132
092b99905affadc7,0.1376694957141447
f8a1935cbff0e3e2,0.11177822862207698
557ff2105e2227eb,0.037484662779131595
e28b4c1e7eede953,0.04127979533443262
afcd2875196e3514,0.10627048214860212
622d0c5c885e5d67,0.0950131385193699
5ab123deb8c8e0b9,0.15297413360892237
d70f7077ffdc3675,0.1082710716938414
ec0e23575480409a,0.11173998851452947
c42b1312f2466d13,0.0724626561015598
58f7c9cedf508963,0.2685138452394184
483a6a2fc6820e34,0.055826781071686316
9a410bdaf99ab250,0.17638337112017496
27d8448c7743312d,0.12240993900787941
d22510648b60b80f,0.8772033829590966
cf71cc1d5beaf427,0.17149587224722224
b16d96c422e7686d,0.14397065726267647
f3bb00d62eddf347,0.05022687359412341
e7ad214e8e1b87e3,0.11099244531497426
a149a81fa46121c8,0.05431455401436015
954ac0304d013ceb,0.1420713272655721
5fb61c8caa291bb7,0.05552969767349852
b3e6b65c022e07a8,0.1421272466358143
014590f5ad393d98,0.07647828918281512
fd3098a48d0565da,0.025854284158704
597dfb91140f7a43,0.04182162077695384
29c72ad86d92588c,0.04514689598811272
46403e8726688e63,0.03494338546223796
586f9bad93615a9e,0.21708883873266865
518268ad7eaad020,0.07755982881455753
eb68006674ff7853,0.11830668888849666
829bf94f3c7511b9,0.09788629439538121
472338feab38fd63,0.037939249880465126
e2eb7c00452da3bf,0.09329566459129397
264d5eac0a3db4c1,0.11277202483836432
5dd40ed8f6931f40,0.10243735860431225
ea07294f7b9321f6,0.07974009106288656
800d5b199211d908,0.03716523090629604
c26171ff73291cde,0.14543899449025047
9b039401395029d1,0.058647499040542256
149773fc93e82e0b,0.15881928969398373
377962b226c4354c,0.07262393592878871
b33ace47f8c9cce3,0.041909196282277725
5898aee0357167ae,0.05980299463599089
5011475bc46160b0,0.055837030279573055
49403fb05b28bdc1,0.14787910819074604
d64f9b8328cadfcf,0.13586527020294462
8347b5a18bb84a35,0.07461371566771646
a72c9158377598af,0.07667656256764685
346932f67e7d808f,0.11844243183542263
e4962aaff0cf97fc,0.14396327339039602
d63549a6e599cc24,0.03503288715815152
d013eaf626e99575,0.10264671603566927
a7c0072db3d224b7,0.12323632869965866
b87493b15c6b1e21,0.08990546976994102
cd6d6ab0bf1601eb,0.08672420597388006
fc7b0d78438f45bc,0.11637681648526337
b53e88867e63ec5f,0.09544248734461602
1e1e7de7f17a14fe,0.08092022673594927
fff1df28cf047de8,0.0722364721578658
9a4279b8c94a438c,0.038790149892916
d1a19d29c2aa4b9a,0.12455505340172823
ea65ca7ec57132e3,0.10978519452198823
35cc6e8b29ac28d6,0.21038041481287767
35cebb20cef64701,0.14765792114931464
03c27c6fa94b88b1,0.04366245446070305
654a7847a4c3d0a9,0.22522216836333
d82da976d107c4ef,0.16816905690239906
0f7cdda5aab7cb9b,0.1019869822023712
511e61b096246922,0.07473160183902271
9bd56be8ba9524b8,0.15379471393992225
08980e1d210b6aa6,0.10984497505196317
c84430f350b3a159,0.07634437262174026
152edc8f6b8762bb,0.14548839084565815
a4a8682aa22552a5,0.10533100574905549
5448387d25232e4f,0.03339471929869413
86b5af3c99c2229f,0.033877898186510436
a243c84e17ad5313,0.11792201638047191
1cd4111d9e2c14af,0.03601956936486674
d6596bfbfd4cc049,0.14660130267655785
5f6669357f9d2602,0.13173839434881301
8ce4d3415fe4440d,0.09711258281811644
b7804e0aef5425ac,0.042936523663146695
a68ac8503924dfd3,0.13842747898709543
0ee54a169cddc5a0,0.07222040881430981
91e67962d58a2196,0.09644994663411952
337f92313341198c,0.08444897689146404
62fdb17735fc24f2,0.06901775570655133
32070e417cceeade,0.09559503126238628
d10e86cc3232dbc9,0.2432621981708863
9e379ff80b817265,0.1488456840816433
cfff3503c56dab5b,0.03935974003947826
9f21d3f021ded79b,0.05542014821845262
5fe69ac7610324ba,0.09501267329512061
fda80e0f061a2a2b,0.09912800731734066
e5f50a39b4e83fe7,0.1230996907367065
b7ac8ea60b369ad0,0.04625022681344811
f4aefa9fc2e0d241,0.2329252827845139
0f32bcb05a22709a,0.12908677847817415
13334ae771ee01a2,0.11602498997379429
d2596a53564c0b21,0.07503299736834726
1a90578444c1c9a4,0.07135851282917222
38767f6c13ad1bfc,0.08565210860523867
8d312d36ba150056,0.06079992099941943
c4e9fb7cce4bc726,0.10054505605045433
9ff220beebc71a5e,0.044901873082224535
24bb5e20d933da44,0.10304657529106002
42f6ebdc63da37de,0.10920263084676696
39f065a3b51d8011,0.04498986781697029
adfccf4de2f8f9e4,0.07259995763941844
bb73756443a5eee4,0.08478069900306495
0d9c7ad016175e4c,0.10126700819275658
01d6dee3fee929b0,0.03953507857410747
4c94ce26b7eb0794,0.12721338878262625
184edb2637a41d50,0.07721711604533289
b14c8ed6d2ad7039,0.03762404409809983
efdd1d7495765245,0.050624378020068465
affe3b0f590fae77,0.16102122384736173
3edd7de677b91b05,0.10966237485572058
ba9e4528463c5dbd,0.08197438858885472
8be8330f2029f548,0.07558711611987112
df6e6d77a02918af,0.05843022529243889
33d9746c24d2c070,0.12150624949762118
e51c785618029ad1,0.14371036124272235
d53ca1e375f1420d,0.12587745828985383
d4133e84363708fa,0.133564714565615
094a4df459f84f9c,0.05301263074947178
c95b97cbc9622e38,0.04821799389817804
8a243d50081a0a41,0.1330278289627828
f6f2fd05daf66b4d,0.04913134274199954
3b5e52e54ed29ece,0.11968373176687351
144d292add5f41e9,0.13327668748120627
49aedb77fa2fb4fc,0.12786255889796339
81e5d80b657413b9,0.12968335922903432
fb21fa126522b6e2,0.09514468755876605
3451b921fd37a93f,0.12710473325044805
e25080fc68263c8a,0.180773912764981
64f0448c8bc4b1eb,0.03033366231737128
ed89496194aa19dc,0.08340805163980178
fb22f7c013b24779,0.12564590746904158
1590a07714e8a656,0.0374861483386832
54ae2ffdf139cc38,0.04715467089544105
96bf13f3fa835169,0.09178906136620679
559cc1345795571a,0.060131149826860936
325ad194b9f588f7,0.12182201021926053
13ff609306472199,0.1434984015296746
3c87f31b6953fbbb,0.03214409382730483
2dd14f20786549ef,0.0871268508283274
be72fb5da729ec70,0.05395933146311361
dea2b01ff6868477,0.11266741577555889
c7ffc036c6fcf66f,0.12264142810380027
67b0cdefddff90ef,0.12192695908075925
eb949d7c7beb6354,0.09353317249159836
72dbbe8ab710128c,0.1218476268019893
fe50a3aa77d27195,0.0339302694761351
b7dea5f446a371e0,0.06214706650649477
3b6627fce4fa7c6e,0.037862619185491414
5766e8d8c783a487,0.12179840285608363
818813e68f11c85d,0.10047061428612206
4efd1ededeb6af5b,0.08300987219999147
7339d8d336c0728a,0.07769021071549462
5932b86b513569c7,0.11726171721974457
667e3c34655efebc,0.14409816885782364
211cf2ea67620b3e,0.14776640870808755
73ddd41ae18acb03,0.06294399881315704
b7d7b9bb940bf7b0,0.15144834668089352
672de9994012beff,0.06429722046131406
1fcb989eab73caf4,0.032144533984628854
1a8eef4f4936cf0b,0.07073103327005359
181bfbae0ed5b503,0.024237857223757688
0144b06a9d5772ce,0.17515435586422096
a6d79b35c359d2ca,0.16565718555726058
adb1f5a83ffc8956,0.16087464946933702
7fe7578307634c36,0.2313453713275196
ef916f6bd9bbf8f3,0.12662716198664895
261b4b9303f16955,0.15360576123828998
bdd3d57f2dcbf24e,0.049354169704842035
87478ecab9990b69,0.09787160444363202
00903281b49f7885,0.41428599991154824
faa54ef489380476,0.1532676726716158
afd67495e65ca43e,0.058931028888177764
3cfeab5f2a521bd7,0.3078133715210357
f889243e554a57b9,0.14445377770315007
1633226e5baee1a0,0.2625315917986385
09429539f12260dd,0.06391811569923773
4642f19a02b65fbc,0.04882320330583107
454379600a0d58ae,0.11130344268412191
806b67c9407deaf5,0.03868703400247828
64147a091385f1dd,0.0505474726881395
410684a9ca496c4c,0.05222480861624401
198aca03e558bad7,0.04573862026244999
19112c76b72e70ac,0.04300813090995942
33cdd595d6f64465,0.04933859658945692
b678efa350251d1a,0.20434551872561676
2773ef74c8379c3e,0.13532961158768125
21a85668c56f4a28,0.0968016536341978
ad44c67c941b730b,0.04859730385492137
afafaec6ed7cb894,0.13026140131361863
7b2afaaec11da7c6,0.10598788977860889
14f8df83cb5fb959,0.14096456174918676
2fa6287a9d075ec1,0.07907316368907076
a20301029a5e8b78,0.1440553118226206
64c226150b42ee5c,0.12171921832901139
7012b66ec38b6038,0.02886924640847924
334a43b3d7746442,0.13796620328663028
3e39b50358f01b64,0.1093816567700168
dd424dd258080c0f,0.09634251159062412
b6815449a050c02f,0.06547771171074529
786b0bb1d7a4dfb8,0.05155625293601627
bfadd1b4779947e6,0.17263232187074207
23bda92c60bb92e1,0.1811771863254283
20f374eb224e1a7c,0.04175213232573892
04bc6e2ce35edb4c,0.1794096649206547
f5fe2d58beb86d40,0.08155782065249956
203f3df885ff03b3,0.04264399487352784
ac5388e6680db6ba,0.04050100800804443
20a190db150bd0a2,0.06969915369164556
03b8f432ac8e3226,0.0985532296422458
800d13aa581dc05a,0.14662207291079069
32ad97494e39788e,0.16859832597818403
762f69f875d0a0a7,0.11489876160620913
7102288564065a58,0.13981495471878702
a244d35bd0a46b86,0.11408839014984448
9fd85d10d8d80cd1,0.0715344909815458
cd37f417a290a412,0.14455434668589467
087a61efb373df95,0.057470841466357565
5cc1bb67fc9fa495,0.03606756327052135
38260167161be0f4,0.1135340930002651
377d6156aea5f7b3,0.118243768120351
de73631ba462d9d8,0.03391069222239798
c6ad617675fc82bf,0.16125974752413633
53c0301b075c4edb,0.05660160704522305
d5d5bb7bc7475a6d,0.07790353632889262
2785f7c003032f79,0.08617390089217611
bacabfcb41e851d5,0.17532822897059674
930620d9c45cfc16,0.11572811197699015
a2253bc60bd26111,0.10151980023486257
48be98b0da47a60d,0.03658331865431268
4192611de72c647f,0.18274548507236998
0a3e55a0415cf1db,0.029965604353653807
94a41eaf6c166f8a,0.03948531202623207
65c588ff0e6a0940,0.11724100836447102
7316f0f5207cff7d,0.1566785602741008
fb48d6120d40241e,0.03244495975838838
83e835be4b7da5bf,0.06779868614643737
be007ff41dfe8e33,0.16404679807660488
ae762981ec3e2222,0.20566818025294065
9cde4da63a470364,0.0756003091154283
1e641e6a0e15cb0a,0.23386041239086414
f1e1bfceceaf5b3d,0.05394325545215615
b33a9dd2d6116451,0.10298677879689032
6a00f8682a96e6c2,0.0695891436893918
4889bb3fafff04a6,0.03900033721908958
d83965adda3948e8,0.14340263682767043
35ebd3eb17d43331,0.12289563203751633
4fddbddae3f8c321,0.05743112284563948
279f5d02ec1d4618,0.13953551581228685
18dc05e08437b19d,0.1071190336878309
fd5e41a3afe867c6,0.07442554210999755
4dfc9b4693d64425,0.12359972155296702
38efe84b2371909b,0.033956987416847384
d5ab3634461fbdba,0.11555847997351712
88ee52d04ccee47b,0.14251516030810635
311d0a7d1bc40182,0.08800968458708026
ca3eabbb86d9d394,0.10981607884165052
0839345320590491,0.06755502127951851
3166da0225b35bf6,0.10653732714906114
4fdcce92f68b7529,0.1796306311026352
4c0a03f188fa9938,0.08788723449131952
efd671b84d562241,0.03955431491325238
a1be96b06611a4a7,0.08923422475351642
7c15209ba7808ba2,0.1545767556992608
b4fb7e75679d28cb,0.16329487117836414
095adfc07a65ed27,0.09456192555696476
a19e6a028348c708,0.03166596309773917
bb5e510a6639b43f,0.13163407288505374
fcf27b9cd834eeab,0.04159974796900677
dd9e809656743e04,0.09470226854096206
9cf20fc9b8513a03,0.17496227685077925
d929256e10f5e94b,0.11533608662046024
c7372107d1356264,0.1520521054421887
fb002ae965e2435b,0.07529915286044166
891d7ae2edccb735,0.14168515010058413
33b3795f9d4a8ef6,0.035364275174078114
bd1c976bfd04983e,0.10261495999325204
22d26961eaf80875,0.21377186114668503
3267d0aa9600286c,0.10469066247089219
f85b98ab9c2071aa,0.04575086649795254
4b4c86d64f258caa,0.1114651026282528
af271d6d690a0b0b,0.04085053436435004
8b1bdd0f68e6ab19,0.05739923051091338
aca740ec2df56ecd,0.12697913121626128
66cae06936335046,0.11318783748310418
8aa96ed1f09b6e82,0.18616465713964458
fb089d648c0fd719,0.08117172216884856
b3b39f3310bed9f2,0.10133536842726004
4c9ddb6a1c08a7ae,0.03466591374486639
8dafb6cdb58233f8,0.20927456704903774
8512f25e0995f115,0.1328957082881233
3e89b24f6780dfad,0.12158443062512808
811b5cd3d60f8f01,0.10476277723048688
8cecb78a9a20021d,0.06401908434696907
c726d19506a1a864,0.06369597073048475
bb71d5690f654fab,0.1289752989370659
01fddb547603eef0,0.09338662375322199
c6592de36f791128,0.07121764925474625
ccde7fc6a8ec59a5,0.06773620067669157
ba6d1493e3a1c1ad,0.13024126408477643
7dfaf88276d52a5e,0.12862804820154766
c09d65931e21624b,0.1682472192791452
f9544a6dbd4caa2f,0.03805100037437879
b374ef23d5ca3b3c,0.08640282085972305
c51f8b67a66b5aa4,0.2708554846575141
4793cb7dc1d36c4d,0.1296715098680953
c4a77a4226cf0e3f,0.09436511948537948
11b46e06959d7824,0.174556865693723
75083fbf03436018,0.13453553658726694
44cc96b7436e60fb,0.1495432219478647
9c78ab8c7f52b1ad,0.07947945744267398
27c3ba5b3d6374ec,0.05099129247041493
09bad77cec8a0ea7,0.10870919668753876
7e5eaee69f7e8e60,0.06303045628403625
9701beed4cb2fd40,0.0416546211078882
a886ee5f5e57d356,0.028396175260365863
43322ba6466f83ae,0.0836036447358933
39ac7a6c910dc826,0.10127589795327936
a7624810eab99b39,0.10063133863816887
27ce336c13dd7f0e,0.05823610650123643
35ec56371ec7bab3,0.12802921643337167
1033972a8d27b8f3,0.17789969666829095
246fdf152b78ea45,0.049924472423531076
67db089b7a0697c3,0.045509438035946856
51541de4865fee3b,0.08270997899875956
2e0ffa5c733d2a47,0.1766175583831526
c307a7a1d2e93ae9,0.1536668988004974
60775afc974d2192,0.08082616186388006
1af8370aec8adce1,0.12512629599233666
7adaed59e375f94a,0.07467571654999113
d3f971f17d9ab0d0,0.04512212683537325
f1eff57932ef0f4a,0.1228638470462782
b41ea8380984305d,0.11168190396323756
dac2137cd3aface7,0.12684919419410198
48da40bf199dedce,0.06351268038827351
2c36f80cd8d50da4,0.038627390314584543
e45c5c285ae25a13,0.11718497294699692
d57fa89c692abe6a,0.14225285663067636
0d5b889f910953e2,0.044998063122861434
a2bb73ef62a1fa41,0.1420853668467631
161e450caac64b0b,0.07861070670517545
870239c07fe84d59,0.12430453860218821
1a510d36c73a9190,0.09279389528734763
6365e056680facbe,0.08901655428472588
7e5efd56e82bc148,0.0576613067384688
8ddf8d226ddfa267,0.03852575698990607
aa2927ee663efd7e,0.08170553406129528
1969a71e6c309cce,0.0770201760846678
33e3103e2045fa64,0.03964245661613251
79d3953d4c100b9d,0.2583108519349916
8a0bec565c237aae,0.0885106825735302
e7b2425696ad04e1,0.04412534925788825
1585c48da5187cc9,0.10700399734158138
b508d898d174eb05,0.12833831716226374
ae96ed3d88eb7aed,0.051452388942997695
3780b01a20d9aafc,0.10273114118767174
5d2ea0bc3f49f99f,0.11337508259820389
609566c49b16621d,0.03975977062593161
52a50658bfe832ee,0.10711125234789906
76655f684bc2518a,0.06610141340653508
507aa51e38d00459,0.06777547525694091
e7edc5fb783b818a,0.04762791189686075
3488c9b765c1219f,0.042084856279506165
60726ee6707bab89,0.20468143730570104
724b704c54783fd3,0.03322043220758768
23405c43202f489c,0.0645481414442106
0a275c8c3adc1e3b,0.05819374339167184
ad727a83295f79c1,0.1899033143241654
9fcd517a3727524e,0.09355532567389671
c1a15f34e5189a8f,0.07833155590694295
ee586308edeeb5fd,0.13932061297893722
61323c4c907b9667,0.17931907893177407
dc6ad9b2ea237556,0.24641738497994645
fc261535991f079a,0.06430158561904137
199f8696fe22e8f6,0.0720537886644818
80c803fed1e7b815,0.0392243467238492
b3645ff1881e6181,0.053434928532917786
f077bcf8ba579026,0.10581794701152797
c98984325495234b,0.09391512586967274
2b1acfb2885f0207,0.054418014793888164
58aea5fe94bdc9f0,0.07784599447479648
13ce2e76f9ac9797,0.1269509564425756
585b1ae5f2fdf9d8,0.1998355341927215
c02d00f3c935fac9,0.06951899749597154
961c1ecf22020dd7,0.08931532690315988
34a2c0730076cd51,0.15458552565232198
f08c72208c842a80,0.16382625453262092
3d0365b300b08d12,0.10926341495680128
7698d1646b1160a7,0.06110076242727025
46fe0812a4d6a0e5,0.07028072702045698
1992a8cfd9dcd0a4,0.15562455021535523
234824681fe92370,0.04766327596863435
66dae8fb83f01cda,0.050937926686035404
565a8741e734fb66,0.0721841332251145
85796d3a4623f1b4,0.05735281966329018
980c038df259aca4,0.03739625410883091
847d49fff22ffac8,0.17628611087740137
3ab579aad87803f2,0.03364791995247557
7c287939d256c04a,0.054378317863942816
9b56b63c1ce61e36,0.05120952948297165
2b2beb4ade849fe5,0.13067104120201278
ca97e3a639d0f212,0.07350215048172674
cdf0a515724936f7,0.09457663954391016
f0d9600d63271cb1,0.1817010768946246
61f6d6cd6e8ebecb,0.08485556016032846
66bb128d75c1a31d,0.11132586754567113
ff6ace3df2f93fd8,0.03323652225960636
174f6de5e6fd0ce6,0.17896861344817674
f629016e686c93c7,0.13151041469375863
8a5cd96071aee653,0.03210268325233738
47a56fcce1a48c57,0.16714312990491959
bc218a229f6dd8a3,0.07818689848906868
6700a0d8cc03fd40,0.1252080394791973
bf07422782deaa4e,0.2556932653232803
67e5b268a06fc16c,0.05252151763072356
775246a31de87040,0.0838808322073762
a8c96679585190f7,0.0470854921041529
85e8b073ae9d6cb6,0.14542528408937613
8d783fa9a84a2016,0.23801477804128787
afa9ef8b36efca27,0.036580508924678116
292ad72f433b2ec4,0.06165358335055456
543a382acb950efa,0.058091781235071166
97eee667e12fac11,0.08424807861758146
f1594e042dbd4135,0.05009576087569716
c4acac79bfd54ae4,0.05928297673735327
f1bc5cee7cfbe74f,0.08654661488035703
25e346e1b0340347,0.10028545460414973
53b71602a81f5c52,0.10021922329774027
6d2d4b17736e595e,0.05781920922829824
f652427f39b6f10d,0.21975142487251548
1437d0c59eca00af,0.03661437258722467
d8980b5b1d68a4ee,0.13187904453892244
442b8a915014e871,0.1177064595088485
6a1e5bce20cbbd53,0.16715560033950727
ec75dfc7e578543f,0.039349989743542965
94cd35193b228a90,0.29371977314143677
15617a2281e76896,0.11838182102314274
ae22b29ad0d98702,0.05624613844591769
3e5ee530dd802ab2,0.06975901145086547
9304c1771978ab05,0.042391529929624625
635d5bab100147aa,0.08309604125059003
cf12cab6ff5fa6dc,0.10290304562641164
cc7ce49efd47f0a0,0.038944151077190736
20c507d578183dfc,0.15099488085238802
e29e2bc7c3e6ef41,0.18832495933827548
61e270d51cee0fe8,0.10725638988805719
a1cf27e43a150760,0.19657320043096793
9bdddc292578558b,0.05462638451730914
fa0f0cb920abdb0c,0.12484788515747389
95dc87b7553104b2,0.19917020146444778
c268681605733a6e,0.07493030333562367
57f8444d376ead3c,0.1317123372655663
1eb08c4e2e2d0a0a,0.11964873175118539
65f04a475e60bc71,0.11190079681466426
54b86d86b2c582db,0.06207970408727307
ac660728eb9adcbe,0.1086320818782337
9dc70760c7a65427,0.1883192127914783
707fa7577b28c00b,0.043928562619138765
dfc0ad3ac006f7dc,0.10580101186796227
d02c60d97c52824d,0.056563665601054025
68735cd4123d2c31,0.24919446342795218
e7fa76e1a52159ec,0.042335654580865634
8e2a48702b61cf4b,0.039588625517359255
7b4d442d12660d2e,0.062479254546070805
1879fdf1618adb5c,0.107547583507867
28331b7b0b1598fa,0.03851702001274824
c27a3cd35a718f85,0.08501848084970362
003398b630719a7d,0.03776991053431655
70b9137733db97b6,0.10687427635937452
f0ea5635eb777479,0.13844489355868864
e80ca1e08210095b,0.1396530669835157
033b8feb5aaae03b,0.04181535451328498
ac6a54139c7c9d37,0.13644456156894513
ebc95757b2947172,0.06471175707020516
2fcf426035785728,0.09508089391202257
78996a14f02ebbe3,0.05537203436298471
a87e26d221511c94,0.028186021932198928
c5eddf448403ab6e,0.041634194910895664
e8da0e67e35aa293,0.06975965133571486
88b632eaf9356d3a,0.058487223630854304
85571b011c6fcfaa,0.19929157075672913
9013d63ab473f952,0.13436759180176172
960cad37cffe68eb,0.064825340445502
e247eb8f78f75a9f,0.059904436844342435
80eaa51c4c8a00ee,0.04315689824577448
35849a3326fb87fa,0.05322889932830541
d95e6b933db44247,0.049825889943539245
c8d99c2ec6082321,0.04410326793555354
c9aea5e1048b2e51,0.1344552649756776
e01947dd147cbbce,0.048326196791736706
ae79b75a13c928bf,0.056178049704215964
ce571fad3257b3f6,0.03355934190951054
a95633f51ef3a7b0,0.03554052143020876
297c6928439e696a,0.2034128323186049
a4d78fd9f9ffb303,0.07900949053112577
2dbf5dac4bc14af2,0.15065319111636957
484f57153280140c,0.11109739685091424
db3d92a2887ed53d,0.1354449500383333
0fcc2eaacbd92a61,0.027018768153994847
3b06de421485ddad,0.11036974530992753
3ab1395e200e5b42,0.1360925203923264
8b607b6592065a8e,0.07388701760253308
a58b1c259179dc09,0.1790354788866919
a84f2ec64cddb96d,0.1905108401314196
794ec7ff88727529,0.06660645538072314
7bec4fd7e9a158f2,0.0821507865673163
bb364b5bbcd978f4,0.16140026838590063
89b648a5f0f0ab12,0.090894058770548
63de8d6c54817aa3,0.026654975431345724
f379e9f71ba0c23e,0.10069939000239873
a4d79f83a661fa2e,0.11873750724326894
211b21d15b3b91a0,0.06004701824937517
1186f6b426beed22,0.06414433025439915
8dbf55afa93fb576,0.11940342691799471
4c37d40f77654769,0.05203975164031848
282449c18b62e5e6,0.14673134802232762
12472f1c83854116,0.16457446245902482
eb624c530d058714,0.09007198426594669
916aa0618dc412d3,0.11553173760497364
b9f7f01f0c234a62,0.1703648197251183
d6a72e0c5f8c9277,0.04214131295760959
888195334e946eb0,0.03808409658565107
f1aaca6b558ffaf2,0.07403438110182266
cfd7c6655e63d480,0.18761661877633928
d54c579db2ee74b5,0.03580995242140885
3d05c28ee2849928,0.24241136366937577
88653ba09b9797ff,0.04040991933914982
270649bc52035cbd,0.04581546098020567
164c0240a44d6755,0.08389814384105417
71d79d68a2b92f27,0.13131561462226654
9bb25aadd2b3bdb4,0.1848142413097039
b3c62935a53d8997,0.07722852129523906
e850d24192f9e415,0.04778426787331613
0834b059b33fe386,0.16416334194165347
57cca7c7ea10b6ab,0.06366230583034897
39483c2d8174f1ed,0.15725617781805185
4df07eb70c71ec51,0.18484051093882548
771b30a38c390789,0.10133315438273982
65037a69f9336b3b,0.11240945308689707
97bf39056279f7fa,0.07343029453476792
1a2d12af54623039,0.08962683738469437
e649d739e4cbe4eb,0.2285624129458225
7c35e8ece8dd52b2,0.16400173260951195
4f679f800c6abb6d,0.1249454081587341
42a8a8ccd4f9f9e2,0.03128881966101149
662eb31e5ca29cb7,0.0967639379644353
39a75d0fc9a932b4,0.09729555877424764
f80b6c96f9ca16ca,0.034959828544554414
d1112438bc117eb4,0.1152965387325594
2a23256f8a1b1dad,0.13252551930006692
e3da84e292717dd8,0.0711086504468996
b3da0bcad91df631,0.17669172563631708
b7317d34b8035aa3,0.07185390278663359
263b44530f890156,0.11281337093239557
4908216a464f51c6,0.15694633005838796
d0b576af5fedd973,0.08708484098613796
d53abab056eabccb,0.10619608547372508
9947a71c07c08013,0.13923174259164187
e3f83e6765042b60,0.10801465861196397
b5e1fe2cd612caf7,0.06277871045678274
2c979dd3ae786b0b,0.03257763437846735
37ebd133842ac652,0.12792833983938956
8d7452fc00bad24b,0.12459874982738446
be4d73360ad37873,0.08684873092357491
40b14de62d50cd96,0.28828294608037686
e8b95e5aac14d285,0.04444495731806576
545aeb4e5c2808c7,0.07790327268406602
3ea943e815e609c3,0.05486282447713698
9c3663c00fb99ff6,0.07767511370601099
6806a16705d54743,0.14383353376074196
9658ef3f8e3ed080,0.13145679070605532
72aca7fa36feebdf,0.13660921097393708
dfe86e43c4930991,0.12877528064697627
4f82ff5b5651d2f0,0.05991993943604003
d13da56afbdee207,0.0982671351698417
0dcdbb940af66121,0.0558398280398556
0e09773245767eac,0.06087907024403423
b186bc9610e2b533,0.15735444585678715
d54841a2e0a4cca8,0.3206722307829425
166c017caddab251,0.1652670879419005
a23f0288384f2f2d,0.08481023371816575
4886d310e5914363,0.07176916555765012
41edfc6111e88f1f,0.055798749952860965
0f33a4c86170e40b,0.09610819340066273
19bac5bcc4414e66,0.046568847993340046
88ddba34446d1ade,0.06807053656977959
a8dfc97deea7f5fa,0.14656691177969744
fbe5da4001a21c4a,0.04612629799764622
8ea535444187b6ac,0.042641541830497565
1be66765efbe9174,0.10041958460453027
05f16b595e33f77b,0.07533999183834991
3fb3259efef9eda0,0.04967314363297991
43836f5657b092dc,0.14526479534943346
26ac42441170201f,0.16446317326239657
12a4ec2031ef6174,0.049117016369406526
d8e7f33605a80ae3,0.11035337028561396
d6bde3bc380d8735,0.09831567912611801
9e0c178f3e852551,0.16161454004791964
88a6149ecfb1f651,0.09885488759606545
54a33fc8125490a9,0.07827056771756921
2930f4f063583542,0.06745703292607125
5092541f5024187c,0.04613801266043145
e78a593c9b385330,0.09954562071626971
a09be3a8eeceee6f,0.14742113277763585
7010ac1b44772de3,0.06964427902298578
49a17880c454c7c3,0.04395789943969368
4e36cc0f1383ebd3,0.1357069248815468
ebdb25864f6ce1b9,0.05302511925623529
bdb72360a5581c6d,0.12870010296139323
8c698e0fbcb6a090,0.06867248420879943
9c350ea7550d8378,0.047639812589089184
a8b88f7bb8ca6361,0.06802854115389996
3d326c98287fba6f,0.07934492900447342
f42c01d8b045f708,0.13417155208428416
8e5d62b3ab696aaa,0.035904689560251786
6224caf3c72e7ee3,0.08645131277958462
926fddd6b2ee63aa,0.029833517260455456
922cf50522b3b88b,0.13083037783714357
7d0fb10204af6166,0.1556637424715213
1a76fbd031e39a6b,0.1910598482096624
fd68ea29d356dd75,0.05355463075673035
03cc36191251ada1,0.12974725486729616
99b5bb0b92d8a55a,0.04764101156107978
aac02a9d632924f3,0.03577536317523191
5d220b8e18201d3a,0.06605064589313148
14fc1d6fe2d4e69a,0.18190396612163745
35e119f52196b1ba,0.03610811364529535
40f1234b5a30403c,0.10873295781532792
d59ccb5d557c022e,0.14207420646746882
0c385e728de38f99,0.0736279703888034
f8683477a2ab2ade,0.14633982814965996
511fe8f39056b9f0,0.1100443568487304
c99c5d897170f156,0.1054112626964295
9d753071d21e6c36,0.07403578216276396
9e9289f66961c664,0.11113602607361271
5f8b0d75fdfecea0,0.042213537217046126
9dc13c482e059e6f,0.07015881322950743
3f87fc97c66a3191,0.15599017050514066
1b3f3ffb589858e3,0.04927819455226298
5358785efbcfdaaa,0.07393089441841774
57193bdf5b9a6b42,0.12295236603199013
4ba6c061c5bcb057,0.3728257650552284
218a85cad268eab4,0.16797353384751212
f93dbe2cfff78101,0.10202009195113493
a8481146cd533ccd,0.11753540438631532
84b0e8fa750b7a33,0.08257876195662685
fdcc76060f099b01,0.0369844106235568
300a47eca14f8974,0.13358167431916762
14218faebac40dda,0.07836983785141423
6df2c2d2e3c3a7a8,0.12114505422911603
73b49cfc1f3e9dfe,0.03885923235815527
7f686a76e0a43e5a,0.08658489533923026
bf81324a27520bde,0.11664238487281162
f5d463ec64cf0b0d,0.07133567204348039
7b0554b8ca04f697,0.06241898002990244
e1b2fbbaa6be8596,0.09079114813726269
1b881aaa4217102a,0.09247703357809078
c212840fd1764342,0.06622193227155686
ef314439dbb365d6,0.04032777463624393
1772dc13f02d39b7,0.06012680079536048
b9ed04801fc7a354,0.06256850107573328
105a3d1544b0f94b,0.1291412107353348
78654baca9d1378e,0.21038191917140803
9bc2056512b6d4b6,0.07974654522891292
09c4cf78e2e7adc5,0.08439373115862306
b2555ae21207d05b,0.13634563366428076
ae348fe15c764802,0.06080440334809144
f0124c71b8a4ad33,0.1249435783608462
b56dc4e690b38942,0.05359038085449338
f780521ce14740f3,0.05633782778838407
dc6f043604dd54fe,0.07644035665483072
e07db4ab9d64f3ee,0.11782114118348523
8afd23b140e4bcb6,0.11957814256119788
11bdf36dc7a35404,0.05750012019221472
4996a5c048b055d5,0.16580757320406936
623d8021b7d32292,0.11184850228938661
9eaa2f70288d4b3f,0.05679195241221155
9b0054be7988059a,0.08148636644185678
3952d82f6df456f1,0.04918991423403232
8533f9a63a9367b1,0.08173605439514063
391d9fb2c3bd6fbe,0.025532123729750757
101b529dd70a1e11,0.03263142525839643
85b19b6a46b45156,0.05253869879984295
a4b17c05d90ca2b2,0.09407687446497019
194ecba02d51bfb5,0.051347344245483414
20a12da2d8890e93,0.04940439745393363
2df9214ba1de660d,0.09102183577331435
bd7e307eb75933e1,0.10321190005509742
5e0b0dbe5ffe6e83,0.6609214619787701
bf3a6cfc9a1f3c80,0.06960840695416165
82ae8090ca11b2e6,0.09661201127995549
4901ed9747386ca7,0.13326681035229482
53084b49be13c52f,0.14887896152017965
0263cc51aa1acd4c,0.12308602850307027
41e313f2355b137c,0.11720057118876745
51a37cfce403f12f,0.062259148470495435
df4f484e6719459f,0.048049994726282484
de7f255e061d07f9,0.09292352118392086
741683772f1576c7,0.15705985687229387
54c7fb2af01e96d6,0.1696420063350637
24c542dab399c685,0.04041383834971318
a1230bf06c58290d,0.06014489328451402
900e15461a12870f,0.13733017092641997
c089536a25834f70,0.06780358798706713
afc3286b544f0040,0.08270988897000289
c61465243a2221a5,0.11004816297688752
cb1f20d4bb93c243,0.0678891476782084
30725d20e5558b56,0.06944421846496704
94ce3e10e75f90a6,0.042272259038036414
48d0b89d569495d8,0.10666121156167285
ff1ad6d36283f697,0.06336052096902874
72be68b75d2c814b,0.05543780909814858
e4b90062b12b7030,0.1468103135853265
d6323a665e446722,0.06936721143352945
2d37f4baed1667c1,0.10973576327088286
05781aee37a18dac,0.05350897910896825
de24d558a18a9f32,0.0654214148547375
cb44379989560ff1,0.05278436557699972
eb333ca8ccdad2c8,0.0714060809270976
1d5cf29e044bf468,0.1364331947656386
172401cbfcd665a3,0.122312131482921
8247761544773a90,0.028805753010733556
5f2c0797f7cb831e,0.04668534466970274
a7edbfd2acdf8ad0,0.07847333074926108
fdcb685349aaef9b,0.11897194973437236
1568e5a308c50e7b,0.1559313207189322
53f5f1c7014efbaf,0.10448875652308295
e992034fc58854a7,0.062262426588242645
b1fc334e48e20c8a,0.038588336128498206
ca9f6168acd90b8b,0.0443326873303899
929bd47a71c6b958,0.23912740467636961
f7ee05e2b2ea34e4,0.07825570985330399
2f3fdc90e73536d0,0.036258204439738775
b43f6d156041778c,0.04118019474563905
6b0740f130757056,0.0429982687164852
9f1200bd8ef18393,0.07362288818197713
bf0849396acf9180,0.04044530354382153
58f62b02898dcd7c,0.24213363689896633
825b360a284d4a2e,0.04236481549666779
0274228343b0c7cc,0.19662121708692787
746ca6b736caea7b,0.03541193698188071
69cadc81ce7e015c,0.05312273103102319
295dc3bdd969b7cf,0.11667328520375814
e0c7aeb2471c9ba6,0.15729799279152062
a7c128e7baf08587,0.0832193634569206
74ac5ce19092de45,0.1152468382980068
5642496d768456f0,0.18064404196568326
9568d09b37d48147,0.11639622250123621
687eb07ac1ec9aba,0.08656687420964798
1131d59f818ebfc7,0.06442490739895651
70d46c4ad271dfcf,0.08536149708359642
333d8235e3bd1acc,0.05957469027563195
f9dc0ee30937f393,0.09988982190874626
e2e48b863ea7d61c,0.12938325376887716
96ad67d29a15ec47,0.12697167835584727
998b0ea49069c858,0.03968182241128476
cbf500fe483dca27,0.06390303702509888
32889f39f5c7e4e1,0.05552649023491105
f87241418df6147d,0.10131767247844181
afed174cf13b9d7f,0.09009453519600678
d52f3c40480519e8,0.15269762181521795
67306d595867bdca,0.036086064339506965
dc439b5c79486948,0.08375322151609119
35089dcee9e9ba1c,0.05531513570836154
61b5d6ef5f241490,0.0544514871169945
45f5713dcef10264,0.09944367741718949
2a3053d58302242a,0.035209252810283954
0998f38d4d069491,0.11753425656632224
accc2c8ae67e6063,0.03536363506260873
9f5292cbd3806d79,0.06063042893358489
1fb85b95e91ae45e,0.08042849086117745
faa0394464cef2e8,0.0389055866730175
af95309c63fadc79,0.1030520150552084
b8b45d6732b08fb5,0.0641028595975855
66966f55862259dc,0.09924304855826964
608333309da6527a,0.12629392427494354
36dc5921a7d84ed1,0.10753635291796657
27813742ebfe2b33,0.09924049122791767
211d5db960ca61c8,0.0412466150974326
5b186ac0d11513b9,0.24638330294852004
832d1c008bc3ef2b,0.1570513597501847
7d4e4f8d7d40dcfc,0.05735882625108592
f0dfb22c3a27665d,0.17064247164799962
407451c452cc5d17,0.14576869269412426
56928312feff0ba3,0.11315533990609745
9454541a6582c13a,0.06830728578473902
e6e2f33f21d593de,0.03437418858381387
eaa2910769614f8e,0.038578532264228325
127bd9796d970cc9,0.08146254626639877
169858f0ea055525,0.06855645615738529
47a3a9c393a619bb,0.052941268691023904
d25e98683c74aa8c,0.10606269994353797
4f2ec1f813538809,0.11897674310713216
8e5753d72777a9ac,0.08407008349075766
d9cef172341ac628,0.3813925572915723
d2c6b2e087495365,0.12236138724758258
5aab483da67d16b3,0.09831694226799371
ad319fa45d964c5e,0.14933743867787563
730d677b8c968e37,0.0512530876862312
b1e38b684248bd0f,0.1320452329346901
ccd097c32d7ca7c0,0.06581625963089906
4cb0f5de29f8b8a8,0.09376356259578929
902aa8ae7819a527,0.03075064110338075
36cc1fd78eea46be,0.15560246610579298
5b8a6b0aae157e06,0.14834675382428567
d371f4cddd5ab580,0.0609175154027224
a07311ae113f1cc7,0.16418033862153744
8ff382f017152a6b,0.1227814259479392
bfe18fe096f61209,0.07623357493144721
97f3a3f55f767d91,0.06435288711638558
a4058a2e4bbcaddc,0.1632687438749063
6dbcfd20040642cf,0.03735441697021066
42a6b3c10ef18f02,0.09727723342234663
9d7f6f4e136504fc,0.060992966785423715
0165f411bc818cb0,0.11432968496386448
bffe1b12bbe69fb2,0.11550521176340575
e01b40b1d6f30df0,0.17348731452584765
3201c568d1d26470,0.15434888206869557
0affa4eadbf1db83,0.1468292739961165
ddd3b7b0ab9f40d9,0.16250020299570422
ec738c2ec1bfcd80,0.03416094621326674
906a954f8e1fea07,0.15450149730475643
cdbfc59fb04fc180,0.1649795419926427
2d4770eef88200b3,0.033663626980569586
3d18600bcebb32aa,0.08520956058924659
3e050322f92541d9,0.06955513562739846
1221e13593768788,0.06720012558929377
e7ea980a9b3cc8c4,0.09860169996784654
398953f786ac4845,0.17958454862210604
e8efc32edeaa174c,0.1557649547817873
49f061e869ee997d,0.09224887343881108
17668415b4ad9f20,0.06647773717594978
81e71cda520c7c11,0.1300587098876526
7c48e5537ec69161,0.07572015050131922
7b6ba45bf7c43e21,0.09125504175007086
9cdc08694020bc45,0.11712386028979155
60a026b4a766753d,0.06996249059006858
719db72fef47ca30,0.056981793037123446
c0b5b808eb068fc6,0.10739261082593254
b20616efa1e51758,0.05028078122832002
d1c2190b7e54ae51,0.04345810143242182
88d71cf388b60bf4,0.11869369223492371
c2394a42025bd869,0.1985585475803267
19b165b652dbcda4,0.1622086332809178
c17841139e5914a5,0.1517886637936107
5549a53bbf9d24be,0.13153744941440162
2da830aa5b2812cb,0.053480132545977506
fb36e8ea3112744a,0.08597983765735212
3dcfee7f0efc084a,0.160035571883762
16a97d3860c22e1c,0.14615560195762567
6322b2e3f7dca7db,0.09552790524647432
a48ff3331f89fc6d,0.1103380718919662
e07a96472008d97e,0.21033817043085395
42af4fb223127bc3,0.05519757814072403
4aa484762f1d25ae,0.10608988460912637
c414fb964c9cbb8f,0.15707244079859056
397cb89e6ab8a959,0.1510417454890811
2e9d9d9e0a6af0ff,0.12322126835860756
fc32ff9c59a22f95,0.031735691083220385
5783d334ad7f831b,0.1311107268305491
dbaa31f9fbbb6219,0.04802978829065194
93eb228beb06de30,0.0425339909719363
482d6bc5204e5ae1,0.07243018456336557
7128efa4863f0362,0.10109616262413045
ba5809f410734a94,0.08815334196326419
a571eb5010a2e299,0.051215517926974714
ad6cdd09fea09683,0.13625521618418812
fa9d2cf12e72efce,0.14888656816872803
a8ae0f9ef30ce81a,0.22577095038618492
3b234a17219db0b1,0.04583107904105045
25b24a0734045bd8,0.1737944680403864
771f41a483c9f8a5,0.09704647778782058
22a6c4ec274869d7,0.11561749451347139
e48895820558223a,0.05160317528942459
02c11767f29d0426,0.037794533772869045
d686fd200c65923c,0.19843417827985343
adfe117f01ca698a,0.029629561001860753
69f3b49837e76dc6,0.09602758472305756
2e72632e2ea73631,0.058121320493072205
3207b91e24e27568,0.06496328076471136
95f22517cd16a7c2,0.07045755172238591
543936caa0e83a72,0.054604562436713466
58c5c659df736b0b,0.036456453015813094
997b65e2ca34d529,0.06072553882207083
75bd9c566434eae8,0.045619334618115376
14088d0f66d091e7,0.18062214357763368
4014d97b63499622,0.08567065586832406
f9d10471eb47111f,0.15792251357429318
545fffb7628e26bd,0.04502559279887218
9c45d75bebd4d820,0.03589884864703363
f710caef77284ef1,0.14702631234888164
e4bc3c14c4f4b1a8,0.12011668026305328
392b17be6354d3a9,0.10591393998795412
9cc8d07ee090f377,0.1677988399331315
b2fbccdb690a2b84,0.13048975100993923
291257ccaccf9d11,0.1156435546421794
c9022a6ee3a5d7d8,0.04705837962840154
19a688707e160732,0.03980810541327837
84bef4f5323ebd93,0.15615346366755675
a3e5e1903e0e9682,0.07945264401554825
3b0297530613b732,0.04496376113866574
ca0fa3062d6f947a,0.10967115647506694
aba2a7eb167c6548,0.1323597473030962
7dace0a49f811059,0.12096882588227854
522ed32d9fdf2d72,0.0882209793464166
8771c418cc219aa1,0.11269248001330562
1b8f8b528f041137,0.027989716721722263
a9112add272578cc,0.057797928324515725
e722b584b816d2f4,0.12220435265462012
324dcb8fa3962b96,0.10561513563890768
ee84f939a7ab4e14,0.15161738073378273
f7a5683abeeb512e,0.054786025547071154
788dec8bb41081b9,0.039704652887715824
20880910f50c0159,0.11058012019356228
a55d2babd6ac6e05,0.038187490425464356
7c5af2b41b2f1889,0.11422482156817813
af9599e0e687edff,0.06822000966799083
96de608fb997caee,0.0468918205368732
ef99f60d68f58a7e,0.2531546376635365
59d2159096523cdb,0.22702854437967193
606abd74dcfa442e,0.13572712388035477
20fdb4917e7e9401,0.05357133241478729
a3a5ff27339bb075,0.12480240012487812
b5ecb5c63b48ec75,0.19333958836344764
0a039166594e063a,0.03612331558350215
62bfe04683f51a3c,0.10462750082107893
b430c4d5161b59db,0.18230719718073468
a385f4145be5f5d0,0.03516605356825226
904e0bfdad64bd43,0.24652222106524596
0f4074528657c491,0.1642500524159173
39e4468b2f4b7935,0.09895636920184886
9125b00413b353d6,0.03649872145894559
fafd8063bc5f5cec,0.10380727186245958
6b06401ff364064a,0.03120517365523484
e5c9addac3faca6d,0.05013797197766696
d12807d748517f6e,0.07291849224896757
828de307532bb29a,0.18849690117872492
2799da617b3128ab,0.039660634072539835
7b6d6ea6d9feff86,0.033147548330983684
0627c402fd75fb9d,0.14838670986552327
a1bb99f3b749279f,0.0802587116000693
ceac2c53c27234d5,0.03639455024316538
9b3de1b793447910,0.055748041017091035
76a426cfc81a4d2d,0.1284821522946874
abac3cc21ba1b309,0.045030983989467005
4e8b9323fa254334,0.12073683092639576
1a4205578a28486e,0.16228140648262077
fa7dfc3f7d4a1344,0.11420989070944107
340b1651b36c8645,0.08245041024066212
73cf2e26157ed703,0.13265366226807324
87add43c2ce1b06e,0.09710832791025482
01717bfb5b3542c8,0.11138903350503111
70ca05c9213444aa,0.102627286648624
0684a9a80bfd34b3,0.06171902026189506
8c2ae373e2809c29,0.06911932003631725
331341a7f1c33272,0.12563249901561188
97078c12c161c701,0.08771729277451544
4ddffb1d8861cc54,0.04945460046066461
2dbc5e3027b4817b,0.10876253829941858
8fcb717c71bb3cfc,0.05693117444076476
58ed220fa88a029b,0.03240989397361993
fcad4ebd837b0031,0.05133354901958539
0792e52fe2c9b711,0.12160929546306676
576de6970c4ba90c,0.13473854269006574
930888a00b16e315,0.13299328999234714
bb00b59f720aadc8,0.1193907384940407
05aad23e028bea27,0.10585222320139431
0ccaef7346d2eebe,0.07888041459192338
bc31c0a97c89dac1,0.13068444372757537
239478b0c695aad2,0.07911468221398318
6d59238e91d3c6d6,0.11079999283148757
02b6f6002980042e,0.13485596928990667
0164fc5fb575ee2b,0.0867070042008024
d8ba5ce01fe8a09d,0.12937371349981502
173b378df818b167,0.03763802221126906
7f5edae9b09a208c,0.11313357471083896
0b5662c2a594c20c,0.11546012416029602
55ba1dbed1a641ea,0.1380017581818689
c944ecb134192652,0.17229384034305112
3984b7d478aec2b1,0.16258321616638188
f6ff304e4f459ab4,0.16657914897519527
a49951ac9b42ceab,0.08067339465245496
4b48ddb6a65e584b,0.20476391670612526
624009526008e265,0.08659672625328807
9ca1f3fd0ed031b3,0.1396500514323585
dd7e10345355a17c,0.07797687503623085
a324ae18d57bb12f,0.13076893447031435
f3aede6892999fdd,0.0826206844293324
798f779dbd13fb6c,0.15744664716269974
21481b4c28f91b47,0.05060385681688323
8529066c088169cd,0.034981329597431964
7e93ed2093de4112,0.06792942328464832
51687c7ba8a553be,0.10689692543818347
4ad8b585409698e6,0.04091285783978848
eca2dbbd4829118c,0.12196028872431508
7a9bea3f50549e57,0.09070218799555774
e53cb4d81fe012e8,0.10969966238403112
25e3af07b73ccb43,0.0739587913269871
939b59f220b94ec8,0.0821111444105608
9618c75bab14bdc4,0.15481365066085706
2ac483615d4696d4,0.17302739807418321
b357b45b22852d5f,0.045858246891480936
eed158b983054ab2,0.044974514011425916
25b699ec3d33020b,0.16535676826553197
fabe692869cbf6a8,0.041368279496665716
e30cdc55701f891d,0.12150191876951223
4e247c59738e0754,0.11090164213180609
eb6c93bf83ef9f01,0.14509830956602657
4b2a51b89182eb2f,0.1346687304625379
920800c7a752c35e,0.03361662554810366
00e3f3638706ad20,0.1080399362174675
3b68344f608e8cf6,0.052011488836955166
bd0092d0e87dd02b,0.10045147001574291
d3020752ddea13e5,0.12657334487756625
679a41beeaebf503,0.13120353724448638
7fcec9e71dcf18cc,0.0692762745971318
735724a234bf2816,0.1285929137151154
31cdf3e24ce53af5,0.09748278348421012
58b83792be0f6321,0.1603876074305831
2a84a58cf96025f5,0.042005361568400776
9fcedeea63586bf0,0.13677807004854306
d9de7aba8c682fda,0.03961936040830917
08572215a3892815,0.07251348232936959
b488884763d551a2,0.1512321396376964
c30e80405d6e58b2,0.04249442829608325
0c86a250e70f6eb2,0.10616660113726717
a11c15fcf4597f82,0.12703765027246697
2caedcb4ee1a4103,0.17010967396276
f91d05eaa3df539e,0.08905665487829378
8bba0a98ae140af5,0.1875958076099957
a987e81632676043,0.11237793273309052
f50807d17b5c038f,0.1569089773192121
ee12454070596716,0.11706750312533212
b6e0190c3e5766ef,0.16783822021417905
a57b30735e272a29,0.0393445339649153
ca66fe2ee058013e,0.12380762348572441
1969a8349757d32d,0.10218071193267905
a5bad4f4702eb96b,0.06318792389804176
2f4ee5ef7a9e32ab,0.20203104793640314
abb1f9350d96ed70,0.08002686396278132
8a663152856f606b,0.043205669531948244
5965e2be33eecfc3,0.03643993240838641
75414a1e69d6f205,0.09475622744812717
0d6362f82430762d,0.105288294983472
cded8976cdbec569,0.11482143207168477
2f21d9cb88d7004a,0.14115601665881217
bd0809d01c93396d,0.18602279008727404
d368fd4152e904a0,0.16694687466018973
7a088b0bef4cb74c,0.060289573181078734
dad9460a25f9913b,0.1474111421271474
50f138449e3fe2e8,0.08582904859768048
53eecae41b9614fd,0.16366853603033252
c88755b5796bc0c9,0.16607395534746608
1b2bf22690f55b23,0.07088003691860491
4c0b6078692f7c89,0.11717291217355338
d310596293c8f04c,0.09246106441359456
3a724ceda4c76f9c,0.03482902082817055
57c2219b4f1a0a5a,0.11951214108949147
6069a9ccdba45516,0.11218723897131967
504a8185dad726d7,0.09967564093394335
c950477e87d58094,0.047048915030816714
9f1e86207b2be555,0.1723294995220247
69051b19215e3e0a,0.09405263858385225
7f70b72d97083c7b,0.1296713814703953
61279ec74a6d3645,0.04211433448423528
4a35368f7daabf53,0.09553573060887702
8730f5f1237b818b,0.03076337387846292
f9492b545b552f5b,0.12264782110076976
a5e99c4117b486a0,0.07863351873925624
c10ccbadcdafc1cc,0.036657802132513254
e0d15a865fdfb988,0.0545246131807983
eb916f460ee1b545,0.07798950776620288
1b7bb61fe350c5ec,0.0489727313777553
03e5516590f20096,0.08081695309136935
18e0a9eb3145a82b,0.043171907061610476
39cab30b8f09a081,0.23540706215429952
dd47b13d3aa2de79,0.0486579917876957
6a431bf1b07deab0,0.1543155314628814
2b0db9b43f8d905b,0.08394846109498066
363b638b117d0e37,0.0293440612403445
87518c28a26f4d41,0.0285736024661015
3e73b6c86098ef20,0.12774802595720938
f7580d024f627389,0.06450757882219164
626946bf85055423,0.05380947927046861
1d4ec81574db910c,0.09703884712039584
eb3384eb6ec0ee10,0.049779364144580444
ba1a0a18164d2ed4,0.05959339187765499
8736a356e18687f9,0.0418282039067794
f66ad6f9a0d13057,0.07219094321345554
6781beeb2a94c80b,0.08107914919489807
45ec50d9e9b762dc,0.03958627273222448
f993d49be31858db,0.10324799197132266
68630d40b3d8c8a7,0.08452882136470138
790d0e863cbc896c,0.04295010646294254
6b9f40e1b5440454,0.04964904160875716
5bd12aaf1d87cfb6,0.10225640666291258
9593f8af8e49622c,0.04642048057050531
7787873ef39eb65f,0.16230457750881314
3b43be2428bd133c,0.07827963719071372
51614174133f7405,0.11915193929366354
90ef1be7933c7d32,0.06358838107093295
b9b0bc5968838ca2,0.06784076844925094
34854ac0b59be9cb,0.1330226805500563
552972fc397a3d7b,0.11318861175535602
538cce811be930f6,0.1881628923428897
3684947575a87995,0.2286176868273468
3458934dca749c27,0.12389182373192353
777593519303d6bc,0.1282996588280822
c998d0d7e544f18a,0.07609863184579209
a23ad55fcdc44126,0.14137086448350858
628f59b52e0f1abb,0.20734354963721424
f55fd4a896009b37,0.06617964092306507
891966bf8125b263,0.05734895762815545
31a036f4acb27daa,0.11032548396127898
b329a2756c4e7e5c,0.03571297925227221
4abec7b3aa11b00d,0.0706835409234707
506d7e6eca5fce8a,0.05855054905924307
93767eb66242b1fc,0.17807982651416537
f07f619af08f71e3,0.25576574284967407
067779ad870efb29,0.07852639344638304
5772509431f3d5d1,0.13784855990289988
562161d24bca87e5,0.03232627791096475
f3e2eded68a25564,0.09206816627970313
4e9f50f16ba04465,0.05520291805375262
a4208a55db792b95,0.06671964884362308
9540d1c34ce10213,0.06287843550656606
3b047ea1a379c251,0.06430955180352182
90c24520deb11d2d,0.06678724640023505
174bf54853f8e212,0.08335880937390767
e32af9607e1574ac,0.04646134582443717
177d7eaf2ebe4bb3,0.033529577324127466
1d3872dea5918cf8,0.1878044430772824
b6641f418df5107a,0.11582593504559272
7b0a91f0c2754446,0.1546938993711874
3074d01b6d512da1,0.09670244119325025
a1ded8ab2ac8cbc3,0.05938909420473035
99d24231acc81bda,0.1472930244232757
ff0efc6b635f0dfe,0.09032396384567459
4b26bc2a5271e828,0.06732707431108818
323cc294321346a4,0.1272347587497202
1c5da1e20342a0bf,0.08365490467346351
4f414677966cf8e5,0.08881129377725255
a08962f7cf8ef6ea,0.20621060381842443
e6778d3ce59810c5,0.0531004575846896
944d32b8f9e9db1a,0.2084697409163725
e5c8bee2002b6ca3,0.19873909593311367
fcc9190b336ccdc9,0.05127408312011267
d8c0de2ec20dd583,0.10471670305770697
fb55a45c51379250,0.04029605074267502
d6e81f789123be62,0.08077458256599558
2653ffee6d9f5abd,0.16283445722971907
daf885e44112d6f2,0.11371000679570714
a75fbb195a5c31b4,0.2954229829744449
d6946d6a1e5de8e0,0.0729948252353703
262eea09fa9fdd15,0.04669463432696014
0661f0f9daa76a96,0.1155083049605048
3796742963319893,0.206333587692421
b7d31b3502739b04,0.11792532705197051
ca3ab2b2441679fe,0.09374474322828925
6ff3c95261a2e60c,0.03807065020813944
296198ef516bccfc,0.03487419103722363
fd7387d23f2c2e12,0.09521050027242114
705f7c9f6f9a1ddb,0.04672892881493477
664080d9a44e09d5,0.04828215300574683
d7bfb116b3f0171e,0.1052839566243306
df7650f2e15b685c,0.10647125490424818
13d553333a49e1fc,0.040999719423608846
d60997f0da2b3161,0.042769560924005065
e3dc5b0748d9d1be,0.2797786084530215
126cc7a3354c3a59,0.048880599280916474
68c831e307f80c40,0.03390358034457015
4c10437c6f1f749e,0.2584699074491146
4de56fff18170df4,0.06405833532137893
93ee64e43ea9b0ac,0.09665524376499185
622e27b7a834d371,0.15689192114494513
8283fa9a80b68052,0.05439172195151577
3cbb48910802e9b0,0.1379283401956119
898c4451fed60e39,0.10823738435503544
560b7b7af9fe8dd1,0.1069100164983928
bcc595e893e2a797,0.0612193170634798
cb2fa098224a9f0b,0.09550296432776909
9e2a88f835bbb5df,0.10523311710430358
07e1bd9a166bc257,0.13556164583743854
10fdd890be2462d8,0.03510059040159705
34a7adccbdf4dbe6,0.15206513839211244
5dca94f6e13922ed,0.06466502262393428
be032af3265ed2f8,0.22013118113037095
afebc493854ff065,0.037200278577096665
755bf2132b96ea88,0.03762774077386015
11b6872eb913fe4d,0.038802273718019795
5a73131a74b5e6f1,0.06387368464624879
a1445f34ce4c970c,0.11712245847630981
c84303c64f096b4d,0.09698455141728143
ee5a57da13fbcab4,0.14962854225276043
9e237fe51b937f8b,0.08496876262402554
04c0ce452fa54511,0.09759187085455204
e4cc4cfb493c102c,0.1332070670976969
13ec6848e5d8c7ec,0.055984667048690366
8b117511fb3c0bb5,0.15330323919625255
45109a7dafad71a4,0.23349464888382299
be5d51769b283a70,0.1322564565342011
4b049c030fc355f2,0.0915512557432531
e1b125afa19663b9,0.08996259155119427
7f5ee99bec52fb31,0.21000474112179884
0ea477a7bb524c43,0.09316979046380669
b2ef814029a4593b,0.13151438806277005
54642bb90de7c651,0.05132360853850817
5562db51544efda6,0.09062822440361472
8c3fc61ec6b0570c,0.1366713530978797
19990ada3d732a59,0.13996468270135565
d4a097538c2270df,0.0929536835615973
a8e6780d12272bb2,0.1315759705220369
0de7c0afdf2ac64d,0.09386581850347099
ec3a682eb391eb7a,0.10641746595843603
de499b3d3aa77620,0.07346183643183071
bb95d7738f26c137,0.07958775944901685
76de6c48fb303a99,0.1673749066422354
f54db052a2c1bf61,0.17553356675904658
d2b45f024d0f9012,0.15478321012326318
26693e446f60e43c,0.08194258121739173
00fedb2a014dd220,0.07544407624613644
8b353042d65300c8,0.08080708253511296
90c55b1f3ca98c5b,0.047311187417953586
b874c35d79d74f6c,0.10004058410111605
d482eb847a0a40c6,0.07089650558498195
fc4d3a97478802f1,0.07678778242016607
0a7a2b85838db506,0.04110703224292342
c697f27fe38b040c,0.05595004686954285
a4d2009627d556d9,0.1243815352628474
1c403f2124470ed4,0.04171468876742718
33627e42df750fa3,0.03880704922913175
ba9bd925e360f225,0.09187546346158165
ea28b791d0295ad0,0.10236937234212662
d149d439304c8705,0.04322594457437605
536b709bf5515eeb,0.0489725920947536
88c0a8061e7a3795,0.12937607969233042
8764acb490f19b62,0.05069732317384031
417f76acebadcb48,0.16816507410244605
475869c5be3c507b,0.08779747437441865
3ef8009767c7fa25,0.18811238284460757
b554efed5fb706fa,0.15482138614351548
84da50183b024285,0.05496453593634203
a4b1d18f46aa981c,0.037095153567414565
9b47e555a004cdae,0.06314494013961108
ef262814960ff13f,0.12833214971355397
5c0868ac8eafc7f9,0.06592155644647395
db15a0f6f796aefc,0.03679739532547474
9e813d48e7fed678,0.12874232224281326
7e45e93f027eadd9,0.20449211208914872
bba24189518e4411,0.1601526450075344
80cba429bade3fd1,0.04140415879672503
ea2c64045d0a1c12,0.13267362401800273
6eea65bf31a2bde4,0.04084730341298039
986a532aee033e7a,0.057222753201061065
d254bc6437766f3e,0.057262095892718926
3c2c4044a5a205b7,0.06362523690267799
d1698b7f7ce2ac63,0.17383898504371356
5615043a1f36b137,0.035421514244185034
fcb9321c88377fa5,0.04579713492526874
885250c55edfcb6f,0.09176533955323923
f48232723a1bd05d,0.2237211080167168
27b4eb77530a112c,0.04594522416611054
98a1669bde0eac7b,0.20927362737514726
c85cfc3341c8708c,0.044935577117722045
8043ae38af9b3ce5,0.13910421466573494
babccd7388fd8c21,0.0724806542642427
28aeae730b623cab,0.0521090644986296
4bf1da87dd838f3f,0.0340294294470083
8da93da167404e45,0.12161182232581316
4a0a3077b5581645,0.09328615798837911
bfa2d19017923568,0.07350127293317044
5f6e00c966c5f59f,0.15151560365596092
52c9dbfce9f1b95b,0.04852256052497855
cdfc3b9f626b0845,0.12390792476169915
5e6ad4f66342dce9,0.11771588182046393
42b0a534c0da50ab,0.05779427414158827
e454a16a94a43530,0.09226316251804703
1b6c9c3629bff42e,0.17627272295322816
3d4ea2f562e04d67,0.038681972523157276
e5e88946dd245e5b,0.09126793343360338
7c08fe11ea59472e,0.10777218288332624
48716b8ef3837856,0.05538602983153057
22cb220fb3d03ef0,0.16368741075573068
ad38c3a4c4f92dd2,0.04408260275216647
439506f46710d418,0.10958037616502689
e6d46d90ae71b635,0.08649489699185853
cc306ba2474886f5,0.04605666359731017
c3dbfacba8b29888,0.05216738103254011
3349746bf536b40c,0.06440903016158467
254dff7f2f5e27da,0.048992443205262456
5f715d9d99d8aef8,0.10389210058156721
28877bba74273a2c,0.037897412673112064
0837f11e1dc53f72,0.17869399666468821
700d9c6e6406ca13,0.1528563810081944
6e0d475eeeff64fb,0.09687951489808702
36ba7c400d24c8ad,0.0318297994636365
8c371f8737f1a2dc,0.43470739579167905
163b4afe1f475ea0,0.18726758496132137
2e2c632a9af9b807,0.20897198482156254
a891091666dc0643,0.12865806178189604
a990b188a8200e9e,0.04182576061219595
e0da7835cc3694da,0.10293849729291973
6965bd28dc460b44,0.04248632819953243
84b4fd2717d4bf2c,0.058764628034597644
0544118474e570be,0.10430583414421168
2437b2d4a2e8ae82,0.27858360068376997
647299fb2ba00e43,0.03821578613065067
7372537f1eba1dab,0.15031596603284386
8854c27e996efd14,0.07673765345502048
380235b034a986da,0.1750675352815906
a2d407f16ff373fe,0.15458167330820682
0ed19a3a868aaa3c,0.07549184379658624
c173b6242dff9b1c,0.06921160144614129
2043889f64f744b8,0.10029129677214012
19989bc6ef928517,0.10758140415617609
d0665c65b0cf8d5d,0.16581078051946893
2b072792e895a81c,0.0428269258833949
c531857150c9674b,0.09388502367690767
bb56bbe97134a4d1,0.047577093676383596
3e062b6117c4918a,0.08073206873646879
a58a4c24d35bd7fa,0.1236247288519576
4ea7721e8c059b2e,0.06511832728971494
32a75809119cf7bc,0.12330716308114761
e4794a0287930fdc,0.07791507536105924
028903129d296567,0.12587239265791464
910a3bc19a45f893,0.13269173737921036
afb4e9017f94d52b,0.03982905093100977
8c75ef81ac907000,0.09900297613989112
de995213b69871cd,0.05923182085764765
593b54413b1695ee,0.10797800129993135
d68b798f72ec2a7b,0.04345752753289807
2abd97afe8848116,0.036205357683391066
b80ebde982296428,0.11028861096581259
dbe8ab13dd1f44f4,0.0531916974139892
db6b5f2104046f55,0.11854198296089646
1f67c146861efa15,0.03454291377231317
38f490199f1306b5,0.06540436628967092
dce69a47bd1feb56,0.08406367142371944
12cd790efb4486a6,0.14824288525752682
d5806dd0784560a5,0.03996096964880835
207f45be2fb83671,0.1463731885313926
848e2c11fd115b35,0.12217682922830769
0f9d093c9db25458,0.12229624429917835
13e9da15ed290868,0.07593781550931988
8c584f6c1538beaa,0.025775725435719227
5fcd3e5896568513,0.21041485752899364
aa1f013ff05a59f3,0.06016322917506334
eb2bbf6f740d132f,0.042920894111824835
51fcfaba58d7f511,0.1657795668145883
abfff37a1f178105,0.18915940029960226
918258103a71c3ab,0.04578809918838114
99beaa8c134356ed,0.13297526080657196
f3d97c979517c08d,0.13426853171260728
577a00d787373595,0.17177838749568106
d71bd663eab2681d,0.13794998494480293
3b59c956b239b3db,0.057523536514898777
9115eeed93f30a1c,0.046490119427841495
3d992bc625e7dad1,0.04017214832473558
4db07f6033192f9b,0.04954477046776207
a58a45e9afd5b405,0.11854587409683748
519774a276bdada6,0.15176887335286335
50bc50ed77a01d75,0.12022639980389595
d608451c67dc5cfb,0.08701845044108526
2856ffa4f0a1ce80,0.11078779035871081
2bdff8f74778c4ea,0.03881698919994338
068acd67c99550cd,0.1373950558444372
6123220972766a4a,0.10454822559006685
c4d534fff3fc5628,0.12143306336507131
9fc3fdf14ea045ac,0.08135460117089272
3f86edfd0be75ecf,0.09500244441119271
c36573a6175092a9,0.1374172021493103
7c4df8c2f29666ee,0.0405651569673189
3c791b72118b74a6,0.10569752709181472
747b04b604c95fc1,0.05334038836506739
e780dca0db5520a5,0.03979359417566847
af83daec6d450e57,0.07635126663199983
5d4ff9f52e2e4f34,0.12686301878883227
b2b8e551d87be54f,0.6755367666222193
203b6e0e0fcaa971,0.08371327202011324
eb36b4336605a7d6,0.08593616241555481
14713adcc060333a,0.10104605723459849
251c0c9a3789eff9,0.14607776376032702
0d0e059449af50d6,0.06916401960887937
63b1850f6f5df5d3,0.07950128334870671
90ace0c383247390,0.040960509536820046
1ba1d1cb2d6d1bb9,0.06557028459304906
dcb2cbe56ba92129,0.04194742148454569
88b8fdeb6d82597c,0.054121387020894876
0ccfe20a4b77ea6e,0.04344518606671372
3482a5b15357f00e,0.04002259765720599
6d71348fed8b9c4f,0.06258003628754347
f8723e3306bf7c43,0.20878801109163098
7ef77b74f9baecb6,0.051640184076596374
bc80f01834269376,0.06367356464144287
18da383af4fa3cb8,0.21760274466627066
b474ff492fb9a94d,0.0398464623829759
d157b8492ffba0dc,0.05265949557185991
cbd2d4eb5123804b,0.1299873955135703
0f9515404031e965,0.06613417929999338
4f1dcb8a1669a31c,0.1209137333127897
28c27ce346a7a7b7,0.16416317945165795
58928eff8cb29089,0.10618221318633012
8069cea0e02052d2,0.039214683692511354
3b583c05db5ea4a6,0.04260800245454498
36384df41240d0c1,0.07599882298204805
15e9a245d6d06a3e,0.16033911570978795
d2dba561c29b817d,0.09405917082379839
2a507f7014709986,0.1459247563573579
a27e43abacf3b1f2,0.18136315575779915
686019b683e849d6,0.19175188055054238
9a3663eadae7822e,0.1329746904637404
f4857bb0e0b52a47,0.07239153060460528
29f988f929e638a6,0.05634287678925201
cc08f5318b40d7b5,0.06037356272379208
3aa8c59d9c5dc7ac,0.09203845181798229
eeeb124ea0b0d51f,0.08173118128882126
c422bdf822a0dc56,0.13002170141131977
98269904767a2636,0.05581826241023059
e6cbd02151c72662,0.17410004992212225
5e7bd880681d9f61,0.1164628252291115
fbe456da262eaa3b,0.09250817925181631
dfe3e7968ec080ba,0.07066211623416178
0e9ef351ddbc9ab1,0.05308349603780607
2902b3339eeca5e3,0.10026898513620022
a7137a063b883e92,0.12441562715048984
b733ad3dd8899d06,0.07921398915316202
44fe9234ab115e2f,0.22226698272763426
000b03fc8664c7d1,0.04290804567137513
9020a01496eaf633,0.12635434028081677
53b7a21b0f4cc200,0.04636299667720077
20cc306cbb1c6bcc,0.17146955085628762
debcfcb981ae0125,0.040293027003774365
802bd1039c3e6a1b,0.04150468350960166
5f5c21e0b6a4d4a7,0.06315015836451097
4e1d92bfbc009b58,0.13198542298865987
644c03f056f3bf9e,0.18308875663465815
3b4855d86d450661,0.0440869309773941
dbe1c9a9d3e563ac,0.06018592566689741
2fb49e6e63bbe8f6,0.14634799850627897
2347ddad2e1b095f,0.06768037246086901
e315a627d1ca8573,0.15757008515915097
0558a476ace81c15,0.08615638235879822
4426fc96456aa43d,0.15341161439441492
ee5092888f963b26,0.058105333576726655
57886ec9ac1bcba7,0.18086153294795104
69e1947ef1a19192,0.12942294439642327
af29d6fac97c87a3,0.0649918871608263
6952926383750b48,0.08495977926031711
b6e14b919c7ad1f2,0.06283878325481784
8d09ba7da0267580,0.15168035506319483
40e7e13ba421c25f,0.04019578831944283
c3d8677083122b80,0.169048686753657
e41366313db49145,0.04475267852472893
ed95e31015c5959c,0.11191175911561765
64f0bef89a702494,0.04309818863176979
81918dc774b899ca,0.044645649330698756
dc9dc895fc8368b6,0.07587517741381454
ea0dcc9add9ba8c9,0.12027838683518854
c45a009981cf2faf,0.14932029383028295
ee4eee5c2cad18b3,0.055394247693987736
4b8886ccb99d4b95,0.0922221306575892
a11b7637d21059b0,0.05378230058881681
ae6bfde3685ef5dd,0.04793621305580958
095f96ba3b90f727,0.10342234534252898
c800465fabd83658,0.04514894385995258
c75993f60039bc22,0.11059439707038853
15b2e13c51d54758,0.08109139059843629
cef343af7e936391,0.12121837789716941
bb9e37137f42fad4,0.09067907137563741
b6f54b152f0f2c28,0.09612588559915025
54548a1370ae962d,0.1051103119363554
774675091e96f38e,0.03753844285364049
64db0198c907fdc5,0.04406074038833307
ee3a2eba79a61cd2,0.04685444404812324
d87ea92ca2504e8e,0.19865339388842468
493f68967d2931dd,0.08285577583556103
33c5bd3953cad989,0.08448699714108963
31719675e9834500,0.06027131291258351
283d0d3d8afdcd48,0.14720323504899158
0954b46131527b56,0.03409827477757225
c7f99cdcd74ddfb2,0.16693273539045883
89e81b0750c67025,0.13199382428309975
ef2e114a293d6051,0.044739270518048116
3eaa82eb74b0d2b9,0.23299135130616966
f115b5827c53fdae,0.20928226975971556
5b981d50572234ec,0.09044021753817878
bc2a7ac2fb6ad312,0.13711321112664693
cabb5fa14742de79,0.14902148581868874
9dcd899d3120d04e,0.041596376629339606
5bf75dc153469005,0.1277837982758613
a99c57a3cfd238a9,0.18267827552181626
7d3c73f6e6251236,0.12103833170041949
79c824cab095ef0e,0.09624970430889197
50457f03b19ce000,0.15216783425607497
72ea29c850f97747,0.08731707838921371
949aabf35ccb0c4c,0.11882491845248033
bd3b7b9b5cc3a346,0.11381040399123524
581ae7bcf533000a,0.053303873770922036
f944b728b8eb9aac,0.10359309614323226
6add937f4476df2c,0.11001842887968388
478be273b158fbf1,0.04308724965047677
43c1856ef31d1073,0.1721090188519831
8f97466fd3810c1f,0.06245192962503244
3ae22b8a964781ec,0.10805010008044323
82ba55bfceb0ffbd,0.08149086682394886
5966bfc14b304d05,0.09559742440719275
eedd90867e3cd9d4,0.03388215798686127
99db9ab5fdf84102,0.033492163574134357
6c6761878fa11c78,0.11722402936271192
731bd2e8496a9b0e,0.03491431387814115
9f1fd83e49b82f88,0.21715002973182065
51a2cc12286941ac,0.3053788965194531
7b60067efe8e7c4a,0.1701890484070741
7ba8d7a5a2f30106,0.19644528863640875
677aebcf5c57a29d,0.08281886179486424
c2e6810f10057ffc,0.0916552657132214
f770bf49e8b32f7d,0.1244644655498498
d999d97cecc80f08,0.128977847581145
225695249568ef3d,0.18943566035131348
64c347ce204607a2,0.15371134618058493
8b972fc1665f8aff,0.05906156008235756
fd3a180f558ad235,0.09634589439187716
f24ea2f162b99780,0.14996087486608517
71edcfb193fa3be3,0.14220483179766671
4507c7c846e862ed,0.06979725952251403
ac51d145f495fdf8,0.09418070148978556
3ab5c54552e9add3,0.11241112627848197
0e545a1fa4aecf83,0.050400291721941715
19eb7f93e53f33d0,0.07807886227387076
f4653f53352a740c,0.124766287500813
c716d718820e66c0,0.05929858074236748
a8a2778b42759e84,0.1183342477657426
d632ca08f997e38d,0.043357206238489175
47c56ea6034205ca,0.05307496227467803
f436395245784b88,0.20671297871430128
ddb7078278325022,0.06493579745422431
1c24525f31c1953f,0.1558830761845077
7c7e6ee56d6ea5c1,0.13743043322178342
0e67b9cedd55f492,0.05742948884350363
a585afa6cc802221,0.055241149261992015
132bdb2d81abf434,0.10705944586165954
cdafcf3dcd774b36,0.11525712809939138
5694f780d2c8e463,0.03590400447277289
317ba4057a04aa16,0.15912643003415905
a92ae25f2defd1f4,0.10775235326958942
ff0073be9d8669a3,0.1724859969790798
2c4d6fd16e7da4d0,0.10729713993600812
e8b93ecfcfcf69bf,0.10881408509934584
aecdf632644c9922,0.1387007823415171
0f4ac8759cecccb4,0.037887794338730824
ae0ed79b3f56091e,0.11613067184688602
492dcb545fd160e3,0.08070524344690314
b6feaae9a6963540,0.07275010248728861
10bc80bca38b6418,0.07653862958758326
d8bf52f15b58b474,0.047162463450053496
d590d13d8a0daf0a,0.11118957805623536
bafce96906ba0c73,0.07030760828574995
15a89b9d9a174795,0.0799255797283607
3c895a00e202bc6e,0.13988475641432815
62100baf87d531c1,0.11085672298990107
8ea52f2642c87cd9,0.08920945834887166
78bf3db367f46ea8,0.19932390741630962
7303626be6419b04,0.14760320207761995
86f2e3f9f88bf00e,0.16707286703257235
39921131b7d48cf3,0.13037319834828143
7c06255c489ce455,0.1612253664619856
2a0f68fcd60099b6,0.12978101452412305
968f899504b28211,0.13042335116887274
98dd9df8fdcb29f4,0.08844349007276778
ed55728c47c8b666,0.04958106780547976
0e54abd540000681,0.16526260160371223
2687ae2ad26c6497,0.1489559667122686
afe3e3f4edc8f7b7,0.07750337178203585
3d8ff2a3976b69b9,0.08850855959836298
13e6deb5f77cd1f5,0.09714392613889318
8c8711be796262dc,0.07511734499108505
8eb1ab06839664b5,0.08109276126286905
dbd58b32bf776c26,0.050491857714846836
4be0c2fba004271c,0.11536754714496253
a0f6b49ec1b86bc1,0.1348864488527293
3b33e5fb16341fe1,0.1333074520553619
d39f326ae61cb937,0.033372557931622096
00e28c2a11d38c61,0.149992228378598
a55c74a9759fd56a,0.037095179492522896
8bfd04b0788122e2,0.4843171066752809
895776a9cf9c8d43,0.09012093998662776
7ff187535e206416,0.27776168230584924
b2d991e4147a68e0,0.04389606987405162
b62ae246269c58c4,0.18376371880621828
b8af731f19b5c84d,0.029776427078550563
19f5143484b38101,0.12487273548250516
982f6a3f1bccc6d4,0.05181797951029541
2cdfb20347feec4e,0.15820095560886444
5b2d62e736467c16,0.08343991077694066
f85bf07959deae92,0.05426872072837529
8e923fa1dedcd01b,0.09576328157929996
93b3dea6a99fe31a,0.07902829666513934
8bc3af23b3d5ba85,0.06444366052181781
91db39152bd6ad50,0.2616569410107057
d911a9c74b505826,0.13495347021783333
0e53e628826772d6,0.05129624175091223
14d7b607e5e3f0cc,0.07049459207007892
f3e8e3469f0aab7b,0.048490671082804096
b9c36eb092bb275d,0.10335754501741626
9cff3e265921dfed,0.12605962287297934
585bc81acbe5b1ec,0.04265865854787251
15f8e68c7ac23dec,0.06305625705370903
a37b05bbb09f8496,0.1900397103394214
4f31f80a263d61dd,0.04769847285761962
6a3987a9bab31c44,0.03991006142097407
9f59a5ca5ae6d119,0.07523496770576966
afc6cb824b3596c7,0.041587201661033676
64dcbe6f4ac8de61,0.16320264941982138
1fcaa5c3533f63ca,0.05732442888613447
a266793e0c2619d2,0.1184446243307448
598af3378495839d,0.08185116868155776
b40ecfcda1506387,0.05502876528951002
22537a4c1f1cb22f,0.061866381965651765
8c5b78cda30c225e,0.1218270732256087
3239189122d043fe,0.07276096012593711
4b34859a41dd8627,0.06366862481994262
7577c8941b2e888b,0.034914711953030225
8ef15229dd291883,0.03883780809900725
3332780ef14cd99b,0.1248093667970665
f93d1a6ecd62d897,0.10796076926794912
9505f55ac00dbadb,0.15963030987916096
7c1831bf48bd728b,0.03045280039050261
17cf81ec2dede54e,0.15575691455234383
e84c6f3155ec9762,0.3663186734452198
e894ec9e0ac2e7a5,0.15194238600599178
c307472500eaf782,0.14723223602171343
96de47679c4cb6b6,0.061403913374150826
e0dd44e7040c3168,0.11966972704249233
bd9e6bd2fcf5a54e,0.1388634314776564
0382e0d155285962,0.09825807204150588
509eccae9abde09a,0.16027581413561123
f2147e0be04acf5c,0.09836623294476643
f3a6b01cc0938196,0.15027210431375437
c1956069b7309004,0.0696517526551975
2292dd5e617286e5,0.09978221280083677
3644d81639ce9f29,0.17782993134821706
4a5bf3e5c85dbfe9,0.04773190285949004
095a4f241c64795f,0.15904876992300182
aa45545b6df75be3,0.13618045437156856
ffda21a7e2973492,0.1152820575410989
662adc1ed3e8fd43,0.0954472347395984
218ae6cc5968ab6e,0.16078583066987429
316379f30810e1c6,0.09411631421477146
eef8a37b8fe20ec4,0.3058431760014906
d9a0aead3407db9e,0.12290903052827873
f0c65e7320950a84,0.14403489941181422
4625132a59dcda74,0.22954087562280248
ab1c8b0c3967b656,0.2316007299981186
f00224def382933b,0.10498774762947197
090051f10ebcb768,0.0848716906801856
2a0c37f157e82f1b,0.09413008381144759
61914ca3afe42c15,0.061670411807623594
a9fc0e9ff5b0e706,0.04082254613243529
f548f7ed3074067e,0.07572488116125321
9aec70578372daed,0.051207143577624736
fbb0734a4e985290,0.04925954560980961
a8cd11786e7fe2b1,0.08590922728897969
6a4338f210f336ad,0.07750600214216152
cdb63c81014bd072,0.06486156911601695
2c5a98b60450efca,0.07606334406816768
2337a75838293036,0.045546196343838684
a0ed386ea018cce6,0.09568764477631952
db76609f02b3bb31,0.1279856023470862
597bd387a63987b9,0.1800908415378668
bc7571c47a54ce9b,0.07621761627099047
547510d3ce221301,0.12229881566366313
8e84181f60b3ec91,0.09552371689778558
13880ba898b8f597,0.2739461728702412
9ee1fb0201512e8b,0.15110929771845807
48aefa3d80da5764,0.08068447604108236
498d517a667856a7,0.09949110503060683
f07b0e35881505f2,0.05750810523135985
1df225f3addcce26,0.0402463785247011
84a772cbe6d216a1,0.06368451779862246
f0e4a70f82f01004,0.11292425193133532
3b639af3777f4c39,0.035878176274786656
b9f77a4295400abe,0.03887601603412593
7d646e2fd78953af,0.04111165645379272
4127b246e0beff6c,0.044244772522256226
2321d1fdb21c809d,0.06313810775246315
9936f8d7184f5e10,0.034872427955566915
e2e9ef0520d08656,0.04712402580296132
0aa9b948dc8766c5,0.034846138636265234
d96df85b5160b1a8,0.06177933106748946
3bef9584524abbef,0.11595813530932979
806989faeae50571,0.033247325284954214
6fedd263e1290110,0.11047904928212807
5762314e60a560e2,0.18370156275729307
748cd550549c514c,0.09655548704553406
58a8e997e2757de6,0.039076542662078884
c13887db4b2ded8d,0.1297265954071992
eba0106899e8fdf1,0.16832002930345802
a947c7f89cb176bf,0.17446703270686678
4ac4a17692a2a70b,0.040854980563127016
2fa4409e1b6a3d85,0.13710569116663363
a783eca691369f3a,0.08879913278367282
e6e45dc137aa0511,0.037550529684901406
c589fb4e517e579b,0.07412663001306397
0535f48557a68402,0.13296207094138682
48e423add1624f2d,0.1322877471216628
d20110b1a6f20e55,0.046182187273140586
739f7cc76c78d0bb,0.21842189643505688
2d439083c11f62ae,0.13056620231214927
0c74bc780e465296,0.057779355974590565
52294576789c8ec1,0.12314269874983784
99b2421c51d37084,0.04916152780778896
de49e465a4c970c4,0.19668752918979376
4c88fb93b8d12270,0.04328217525337553
dcce15e3b59d9796,0.05046534429420209
b8e0e09067432f1c,0.16457511576452682
962f882f18c11d46,0.06788050803762505
34753ee28116af4d,0.12529402903898848
7c71a6fe87ccd6e2,0.03748050852837478
7ff97e6a175132ea,0.1220529441570263
d84022bd67943384,0.1232431099063767
c270a677c7614aa6,0.0717743647677708
1266e1b58e87a761,0.11700350705447798
9fc631524aa3372e,0.05286411114788639
88da969d80daabce,0.15461801765973177
9c5cf1807334358b,0.07009099097824727
0e5706f9560fdbf7,0.06316612744671177
d9db7cf658a35e31,0.17809920368522247
38bb0629e63b6590,0.1048460329666153
726236f75c9de724,0.10527561953014311
47ff559912cb3714,0.06151203053479713
bd567ce69cb8cb62,0.059880074768079924
6b7338c16e1db627,0.03212230199574557
2e47f13eecf939c0,0.07720363542373922
7e001225afcdc58c,0.17741885709337513
b0ba287dc9f94b2c,0.12903564437864584
07be300260466f0d,0.04446946251889853
49e2abe2ca234745,0.17050649765797005
bf163922b4b12745,0.1595696183520354
aef9d385e9ff8518,0.1824899241254669
3e364e82bc780650,0.2224543549854958
393a9aece2867c5d,0.08650277400556164
b0519105b55d4bc5,0.13645394326846977
c5a4b1418dc4e412,0.11990509632133617
ae000e40b4cdbc49,0.060420936028889115
bdb4932474ae13dc,0.145783270359996
54ab20f1339d0955,0.06371687322151823
bb6cce3b0b6744fe,0.05355377142518253
0d04ac4d48d1e700,0.20836951383464442
6e3f51731aaa2c77,0.08707314074722278
783b7b163b234e5e,0.13410350999649903
bb6501e8f6ab95a2,0.05479879401991468
e5f20b7a540b7472,0.08156298712616049
726e2ec81830f724,0.13528593409721562
e8dc50204900e975,0.04722108120851124
1334006b9c4f4ffd,0.18356582909718785
3553330b5c7e6092,0.12845249640924122
e1a3e161c8b2e221,0.0843745650377227
44e747740cb4260b,0.03880785433257065
00202304b4481207,0.15625404699676115
931eab5e85d6e3fc,0.04950578823118032
e4b8ca3da3eff8e6,0.061284351757360925
103e5a44f9c30ed7,0.08635108687570595
448d40536e9c5670,0.08064055985181875
1b4d4b42760e781e,0.20191361504729974
e0b110d4f6844bbb,0.1417676918583216
0d928dd7f13b92dc,0.10757117416582539
1bf6e2dae324cf0e,0.10232584014876822
b2a17e2a9337f111,0.2341260839841851
564d7ef8fb681d94,0.07617550155176264
a2088d882fb6d77d,0.16635260226468837
3fe22caa380445a9,0.12280615336902347
2b3c171024a98155,0.24889540918940267
2014d23cd7792183,0.13356335063292954
fc996643d63f02d7,0.05146553156689626
c8d5c605e447f4fd,0.08360076560509433
634298df42266b22,0.06591003236737925
5c8cbaf8b4d39f57,0.16198670744208205
a688ddfeb76eb78c,0.17971639000166068
85a12cd29f47007e,0.05131665641344077
a5e1a3f8e312e1a0,0.040480834555850095
29e076c93c2b7fab,0.16256431184941791
71b7b90e9a0b70ae,0.1434936438910462
11583aaab15330e4,0.03328778116973675
5b34705855c1c880,0.08362062546456939
26361ce2a06897d2,0.056806065334510304
2be888bcb74be336,0.0757436418808131
fd96abe884c43d6c,0.1540199062463634
165fc0b6a160dbd9,0.1761378137796047
b8c8c114a79ff453,0.03860436031765546
e22746fcf084642c,0.03630606812714393
3fc60942cef4b9f8,0.13819168551717775
c78a85aab85debf8,0.10896239737705393
9c2166227724c80c,0.04251992594073126
e0291b12205c2c68,0.12695873983355177
307b5de4b89748c8,0.03502566651699793
b83469a7d7ed138a,0.14503719843107496
4726c5e084cb6f1c,0.11777804887192089
33795c308f648269,0.2439974421869109
d44b56532551df1f,0.15297546264149048
7db689f550f62666,0.08604222897366387
c64b1df6de24f982,0.04049010597518189
d9685a6aeee511e7,0.055351386997542315
2c867c13048a2311,0.18158328132735543
b3f36f5f67857959,0.07609577343351397
c8dbafacc0fb77d3,0.11720915008684903
3a1b2137777bcba5,0.03954852530081547
c9627e77fcbdd360,0.11523789584396696
cf4f6641c91382ed,0.0648719707865732
fb519c3fdb753245,0.19192611748111893
035449e62c90677f,0.10219185265741074
5201d1bc5a7cf0ef,0.10450633329162567
01ef09b451cbddb0,0.08930612422106204
b98e367af7c0158c,0.044462333002306495
bec6844244ad0aa4,0.08587637399715484
ed82262b135c6e4f,0.14728680553493967
67637bf7061cb7b0,0.045638049082520046
96ef8b85b60392d5,0.16652667904007068
fc1b0a61b9dd082c,0.11397263085805893
c408b4beae948cc1,0.06610701304193582
f26323206d284ed1,0.11391098698133073
9214caa6c1a0dc02,0.05724171196285213
591a28a3c195b6f1,0.1326349469623091
9cd8a8ffb7a9e96e,0.04047407386161868
7ce580a49450111c,0.053822669690770486
abccd8c43775abd4,0.039049952004282636
5c6acd44464d3db3,0.20804366119669984
b0e58b3d4a2a773c,0.16988716754999705
eff75fe4ffdcb49f,0.15152621649907477
06ac1908fb89960e,0.135491193532971
6e61df7259588c80,0.2451749531691847
87752778bf4206ba,0.11796699798133076
2fecec0b55303222,0.05959045001441904
d57c0fad9eabe24a,0.1515860379685927
93cc7546b8c345e6,0.20854622875111067
eb76de6938c4c38e,0.10792393368488357
0e733a579e63472e,0.06351409963878396
e7dff8305acefcd5,0.05863459236003274
23423479e34fc441,0.17680944433646675
3f66f582c2bdc24a,0.09297494197005837
d312e4d7fce5fa01,0.12071488076469422
c04cd9fa54077b8e,0.05395504014414121
04b68ab2f6458e33,0.08679189695168812
35665b0fc6847811,0.1149934140343607
9028f284365c7863,0.08979668495813942
fa23926a88284b39,0.1742183259751755
ff5e27f506ba1ffc,0.1156418724470839
e6a04e92205e9e33,0.13227662994255804
934c2e26775faaec,0.046948290355823236
35403697fd72709d,0.09746113454043251
fdc814fd85f237e4,0.1324111020367095
bf4ee2f20859884d,0.05523963843025988
d2d10af48a354c4a,0.09584667241153817
a38e463e1b086d42,0.13545482562611497
ba49ce0117002110,0.08980032205697612
d5393f1776772d2b,0.07508993064732793
80a6b6e9f65aa3ae,0.08023152707727343
d84698a77b768899,0.041320293555587334
8d09ae0709d01465,0.16313255505927562
0ac53b64e16a0efa,0.31745453780842614
a632a91a07ac8406,0.11334504246365137
1f2437c787ad39e6,0.15781689254812334
beb116a0a3ad4f5d,0.14305114217915818
c38f343ecf8e9527,0.06153318939691346
d04bd8d61ac99c5e,0.05645224538681796
6a279faa81d0684e,0.07895429248779673
1b49b1154407ea05,0.11134200834007194
b71746f211be0a24,0.03462435563760969
bbe0b7fa6d60f17d,0.16463345869667884
c9117e785fa1cd68,0.04513506243093604
a700a6b3a689a18f,0.0844577875342295
d998a004d828aadf,0.1746606520369906
54cfb8bb56897eb5,0.14793898121112625
bafd504785d302a8,0.1677862111817478
3f45db97b95a3352,0.05727507278305764
2364a75ca729f899,0.18210377679031353
9387acf4770f549f,0.10684886811123333
a434422326289b00,0.03632423214689214
8bbcd05afad8573e,0.2043416047517571
82fc48f10b8d7cc9,0.04775779423741687
65dd24b31c0c4067,0.11837753483326086
b25ccb8b682acbeb,0.11355774531796958
291117008b4408ee,0.11258563627659271
aae3422dfbb55bf7,0.10542672011302862
d436224afb38b7e2,0.09456786957067616
1287c0ffa2f14635,0.07368455783490539
4feb7edca163def2,0.17169006591381053
00df2416e72cdbc8,0.06538505985373881
e51c757048ea36b0,0.05409978784540296
59e45992c3fccfa8,0.11598778162391139
7b44475e4e2e3b92,0.12867602061932829
be457ea8112e2391,0.10745529880501029
1e4fd1293a611d2f,0.12335928149957456
343371989bd61c74,0.11342861276438716
6bb985812e990044,0.07873752830202456
c0be9996bfb5270b,0.07464142333379685
bb367ec1a239b8c8,0.12102551805756484
91fc9ee0920431a2,0.04427505994294777
82f2985fe6157914,0.06134575566752161
eaad7a9709bacd50,0.1143189453909094
1bb729bdda8eab4b,0.04306704012240521
35320f198f2157d7,0.04947328500781299
74cd9018fd2aa194,0.08038647406564767
fd091b5e49f8138b,0.11103919979164095
917e088d530b042e,0.17060316689429014
b0e606a7344aea7b,0.12090170922313023
c220230ca6b46d2e,0.082009082087299
2174f0850e20c2b1,0.038541501993152226
3bfea4a031f46e50,0.045425687339852854
22199945c8b6f01d,0.12945866670343686
efd4e993a8d94f5e,0.09555731092972139
acad3b0b2e72b212,0.10888343055759057
1a33438ea9b6ba09,0.10308484021402703
c9a22295bdb2b49c,0.2323706162955846
0a24b5a0c164f36d,0.08691796471903665
12b662eae7ad89fd,0.08555753512023426
788a4a1a340ccebd,0.1629031199456973
0b6ebec97e53c571,0.08511456581904472
be4269de80d8b34b,0.21821744503749327
ae99dff2a596c7fd,0.14953166961954548
1cc563af87248566,0.14234089701188166
95b03e2a8add3a08,0.08241660168469386
bde7f9ddcf827170,0.03430270163083163
e24c4af855561b6d,0.08102162536540589
a1ef8a44aeab6af5,0.2634259896103283
2bf2e0d5f713e9ea,0.03670528958770071
6585c55605f3d692,0.14537661280645614
4a44bfcf3c8bea26,0.039725458898797576
78a21d5aa40bf4bd,0.0631205828447028
d208a68d90d83d1b,0.09429473770622074
fabf07be02cadf0d,0.16452384623156618
3fc8a4ec51114a77,0.13716524285385137
d8da2f9a640f4e03,0.10144848289128613
f7a8212a941af65b,0.02541667462189706
836c933a5cb4ecbc,0.14130739930555405
e292f252eebf817f,0.09705952557758396
ae7e8b931e0ade53,0.2016621853596121
c937062a293ea0e5,0.09092050470017131
673793020f42eaf0,0.04186152656703804
531a753aa5a10879,0.06086301296917644
65613b893147c771,0.13868663724082622
a3609d34533ca6b4,0.09057362006063213
c9eecf5329211123,0.31449620220322344
4e6d4f733588a212,0.13645274483326578
95e0d5ddca2118d4,0.21967583077125824
4b071534952c920b,0.06985346608695404
f333221664eda263,0.059468802495394865
8627e41026f74eaa,0.1387852245926676
789f4695cdd6a417,0.08874348265250187
908034eabc372b99,0.04665813759100615
984bfa387795ef76,0.1485813385494994
91c8e8e6f637fb1f,0.11256272033785054
363aeba9c072e960,0.15385642804392025
5cd6915b98d723ff,0.09867730590717119
20f027368dbc60fa,0.04309208159224564
a58841827e8017bb,0.07508447016722758
ad9e6a299aee4827,0.1114512919287064
fad46bf569ac7443,0.08481598945710478
0bdec115af64e996,0.10075929076807355
e78e15a02aa6163b,0.173985693841261
94c1b40d53f1c78b,0.10489389959441285
c1dee5b6d55fd7c1,0.20809699062548792
502f0c8494138feb,0.031786644721774324
316c5e9c86bbb645,0.04178440349282086
c5624991cdcf670d,0.06616315063139014
e000077bf8c8b49b,0.1119677279287866
9a36d5ad49081233,0.0422222841476039
e4ac16a92daba7e8,0.12809356985920195
caf1ce5141ffb34e,0.028976815993257386
d07bf091bf998e0c,0.11887239951337135
f230be64e9f003ae,0.16400347052749395
fcfe55e0768ab257,0.05947151876790559
ad04ef9c94f25ea7,0.05155758763687297
b6c3dc163008115f,0.07151475803651348
2a0af6ff3489e003,0.09214917106975964
5c098958dc2a26c1,0.047195867402781665
a802f6f7cd6d7b2d,0.077912826777311
f0897866ed523f60,0.16706548022247714
3c1071f1773cc7f2,0.03173905562717401
5fb77ed43c58e517,0.05482752286650851
3fbcf72648af3500,0.06729723859427547
64964fe3e34849fb,0.06172020771376726
3d3b19b2da76dc78,0.159860281913337
69eb4e47c0f3104f,0.11662504590136272
1b55daf09e9f129f,0.07412465489657928
853fa0b67eda4e6c,0.04313229054508037
636b3bfe96c8c67a,0.061636899960473154
51b24fbdde490535,0.06497714538162158
b80f84359d81c98d,0.1051758198630532
a865666aeb2b82d1,0.039516013989413706
08fd3d5f06273089,0.034750412853846474
cdac52f8c24b9616,0.1669652216979187
bdc841da585c4a1d,0.17281877081768549
8858154c3efe65ff,0.10769276537968198
29f989d45429b9ee,0.12111140220811148
b97dff4909968aa8,0.03569953883330779
69c86328a89e4898,0.04810299192782272
2d50759601edb9c3,0.14376187039272584
134be78ce02d48e1,0.1066378459384105
53b540f7c8d16cfe,0.032783534773061826
76d2e83b30cca3f9,0.08200148234507895
062167d4ccf76346,0.16774930023480747
84cc2a48661e807d,0.055946090147416784
60f1e251520005f8,0.11047726270440791
781115a32396b4cb,0.06711813404116891
4c1e17c82f4cc326,0.15917739588782107
b602ad5debd51028,0.1368364979596337
4d9da053a872a970,0.13290560829772097
95f7ebe4304bd2e4,0.181245087401324
67a8207cfef9f011,0.3400578360122915
b1c3468185b9514e,0.127627626320104
f80ccd7ace26ae4d,0.423976037974897
3ac147039aaf4499,0.062469100683695086
fe5cd175ea7fc09b,0.04845935638144677
9026d2936cf2bda8,0.14105607719157112
a4b0e01784fc7cf8,0.13515391393415993
43c462b48d97dd20,0.13159973605689473
e36d0189d20a7617,0.06443683508795328
43c3586991f4b403,0.06297229177218598
009e48f2b32be557,0.03614017096766484
a1689ef168f2f333,0.1744931982848048
dc310fc66470ab07,0.09353371921485576
bc654d187751fe04,0.10631641663772562
247e62af046a99a5,0.09114751710456338
48f2f9556bb2ad1c,0.10240245939989844
e604b921624a200f,0.1667460432753083
e46765e152f7daef,0.1205654154050467
3d183f0c812b6d09,0.12435970975129035
3a7275f9aeda8305,0.03593710435076547
1d994aeb47ff952e,0.06089032309440587
75dd9cd1bcd35d05,0.04221710390963129
a976b4932381b300,0.03302778668879235
da2e39ced8c0afd6,0.046975863017787466
c77fd47bb1683f58,0.13935234051785442
ceeddee046f39ae0,0.0431970907008555
cc50dd12d1f23bac,0.09494901398987932
8b73f447d60fc992,0.11557528311723864
dba1029662f0c412,0.08902091598445697
ab65e0876504bba1,0.14179604112398395
00754e6b5a7298f1,0.029677376413110055
082f192c053e5283,0.04241263817520533
4cee8c7c13d1afe2,0.10237762001658259
9ea9e3c8cb3df9aa,0.06142548827013049
2caa75dd78c01d17,0.1654138821423552
42ca39ab5466bd19,0.20333220464213247
939ed128e268f834,0.05581155941383015
e452cd65ed19c900,0.12092245438847547
e5ee2d79d0c49d1d,0.16629300080357823
ce0d423deb82f2f5,0.04949108501392849
3c30319ed1684972,0.11369778485613698
18968bda98628242,0.12478997016383542
9566631a173d48de,0.15818907845983884
01d78d3ab164da20,0.06215474497398572
7245800926a4112f,0.12393755667860665
3fffc62471c1f18a,0.18418907483631425
3b530b29e9f5617f,0.12677728199112306
65305594301ba50f,0.14105684179264483
593ee003a4981c15,0.08936302834773498
f79985b30220adb1,0.11442905646895069
60dd8dcd3a1d1839,0.16205529750697334
288aaae44688b015,0.14869155257763036
8a16369cb4554d3e,0.11725970821993406
4e49cf49f79e1181,0.18777519189566416
1a6026c94f49058a,0.07638979171473387
8c29813aa363f889,0.11021031799193645
5fcc5826d5f8db34,0.14248825337798374
b002c58138c724fb,0.044763034011865724
62a918db11ef3076,0.2420019765016107
8fb91f382ae2782d,0.15544983146428062
af730eb0035cf0d3,0.1705252513417819
546fef357d2bcd57,0.1398853520803906
c6129c4b99d7f4c6,0.09926556257968303
7596069ac38eadb8,0.07221507806617107
9560c8310cf23dab,0.03365949336595225
ca1acdabe94e042f,0.1365830613930774
521f9d2193473fd0,0.074779079138561
617eda3b96abb577,0.08153265505418697
8d735b59dd0a4270,0.16973944119446294
1b405139fc287a40,0.07184050052863732
e621733719a2d775,0.1560955813038019
95f4b0d76e779b43,0.1171441612098644
bd6a23cab176ffec,0.0384037939042993
3c5fadc2c957c7ce,0.1756077123310218
37cae1b2dd3c1330,0.11859005195059767
0fc2ffbd9370b121,0.10706761030201103
b31de0d8e304eeab,0.15130574594245802
5738bf5ea59fcb0a,0.1537667869880255
402c7edae37bcf39,0.12343531304031213
1d79e32040c6b05f,0.21991710759243654
bf493f6f4a48b2ff,0.052537223201692795
8530681352913ce0,0.04256319370312462
c79cb0e184ac42c1,0.05785787507765633
32ecd92eb352979d,0.14892561902070683
c9a54261284070bb,0.047165649818706856
e6c2ba81e397e33d,0.06475236455189534
955bdf4fc9420404,0.06322280015832973
b180a78e50608ab9,0.09865722669585206
69484ff0bdf4b104,0.09828434503950922
8d62a01ddfa11fe9,0.14669026979033642
12c3df9b72ef96e5,0.05205981148969334
12ccc513557a0656,0.08999403184461277
2aaa9bc35f4acee2,0.3199505540103963
e31d14248a98a72e,0.12711832326529696
1058c1f47fca2b81,0.07118455144224181
02ab14036929f70f,0.09019328542100727
6880fd1518aecd04,0.08975811086683502
580068eee74ae5d6,0.035383701070124916
fedf1e1bd320672b,0.045133673403959074
d47c1d43f9dbdf92,0.07211389228610335
8a7fa6c84cb2b0fe,0.09144919201885174
089bead0dc0d7c16,0.09727626276278387
3f12eac5d776ac9b,0.06604179787395509
2b55254bb421a326,0.10471080602745661
16721efb42f49e40,0.17705363642578484
87ada6cbd040d527,0.10104420475295203
c5c4d8e14015f4e3,0.1213584815656835
5d499b0e085f025c,0.1569180640648732
183039182079fa48,0.16328606049236588
05d6c8a5d3db19c4,0.15445770560681707
4477fb4e0a476ae4,0.12720337702211168
3965182266dda565,0.09495373263298733
72bafef29554438a,0.11127055539408187
1b31f23c3e55dcb7,0.10886269421048825
66c42c9008125f10,0.08549364686481706
5bf14b82c919f706,0.0944239311408259
2c7401c2798c92bd,0.08616084103145577
4adf517216b1dd47,0.04415461542386177
26348c70727fc713,0.19594422300924014
82c1c6b9b0ad498d,0.1002311548495198
1365ca92c2e04031,0.05079444865897143
9edbc98e397ab4c2,0.09455431869771067
1059c066d6e0626d,0.03224676171754233
af993cc3ac374b83,0.06289592404750012
f32194afe634dbba,0.1021387817094431
29de97ac80feb956,0.12288293172610873
e5fb185d8c6181d7,0.088697188916619
632347c0452d889a,0.14514577062824144
35ad7b818afa2cc9,0.17276125809467482
0e9b47d072e9f5d9,0.08326093692890017
4b2ee7a5a4d7d797,0.11726300268276763
793b579534d59c3e,0.07764538187287105
3b23c46e8aebaa25,0.14682022628759814
f68b741461469ae2,0.0378804190114314
79e144db8265864c,0.03997028047740312
09c4fd90bed2d748,0.14629829429805488
2215efb176105acd,0.137216765626406
b4a9877c6c234878,0.10298498877834387
529f75ff399c033b,0.16416602446125145
ad20741d26dac628,0.1825967120071343
abee4fe9fcb49deb,0.04542215587501429
80bf7ea1dfa6b569,0.1324958215392251
7d637676608f51cb,0.05032924955852892
79855154621f663c,0.04663917164970012
db630a696b94324c,0.07898356900103892
2c87f55f1bd853bf,0.03847734458305936
05466a89f589fe04,0.3575450840377182
073f9b06f7bf95f5,0.03980527204005343
d8c52af1d9a0ab94,0.04328869000259143
170df691b9758d76,0.13805805773788432
098c223fa7ac1f73,0.09551031117007133
947d4f80370f0b58,0.0846236466308939
66196fa0af9abe3f,0.15362791600024758
356513b3059ae50f,0.11320783828513475
a951ca23d4bdcc33,0.15864591014770274
defaffd4e20a4c47,0.05752300052640904
9aeb8ce75c56fcce,0.04253147056928791
0e52e6d570d8f008,0.04566171226231916
d177a330dadb2707,0.04498551179183262
4acf903d98d08aa8,0.23260293931622422
673bd4205f6635b8,0.11104341959494049
17b635201a20862b,0.11067016375761839
e31cdafcb4337eef,0.04803769315901015
2f57ad23a2ad21f5,0.14059354912332667
8c76f3fa81c149a4,0.07875675187609377
7448092b980edcbb,0.12998012709531037
cc3891e28dd031fb,0.03465532869885399
05d416ef906cddf6,0.03724884698198922
d5cdb3c4f4965afa,0.06233293711216706
bc40575e98475699,0.04370254345318643
7227a9d91f309e1e,0.08066219100429729
f83295ed727a429c,0.05178323756176922
44f16ce1d7899c02,0.03428471026935621
219b4d22a5bcceb7,0.043256822724677846
5684d434bf545e82,0.05225024012786717
03d5ff6b9db6a1ce,0.07345824046552811
c402ad00c62dd803,0.044552620628421094
d384f2bb50d7321e,0.115747731544499
865ca8dbe8ae9927,0.08429801814213454
0cfaded78f4c55c4,0.1523750335936123
c1f9c03f1f673cb2,0.13650396157090897
80784aef1b00a337,0.1362044413417958
2cc7c6c16592cbf5,0.07709857094871297
f816697d9e23576b,0.08762753096024903
e0a3063ee410875f,0.06891535758551565
187c083474d62911,0.08938952381806264
32fe8606c8a5cb67,0.1522785975521369
e3b603a450f69271,0.061346760587017914
13ea25fe500d74e1,0.10684176594902844
3465f2b92e5411a4,0.0466264933442638
f84c04deab8f0a53,0.1805516554158057
ce64b825ce5f48e0,0.04628450229682855
a03d161faa6231d7,0.047782157133912734
7b73399454d06d9d,0.0476054545508592
726ce1fc6c05064c,0.11630798829368513
0e660e2441745329,0.12450245594637951
d4373d25e109dcb5,0.15423029747474906
6c8ad2f1018079fb,0.03730861113180922
485cc002fda9b938,0.04197548486622954
840b1b00c51f87cb,0.03186538669834175
e7c9e19e247f843b,0.10729664518890884
4f97589fa05c40f1,0.1590285088750065
41919c492d55190b,0.14966002478942772
8fc6cb3936ed4ac6,0.11287495404171474
75e3076bf4b29ba8,0.07479903843532842
8357351f6977683d,0.11428784312735302
1a6590aa6c3d2a06,0.13718404728936057
6b0dae5047e0ba12,0.12043291090084848
6f8bc4fa3d91a3dc,0.06003475729443573
e4aecbadc139b9ec,0.08540718404904554
7616bb2872e18231,0.13520758792714088
f97102e411194f18,0.060227445963639145
4f25e4f4959ce4e1,0.061531167330921004
46d34ae6f3e900ba,0.10133549521015936
73e3288eeb552e3f,0.03977349099979434
e7010fbb2150676d,0.09226839315528981
cc2c1c680ac82832,0.03435896300192516
d025b02417a63fbb,0.11255967196166711
08070948781ecfb5,0.0485656500354443
2bdbf073750d4864,0.11130446196358398
2783928eaba81305,0.14293766122161042
51bcbc84c0f437ad,0.05751917149091816
dbecf7b9325b78d3,0.16447169393390437
39b3096dbfceade4,0.08860644242951915
4299599a54525066,0.16350616755189668
ccd92654fb1f721f,0.1988909705979764
ee1170819ca7d594,0.04689026287532441
c30ab4f74d33afa9,0.03473454285840379
40f10fad12afb51f,0.11157878776703489
f4e63fba51ec3896,0.14499689521679576
60ad4f8eda2cf6d5,0.19502531186494698
4dfcb17aa4236952,0.1194258041613046
2e54d9b1b4e00337,0.06502614633798068
47a9e135733c2ab4,0.09148740576865391
4b3c22d3da587d59,0.11964165145690665
ef89abef9807c003,0.061516233961900625
e7530eb737c85931,0.08360645272350124
dea26fe32dbe26a7,0.09955622860234502
08133a148f3d4ed6,0.12332916167858844
d39b177320bf091f,0.1306171783857739
c2eeafe05948ccae,0.12155454910356053
73c8d1e2bc9f517f,0.05954333839210392
0dd4da33e5e18c44,0.10217426246796935
25e076876a1fb6c3,0.1556259975286583
873d0ca47a7ce61e,0.12093674038015542
930d090798b9ad8e,0.10273888694908248
98e38baebfb97bcd,0.14390996224817562
9c779fba6fe0839e,0.04505970519840345
5bb1f9fc76a02c1b,0.07737309490046018
f83de39c4e518f6b,0.1939713649788163
10bbab1f08d2e6c2,0.03082164871733181
ffe63eebf605244b,0.40472072405628245
1e55e67dbb9fa1ef,0.10474273732736614
e53426cca968ebd9,0.12001645953915546
51bba86dd8aaec50,0.16142880287363626
582102afed3c818c,0.05503637656252989
b280a8fb8ffb9bf1,0.08734022155962744
e8e7ee8589574a45,0.08911888715610111
228ac1a17bade85a,0.08026003904572879
2bb37b0ac11a0c2b,0.11834763477274468
5588a1f5d8da9c77,0.060454668949011234
a46d657f4c9bc8ca,0.07675960074017876
7373ad47c61f558c,0.17487333413688383
0f1fcadf13eee28b,0.15437573166586396
1f8603bf90774382,0.2566040297459225
b0dc746e7f7ac87b,0.07649367191749377
82107223b7ff9788,0.13328697945397983
a38cbc0aecaa644c,0.07150620822716802
61dbaab39e7dbc01,0.040978017940741705
85064aac24d665cd,0.03249793896506553
48be998c9a3000d0,0.08497779954844531
26b2daccb2b045e0,0.2009378809645309
95198d21e3fae237,0.06415232318545427
b2a2d7a18404d7a4,0.12829875793983705
6b178de020b8598f,0.04598936799755028
38c1b19633279892,0.11542357947530332
186d5468edde7455,0.15942475251282992
4f33d36d7b629852,0.09281713995956103
b955eeaecbe25ef7,0.15203438010584702
39ad39dbe012b34a,0.22535580134875435
929e8e2af2403da0,0.07324122835682959
fa22cc093dcf1822,0.045302946871966364
f56ff6b1c2817475,0.05187747444671724
56b30f44349ddb92,0.11229377822804439
617dd77adea9e711,0.08934385397047304
4cd7a91de7bacdd1,0.12657275391845774
c07844f4e94ce116,0.19692688032089067
692bbfe3fde429f2,0.19390179901313695
6e8117bf11d2b904,0.07060463411843679
27efca94126fb8ff,0.05322316692793527
4d2a406b540c41f9,0.17710439627062313
5ca9c8756c163b0e,0.061701863815223384
c10aad8b54af6017,0.11923767050973294
60798b007f7b4637,0.05742996597654126
805031b5ab834e54,0.09517380142137191
fea6be92744b0c40,0.18687174690333241
284e4bea4a96494c,0.0754766679815556
4db0c35a634d4fb9,0.0575356922196855
351dca6bfd544a21,0.1895281577602083
c36cc7323d4f4de5,0.14822497744736113
78c350098097af6d,0.033177903187278014
1404eca61a3105b6,0.0492936286903905
2472a09a3e602f48,0.14208904708641126
5f9d50958df392e6,0.3418716094836129
ab8fde4ac70ac766,0.17306384689355422
6649908e57ee98c0,0.03806730004116222
6f6b426a42753b8f,0.07241216684119796
9f89dd1b9ea145e9,0.11697785279788818
d56cce1c1c4c9780,0.07278194725572178
fd794932c3ad58d3,0.028613184445765175
901c8562d025f79d,0.06655340160418943
2460966f3ca7d3bd,0.143420586003656
41c6149d1848cad1,0.0661559541722386
2c948ba95eb3128a,0.15369220246583537
0263f07afc6e71f9,0.04464730248068213
59520bb39396ae13,0.12846465400476187
096e1b740c779095,0.10217220308768464
13bcd446b5b75780,0.04339866549110868
82652e7aaa1e423f,0.04195254918532844
b4c2a047510b1d1d,0.043839103912965055
8e95fe1172cfd49b,0.10122427625597086
8b3b319f1bf34127,0.1647442936507876
8e876b9274c5930f,0.030676747159938872
74c8dbccca14e4c9,0.20285591818432486
a13d2861af1b8b95,0.13535156294321166
3d0443784b9008d8,0.11700278566971417
30a6c22faea5d219,0.13387574485949924
8ccaf0cd13ec8d69,0.196736114613124
ea79b75b6fa4e024,0.08703375207306692
df41150fbde2201f,0.10331371890160798
6bfaf27148ca783a,0.12096943030123344
016b24ffbde9f2e6,0.16836165054122382
c7f17aea0b57c810,0.045866077631542386
1974cb4a4a5105f9,0.08960552130409122
ed6fb2d892b20325,0.07358583451169601
029aa7e7739f68f3,0.060818297423857956
1499ced0a7fec031,0.0756340445982476
1da835ae2069715d,0.0483469355106086
3b48789ebdae6cf1,0.10653221587628421
b2501a34b4204e11,0.0640373004706045
4e1bde0d2fdb1719,0.08697277863919567
bd42c11dc1ea52c1,0.04194678861970099
dcdd441194892326,0.08302796386346828
890cf601bcb4d1fc,0.14706906553322138
efcfd07026d6f75c,0.1217992532657588
6e5921c9eaa0bbae,0.0854542517193618
076e6b937f9e0f1e,0.1920880566936626
fe7aa6148631a52b,0.0789872910329166
0204709b122147fa,0.03896665512017617
3bf87c4ce9af3343,0.038181559168630544
e5d3cf73e07cb881,0.13764184424904571
d79da024e674f570,0.1465949896657483
f137410611053710,0.05639852830784747
4b48a5ea7d8db38d,0.05752410872713022
6e5b5708c1bbde63,0.13644038770680253
2e21f1e2f4f0d11b,0.06904923995460262
2fcb7b875a97fd67,0.1326270008733092
c9c50dcabb2aaebd,0.04277749875354088
ade709965be588c6,0.06795220417073378
e99ce68035fd1383,0.10828194036929903
9abdf47140639086,0.24243532816793437
c0370f3f688a69d3,0.18941246607323475
023ecf078fbcbe04,0.08937219629089187
9366b2145d9ffbaa,0.20615853078614343
907dcd98979cefc5,0.052614400687444274
1430d1f8417967a9,0.08823602845657305
12cf954bc6f7953f,0.18171008641625608
9f439978c3ff1caf,0.1492361113643718
3d566b52640665bf,0.17735082534088767
1da24b04359879c2,0.0694961038594289
5fb8e8cdc5a458af,0.08257784683442046
69f63de79af9dd49,0.13259592362443387
078cef5b5f6aff6f,0.1441060064024905
ee64ad3ef7cbc727,0.042726320411172566
30f789de29e44c84,0.2106052316314732
ed6dc35d0f6c3f4b,0.24059036307095963
24171dc6016596e0,0.15667890655970634
d9753be4a4ac4d5f,0.20308478228318047
08b18f56dc4a9978,0.11129651751670874
2fe99f58d73a842b,0.05069767785470562
231cb4b19f8ddc4a,0.040419700712403216
a0f57bb92842d2c6,0.06673338938235315
b451e5af95310e52,0.13552238782768744
4d5e3c273bff2df6,0.11413941107083664
69445874395ad7f7,0.043287177166839885
72d5eb4d04446c06,0.07593732050809762
676277c834acaafa,0.05841975272079276
345fac6fcbfce3ac,0.11886549447446822
77268d80339453f4,0.08478830878168885
0a3d332e3608b10c,0.1676156255825909
3d3e247d278aad6c,0.1761490032566876
c6d0f1503380066c,0.21256864919751056
a7ccb8ff054ea663,0.1585874775649523
d3b3fd3963b35751,0.20301209133504008
e361e82e1559efea,0.1065865343552822
94f03a339108fe12,0.03676408466444158
0d6b47fe3047807f,0.10665878262135603
f0d2a9398458201f,0.049458579056032584
8189ef648444f31a,0.13588636260981357
b341aa9047a23001,0.06947201019019286
0b603f589ffe5334,0.18029012768689065
dfcd5836b6d7807c,0.18645197966387278
c69510f82760fc8e,0.0786986716510024
bc2b0e3b0279f394,0.040796464217667625
9e59359a937dc386,0.06847019620840357
9bd6fbbffc3029b7,0.09192654190167707
78533ed0a4d75031,0.10087588671676177
24d3b857d9ec7516,0.14120098288136673
d9f1874f6346d786,0.14470139491059628
6588a72e611a860f,0.050982383064821016
52fef00321899df1,0.1545051723172278
b3c2a81210323102,0.05690718475471159
c1501d30afd688d2,0.07917297213366441
2bd1f2fa8a7cdbba,0.05686594084932931
7472a7ac18cd8ab0,0.19182171183070426
b1dcab1c1027e375,0.1838077961833064
2add558fb5890d0f,0.042785925214747375
51a6b2ebff82bb8d,0.13024521712726012
3486d76917d26380,0.15215929399724978
7d9915dadeee6dc0,0.10811899141545946
1a5e5859e62a5ff4,0.03587395314339921
ba7cc06ca707247c,0.10896065137575964
3c42318ad81df936,0.04012249852939057
e7f32c62736ba8ec,0.10773792620552163
01970049a1d79ee3,0.16036676324767188
c34d08417ccc14e1,0.13870618369080726
dd08d7511ab95a7c,0.09380000013723398
147c9ed162930636,0.14101624881425592
4d55d8c7e32d9a9c,0.07682479614333385
1df22e6d0f4be856,0.09367850682957832
29e5cfdbc9735f7b,0.12728266986564105
529dfd620d6ee22a,0.06448755424143413
22b829fba260c24a,0.06884633461898507
712c502ecc45cac8,0.048117183596576275
2806f2b7f968844a,0.09267247696728531
1ff716c957da8f4c,0.033381094745185115
33a651d1e2266900,0.22163414062467812
01aa41460821647d,0.13326669348367762
2728591ac3aaa7f9,0.1536166934457438
62153e0ba99bfdc4,0.15116416680908687
a336835871390b27,0.07748957375473509
66040815dd14bdc6,0.07594366807093952
e0d8f324ffe3e925,0.1207739258110204
e7d245b8d234167a,0.06125946505040846
b30acd5fe8990b03,0.2976870528618474
8b87df65e3f61018,0.10939565994338502
92d913128fc856dd,0.10670586563059464
c1aa97bf3aa49c01,0.056191171307459625
37b85ed57524087b,0.17039345659069077
fbbd2368a21a9e6b,0.08207498619695877
39795c53fb16d719,0.07771215870791477
6d637bbe837caf77,0.10068760497484314
ac09426ca8b44dc8,0.22420289340103688
0007a5bb7310d604,0.14360352953718625
f8c5400d321751bb,0.1972767265274136
5c5d74b2ed3fe0b2,0.04172415141257391
a0d70afd5aebab39,0.07730114935736068
dab67f5669ab1b4a,0.1303826193521117
b094a6aee2983e4b,0.08699888777399539
76eceb39e4bbf598,0.12128108885712785
08792ceaef2278a0,0.06712992431091869
421639eb32096298,0.12496806320468441
3732446a2dc0ff2c,0.08588008104951794
f42e7bbaae983e33,0.14367063415392267
1d7a33be5e41401e,0.10415685107034307
c94efe294bf687bc,0.15720331189859021
54153bda194f6353,0.043018915812160524
275f14633d4a7de0,0.053202127505077926
7a750521e7810b4b,0.1775590503276337
b94bc2b4bd62e236,0.13458605540935253
3c2076842f11afcb,0.06099265966637345
53c3d245534bdda0,0.041677824011782647
bee1ce38b4653a33,0.04080740585296773
7fcd7a8a7c44d7f7,0.04402116893411699
60fc2edd396bed1b,0.11458474754208824
df7a1a739d1e3d31,0.13518888567218745
293173b622ae6047,0.0913307039219117
c18a9f29b23ca49b,0.05071999019305425
4497cca94390df91,0.07916497534993337
40d9096835771f2f,0.16560740846785238
ba30e997b8338d76,0.1408779228810102
56d89283c0f5c7c8,0.053849909774038036
f460984ca4f4f1a0,0.0691912946351201
63585cd6e35862a2,0.058802143016445936
26e41712e705d5ad,0.11867452504401549
0a056eacd56539b4,0.040432929417553755
9060dd63376b8616,0.09514112230565432
f11e51ec27009738,0.14494166727410313
d0496dc870887d72,0.11447335704417946
65fef6d3fb26ca70,0.03526664535370326
a586684b41fa9769,0.14653736785295365
3bb2f0950e70a234,0.08946700392188636
6c6a97e3ad10abbf,0.1580696266742767
ede33053b334b03e,0.12905446828981051
0dfab1673fe84ab2,0.07280071510716285
f65b0230673c2e76,0.10109639433873197
5618ac6872992ff3,0.24906865009927578
77febd71dc7777e6,0.15801105380244695
7f54b45c8c0b9310,0.18059155858753112
9273e3e5412cfeae,0.12272375271978156
52087475796918f7,0.07508709457763724
643455f14aa1df04,0.032025890854209545
d1b24b005a16d2e7,0.12442751076533126
88788f98d41f9611,0.11650040377965605
bbbe50af555f1d68,0.09203693736615948
1bfe964817713a25,0.38834648608155625
40d6df07da814020,0.13291052392852745
8a96d0eccabff7b3,0.03611594776820733
439300a43f735490,0.0388604172300917
bfaf88448d1869a5,0.11507441520550923
1eb331ca2d61f16e,0.1558969050366148
5ad8f23386d2ce42,0.1650849505968992
69ddf95fb1e28199,0.15333810466995598
6c224fe2f90a4ac6,0.06527830647683082
7d2d81f3b2e16bb2,0.18300653745643802
306bcc14dd7bcd69,0.16510772951779382
db0b579d4d6c3202,0.03273629860253605
5e7670a553fae63c,0.10997294537818078
999f8c054ed84981,0.07290264601236857
645969c8fdeb22a1,0.030852965177732672
6158cad9f5117a45,0.05956047460793418
3717d43b0bfbe61e,0.13041958243649615
8ffc981637d61bb9,0.07950041435759604
8b934f4c25070ad8,0.05793032085171311
15701cad20890a02,0.090494859105726
4a22e527eecd22b2,0.11683841847925319
6b7e69ddbeb27f14,0.16760725700005777
c44f66a5254d5ede,0.1851718025605943
1dd06cc994df91c5,0.1540827822017185
43da23e0c905b332,0.07440232992823612
cef6bb5fbd6d7d4c,0.03724167303242217
74e65522686e974b,0.07249088444390696
b2ec41e4d4e17991,0.06670003588613016
7adfda5837586ee5,0.08647106626447414
7be7cd83da184778,0.14491391112962168
331453c919db4a8a,0.05523274047811098
1ad90b2ad8ec5751,0.036845043479429095
06f305aa47e1f3e5,0.13774904379525077
5d77b6a032a98222,0.1021469009633188
2fadc388cbe136d8,0.03576270822964404
3a64f59d79eebaa0,0.0911801174772029
e9d4d3a03ce54237,0.14463521530880918
5bc032bc2d4db536,0.054614125863431576
42afab27f6d63b09,0.10121067745189388
0ce59aff9d61ddc0,0.11677008215351888
c4b23b3e64f8fa59,0.04053584225154746
df5826f4adc2407c,0.1325147614713305
1006c7d207337c5d,0.05277170747804659
74f20f15f7388f9c,0.03661400249207916
e8c69436b1cb3320,0.08023784389736063
609680f04da9fb46,0.05175139602426453
060d99e1fde9dc79,0.03350756367214399
6555f0c293c5a1f9,0.156007857761983
cc835ba475e9656e,0.131404025717249
960c65dd29d3417b,0.08840589605014101
c7596c71a0f505bf,0.035466893288686976
3f3297df319604e8,0.13692673395852084
21c886bdfaeba657,0.17244453808863663
4c47eb742008376f,0.121725387975004
0360ab7e3c03e1d6,0.07189607994682318
106e8c5cc993ce96,0.1104470803361133
3f189ef767336273,0.11502182097957361
d87c2b5ea60e2e70,0.05427137904101907
924a02ba0ace2e0f,0.05717202942196982
e0a93aee5351fc40,0.1654612339429552
60036012aab0d68e,0.12836280258329041
92196298fd1f0a2c,0.09875827888541663
2c9507cd32c0dc32,0.0471752732967695
f138d3401d1ef8d3,0.038592460312279246
0550e84ce3342ea2,0.17789205315827003
433b7b91aefd0d89,0.0424902476897701
2f084abde9824f95,0.05305061961751393
aec34c208a4086e3,0.1552130214969087
77832263f798d3db,0.0993584628403566
423646a4264a51ea,0.10400141101573385
99a11463587499b5,0.13874902914113765
5666dcd2f61e1fdc,0.0758820976596882
414bb3e31a06b128,0.1695983427067899
9825bfe27f61ead1,0.09386972313457029
3e8b0ac764ba974f,0.032178670074445276
f494e58fc4f527c1,0.086040472183164
4b3ed9d300487cc2,0.15976504243014475
064d5daca103bb1b,0.07819448109150284
1a4b5aa55f664cd7,0.08535967873561139
65fae5433da58938,0.07589539901386426
77df36f32951641e,0.04440457702742072
2734faa9175621e1,0.26031189525660414
6952ae6c0325e147,0.038834456825634606
bc49ff32a733b5b3,0.12264359088320481
ddb437f22bdce5ad,0.1666024495680578
ad2ca89540526e80,0.18087382698081295
8eb86976f1f7faeb,0.20915578771515064
351b2cac3bb60649,0.1318981036434269
f3685748a7717d4b,0.043285882803599025
af64f4a787a28c01,0.03625590471108332
e41d8e72f6a6da64,0.06616384817596338
43199fd3cad0d080,0.11643982672792239
08639490dad5a32a,0.16458164884948945
251545c20caf2d9a,0.10679657330908585
657fbf140a397f3b,0.09289723639078165
d28dd01372e08f90,0.09491262723905491
fb9bccbf5affc835,0.043596043922251956
0c3e0f0e422bc214,0.12329631388441688
b6fe616b3ee4f983,0.1095468898710324
1a05d9b0ab2c483b,0.08743556168558025
be053c37d8d326fd,0.08713374666356333
b0cc45542dd09eba,0.09244124357108102
0d1c9ebdc72b57f6,0.06656616364369855
926a38d305ede2ee,0.15873280982655635
381047d838351f95,0.12641868245527169
5afb977a1eeba5b5,0.08179059962411826
1ef7c785c8633cc8,0.07831978747104737
2f0bd78e22c8874e,0.1398401486560869
2765e2bdf659e633,0.04466453235780472
31756eaf193dde51,0.0613579818036857
ba5f5a3df72c6be8,0.15748938888384478
90e87591d24ae44e,0.06693214095980889
f9f063e55d3db8b4,0.11428920767181103
3ef90711b7e5d86b,0.12013888262210326
ec0a6ecd2422c215,0.11494322509775746
2a75009bf5006a5b,0.07093369170644782
9edf622febac0e4b,0.1034630385049436
9cee551773541f4f,0.0954832879501491
2a07f1c2d7378d29,0.08990850685395992
aacdb09c08c9a960,0.0396251405367922
df9753fd02aeca78,0.0858669074284821
ecc853e05f1891ac,0.09399243291419775
859bd8582d3d2811,0.10954000755445914
a124273d56f60796,0.07899792960124763
9cd33034524d6b66,0.07763482254638547
9e58973154c42431,0.0412045643272546
fe78518186335668,0.03673384999247637
0c195b45f68a8952,0.0591410365443619
bb6b109cc9317218,0.038344807448047545
a58342d3aee051b5,0.05841839840694582
48f975291ebf9397,0.18482283336909344
672604676c29d735,0.12237521147539213
144b0a7e9cb057ed,0.18185383954837747
02ea6c1ef4cf0b61,0.033934014579788736
fe3c47193f742bd1,0.061924737389788924
782fd306b790e8b4,0.09639537649801991
53f0ab0c206a7f5b,0.16115306682591804
2d15bf73a2700357,0.0711177167055928
569b34b568032161,0.15931451413201364
d98474765b2d7880,0.1163111557626201
f3088caf81ec54f5,0.1996955161828463
884de3bae564118d,0.18853347606688672
5b62a55571d795f7,0.10794938361214215
e860976e6aaf78f3,0.12970731820389148
bc5f8d0b2f9683ba,0.034732269608012276
92555d85c6369cfd,0.17549056563988785
189861fc294e0daf,0.09626770108909835
b8212e2222eb4313,0.039792369914340514
53afc56ddcd63d8d,0.11484690165052312
0592b0cab7becf5c,0.09007696147600269
ac4cbdd76a84da91,0.12531965722583654
f2eeb139d518ca60,0.1421345199830101
e02fcc8b8b63c0cb,0.05798832132747249
a7f194a18e15e185,0.08006098061317192
b9b57b5beadd1490,0.14357285465148256
357c4988d289017f,0.0913548312170814
f0d98c09bd71837f,0.11482775838177944
b1c0df4bb0c82383,0.1234411429256558
5bb361813a233522,0.07662337589014911
c3eeda7b200e2c92,0.07132508949543875
db0460b8a23a94e3,0.09336413979802216
3c80f795a35190af,0.051345622256268895
ecf5824d8b392491,0.06333089313787392
5fc7a11376239e12,0.04078741790874008
2008fba1ef946ecb,0.12485761543610503
e2aa59fe541e0ac8,0.07101564675257048
09b5c7802e6b561b,0.03499738889580931
988df0719acbb76e,0.11459663578592735
48d79ec301d31948,0.07639635565080746
d288ed9b89b3675c,0.07358848027444853
75abd1caba2694a1,0.04875148659486632
3660f3c735d8a187,0.09006688428685028
0440ac4598276f6f,0.16287094142903227
836bbb09e4831df8,0.08686280260245735
51432ea27e463eb4,0.054688385564962305
3fd99194e4efb12e,0.05333880815258596
ef1b4ca1f2c1e357,0.044176234004116514
70c464af7e1cea4a,0.054700355263700484
54c64f47d761f86d,0.12204032652394892
333dcb05411a601b,0.06148754982665674
11861d1571dcc3a1,0.057595046390304785
20e00d08f625d409,0.1277645182996356
8574c4f5b2db8c92,0.13197322814679072
95feb433faa8520b,0.15239892265942243
1dd496796a5dadff,0.06708221749398795
c1c248e8483e9ef8,0.06517966693084633
5e0dc0f0f0ea48f3,0.043882365476398205
7ecca4d6c9eac123,0.07175593757520764
58dbf7650b2286e5,0.052410448314977647
4c62224901fd183c,0.10483948692172376
affa636fe0cafb15,0.15635716342937195
c9f2c416d003a925,0.03424668991434371
c19024a709757f11,0.06490862341834633
d3444b15af3a9536,0.11427422760124836
2f54cc2167b0cfdb,0.07162778019374541
d974c7d47092679a,0.06015692746816567
1f04a25da2b17ee9,0.13981925468080508
f133299dc49c2bf2,0.04401905382931421
9542ec8d29575b20,0.18064530744820448
6e476b773a15e2f7,0.04497684899216374
c468f0fe05876276,0.05872385481876162
1bdf15bc47508221,0.12193867825769134
687b1d6eaf1bb287,0.139972364252685
fc8590ee9d55c5db,0.03513556527395475
a4379a3efec7361a,0.03540719864592518
30a2e56d4d608b28,0.11200689159785279
4b400d52635e28ff,0.26347219348279327
992d4d4846551047,0.14856894209261606
b91c089133d42f62,0.08720213157703205
c98879c523da912b,0.05342851010340078
7c8f510d8af822b4,0.12878439056809207
9d674a6212b3431c,0.054975519776788065
d3da05b2f284cb87,0.0972958328525878
853ab873686c227e,0.14294907675950777
ee0d55e13012503e,0.04064849724429383
fed761caa06202e1,0.041815849283836276
7750406f980f78c8,0.12462743712641099
e8770d9a28fdaeaf,0.2293461496637907
4025856444b9ab51,0.048641352261782976
1d0cc87631f52974,0.31143837598269075
f87d2af1aa151b69,0.08711958455956556
e2746f6359714da0,0.07485285339332516
6b20c519964ca8fe,0.06118180674656261
ac0ef70a6dbe1ce0,0.038060189907992384
29219b6baa3ffa60,0.10563987184983559
ef5245dc0733939e,0.08050742735316696
26d625d3997169dc,0.04130599447289582
ff9580c0b2b1a370,0.1363607849159516
bdad383d41eac454,0.030750351257549945
a6bebd6247dce4a2,0.25464432556267036
846ab5063b60d099,0.19709055779457973
1e342d4cd0cd2bac,0.09549546359888034
b111d554bd56dcf7,0.09614239090705194
9ddbb649643fc0ee,0.14239017684229627
0dc9c8998b42da67,0.1694142982264351
80444594c0d4b5b8,0.07428123452041645
9bf8b2752ad4d752,0.15637823918102603
794812675f553fb1,0.11826078400089163
c60c7cf09844c202,0.07754603842567068
06559b4012a85953,0.04408981061397339
dde7362e34a81ac2,0.07960560307607345
fa1ccff8a7481b47,0.14642030850975965
89c1eb286bad23b4,0.03312973082871918
b389067306356b78,0.09706455683433571
a4328554fc4a45e3,0.12772075925180015
fe2ff0422ecd1440,0.07469768947862833
e1f0e9e0dd1f6a8e,0.11033138948998684
e431bdc8db1622e3,0.10402086754095988
54d5ddd4fde3db7e,0.03876126607365428
d6a2262fc314d2a8,0.0801582043314009
e7039d9ed0ec0c39,0.039285954121318196
357fb25344e0d8ef,0.07773823101788019
8479ceedf945cd0b,0.08293186276979438
30e12f447d932d19,0.11701157898265466
a33acfadc007c5d3,0.16012940191477595
32b72fee7f2bc37f,0.07273861524597092
e2ef0cf7c0138e95,0.14368984022313477
c53a5098d3feab43,0.1274688479872826
2d1a504956a9bc59,0.036256195102510026
5b9d63bb61f11842,0.05213136957266835
f8fbcd4440a074e6,0.13018007146122001
c18b0ab8490d1c66,0.06795526522339614
18cc6b0ca558d790,0.16011818969535177
c78d6d8adb708879,0.03956925888394899
928fe114a90feded,0.11844150770850612
806b11fae1f6bd45,0.06478872877247102
ac8d5b4456a25f98,0.0571592509964519
0de3b4e998fb61e4,0.044018905329622396
0344ee3e70daaee8,0.15928614416449452
9459a694f708e7cc,0.04178947321428047
f8f24bc3cf3562cb,0.07549597017697963
fca0d01a476eb58c,0.061193906210194604
ef25fb3354e1c732,0.1458537035786418
83ce56a22c714f81,0.1564215762808998
781864846ec190fd,0.0419803679807976
99c27791616e6a14,0.11479245335555012
f00a56545441ae1e,0.046721876235946196
160c77c56d0bc3b3,0.04639070553553992
6bc7f7e6a8dbe398,0.08119369188712813
565c31dc34339cb6,0.148809329737946
d47a57dc58d8cfca,0.08846359502198867
7d91fd093f331634,0.1896634385297168
a33fd6143896a064,0.04137355002653433
af6776fae916125c,0.2456370433015946
eb63791dfd566fd7,0.1332714524449491
fd94632e98a57fd7,0.15664255015130502
7afa48755b2905cd,0.2975807838756312
cbfe89a23b516339,0.14353348447213404
bc9eb4d602b27458,0.0838305570856263
fb8b7e3482eaa33f,0.07863602044207822
0d172dce11eeef53,0.04714001955986149
6cb7efe2f15a8b1f,0.07077302726291262
0b234c8955fa5560,0.038347553920036345
1564bc14da2389b8,0.1536242730294926
11d440c4ffeb2e60,0.073668740972194
fa46240b99291663,0.13225976213892443
52eb5978e0a48397,0.18613899942502005
bb2cb3fc47f785b4,0.18549555752397054
bd402ae2e81bc456,0.048370393242698054
5b2c73c3c2fab67b,0.032459975656731206
558785e2cd64bd4e,0.15424241544019557
d8d0cdd0e630be6e,0.2695893206760194
54a5cf67504e37cf,0.10860741985798647
b7225c4787addde6,0.043123598593565904
2e444cb3f4217098,0.036762540183731
ae6ea7b6c44fe6f5,0.10656072108563341
8917e3ac1e161b77,0.0893791127880557
ca8e1b8f4b045be2,0.20940002781475592
b16a002c43cda488,0.1389811842269232
38988311c0c8e2b7,0.13086366225568977
40ac9a289f991b8c,0.08626119437475094
83dbe87c0f3ff118,0.09465185661747497
d8412746401ef6ff,0.05051397252544528
95a1b17435300c3e,0.10533528768514248
9576e0a63d76b324,0.08269066539572545
8e43c1faf8514a42,0.029013158485089348
64462847893bb0c3,0.11149423023111804
2e8d60596fe0288d,0.037604142911375156
e3064eb18f25f417,0.1659770303205658
5c24da1b9f2ac392,0.03515902489353416
ad26aaf8f4bdaf41,0.12123794269041305
a21097bbd8645f25,0.03975120505525072
cffe1ff942479449,0.050089936792016086
39170ff154aa8058,0.12837115978171143
0e2b77f6fe4d94af,0.15258816842102235
4fb4ed274c87cfd9,0.05200136418025972
dbe218b606bf3cff,0.09357815458391387
b1ff3f405ab15e62,0.07780187879823561
b77bd0eb977bfde6,0.031069276124752663
c65c01d13c9051fb,0.17133412902464618
9f7d2bd32579e9b3,0.06819475315019802
1d42bbb95380256d,0.13265217085373554
799c5bdb519f3962,0.11073154989653965
af54b26cbb15ae3e,0.09140681611606699
9ce958c47b1e7d3c,0.1279793457631213
d39bba0520b226fe,0.10525914133962178
c4923735c16e8881,0.031523622280814075
43506b20fd8ac430,0.08313908079162557
685b0ab35ff084e8,0.16986190798385226
03212fcbf4fcc22d,0.1666575034060831
7aff26a87411e8ee,0.136525652813259
9af789cec1453f89,0.0401992494476512
41f2ebd04afb728d,0.15321600011788
a3a3009c55baa210,0.2361506094038698
688382bd40810598,0.08324159145229856
42cce10beb6c55b1,0.051066589984304474
59fe211f9aa2b83d,0.13305278456054948
86466c925086fe3c,0.16094216518516177
cd36f54626e83a21,0.05878007278445546
ded728c05e20539a,0.16930160360140267
0c7fd3a164040b3f,0.1624293959217598
614f526f552a972f,0.07050693907007165
cf076cf42abbd2a6,0.05525272859063106
e20135d1136fb289,0.06329691173110034
2b40340f15b07950,0.1525778713278337
92ea7f3ec80af25f,0.13354362576635345
1de6db095fe81c3a,0.13457199539573395
e13432ce761076fd,0.09678706671311392
ae126eb3da41487a,0.03994679964324244
05436df37c119ff6,0.11082733729658309
b9203ce854a26300,0.12019615864230992
e39f8336b7fa1f6e,0.15393994297451397
2d031b0318ea5a02,0.08488513897909421
54304b5c419290ad,0.048725946575927215
e9b3e8a0a4077e28,0.042441629541978686
1dced917867d765e,0.15079722923892927
c004a070a93054de,0.1481664703888789
3fa194a91f4562c5,0.0733368738125124
76d5a2300ca56933,0.041236789648546913
993bd3c445b80c92,0.11365116765499025
16eff5adf0cf07a9,0.1895361016836922
19f4c91cd1038cc8,0.05171372781671181
4ace42dbd199d1b2,0.060646978374744254
8232534ba45ef07e,0.09804675560796561
a2eb06ecbdb56bd2,0.04618525825770885
e33ca091fb503e03,0.11109249595273282
8b65603997a5d0ae,0.043140497801013866
c4702fc1a3b838e1,0.07596578946017961
0a2ca915437c9a04,0.0555124582380547
6e4d60a1e5913350,0.04845825610092007
0eb4def034c0e542,0.17460070023646246
0dc7bc6ce45f37c8,0.034609262841409694
69c1bc9b1691880f,0.12290485216011786
249619e3bba248c5,0.09784383582692588
8a0925f386616243,0.08371337733745896
c609c9019d1d7b32,0.14253680366870486
dea132cdd56b9c8f,0.15695032291947328
24c6ff18b883edd2,0.1781722085947533
06ea151cc4ea5974,0.04290173547261017
dde1072c2340c07c,0.03792630484084074
bf6234d11406ea49,0.08074242125710829
610c0fee53d0cf9e,0.14559639899329424
fc0691273040fddb,0.13433456359404156
46bbaf2bcdf5a362,0.08490187641236935
6f4198d004803569,0.09044711489153806
3f726ca9a49e022b,0.053243532617890534
2263ab08ec01d546,0.05058048086722784
dc2a61d22023b42b,0.33948827824395683
9cb03c429bd54976,0.038208853161640195
d3d5427c6c9640bd,0.16637382644213253
a356aac05b7d44bf,0.0677496510460259
2c28820cf1ae8254,0.1290222286963489
cf49994228b74e3d,0.06474642041085465
ea984ee0501b30dd,0.09703126669709487
3639d96562366ada,0.04007190928037528
007d989968211b0c,0.0841068414883479
47b004a1df7ac9c9,0.1026879677449285
f09cbcb79049a436,0.15196541194765048
d3e17fc998bf6787,0.11478939289008408
0c6c8663f624c58e,0.04148104391938939
52720efef03dc54f,0.17887100532886357
c6a5cca33f57da61,0.06073177642880291
b1208369a0074122,0.06137874418374999
b0563e971ad0dbda,0.0376447488508038
a0bb9373f1dff1b6,0.14638037298299994
607b5d747f350fa9,0.15651756266678193
8945214e2c9cda71,0.1787667081925362
7fdea294906af44c,0.1648399371882112
1f3c2f31d844d10a,0.03735828121643788
248eb5a4a5179bb0,0.20945009415191285
f7522ca250fc8477,0.06019987429975103
3ac3d9675fc09e64,0.11971106795842665
b65116a131be84cf,0.17640287241554803
7cba939dfaa4fb1c,0.16943824274269842
4e484a321de70373,0.12142359934671952
48c00464ee810da7,0.11785466410311754
11c760a8108e0ab5,0.15412375894890507
4ece5849758d2bbf,0.07877342974749092
2d34cfaba66dade6,0.1921035081259836
597b3aa023ec1731,0.040876674645909335
65e095698c6b2018,0.1282388842009057
d4685373bfa64d8c,0.057075453081535575
b2a24aac339b046a,0.09778104821812293
d018e1502c830522,0.1338446826295845
b4a5d705266bfd48,0.07726438138905883
1bc1ad21db736edf,0.06468350327499038
3584862144963b16,0.06764861766581937
64acc3b4a0341a38,0.044357562900086675
ae1b7c2913418b6f,0.03019073498606759
5ff184c18b029b7c,0.04478766229342569
d407cc2c1f68ef5b,0.15442971016251245
10610f40d2c4beb2,0.04322590138026348
a8e72b280bf38b81,0.05937655492563819
4802ee9701571a2d,0.35212931266914355
c0ba503ad79cb130,0.3113307057596726
a428e18a2571696e,0.10396554339617026
d973ea3bf88a0f3e,0.13426577400947046
cca48a6fecdefbfd,0.09851335035497924
387eb4b1c9690ed5,0.04608469015985354
f9b045f246df515e,0.12215298012077894
b8aa274fe0062de8,0.1798131062338535
9d67fee3adf9e1fb,0.1580540874244899
3196cf2ddaa8893c,0.15182136672006757
c6cb67394ff79930,0.09995371816662524
b713b9f13a1a825f,0.07816529589435661
0c55301e8a9a0e8b,0.11474225482240222
06cf6a66edc51d64,0.3136009936419381
73877568d5adcb7f,0.04021773690230579
6e713b6c6d9ff701,0.2115189903458939
35b98290788b0e15,0.184136233101828
c1699d21d21f249c,0.07293699803235822
4d4b1f0d9defbbe6,0.1745508961690385
c1eb4bc9fb4e0c7f,0.13463282304515764
ac64ea4bb93cb2ae,0.15811641660448877
a6c0198d0ade9eda,0.24740223598136388
4ee5d36590d4f29e,0.1110356063349178
39d7718a5529cc62,0.03328429925514411
4f6e36e222d122b1,0.06610182165852788
f7b65c4533428cbf,0.2477586307731047
32839e57f8e1ec72,0.09737755609901867
0a631a26c3a1a8ef,0.18071563069602567
42ae365efff05b84,0.07796190031272845
aaf16c83ac07884a,0.12756849127366413
e3fe57ec38bc0cae,0.07624726126680037
a269d748b94103bf,0.09107177039936555
29320c0461eae48c,0.038581965478873825
98b75056b390e87d,0.14450935861479136
a18aa53890bd84ac,0.1430074289359484
fc5a2a2354cb11ed,0.04061469017444653
912408725cfa628f,0.10409708648294085
6453b1a068b68ddb,0.15606314983252143
d95e854d614ff5a3,0.11280616933825624
85a79337144b2a84,0.06676691599769
b5e18d3eb66f6250,0.0350983374087205
3b90fc3f1087e3d5,0.04422138945574479
36f89bae0e5df26e,0.11025316962872608
7de9a21c9a6df7bc,0.19020502826280536
4ad662d48155a76d,0.1005370430954515
1016d05cc8d07dfe,0.09023539015762565
b0a028857d9a81dd,0.10122758133641978
c7da65ddda5ab002,0.12515221164641524
8faf1048140782ab,0.10101209266469341
d0f1cbe5f5c2cc97,0.15567892819962018
766a85256e2db000,0.03630138805156841
83f8495a5ff0fc2d,0.04944292740499967
a57ac84facc6651c,0.15339425302078416
3e18333d2d1812a0,0.04655270047026909
2e2c93c0b28242d7,0.14221220641250948
290025e556e7a964,0.08198534759244086
34abf7197c7817bf,0.1002918792964027
4c990af23095a8ad,0.1837973854894168
b30f0e7ab6ef02e6,0.10443804329062263
955f054ef8ac2a98,0.32494675775113113
efdde8377abe8fe4,0.13511490643329888
cbfaa9b940f4c2cf,0.1366603720479185
51e64153531937a9,0.25620902015541447
3b7b80317148399b,0.11469773980365339
b1de8383db45dfc8,0.09627293306393574
0d3f9429ecf4d4c2,0.04004921042858364
c4499c39e29ecf53,0.07286503968724281
7800f7a3f936332b,0.04747477736079232
b837532e3fdf4a50,0.08856795662288833
c681da0099cefd6a,0.04839047733029878
c7acb3b5705e68f2,0.047052592351035635
7072f5cd32c791ed,0.17622299196140795
00b5216b2f2dfa33,0.8515170478300025
b2ae02f82d15b4ad,0.10554070846722671
5ddd4c1db54b9114,0.0963114583151835
3e6fa59b53549aa5,0.07375786585411868
6b853eda68180bf6,0.15185922073432287
0ee247af650122c3,0.20138443713769588
9e2c6c5193f21067,0.05615659930675504
6cb5b3e20565dfc2,0.1382723488003141
dedaeeed301662dc,0.05069177763259204
7244a91f3ecd611f,0.031054384336701137
d5447b494619e05f,0.09931419606320604
d114e64d8dfca5ca,0.04400876529502598
762e061721ae89c2,0.04361345478950802
0359613691f7c01f,0.08842390153870784
ca90a47bd789f6fd,0.09996418007561932
b43584123f43b018,0.06480870004130392
0770e000ee552df7,0.15933386415821305
b396a1df0d592f4f,0.05512437558299455
51ffd9a173cdec87,0.2031211141469696
38e628d583de2dcc,0.05044278509435643
5e444909efb4f076,0.09115382340235886
147047e5cda600ea,0.12351536111598281
02f5e786b6ca732f,0.05440447829621116
b29abac474eba51d,0.23653540430230002
14f09256775b5595,0.12629834424593675
4132a178395f2d42,0.14203042608428337
3ecf5a5ba7668082,0.044007662305881136
f7b8ef9f4baa3954,0.1841748921051834
344ae6cefc6e5e28,0.04114298911188684
9f8993a4d3fd8c66,0.09632576898508752
02fb2d64b2963430,0.10876058410793447
cc3e88fc10db73fd,0.1337325033328859
e1b25ee0d1bded29,0.1675098162285918
6811aeda7c48195f,0.10347000609063385
2caefea2089d3348,0.14276390569842753
06624c42e6f173c4,0.22825000469550677
18d0862452891d30,0.13244610856655864
aeff78b9acbf4d71,0.08184509205234457
3c4fb720d11f542d,0.04187541961957041
ccf649ea4bfee844,0.07751103783091848
72bca5a449e85cd9,0.04249166586629871
fd6a74697a1a9ec1,0.0501846952815162
a629bcd8e7727428,0.050198640986544155
4234c32600399d7b,0.14255508664857386
dbf0f354d6059039,0.05728486808299117
3807b180f301e7e0,0.12959576950496746
5cff8cd0dc4c326d,0.08226462076647251
a28550e03a14c9e2,0.1491607764716469
244915cbbfabaa93,0.03925078046161964
f5d28c37e1483258,0.06534080195022603
625d0351dedf957b,0.1047027354540807
daa98d98f6971d07,0.0905857212052214
aac141e3478df5f8,0.11267884308845642
6e2d6b44bfbd409b,0.13504429878651356
34a46acb36dc8ef8,0.03619499852456099
f709bf78e6f0fe9a,0.07721167196757335
573ce0864f1f1a1e,0.05615979130000679
d6421a369f95b35a,0.06852607891073002
6c74b5b293b1b97b,0.04942690932841331
51cf0713d5fbc070,0.11433639990073613
062ba7304652bc27,0.05356642854141136
930853397c388814,0.030066639469770062
2e48c840c19e48bf,0.09143331997079088
2a51f116e23cffb3,0.11498785104036369
070669d7057f8aa5,0.19593457602265915
967936eb15802a83,0.09986161708878276
83ec0a0ff919a926,0.050297935968486036
a35f4a25719a4b95,0.039912680644859574
e646bad2986e850e,0.11857875959290298
8b488afbcc578dfc,0.08474146056658222
13ea6594c14a4026,0.07332356847111077
d0e536523f93f64c,0.07284333745622189
0e5ca22bcfd8c5db,0.15763705284520402
9fb1e891c08b715f,0.03698919682776142
7199fd0ada65fcc2,0.06517796529109615
2275f9dac244010e,0.0460365644750336
24e5ed05f908296f,0.07090693912706267
6cb602b86bec19a4,0.1285465112104782
9325343b0fd3d676,0.07562629251944551
644e5f81463951ba,0.09269564273549744
37046a2dda9e5889,0.06842255204572407
c7df199599dc296d,0.08754309340685804
54e463d760c0c6af,0.039636289753799674
9bde8f101bdb4095,0.09526163499169198
bc5c320666ed7ca3,0.04308801052933116
4e44d72109230bfd,0.1165145123023677
235aebae2ca0d45e,0.1577364769240511
55a1d48711c4359f,0.07073537021826425
c1ec685fcc48d91e,0.10196819577961888
a51c93906bd78ab7,0.1246870869722051
207c0a6423cf7a33,0.11756882472416419
c7693bad80c482e1,0.145606432200381
36b92309f6e5618a,0.08394045516823194
26ee6d56130da0fc,0.13993789379809918
587c7d36156381d1,0.038235525482357244
50d432d2b52052b2,0.10662545363505255
b738afb14f60d587,0.19109425204388528
1157c08c11e901e9,0.13203750620845645
cfaea6958357ef1d,0.06728103432495519
d8b3ec80ec080d08,0.14501351095888693
809c8f80468b1337,0.12739259998201535
1bdded460bb636a5,0.2969697215669532
96cc52a1a3f13e6b,0.07864293217540488
c97a25af08369f73,0.039134352281928214
0de5d7bc5b46bdc6,0.06600228519716128
c6eca151f8576037,0.08840607856067995
7ef7f606745e05ec,0.03318057570418973
c5ea9ba7fa065f8d,0.3814859385342489
63142c0d75cf9aa4,0.03498204011720058
c396e609d01a9bcc,0.05333301852969802
7c9db70c27860a32,0.10775377053588187
8dd4bb6eda603b43,0.07287351352246414
d5eb724b5ea43bba,0.1741265284046074
e7e9bc7d5e2e5674,0.14269035582764478
24b3176d5020b612,0.182403786344196
6fed295aff782896,0.3287017385934162
12d17a3ef6b47faa,0.1570808409098543
2c550aa9cd671368,0.03759845138194377
df00e28247baf9ff,0.14609728339411698
9449a45c9d7b914f,0.051776425891573045
9a8393310d9b352a,0.10701606861484164
e1b1b6a194b4b1d6,0.08492839927754474
7097d3e397e94525,0.057988353364404374
e3d1f895e94e8bbf,0.12697384670745943
6c46ce4b2303ecb9,0.10565099657389818
999760aff655cfad,0.0362919451882936
6d526f4593563124,0.07523490837486389
467801b5de42246d,0.11606790386340657
81c9cccf75c1503c,0.047521591796601544
bd1aa64c7a5dcc06,0.0399116848577086
df1a75c489d95957,0.03746981287522558
7e6ebb5b237b817e,0.04026148721506178
1aeecba2c7866fb9,0.11269561007780801
14269028868b89d2,0.05480183548191153
5ec456826b243dcb,0.06690200687341456
e574a546f8e193c1,0.1800403461783395
b0ce65cf243f3ae1,0.13397389462825854
8b8e8a00e6e1fdc9,0.04281092037445072
4a87b2b000e87686,0.14477203770499217
1175204fe5f8cb6b,0.06835019645912924
50a79bbfcd719a29,0.13884329310933963
0d8c215cc600c1f5,0.08017995925267844
3ceb989ec05cb0ef,0.1531659904149439
c7ea3f3ae516dbc5,0.03525493762027616
060631dc9f8845f2,0.11697016392111982
4ccc3fe421151149,0.0446485527659999
fd51240f58f2ec0a,0.03292891287897313
9bb25b00d30f4ce0,0.03051965677616598
1e633867010ad35c,0.035915349559182845
90da0c9b099080e2,0.09213732654790935
f3ba8015df41ef05,0.1405469619498655
7006c751c11cdc01,0.10946087006202775
db5b922ab7ac849c,0.07553555905116952
8ed9c5e3ceb94d30,0.08725557376919185
32bc573af0d063e6,0.045220406397768184
b6f5ace9b32140b2,0.1653989173181395
2acea7857a236b62,0.10414093455753726
2dd5886a7dff0caf,0.14096744350505494
cec7e9631578eacf,0.2199876828562593
aa1276a52bb96bae,0.1537125641433797
f90658bc8d521271,0.1206392645406055
8b65638e31a74f80,0.10860387252888454
233d4e0eb18d8449,0.16078639553370355
95e779988eaf54f9,0.11570091055469608
ce033e0586a41f4e,0.06820889399971028
29007abfebc6bd71,0.09802456398427895
37555eedf932eb41,0.08704996627209066
43f0b7fdd64e4d62,0.0793685925457908
48d11190742f10b8,0.19952617437714754
54167e2d347acd9f,0.04609780743204432
adf2b2540dad8766,0.14343638365781464
aa4854b6b5329860,0.8770477201856351
371dbcc2d3dab4d7,0.06992459463965343
29fd5cd58cb38dfb,0.15538518591900044
276d786a03dacf69,0.08281468233399257
90290aaf619cb77b,0.06447827439514721
80904c6eddcf06db,0.038836213934493324
5232eeb9a1fa8f60,0.113992287740628
6205daeed9459b81,0.05704673447791002
6b4abc5da4e3aad2,0.1316494628163018
ecce281c5f6153c3,0.156681894969654
926feb1c20abd0b8,0.03520075377308451
64874c60d39dc86d,0.17055901732019096
1868aaf30c77d6e0,0.10095337295123934
52e964be6dd475ed,0.19685002393916454
4404ade20ca8acab,0.2165851892481909
f6bbde7cdf6430cf,0.8069881535686191
6f9ac9a8227bf174,0.23557507039208309
e4afa0c3ef07f2b8,0.060963131367568514
a85d4f04f63f1f8b,0.05751217550733182
7f3411e87c2708d7,0.09940752526583302
5be924d7d731a308,0.07700988322732946
41ea202bf96f7295,0.06014226828845944
e7d3e68c097838d3,0.17313527924401223
c21ded045b04b1d7,0.07969901434440042
a87de56d4f2dc966,0.04589548083420843
b073cc5a7d5d1fc4,0.08771839076865322
cdbbb57088163b02,0.06007980561337156
97a093dfe9e1eb64,0.22824177958187924
68aafe54d00b3081,0.10976221474197215
dca611f4099c1df7,0.06627448111589836
068c9856fb6bfd0f,0.0387859714162232
ccec2927e56ab3d2,0.03122708137641119
f4239e382087c8d0,0.18446266361636932
a37f1921e2ae64c3,0.0908950267325036
abc7d40ccad7d04c,0.04254827478878159
7be1ba405f826136,0.17526764585723104
82f1ae3eff7b57d1,0.06390469718910727
64bcb6835fcb93ff,0.16287486897111153
8a7d498479d37ffe,0.1006792813284263
ddd893f6f7c67340,0.0513021106805125
63438b2313c7cb87,0.04334091881464815
