id,label
6403a3f8d07557bc,0.3982447639887465
1b1d097ff5b144e1,0.5080236011253516
08c7c3c71a02ca8a,0.8646488485985204
7f09e9039629a38a,0.5677052724809837
1fecfdee265e685f,0.7518784515994581
2b1b1ab99f54e1a7,0.5064645201625507
f893cdb025b56c89,0.7125651245180785
84466d5fc69b1dd1,0.8317401271230593
e0f419be2a81cbff,0.34170131291028444
d9e55e1259c7c29e,0.79826091486923
602d7f4b0882ec4b,0.6329222673752215
67f2f87cc129d7da,0.765875273522976
eec96ea0e1c9f7cf,0.028806397832656035
d85127e773ec4820,0.6960386058143169
9e96822b06b0f7f3,0.36581692195477755
c6489148a3f9498b,0.4241101385849745
ad5ca801b22a4eb2,0.1108929873918933
22e01b671e9f12bc,0.3014319579035115
4953dbf3e113fbdc,0.19096384286756274
95397470f084bc6e,0.9961797957695113
ff39045f375a9792,0.20142231947483588
893575902a76b6bf,0.14947770136500987
4d9211d2b44f7d9f,0.3313881942273627
8205441451789e41,0.031557778472439305
5ade617aad761daa,0.968712618526623
7d8bd74eaaf831a8,0.7640478795456913
3a4abb16616fb838,0.20868604772324684
6e14ae545a54ec6b,0.8226424924455559
a6d127f7b7a19a79,0.8583072835261019
e29e33c4a6eaf6fb,0.58564160675211
42b296aec3a400d2,0.41898457851411897
238a42187f0c12de,0.3257648223403147
4c99d80ab952e272,0.7764090340731478
ef909ea8db65784b,0.7749937480462644
53283f9869842cd5,0.9270274564968219
fa99ef0b96b51157,0.7423382306970929
3cdaa31c37582a6d,0.8369271647389809
e007009eea08f15e,0.3424557153277066
e46769b586a6b83b,0.8914968219235178
c77497b63a864028,0.23778941335834117
bceeb0086c625fac,0.16880848181723454
5abf8e5791e5fa94,0.9214132020423047
0b7d89ea3694651f,0.6400182348650619
ce60477eea0a9007,0.9758046785453787
847baeeadbaba41a,0.37881369177868085
aefefeee7da6b616,0.8005767427321038
321cc4b04985f915,0.44603704282588313
590cfafdd102ec19,0.5384206001875587
0a3027ad8dd82438,0.09229342502865479
01e58c9ae88cd390,0.21880822131916225
8f5eb2d903aad722,0.20696337397103265
3f1b90f008fcd5d0,0.8411071168073356
9e55098b34909114,0.770966447848286
ed3723d6f0b305ec,0.5339296134208606
e1d77367315c8c64,0.3969868187975409
b97a34687794c3cc,0.2418573512556007
2d9a8bda25c031b1,0.19803949150776284
367427e76fbb967a,0.5792356986558299
2d1de7cf3363aa2c,0.2572619047619048
d69cf5bc1f0112f9,0.06810201104511826
2a75c552e6a0103c,0.871990986766698
943114c642b7e30a,0.4021066479108054
5f4258edf6c1b382,0.07113186412420548
ff0a817eba03cc6b,0.7607549234135667
c77fe2a4fb942f02,0.8802951443159321
df587d726667a5fb,0.8744730123997083
8c09d6fdeb48dfe5,0.20516671876628112
564e16bfb829c7a8,0.05932817547150151
e592482dff2b62bb,0.09305798687089716
33319a7020313788,0.6851422319474837
4700a73d634e28f5,0.9664960404293007
e5d9aee597bb4052,0.31361284776492654
b93533776029ab4e,0.9539014796290508
e9274894e7ca5d48,0.016609096592685214
37e126228f093cb2,0.4117737313743879
ee5e8daf19a62436,0.9157374700427217
5c2af7cb33fcb9b8,0.487537251224341
dd6cf914fd458758,0.14956991768260913
7943edf1ba3d08c4,0.2655832551839117
50dccf68b6d84c9a,0.33419974992185053
71b1d024ea8e0791,0.4607710742940502
a8ccfbc903739855,0.08544284672293426
bbf9130a10bb2e61,0.16192846722934248
41a2cd1fb3af1f62,0.5475656455142233
e5b00c5e94bb1efc,0.5002980097947275
8a2951b875e32f95,0.11537798270292801
4b4241c32f2ae2c3,0.24088126497863915
8beed49416c057b7,0.5710878399499844
1cc185c7cde5f29e,0.8914116390538711
635d0e269bd151c8,0.04320334479524852
9eb98f9a7202dfe8,0.10900020839845787
c224615f7e3ecda9,0.11005053662602897
f93a14286735bede,0.2716593727206419
c118092c44e808f2,0.7810117745128686
0972b7359cd12fb8,0.04896295717411691
22318b12ec6eb14f,0.7622186620819005
9c92d4068021c258,0.9323520370949254
053aaf6bcba9464c,0.4828706887569032
966f0341c7d1f5bb,0.2992010524122122
624826d8d4f7d476,0.24576247785766386
250e83ae550b1992,0.944316974054392
9ff420d30b835836,0.8707682088152549
f74cb9754e9ea82c,0.47975617380431385
8ab5a2752e698725,0.4255730957590914
56957aca1f34dcea,0.7049830676252995
a6c0cf21bf0a1be2,0.00929274773366677
427e6266110ac72a,0.9106694800458477
7b84fe626f3ebccc,0.7238285401688027
6abd9ee5808aa267,0.30486297801396267
15aaf86082111e4c,0.7013501615088049
afb1bcdc94b9bce3,0.053823069709284146
93a337e7b4fedfd4,0.4671243617797227
cddee4f1517d9dd4,0.5327367927477337
755140c7bd8e7223,0.44677555486089404
0ae88cec371ee0f0,0.12682010003125976
08a9f02754051fc8,0.955267792018339
4bab179b9218d454,0.3417651349380014
2af9aad0b831d3ec,0.043841565072418466
7d330fd87e35ee09,0.505884390955507
d79f0de699294b3b,0.7203613108263
652a8c0826eb2609,0.595475929978118
2ae2ef63a2565c3d,0.7230319370636656
1bcffad3764f7c4a,0.21070204230488698
707e78f41fd82174,0.14888272376784412
e4824a55ce76b702,0.07421694279462332
993182bb80730c31,0.4740603834531625
dd67c105d030f636,0.8016692716473899
3dc4dceeeecb58eb,0.7017039178910076
90a67d119116b976,0.8703842346566637
a483f8d40e026f5d,0.12247473168698553
3d24648e710fafb4,0.2252774304470147
9104c44e8910b122,0.15033864749400855
47b77ad7aec9f1dd,0.2503178076482234
a66cc4155a0edaca,0.6458320308429717
1f4dcc29503e1a4d,0.5809562884234656
0a295834d6044914,0.3396561425445452
bdce8615df21ee2f,0.031584349275815354
694b4d3b1ed04c61,0.0670925810149005
ffd75ff5c92f624d,0.6596545795561113
717e992041e77d9a,0.6316770865895592
eb5157274916100f,0.6686019068458893
b77c5c610fc74da8,0.23092424716057103
41d2ba14e653bbad,0.765162550797124
f2b612c9be07aabe,0.5634002813379181
3451e892c310a998,0.45710951338960093
2ab24c04722d8bf6,0.34074189850995107
38ded7c17115e7e6,0.7412295509013234
afed8219aa70efeb,0.4890140147962905
1e9c4d7d2de01fba,0.6462746170678336
c1bda90e9a3b9ec3,0.2982353860581432
d406fda410e7c177,0.9459763467750337
f49753bbcfabdaff,0.44159685318328645
4daee2e232e58a56,0.9260240179222674
858a9c1611f558cb,0.47983302073564654
05b0a9e8b1444d99,0.34142492445555905
8b2ac5da79a42e4a,0.8473536000833595
222fc0675ea28b67,0.21709805147441907
77cb5f88dff15921,0.5035953943940814
947d5752d88dc00c,0.9523054079399813
309a531dddebb471,0.7571631759924976
7e5f9d7d0cdf5a81,0.35084375325622597
6dfe2ff41e67b01d,0.4320522038136918
9a51f7696f388499,0.4355486089402938
9c5cb5a9b9b2b4cb,0.7560128165051578
bc7e89abddb2aa54,0.999
5d3eff0bafcd186f,0.7618104616025841
d592e9d5579075d5,0.18875351672397622
475f765f9fa22959,0.8798872043346879
71d36204d6040aaa,0.6840403251015943
78119b8ffb9aa8ab,0.3660563196832343
09d1e9b9b858fe18,0.7985498072314265
ba5f5f59e3b0b755,0.8278462019381059
3b7344f40bf64734,0.446175367302282
1f72c876a5e3738a,0.7064650411586955
86262f7438a90d1d,0.4835802855058873
3f6e10ed3e6a6303,0.9444644159633218
ada42e94aae1a58f,0.8518412003751172
b5320e4cd134414b,0.617795144315932
ef83ac91e80ddd9d,0.45554391997499216
b8a457f0c9f14bef,0.32997681567156395
74947cda3decdbb1,0.5175416796915703
a39392c735bde1ac,0.4200979472751901
afb321701a74d5b0,0.19210430342815463
df401b9701e04299,0.19300354277378345
c9b67772b4c4f44b,0.8195029696780243
b5665177cd7b6c5d,0.01519433156194644
1d621e5fa6b0c45f,0.24847269980202152
2d595ec6f4c2524c,0.34768990309471703
6a96a53512d24696,0.20356517661769302
b3a68808640b25da,0.2577716994894238
cd9f2b2346e70af7,0.26319735333958527
d78d162e0d903e67,0.9021676044597271
512b0444982361f4,0.8637592476815672
36f4f9a58e05409e,0.30627722204855684
e4b4fc878504822b,0.5069157028237992
d2c6c32ea3387653,0.04829399812441387
62d5596d1fe892ad,0.8486568719391476
8756eb85074bbf32,0.18073199958320307
9120f37fb674d8d5,0.5366393143690736
ad529a51765d4ec3,0.23558559966656245
f5e98c69a45e4a76,0.8557867041783891
4e8ecc5a6ef67336,0.5424015317286652
e26f37d892f837e3,0.790969834323226
377bd33e8a9d5e7b,0.4140106283213505
7277e822016a05a5,0.7240754923413566
94fed9a4092a19bd,0.5920032301760966
28d304cf97ca614c,0.6268490153172867
5a5195df47e373d6,0.1259708763155153
ebc9acfa1d364336,0.124945295404814
5d76c6de5ee62843,0.6179605605918517
511d1dd15e99184d,0.6636373345837241
b6d744f202fb4a14,0.861388454725435
43c3e8abee7ceeda,0.6916841200375119
41afcd725afd0bb9,0.4702349692612275
bd4f0c1a61da90cc,0.9791077941023237
ac5e8e6812e3a526,0.533064499322705
61843635f4d407cc,0.9606212879024695
d643d4e6d84db59f,0.7269526935500676
5c0b8bce49a0a773,0.8909255496509325
7c6020b2e5dae41a,0.5148908513077004
4a6f26c4ccfa8a2a,0.20589715536105035
f5ff436197b8129d,0.622522402834219
27b8587241bf56d8,0.2916270709596749
a198a7b963854e6e,0.0885808065020319
8661667952751501,0.7614858810044806
282a1321ef8c1306,0.3658666770865895
db3dd0b21b03ce9e,0.609590497030322
3bdc9a83d65a78f8,0.6118042096488486
2983651d59dfaedd,0.7804728040012503
ba2be23d69668658,0.2337709700948213
89d58eb00d13e4fd,0.24271152443471916
d2caeec36f4769a6,0.3626912055850787
dc23c7fae5f57288,0.5069756173804314
c6e284593c89d176,0.7496188913202042
523464c4f48eb02d,0.9222876940710639
cc7624fbfc77736e,0.8301857351255602
6b0c371df7cfc676,0.6237735750755444
986e8a5497d243a9,0.8879342502865479
0880ed3a1a77013a,0.5999275815358966
791d60ceeffd7ccc,0.9336219651974575
1fb2b452cb819b3a,0.8711665103678232
6e683e5731d8aac7,0.7357919141398352
d752f92de2b858c1,0.3400151088881942
91654f6c88bcc480,0.2414538397415859
308caeebcc6bc059,0.3385768990309471
0a092e2b8c9c06c5,0.6550096384286757
e29749c7cbb0ef48,0.1341856830259456
02521319f8872bf9,0.04981061790142753
f699494da66c4efe,0.548524538918412
060f874ec99eadc4,0.4502907158487027
1a2ea8a74fd54c2b,0.5489220589767636
a98b83e132c75465,0.16683755340210482
0fe8ca7c247fab07,0.7310938314056475
c8d9bcea59632f23,0.5348898093154111
0ab0d9c2a040f32e,0.24032536209232053
a03fc647d8141fd3,0.9197467958737107
1036e1cd53a850ec,0.20382645618422424
519d3f96c9895253,0.14614879649890594
28df6bdb66f8e09b,0.9391200375117223
89713786047cfd0e,0.5639379493591747
6389830954a0227d,0.46626914660831503
8a5f2d2c5004dead,0.1115431905803897
19d4cd44aecb29c7,0.4973046264457643
2ed9718fa269e456,0.5560247994164844
31d0832c9b203b46,0.3886037303323955
e21b68ce26bfc500,0.6667372616442638
cf8783ddc0b9bf95,0.0013405230801292072
fcd44919c1b3f412,0.9164580077107429
c6e50665e7bf8738,0.49501615088048345
ce0179fa676d128e,0.9562225174533707
423e064e247fe04c,0.7344355006772949
0ebb4ab2c338fde0,0.5607848806918829
37337cc831e40a2d,0.6806311868292174
04eb53517170d936,0.6778946545795561
dac684a7b8635061,0.4246274877565906
a2f354d17d1431d3,0.7929673335417318
8a42e6579214e167,0.47400046889653014
c35d24cd26008161,0.5255822131916223
077789ab8d103e29,0.5632124622277794
5deb9f3705c67be7,0.5811063353131187
dc531f502bccc4fd,0.674367510680421
ab4b4d6c12291a2a,0.3197850890903407
47b284804faf97e4,0.5338058768365114
d46bd1fa92be695e,0.07668802750859645
11c536ec56a47156,0.24685630926331142
d5bd7d0c4a297748,0.05013858497447119
d30e6ef239a13f14,0.7444490465770552
8be010237b513256,0.8661013858497447
e3ed18d3d53d8aed,0.3134169532145462
a9f5c2f8c5922e10,0.8551404084609774
05a75c012be2ab6b,0.9814593102011046
a068617fc089ad48,0.5354337292904033
687932e8fcf71376,0.16513077003230175
fedeffd4ef29f976,0.24635042200687712
5d3e23d9b2256c27,0.24104720225070336
c6544d7502deea99,0.2868977284568094
096cba9bc78d7637,0.70664791080546
76b587348b5c4d59,0.6092823278107742
62185555ed060f0b,0.5102143899135146
b538966eb4ce164f,0.04147051161821402
8dfc12a6712b0903,0.6976766176930291
3ab52adc4b1c1768,0.24102636240491823
463847f9a1f414b6,0.7010461602584142
e93e14d11fc793e7,0.033298687089715534
2cd7ea4ff0b97ed6,0.5312113160362614
3cf1ec0a8c671d61,0.17242211107637806
e39df281ee7e153e,0.1377724809836407
272a6816ce2c7c9d,0.4118305199541524
f56230f889018c95,0.8335815879962489
4119f28f6d4d40eb,0.4909505574658747
3e744e15c1c6600a,0.6389548817338753
7975b8ce43d7163f,0.4842554965093258
76519a1ae0dba3b0,0.8182127227258518
6f6aca7dc35afbbe,0.31442924872355943
658aa810bdae773d,0.9832684693133269
41c3618b9180e8e2,0.3572298634990101
7cd53693b2b3a4b3,0.21493383348963216
a450a4bce9f2cac2,0.7805374075231843
05bd9ec45ff54b8b,0.16061972491403564
0d67ef8a9dd3249f,0.6645298009794728
514cfc846a144390,0.6708070230280295
2856a2a0114ba55e,0.8072900385537147
ebe02c0b1c116ac9,0.2163491195165156
cc31cb4421bd54a5,0.6039410753360426
d63593c7bd5f72a9,0.8173861623423986
962b8c33b5be069b,0.1914059080962801
40e508ceed1116f3,0.3393565697613838
668eca9c4cdf1507,0.49389783265603826
c15735bac7d4e6bd,0.12728013962696677
09d2cd5ccb05a325,0.47658955923726165
71ed58a8f5d479e3,0.6824192455975826
56fd1ce474cc243a,0.9123736584349275
4c4fc4fe6dea340b,0.8288829842659164
68fcea284ddff8ff,0.7556478587058456
8913329e85f873f7,0.5588730853391685
7a210b4ff6c29678,0.5833377618005626
91bd2a01c0384263,0.8994943732416381
14e4e31c9bd8d90b,0.15202954048140044
410f92d0f317cc8e,0.5557426800041679
780cd523f303a8ba,0.3004131499426904
77ae2af1842fa5b4,0.3934258101490049
eebeb3dc997eab87,0.6828902261123267
fa6c4d5205fdd5db,0.9798364072105867
f1798e22aeb3b385,0.9861078983015525
8af0df5286089649,0.7252414817130354
6e224e4033db63b7,0.0926385849744712
b8624ae03bb7e7d7,0.05414634781702615
52ca2f9cf118011b,0.9850653850161508
52c5dee14f8320fc,0.6834143482338231
43a4ed5577b3346d,0.6177688340106282
332563e196c7a1ee,0.9076635927894132
cc4b32b77225218c,0.7650200583515682
0b34a503e14e5271,0.9225153693862665
33100c4fe51f7435,0.4110422527873293
6de5ffe2b6664d73,0.12344743148900697
ba39076152cb0ee3,0.5942518495363136
aed179ff9c81f4f1,0.028092112118370323
ea1a9bf792fb6a7e,0.1310352193393769
2f06ce2d10fe3866,0.6042263207252268
11855575a4718674,0.43466656246743773
06d39de4f0e13f3b,0.5698270292799833
5fd7c68abce444af,0.8061415025528812
d464bbc0a2f6ec7f,0.8615624674377409
86a7d5c47fa116f8,0.08639965614254455
a260e587d0fd3fdc,0.9407713347921225
6c07a18d9f02a585,0.8457132437219963
8fd3d88e27ef7240,0.360979733249974
80dd9757384d7ae3,0.35045196415546526
00a0f9038422aeb4,0.6411821402521621
dd38ea8c63c0a90b,0.5737214754610817
e23a165731b18098,0.9005676252995728
9bef89bb8b6e707d,0.07739371678649579
db5779805bc9128a,0.8136761487964989
13c6185147e496ca,0.952393977284568
c23ad10e1020a370,0.3970712201729707
cdc252e1304b3741,0.10961680733562573
c9866843a2ca38c5,0.5682859226841721
1193dd7feb2e1c1f,0.012196519745753883
145626c411263ea0,0.46721241012816506
b2bb6e4261a0a280,0.9756736480150047
ce6c9830339e8d23,0.7479959883296863
e5a315b7bb844af6,0.7815991976659373
d85cacbda54cea30,0.2700867458580806
ec609eb2e4100b33,0.7959430030217778
0d785515807808bd,0.7753704282588308
6bcfa2aeebd0236f,0.3187029800979473
9ed83fa2f828fbc3,0.33222960300093785
f596ac3c62688ee6,0.9412832135042202
654c4ca75e7a6d56,0.5850164113785558
162146e83243572d,0.8601935500677296
9878dbf0860838fa,0.6373819943732415
332ca627787dd758,0.8417429926018549
679ad425e74f2477,0.2715270396999062
df5a276859dd4308,0.7854295613212462
e1f7d0ae0443184d,0.7304102844638949
a6434286f4234aba,0.6572780556423883
3351a9314dfcaa5e,0.04565697613837657
e19b22778dcddf3d,0.33353886631238927
a98a59904fcba403,0.5432913931436907
efe47bc01bf23b67,0.4877748254662916
a1a862c811a320f0,0.40979264353443784
bdef7203033a959e,0.7307645618422424
0fa3fd428635e63e,0.264194279462332
8ed23ba67702fe54,0.8799265395436076
ece14f4f1731d91c,0.8799749921850579
ca20fb73d0c544ac,0.23148015004688965
927bbcf7fa67bfb8,0.7171183703240596
deffe32d78bf8a82,0.6292310096905283
319944ea096b3a65,0.3086550484526414
19bd6f94f36d44a1,0.4591453058247369
6e7447b72d462201,0.24108393247889964
be6959210f99dd41,0.9686177972283004
bc1a4abb3dbcab55,0.2723895488173388
41032395ff67eef0,0.8974538918412004
2b4004b2678cf0a1,0.4082429405022403
469658e2c6728fd1,0.2920657497134521
e67a54cb89e72744,0.16585886214442014
0a1aa269dba98abf,0.33811347296030014
746e977975fa2166,0.06712071480671043
ca51e1b6ef04fd43,0.3758489632176722
dd96408688197b1f,0.7262188704803585
23b5530f05f1d9e5,0.7939322184015839
da29e21770225527,0.4119889027821194
adb83a06bb93e782,0.203265082838387
0e4d2b4f26be08db,0.8882176721892258
6ece7a74dc7701ed,0.06999609252891528
e5306d42c50fcc55,0.057629728040012505
4381dd659292aa24,0.292923569865583
e31ebedf532c25cb,0.469805147441909
853b98dd483b98b9,0.2905921121183703
2e54b76182ee44e1,0.7820428258830885
338f6834e70af5fa,0.02062545587162655
b5abaa739dbebcbc,0.7646467646139419
5a8bb8464a290761,0.6373611545274566
f0e90b285061c449,0.1255077107429405
e66581f055ee3b78,0.6922960300093779
0a21004c4d12a011,0.3665569969782224
04cee8b938d82d19,0.14296993852245493
c2eb2ef42ef59006,0.5232830572053767
4db76ad147f6dde7,0.5471795873710534
388d2efe55423a29,0.9679488381785974
b9875250f7ce8623,0.8055889861415025
e354d93aaeda004f,0.9744701469209128
39e7b31ad6490a4b,0.5550674690007295
a31878efea02ed42,0.3403727727414817
4db06f2609831909,0.7760724705637179
e23ceacf623bf244,0.5816815150567886
5b30a3dce1e3fc54,0.9290129728040013
9b09b933e5488d29,0.5189090340731478
64f0282d10422cde,0.25091643221840154
d171c9bf0e731793,0.5628297905595498
699a9d5c734b80f3,0.44269328956965714
79281527b5fd74b9,0.25720199020527246
63b9f2af8362641a,0.7168516202980098
8e20990222b8b1d1,0.5681574971345212
cbfad4f1f811ddcf,0.8489976034177348
a6dde1511fe8d47d,0.3522684172137126
54e8815e9966bb51,0.9926953735542356
cda24d31d8c08104,0.6509685318328644
2e41b0e18fd08067,0.21555017192872772
6e8f4f5c6e28c26a,0.7533890799208085
1f4157812e2bb339,0.7007601333750131
c2d3133094dc0fad,0.11079686360320934
e7e2da8351240636,0.2930246431176409
ef2946985749757f,0.19420339689486296
ae735efdf3a84f05,0.7618784515994582
8a459d7c2b588a93,0.689609513389601
df0d35696f4b164e,0.6078644368031676
8f745cf8cd93face,0.12987860789830155
7aef10c8e6aae208,0.2068656871939148
706e881832fde05c,0.9404493591747421
03a6674f904defe8,0.2629183599041367
f00500b8110dde92,0.819177607585704
1475216e327695c5,0.8265840887777429
3fc20688817559fa,0.11512816505157861
70df3ece5d814a70,0.16790299051787017
bcf591e552b3ba82,0.015158382827967075
a04e514a6ca8156d,0.8516700531416068
f83e082f10dc4f9a,0.07211993331249349
21a0898a3f0c502a,0.19034880691882883
c9afe9c2efa6168d,0.15643638637074087
9423152627c5de85,0.8649468583932478
fc5761df1ee97d2a,0.49511175367302285
b51c1517f2b27082,0.30817651349380015
966bd6f4b801db6c,0.9160211524434718
c39f09a3a7ee5d1a,0.6996741169115348
cd4ab667a784a10d,0.9225419401896425
053911f801591901,0.6074901010732521
4c12cd87dc745584,0.6426516098780869
f0c4df4801e5dd7b,0.24675367302281964
1cdb9e6374b25c46,0.11898483901219131
55a04d93184e2087,0.908032979055955
b0259adc08c321ab,0.29130717932687294
3ebefad692cdc413,0.26613837657601336
83d05a33f78392ef,0.21100239658226533
57e746a1c420f866,0.7422316869855163
7086b53e09fe17c0,0.7448327602375743
2cefa5982f1e5321,0.5548124413879336
c4a61e6a8fa1704b,0.6701125351672398
cf3db8bd220d5bdf,0.7479879128894447
75c651d11c0a0337,0.08663540689798896
10dca6cd4d946194,0.43520396999062205
316d771ed9f0b6a1,0.47269511305616346
ef64650ddba7c539,0.1624851516098781
721f58982ee85da8,0.872272845680942
e8f08bd5b06f41ef,0.03460873189538398
8c2e815ac865660d,0.7324887985828905
8191fefedc6afd32,0.045550692924872356
15c9fc425aed1fd5,0.5556931853704282
52f896a602e74ef9,0.893774096071689
c8a94bf1f874596b,0.389376628112952
64024839f91aaea9,0.7019011149317496
23a06e4e391dfcaf,0.4252396582265291
76fc88367fd4b329,0.13548192143378138
e7ffd70d1007bf31,0.38472804001250394
4df67b2b4764df2b,0.9764874439929144
5e23b5ebcc3c7201,0.8201349380014586
97c325c9980b0ab2,0.18720303219756174
3c8bace911db4b05,0.870561112847765
d3af2a4f1b0513ef,0.5768372929040326
8a66145d22484a10,0.8771603105137022
f501884aa3b0a2bf,0.0362345003646973
21f8710a682b6ca8,0.5851495258935083
67addba46911ef5a,0.819800197978535
cd5a8d124051f2a9,0.946092528915286
a1acde423d140030,0.02936672918620402
6284cf5236839f36,0.6587303323955401
37f720257a8a7a33,0.7185422527873293
acc257668dc46b34,0.7092557570073982
23424057c8458694,0.32455532979055957
418a7b8fddf172d2,0.9520360529332083
dc356b2589e04c87,0.7520855475669479
f64eef65821a8f3e,0.475209700948213
9fce647d5b47563a,0.9778834531624466
52f9976ea5b478fc,0.14396165468375532
d240c91989c04146,0.8066132645618422
47ef036d29375b9b,0.8822293425028656
8808a12bef546809,0.40390382411170156
d3a20f2bcf2db8fe,0.7016692716473898
a451d8e451fac918,0.3092885797645097
9826735b01a08344,0.4078094717099093
c4a29152e2eacc8a,0.002323642805043243
631690ed30cc1631,0.9103295300614775
d84d8a6e6ca5eec8,0.23827081379597786
efbafec85fb00cc9,0.8668013441700532
24556c1044963c8b,0.9478360425132855
5dfe6e2137dc82e7,0.23727206418672503
b2400c3aa22283d6,0.3112316348859019
71602580e012f168,0.721607273106179
cf01eb3e54442236,0.050960195894550385
1a07d25426f87edf,0.6111120662707097
13b3d3fe65bea413,0.38047332499739506
059edd840763fd81,0.841033656350943
48288e044d74e7cd,0.7325401167031365
add068ffe0671cf6,0.20150724184641033
c99de47efecac792,0.7782090757528395
11cef543afe62f88,0.4530491299364384
e512156389905eec,0.23988616234239865
138703e658867a2c,0.6985057830572055
454c3092e6edd433,0.09440866937584662
dd957118652b5ed5,0.820847921225383
af01fa5eafb4602a,0.2802649265395436
7bffcfd2a9da1725,0.8352703969990622
24f3f1ab071df78b,0.09070464728561009
3ec7c9ebab0a4a2f,0.8860912264249243
3c1d10f4646f69fa,0.11610998228613109
9c5f959e1195fc54,0.13084583724080442
cda81aae0a16f97a,0.5433885589246639
2bf6c949fa0b6053,0.5449252370532458
546683ea9e5995f2,0.7396379076794832
c4563254d849a8c2,0.8334893716786496
e9e85a92d9ed5065,0.43569891632801916
fc9fd5a085f168e9,0.5540254767114723
54049d409156afd1,0.8443701156611441
e4c0d5c0b9045e4b,0.8379996353026987
058f290d4016fd11,0.20604407627383556
e14cd74f951c3910,0.2964858810044806
05018e18dc83e13e,0.9745735646556215
763ff25fb3a65368,0.3208731895383974
eb5cf6bf7c8b4e5a,0.7992317911847452
013351fb7667dab2,0.675941700531416
e08181f896cfb680,0.31974601437949357
e65d39ec9e3de422,0.7305699697822237
9cf499aa7626f14a,0.6855723142648744
f203a5ba78b7389f,0.7179477961863082
8ea386546c0f8c96,0.9004014275294363
0391f48a6955106e,0.09482650828383868
d2f70a0377eebc5c,0.234057517974367
b96e54496b6a6713,0.7047892570594978
1ecd7d7fc32cc874,0.6481264978639159
a91fae320445e22f,0.09980801292070439
7f7f8d9e95bc3227,0.8051263415650723
8ed9c9b27ed7229d,0.43969261227466916
19862b4c0d2f34b9,0.4046233197874336
e5b1c6b3822addb0,0.680574398249453
191edcd8d76cb951,0.987828227571116
6b08a1554cdf28c8,0.1268609982286131
706610ca333da138,0.5020047931645306
5cb5f8466022eb46,0.6655941961029489
acb3a526d9921b55,0.3617599249765552
947db252e781ab55,0.5842255392310097
e94881433d15d819,0.2188749088256747
34439005f71e07fd,0.6956343128060852
989a2593307d72e3,0.7087654996353028
ec8f1d04cffddc96,0.6538824632697717
11dd5f5d722fb0e0,0.7103623528185892
d6738bf320835a10,0.42609904136709387
025b09a306181a55,0.5105389705116183
e5e3f5fbf93a1918,0.5694245597582578
2d60731de40ca5ec,0.15290663749088257
96789dc76cce8bb4,0.7539577472126706
e04c2f21eb86c30b,0.17016046681254562
eb4f7827e27f3e50,0.999
c72cafb3b0ed2058,0.05474914035636136
38e789ce64afac4f,0.633593310409503
961a36d1522e6ffe,0.3720774721267062
d915888ab3fe3241,0.6476680212566428
6d047ff0d07fd1a2,0.167659164322184
96212cff04501fdf,0.814948681879754
6cb30ccf0384596a,0.8626432739397729
1878cf5a842e6727,0.5784258101490047
47adc8c9afbd6fad,0.25923179118474526
bcecb579dcba782a,0.2960633531311868
24fe0dc9ab19be83,0.10391189955194331
d56cbf99a17acafd,0.33172579972908195
5caed519a777c666,0.06773106179014274
de3dd7a6a4564414,0.6550726789621757
3ddc28164f664050,0.44036365530895066
45693136342888df,0.03674325309992707
143c3caf6eb25742,0.5600239658226529
9295c919e27237a6,0.4399921850578306
0dc756a818dc5d9e,0.6962938939251849
67a0ca3f82ae78c6,0.09184198186933418
cbd51c3558265f5b,0.42930915911222256
b6df5050c31c7287,0.24948134833802227
73f20d006cfc47e6,0.382217359591539
2de69b9443d4fc52,0.29880118787120974
1ea20c09b6c79a3d,0.39100343857455455
ea1427791f675329,0.6446144628529749
cd6c9a86e5c13535,0.7602133479212254
fe03f010fd99f729,0.8781804209648848
3cac934a5e569272,0.6203800666875066
1f9c8c5a31c38592,0.3759435240179223
325d3152d318ac6a,0.3317289257059498
c796149ae059bd36,0.829195060956549
139b95acad0d8500,0.03498775659060123
ef8ca6e1ad6cbc40,0.6900216213400021
738b1f5edad8bc5e,0.05774278420339689
00b5753c64f3aa5e,0.808842086068563
7509e02d19e2f87e,0.05940632489319578
a85aa8068fa925c9,0.7827675315202668
f8ff744430f73aa6,0.6231720850265707
4106129a02383134,0.1901427529436282
3be6495b6e47bbe8,0.6438670938835053
d58d8cb98c5344c3,0.34037277274148175
72c32db073874592,0.2801930290715849
b33541a9535d3cb6,0.5794612899864542
f117d4aad78b524a,0.6128209336250912
5e48da846d46eabc,0.7423444826508284
b0b266000f2d6b03,0.855928415129728
2aa63d23f11f3aa0,0.10758231739085132
7ca15ff99bdc719f,0.2853454204438887
286e550605b2d970,0.39509117432530994
140d123f8919309f,0.8115551734917161
5406d7c0119b8b77,0.7219336771907887
feb8f158efc528af,0.6559351880796083
20e9295f7f1b6809,0.3489830155256851
8c67df2b06a8af30,0.733206210274044
0b5100f2d589252d,0.747240543919975
a7dff4879e1f2c8f,0.9373968427633635
6b9c17dec469153c,0.8516132645618424
b064e718f3825ae0,0.04956053975200584
633aa423117b483a,0.25807804522246536
2bd2dc8cda610b2b,0.7432205376680212
16b4f1b4b30d7a5f,0.9049893195790351
7ce520db2bb5b181,0.8653438574554548
359fc18aad246386,0.5091390538710014
4040467f440a4681,0.44518964259664473
ba27a17c66a28567,0.548129102844639
5e4bef63f0b3974c,0.7305335000520995
849863283a0793dc,0.658679535271439
aa9c499ad44baf78,0.8384026258205689
a3fd494842016ae7,0.612572157966031
5f079c78614b8a83,0.9553686047723247
7420f14669961a6a,0.8014718141085757
0a083c164a874ea9,0.17600916953214546
396f04d4bed14a3c,0.5626357194956757
bda29126d66debaf,0.346347817026154
8d5ece395c6a6b60,0.6742244972387205
9ea22d08386ce3ae,0.10580025007814942
1a277b47ca192cc3,0.3016330624153381
5534d1ac3ad47ca1,0.5333208294258622
164e32a2b96ed3eb,0.8363327081379597
cdea1d25f481df1c,0.17650046889653015
37e1f37cd163cc12,0.8705637178284881
4f896e74ddfe48f5,0.4923285922684172
ec881c0b42489ba6,0.4358937688861102
6cbbc142e3b6532d,0.26063066583307287
af58eeb2cce1b1d8,0.1670506408252579
3792b407d3147240,0.3201607273106179
44abea18902dcc6f,0.2701279045535063
f174b76e8c589bc7,0.4724208085860164
d5cb1d76e26e865f,0.9328350005209962
c953fc1a52b6d2ae,0.6598163488590184
dd9860c103eaa486,0.12382489319579035
1a338e9358b4b71c,0.009603261435865373
28a055a15e2bee63,0.5117432530999271
d810129e88130889,0.46058143169740545
20b2f55f0ebfeb9c,0.44238277586745856
2dbfb79bb9d5d576,0.8524346149838491
a4f168601004a705,0.6201109721788058
7419f46f112678b9,0.6773694904657706
7d0ff708b6d6752f,0.9305009377930604
cbb85fa489a893cf,0.06336016463478171
c46a723fbfa594f7,0.56515082838387
2104390897549457,0.5038553714702512
75c276f7d0f29aa9,0.9583484422215275
01a679a23b212287,0.8754074189850994
6cc58651b88eadb4,0.31994112743565695
14cf1ac65f8ca02b,0.09309211211837033
2a5d42d92966192f,0.3158140564759821
2010478948b9aef8,0.5170865895592373
31542ae607bdb59f,0.7548038449515473
783c99f058bdb723,0.3871082108992393
8e49ec786a6d5abd,0.7350929978118161
d2b9a740ddba79a2,0.16178519328956964
47c1231311a7aaaf,0.46398509951026357
c7937d0c63ca6a92,0.7021108158799625
64628bdb8224fe18,0.2354772324684797
49cbb2ff9274a4cd,0.13601151401479628
a4dbc0e728a780d5,0.9060503282275711
54a5b82f046318b5,0.9039486297801397
daa0b6896a1749ca,0.2216281129519641
4a251ebb1de72153,0.9136175367302282
edc7eab7534ce904,0.5506228508909035
0d31a18c31d12329,0.8832062102740439
ef643ea0ac629b95,0.4195027091799521
39049e24be5a4306,0.9386662498697509
f41fb0591a5b1902,0.16533526101906845
ef3add49907eb895,0.22347634677503386
3c80e6a34fb3e4ce,0.8005650203188497
681bbfb8c5372f79,0.849420652287173
007f4be9a3f6e89f,0.13049572783161406
25144a9b2bed9be3,0.6453297905595499
61233f40c0cdaa2b,0.3083424507658643
73a058838f6b7f2a,0.9425700739814525
cbc20660739af678,0.9827219443576116
8fc723bf625337ee,0.8023762634156508
3ba49bd9e60f519a,0.1600659060122955
6a3b3033fdfe94b2,0.525405335000521
c8ed653c9f871795,0.8445178180681463
2f6d48d7acb127aa,0.622983223924143
92ff64a44efeaa6d,0.3027943628217151
d7169f20999bc93f,0.9979269563405231
53604f2aaf701357,0.5361138897572157
a7001845bc2108a4,0.7728313535479837
e1c8d84bbb8add74,0.060701260810669996
0b6ec467b5610434,0.2837115765343336
8ac52d2ec127a096,0.319631134729603
b10baee15fb9d01e,0.8554118474523289
221ebe5d40d467ff,0.7596795873710535
4fe55b114acc6ade,0.4320159945816401
d8482a667d8a69cf,0.2627104824424299
53ade36e2a1b1e97,0.9242534125247472
23415b9cfe9e209c,0.6100080754402417
280c7808d94b9763,0.8352414817130351
de5885c6a7c6423d,0.9897186620819005
38de0e8716fdf6cc,0.6655736167552361
55bc25143589b254,0.7986435865374597
957e73c37d447545,0.16567364801500467
af84b2641d1c74b3,0.25709049703032194
e7be7f3fe2a831bb,0.08127982702927998
841f7e8235380174,0.9116512972804001
63d88f28c2a5df22,0.8747157966031052
8dad4fd4df5c221c,0.7962134000208397
3572ebf75eb17942,0.5682090757528394
25a1a550572c1f93,0.03419714494112744
6ae06440fe74b44d,0.9532499739501927
b4bf088ea90582b9,0.26954256538501614
6b9449d16e81079b,0.22779045535063042
4ff7c9e8a089b94d,0.6982473689694696
aa5c5648b80a1a3a,0.5424374804626446
5dc1f3d49bbbe4c7,0.7642815463165572
99546cb325e5dc06,0.9109125247473169
220c843637482425,0.5643375534021049
6608fca5b64d440e,0.8727011045118266
f29988dc0a3c0243,0.6288923621965197
51058b99b395787f,0.18567651349380013
ed1bbe11677f7bca,0.41753985620506406
9f9b85620fbc0cf4,0.32898171303532353
8aaeef3315304e45,0.3649338334896322
5d92173cdb00c0c4,0.3995738251536939
acbcfbef3b1946c1,0.11875325622590395
73cb612fe6d23320,0.7773119203917891
4216594871a36761,0.11218688131707825
1c2bf4927779574e,0.91823616755236
1498d0dff1fb5394,0.35119672814421177
53f47e8f08b91aad,0.422795925810149
c4229a0ce07e83b9,0.10869282067312702
bf61a06ee47b2027,0.12378086902156925
8aef635fd1b3a740,0.1456126914660832
0f6a8a20e3587b09,0.14759690528290093
75d7914477c996b1,0.3418740231322288
7b1790935e6cb838,0.04020605397520058
d680549ede3f6dc9,0.1703381264978639
f3bf39cd2ab5bd9b,0.33911274356569765
0b0930b54070750a,0.2105975825778889
3d97f118d250279a,0.9324103886631239
e9de0ad29a82a54b,0.5628602688340106
9485f200c4e02805,0.5898228613108263
12d95850d018d3a3,0.31046811503594873
ddc866b96dfc3aa3,0.756922215275607
45a33a8161cb4b46,0.24047566948004584
990eb9e1c61c80b9,0.2614392518495363
378b6aac03179007,0.1930858601646348
b6ce4df0bfb4d3c4,0.21227987912889446
a50653ff586cd76a,0.5383049390434511
65cd9ee07cfab83a,0.5006059185162031
d2bbc0c9f79df720,0.9204790559549859
82ce816296a1512d,0.036663801187871214
e502c517a223aa14,0.22105293320829425
71d19ea693604e1d,0.28486558299468584
0d037e649d83d735,0.5934737417943106
6ba6991213384d83,0.7591523392726895
4cac0de9485495fc,0.8823538605814318
9a0be358e968c623,0.10931853704282588
f1ca34616439cd54,0.1606194644159633
e301cf1f2e4c3681,0.6509510784620194
d614ef3ad50cc2bd,0.7832718557882672
c0b33846eed21da4,0.2541544232572679
d4e499c8cbcbf2c7,0.8191499947900386
112d556866bfa77d,0.9164470667917057
3f5b776bac1c2a71,0.6029063769928102
97fe9a981d0717bf,0.5663410440762738
ce3280649c6eb5c9,0.7372001667187662
7ae7079159ced82d,0.4189465457955611
f1eb50e28869a50f,0.13449984370115659
52c8dc366cde6d2f,0.20819058038970512
ef14064579612c4d,0.7590270396999061
7897eec02201ca6e,0.39387074085651763
321d33ef853c8fb7,0.8699294050224029
96766da6bd7c3998,0.21453917891007607
fdccd120c1ead149,0.8562196519745754
288252f0e770ce50,0.7043956444722309
d4d977f5a3d8f01e,0.6747882150672084
62ea4677a492334c,0.8669930707512764
d1f182b83a420b6b,0.2624340939877045
0a8ea601fcc75d1c,0.760811451495259
27930c385742439f,0.6901294675419403
13d12d929ca71339,0.9280772637282485
159b4f9fc1efcb55,0.043200218818380744
94ffb2f9a90b358c,0.5630053662602896
68615d70615e3b37,0.21724705637178282
d4a40bf8afd7e4b4,0.07475513181202459
e3dcfffec2d51e7e,0.10540429300823176
10366fd321e0ad43,0.35801187871209755
80e3f13b4e86e5f9,0.9305298530790871
6272a9e176561590,0.7361930811711993
14ead2f08e775ba6,0.7001703657392935
08ecd3e0061305ed,0.5880176096696884
b91abfe0273da79d,0.950687975408982
0c3efbd8c39177b8,0.9971600500156299
e9e21b290009d63a,0.27197770136500987
c188505410fa547d,0.5851271230592894
768d9e0553a1399e,0.08114228404709804
a9370f34870acac0,0.7650997707616962
9f6dbe29c2020549,0.279494373241638
6da7088fbbdbdec4,0.4894250807544025
944a046635530efe,0.9393430238616234
55a97e1488c333a9,0.20322574762946752
bba6644aefeb263d,0.7617416901114931
750f5d2c63709654,0.9425354277378347
b7f5c550aeab6fa4,0.657702146504116
bf2efa05075a9f6e,0.30506095654892157
2987973344ab04ce,0.3577774304470147
a97d19edf8f608bd,0.29172319474835884
6138ff6754f14dc4,0.16253438574554546
87522437573af7c1,0.6942276232155882
57cc4278d6b67c5a,0.043486245701781806
8f29d789ebf40f9f,0.07775320412628947
15e17422c43ac280,0.25054313848077525
57faf77cf5f72f53,0.5406718245284985
febc8ada0a8d768d,0.16562180889861416
86ab68be69241db5,0.7205032822757113
5fcfe942606240bd,0.24781911013858496
31bf257f6a4a70d1,0.7820636657288738
a09897cadb789dba,0.06992341356673962
328299ca9da15ccb,0.35668359904136704
c95184d7971b2960,0.8022012087110555
6ba9df085d34410d,0.9931262373658434
396ed8ae6d33d2bd,0.758026206106075
b058bc3c8a9fe33f,0.9183427112639366
77b29cbb7ea1ac6b,0.8364986454100238
c8d191e05666d6f5,0.8946543190580389
c4d716a53ad99b70,0.6640265187037616
31d17f992245249a,0.09079868708971553
aa459cbd8c781f76,0.7029173179118475
7ba0185e8220f22c,0.16242263207252267
eb077a940d0bbcbe,0.5968623007189747
9298c80a21191034,0.5986089402938419
037747626ac5db4a,0.21894732728977806
8ee7aa8b54022319,0.9067203292695634
a2b57b918f2661db,0.3668203605293321
e703b056b17c6038,0.2782408565176618
5d760ec696eac629,0.5594391476503073
68589cc32366dc9a,0.4768987704490987
83d1d02b456e13c0,0.6988939251849536
f5ea6585ff5edb0b,0.8860112535167239
32290819a9b6b754,0.4217333541731791
f0cddec42ddbe07d,0.027303844951547356
41d5134ef4aa43c6,0.35646790663749084
9a422d8246e3f97d,0.4488358341148276
341cbe1cbd51048e,0.22381707825362093
3d2c0583f01cd72c,0.6839676461394185
870996e4835ca83f,0.22635771595290194
28b09161f3b17dab,0.5473025424611859
051b367d8fe91233,0.06434198186933415
9b8aba50b3ab95c1,0.8173116598937169
ff5577bdd79bcd6b,0.20637542982181933
92e4eb0a0d4c41e0,0.9574971345212044
575ace0896b22257,0.9305100552255913
a16f31da04bf60c4,0.44709440450140664
cbc13a2671d3578b,0.08289543607377305
876ba2c5e443fd41,0.6547718036886527
5d5689e87dee129a,0.9424690007293945
71a60a6dfa7e1760,0.7260677815984161
f2a38a0b81dc90e3,0.7737936334271127
ec97de286c2686f9,0.21464963009273733
b77b633a5106f906,0.3261555694487861
972df202456969d5,0.20112639366468688
5d7f4e9617d1e7a2,0.18801266020631446
196dc3655d9d1d79,0.10981244138793372
7b9da0adcf1bf365,0.03407366885485047
b9d78de840ab100c,0.18866416588517243
803868566ffdbdc1,0.0859278941335834
cc5f60c8c3c2b5e2,0.18075179743669897
88919e17cce1dcd0,0.12774330519954152
88bff82c05879a44,0.17521907887881627
aa64759c290cdf84,0.4736725018234865
b224a7d8b6f39ab3,0.357887100135459
ef11b15a28910cae,0.29676409294571227
7e08eb8d4482e7e0,0.8705139626966761
609b606891c6ff2c,0.13643560487652392
07ecd08d07bac830,0.4360521517140773
aea578dbbc154142,0.752462748775659
9c702ee77f731a28,0.4459133062415338
74a102877446027d,0.6649617067833697
dd13d150ff97f653,0.8989689486297803
36157f72f10981f7,0.48879024695217255
808639f0db0c51a9,0.33964520162550804
d809389ba1350646,0.5451159216421798
353512ba78ee6085,0.0068583932478899655
207ae6c9e8f4fabf,0.38327862873814733
333ed3894f0f2865,0.8394417526310305
c8e41f868f963ff6,0.7238491195165156
c0436a45e3cdfea0,0.06098051474419089
497bc4409ccbba90,0.8557478899656144
b29f7d1224fd0321,0.5208700635615297
7795ac2497824361,0.7503188496405127
28bd2f25cefc0467,0.24062858184849434
7a5268c2c0ad3fb2,0.45508856934458686
9335e306e6ef6c17,0.3497879545691362
380dbd85787bd38f,0.8775286547879546
4df3a358e7ec87b0,0.11416093570907576
b423d03461c67e1f,0.8575573095759093
8d6c8b00790579fe,0.3648371887048036
75302981ca660bf5,0.6669743148900699
34fae39e3b6350ef,0.4154746274877566
47ee9553918d83bb,0.77328904866104
525eb09cf01d4422,0.45604147129311245
f285090a9d6de2ea,0.8509461289986455
9a015d0a0e9dca3f,0.36409945816400957
5b9ec24c9cacd921,0.3929772324684797
80f6887bba571ef8,0.48174716057101175
a0121be4cb97ee81,0.2363772533083255
98bbb1d875be50a8,0.7691408773575076
d13d14d73f638740,0.4999262790455351
b2c1f66103087339,0.3835263624049182
ed544070c1558a6e,0.4991484318016046
6dd8a5af5647059e,0.5247298634990101
ec707e8be77e5bf3,0.4412053245805982
435ba973814b0e29,0.5027633635511097
a003759cbad0ca72,0.28873111388975725
4c1f413aeaaeca8d,0.34826091486922994
febaa69039e2d424,0.7889210169844745
1a7702c55d1c3c6c,0.7016200375117224
747b48174e7e8cc5,0.09378347400229237
e73a38787bc7abf6,0.6404222673752213
591163e5c881643c,0.773283317703449
95f08a028b009350,0.22251667187662813
74cf8eff69e3ee73,0.04746587475252684
44639b509c809540,0.6878271855788267
abcf4a1f567f5b1e,0.5451273835573616
987d6ffc23a79a57,0.6576669792643534
e7aea6a6f0d83afb,0.632207460664791
d9d2d9b2890a7999,0.2967549755131812
deeaee8dc56ee2e3,0.505719495675732
ed44fe0714d05825,0.8416789100760653
68d0096d6964bebf,0.1803521933937689
8d52d8ee49e4e8ec,0.9090726268625612
b877123e88a6a266,0.5688030113577158
8aae92b438c0c262,0.043163488590184436
40864f11272e903b,0.2581442117328332
7583bd973a7787bf,0.9722074606647911
209764663e3680ab,0.4982471084713973
1802828e130f444f,0.8088485985203708
c7226e4c37f1c216,0.8127024070021882
cd0110875b4d057e,0.4714811920391788
b66e634d66bc8033,0.07742653954360737
644bd7580a1fab58,0.4270800771074294
ceed54b1129eb356,0.42915937272064186
4a02d907bb4803fd,0.1036190997186621
d09af6dce02bcd02,0.1447009482129832
c81869bf2ef1408e,0.7687269459206002
455bd62f0c9a8b18,0.8091559862457018
8c648fe7475ba2a1,0.8439204959883297
e7c1606cda3f50ca,0.2988350526206106
386a0c809777aa8b,0.4169136188392206
882d6e6250d5d648,0.5332671668229654
e73fd396a2d7e661,0.34442794623319783
e1293605384c5923,0.048816557257476294
d8e5a75d55957e5b,0.8122499218505783
75e6395a1cc7d878,0.6088116077941024
ecc995a8d29cc898,0.8085797645097426
ba27e43ae6b021c3,0.34102714389913513
075b11725eefed48,0.9322999374804626
16e06a6abad58f9f,0.4542237157445035
039a18d8a9005443,0.9607379910388665
166eabcb1845baea,0.20079686360320934
150f221c402f471f,0.8065249557153278
2af5183224226208,0.5468805355840367
30a31bbf87301908,0.12337266854225279
95c87aa909d557a9,0.026271751589038245
d70eb57711fa415b,0.9407984265916434
9464555817eb4951,0.8989520162550797
8d4e5d5935a1a663,0.11824815046368656
289e3f76cc551091,0.48167786808377616
8646ded190e78433,0.3961211837032407
f2e3c326fd923449,0.3625857038657914
83f8985c38ecf25c,0.3577498176513494
8b698836d194ab64,0.3285438157757633
74a48ddff930321f,0.1629855684067938
79a5efbbc2b4f8ec,0.3696548400541836
6e88ede348b8871c,0.6545488173387517
d98b06d0f7e1b8d0,0.2725252683130145
dc56b06363e3abc1,0.5030084922371575
b5355653b987b958,0.18467932687298116
e5bc532f235bc0d5,0.21539595706991768
153cb69740320d37,0.26107872251745334
30ad5d4441533a6c,0.6992007919141399
05ba774a4ce6ab73,0.9184187767010523
ba467da19b1f2810,0.04529019485255809
9ad04a6b621bfaf3,0.7572077211628635
f605e43b08e76847,0.916053454204439
fe2d494aa36b099a,0.264995050536626
1e5a8f5e21430d42,0.5508791809940606
9b28fcb2ee487967,0.9809792122538294
2f1c0ef6d36a75c4,0.4024208085860165
37fc5525bb7de5e9,0.09548348442221527
d6538f0dbb2a123b,0.696109982286131
7dde59a4542325aa,0.21376628112951968
20c617dcbd71f357,0.29328175471501505
77f00b5e8f833d41,0.7994058038970512
869a14428379a740,0.45420912785245393
5fe5544f8e236559,0.7009726998020214
2d3681cba05bb562,0.8611287381473376
499be0abf97d1597,0.39690710638741267
5b423761773c3a6b,0.9596689069500887
57cfb14bc788cf66,0.7477154319058039
bf8ee8443882eb4a,0.788642284047098
400e3c9ccfed951c,0.27600422006877146
95c34bd334691146,0.8747809211211839
441b99f616030e70,0.3828256225903929
d6449401e78d3385,0.42266515577784725
ee04b5380c7d4f07,0.8358651140981557
47350f4648bd6090,0.12238616234239867
3d184c420016986f,0.2517984786912577
2525af5583075cac,0.7055097947275191
37055ef29f0a3dd1,0.5100179743669898
741ca2e53f728930,0.8981192039178909
c2060532831835cd,0.7268461498384912
bdf51afd82ed739b,0.604098155673648
87516eb4863191a1,0.776421537980619
034a25e098498861,0.051143586537459616
2beaa963f217969a,0.9678243201000312
6b03ea3eb3783933,0.24931046160258413
99cd56ca4ca12f1f,0.17369203917891007
42288d86bd56d80a,0.33294180473064505
a5497f531ca73858,0.2255084922371574
6b8797ea062ce398,0.3391382723767844
1514a9ebdc630056,0.5169289882254872
6a47264adc77dad4,0.37402365322496617
4cbd1cfe1be11280,0.9068128060852348
555f489d111c7db7,0.38496509325830985
d3d1d52e817c754c,0.06308351568198395
80c2b83979b319eb,0.12090653329165364
b601ede8f1d5ecc9,0.08625481921433781
ac4e394f11848f01,0.7829842659164322
a5d564228af285dc,0.3704704595185996
872eaff0cae2acee,0.2521988642284047
ca524fe71b6054b7,0.48024122121496304
092fdb93d96ab75e,0.16497342919662392
b1224feb365fa8bf,0.19989840575179743
b5883c6e74b0ff0b,0.10403850161508804
7aade43a31d09f8a,0.3376635927894134
585ac3a63ccab1a8,0.22511800562675832
e4933222bb492af7,0.6270962279879129
d4fff28089f09f7a,0.8050085964363863
1faffaa35ce84d77,0.6792203292695634
27afb6fd6aac442b,0.01426279045535063
847a053fb85c500b,0.2273119203917891
9ad6971bd0ebf223,0.36602948838178595
a14e1a04f336c6c8,0.14490127123059288
50698da7b2db2350,0.4354480566843806
15655e2cf84c9cb7,0.794899708242159
ef796da1e5967ff4,0.8752831614046055
9331c7e2dd294fef,0.5595136500989892
b7796a59af546a3e,0.38130457434614984
d9279cd811aae7c0,0.40232494529540475
df81c08c47af6c59,0.795519693654267
1b9dcbf8b65b1a52,0.6316023236428051
dd377f760a65ba2e,0.8071944357611753
995b4a4b97e53e5d,0.5464546212358028
13b533f79e5a5caf,0.8161383765760133
d4c903b8efe43c13,0.9560792435135981
4fb9e1bf5a2f571f,0.7389468062936334
ed595c03e7747694,0.16709362300718975
73e9645c3d48fbb5,0.012475773679274774
a4b5405b00736981,0.9035096905282901
2a653776755ba7b8,0.08570829425862249
158fa97bf999e010,0.4291278524538919
a95d0a261a3bb142,0.47984057517974366
ea46e88a59d4fe5f,0.08194566010211524
6496d7761a0c6190,0.317868865270397
6f4ba984b6dc3289,0.460718714181515
5afad3e6c2fda712,0.4136524434719183
02effb9a084a466f,0.42855684067937894
f43a5e53fd455d87,0.9312962384078358
49bcb75b2ef9551f,0.0772975929978118
b21c8167caedde33,0.007151714077315827
15d2bbcb8c316442,0.2085737730540794
523bc8b194fc69ce,0.22374387829530062
d7b8e5c99743aab4,0.5490371991247265
3ad43bd42075bb8b,0.8960344378451599
812b9840da2dccbb,0.9153899656142545
e70b5a521c308e83,0.7549895800771074
3c45ba8ca9f6f412,0.10218297384599354
7f616f8d83b3eb18,0.3831061790142753
26c592e1845bb489,0.31718193185370425
68d37c0a802b47e7,0.8436120662707096
d8934f60893849d4,0.33273601125351676
2a3dc482e2f9765b,0.4027839428988226
016da23592d81da0,0.12472647702407004
4fdfd4d0c0f506a0,0.7841223819943732
729fc49d981fa3bd,0.3846048244242992
15deccf643c21df1,0.5035159424820257
7daf2f242a027468,0.1269977597165781
d51a0a86350f7add,0.03903615713243722
52fa3a33f632aec0,0.6692065228717308
bb4d95ad5da1ac87,0.3916015421485881
cd23dbd0e165834e,0.07290767948317181
ba39191a07cf9e7f,0.5450411586954257
9ba5cac296310d3a,0.9074492028758987
d322c51efb437d17,0.08247082421590081
3af739b2f776287d,0.7781905803897051
85804c2e9c6d680a,0.09236610399083048
cb0cd20b25649838,0.23237105345420442
12c942ad8a277403,0.4839191934979681
289e502cd91b1547,0.6697720641867251
31c382a7004fe972,0.2987556007085548
d169a1c279a46015,0.9154876523913722
f9b4abfb6291393e,0.5804535271438991
6717d92d92048fbb,0.4240765343336459
469f41c8da1eeb41,0.5724494633739711
769314bb014d1235,0.6667320516828176
ff2e280d521989fe,0.28092867562780033
1d52653d4f3c35fc,0.0788222882150672
4c0ebdf6c9dd9fb9,0.1798809523809524
8e182e2e4650cebd,0.7305905491299365
f55714d17852a183,0.19845446493695945
f2e291daed34f717,0.7805845576742733
2fedf01adbad6180,0.1250127644055434
7079029a20553569,0.6263324476398874
7214daf28cec2f25,0.44714494112743564
3037ee52ce757f35,0.08641294154423257
301594a1fbd58308,0.49199489423778264
971dbbb99046d9fb,0.7964725956027925
c7647059905f4dd4,0.17816374908825677
796f7cb75fc0eb55,0.8929886943836616
bcf00da3386bb946,0.8060792435135979
9fde66ee9b59f95d,0.04563118682921746
752d3e65ebd63369,0.2582614358653746
1a6bbae0cb804476,0.4133231739085131
03cac4272e7b8e63,0.8798595915390226
055fecf2717f29a3,0.6115093258309887
a2aa85d0e1bc4e6b,0.4389837970199021
ef9db57cac44e529,0.5113233302073564
8c91442db55d9d64,0.6368245284984891
7cfa3fef2d1a1dfe,0.14747447118891321
56ede8d9842e0590,0.16740153172866523
fc74e63ad196960c,0.7533031155569448
342867ccf7337815,0.1290470980514744
866f7ea3c4be20e6,0.5472449723872043
f45494a74c712731,0.6360076065437115
414228464c8b74af,0.7204446702094405
e4a3f7a35452e28c,0.5510255809107012
c1eccbf012d9a361,0.18792200687714913
a715e394b41f3a16,0.2418552672710222
26a24b8218ee00b6,0.8846746379076793
db4b58e70acde06b,0.18155725747629467
deaf015c1e137149,0.06419219547775347
9d4fbfbf523a0472,0.984265655934146
ff7e2911a22e8008,0.7982343440658539
30449ce55b14d344,0.10545717411691154
b930073e02948360,0.6278110346983432
9326674b4c828c15,0.5446837553402104
a9b474db35164846,0.563193706366573
9183d88dcf308c8d,0.21993878295300615
47c8c6f64cdc0a43,0.4380598103574034
2ee4722095033329,0.5613282796707304
cb8a02ecca44027a,0.10242393456288422
1925e9dc63237314,0.5954199228925705
dd36f08b99fcfa16,0.8456296238407836
9bbd43f6f760c243,0.7347551318120245
a766359aef66a25f,0.6060409502969678
4d10a4698fff400a,0.5585677815984162
44a6285639d7fcc7,0.6665708033760549
a64ce0de598f4714,0.6706580181306658
8c887a6a554fcff6,0.0058698030634573295
ef3f3402f7530e37,0.002378347400229238
e9cf43bab751f410,0.02807491924559758
1245634a78a3136a,0.16728795456913617
7c5ed75e73c20133,0.3186000833593831
ff7628423503cb61,0.11046472856100867
55df3baf4cb22442,0.12325231843284358
20497b1ff5df51bd,0.7327537251224341
fe1c1e2e166d6943,0.4510201104511826
0a6a2ebc3b004ba8,0.42614541002396583
ba16bc573e1d9a6e,0.5881090444930708
41ae92fc5f37cdc1,0.2396840158382828
ae05071f58d92774,0.2833802229863499
a8d4083bb2383da5,0.843939772845681
92cf17c3d59c9b61,0.02620949254975513
f591caedceef4268,0.21287094925497552
e3d006785a8a409d,0.5860206314473273
dcbc913499301796,0.13109852037094927
b630e1af9fc1f3b9,0.8129881733875168
7d6a1e459131bf25,0.9244355006772951
5f891649affd8c18,0.39098468271334785
7dc102adb7ad6667,0.4841765655934146
1b8c16064d0dc4d7,0.3507861831822445
8e5286a9c7d73ad0,0.1507671668229655
147e554cda420ba2,0.1716234239866625
18517e2df9cc10ea,0.41609513389600916
54ca2e9aaea55320,0.9836474940085443
a923278148853286,0.6936433260393873
cfb35f11977c3be6,0.41020396999062203
aef8a4667274a47a,0.0671345212045431
2c51172cc4d5eba0,0.2813384390955507
494446d84318c9ee,0.4330616338439095
aa652d97612fe50e,0.030417578409919765
baecb9e5cd4b2907,0.8488410440762738
c29488c64d211da8,0.297672449723872
28746b4c4b26d721,0.03898978847556528
8a45d03fa3989bff,0.2600218818380744
462b3e544fe612a2,0.603561790142753
359614f152fbbc2d,0.3197465353756382
5e953db789137f0e,0.6558687610711681
2a99aaa9555b3dab,0.47851802646660413
aa37a77bc447fc0a,0.9471371261852661
8c0d7f3ade155e48,0.09781884964051264
45b05dd1071039ab,0.9838960091695321
7e037c271c23576a,0.23237626341565076
9adb38d0576dec06,0.5695636657288736
532c84dea557da7a,0.584161977701365
6c302b9662d3b5c1,0.2883338543294779
666231af023e8fd6,0.25009117432531003
9c06ef2fdb037a79,0.6394889027821193
65230a28464587f9,0.2916275919558195
b3ea4baf43182919,0.5538532874856726
c1f297271ef8cab3,0.2295498593310409
7c58e1fb77913d4c,0.9386764092945712
00ece1c11b40f8ce,0.04741351463999167
a820b5633583bac7,0.84432687298114
b4e9165d8e2aebad,0.20444800458476609
85f20d358a8d6ce8,0.5043688131707826
148fdf734e431091,0.32408669375846616
67708062cc529759,0.5637141815150568
d764e50c36756862,0.927882150672085
dc093657cc4bfbc2,0.4985912264249245
08c0597e111a2388,0.5724528498489111
58fc68c0720d8cbe,0.373236949046577
387b7309eb20b505,0.671498645410024
cca31a05a820ea88,0.8478623528185891
be7e5b7b5839a348,0.7458632906116495
ef7aa159ba83917c,0.5735034385745545
3dbaccedf2355696,0.26916901114931746
3774263bf5c9a393,0.3652792539335209
e830f76f4667709e,0.5641815150567886
c96965b10fe9e8ba,0.1687472647702407
aea0b2d75bb410f5,0.6352912368448475
892d778bace3f693,0.5523262477857664
f46440975132762e,0.9253503699072627
6084fc419fc10f1d,0.9204345107846204
c6fb1852daad742d,0.21377513806397833
2bd09ffffa247f82,0.17597165780973223
5ded576ceda86075,0.4758346358236949
c066afacb3fe3a52,0.6020800771074294
21e99c194e94917b,0.03771725539231009
7f4eef61767e4c67,0.06549468583932479
dd19efa057bdb4b9,0.13369021569240389
2b309ca794e9b11f,0.955532979055955
8428fd508cf86cb1,0.6083815254767114
bd059d7efcd14494,0.8857973845993539
7fcd9aa10e5ab5aa,0.3126216525997707
9398c438c5fe8b90,0.15412394498280713
7401e49aee3edc69,0.6662238199437325
0520f17da71602b5,0.3011266541627592
efeb31befebbeedb,0.14479576951130563
df3fd48fd3b3331d,0.5637264249244556
14e14e2218536077,0.6127638845472543
1f92d25274d4f038,0.3799275815358966
7170ea34f6161e69,0.5551917265812233
04b0152464b775d6,0.4888407835782015
7653ee403f88ff26,0.4391976659372721
ee84092d5d680f67,0.9743542252787332
c41b6329fa5e7012,0.04136865687193914
1514f652f00c3b36,0.1700437636761488
0c6d11c69bcc6f46,0.4328915286026883
382f75d2edb9f457,0.9018133270813797
ab482dbf08ad90d2,0.5506580181306658
5ecd94cb7901e72e,0.10960143794935918
176da975d008461e,0.6835847139731167
882d984b9b9d8fb6,0.31573121808898613
efecedca199bc74e,0.6690460560591852
5f185fd802f0c00c,0.5478975200583516
b7be75c69ddcfdc9,0.012449463373971034
4da0a9696b2e9612,0.3719177868083776
755bd669f9bccb8e,0.42353105137021985
dc744a1038657389,0.49256382202771687
f5565f23a877bd69,0.7824335729915598
45485cf629983a40,0.9058364593102011
9d8248668d721756,0.49000807544024166
7e637102a104b616,0.13250494946337396
b9095cbbb40751d4,0.9338811607794102
b6f5bc351054c7df,0.48626159216421794
d08fe94fcb0dabad,0.1465411065958112
edb4aa5de0832a92,0.32278785036990726
b142c9c1185e5f66,0.33468844430551214
1473309b954d71f3,0.800598364072106
b604a5e504b627c0,0.971948004584766
d5d6a72d9d2c827c,0.0496621340002084
aac5a801e8926a83,0.3624489423778264
45b600cd20830ac1,0.7735836719808273
8b6f8e193f28c495,0.35445451703657394
9cbdc55a60ad3994,0.1418370324059602
59cc8f62d55aab98,0.018374752526831302
42f81ab5abcba09f,0.4870524643117641
758524a5d6a74122,0.7452091799520684
0acada29c4de07eb,0.4693234865061998
6bf56d0ceb2c1ab7,0.22144628529748883
03b29070bb68828a,0.1276497863915807
2f553bd8ba413efa,0.056356934458685004
c3ea0fbb29a15317,0.3801883401062832
797edeb1c8a9c95a,0.48055538189017405
beb71749be71fd3b,0.5200234448265083
c660714dc6059849,0.40447457538814213
549961b37bef9764,0.0704253933520892
dfac78eae9821675,0.09295951859956236
588c204b822eb2c2,0.6791304574346151
e96e43deab9b69f6,0.8241997499218505
9c9a726ae65647b0,0.09832265291236844
58f635ddafc61c78,0.9635891424403459
d40624f11c720afd,0.8412863394810879
73575ac328053efd,0.5596853183286443
809a4127b076294c,0.9461594769198708
d476e643d990be24,0.18952250703344797
4d04534027759be4,0.4021282692508076
72c2c7664c8294e1,0.8175080754402417
d3bea4fa475618cf,0.7005426174846306
7af7100957117fae,0.2898621965197457
bfeae03c16252052,0.2532069917682609
dab19b0b61104952,0.8276930290715849
8b72f86a4e6a970d,0.7228058247368969
c775b6de816c5092,0.7132645618422424
0de6dca19e114646,0.38015447535688235
0ee2b0fc31b7cbb6,0.09014457643013442
3363b132efc51b9f,0.964415442325727
ee924a0428a40a76,0.17657757632593518
ac3726dc72e71ad0,0.4750197978534959
374584473bf4cec4,0.4441520787746171
e6b8e496d903523d,0.5727227258518287
8fe009970d6cbeca,0.35551787016776076
b03e574c8770e9d1,0.16211003438574553
27905f95e6931f22,0.4051961550484527
8099a0f72ee1a1b1,0.31240387621131605
5fbbd8a6f4ba3669,0.13738225487131397
24033a02989369f5,0.7856551526518702
223faad452bc6598,0.7413087423153069
c5c13adedfefc67d,0.4713556319683234
ec24ebbbc53f73ce,0.05772116286339481
3a3e4d31cbad45e5,0.17458502657080338
79763f9ebecaea1d,0.7257645618422424
46806e41926c192e,0.6750750234448264
a5cfdf6746ec5cbf,0.8726802646660414
0ddbe3ef0aed551c,0.22353235386058146
b641fe7061b46442,0.03947301239970825
be98835c447eea49,0.951856830259456
98aa4160c7876f0e,0.9364561842242367
0753638b45dfacf0,0.7299682192351775
e938301ba66e78e1,0.5827758674585808
64b695db5b68b91c,0.4525630405335001
2797a5b06b8c68ee,0.34850369907262685
aee53ec38b7eb6f0,0.5971530165676775
d59b57f46a383c1f,0.4242380431384808
8c3a505dd927009e,0.29145878920495993
436e01defb530baa,0.05089897884755652
2f54c0acfcbfd646,0.7756343128060853
20f15dad96dc92a0,0.2766012816505158
8a16a230e343a296,0.4262842554965093
fc511072e8631203,0.6112313743878295
5d976c71ca9049f3,0.6040744503490676
b207e579713d5841,0.9949781181619255
ac03eddc2e2fd2ca,0.5946001354589976
6b1e6ff0118fe59b,0.8455702302802959
2cc92c1f6bdd93d0,0.5717471605710117
f651266acfce6c0d,0.2930788267166823
c3b49d19c43acd64,0.13964103365635094
05a27ebb8a82cea7,0.9717114723351046
f32c511446a68874,0.13249505053662602
108d6b400d52aa73,0.6663902782119413
7e3cd0895bbfcd9e,0.7689725956027926
2245ed07ee31662f,0.6466002396582265
c81aede118be0e5a,0.43584219026779203
d664a113973613cf,0.480696311347296
2899dbe3769e8b1c,0.5097236115452746
164d8c33239c5511,0.5746165468375534
e753bb93c30cfba0,0.8653258830884651
4493eab669361ba7,0.33568849640512666
4e55ed26dc79c3e0,0.3944227362717515
1d2f7db4504f10b9,0.09990674169011149
9749ddc8b2a3a385,0.11707538814212776
9aab93db4ffdba7e,0.8957020423048869
88558205521546f1,0.3718086381160779
02a8e05f667b2fa4,0.2523377097009482
f95b0bb67413dff1,0.47794649369594666
b821f8fa7a26d286,0.1728584453475044
bed1456aa64d60fb,0.756652078774617
685b1294dc5f8cbe,0.7949674377409607
79a0510c936f5eb5,0.8421121183703241
07f28f119366b484,0.16135224549338334
949af0edccb8d159,0.768448212983224
9965f63ba2d41ed4,0.09660362613316661
f635cdb577ae5471,0.7475101594248201
6419d144df4c87de,0.6973285922684171
bc7f2dd2340df372,0.1153045222465354
cd35e912794bda2e,0.2940499635302699
abf3b6dbce73db98,0.3842695634052308
4eeba8a4c17e4351,0.45413019693654266
f612b9af4ce98bda,0.8410036990726268
d8120911733689b5,0.3566064916119621
723bd2532e39f731,0.5182218401583829
3889ee7a1f5fd62a,0.5187243409398771
66ffb196fbbb4006,0.2716489527977493
53a1c51ae93d0e81,0.5161490569969782
0a4f5ec5f9339110,0.2767416901114932
34416b6b8b600a61,0.20201469209127854
1e0b561b5df0447d,0.6764850995102636
43e848bf56ec0bb2,0.6024867145983119
1ace2be427eaf92b,0.14961029488381783
e24ea459233ec078,0.9704191413983536
e019c487befa7761,0.02230228196311347
7734ddeb14b3d277,0.21239111180577264
1961aba76570acf7,0.39974653537563826
276265c86a0e2a26,0.13775476711472334
4fc5594c301766d5,0.7101961550484527
bfd20f3d76573073,0.45832812337188705
8526753e065f5b50,0.9162545587162656
5c03ad68783d0d61,0.05838986141502552
9c83e80d019e0f5c,0.5532541419193497
4e6019e87ab5ac6c,0.7483262998853808
dbf6023ccc73b0e7,0.15367927477336668
fb35b29ad551c9c9,0.23420808586016462
3ab9a4e335cdfda6,0.3934651453579243
86fa9d51e632ae1d,0.5863043138480776
ab30ffa9ef0220dd,0.9758916849015316
ebfe496544b5a6af,0.7451388454725434
4cb026b93d1e4edd,0.22328019172658123
426a41478cfcfc22,0.3236451495258935
3e16e5f885a5764e,0.28083750130249036
dab52f137b1ba008,0.7493518807960821
a7e545c29eee2bf1,0.3112574241950609
6a50159c50f7f9d0,0.030726789621756796
ded3c69308607da3,0.7544584245076587
921388faeaacbc80,0.9826805251641136
8c90e1ab4a546bcd,0.31831145149525897
31b1827fce88917c,0.06898978847556528
d97cfaa40be224a1,0.132117067833698
b4dae0ea6d15a25f,0.36580598103574036
ffb033e54895ee3d,0.8319417526310304
2b625e5d9c22b0cc,0.3713814212774825
87605745817d0ffd,0.05205402730019798
9717417666a66daa,0.3634557674273211
3267d4ecd26e96f1,0.23011409815567369
3399800c4f113d8d,0.6971709909346671
f457366f48f27702,0.24351750547045953
5a6c4f9b661a0ab2,0.8076602063144733
76628bf9d8b6b0e6,0.9936131082629989
997a5333179da7c1,0.17456601021152446
044dbb2023ecc53f,0.9617706053975199
737497734f709843,0.8773009794727519
fc7d05c3ca74b0fe,0.2848080129207044
f5b74bbaa8085255,0.3585169844743149
c1d1e5c41f539d03,0.6752169948942377
86f9c72ffb536f2d,0.9847395019276859
95b9d46eff640109,0.34633687610711683
3aff516939a3de92,0.2646923517765969
23c1d6b14d960725,0.036109461289986454
0b0950c974175a86,0.3691268104616026
e94d8ce0ed816caf,0.2808929873918933
037bc4751346a482,0.7494612899864541
d43c5617c5e69df5,0.9802026675002604
82c6f27cdcf850e2,0.8635513702198604
7652727437cf5e6b,0.15830259456080023
86f089e7c7ae0d75,0.7934779097634678
b9d7751ccd00d9c9,0.8889197144941128
0a079836e9e1ac2f,0.5288561529644681
90461cd0e33baa56,0.6845482963426068
825b16c4984f4382,0.6043208815254767
9054cbcd60dd433c,0.333711837032406
770e4ea8a1273a1c,0.6875685109930187
518ad8ed2ff052f7,0.4678988225487131
f12c4df4f05fb6c3,0.22610737730540795
95a9d1c987aae5f2,0.7967901427529437
1d60b64e1441c91d,0.4561743253099927
84ed70c1cda568a6,0.427532301760967
3d6e8f3a5d06c7a4,0.32895279774929664
eb1779538632b044,0.21838777743044702
bcf84068bc4b5615,0.33028081692195477
3dceaab87e5bd6cb,0.6373538605814317
c86b418e43874d34,0.46823903303115555
95397751cf365c4c,0.6188259351880796
e80b64dbd916f780,0.32687767010524127
d2a231ba481924eb,0.5641919349796811
e86aab1a495bc94e,0.07649577993122851
4c088c5147f6cc2a,0.5048379701990205
746c9771aa5c751d,0.41518052516411375
90005adf46be6af1,0.0906207669063249
78338f5a63e742f5,0.659995832030843
9c3f2d29681d0d34,0.7764361258726684
f93fd851b68279a6,0.9241041471293112
afed2c838b247303,0.8300896113368761
995d752a3bf1fbb2,0.581541106595811
33609320e5c7578f,0.1572733666770866
1ecda15121ffa27d,0.08084088777743045
47b2accb2f516cd3,0.8271178493279149
5571f2482997d163,0.8351943315619463
32897e94a9feeb0f,0.9280921121183703
3d5fedc7f245d35f,0.40264848390121916
1b4707947519036f,0.5398249452954047
3cee4d33cd4686de,0.5161253516723976
155f6d74191258a2,0.5592046993852245
3ae6a0b3d379dce4,0.32519667604459734
dab9de12664f7b0b,0.30915364176305093
cc73e04980d2167e,0.433159841617172
be7f0f5d2c65bf06,0.6188123892883193
dea114b428048ebf,0.03476216525997708
deece306851a2a78,0.396010472022507
d1ce358b8f732eb4,0.2788327081379598
e025d916d395fc1e,0.6301200896113368
f50d9be3d733fdc9,0.3082155882046473
a6c0d8fd193f76fe,0.4967680004167969
569e045332c790a0,0.6396506720850266
977114ec6d208ff4,0.08463217672189226
17faede0e698eb93,0.3599468583932479
0610c3287750d822,0.5418146295717412
58e6e26dd56a60a1,0.061934719183078045
bc263b5b32d9ae07,0.23261279566531207
8894323cc5f185da,0.08163149942690423
e8229221a1595393,0.23903954360737734
63c589b1e27997d2,0.789675158903824
fe21e0f0344dfca8,0.7182528394289882
7e0194535136acfe,0.26421121183703244
cc859709caaa52f9,0.02933468792330936
56e7153dc35c0573,0.2016348859018443
c76e1ab42940cee5,0.4739374283630301
2ed46ca4b8d10516,0.4615588204647285
ae2f86a0a6c3b696,0.5808171824528499
a05d11d463a21a32,0.2160755965405856
89e7dc0647f4db8e,0.583000677294988
80934ce845013628,0.4629566531207669
f66422247e89d830,0.5888931436907366
b0a301739cfa2228,0.14705090132333018
42b93c5a8b628ba5,0.20338360946128997
f74f1673a45ce9b3,0.6581926643742835
2b76aa4b82e23768,0.38580077107429406
0d6190a27ee0d6ad,0.6865226112326769
7492fbffda1eb950,0.37441283734500364
35355c2d5692cdbb,0.7797191830780452
de976dafed9c0fc3,0.7500130249036158
e2601be919261723,0.061270709596748976
f56a91dde5defb60,0.29444696259247677
1a9c207021895aad,0.8773882463269773
86ec8e715d2efa2f,0.4930639783265604
7762b73652848f92,0.5667484630613733
ccd34b74bb18d71e,0.7206400437636762
eb6c259855aee52d,0.7411907366885486
7bfe956eabaf5f10,0.48115452745649684
38c6063d22fa4f9e,0.793829582161092
46b7352aa3c8a1ba,0.47970720016671875
049fa3f6cc3a62a7,0.8709726998020215
5f77b44deef47d28,0.18075283942898823
27462f3d6cf43575,0.4156916223819944
ca854373b937b419,0.8235445972699801
1f6eb5f2da254111,0.6987978013962697
9262bb44aa7937b7,0.4170290194852557
d81678051b65ebc4,0.5106884964051266
0edc1ad07f4aa86e,0.8081035740335522
a8e836b90034f123,0.21515942482025635
c729d0e49b2411cc,0.9937548192143377
db925a43365c86f3,0.47895331874544134
1cda28c15e8e4170,0.6880113577159528
ef5a97a20c5118bb,0.9218633427112639
4b990b98ec734989,0.7688939251849536
a96f328dda3bc98f,0.5430056267583621
b467b21cee5c9a57,0.1543086381160779
8c1694e84b06dad7,0.2717583619881213
7b038881fb7ec965,0.6610297488798583
60e46ceca8ca6531,0.38771152443471923
be2e51dc6bf61727,0.7925518391163905
f1063bee63d2cbd4,0.30736297801396273
1a3d53e660017625,0.30770162550797125
6db1dc15ad1e28e3,0.8837428363030113
34f0bfc533c2a23c,0.5368453683442742
76e738496305310c,0.2748150463686569
a76e95f0a09b03d4,0.04290663749088257
6a0d13d3e413c0e5,0.1074346149838491
e002702b095c4d9b,0.5502756069605085
435eb85f778a69f5,0.07691570282379911
5584a339491f1a03,0.7651495258935084
9a06cac14b623965,0.48402391372303843
b199a982f9480beb,0.882049077836824
e32add368c6de44a,0.2579295613212462
34824decbc66688c,0.35645774721267065
070711d7fd9b7ea3,0.6342495050536627
a1656b509ebf749c,0.9714004376367615
ee96df140d42129a,0.9692609669688443
09fb51e0fded24ab,0.3406053975200583
77e04872ab10bf20,0.6728196311347296
6b34ce0940c8c237,0.856319683234344
8b94f16483f351e9,0.6525828383869959
a7d4f13860590306,0.05496014379493592
66537bdf81c41f46,0.9354519641554653
3014fd36c07b8950,0.6483419297697197
789380ce86c031af,0.8094618109825986
dbaee9defc780591,0.6221866208190059
bad0375f198257db,0.1012876419714494
a7b766569c6f66fe,0.350568667291862
efd3fc92b86b90cb,0.5926755757007398
3ca6e7825d948c12,0.5923111388975721
5c73fed8f1d584c0,0.42896113368761063
cb7f45c4ee30e84d,0.5967570594977598
aac70ac68209f1cb,0.7166869855163072
fb253a15132c7c36,0.6197817026154007
4f1ad3d1864799f9,0.8659682713347922
06cc890b7c3abdd8,0.1865470980514744
48f5b50b05af6685,0.09621574450349066
8abc163b25fe8f16,0.10242367406481193
5220ee550d303425,0.71573278107742
8f7e85307eb35706,0.5039139835365218
dec525eaa4588cc8,0.7125302177763884
8a7aa7c3acead22b,0.6167403876211316
0618f0627df67711,0.6550466291549443
5d9929a965640bc0,0.4755340210482442
b45f8124eea44b5f,0.11468636032093363
32e371f83b148fb6,0.9094842138168179
83b9c322c9febec6,0.3984086172762321
8bb4d82df107f45e,0.5783526101906846
cc28d0d6ace393b0,0.35978274460769
29c17f03906ad1f0,0.4132570073981452
b10cf30c243ed8c4,0.8560120350109408
85c180d755530692,0.2172165780973221
e9478d4c11f48523,0.030805720537668023
329d63bfe65d67f5,0.30184771282692513
4e7c7fbcb6fde9af,0.02618578722517453
1f2d4ca7586d9ef4,0.1947712826925081
04ff2418e503eb55,0.7792398666249869
5807d02f74d22963,0.5812438782953007
23aa15ff2408a5ed,0.2331827654475357
5c3fe62807fba6c3,0.3367940502240283
c97a3c1357c537a3,0.6938887152235074
bde91246f16123d6,0.10613889757215798
dfcf3493677dd9ae,0.017810513702198605
4a0cb390212d6320,0.6665908617276233
dd48f98a0e7c2640,0.33911951651557776
21669e26853a5beb,0.686999322705012
c4c279dadffc28bf,0.7866932374700426
27f99b00db0702b4,0.17353183286443682
823a471435809e0c,0.9308671980827342
36d9872df73f0208,0.5639327393977285
69b691bd3b11f565,0.5553451599458165
051aab7c376493bc,0.006270188600604354
897a042cdd939f4a,0.903096801083672
16e574aceb37758f,0.9274056996978224
7acdad670c7e177e,0.6739918724601438
af7211a4b66028fa,0.2914913514639991
3b768875237c8195,0.6911381160779411
a9e4e55b286f1971,0.6726005522559133
1e42f2e9ad67815d,0.2732093362509117
0d527f8f008f8efe,0.06243461498384912
4c2ccade1925c5d7,0.4694349796811504
b3a98dacc0702405,0.1967104303428155
9b8e0f7bf05d953d,0.08855032822757111
7968527b42656286,0.20101437949359174
caf14438584b43fa,0.0805879441492133
31e140000e0bf36b,0.3587084505574659
336acc52a893cf2f,0.42255366260289673
bce6e39fc4407c93,0.08366624986975096
d5e58bdbf23f01f5,0.058711316036261334
1ff7a8ec347ef2c7,0.3051008127539856
ce432d29b214887d,0.17686594769198707
44e820df9233e162,0.5977446076899031
fd036d6641276c78,0.4929939043451078
45c36909115a7b3d,0.71804704595186
0c18ad3d4c7f25b8,0.7667536730228197
4502d8fecdca43ef,0.7830678857976452
9bf5cf3ace55851d,0.4774512868604772
0e04a1cc15af0b5c,0.014781442117328333
86bc772734133e12,0.648594873397937
76fda8694024d3e9,0.6300781494216943
d244839566b6672e,0.5663110867979577
e165495e76c8691b,0.5296803688652705
18e8d9f4f0ed1ffc,0.3875143273939773
c198ddc9a1a0f0a3,0.15205194331561947
4f15b2cd5370863e,0.38370766906324894
5b71a33a75b4b41a,0.9711805772637282
85211a41d91dfa68,0.6463241117015734
31c3ad8e554acb99,0.4954365947691987
f05e3b467a207ea7,0.0011758882984265915
20eea1cacbacd917,0.8557669063248932
338ac2331272bb7c,0.2831759924976555
e6740f272d44da83,0.8482260081275399
9368ba44560c50d9,0.3793623007189747
18e4039723086124,0.4649098676669793
c935d65cb1c5cfc1,0.25453631343128064
dd819f141dcc8319,0.09322288215067209
90488975d041fada,0.35402938418255714
a5aa463adede1f1b,0.5935542356986558
872ac9ef6cc6a618,0.17050640825257893
ae4040a11f651b1b,0.4190679378972596
468c82067304eb0a,0.7485961758882984
cb460a2bc70974da,0.1486891737001146
366ae30bce6f5b98,0.36336224861936023
7638518d282a3163,0.8120652287173074
633878cd7103f469,0.4030467854537876
73b8cda0da8e3c6c,0.5084182557049077
b24a01610939d7fc,0.04281624465978952
99024e3163df7833,0.9345245910180264
f67fd1bdae4a88b9,0.43797150151088876
bed6a87757540498,0.26095785141189953
97afe9a3ddc497f7,0.4031418672501823
dd9f348a3e019188,0.493351307700323
34946df4f3dcb0b6,0.623354694175263
9444819c9eb0c9d9,0.7575739814525373
fb4483e1ad010ba7,0.023015265187037615
00c68b30c299654d,0.3780892466395749
72515cd3d8b3aa9a,0.7314241429613422
908510f96be347b0,0.7711146712514327
99a21c81b1b48573,0.38674221110763773
22f68a423b09a5d9,0.04976398874648327
e7f04cb37080c9fa,0.02064942169427946
dc02fa202a12aa6d,0.2425200583515682
10d0b7f586529eff,0.12170157340835677
ffd7b011eb85f998,0.5313032718557882
e621dd32e1b264df,0.22259872876940712
4af1a1f24964fe8a,0.2560367823278108
811ce0830dbadcca,0.07255157861831822
19f0e848aacfeb93,0.6439567052203814
8d3f02ada61029a5,0.7436446285297489
1e2a07a17f935db5,0.1563165572574763
32328db851b10b18,0.29216083150984684
9ee145457cc792ea,0.9265022923830364
ad8df560233793e0,0.1807064707721163
d22762aa0ca69d56,0.5246970407418985
f8355291593dca46,0.740952380952381
0c612654e51e01fc,0.12110894029384184
ae7e23426e25bea2,0.12332108992393456
e009b5beb1619a81,0.7825562675836197
520faa13a8c7065c,0.9075523601125353
b5f1a39aded71e0d,0.09100161508804835
de6cb6bc5b8d1640,0.5100627800354276
d51fb6ba7bb6913b,0.8484646243617797
a1375923af03ec27,0.7297757111597374
8c4b7d8e2bf037d3,0.3467461185787225
681405cfbc0dd97d,0.4342898822548713
992164c7365bc333,0.7343187975408982
4814a10f30ed6822,0.6153956965718455
f125562b955f34ac,0.33046889653016565
8665c174c23e0232,0.26662654996353025
c03010cc5ef028ec,0.9361469730123997
d2cbd396091301dd,0.13488772533083254
c5b700f429ada2a9,0.5181838074398248
07d97ad7c5757563,0.2955335000520996
abe88bd25b74cec2,0.920494946337397
b5242ec51fa10803,0.22302308012920702
504c204a4b07adc1,0.2638298426591643
eb3e885ca8381431,0.44508075440241746
88019e77a7570235,0.7015580389705116
4f5b5ab494b7fa3c,0.6526776596853183
ff857c8685376696,0.6677427842033969
c97ffff5899cdd5b,0.8948142648744399
06d8545946fb794f,0.8214249244555591
86a18a847664c8db,0.4648918932999896
236b7caf60e83702,0.2868227050119829
b7362d1c5e6ea485,0.40623866833385425
75a194abbc3951a6,0.7144058038970512
0739352b03f43601,0.4960948733979369
d5fb0ad6dfbebd36,0.06129701990205272
ab3267950cbf32e4,0.5930137021986037
061b96409f1ecea5,0.2461154527456497
77507cbfe35570ee,0.04723637595081797
a36af5b550eaa873,0.647026675002605
9ea7c406af2ba7ab,0.74554704595186
f67f1e53508bf00a,0.9349499843701157
c1e4dc287c41d581,0.1940207877461707
a53a53e86b02f37d,0.363575075544441
608291782c527827,0.39515004688965305
d0ad07399c84455b,0.6134901531728665
fc8986567718f61a,0.9331494216942795
5dc1fc6a5d643435,0.7346616130040637
5c05741c61417dc3,0.5201047202250704
d702bbe78e1fa189,0.12039361258726684
e781540ac8518204,0.1884659268521413
7dfe0b8686f2f32d,0.6845347504428467
150a93d31aae72a3,0.33644732728977805
6eef12e9a09066d4,0.9093167135563196
636152d21bd16667,0.8233182244451391
c7f6af439da950c2,0.11485281858914242
27acdee466fcf485,0.9815181827654476
a8804fe9eee0fa90,0.053372408044180475
6192ee4938021f38,0.8849124726477025
fc02f9550afeac41,0.034094769198707936
7c9ba87d30178a3e,0.9384784307596123
a17444b2e1cdd78a,0.6850187558612066
83df6fde56cebe4a,0.32350812753985625
b35110acb0de3b77,0.7843706366572887
9fc1dd40acc8bff1,0.8944472230905491
0c521eb5fabcd49d,0.3940892987391894
e081802079fcf55a,0.833920756486402
12aedbe868f79776,0.015521256642700845
be8a2586f0738799,0.6384888506825049
077d63174223dbbb,0.14845498593310408
bf95a5f9268fccfc,0.34109331040950297
51ac7bebc69eaad3,0.8281426487443992
823b8b0cbed56665,0.6815731478587058
7b06037a7dc44eab,0.8627391372303844
c3468f13ce305a3e,0.9249450349067417
82906bbb278815e9,0.08425341252474731
26d93d94ea19b1b9,0.3598361467125144
d59469ecf7c3bb29,0.3765809628008753
7db5fdf7d9e7b81b,0.31481504636865687
251dd43cde3297db,0.4382002188183808
cb1945985d64f4de,0.2946050849223716
4eeb92e907af170f,0.3886081587996249
feb8fa429dd67ef4,0.682050640825258
4de67c2419537ea6,0.1330295925810149
538e4f56402af36b,0.8687925914348233
a4cf878441380a52,0.8241440033343754
96be7b3de04ff62a,0.5790937272064186
39c3d3887c8c1a94,0.3935745545482964
1921999c1eb2c5c0,0.7641083150984682
d57e9b30000ad4ad,0.6118357299155985
7c4dea060b3cac3b,0.8650346462436179
b72576d562bd56cf,0.7936375950817963
e1b21c89aa287e10,0.25962097530478273
ea91d426f07b035a,0.2987654996353027
e3fe0ea3b0e68165,0.2975072939460248
733a4e55740edd52,0.7165991976659372
e3ec47884acfc533,0.9455178701677608
8b4fc284f4d71fb3,0.7422077211628634
ecc8c2db5ddf594a,0.045635354798374494
6a2e9bd8a0f89c66,0.3847077211628634
330cb959caca2412,0.9321834948421381
d9ec4fb651c85ebe,0.32474835886214437
059f9fe46af8bf1c,0.35901688027508594
3a4738e51c5cab59,0.5472566948004585
2defc05f8aab4fc1,0.8546235802855059
5eff676251527676,0.06506616651036784
fbe244ca19447d90,0.4857590913827237
6a795f7ddcc9922b,0.1049575388142128
31e47d59215b37f6,0.41797566948004583
dc507cec24e10ba0,0.7357445034906742
a6bb01f0933df044,0.16683989788475567
8d856f853ce1deca,0.4558028550588725
6da96325a4517519,0.36084609773887677
1154f92cf57d2532,0.042524486818797544
f6f5511b39bec2b4,0.004837709700948213
52b72c128d8d91b3,0.8292909242471607
75e7fc7c7ea0f472,0.5211300406376993
197817ba33606b5a,0.5637475252683131
c1951ebb86cb1446,0.7453021777638846
c4c41b18d788438d,0.7024184641033656
aa26bb9dcc890fe2,0.6810240179222673
c2c4703ee4c876c6,0.8280684067937898
4c5d7e0beffa310b,0.06782171511930811
83c908bdb66cb2b3,0.6661685943524017
f5402da16c14957e,0.3581728665207877
2ab80ba80d56a41d,0.6313220277169949
1c6b71fcf804ee07,0.68847817026154
2f3e4501cfcf6dfb,0.6595561112847764
e6dae542e381015e,0.27627774304470143
eec4124d10360067,0.03675966447848286
9105a2588a4a2770,0.6953076482234032
130f75788d8a46aa,0.4485821089923935
8835b5e539659c18,0.41240439720746064
d219e6e0ab855f68,0.623806397832656
0723230fe86de14f,0.6145985724705637
e81853b0b0f8c271,0.12074919245597582
979af46a1f611253,0.7055751797436698
945f78f066a99193,0.3647788371366052
9fd22540f39891b0,0.24713426070647077
2631c1e94bf99eb0,0.7978245805981036
41d6c34577272404,0.3405658018130666
13285c2b73770aa9,0.3741859435240179
1d2b2b68357f4992,0.08046082108992395
5e3172665089f4f1,0.8378219756173804
9f7be9231e3552f7,0.7319498280712724
6e458ab88b4204e1,0.30627930603313536
10739a7eee3e87cc,0.16259195581952696
a326839f328dce7e,0.9475591330624153
2e706184335e4bfb,0.9092039178910076
e10da35ed5233e23,0.06449281025320412
85df2a159bcafca0,0.6530340210482442
7e459f89aae58555,0.26938991351464
c5733fd52fad180c,0.5485789830155257
d78be06de4424dc7,0.05100057309575909
af782e55eeec3b26,0.8258713660518913
a5428b7d3e5eb0a2,0.35599588413045746
8d920a6bdb004f92,0.9738887152235073
f4be0e405024df8e,0.8424676982390329
d5059f8f88290d5d,0.45660388663123896
e368d0170d51ce4b,0.33290663749088256
d8ddb30bad626df3,0.31782666458268205
d1e892e5a070ad3b,0.14573173908513076
8a30b24e45c8dd56,0.4176568198395332
7616820e7f2f060c,0.09311034698343232
35bf1de33ef37b4e,0.8502831614046056
7fc73341974a9c57,0.8349465978951756
9f5bd41b72cee0ab,0.19961758882984268
44e5daba8a615664,0.795460039595707
6a29aa78116608ee,0.6124538918412004
74c36fa527d5e914,0.20645019276857351
65e5065a97a00477,0.4850002604980723
2bb9d6b7e64b8108,0.07456236323851204
297129de9133a71a,0.21252683130144837
e6233ca37ff20ae1,0.723096801083672
e6c230b1db202085,0.8461461915181828
042447db024700a4,0.08757867041783893
5347f880cf1bb93b,0.4135023965822653
f7f2f5d41652f6cc,0.04594039804105451
71ccebe269774017,0.11520449098676669
5d89474915222841,0.2462647181410858
583b0f485ee37a28,0.18809940606439512
cc5a91f4a1b878cf,0.9601935500677296
636604af09feb6f9,0.08800979472751902
9149bfd2414e1f06,0.6597832656038345
69c71a71af3a6a93,0.20034203396894865
5cab1ef744ae1f07,0.5220897155361051
2c01a13c5bd11b48,0.7272908200479316
3dd5148c39f554e1,0.13931905803897052
e55b6c8712632bca,0.4643813170782536
1e70f997f11d309b,0.27920001041992293
0b5140a69c454fd2,0.1769612899864541
bf3433f1790ded45,0.6198332812337188
848bb9f5e15ea664,0.380624153381265
ddec6d5fb5e1d8e6,0.8534349275815359
483be22ba816efd7,0.1730090132333021
c5e5341d9853e204,0.21814421173283316
21afeb4d02745cb0,0.25794232572678966
214573582fdadc69,0.478788944461811
1584cb670481cd0c,0.8008497447118892
a5b74fec60dff97f,0.9514168490153173
500761048fa68af7,0.602182452849849
17911ade8f9db4a9,0.5696707304365948
0d5e4ec73265e718,0.8989496717724289
9a23b511d19c5b74,0.4559224236740648
b0a68b6e9b5aa0fc,0.5533833489632177
f2408ea825dab651,0.45887985828904865
c46a0253ce15db70,0.6881640095863291
280ee758ffb1d1f5,0.3544787433572991
f120c6f37766ad60,0.31177972283005106
f0bd6e897436f50f,0.397445295404814
d9838a74cd5c15d2,0.025805720537668022
ef4f4beebb23098c,0.6326745337084506
81e1191f9eeac89d,0.4723199958320308
38a4b85540a1d008,0.22411560904449307
583c98e432bf450e,0.6303047827446078
9319566dff410e11,0.604749661352506
967a61a65ca3958f,0.10866260289673856
78d063e4b7ce7f7e,0.32739527977492966
d2f8e62df2e4ba25,0.6074192455975825
810d2f780629077a,0.8290030738772534
3515d882b6639805,0.5838058768365114
11e50493155c9e73,0.964362561217047
4ed708372af004b4,0.8931947483588621
c4e45da34ddf3b44,0.5906897988954882
c8a93dd49c2a92bb,0.8692416901114932
0db19fe44a9a780e,0.07425549650932584
2b3538d47f1c15b4,0.17436125872668545
c3310c72d9734462,0.4681897988954881
14085746773f19af,0.04560305303740752
556db80d967a1693,0.2702698760029176
43fc5ae409f4f500,0.776060227154319
081a87f22c3b38c2,0.8722983744920287
d375cbc133ed4f4e,0.6681468167135564
5ad546feb694ad21,0.38108783994998435
4f93720827de0ed1,0.43247082421590083
3aa17624d6ff3bda,0.15595602792539334
9242e8dc12c52248,0.6102990517870168
6842dfe6284804e1,0.9250971657809732
0d73a6a834744d44,0.4174163801187871
0830204cd861c6bf,0.16256199854121078
66161f0924e78225,0.6857072522663332
496464a4d50db8c5,0.6332752422632073
06324bbe66728955,0.8419487860789832
14f78d4e391911eb,0.09663749088256747
2b82c80f72759096,0.19775085964363864
098ac1d81b9e8c1e,0.8453959570699177
1b76ea6cbf734ce4,0.13565645514223196
0500bc92e5b55537,0.23486740648119203
ac5aed573f280b25,0.28272871730749194
ea03975f1d5baea3,0.2996660414712931
88b17a552fbab232,0.5999663957486715
b8de7af9fcdbf382,0.7726091486922997
1200abef5b424cb7,0.006750807544024174
31b60e9d8cfa862c,0.14728847556528082
893db3bdf6bcd36a,0.667882150672085
ceb6b035da1d3d7a,0.6419889027821195
4ec436f2d7284b90,0.3194516515577785
8aed9038981199a5,0.31890538710013544
0004c2d09b2a5399,0.5583401062832135
5205db0c297b51cf,0.6803561008648535
fa00a8d5645e29e8,0.18486297801396268
e059a125b2f75271,0.8237535167239763
0a245e9039a475ae,0.525164895279775
f6dd2588e26ea334,0.6875481921433781
973b401c5b3a29bc,0.5844735333958528
3c3d0acff02d8d77,0.8399062206939668
29614e0f15db6e61,0.511228508909034
59556138531e1193,0.1753691257684693
6864e194fe467f06,0.4586344691049286
92d1a78a0805f085,0.567894654579556
673c83d5875338f6,0.8533552151714077
97b9da49283296e1,0.07456444722309055
8e266443d27cb222,0.3682137647181411
01740ec6cd7d3fe6,0.8003370845055748
bf22ef3c96b1cf8c,0.09400125039074711
eceff6a46e6bb846,0.27141346254037724
595cd3775c548381,0.23757710742940502
dc88015ad74c395c,0.297441127435657
1d829ac1fba966c2,0.17939303949150776
7af5a547c0ff87df,0.16486714598311972
42082090188c20fe,0.9132484109617589
f7c6df36a4354bbd,0.4044180473064499
fa583dbce17dca3f,0.5256478587058456
31b430017b021b90,0.8629879128894447
7efc9cb13b2def86,0.8918117640929457
d06fda4e5bcfc129,0.984370115661144
72cb2bb85767bcac,0.9141549442534125
50f1226e03b9f878,0.2947900385537147
24eed0e6d7789047,0.5990332916536417
d026da38fc55bfdd,0.290878659997916
47c591c2bae2052d,0.456315515265187
92966f857e0e8aaf,0.2814913514639992
56b22e07fb9e4c9f,0.9623082734187767
95e7a0024d29a8e8,0.7294805668438054
77413f2ce0fc0b0d,0.4478529748879858
169ad5f354082bda,0.437604459726998
cb6a3ddb00bb4caf,0.9221423361467125
c1351ef23bdee19f,0.3125885693445869
23e0eeea647bf809,0.4391330624153381
52cb9f8084c2979d,0.7202636240491821
7f071403034451bd,0.8979735854954674
64c6b8a675d8d210,0.5417104303428155
25bcfd9c6c4bc119,0.441744034594144
68234d071437f6c1,0.1213496405126602
cdba54b09ad0a5e0,0.2772056371782849
8b2a453d25a9793d,0.8440778368240076
379b3cf15b5cd618,0.12789387308533917
04f8b3d8fbcd3c09,0.2697418464103366
8db2aa7a87a0b0b0,0.6184143482338231
09904cf5297e4c52,0.4899505053662603
e5d6021439d46003,0.6087462227779514
87a2e4212129d19c,0.9167750338647495
e218c57596992271,0.5163725643430239
18b98da5b42722da,0.4245014066895905
449920a89db3ac7d,0.7913887152235075
9ce041cdc0639315,0.5887678441179536
722f357fdbd5c880,0.5682481504636866
d468cd43dc6a08bd,0.9720957069917684
9700c7a3ef819ef3,0.8690437115765343
b7f1d881f8c72980,0.16043164530582474
b23236c476c94144,0.930049755131812
18dd1046074e1b37,0.43732103782432014
55f227029ee88bf8,0.27751224340939873
5e3b8e365345db58,0.24274070021881838
d97a5d6269148ed6,0.5501964155465249
ec6dfb974b3c0b88,0.8338183807439825
7ff4153e9bc66bd5,0.7582095967489841
70ade30377aa52d0,0.5863884547254351
e81c74c9a5e64310,0.9028498489111181
27609b892f19ce38,0.1913532874856726
665fe4d9e267c32d,0.8976490048973638
e4efa861a25c36f2,0.8007119412316349
707cf306deb0ca20,0.32164869229967696
53a0fc682407a107,0.7662688861102428
4bd91ec011ba7743,0.04195608002500781
3b7c880189ffdf65,0.607790976346775
c5f1834657b1d9a8,0.7093247889965614
60a043d7036ea402,0.3483823069709284
d69dc65f9a8e3647,0.5249838491195165
c3978282c1335961,0.7552521621340003
248bcc5d97740cb9,0.40698134833802235
ba074101d0551828,0.5748494321142024
f22fd6cc76b9eb99,0.04924090861727623
cad3b5acbccd1a75,0.06285740335521518
4e3d749c5d0d8b99,0.6739064290924246
1024028ec93908ac,0.9944154423257269
db5f96700f81e32e,0.7317065228717307
d00456f5c537affe,0.19112639366468687
ae6c9a4ac1923d77,0.1991690111493175
5c4ef0457f9b795e,0.4013418255704907
a36087b510ed1bbe,0.9122501823486506
9700dc3668cb0d40,0.0016695321454621235
e404394c28efb780,0.4509547254350318
0720a1b755cf55ed,0.6162053245805981
035439e10d353f33,0.31834114827550275
53421be12c0c7d0a,0.7140906012295509
c76422f9c7f1c224,0.09256304053350006
ca75e192477ae30e,0.34595133896009167
480e9e2f5f6eac7f,0.6027938418255706
b1b0c9414a07e81e,0.08240179222673752
e09f31da0edae6b7,0.24279279983328123
9386dbd09f1eea31,0.41921485881004483
4027ad13f744ab47,0.7803178076482236
dd57f9a9617410f2,0.8726503073877253
53816ae08db4500d,0.4300161508804835
d39479f04b318c0d,0.7800148483901219
5223cd189c2850d3,0.363502136084193
8c0a9ec776187a0a,0.1104785349588413
387c460bf9c82eed,0.6735386058143171
1fd31e1faa118ee6,0.17745337084505575
49fba05cb591b00c,0.10397259560279254
bd80ada68eebd0b9,0.36022949880170885
0e3f686f072a8a0c,0.25937246014379495
84925d826d461c4d,0.6642734708763155
a7badd0bb8ead7cc,0.524725695529853
e2c838fd32fbb729,0.29444253412524746
3a6cf220f53b4cb4,0.5564275294362822
9dacb79ad9fcf34d,0.48431983953318747
92aa4c1f7f258a86,0.7417231947483589
c85e22a117db207d,0.1941124830676253
c5acfefdb9e64f54,0.30364905699697825
26015640e05a3378,0.29351255600708553
834b3501453f5c5c,0.551825309992706
42af151534cbcca4,0.3196973012399708
6342222ab4bd07c5,0.913561008648536
cec95d0eb86b553d,0.5164085130770033
b4129a57f4c5c1ca,0.4131744295092217
8b51d76d9c838743,0.3594829113264562
36d6124fdfb6b5fe,0.3836352505991456
2212f9196bf749b0,0.9684323226008127
fe9345df75362fb9,0.5865403251015943
75774ccf0b19e8bd,0.16014848390121914
026c096720d1702d,0.7500573095759091
6aca91fcef83cdf6,0.43330884651453583
8fc4c42ef85eb9e6,0.9784039283109305
1b64496c26985a3d,0.15747707616963635
591d0017ec185df0,0.5933549546733354
028968c773b11f62,0.6155019797853496
3a09eb47d1ba4acc,0.005920079191413984
000019235d24a363,0.6035586641658851
ac5122e50d1ce8c3,0.4894506095654892
7d4feba02220abf7,0.0174434719183078
e59a3b16b4a6d416,0.8232400750234449
84a820be4f12f7cf,0.17187845159945817
2f535756a73607c7,0.9637337188704803
fe5a15197d453416,0.027335625716369695
dfe7a446a8aeb1c9,0.0046350422006877145
0ba28eeeb91393c6,0.3901651557778472
6cbf1767b759c6cd,0.5104798374492029
a6e42b03d097a184,0.7700630405335
da6efa9d56a293d8,0.6490697613837657
20eb958ac40ae3ec,0.1419959362300719
861472b884b8b80b,0.8699439929144523
83313fb5d3e30121,0.22727935813274985
75c00015b88462e9,0.9594188288006669
abad9a6070f32056,0.5531426487443993
dbb0ac574180786c,0.816764613941857
1ff23956ddb48080,0.9476344170053141
1030748990c873e0,0.5325385537147026
3b392b51ebbe98a8,0.88289621756799
9bd3ce96b5220545,0.2910964363863707
e80afbedc991fe85,0.9535844534750442
b892e30bd65f1cf7,0.17675419401896425
45be6aeb64cd6e75,0.29305720537668023
10b2dab220d2112a,0.7819104928623528
397e2c46ae990a0c,0.468209596748984
19d3b02c14e869e0,0.2923627175158904
cd4dc389be000277,0.8312178284880691
fddeaaa21cf9f333,0.42437532562259045
c73cf810b1eec5b7,0.13549208085860162
2d89c6930c494b36,0.6016979264353444
731c1ccc4e036603,0.13024747316869856
a9448f44773fe67d,0.6446978222361154
89d7d09573e87744,0.915527248098364
09a1c2b53c31bc10,0.7367187662811295
6c6319f9764e8514,0.945146660414713
f56bb1ad09aacd4d,0.7414731165989371
a49d99323a265849,0.13117093883505263
3ee9be6434e0e715,0.6100901323330208
875debef7413e1cb,0.44262269459206
a2d775ceeadd24c4,0.8859263311451494
18c8aaea7c834671,0.9660068250494946
df0c46251bada9cd,0.7036055538189018
aab9add2fbc56aa9,0.2818453683442742
a6fc3e9da5c8e555,0.12158929873918933
f637661db81b90bf,0.9570519433156195
33f67c649066e956,0.24217724288840262
86c73cb2d30683cb,0.6638152547671148
b5c00f8557fcf692,0.35388272376784413
a2c9a8f18d345227,0.7699669167448161
5ec5cdcb7ea71186,0.49423569865582995
0f3e463f9177f7f5,0.7577422632072524
4e7f08dff5d4d708,0.6075864853600084
3bf84009bb5fc3d5,0.9007249661352505
51395fde52e82c96,0.7455543398978848
11111626d4279259,0.4124499843701157
ae179d72addf4dc6,0.1972389809315411
e88ef89c0abd640c,0.18816739606126914
c514af589b1c5c49,0.12660128165051576
ff07eef5fb056c81,0.8535310513702199
96fcc4e5d6f59237,0.9825851828696468
28c21a0768568fe3,0.8221050849223716
73627db8491905c4,0.38292799833281244
99467bd1e0347c4f,0.016152964468062938
f68ba1afefa7c356,0.9241770865895593
f2dc825ecdbac412,0.14887074085651766
4aba146c1a03941e,0.2029084609773888
80d5d6de30bce75a,0.5265330311555695
07139bc3c4fbcf8e,0.8874228925705949
e20fe10aec859d4a,0.9661665103678233
7ede37b476b9198b,0.5271214963009273
13f259dd7b600fe1,0.3171438991351464
351f432cde665f41,0.19301813066583307
a0721905432fac03,0.9688389600916952
c64298a4451fa34e,0.5441828175471501
4498869b991b879d,0.7295060956548921
17636075cadd05b7,0.5738314056475982
f1a1bbb6f878a877,0.4485696050849224
0eb6903ad4fa3f90,0.5293542252787329
3188bea8d6f5b35b,0.7050489736375951
c4c409536eb6c51a,0.15878686047723245
d280dab3667294dd,0.6513441700531416
52c6f5f136513403,0.38827472126706264
5090d67fa1877997,0.25503282275711164
16b61b14def64393,0.6143122850890903
baafe2fb18314839,0.11451391059706158
4dd870bba94a4e61,0.41781103469834324
09dc62cfe943169d,0.05439798895488174
c479d440fcf7aa16,0.7473559445660103
8afc03aa50ceaa11,0.8096100343857455
edde45a77638faf8,0.026416588517244974
6d7692d9c32c3019,0.4648658434927581
5732b6767099399b,0.3363053558403668
17d91b5e97f3116f,0.2163452120454309
0d8f39533be9f182,0.8105684067937897
fde5949373183adb,0.9125909138272377
958e0e17661293ac,0.976776336355111
c5216e7c4a482059,0.10832916536417629
903c649790deba31,0.06250599145566323
4a0069fc3386e06c,0.6053628738147339
a8ed067c70e68299,0.8546837553402105
2739c45027efcd82,0.48023444826508277
9cebb6633780881d,0.9447168385953943
61795ee62a8075d9,0.24430707512764405
58f2b934b0d49345,0.7342604459726998
dae79d85843b121b,0.011233458372408044
2a1568df2de08c44,0.64899708242159
ee4fd2a6e3a78dff,0.5454751484839012
b757cce25b9c26a4,0.19924663957486713
66ff45cad74a6679,0.43448707929561314
b0017bdcd541c6d4,0.20954022090236535
a3f277c9b5c91e67,0.33470954464936964
a5cf1cd034f1cbe7,0.8561514014796291
68c1e518bbf4e77b,0.10510680420964885
39bc60ddd2106538,0.601041992289257
6efa72d0df99c34d,0.8120576742732104
ba7209f117ae9238,0.8602310617901426
7c5bee138819f339,0.5911326456184223
0a18482d62e5cb36,0.5895214650411587
8e35efabb244500d,0.22729082004793166
43a9275d59ca040c,0.7536003438574554
481df5704a84657c,0.039578774617067825
4d8d82c65a5b6227,0.437955090132333
f93eec03effd7d38,0.9702474731686985
3ffdcb2a25a0754d,0.6599630092737314
95109279ae9a6a9e,0.7511904761904762
d6ee9c0efd68efce,0.41984500364697297
74c4894e7bd0708d,0.5571863603209336
d33fec8f45769c79,0.5066726581223299
8fa4532d6a6caae1,0.15217958737105344
3dff5467e3be88a2,0.6973515160987809
fc6d9a8363c4609c,0.14666432218401584
c9cec12908a9bfc4,0.3428092112118371
a971fe519809a939,0.4176648952797749
5ef5d379d20d65e1,0.5130038032718558
e3fb799669853199,0.7291591122225696
6f8c415e8466353c,0.4267244972387205
6a84824f0fe20d4b,0.2967419506095655
8cfc43e4b7c26f14,0.269471970407419
de7c6a12dea21dcb,0.7842948317182452
d478e64abc5e2623,0.656890695008857
437101bfe8957347,0.48922032926956344
6e285e3b9740ddd7,0.6654134104407627
c3ad227a535c2fe2,0.9676578618318225
8f43b3a85065f086,0.7649281025320414
90aa3a900822f96a,0.6157718557882672
c9000a6868faa0ce,0.8556887569031988
32a000ae2024ab05,0.12900437636761491
c4605d1a5e5e5f5a,0.7475205793477129
892acb659d8cf3f0,0.32267896217567993
c69855f3bb4ca032,0.0554220068771491
edf73aedf6b35217,0.3145139105970616
8877ec8e52d1ecc5,0.11165364176305095
fa3630178cfa8ffa,0.10602167343961655
9f5f7129d1af2116,0.5574075231843285
5e7e17e9ef20547d,0.7843761071168073
a0bb691eee0adcbc,0.04536573929352923
47aa950ec1d03709,0.3724119516515577
89b3fd466c092666,0.05064733770970095
f58ae0404d156690,0.1993537042825883
766c4ba6be3c0785,0.6351378034802542
eb2e4b71d64f3173,0.8964014796290507
4912ee4332177555,0.7654115869542565
2bef19c70fa1eb95,0.2624588413045743
c6686c6fb6297feb,0.9290791393143691
67508ac580fa166b,0.6875302177763885
ff311f69cd822985,0.28499400854433676
bfff1dc879c76509,0.5325213608419298
3d1fb3f5ce631cd6,0.8705730957590914
cc268338bd6cf9ca,0.673091070126081
d5798960a3e8183a,0.44588152547671145
11d573b74ae9ba82,0.7958262998853809
8c8705f908dede75,0.8824786391580702
ed2bfbed36ac2b84,0.729987496092529
89361517fc2f10d5,0.8459518599562365
1626bf6a9e33402d,0.6559312806085236
549de17e617d4cb1,0.09604746274877567
241acccc8c4c5c98,0.6998530790872148
ea3cd2074cfdd18b,0.004348494321142023
3482477cef332442,0.6175474106491612
4f0e6d903964496b,0.1770688756903199
55f5ac50a1704cc5,0.46361415025528807
2754a911af5ae6ac,0.14389444618109826
f2e293367584282c,0.9378761592164218
2efb3cb92bcc9b98,0.022017036573929352
5896699316dc3ab8,0.3964567052203814
2d0483ceb9c643bb,0.5672022507033447
efc8974e6723a58f,0.3250278732937376
a6a0006f726c94b1,0.9502701365009898
6f5c59612f3c92fc,0.9928110346983433
c78209036cd357a4,0.9741611962071481
db9a3030e417457d,0.08066895904970303
99988b482a1d195f,0.7785104720225071
52e13ab6586efd97,0.8611141502552881
3e8fbcc54eca7fca,0.4053399499843702
5bd1113a10668c30,0.17876602063144734
4bef48512ade85b6,0.27801239970824215
2882464c483cd0f8,0.1678761592164218
079b1ed9350bf75b,0.4939499322705012
7063caa968c586c4,0.2140671564030426
ec19c34addb8624f,0.46324137751380645
8cbafbdb15a9de28,0.2611920391789101
a38115fdbf75c1c5,0.678532874856726
6d8390c7927568de,0.19711394185683026
00981f14236ef71d,0.7702401792226737
12f84fa2b4c572e1,0.094649369594665
ca5bb700586628a5,0.09726555173491716
4a7058a9b89ae975,0.16752448681879756
878bc0b3326ea889,0.09266697926435344
57f748e3454293d9,0.6086441075336043
07949795ad3e2e93,0.690433468792331
8cfaf8d91ea4f1c0,0.3116914139835365
0973b331fb200feb,0.9979248723559444
fe33cc8c6e5126c9,0.19390695008856934
95338421b02d6100,0.811466343649057
6d14e413603d239b,0.8326617693029073
8dd0a5354bcc36ad,0.8252146504115869
73e26e96853b1101,0.15663879337292907
1d9173dbd30bfa8b,0.9834966656246744
b8164626d047cbb3,0.5609260706470772
0fb7907993c4b37f,0.8061672918620402
59ee8f98bf511a26,0.6319563405230801
0c3008cd7e493e83,0.8742297072001667
ca16172c325cea2f,0.12949645722621653
2bca85f81b167432,0.8444756173804313
22fee0166c140a09,0.867054808794415
e2724c0840a5145f,0.5140020318849641
f36672a2c0e1cfac,0.006585912264249245
1fb583d94ee99482,0.8248812128790246
02f264a344c830ab,0.6917693029071587
4da6645d6969cd52,0.18074788996561425
44dc081e8f45104c,0.5805267271022194
2c2b2f0c44e4f0d6,0.3171709909346671
36b10927a5ef8124,0.9152172553923101
c1aaa1a11b02c7a6,0.2925830988850683
052a4c4d54a4bc92,0.8275356882359071
d52322d3a4091590,0.20817677399187245
836f3b0ea82976dd,0.4037639366468689
76fb069dc8449b55,0.6102758674585809
9c73e1140fc59c02,0.26473793893925185
ae6c780a01769bbd,0.3766015421485881
ef3be0cbdd14848e,0.18841408773575075
3599f0b9c0feb095,0.016496040429300824
88664205bb714f9a,0.13388715223507347
b978ad9fbc2debb9,0.6065507450244867
c82c9b618c165d10,0.40595472543503186
0b15c07bf352553a,0.8900520996144629
7891a28610913711,0.5638983536521831
ad4639fd4e49662d,0.05363004063769928
08bf7df7a564e646,0.24850656455142234
7ed362e9d16716d9,0.2166583307283526
0ad5b72ef7c0ed2b,0.5593680316765656
511e654ff2a5008d,0.45081509846827134
c2cd9bde4b5e7a21,0.7282122017297071
5b3e02e26bec5e7b,0.9177753464624361
89c64c8f9efcecb3,0.621998541210795
a8f6c6e3e62d6b71,0.21120480358445345
019cc0b8962f5cc0,0.7624072626862561
bc4e4242db6ccd37,0.00923960612691466
3fff2ee4dbde3d85,0.46718505783057207
dc37fcbe553235d5,0.2961370740856518
3bd0b86bbb97a337,0.34550067729498796
4992d9bc07447302,0.17421642179847868
bfdf1c0f0ba7cdac,0.9101685422527872
a6ab2d1d53fe912a,0.05933494842138168
1891df3302c7b348,0.04010498072314264
b9959e103e10b920,0.43001745337084507
0ef3c10f8c9072d3,0.5027287173074919
a10619d97fb76c2d,0.07481634885901844
0863a38392b70b67,0.34259924976555167
60b64acaf466a536,0.6728493279149734
12e3e5d6d9c41e98,0.7671425966447848
9523154e7d045c29,0.7363822027716995
c75a93ff5b4249af,0.23985438157757633
254953a015ac6eeb,0.8661415025528811
800fca2f6db1274a,0.12576430134417005
495cb7b810650027,0.14484526414504534
32f2ab9bccd62523,0.39230879441492134
710c1a24eaeead5b,0.26495180785662187
bc05e8a0b1a36967,0.6352925393352089
7f9c858cee39c32f,0.5021074294050224
d943890ab2a0dabc,0.5997228300510575
e8365a58644b452e,0.6629251328540169
8b6555b1e2375ec2,0.7751099301865166
2d05b7a2752c3cd7,0.4128540168802751
cae674aba0ce36bd,0.7646803688652704
ded2185f98f5d222,0.901765655934146
5aa4335a084d6172,0.5830220381369179
ea84e8283949a22b,0.7624059601958946
e05b38abdcb5ba20,0.04573095759091383
1a8232cb16668217,0.12549781181619257
964453e5682c98dc,0.3250742419506095
6220fee3bc1e75ff,0.9274208085860164
44c74ce2f7dfda22,0.830877878503699
0e420abbb67f6653,0.986082629988538
381d753868abf15f,0.20953501094091903
c90e0c45f7fc22d0,0.05102375742419506
28cc75a35f51a8f5,0.7726581223298947
3ec9f6c06061e5fe,0.8989850995102637
b014ddae55b634f3,0.13186256121704698
90879b42c1e54236,0.6938926226945921
7e62b4fce61bbae5,0.6044414921329582
6e384e2ddbb3399a,0.3593055121392102
6f07849a73f44a97,0.969407366885485
f48a2f5d095509de,0.5626570803376054
ba999a22ce5b3fa3,0.9850049494633739
ba9181802cbd9401,0.8431624465978951
bd73bd26225890fa,0.3069977597165781
64c38fe6742e3036,0.18420287589871834
df243043992dea1a,0.5373496926122746
0119114d3ccf9eba,0.9409328435969574
f21453041c1dbfb2,0.7261883922058976
65850a53164c135e,0.2114228404709805
48527244bf10d792,0.44186360320933626
cd4848b0c5d09b82,0.4355611128477649
d29250c293d24f3b,0.7282781077420026
8e49853ead7a7782,0.2894862978013963
c4468c09563855e0,0.26451755757007395
06fbbe29034b7d22,0.021601021152443473
85f4de85a28f72e5,0.7258348963217672
61a2fd323396df30,0.2524447744086694
57131a5c1fd27b0a,0.5468834010628322
97148caf47baee80,0.7050883088465145
bc00a7f9820c18b9,0.12731452537251225
0774fb3a81023543,0.4682095967489841
26fce92bc23cb74d,0.7648382306970929
c97cd71a9a738f03,0.42071089923934557
e241738a2d4f1fbd,0.8351872981139938
da7df03e550c90ab,0.36527638845472543
35c07da89ceda890,0.8418451078462019
5cf499e1908cd296,0.46970798166093575
d8e67e20d907c472,0.3399554548296343
f3135343f9e7c1fc,0.9332241846410337
35e24477ff3e4121,0.4797069396686464
ad3c1d21283a66e7,0.6987339793685527
fa88a2d04837aa67,0.6295899760341772
3d8cc5538995bbb1,0.04800067729498801
2cd57b0959ffa8b8,0.28232755027612794
abf05406b1a91bf6,0.9855251641137855
0f7b3fdc5d781296,0.9080381890174012
03365bdfcc4be998,0.37224366989684277
b46302fe840c3d5c,0.5682400750234448
b1f966468fc49840,0.41601854746274874
6adafe7e6a6e6865,0.9587253829321661
e92c7a5333472aa1,0.6763384390955507
7eabeacacbf8b37c,0.5503881421277483
655d9a938cd682a0,0.9861349901010732
a26607cfecac0d77,0.38868578722517455
8d29e784c2fbc4ca,0.8810360008335938
0552a72825b82f4f,0.32390642909242473
8db26f10038d6705,0.2673796498905908
0eb4f40d8b4a0e29,0.3503006147754506
a1caff7700882d18,0.5728686047723246
ee70a37197156928,0.19074762946754192
6de1b2f62b6369e2,0.7885972178805877
9c2d074867b45c86,0.28278967385641346
36c975ccff63cd9a,0.6883617276232157
eac85b26c054de88,0.6788584974471189
318d374ee2d57a71,0.5190452745649682
ea743176167975bc,0.48998905908096274
3ab9fd28956b4c1d,0.1615593414608732
478582ec139d868b,0.7161855267271022
fb9d44e71840eb0a,0.14999036157132437
bd4fd0a37b2b9312,0.5647064186725018
5dffe03302a0fce9,0.9600320412628945
d94e1f4138ee9631,0.417678180681463
298ced22f474a1c7,0.4353558403667813
0268d1d90c8858ff,0.4709570699176826
84cf6eb7514ea305,0.26081978743357304
95d0de11255bad7e,0.13980123997082422
9df308f6f0758e94,0.786939668646452
b0fb6fef1f3a5762,0.5303407314785871
3fe46d292459737f,0.013699333124934876
6bf62b52eaee324d,0.11038423465666353
8b6a50f8f0d1474f,0.7424518078566219
89833118f346eb37,0.18547176200896115
48fd781830adf147,0.9797681567156402
209845b666a00820,0.20435709075752842
f23faebe09506cb7,0.7409484734812962
5f9584bc58bae0e2,0.1646790663749088
a08d713f9ab75910,0.5338772533083256
5c4f577995e30921,0.8719521725539232
db21d37dde61a7e5,0.4076648952797749
d22dc3977ccf9208,0.4195761696363448
d0fab5e12cd60c77,0.07543190580389705
5293676c6774f75b,0.15835156819839535
d3ae1f0b7031a78a,0.17959075752839426
bf57f1265cfe2fc2,0.4191940189642597
468b54d83b570a50,0.23340028133791813
134c07b69f25f030,0.5047275190163593
2cfa14158d7d3661,0.5455999270605397
a87b1a98b2c48b05,0.24820959674898405
c0bed62168e9892d,0.5608778785036991
fc44e0d5137363f1,0.2361305616338439
1247308f81ebf41c,0.03471162863394811
083caac4b6cb4eba,0.7113004063769929
a9d470ae3ce0af34,0.012049859331040948
935c423d001e7dda,0.21955116182140252
d096b8795c71a6e2,0.8917192872772741
2acc0dd1e03e59b3,0.3684125247473169
bdba30d6e4c5095a,0.3969941127435657
57b0ac86659a9329,0.5097939460247994
23d831dd1ba487be,0.10006694800458477
628b14a47b392334,0.6529821819318538
76a400c7177ea365,0.3022387204334688
86ab9bf8f20612b3,0.5316968844430551
fb26e948e7444ee8,0.6619055433989788
367ec7e6bfbfc6a1,0.8880439199749923
efb297fa666f7cca,0.8076385849744712
0a0f715a63ed4738,0.44770396999062206
00b759c30fbbcbd4,0.902734448265083
4c133deea22458f5,0.9293636032093362
b354cc89789a3136,0.5635274043972074
f3595bdad2050118,0.1924869750963843
2171a4f574746f33,0.5136227466916743
ce89301fff62a739,0.28665989371678646
f4786178a6026169,0.4269722309054913
e1db1fa3be2d2bde,0.5222514848390122
05b896a0d6b00e98,0.001
89658e4ea0b49c47,0.9077677920183391
db78c841ae5796ca,0.3580978430759612
6af4698b636d1c84,0.24415728873606338
be3f82b0567a0962,0.1680535584036678
1dbeb642447425a9,0.08074372199645723
eec325cdb9dc0154,0.6137058455767428
cab58c1297ee8294,0.5188809002813379
97e9bafef493dc0c,0.29587683651140984
c738edb5352110f8,0.3553112951964155
fe298587b58a6ac7,0.8757413775138063
b01b2bff457f7030,0.322933468792331
599065c0cda14c65,0.7744571220172971
feb91e47c3d327b0,0.3403235386058143
1b0d5c427077f7e9,0.485150046889653
6c1338d0338c0bca,0.7866382723767844
aec29f6d68d9e001,0.05673882463269772
c6567adae6722bc2,0.5774577993122849
c6e04efe9811e16f,0.1744683234344066
eb86688c957ec913,0.48671433781390017
a450a6576dc20dbd,0.5241187350213607
b700f2322066f731,0.8731405647598208
a4302475b7326abd,0.8366012816505157
af5f8038b513a4c1,0.37015499635302695
0d73ab8c4cb1fa9d,0.872660727310618
8ca59ee3a85773df,0.2898145253725122
e3f7ceafab0856f5,0.2426841721371262
2445f30cdcdf58f8,0.6609414400333438
23b0f57c015407cb,0.21369646764613942
2750f1a3f3525b16,0.06859174742106909
4d1502e6806c5f5f,0.4135172449723872
9cd2cc7d553443cf,0.36134364905699695
5e314b952cc18869,0.42043607377305414
e8851ddb49233587,0.855604355527769
6339c240bbb14c01,0.2668234865061999
196ca6bac51b24e0,0.8085404293008231
ff664b7817ef187d,0.05706314473272897
1f50f2cb8e01a9d2,0.5339129415442325
f655a99b43cc6c6f,0.06223819943732416
2dc6d88fd87d67db,0.6484091382723768
b61c9fd4a46a6bff,0.021768521412941548
478a862e9bd10007,0.4536362925914349
0b9c9bb9e3bd1c5c,0.1816234239866625
8ba72175f80e2cb8,0.3934719183078046
80bd1c42bca86409,0.5381556736480151
ee7025a20728385f,0.3681520266750026
a94a734822cd1066,0.43302021465041163
9e445d829547acdf,0.5346941752631031
d08fa8b4d19b0300,0.8500833593831406
8ef8adecee83165a,0.7141463478170262
476933f8311d441a,0.6709000208398459
fd9f323abdfccd58,0.3789606126914661
fde943f5062e49d2,0.7803120766906325
32e1723a53483290,0.4360448577680526
3189ae9ce5829fb1,0.8999150776284257
a691ae869c7c7c20,0.8551245180785663
aec6a61870dceefa,0.4331116494737939
301339e42c2fd935,0.526147233510472
33bdb599f03ad3cc,0.09645019276857351
ef958079692354ec,0.9950836198812129
6b9de167c2e2a382,0.5348140043763676
81a3aaebe87a402c,0.26750312597686776
78734bb73a549d35,0.5910664791080547
801a31247ebc0426,0.42999270605397516
703c72ed057e80ad,0.7508153589663437
d512ce41ff14126d,0.1685667396061269
b14adfc6f2de5274,0.5946014379493592
3ffc252e11d8a5c7,0.25585573616755236
dd94c4e414636803,0.37762451807856623
089a1dca65e44b84,0.4881223298947588
95e32e732db3ccdb,0.34425705949775975
aca38e8f736ef297,0.02627774304470147
78b2b40abd748fc2,0.5676505678857977
2595c73b081498d2,0.0637800875273523
4821901eb98463cf,0.657862092320517
81f36fdaf2813666,0.2155387100135459
1e80444ce87788eb,0.6788246326977181
47c976d0b2db324a,0.0205441804730645
76e7956f7212a4d7,0.20321454621235802
2f42d37419bdab8f,0.9632280921121184
460717034c7c127a,0.7404967698239033
f46b154a36f88b49,0.6324757736792748
af4a2f1334861acc,0.9726552568510993
cf562fd6a1ec6763,0.5560401688027509
a58fda4597ded16e,0.39077836824007506
7c5b545797c724f6,0.8293070751276441
cd2d2cade053f8e7,0.7025419401896427
0d42478d5f847ddc,0.11710326143586536
fcdbc1ca107a390e,0.813704282588309
4a6cd78198d5a5ce,0.762348390121913
13c39c2f8d3cd810,0.05915364176305096
c79d8a5d80e7f04c,0.06356934458685004
51a701717aef4136,0.9309461289986454
4e8d630667c21f23,0.4086628633948109
9b8e9dc382061f91,0.2690978951755757
fddd94710360c28b,0.39315645514223196
2c33fa5f3f2d5e24,0.15400567885797647
3ca87064dc34dde6,0.6997767531520267
c9d8edd3fb7bf971,0.46862717515890384
d582a1a34b5b977c,0.9525354277378346
2fd593bbcde3caa3,0.8990551734917163
d2f2308d5fd09adb,0.16629024695217257
dc6fdbb3f28f8f2f,0.6926125351672399
ba8e32a15085aa3a,0.7145798166093571
3ecab659633b8be1,0.8521115973741793
80f14a6b7deb5266,0.44937793060331355
6809016a071b3b5e,0.7645193810565801
d26156516af475ee,0.38302855058872565
7946e76f5438edcc,0.6967010524122121
b11ee2ead8527494,0.7659891111805772
03e49d963acfe851,0.2776698447431489
4a3e2db752cc071f,0.9252281963113473
6e5157888073a37b,0.7388678753777222
1f7bd653103f1863,0.6352698760029176
5cc0f066c9d8a28c,0.7280423569865583
61240fe8a4dc9a2d,0.3761881317078254
ab6cae9885409088,0.9281020110451184
c4e40432b0ffcfda,0.8652995727831614
1f7fbe6992fe8f33,0.44407992080858605
94953e6bc4d48c7a,0.5028761592164218
e1f4fd779b279dca,0.855098468271335
38ccb655faf1cbcc,0.25353964780660626
dcc976ac3a08e676,0.05709310201104512
8a586d58683ab8fd,0.8348262477857664
9d1f98568599273a,0.10949697822236117
f5a4bf16401623fa,0.8450145878920495
42c6f25951f7db7b,0.3381074815046369
673b99f498fb7880,0.46105345420443894
e4f2c6820273bf2b,0.9616166510367823
8e7d37f34a1f3efa,0.8972486193602167
ec4bdd78abd81c4d,0.6036532249661354
a15343296b9f6f42,0.7319279462331979
dd76563555eb67b5,0.8796285297488797
3ce8de8291ffa6a6,0.8482223611545274
1d036919bb298ab6,0.2639168490153173
9579b233e83fe284,0.1772116286339481
be5c561435858f1c,0.9658893404188809
5cf1d9bf22b73559,0.8280256851099301
d5e3e7616edfb5bc,0.1794899447744087
ad00da3aa56f4d7b,0.1976716682296551
0ccceb1154debc59,0.6986086797957696
8e2c8545bf82cc60,0.8155194331561947
d62e1e8938e1c97a,0.9415067208502657
a8dc86e602a746d3,0.994339376888611
c4329a7f54415286,0.41407418985099514
04ec4184a6a2f40e,0.7337920704386788
a8874aa6ff7ddd20,0.37933390642909237
c9a607048a5bc5dc,0.872113681358758
002c27108f6666f6,0.308574294050224
e4f6a20915cb1601,0.30237548192143376
bb014c28cd6924bc,0.6195167760758571
196e2f507f594bbd,0.35809966656246744
9f1be9fcf021fb5b,0.26743878295300616
9391d5f366da4c40,0.7630882046472856
3453a5ca3d904777,0.3613952276753152
686ba22e52de9068,0.39992732103782436
3553eafc050e9c0b,0.5325461081587997
edab086e1fc56c68,0.891539283109305
d79a009be9287b82,0.5126224340939878
b86e1b1f8503684e,0.755779931228509
9ad70763cc07c36c,0.90863238512035
419885390abac7a1,0.05948265082838387
70bb28465e350bba,0.9063678753777222
d2fe3be15c7a040c,0.8958890799208086
df051580b1fd88ae,0.3464681671355632
799dbb3bc5de0bff,0.7102920183390643
c18575ea64f02a42,0.887504949463374
bc265e458d29169e,0.8819164843180161
d59c94219a63b100,0.8774109096592684
0b79c6776df906c4,0.5772499218505782
1bbd089c39955fe1,0.42480618943419823
e07ee63645347087,0.5289074710847139
6795923abfe3b196,0.9254761904761905
f23bdf1e94c91124,0.32834661873502136
a1fbaeecebb55865,0.1093461498384912
bc95d3915a49249a,0.5193518807960821
c565efbb2d18144b,0.8761722413254143
321866d63b3b1b00,0.7201346775033866
50ef5d8288aabf7e,0.2875242263207253
3948549457628975,0.7815898197353339
b958074c10bc601c,0.3557656038345316
f075bd7b8efbf058,0.5629821819318537
f05a42508ffff350,0.8185990413670938
3c1c900935bc3285,0.11849406064395122
cba59c1afecb3734,0.5680723142648745
013e1691ae9f7898,0.14622824841096177
ff4fafab1f01bf0d,0.7229800979472752
16a52132c026c176,0.28213347921225385
7e6dc3264a60f3c6,0.17383765760133374
fde7be20171bb23d,0.07529696780243826
4709ae8a61f423da,0.6112058455767426
f2f7edc4fdecd842,0.0194886422840471
81421fdc47bf7d1e,0.6044615504845263
e130b6363bcbe974,0.20560722100656456
8b5dc994eb4224ef,0.28708242159008024
ced09e40d6cdb2ec,0.27169297697197037
b65873d2d6509482,0.35041549442534126
d663eee7b55b1c09,0.2910917474210691
e8ac634318c1c070,0.7118979889548818
9861a481912689da,0.28784463894967177
c170f4b630a3b239,0.9932158487027196
31f66aa5ebaf2ad8,0.8290689798895489
31bc47bb1448c433,0.12536443680316767
79eacc58c9cd0f29,0.942052464311764
32cb3b1b23ea545b,0.44729498801708867
89357b6904f7d6ab,0.44943706366572883
0d9d1cf89bcda082,0.6926049807231427
7c15e3fb5080a6af,0.3056158174429509
a8580d9f4b1f100b,0.9207794102323643
ba1c0d81b8bfcda3,0.4739496717724289
d5c76d632f469288,0.9222243930394916
4faeee72bb8b4acc,0.32911013858497445
10875f7f7d53acdc,0.2622309054912994
3fb5a4da63283ba6,0.8073960612691465
6551e600570cb09a,0.8167221527560695
6b4949612595764e,0.420910961758883
d45b6491898d0fdc,0.3357999895800771
0c40fcc6d696a66c,0.39400125039074707
74607a92b5ef932a,0.28368761071168075
e7bf586ef35ff70a,0.27612326768781914
65e0da070f27aa66,0.1357270501198291
38a09fd79a425aac,0.485892726893821
aed136202b0b58d4,0.40429743669896845
5f5b7b68b01d1299,0.993061894341982
cc5db835afffd307,0.3525815358966344
d8842b37f5416b48,0.523610763780348
d8aee4335af252d3,0.2683658955923726
00494862dd9b9e04,0.5112709700948213
95d5441c82b1c46c,0.9786258726685423
c6e492bd428631d5,0.4440793998124413
598200ada2678880,0.9033273418776702
8094f4dc74add0aa,0.23525138063978326
6831a0024a1dd23a,0.06721762008961134
d56926e610462f66,0.3370821610920079
bbe39148bfc2e434,0.6872509638428675
1a07a83f589de802,0.5952922788371366
8210d5a233d3d65f,0.0347553923100969
ef4e598f566c9558,0.4562811295196415
c02b919584ea5cd9,0.21021412941544232
68bc1f08eb5258a7,0.9164923934562885
d57a9ae04f68912b,0.5965067208502657
fa41a48959374ae3,0.23258179639470666
5e725dcb74b4e75e,0.21533187454412836
121dbf76a9cf73a8,0.8617711263936647
a2383e552a5f2313,0.1705113577159529
378738808b201e0f,0.2763261956861519
9642ee1e267eee82,0.5514353443784517
e55cdf82fcc57177,0.4577797749296655
2103c3d1e5063e3d,0.19018339064290923
02004dc8e2729e0a,0.34139210169844747
95ae4af4bade5009,0.371179535271439
8a4e103c92d62a5e,0.8473304157549234
c4414b2ee31b7e94,0.4338725643430239
0866387e16259486,0.7351794831718246
f0b7e616767a0197,0.46680681462957174
a86d2f80a3468f5f,0.45374622277795146
691f9a97e9645bce,0.07635172449723873
2f2e7662f26d0933,0.26944566010211524
72cbdcef4a6b4f07,0.7826068042096488
3ca15eac9b7ce8d7,0.850720277169949
d9f713c872a26c76,0.5901841721371262
38c5cae3c23f24a9,0.26895488173387516
80e12c9a6e625e7a,0.8628264040846099
78211c4fb5585628,0.8942583619881213
59e71eb2f5c7c432,0.800437636761488
b7abc4b3e6ff0e3c,0.06412759195581952
42eaa77ee15f2ca3,0.06536026883401062
bb8ed5a0931148f7,0.17881395227675315
2ca7468532706e2e,0.2600046889653017
98791c70677eb76c,0.7046728144211734
e7ec6ff3f296ed38,0.42059680108367203
7845f67130f900d3,0.6825052099614461
fcec4d0ce44eda40,0.5921470251120142
0ac91fd23085433d,0.7414856205064082
ff61891d90f930cb,0.35788293216630196
41fb4a2210a6066c,0.7632632593518807
4c7ebaf834966e32,0.08958476607273104
81aef88d712fdd5b,0.6827938418255703
36b0ae34db90ecd7,0.9105243826195686
72fff2ad28f42426,0.610639001771387
717207649c078f67,0.15499114306554132
925d6e357d7ec158,0.7268878295300616
effe2d48627efbe4,0.5599090861727624
0577c43390d4bf43,0.9975299572783161
546cd9bb6f2ba820,0.4177300197978534
8a47c92c6443e7e9,0.8502052724809837
bc9467bdc8642922,0.4365916432218402
af91160b63f1bc90,0.875747629467542
464ea9bea5384944,0.5819503490674169
b838b4792a3c540a,0.6074489423778264
11fd6e717c95ce29,0.7439767635719495
b1e2e5a1c0f42f8f,0.5383606856309263
222e74272be1ccd2,0.3779087214754611
21a85a0b474e45d8,0.49664686881317077
5c5c76ce21ac9a03,0.1428693862665416
98c3f3c5243d4fc6,0.21480097947275192
745be7354fe05a2c,0.07772793581327499
ebf17df229daa6aa,0.4787397103261436
14929f1035ed296c,0.9005238616234239
af1bc354186d653b,0.0619594664999479
88e44f6549d78a5c,0.3463332291341044
1a5119861af7675c,0.3200794519120559
4675a1f396e095ac,0.8141948004584767
306fd63061172f24,0.012529175784099199
68fb9067ffff02de,0.8572418464103366
93665736b22ae558,0.40933182244451394
2f3252e131fb28c1,0.6710182869646766
a90bb7ef537f3ccc,0.5932796707304365
f8c47e6a1ab0bf1f,0.5407679483171824
7f335ac0ff549013,0.11452797749296653
e9c7c37b6584e68a,0.2195488173387517
e2f8c99b54c930c0,0.03722361154527456
4f0ffae34b450b85,0.6654670730436595
94e27d2dbdf9010f,0.896562467437741
db05b31fda1c2b1b,0.5636516619777012
af64ad7d713d5a93,0.5108075440241742
4d1462da71b0efa9,0.26157627383557364
04fbab7984c52c30,0.8201148796498905
c01a62e78e6d8a2c,0.7485294883817859
74f8579fc40b2d7b,0.22416875065124517
0eb2d3b71cf2b61a,0.724743930394915
57788504ce4c82b2,0.6354691570282379
9e7dfd444a9f30e7,0.5646092528915286
0cd8b38e5a4b74cf,0.36583124934875483
e8c1c982ff8a6704,0.39955064082525793
36bfe943ee63fe65,0.4773387516932374
998d9f62a717ccd1,0.1150158903824112
8069d4397377adbc,0.29085495467333544
ba8f312910226da5,0.8477055329790559
37faa0207a18eb20,0.8269341981869334
c16962d752780184,0.936046941752631
f1d62e28f903e96c,0.5348556840679379
8cab416d1f2bc624,0.8396642179847869
b791af74c95ffa06,0.9283570386579139
05b113e465a98080,0.40965510055225585
b17d9630e851487a,0.48971345212045425
92981268f9d56f38,0.7545001041992287
76775e095989aebc,0.043408356778159844
a07f4266c4b1cb5a,0.1802375742419506
7b5b1f94772d1b60,0.22596670834635824
4f8ef604a40bca4d,0.32339897884755653
673f3a4c0bd90267,0.17213894967177243
58139d3ae9373ae0,0.826593987704491
c24d1452d22e8db4,0.6093250494946337
441d9763fdc1b0df,0.9004639470667918
d2987a3199c1109d,0.8416216005001562
cab99a91ac2562ca,0.69683025945608
df1222f0cc1e08bf,0.5245535063040534
bdb610f14d1f9c0a,0.12323460456392622
d63652d83092f4cc,0.1611500989892675
dc121e137a206780,0.4909578514118996
e5fde6a720ffea60,0.24382411170157342
52f7118d77a951d2,0.3179334687923309
1b60cd7738483c77,0.7460221944357612
c7ef81c5ec66b855,0.9877401792226738
42a4005911b6abb2,0.9294758778785037
926e4ef2979d43ba,0.06707981660935709
936393261928dd44,0.6002815984161717
90b3943086a67cf1,0.34881186829217464
80b6c2497708cc79,0.5247426279045535
dc880492a16f61a0,0.34026727102219445
363fa6d193ea1791,0.18974445139105972
11443cec444ffbdd,0.9743917370011462
174e280d8c42163e,0.7676109721788058
d7fddec00bcd1345,0.6640958111909971
2f2a0292483de945,0.9884393560487652
2638757dc8ccf105,0.009625143273939773
af967b1ba12837c7,0.4860664791080546
6cf0ebd8925305ad,0.9452662290299052
0307e7dd94f223c0,0.08670157340835678
d86f818a421d896a,0.7870798166093571
95c76aa135d94e8b,0.18083776180056266
dfb2dc72331615e7,0.8652141294154423
b488c877787792d6,0.3839262269459206
5864514fce7556aa,0.6744646764613941
7db51b9dfaa6c3be,0.17821584870271961
475afd5ca8082909,0.6744928102532042
aef3fd34396adfe2,0.1167476815671564
e93ef7b1eb85a270,0.42418906950088564
e643f5e629c7ab40,0.039204699385224556
e9234451a7ebfa5b,0.7467065228717307
e8b95693607a1af6,0.919073147858706
362e59ee5f24ba56,0.6577763884547254
760d3c489cbc2365,0.22191466083150985
cdc43a10fec587b7,0.8310513702198604
436bfce1b2e96ebc,0.7297168385953945
8364b88b9aee50f6,0.5894394081483797
49b33a422ea5bc22,0.9037110555381889
7c87edf2fa4449ce,0.04471840158382828
ae4d87302f77418e,0.43698499531103463
80504f5553a663cd,0.14774564968219234
285102ab56c81c9a,0.47617953527143897
ce75929520b6600d,0.8358395852870688
90e157fa590bed49,0.9100114619151818
72308a9b8ed351ac,0.9085922684172137
67da97f4bf5a43aa,0.15381317078253617
7a2c3503f50e758b,0.8071501510888819
7c277b093ca6e70a,0.15235255809107012
e17cdb698e7793a0,0.5516981869334168
304f33ed70c9905c,0.6482359070542878
f671940234873df5,0.8329993748046265
4c60ff51f1a98ddb,0.3841997499218506
357333ab581b26a4,0.5112806085234969
c12b50c410a56d62,0.11926643742836303
280ee73ea3f9a150,0.5242422111076378
9794f61f2b35c374,0.17897806606231115
99bef954535737b8,0.8083281233718871
164deb1fbf6d3d15,0.727830832551839
17f64dfc919c257d,0.33855553818901746
177f1a78be284fe4,0.5400622590392831
6575a6e55c3aa52b,0.6058554756694801
e1ceb3cf89c78b04,0.40832916536417624
2787d14ba4491e60,0.4537688861102428
47283a11f402ab9e,0.4881796394706679
3e13ab75e759c66d,0.6916815150567885
565632830f202280,0.6458067625299573
c60dd36532e24523,0.769193497968115
1bbb760f70ac35fd,0.20194201312910284
5952ee73f64f8e8d,0.6083361988121287
0d2e12deb5dc05bb,0.3472152756069605
93cf50cff9e70197,0.6229022090236531
71a0f1d3a79f9279,0.3467505470459519
ff1b97bfbc1de495,0.7422741481713035
152d66dccd700ae2,0.852558091070126
af9475d72cb09bff,0.38732494529540484
50c6ae4f3f0c520f,0.709117172032927
53277c274f93827c,0.8020201625507972
65c28bc2a138b604,0.7576591643221839
ab3f36de97ff5288,0.028635771595290196
6e673b3e05a86556,0.18707382515369386
29ade739f5ac47ef,0.6427680525164114
d6c96030b8564b06,0.6244779618630822
5ffe88ee98e246bd,0.0941197770136501
b75847a46dbc7758,0.36299260185474624
fd4f072e7db648e2,0.8940838282796708
3b600a791eee47c3,0.5270253725122435
3205c60644f3310a,0.2765999791601542
37edd7d198365da8,0.987883713660519
4aed77bb42b6c35b,0.07500390747108471
70b9c5d2c47a6231,0.8495647077211628
5aee71b30cf4e773,0.05853782432010003
3b6034955fe901a7,0.03825570490778368
53f7e37ad065a1ff,0.7210641346254039
8249af221f0dfc62,0.3932900906533292
4a798f098b3ac80e,0.768917370011462
7859a3365dc11f7e,0.6933187454412838
0d6ab61f58e22d8b,0.3627836824007502
d90f47b845ad8044,0.633850422006877
908f76b67c5d77d6,0.3218985099510264
2e13d0c9efbac24d,0.46844039804105453
fbd3509fdc1e2fe3,0.2420011461915182
d0c07aa05dbee8c0,0.5051284255496509
e2066400c0c997d5,0.7960815879962488
9d002016fad484c4,0.9738941856830259
18105a09ff042e04,0.4057674273210378
97dbf62f03867f4e,0.7203149421694279
008e7b56ab9053c6,0.9280483484422216
e382e61b69858e84,0.0025593935604876525
a02b2c12a9b232a6,0.3484166927164739
5d4eefc602f1a815,0.723028811086798
8c8faef5bff7b3c9,0.11419740543919976
8ea4fb1f9e66fa76,0.138752474731687
22a32bb8f8bde6fe,0.6846988642284046
6a655866f90d61e3,0.5366492132958216
b15548596622ebdc,0.11847165780973222
e6426b5a54e4a972,0.7419873397936855
2bb1ea15970a2de4,0.10910597061581745
5b2c1fc3ca8dca34,0.21332213191622384
b26bc3d1078e5a5f,0.32509794727519015
9db2f38d40ccfed4,0.23818068146295718
8481c054b0537a7b,0.7588746483276023
c4016925a614e39a,0.6168513597999374
a6145b00b87ffbfc,0.9721475461081588
856c1f1b7a16dccc,0.08223533395852871
5db9aa657576b123,0.04758023340627279
e6c91e69fe022b81,0.9907624778576639
18323213899682a7,0.0691051891216005
84aeda77a9eaf7a8,0.659835886214442
60aa7eb39a1066d5,0.7887441387933729
011908fe41b2ead8,0.8957528394289883
95a236faf4cbd0c8,0.5501393664686881
c58d93928c4b43a9,0.043804053350005215
e3d5116d0ddea646,0.7720608002500782
3d33771711b587e9,0.7617911847452329
ca902179e21ff302,0.6619349796811503
4b2142ee3d149d15,0.3757046472856101
d78803f699e1394d,0.5891031051370219
ef2d9881a6438977,0.03047619047619048
3b5fc032ae2a290c,0.4440830467854538
9d5473cf79999f4a,0.6067453370845055
9aefa72a94558b66,0.6883028550588726
78cc36a16e5afd3f,0.3848041054496197
0628d45dc33a5639,0.77972986349901
bc63ee6da23c5dc0,0.8923981452537251
5a69761001b7342a,0.5048968427633636
f5384c1b33a306d5,0.23864436803167655
9f4fb39fb6e8b6a8,0.5459562884234657
f7787ed37e4b9d05,0.6466976659372721
eecdd457b6c7edb2,0.8707546629154944
f36c01f2f7fefef6,0.7674231530686674
abe3d414c510a7dd,0.4909893716786495
d1f7dc9b905e0fb1,0.18572965510055225
a97c23cf1c8d474e,0.3246003959570699
fa77ebf418dd2361,0.15094795248515158
4fa91df3f09b649a,0.719171876628113
4c40bd5075d26ea1,0.8731700010419923
559cb0c10ea413cf,0.6172009482129832
b07714f5d0a305a3,0.6771665624674377
ac26d06332fffb35,0.22408695425653852
f3a18a7976f15c5b,0.15285479837449203
bd610a8daf3173f8,0.007370271959987495
b4db2ea448a373cd,0.18914452433051998
a9e601aca0377220,0.7711008648536001
7580e5af192dbd01,0.9620623632385121
3b50e09f1d1584b8,0.5762983223924143
e752099897ef3c84,0.1700948212983224
9e556374eb31bdcc,0.5022850890903408
09bf3001382d4d51,0.1596149838491195
ac4f9d21db6d0551,0.45908643326039383
bab162c780dd5d3c,0.3663168177555486
1ac05275c95e2b9b,0.21728118161925603
ba53d76ac3815303,0.8128618318224445
731194026ddc8a00,0.8900552255913308
565ccf55ce0f19b3,0.15001615088048348
c610846e274513ff,0.48291106595811195
4f2f55e6f8f022f8,0.3718617797228301
171594c12d4f22c7,0.010759612378868397
fd9a29be83f07915,0.2324051787016776
0e69e13d2585552f,0.9394964572262167
8458a25c7d299656,0.24811946441596333
36510a7e2e8cf5e6,0.5511204022090237
4c689c2ab0b1e458,0.9424416484318014
bbbb01b896a60659,0.3591645826820882
95a6091ed902a1c0,0.40667604459727
226f1fdbdf45c3f3,0.20251927685735127
b3776535f92034c1,0.28670834635823694
e136a41bbd9d2ebb,0.8524015317286651
2acab7498f95984e,0.5622923830363655
5a97d6bb500166e9,0.5211032093362509
53ad75887ce27a2f,0.39614931749505056
4bbccacfaab6a76f,0.5309135667396062
8d5dbeff654a20b3,0.03743487548192144
885918cc4b58a92d,0.46175888298426593
c33b954ec9e9d53a,0.09837501302490362
c73aa72e6960366b,0.48758778785036994
28c265c8e738031b,0.9404605605918515
16f59244fa16b9c5,0.8063767323121809
ab1bbd20f2288ef0,0.2923715744503491
21ce9f486720b00d,0.5527276753152027
ea98936cd5a062ef,0.6135479837449203
092b99905affadc7,0.7842703448994477
f8a1935cbff0e3e2,0.5637331978743357
557ff2105e2227eb,0.047626862561217044
e28b4c1e7eede953,0.14582994685839323
afcd2875196e3514,0.6142541940189643
622d0c5c885e5d67,0.5780642388246328
5ab123deb8c8e0b9,0.8732359070542877
d70f7077ffdc3675,0.6583502657080338
ec0e23575480409a,0.6236751068042097
c42b1312f2466d13,0.4346168073356257
58f7c9cedf508963,0.9777576325935188
483a6a2fc6820e34,0.36843466708346356
9a410bdaf99ab250,0.8714572262165261
27d8448c7743312d,0.6498895488173387
d22510648b60b80f,0.999
cf71cc1d5beaf427,0.8861805772637283
b16d96c422e7686d,0.6651044597269979
f3bb00d62eddf347,0.16484578514118994
e7ad214e8e1b87e3,0.5338621444201312
a149a81fa46121c8,0.22144159633218713
954ac0304d013ceb,0.8093497968115035
5fb61c8caa291bb7,0.2753873606335313
b3e6b65c022e07a8,0.7913733458372407
014590f5ad393d98,0.42340887777430447
fd3098a48d0565da,0.003039231009690528
597dfb91140f7a43,0.06520136500989893
29c72ad86d92588c,0.15198942377826402
46403e8726688e63,0.041198551630717936
586f9bad93615a9e,0.9861764092945713
518268ad7eaad020,0.3929959883296863
eb68006674ff7853,0.5227195998749609
829bf94f3c7511b9,0.596761487964989
472338feab38fd63,0.0069071063874127335
e2eb7c00452da3bf,0.46066635406897993
264d5eac0a3db4c1,0.6317057413775138
5dd40ed8f6931f40,0.5331418672501824
ea07294f7b9321f6,0.37604199228925705
800d5b199211d908,0.13133557361675524
c26171ff73291cde,0.7850291757840993
9b039401395029d1,0.20045300614775452
149773fc93e82e0b,0.9201693237470043
377962b226c4354c,0.3642776388454726
b33ace47f8c9cce3,0.17414400333437532
5898aee0357167ae,0.2840689798895488
5011475bc46160b0,0.13059419610294884
49403fb05b28bdc1,0.7922288215067208
d64f9b8328cadfcf,0.7631587996248828
8347b5a18bb84a35,0.30634443055121396
a72c9158377598af,0.26573173908513076
346932f67e7d808f,0.711958685005731
e4962aaff0cf97fc,0.7537313743878294
d63549a6e599cc24,0.034556632280921123
d013eaf626e99575,0.685341512972804
a7c0072db3d224b7,0.6875943003021778
b87493b15c6b1e21,0.4547577367927478
cd6d6ab0bf1601eb,0.36604902573720954
fc7b0d78438f45bc,0.6299591018026467
b53e88867e63ec5f,0.5033880379285194
1e1e7de7f17a14fe,0.3247118891320204
fff1df28cf047de8,0.3648536000833593
9a4279b8c94a438c,0.10421928727727413
d1a19d29c2aa4b9a,0.7233296863603209
ea65ca7ec57132e3,0.6637331978743357
35cc6e8b29ac28d6,0.9544162238199436
35cebb20cef64701,0.9180267271022193
03c27c6fa94b88b1,0.12463686568719388
654a7847a4c3d0a9,0.9429256538501615
d82da976d107c4ef,0.9002505991455664
0f7cdda5aab7cb9b,0.5131812024591018
511e61b096246922,0.20251380639783262
9bd56be8ba9524b8,0.7709917161613004
08980e1d210b6aa6,0.6496814108575597
c84430f350b3a159,0.4449236740648119
152edc8f6b8762bb,0.6938259351880796
a4a8682aa22552a5,0.7806668750651244
5448387d25232e4f,0.019634521204543086
86b5af3c99c2229f,0.05090236532249661
a243c84e17ad5313,0.576393404188809
1cd4111d9e2c14af,0.24245232885276646
d6596bfbfd4cc049,0.7689236219651975
5f6669357f9d2602,0.7713618839220591
8ce4d3415fe4440d,0.4980764822340315
b7804e0aef5425ac,0.13872929040325102
a68ac8503924dfd3,0.8559784307596123
0ee54a169cddc5a0,0.32491507762842553
91e67962d58a2196,0.4817099093466709
337f92313341198c,0.4696293112430968
62fdb17735fc24f2,0.3385310513702199
32070e417cceeade,0.4949739501927686
d10e86cc3232dbc9,0.9669394081483798
9e379ff80b817265,0.7820493383348963
cfff3503c56dab5b,0.1416747421069084
9f21d3f021ded79b,0.244781963113473
5fe69ac7610324ba,0.5316627591955819
fda80e0f061a2a2b,0.6432830572053767
e5f50a39b4e83fe7,0.6379407627383558
b7ac8ea60b369ad0,0.08353313535479837
f4aefa9fc2e0d241,0.9038738668333854
0f32bcb05a22709a,0.7445610607481503
13334ae771ee01a2,0.5166953214546213
d2596a53564c0b21,0.3827177763884547
1a90578444c1c9a4,0.20405387100135458
38767f6c13ad1bfc,0.366228508909034
8d312d36ba150056,0.2274997395019277
c4e9fb7cce4bc726,0.45962436177972277
9ff220beebc71a5e,0.19885979993748049
24bb5e20d933da44,0.46240205272480983
42f6ebdc63da37de,0.6445170365739294
39f065a3b51d8011,0.1254105449619673
adfccf4de2f8f9e4,0.26649916640616866
bb73756443a5eee4,0.44168828800666876
0d9c7ad016175e4c,0.7051401479629051
01d6dee3fee929b0,0.12307726372824843
4c94ce26b7eb0794,0.709463634469105
184edb2637a41d50,0.4872624257580495
b14c8ed6d2ad7039,0.03546056059185162
efdd1d7495765245,0.1949327914973429
affe3b0f590fae77,0.8374604042930082
3edd7de677b91b05,0.5322126706262373
ba9e4528463c5dbd,0.47954256538501616
8be8330f2029f548,0.3924890590809628
df6e6d77a02918af,0.3179420652287173
33d9746c24d2c070,0.4316249869750964
e51c785618029ad1,0.8102959258101492
d53ca1e375f1420d,0.5676344170053143
d4133e84363708fa,0.7361599979160154
094a4df459f84f9c,0.09816427008440137
c95b97cbc9622e38,0.22615400646035216
8a243d50081a0a41,0.7541242054808794
f6f2fd05daf66b4d,0.12788762113160362
3b5e52e54ed29ece,0.6921759403980412
144d292add5f41e9,0.619429769719704
49aedb77fa2fb4fc,0.7234904136709388
81e5d80b657413b9,0.8594691049286236
fb21fa126522b6e2,0.6523752214233616
3451b921fd37a93f,0.6245456913618839
e25080fc68263c8a,0.9172512243409399
64f0448c8bc4b1eb,0.014769198707929563
ed89496194aa19dc,0.4061172762321559
fb22f7c013b24779,0.5154418047306449
1590a07714e8a656,0.11234448265082837
54ae2ffdf139cc38,0.3086946441596332
96bf13f3fa835169,0.536032093362509
559cc1345795571a,0.2413095238095238
325ad194b9f588f7,0.654950244868188
13ff609306472199,0.7255780452224654
3c87f31b6953fbbb,0.06927008440137543
2dd14f20786549ef,0.41058143169740546
be72fb5da729ec70,0.18010888819422738
dea2b01ff6868477,0.6150700739814524
c7ffc036c6fcf66f,0.742958476607273
67b0cdefddff90ef,0.714230749192456
eb949d7c7beb6354,0.7272283005105762
72dbbe8ab710128c,0.7280767427321038
fe50a3aa77d27195,0.08988017088673544
b7dea5f446a371e0,0.11538189017401271
3b6627fce4fa7c6e,0.07858497447118891
5766e8d8c783a487,0.6867732103782431
818813e68f11c85d,0.4896957382515369
4efd1ededeb6af5b,0.39666770865895595
7339d8d336c0728a,0.4355319370636657
5932b86b513569c7,0.5525500156298843
667e3c34655efebc,0.8156218088986142
211cf2ea67620b3e,0.8963277586745858
73ddd41ae18acb03,0.2237582056892779
b7d7b9bb940bf7b0,0.8456749505053662
672de9994012beff,0.18099353964780662
1fcb989eab73caf4,0.021041992289257058
1a8eef4f4936cf0b,0.30190033343753253
181bfbae0ed5b503,0.011097999374804627
0144b06a9d5772ce,0.9349307075127644
a6d79b35c359d2ca,0.786570803376055
adb1f5a83ffc8956,0.8607999895800772
7fe7578307634c36,0.9565231322288215
ef916f6bd9bbf8f3,0.7143023861623424
261b4b9303f16955,0.7607728977805563
bdd3d57f2dcbf24e,0.17381968323434407
87478ecab9990b69,0.45938340106283215
00903281b49f7885,0.9955277690945086
faa54ef489380476,0.9108234344065853
afd67495e65ca43e,0.25410779410232365
3cfeab5f2a521bd7,0.9894610294883817
f889243e554a57b9,0.5968445868500574
1633226e5baee1a0,0.9820829425862247
09429539f12260dd,0.3953000937793061
4642f19a02b65fbc,0.08167838907992081
454379600a0d58ae,0.6237886839637387
806b67c9407deaf5,0.07692273627175159
64147a091385f1dd,0.2656569761383766
410684a9ca496c4c,0.22463712618526624
198aca03e558bad7,0.28161196207148065
19112c76b72e70ac,0.19335365218297385
33cdd595d6f64465,0.14663775138063978
b678efa350251d1a,0.9458010315723664
2773ef74c8379c3e,0.7104613420860686
21a85668c56f4a28,0.6084278941335834
ad44c67c941b730b,0.2661764092945712
afafaec6ed7cb894,0.73265082838387
7b2afaaec11da7c6,0.4683367198082734
14f8df83cb5fb959,0.655966447848286
2fa6287a9d075ec1,0.3399841096175888
a20301029a5e8b78,0.7339465457955612
64c226150b42ee5c,0.6350877878503699
7012b66ec38b6038,0.011134208606856308
334a43b3d7746442,0.6772592997811817
3e39b50358f01b64,0.8001982390330312
dd424dd258080c0f,0.502305147441909
b6815449a050c02f,0.29326794831718245
786b0bb1d7a4dfb8,0.22013832447639886
bfadd1b4779947e6,0.9283711055538189
23bda92c60bb92e1,0.8884581119099719
20f374eb224e1a7c,0.35956470772116284
04bc6e2ce35edb4c,0.7513605814316974
f5fe2d58beb86d40,0.45225018234865066
203f3df885ff03b3,0.10267818068146295
ac5388e6680db6ba,0.18071819318537044
20a190db150bd0a2,0.37237730540794
03b8f432ac8e3226,0.46201521308742316
800d13aa581dc05a,0.875978951755757
32ad97494e39788e,0.7696063874127331
762f69f875d0a0a7,0.7180361050328228
7102288564065a58,0.7961917786808377
a244d35bd0a46b86,0.7124921850578305
9fd85d10d8d80cd1,0.36824033552151714
cd37f417a290a412,0.7268229655100553
087a61efb373df95,0.2142870167760758
5cc1bb67fc9fa495,0.12089976034177347
38260167161be0f4,0.5622019902052725
377d6156aea5f7b3,0.9280936751068043
de73631ba462d9d8,0.041141502552881105
c6ad617675fc82bf,0.8364590497030322
53c0301b075c4edb,0.22259716578097324
d5d5bb7bc7475a6d,0.35377409607168897
2785f7c003032f79,0.3885959153902261
bacabfcb41e851d5,0.956275659060123
930620d9c45cfc16,0.6856986558299469
a2253bc60bd26111,0.4133062415338127
48be98b0da47a60d,0.048784776492653954
4192611de72c647f,0.769124726477024
0a3e55a0415cf1db,0.0273137438782953
94a41eaf6c166f8a,0.34172527873293734
65c588ff0e6a0940,0.5801190476190475
7316f0f5207cff7d,0.9276039387308535
fb48d6120d40241e,0.0820779931228509
83e835be4b7da5bf,0.21970329269563404
be007ff41dfe8e33,0.9236698968427633
ae762981ec3e2222,0.9640820047931644
9cde4da63a470364,0.137732103782432
1e641e6a0e15cb0a,0.9656384807752422
f1e1bfceceaf5b3d,0.19888949671772427
b33a9dd2d6116451,0.6182650828383869
6a00f8682a96e6c2,0.27692950922163173
4889bb3fafff04a6,0.02537511722413254
d83965adda3948e8,0.8480327185578828
35ebd3eb17d43331,0.68450922163176
4fddbddae3f8c321,0.2189043451078462
279f5d02ec1d4618,0.7063590184432635
18dc05e08437b19d,0.5600403772012088
fd5e41a3afe867c6,0.4525036469730124
4dfc9b4693d64425,0.6000156298843389
38efe84b2371909b,0.02768834010628321
d5ab3634461fbdba,0.619471970407419
88ee52d04ccee47b,0.7363829842659164
311d0a7d1bc40182,0.4192388246326978
ca3eabbb86d9d394,0.659006199854121
0839345320590491,0.18815489215379808
3166da0225b35bf6,0.5466950609565489
4fdcce92f68b7529,0.967381473377097
4c0a03f188fa9938,0.41189043451078466
efd671b84d562241,0.17966317599249765
a1be96b06611a4a7,0.5176200896113368
7c15209ba7808ba2,0.8250560070855475
b4fb7e75679d28cb,0.9694198707929562
095adfc07a65ed27,0.4607234031468167
a19e6a028348c708,0.02054131499426904
bb5e510a6639b43f,0.7480027612795666
fcf27b9cd834eeab,0.2305415754923414
dd9e809656743e04,0.4079582161092008
9cf20fc9b8513a03,0.8012746170678338
d929256e10f5e94b,0.5818940814837971
c7372107d1356264,0.7937470042721684
fb002ae965e2435b,0.3699413879337293
891d7ae2edccb735,0.7231319683234345
33b3795f9d4a8ef6,0.030843232260081274
bd1c976bfd04983e,0.6989770240700219
22d26961eaf80875,0.9594610294883817
3267d0aa9600286c,0.5990465770553297
f85b98ab9c2071aa,0.09643143690736689
4b4c86d64f258caa,0.7035039595706991
af271d6d690a0b0b,0.15245467333541732
8b1bdd0f68e6ab19,0.2114155465249557
aca740ec2df56ecd,0.6625026049807232
66cae06936335046,0.5604454517036573
8aa96ed1f09b6e82,0.9179454517036573
fb089d648c0fd719,0.4667924872355944
b3b39f3310bed9f2,0.5622246535375637
4c9ddb6a1c08a7ae,0.049112743565697614
8dafb6cdb58233f8,0.9674380014587893
8512f25e0995f115,0.7192575804939043
3e89b24f6780dfad,0.720716109200792
811b5cd3d60f8f01,0.4907241846410336
8cecb78a9a20021d,0.329899708242159
c726d19506a1a864,0.4415463165572575
bb71d5690f654fab,0.7637134000208398
01fddb547603eef0,0.44427086589559234
c6592de36f791128,0.30172814421173283
ccde7fc6a8ec59a5,0.2860563196832343
ba6d1493e3a1c1ad,0.7487373658434927
7dfaf88276d52a5e,0.6709518599562363
c09d65931e21624b,0.8879016880275086
f9544a6dbd4caa2f,0.05417891007606544
b374ef23d5ca3b3c,0.41542904032510164
c51f8b67a66b5aa4,0.9856285818484942
4793cb7dc1d36c4d,0.7115937272064188
c4a77a4226cf0e3f,0.4736159737417943
11b46e06959d7824,0.9206486402000625
75083fbf03436018,0.7083570386579139
44cc96b7436e60fb,0.8044584245076587
9c78ab8c7f52b1ad,0.49684250286547876
27c3ba5b3d6374ec,0.13390147962905075
09bad77cec8a0ea7,0.7259200791914139
7e5eaee69f7e8e60,0.32845446493695946
9701beed4cb2fd40,0.2689129415442326
a886ee5f5e57d356,0.013281494216942795
43322ba6466f83ae,0.41921746379076796
39ac7a6c910dc826,0.45538736063353136
a7624810eab99b39,0.6183609461289987
27ce336c13dd7f0e,0.217969157028238
35ec56371ec7bab3,0.8081530686672919
1033972a8d27b8f3,0.9606963113472959
246fdf152b78ea45,0.1785247994164843
67db089b7a0697c3,0.14072079816609356
51541de4865fee3b,0.47677633635511096
2e0ffa5c733d2a47,0.9371910492862354
c307a7a1d2e93ae9,0.8352349692612273
60775afc974d2192,0.39694071063874126
1af8370aec8adce1,0.7794289882254871
7adaed59e375f94a,0.4123457851411899
d3f971f17d9ab0d0,0.30032301760966973
f1eff57932ef0f4a,0.5840812232989476
b41ea8380984305d,0.6200192768573511
dac2137cd3aface7,0.8131530686672918
48da40bf199dedce,0.2614014796290507
2c36f80cd8d50da4,0.06337032405960195
e45c5c285ae25a13,0.6468362509117432
d57fa89c692abe6a,0.7289285714285714
0d5b889f910953e2,0.21113629259143482
a2bb73ef62a1fa41,0.7861605189121601
161e450caac64b0b,0.3558658955923726
870239c07fe84d59,0.6960367823278109
1a510d36c73a9190,0.44082161092007915
6365e056680facbe,0.4409951026362405
7e5efd56e82bc148,0.10980176096696885
8ddf8d226ddfa267,0.11865661144107534
aa2927ee663efd7e,0.5329259143482339
1969a71e6c309cce,0.4461052933208294
33e3103e2045fa64,0.1452482546629155
79d3953d4c100b9d,0.976884964051266
8a0bec565c237aae,0.45203631343128065
e7b2425696ad04e1,0.22549755131812027
1585c48da5187cc9,0.5481155569448786
b508d898d174eb05,0.7656884964051266
ae96ed3d88eb7aed,0.25358445347504427
3780b01a20d9aafc,0.6463152547671147
5d2ea0bc3f49f99f,0.6504722830051057
609566c49b16621d,0.1939858810044806
52a50658bfe832ee,0.6013525059914557
76655f684bc2518a,0.2560602271543191
507aa51e38d00459,0.3908278628738147
e7edc5fb783b818a,0.1532210586641659
3488c9b765c1219f,0.05754532666458268
60726ee6707bab89,0.8548752214233615
724b704c54783fd3,0.032325726789621756
23405c43202f489c,0.2056994373241638
0a275c8c3adc1e3b,0.201857611753673
ad727a83295f79c1,0.9260302698760029
9fcd517a3727524e,0.5743362509117432
c1a15f34e5189a8f,0.3972879545691362
ee586308edeeb5fd,0.6008234344065854
61323c4c907b9667,0.8313939251849536
dc6ad9b2ea237556,0.9663306241533813
fc261535991f079a,0.2649161196207148
199f8696fe22e8f6,0.33087449202875896
80c803fed1e7b815,0.09482989475877879
b3645ff1881e6181,0.27175393352089194
f077bcf8ba579026,0.5703545378764198
c98984325495234b,0.4734039283109305
2b1acfb2885f0207,0.1992737313743878
58aea5fe94bdc9f0,0.49827732624778576
13ce2e76f9ac9797,0.7706791184745232
585b1ae5f2fdf9d8,0.9325526206106076
c02d00f3c935fac9,0.4357366885485047
961c1ecf22020dd7,0.505400385537147
34a2c0730076cd51,0.8208348963217673
f08c72208c842a80,0.9186701573408357
3d0365b300b08d12,0.6081944878607899
7698d1646b1160a7,0.28310696050849227
46fe0812a4d6a0e5,0.3301463999166406
1992a8cfd9dcd0a4,0.8881434302386162
234824681fe92370,0.2766398353652183
66dae8fb83f01cda,0.20645279774929665
565a8741e734fb66,0.2973403146816714
85796d3a4623f1b4,0.16902573720954464
980c038df259aca4,0.07714728561008648
847d49fff22ffac8,0.8586589559237263
3ab579aad87803f2,0.07147389809315412
7c287939d256c04a,0.2360680420964885
9b56b63c1ce61e36,0.3588183807439824
2b2beb4ade849fe5,0.7166270709596749
ca97e3a639d0f212,0.38891867250182344
cdf0a515724936f7,0.4240374596227987
f0d9600d63271cb1,0.9072853495884131
61f6d6cd6e8ebecb,0.453465666354069
66bb128d75c1a31d,0.5189137230384495
ff6ace3df2f93fd8,0.06665051578618318
174f6de5e6fd0ce6,0.8899583203084298
f629016e686c93c7,0.829249765551735
8a5cd96071aee653,0.022123580285505887
47a56fcce1a48c57,0.9594672814421172
bc218a229f6dd8a3,0.3486816192560175
6700a0d8cc03fd40,0.681296498905908
bf07422782deaa4e,0.9747965510055226
67e5b268a06fc16c,0.15266515577784723
775246a31de87040,0.4485571011774513
a8c96679585190f7,0.027466395748671463
85e8b073ae9d6cb6,0.7939087735750755
8d783fa9a84a2016,0.8894016359278942
afa9ef8b36efca27,0.01010445972699802
292ad72f433b2ec4,0.2112326768781911
543a382acb950efa,0.3037855579868709
97eee667e12fac11,0.7195936230071898
f1594e042dbd4135,0.287331718245285
c4acac79bfd54ae4,0.22220459518599564
f1bc5cee7cfbe74f,0.3953764197144941
25e346e1b0340347,0.5693461498384912
53b71602a81f5c52,0.52765082838387
6d2d4b17736e595e,0.5656957903511514
f652427f39b6f10d,0.9773658434927581
1437d0c59eca00af,0.05137178284880692
d8980b5b1d68a4ee,0.7825752839428989
442b8a915014e871,0.6046978222361155
6a1e5bce20cbbd53,0.8927545066166511
ec75dfc7e578543f,0.1081353547983745
94cd35193b228a90,0.9600989892674794
15617a2281e76896,0.6765525685109931
ae22b29ad0d98702,0.3097517453370845
3e5ee530dd802ab2,0.3572025112014171
9304c1771978ab05,0.11598364072105866
635d5bab100147aa,0.5767599249765551
cf12cab6ff5fa6dc,0.6537571636969887
cc7ce49efd47f0a0,0.08073877253308326
20c507d578183dfc,0.7113480775242264
e29e2bc7c3e6ef41,0.8001471814108576
61e270d51cee0fe8,0.6502240283421904
a1cf27e43a150760,0.8577472126706264
9bdddc292578558b,0.197631812024591
fa0f0cb920abdb0c,0.8566624986975095
95dc87b7553104b2,0.9660425132854016
c268681605733a6e,0.23035531937063664
57f8444d376ead3c,0.7757450244868188
1eb08c4e2e2d0a0a,0.6260878399499843
65f04a475e60bc71,0.6196321767218922
54b86d86b2c582db,0.2683773575075545
ac660728eb9adcbe,0.4747116286339481
9dc70760c7a65427,0.934153641763051
707fa7577b28c00b,0.1802844638949672
dfc0ad3ac006f7dc,0.5194664999479004
d02c60d97c52824d,0.2626279045535063
68735cd4123d2c31,0.8748614150255287
e7fa76e1a52159ec,0.21487001146191517
8e2a48702b61cf4b,0.10034359695738251
7b4d442d12660d2e,0.24909424820256332
1879fdf1618adb5c,0.5547822236115453
28331b7b0b1598fa,0.021471032614358655
c27a3cd35a718f85,0.3127318432843597
003398b630719a7d,0.043049650932583096
70b9137733db97b6,0.4948416171720329
f0ea5635eb777479,0.7134096592685214
e80ca1e08210095b,0.8007082942586226
033b8feb5aaae03b,0.14209544649369593
ac6a54139c7c9d37,0.8932226216525998
ebc95757b2947172,0.27593362509117436
2fcf426035785728,0.5911894341981869
78996a14f02ebbe3,0.37198212983223927
a87e26d221511c94,0.016230853391684903
c5eddf448403ab6e,0.05838360946128998
e8da0e67e35aa293,0.38062701886006045
88b632eaf9356d3a,0.3871871418151506
85571b011c6fcfaa,0.9613775138063978
9013d63ab473f952,0.8095232885276649
960cad37cffe68eb,0.26324476398874647
e247eb8f78f75a9f,0.17216786495779932
80eaa51c4c8a00ee,0.17527482546629153
35849a3326fb87fa,0.15037720120871106
d95e6b933db44247,0.2415603834531625
c8d99c2ec6082321,0.22873918932999895
c9aea5e1048b2e51,0.7009883296863604
e01947dd147cbbce,0.12983901219130978
ae79b75a13c928bf,0.22415676773991872
ce571fad3257b3f6,0.01833020735646556
a95633f51ef3a7b0,0.04242680004167969
297c6928439e696a,0.9401349380014588
a4d78fd9f9ffb303,0.45149551943315624
2dbf5dac4bc14af2,0.8728399499843702
484f57153280140c,0.67621678649578
db3d92a2887ed53d,0.8102998332812337
0fcc2eaacbd92a61,0.01654032510159425
3b06de421485ddad,0.7185159424820257
3ab1395e200e5b42,0.6859093987704491
8b607b6592065a8e,0.3543461498384912
a58b1c259179dc09,0.8953422944670208
a84f2ec64cddb96d,0.9515640304261748
794ec7ff88727529,0.20255366260289673
7bec4fd7e9a158f2,0.3324236740648119
bb364b5bbcd978f4,0.9135417317911847
89b648a5f0f0ab12,0.4913316661456706
63de8d6c54817aa3,0.0033760550171928723
f379e9f71ba0c23e,0.4910409502969678
a4d79f83a661fa2e,0.6259393560487653
211b21d15b3b91a0,0.28842450765864336
1186f6b426beed22,0.23183104095029694
8dbf55afa93fb576,0.7081858914244035
4c37d40f77654769,0.37630457434614983
282449c18b62e5e6,0.8565121913097843
12472f1c83854116,0.9036644263832447
eb624c530d058714,0.44354433677190785
916aa0618dc412d3,0.6712787850369908
b9f7f01f0c234a62,0.8128712097530477
d6a72e0c5f8c9277,0.15508492237157442
888195334e946eb0,0.11609435240179222
f1aaca6b558ffaf2,0.2583528706887569
cfd7c6655e63d480,0.9099674377409609
d54c579db2ee74b5,0.09805798687089715
3d05c28ee2849928,0.9832992080858602
88653ba09b9797ff,0.16438574554548296
270649bc52035cbd,0.12345107846201939
164c0240a44d6755,0.42710013545899755
71d79d68a2b92f27,0.6884396165468376
9bb25aadd2b3bdb4,0.9725070334479524
b3c62935a53d8997,0.22777222048556842
e850d24192f9e415,0.2163332291341044
0834b059b33fe386,0.8791051891216005
57cca7c7ea10b6ab,0.29839220589767634
39483c2d8174f1ed,0.870359747837866
4df07eb70c71ec51,0.8916148275502761
771b30a38c390789,0.5627800354277378
65037a69f9336b3b,0.6682950401167032
97bf39056279f7fa,0.38532926956340524
1a2d12af54623039,0.49329009065332924
e649d739e4cbe4eb,0.9684273731374389
7c35e8ece8dd52b2,0.8191390538710013
4f679f800c6abb6d,0.7710685630926332
42a8a8ccd4f9f9e2,0.08772142336146713
662eb31e5ca29cb7,0.44070100031259773
39a75d0fc9a932b4,0.49453787641971453
f80b6c96f9ca16ca,0.07789621756799
d1112438bc117eb4,0.65472647702407
2a23256f8a1b1dad,0.6818130665833073
e3da84e292717dd8,0.3939105970615817
b3da0bcad91df631,0.8481064395123477
b7317d34b8035aa3,0.4078391684901532
263b44530f890156,0.6171540585599666
4908216a464f51c6,0.8351646347817026
d0b576af5fedd973,0.4451800041679692
d53abab056eabccb,0.5806535896634365
9947a71c07c08013,0.6609737417943107
e3f83e6765042b60,0.679507658643326
b5e1fe2cd612caf7,0.3287941544232573
2c979dd3ae786b0b,0.0165668959049703
37ebd133842ac652,0.8811227466916745
8d7452fc00bad24b,0.7547978534958841
be4d73360ad37873,0.3770790351151402
40b14de62d50cd96,0.9977664895279774
e8b95e5aac14d285,0.1850442846722934
545aeb4e5c2808c7,0.4821438991351464
3ea943e815e609c3,0.26894732728977805
9c3663c00fb99ff6,0.34617172032926957
6806a16705d54743,0.6623520370949255
9658ef3f8e3ed080,0.7659875481921434
72aca7fa36feebdf,0.5702649265395435
dfe86e43c4930991,0.599937740960717
4f82ff5b5651d2f0,0.23268208815254765
d13da56afbdee207,0.47342867562780033
0dcdbb940af66121,0.21634703553193707
0e09773245767eac,0.27781181619256023
b186bc9610e2b533,0.9544615504845265
d54841a2e0a4cca8,0.9427245493383349
166c017caddab251,0.8998796498905908
a23f0288384f2f2d,0.4272577367927477
4886d310e5914363,0.17931619256017503
41edfc6111e88f1f,0.22525893508388037
0f33a4c86170e40b,0.47087787850369905
19bac5bcc4414e66,0.040523080129207044
88ddba34446d1ade,0.4065231322288215
a8dfc97deea7f5fa,0.7451021152443471
fbe5da4001a21c4a,0.21222725851828697
8ea535444187b6ac,0.2645185995623633
1be66765efbe9174,0.6139288319266438
05f16b595e33f77b,0.34390486610399085
3fb3259efef9eda0,0.11186125872668543
43836f5657b092dc,0.740541314994269
26ac42441170201f,0.9080449619672813
12a4ec2031ef6174,0.12556502031884964
d8e7f33605a80ae3,0.6187800875273523
d6bde3bc380d8735,0.5416544232572679
9e0c178f3e852551,0.8233492237157446
88a6149ecfb1f651,0.47889783265603836
54a33fc8125490a9,0.3453834531624467
2930f4f063583542,0.31676669792643536
5092541f5024187c,0.09715301656767739
e78a593c9b385330,0.5733763155152651
a09be3a8eeceee6f,0.8866656246743775
7010ac1b44772de3,0.29531337918099404
49a17880c454c7c3,0.2054207043867875
4e36cc0f1383ebd3,0.7263978326560383
ebdb25864f6ce1b9,0.13136370740856518
bdb72360a5581c6d,0.7073192143378139
8c698e0fbcb6a090,0.3496590080233406
9c350ea7550d8378,0.1574505053662603
a8b88f7bb8ca6361,0.2694672814421173
3d326c98287fba6f,0.3046217567989997
f42c01d8b045f708,0.7257580493904344
8e5d62b3ab696aaa,0.08473950192768573
6224caf3c72e7ee3,0.5583755340210481
926fddd6b2ee63aa,0.017054548296342606
922cf50522b3b88b,0.716848494321142
7d0fb10204af6166,0.8580522559133061
1a76fbd031e39a6b,0.9605035427737834
fd68ea29d356dd75,0.20429639470667918
03cc36191251ada1,0.5681697405439199
99b5bb0b92d8a55a,0.04543737626341565
aac02a9d632924f3,0.17894654579556113
5d220b8e18201d3a,0.2080217776388455
14fc1d6fe2d4e69a,0.8875833593831406
35e119f52196b1ba,0.09374882775867457
40f1234b5a30403c,0.4693185370428259
d59ccb5d557c022e,0.7480684067937897
0c385e728de38f99,0.3653803271855788
f8683477a2ab2ade,0.8776417109513388
511fe8f39056b9f0,0.5306012295509013
c99c5d897170f156,0.5266382723767844
9d753071d21e6c36,0.4170092216317599
9e9289f66961c664,0.6968789725956028
5f8b0d75fdfecea0,0.16147806606231113
9dc13c482e059e6f,0.28476867771178493
3f87fc97c66a3191,0.7799398249452953
1b3f3ffb589858e3,0.2504480566843805
5358785efbcfdaaa,0.34878555798687083
57193bdf5b9a6b42,0.6943669896842763
4ba6c061c5bcb057,0.9483721475461082
218a85cad268eab4,0.864758778785037
f93dbe2cfff78101,0.5684802542461186
a8481146cd533ccd,0.6274843701156612
84b0e8fa750b7a33,0.4028985620506408
fdcc76060f099b01,0.07285870584557674
300a47eca14f8974,0.743093675106804
14218faebac40dda,0.33856048765239144
6df2c2d2e3c3a7a8,0.6566145670522039
73b49cfc1f3e9dfe,0.24281728665207875
7f686a76e0a43e5a,0.30814499322705013
bf81324a27520bde,0.5348171303532354
f5d463ec64cf0b0d,0.3256246743774096
7b0554b8ca04f697,0.12155413149942691
e1b2fbbaa6be8596,0.42537199124726477
1b881aaa4217102a,0.5056145149525895
c212840fd1764342,0.29616937584661873
ef314439dbb365d6,0.0758856934458685
1772dc13f02d39b7,0.21919584245076587
b9ed04801fc7a354,0.26448812128790244
105a3d1544b0f94b,0.6741981869334166
78654baca9d1378e,0.9667935292278836
9bc2056512b6d4b6,0.4535612691466084
09c4cf78e2e7adc5,0.3497793581327498
b2555ae21207d05b,0.8041643221840158
ae348fe15c764802,0.12817625299572782
f0124c71b8a4ad33,0.6676281650515785
b56dc4e690b38942,0.2731903198916328
f780521ce14740f3,0.19536443680316765
dc6f043604dd54fe,0.30450140668959047
e07db4ab9d64f3ee,0.739976815671564
8afd23b140e4bcb6,0.6688222882150673
11bdf36dc7a35404,0.1538900177138689
4996a5c048b055d5,0.8158734500364697
623d8021b7d32292,0.6572738876732311
9eaa2f70288d4b3f,0.22928571428571431
9b0054be7988059a,0.3757400750234448
3952d82f6df456f1,0.21848103574033553
8533f9a63a9367b1,0.5063889757215796
391d9fb2c3bd6fbe,0.004994008544336772
101b529dd70a1e11,0.04121730749192456
85b19b6a46b45156,0.2511105032822757
a4b17c05d90ca2b2,0.5965861727623215
194ecba02d51bfb5,0.14417917057413776
20a12da2d8890e93,0.146119881212879
2df9214ba1de660d,0.5161138897572158
bd7e307eb75933e1,0.6650028654787955
5e0b0dbe5ffe6e83,0.999
bf3a6cfc9a1f3c80,0.44319995832030834
82ae8090ca11b2e6,0.5432390330311556
4901ed9747386ca7,0.8037467437740962
53084b49be13c52f,0.7662602896738563
0263cc51aa1acd4c,0.6668680316765656
41e313f2355b137c,0.6611188392205898
51a37cfce403f12f,0.350259456080025
df4f484e6719459f,0.1800854433677191
de7f255e061d07f9,0.4392341356673961
741683772f1576c7,0.7442653954360737
54c7fb2af01e96d6,0.9134117432530999
24c542dab399c685,0.3250427216838595
a1230bf06c58290d,0.273168959049703
900e15461a12870f,0.766058403667813
c089536a25834f70,0.3202914973429196
afc3286b544f0040,0.7643912160050015
c61465243a2221a5,0.6483221319162237
cb1f20d4bb93c243,0.36414400333437535
30725d20e5558b56,0.37988251536938633
94ce3e10e75f90a6,0.14846384286756278
48d0b89d569495d8,0.6289259664478483
ff1ad6d36283f697,0.26770527248098364
72be68b75d2c814b,0.17794961967281442
e4b90062b12b7030,0.9274914035636137
d6323a665e446722,0.284079920808586
2d37f4baed1667c1,0.6493836615609044
05781aee37a18dac,0.22808481817234552
de24d558a18a9f32,0.30680551213921015
cb44379989560ff1,0.21732260081275395
eb333ca8ccdad2c8,0.4875507971241012
1d5cf29e044bf468,0.7482442429926017
172401cbfcd665a3,0.7067888402625819
8247761544773a90,0.005762998853808482
5f2c0797f7cb831e,0.12609044493070753
a7edbfd2acdf8ad0,0.35004246118578725
fdcb685349aaef9b,0.6863353131186829
1568e5a308c50e7b,0.8870204230488694
53f5f1c7014efbaf,0.5932413775138063
e992034fc58854a7,0.2573960612691466
b1fc334e48e20c8a,0.08606621860998229
ca9f6168acd90b8b,0.15623319787433573
929bd47a71c6b958,0.9866609357090759
f7ee05e2b2ea34e4,0.4308632906116495
2f3fdc90e73536d0,0.05893925184953631
b43f6d156041778c,0.09136605189121601
6b0740f130757056,0.1631520266750026
9f1200bd8ef18393,0.3717054808794415
bf0849396acf9180,0.08030660623111391
58f62b02898dcd7c,0.9943649056996977
825b360a284d4a2e,0.10466838595394393
0274228343b0c7cc,0.9072225695529854
746ca6b736caea7b,0.023614931749505054
69cadc81ce7e015c,0.24632515369386268
295dc3bdd969b7cf,0.776730749192456
e0c7aeb2471c9ba6,0.8174734291966241
a7c128e7baf08587,0.40528967385641346
74ac5ce19092de45,0.548153068667292
5642496d768456f0,0.9315252162134
9568d09b37d48147,0.6462488277586745
687eb07ac1ec9aba,0.3494094508700636
1131d59f818ebfc7,0.21827550276127958
70d46c4ad271dfcf,0.41962826925080754
333d8235e3bd1acc,0.29068224445139107
f9dc0ee30937f393,0.6417359591539022
e2e48b863ea7d61c,0.685360529332083
96ad67d29a15ec47,0.6710500677294988
998b0ea49069c858,0.12664035636136295
cbf500fe483dca27,0.34640356361362923
32889f39f5c7e4e1,0.26566374908825674
f87241418df6147d,0.5607804522246534
afed174cf13b9d7f,0.3824643117640929
d52f3c40480519e8,0.8497707616963635
67306d595867bdca,0.08522689382098572
dc439b5c79486948,0.4211529644680629
35089dcee9e9ba1c,0.24100448056684382
61b5d6ef5f241490,0.2708823069709284
45f5713dcef10264,0.5003097322079816
2a3053d58302242a,0.09131785974783786
0998f38d4d069491,0.6365179222673752
accc2c8ae67e6063,0.1487029800979473
9f5292cbd3806d79,0.32606752110034376
1fb85b95e91ae45e,0.30673361467125143
faa0394464cef2e8,0.08111623423986662
af95309c63fadc79,0.4959318016046681
b8b45d6732b08fb5,0.3344412316348859
66966f55862259dc,0.5488793372929041
608333309da6527a,0.7648017609669688
36dc5921a7d84ed1,0.5377961863082213
27813742ebfe2b33,0.6484919766593726
211d5db960ca61c8,0.03167057413775138
5b186ac0d11513b9,0.9830441804730645
832d1c008bc3ef2b,0.84923569865583
7d4e4f8d7d40dcfc,0.29377461706783375
f0dfb22c3a27665d,0.833224445139106
407451c452cc5d17,0.8307984265916433
56928312feff0ba3,0.5558114514952589
9454541a6582c13a,0.34682374700427215
e6e2f33f21d593de,0.038555798687089714
eaa2910769614f8e,0.12933937688861102
127bd9796d970cc9,0.3402130874231531
169858f0ea055525,0.14911508804834844
47a3a9c393a619bb,0.3796071689069501
d25e98683c74aa8c,0.4148793893925185
4f2ec1f813538809,0.6096350422006878
8e5753d72777a9ac,0.42548087944149215
d9cef172341ac628,0.9950515786183183
d2c6b2e087495365,0.7357059497759717
5aab483da67d16b3,0.4448965822652913
ad319fa45d964c5e,0.8874807231426487
730d677b8c968e37,0.175159164322184
b1e38b684248bd0f,0.5925599145566322
ccd097c32d7ca7c0,0.32062545587162655
4cb0f5de29f8b8a8,0.5153923100969053
902aa8ae7819a527,0.01250963842867563
36cc1fd78eea46be,0.8788032718557882
5b8a6b0aae157e06,0.7526474419089298
d371f4cddd5ab580,0.24893430238616232
a07311ae113f1cc7,0.8594933312493488
8ff382f017152a6b,0.6545417838907992
bfe18fe096f61209,0.40894836928206735
97f3a3f55f767d91,0.2742010524122122
a4058a2e4bbcaddc,0.7345495988329687
6dbcfd20040642cf,0.06935839324788996
42a6b3c10ef18f02,0.5632562259039282
9d7f6f4e136504fc,0.29597322079816607
0165f411bc818cb0,0.5742375221423361
bffe1b12bbe69fb2,0.6602120454308638
e01b40b1d6f30df0,0.8483276023757423
3201c568d1d26470,0.7882064707721161
0affa4eadbf1db83,0.8464983849119516
ddd3b7b0ab9f40d9,0.901016202980098
ec738c2ec1bfcd80,0.05951104511826612
906a954f8e1fea07,0.9252125664270083
cdbfc59fb04fc180,0.8534396165468374
2d4770eef88200b3,0.032183755340210486
3d18600bcebb32aa,0.4553594873397937
3e050322f92541d9,0.33513024903615707
1221e13593768788,0.3143154110659582
e7ea980a9b3cc8c4,0.42788788162967595
398953f786ac4845,0.867347608627696
e8efc32edeaa174c,0.7990158382827968
49f061e869ee997d,0.6255540793998124
17668415b4ad9f20,0.24424455559028863
81e71cda520c7c11,0.729486818797541
7c48e5537ec69161,0.3749874960925289
7b6ba45bf7c43e21,0.4716359278941336
9cdc08694020bc45,0.7530241221214963
60a026b4a766753d,0.33285479837449206
719db72fef47ca30,0.33286782327810777
c0b5b808eb068fc6,0.45296707304365946
b20616efa1e51758,0.2713027508596436
d1c2190b7e54ae51,0.14801760966968847
88d71cf388b60bf4,0.7110774200270917
c2394a42025bd869,0.909666041471293
19b165b652dbcda4,0.7904636865687193
c17841139e5914a5,0.8433067625299573
5549a53bbf9d24be,0.741537720120871
2da830aa5b2812cb,0.29540299051787017
fb36e8ea3112744a,0.4644701469209128
3dcfee7f0efc084a,0.836803688652704
16a97d3860c22e1c,0.78920756486402
6322b2e3f7dca7db,0.5084318016046682
a48ff3331f89fc6d,0.5461727623215589
e07a96472008d97e,0.9611039908304679
42af4fb223127bc3,0.3070305824736897
4aa484762f1d25ae,0.725464989059081
c414fb964c9cbb8f,0.6716291549442535
397cb89e6ab8a959,0.706864124205481
2e9d9d9e0a6af0ff,0.7209792122538292
fc32ff9c59a22f95,0.05743174950505366
5783d334ad7f831b,0.8868573512556008
dbaa31f9fbbb6219,0.0665960716890695
93eb228beb06de30,0.19919740543919975
482d6bc5204e5ae1,0.36625820568927786
7128efa4863f0362,0.5457207981660936
ba5809f410734a94,0.4213754298218193
a571eb5010a2e299,0.26013806397832656
ad6cdd09fea09683,0.7258265603834533
fa9d2cf12e72efce,0.7062907679483171
a8ae0f9ef30ce81a,0.9664606126914661
3b234a17219db0b1,0.07047410649161195
25b24a0734045bd8,0.9146722934250286
771f41a483c9f8a5,0.48701286860477233
22a6c4ec274869d7,0.6952951443159321
e48895820558223a,0.09223637595081798
02c11767f29d0426,0.08693862665416277
d686fd200c65923c,0.954636865687194
adfe117f01ca698a,0.03840705428779827
69f3b49837e76dc6,0.532754506616651
2e72632e2ea73631,0.21803193706366572
3207b91e24e27568,0.2986771907887882
95f22517cd16a7c2,0.25215562154840054
543936caa0e83a72,0.27197457538814207
58c5c659df736b0b,0.04270709596748984
997b65e2ca34d529,0.25593987704490984
75bd9c566434eae8,0.22568563092633118
14088d0f66d091e7,0.9463710013545898
4014d97b63499622,0.43027508596436387
f9d10471eb47111f,0.7445040116703138
545fffb7628e26bd,0.12601646347817025
9c45d75bebd4d820,0.024458945503803273
f710caef77284ef1,0.7147647702407003
e4bc3c14c4f4b1a8,0.50914452433052
392b17be6354d3a9,0.44713999166406165
9cc8d07ee090f377,0.7735630926331144
b2fbccdb690a2b84,0.6796267062623736
291257ccaccf9d11,0.6796621340002084
c9022a6ee3a5d7d8,0.19330363655308952
19a688707e160732,0.15895696571845366
84bef4f5323ebd93,0.8903352610190685
a3e5e1903e0e9682,0.4729246118578722
3b0297530613b732,0.17172579972908203
ca0fa3062d6f947a,0.6638603209336251
aba2a7eb167c6548,0.71884286756278
7dace0a49f811059,0.6390671564030427
522ed32d9fdf2d72,0.44398588100448055
8771c418cc219aa1,0.6042041783890799
1b8f8b528f041137,0.014334687923309369
a9112add272578cc,0.2835487652391372
e722b584b816d2f4,0.7031152964468061
324dcb8fa3962b96,0.5340429300823174
ee84f939a7ab4e14,0.8112743565697614
f7a5683abeeb512e,0.23691127435656972
788dec8bb41081b9,0.08157210586641658
20880910f50c0159,0.5522699802021466
a55d2babd6ac6e05,0.04661613004063771
7c5af2b41b2f1889,0.559048400541836
af9599e0e687edff,0.2580861206627071
96de608fb997caee,0.03333255183911639
ef99f60d68f58a7e,0.9630269876002917
59d2159096523cdb,0.8795657497134521
606abd74dcfa442e,0.7786615609044492
20fdb4917e7e9401,0.16983015525685108
a3a5ff27339bb075,0.6525750234448264
b5ecb5c63b48ec75,0.8359810357403356
0a039166594e063a,0.10847660727310618
62bfe04683f51a3c,0.505109409190372
b430c4d5161b59db,0.8916721371261853
a385f4145be5f5d0,0.04651036782327811
904e0bfdad64bd43,0.9197577367927479
0f4074528657c491,0.8102680525164113
39e4468b2f4b7935,0.4451987600291758
9125b00413b353d6,0.06297697197040741
fafd8063bc5f5cec,0.4891453058247369
6b06401ff364064a,0.064713191622382
e5c9addac3faca6d,0.2567687819110139
d12807d748517f6e,0.3519646764613942
828de307532bb29a,0.9475041679691569
2799da617b3128ab,0.16212931124309682
7b6d6ea6d9feff86,0.01511800562675836
0627c402fd75fb9d,0.919198447431489
a1bb99f3b749279f,0.31553662602896737
ceac2c53c27234d5,0.0521074294050224
9b3de1b793447910,0.19750208398457852
76a426cfc81a4d2d,0.5401867771178495
abac3cc21ba1b309,0.17092997811816193
4e8b9323fa254334,0.6695957069917682
1a4205578a28486e,0.8018735021360843
fa7dfc3f7d4a1344,0.6586904761904763
340b1651b36c8645,0.36896295717411687
73cf2e26157ed703,0.8216049286235281
87add43c2ce1b06e,0.5666781285818484
01717bfb5b3542c8,0.7677300197978534
70ca05c9213444aa,0.6306179014275294
0684a9a80bfd34b3,0.21597582577888924
8c2ae373e2809c29,0.2923614150255288
331341a7f1c33272,0.6231025320412629
97078c12c161c701,0.5301049807231427
4ddffb1d8861cc54,0.14222882150672086
2dbc5e3027b4817b,0.6157088152547672
8fcb717c71bb3cfc,0.48095420443888715
58ed220fa88a029b,0.029524330519954154
fcad4ebd837b0031,0.32203605293320825
0792e52fe2c9b711,0.7724210690840887
576de6970c4ba90c,0.6176008127539856
930888a00b16e315,0.8411409815567364
bb00b59f720aadc8,0.6764926539543608
05aad23e028bea27,0.49048661039908303
0ccaef7346d2eebe,0.4500270917995207
bc31c0a97c89dac1,0.7871373866833384
239478b0c695aad2,0.4198298947587788
6d59238e91d3c6d6,0.5379524851516099
02b6f6002980042e,0.8007781077420026
0164fc5fb575ee2b,0.4473220798166093
d8ba5ce01fe8a09d,0.6736115452745649
173b378df818b167,0.09409607168906951
7f5edae9b09a208c,0.596870897155361
0b5662c2a594c20c,0.7002977492966552
55ba1dbed1a641ea,0.6742151193081172
c944ecb134192652,0.9059643638637074
3984b7d478aec2b1,0.8988347921225384
f6ff304e4f459ab4,0.8793039491507763
a49951ac9b42ceab,0.5696691674481609
4b48ddb6a65e584b,0.9647955090132333
624009526008e265,0.41110138584974476
9ca1f3fd0ed031b3,0.640382150672085
dd7e10345355a17c,0.3998885068250495
a324ae18d57bb12f,0.5888449515473586
f3aede6892999fdd,0.40024174221110764
798f779dbd13fb6c,0.8988400020839846
21481b4c28f91b47,0.13911456705220382
8529066c088169cd,0.031870376159216424
7e93ed2093de4112,0.2581267583619881
51687c7ba8a553be,0.6360735125560071
4ad8b585409698e6,0.1089848390121913
eca2dbbd4829118c,0.6772835261019068
7a9bea3f50549e57,0.5512107950401167
e53cb4d81fe012e8,0.5741247264770242
25e3af07b73ccb43,0.352886318641242
939b59f220b94ec8,0.357769355006773
9618c75bab14bdc4,0.8870298009794728
2ac483615d4696d4,0.9286021673439616
b357b45b22852d5f,0.21095055746587477
eed158b983054ab2,0.12286209232051681
25b699ec3d33020b,0.8716187350213608
fabe692869cbf6a8,0.07269433156194643
e30cdc55701f891d,0.6019732728977805
4e247c59738e0754,0.6284849432114203
eb6c93bf83ef9f01,0.8034932791497342
4b2a51b89182eb2f,0.6935722100656454
920800c7a752c35e,0.027650567885797644
00e3f3638706ad20,0.523819683234344
3b68344f608e8cf6,0.18567599249765554
bd0092d0e87dd02b,0.42583229134104406
d3020752ddea13e5,0.5512821715119308
679a41beeaebf503,0.8044928102532043
7fcec9e71dcf18cc,0.3215817442950922
735724a234bf2816,0.6871462436177972
31cdf3e24ce53af5,0.49756903198916325
58b83792be0f6321,0.8507452849848911
2a84a58cf96025f5,0.05239996874023132
9fcedeea63586bf0,0.8003873606335312
d9de7aba8c682fda,0.1581085234969261
08572215a3892815,0.3646720329269564
b488884763d551a2,0.7538999166406168
c30e80405d6e58b2,0.17534568094196107
0c86a250e70f6eb2,0.4775125039074711
a11c15fcf4597f82,0.7546097738876733
2caedcb4ee1a4103,0.8905556423882464
f91d05eaa3df539e,0.43083150984682717
8bba0a98ae140af5,0.8036313431280608
a987e81632676043,0.6601341565072418
f50807d17b5c038f,0.7848562050640825
ee12454070596716,0.6416440033343753
b6e0190c3e5766ef,0.935300875273523
a57b30735e272a29,0.06636474940085443
ca66fe2ee058013e,0.6915523080129208
1969a8349757d32d,0.5559703553193707
a5bad4f4702eb96b,0.2800789309159112
2f4ee5ef7a9e32ab,0.9544339376888611
abb1f9350d96ed70,0.33708789204959877
8a663152856f606b,0.11125846618735022
5965e2be33eecfc3,0.0864408148379702
75414a1e69d6f205,0.6306567156403042
0d6362f82430762d,0.6460211524434718
cded8976cdbec569,0.5589551422319474
2f21d9cb88d7004a,0.6711727623215589
bd0809d01c93396d,0.9212905074502449
d368fd4152e904a0,0.8220597582577889
7a088b0bef4cb74c,0.34812285089090345
dad9460a25f9913b,0.9195691361883922
50f138449e3fe2e8,0.46076117536730227
53eecae41b9614fd,0.8729991143065543
c88755b5796bc0c9,0.8396483276023757
1b2bf22690f55b23,0.3192989996874023
4c0b6078692f7c89,0.5632366885485047
d310596293c8f04c,0.4743388558924664
3a724ceda4c76f9c,0.04099666562467438
57c2219b4f1a0a5a,0.7164574867145984
6069a9ccdba45516,0.5968229655100553
504a8185dad726d7,0.7238936646868814
c950477e87d58094,0.16586224861936022
9f1e86207b2be555,0.905842190267792
69051b19215e3e0a,0.5154730644993227
7f70b72d97083c7b,0.7312048035844534
61279ec74a6d3645,0.11786313431280608
4a35368f7daabf53,0.4380319370636657
8730f5f1237b818b,0.03582343440658539
f9492b545b552f5b,0.7134732207981662
a5e99c4117b486a0,0.5186537459622799
c10ccbadcdafc1cc,0.09548713139522767
e0d15a865fdfb988,0.24221371261852664
eb916f460ee1b545,0.3727136084192976
1b7bb61fe350c5ec,0.27329504011670314
03e5516590f20096,0.37297514848390123
18e0a9eb3145a82b,0.07350864853600084
39cab30b8f09a081,0.9770602792539336
dd47b13d3aa2de79,0.23142518495363132
6a431bf1b07deab0,0.783437532562259
2b0db9b43f8d905b,0.5499887985828905
363b638b117d0e37,0.030400125039074712
87518c28a26f4d41,0.001
3e73b6c86098ef20,0.6985445972699802
f7580d024f627389,0.2210151609878087
626946bf85055423,0.1802954048140044
1d4ec81574db910c,0.43590809628008753
eb3384eb6ec0ee10,0.17261149317495053
ba1a0a18164d2ed4,0.22373033239554027
8736a356e18687f9,0.12200479316453061
f66ad6f9a0d13057,0.4310396478066062
6781beeb2a94c80b,0.5431090444930707
45ec50d9e9b762dc,0.0938199437324164
f993d49be31858db,0.549248984057518
68630d40b3d8c8a7,0.40731895383974154
790d0e863cbc896c,0.16591278524538916
6b9f40e1b5440454,0.2114968219235178
5bd12aaf1d87cfb6,0.5559359695738252
9593f8af8e49622c,0.29048713139522764
7787873ef39eb65f,0.7315577784724394
3b43be2428bd133c,0.3226107116807335
51614174133f7405,0.7749499843701156
90ef1be7933c7d32,0.2612324163801188
b9b0bc5968838ca2,0.3081931853704282
34854ac0b59be9cb,0.6205848181723457
552972fc397a3d7b,0.5777618005626759
538cce811be930f6,0.9374588413045744
3684947575a87995,0.9001854746274879
3458934dca749c27,0.5793010836719809
777593519303d6bc,0.7024166406168595
c998d0d7e544f18a,0.551857611753673
a23ad55fcdc44126,0.754770501198291
628f59b52e0f1abb,0.929131238928832
f55fd4a896009b37,0.20967984786912577
891966bf8125b263,0.18975122434093988
31a036f4acb27daa,0.6874992185057831
b329a2756c4e7e5c,0.10496639574867145
4abec7b3aa11b00d,0.30007971241012815
506d7e6eca5fce8a,0.22309992706053974
93767eb66242b1fc,0.9522561738043138
f07f619af08f71e3,0.981825309992706
067779ad870efb29,0.4557570073981453
5772509431f3d5d1,0.7089778055642388
562161d24bca87e5,0.04219964572262165
f3e2eded68a25564,0.2801427529436282
4e9f50f16ba04465,0.2779949463373971
a4208a55db792b95,0.34542565385016155
9540d1c34ce10213,0.27155569448786077
3b047ea1a379c251,0.3964324788996561
90c24520deb11d2d,0.3693159320621028
174bf54853f8e212,0.36196233197874333
e32af9607e1574ac,0.20494659789517555
177d7eaf2ebe4bb3,0.0067119933312493486
1d3872dea5918cf8,0.7886790142752943
b6641f418df5107a,0.5921022194435761
7b0a91f0c2754446,0.8875716369698865
3074d01b6d512da1,0.5058705845576743
a1ded8ab2ac8cbc3,0.265519693654267
99d24231acc81bda,0.8693521412941544
ff0efc6b635f0dfe,0.46204308638116076
4b26bc2a5271e828,0.38644810878399494
323cc294321346a4,0.5737193914765031
1c5da1e20342a0bf,0.47181306658330724
4f414677966cf8e5,0.33968479733249973
a08962f7cf8ef6ea,0.9620063561529646
e6778d3ce59810c5,0.21034489944774407
944d32b8f9e9db1a,0.9600729394602481
e5c8bee2002b6ca3,0.8871621340002084
fcc9190b336ccdc9,0.1836764092945712
d8c0de2ec20dd583,0.5171214963009274
fb55a45c51379250,0.09537199124726478
d6e81f789123be62,0.3759982286131083
2653ffee6d9f5abd,0.8908419297697197
daf885e44112d6f2,0.6863069188288006
a75fbb195a5c31b4,0.9919193497968115
d6946d6a1e5de8e0,0.4425513181202459
262eea09fa9fdd15,0.0750841408773575
0661f0f9daa76a96,0.6284620193810566
3796742963319893,0.9305202146504115
b7d31b3502739b04,0.6723778264040845
ca3ab2b2441679fe,0.5195647077211628
6ff3c95261a2e60c,0.07105475669480046
296198ef516bccfc,0.05383609461289987
fd7387d23f2c2e12,0.5576971970407418
705f7c9f6f9a1ddb,0.16317807648223404
664080d9a44e09d5,0.07778837136605188
d7bfb116b3f0171e,0.5649320100031259
df7650f2e15b685c,0.5453105137021986
13d553333a49e1fc,0.13700844013754299
d60997f0da2b3161,0.17095759091382726
e3dc5b0748d9d1be,0.9922934250286548
126cc7a3354c3a59,0.08543503178076481
68c831e307f80c40,0.023712097530478277
4c10437c6f1f749e,0.9887727935813275
4de56fff18170df4,0.24154683755340212
93ee64e43ea9b0ac,0.6228907471084715
622e27b7a834d371,0.84371678649578
8283fa9a80b68052,0.21385823694904657
3cbb48910802e9b0,0.8486055538189017
898c4451fed60e39,0.5362136605189122
560b7b7af9fe8dd1,0.5522942065228718
bcc595e893e2a797,0.29993904345107847
cb2fa098224a9f0b,0.6048132228821506
9e2a88f835bbb5df,0.7586204022090236
07e1bd9a166bc257,0.7631733875169324
10fdd890be2462d8,0.03786052933208295
34a7adccbdf4dbe6,0.8450203188496404
5dca94f6e13922ed,0.3016822965510055
be032af3265ed2f8,0.9773582890486611
afebc493854ff065,0.09789048661039909
755bf2132b96ea88,0.061755757007398146
11b6872eb913fe4d,0.11023887673231218
5a73131a74b5e6f1,0.2556251953735542
a1445f34ce4c970c,0.6760917474210691
c84303c64f096b4d,0.4987936334271127
ee5a57da13fbcab4,0.7637084505574658
9e237fe51b937f8b,0.381544232572679
04c0ce452fa54511,0.5451344170053141
e4cc4cfb493c102c,0.7569777013650099
13ec6848e5d8c7ec,0.2765455350630405
8b117511fb3c0bb5,0.8147421069084089
45109a7dafad71a4,0.9244870792956132
be5d51769b283a70,0.7569972387204336
4b049c030fc355f2,0.5651859956236325
e1b125afa19663b9,0.5682200166718767
7f5ee99bec52fb31,0.9551836511409817
0ea477a7bb524c43,0.5046887048035844
b2ef814029a4593b,0.7022225695529853
54642bb90de7c651,0.24846905282900905
5562db51544efda6,0.4940439720746066
8c3fc61ec6b0570c,0.6965155777847245
19990ada3d732a59,0.8221879233093675
d4a097538c2270df,0.5781991768260915
a8e6780d12272bb2,0.7681994373241637
0de7c0afdf2ac64d,0.5584906741690112
ec3a682eb391eb7a,0.4380178701677608
de499b3d3aa77620,0.41511618214025214
bb95d7738f26c137,0.36613785557986867
76de6c48fb303a99,0.7965048973637595
f54db052a2c1bf61,0.8980707512764405
d2b45f024d0f9012,0.8377529436282172
26693e446f60e43c,0.46840444930707514
00fedb2a014dd220,0.3735755965405856
8b353042d65300c8,0.8532674273210378
90c55b1f3ca98c5b,0.10094612899864541
b874c35d79d74f6c,0.5768724601437949
d482eb847a0a40c6,0.3402526831301449
fc4d3a97478802f1,0.3962681046160259
0a7a2b85838db506,0.10505183911639054
c697f27fe38b040c,0.23460925289152862
a4d2009627d556d9,0.6637597686777117
1c403f2124470ed4,0.055751276440554345
33627e42df750fa3,0.0529272168385954
ba9bd925e360f225,0.42076247785766385
ea28b791d0295ad0,0.4958242159008023
d149d439304c8705,0.12510003125976868
536b709bf5515eeb,0.2520454308638116
88c0a8061e7a3795,0.7332168906950088
8764acb490f19b62,0.21156064395123475
417f76acebadcb48,0.8457893091591122
475869c5be3c507b,0.46320933625091176
3ef8009767c7fa25,0.9007218401583829
b554efed5fb706fa,0.8511959466499948
84da50183b024285,0.266498645410024
a4b1d18f46aa981c,0.04749244555590289
9b47e555a004cdae,0.34646686464520166
ef262814960ff13f,0.6558773575075543
5c0868ac8eafc7f9,0.3364900489736376
db15a0f6f796aefc,0.05491351463999167
9e813d48e7fed678,0.7067979576951131
7e45e93f027eadd9,0.872767010524122
bba24189518e4411,0.811480410544962
80cba429bade3fd1,0.07019328956965717
ea2c64045d0a1c12,0.695309992706054
6eea65bf31a2bde4,0.1415559549859331
986a532aee033e7a,0.2801849536313431
d254bc6437766f3e,0.3136850057309576
3c2c4044a5a205b7,0.4119224757736793
d1698b7f7ce2ac63,0.8289077315827862
5615043a1f36b137,0.0588168177555486
fcb9321c88377fa5,0.0142786808377618
885250c55edfcb6f,0.4666716161300407
f48232723a1bd05d,0.9632351255600708
27b4eb77530a112c,0.17654293008231736
98a1669bde0eac7b,0.9509247681567157
c85cfc3341c8708c,0.07683130144836929
8043ae38af9b3ce5,0.7782674273210379
babccd7388fd8c21,0.42948004584766075
28aeae730b623cab,0.2690767948317182
4bf1da87dd838f3f,0.06988173387516933
8da93da167404e45,0.7581916223819944
4a0a3077b5581645,0.5597970720016672
bfa2d19017923568,0.4082616963634469
5f6e00c966c5f59f,0.8585185474627488
52c9dbfce9f1b95b,0.16474705637178286
cdfc3b9f626b0845,0.537590392831093
5e6ad4f66342dce9,0.6609771282692509
42b0a534c0da50ab,0.30106048765239135
e454a16a94a43530,0.42132202771699495
1b6c9c3629bff42e,0.8973397936855267
3d4ea2f562e04d67,0.09076195686151922
e5e88946dd245e5b,0.5203336980306346
7c08fe11ea59472e,0.6114171095133896
48716b8ef3837856,0.2711834427425237
22cb220fb3d03ef0,0.8611287381473377
ad38c3a4c4f92dd2,0.2444581640095863
439506f46710d418,0.6043716786495781
e6d46d90ae71b635,0.49983744920287587
cc306ba2474886f5,0.15792904032510158
c3dbfacba8b29888,0.14181957903511513
3349746bf536b40c,0.3186810982598729
254dff7f2f5e27da,0.08335521517140773
5f715d9d99d8aef8,0.7088001458789205
28877bba74273a2c,0.06254402417422111
0837f11e1dc53f72,0.9262436177972284
700d9c6e6406ca13,0.7899002292383035
6e0d475eeeff64fb,0.5051430134417005
36ba7c400d24c8ad,0.03454517036573929
8c371f8737f1a2dc,0.995760133375013
163b4afe1f475ea0,0.9410083880379285
2e2c632a9af9b807,0.9245485568406794
a891091666dc0643,0.7157984265916433
a990b188a8200e9e,0.09176148796498906
e0da7835cc3694da,0.5231642700844014
6965bd28dc460b44,0.16262113160362612
84b4fd2717d4bf2c,0.26568484943211423
0544118474e570be,0.44351437949359174
2437b2d4a2e8ae82,0.9887196519745756
647299fb2ba00e43,0.05549234135667396
7372537f1eba1dab,0.9102974887985831
8854c27e996efd14,0.5279022090236533
380235b034a986da,0.9385271438991352
a2d407f16ff373fe,0.8526344170053143
0ed19a3a868aaa3c,0.42021595290194846
c173b6242dff9b1c,0.40576169636344694
2043889f64f744b8,0.6044691049286235
19989bc6ef928517,0.6245501198291132
d0665c65b0cf8d5d,0.8885044805668437
2b072792e895a81c,0.12821663019693652
c531857150c9674b,0.48785740335521516
bb56bbe97134a4d1,0.18258101490048972
3e062b6117c4918a,0.40732364280504324
a58a4c24d35bd7fa,0.7757481504636865
4ea7721e8c059b2e,0.2581116494737939
32a75809119cf7bc,0.6153537563822028
e4794a0287930fdc,0.4278701677607586
028903129d296567,0.5832051682817547
910a3bc19a45f893,0.8291161300406377
afb4e9017f94d52b,0.1162545587162655
8c75ef81ac907000,0.6358210899239346
de995213b69871cd,0.18945321454621236
593b54413b1695ee,0.6389361258726685
d68b798f72ec2a7b,0.16977284568094198
2abd97afe8848116,0.04667370011461915
b80ebde982296428,0.6027555486089404
dbe8ab13dd1f44f4,0.1293771491090966
db6b5f2104046f55,0.6191817755548609
1f67c146861efa15,0.046964676461394184
38f490199f1306b5,0.44977154319058044
dce69a47bd1feb56,0.34922163175992493
12cd790efb4486a6,0.8292458580806503
d5806dd0784560a5,0.028501354589976033
207f45be2fb83671,0.8218664686881317
848e2c11fd115b35,0.6690067208502657
0f9d093c9db25458,0.7384255496509327
13e9da15ed290868,0.341434823382307
8c584f6c1538beaa,0.005034125247473169
5fcd3e5896568513,0.8919998437011567
aa1f013ff05a59f3,0.35730723142648746
eb2bbf6f740d132f,0.17174690007293947
51fcfaba58d7f511,0.8797775346462435
abfff37a1f178105,0.8395568927789934
918258103a71c3ab,0.2225218818380744
99beaa8c134356ed,0.6583302073564656
f3d97c979517c08d,0.736927164738981
577a00d787373595,0.8447934250286548
d71bd663eab2681d,0.748488069188288
3b59c956b239b3db,0.23729420652287175
9115eeed93f30a1c,0.1489590497030322
3d992bc625e7dad1,0.08291731791184745
4db07f6033192f9b,0.1356624465978952
a58a45e9afd5b405,0.7083640721058664
519774a276bdada6,0.8000750234448264
50bc50ed77a01d75,0.5436370740856518
d608451c67dc5cfb,0.4448236428050433
2856ffa4f0a1ce80,0.45178962175679904
2bdff8f74778c4ea,0.19602037094925495
068acd67c99550cd,0.6415530895071376
6123220972766a4a,0.5066994894237782
c4d534fff3fc5628,0.5805608523496926
9fc3fdf14ea045ac,0.45001302490361567
3f86edfd0be75ecf,0.5257663853287486
c36573a6175092a9,0.7175237053245805
7c4df8c2f29666ee,0.04502500781494217
3c791b72118b74a6,0.49812206939668646
747b04b604c95fc1,0.13554678545378765
e780dca0db5520a5,0.13156976138376578
af83daec6d450e57,0.47725070334479525
5d4ff9f52e2e4f34,0.7011826612483069
b2b8e551d87be54f,0.99890590809628
203b6e0e0fcaa971,0.49569031989163287
eb36b4336605a7d6,0.5102159529019485
14713adcc060333a,0.5561141502552881
251c0c9a3789eff9,0.8356585391268105
0d0e059449af50d6,0.26947405439199745
63b1850f6f5df5d3,0.3375278732937376
90ace0c383247390,0.12081197249140357
1ba1d1cb2d6d1bb9,0.23145436073773054
dcb2cbe56ba92129,0.09443862665416275
88b8fdeb6d82597c,0.09768417213712619
0ccfe20a4b77ea6e,0.15594482650828387
3482a5b15357f00e,0.11007606543711576
6d71348fed8b9c4f,0.2943818380743982
f8723e3306bf7c43,0.964554027300198
7ef77b74f9baecb6,0.27921199333124935
bc80f01834269376,0.23963738668333856
18da383af4fa3cb8,0.8465038553714702
b474ff492fb9a94d,0.1356663540689799
d157b8492ffba0dc,0.10799286235281857
cbd2d4eb5123804b,0.8831718245284985
0f9515404031e965,0.197941804730645
4f1dcb8a1669a31c,0.8114436803167656
28c27ce346a7a7b7,0.8262556007085549
58928eff8cb29089,0.5405954985933104
8069cea0e02052d2,0.09534672293425028
3b583c05db5ea4a6,0.13633218714181516
36384df41240d0c1,0.47221319162238196
15e9a245d6d06a3e,0.8113303636553089
d2dba561c29b817d,0.48961055538189013
2a507f7014709986,0.814624361779723
a27e43abacf3b1f2,0.9164593102011046
686019b683e849d6,0.8762738355736166
9a3663eadae7822e,0.7090900802334063
f4857bb0e0b52a47,0.4838394810878399
29f988f929e638a6,0.3107181931853704
cc08f5318b40d7b5,0.1349747316869855
3aa8c59d9c5dc7ac,0.5752492966552047
eeeb124ea0b0d51f,0.50454412837345
c422bdf822a0dc56,0.8264421173283318
98269904767a2636,0.17271022194435764
e6cbd02151c72662,0.8904022090236532
5e7bd880681d9f61,0.7522632072522664
fbe456da262eaa3b,0.553129102844639
dfe3e7968ec080ba,0.4262605501719287
0e9ef351ddbc9ab1,0.2637008961133688
2902b3339eeca5e3,0.5740147962905074
a7137a063b883e92,0.8649012712305928
b733ad3dd8899d06,0.32625273522975934
44fe9234ab115e2f,0.9243680316765654
000b03fc8664c7d1,0.08729055954985931
9020a01496eaf633,0.7202182973845994
53b7a21b0f4cc200,0.09179170574137752
20cc306cbb1c6bcc,0.9284995311034698
debcfcb981ae0125,0.16097712826925084
802bd1039c3e6a1b,0.12203032197561738
5f5c21e0b6a4d4a7,0.17214311764092943
4e1d92bfbc009b58,0.7557205376680214
644c03f056f3bf9e,0.854641033656351
3b4855d86d450661,0.2436878712097531
dbe1c9a9d3e563ac,0.20942950922163178
2fb49e6e63bbe8f6,0.8056838074398249
2347ddad2e1b095f,0.47627487756590603
e315a627d1ca8573,0.8173061894341982
0558a476ace81c15,0.4632338230697093
4426fc96456aa43d,0.7986201417109513
ee5092888f963b26,0.3239056475982078
57886ec9ac1bcba7,0.9301424924455559
69e1947ef1a19192,0.7078527143899135
af29d6fac97c87a3,0.25073252057934775
6952926383750b48,0.2674359174742107
b6e14b919c7ad1f2,0.18943133270813794
8d09ba7da0267580,0.7384336250911743
40e7e13ba421c25f,0.10372850890903407
c3d8677083122b80,0.8423744399291445
e41366313db49145,0.15310175054704594
ed95e31015c5959c,0.7274059601958947
64f0bef89a702494,0.13238564134625402
81918dc774b899ca,0.135838022298635
dc9dc895fc8368b6,0.4899546733354173
ea0dcc9add9ba8c9,0.6093281754715015
c45a009981cf2faf,0.8012587266854224
ee4eee5c2cad18b3,0.19915546524955718
4b8886ccb99d4b95,0.34153068667291864
a11b7637d21059b0,0.24159008023340628
ae6bfde3685ef5dd,0.10435969573825155
095f96ba3b90f727,0.51332734187767
c800465fabd83658,0.0634570699176826
c75993f60039bc22,0.6355603313535481
15b2e13c51d54758,0.3980822131916224
cef343af7e936391,0.6234427425237054
bb9e37137f42fad4,0.5039009586329061
b6f54b152f0f2c28,0.5623452641450454
54548a1370ae962d,0.534749661352506
774675091e96f38e,0.07111128477649266
64db0198c907fdc5,0.1317588829842659
ee3a2eba79a61cd2,0.24211915181827653
d87ea92ca2504e8e,0.9339587892049599
493f68967d2931dd,0.37157627383557357
33c5bd3953cad989,0.342486714598312
31719675e9834500,0.39282848806918824
283d0d3d8afdcd48,0.7762139210169845
0954b46131527b56,0.032650828383869956
c7f99cdcd74ddfb2,0.8559232051682819
89e81b0750c67025,0.7313678753777222
ef2e114a293d6051,0.20939095550692924
3eaa82eb74b0d2b9,0.9615739293529229
f115b5827c53fdae,0.9041468688131709
5b981d50572234ec,0.43020865895592375
bc2a7ac2fb6ad312,0.7773486506199854
cabb5fa14742de79,0.8800880483484423
9dcd899d3120d04e,0.0957030842971762
5bf75dc153469005,0.598192143378139
a99c57a3cfd238a9,0.9135206314473274
7d3c73f6e6251236,0.7461128477649266
79c824cab095ef0e,0.5240747108471397
50457f03b19ce000,0.7357906116494738
72ea29c850f97747,0.5024861936021674
949aabf35ccb0c4c,0.6753829321663021
bd3b7b9b5cc3a346,0.4223306762529958
581ae7bcf533000a,0.1418896530165677
f944b728b8eb9aac,0.3979488381785975
6add937f4476df2c,0.6109479524851515
478be273b158fbf1,0.12876081067000106
43c1856ef31d1073,0.9013949671772429
8f97466fd3810c1f,0.2562240804418047
3ae22b8a964781ec,0.5671259247681568
82ba55bfceb0ffbd,0.4955478274460769
5966bfc14b304d05,0.5534891111805773
eedd90867e3cd9d4,0.015981035740335523
99db9ab5fdf84102,0.17703501094091906
6c6761878fa11c78,0.649840835677816
731bd2e8496a9b0e,0.09388975721579662
9f1fd83e49b82f88,0.941219391476503
51a2cc12286941ac,0.9822189225799729
7b60067efe8e7c4a,0.779161977701365
7ba8d7a5a2f30106,0.9545738251536939
677aebcf5c57a29d,0.4702672710221944
c2e6810f10057ffc,0.47838256746900076
f770bf49e8b32f7d,0.6607661248306763
d999d97cecc80f08,0.7705366260289674
225695249568ef3d,0.9393034281546316
64c347ce204607a2,0.721870115661144
8b972fc1665f8aff,0.3019357611753673
fd3a180f558ad235,0.5826536938626654
f24ea2f162b99780,0.8041216005001564
71edcfb193fa3be3,0.8780480879441492
4507c7c846e862ed,0.4486021673439617
ac51d145f495fdf8,0.5590179222673753
3ab5c54552e9add3,0.6847366364488903
0e545a1fa4aecf83,0.12642388246326977
19eb7f93e53f33d0,0.3247975929978118
f4653f53352a740c,0.5575072939460248
c716d718820e66c0,0.3280566843805356
a8a2778b42759e84,0.6966473898093155
d632ca08f997e38d,0.06465041158695424
47c56ea6034205ca,0.14628425549650934
f436395245784b88,0.9513381785974784
ddb7078278325022,0.21536078983015527
1c24525f31c1953f,0.8254194018964259
7c7e6ee56d6ea5c1,0.7735597061581745
0e67b9cedd55f492,0.3078097322079817
a585afa6cc802221,0.36801995415233923
132bdb2d81abf434,0.5567711263936648
cdafcf3dcd774b36,0.6434664478482859
5694f780d2c8e463,0.07069031989163281
317ba4057a04aa16,0.8708247368969471
a92ae25f2defd1f4,0.5447624257580493
ff0073be9d8669a3,0.9225718974679589
2c4d6fd16e7da4d0,0.5233111909971866
e8b93ecfcfcf69bf,0.4599030947170991
aecdf632644c9922,0.8147296030009377
0f4ac8759cecccb4,0.10055694487860789
ae0ed79b3f56091e,0.5986701573408356
492dcb545fd160e3,0.4442693029071585
b6feaae9a6963540,0.37626628112951965
10bc80bca38b6418,0.24638142127748255
d8bf52f15b58b474,0.20259065332916537
d590d13d8a0daf0a,0.5892237157445035
bafce96906ba0c73,0.3062876419714494
15a89b9d9a174795,0.3468268729811399
3c895a00e202bc6e,0.786107377305408
62100baf87d531c1,0.5547514848390122
8ea52f2642c87cd9,0.47817234552464316
78bf3db367f46ea8,0.9309177347087632
7303626be6419b04,0.8320738251536939
86f2e3f9f88bf00e,0.9507835782015215
39921131b7d48cf3,0.7733096280087527
7c06255c489ce455,0.8662550797124101
2a0f68fcd60099b6,0.7987183494842138
968f899504b28211,0.7195245910180263
98dd9df8fdcb29f4,0.6229550901323331
ed55728c47c8b666,0.14721058664165884
0e54abd540000681,0.888552672710222
2687ae2ad26c6497,0.8530246431176409
afe3e3f4edc8f7b7,0.511111545274565
3d8ff2a3976b69b9,0.4830689277899344
13e6deb5f77cd1f5,0.5090176617693029
8c8711be796262dc,0.30929326872981144
8eb1ab06839664b5,0.27958111909971867
dbd58b32bf776c26,0.14272975929978118
4be0c2fba004271c,0.7019584245076587
a0f6b49ec1b86bc1,0.8763579764509744
3b33e5fb16341fe1,0.7990280816921955
d39f326ae61cb937,0.07926331145149526
00e28c2a11d38c61,0.7399359174742107
a55c74a9759fd56a,0.07389705116182141
8bfd04b0788122e2,0.9961336876107116
895776a9cf9c8d43,0.47745154735854956
7ff187535e206416,0.9894433156194644
b2d991e4147a68e0,0.29162837345003645
b62ae246269c58c4,0.8848726164426384
b8af731f19b5c84d,0.020505105762217358
19f5143484b38101,0.7262454412837345
982f6a3f1bccc6d4,0.12135458997603418
2cdfb20347feec4e,0.9138126497863915
5b2d62e736467c16,0.268028029592581
f85bf07959deae92,0.14943914765030739
8e923fa1dedcd01b,0.4738207252266333
93b3dea6a99fe31a,0.3887907679483172
8bc3af23b3d5ba85,0.31002657080337603
91db39152bd6ad50,0.9872296030009378
d911a9c74b505826,0.8589778055642387
0e53e628826772d6,0.1813621444201313
14d7b607e5e3f0cc,0.38086224861936024
f3e8e3469f0aab7b,0.09947014692091279
b9c36eb092bb275d,0.5133106700010419
9cff3e265921dfed,0.8426005522559133
585bc81acbe5b1ec,0.12271334792122539
15f8e68c7ac23dec,0.5238277586745859
a37b05bbb09f8496,0.8884812962384077
4f31f80a263d61dd,0.2802633635511097
6a3987a9bab31c44,0.1013970511618214
9f59a5ca5ae6d119,0.4380637178284881
afc6cb824b3596c7,0.07049260185474628
64dcbe6f4ac8de61,0.8542554965093259
1fcaa5c3533f63ca,0.15554339897884756
a266793e0c2619d2,0.754812701886006
598af3378495839d,0.37997316869855163
b40ecfcda1506387,0.16211133687610713
22537a4c1f1cb22f,0.35137621131603625
8c5b78cda30c225e,0.6927974887985828
3239189122d043fe,0.4328329165364177
4b34859a41dd8627,0.32767297072001667
7577c8941b2e888b,0.05989345628842346
8ef15229dd291883,0.06895696571845367
3332780ef14cd99b,0.7569618109825988
f93d1a6ecd62d897,0.7058218714181516
9505f55ac00dbadb,0.7891130040637699
7c1831bf48bd728b,0.09381707825362091
17cf81ec2dede54e,0.7718690736688549
e84c6f3155ec9762,0.9434187767010525
e894ec9e0ac2e7a5,0.8588087423153068
c307472500eaf782,0.8303751172241326
96de47679c4cb6b6,0.2354365947691987
e0dd44e7040c3168,0.5051760966968845
bd9e6bd2fcf5a54e,0.7068623007189747
0382e0d155285962,0.4397118891320204
509eccae9abde09a,0.8850633010315724
f2147e0be04acf5c,0.550727831614046
f3a6b01cc0938196,0.8767330936751068
c1956069b7309004,0.2835036990726269
2292dd5e617286e5,0.48060826299885373
3644d81639ce9f29,0.7903488069188288
4a5bf3e5c85dbfe9,0.16738642284047098
095a4f241c64795f,0.908419297697197
aa45545b6df75be3,0.830268573512556
ffda21a7e2973492,0.6521462436177973
662adc1ed3e8fd43,0.46650359487339793
218ae6cc5968ab6e,0.9544071063874127
316379f30810e1c6,0.5789233614671251
eef8a37b8fe20ec4,0.9481215484005419
d9a0aead3407db9e,0.6894816088360947
f0c65e7320950a84,0.7946472856100865
4625132a59dcda74,0.9272350734604564
ab1c8b0c3967b656,0.9414877044909868
f00224def382933b,0.6448780869021569
090051f10ebcb768,0.3948549025737209
2a0c37f157e82f1b,0.588651401479629
61914ca3afe42c15,0.21353834531624466
a9fc0e9ff5b0e706,0.1252024070021882
f548f7ed3074067e,0.24410492862352817
9aec70578372daed,0.13693680316765655
fbb0734a4e985290,0.25880275085964366
a8cd11786e7fe2b1,0.4028860581431697
6a4338f210f336ad,0.3004214858810045
cdb63c81014bd072,0.36041393143690736
2c5a98b60450efca,0.45696858393247897
2337a75838293036,0.09252266333229134
a0ed386ea018cce6,0.47501458789204953
db76609f02b3bb31,0.744095550692925
597bd387a63987b9,0.8909281546316558
bc7571c47a54ce9b,0.3847301239970825
547510d3ce221301,0.6807270501198291
8e84181f60b3ec91,0.5263345316244661
13880ba898b8f597,0.9404889548817338
9ee1fb0201512e8b,0.9435229759299781
48aefa3d80da5764,0.2484510784620194
498d517a667856a7,0.5120738251536939
f07b0e35881505f2,0.2057359070542878
1df225f3addcce26,0.10503933520891945
84a772cbe6d216a1,0.30006382202771703
f0e4a70f82f01004,0.6935620506408252
3b639af3777f4c39,0.03023054079399813
b9f77a4295400abe,0.039507398145253725
7d646e2fd78953af,0.07770318849640513
4127b246e0beff6c,0.22690554339897887
2321d1fdb21c809d,0.11522038136917787
9936f8d7184f5e10,0.03178128581848494
e2e9ef0520d08656,0.17631942273627174
0aa9b948dc8766c5,0.11636865687193913
d96df85b5160b1a8,0.30432166301969366
3bef9584524abbef,0.705941700531416
806989faeae50571,0.09037563822027717
6fedd263e1290110,0.6911641658851724
5762314e60a560e2,0.8935052620610608
748cd550549c514c,0.5181343128060852
58a8e997e2757de6,0.09944045014066896
c13887db4b2ded8d,0.7155196936542669
eba0106899e8fdf1,0.8144990622069397
a947c7f89cb176bf,0.9518036886527039
4ac4a17692a2a70b,0.07658903824111701
2fa4409e1b6a3d85,0.696983432322601
a783eca691369f3a,0.40577732624778573
e6e45dc137aa0511,0.1204472751901636
c589fb4e517e579b,0.4027615400646035
0535f48557a68402,0.7006679170574137
48e423add1624f2d,0.6839830155256852
d20110b1a6f20e55,0.08637464832760239
739f7cc76c78d0bb,0.823314837970199
2d439083c11f62ae,0.8026078462019379
0c74bc780e465296,0.14748515160987807
52294576789c8ec1,0.7887230384495155
99b2421c51d37084,0.12691674481608836
de49e465a4c970c4,0.9051497863915807
4c88fb93b8d12270,0.14581926643742837
dcce15e3b59d9796,0.09728691257684693
b8e0e09067432f1c,0.8737704490986766
962f882f18c11d46,0.3665520475148484
34753ee28116af4d,0.5764671251432739
7c71a6fe87ccd6e2,0.18029097634677504
7ff97e6a175132ea,0.6973330207356465
d84022bd67943384,0.8107924351359801
c270a677c7614aa6,0.2776534333645931
1266e1b58e87a761,0.6597559133062414
9fc631524aa3372e,0.1607562259039283
88da969d80daabce,0.762979837449203
9c5cf1807334358b,0.2641820360529332
0e5706f9560fdbf7,0.44700531416067524
d9db7cf658a35e31,0.7841700531416068
38bb0629e63b6590,0.679321142023549
726236f75c9de724,0.7187404918203606
47ff559912cb3714,0.29233927268938215
bd567ce69cb8cb62,0.1333231739085131
6b7338c16e1db627,0.052193393768886105
2e47f13eecf939c0,0.3233935083880379
7e001225afcdc58c,0.6381085234969261
b0ba287dc9f94b2c,0.6651289465457955
07be300260466f0d,0.07928936125872668
49e2abe2ca234745,0.7211589559237263
bf163922b4b12745,0.8439877044909867
aef9d385e9ff8518,0.9107955611128479
3e364e82bc780650,0.9731819839533187
393a9aece2867c5d,0.46420860685630927
b0519105b55d4bc5,0.8073812128790246
c5a4b1418dc4e412,0.6661118057726373
ae000e40b4cdbc49,0.24021855788267168
bdb4932474ae13dc,0.7606215484005419
54ab20f1339d0955,0.26375690319891637
bb6cce3b0b6744fe,0.24277274148171307
0d04ac4d48d1e700,0.9223426591643222
6e3f51731aaa2c77,0.4128727727414817
783b7b163b234e5e,0.7146738564134625
bb6501e8f6ab95a2,0.09149708242159008
e5f20b7a540b7472,0.40603079087214755
726e2ec81830f724,0.9000213608419296
e8dc50204900e975,0.1793099406064395
1334006b9c4f4ffd,0.9183546941752632
3553330b5c7e6092,0.6362753985620506
e1a3e161c8b2e221,0.36919506095654886
44e747740cb4260b,0.07509039283109305
00202304b4481207,0.8493273939772845
931eab5e85d6e3fc,0.27970146920912786
e4b8ca3da3eff8e6,0.1752907158487027
103e5a44f9c30ed7,0.5438600604355528
448d40536e9c5670,0.37122798791288947
1b4d4b42760e781e,0.9461467125143274
e0b110d4f6844bbb,0.8321772428884027
0d928dd7f13b92dc,0.7275476711472335
1bf6e2dae324cf0e,0.48024122121496304
b2a17e2a9337f111,0.9743961654683756
564d7ef8fb681d94,0.35195816400958635
a2088d882fb6d77d,0.8481627070959675
3fe22caa380445a9,0.6171634364905699
2b3c171024a98155,0.9188173387516934
2014d23cd7792183,0.7251312910284464
fc996643d63f02d7,0.19387933729290402
c8d5c605e447f4fd,0.4967286652078775
634298df42266b22,0.2896256642700844
5c8cbaf8b4d39f57,0.8526432739397728
a688ddfeb76eb78c,0.8992737313743878
85a12cd29f47007e,0.25304001250390745
a5e1a3f8e312e1a0,0.16517036573929356
29e076c93c2b7fab,0.896721631759925
71b7b90e9a0b70ae,0.7283515681983953
11583aaab15330e4,0.06604225278732938
5b34705855c1c880,0.5142263207252267
26361ce2a06897d2,0.05529097634677503
2be888bcb74be336,0.5093117640929457
fd96abe884c43d6c,0.7976140981556736
165fc0b6a160dbd9,0.9260370428258831
b8c8c114a79ff453,0.12478456809419611
e22746fcf084642c,0.14148041054496197
3fc60942cef4b9f8,0.7101901635927892
c78a85aab85debf8,0.5370949254975512
9c2166227724c80c,0.13380665833072836
e0291b12205c2c68,0.6149489423778264
307b5de4b89748c8,0.05757267896217568
b83469a7d7ed138a,0.6925963842867564
4726c5e084cb6f1c,0.651539283109305
33795c308f648269,0.9865343336459311
d44b56532551df1f,0.8700351672397624
7db689f550f62666,0.5375088569344586
c64b1df6de24f982,0.2851886006043555
d9685a6aeee511e7,0.20752943628217152
2c867c13048a2311,0.9006627070959674
b3f36f5f67857959,0.2961524434719183
c8dbafacc0fb77d3,0.6246243617797227
3a1b2137777bcba5,0.11940450140668958
c9627e77fcbdd360,0.6300612170469939
cf4f6641c91382ed,0.20044362821715123
fb519c3fdb753245,0.9319584245076588
035449e62c90677f,0.6818174950505367
5201d1bc5a7cf0ef,0.55377982702928
01ef09b451cbddb0,0.4342463790767948
b98e367af7c0158c,0.050758830884651454
bec6844244ad0aa4,0.543002240283422
ed82262b135c6e4f,0.7147882150672085
67637bf7061cb7b0,0.06314577472126708
96ef8b85b60392d5,0.9394865582994685
fc1b0a61b9dd082c,0.7516145670522039
c408b4beae948cc1,0.3379199228925706
f26323206d284ed1,0.6668273939772845
9214caa6c1a0dc02,0.2432502344482651
591a28a3c195b6f1,0.7753985620506408
9cd8a8ffb7a9e96e,0.1197043346879233
7ce580a49450111c,0.22156976138376572
abccd8c43775abd4,0.059004636865687195
5c6acd44464d3db3,0.8572353339585288
b0e58b3d4a2a773c,0.8916656246743773
eff75fe4ffdcb49f,0.8788235907054287
06ac1908fb89960e,0.7966455663228091
6e61df7259588c80,0.8874189850995104
87752778bf4206ba,0.6027711784932792
2fecec0b55303222,0.17167239762425757
d57c0fad9eabe24a,0.8782239241429614
93cc7546b8c345e6,0.9727008440137542
eb76de6938c4c38e,0.5836282171511931
0e733a579e63472e,0.33543216630196937
e7dff8305acefcd5,0.2173137438782953
23423479e34fc441,0.8998132228821507
3f66f582c2bdc24a,0.6141630196936543
d312e4d7fce5fa01,0.5604621235802856
c04cd9fa54077b8e,0.2305243826195686
04b68ab2f6458e33,0.37601698447431486
35665b0fc6847811,0.6085854954673335
9028f284365c7863,0.5005702302802959
fa23926a88284b39,0.907616182140252
ff5e27f506ba1ffc,0.6872251745337083
e6a04e92205e9e33,0.819185162029801
934c2e26775faaec,0.15193107221006563
35403697fd72709d,0.44191987079295614
fdc814fd85f237e4,0.7231113889757216
bf4ee2f20859884d,0.22984995311034695
d2d10af48a354c4a,0.4952016255079713
a38e463e1b086d42,0.7581001875586122
ba49ce0117002110,0.5317956132124623
d5393f1776772d2b,0.48157262686256125
80a6b6e9f65aa3ae,0.36315228717307496
d84698a77b768899,0.12997395019276858
8d09ae0709d01465,0.7544266437428363
0ac53b64e16a0efa,0.9460974783786601
a632a91a07ac8406,0.6257379910388664
1f2437c787ad39e6,0.8790825257893091
beb116a0a3ad4f5d,0.7539408148379702
c38f343ecf8e9527,0.16744425341252478
d04bd8d61ac99c5e,0.29522038136917783
6a279faa81d0684e,0.3469045014066896
1b49b1154407ea05,0.6694610294883817
b71746f211be0a24,0.013048608940293843
bbe0b7fa6d60f17d,0.8538368761071168
c9117e785fa1cd68,0.15847400229238304
a700a6b3a689a18f,0.5120279774929666
d998a004d828aadf,0.8684479524851516
54cfb8bb56897eb5,0.7601099301865166
bafd504785d302a8,0.9286402000625196
3f45db97b95a3352,0.373906689590497
2364a75ca729f899,0.7838876732312181
9387acf4770f549f,0.6442257997290821
a434422326289b00,0.03509351880796081
8bbcd05afad8573e,0.9218232260081276
82fc48f10b8d7cc9,0.08720850265708036
65dd24b31c0c4067,0.598575075544441
b25ccb8b682acbeb,0.5727422632072523
291117008b4408ee,0.6224260185474627
aae3422dfbb55bf7,0.5026010732520579
d436224afb38b7e2,0.33814238824632703
1287c0ffa2f14635,0.3654842659164321
4feb7edca163def2,0.8687318953839742
00df2416e72cdbc8,0.2466617172032927
e51c757048ea36b0,0.16783057205376684
59e45992c3fccfa8,0.642932687298114
7b44475e4e2e3b92,0.5562753985620507
be457ea8112e2391,0.5488063978326561
1e4fd1293a611d2f,0.8301966760445972
343371989bd61c74,0.6967286652078775
6bb985812e990044,0.2851628112951964
c0be9996bfb5270b,0.3676523913723039
bb367ec1a239b8c8,0.630922684172137
91fc9ee0920431a2,0.13157549234135668
82f2985fe6157914,0.31483223924142967
eaad7a9709bacd50,0.5821694279462332
1bb729bdda8eab4b,0.08260654371157654
35320f198f2157d7,0.18955220381369178
74cd9018fd2aa194,0.41188235907054294
fd091b5e49f8138b,0.5200283942898822
917e088d530b042e,0.8817461185787225
b0e606a7344aea7b,0.5892062623736585
c220230ca6b46d2e,0.477058976763572
2174f0850e20c2b1,0.11236610399083047
3bfea4a031f46e50,0.14183599041367093
22199945c8b6f01d,0.7710847139731165
efd4e993a8d94f5e,0.5395587162654996
acad3b0b2e72b212,0.638802229863499
1a33438ea9b6ba09,0.33664791080546
c9a22295bdb2b49c,0.97798400541836
0a24b5a0c164f36d,0.47515187037615925
12b662eae7ad89fd,0.4242336146712514
788a4a1a340ccebd,0.9070178180681463
0b6ebec97e53c571,0.5357127227258518
be4269de80d8b34b,0.9597335104720225
ae99dff2a596c7fd,0.739129675940398
1cc563af87248566,0.6364006981348338
95b03e2a8add3a08,0.439717359591539
bde7f9ddcf827170,0.0665903407314786
e24c4af855561b6d,0.39286599979160153
a1ef8a44aeab6af5,0.9751198291132646
2bf2e0d5f713e9ea,0.10564369073668856
6585c55605f3d692,0.6641140460560592
4a44bfcf3c8bea26,0.1472259560279254
78a21d5aa40bf4bd,0.32818563092633113
d208a68d90d83d1b,0.5123020214650411
fabf07be02cadf0d,0.8343735021360841
3fc8a4ec51114a77,0.7032046472856102
d8da2f9a640f4e03,0.7294026779201834
f7a8212a941af65b,0.002170730436594769
836c933a5cb4ecbc,0.7350987287694071
e292f252eebf817f,0.5190598624570177
ae7e8b931e0ade53,0.9011516619777014
c937062a293ea0e5,0.7049023132228822
673793020f42eaf0,0.14907158487027194
531a753aa5a10879,0.2688087423153069
65613b893147c771,0.6556179014275295
a3609d34533ca6b4,0.5205473064499322
c9eecf5329211123,0.9535263624049182
4e6d4f733588a212,0.6223033239554028
95e0d5ddca2118d4,0.9578503699072628
4b071534952c920b,0.5063462540377202
f333221664eda263,0.2633315098468271
8627e41026f74eaa,0.769476138376576
789f4695cdd6a417,0.5874447744086694
908034eabc372b99,0.2554514431593206
984bfa387795ef76,0.7550802334062728
91c8e8e6f637fb1f,0.6627125664270084
363aeba9c072e960,0.8603693862665416
5cd6915b98d723ff,0.5345016671876628
20f027368dbc60fa,0.07752865478795457
a58841827e8017bb,0.35445321454621237
ad9e6a299aee4827,0.7136633843909556
fad46bf569ac7443,0.3510128165051579
0bdec115af64e996,0.597994946337397
e78e15a02aa6163b,0.9078435969573826
94c1b40d53f1c78b,0.4305957590913827
c1dee5b6d55fd7c1,0.9032033447952486
502f0c8494138feb,0.0407705532979056
316c5e9c86bbb645,0.0889533187454413
c5624991cdcf670d,0.34064759820777324
e000077bf8c8b49b,0.6216721371261853
9a36d5ad49081233,0.21183442742523706
e4ac16a92daba7e8,0.62195295404814
caf1ce5141ffb34e,0.023787120975304783
d07bf091bf998e0c,0.5727834219026778
f230be64e9f003ae,0.8279001250390747
fcfe55e0768ab257,0.25083515681983953
ad04ef9c94f25ea7,0.17719756173804316
b6c3dc163008115f,0.3241075336042514
2a0af6ff3489e003,0.6036383765760133
5c098958dc2a26c1,0.15963243721996456
a802f6f7cd6d7b2d,0.42461810982598724
f0897866ed523f60,0.9077961863082212
3c1071f1773cc7f2,0.03115609044493071
5fb77ed43c58e517,0.2557481504636866
3fbcf72648af3500,0.29658955923726166
64964fe3e34849fb,0.30163045743461503
3d3b19b2da76dc78,0.644718141085756
69eb4e47c0f3104f,0.6582142857142859
1b55daf09e9f129f,0.3932244451391059
853fa0b67eda4e6c,0.15624492028758988
636b3bfe96c8c67a,0.36951964155465256
51b24fbdde490535,0.315227935813275
b80f84359d81c98d,0.602335886214442
a865666aeb2b82d1,0.1350692924872356
08fd3d5f06273089,0.038602948838178594
cdac52f8c24b9616,0.9058685005730959
bdc841da585c4a1d,0.8151239970824217
8858154c3efe65ff,0.571649473793894
29f989d45429b9ee,0.7318641242054809
b97dff4909968aa8,0.049699645722621644
69c86328a89e4898,0.09933468792330938
2d50759601edb9c3,0.7509320621027404
134be78ce02d48e1,0.6892773783474002
53b540f7c8d16cfe,0.053848077524226316
76d2e83b30cca3f9,0.4053761592164218
062167d4ccf76346,0.9090371991247265
84cc2a48661e807d,0.1819102323642805
60f1e251520005f8,0.7270709596748984
781115a32396b4cb,0.38029436282171514
4c1e17c82f4cc326,0.8545621027404398
b602ad5debd51028,0.6423189538397417
4d9da053a872a970,0.6919683234344065
95f7ebe4304bd2e4,0.95780165676774
67a8207cfef9f011,0.9868992914452434
b1c3468185b9514e,0.6190056788579765
f80ccd7ace26ae4d,0.9559677503386474
3ac147039aaf4499,0.3576120141710951
fe5cd175ea7fc09b,0.1602758674585808
9026d2936cf2bda8,0.8122832656038346
a4b0e01784fc7cf8,0.7756663540689799
43c462b48d97dd20,0.6816622381994373
e36d0189d20a7617,0.2564087735750756
43c3586991f4b403,0.3523153068667292
009e48f2b32be557,0.10812806085234969
a1689ef168f2f333,0.9411527039699907
dc310fc66470ab07,0.5343602167343962
bc654d187751fe04,0.6051859956236325
247e62af046a99a5,0.48487496092528914
48f2f9556bb2ad1c,0.5039061685943524
e604b921624a200f,0.8892448160883608
e46765e152f7daef,0.6146923517765968
3d183f0c812b6d09,0.6808406272793581
3a7275f9aeda8305,0.12093909555069292
1d994aeb47ff952e,0.21692586224861937
75dd9cd1bcd35d05,0.19125742419506095
a976b4932381b300,0.04557856621860998
da2e39ced8c0afd6,0.1957913931436907
c77fd47bb1683f58,0.6816731791184745
ceeddee046f39ae0,0.28250703344795247
cc50dd12d1f23bac,0.4528428154631655
8b73f447d60fc992,0.5987800875273522
dba1029662f0c412,0.4702117849327915
ab65e0876504bba1,0.7275309992706054
00754e6b5a7298f1,0.028223142648744398
082f192c053e5283,0.1639009586329061
4cee8c7c13d1afe2,0.4945878920495988
9ea9e3c8cb3df9aa,0.3681030530374075
2caa75dd78c01d17,0.8730882046472856
42ca39ab5466bd19,0.975534542044389
939ed128e268f834,0.18244295092216317
e452cd65ed19c900,0.6241937584661873
e5ee2d79d0c49d1d,0.9070240700218819
ce0d423deb82f2f5,0.22729967698239034
3c30319ed1684972,0.5980298530790873
18968bda98628242,0.7122267375221424
9566631a173d48de,0.8690108888194228
01d78d3ab164da20,0.2617044388871522
7245800926a4112f,0.6071238407835783
3fffc62471c1f18a,0.9173973637595081
3b530b29e9f5617f,0.7640820047931645
65305594301ba50f,0.8345425653850161
593ee003a4981c15,0.5323345837240805
f79985b30220adb1,0.5199221110763781
60dd8dcd3a1d1839,0.8376354589976034
288aaae44688b015,0.7667841512972805
8a16369cb4554d3e,0.4463775138063978
4e49cf49f79e1181,0.9469443576117538
1a6026c94f49058a,0.606998541210795
8c29813aa363f889,0.584293008231739
5fcc5826d5f8db34,0.7856798999687402
b002c58138c724fb,0.24615843492758155
62a918db11ef3076,0.9249476398874648
8fb91f382ae2782d,0.9176015942482025
af730eb0035cf0d3,0.8493714181515057
546fef357d2bcd57,0.8573056684380536
c6129c4b99d7f4c6,0.42703943940814837
7596069ac38eadb8,0.41936464520162553
9560c8310cf23dab,0.026747421069084093
ca1acdabe94e042f,0.7031663540689796
521f9d2193473fd0,0.35502631030530374
617eda3b96abb577,0.4214020006251954
8d735b59dd0a4270,0.8938657913931438
1b405139fc287a40,0.3809966656246744
e621733719a2d775,0.7331577576325934
95f4b0d76e779b43,0.6263337501302491
bd6a23cab176ffec,0.05051239970824216
3c5fadc2c957c7ce,0.9592096488485986
37cae1b2dd3c1330,0.6620847660727309
0fc2ffbd9370b121,0.49440189642596644
b31de0d8e304eeab,0.848852766489528
5738bf5ea59fcb0a,0.9107069917682609
402c7edae37bcf39,0.7037881629675939
1d79e32040c6b05f,0.9516927164738982
bf493f6f4a48b2ff,0.164704074189851
8530681352913ce0,0.0354894758778785
c79cb0e184ac42c1,0.34314968219235176
32ecd92eb352979d,0.7185245389184121
c9a54261284070bb,0.08943706366572887
e6c2ba81e397e33d,0.23276492653954362
955bdf4fc9420404,0.31150672085026565
b180a78e50608ab9,0.5741153485464208
69484ff0bdf4b104,0.6455204751484839
8d62a01ddfa11fe9,0.8334359695738252
12c3df9b72ef96e5,0.289676721892258
12ccc513557a0656,0.4959073147858707
2aaa9bc35f4acee2,0.9932267896217567
e31d14248a98a72e,0.7375166718766281
1058c1f47fca2b81,0.33010445972699803
02ab14036929f70f,0.4497147546108159
6880fd1518aecd04,0.5298160883609462
580068eee74ae5d6,0.03730853391684902
fedf1e1bd320672b,0.21236219651974572
d47c1d43f9dbdf92,0.3589103365635094
8a7fa6c84cb2b0fe,0.5425677294988017
089bead0dc0d7c16,0.5425341252474731
3f12eac5d776ac9b,0.25707017818068145
2b55254bb421a326,0.5086628633948109
16721efb42f49e40,0.9421879233093675
87ada6cbd040d527,0.5536579139314369
c5c4d8e14015f4e3,0.5713465145357924
5d499b0e085f025c,0.8781726060227155
183039182079fa48,0.8910896634364904
05d6c8a5d3db19c4,0.8336112847764927
4477fb4e0a476ae4,0.7709120037511723
3965182266dda565,0.6802664895279775
72bafef29554438a,0.6512899864541003
1b31f23c3e55dcb7,0.7378081692195478
66c42c9008125f10,0.4553347400229238
5bf14b82c919f706,0.4208012920704386
2c7401c2798c92bd,0.3309117432530999
4adf517216b1dd47,0.09748645410023965
26348c70727fc713,0.9305420964884861
82c1c6b9b0ad498d,0.5156465562154839
1365ca92c2e04031,0.28260029175784096
9edbc98e397ab4c2,0.5642768573512557
1059c066d6e0626d,0.018966343649057
af993cc3ac374b83,0.2659252891528603
f32194afe634dbba,0.5599507658643326
29de97ac80feb956,0.7405243826195687
e5fb185d8c6181d7,0.30470720016671876
632347c0452d889a,0.8214970824215901
35ad7b818afa2cc9,0.8525750234448264
0e9b47d072e9f5d9,0.4389079920808586
4b2ee7a5a4d7d797,0.6841458268208815
793b579534d59c3e,0.5013762113160363
3b23c46e8aebaa25,0.809576430134417
f68b741461469ae2,0.0645907575283943
79e144db8265864c,0.061487704490986776
09c4fd90bed2d748,0.8655918516202981
2215efb176105acd,0.8168516202980098
b4a9877c6c234878,0.5234625403772012
529f75ff399c033b,0.9464236219651975
ad20741d26dac628,0.9630746587475253
abee4fe9fcb49deb,0.16259560279253935
80bf7ea1dfa6b569,0.6980079712410129
7d637676608f51cb,0.23899369594665001
79855154621f663c,0.2152589350838804
db630a696b94324c,0.4359062727935813
2c87f55f1bd853bf,0.10813926226945919
05466a89f589fe04,0.9621605710117744
073f9b06f7bf95f5,0.0430624153381265
d8c52af1d9a0ab94,0.20592841512972804
170df691b9758d76,0.8344219547775347
098c223fa7ac1f73,0.5169672814421173
947d4f80370f0b58,0.38381369177868085
66196fa0af9abe3f,0.751443159320621
356513b3059ae50f,0.6346941752631031
a951ca23d4bdcc33,0.6691150880483485
defaffd4e20a4c47,0.15398327602375744
9aeb8ce75c56fcce,0.11705663228092113
0e52e6d570d8f008,0.14969183078045223
d177a330dadb2707,0.1275106804209649
4acf903d98d08aa8,0.9761516619777015
673bd4205f6635b8,0.71338699593623
17b635201a20862b,0.501494477440867
e31cdafcb4337eef,0.24313535479837448
2f57ad23a2ad21f5,0.7486248306762529
8c76f3fa81c149a4,0.398479733249974
7448092b980edcbb,0.7044870792956133
cc3891e28dd031fb,0.060069813483380224
05d416ef906cddf6,0.10821767218922579
d5cdb3c4f4965afa,0.2346272272585183
bc40575e98475699,0.1448866833385433
7227a9d91f309e1e,0.4595649682192352
f83295ed727a429c,0.16870688756903196
44f16ce1d7899c02,0.04888923621965197
219b4d22a5bcceb7,0.16555928936125874
5684d434bf545e82,0.18766098780869023
03d5ff6b9db6a1ce,0.39673517765968536
c402ad00c62dd803,0.2003180681462957
d384f2bb50d7321e,0.6990877357507554
865ca8dbe8ae9927,0.4278873606335314
0cfaded78f4c55c4,0.8571261852662291
c1f9c03f1f673cb2,0.7467200687714911
80784aef1b00a337,0.7160432947796186
2cc7c6c16592cbf5,0.4702308012920704
f816697d9e23576b,0.46321663019693654
e0a3063ee410875f,0.3701787016776076
187c083474d62911,0.3560089090340732
32fe8606c8a5cb67,0.8800440241742211
e3b603a450f69271,0.4374101281650516
13ea25fe500d74e1,0.5066635406897989
3465f2b92e5411a4,0.12401948525580911
f84c04deab8f0a53,0.877227258518287
ce64b825ce5f48e0,0.06256538501615087
a03d161faa6231d7,0.12239345628842348
7b73399454d06d9d,0.07711680733562572
726ce1fc6c05064c,0.6019433156194645
0e660e2441745329,0.764173700114619
d4373d25e109dcb5,0.9159018443263521
6c8ad2f1018079fb,0.06901453579243513
485cc002fda9b938,0.09822079816609357
840b1b00c51f87cb,0.08494868187975409
e7c9e19e247f843b,0.45171147233510467
4f97589fa05c40f1,0.863907471084714
41919c492d55190b,0.7257692508075441
8fc6cb3936ed4ac6,0.5037139210169844
75e3076bf4b29ba8,0.2855051057622173
8357351f6977683d,0.51545587162655
1a6590aa6c3d2a06,0.6340681983953319
6b0dae5047e0ba12,0.5950940398041055
6f8bc4fa3d91a3dc,0.26230905491299367
e4aecbadc139b9ec,0.3288819422736272
7616bb2872e18231,0.6588118682921746
f97102e411194f18,0.2220006251953735
4f25e4f4959ce4e1,0.3784370115661144
46d34ae6f3e900ba,0.6837308533916849
73e3288eeb552e3f,0.04797228300510576
e7010fbb2150676d,0.6520928415129728
cc2c1c680ac82832,0.053903303115556946
d025b02417a63fbb,0.5726734917161613
08070948781ecfb5,0.13054548296342608
2bdbf073750d4864,0.5081491611962071
2783928eaba81305,0.8106749505053663
51bcbc84c0f437ad,0.1805262061060748
dbecf7b9325b78d3,0.8709852037094926
39b3096dbfceade4,0.45585599666562465
4299599a54525066,0.9033325518391164
ccd92654fb1f721f,0.9692114723351049
ee1170819ca7d594,0.16682661248306763
c30ab4f74d33afa9,0.041309263311451495
40f10fad12afb51f,0.48590861727623214
f4e63fba51ec3896,0.8868305199541524
60ad4f8eda2cf6d5,0.8530350630405334
4dfcb17aa4236952,0.5469524330519955
2e54d9b1b4e00337,0.34519068458893404
47a9e135733c2ab4,0.45991038866312395
4b3c22d3da587d59,0.548884286756278
ef89abef9807c003,0.182049077836824
e7530eb737c85931,0.4106184224236741
dea26fe32dbe26a7,0.5907348650619986
08133a148f3d4ed6,0.7900588725643429
d39b177320bf091f,0.6073351047202251
c2eeafe05948ccae,0.7010745545482964
73c8d1e2bc9f517f,0.14348390121913096
0dd4da33e5e18c44,0.5745980514744191
25e076876a1fb6c3,0.8063686568719391
873d0ca47a7ce61e,0.7752193393768887
930d090798b9ad8e,0.6060086485360008
98e38baebfb97bcd,0.7639457643013441
9c779fba6fe0839e,0.17827941023236427
5bb1f9fc76a02c1b,0.2859750442846723
f83de39c4e518f6b,0.9754167969157028
10bbab1f08d2e6c2,0.018617536730228194
ffe63eebf605244b,0.9815431905803897
1e55e67dbb9fa1ef,0.5703584453475045
e53426cca968ebd9,0.9106754715015108
51bba86dd8aaec50,0.8451646347817028
582102afed3c818c,0.17544232572678964
b280a8fb8ffb9bf1,0.5034393560487652
e8e7ee8589574a45,0.3646704699385225
228ac1a17bade85a,0.3614736375950818
2bb37b0ac11a0c2b,0.7402347087631551
5588a1f5d8da9c77,0.35939017401271234
a46d657f4c9bc8ca,0.4832395540273002
7373ad47c61f558c,0.8774736896946963
0f1fcadf13eee28b,0.7320751276440554
1f8603bf90774382,0.9467325726789622
b0dc746e7f7ac87b,0.39183625091174323
82107223b7ff9788,0.7276159216421798
a38cbc0aecaa644c,0.39525216213400016
61dbaab39e7dbc01,0.0953454204438887
85064aac24d665cd,0.05487079295613213
48be998c9a3000d0,0.3434310201104512
26b2daccb2b045e0,0.9345954464936959
95198d21e3fae237,0.27379076794831714
b2a2d7a18404d7a4,0.5234708763155153
6b178de020b8598f,0.18194045014066895
38c1b19633279892,0.5736946441596332
186d5468edde7455,0.8438582369490466
4f33d36d7b629852,0.506334531624466
b955eeaecbe25ef7,0.828202823799104
39ad39dbe012b34a,0.9239147650307389
929e8e2af2403da0,0.43463087423153063
fa22cc093dcf1822,0.19568771491090967
f56ff6b1c2817475,0.18047957695113054
56b30f44349ddb92,0.5899458164009588
617dd77adea9e711,0.5860979993748047
4cd7a91de7bacdd1,0.6432770657497136
c07844f4e94ce116,0.9624786391580702
692bbfe3fde429f2,0.9194717099093468
6e8117bf11d2b904,0.3339600916953215
27efca94126fb8ff,0.38094612899864544
4d2a406b540c41f9,0.919111441075336
5ca9c8756c163b0e,0.2650979472751902
c10aad8b54af6017,0.6642687819110138
60798b007f7b4637,0.23295639262269457
805031b5ab834e54,0.42705168281754713
fea6be92744b0c40,0.9498921537980618
284e4bea4a96494c,0.42433885589246634
4db0c35a634d4fb9,0.21610946128998645
351dca6bfd544a21,0.908174690007294
c36cc7323d4f4de5,0.7493888715223508
78c350098097af6d,0.08677946233197875
1404eca61a3105b6,0.2989949984370116
2472a09a3e602f48,0.826233458372408
5f9d50958df392e6,0.9411026883401061
ab8fde4ac70ac766,0.9351055017192873
6649908e57ee98c0,0.16965770553297904
6f6b426a42753b8f,0.39732650828383864
9f89dd1b9ea145e9,0.7382973845993539
d56cce1c1c4c9780,0.3812430968010837
fd794932c3ad58d3,0.010148223403146816
901c8562d025f79d,0.23026909450870067
2460966f3ca7d3bd,0.7222882150672085
41c6149d1848cad1,0.33554105449619676
2c948ba95eb3128a,0.8216737001146192
0263f07afc6e71f9,0.05400567885797646
59520bb39396ae13,0.7770506408252579
096e1b740c779095,0.5335099510263623
13bcd446b5b75780,0.20953709492549755
82652e7aaa1e423f,0.1290088048348442
b4c2a047510b1d1d,0.21021386891737004
8e95fe1172cfd49b,0.46857481504636866
8b3b319f1bf34127,0.8287274669167448
8e876b9274c5930f,0.04460847139731166
74c8dbccca14e4c9,0.9785656976138376
a13d2861af1b8b95,0.767272845680942
3d0443784b9008d8,0.6585162029800978
30a6c22faea5d219,0.7478094717099093
8ccaf0cd13ec8d69,0.9444883817859747
ea79b75b6fa4e024,0.6095329269563405
df41150fbde2201f,0.48321636969886417
6bfaf27148ca783a,0.6635247994164843
016b24ffbde9f2e6,0.9286097217880587
c7f17aea0b57c810,0.23555512139210172
1974cb4a4a5105f9,0.38904892153798065
ed6fb2d892b20325,0.339886422840471
029aa7e7739f68f3,0.5435094300302178
1499ced0a7fec031,0.38074189850995105
1da835ae2069715d,0.1868570907575284
3b48789ebdae6cf1,0.5390999791601542
b2501a34b4204e11,0.24880040637699277
4e1bde0d2fdb1719,0.488788944461811
bd42c11dc1ea52c1,0.09398588100448058
dcdd441194892326,0.46850500156298835
890cf601bcb4d1fc,0.7783776180056268
efcfd07026d6f75c,0.6658679795769511
6e5921c9eaa0bbae,0.483064499322705
076e6b937f9e0f1e,0.94198786078983
fe7aa6148631a52b,0.36683729290403255
0204709b122147fa,0.06888584974471189
3bf87c4ce9af3343,0.05775737209544649
e5d3cf73e07cb881,0.68921095133896
d79da024e674f570,0.7499077836824007
f137410611053710,0.05958346358236949
4b48a5ea7d8db38d,0.3271933937688861
6e5b5708c1bbde63,0.6841348859018445
2e21f1e2f4f0d11b,0.33960664791080547
2fcb7b875a97fd67,0.8997962905074502
c9c50dcabb2aaebd,0.09240778368240074
ade709965be588c6,0.25288032718557885
e99ce68035fd1383,0.6748332812337189
9abdf47140639086,0.982641710951339
c0370f3f688a69d3,0.9130559028863185
023ecf078fbcbe04,0.5129517036573928
9366b2145d9ffbaa,0.9375966447848285
907dcd98979cefc5,0.15329165364176306
1430d1f8417967a9,0.41518469313327083
12cf954bc6f7953f,0.9731207669063249
9f439978c3ff1caf,0.7710289673856412
3d566b52640665bf,0.8933080650203189
1da24b04359879c2,0.2636170157340836
5fb8e8cdc5a458af,0.583429196623945
69f63de79af9dd49,0.7071248827758675
078cef5b5f6aff6f,0.795788267166823
ee64ad3ef7cbc727,0.17118578722517455
30f789de29e44c84,0.9435771595290195
ed6dc35d0f6c3f4b,0.9894795248515161
24171dc6016596e0,0.7513449515473586
d9753be4a4ac4d5f,0.9717997811816194
08b18f56dc4a9978,0.606406689590497
2fe99f58d73a842b,0.17660779410232363
231cb4b19f8ddc4a,0.08682713347921225
a0f57bb92842d2c6,0.2607598728769407
b451e5af95310e52,0.63027013650099
4d5e3c273bff2df6,0.6614608731895384
69445874395ad7f7,0.13700687714910909
72d5eb4d04446c06,0.3109443055121392
676277c834acaafa,0.3159693133270814
345fac6fcbfce3ac,0.6500450661665104
77268d80339453f4,0.5268500573095759
0a3d332e3608b10c,0.8426573408356779
3d3e247d278aad6c,0.9726232155882045
c6d0f1503380066c,0.9831726060227155
a7ccb8ff054ea663,0.8882142857142856
d3b3fd3963b35751,0.8708325518391165
e361e82e1559efea,0.5720050536626029
94f03a339108fe12,0.04453839741585912
0d6b47fe3047807f,0.587549755131812
f0d2a9398458201f,0.19627409607168908
8189ef648444f31a,0.7174713452120456
b341aa9047a23001,0.37407236636448893
0b603f589ffe5334,0.8911006043555278
dfcd5836b6d7807c,0.9236511409815567
c69510f82760fc8e,0.4775976867771178
bc2b0e3b0279f394,0.08847660727310619
9e59359a937dc386,0.23495180785662184
9bd6fbbffc3029b7,0.4740825257893092
78533ed0a4d75031,0.5177982702927998
24d3b857d9ec7516,0.9304243513598001
d9f1874f6346d786,0.8174770761696364
6588a72e611a860f,0.33267687819110137
52fef00321899df1,0.8648859018443262
b3c2a81210323102,0.2768419818693342
c1501d30afd688d2,0.38304886943836614
2bd1f2fa8a7cdbba,0.2803857976450974
7472a7ac18cd8ab0,0.9287662811295196
b1dcab1c1027e375,0.743978847556528
2add558fb5890d0f,0.015454308638116079
51a6b2ebff82bb8d,0.7612852974887985
3486d76917d26380,0.8134794727519017
7d9915dadeee6dc0,0.5710795040116703
1a5e5859e62a5ff4,0.05614541002396582
ba7cc06ca707247c,0.5187751380639782
3c42318ad81df936,0.11199828071272272
e7f32c62736ba8ec,0.4547423674064812
01970049a1d79ee3,0.8299390434510784
c34d08417ccc14e1,0.7549291445243305
dd08d7511ab95a7c,0.49830519954152336
147c9ed162930636,0.72771386891737
4d55d8c7e32d9a9c,0.39391242054808795
1df22e6d0f4be856,0.5139577472126706
29e5cfdbc9735f7b,0.7337412733145774
529dfd620d6ee22a,0.37398301552568514
22b829fba260c24a,0.28498593310409503
712c502ecc45cac8,0.14956444722309054
2806f2b7f968844a,0.5248207773262478
1ff716c957da8f4c,0.1952263728248411
33a651d1e2266900,0.9760456392622694
01aa41460821647d,0.5777623215588205
2728591ac3aaa7f9,0.7926688027508597
62153e0ba99bfdc4,0.7975872668542254
a336835871390b27,0.28282405960195894
66040815dd14bdc6,0.2989707721162863
e0d8f324ffe3e925,0.7519560800250078
e7d245b8d234167a,0.22510862769615506
b30acd5fe8990b03,0.9781194644159633
8b87df65e3f61018,0.5108914244034595
92d913128fc856dd,0.6077308012920704
c1aa97bf3aa49c01,0.39175940398041054
37b85ed57524087b,0.887880327185579
fbbd2368a21a9e6b,0.4338027508596436
39795c53fb16d719,0.32974835886214443
6d637bbe837caf77,0.570654110659581
ac09426ca8b44dc8,0.8598981452537251
0007a5bb7310d604,0.8666971449411275
f8c5400d321751bb,0.9361636448890278
5c5d74b2ed3fe0b2,0.11533812649786393
a0d70afd5aebab39,0.2754686360320934
dab67f5669ab1b4a,0.7305243826195686
b094a6aee2983e4b,0.6769037199124726
76eceb39e4bbf598,0.6787350213608421
08792ceaef2278a0,0.34457460664791084
421639eb32096298,0.5477995727831614
3732446a2dc0ff2c,0.4672035531937064
f42e7bbaae983e33,0.8029170574137752
1d7a33be5e41401e,0.4410234969261228
c94efe294bf687bc,0.7641046681254559
54153bda194f6353,0.2615559549859331
275f14633d4a7de0,0.17917343961654683
7a750521e7810b4b,0.924896321767219
b94bc2b4bd62e236,0.5885242784203396
3c2076842f11afcb,0.2560141189955194
53c3d245534bdda0,0.08067729498801708
bee1ce38b4653a33,0.19273861623423985
7fcd7a8a7c44d7f7,0.11089064290924248
60fc2edd396bed1b,0.6119341981869334
df7a1a739d1e3d31,0.7110878399499844
293173b622ae6047,0.5602993122850891
c18a9f29b23ca49b,0.2901195686151923
4497cca94390df91,0.411725799729082
40d9096835771f2f,0.81704074189851
ba30e997b8338d76,0.8211972491403564
56d89283c0f5c7c8,0.37993617797228296
f460984ca4f4f1a0,0.3963655308950713
63585cd6e35862a2,0.31002110034385744
26e41712e705d5ad,0.6841351463999167
0a056eacd56539b4,0.22323252057934773
9060dd63376b8616,0.5500471501510888
f11e51ec27009738,0.744885641346254
d0496dc870887d72,0.5473892883192665
65fef6d3fb26ca70,0.033747785766385326
a586684b41fa9769,0.6907192351776595
3bb2f0950e70a234,0.5116252474731686
6c6a97e3ad10abbf,0.9251404084609773
ede33053b334b03e,0.590915911222257
0dfab1673fe84ab2,0.47252657080337607
f65b0230673c2e76,0.5651925080754403
5618ac6872992ff3,0.9778089507137646
77febd71dc7777e6,0.9093398978847557
7f54b45c8c0b9310,0.88578227571116
9273e3e5412cfeae,0.7864066895904971
52087475796918f7,0.28731713035323536
643455f14aa1df04,0.041568979889548816
d1b24b005a16d2e7,0.6942823278107744
88788f98d41f9611,0.6894146608315098
bbbe50af555f1d68,0.49956053975200587
1bfe964817713a25,0.9948843388558926
40d6df07da814020,0.8648517765968533
8a96d0eccabff7b3,0.041618995519433155
439300a43f735490,0.09413149942690424
bfaf88448d1869a5,0.6935313118682922
1eb331ca2d61f16e,0.8054454517036573
5ad8f23386d2ce42,0.8478633948108785
69ddf95fb1e28199,0.7841546837553401
6c224fe2f90a4ac6,0.30909034073147856
7d2d81f3b2e16bb2,0.8656486402000625
306bcc14dd7bcd69,0.846429873918933
db0b579d4d6c3202,0.05229603000937792
5e7670a553fae63c,0.6126427529436281
999f8c054ed84981,0.3056223298947587
645969c8fdeb22a1,0.0289462852974888
6158cad9f5117a45,0.4097465353756382
3717d43b0bfbe61e,0.7276370219860372
8ffc981637d61bb9,0.30533395852870693
8b934f4c25070ad8,0.2983971553610504
15701cad20890a02,0.4797324684797332
4a22e527eecd22b2,0.5845386579139313
6b7e69ddbeb27f14,0.900201365009899
c44f66a5254d5ede,0.9364541002396582
1dd06cc994df91c5,0.8361112847764927
43da23e0c905b332,0.6243412003751172
cef6bb5fbd6d7d4c,0.08217255392310097
74e65522686e974b,0.16950427216838596
b2ec41e4d4e17991,0.3401505678857976
7adfda5837586ee5,0.40793893925184954
7be7cd83da184778,0.7289989059080962
331453c919db4a8a,0.2974406064395123
1ad90b2ad8ec5751,0.05087735750755445
06f305aa47e1f3e5,0.7576896425966446
5d77b6a032a98222,0.6426581223298948
2fadc388cbe136d8,0.08541002396582266
3a64f59d79eebaa0,0.46463582369490464
e9d4d3a03ce54237,0.7678167656559343
5bc032bc2d4db536,0.17850916953214546
42afab27f6d63b09,0.6952532041262894
0ce59aff9d61ddc0,0.694171876628113
c4b23b3e64f8fa59,0.12985125560070856
df5826f4adc2407c,0.636401740127123
1006c7d207337c5d,0.19637959779097636
74f20f15f7388f9c,0.046208971553610506
e8c69436b1cb3320,0.32795222465353757
609680f04da9fb46,0.16707226216526
060d99e1fde9dc79,0.04772428884026258
6555f0c293c5a1f9,0.758238512035011
cc835ba475e9656e,0.7287464832760238
960c65dd29d3417b,0.46621366051891217
c7596c71a0f505bf,0.12902990517870166
3f3297df319604e8,0.679589715536105
21c886bdfaeba657,0.9486258726685421
4c47eb742008376f,0.6590124518078566
0360ab7e3c03e1d6,0.4136360320933625
106e8c5cc993ce96,0.601480410544962
3f189ef767336273,0.6307906116494739
d87c2b5ea60e2e70,0.16365947691987082
924a02ba0ace2e0f,0.2641169115348546
e0a93aee5351fc40,0.8694727519016361
60036012aab0d68e,0.6077993122850891
92196298fd1f0a2c,0.5039426383244764
2c9507cd32c0dc32,0.09665833072835261
f138d3401d1ef8d3,0.13631186829217462
0550e84ce3342ea2,0.8857643013441701
433b7b91aefd0d89,0.16382280921121184
2f084abde9824f95,0.14252422632072523
aec34c208a4086e3,0.8552633635511098
77832263f798d3db,0.5775065124518078
423646a4264a51ea,0.5012647181410858
99a11463587499b5,0.6575890903407315
5666dcd2f61e1fdc,0.4559555069292487
414bb3e31a06b128,0.9353290090653329
9825bfe27f61ead1,0.4364223194748359
3e8b0ac764ba974f,0.02046420756486402
f494e58fc4f527c1,0.3266849015317287
4b3ed9d300487cc2,0.7921095133896008
064d5daca103bb1b,0.4270245910180265
1a4b5aa55f664cd7,0.31924950505366256
65fae5433da58938,0.38638220277169943
77df36f32951641e,0.10245258935083879
2734faa9175621e1,0.9685109930186517
6952ae6c0325e147,0.08134338855892467
bc49ff32a733b5b3,0.6989707721162862
ddb437f22bdce5ad,0.8675703344795248
ad2ca89540526e80,0.9670146920912785
8eb86976f1f7faeb,0.9644719704074192
351b2cac3bb60649,0.6984951026362405
f3685748a7717d4b,0.29320178180681467
af64f4a787a28c01,0.087304365947692
e41d8e72f6a6da64,0.27584401375429823
43199fd3cad0d080,0.6419188288006669
08639490dad5a32a,0.8628438574554549
251545c20caf2d9a,0.5408494842138168
657fbf140a397f3b,0.41798140043763676
d28dd01372e08f90,0.539584766072731
fb9bccbf5affc835,0.11972283005105762
0c3e0f0e422bc214,0.7468297384599354
b6fe616b3ee4f983,0.6536589559237262
1a05d9b0ab2c483b,0.5702474731686984
be053c37d8d326fd,0.4925961237886839
b0cc45542dd09eba,0.48382645618422426
0d1c9ebdc72b57f6,0.34039048661039906
926a38d305ede2ee,0.8873700114619151
381047d838351f95,0.6479592581014901
5afb977a1eeba5b5,0.350141710951339
1ef7c785c8633cc8,0.4461144107533604
2f0bd78e22c8874e,0.7541666666666665
2765e2bdf659e633,0.19063848077524226
31756eaf193dde51,0.24189538397415858
ba5f5a3df72c6be8,0.9080353235386058
90e87591d24ae44e,0.3122137126185266
f9f063e55d3db8b4,0.6043031676565593
3ef90711b7e5d86b,0.6848991872460144
ec0a6ecd2422c215,0.6441010211524435
2a75009bf5006a5b,0.35821610920079183
9edf622febac0e4b,0.5942031363967906
9cee551773541f4f,0.42729733249973945
2a07f1c2d7378d29,0.532495050536626
aacdb09c08c9a960,0.11718193185370428
df9753fd02aeca78,0.4292984786912577
ecc853e05f1891ac,0.603552672710222
859bd8582d3d2811,0.5900948212983224
a124273d56f60796,0.4878722517453371
9cd33034524d6b66,0.4148994477440867
9e58973154c42431,0.08928623528185893
fe78518186335668,0.050134156507241845
0c195b45f68a8952,0.2559552464311764
bb6b109cc9317218,0.062379910388663126
a58342d3aee051b5,0.18109122642492448
48f975291ebf9397,0.8338842867562781
672604676c29d735,0.6086170157340836
144b0a7e9cb057ed,0.9170975304782745
02ea6c1ef4cf0b61,0.03469625924768157
fe3c47193f742bd1,0.28759638428675627
782fd306b790e8b4,0.567044909867667
53f0ab0c206a7f5b,0.8139632176721892
2d15bf73a2700357,0.35884130457434615
569b34b568032161,0.8353237991038867
d98474765b2d7880,0.5686670313639679
f3088caf81ec54f5,0.9248551630717932
884de3bae564118d,0.9438423465666355
5b62a55571d795f7,0.5897400229238303
e860976e6aaf78f3,0.6550252683130144
bc5f8d0b2f9683ba,0.02242419506095655
92555d85c6369cfd,0.8935474627487756
189861fc294e0daf,0.4536362925914348
b8212e2222eb4313,0.09024903615713244
53afc56ddcd63d8d,0.6450890903407316
0592b0cab7becf5c,0.4927980097947275
ac4cbdd76a84da91,0.5488803792851933
f2eeb139d518ca60,0.7785573616755236
e02fcc8b8b63c0cb,0.2920402209023653
a7f194a18e15e185,0.374252370532458
b9b57b5beadd1490,0.7542396061269147
357c4988d289017f,0.33635589246639575
f0d98c09bd71837f,0.6249051787016777
b1c0df4bb0c82383,0.6289332603938731
5bb361813a233522,0.33428649577993125
c3eeda7b200e2c92,0.32105397520058354
db0460b8a23a94e3,0.5584940606439512
3c80f795a35190af,0.14683234344065854
ecf5824d8b392491,0.10319813483380223
5fc7a11376239e12,0.046661977701365015
2008fba1ef946ecb,0.6839077315827862
e2aa59fe541e0ac8,0.37120480358445346
09b5c7802e6b561b,0.005212826925080755
988df0719acbb76e,0.636478066062311
48d79ec301d31948,0.35245936230071895
d288ed9b89b3675c,0.21636839637386684
75abd1caba2694a1,0.296334531624466
3660f3c735d8a187,0.49117406481192033
0440ac4598276f6f,0.8971808898614151
836bbb09e4831df8,0.47602610190684586
51432ea27e463eb4,0.29267427321037826
3fd99194e4efb12e,0.078938991351464
ef1b4ca1f2c1e357,0.09712618526622901
70c464af7e1cea4a,0.08019381056580181
54c64f47d761f86d,0.7140921642179847
333dcb05411a601b,0.28272324684797334
11861d1571dcc3a1,0.23039439408148382
20e00d08f625d409,0.668662863394811
8574c4f5b2db8c92,0.7791830780452225
95feb433faa8520b,0.9052321037824321
1dd496796a5dadff,0.3077167343961654
c1c248e8483e9ef8,0.3015947691987079
5e0dc0f0f0ea48f3,0.19008856934458684
7ecca4d6c9eac123,0.3750609565489216
58dbf7650b2286e5,0.16659893716786497
4c62224901fd183c,0.5283671980827342
affa636fe0cafb15,0.860590288631864
c9f2c416d003a925,0.08540741898509951
c19024a709757f11,0.566820360529332
d3444b15af3a9536,0.6517323121808899
2f54cc2167b0cfdb,0.2637756590601229
d974c7d47092679a,0.06440814837970198
1f04a25da2b17ee9,0.7446743774096072
f133299dc49c2bf2,0.1346657809732208
9542ec8d29575b20,0.8812743565697614
6e476b773a15e2f7,0.20520709596748984
c468f0fe05876276,0.21985698655829947
1bdf15bc47508221,0.6416200375117225
687b1d6eaf1bb287,0.7764853600083359
fc8590ee9d55c5db,0.12179040325101594
a4379a3efec7361a,0.04507632593518808
30a2e56d4d608b28,0.6765809628008752
4b400d52635e28ff,0.9726854746274878
992d4d4846551047,0.8501857351255602
b91c089133d42f62,0.4126075857038658
c98879c523da912b,0.1920501198291133
7c8f510d8af822b4,0.6997277795144314
9d674a6212b3431c,0.155537147025112
d3da05b2f284cb87,0.31312154840054185
853ab873686c227e,0.7857669063248931
ee0d55e13012503e,0.12916614567052204
fed761caa06202e1,0.20328123371887047
7750406f980f78c8,0.6837459622798792
e8770d9a28fdaeaf,0.9391247264770239
4025856444b9ab51,0.22798348442221528
1d0cc87631f52974,0.9887068875690319
f87d2af1aa151b69,0.46637933729290404
e2746f6359714da0,0.3189228404709805
6b20c519964ca8fe,0.23257085547566947
ac0ef70a6dbe1ce0,0.06267297072001668
29219b6baa3ffa60,0.6433273418776702
ef5245dc0733939e,0.4206270188600604
26d625d3997169dc,0.13321350422006878
ff9580c0b2b1a370,0.7761495779931229
bdad383d41eac454,0.0072215275606960505
a6bebd6247dce4a2,0.9163290611649474
846ab5063b60d099,0.9597478378659997
1e342d4cd0cd2bac,0.5252477336667709
b111d554bd56dcf7,0.542668281754715
9ddbb649643fc0ee,0.8575213608419299
0dc9c8998b42da67,0.8527766489527978
80444594c0d4b5b8,0.419791080546004
9bf8b2752ad4d752,0.9135873189538398
794812675f553fb1,0.6641961029488381
c60c7cf09844c202,0.6014913514639991
06559b4012a85953,0.16050484526414505
dde7362e34a81ac2,0.4920370949254975
fa1ccff8a7481b47,0.9000435031780765
89c1eb286bad23b4,0.051380118787120975
b389067306356b78,0.5618789725956028
a4328554fc4a45e3,0.6440554339897886
fe2ff0422ecd1440,0.4503949150776284
e1f0e9e0dd1f6a8e,0.6711936021673441
e431bdc8db1622e3,0.5518479733249974
54d5ddd4fde3db7e,0.1083708450557466
d6a2262fc314d2a8,0.5305087527352299
e7039d9ed0ec0c39,0.14112535167239765
357fb25344e0d8ef,0.42803844951547365
8479ceedf945cd0b,0.47176591643221844
30e12f447d932d19,0.6714405543398978
a33acfadc007c5d3,0.8381251953735542
32b72fee7f2bc37f,0.35323747004272166
e2ef0cf7c0138e95,0.841925601750547
c53a5098d3feab43,0.7791671876628112
2d1a504956a9bc59,0.08279071584870273
5b9d63bb61f11842,0.2101401479629051
f8fbcd4440a074e6,0.661516098780869
c18b0ab8490d1c66,0.45491924559758257
18cc6b0ca558d790,0.8979853079087214
c78d6d8adb708879,0.09123944982807128
928fe114a90feded,0.7046438991351464
806b11fae1f6bd45,0.29424872355944565
ac8d5b4456a25f98,0.2726154006460352
0de3b4e998fb61e4,0.07767505470459518
0344ee3e70daaee8,0.704011930811712
9459a694f708e7cc,0.04156272793581327
f8f24bc3cf3562cb,0.4067526310305304
fca0d01a476eb58c,0.32262113160362615
ef25fb3354e1c732,0.6924955715327705
83ce56a22c714f81,0.8501773991872461
781864846ec190fd,0.25573304157549237
99c27791616e6a14,0.5779506616651038
f00a56545441ae1e,0.23191830780452222
160c77c56d0bc3b3,0.0852357507554444
6bc7f7e6a8dbe398,0.365906012295509
565c31dc34339cb6,0.8446243617797229
d47a57dc58d8cfca,0.5179040325101594
7d91fd093f331634,0.8674598832968635
a33fd6143896a064,0.059546993852245496
af6776fae916125c,0.910774200270918
eb63791dfd566fd7,0.7935305303740753
fd94632e98a57fd7,0.7640332916536418
7afa48755b2905cd,0.9258802229863499
cbfe89a23b516339,0.6755418359904135
bc9eb4d602b27458,0.4063470355319371
fb8b7e3482eaa33f,0.44148536000833594
0d172dce11eeef53,0.305300875273523
6cb7efe2f15a8b1f,0.3769341981869334
0b234c8955fa5560,0.1432994685839325
1564bc14da2389b8,0.8463199437324165
11d440c4ffeb2e60,0.40680968010836716
fa46240b99291663,0.8099325309992707
52eb5978e0a48397,0.945842190267792
bb2cb3fc47f785b4,0.8180822131916224
bd402ae2e81bc456,0.28585443367719077
5b2c73c3c2fab67b,0.01355970615817443
558785e2cd64bd4e,0.8136032093362509
d8d0cdd0e630be6e,0.9879412837345003
54a5cf67504e37cf,0.6184766072731062
b7225c4787addde6,0.2526583828279671
2e444cb3f4217098,0.1907575283942899
ae6ea7b6c44fe6f5,0.7333372408044181
8917e3ac1e161b77,0.4287061060748151
ca8e1b8f4b045be2,0.9299838491195165
b16a002c43cda488,0.8752573720954466
38988311c0c8e2b7,0.7696660414712932
40ac9a289f991b8c,0.5030361050328227
83dbe87c0f3ff118,0.6064382098572471
d8412746401ef6ff,0.13879207043867875
95a1b17435300c3e,0.5638238512035012
9576e0a63d76b324,0.36040116703136404
8e43c1faf8514a42,0.012186881317078254
64462847893bb0c3,0.7646913097843075
2e8d60596fe0288d,0.11280191726581222
e3064eb18f25f417,0.89792773783474
5c24da1b9f2ac392,0.047463530269876
ad26aaf8f4bdaf41,0.4974643117640929
a21097bbd8645f25,0.10195373554235698
cffe1ff942479449,0.09267948317182452
39170ff154aa8058,0.6899546733354174
0e2b77f6fe4d94af,0.7774408669375847
4fb4ed274c87cfd9,0.22033526101906847
dbe218b606bf3cff,0.5786183182244452
b1ff3f405ab15e62,0.38763545899760343
b77bd0eb977bfde6,0.017543503178076483
c65c01d13c9051fb,0.8122879545691362
9f7d2bd32579e9b3,0.3946649994790038
1d42bbb95380256d,0.744090601229551
799c5bdb519f3962,0.5669383661560904
af54b26cbb15ae3e,0.42894263832447643
9ce958c47b1e7d3c,0.7001810461602584
d39bba0520b226fe,0.49662472647702405
c4923735c16e8881,0.02302750859643639
43506b20fd8ac430,0.33438574554548295
685b0ab35ff084e8,0.8489296134208607
03212fcbf4fcc22d,0.8410406897988955
7aff26a87411e8ee,0.812146764613942
9af789cec1453f89,0.08154084609773887
41f2ebd04afb728d,0.73664452433052
a3a3009c55baa210,0.9828983015525685
688382bd40810598,0.44509716578097325
42cce10beb6c55b1,0.19002604980723145
59fe211f9aa2b83d,0.7603670417838908
86466c925086fe3c,0.8589020006251953
cd36f54626e83a21,0.23302907158487024
ded728c05e20539a,0.8442161613004062
0c7fd3a164040b3f,0.8390895592372616
614f526f552a972f,0.1684620193810566
cf076cf42abbd2a6,0.2021115973741794
e20135d1136fb289,0.24466682296551007
2b40340f15b07950,0.8607921746379077
92ea7f3ec80af25f,0.8917742523705325
1de6db095fe81c3a,0.793499791601542
e13432ce761076fd,0.4802323642805043
ae126eb3da41487a,0.16743174950505366
05436df37c119ff6,0.6406916223819945
b9203ce854a26300,0.49367354381577583
e39f8336b7fa1f6e,0.8170623632385121
2d031b0318ea5a02,0.46148431801604667
54304b5c419290ad,0.16891554652495572
e9b3e8a0a4077e28,0.08472830051057621
1dced917867d765e,0.7667591434823382
c004a070a93054de,0.8473533395852872
3fa194a91f4562c5,0.4067586224861936
76d5a2300ca56933,0.14127018860060436
993bd3c445b80c92,0.5364608731895385
16eff5adf0cf07a9,0.9719800458476608
19f4c91cd1038cc8,0.1505587683651141
4ace42dbd199d1b2,0.3736329061164947
8232534ba45ef07e,0.6092135563196832
a2eb06ecbdb56bd2,0.12187871209753048
e33ca091fb503e03,0.5717844117953527
8b65603997a5d0ae,0.17211498384911952
c4702fc1a3b838e1,0.40711316036261325
0a2ca915437c9a04,0.12483328123371887
6e4d60a1e5913350,0.16176669792643536
0eb4def034c0e542,0.9477011045118267
0dc7bc6ce45f37c8,0.04473741794310722
69c1bc9b1691880f,0.6510102115244347
249619e3bba248c5,0.48939382098572465
8a0925f386616243,0.5498611545274564
c609c9019d1d7b32,0.8069013754298218
dea132cdd56b9c8f,0.8798554235698656
24c6ff18b883edd2,0.9838100448056685
06ea151cc4ea5974,0.10341773470876316
dde1072c2340c07c,0.08984891111805772
bf6234d11406ea49,0.3618432843596958
610c0fee53d0cf9e,0.8390215692403875
fc0691273040fddb,0.774661873502136
46bbaf2bcdf5a362,0.49546629154944255
6f4198d004803569,0.4068805355840367
3f726ca9a49e022b,0.21582629988538085
2263ab08ec01d546,0.19459779097634677
dc2a61d22023b42b,0.9844891632801918
9cb03c429bd54976,0.05373033239554027
d3d5427c6c9640bd,0.9044344586850057
a356aac05b7d44bf,0.1978579243513598
2c28820cf1ae8254,0.7579493591747422
cf49994228b74e3d,0.37520605397520057
ea984ee0501b30dd,0.44932218401583823
3639d96562366ada,0.10559732207981662
007d989968211b0c,0.3561633843909555
47b004a1df7ac9c9,0.4936115452745649
f09cbcb79049a436,0.8673418776701052
d3e17fc998bf6787,0.49589715536105033
0c6c8663f624c58e,0.17311607794102324
52720efef03dc54f,0.9452508596436386
c6a5cca33f57da61,0.2664720746066479
b1208369a0074122,0.32877878503699076
b0563e971ad0dbda,0.042533083255183915
a0bb9373f1dff1b6,0.7881291028446391
607b5d747f350fa9,0.8213639679066375
8945214e2c9cda71,0.8889348233823069
7fdea294906af44c,0.8740739293529227
1f3c2f31d844d10a,0.13557309575909138
248eb5a4a5179bb0,0.9612691466083152
f7522ca250fc8477,0.391849275815359
3ac3d9675fc09e64,0.6671866208190058
b65116a131be84cf,0.8678365635094301
7cba939dfaa4fb1c,0.9296691674481607
4e484a321de70373,0.667972543503178
48c00464ee810da7,0.7682663853287486
11c760a8108e0ab5,0.8910547566948004
4ece5849758d2bbf,0.43017088673543813
2d34cfaba66dade6,0.8979683755340211
597b3aa023ec1731,0.06928675627800354
65e095698c6b2018,0.7448012399708241
d4685373bfa64d8c,0.14831900593935607
b2a24aac339b046a,0.5159549859331041
d018e1502c830522,0.7933054600395958
b4a5d705266bfd48,0.4149041367093883
1bc1ad21db736edf,0.35112118370324064
3584862144963b16,0.36482155882046474
64acc3b4a0341a38,0.11698603730332396
ae1b7c2913418b6f,0.014693133270813797
5ff184c18b029b7c,0.18873788683963738
d407cc2c1f68ef5b,0.8628631343128061
10610f40d2c4beb2,0.09830728352610192
a8e72b280bf38b81,0.3118880900281338
4802ee9701571a2d,0.9857588308846514
c0ba503ad79cb130,0.9954655100552255
a428e18a2571696e,0.5600338647494008
d973ea3bf88a0f3e,0.7667536730228197
cca48a6fecdefbfd,0.4925692924872355
387eb4b1c9690ed5,0.1798280712722726
f9b045f246df515e,0.8327737834740021
b8aa274fe0062de8,0.9356257163696989
9d67fee3adf9e1fb,0.7995902365322498
3196cf2ddaa8893c,0.7577951443159321
c6cb67394ff79930,0.574126289465458
b713b9f13a1a825f,0.4987759195581952
0c55301e8a9a0e8b,0.8626555173491716
06cf6a66edc51d64,0.8612037615921644
73877568d5adcb7f,0.12153693862665417
6e713b6c6d9ff701,0.7110156819839533
35b98290788b0e15,0.8899247160571012
c1699d21d21f249c,0.34094065853912675
4d4b1f0d9defbbe6,0.9266554652495573
c1eb4bc9fb4e0c7f,0.6070693966864645
ac64ea4bb93cb2ae,0.8020493383348961
a6c0198d0ade9eda,0.8570092216317599
4ee5d36590d4f29e,0.5697478378659997
39d7718a5529cc62,0.023431801604668123
4f6e36e222d122b1,0.44258492237157443
f7b65c4533428cbf,0.8607963426070646
32839e57f8e1ec72,0.564818432843597
0a631a26c3a1a8ef,0.7443914765030739
42ae365efff05b84,0.3373241638011879
aaf16c83ac07884a,0.7230764822340314
e3fe57ec38bc0cae,0.37160987808690216
a269d748b94103bf,0.37264509742627905
29320c0461eae48c,0.10253829321663022
98b75056b390e87d,0.843599041367094
a18aa53890bd84ac,0.7436047723246847
fc5a2a2354cb11ed,0.1588879337292904
912408725cfa628f,0.5486717203292696
6453b1a068b68ddb,0.7815786183182244
d95e854d614ff5a3,0.6422189225799729
85a79337144b2a84,0.37106517661769306
b5e18d3eb66f6250,0.07342659164322185
3b90fc3f1087e3d5,0.1464259664478483
36f89bae0e5df26e,0.6517044388871522
7de9a21c9a6df7bc,0.9442455975825778
4ad662d48155a76d,0.613001458789205
1016d05cc8d07dfe,0.5829152339272691
b0a028857d9a81dd,0.4748410961758883
c7da65ddda5ab002,0.788124153381265
8faf1048140782ab,0.4690369386266542
d0f1cbe5f5c2cc97,0.8237081900593937
766a85256e2db000,0.09765108888194228
83f8495a5ff0fc2d,0.10306449932270503
a57ac84facc6651c,0.872573720954465
3e18333d2d1812a0,0.17660831509846825
2e2c93c0b28242d7,0.8099695217255392
290025e556e7a964,0.33512035010940916
34abf7197c7817bf,0.5056843284359696
4c990af23095a8ad,0.8957645618422423
b30f0e7ab6ef02e6,0.6921897467958736
955f054ef8ac2a98,0.9917810253204125
efdde8377abe8fe4,0.6593841825570491
cbfaa9b940f4c2cf,0.7993115035948734
51e64153531937a9,0.8882054287798271
3b7b80317148399b,0.8285943524017922
b1de8383db45dfc8,0.6168289569657185
0d3f9429ecf4d4c2,0.07123163488590184
c4499c39e29ecf53,0.4270019276857351
7800f7a3f936332b,0.09691518182765446
b837532e3fdf4a50,0.3722754506616651
c681da0099cefd6a,0.22340184432635196
c7acb3b5705e68f2,0.18067547150151086
7072f5cd32c791ed,0.9251435344378452
00b5216b2f2dfa33,0.999
b2ae02f82d15b4ad,0.5674833281233719
5ddd4c1db54b9114,0.38122017297072003
3e6fa59b53549aa5,0.39931541106595814
6b853eda68180bf6,0.7685458997603417
0ee247af650122c3,0.9618268729811399
9e2c6c5193f21067,0.200646556215484
6cb5b3e20565dfc2,0.8666299364384704
dedaeeed301662dc,0.18218662081900594
7244a91f3ecd611f,0.04012503907471084
d5447b494619e05f,0.6002972283005106
d114e64d8dfca5ca,0.16332838386995935
762e061721ae89c2,0.035966447848285926
0359613691f7c01f,0.3986743253099927
ca90a47bd789f6fd,0.6250070334479525
b43584123f43b018,0.30756851099301863
0770e000ee552df7,0.8489624361779724
b396a1df0d592f4f,0.2310383453162447
51ffd9a173cdec87,0.9384667083463583
38e628d583de2dcc,0.2531702615400646
5e444909efb4f076,0.4805212566427009
147047e5cda600ea,0.7134935396478066
02f5e786b6ca732f,0.2710625716369699
b29abac474eba51d,0.9685953943940816
14f09256775b5595,0.7134706158174429
4132a178395f2d42,0.781741429613421
3ecf5a5ba7668082,0.16742080858601646
f7b8ef9f4baa3954,0.9337597686777117
344ae6cefc6e5e28,0.09362535167239763
9f8993a4d3fd8c66,0.500309992706054
02fb2d64b2963430,0.582635198499531
cc3e88fc10db73fd,0.7578394289882254
e1b25ee0d1bded29,0.7974541523392727
6811aeda7c48195f,0.564788736063353
2caefea2089d3348,0.8900145878920496
06624c42e6f173c4,0.9792992601854746
18d0862452891d30,0.7296037824320101
aeff78b9acbf4d71,0.3705123997082421
3c4fb720d11f542d,0.14547853495884128
ccf649ea4bfee844,0.39855970615817443
72bca5a449e85cd9,0.10346592685214129
fd6a74697a1a9ec1,0.07669532145462124
a629bcd8e7727428,0.2189699906220694
4234c32600399d7b,0.9024679587371054
dbf0f354d6059039,0.20383088465145355
3807b180f301e7e0,0.5991218609982286
5cff8cd0dc4c326d,0.39120115661144106
a28550e03a14c9e2,0.8177490361571325
244915cbbfabaa93,0.07300302177763884
f5d28c37e1483258,0.374763728248411
625d0351dedf957b,0.6055530374075231
daa98d98f6971d07,0.4233229134104407
aac141e3478df5f8,0.4093125455871627
6e2d6b44bfbd409b,0.7579290403251017
34a46acb36dc8ef8,0.21312311138897572
f709bf78e6f0fe9a,0.3708948108783995
573ce0864f1f1a1e,0.20487652391372302
d6421a369f95b35a,0.5161586954256538
6c74b5b293b1b97b,0.12315671564030425
51cf0713d5fbc070,0.6072856100864853
062ba7304652bc27,0.27754298218193185
930853397c388814,0.01966343649056997
2e48c840c19e48bf,0.5531043555277692
2a51f116e23cffb3,0.6620759091382724
070669d7057f8aa5,0.936105032822757
967936eb15802a83,0.4959794727519016
83ec0a0ff919a926,0.3303256225903929
a35f4a25719a4b95,0.07088699593623006
e646bad2986e850e,0.6530209961446285
8b488afbcc578dfc,0.5279238303636553
13ea6594c14a4026,0.3786394185683026
d0e536523f93f64c,0.3041270709596749
0e5ca22bcfd8c5db,0.943870219860373
9fb1e891c08b715f,0.025885432947796185
7199fd0ada65fcc2,0.32168932999895805
2275f9dac244010e,0.09372668542252786
24e5ed05f908296f,0.33769485255809106
6cb602b86bec19a4,0.6933596436386371
9325343b0fd3d676,0.413462279879129
644e5f81463951ba,0.5359427425237053
37046a2dda9e5889,0.6050200583515682
c7df199599dc296d,0.5242023549025737
54e463d760c0c6af,0.08262920704386788
9bde8f101bdb4095,0.5161800562675837
bc5c320666ed7ca3,0.09724549338334897
4e44d72109230bfd,0.6490650724184641
235aebae2ca0d45e,0.8179251328540168
55a1d48711c4359f,0.35056736480150047
c1ec685fcc48d91e,0.5356314473272897
a51c93906bd78ab7,0.7096496300927373
207c0a6423cf7a33,0.5838775138063979
c7693bad80c482e1,0.6458427112639367
36b92309f6e5618a,0.48105084922371577
26ee6d56130da0fc,0.6936047723246848
587c7d36156381d1,0.23570959674898406
50d432d2b52052b2,0.6114728561008649
b738afb14f60d587,0.947637542982182
1157c08c11e901e9,0.8440424090861727
cfaea6958357ef1d,0.3764728561008649
d8b3ec80ec080d08,0.8515921642179848
809c8f80468b1337,0.5281858914244035
1bdded460bb636a5,0.8629209648848599
96cc52a1a3f13e6b,0.3218143690736689
c97a25af08369f73,0.06317885797645098
0de5d7bc5b46bdc6,0.3584208606856309
c6eca151f8576037,0.42406429092424713
7ef7f606745e05ec,0.04615088048348442
c5ea9ba7fa065f8d,0.9970615817442952
63142c0d75cf9aa4,0.0777740439720746
c396e609d01a9bcc,0.10013728248410961
7c9db70c27860a32,0.6325143273939773
8dd4bb6eda603b43,0.35043529227883713
d5eb724b5ea43bba,0.9351346775033864
e7e9bc7d5e2e5674,0.7332122017297071
24b3176d5020b612,0.7858651140981556
6fed295aff782896,0.9979514431593206
12d17a3ef6b47faa,0.9071123788683964
2c550aa9cd671368,0.06397962905074503
df00e28247baf9ff,0.6170433468792331
9449a45c9d7b914f,0.22556788579764514
9a8393310d9b352a,0.5595845055746588
e1b1b6a194b4b1d6,0.31259273731374393
7097d3e397e94525,0.342873033239554
e3d1f895e94e8bbf,0.6875992497655519
6c46ce4b2303ecb9,0.4570584557674273
999760aff655cfad,0.07444487860789831
6d526f4593563124,0.3893591747421069
467801b5de42246d,0.6221063874127333
81c9cccf75c1503c,0.1485683025945608
bd1aa64c7a5dcc06,0.11031155569448788
df1a75c489d95957,0.08777743044701468
7e6ebb5b237b817e,0.28567104303428154
1aeecba2c7866fb9,0.5913897572157966
14269028868b89d2,0.27545092216317596
5ec456826b243dcb,0.30951365009898923
e574a546f8e193c1,0.9357671668229656
b0ce65cf243f3ae1,0.7046569240387621
8b8e8a00e6e1fdc9,0.14746561425445454
4a87b2b000e87686,0.7987506512451809
1175204fe5f8cb6b,0.30233510472022507
50a79bbfcd719a29,0.699848390121913
0d8c215cc600c1f5,0.43860138584974473
3ceb989ec05cb0ef,0.8687725330832552
c7ea3f3ae516dbc5,0.06966838595394395
060631dc9f8845f2,0.6310612691466083
4ccc3fe421151149,0.24773392726893823
fd51240f58f2ec0a,0.05558976763571949
9bb25b00d30f4ce0,0.01808559966656247
1e633867010ad35c,0.24919922892570595
90da0c9b099080e2,0.49491638011878714
f3ba8015df41ef05,0.7263566739606127
7006c751c11cdc01,0.5071212358028551
db5b922ab7ac849c,0.2260578826716682
8ed9c5e3ceb94d30,0.48010836719808275
32bc573af0d063e6,0.2422374179431072
b6f5ace9b32140b2,0.8965356361362926
2acea7857a236b62,0.5289434198186933
2dd5886a7dff0caf,0.6426518703761592
cec7e9631578eacf,0.9591046681254558
aa1276a52bb96bae,0.8429939043451078
f90658bc8d521271,0.7200406376992811
8b65638e31a74f80,0.5028889236219651
233d4e0eb18d8449,0.9361185787225175
95e779988eaf54f9,0.5484099197665937
ce033e0586a41f4e,0.30483432322600823
29007abfebc6bd71,0.43029540481400436
37555eedf932eb41,0.37998228613108265
43f0b7fdd64e4d62,0.3524650932583099
48d11190742f10b8,0.9753089507137647
54167e2d347acd9f,0.06756798999687402
adf2b2540dad8766,0.7713160362613316
aa4854b6b5329860,0.999
371dbcc2d3dab4d7,0.5027503386474941
29fd5cd58cb38dfb,0.966366833385433
276d786a03dacf69,0.4028339585287069
90290aaf619cb77b,0.2454055954985933
80904c6eddcf06db,0.12477258518286966
5232eeb9a1fa8f60,0.8355374075231843
6205daeed9459b81,0.215965666354069
6b4abc5da4e3aad2,0.7587621131603626
ecce281c5f6153c3,0.8411235281858915
926feb1c20abd0b8,0.01673648015004689
64874c60d39dc86d,0.9799307075127643
1868aaf30c77d6e0,0.5652315827862874
52e964be6dd475ed,0.9810128165051579
4404ade20ca8acab,0.9357153277065751
f6bbde7cdf6430cf,0.999
6f9ac9a8227bf174,0.8699056996978223
e4afa0c3ef07f2b8,0.3160646556215484
a85d4f04f63f1f8b,0.18147780556423881
7f3411e87c2708d7,0.5306546316557258
5be924d7d731a308,0.37701990205272484
41ea202bf96f7295,0.3394928102532041
e7d3e68c097838d3,0.9437222569552985
c21ded045b04b1d7,0.3748645410023966
a87de56d4f2dc966,0.017780295925810152
b073cc5a7d5d1fc4,0.3453719912472647
cdbbb57088163b02,0.2545303219756174
97a093dfe9e1eb64,0.9268005626758362
68aafe54d00b3081,0.6072772741481713
dca611f4099c1df7,0.26207643013441706
068c9856fb6bfd0f,0.07172006877149109
ccec2927e56ab3d2,0.025048452641450454
f4239e382087c8d0,0.9272085026570804
a37f1921e2ae64c3,0.40810643951234765
abc7d40ccad7d04c,0.05797384599353965
7be1ba405f826136,0.9077948838178598
82f1ae3eff7b57d1,0.3368448473481296
64bcb6835fcb93ff,0.9129032510159425
8a7d498479d37ffe,0.5453959570699177
ddd893f6f7c67340,0.13088751693237471
63438b2313c7cb87,0.20264978639158068
