id,label
6403a3f8d07557bc,0.3990184432635199
1b1d097ff5b144e1,0.5441856830259456
08c7c3c71a02ca8a,0.842335104720225
7f09e9039629a38a,0.5621788058768366
1fecfdee265e685f,0.7606376992810254
2b1b1ab99f54e1a7,0.5031509846827134
f893cdb025b56c89,0.7033541731791184
84466d5fc69b1dd1,0.7920318849640513
e0f419be2a81cbff,0.27114410753360424
d9e55e1259c7c29e,0.8114191934979682
602d7f4b0882ec4b,0.6543701156611441
67f2f87cc129d7da,0.8947827446076901
eec96ea0e1c9f7cf,0.022247577367927478
d85127e773ec4820,0.7585995623632384
9e96822b06b0f7f3,0.35904345107846203
c6489148a3f9498b,0.40494216942794625
ad5ca801b22a4eb2,0.16834948421381685
22e01b671e9f12bc,0.3096936542669584
4953dbf3e113fbdc,0.21974992185057832
95397470f084bc6e,0.9964270084401373
ff39045f375a9792,0.16127227258518292
893575902a76b6bf,0.1693810565801813
4d9211d2b44f7d9f,0.26955298530790867
8205441451789e41,0.017702407002188184
5ade617aad761daa,0.9738355736167552
7d8bd74eaaf831a8,0.7578399499843702
3a4abb16616fb838,0.15458268208815254
6e14ae545a54ec6b,0.8279524851516099
a6d127f7b7a19a79,0.8762269459206002
e29e33c4a6eaf6fb,0.6299030947170992
42b296aec3a400d2,0.4249703032197562
238a42187f0c12de,0.2654673335417318
4c99d80ab952e272,0.8112472647702408
ef909ea8db65784b,0.8704970303219757
53283f9869842cd5,0.8778899656142546
fa99ef0b96b51157,0.7987496092528916
3cdaa31c37582a6d,0.8428852766489526
e007009eea08f15e,0.2744982807127227
e46769b586a6b83b,0.9004501406689591
c77497b63a864028,0.06881838074398249
bceeb0086c625fac,0.1975336042513286
5abf8e5791e5fa94,0.9414598311972491
0b7d89ea3694651f,0.6671053454204439
ce60477eea0a9007,0.9704282588308846
847baeeadbaba41a,0.40879024695217264
aefefeee7da6b616,0.8023257267896218
321cc4b04985f915,0.35110346983432317
590cfafdd102ec19,0.5209252891528603
0a3027ad8dd82438,0.0767020944045014
01e58c9ae88cd390,0.29328540168802747
8f5eb2d903aad722,0.2324070021881838
3f1b90f008fcd5d0,0.8748952797749296
9e55098b34909114,0.7347358549546733
ed3723d6f0b305ec,0.5275367302281962
e1d77367315c8c64,0.4190371991247265
b97a34687794c3cc,0.28352922788371365
2d9a8bda25c031b1,0.17554860894029387
367427e76fbb967a,0.5973210378243201
2d1de7cf3363aa2c,0.2822006877149109
d69cf5bc1f0112f9,0.08420756486402001
2a75c552e6a0103c,0.8723976242575804
943114c642b7e30a,0.3996405126602063
5f4258edf6c1b382,0.049728040012503916
ff0a817eba03cc6b,0.7554173179118475
c77fe2a4fb942f02,0.8787496092528915
df587d726667a5fb,0.837145983119725
8c09d6fdeb48dfe5,0.2418255704907784
564e16bfb829c7a8,0.06935917474210691
e592482dff2b62bb,0.09466395748671459
33319a7020313788,0.6551766176930292
4700a73d634e28f5,0.9692872772741481
e5d9aee597bb4052,0.31843388558924657
b93533776029ab4e,0.9264113785557988
e9274894e7ca5d48,0.0318974679587371
37e126228f093cb2,0.4243544857768053
ee5e8daf19a62436,0.9112410128165054
5c2af7cb33fcb9b8,0.3813472960300094
dd6cf914fd458758,0.1646295717411691
7943edf1ba3d08c4,0.3217317911847452
50dccf68b6d84c9a,0.28550484526414505
71b1d024ea8e0791,0.4844388871522351
a8ccfbc903739855,0.08221944357611753
bbf9130a10bb2e61,0.1512410128165052
41a2cd1fb3af1f62,0.5738762113160363
e5b00c5e94bb1efc,0.49425758049390434
8a2951b875e32f95,0.12319162238199438
4b4241c32f2ae2c3,0.2538074398249453
8beed49416c057b7,0.6361144107533604
1cc185c7cde5f29e,0.885123476086277
635d0e269bd151c8,0.05120350109409191
9eb98f9a7202dfe8,0.0857361675523601
c224615f7e3ecda9,0.11672710221944357
f93a14286735bede,0.26356673960612687
c118092c44e808f2,0.8045795561112848
0972b7359cd12fb8,0.10707408565176618
22318b12ec6eb14f,0.8548921537980618
9c92d4068021c258,0.9331072210065647
053aaf6bcba9464c,0.5654673335417318
966f0341c7d1f5bb,0.28495467333541735
624826d8d4f7d476,0.2328946545795561
250e83ae550b1992,0.9379399812441389
9ff420d30b835836,0.862278837136605
f74cb9754e9ea82c,0.47597061581744304
8ab5a2752e698725,0.44970615817442955
56957aca1f34dcea,0.7306533291653643
a6c0cf21bf0a1be2,0.010559549859331038
427e6266110ac72a,0.9284807752422632
7b84fe626f3ebccc,0.7311503594873398
6abd9ee5808aa267,0.36687402313222883
15aaf86082111e4c,0.6987089715536104
afb1bcdc94b9bce3,0.08765864332603938
93a337e7b4fedfd4,0.5150109409190373
cddee4f1517d9dd4,0.5250922163175994
755140c7bd8e7223,0.5039699906220695
0ae88cec371ee0f0,0.1391559862457018
08a9f02754051fc8,0.9569209127852454
4bab179b9218d454,0.3085026570803376
2af9aad0b831d3ec,0.046602063144732725
7d330fd87e35ee09,0.4345076586433261
d79f0de699294b3b,0.7500906533291654
652a8c0826eb2609,0.5489402938418255
2ae2ef63a2565c3d,0.709603000937793
1bcffad3764f7c4a,0.19137855579868707
707e78f41fd82174,0.11397624257580495
e4824a55ce76b702,0.05460143794935917
993182bb80730c31,0.4792685214129416
dd67c105d030f636,0.728837136605189
3dc4dceeeecb58eb,0.6811503594873398
90a67d119116b976,0.8936136292591434
a483f8d40e026f5d,0.1428884026258206
3d24648e710fafb4,0.19537355423569866
9104c44e8910b122,0.061566114410753374
47b77ad7aec9f1dd,0.22976555173491714
a66cc4155a0edaca,0.5787996248827758
1f4dcc29503e1a4d,0.5749140356361363
0a295834d6044914,0.38308221319162244
bdce8615df21ee2f,0.016658330728352613
694b4d3b1ed04c61,0.06640825257893093
ffd75ff5c92f624d,0.65942482025633
717e992041e77d9a,0.6027133479212253
eb5157274916100f,0.7036386370740856
b77c5c610fc74da8,0.2289934354485777
41d2ba14e653bbad,0.7674960925289154
f2b612c9be07aabe,0.6086683338543295
3451e892c310a998,0.4783213504220069
2ab24c04722d8bf6,0.38833698030634567
38ded7c17115e7e6,0.8437386683338544
afed8219aa70efeb,0.45940293841825575
1e9c4d7d2de01fba,0.5776961550484526
c1bda90e9a3b9ec3,0.304835886214442
d406fda410e7c177,0.9606408252578932
f49753bbcfabdaff,0.44918724601437954
4daee2e232e58a56,0.9380525164113784
858a9c1611f558cb,0.5337449202875898
05b0a9e8b1444d99,0.2795404814004376
8b2ac5da79a42e4a,0.8876211316036261
222fc0675ea28b67,0.22926852141294152
77cb5f88dff15921,0.49941544232572677
947d5752d88dc00c,0.9781087839949983
309a531dddebb471,0.7850922163175993
7e5f9d7d0cdf5a81,0.3665645514223195
6dfe2ff41e67b01d,0.44521412941544236
9a51f7696f388499,0.479959362300719
9c5cb5a9b9b2b4cb,0.7926477024070021
bc7e89abddb2aa54,0.999
5d3eff0bafcd186f,0.7118099406064395
d592e9d5579075d5,0.16339168490153172
475f765f9fa22959,0.8880150046889653
71d36204d6040aaa,0.67576430134417
78119b8ffb9aa8ab,0.37318849640512664
09d1e9b9b858fe18,0.7677274148171304
ba5f5f59e3b0b755,0.8579306033135354
3b7344f40bf64734,0.4676148796498905
1f72c876a5e3738a,0.7689934354485777
86262f7438a90d1d,0.4592372616442638
3f6e10ed3e6a6303,0.9677149109096592
ada42e94aae1a58f,0.8217693029071584
b5320e4cd134414b,0.6827102219443576
ef83ac91e80ddd9d,0.46590184432635195
b8a457f0c9f14bef,0.3629634260706471
74947cda3decdbb1,0.5279274773366677
a39392c735bde1ac,0.4146514535792435
afb321701a74d5b0,0.18559549859331043
df401b9701e04299,0.1444045014066896
c9b67772b4c4f44b,0.8301906845889342
b5665177cd7b6c5d,0.019987496092528916
1d621e5fa6b0c45f,0.16630196936542668
2d595ec6f4c2524c,0.33602063144732724
6a96a53512d24696,0.17347296030009376
b3a68808640b25da,0.24807439824945296
cd9f2b2346e70af7,0.2721381681775555
d78d162e0d903e67,0.9019224757736792
512b0444982361f4,0.8807439824945295
36f4f9a58e05409e,0.3211034698343232
e4b4fc878504822b,0.4769959362300719
d2c6c32ea3387653,0.03608940293841826
62d5596d1fe892ad,0.8654610815879962
8756eb85074bbf32,0.16826195686151924
9120f37fb674d8d5,0.5722163175992498
ad529a51765d4ec3,0.22909034073147855
f5e98c69a45e4a76,0.8632447639887464
4e8ecc5a6ef67336,0.5502031884964051
e26f37d892f837e3,0.8277680525164114
377bd33e8a9d5e7b,0.4279524851516099
7277e822016a05a5,0.7638949671772428
94fed9a4092a19bd,0.6362363238512035
28d304cf97ca614c,0.620847139731166
5a5195df47e373d6,0.12188183807439823
ebc9acfa1d364336,0.13622694592060022
5d76c6de5ee62843,0.6593779306033134
511d1dd15e99184d,0.6803876211316037
b6d744f202fb4a14,0.9092716473898094
43c3e8abee7ceeda,0.6764832760237574
41afcd725afd0bb9,0.4497061581744295
bd4f0c1a61da90cc,0.9867677399187247
ac5e8e6812e3a526,0.488196311347296
61843635f4d407cc,0.9587246014379494
d643d4e6d84db59f,0.7172866520787745
5c0b8bce49a0a773,0.8863332291341043
7c6020b2e5dae41a,0.5010909659268521
4a6f26c4ccfa8a2a,0.19593623007189748
f5ff436197b8129d,0.5599687402313223
27b8587241bf56d8,0.2523100969052829
a198a7b963854e6e,0.12473585495467333
8661667952751501,0.7993310409502971
282a1321ef8c1306,0.39476711472335113
db3dd0b21b03ce9e,0.6114598311972492
3bdc9a83d65a78f8,0.5868552672710221
2983651d59dfaedd,0.7802750859643639
ba2be23d69668658,0.22532979055954985
89d58eb00d13e4fd,0.2801469209127852
d2caeec36f4769a6,0.36105032822757105
dc23c7fae5f57288,0.5147421069084088
c6e284593c89d176,0.759468583932479
523464c4f48eb02d,0.9252735229759301
cc7624fbfc77736e,0.8282807127227257
6b0c371df7cfc676,0.6548296342607064
986e8a5497d243a9,0.8929884338855892
0880ed3a1a77013a,0.5745014066895905
791d60ceeffd7ccc,0.9094216942794625
1fb2b452cb819b3a,0.8638324476398874
6e683e5731d8aac7,0.6225851828696468
d752f92de2b858c1,0.28852141294154426
91654f6c88bcc480,0.24077211628633952
308caeebcc6bc059,0.32982807127227265
0a092e2b8c9c06c5,0.6401750547045951
e29749c7cbb0ef48,0.1195967489840575
02521319f8872bf9,0.07155048452641449
f699494da66c4efe,0.5698124413879337
060f874ec99eadc4,0.47443576117536734
1a2ea8a74fd54c2b,0.5620787746170679
a98b83e132c75465,0.18167552360112535
0fe8ca7c247fab07,0.7871491090965927
c8d9bcea59632f23,0.570478274460769
0ab0d9c2a040f32e,0.28074710847139733
a03fc647d8141fd3,0.9216380118787122
1036e1cd53a850ec,0.2360737730540794
519d3f96c9895253,0.1492716473898093
28df6bdb66f8e09b,0.9147608627696157
89713786047cfd0e,0.4871928727727415
6389830954a0227d,0.4535479837449202
8a5f2d2c5004dead,0.10272585182869648
19d4cd44aecb29c7,0.4974210690840888
2ed9718fa269e456,0.5357955611128479
31d0832c9b203b46,0.37369490465770555
e21b68ce26bfc500,0.7133948108783995
cf8783ddc0b9bf95,0.0037292904032510165
fcd44919c1b3f412,0.897524226320725
c6e50665e7bf8738,0.46842138168177555
ce0179fa676d128e,0.9455236011253516
423e064e247fe04c,0.740750234448265
0ebb4ab2c338fde0,0.5937668021256644
37337cc831e40a2d,0.6612128790246952
04eb53517170d936,0.7985370428258832
dac684a7b8635061,0.4221756798999687
a2f354d17d1431d3,0.6817974366989683
8a42e6579214e167,0.48960612691466077
c35d24cd26008161,0.4799374804626446
077789ab8d103e29,0.5481587996248827
5deb9f3705c67be7,0.5921913097843076
dc531f502bccc4fd,0.6481931853704282
ab4b4d6c12291a2a,0.326392622694592
47b284804faf97e4,0.5411409815567365
d46bd1fa92be695e,0.10747108471397311
11c536ec56a47156,0.3125789309159112
d5bd7d0c4a297748,0.04337918099406064
d30e6ef239a13f14,0.7134104407627384
8be010237b513256,0.8977868083776182
e3ed18d3d53d8aed,0.34621756798999687
a9f5c2f8c5922e10,0.8508596436386371
05a75c012be2ab6b,0.978280712722726
a068617fc089ad48,0.559521725539231
687932e8fcf71376,0.20258205689277903
fedeffd4ef29f976,0.18865895592372617
5d3e23d9b2256c27,0.23276023757424197
c6544d7502deea99,0.22526414504532666
096cba9bc78d7637,0.7489059080962801
76b587348b5c4d59,0.618524538918412
62185555ed060f0b,0.5428540168802749
b538966eb4ce164f,0.05141294154423257
8dfc12a6712b0903,0.6970553297905595
3ab52adc4b1c1768,0.24927164738980934
463847f9a1f414b6,0.7168927789934354
e93e14d11fc793e7,0.04458580806502031
2cd7ea4ff0b97ed6,0.5227914973429196
3cf1ec0a8c671d61,0.21388558924663958
e39df281ee7e153e,0.2287621131603626
272a6816ce2c7c9d,0.43686151922475774
f56230f889018c95,0.8040700218818381
4119f28f6d4d40eb,0.5778086902156924
3e744e15c1c6600a,0.6203782432010003
7975b8ce43d7163f,0.42917474210690837
76519a1ae0dba3b0,0.7758330728352612
6f6aca7dc35afbbe,0.31378555798687086
658aa810bdae773d,0.9848765239137229
41c3618b9180e8e2,0.3787714910909659
7cd53693b2b3a4b3,0.22978743357299156
a450a4bce9f2cac2,0.7066208190059393
05bd9ec45ff54b8b,0.14261019068458894
0d67ef8a9dd3249f,0.6719631134729603
514cfc846a144390,0.6153204126289465
2856a2a0114ba55e,0.7980181306658332
ebe02c0b1c116ac9,0.2273116598937168
cc31cb4421bd54a5,0.6691090965926852
d63593c7bd5f72a9,0.7996061269146608
962b8c33b5be069b,0.1538480775242263
40e508ceed1116f3,0.38740543919974985
668eca9c4cdf1507,0.5726039387308535
c15735bac7d4e6bd,0.15015629884338855
09d2cd5ccb05a325,0.4720693966864645
71ed58a8f5d479e3,0.6664145045326665
56fd1ce474cc243a,0.8794623319787434
4c4fc4fe6dea340b,0.8438324476398875
68fcea284ddff8ff,0.7359299781181619
8913329e85f873f7,0.5228665207877462
7a210b4ff6c29678,0.5638043138480775
91bd2a01c0384263,0.9122663332291341
14e4e31c9bd8d90b,0.16272585182869648
410f92d0f317cc8e,0.5666739606126915
780cd523f303a8ba,0.2952578930915911
77ae2af1842fa5b4,0.40735229759299785
eebeb3dc997eab87,0.6731197249140356
fa6c4d5205fdd5db,0.9749140356361363
f1798e22aeb3b385,0.9845420443888716
8af0df5286089649,0.7401969365426696
6e224e4033db63b7,0.1004032510159425
b8624ae03bb7e7d7,0.016952172553923103
52ca2f9cf118011b,0.9928540168802751
52c5dee14f8320fc,0.6713254141919349
43a4ed5577b3346d,0.6139105970615817
332563e196c7a1ee,0.9095029696780244
cc4b32b77225218c,0.7427321037824319
0b34a503e14e5271,0.9258580806502031
33100c4fe51f7435,0.393401062832135
6de5ffe2b6664d73,0.0887964989059081
ba39076152cb0ee3,0.5955517349171616
aed179ff9c81f4f1,0.01689277899343545
ea1a9bf792fb6a7e,0.08867771178493278
2f06ce2d10fe3866,0.6213191622381995
11855575a4718674,0.46327914973429196
06d39de4f0e13f3b,0.5583432322600812
5fd7c68abce444af,0.7700875273522976
d464bbc0a2f6ec7f,0.8396561425445452
86a7d5c47fa116f8,0.1176242575804939
a260e587d0fd3fdc,0.9528227571115973
6c07a18d9f02a585,0.8441981869334167
8fd3d88e27ef7240,0.308524538918412
80dd9757384d7ae3,0.39559237261644264
00a0f9038422aeb4,0.6325070334479526
dd38ea8c63c0a90b,0.5734104407627384
e23a165731b18098,0.9402844638949672
9bef89bb8b6e707d,0.046376992810253204
db5779805bc9128a,0.8988371366051893
13c6185147e496ca,0.956433260393873
c23ad10e1020a370,0.3514129415442325
cdc252e1304b3741,0.0646639574867146
c9866843a2ca38c5,0.546148796498906
1193dd7feb2e1c1f,0.0032416380118787122
145626c411263ea0,0.5010597061581744
b2bb6e4261a0a280,0.974864020006252
ce6c9830339e8d23,0.7641419193497969
e5a315b7bb844af6,0.768115035948734
d85cacbda54cea30,0.13199437324163804
ec609eb2e4100b33,0.7783276023757424
0d785515807808bd,0.7722350734604564
6bcfa2aeebd0236f,0.3112660206314473
9ed83fa2f828fbc3,0.20945608002500782
f596ac3c62688ee6,0.9254735854954674
654c4ca75e7a6d56,0.55685839324789
162146e83243572d,0.8526914660831509
9878dbf0860838fa,0.6664457643013443
332ca627787dd758,0.8659737417943109
679ad425e74f2477,0.27540481400437633
df5a276859dd4308,0.808824632697718
e1f7d0ae0443184d,0.7460675211003438
a6434286f4234aba,0.6151234760862769
3351a9314dfcaa5e,0.041478587058455765
e19b22778dcddf3d,0.2921412941544232
a98a59904fcba403,0.5384526414504534
efe47bc01bf23b67,0.5049265395436073
a1a862c811a320f0,0.3016755236011254
bdef7203033a959e,0.7520256330103157
0fa3fd428635e63e,0.20072522663332296
8ed23ba67702fe54,0.9019162238199439
ece14f4f1731d91c,0.8507033447952486
ca20fb73d0c544ac,0.2490934667083463
927bbcf7fa67bfb8,0.748540168802751
deffe32d78bf8a82,0.6476617693029072
319944ea096b3a65,0.30323226008127535
19bd6f94f36d44a1,0.4626633322913411
6e7447b72d462201,0.24089715536105033
be6959210f99dd41,0.9478649577993123
bc1a4abb3dbcab55,0.2845014066895905
41032395ff67eef0,0.8947702407002189
2b4004b2678cf0a1,0.3932041262894655
469658e2c6728fd1,0.2531072210065646
e67a54cb89e72744,0.2198186933416693
0a1aa269dba98abf,0.3450390747108472
746e977975fa2166,0.08186308221319163
ca51e1b6ef04fd43,0.3921412941544232
dd96408688197b1f,0.7414191934979681
23b5530f05f1d9e5,0.8054517036573929
da29e21770225527,0.42868083776180055
adb83a06bb93e782,0.23109721788058768
0e4d2b4f26be08db,0.8931634885901844
6ece7a74dc7701ed,0.07040012503907471
e5306d42c50fcc55,0.04185683025945608
4381dd659292aa24,0.34878712097530473
e31ebedf532c25cb,0.4209377930603314
853b98dd483b98b9,0.30557361675523603
2e54b76182ee44e1,0.7917474210690842
338f6834e70af5fa,0.02157861831822444
b5abaa739dbebcbc,0.7738386995936231
5a8bb8464a290761,0.638662081900594
f0e90b285061c449,0.14891841200375117
e66581f055ee3b78,0.6928540168802749
0a21004c4d12a011,0.3928852766489528
04cee8b938d82d19,0.0976461394185683
c2eb2ef42ef59006,0.5265770553297905
4db76ad147f6dde7,0.558143169740544
388d2efe55423a29,0.9641856830259455
b9875250f7ce8623,0.8506408252578932
e354d93aaeda004f,0.9859018443263519
39e7b31ad6490a4b,0.5499093466708347
a31878efea02ed42,0.3310815879962488
4db06f2609831909,0.7745826820881525
e23ceacf623bf244,0.5367521100343857
5b30a3dce1e3fc54,0.9338605814316974
9b09b933e5488d29,0.5449515473585496
64f0282d10422cde,0.20974054391997504
d171c9bf0e731793,0.546680212566427
699a9d5c734b80f3,0.4552016255079713
79281527b5fd74b9,0.3072804001250391
63b9f2af8362641a,0.7493372929040325
8e20990222b8b1d1,0.6180275085964365
cbfad4f1f811ddcf,0.7899843701156611
a6dde1511fe8d47d,0.3751516098780868
54e8815e9966bb51,0.9918380743982496
cda24d31d8c08104,0.6651828696467647
2e41b0e18fd08067,0.2723413566739606
6e8f4f5c6e28c26a,0.7810159424820257
1f4157812e2bb339,0.673004063769928
c2d3133094dc0fad,0.0796748984057518
e7e2da8351240636,0.2887089715536105
ef2946985749757f,0.08412941544232572
ae735efdf3a84f05,0.8081713035323541
8a459d7c2b588a93,0.750915911222257
df0d35696f4b164e,0.6324663957486715
8f745cf8cd93face,0.1401281650515786
7aef10c8e6aae208,0.22728352610190683
706e881832fde05c,0.9320756486402001
03a6674f904defe8,0.28788058768365116
f00500b8110dde92,0.8221569240387622
1475216e327695c5,0.852391372303845
3fc20688817559fa,0.1766489527977493
70df3ece5d814a70,0.1711909971866208
bcf591e552b3ba82,0.012397624257580493
a04e514a6ca8156d,0.8297499218505784
f83e082f10dc4f9a,0.06624257580493904
21a0898a3f0c502a,0.1696655204751485
c9afe9c2efa6168d,0.10382306970928415
9423152627c5de85,0.8863301031572367
fc5761df1ee97d2a,0.5216317599249765
b51c1517f2b27082,0.23877149109096596
966bd6f4b801db6c,0.9409315411065957
c39f09a3a7ee5d1a,0.6927164738980931
cd4ab667a784a10d,0.911609878086902
053911f801591901,0.6681681775554861
4c12cd87dc745584,0.6407502344482652
f0c4df4801e5dd7b,0.2524476398874649
1cdb9e6374b25c46,0.15064707721162865
55a04d93184e2087,0.9116661456705218
b0259adc08c321ab,0.28777117849327916
3ebefad692cdc413,0.22261019068458893
83d05a33f78392ef,0.21863394810878395
57e746a1c420f866,0.72204751484839
7086b53e09fe17c0,0.7784370115661144
2cefa5982f1e5321,0.5328321350422006
c4a61e6a8fa1704b,0.7241044076273835
cf3db8bd220d5bdf,0.7064020006251955
75c651d11c0a0337,0.09341981869334168
10dca6cd4d946194,0.4271022194435761
316d771ed9f0b6a1,0.5048827758674586
ef64650ddba7c539,0.1653704282588309
721f58982ee85da8,0.8386652078774617
e8f08bd5b06f41ef,0.05722100656455144
8c2e815ac865660d,0.7439981244138794
8191fefedc6afd32,0.05367302281963113
15c9fc425aed1fd5,0.561406689590497
52f896a602e74ef9,0.9020318849640512
c8a94bf1f874596b,0.3290903407314786
64024839f91aaea9,0.7257174116911533
23a06e4e391dfcaf,0.5006783369803064
76fc88367fd4b329,0.172472647702407
e7ffd70d1007bf31,0.3573429196623945
4df67b2b4764df2b,0.9840356361362925
5e23b5ebcc3c7201,0.8302938418255704
97c325c9980b0ab2,0.2242638324476399
3c8bace911db4b05,0.8400406376992811
d3af2a4f1b0513ef,0.568086902156924
8a66145d22484a10,0.8773835573616757
f501884aa3b0a2bf,0.03342294467020944
21f8710a682b6ca8,0.5469365426695842
67addba46911ef5a,0.832950922163176
cd5a8d124051f2a9,0.9467427321037826
a1acde423d140030,0.034316974054392
6284cf5236839f36,0.6754266958424509
37f720257a8a7a33,0.8090653329165365
acc257668dc46b34,0.6220412628946546
23424057c8458694,0.30542044388871525
418a7b8fddf172d2,0.9732010003125977
dc356b2589e04c87,0.7752141294154423
f64eef65821a8f3e,0.4521194123163489
9fce647d5b47563a,0.9681212879024695
52f9976ea5b478fc,0.17780556423882465
d240c91989c04146,0.7981025320412629
47ef036d29375b9b,0.8894842138168177
8808a12bef546809,0.45666145670522046
d3a20f2bcf2db8fe,0.6630228196311346
a451d8e451fac918,0.3251828696467646
9826735b01a08344,0.4231103469834323
c4a29152e2eacc8a,0.0015317286652078773
631690ed30cc1631,0.913838699593623
d84d8a6e6ca5eec8,0.1678180681462957
efbafec85fb00cc9,0.8554985933104094
24556c1044963c8b,0.9204626445764301
5dfe6e2137dc82e7,0.25036573929352923
b2400c3aa22283d6,0.31013754298218194
71602580e012f168,0.7000062519537354
cf01eb3e54442236,0.045507971241012815
1a07d25426f87edf,0.5741294154423258
13b3d3fe65bea413,0.3404720225070334
059edd840763fd81,0.8796405126602063
48288e044d74e7cd,0.7371522350734605
add068ffe0671cf6,0.17402938418255706
c99de47efecac792,0.8937824320100031
11cef543afe62f88,0.4617224132541419
e512156389905eec,0.2455579868708972
138703e658867a2c,0.6911284776492653
454c3092e6edd433,0.1450578305720538
dd957118652b5ed5,0.8538261956861518
af01fa5eafb4602a,0.2771678649577993
7bffcfd2a9da1725,0.855504845264145
24f3f1ab071df78b,0.12287589871834947
3ec7c9ebab0a4a2f,0.8852985307908721
3c1d10f4646f69fa,0.08887464832760236
9c5f959e1195fc54,0.1162394498280713
cda81aae0a16f97a,0.5826445764301343
2bf6c949fa0b6053,0.5371553610503282
546683ea9e5995f2,0.7211284776492655
c4563254d849a8c2,0.9053923100969054
e9e85a92d9ed5065,0.4290590809628009
fc9fd5a085f168e9,0.5489465457955611
54049d409156afd1,0.8414004376367615
e4c0d5c0b9045e4b,0.8463519849953111
058f290d4016fd11,0.21655517349171619
e14cd74f951c3910,0.25942482025633007
05018e18dc83e13e,0.958524538918412
763ff25fb3a65368,0.27818693341669265
eb5cf6bf7c8b4e5a,0.8242200687714911
013351fb7667dab2,0.6987527352297593
e08181f896cfb680,0.30758674585808066
e65d39ec9e3de422,0.7132916536417631
9cf499aa7626f14a,0.7239824945295404
f203a5ba78b7389f,0.7164676461394187
8ea386546c0f8c96,0.912785245389184
0391f48a6955106e,0.08411691153485465
d2f70a0377eebc5c,0.24101906845889337
b96e54496b6a6713,0.7106658330728352
1ecd7d7fc32cc874,0.6323507346045638
a91fae320445e22f,0.128783994998437
7f7f8d9e95bc3227,0.8023444826508284
8ed9c9b27ed7229d,0.3853673022819631
19862b4c0d2f34b9,0.39776805251641134
e5b1c6b3822addb0,0.6729978118161926
191edcd8d76cb951,0.9867364801500467
6b08a1554cdf28c8,0.11620193810565801
706610ca333da138,0.5370428258830884
5cb5f8466022eb46,0.691638011878712
acb3a526d9921b55,0.3955829946858394
947db252e781ab55,0.6370240700218819
e94881433d15d819,0.18247577367927476
34439005f71e07fd,0.7691591122225696
989a2593307d72e3,0.740178180681463
ec8f1d04cffddc96,0.7491591122225695
11dd5f5d722fb0e0,0.6875179743669896
d6738bf320835a10,0.3915317286652079
025b09a306181a55,0.4821537980618943
e5e3f5fbf93a1918,0.5473679274773366
2d60731de40ca5ec,0.08841512972804001
96789dc76cce8bb4,0.7511347296030009
e04c2f21eb86c30b,0.19036886527039698
eb4f7827e27f3e50,0.999
c72cafb3b0ed2058,0.08553923100969052
38e789ce64afac4f,0.6404126289465457
961a36d1522e6ffe,0.38190371991247263
d915888ab3fe3241,0.6175929978118162
6d047ff0d07fd1a2,0.15905595498593308
96212cff04501fdf,0.8338887152235074
6cb30ccf0384596a,0.8967614879649891
1878cf5a842e6727,0.6309846827133481
47adc8c9afbd6fad,0.2518630822131916
bcecb579dcba782a,0.32678649577993124
24fe0dc9ab19be83,0.13981244138793375
d56cbf99a17acafd,0.3772303844951548
5caed519a777c666,0.07550797124101284
de3dd7a6a4564414,0.6337668021256642
3ddc28164f664050,0.4393060331353549
45693136342888df,0.0711190997186621
143c3caf6eb25742,0.5502563301031572
9295c919e27237a6,0.47093154110659585
0dc756a818dc5d9e,0.728605814316974
67a0ca3f82ae78c6,0.10854954673335417
cbd51c3558265f5b,0.44304157549234136
b6df5050c31c7287,0.24944982807127228
73f20d006cfc47e6,0.4039731165989372
2de69b9443d4fc52,0.3214910909659268
1ea20c09b6c79a3d,0.3928290090653329
ea1427791f675329,0.6547514848390122
cd6c9a86e5c13535,0.8227070959674899
fe03f010fd99f729,0.9009127852453891
3cac934a5e569272,0.6233229134104408
1f9c8c5a31c38592,0.3684682713347921
325d3152d318ac6a,0.337458580806502
c796149ae059bd36,0.8109284151297281
139b95acad0d8500,0.04806189434198186
ef8ca6e1ad6cbc40,0.6596905282900906
738b1f5edad8bc5e,0.08084401375429821
00b5753c64f3aa5e,0.8268490153172867
7509e02d19e2f87e,0.09557361675523604
a85aa8068fa925c9,0.820928415129728
f8ff744430f73aa6,0.6662019381056581
4106129a02383134,0.1945514223194748
3be6495b6e47bbe8,0.6124413879337293
d58d8cb98c5344c3,0.36604563926226946
72c32db073874592,0.28470459518599556
b33541a9535d3cb6,0.5844889027821194
f117d4aad78b524a,0.670478274460769
5e48da846d46eabc,0.7196342607064707
b0b266000f2d6b03,0.8425789309159111
2aa63d23f11f3aa0,0.08380431384807752
7ca15ff99bdc719f,0.2963426070647078
286e550605b2d970,0.4694873397936855
140d123f8919309f,0.8265770553297906
5406d7c0119b8b77,0.611897467958737
feb8f158efc528af,0.6178993435448578
20e9295f7f1b6809,0.3847921225382932
8c67df2b06a8af30,0.6494842138168176
0b5100f2d589252d,0.7267583619881213
a7dff4879e1f2c8f,0.922213191622382
6b9c17dec469153c,0.8243201000312598
b064e718f3825ae0,0.07398874648327602
633aa423117b483a,0.3046764613941857
2bd2dc8cda610b2b,0.7063551109721787
16b4f1b4b30d7a5f,0.945192247577368
7ce520db2bb5b181,0.9000750234448265
359fc18aad246386,0.5259799937480463
4040467f440a4681,0.44538918412003753
ba27a17c66a28567,0.5341856830259457
5e4bef63f0b3974c,0.7598843388558923
849863283a0793dc,0.68734917161613
aa9c499ad44baf78,0.8259893716786496
a3fd494842016ae7,0.6173022819631134
5f079c78614b8a83,0.9499781181619256
7420f14669961a6a,0.8210753360425133
0a083c164a874ea9,0.19546108158799624
396f04d4bed14a3c,0.5501125351672397
bda29126d66debaf,0.355561112847765
8d5ece395c6a6b60,0.7691059706158174
9ea22d08386ce3ae,0.15135042200687715
1a277b47ca192cc3,0.24391059706158177
5534d1ac3ad47ca1,0.5889653016567676
164e32a2b96ed3eb,0.8314535792435136
cdea1d25f481df1c,0.19900593935604877
37e1f37cd163cc12,0.873072835261019
4f896e74ddfe48f5,0.4342356986558299
ec881c0b42489ba6,0.4161894341981869
6cbbc142e3b6532d,0.29135667396061266
af58eeb2cce1b1d8,0.1789246639574867
3792b407d3147240,0.33787120975304785
44abea18902dcc6f,0.2420381369177868
f174b76e8c589bc7,0.47865895592372615
d5cb1d76e26e865f,0.9153985620506409
c953fc1a52b6d2ae,0.6473835573616756
dd9860c103eaa486,0.1630040637699281
1a338e9358b4b71c,0.009962488277586746
28a055a15e2bee63,0.49882775867458573
d810129e88130889,0.4610472022507034
20b2f55f0ebfeb9c,0.44874023132228824
2dbfb79bb9d5d576,0.8508158799624883
a4f168601004a705,0.5922569552985307
7419f46f112678b9,0.6320819005939355
7d0ff708b6d6752f,0.9485182869646764
cbb85fa489a893cf,0.04520787746170678
c46a723fbfa594f7,0.567786808377618
2104390897549457,0.5060050015629883
75c276f7d0f29aa9,0.9555954985933104
01a679a23b212287,0.8727383557361675
6cc58651b88eadb4,0.3066739606126915
14cf1ac65f8ca02b,0.07318849640512659
2a5d42d92966192f,0.3489277899343545
2010478948b9aef8,0.5149327914973428
31542ae607bdb59f,0.7856298843388558
783c99f058bdb723,0.3906095654892153
8e49ec786a6d5abd,0.7260300093779306
d2b9a740ddba79a2,0.19407314785870589
47c1231311a7aaaf,0.4376398874648328
c7937d0c63ca6a92,0.7278524538918412
64628bdb8224fe18,0.27005314160675215
49cbb2ff9274a4cd,0.1780712722725852
a4dbc0e728a780d5,0.8947421069084089
54a5b82f046318b5,0.8806283213504221
daa0b6896a1749ca,0.25162238199437326
4a251ebb1de72153,0.8923413566739606
edc7eab7534ce904,0.5276211316036261
0d31a18c31d12329,0.9178211941231634
ef643ea0ac629b95,0.44964989059080956
39049e24be5a4306,0.9229853079087216
f41fb0591a5b1902,0.12340418880900281
ef3add49907eb895,0.18790559549859331
3c80e6a34fb3e4ce,0.8124820256330103
681bbfb8c5372f79,0.8619349796811505
007f4be9a3f6e89f,0.12118787120975305
25144a9b2bed9be3,0.6658830884651452
61233f40c0cdaa2b,0.3324601437949359
73a058838f6b7f2a,0.9395842450765864
cbc20660739af678,0.9827539856205065
8fc723bf625337ee,0.7872835261019069
3ba49bd9e60f519a,0.1441450453266646
6a3b3033fdfe94b2,0.5322350734604563
c8ed653c9f871795,0.8537261644263832
2f6d48d7acb127aa,0.6295717411691154
92ff64a44efeaa6d,0.2844607689903095
d7169f20999bc93f,0.9883526101906845
53604f2aaf701357,0.533510472022507
a7001845bc2108a4,0.7890184432635199
e1c8d84bbb8add74,0.07450765864332604
0b6ec467b5610434,0.2793091591122226
8ac52d2ec127a096,0.3117911847452329
b10baee15fb9d01e,0.885945608002501
221ebe5d40d467ff,0.7384901531728665
4fe55b114acc6ade,0.4490590809628009
d8482a667d8a69cf,0.33436698968427636
53ade36e2a1b1e97,0.9112066270709598
23415b9cfe9e209c,0.5547608627696154
280c7808d94b9763,0.834070021881838
de5885c6a7c6423d,0.9897718036886528
38de0e8716fdf6cc,0.6551047202250703
55bc25143589b254,0.7980900281337918
957e73c37d447545,0.1842044388871522
af84b2641d1c74b3,0.1835917474210691
e7be7f3fe2a831bb,0.12035948733979368
841f7e8235380174,0.9702281963113474
63d88f28c2a5df22,0.8539668646452017
8dad4fd4df5c221c,0.8084495154735857
3572ebf75eb17942,0.6072460143794935
25a1a550572c1f93,0.03628321350422007
6ae06440fe74b44d,0.9580900281337918
b4bf088ea90582b9,0.2685026570803376
6b9449d16e81079b,0.257158487027196
4ff7c9e8a089b94d,0.7003188496405126
aa5c5648b80a1a3a,0.5992497655517348
5dc1f3d49bbbe4c7,0.7477930603313536
99546cb325e5dc06,0.8549296655204751
220c843637482425,0.47678336980306346
6608fca5b64d440e,0.8369209127852455
f29988dc0a3c0243,0.5989027821194123
51058b99b395787f,0.15165051578618316
ed1bbe11677f7bca,0.3951391059706158
9f9b85620fbc0cf4,0.3258361988121288
8aaeef3315304e45,0.39537042825883084
5d92173cdb00c0c4,0.4180306345733041
acbcfbef3b1946c1,0.14138168177555488
73cb612fe6d23320,0.7569615504845263
4216594871a36761,0.12894029384182557
1c2bf4927779574e,0.9175586120662709
1498d0dff1fb5394,0.3584745232885277
53f47e8f08b91aad,0.3418193185370428
c4229a0ce07e83b9,0.11066895904970303
bf61a06ee47b2027,0.17507033447952486
8aef635fd1b3a740,0.1743544857768053
0f6a8a20e3587b09,0.19723663644889028
75d7914477c996b1,0.2990340731478587
7b1790935e6cb838,0.044726477024070024
d680549ede3f6dc9,0.10874023132228822
f3bf39cd2ab5bd9b,0.3318224445139106
0b0930b54070750a,0.231694279462332
3d97f118d250279a,0.955326664582682
e9de0ad29a82a54b,0.49838699593623004
9485f200c4e02805,0.5087808690215693
12d95850d018d3a3,0.3135010940919037
ddc866b96dfc3aa3,0.7030290715848703
45a33a8161cb4b46,0.24200687714910912
990eb9e1c61c80b9,0.30405439199749923
378b6aac03179007,0.15237886839637388
b6ce4df0bfb4d3c4,0.21518912160050016
a50653ff586cd76a,0.580778368240075
65cd9ee07cfab83a,0.5480556423882463
d2bbc0c9f79df720,0.8753329165364176
82ce816296a1512d,0.064057517974367
e502c517a223aa14,0.2204220068771491
71d19ea693604e1d,0.2810815879962488
0d037e649d83d735,0.639112222569553
6ba6991213384d83,0.7426008127539855
4cac0de9485495fc,0.9124007502344483
9a0be358e968c623,0.14527039699906222
f1ca34616439cd54,0.14835886214442015
e301cf1f2e4c3681,0.6524663957486715
d614ef3ad50cc2bd,0.7802469521725539
c0b33846eed21da4,0.17577680525164113
d4e499c8cbcbf2c7,0.8821256642700844
112d556866bfa77d,0.8959799937480463
3f5b776bac1c2a71,0.6048546420756485
97fe9a981d0717bf,0.5252985307908722
ce3280649c6eb5c9,0.7795842450765864
7ae7079159ced82d,0.47269146608315105
f1eb50e28869a50f,0.14355736167552358
52c8dc366cde6d2f,0.18716161300406378
ef14064579612c4d,0.7352860268834011
7897eec02201ca6e,0.4230009377930603
321d33ef853c8fb7,0.8698124413879338
96766da6bd7c3998,0.15990934667083462
fdccd120c1ead149,0.834617067833698
288252f0e770ce50,0.7914223194748359
d4d977f5a3d8f01e,0.5916974054391998
62ea4677a492334c,0.8583713660518911
d1f182b83a420b6b,0.29015942482025636
0a8ea601fcc75d1c,0.7595686151922475
27930c385742439f,0.7218568302594561
13d12d929ca71339,0.9496155048452642
159b4f9fc1efcb55,0.03530165676773992
94ffb2f9a90b358c,0.596133166614567
68615d70615e3b37,0.21009377930603312
d4a40bf8afd7e4b4,0.09537042825883088
e3dcfffec2d51e7e,0.0944232572678962
10366fd321e0ad43,0.38280712722725857
80e3f13b4e86e5f9,0.8993779306033135
6272a9e176561590,0.782444513910597
14ead2f08e775ba6,0.5451547358549547
08ecd3e0061305ed,0.5663644889027821
b91abfe0273da79d,0.9653110346983431
0c3efbd8c39177b8,0.9986777117849329
e9e21b290009d63a,0.3788840262582058
c188505410fa547d,0.5822788371366052
768d9e0553a1399e,0.05872460143794935
a9370f34870acac0,0.7083276023757425
9f6dbe29c2020549,0.26204126289465457
6da7088fbbdbdec4,0.4548921537980619
944a046635530efe,0.9401906845889342
55a97e1488c333a9,0.22510159424820256
bba6644aefeb263d,0.7583088465145358
750f5d2c63709654,0.9325070334479525
b7f5c550aeab6fa4,0.6186933416692717
bf2efa05075a9f6e,0.26613941856830264
2987973344ab04ce,0.3478680837761801
a97d19edf8f608bd,0.29013441700531417
6138ff6754f14dc4,0.1664957799312285
87522437573af7c1,0.6749265395436075
57cc4278d6b67c5a,0.08166614567052205
8f29d789ebf40f9f,0.11790559549859331
15e17422c43ac280,0.18782119412316348
57faf77cf5f72f53,0.5233948108783995
febc8ada0a8d768d,0.1793810565801813
86ab68be69241db5,0.752144420131291
5fcfe942606240bd,0.2704126289465458
31bf257f6a4a70d1,0.7741512972804
a09897cadb789dba,0.10020006251953736
328299ca9da15ccb,0.3747702407002188
c95184d7971b2960,0.8160018755861208
6ba9df085d34410d,0.9920725226633322
396ed8ae6d33d2bd,0.7506939668646453
b058bc3c8a9fe33f,0.9125820568927789
77b29cbb7ea1ac6b,0.7965239137230385
c8d191e05666d6f5,0.9257174116911535
c4d716a53ad99b70,0.6596967802438262
31d17f992245249a,0.030568927789934357
aa459cbd8c781f76,0.7961081587996248
7ba0185e8220f22c,0.1477305407939981
eb077a940d0bbcbe,0.5573648015004689
9298c80a21191034,0.5759737417943107
037747626ac5db4a,0.22388558924663957
8ee7aa8b54022319,0.8969427946233198
a2b57b918f2661db,0.3645983119724914
e703b056b17c6038,0.31596436386370735
5d760ec696eac629,0.5907564864020007
68589cc32366dc9a,0.48690215692403876
83d1d02b456e13c0,0.7512753985620506
f5ea6585ff5edb0b,0.8706283213504221
32290819a9b6b754,0.4484338855892467
f0cddec42ddbe07d,0.013616755236011253
41d5134ef4aa43c6,0.3516723976242576
9a422d8246e3f97d,0.4702813379180994
341cbe1cbd51048e,0.23243826195686154
3d2c0583f01cd72c,0.6297280400125038
870996e4835ca83f,0.20150984682713352
28b09161f3b17dab,0.4783963738668334
051b367d8fe91233,0.07975617380431385
9b8aba50b3ab95c1,0.7131291028446389
ff5577bdd79bcd6b,0.17615817442950923
92e4eb0a0d4c41e0,0.9570803376055018
575ace0896b22257,0.9268177555486089
a16f31da04bf60c4,0.4681963113472961
cbc13a2671d3578b,0.06901219130978431
876ba2c5e443fd41,0.6310722100656455
5d5689e87dee129a,0.9681275398562051
71a60a6dfa7e1760,0.7715598624570179
f2a38a0b81dc90e3,0.811353547983745
ec97de286c2686f9,0.21193185370428264
b77b633a5106f906,0.2972303844951547
972df202456969d5,0.26193185370428257
5d7f4e9617d1e7a2,0.15553923100969053
196dc3655d9d1d79,0.1449015317286652
7b9da0adcf1bf365,0.04005314160675211
b9d78de840ab100c,0.21451703657392934
803868566ffdbdc1,0.10514223194748361
cc5f60c8c3c2b5e2,0.16812753985620504
88919e17cce1dcd0,0.12003751172241323
88bff82c05879a44,0.16152235073460455
aa64759c290cdf84,0.489412316348859
b224a7d8b6f39ab3,0.3114692091278524
ef11b15a28910cae,0.3211722413254142
7e08eb8d4482e7e0,0.8831759924976555
609b606891c6ff2c,0.14449515473585497
07ecd08d07bac830,0.4310284463894967
aea578dbbc154142,0.7863019693654266
9c702ee77f731a28,0.43476086276961556
74a102877446027d,0.6923694904657705
dd13d150ff97f653,0.9042200687714911
36157f72f10981f7,0.49256955298530797
808639f0db0c51a9,0.3993404188809002
d809389ba1350646,0.5139262269459206
353512ba78ee6085,0.010750234448265082
207ae6c9e8f4fabf,0.439849953110347
333ed3894f0f2865,0.8279493591747421
c8e41f868f963ff6,0.7663738668333855
c0436a45e3cdfea0,0.05850578305720537
497bc4409ccbba90,0.8352891528602688
b29f7d1224fd0321,0.4984713973116599
7795ac2497824361,0.7724945295404815
28bd2f25cefc0467,0.1944638949671772
7a5268c2c0ad3fb2,0.4294685839324789
9335e306e6ef6c17,0.2380368865270397
380dbd85787bd38f,0.8885526727102221
4df3a358e7ec87b0,0.11100656455142233
b423d03461c67e1f,0.8709002813379182
8d6c8b00790579fe,0.3491497342919663
75302981ca660bf5,0.677049077836824
34fae39e3b6350ef,0.3530071897467959
47ee9553918d83bb,0.7420537668021256
525eb09cf01d4422,0.3593497968115036
f285090a9d6de2ea,0.8472491403563613
9a015d0a0e9dca3f,0.3852516411378556
5b9ec24c9cacd921,0.4180493904345107
80f6887bba571ef8,0.5356111284776492
a0121be4cb97ee81,0.25818068146295714
98bbb1d875be50a8,0.7249890590809628
d13d14d73f638740,0.4675148483901219
b2c1f66103087339,0.37990622069396685
ed544070c1558a6e,0.575257893091591
6dd8a5af5647059e,0.4672491403563614
ec707e8be77e5bf3,0.4156298843388559
435ba973814b0e29,0.49254141919349803
a003759cbad0ca72,0.24635511097217883
4c1f413aeaaeca8d,0.34490778368240077
febaa69039e2d424,0.854442013129103
1a7702c55d1c3c6c,0.695107846201938
747b48174e7e8cc5,0.0890559549859331
e73a38787bc7abf6,0.6025695529853079
591163e5c881643c,0.7366802125664271
95f08a028b009350,0.1936323851203501
74cf8eff69e3ee73,0.05248515160987808
44639b509c809540,0.6428165051578617
abcf4a1f567f5b1e,0.5348421381681776
987d6ffc23a79a57,0.7110503282275712
e7aea6a6f0d83afb,0.6337668021256643
d9d2d9b2890a7999,0.24678336980306342
deeaee8dc56ee2e3,0.48385745545482967
ed44fe0714d05825,0.8110909659268521
68d0096d6964bebf,0.21590184432635198
8d52d8ee49e4e8ec,0.9094060643951235
b877123e88a6a266,0.2637324163801188
8aae92b438c0c262,0.0345545482963426
40864f11272e903b,0.3019881212879024
7583bd973a7787bf,0.9747389809315411
209764663e3680ab,0.4723163488590184
1802828e130f444f,0.8254110659581118
c7226e4c37f1c216,0.8281306658330729
cd0110875b4d057e,0.4702938418255705
b66e634d66bc8033,0.06549546733354171
644bd7580a1fab58,0.4181713035323538
ceed54b1129eb356,0.31088152547671144
4a02d907bb4803fd,0.11992185057830573
d09af6dce02bcd02,0.1823319787433573
c81869bf2ef1408e,0.6934260706470772
455bd62f0c9a8b18,0.8077618005626758
8c648fe7475ba2a1,0.847005314160675
e7c1606cda3f50ca,0.3085901844326352
386a0c809777aa8b,0.4101187871209753
882d6e6250d5d648,0.5371522350734604
e73fd396a2d7e661,0.3035073460456393
e1293605384c5923,0.034195060956548916
d8e5a75d55957e5b,0.7441544232572679
75e6395a1cc7d878,0.6271397311659894
ecc995a8d29cc898,0.8359018443263521
ba27e43ae6b021c3,0.34889340418880904
075b11725eefed48,0.9300218818380744
16e06a6abad58f9f,0.415942482025633
039a18d8a9005443,0.9692216317599249
166eabcb1845baea,0.22908408877774303
150f221c402f471f,0.8027227258518287
2af5183224226208,0.49405439199749923
30a31bbf87301908,0.1712785245389184
95c87aa909d557a9,0.06297905595498593
d70eb57711fa415b,0.9320568927789934
9464555817eb4951,0.8995404814004377
8d4e5d5935a1a663,0.1151203501094092
289e3f76cc551091,0.5031040950296968
8646ded190e78433,0.36342919662394496
f2e3c326fd923449,0.35705845576742734
83f8985c38ecf25c,0.34137230384495154
8b698836d194ab64,0.35289778055642385
74a48ddff930321f,0.17810878399499844
79a5efbbc2b4f8ec,0.4324007502344482
6e88ede348b8871c,0.7060268834010629
d98b06d0f7e1b8d0,0.28651140981556733
dc56b06363e3abc1,0.4808783994998437
b5355653b987b958,0.16786495779931232
e5bc532f235bc0d5,0.23838386995936228
153cb69740320d37,0.28370115661144113
30ad5d4441533a6c,0.6870334479524851
05ba774a4ce6ab73,0.9061331666145669
ba467da19b1f2810,0.07147233510472023
9ad04a6b621bfaf3,0.7934041888090029
f605e43b08e76847,0.9074929665520477
fe2d494aa36b099a,0.09900906533291651
1e5a8f5e21430d42,0.5427821194123164
9b28fcb2ee487967,0.9630634573304158
2f1c0ef6d36a75c4,0.4026414504532666
37fc5525bb7de5e9,0.08163175992497657
d6538f0dbb2a123b,0.7076992810253203
7dde59a4542325aa,0.21581119099718665
20c617dcbd71f357,0.34619256017505473
77f00b5e8f833d41,0.7652610190684588
869a14428379a740,0.4919193497968115
5fe5544f8e236559,0.6894310722100657
2d3681cba05bb562,0.8781869334166927
499be0abf97d1597,0.39557049077836826
5b423761773c3a6b,0.9558268208815255
57cfb14bc788cf66,0.7692122538293217
bf8ee8443882eb4a,0.7711034698343233
400e3c9ccfed951c,0.2950765864332604
95c34bd334691146,0.8607002188183807
441b99f616030e70,0.414370115661144
d6449401e78d3385,0.47890590809628014
ee04b5380c7d4f07,0.8425289152860269
47350f4648bd6090,0.16364488902782118
3d184c420016986f,0.2841825570490778
2525af5583075cac,0.6451109721788059
37055ef29f0a3dd1,0.5006095654892152
741ca2e53f728930,0.915407939981244
c2060532831835cd,0.6892466395748672
bdf51afd82ed739b,0.5757736792747734
87516eb4863191a1,0.802006877149109
034a25e098498861,0.04248827758674585
2beaa963f217969a,0.9594685839324787
6b03ea3eb3783933,0.2722507033447953
99cd56ca4ca12f1f,0.1863332291341044
42288d86bd56d80a,0.3307596123788684
a5497f531ca73858,0.2758862144420131
6b8797ea062ce398,0.3587933729290404
1514a9ebdc630056,0.49442013129102846
6a47264adc77dad4,0.4297749296655205
4cbd1cfe1be11280,0.8531228508909035
555f489d111c7db7,0.36508909034073145
d3d1d52e817c754c,0.05332603938730853
80c2b83979b319eb,0.12626758361988122
b601ede8f1d5ecc9,0.12537980618943423
ac4e394f11848f01,0.7759174742106909
a5d564228af285dc,0.3592841512972804
872eaff0cae2acee,0.271216005001563
ca524fe71b6054b7,0.4333197874335731
092fdb93d96ab75e,0.144248202563301
b1224feb365fa8bf,0.21033760550171932
b5883c6e74b0ff0b,0.09165364176305096
7aade43a31d09f8a,0.3729321663019694
585ac3a63ccab1a8,0.22986245701781813
e4933222bb492af7,0.6343451078462019
d4fff28089f09f7a,0.7550984682713349
1faffaa35ce84d77,0.6254610815879964
27afb6fd6aac442b,0.008015004688965302
847a053fb85c500b,0.20073460456392625
9ad6971bd0ebf223,0.3592560175054704
a14e1a04f336c6c8,0.1882275711159737
50698da7b2db2350,0.441025320412629
15655e2cf84c9cb7,0.7688496405126601
ef796da1e5967ff4,0.8543576117536729
9331c7e2dd294fef,0.5222788371366053
b7796a59af546a3e,0.38954673335417317
d9279cd811aae7c0,0.4493466708346358
df81c08c47af6c59,0.7743388558924664
1b9dcbf8b65b1a52,0.6020443888715223
dd377f760a65ba2e,0.8330009377930604
995b4a4b97e53e5d,0.5212347608627697
13b533f79e5a5caf,0.8375929978118161
d4c903b8efe43c13,0.9521319162238202
4fb9e1bf5a2f571f,0.7163269771803689
ed595c03e7747694,0.1171053454204439
73e9645c3d48fbb5,0.014607689903094715
a4b5405b00736981,0.9365051578618319
2a653776755ba7b8,0.10101906845889341
158fa97bf999e010,0.48960612691466077
a95d0a261a3bb142,0.4773710534542044
ea46e88a59d4fe5f,0.07331040950296966
6496d7761a0c6190,0.3122069396686465
6f4ba984b6dc3289,0.4638512035010942
5afad3e6c2fda712,0.41615817442950925
02effb9a084a466f,0.4344701469209128
f43a5e53fd455d87,0.9161706783369803
49bcb75b2ef9551f,0.11245701781806813
b21c8167caedde33,0.012213191622381997
15d2bbcb8c316442,0.22812128790246947
523bc8b194fc69ce,0.23786808377618004
d7b8e5c99743aab4,0.548593310409503
3ad43bd42075bb8b,0.8631509846827133
812b9840da2dccbb,0.9003844951547357
e70b5a521c308e83,0.7755392310096905
3c45ba8ca9f6f412,0.08696155048452642
7f616f8d83b3eb18,0.38771803688652706
26c592e1845bb489,0.3295717411691153
68d37c0a802b47e7,0.8402532041262895
d8934f60893849d4,0.3309096592685214
2a3dc482e2f9765b,0.4318693341669272
016da23592d81da0,0.15728665207877462
4fdfd4d0c0f506a0,0.8177086589559237
729fc49d981fa3bd,0.37024382619568613
15deccf643c21df1,0.5034823382306971
7daf2f242a027468,0.12159424820256329
d51a0a86350f7add,0.04452016255079712
52fa3a33f632aec0,0.6706064395123476
bb4d95ad5da1ac87,0.33686464520162546
cd23dbd0e165834e,0.0780150046889653
ba39191a07cf9e7f,0.5658768365114097
9ba5cac296310d3a,0.9030259456080023
d322c51efb437d17,0.07100343857455454
3af739b2f776287d,0.7462238199437323
85804c2e9c6d680a,0.0546201938105658
cb0cd20b25649838,0.25788371366051893
12c942ad8a277403,0.49596123788683955
289e502cd91b1547,0.6660894029384183
31c382a7004fe972,0.24830884651453583
d169a1c279a46015,0.9437480462644576
f9b4abfb6291393e,0.5591059706158175
6717d92d92048fbb,0.43238199437324165
469f41c8da1eeb41,0.6180962800875273
769314bb014d1235,0.6230228196311348
ff2e280d521989fe,0.31217567989996875
1d52653d4f3c35fc,0.09280087527352299
4c0ebdf6c9dd9fb9,0.19632072522663335
8e182e2e4650cebd,0.7322319474835886
f55714d17852a183,0.18272897780556419
f2e291daed34f717,0.7849577993122852
2fedf01adbad6180,0.09835886214442013
7079029a20553569,0.6243451078462019
7214daf28cec2f25,0.4100781494216943
3037ee52ce757f35,0.11220068771491092
301594a1fbd58308,0.4953985620506408
971dbbb99046d9fb,0.8417442950922165
c7647059905f4dd4,0.17723663644889026
796f7cb75fc0eb55,0.8791153485464208
bcf00da3386bb946,0.7762019381056581
9fde66ee9b59f95d,0.04495467333541732
752d3e65ebd63369,0.23062206939668647
1a6bbae0cb804476,0.4036073773054079
03cac4272e7b8e63,0.871897467958737
055fecf2717f29a3,0.5886652078774617
a2aa85d0e1bc4e6b,0.42174742106908414
ef9db57cac44e529,0.5432697718036886
8c91442db55d9d64,0.6984620193810566
7cfa3fef2d1a1dfe,0.1935917474210691
56ede8d9842e0590,0.1880493904345108
fc74e63ad196960c,0.842213191622382
342867ccf7337815,0.1334667083463582
866f7ea3c4be20e6,0.5386558299468585
f45494a74c712731,0.6549890590809629
414228464c8b74af,0.7101813066583307
e4a3f7a35452e28c,0.5438355736167552
c1eccbf012d9a361,0.17673335417317912
a715e394b41f3a16,0.2428321350422007
26a24b8218ee00b6,0.9021788058768365
db4b58e70acde06b,0.16564864020006254
deaf015c1e137149,0.0440887777430447
9d4fbfbf523a0472,0.9849609252891528
ff7e2911a22e8008,0.781816192560175
30449ce55b14d344,0.1091997499218506
b930073e02948360,0.5743294779618631
9326674b4c828c15,0.513635511097218
a9b474db35164846,0.5072210065645514
9183d88dcf308c8d,0.2327883713660519
47c8c6f64cdc0a43,0.44269771803688646
2ee4722095033329,0.5431478587058456
cb8a02ecca44027a,0.17313535479837455
1925e9dc63237314,0.594098155673648
dd36f08b99fcfa16,0.8252235073460457
9bbd43f6f760c243,0.7636136292591436
a766359aef66a25f,0.6466927164738981
4d10a4698fff400a,0.5111003438574555
44a6285639d7fcc7,0.6711784932791498
a64ce0de598f4714,0.6608127539856204
8c887a6a554fcff6,0.002807127227258519
ef3f3402f7530e37,0.0054079399812441385
e9cf43bab751f410,0.035579868708971556
1245634a78a3136a,0.20866208190059393
7c5ed75e73c20133,0.34339481087839946
ff7628423503cb61,0.09126602063144733
55df3baf4cb22442,0.11078462019381055
20497b1ff5df51bd,0.7257267896217567
fe1c1e2e166d6943,0.4887621131603626
0a6a2ebc3b004ba8,0.45653016567677407
ba16bc573e1d9a6e,0.6359518599562363
41ae92fc5f37cdc1,0.20316661456705218
ae05071f58d92774,0.25641450453266645
a8d4083bb2383da5,0.7929946858393248
92cf17c3d59c9b61,0.026036261331666144
f591caedceef4268,0.16129415442325729
e3d006785a8a409d,0.5962238199437324
dcbc913499301796,0.13772428884026258
b630e1af9fc1f3b9,0.8023069709284151
7d6a1e459131bf25,0.9372272585182868
5f891649affd8c18,0.3946483276023757
7dc102adb7ad6667,0.5229853079087214
1b8c16064d0dc4d7,0.32570178180681464
8e5286a9c7d73ad0,0.2092341356673961
147e554cda420ba2,0.22286964676461396
18517e2df9cc10ea,0.4024382619568615
54ca2e9aaea55320,0.9596842763363552
a923278148853286,0.7043919974992184
cfb35f11977c3be6,0.3486964676461394
aef8a4667274a47a,0.10141294154423258
2c51172cc4d5eba0,0.29955923726164424
494446d84318c9ee,0.41693966864645204
aa652d97612fe50e,0.0318662081900594
baecb9e5cd4b2907,0.8169646764613941
c29488c64d211da8,0.2530415754923413
28746b4c4b26d721,0.04496405126602063
8a45d03fa3989bff,0.21427008440137543
462b3e544fe612a2,0.6329259143482339
359614f152fbbc2d,0.27526101906845896
5e953db789137f0e,0.6256892778993437
2a99aaa9555b3dab,0.5862519537355424
aa37a77bc447fc0a,0.9465708033760551
8c0d7f3ade155e48,0.1386652078774617
45b05dd1071039ab,0.9842356986558299
7e037c271c23576a,0.19034073147858704
9adb38d0576dec06,0.570109409190372
532c84dea557da7a,0.5279993748046266
6c302b9662d3b5c1,0.340806502031885
666231af023e8fd6,0.2619818693341669
9c06ef2fdb037a79,0.6190872147546107
65230a28464587f9,0.34813691778680844
b3ea4baf43182919,0.5878524538918413
c1f297271ef8cab3,0.2249796811503595
7c58e1fb77913d4c,0.9459518599562362
00ece1c11b40f8ce,0.048283838699593615
a820b5633583bac7,0.7923726164426385
b4e9165d8e2aebad,0.23301344170053143
85f20d358a8d6ce8,0.4751484839012191
148fdf734e431091,0.3393341669271647
67708062cc529759,0.5214254454517038
d764e50c36756862,0.9508096280087527
dc093657cc4bfbc2,0.5146858393247891
08c0597e111a2388,0.5104220068771491
58fc68c0720d8cbe,0.3838730853391685
387b7309eb20b505,0.7038105658018131
cca31a05a820ea88,0.8434385745545483
be7e5b7b5839a348,0.7841169115348545
ef7aa159ba83917c,0.5853610503282276
3dbaccedf2355696,0.26985620506408253
3774263bf5c9a393,0.3616223819943732
e830f76f4667709e,0.5556173804313848
c96965b10fe9e8ba,0.11164426383244763
aea0b2d75bb410f5,0.6131072210065646
892d778bace3f693,0.609862457017818
f46440975132762e,0.9267302281963113
6084fc419fc10f1d,0.8944763988746485
c6fb1852daad742d,0.26009377930603317
2bd09ffffa247f82,0.07016567677399187
5ded576ceda86075,0.3908502657080337
c066afacb3fe3a52,0.5753610503282276
21e99c194e94917b,0.041991247264770236
7f4eef61767e4c67,0.03952797749296655
dd19efa057bdb4b9,0.172322600812754
2b309ca794e9b11f,0.9359049703032198
8428fd508cf86cb1,0.5767208502657082
bd059d7efcd14494,0.8591434823382307
7fcd9aa10e5ab5aa,0.2737886839637387
9398c438c5fe8b90,0.13452641450453265
7401e49aee3edc69,0.6829853079087215
0520f17da71602b5,0.30294779618630824
efeb31befebbeedb,0.11962488277586744
df3fd48fd3b3331d,0.4660737730540794
14e14e2218536077,0.5487089715536106
1f92d25274d4f038,0.40937793060331357
7170ea34f6161e69,0.5843763676148797
04b0152464b775d6,0.5002625820568929
7653ee403f88ff26,0.511487964989059
ee84092d5d680f67,0.9681775554860894
c41b6329fa5e7012,0.0755517349171616
1514f652f00c3b36,0.15320100031259767
0c6d11c69bcc6f46,0.4138480775242263
382f75d2edb9f457,0.8813754298218193
ab482dbf08ad90d2,0.5602657080337606
5ecd94cb7901e72e,0.11821506720850264
176da975d008461e,0.7145014066895905
882d984b9b9d8fb6,0.24269459206001875
efecedca199bc74e,0.7421006564551422
5f185fd802f0c00c,0.5876430134417006
b7be75c69ddcfdc9,0.010725226633322912
4da0a9696b2e9612,0.38265395436073774
755bd669f9bccb8e,0.39575179743669897
dc744a1038657389,0.5421100343857455
f5565f23a877bd69,0.7609596748984057
45485cf629983a40,0.8977367927477337
9d8248668d721756,0.4652203813691778
7e637102a104b616,0.14065020318849641
b9095cbbb40751d4,0.9248859018443263
b6f5bc351054c7df,0.52683025945608
d08fe94fcb0dabad,0.1484276336355111
edb4aa5de0832a92,0.31437324163801184
b142c9c1185e5f66,0.3711190997186621
1473309b954d71f3,0.7754485776805251
b604a5e504b627c0,0.9638230697092842
d5d6a72d9d2c827c,0.052128790246952175
aac5a801e8926a83,0.3633354173179118
45b600cd20830ac1,0.7991903719912474
8b6f8e193f28c495,0.3201250390747108
9cbdc55a60ad3994,0.09680837761800563
59cc8f62d55aab98,0.035070334479524845
42f81ab5abcba09f,0.4637199124726477
758524a5d6a74122,0.7281431697405438
0acada29c4de07eb,0.4984338855892467
6bf56d0ceb2c1ab7,0.20683963738668332
03b29070bb68828a,0.1407627383557362
2f553bd8ba413efa,0.05166927164738981
c3ea0fbb29a15317,0.3655923726164426
797edeb1c8a9c95a,0.5068583932478901
beb71749be71fd3b,0.5634198186933416
c660714dc6059849,0.45886527039699904
549961b37bef9764,0.09237574241950611
dfac78eae9821675,0.1281806814629572
588c204b822eb2c2,0.6730103157236637
e96e43deab9b69f6,0.7935886214442013
9c9a726ae65647b0,0.1024507658643326
58f635ddafc61c78,0.9711909971866208
d40624f11c720afd,0.8349921850578306
73575ac328053efd,0.5780900281337917
809a4127b076294c,0.9659362300718974
d476e643d990be24,0.19343857455454833
4d04534027759be4,0.4108440137542982
72c2c7664c8294e1,0.8097655517349172
d3bea4fa475618cf,0.7396061269146608
7af7100957117fae,0.26253204126289464
bfeae03c16252052,0.2376586433260394
dab19b0b61104952,0.8178680837761801
8b72f86a4e6a970d,0.6776961550484527
c775b6de816c5092,0.7282838386995936
0de6dca19e114646,0.39463894967177243
0ee2b0fc31b7cbb6,0.08076273835573615
3363b132efc51b9f,0.9709753047827445
ee924a0428a40a76,0.12313848077524227
ac3726dc72e71ad0,0.5098968427633636
374584473bf4cec4,0.3670584557674273
e6b8e496d903523d,0.5128321350422007
8fe009970d6cbeca,0.2924288840262582
b03e574c8770e9d1,0.1614723351047202
27905f95e6931f22,0.3705908096280088
8099a0f72ee1a1b1,0.35295092216317603
5fbbd8a6f4ba3669,0.0410628321350422
24033a02989369f5,0.823372929040325
223faad452bc6598,0.7139481087839951
c5c13adedfefc67d,0.38365426695842453
ec24ebbbc53f73ce,0.04351047202250703
3a3e4d31cbad45e5,0.12995311034698342
79763f9ebecaea1d,0.7637199124726478
46806e41926c192e,0.6279806189434198
a5cfdf6746ec5cbf,0.8656924038762113
0ddbe3ef0aed551c,0.21602063144732728
b641fe7061b46442,0.02955611128477649
be98835c447eea49,0.9684526414504532
98aa4160c7876f0e,0.9351578618318225
0753638b45dfacf0,0.6826664582682088
e938301ba66e78e1,0.5196342607064709
64b695db5b68b91c,0.48955611128477644
2797a5b06b8c68ee,0.34810878399499845
aee53ec38b7eb6f0,0.6319224757736793
d59b57f46a383c1f,0.4154673335417318
8c3a505dd927009e,0.2708596436386371
436e01defb530baa,0.01294779618630822
2f54c0acfcbfd646,0.7909784307596124
20f15dad96dc92a0,0.31175054704595184
8a16a230e343a296,0.4211534854642076
fc511072e8631203,0.6052485151609878
5d976c71ca9049f3,0.5354454517036573
b207e579713d5841,0.9980962800875275
ac03eddc2e2fd2ca,0.6147045951859957
6b1e6ff0118fe59b,0.8742575804939045
2cc92c1f6bdd93d0,0.5838543294779618
f651266acfce6c0d,0.30405439199749923
c3b49d19c43acd64,0.1430478274460769
05a27ebb8a82cea7,0.9843326039387309
f32c511446a68874,0.13335729915598626
108d6b400d52aa73,0.6371522350734604
7e3cd0895bbfcd9e,0.7583307283526102
2245ed07ee31662f,0.604604563926227
c81aede118be0e5a,0.4316380118787121
d664a113973613cf,0.49035948733979373
2899dbe3769e8b1c,0.5023319787433572
164d8c33239c5511,0.62475461081588
e753bb93c30cfba0,0.8607814942169429
4493eab669361ba7,0.3289621756799
4e55ed26dc79c3e0,0.3783338543294779
1d2f7db4504f10b9,0.12127852453891841
9749ddc8b2a3a385,0.16967802438261956
9aab93db4ffdba7e,0.9198437011566115
88558205521546f1,0.3555798687089715
02a8e05f667b2fa4,0.27653329165364177
f95b0bb67413dff1,0.4045951859956237
b821f8fa7a26d286,0.1546983432322601
bed1456aa64d60fb,0.7394310722100657
685b1294dc5f8cbe,0.8270803376055016
79a0510c936f5eb5,0.828071272272585
07f28f119366b484,0.13158487027195997
949af0edccb8d159,0.7286777117849329
9965f63ba2d41ed4,0.10762113160362613
f635cdb577ae5471,0.7356924038762113
6419d144df4c87de,0.6827414817130354
bc7f2dd2340df372,0.06302907158487027
cd35e912794bda2e,0.2943513597999375
abf3b6dbce73db98,0.402350734604564
4eeba8a4c17e4351,0.46720537668021256
f612b9af4ce98bda,0.8627883713660519
d8120911733689b5,0.44207252266333225
723bd2532e39f731,0.5011566114410753
3889ee7a1f5fd62a,0.48408877774304465
66ffb196fbbb4006,0.2532447639887465
53a1c51ae93d0e81,0.5008940293841826
0a4f5ec5f9339110,0.22659893716786494
34416b6b8b600a61,0.19127539856205064
1e0b561b5df0447d,0.7208408877774304
43e848bf56ec0bb2,0.6005626758361988
1ace2be427eaf92b,0.16257580493904342
e24ea459233ec078,0.9627758674585809
e019c487befa7761,0.034835886214442016
7734ddeb14b3d277,0.2626133166614567
1961aba76570acf7,0.39474523288527663
276265c86a0e2a26,0.15786808377618006
4fc5594c301766d5,0.7349734291966239
bfd20f3d76573073,0.418715223507346
8526753e065f5b50,0.9650265708033761
5c03ad68783d0d61,0.02566739606126915
9c83e80d019e0f5c,0.5306439512347609
4e6019e87ab5ac6c,0.755054704595186
dbf6023ccc73b0e7,0.13295404814004377
fb35b29ad551c9c9,0.2386777117849328
3ab9a4e335cdfda6,0.35374492028758986
86fa9d51e632ae1d,0.5510034385745546
ab30ffa9ef0220dd,0.97314160675211
ebfe496544b5a6af,0.7441856830259456
4cb026b93d1e4edd,0.1906814629571741
426a41478cfcfc22,0.33090965926852134
3e16e5f885a5764e,0.25008752735229756
dab52f137b1ba008,0.7326977180368865
a7e545c29eee2bf1,0.3219881212879025
6a50159c50f7f9d0,0.032494529540481404
ded3c69308607da3,0.7270678336980306
921388faeaacbc80,0.9819818693341671
8c90e1ab4a546bcd,0.3157549234135668
31b1827fce88917c,0.09189121600500158
d97cfaa40be224a1,0.16647389809315413
b4dae0ea6d15a25f,0.35227883713660524
ffb033e54895ee3d,0.841828696467646
2b625e5d9c22b0cc,0.3553641763050953
87605745817d0ffd,0.050287589871834945
9717417666a66daa,0.32192247577367933
3267d4ecd26e96f1,0.2507221006564551
3399800c4f113d8d,0.6508440137542982
f457366f48f27702,0.21642700844013754
5a6c4f9b661a0ab2,0.8131666145670522
76628bf9d8b6b0e6,0.9906064395123477
997a5333179da7c1,0.18772741481713034
044dbb2023ecc53f,0.9430071897467958
737497734f709843,0.8856830259456079
fc7d05c3ca74b0fe,0.3288652703969991
f5b74bbaa8085255,0.33789621756798993
c1d1e5c41f539d03,0.6469459206001876
86f9c72ffb536f2d,0.95265082838387
95b9d46eff640109,0.3430040637699281
3aff516939a3de92,0.24880587683651137
23c1d6b14d960725,0.04750234448265083
0b0950c974175a86,0.43524538918412004
e94d8ce0ed816caf,0.290246952172554
037bc4751346a482,0.7023413566739606
d43c5617c5e69df5,0.9759924976555174
82c6f27cdcf850e2,0.8767802438261956
7652727437cf5e6b,0.1549703032197562
86f089e7c7ae0d75,0.8650953422944669
b9d7751ccd00d9c9,0.8998968427633636
0a079836e9e1ac2f,0.475901844326352
90461cd0e33baa56,0.6994967177242889
825b16c4984f4382,0.570109409190372
9054cbcd60dd433c,0.3343451078462019
770e4ea8a1273a1c,0.6743075961237888
518ad8ed2ff052f7,0.4964832760237574
f12c4df4f05fb6c3,0.27897467958737104
95a9d1c987aae5f2,0.7844045014066896
1d60b64e1441c91d,0.4565551734917161
84ed70c1cda568a6,0.44353235386058143
3d6e8f3a5d06c7a4,0.3331165989371679
eb1779538632b044,0.24263519849953116
bcf84068bc4b5615,0.30378555798687085
3dceaab87e5bd6cb,0.5979806189434198
c86b418e43874d34,0.47791184745232884
95397751cf365c4c,0.6195748671459831
e80b64dbd916f780,0.3062457017818069
d2a231ba481924eb,0.6297217880587684
e86aab1a495bc94e,0.06577367927477337
4c088c5147f6cc2a,0.5104282588308846
746c9771aa5c751d,0.4252703969990622
90005adf46be6af1,0.07298843388558925
78338f5a63e742f5,0.6443482338230697
9c3f2d29681d0d34,0.7385026570803375
f93fd851b68279a6,0.9321194123163488
afed2c838b247303,0.8594842138168178
995d752a3bf1fbb2,0.586899030947171
33609320e5c7578f,0.13432322600812752
1ecda15121ffa27d,0.08054391997499219
47b2accb2f516cd3,0.7766020631447327
5571f2482997d163,0.8704595185995624
32897e94a9feeb0f,0.9321756798999689
3d5fedc7f245d35f,0.41501094091903723
1b4707947519036f,0.5183276023757424
3cee4d33cd4686de,0.5565301656767739
155f6d74191258a2,0.5710315723663646
3ae6a0b3d379dce4,0.2331478587058456
dab9de12664f7b0b,0.339671772428884
cc73e04980d2167e,0.4475773679274774
be7f0f5d2c65bf06,0.6169771803688652
dea114b428048ebf,0.04861831822444514
deece306851a2a78,0.3054829634260706
d1ce358b8f732eb4,0.24777743044701467
e025d916d395fc1e,0.6350547045951861
f50d9be3d733fdc9,0.27365426695842454
a6c0d8fd193f76fe,0.5189246639574867
569e045332c790a0,0.6228977805564239
977114ec6d208ff4,0.07260393873085338
17faede0e698eb93,0.34595811190997183
0610c3287750d822,0.5764645201625508
58e6e26dd56a60a1,0.09260706470772116
bc263b5b32d9ae07,0.1880493904345108
8894323cc5f185da,0.1324601437949359
e8229221a1595393,0.25227883713660515
63c589b1e27997d2,0.7889246639574867
fe21e0f0344dfca8,0.7167583619881213
7e0194535136acfe,0.2775773679274774
cc859709caaa52f9,0.029277899343544855
56e7153dc35c0573,0.20178180681462962
c76e1ab42940cee5,0.5045201625507971
2ed46ca4b8d10516,0.3682713347921225
ae2f86a0a6c3b696,0.5894310722100655
a05d11d463a21a32,0.20450453266645827
89e7dc0647f4db8e,0.5628165051578619
80934ce845013628,0.4408033760550171
f66422247e89d830,0.5995779931228509
b0a301739cfa2228,0.15498905908096283
42b93c5a8b628ba5,0.1815348546420757
f74f1673a45ce9b3,0.6055736167552361
2b76aa4b82e23768,0.3660800250078149
0d6190a27ee0d6ad,0.7623726164426383
7492fbffda1eb950,0.40375429821819314
35355c2d5692cdbb,0.8130822131916223
de976dafed9c0fc3,0.7615004688965301
e2601be919261723,0.07810253204126291
f56a91dde5defb60,0.25718349484213815
1a9c207021895aad,0.8721319162238199
86ec8e715d2efa2f,0.5069021569240388
7762b73652848f92,0.4560362613316662
ccd34b74bb18d71e,0.78319787433573
eb6c259855aee52d,0.7317567989996874
7bfe956eabaf5f10,0.46343232260081285
38c6063d22fa4f9e,0.7799093466708347
46b7352aa3c8a1ba,0.47421069084088785
049fa3f6cc3a62a7,0.8819974992185057
5f77b44deef47d28,0.1964426383244764
27462f3d6cf43575,0.4333354173179118
ca854373b937b419,0.8198437011566115
1f6eb5f2da254111,0.6841981869334165
9262bb44aa7937b7,0.41604563926226945
d81678051b65ebc4,0.5330697092841512
0edc1ad07f4aa86e,0.8168959049703033
a8e836b90034f123,0.1283025945608003
c729d0e49b2411cc,0.9949265395436073
db925a43365c86f3,0.4707814942169428
1cda28c15e8e4170,0.6056455142231947
ef5a97a20c5118bb,0.9583401062832135
4b990b98ec734989,0.7426977180368866
a96f328dda3bc98f,0.5203907471084714
b467b21cee5c9a57,0.13811816192560172
8c1694e84b06dad7,0.27084713973116603
7b038881fb7ec965,0.650162550797124
60e46ceca8ca6531,0.3858393247889966
be2e51dc6bf61727,0.7797405439199749
f1063bee63d2cbd4,0.3118474523288528
1a3d53e660017625,0.28425132854016877
6db1dc15ad1e28e3,0.860368865270397
34f0bfc533c2a23c,0.5945701781806816
76e738496305310c,0.26799937480462643
a76e95f0a09b03d4,0.023447952485151607
6a0d13d3e413c0e5,0.07863082213191622
e002702b095c4d9b,0.5038793372929041
435eb85f778a69f5,0.0924288840262582
5584a339491f1a03,0.7511190997186621
9a06cac14b623965,0.5276805251641139
b199a982f9480beb,0.9180618943419818
e32add368c6de44a,0.21672397624257583
34824decbc66688c,0.3865082838386996
070711d7fd9b7ea3,0.6346452016255079
a1656b509ebf749c,0.9679368552672709
ee96df140d42129a,0.970287589871835
09fb51e0fded24ab,0.36573304157549236
77e04872ab10bf20,0.6677461706783369
6b34ce0940c8c237,0.8376430134417006
8b94f16483f351e9,0.6512347608627697
a7d4f13860590306,0.05373554235698656
66537bdf81c41f46,0.9348140043763676
3014fd36c07b8950,0.6039199749921851
789380ce86c031af,0.8401875586120664
dbaee9defc780591,0.5824882775867458
bad0375f198257db,0.08791809940606439
a7b766569c6f66fe,0.3738980931541107
efd3fc92b86b90cb,0.6330915911222257
3ca6e7825d948c12,0.6094248202563302
5c73fed8f1d584c0,0.4364457643013442
cb7f45c4ee30e84d,0.5742075648640199
aac70ac68209f1cb,0.6893122850890904
fb253a15132c7c36,0.6383588621444201
4f1ad3d1864799f9,0.8866677086589559
06cc890b7c3abdd8,0.1687777430447015
48f5b50b05af6685,0.09077836824007503
8abc163b25fe8f16,0.08977492966552048
5220ee550d303425,0.7099499843701158
8f7e85307eb35706,0.5408096280087528
dec525eaa4588cc8,0.6456955298530791
8a7aa7c3acead22b,0.6690371991247265
0618f0627df67711,0.6810409502969678
5d9929a965640bc0,0.4393685526727102
b45f8124eea44b5f,0.10547358549546734
32e371f83b148fb6,0.8705314160675212
83b9c322c9febec6,0.4433354173179119
8bb4d82df107f45e,0.5788340106283214
cc28d0d6ace393b0,0.37140668959049694
29c17f03906ad1f0,0.38909659268521424
b10cf30c243ed8c4,0.9062238199437325
85c180d755530692,0.2722975929978118
e9478d4c11f48523,0.02928727727414817
329d63bfe65d67f5,0.3128540168802751
4e7c7fbcb6fde9af,0.023785557986870896
1f2d4ca7586d9ef4,0.22926852141294154
04ff2418e503eb55,0.7088558924663959
5807d02f74d22963,0.5847202250703345
23aa15ff2408a5ed,0.22940919037199126
5c3fe62807fba6c3,0.27366364488902784
c97a3c1357c537a3,0.6839731165989372
bde91246f16123d6,0.11696467646139419
dfcf3493677dd9ae,0.030906533291653642
4a0cb390212d6320,0.6482056892778992
dd48f98a0e7c2640,0.32026258205689273
21669e26853a5beb,0.7087527352297593
c4c279dadffc28bf,0.7969990622069396
27f99b00db0702b4,0.2018568302594561
823a471435809e0c,0.9455017192872774
36d9872df73f0208,0.5505970615817443
69b691bd3b11f565,0.5280150046889652
051aab7c376493bc,0.0026789621756799
897a042cdd939f4a,0.8781400437636762
16e574aceb37758f,0.9266739606126915
7acdad670c7e177e,0.666008127539856
af7211a4b66028fa,0.2041981869334167
3b768875237c8195,0.6736136292591435
a9e4e55b286f1971,0.7613785557986871
1e42f2e9ad67815d,0.292213191622382
0d527f8f008f8efe,0.05626445764301344
4c2ccade1925c5d7,0.4533698030634573
b3a98dacc0702405,0.15293216630196937
9b8e0f7bf05d953d,0.059746795873710526
7968527b42656286,0.1954016880275086
caf14438584b43fa,0.05618630822131916
31e140000e0bf36b,0.3492091278524539
336acc52a893cf2f,0.4387308533916849
bce6e39fc4407c93,0.062353860581431705
d5e58bdbf23f01f5,0.05336355110972179
1ff7a8ec347ef2c7,0.33979993748046255
ce432d29b214887d,0.2379337292904033
44e820df9233e162,0.6198874648327601
fd036d6641276c78,0.49963738668333857
45c36909115a7b3d,0.668402625820569
0c18ad3d4c7f25b8,0.7755736167552361
4502d8fecdca43ef,0.7760268834010629
9bf5cf3ace55851d,0.5140043763676149
0e04a1cc15af0b5c,0.02829009065332917
86bc772734133e12,0.6334885901844326
76fda8694024d3e9,0.615354798374492
d244839566b6672e,0.5937074085651767
e165495e76c8691b,0.49079087214754613
18e8d9f4f0ed1ffc,0.41876836511409815
c198ddc9a1a0f0a3,0.1465364176305095
4f15b2cd5370863e,0.4188965301656768
5b71a33a75b4b41a,0.969590497030322
85211a41d91dfa68,0.6731103469834323
31c3ad8e554acb99,0.4606408252578931
f05e3b467a207ea7,0.001050328227571116
20eea1cacbacd917,0.8660081275398561
338ac2331272bb7c,0.3197061581744295
e6740f272d44da83,0.8503094717099093
9368ba44560c50d9,0.3425976867771178
18e4039723086124,0.4901938105658018
c935d65cb1c5cfc1,0.31563613629259146
dd819f141dcc8319,0.09156924038762113
90488975d041fada,0.33700218818380745
a5aa463adede1f1b,0.5761394185683025
872ac9ef6cc6a618,0.16532979055954988
ae4040a11f651b1b,0.4517130353235387
468c82067304eb0a,0.7652203813691778
cb460a2bc70974da,0.1495779931228509
366ae30bce6f5b98,0.3415098468271335
7638518d282a3163,0.8366489527977494
633878cd7103f469,0.3916348859018443
73b8cda0da8e3c6c,0.5186589559237261
b24a01610939d7fc,0.05107846201938106
99024e3163df7833,0.9358236949046578
f67fd1bdae4a88b9,0.4219912472647702
bed6a87757540498,0.2752985307908722
97afe9a3ddc497f7,0.4386120662707096
dd9f348a3e019188,0.5372647702407002
34946df4f3dcb0b6,0.7202813379180993
9444819c9eb0c9d9,0.7726195686151922
fb4483e1ad010ba7,0.025654892153798063
00c68b30c299654d,0.41788058768365116
72515cd3d8b3aa9a,0.7223663644889028
908510f96be347b0,0.7803376055017193
99a21c81b1b48573,0.35960300093779307
22f68a423b09a5d9,0.03844951547358549
e7f04cb37080c9fa,0.028746483276023756
dc02fa202a12aa6d,0.27195373554235697
10d0b7f586529eff,0.1618755861206627
ffd7b011eb85f998,0.45740231322288216
e621dd32e1b264df,0.24854954673335414
4af1a1f24964fe8a,0.24879962488277585
811ce0830dbadcca,0.1353923100969053
19f0e848aacfeb93,0.6303501094091905
8d3f02ada61029a5,0.7552110034385745
1e2a07a17f935db5,0.15656767739918723
32328db851b10b18,0.21827133479212255
9ee145457cc792ea,0.9625476711472334
ad8df560233793e0,0.14954985933104092
d22762aa0ca69d56,0.5095967489840575
f8355291593dca46,0.819193497968115
0c612654e51e01fc,0.14795248515160989
ae7e23426e25bea2,0.08575804939043452
e009b5beb1619a81,0.8062738355736168
520faa13a8c7065c,0.9140356361362927
b5f1a39aded71e0d,0.0889152860268834
de6cb6bc5b8d1640,0.5460862769615504
d51fb6ba7bb6913b,0.85841512972804
a1375923af03ec27,0.7790653329165363
8c4b7d8e2bf037d3,0.12386058143169741
681405cfbc0dd97d,0.4098843388558925
992164c7365bc333,0.7064551422319474
4814a10f30ed6822,0.5621069084088778
f125562b955f34ac,0.35758049390434504
8665c174c23e0232,0.21438574554548295
c03010cc5ef028ec,0.9393591747421068
d2cbd396091301dd,0.053304157549234135
c5b700f429ada2a9,0.569384182557049
07d97ad7c5757563,0.298865270396999
abe88bd25b74cec2,0.918155673648015
b5242ec51fa10803,0.24730540793998124
504c204a4b07adc1,0.2599374804626446
eb3e885ca8381431,0.45558924663957484
88019e77a7570235,0.7176367614879651
4f5b5ab494b7fa3c,0.6545670522038136
ff857c8685376696,0.6299218505783057
c97ffff5899cdd5b,0.8531666145670521
06d8545946fb794f,0.8044107533604251
86a18a847664c8db,0.4793466708346358
236b7caf60e83702,0.29103157236636445
b7362d1c5e6ea485,0.4375117224132541
75a194abbc3951a6,0.7284682713347921
0739352b03f43601,0.5187871209753049
d5fb0ad6dfbebd36,0.029059080962800875
ab3267950cbf32e4,0.6539637386683339
061b96409f1ecea5,0.2485557986870897
77507cbfe35570ee,0.07001562988433885
a36af5b550eaa873,0.6605876836511408
9ea7c406af2ba7ab,0.7816755236011251
f67f1e53508bf00a,0.94631134729603
c1e4dc287c41d581,0.20677086589559235
a53a53e86b02f37d,0.32918412003751174
608291782c527827,0.41604251328540165
d0ad07399c84455b,0.6313035323538606
fc8986567718f61a,0.9393279149734292
5dc1fc6a5d643435,0.6979149734291967
5c05741c61417dc3,0.5517286652078776
d702bbe78e1fa189,0.1444013754298218
e781540ac8518204,0.18510472022507035
7dfe0b8686f2f32d,0.6759362300718974
150a93d31aae72a3,0.3324413879337293
6eef12e9a09066d4,0.9002407002188185
636152d21bd16667,0.8025726789621757
c7f6af439da950c2,0.11329165364176305
27acdee466fcf485,0.9962206939668646
a8804fe9eee0fa90,0.08904032510159424
6192ee4938021f38,0.9030259456080024
fc02f9550afeac41,0.03085026570803376
7c9ba87d30178a3e,0.9491997499218506
a17444b2e1cdd78a,0.6645576742732103
83df6fde56cebe4a,0.3157049077836824
b35110acb0de3b77,0.7865676773991872
9fc1dd40acc8bff1,0.8400062519537354
0c521eb5fabcd49d,0.34715536105032824
e081802079fcf55a,0.8228383869959363
12aedbe868f79776,0.016777117849327915
be8a2586f0738799,0.5957861831822444
077d63174223dbbb,0.14489215379806192
bf95a5f9268fccfc,0.27880900281337917
51ac7bebc69eaad3,0.7859456080025009
823b8b0cbed56665,0.7007408565176616
7b06037a7dc44eab,0.9051578618318225
c3468f13ce305a3e,0.9091341044076273
82906bbb278815e9,0.04119099718662082
26d93d94ea19b1b9,0.3151297280400125
d59469ecf7c3bb29,0.3058111909971866
7db5fdf7d9e7b81b,0.3109127852453892
251dd43cde3297db,0.41868396373866834
cb1945985d64f4de,0.23827758674585808
4eeb92e907af170f,0.39926852141294156
feb8fa429dd67ef4,0.6667864957799312
4de67c2419537ea6,0.10241638011878712
538e4f56402af36b,0.8940668959049702
a4cf878441380a52,0.7841419193497967
96be7b3de04ff62a,0.6258018130665833
39c3d3887c8c1a94,0.3352829009065333
1921999c1eb2c5c0,0.7427008440137544
d57e9b30000ad4ad,0.5949421694279463
7c4dea060b3cac3b,0.8424914035636137
b72576d562bd56cf,0.7771334792122538
e1b21c89aa287e10,0.2972741481713035
ea91d426f07b035a,0.34270084401375434
e3fe0ea3b0e68165,0.3004438887152235
733a4e55740edd52,0.72997186620819
e3ec47884acfc533,0.9288590184432635
8b4fc284f4d71fb3,0.6957986870897157
ecc8c2db5ddf594a,0.03105658018130665
6a2e9bd8a0f89c66,0.344276336355111
330cb959caca2412,0.9093904345107846
d9ec4fb651c85ebe,0.30137542982181936
059f9fe46af8bf1c,0.3886620819005939
3a4738e51c5cab59,0.47725226633322915
2defc05f8aab4fc1,0.8382463269771805
5eff676251527676,0.06908408877774305
fbe244ca19447d90,0.5352172553923101
6a795f7ddcc9922b,0.1220475148483901
31e47d59215b37f6,0.4571428571428572
dc507cec24e10ba0,0.7943826195686151
a6bb01f0933df044,0.16744607689903093
8d856f853ce1deca,0.4076305095342295
6da96325a4517519,0.36234135667396056
1154f92cf57d2532,0.06900906533291652
f6f5511b39bec2b4,0.004410753360425134
52b72c128d8d91b3,0.7941106595811191
75e7fc7c7ea0f472,0.45942482025633014
197817ba33606b5a,0.538865270396999
c1951ebb86cb1446,0.7436480150046889
c4c41b18d788438d,0.7350390747108472
aa26bb9dcc890fe2,0.6888809002813379
c2c4703ee4c876c6,0.8061925601750548
4c5d7e0beffa310b,0.05788683963738669
83c908bdb66cb2b3,0.712938418255705
f5402da16c14957e,0.40983432322600816
2ab80ba80d56a41d,0.6463050953422945
1c6b71fcf804ee07,0.717417943107221
2f3e4501cfcf6dfb,0.7137605501719287
e6dae542e381015e,0.30304470146920914
eec4124d10360067,0.023813691778680833
9105a2588a4a2770,0.7047921225382932
130f75788d8a46aa,0.467458580806502
8835b5e539659c18,0.4130415754923414
d219e6e0ab855f68,0.6640762738355737
0723230fe86de14f,0.5517255392310098
e81853b0b0f8c271,0.12497342919662394
979af46a1f611253,0.7045701781806815
945f78f066a99193,0.39691153485464203
9fd22540f39891b0,0.2815723663644889
2631c1e94bf99eb0,0.7741950609565489
41d6c34577272404,0.3116005001562988
13285c2b73770aa9,0.38656767739918724
1d2b2b68357f4992,0.050784620193810574
5e3172665089f4f1,0.7889653016567678
9f7be9231e3552f7,0.7206752110034386
6e458ab88b4204e1,0.36857455454829635
10739a7eee3e87cc,0.18603938730853392
a326839f328dce7e,0.9506470772116287
2e706184335e4bfb,0.913798061894342
e10da35ed5233e23,0.04103782432010003
85df2a159bcafca0,0.6764457643013442
7e459f89aae58555,0.2775836198812129
c5733fd52fad180c,0.5688183807439826
d78be06de4424dc7,0.07813379180994061
af782e55eeec3b26,0.8130259456080025
a5428b7d3e5eb0a2,0.3392747733666771
8d920a6bdb004f92,0.9670428258830884
f4be0e405024df8e,0.8555829946858394
d5059f8f88290d5d,0.4325570490778368
e368d0170d51ce4b,0.2872022507033448
d8ddb30bad626df3,0.26974054391997504
d1e892e5a070ad3b,0.11428571428571428
8a30b24e45c8dd56,0.423510472022507
7616820e7f2f060c,0.06742419506095654
35bf1de33ef37b4e,0.841366051891216
7fc73341974a9c57,0.7761644263832447
9f5bd41b72cee0ab,0.2080150046889653
44e5daba8a615664,0.8291622381994372
6a29aa78116608ee,0.6453204126289466
74c36fa527d5e914,0.23567364801500473
65e5065a97a00477,0.4955423569865583
2bb9d6b7e64b8108,0.06176305095342294
297129de9133a71a,0.24791497342919666
e6233ca37ff20ae1,0.8184088777743045
e6c230b1db202085,0.8940919037199125
042447db024700a4,0.0854892153798062
5347f880cf1bb93b,0.4309065332916536
f7f2f5d41652f6cc,0.05723351047202251
71ccebe269774017,0.08924351359799938
5d89474915222841,0.2445670522038137
583b0f485ee37a28,0.20100031259768678
cc5a91f4a1b878cf,0.9619693654266956
636604af09feb6f9,0.14277274148171307
9149bfd2414e1f06,0.6472835261019068
69c71a71af3a6a93,0.21544545170365736
5cab1ef744ae1f07,0.5680150046889653
2c01a13c5bd11b48,0.6971803688652706
3dd5148c39f554e1,0.1563207252266333
e55b6c8712632bca,0.42673648015004684
1e70f997f11d309b,0.23904657705532978
0b5140a69c454fd2,0.1739168490153173
bf3433f1790ded45,0.6532291341044077
848bb9f5e15ea664,0.3831072210065646
ddec6d5fb5e1d8e6,0.8029071584870272
483be22ba816efd7,0.16544857768052515
c5e5341d9853e204,0.21345420443888713
21afeb4d02745cb0,0.25932166301969367
214573582fdadc69,0.412144420131291
1584cb670481cd0c,0.7672835261019068
a5b74fec60dff97f,0.9526695842450765
500761048fa68af7,0.5689996874023132
17911ade8f9db4a9,0.6045764301344169
0d5e4ec73265e718,0.9166895904970304
9a23b511d19c5b74,0.4909346670834635
b0a68b6e9b5aa0fc,0.5570647077211629
f2408ea825dab651,0.5095811190997186
c46a0253ce15db70,0.6805970615817445
280ee758ffb1d1f5,0.3718380743982494
f120c6f37766ad60,0.3416598937167865
f0bd6e897436f50f,0.316064395123476
d9838a74cd5c15d2,0.030734604563926224
ef4f4beebb23098c,0.6133729290403251
81e1191f9eeac89d,0.46426070647077217
38a4b85540a1d008,0.21301969365426696
583c98e432bf450e,0.5853516723976242
9319566dff410e11,0.5793466708346358
967a61a65ca3958f,0.12898405751797437
78d063e4b7ce7f7e,0.34482025633010316
d2f8e62df2e4ba25,0.6552235073460456
810d2f780629077a,0.8342138168177555
3515d882b6639805,0.5289027821194123
11e50493155c9e73,0.9684588934041889
4ed708372af004b4,0.8658830884651454
c4e45da34ddf3b44,0.5552797749296656
c8a93dd49c2a92bb,0.8904563926226945
0db19fe44a9a780e,0.08631134729603002
2b3538d47f1c15b4,0.18898718349484211
c3310c72d9734462,0.47460456392622696
14085746773f19af,0.06717411691153485
556db80d967a1693,0.2674710847139731
43fc5ae409f4f500,0.8145201625507971
081a87f22c3b38c2,0.8890747108471397
d375cbc133ed4f4e,0.6279962488277586
5ad546feb694ad21,0.40719287277274147
4f93720827de0ed1,0.43928727727414824
3aa17624d6ff3bda,0.13262894654579555
9242e8dc12c52248,0.629315411065958
6842dfe6284804e1,0.9237480462644575
0d73a6a834744d44,0.43343544857768057
0830204cd861c6bf,0.18298530790872145
66161f0924e78225,0.7566708346358237
496464a4d50db8c5,0.6420537668021258
06324bbe66728955,0.8102750859643638
14f78d4e391911eb,0.12593935604876524
2b82c80f72759096,0.15815567364801503
098ac1d81b9e8c1e,0.8532166301969365
1b76ea6cbf734ce4,0.16263519849953112
0500bc92e5b55537,0.2134260706470772
ac5aed573f280b25,0.22653954360737732
ea03975f1d5baea3,0.2887652391372304
88b17a552fbab232,0.5958143169740545
b8de7af9fcdbf382,0.6946326977180368
1200abef5b424cb7,0.007286652078774617
31b60e9d8cfa862c,0.14973741794310721
893db3bdf6bcd36a,0.6563644889027822
ceb6b035da1d3d7a,0.6638355736167553
4ec436f2d7284b90,0.35179431072210066
8aed9038981199a5,0.31421069084088776
0004c2d09b2a5399,0.5178180681462957
5205db0c297b51cf,0.6663082213191622
fa00a8d5645e29e8,0.17219443576117535
e059a125b2f75271,0.7824757736792748
0a245e9039a475ae,0.5693154110659581
f6dd2588e26ea334,0.6951109721788059
973b401c5b3a29bc,0.6425320412628946
3c3d0acff02d8d77,0.8370115661144107
29614e0f15db6e61,0.54685839324789
59556138531e1193,0.1670053141606752
6864e194fe467f06,0.4525382932166302
92d1a78a0805f085,0.6195311034698343
673c83d5875338f6,0.8544138793372928
97b9da49283296e1,0.059277899343544854
8e266443d27cb222,0.40038449515473584
01740ec6cd7d3fe6,0.7882963426070647
bf22ef3c96b1cf8c,0.09175992497655516
eceff6a46e6bb846,0.29594873397936855
595cd3775c548381,0.2624914035636136
dc88015ad74c395c,0.3238543294779619
1d829ac1fba966c2,0.17718036886527036
7af5a547c0ff87df,0.1763238512035011
42082090188c20fe,0.8700031259768677
f7c6df36a4354bbd,0.3856048765239138
fa583dbce17dca3f,0.5036980306345733
31b430017b021b90,0.8539012191309785
7efc9cb13b2def86,0.8811222256955299
d06fda4e5bcfc129,0.9787933729290402
72cb2bb85767bcac,0.9107533604251328
50f1226e03b9f878,0.23905282900906533
24eed0e6d7789047,0.5207283526101907
d026da38fc55bfdd,0.2775867458580807
47c591c2bae2052d,0.45389496717724287
92966f857e0e8aaf,0.27327914973429196
56b22e07fb9e4c9f,0.9754610815879963
95e7a0024d29a8e8,0.6929821819318536
77413f2ce0fc0b0d,0.4751516098780869
169ad5f354082bda,0.4650828383869959
cb6a3ddb00bb4caf,0.8956642700844013
c1351ef23bdee19f,0.29237261644263834
23e0eeea647bf809,0.45475461081588
52cb9f8084c2979d,0.7330415754923413
7f071403034451bd,0.9002688340106284
64c6b8a675d8d210,0.5242919662394497
25bcfd9c6c4bc119,0.34705220381369173
68234d071437f6c1,0.14496092528915286
cdba54b09ad0a5e0,0.25477649265395436
8b2a453d25a9793d,0.9060425132854016
379b3cf15b5cd618,0.12146295717411693
04f8b3d8fbcd3c09,0.2900656455142232
8db2aa7a87a0b0b0,0.6090528290090652
09904cf5297e4c52,0.4097968115035948
e5d6021439d46003,0.5297561738043137
87a2e4212129d19c,0.9305876836511411
e218c57596992271,0.5506408252578932
18b98da5b42722da,0.4302938418255705
449920a89db3ac7d,0.7361956861519224
9ce041cdc0639315,0.6371397311659893
722f357fdbd5c880,0.5827508596436386
d468cd43dc6a08bd,0.9675429821819319
9700c7a3ef819ef3,0.8795467333541731
b7f1d881f8c72980,0.17777430447014692
b23236c476c94144,0.9666677086589558
18dd1046074e1b37,0.43229446702094404
55f227029ee88bf8,0.27042513285401687
5e3b8e365345db58,0.23940919037199124
d97a5d6269148ed6,0.5957486714598311
ec6dfb974b3c0b88,0.8146577055329791
7ff4153e9bc66bd5,0.7945139105970616
70ade30377aa52d0,0.5928415129728041
e81c74c9a5e64310,0.9027664895279776
27609b892f19ce38,0.1298155673648015
665fe4d9e267c32d,0.8825539231009691
e4efa861a25c36f2,0.8166645826820882
707cf306deb0ca20,0.3424632697718037
53a0fc682407a107,0.7895498593310408
4bd91ec011ba7743,0.02950609565489215
3b7c880189ffdf65,0.5320537668021257
c5f1834657b1d9a8,0.7160581431697406
60a043d7036ea402,0.3566489527977493
d69dc65f9a8e3647,0.612800875273523
c3978282c1335961,0.7130915911222258
248bcc5d97740cb9,0.4246920912785246
ba074101d0551828,0.582553923100969
f22fd6cc76b9eb99,0.03905282900906533
cad3b5acbccd1a75,0.04823382306970928
4e3d749c5d0d8b99,0.6718380743982494
1024028ec93908ac,0.9939574867145984
db5f96700f81e32e,0.7146827133479212
d00456f5c537affe,0.17275398562050642
ae6c9a4ac1923d77,0.21007814942169425
5c4ef0457f9b795e,0.44838386995936225
a36087b510ed1bbe,0.9183244763988748
9700dc3668cb0d40,0.0015004688965301655
e404394c28efb780,0.4584307596123789
0720a1b755cf55ed,0.6093685526727102
035439e10d353f33,0.42352922788371367
53421be12c0c7d0a,0.6810690840887776
c76422f9c7f1c224,0.1317567989996874
ca75e192477ae30e,0.312035010940919
480e9e2f5f6eac7f,0.6368615192247578
b1b0c9414a07e81e,0.07041888090028134
e09f31da0edae6b7,0.27500468896530167
9386dbd09f1eea31,0.4043794935917474
4027ad13f744ab47,0.7753766802125663
dd57f9a9617410f2,0.8693310409502969
53816ae08db4500d,0.4566270709596749
d39479f04b318c0d,0.844632697718037
5223cd189c2850d3,0.3574898405751797
8c0a9ec776187a0a,0.0883619881212879
387c460bf9c82eed,0.6968834010628322
1fd31e1faa118ee6,0.20090653329165367
49fba05cb591b00c,0.09793372929040325
bd80ada68eebd0b9,0.3790340731478587
0e3f686f072a8a0c,0.26926852141294155
84925d826d461c4d,0.6944545170365738
a7badd0bb8ead7cc,0.5265364176305095
e2c838fd32fbb729,0.2987246014379493
3a6cf220f53b4cb4,0.5791497342919663
9dacb79ad9fcf34d,0.45575179743669897
92aa4c1f7f258a86,0.7718787120975305
c85e22a117db207d,0.21339793685526726
c5acfefdb9e64f54,0.34452641450453264
26015640e05a3378,0.1632478899656143
834b3501453f5c5c,0.6159331040950297
42af151534cbcca4,0.3408721475461081
6342222ab4bd07c5,0.9026195686151923
cec95d0eb86b553d,0.4411628633948109
b4129a57f4c5c1ca,0.3644451391059706
8b51d76d9c838743,0.3921100343857455
36d6124fdfb6b5fe,0.41048765239137225
2212f9196bf749b0,0.9584839012191311
fe9345df75362fb9,0.5516880275085965
75774ccf0b19e8bd,0.10107846201938107
026c096720d1702d,0.7543044701469208
6aca91fcef83cdf6,0.4645514223194748
8fc4c42ef85eb9e6,0.9786933416692718
1b64496c26985a3d,0.142691466083151
591d0017ec185df0,0.594945295404814
028968c773b11f62,0.5823476086276962
3a09eb47d1ba4acc,0.003544857768052516
000019235d24a363,0.5965395436073774
ac5122e50d1ce8c3,0.47548608940293835
7d4feba02220abf7,0.005195373554235698
e59a3b16b4a6d416,0.794467020944045
84a820be4f12f7cf,0.17206627070959674
2f535756a73607c7,0.9626789621756799
fe5a15197d453416,0.08533916849015319
dfe7a446a8aeb1c9,0.007186620819005941
0ba28eeeb91393c6,0.37112535167239763
6cbf1767b759c6cd,0.5001688027508597
a6e42b03d097a184,0.790875273522976
da6efa9d56a293d8,0.6914660831509847
20eb958ac40ae3ec,0.16246639574867147
861472b884b8b80b,0.8633291653641764
83313fb5d3e30121,0.2153954360737731
75c00015b88462e9,0.9547170990934668
abad9a6070f32056,0.5449546733354174
dbb0ac574180786c,0.7611253516723975
1ff23956ddb48080,0.9419568615192246
1030748990c873e0,0.4917849327914973
3b392b51ebbe98a8,0.8786183182244451
9bd3ce96b5220545,0.37794623319787435
e80afbedc991fe85,0.963494842138168
b892e30bd65f1cf7,0.12179743669896842
45be6aeb64cd6e75,0.3127883713660519
10b2dab220d2112a,0.7587308533916849
397e2c46ae990a0c,0.5121287902469522
19d3b02c14e869e0,0.26160675211003437
cd4dc389be000277,0.838618318224445
fddeaaa21cf9f333,0.38404188809002815
c73cf810b1eec5b7,0.14666770865895593
2d89c6930c494b36,0.5975992497655518
731c1ccc4e036603,0.13660831509846827
a9448f44773fe67d,0.6300187558612067
89d7d09573e87744,0.8795404814004376
09a1c2b53c31bc10,0.7175429821819318
6c6319f9764e8514,0.9621319162238199
f56bb1ad09aacd4d,0.7397561738043138
a49d99323a265849,0.10018755861206625
3ee9be6434e0e715,0.6502250703344795
875debef7413e1cb,0.4357517974366989
a2d775ceeadd24c4,0.8838480775242263
18c8aaea7c834671,0.950425132854017
df0c46251bada9cd,0.7002907158487026
aab9add2fbc56aa9,0.2595123476086277
a6fc3e9da5c8e555,0.1195342294467021
f637661db81b90bf,0.9510096905282901
33f67c649066e956,0.2310315723663645
86c73cb2d30683cb,0.6161988121287902
b5c00f8557fcf692,0.2982181931853704
a2c9a8f18d345227,0.7694029384182557
5ec5cdcb7ea71186,0.48665520475148494
0f3e463f9177f7f5,0.8285714285714286
4e7f08dff5d4d708,0.5415911222256955
3bf84009bb5fc3d5,0.902500781494217
51395fde52e82c96,0.7672835261019069
11111626d4279259,0.4546952172553923
ae179d72addf4dc6,0.21792747733666776
e88ef89c0abd640c,0.1756611441075336
c514af589b1c5c49,0.12868083776180053
ff07eef5fb056c81,0.8425007814942169
96fcc4e5d6f59237,0.9547639887464833
28c21a0768568fe3,0.7727977492966552
73627db8491905c4,0.3612066270709597
99467bd1e0347c4f,0.0066051891216005
f68ba1afefa7c356,0.8690465770553297
f2dc825ecdbac412,0.17852453891841197
4aba146c1a03941e,0.23800250078149424
80d5d6de30bce75a,0.5366708346358237
07139bc3c4fbcf8e,0.8754985933104096
e20fe10aec859d4a,0.9619912472647703
7ede37b476b9198b,0.5217567989996874
13f259dd7b600fe1,0.2740481400437637
351f432cde665f41,0.1652485151609878
a0721905432fac03,0.9659456080025007
c64298a4451fa34e,0.530137542982182
4498869b991b879d,0.7380243826195687
17636075cadd05b7,0.5571522350734605
f1a1bbb6f878a877,0.4607564864020006
0eb6903ad4fa3f90,0.5714410753360425
3188bea8d6f5b35b,0.7241356673960613
c4c409536eb6c51a,0.15068458893404185
d280dab3667294dd,0.6381681775554862
52c6f5f136513403,0.4038074398249453
5090d67fa1877997,0.18821506720850265
16b61b14def64393,0.6207064707721164
baafe2fb18314839,0.09054391997499217
4dd870bba94a4e61,0.377855579868709
09dc62cfe943169d,0.056301969365426696
c479d440fcf7aa16,0.7385745545482963
8afc03aa50ceaa11,0.7892591434823384
edde45a77638faf8,0.012850890903407314
6d7692d9c32c3019,0.4290653329165365
5732b6767099399b,0.3539137230384495
17d91b5e97f3116f,0.1841856830259456
0d8f39533be9f182,0.8313347921225385
fde5949373183adb,0.9047796186308222
958e0e17661293ac,0.9722100656455143
c5216e7c4a482059,0.10877149109096593
903c649790deba31,0.06596123788683964
4a0069fc3386e06c,0.5655392310096905
a8ed067c70e68299,0.8548202563301031
2739c45027efcd82,0.47995623632385115
9cebb6633780881d,0.949140356361363
61795ee62a8075d9,0.2947045951859957
58f2b934b0d49345,0.8033322913410441
dae79d85843b121b,0.010487652391372304
2a1568df2de08c44,0.6433010315723662
ee4fd2a6e3a78dff,0.5605626758361988
b757cce25b9c26a4,0.2240262582056893
66ff45cad74a6679,0.37856517661769307
b0017bdcd541c6d4,0.19321037824320103
a3f277c9b5c91e67,0.3335479837449203
a5cf1cd034f1cbe7,0.8520537668021255
68c1e518bbf4e77b,0.031747421069084084
39bc60ddd2106538,0.5691778680837761
6efa72d0df99c34d,0.8151859956236325
ba7209f117ae9238,0.8512378868396373
7c5bee138819f339,0.4889465457955611
0a18482d62e5cb36,0.5752328852766488
8e35efabb244500d,0.23612066270709597
43a9275d59ca040c,0.78002813379181
481df5704a84657c,0.06457330415754924
4d8d82c65a5b6227,0.3328133791809941
f93eec03effd7d38,0.9671397311659895
3ffdcb2a25a0754d,0.6443201000312597
95109279ae9a6a9e,0.7263801187871209
d6ee9c0efd68efce,0.4608565176617693
74c4894e7bd0708d,0.6310472022507033
d33fec8f45769c79,0.4861581744295092
8fa4532d6a6caae1,0.1263894967177243
3dff5467e3be88a2,0.7144576430134416
fc6d9a8363c4609c,0.18536417630509533
c9cec12908a9bfc4,0.3499374804626445
a971fe519809a939,0.37075023444826505
5ef5d379d20d65e1,0.49400437636761485
e3fb799669853199,0.7834417005314162
6f8c415e8466353c,0.4668552672710222
6a84824f0fe20d4b,0.2718537042825883
8cfc43e4b7c26f14,0.27589871834948426
de7c6a12dea21dcb,0.7936824007502343
d478e64abc5e2623,0.6354298218193185
437101bfe8957347,0.4767396061269147
6e285e3b9740ddd7,0.6555236011253516
c3ad227a535c2fe2,0.9794154423257269
8f43b3a85065f086,0.8057392935292278
90aa3a900822f96a,0.5926789621756798
c9000a6868faa0ce,0.8338230697092841
32a000ae2024ab05,0.16641763050953423
c4605d1a5e5e5f5a,0.7176867771178493
892acb659d8cf3f0,0.3564113785557987
c69855f3bb4ca032,0.06396061269146609
edf73aedf6b35217,0.30007814942169425
8877ec8e52d1ecc5,0.13577367927477335
fa3630178cfa8ffa,0.14611128477649263
9f5f7129d1af2116,0.5929352922788371
5e7e17e9ef20547d,0.7558674585808065
a0bb691eee0adcbc,0.025173491716161303
47aa950ec1d03709,0.3387339793685527
89b3fd466c092666,0.039812441387933724
f58ae0404d156690,0.15217880587683646
766c4ba6be3c0785,0.6656298843388558
eb2e4b71d64f3173,0.9382338230697093
4912ee4332177555,0.7201344170053142
2bef19c70fa1eb95,0.1972991559862457
c6686c6fb6297feb,0.9257986870897155
67508ac580fa166b,0.7131103469834323
ff311f69cd822985,0.2794685839324789
bfff1dc879c76509,0.564195060956549
3d1fb3f5ce631cd6,0.8794529540481401
cc268338bd6cf9ca,0.602457017818068
d5798960a3e8183a,0.44044701469209124
11d573b74ae9ba82,0.7390497030321975
8c8705f908dede75,0.8881244138793373
ed2bfbed36ac2b84,0.591884964051266
89361517fc2f10d5,0.8444982807127228
1626bf6a9e33402d,0.6635042200687714
549de17e617d4cb1,0.12879024695217256
241acccc8c4c5c98,0.6611441075336043
ea3cd2074cfdd18b,0.003291653641763051
3482477cef332442,0.6043326039387309
4f0e6d903964496b,0.15446389496717725
55f5ac50a1704cc5,0.3437042825883088
2754a911af5ae6ac,0.11474835886214443
f2e293367584282c,0.9431947483588622
2efb3cb92bcc9b98,0.020334479524851515
5896699316dc3ab8,0.4300468896530165
2d0483ceb9c643bb,0.541653641763051
efc8974e6723a58f,0.3587527352297593
a6a0006f726c94b1,0.9390403251015943
6f5c59612f3c92fc,0.9924570178180682
c78209036cd357a4,0.9823069709284151
db9a3030e417457d,0.09781806814629572
99988b482a1d195f,0.8040825257893092
52e13ab6586efd97,0.8483932478899656
3e8fbcc54eca7fca,0.40522038136917793
5bd1113a10668c30,0.17959049703032195
4bef48512ade85b6,0.28804626445764303
2882464c483cd0f8,0.18097530478274465
079b1ed9350bf75b,0.45276961550484524
7063caa968c586c4,0.22743357299155986
ec19c34addb8624f,0.45206314473272896
8cbafbdb15a9de28,0.2129165364176305
a38115fdbf75c1c5,0.7410253204126288
6d8390c7927568de,0.25723351047202253
00981f14236ef71d,0.7602313222882151
12f84fa2b4c572e1,0.0577211628633948
ca5bb700586628a5,0.11943732416380119
4a7058a9b89ae975,0.21001562988433883
878bc0b3326ea889,0.09719599874960926
57f748e3454293d9,0.5857674273210378
07949795ad3e2e93,0.7066051891216005
8cfaf8d91ea4f1c0,0.2825007814942169
0973b331fb200feb,0.9969334166927165
fe33cc8c6e5126c9,0.1804657705532979
95338421b02d6100,0.78631134729603
6d14e413603d239b,0.8288902782119413
8dd0a5354bcc36ad,0.8140950296967803
73e26e96853b1101,0.13707095967489843
1d9173dbd30bfa8b,0.9840825257893093
b8164626d047cbb3,0.5629946858393248
0fb7907993c4b37f,0.9595185995623631
59ee8f98bf511a26,0.6514535792435135
0c3008cd7e493e83,0.8608033760550172
ca16172c325cea2f,0.12557674273210379
2bca85f81b167432,0.8519506095654893
22fee0166c140a09,0.8615411065958114
e2724c0840a5145f,0.5252891528602689
f36672a2c0e1cfac,0.0036980306345733033
1fb583d94ee99482,0.8078399499843701
02f264a344c830ab,0.6761300406376992
4da6645d6969cd52,0.15463269771803687
44dc081e8f45104c,0.6070303219756173
2c2b2f0c44e4f0d6,0.36017818068146296
36b10927a5ef8124,0.9121475461081586
c1aaa1a11b02c7a6,0.2748421381681775
052a4c4d54a4bc92,0.8027633635511097
d52322d3a4091590,0.24166301969365428
836f3b0ea82976dd,0.4520725226633323
76fb069dc8449b55,0.6466958424507661
9c73e1140fc59c02,0.2534823382306971
ae6c780a01769bbd,0.403988746483276
ef3be0cbdd14848e,0.17991559862457018
3599f0b9c0feb095,0.014079399812441386
88664205bb714f9a,0.13372616442638324
b978ad9fbc2debb9,0.6267802438261957
c82c9b618c165d10,0.4078336980306346
0b15c07bf352553a,0.9037542982181933
7891a28610913711,0.5341262894654579
ad4639fd4e49662d,0.04705220381369178
08bf7df7a564e646,0.20798999687402311
7ed362e9d16716d9,0.19562675836198812
0ad5b72ef7c0ed2b,0.5013472960300094
511e654ff2a5008d,0.3459080962800875
c2cd9bde4b5e7a21,0.7140668959049703
5b3e02e26bec5e7b,0.9028321350422006
89c64c8f9efcecb3,0.634016880275086
a8f6c6e3e62d6b71,0.22185995623632385
019cc0b8962f5cc0,0.7396936542669583
bc4e4242db6ccd37,0.018343232260081277
3fff2ee4dbde3d85,0.5399030947170991
dc37fcbe553235d5,0.30276648952797747
3bd0b86bbb97a337,0.36042200687714915
4992d9bc07447302,0.16305407939981242
bfdf1c0f0ba7cdac,0.9268083776180056
a6ab2d1d53fe912a,0.06547358549546733
1891df3302c7b348,0.04432322600812754
b9959e103e10b920,0.43433260393873085
0ef3c10f8c9072d3,0.5647264770240701
a10619d97fb76c2d,0.10004063769928101
0863a38392b70b67,0.38448577680525164
60b64acaf466a536,0.714876523913723
12e3e5d6d9c41e98,0.7861206627070961
9523154e7d045c29,0.7450515786183183
c75a93ff5b4249af,0.23599874960925288
254953a015ac6eeb,0.8853923100969053
800fca2f6db1274a,0.11921537980618944
495cb7b810650027,0.12401062832135043
32f2ab9bccd62523,0.3883432322600813
710c1a24eaeead5b,0.2639887464832761
bc05e8a0b1a36967,0.5514629571741169
7f9c858cee39c32f,0.49508283838699596
d943890ab2a0dabc,0.5973022819631134
e8365a58644b452e,0.6481587996248828
8b6555b1e2375ec2,0.7196811503594873
2d05b7a2752c3cd7,0.43747421069084086
cae674aba0ce36bd,0.7233698030634573
ded2185f98f5d222,0.9249140356361365
5aa4335a084d6172,0.5498843388558926
ea84e8283949a22b,0.7302313222882152
e05b38abdcb5ba20,0.0729603000937793
1a8232cb16668217,0.10632385120350109
964453e5682c98dc,0.3273835573616755
6220fee3bc1e75ff,0.8975398562050642
44c74ce2f7dfda22,0.8775461081587996
0e420abbb67f6653,0.9861175367302283
381d753868abf15f,0.18148796498905903
c90e0c45f7fc22d0,0.05410440762738356
28cc75a35f51a8f5,0.7709377930603314
3ec9f6c06061e5fe,0.8743513597999375
b014ddae55b634f3,0.1722444513910597
90879b42c1e54236,0.7446014379493592
7e62b4fce61bbae5,0.5560643951234762
6e384e2ddbb3399a,0.341284776492654
6f07849a73f44a97,0.9699656142544544
f48a2f5d095509de,0.5500156298843388
ba999a22ce5b3fa3,0.9849140356361361
ba9181802cbd9401,0.8513004063769928
bd73bd26225890fa,0.27251953735542356
64c38fe6742e3036,0.09718974679587372
df243043992dea1a,0.537446076899031
0119114d3ccf9eba,0.9135636136292591
f21453041c1dbfb2,0.8609346670834636
65850a53164c135e,0.20453579243513598
48527244bf10d792,0.4996092528915285
cd4848b0c5d09b82,0.37618943419818696
d29250c293d24f3b,0.7655986245701782
8e49853ead7a7782,0.30783682400750234
c4468c09563855e0,0.3051078462019381
06fbbe29034b7d22,0.010590809628008754
85f4de85a28f72e5,0.8253422944670209
61a2fd323396df30,0.20357611753673022
57131a5c1fd27b0a,0.5551047202250703
97148caf47baee80,0.7302375742419507
bc00a7f9820c18b9,0.1433385432947796
0774fb3a81023543,0.44610190684588935
26fce92bc23cb74d,0.6556705220381369
c97cd71a9a738f03,0.41085026570803385
e241738a2d4f1fbd,0.8094560800250079
da7df03e550c90ab,0.3279431072210066
35c07da89ceda890,0.7840543919974993
5cf499e1908cd296,0.4475211003438574
d8e67e20d907c472,0.3801156611441075
f3135343f9e7c1fc,0.950303219756174
35e24477ff3e4121,0.45880275085964367
ad3c1d21283a66e7,0.6372741481713036
fa88a2d04837aa67,0.685082838386996
3d8cc5538995bbb1,0.04883401062832135
2cd57b0959ffa8b8,0.30648327602375747
abf05406b1a91bf6,0.9949890590809629
0f7b3fdc5d781296,0.9027102219443576
03365bdfcc4be998,0.4017036573929353
b46302fe840c3d5c,0.5662050640825258
b1f966468fc49840,0.4329477961863082
6adafe7e6a6e6865,0.9609190371991247
e92c7a5333472aa1,0.6844982807127227
7eabeacacbf8b37c,0.5899812441387934
655d9a938cd682a0,0.9921663019693654
a26607cfecac0d77,0.4457736792747734
8d29e784c2fbc4ca,0.8729009065332918
0552a72825b82f4f,0.37115973741794306
8db26f10038d6705,0.2900062519537355
0eb4f40d8b4a0e29,0.3453891841200375
a1caff7700882d18,0.5622757111597375
ee70a37197156928,0.24661456705220383
6de1b2f62b6369e2,0.922585182869647
9c2d074867b45c86,0.3113097843075962
36c975ccff63cd9a,0.7008690215692404
eac85b26c054de88,0.6796811503594873
318d374ee2d57a71,0.4832572678962175
ea743176167975bc,0.5349984370115661
3ab9fd28956b4c1d,0.18547671147233513
478582ec139d868b,0.6789090340731478
fb9d44e71840eb0a,0.1309534229446702
bd4fd0a37b2b9312,0.5836761487964989
5dffe03302a0fce9,0.9710815879962488
d94e1f4138ee9631,0.4184995311034699
298ced22f474a1c7,0.4437355423569866
0268d1d90c8858ff,0.47556736480150047
84cf6eb7514ea305,0.21826195686151922
95d0de11255bad7e,0.1035042200687715
9df308f6f0758e94,0.7316567677399187
b0fb6fef1f3a5762,0.5231697405439198
3fe46d292459737f,0.015501719287277275
6bf62b52eaee324d,0.11216630196936543
8b6a50f8f0d1474f,0.7739699906220694
89833118f346eb37,0.23393247889965613
48fd781830adf147,0.9732541419193499
209845b666a00820,0.20794310722100653
f23faebe09506cb7,0.7738074398249453
5f9584bc58bae0e2,0.13216942794623318
a08d713f9ab75910,0.516777117849328
5c4f577995e30921,0.8438324476398876
db21d37dde61a7e5,0.4136917786808378
d22dc3977ccf9208,0.3804345107846202
d0fab5e12cd60c77,0.05266333229134104
5293676c6774f75b,0.18667396061269143
d3ae1f0b7031a78a,0.14051891216005002
bf57f1265cfe2fc2,0.427077211628634
468b54d83b570a50,0.2673835573616755
134c07b69f25f030,0.5081431697405439
2cfa14158d7d3661,0.5119287277274149
a87b1a98b2c48b05,0.2757799312285089
c0bed62168e9892d,0.5622100656455142
fc44e0d5137363f1,0.11125664270084398
1247308f81ebf41c,0.018743357299155987
083caac4b6cb4eba,0.6910784620193812
a9d470ae3ce0af34,0.018524538918412006
935c423d001e7dda,0.23119099718662078
d096b8795c71a6e2,0.8856517661769303
2acc0dd1e03e59b3,0.3451015942482026
bdba30d6e4c5095a,0.426380118787121
57b0ac86659a9329,0.4578149421694279
23d831dd1ba487be,0.11488590184432636
628b14a47b392334,0.630887777430447
76a400c7177ea365,0.3381400437636761
86ab9bf8f20612b3,0.5395998749609254
fb26e948e7444ee8,0.6447452328852765
367ec7e6bfbfc6a1,0.942829009065333
efb297fa666f7cca,0.8151766176930292
0a0f715a63ed4738,0.47021569240387623
00b759c30fbbcbd4,0.8897655517349171
4c133deea22458f5,0.9232979055954985
b354cc89789a3136,0.5545264145045327
f3595bdad2050118,0.22245701781806812
2171a4f574746f33,0.5068177555486091
ce89301fff62a739,0.19729290403251015
f4786178a6026169,0.36507346045639255
e1db1fa3be2d2bde,0.5388152547671148
05b896a0d6b00e98,0.001
89658e4ea0b49c47,0.9181462957174118
db78c841ae5796ca,0.33524226320725226
6af4698b636d1c84,0.2822632072522664
be3f82b0567a0962,0.17341044076273832
1dbeb642447425a9,0.08124413879337292
eec325cdb9dc0154,0.6173804313848078
cab58c1297ee8294,0.4399437324163801
97e9bafef493dc0c,0.30307908721475463
c738edb5352110f8,0.38338230697092845
fe298587b58a6ac7,0.9176992810253204
b01b2bff457f7030,0.2980525164113786
599065c0cda14c65,0.7712535167239762
feb91e47c3d327b0,0.34027195998749604
1b0d5c427077f7e9,0.4363551109721787
6c1338d0338c0bca,0.8016849015317288
aec29f6d68d9e001,0.047080337605501725
c6567adae6722bc2,0.5954704595185996
c6e04efe9811e16f,0.18949359174742106
eb86688c957ec913,0.4189121600500157
a450a6576dc20dbd,0.5603751172241325
b700f2322066f731,0.9032572678962176
a4302475b7326abd,0.7929728040012505
af5f8038b513a4c1,0.345983119724914
0d73ab8c4cb1fa9d,0.8621819318537042
8ca59ee3a85773df,0.2690215692403876
e3f7ceafab0856f5,0.22473585495467335
2445f30cdcdf58f8,0.6942544545170366
23b0f57c015407cb,0.20030009377930602
2750f1a3f3525b16,0.059928102532041255
4d1502e6806c5f5f,0.4595060956548922
9cd2cc7d553443cf,0.38105345420443887
5e314b952cc18869,0.4404188809002813
e8851ddb49233587,0.8526695842450766
6339c240bbb14c01,0.25312285089090336
196ca6bac51b24e0,0.7870584557674274
ff664b7817ef187d,0.04111597374179431
1f50f2cb8e01a9d2,0.5796155048452643
f655a99b43cc6c6f,0.09427321037824321
2dc6d88fd87d67db,0.573482338230697
b61c9fd4a46a6bff,0.029052829009065327
478a862e9bd10007,0.4672178805876836
0b9c9bb9e3bd1c5c,0.17061894341981867
8ba72175f80e2cb8,0.4109596748984058
80bd1c42bca86409,0.48317911847452333
ee7025a20728385f,0.36684901531728664
a94a734822cd1066,0.46134417005314166
9e445d829547acdf,0.5694123163488591
d08fa8b4d19b0300,0.85642388246327
8ef8adecee83165a,0.7083057205376679
476933f8311d441a,0.7106720850265706
fd9f323abdfccd58,0.36276336355110966
fde943f5062e49d2,0.7632041262894654
32e1723a53483290,0.44092528915286033
3189ae9ce5829fb1,0.9074460768990309
a691ae869c7c7c20,0.8762019381056579
aec6a61870dceefa,0.4009440450140669
301339e42c2fd935,0.4661581744295092
33bdb599f03ad3cc,0.061447327289778045
ef958079692354ec,0.9911190997186621
6b9de167c2e2a382,0.535464207564864
81a3aaebe87a402c,0.27180994060643954
78734bb73a549d35,0.5918537042825882
801a31247ebc0426,0.40369803063457327
703c72ed057e80ad,0.7457768052516411
d512ce41ff14126d,0.12441075336042515
b14adfc6f2de5274,0.6138699593623007
3ffc252e11d8a5c7,0.308974679587371
dd94c4e414636803,0.3690465770553298
089a1dca65e44b84,0.49813691778680835
95e32e732db3ccdb,0.39381056580181306
aca38e8f736ef297,0.035736167552360115
78b2b40abd748fc2,0.5563769928102532
2595c73b081498d2,0.08165989371678649
4821901eb98463cf,0.6412941544232572
81f36fdaf2813666,0.17952485151609876
1e80444ce87788eb,0.6740981556736481
47c976d0b2db324a,0.022685214129415442
76e7956f7212a4d7,0.18406376992810253
2f42d37419bdab8f,0.9606783369803064
460717034c7c127a,0.6781931853704283
f46b154a36f88b49,0.6527696155048452
af4a2f1334861acc,0.9759112222569553
cf562fd6a1ec6763,0.49992185057830574
a58fda4597ded16e,0.3822381994373242
7c5b545797c724f6,0.8650734604563927
cd2d2cade053f8e7,0.6787402313222882
0d42478d5f847ddc,0.09785870584557674
fcdbc1ca107a390e,0.8323319787433572
4a6cd78198d5a5ce,0.7510753360425133
13c39c2f8d3cd810,0.06569865582994686
c79d8a5d80e7f04c,0.06318224445139106
51a701717aef4136,0.9258424507658645
4e8d630667c21f23,0.45817442950922166
9b8e9dc382061f91,0.31697405439199755
fddd94710360c28b,0.4203594873397937
2c33fa5f3f2d5e24,0.10626133166614568
3ca87064dc34dde6,0.6961394185683026
c9d8edd3fb7bf971,0.4855892466395748
d582a1a34b5b977c,0.9413941856830259
2fd593bbcde3caa3,0.8954454517036574
d2f2308d5fd09adb,0.1814535792435136
dc6fdbb3f28f8f2f,0.7064676461394186
ba8e32a15085aa3a,0.6593279149734292
3ecab659633b8be1,0.8045232885276647
80f14a6b7deb5266,0.3655798687089715
6809016a071b3b5e,0.7495029696780245
d26156516af475ee,0.3467271022194436
7946e76f5438edcc,0.7339762425758048
b11ee2ead8527494,0.7784370115661146
03e49d963acfe851,0.30671772428884025
4a3e2db752cc071f,0.9508377618005627
6e5157888073a37b,0.7796123788683964
1f7bd653103f1863,0.6149546733354172
5cc0f066c9d8a28c,0.692416380118787
61240fe8a4dc9a2d,0.34160050015629884
ab6cae9885409088,0.9557611753673023
c4e40432b0ffcfda,0.8930822131916224
1f7fbe6992fe8f33,0.4764488902782119
94953e6bc4d48c7a,0.5370365739293529
e1f4fd779b279dca,0.8324070021881839
38ccb655faf1cbcc,0.2995123476086277
dcc976ac3a08e676,0.07593935604876524
8a586d58683ab8fd,0.8522975929978119
9d1f98568599273a,0.150587683651141
f5a4bf16401623fa,0.8234635823694906
42c6f25951f7db7b,0.3262988433885589
673b99f498fb7880,0.488046264457643
e4f2c6820273bf2b,0.9419349796811503
8e7d37f34a1f3efa,0.8810378243201
ec4bdd78abd81c4d,0.5920537668021258
a15343296b9f6f42,0.7543826195686152
dd76563555eb67b5,0.855520475148484
3ce8de8291ffa6a6,0.8770553297905594
1d036919bb298ab6,0.3068646452016255
9579b233e83fe284,0.19142231947483587
be5c561435858f1c,0.9650890903407314
5cf1d9bf22b73559,0.8536667708658956
d5e3e7616edfb5bc,0.1986433260393873
ad00da3aa56f4d7b,0.20273835573616755
0ccceb1154debc59,0.6927070959674899
8e2c8545bf82cc60,0.7872585182869646
d62e1e8938e1c97a,0.9352954048140044
a8dc86e602a746d3,0.9944388871522349
c4329a7f54415286,0.3989184120037511
04ec4184a6a2f40e,0.7383713660518912
a8874aa6ff7ddd20,0.2721412941544233
c9a607048a5bc5dc,0.8571772428884026
002c27108f6666f6,0.40227883713660517
e4f6a20915cb1601,0.29245389184120035
bb014c28cd6924bc,0.5713597999374805
196e2f507f594bbd,0.3618818380743982
9f1be9fcf021fb5b,0.29185370428258833
9391d5f366da4c40,0.7374273210378243
3453a5ca3d904777,0.3321788058768365
686ba22e52de9068,0.4459424820256329
3553eafc050e9c0b,0.5587214754610816
edab086e1fc56c68,0.9037324163801187
d79a009be9287b82,0.5067020944045013
b86e1b1f8503684e,0.8033948108783995
9ad70763cc07c36c,0.9243919974992185
419885390abac7a1,0.06337292904032511
70bb28465e350bba,0.9046108158799625
d2fe3be15c7a040c,0.8547358549546734
df051580b1fd88ae,0.32601125351672394
799dbb3bc5de0bff,0.640600187558612
c18575ea64f02a42,0.8865989371678649
bc265e458d29169e,0.8914598311972491
d59c94219a63b100,0.8583307283526102
0b79c6776df906c4,0.6060425132854016
1bbd089c39955fe1,0.394685839324789
e07ee63645347087,0.5777492966552048
6795923abfe3b196,0.9339137230384494
f23bdf1e94c91124,0.32279774929665517
a1fbaeecebb55865,0.08331666145670522
bc95d3915a49249a,0.5348890278211942
c565efbb2d18144b,0.8243638637074086
321866d63b3b1b00,0.6816786495779933
50ef5d8288aabf7e,0.3047421069084089
3948549457628975,0.7814817130353235
b958074c10bc601c,0.3708002500781494
f075bd7b8efbf058,0.5222194435761176
f05a42508ffff350,0.8582682088152547
3c1c900935bc3285,0.13927789934354487
cba59c1afecb3734,0.513279149734292
013e1691ae9f7898,0.13287589871834948
ff4fafab1f01bf0d,0.7089871834948421
16a52132c026c176,0.1958768365114098
7e6dc3264a60f3c6,0.1981494216942795
fde7be20171bb23d,0.05723038449515473
4709ae8a61f423da,0.5783119724914035
f2f7edc4fdecd842,0.02751797436698969
81421fdc47bf7d1e,0.6114442013129103
e130b6363bcbe974,0.27083150984682713
8b5dc994eb4224ef,0.34624570178180675
ced09e40d6cdb2ec,0.29576117536730234
b65873d2d6509482,0.3453422944670209
d663eee7b55b1c09,0.3422850890903408
e8ac634318c1c070,0.7324413879337293
9861a481912689da,0.3299562363238512
c170f4b630a3b239,0.9946295717411691
31f66aa5ebaf2ad8,0.8299406064395123
31bc47bb1448c433,0.19730853391684902
79eacc58c9cd0f29,0.9462894654579557
32cb3b1b23ea545b,0.4301750547045952
89357b6904f7d6ab,0.45480775242263205
0d9d1cf89bcda082,0.6894373241638012
7c15e3fb5080a6af,0.3068427633635511
a8580d9f4b1f100b,0.9717192872772741
ba1c0d81b8bfcda3,0.46471084713973115
d5c76d632f469288,0.928621444201313
4faeee72bb8b4acc,0.37768052516411377
10875f7f7d53acdc,0.2843732416380119
3fb5a4da63283ba6,0.865339168490153
6551e600570cb09a,0.8118755861206627
6b4949612595764e,0.3784401375429822
d45b6491898d0fdc,0.3224226320725227
0c40fcc6d696a66c,0.40292278837136597
74607a92b5ef932a,0.2391403563613629
e7bf586ef35ff70a,0.3067239762425758
65e0da070f27aa66,0.08959362300718976
38a09fd79a425aac,0.48911534854642075
aed136202b0b58d4,0.355382932166302
5f5b7b68b01d1299,0.9971115973741793
cc5db835afffd307,0.3604032510159425
d8842b37f5416b48,0.5734854642075649
d8aee4335af252d3,0.2875898718349485
00494862dd9b9e04,0.5754704595185997
95d5441c82b1c46c,0.982716473898093
c6e492bd428631d5,0.4428790246952172
598200ada2678880,0.9240075023444828
8094f4dc74add0aa,0.2487277274148171
6831a0024a1dd23a,0.08442638324476398
d56926e610462f66,0.35911847452328854
bbe39148bfc2e434,0.7422163175992497
1a07a83f589de802,0.5828290090653329
8210d5a233d3d65f,0.02472960300093779
ef4e598f566c9558,0.453129102844639
c02b919584ea5cd9,0.24329790559549855
68bc1f08eb5258a7,0.921544232572679
d57a9ae04f68912b,0.6376930290715848
fa41a48959374ae3,0.23725226633322913
5e725dcb74b4e75e,0.2236792747733667
121dbf76a9cf73a8,0.8444357611753672
a2383e552a5f2313,0.1818130665833073
378738808b201e0f,0.24251953735542361
9642ee1e267eee82,0.5869115348546421
e55cdf82fcc57177,0.48973429196623947
2103c3d1e5063e3d,0.23160675211003434
02004dc8e2729e0a,0.3695342294467021
95ae4af4bade5009,0.37770865895592376
8a4e103c92d62a5e,0.8123288527664895
c4414b2ee31b7e94,0.5062519537355423
0866387e16259486,0.669753047827446
f0b7e616767a0197,0.4223163488590185
a86d2f80a3468f5f,0.3920006251953735
691f9a97e9645bce,0.1064770240700219
2f2e7662f26d0933,0.2743451078462019
72cbdcef4a6b4f07,0.8314754610815879
3ca15eac9b7ce8d7,0.8592685214129416
d9f713c872a26c76,0.598074398249453
38c5cae3c23f24a9,0.2690622069396687
80e12c9a6e625e7a,0.8438512035010941
78211c4fb5585628,0.8669709284151297
59e71eb2f5c7c432,0.8104563926226948
b7abc4b3e6ff0e3c,0.074576430134417
42eaa77ee15f2ca3,0.03596123788683963
bb8ed5a0931148f7,0.13369177868083776
2ca7468532706e2e,0.08767427321037824
98791c70677eb76c,0.7230790872147546
e7ec6ff3f296ed38,0.3343138480775243
7845f67130f900d3,0.6909315411065958
fcec4d0ce44eda40,0.6017224132541419
0ac91fd23085433d,0.7383557361675523
ff61891d90f930cb,0.3726008127539856
41fb4a2210a6066c,0.7729415442325727
4c7ebaf834966e32,0.13921537980618945
81aef88d712fdd5b,0.6215254767114724
36b0ae34db90ecd7,0.8996623944982808
72fff2ad28f42426,0.5926602063144732
717207649c078f67,0.15718662081900595
925d6e357d7ec158,0.7010128165051578
effe2d48627efbe4,0.5411034698343231
0577c43390d4bf43,0.9971897467958739
546cd9bb6f2ba820,0.434835886214442
8a47c92c6443e7e9,0.8809190371991249
bc9467bdc8642922,0.45382306970928415
af91160b63f1bc90,0.8589778055642387
464ea9bea5384944,0.6444763988746484
b838b4792a3c540a,0.6418443263519851
11fd6e717c95ce29,0.7777524226320726
b1e2e5a1c0f42f8f,0.5633041575492341
222e74272be1ccd2,0.3603407314785871
21a85a0b474e45d8,0.39969678024382616
5c5c76ce21ac9a03,0.18117224132541415
98c3f3c5243d4fc6,0.2544232572678963
745be7354fe05a2c,0.09022194435761177
ebf17df229daa6aa,0.37648640200062516
14929f1035ed296c,0.8938543294779618
af1bc354186d653b,0.0781369177868084
88e44f6549d78a5c,0.3439199749921851
1a5119861af7675c,0.3356392622694593
4675a1f396e095ac,0.8296217567989999
306fd63061172f24,0.012350734604563927
68fb9067ffff02de,0.8580150046889653
93665736b22ae558,0.37751172241325415
2f3252e131fb28c1,0.6976430134417007
a90bb7ef537f3ccc,0.6454954673335418
f8c47e6a1ab0bf1f,0.5431134729603002
7f335ac0ff549013,0.1148827758674586
e9c7c37b6584e68a,0.2425070334479525
e2f8c99b54c930c0,0.045101594248202564
4f0ffae34b450b85,0.6499906220693967
94e27d2dbdf9010f,0.886448890278212
db05b31fda1c2b1b,0.5817224132541419
af64ad7d713d5a93,0.4987183494842137
4d1462da71b0efa9,0.306899030947171
04fbab7984c52c30,0.7755673648015005
c01a62e78e6d8a2c,0.7774804626445765
74f8579fc40b2d7b,0.1968552672710222
0eb2d3b71cf2b61a,0.6850359487339794
57788504ce4c82b2,0.6444826508283839
9e7dfd444a9f30e7,0.5069928102532041
0cd8b38e5a4b74cf,0.4167052203813692
e8c1c982ff8a6704,0.40869959362300723
36bfe943ee63fe65,0.3874960925289153
998d9f62a717ccd1,0.11187246014379496
8069d4397377adbc,0.19135042200687716
ba8f312910226da5,0.8386339481087842
37faa0207a18eb20,0.8573304157549233
c16962d752780184,0.9393841825570491
f1d62e28f903e96c,0.5811441075336042
8cab416d1f2bc624,0.8075961237886841
b791af74c95ffa06,0.9304782744607689
05b113e465a98080,0.427649265395436
b17d9630e851487a,0.46536730228196305
92981268f9d56f38,0.7786527039699906
76775e095989aebc,0.05593935604876524
a07f4266c4b1cb5a,0.17470146920912782
7b5b1f94772d1b60,0.23018130665833075
4f8ef604a40bca4d,0.35610503282275713
673f3a4c0bd90267,0.1970959674898406
58139d3ae9373ae0,0.7736042513285402
c24d1452d22e8db4,0.6280650203188496
441d9763fdc1b0df,0.8838011878712098
d2987a3199c1109d,0.7747514848390122
cab99a91ac2562ca,0.6521100343857456
df1222f0cc1e08bf,0.5419474835886214
bdb610f14d1f9c0a,0.08122850890903408
d63652d83092f4cc,0.13345420443888714
dc121e137a206780,0.47703344795248515
e5fde6a720ffea60,0.2356955298530791
52f7118d77a951d2,0.3623100969052829
1b60cd7738483c77,0.756186308221319
c7ef81c5ec66b855,0.9814442013129103
42a4005911b6abb2,0.9391090965926853
926e4ef2979d43ba,0.09542982181931854
936393261928dd44,0.6118599562363239
90b3943086a67cf1,0.31822444513910597
80b6c2497708cc79,0.4739981244138793
dc880492a16f61a0,0.2672741481713035
363fa6d193ea1791,0.24862144420131288
11443cec444ffbdd,0.9712879024695218
174e280d8c42163e,0.7398093154110659
d7fddec00bcd1345,0.7328071272272586
2f2a0292483de945,0.99043451078462
2638757dc8ccf105,0.007289778055642387
af967b1ba12837c7,0.48531103469834325
6cf0ebd8925305ad,0.9404688965301656
0307e7dd94f223c0,0.06492653954360739
d86f818a421d896a,0.7661362925914349
95c76aa135d94e8b,0.20527352297593
dfb2dc72331615e7,0.854098155673648
b488c877787792d6,0.39299781181619253
5864514fce7556aa,0.6992091278524539
7db51b9dfaa6c3be,0.1872522663332291
475afd5ca8082909,0.6170365739293528
aef3fd34396adfe2,0.0677117849327915
e93ef7b1eb85a270,0.4448202563301032
e643f5e629c7ab40,0.03635198499531103
e9234451a7ebfa5b,0.8140575179743672
e8b95693607a1af6,0.954276336355111
362e59ee5f24ba56,0.6714160675211003
760d3c489cbc2365,0.18391372303844952
cdc43a10fec587b7,0.8488090028133792
436bfce1b2e96ebc,0.7151516098780869
8364b88b9aee50f6,0.5856111284776493
49b33a422ea5bc22,0.9626539543607378
7c87edf2fa4449ce,0.03196623944982807
ae4d87302f77418e,0.43279149734291966
80504f5553a663cd,0.14952797749296656
285102ab56c81c9a,0.45785245389184115
ce75929520b6600d,0.7904501406689591
90e157fa590bed49,0.9107627383557361
72308a9b8ed351ac,0.9087339793685527
67da97f4bf5a43aa,0.15991559862457017
7a2c3503f50e758b,0.816326977180369
7c277b093ca6e70a,0.1676148796498906
e17cdb698e7793a0,0.49946233197874335
304f33ed70c9905c,0.6134260706470772
f671940234873df5,0.8260331353547982
4c60ff51f1a98ddb,0.39257893091591123
357333ab581b26a4,0.4879556111284777
c12b50c410a56d62,0.1382932166301969
280ee73ea3f9a150,0.4949765551734917
9794f61f2b35c374,0.2041794310722101
99bef954535737b8,0.7980243826195688
164deb1fbf6d3d15,0.7776117536730229
17f64dfc919c257d,0.4085620506408253
177f1a78be284fe4,0.5593748046264457
6575a6e55c3aa52b,0.5972804001250391
e1ceb3cf89c78b04,0.41020944045014074
2787d14ba4491e60,0.4209096592685215
47283a11f402ab9e,0.4838480775242263
3e13ab75e759c66d,0.6966270709596749
565632830f202280,0.6221788058768365
c60dd36532e24523,0.7484964051266021
1bbb760f70ac35fd,0.17655517349171618
5952ee73f64f8e8d,0.599180994060644
0d2e12deb5dc05bb,0.35923100969052824
93cf50cff9e70197,0.5774648327602375
71a0f1d3a79f9279,0.3591622381994373
ff1b97bfbc1de495,0.7382588308846515
152d66dccd700ae2,0.8302625820568926
af9475d72cb09bff,0.459399812441388
50c6ae4f3f0c520f,0.8048515160987809
53277c274f93827c,0.8258799624882776
65c28bc2a138b604,0.7581212879024696
ab3f36de97ff5288,0.02737417943107221
6e673b3e05a86556,0.18592685214129415
29ade739f5ac47ef,0.6203344795248515
d6c96030b8564b06,0.584985933104095
5ffe88ee98e246bd,0.07226320725226634
b75847a46dbc7758,0.37155361050328223
fd4f072e7db648e2,0.8788683963738667
3b600a791eee47c3,0.5382713347921225
3205c60644f3310a,0.27210065645514225
37edd7d198365da8,0.9841450453266646
4aed77bb42b6c35b,0.14253204126289465
70b9c5d2c47a6231,0.8164395123476088
5aee71b30cf4e773,0.06033135354798374
3b6034955fe901a7,0.025317286652078785
53f7e37ad065a1ff,0.6916567677399188
8249af221f0dfc62,0.3627789934354485
4a798f098b3ac80e,0.7236073773054079
7859a3365dc11f7e,0.6938480775242264
0d6ab61f58e22d8b,0.34880587683651143
d90f47b845ad8044,0.6061081587996249
908f76b67c5d77d6,0.30194123163488584
2e13d0c9efbac24d,0.4451203501094093
fbd3509fdc1e2fe3,0.22662081900593936
d0c07aa05dbee8c0,0.5187496092528915
e2066400c0c997d5,0.7892278837136606
9d002016fad484c4,0.9680087527352298
18105a09ff042e04,0.4130947170990935
97dbf62f03867f4e,0.6980837761800565
008e7b56ab9053c6,0.9285964363863708
e382e61b69858e84,0.0011003438574554547
a02b2c12a9b232a6,0.37540481400437636
5d4eefc602f1a815,0.6657674273210379
8c8faef5bff7b3c9,0.10972804001250391
8ea4fb1f9e66fa76,0.15394185683025946
22a32bb8f8bde6fe,0.6918224445139105
6a655866f90d61e3,0.5736667708658955
b15548596622ebdc,0.15778680837761805
e6426b5a54e4a972,0.7253985620506408
2bb1ea15970a2de4,0.0776023757424195
5b2c1fc3ca8dca34,0.2334885901844327
b26bc3d1078e5a5f,0.2814817130353235
9db2f38d40ccfed4,0.2490465770553298
8481c054b0537a7b,0.7620131291028447
c4016925a614e39a,0.6195311034698343
a6145b00b87ffbfc,0.9728852766489529
856c1f1b7a16dccc,0.12149734291966241
5db9aa657576b123,0.038024382619568614
e6c91e69fe022b81,0.997799312285089
18323213899682a7,0.0915629884338856
84aeda77a9eaf7a8,0.5990121913097843
60aa7eb39a1066d5,0.7729665520475149
011908fe41b2ead8,0.8825601750547046
95a236faf4cbd0c8,0.5898186933416694
c58d93928c4b43a9,0.059621756798999684
e3d5116d0ddea646,0.760340731478587
3d33771711b587e9,0.7916255079712411
ca902179e21ff302,0.6474335729915599
4b2142ee3d149d15,0.3980587683651141
d78803f699e1394d,0.5673616755236012
ef2d9881a6438977,0.07193810565801814
3b5fc032ae2a290c,0.4637918099406065
9d5473cf79999f4a,0.6103344795248515
9aefa72a94558b66,0.6628946545795562
78cc36a16e5afd3f,0.3856455142231948
0628d45dc33a5639,0.7834635823694904
bc63ee6da23c5dc0,0.8937699281025322
5a69761001b7342a,0.5419381056580183
f5384c1b33a306d5,0.28463894967177245
9f4fb39fb6e8b6a8,0.5207095967489841
f7787ed37e4b9d05,0.6211097217880587
eecdd457b6c7edb2,0.8600562675836199
f36c01f2f7fefef6,0.7422444513910597
abe3d414c510a7dd,0.5113848077524226
d1f7dc9b905e0fb1,0.16386995936230073
a97c23cf1c8d474e,0.30196311347296034
fa77ebf418dd2361,0.12302594560800251
4fa91df3f09b649a,0.7153079087214755
4c40bd5075d26ea1,0.841569240387621
559cb0c10ea413cf,0.6620318849640512
b07714f5d0a305a3,0.6637074085651767
ac26d06332fffb35,0.23190371991247266
f3a18a7976f15c5b,0.13040325101594247
bd610a8daf3173f8,0.009506095654892154
b4db2ea448a373cd,0.16322600812753985
a9e601aca0377220,0.7476742732103784
7580e5af192dbd01,0.9800437636761488
3b50e09f1d1584b8,0.5826789621756799
e752099897ef3c84,0.18315098468271332
9e556374eb31bdcc,0.5479180994060644
09bf3001382d4d51,0.16230071897467957
ac4f9d21db6d0551,0.4803407314785871
bab162c780dd5d3c,0.371134729603001
1ac05275c95e2b9b,0.18937793060331354
ba53d76ac3815303,0.7157517974366989
731194026ddc8a00,0.8895686151922475
565ccf55ce0f19b3,0.14874960925289155
c610846e274513ff,0.5076805251641139
4f2f55e6f8f022f8,0.40459518599562366
171594c12d4f22c7,0.019196623944982807
fd9a29be83f07915,0.206420756486402
0e69e13d2585552f,0.9227977492966553
8458a25c7d299656,0.24286026883401063
36510a7e2e8cf5e6,0.5132572678962177
4c689c2ab0b1e458,0.9459924976555175
bbbb01b896a60659,0.38059706158174433
95a6091ed902a1c0,0.3607095967489841
226f1fdbdf45c3f3,0.23599562363238513
b3776535f92034c1,0.26083463582369487
e136a41bbd9d2ebb,0.8689653016567677
2acab7498f95984e,0.6450078149421695
5a97d6bb500166e9,0.5274116911534854
53ad75887ce27a2f,0.42683338543294785
4bbccacfaab6a76f,0.5716598937167866
8d5dbeff654a20b3,0.023476086276961548
885918cc4b58a92d,0.5239324788996561
c33b954ec9e9d53a,0.06884026258205689
c73aa72e6960366b,0.49138480775242266
28c265c8e738031b,0.9159268521412942
16f59244fa16b9c5,0.8058299468583934
ab1bbd20f2288ef0,0.2848827758674586
21ce9f486720b00d,0.5828133791809941
ea98936cd5a062ef,0.6090622069396686
092b99905affadc7,0.7583369803063458
f8a1935cbff0e3e2,0.513044701469209
557ff2105e2227eb,0.04808377618005627
e28b4c1e7eede953,0.18427321037824324
afcd2875196e3514,0.607908721475461
622d0c5c885e5d67,0.5295467333541731
5ab123deb8c8e0b9,0.8605626758361988
d70f7077ffdc3675,0.7502063144732729
ec0e23575480409a,0.6403063457330416
c42b1312f2466d13,0.43425445451703654
58f7c9cedf508963,0.9786151922475772
483a6a2fc6820e34,0.2938043138480775
9a410bdaf99ab250,0.8731697405439199
27d8448c7743312d,0.6256517661769303
d22510648b60b80f,0.999
cf71cc1d5beaf427,0.8767427321037824
b16d96c422e7686d,0.6565926852141293
f3bb00d62eddf347,0.1891216005001563
e7ad214e8e1b87e3,0.5952766489527977
a149a81fa46121c8,0.22096280087527354
954ac0304d013ceb,0.8146014379493592
5fb61c8caa291bb7,0.27712410128165055
b3e6b65c022e07a8,0.7929071584870271
014590f5ad393d98,0.41336667708658953
fd3098a48d0565da,0.006042513285401688
597dfb91140f7a43,0.08068146295717411
29c72ad86d92588c,0.1619599874960925
46403e8726688e63,0.06319474835886214
586f9bad93615a9e,0.9871522350734604
518268ad7eaad020,0.3982494529540481
eb68006674ff7853,0.5052922788371367
829bf94f3c7511b9,0.557130353235386
472338feab38fd63,0.004676461394185682
e2eb7c00452da3bf,0.48671147233510476
264d5eac0a3db4c1,0.6164332603938731
5dd40ed8f6931f40,0.5501281650515786
ea07294f7b9321f6,0.34991559862457017
800d5b199211d908,0.15286652078774615
c26171ff73291cde,0.7793873085339169
9b039401395029d1,0.19061269146608315
149773fc93e82e0b,0.925192247577368
377962b226c4354c,0.43557049077836824
b33ace47f8c9cce3,0.1571303532353861
5898aee0357167ae,0.24574867145983118
5011475bc46160b0,0.1225695529853079
49403fb05b28bdc1,0.7607533604251329
d64f9b8328cadfcf,0.7968740231322289
8347b5a18bb84a35,0.2895436073773054
a72c9158377598af,0.23629571741169114
346932f67e7d808f,0.6631509846827134
e4962aaff0cf97fc,0.7713941856830259
d63549a6e599cc24,0.014038762113160361
d013eaf626e99575,0.7778211941231634
a7c0072db3d224b7,0.7013941856830259
b87493b15c6b1e21,0.4881994373241639
cd6d6ab0bf1601eb,0.3649234135667396
fc7b0d78438f45bc,0.607567989996874
b53e88867e63ec5f,0.5208909034073148
1e1e7de7f17a14fe,0.2870021881838074
fff1df28cf047de8,0.3078712097530478
9a4279b8c94a438c,0.11818380743982496
d1a19d29c2aa4b9a,0.7230165676773992
ea65ca7ec57132e3,0.7038949671772428
35cc6e8b29ac28d6,0.9542575804939044
35cebb20cef64701,0.9247202250703345
03c27c6fa94b88b1,0.13987183494842137
654a7847a4c3d0a9,0.9644451391059707
d82da976d107c4ef,0.9116442638324476
0f7cdda5aab7cb9b,0.6069521725539232
511e61b096246922,0.22058768365114098
9bd56be8ba9524b8,0.7827195998749611
08980e1d210b6aa6,0.6410597061581744
c84430f350b3a159,0.49033135354798374
152edc8f6b8762bb,0.7153172866520788
a4a8682aa22552a5,0.7745201625507971
5448387d25232e4f,0.021819318537042824
86b5af3c99c2229f,0.011878712097530476
a243c84e17ad5313,0.6633823069709284
1cd4111d9e2c14af,0.3308033760550171
d6596bfbfd4cc049,0.7800187558612066
5f6669357f9d2602,0.7414348233823068
8ce4d3415fe4440d,0.508402625820569
b7804e0aef5425ac,0.1458799624882776
a68ac8503924dfd3,0.8195529853079087
0ee54a169cddc5a0,0.3373929352922788
91e67962d58a2196,0.49833698030634577
337f92313341198c,0.5021756798999688
62fdb17735fc24f2,0.38322600812753993
32070e417cceeade,0.5185776805251642
d10e86cc3232dbc9,0.9635636136292592
9e379ff80b817265,0.7452485151609879
cfff3503c56dab5b,0.1899218505783057
9f21d3f021ded79b,0.25026883401062827
5fe69ac7610324ba,0.5571084713973117
fda80e0f061a2a2b,0.6049202875898718
e5f50a39b4e83fe7,0.6652735229759299
b7ac8ea60b369ad0,0.08614879649890592
f4aefa9fc2e0d241,0.9247796186308221
0f32bcb05a22709a,0.7702000625195373
13334ae771ee01a2,0.5402313222882151
d2596a53564c0b21,0.3420068771491091
1a90578444c1c9a4,0.041600500156298834
38767f6c13ad1bfc,0.3253985620506409
8d312d36ba150056,0.20736792747733668
c4e9fb7cce4bc726,0.39470772116286346
9ff220beebc71a5e,0.20662081900593934
24bb5e20d933da44,0.5440231322288215
42f6ebdc63da37de,0.6041981869334166
39f065a3b51d8011,0.1384370115661144
adfccf4de2f8f9e4,0.20089715536105032
bb73756443a5eee4,0.506736480150047
0d9c7ad016175e4c,0.6447858705845576
01d6dee3fee929b0,0.1287808690215692
4c94ce26b7eb0794,0.6975023444826508
184edb2637a41d50,0.513401062832135
b14c8ed6d2ad7039,0.030425132854016882
efdd1d7495765245,0.24729915598624566
affe3b0f590fae77,0.8511941231634886
3edd7de677b91b05,0.5413316661456705
ba9e4528463c5dbd,0.5129821819318539
8be8330f2029f548,0.301872460143795
df6e6d77a02918af,0.34515160987808685
33d9746c24d2c070,0.4810159424820256
e51c785618029ad1,0.6845357924351361
d53ca1e375f1420d,0.5214692091278524
d4133e84363708fa,0.7272116286339482
094a4df459f84f9c,0.11437324163801187
c95b97cbc9622e38,0.2120318849640513
8a243d50081a0a41,0.674248202563301
f6f2fd05daf66b4d,0.17521412941544234
3b5e52e54ed29ece,0.728005626758362
144d292add5f41e9,0.6891341044076272
49aedb77fa2fb4fc,0.7763551109721787
81e5d80b657413b9,0.8573366677086589
fb21fa126522b6e2,0.6794873397936855
3451b921fd37a93f,0.6788590184432636
e25080fc68263c8a,0.9161300406376993
64f0448c8bc4b1eb,0.02231947483588621
ed89496194aa19dc,0.3775929978118162
fb22f7c013b24779,0.43350734604563923
1590a07714e8a656,0.17551422319474835
54ae2ffdf139cc38,0.31686151922475775
96bf13f3fa835169,0.578333854329478
559cc1345795571a,0.22898093154110657
325ad194b9f588f7,0.7178211941231636
13ff609306472199,0.7380712722725852
3c87f31b6953fbbb,0.08794310722100657
2dd14f20786549ef,0.39834323226008134
be72fb5da729ec70,0.1881462957174117
dea2b01ff6868477,0.6068959049703033
c7ffc036c6fcf66f,0.6750453266645826
67b0cdefddff90ef,0.738252578930916
eb949d7c7beb6354,0.7353673022819631
72dbbe8ab710128c,0.8188340106283213
fe50a3aa77d27195,0.07324163801187872
b7dea5f446a371e0,0.0917661769302907
3b6627fce4fa7c6e,0.05451703657392936
5766e8d8c783a487,0.6703125976867771
818813e68f11c85d,0.4642544545170366
4efd1ededeb6af5b,0.36314473272897785
7339d8d336c0728a,0.4262550797124101
5932b86b513569c7,0.5544045014066896
667e3c34655efebc,0.8455673648015005
211cf2ea67620b3e,0.8655642388246327
73ddd41ae18acb03,0.17368865270397
b7d7b9bb940bf7b0,0.8266645826820882
672de9994012beff,0.14745858080650204
1fcb989eab73caf4,0.014026258205689274
1a8eef4f4936cf0b,0.2910034385745545
181bfbae0ed5b503,0.019543607377305407
0144b06a9d5772ce,0.9320475148483902
a6d79b35c359d2ca,0.8088965301656768
adb1f5a83ffc8956,0.8694467020944044
7fe7578307634c36,0.9510378243201001
ef916f6bd9bbf8f3,0.7189809315411066
261b4b9303f16955,0.7494935917474211
bdd3d57f2dcbf24e,0.2196092528915286
87478ecab9990b69,0.4816036261331666
00903281b49f7885,0.99316974054392
faa54ef489380476,0.9217661769302907
afd67495e65ca43e,0.20101906845889345
3cfeab5f2a521bd7,0.9827852453891843
f889243e554a57b9,0.5460706470772118
1633226e5baee1a0,0.9853079087214756
09429539f12260dd,0.42391684901531734
4642f19a02b65fbc,0.0363457330415755
454379600a0d58ae,0.6492622694592058
806b67c9407deaf5,0.07850578305720536
64147a091385f1dd,0.2813910597061582
410684a9ca496c4c,0.27833698030634574
198aca03e558bad7,0.25698030634573304
19112c76b72e70ac,0.21499531103469835
33cdd595d6f64465,0.11545482963426071
b678efa350251d1a,0.9526664582682088
2773ef74c8379c3e,0.6990997186620819
21a85668c56f4a28,0.5837011566114411
ad44c67c941b730b,0.24086589559237262
afafaec6ed7cb894,0.7284839012191309
7b2afaaec11da7c6,0.5034198186933416
14f8df83cb5fb959,0.6065426695842451
2fa6287a9d075ec1,0.3249359174742107
a20301029a5e8b78,0.7297968115035949
64c226150b42ee5c,0.661297280400125
7012b66ec38b6038,0.003010315723663645
334a43b3d7746442,0.6501062832135043
3e39b50358f01b64,0.758880900281338
dd424dd258080c0f,0.4879837449202876
b6815449a050c02f,0.27011253516723976
786b0bb1d7a4dfb8,0.28481087839949987
bfadd1b4779947e6,0.9369740543919975
23bda92c60bb92e1,0.9269302907158488
20f374eb224e1a7c,0.332732103782432
04bc6e2ce35edb4c,0.7191872460143794
f5fe2d58beb86d40,0.4230728352610191
203f3df885ff03b3,0.1559080962800875
ac5388e6680db6ba,0.15697718036886527
20a190db150bd0a2,0.49289152860268837
03b8f432ac8e3226,0.48790872147546116
800d13aa581dc05a,0.8292403876211317
32ad97494e39788e,0.7766708346358238
762f69f875d0a0a7,0.7500281337918099
7102288564065a58,0.8028352610190685
a244d35bd0a46b86,0.7188746483276024
9fd85d10d8d80cd1,0.4586308221319162
cd37f417a290a412,0.6997436698968428
087a61efb373df95,0.192363238512035
5cc1bb67fc9fa495,0.15767114723351047
38260167161be0f4,0.5863207252266334
377d6156aea5f7b3,0.9367521100343857
de73631ba462d9d8,0.05199124726477023
c6ad617675fc82bf,0.8224914035636135
53c0301b075c4edb,0.23464832760237572
d5d5bb7bc7475a6d,0.3875054704595186
2785f7c003032f79,0.3555954985933104
bacabfcb41e851d5,0.9486402000625194
930620d9c45cfc16,0.6673054079399812
a2253bc60bd26111,0.4067239762425757
48be98b0da47a60d,0.05476711472335105
4192611de72c647f,0.8016473898093155
0a3e55a0415cf1db,0.024341981869334166
94a41eaf6c166f8a,0.1622757111597374
65c588ff0e6a0940,0.5676648952797749
7316f0f5207cff7d,0.8983932478899657
fb48d6120d40241e,0.10844638949671774
83e835be4b7da5bf,0.20225382932166303
be007ff41dfe8e33,0.914479524851516
ae762981ec3e2222,0.9585714285714285
9cde4da63a470364,0.10394810878399499
1e641e6a0e15cb0a,0.972513285401688
f1e1bfceceaf5b3d,0.18733666770865895
b33a9dd2d6116451,0.6623413566739605
6a00f8682a96e6c2,0.24682400750234448
4889bb3fafff04a6,0.019712410128165048
d83965adda3948e8,0.8353016567677398
35ebd3eb17d43331,0.6948140043763676
4fddbddae3f8c321,0.21146608315098467
279f5d02ec1d4618,0.6932822757111597
18dc05e08437b19d,0.6004563926226946
fd5e41a3afe867c6,0.5234573304157549
4dfc9b4693d64425,0.567008440137543
38efe84b2371909b,0.011850578305720536
d5ab3634461fbdba,0.6335542356986559
88ee52d04ccee47b,0.7237261644263833
311d0a7d1bc40182,0.4001719287277274
ca3eabbb86d9d394,0.6611190997186621
0839345320590491,0.18057205376680213
3166da0225b35bf6,0.5526070647077211
4fdcce92f68b7529,0.9728852766489526
4c0a03f188fa9938,0.4282494529540481
efd671b84d562241,0.18268208815254766
a1be96b06611a4a7,0.5015692403876212
7c15209ba7808ba2,0.8340106283213504
b4fb7e75679d28cb,0.9736730228196311
095adfc07a65ed27,0.49664270084401374
a19e6a028348c708,0.01772428884026258
bb5e510a6639b43f,0.759234135667396
fcf27b9cd834eeab,0.1797186620819006
dd9e809656743e04,0.3849953110346984
9cf20fc9b8513a03,0.8351859956236324
d929256e10f5e94b,0.5952516411378556
c7372107d1356264,0.8020537668021258
fb002ae965e2435b,0.3926883401062832
891d7ae2edccb735,0.7019443576117536
33b3795f9d4a8ef6,0.017205376680212568
bd1c976bfd04983e,0.6888996561425444
22d26961eaf80875,0.9355923726164427
3267d0aa9600286c,0.5965520475148484
f85b98ab9c2071aa,0.09939043451078461
4b4c86d64f258caa,0.5731853704282588
af271d6d690a0b0b,0.19046577055329791
8b1bdd0f68e6ab19,0.23491090965926853
aca740ec2df56ecd,0.7158111909971866
66cae06936335046,0.5361925601750547
8aa96ed1f09b6e82,0.9287183494842138
fb089d648c0fd719,0.4322944670209441
b3b39f3310bed9f2,0.5935198499531104
4c9ddb6a1c08a7ae,0.07879024695217256
8dafb6cdb58233f8,0.956955298530791
8512f25e0995f115,0.6973429196623944
3e89b24f6780dfad,0.6869709284151297
811b5cd3d60f8f01,0.477186620819006
8cecb78a9a20021d,0.2809753047827446
c726d19506a1a864,0.4310753360425132
bb71d5690f654fab,0.7668146295717411
01fddb547603eef0,0.4270553297905596
c6592de36f791128,0.2869177868083776
ccde7fc6a8ec59a5,0.2859737417943108
ba6d1493e3a1c1ad,0.7295373554235699
7dfaf88276d52a5e,0.6735636136292591
c09d65931e21624b,0.9039668646452018
f9544a6dbd4caa2f,0.034982807127227254
b374ef23d5ca3b3c,0.4381525476711472
c51f8b67a66b5aa4,0.9939981244138795
4793cb7dc1d36c4d,0.6919162238199437
c4a77a4226cf0e3f,0.4385839324788997
11b46e06959d7824,0.9097374179431073
75083fbf03436018,0.7484870271959987
44cc96b7436e60fb,0.7887402313222882
9c78ab8c7f52b1ad,0.5189715536105033
27c3ba5b3d6374ec,0.107527352297593
09bad77cec8a0ea7,0.6902719599874962
7e5eaee69f7e8e60,0.3279837449202876
9701beed4cb2fd40,0.242172553923101
a886ee5f5e57d356,0.012250703344795248
43322ba6466f83ae,0.46747421069084083
39ac7a6c910dc826,0.45114410753360423
a7624810eab99b39,0.6134667083463582
27ce336c13dd7f0e,0.21496405126602064
35ec56371ec7bab3,0.8497624257580494
1033972a8d27b8f3,0.968208815254767
246fdf152b78ea45,0.1301938105658018
67db089b7a0697c3,0.15431072210065644
51541de4865fee3b,0.5043294779618631
2e0ffa5c733d2a47,0.9092904032510161
c307a7a1d2e93ae9,0.8210378243201
60775afc974d2192,0.3982494529540481
1af8370aec8adce1,0.8006095654892154
7adaed59e375f94a,0.4405814316974055
d3f971f17d9ab0d0,0.31505157861831823
f1eff57932ef0f4a,0.6596905282900907
b41ea8380984305d,0.5996092528915287
dac2137cd3aface7,0.8506845889340419
48da40bf199dedce,0.2730478274460769
2c36f80cd8d50da4,0.04834948421381682
e45c5c285ae25a13,0.6974273210378242
d57fa89c692abe6a,0.705601750547046
0d5b889f910953e2,0.20653016567677399
a2bb73ef62a1fa41,0.7694498280712724
161e450caac64b0b,0.3984495154735855
870239c07fe84d59,0.6579681150359488
1a510d36c73a9190,0.3924976555173492
6365e056680facbe,0.4586308221319162
7e5efd56e82bc148,0.09596748984057518
8ddf8d226ddfa267,0.10526414504532666
aa2927ee663efd7e,0.5716598937167865
1969a71e6c309cce,0.40655517349171616
33e3103e2045fa64,0.12602063144732728
79d3953d4c100b9d,0.9550640825257893
8a0bec565c237aae,0.4645201625507971
e7b2425696ad04e1,0.180081275398562
1585c48da5187cc9,0.565751797436699
b508d898d174eb05,0.7289871834948422
ae96ed3d88eb7aed,0.2863332291341044
3780b01a20d9aafc,0.6856892778993435
5d2ea0bc3f49f99f,0.6929821819318538
609566c49b16621d,0.18859643638637075
52a50658bfe832ee,0.5732822757111598
76655f684bc2518a,0.2717442950922163
507aa51e38d00459,0.4122475773679275
e7edc5fb783b818a,0.1622444513910597
3488c9b765c1219f,0.0839262269459206
60726ee6707bab89,0.9106720850265708
724b704c54783fd3,0.02148171303532354
23405c43202f489c,0.16214754610815885
0a275c8c3adc1e3b,0.23030009377930602
ad727a83295f79c1,0.9169521725539231
9fcd517a3727524e,0.5875554860894029
c1a15f34e5189a8f,0.4189684276336355
ee586308edeeb5fd,0.564166927164739
61323c4c907b9667,0.8230353235386059
dc6ad9b2ea237556,0.9553329165364177
fc261535991f079a,0.2263426070647077
199f8696fe22e8f6,0.3627289778055643
80c803fed1e7b815,0.05958424507658644
b3645ff1881e6181,0.3212410128165052
f077bcf8ba579026,0.5441200375117224
c98984325495234b,0.49212566427008436
2b1acfb2885f0207,0.1763644889027821
58aea5fe94bdc9f0,0.5066489527977494
13ce2e76f9ac9797,0.7745670522038138
585b1ae5f2fdf9d8,0.9432760237574243
c02d00f3c935fac9,0.4851266020631448
961c1ecf22020dd7,0.5212128790246952
34a2c0730076cd51,0.8138386995936231
f08c72208c842a80,0.9286245701781807
3d0365b300b08d12,0.5300656455142232
7698d1646b1160a7,0.2820100031259769
46fe0812a4d6a0e5,0.27743669896842765
1992a8cfd9dcd0a4,0.9085182869646765
234824681fe92370,0.3410722100656455
66dae8fb83f01cda,0.18636136292591438
565a8741e734fb66,0.3325976867771178
85796d3a4623f1b4,0.15838699593623004
980c038df259aca4,0.07317599249765552
847d49fff22ffac8,0.8856830259456079
3ab579aad87803f2,0.05147858705845577
7c287939d256c04a,0.2500937793060331
9b56b63c1ce61e36,0.3572303844951547
2b2beb4ade849fe5,0.7302125664270084
ca97e3a639d0f212,0.352363238512035
cdf0a515724936f7,0.4763582369490466
f0d9600d63271cb1,0.91316974054392
61f6d6cd6e8ebecb,0.46416380118787115
66bb128d75c1a31d,0.476214442013129
ff6ace3df2f93fd8,0.05242263207252266
174f6de5e6fd0ce6,0.869849953110347
f629016e686c93c7,0.8279024695217256
8a5cd96071aee653,0.01634885901844326
47a56fcce1a48c57,0.9547577367927478
bc218a229f6dd8a3,0.34476398874648323
6700a0d8cc03fd40,0.6749640512660207
bf07422782deaa4e,0.9836698968427633
67e5b268a06fc16c,0.1126351984995311
775246a31de87040,0.428674585808065
a8c96679585190f7,0.01477649265395436
85e8b073ae9d6cb6,0.7889090340731477
8d783fa9a84a2016,0.9490059393560486
afa9ef8b36efca27,0.005029696780243827
292ad72f433b2ec4,0.24727102219443575
543a382acb950efa,0.34939981244138796
97eee667e12fac11,0.8075429821819319
f1594e042dbd4135,0.2905095342294467
c4acac79bfd54ae4,0.1926008127539856
f1bc5cee7cfbe74f,0.4096780243826196
25e346e1b0340347,0.5668552672710222
53b71602a81f5c52,0.4832728977805564
6d2d4b17736e595e,0.5078336980306346
f652427f39b6f10d,0.9873835573616757
1437d0c59eca00af,0.07755548608940294
d8980b5b1d68a4ee,0.7898468271334793
442b8a915014e871,0.6366208190059394
6a1e5bce20cbbd53,0.8843201000312597
ec75dfc7e578543f,0.11052829009065333
94cd35193b228a90,0.9389215379806188
15617a2281e76896,0.664551422319475
ae22b29ad0d98702,0.2870146920912785
3e5ee530dd802ab2,0.35718036886527027
9304c1771978ab05,0.11168802750859642
635d5bab100147aa,0.33266333229134104
cf12cab6ff5fa6dc,0.6511409815567364
cc7ce49efd47f0a0,0.09569240387621132
20c507d578183dfc,0.7444732728977805
e29e2bc7c3e6ef41,0.8921475461081587
61e270d51cee0fe8,0.6392716473898092
a1cf27e43a150760,0.8713160362613316
9bdddc292578558b,0.24978430759612383
fa0f0cb920abdb0c,0.8396342607064708
95dc87b7553104b2,0.9649765551734918
c268681605733a6e,0.1836042513285402
57f8444d376ead3c,0.8073991872460144
1eb08c4e2e2d0a0a,0.6668646452016255
65f04a475e60bc71,0.6255642388246326
54b86d86b2c582db,0.32469521725539235
ac660728eb9adcbe,0.4713910597061582
9dc70760c7a65427,0.9453985620506407
707fa7577b28c00b,0.19365426695842453
dfc0ad3ac006f7dc,0.530356361362926
d02c60d97c52824d,0.1926133166614567
68735cd4123d2c31,0.9066020631447328
e7fa76e1a52159ec,0.21599249765551734
8e2a48702b61cf4b,0.1006845889340419
7b4d442d12660d2e,0.2215473585495467
1879fdf1618adb5c,0.5902813379180994
28331b7b0b1598fa,0.030121913097843074
c27a3cd35a718f85,0.2473960612691466
003398b630719a7d,0.04402938418255705
70b9137733db97b6,0.5252829009065332
f0ea5635eb777479,0.7085307908721477
e80ca1e08210095b,0.7731947483588623
033b8feb5aaae03b,0.10812753985620505
ac6a54139c7c9d37,0.8832166301969366
ebc95757b2947172,0.2865864332603939
2fcf426035785728,0.5706533291653642
78996a14f02ebbe3,0.36074398249452955
a87e26d221511c94,0.017636761487964992
c5eddf448403ab6e,0.07963738668333853
e8da0e67e35aa293,0.41259456080025014
88b632eaf9356d3a,0.37404814004376374
85571b011c6fcfaa,0.9607221006564552
9013d63ab473f952,0.8417974366989683
960cad37cffe68eb,0.26592685214129413
e247eb8f78f75a9f,0.19402938418255702
80eaa51c4c8a00ee,0.19440137542982186
35849a3326fb87fa,0.13502657080337607
d95e6b933db44247,0.24960612691466083
c8d99c2ec6082321,0.22170678336980304
c9aea5e1048b2e51,0.7350734604563927
e01947dd147cbbce,0.0901844326351985
ae79b75a13c928bf,0.21696155048452642
ce571fad3257b3f6,0.033444826508283836
a95633f51ef3a7b0,0.07329477961863082
297c6928439e696a,0.9462613316661457
a4d78fd9f9ffb303,0.47209127852453886
2dbf5dac4bc14af2,0.8352078774617068
484f57153280140c,0.6551328540168804
db3d92a2887ed53d,0.8404845264145047
0fcc2eaacbd92a61,0.006051891216005001
3b06de421485ddad,0.7299468583932478
3ab1395e200e5b42,0.707308533916849
8b607b6592065a8e,0.38925289152860265
a58b1c259179dc09,0.8939449828071273
a84f2ec64cddb96d,0.9467302281963115
794ec7ff88727529,0.21206627070959674
7bec4fd7e9a158f2,0.295914348233823
bb364b5bbcd978f4,0.9126133166614566
89b648a5f0f0ab12,0.5135073460456392
63de8d6c54817aa3,0.0013597999374804627
f379e9f71ba0c23e,0.5240825257893091
a4d79f83a661fa2e,0.6273741794310722
211b21d15b3b91a0,0.30331978743357296
1186f6b426beed22,0.1769271647389809
8dbf55afa93fb576,0.7119506095654891
4c37d40f77654769,0.3890559549859331
282449c18b62e5e6,0.8622256955298531
12472f1c83854116,0.8812472647702406
eb624c530d058714,0.4806001875586121
916aa0618dc412d3,0.6512160050015631
b9f7f01f0c234a62,0.8363238512035011
d6a72e0c5f8c9277,0.17456080025007817
888195334e946eb0,0.1356611441075336
f1aaca6b558ffaf2,0.2686839637386683
cfd7c6655e63d480,0.9357424195060957
d54c579db2ee74b5,0.03238824632697718
3d05c28ee2849928,0.9794248202563302
88653ba09b9797ff,0.13774304470146922
270649bc52035cbd,0.08305720537668021
164c0240a44d6755,0.40996248827758675
71d79d68a2b92f27,0.6935323538605815
9bb25aadd2b3bdb4,0.9668396373866834
b3c62935a53d8997,0.21640512660206312
e850d24192f9e415,0.20903719912472646
0834b059b33fe386,0.9095279774929665
57cca7c7ea10b6ab,0.33842763363551115
39483c2d8174f1ed,0.8947421069084089
4df07eb70c71ec51,0.9170240700218819
771b30a38c390789,0.47010003125976874
65037a69f9336b3b,0.6779431072210065
97bf39056279f7fa,0.41437949359174747
1a2d12af54623039,0.4962457017818069
e649d739e4cbe4eb,0.956080025007815
7c35e8ece8dd52b2,0.8028477649265395
4f679f800c6abb6d,0.7659331040950297
42a8a8ccd4f9f9e2,0.05781181619256017
662eb31e5ca29cb7,0.40288215067208505
39a75d0fc9a932b4,0.4741387933729291
f80b6c96f9ca16ca,0.08944982807127226
d1112438bc117eb4,0.633757424195061
2a23256f8a1b1dad,0.5704532666458269
e3da84e292717dd8,0.3062550797124101
b3da0bcad91df631,0.8816067521100343
b7317d34b8035aa3,0.4230915911222258
263b44530f890156,0.5433666770865895
4908216a464f51c6,0.8223632385120349
d0b576af5fedd973,0.4597186620819006
d53abab056eabccb,0.5633072835261019
9947a71c07c08013,0.6796905282900906
e3f83e6765042b60,0.6972866520787746
b5e1fe2cd612caf7,0.36834948421381675
2c979dd3ae786b0b,0.005135979993748046
37ebd133842ac652,0.8754360737730541
8d7452fc00bad24b,0.7326789621756798
be4d73360ad37873,0.4023319787433573
40b14de62d50cd96,0.9977555486089402
e8b95e5aac14d285,0.21680525164113787
545aeb4e5c2808c7,0.5470865895592373
3ea943e815e609c3,0.29179431072210066
9c3663c00fb99ff6,0.37875273522975933
6806a16705d54743,0.7297530478274461
9658ef3f8e3ed080,0.7439137230384495
72aca7fa36feebdf,0.6180400125039075
dfe86e43c4930991,0.5901844326351985
4f82ff5b5651d2f0,0.2563769928102532
d13da56afbdee207,0.4566645826820881
0dcdbb940af66121,0.23520475148483905
0e09773245767eac,0.3116036261331666
b186bc9610e2b533,0.9490215692403876
d54841a2e0a4cca8,0.9844576430134415
166c017caddab251,0.8898530790872149
a23f0288384f2f2d,0.45782432010003127
4886d310e5914363,0.13376055017192873
41edfc6111e88f1f,0.24065958111909974
0f33a4c86170e40b,0.5132072522663333
19bac5bcc4414e66,0.029731165989371675
88ddba34446d1ade,0.3852485151609878
a8dfc97deea7f5fa,0.7455392310096906
fbe5da4001a21c4a,0.09821819318537045
8ea535444187b6ac,0.2638512035010941
1be66765efbe9174,0.5748421381681775
05f16b595e33f77b,0.3310128165051578
3fb3259efef9eda0,0.0860737730540794
43836f5657b092dc,0.710722100656455
26ac42441170201f,0.881325414191935
12a4ec2031ef6174,0.17417317911847452
d8e7f33605a80ae3,0.6486120662707096
d6bde3bc380d8735,0.5796748984057518
9e0c178f3e852551,0.8155392310096906
88a6149ecfb1f651,0.5138011878712097
54a33fc8125490a9,0.32041575492341356
2930f4f063583542,0.34788996561425445
5092541f5024187c,0.07259456080025006
e78a593c9b385330,0.5849765551734917
a09be3a8eeceee6f,0.860697092841513
7010ac1b44772de3,0.3137105345420444
49a17880c454c7c3,0.26627383557361683
4e36cc0f1383ebd3,0.6879337292904031
ebdb25864f6ce1b9,0.08387621131603623
bdb72360a5581c6d,0.6997436698968428
8c698e0fbcb6a090,0.3796280087527353
9c350ea7550d8378,0.20852766489527977
a8b88f7bb8ca6361,0.2612378868396374
3d326c98287fba6f,0.29843701156611435
f42c01d8b045f708,0.7077367927477336
8e5d62b3ab696aaa,0.07195998749609252
6224caf3c72e7ee3,0.5761831822444514
926fddd6b2ee63aa,0.014520162550797125
922cf50522b3b88b,0.735970615817443
7d0fb10204af6166,0.8654767114723352
1a76fbd031e39a6b,0.9623882463269772
fd68ea29d356dd75,0.20212879024695218
03cc36191251ada1,0.55685839324789
99b5bb0b92d8a55a,0.05495467333541732
aac02a9d632924f3,0.18286026883401063
5d220b8e18201d3a,0.16439199749921854
14fc1d6fe2d4e69a,0.8664020006251955
35e119f52196b1ba,0.0948796498905908
40f1234b5a30403c,0.458224445139106
d59ccb5d557c022e,0.738565176617693
0c385e728de38f99,0.3479618630822132
f8683477a2ab2ade,0.8751953735542356
511fe8f39056b9f0,0.5340481400437636
c99c5d897170f156,0.5028165051578619
9d753071d21e6c36,0.3931822444513911
9e9289f66961c664,0.7714535792435135
5f8b0d75fdfecea0,0.17776805251641137
9dc13c482e059e6f,0.2742294467020944
3f87fc97c66a3191,0.7889965614254455
1b3f3ffb589858e3,0.28557674273210376
5358785efbcfdaaa,0.4100844013754299
57193bdf5b9a6b42,0.7824757736792748
4ba6c061c5bcb057,0.9867989996874025
218a85cad268eab4,0.8559737417943106
f93dbe2cfff78101,0.5398562050640826
a8481146cd533ccd,0.6184745232885277
84b0e8fa750b7a33,0.38762113160362616
fdcc76060f099b01,0.08933416692716474
300a47eca14f8974,0.7545045326664582
14218faebac40dda,0.249631134729603
6df2c2d2e3c3a7a8,0.6610659581119098
73b49cfc1f3e9dfe,0.2361956861519225
7f686a76e0a43e5a,0.32009377930603317
bf81324a27520bde,0.5072397624257581
f5d463ec64cf0b0d,0.30499843701156615
7b0554b8ca04f697,0.11806189434198186
e1b2fbbaa6be8596,0.4413285401688028
1b881aaa4217102a,0.5302719599874961
c212840fd1764342,0.31583932478899657
ef314439dbb365d6,0.09157549234135667
1772dc13f02d39b7,0.15338855892466396
b9ed04801fc7a354,0.2675148483901219
105a3d1544b0f94b,0.6223319787433573
78654baca9d1378e,0.964876523913723
9bc2056512b6d4b6,0.47210378243201
09c4cf78e2e7adc5,0.31818380743982494
b2555ae21207d05b,0.8029290403251016
ae348fe15c764802,0.07883088465145358
f0124c71b8a4ad33,0.6589184120037512
b56dc4e690b38942,0.23555486089402938
f780521ce14740f3,0.2115598624570178
dc6f043604dd54fe,0.13856205064082525
e07db4ab9d64f3ee,0.7541387933729291
8afd23b140e4bcb6,0.6716974054391999
11bdf36dc7a35404,0.13980931541106595
4996a5c048b055d5,0.8502907158487026
623d8021b7d32292,0.6367020944045014
9eaa2f70288d4b3f,0.26695842450765866
9b0054be7988059a,0.40291653641763053
3952d82f6df456f1,0.22316661456705222
8533f9a63a9367b1,0.4694904657705533
391d9fb2c3bd6fbe,0.007517974366989685
101b529dd70a1e11,0.05320725226633323
85b19b6a46b45156,0.30496405126602055
a4b17c05d90ca2b2,0.5863019693654267
194ecba02d51bfb5,0.10570178180681464
20a12da2d8890e93,0.10533291653641763
2df9214ba1de660d,0.4906470772116286
bd7e307eb75933e1,0.685164113785558
5e0b0dbe5ffe6e83,0.999
bf3a6cfc9a1f3c80,0.4188183807439826
82ae8090ca11b2e6,0.5632728977805563
4901ed9747386ca7,0.7948108783994998
53084b49be13c52f,0.7827446076899032
0263cc51aa1acd4c,0.6822507033447952
41e313f2355b137c,0.6790153172866521
51a37cfce403f12f,0.3207189746795874
df4f484e6719459f,0.14002500781494218
de7f255e061d07f9,0.4319474835886214
741683772f1576c7,0.8108440137542983
54c7fb2af01e96d6,0.9157174116911535
24c542dab399c685,0.26408252578930913
a1230bf06c58290d,0.2575304782744608
900e15461a12870f,0.7391153485464208
c089536a25834f70,0.3419349796811504
afc3286b544f0040,0.7884526414504531
c61465243a2221a5,0.6468115035948734
cb1f20d4bb93c243,0.3661581744295092
30725d20e5558b56,0.41007502344482655
94ce3e10e75f90a6,0.1782807127227258
48d0b89d569495d8,0.6321100343857455
ff1ad6d36283f697,0.31525789309159113
72be68b75d2c814b,0.1923319787433573
e4b90062b12b7030,0.9507064707721163
d6323a665e446722,0.23980618943419818
2d37f4baed1667c1,0.6539449828071273
05781aee37a18dac,0.2147608627696155
de24d558a18a9f32,0.3318286964676461
cb44379989560ff1,0.15617067833698028
eb333ca8ccdad2c8,0.5309471709909347
1d5cf29e044bf468,0.7556673960612692
172401cbfcd665a3,0.7024132541419192
8247761544773a90,0.0046545795561112845
5f2c0797f7cb831e,0.15042825883088465
a7edbfd2acdf8ad0,0.3604845264145045
fdcb685349aaef9b,0.6926351984995311
1568e5a308c50e7b,0.857458580806502
53f5f1c7014efbaf,0.6460425132854015
e992034fc58854a7,0.2694748358862144
b1fc334e48e20c8a,0.07744920287589871
ca9f6168acd90b8b,0.17888090028133793
929bd47a71c6b958,0.983879337292904
f7ee05e2b2ea34e4,0.44990934667083454
2f3fdc90e73536d0,0.06589559237261644
b43f6d156041778c,0.10170678336980309
6b0740f130757056,0.2232197561738043
9f1200bd8ef18393,0.37779306033135357
bf0849396acf9180,0.09198812128790247
58f62b02898dcd7c,0.9761706783369802
825b360a284d4a2e,0.13522350734604566
0274228343b0c7cc,0.9049734291966239
746ca6b736caea7b,0.03873397936855267
69cadc81ce7e015c,0.24986245701781806
295dc3bdd969b7cf,0.6958674585808065
e0c7aeb2471c9ba6,0.8281963113472961
a7c128e7baf08587,0.46692716473898094
74ac5ce19092de45,0.470150046889653
5642496d768456f0,0.9138449515473585
9568d09b37d48147,0.6198874648327602
687eb07ac1ec9aba,0.3404157549234135
1131d59f818ebfc7,0.25526101906845894
70d46c4ad271dfcf,0.41957799312285093
333d8235e3bd1acc,0.28426695842450767
f9dc0ee30937f393,0.6492778993435447
e2e48b863ea7d61c,0.6439918724601437
96ad67d29a15ec47,0.645995623632385
998b0ea49069c858,0.1396936542669584
cbf500fe483dca27,0.31226945920600185
32889f39f5c7e4e1,0.24705532979055955
f87241418df6147d,0.5935386058143169
afed174cf13b9d7f,0.41343857455454835
d52f3c40480519e8,0.8380275085964364
67306d595867bdca,0.12366051891216005
dc439b5c79486948,0.4112066270709597
35089dcee9e9ba1c,0.2692403876211316
61b5d6ef5f241490,0.26153172866520785
45f5713dcef10264,0.5531603626133167
2a3053d58302242a,0.021494216942794624
0998f38d4d069491,0.6033072835261019
accc2c8ae67e6063,0.1476055017192873
9f5292cbd3806d79,0.31917786808377613
1fb85b95e91ae45e,0.2803188496405126
faa0394464cef2e8,0.05679587371053454
af95309c63fadc79,0.5386308221319163
b8b45d6732b08fb5,0.3442982181931854
66966f55862259dc,0.6165926852141294
608333309da6527a,0.8077586745858081
36dc5921a7d84ed1,0.4734041888090028
27813742ebfe2b33,0.6592028758987185
211d5db960ca61c8,0.03566427008440137
5b186ac0d11513b9,0.9775211003438573
832d1c008bc3ef2b,0.8512191309784309
7d4e4f8d7d40dcfc,0.2582056892778994
f0dfb22c3a27665d,0.8698030634573305
407451c452cc5d17,0.8589121600500158
56928312feff0ba3,0.602703969990622
9454541a6582c13a,0.3462457017818068
e6e2f33f21d593de,0.04898405751797437
eaa2910769614f8e,0.15348859018443267
127bd9796d970cc9,0.34908408877774305
169858f0ea055525,0.10100656455142232
47a3a9c393a619bb,0.26778368240075023
d25e98683c74aa8c,0.4066083150984683
4f2ec1f813538809,0.6125507971241013
8e5753d72777a9ac,0.4760550171928729
d9cef172341ac628,0.9960175054704594
d2c6b2e087495365,0.7331978743357298
5aab483da67d16b3,0.4247139731165989
ad319fa45d964c5e,0.8997811816192562
730d677b8c968e37,0.1884682713347921
b1e38b684248bd0f,0.5112816505157861
ccd097c32d7ca7c0,0.3479337292904033
4cb0f5de29f8b8a8,0.561681775554861
902aa8ae7819a527,0.019831197249140356
36cc1fd78eea46be,0.9011972491403563
5b8a6b0aae157e06,0.6882682088152546
d371f4cddd5ab580,0.24639574867145986
a07311ae113f1cc7,0.8318349484213817
8ff382f017152a6b,0.6685182869646764
bfe18fe096f61209,0.41025633010315726
97f3a3f55f767d91,0.29102844638949676
a4058a2e4bbcaddc,0.8205282900906534
6dbcfd20040642cf,0.06391372303844951
42a6b3c10ef18f02,0.5907064707721162
9d7f6f4e136504fc,0.35954985933104094
0165f411bc818cb0,0.5624570178180681
bffe1b12bbe69fb2,0.6180212566427008
e01b40b1d6f30df0,0.8504782744607691
3201c568d1d26470,0.7478899656142545
0affa4eadbf1db83,0.8208158799624884
ddd3b7b0ab9f40d9,0.8975211003438576
ec738c2ec1bfcd80,0.0499030947170991
906a954f8e1fea07,0.9234229446702094
cdbfc59fb04fc180,0.8617380431384808
2d4770eef88200b3,0.02563301031572366
3d18600bcebb32aa,0.4264832760237574
3e050322f92541d9,0.34220381369177866
1221e13593768788,0.30349171616130033
e7ea980a9b3cc8c4,0.49906845889340423
398953f786ac4845,0.9047389809315409
e8efc32edeaa174c,0.8167271022194434
49f061e869ee997d,0.6157455454829633
17668415b4ad9f20,0.22933729290403249
81e71cda520c7c11,0.7360581431697405
7c48e5537ec69161,0.3864332603938731
7b6ba45bf7c43e21,0.44695217255392305
9cdc08694020bc45,0.7976867771178493
60a026b4a766753d,0.3401750547045952
719db72fef47ca30,0.3076148796498906
c0b5b808eb068fc6,0.49816817755548615
b20616efa1e51758,0.2869302907158487
d1c2190b7e54ae51,0.16935604876523916
88d71cf388b60bf4,0.736214442013129
c2394a42025bd869,0.9492935292278838
19b165b652dbcda4,0.7978118161925603
c17841139e5914a5,0.8215536105032822
5549a53bbf9d24be,0.7734823382306971
2da830aa5b2812cb,0.3420944045014067
fb36e8ea3112744a,0.4737949359174742
3dcfee7f0efc084a,0.8234448265082837
16a97d3860c22e1c,0.7790965926852141
6322b2e3f7dca7db,0.5003907471084715
a48ff3331f89fc6d,0.5084995311034698
e07a96472008d97e,0.949371678649578
42af4fb223127bc3,0.26541419193497967
4aa484762f1d25ae,0.704098155673648
c414fb964c9cbb8f,0.6796061269146608
397cb89e6ab8a959,0.7024695217255392
2e9d9d9e0a6af0ff,0.7064332603938731
fc32ff9c59a22f95,0.08062832135042201
5783d334ad7f831b,0.8999124726477024
dbaa31f9fbbb6219,0.043488590184432636
93eb228beb06de30,0.1686964676461394
482d6bc5204e5ae1,0.37837761800562675
7128efa4863f0362,0.5923694904657706
ba5809f410734a94,0.4480400125039075
a571eb5010a2e299,0.27453579243513604
ad6cdd09fea09683,0.675286026883401
fa9d2cf12e72efce,0.6860331353547984
a8ae0f9ef30ce81a,0.8923538605814316
3b234a17219db0b1,0.08548608940293842
25b24a0734045bd8,0.8681650515786183
771f41a483c9f8a5,0.45787433572991554
22a6c4ec274869d7,0.7376617693029072
e48895820558223a,0.08576117536730228
02c11767f29d0426,0.11492028758987181
d686fd200c65923c,0.9539856205064082
adfe117f01ca698a,0.032582056892778995
69f3b49837e76dc6,0.5426477024070021
2e72632e2ea73631,0.19630509534229446
3207b91e24e27568,0.27070959674898404
95f22517cd16a7c2,0.24146920912785244
543936caa0e83a72,0.3542013129102845
58c5c659df736b0b,0.06531728665207878
997b65e2ca34d529,0.25355423569865576
75bd9c566434eae8,0.2929665520475148
14088d0f66d091e7,0.9258862144420132
4014d97b63499622,0.4157611753673023
f9d10471eb47111f,0.82734917161613
545fffb7628e26bd,0.12165051578618317
9c45d75bebd4d820,0.015561112847764924
f710caef77284ef1,0.6600875273522978
e4bc3c14c4f4b1a8,0.46125976867771173
392b17be6354d3a9,0.5175773679274773
9cc8d07ee090f377,0.7544857768052518
b2fbccdb690a2b84,0.6639418568302595
291257ccaccf9d11,0.658155673648015
c9022a6ee3a5d7d8,0.2077774304470147
19a688707e160732,0.21909034073147857
84bef4f5323ebd93,0.8905720537668022
a3e5e1903e0e9682,0.4560550171928728
3b0297530613b732,0.15812753985620506
ca0fa3062d6f947a,0.7061487964989059
aba2a7eb167c6548,0.6782432010003127
7dace0a49f811059,0.693769928102532
522ed32d9fdf2d72,0.45693029071584856
8771c418cc219aa1,0.6185089090340732
1b8f8b528f041137,0.013888715223507344
a9112add272578cc,0.34550171928727724
e722b584b816d2f4,0.7395279774929665
324dcb8fa3962b96,0.540012503907471
ee84f939a7ab4e14,0.8234448265082839
f7a5683abeeb512e,0.27879337292904033
788dec8bb41081b9,0.0918568302594561
20880910f50c0159,0.5692466395748672
a55d2babd6ac6e05,0.061375429821819316
7c5af2b41b2f1889,0.5445670522038137
af9599e0e687edff,0.3018755861206627
96de608fb997caee,0.026408252578930914
ef99f60d68f58a7e,0.9524663957486715
59d2159096523cdb,0.9641481713035324
606abd74dcfa442e,0.7721694279462332
20fdb4917e7e9401,0.2197592997811816
a3a5ff27339bb075,0.630847139731166
b5ecb5c63b48ec75,0.7886151922475774
0a039166594e063a,0.1262269459206002
62bfe04683f51a3c,0.4393466708346358
b430c4d5161b59db,0.8857643013441702
a385f4145be5f5d0,0.06168490153172866
904e0bfdad64bd43,0.9611909971866207
0f4074528657c491,0.8234917161613005
39e4468b2f4b7935,0.46472022507033445
9125b00413b353d6,0.0825476711472335
fafd8063bc5f5cec,0.481325414191935
6b06401ff364064a,0.0714973429196624
e5c9addac3faca6d,0.2659080962800875
d12807d748517f6e,0.3629696780243826
828de307532bb29a,0.9364270084401376
2799da617b3128ab,0.19219756173804314
7b6d6ea6d9feff86,0.03082838386995936
0627c402fd75fb9d,0.9121600500156298
a1bb99f3b749279f,0.31212253829321657
ceac2c53c27234d5,0.04149421694279462
9b3de1b793447910,0.21147858705845576
76a426cfc81a4d2d,0.5064020006251952
abac3cc21ba1b309,0.1598624570178181
4e8b9323fa254334,0.6794185683025945
1a4205578a28486e,0.8212285089090341
fa7dfc3f7d4a1344,0.617158487027196
340b1651b36c8645,0.3820287589871835
73cf2e26157ed703,0.8086745858080652
87add43c2ce1b06e,0.5660831509846828
01717bfb5b3542c8,0.8721444201312911
70ca05c9213444aa,0.6299562363238511
0684a9a80bfd34b3,0.19974366989684275
8c2ae373e2809c29,0.2786120662707096
331341a7f1c33272,0.573960612691466
97078c12c161c701,0.5400625195373554
4ddffb1d8861cc54,0.12640512660206316
2dbc5e3027b4817b,0.6927852453891842
8fcb717c71bb3cfc,0.4568896530165676
58ed220fa88a029b,0.0289371678649578
fcad4ebd837b0031,0.2994967177242889
0792e52fe2c9b711,0.7847483588621444
576de6970c4ba90c,0.6250171928727728
930888a00b16e315,0.807527352297593
bb00b59f720aadc8,0.7076430134417006
05aad23e028bea27,0.4816567677399187
0ccaef7346d2eebe,0.48757736792747725
bc31c0a97c89dac1,0.8366770865895594
239478b0c695aad2,0.3941075336042513
6d59238e91d3c6d6,0.5234229446702094
02b6f6002980042e,0.8438699593623008
0164fc5fb575ee2b,0.5055798687089716
d8ba5ce01fe8a09d,0.7037886839637387
173b378df818b167,0.08340731478587059
7f5edae9b09a208c,0.5922475773679275
0b5662c2a594c20c,0.7263457330415755
55ba1dbed1a641ea,0.686092528915286
c944ecb134192652,0.8626101906845889
3984b7d478aec2b1,0.8943919974992187
f6ff304e4f459ab4,0.8686964676461394
a49951ac9b42ceab,0.547336667708659
4b48ddb6a65e584b,0.952432010003126
624009526008e265,0.3745045326664582
9ca1f3fd0ed031b3,0.6247733666770866
dd7e10345355a17c,0.44264457643013433
a324ae18d57bb12f,0.6413754298218193
f3aede6892999fdd,0.3419349796811504
798f779dbd13fb6c,0.8632697718036887
21481b4c28f91b47,0.1253329165364176
8529066c088169cd,0.020500156298843386
7e93ed2093de4112,0.2635261019068459
51687c7ba8a553be,0.6580150046889652
4ad8b585409698e6,0.08617693029071584
eca2dbbd4829118c,0.6208596436386369
7a9bea3f50549e57,0.5193904345107846
e53cb4d81fe012e8,0.5847577367927478
25e3af07b73ccb43,0.334576430134417
939b59f220b94ec8,0.3626539543607377
9618c75bab14bdc4,0.9017943107221008
2ac483615d4696d4,0.9105814316974055
b357b45b22852d5f,0.19711472335104718
eed158b983054ab2,0.17041575492341357
25b699ec3d33020b,0.9094810878399499
fabe692869cbf6a8,0.04334166927164739
e30cdc55701f891d,0.5273991872460144
4e247c59738e0754,0.6453235386058143
eb6c93bf83ef9f01,0.8201719287277274
4b2a51b89182eb2f,0.7106314473272897
920800c7a752c35e,0.020703344795248515
00e3f3638706ad20,0.5285182869646765
3b68344f608e8cf6,0.18431384807752424
bd0092d0e87dd02b,0.3731666145670522
d3020752ddea13e5,0.5941231634885903
679a41beeaebf503,0.8000343857455456
7fcec9e71dcf18cc,0.31924038762113155
735724a234bf2816,0.6810096905282901
31cdf3e24ce53af5,0.46301031572366363
58b83792be0f6321,0.8512628946545796
2a84a58cf96025f5,0.05916223819943733
9fcedeea63586bf0,0.7643294779618631
d9de7aba8c682fda,0.15580806502031885
08572215a3892815,0.3842263207252266
b488884763d551a2,0.7209784307596123
c30e80405d6e58b2,0.2096967802438262
0c86a250e70f6eb2,0.4783182244451391
a11c15fcf4597f82,0.780915911222257
2caedcb4ee1a4103,0.881269146608315
f91d05eaa3df539e,0.4841981869334167
8bba0a98ae140af5,0.7974960925289153
a987e81632676043,0.673619881212879
f50807d17b5c038f,0.7908502657080339
ee12454070596716,0.6080493904345108
b6e0190c3e5766ef,0.9431509846827134
a57b30735e272a29,0.05622694592060018
ca66fe2ee058013e,0.7062394498280713
1969a8349757d32d,0.5251922475773679
a5bad4f4702eb96b,0.23516411378555802
2f4ee5ef7a9e32ab,0.9683276023757424
abb1f9350d96ed70,0.3250703344795249
8a663152856f606b,0.12680525164113784
5965e2be33eecfc3,0.09487652391372305
75414a1e69d6f205,0.675314160675211
0d6362f82430762d,0.6391559862457018
cded8976cdbec569,0.564438887152235
2f21d9cb88d7004a,0.6682932166301968
bd0809d01c93396d,0.9284526414504533
d368fd4152e904a0,0.8216786495779931
7a088b0bef4cb74c,0.37291028446389496
dad9460a25f9913b,0.9164520162550798
50f138449e3fe2e8,0.4780587683651142
53eecae41b9614fd,0.8725570490778368
c88755b5796bc0c9,0.8484870271959988
1b2bf22690f55b23,0.2807752422632072
4c0b6078692f7c89,0.5391059706158174
d310596293c8f04c,0.5681119099718661
3a724ceda4c76f9c,0.06371678649577993
57c2219b4f1a0a5a,0.6971803688652702
6069a9ccdba45516,0.5414879649890592
504a8185dad726d7,0.6141950609565489
c950477e87d58094,0.1266458268208815
9f1e86207b2be555,0.9023757424195061
69051b19215e3e0a,0.5767145983119725
7f70b72d97083c7b,0.7566427008440137
61279ec74a6d3645,0.14259143482338232
4a35368f7daabf53,0.40472022507033456
8730f5f1237b818b,0.03943419818693342
f9492b545b552f5b,0.7117349171616131
a5e99c4117b486a0,0.5097530478274461
c10ccbadcdafc1cc,0.1420037511722413
e0d15a865fdfb988,0.24949671772428886
eb916f460ee1b545,0.40808377618005637
1b7bb61fe350c5ec,0.2620506408252579
03e5516590f20096,0.4100125039074711
18e0a9eb3145a82b,0.07033447952485151
39cab30b8f09a081,0.9889184120037511
dd47b13d3aa2de79,0.22344170053141607
6a431bf1b07deab0,0.8194091903719912
2b0db9b43f8d905b,0.5708971553610505
363b638b117d0e37,0.02759299781181619
87518c28a26f4d41,0.0012285089090340734
3e73b6c86098ef20,0.7149703032197562
f7580d024f627389,0.1963019693654267
626946bf85055423,0.19786808377618006
1d4ec81574db910c,0.4362331978743357
eb3384eb6ec0ee10,0.18228508909034075
ba1a0a18164d2ed4,0.2384745232885277
8736a356e18687f9,0.17831822444513915
f66ad6f9a0d13057,0.44780243826195687
6781beeb2a94c80b,0.4792778993435449
45ec50d9e9b762dc,0.09207877461706783
f993d49be31858db,0.5426602063144732
68630d40b3d8c8a7,0.4324788996561425
790d0e863cbc896c,0.19445451703657393
6b9f40e1b5440454,0.2262113160362613
5bd12aaf1d87cfb6,0.5475304782744608
9593f8af8e49622c,0.27591747421069085
7787873ef39eb65f,0.6970615817442951
3b43be2428bd133c,0.3464457643013442
51614174133f7405,0.7484182557049077
90ef1be7933c7d32,0.24778680837761802
b9b0bc5968838ca2,0.36349796811503593
34854ac0b59be9cb,0.5597999374804626
552972fc397a3d7b,0.5762738355736168
538cce811be930f6,0.92158487027196
3684947575a87995,0.930437636761488
3458934dca749c27,0.5191684901531728
777593519303d6bc,0.7246233197874336
c998d0d7e544f18a,0.5896311347296029
a23ad55fcdc44126,0.712907158487027
628f59b52e0f1abb,0.9345889340418879
f55fd4a896009b37,0.2266364488902782
891966bf8125b263,0.1019193497968115
31a036f4acb27daa,0.6893404188809001
b329a2756c4e7e5c,0.1292841512972804
4abec7b3aa11b00d,0.3145045326664582
506d7e6eca5fce8a,0.20443888715223513
93767eb66242b1fc,0.9313816817755549
f07f619af08f71e3,0.9773773054079401
067779ad870efb29,0.4703501094091904
5772509431f3d5d1,0.6385307908721475
562161d24bca87e5,0.0376461394185683
f3e2eded68a25564,0.2473960612691466
4e9f50f16ba04465,0.2805970615817443
a4208a55db792b95,0.35378868396373875
9540d1c34ce10213,0.29386995936230076
3b047ea1a379c251,0.3636105032822756
90c24520deb11d2d,0.38536417630509545
174bf54853f8e212,0.3683088465145358
e32af9607e1574ac,0.14747108471397313
177d7eaf2ebe4bb3,0.016620819005939355
1d3872dea5918cf8,0.7939981244138793
b6641f418df5107a,0.5855329790559549
7b0a91f0c2754446,0.9072741481713037
3074d01b6d512da1,0.48930915911222256
a1ded8ab2ac8cbc3,0.27719287277274146
99d24231acc81bda,0.8623694904657706
ff0efc6b635f0dfe,0.4732666458268208
4b26bc2a5271e828,0.37776180056267583
323cc294321346a4,0.5415254767114723
1c5da1e20342a0bf,0.4760675211003439
4f414677966cf8e5,0.31006564551422316
a08962f7cf8ef6ea,0.958265082838387
e6778d3ce59810c5,0.16059393560487653
944d32b8f9e9db1a,0.9723569865582994
e5c8bee2002b6ca3,0.9169052829009067
fcc9190b336ccdc9,0.15100343857455456
d8c0de2ec20dd583,0.509821819318537
fb55a45c51379250,0.11462644576430134
d6e81f789123be62,0.3708565176617693
2653ffee6d9f5abd,0.8914098155673649
daf885e44112d6f2,0.6884745232885277
a75fbb195a5c31b4,0.9935261019068459
d6946d6a1e5de8e0,0.4367239762425758
262eea09fa9fdd15,0.09141919349796812
0661f0f9daa76a96,0.6199781181619257
3796742963319893,0.9196436386370741
b7d31b3502739b04,0.6767833698030634
ca3ab2b2441679fe,0.5359643638637075
6ff3c95261a2e60c,0.12922475773679273
296198ef516bccfc,0.05100656455142232
fd7387d23f2c2e12,0.5565708033760549
705f7c9f6f9a1ddb,0.19058143169740546
664080d9a44e09d5,0.06168802750859643
d7bfb116b3f0171e,0.6329509221631762
df7650f2e15b685c,0.5410878399499844
13d553333a49e1fc,0.19046577055329791
d60997f0da2b3161,0.09695842450765865
e3dc5b0748d9d1be,0.9926383244763989
126cc7a3354c3a59,0.07263207252266332
68c831e307f80c40,0.01723351047202251
4c10437c6f1f749e,0.9905251641137856
4de56fff18170df4,0.24006877149109096
93ee64e43ea9b0ac,0.5703438574554548
622e27b7a834d371,0.7973679274773368
8283fa9a80b68052,0.2445045326664583
3cbb48910802e9b0,0.8084463894967179
898c4451fed60e39,0.5237292904032511
560b7b7af9fe8dd1,0.5604939043451078
bcc595e893e2a797,0.3123726164426383
cb2fa098224a9f0b,0.6669584245076586
9e2a88f835bbb5df,0.6315223507346046
07e1bd9a166bc257,0.7830384495154736
10fdd890be2462d8,0.05092528915286027
34a7adccbdf4dbe6,0.8248421381681776
5dca94f6e13922ed,0.2785870584557675
be032af3265ed2f8,0.9765551734917162
afebc493854ff065,0.1408221319162238
755bf2132b96ea88,0.06238824632697719
11b6872eb913fe4d,0.08818693341669273
5a73131a74b5e6f1,0.2913316661456705
a1445f34ce4c970c,0.6865770553297905
c84303c64f096b4d,0.502772741481713
ee5a57da13fbcab4,0.7418662081900596
9e237fe51b937f8b,0.41827133479212253
04c0ce452fa54511,0.5514223194748359
e4cc4cfb493c102c,0.6988090028133791
13ec6848e5d8c7ec,0.2847702407002188
8b117511fb3c0bb5,0.7964457643013441
45109a7dafad71a4,0.9355954985933104
be5d51769b283a70,0.7836323851203502
4b049c030fc355f2,0.560640825257893
e1b125afa19663b9,0.46631134729602997
7f5ee99bec52fb31,0.9370740856517661
0ea477a7bb524c43,0.5224163801187872
b2ef814029a4593b,0.7092685214129416
54642bb90de7c651,0.22608940293841825
5562db51544efda6,0.523798061894342
8c3fc61ec6b0570c,0.7259768677711785
19990ada3d732a59,0.8309909346670834
d4a097538c2270df,0.6401844326351984
a8e6780d12272bb2,0.8255579868708972
0de7c0afdf2ac64d,0.6292653954360738
ec3a682eb391eb7a,0.49631134729603
de499b3d3aa77620,0.409549859331041
bb95d7738f26c137,0.3924663957486715
76de6c48fb303a99,0.787883713660519
f54db052a2c1bf61,0.9010003125976866
d2b45f024d0f9012,0.8780025007814943
26693e446f60e43c,0.4819130978430759
00fedb2a014dd220,0.3631103469834323
8b353042d65300c8,0.8724507658643327
90c55b1f3ca98c5b,0.11431697405439199
b874c35d79d74f6c,0.5960206314473274
d482eb847a0a40c6,0.3508783994998436
fc4d3a97478802f1,0.39278211941231633
0a7a2b85838db506,0.1387089715536105
c697f27fe38b040c,0.25652078774617065
a4d2009627d556d9,0.6348796498905909
1c403f2124470ed4,0.06133166614567052
33627e42df750fa3,0.09448265082838386
ba9bd925e360f225,0.4487058455767427
ea28b791d0295ad0,0.4615348546420756
d149d439304c8705,0.06935604876523914
536b709bf5515eeb,0.3089621756799
88c0a8061e7a3795,0.7230853391684902
8764acb490f19b62,0.23985620506408245
417f76acebadcb48,0.8632603938730854
475869c5be3c507b,0.49786808377618
3ef8009767c7fa25,0.8845389184120038
b554efed5fb706fa,0.881544232572679
84da50183b024285,0.27218818380743987
a4b1d18f46aa981c,0.0499030947170991
9b47e555a004cdae,0.27754298218193185
ef262814960ff13f,0.6689496717724288
5c0868ac8eafc7f9,0.34855892466395744
db15a0f6f796aefc,0.04704282588308846
9e813d48e7fed678,0.6746326977180369
7e45e93f027eadd9,0.9200593935604877
bba24189518e4411,0.8080556423882463
80cba429bade3fd1,0.04986870897155361
ea2c64045d0a1c12,0.6761237886839637
6eea65bf31a2bde4,0.13946545795561113
986a532aee033e7a,0.30068146295717413
d254bc6437766f3e,0.32080962800875273
3c2c4044a5a205b7,0.3573679274773366
d1698b7f7ce2ac63,0.6869865582994685
5615043a1f36b137,0.07964051266020632
fcb9321c88377fa5,0.012022507033447953
885250c55edfcb6f,0.557296030009378
f48232723a1bd05d,0.9714316974054391
27b4eb77530a112c,0.17690840887777431
98a1669bde0eac7b,0.9497342919662395
c85cfc3341c8708c,0.07005001562988433
8043ae38af9b3ce5,0.7812191309784309
babccd7388fd8c21,0.4926414504532667
28aeae730b623cab,0.17195998749609254
4bf1da87dd838f3f,0.0884370115661144
8da93da167404e45,0.7642482025633011
4a0a3077b5581645,0.6064488902782119
bfa2d19017923568,0.5213723038449517
5f6e00c966c5f59f,0.8775929978118161
52c9dbfce9f1b95b,0.21055642388246326
cdfc3b9f626b0845,0.5198468271334792
5e6ad4f66342dce9,0.7224163801187872
42b0a534c0da50ab,0.3534479524851517
e454a16a94a43530,0.3519130978430759
1b6c9c3629bff42e,0.8854266958424507
3d4ea2f562e04d67,0.1088402625820569
e5e88946dd245e5b,0.5150203188496404
7c08fe11ea59472e,0.6194185683025946
48716b8ef3837856,0.3034385745545483
22cb220fb3d03ef0,0.7737574241950608
ad38c3a4c4f92dd2,0.25824945295404816
439506f46710d418,0.5636855267271021
e6d46d90ae71b635,0.4878243201000313
cc306ba2474886f5,0.1286683338543295
c3dbfacba8b29888,0.11343232260081275
3349746bf536b40c,0.33155048452641456
254dff7f2f5e27da,0.04593623007189747
5f715d9d99d8aef8,0.7038918412003752
28877bba74273a2c,0.06787120975304782
0837f11e1dc53f72,0.915926852141294
700d9c6e6406ca13,0.7995373554235699
6e0d475eeeff64fb,0.4723007189746796
36ba7c400d24c8ad,0.058587058455767435
8c371f8737f1a2dc,0.9922100656455142
163b4afe1f475ea0,0.9386964676461395
2e2c632a9af9b807,0.9201312910284465
a891091666dc0643,0.8052641450453266
a990b188a8200e9e,0.08711159737417944
e0da7835cc3694da,0.47923726164426383
6965bd28dc460b44,0.1789527977492967
84b4fd2717d4bf2c,0.3055517349171616
0544118474e570be,0.4157361675523601
2437b2d4a2e8ae82,0.9910190684588932
647299fb2ba00e43,0.07078774617067835
7372537f1eba1dab,0.8947327289778055
8854c27e996efd14,0.5317567989996873
380235b034a986da,0.942091278524539
a2d407f16ff373fe,0.8638543294779618
0ed19a3a868aaa3c,0.4157142857142857
c173b6242dff9b1c,0.38554860894029386
2043889f64f744b8,0.5914942169427947
19989bc6ef928517,0.6069552985307908
d0665c65b0cf8d5d,0.8863082213191623
2b072792e895a81c,0.10957174116911533
c531857150c9674b,0.5198124413879337
bb56bbe97134a4d1,0.21409815567364804
3e062b6117c4918a,0.44752422632072525
a58a4c24d35bd7fa,0.7251109721788058
4ea7721e8c059b2e,0.2314879649890591
32a75809119cf7bc,0.6064926539543607
e4794a0287930fdc,0.4551516098780869
028903129d296567,0.580025007814942
910a3bc19a45f893,0.8424195060956549
afb4e9017f94d52b,0.1383838699593623
8c75ef81ac907000,0.6208940293841826
de995213b69871cd,0.1416036261331666
593b54413b1695ee,0.6287777430447015
d68b798f72ec2a7b,0.17326977180368866
2abd97afe8848116,0.04735229759299782
b80ebde982296428,0.6118818380743982
dbe8ab13dd1f44f4,0.11935292278837135
db6b5f2104046f55,0.6276398874648328
1f67c146861efa15,0.04427633635511098
38f490199f1306b5,0.46061269146608314
dce69a47bd1feb56,0.36733666770865897
12cd790efb4486a6,0.795654892153798
d5806dd0784560a5,0.03765239137230384
207f45be2fb83671,0.8221944357611752
848e2c11fd115b35,0.6358268208815254
0f9d093c9db25458,0.7348515160987809
13e9da15ed290868,0.37136292591434816
8c584f6c1538beaa,0.010096905282900906
5fcd3e5896568513,0.9186402000625195
aa1f013ff05a59f3,0.35914348233823074
eb2bbf6f740d132f,0.13725851828696467
51fcfaba58d7f511,0.8876680212566428
abfff37a1f178105,0.8100593935604876
918258103a71c3ab,0.21100656455142233
99beaa8c134356ed,0.6400031259768677
f3d97c979517c08d,0.7148358862144419
577a00d787373595,0.8359581119099719
d71bd663eab2681d,0.7057736792747733
3b59c956b239b3db,0.24116286339481088
9115eeed93f30a1c,0.16333541731791185
3d992bc625e7dad1,0.057521100343857455
4db07f6033192f9b,0.11199437324163801
a58a45e9afd5b405,0.6794185683025947
519774a276bdada6,0.8021631759924976
50bc50ed77a01d75,0.5191278524538918
d608451c67dc5cfb,0.5153766802125664
2856ffa4f0a1ce80,0.44492966552047514
2bdff8f74778c4ea,0.18483901219130983
068acd67c99550cd,0.6339824945295405
6123220972766a4a,0.5395654892153798
c4d534fff3fc5628,0.5951734917161614
9fc3fdf14ea045ac,0.4363301031572367
3f86edfd0be75ecf,0.49574554548296346
c36573a6175092a9,0.7009940606439512
7c4df8c2f29666ee,0.03528290090653329
3c791b72118b74a6,0.49953110346983437
747b04b604c95fc1,0.1376680212566427
e780dca0db5520a5,0.15371678649577994
af83daec6d450e57,0.43485776805251647
5d4ff9f52e2e4f34,0.6527727414817132
b2b8e551d87be54f,0.9989059080962799
203b6e0e0fcaa971,0.5400093779306032
eb36b4336605a7d6,0.5391309784307595
14713adcc060333a,0.5602750859643639
251c0c9a3789eff9,0.8374460768990312
0d0e059449af50d6,0.26806814629571746
63b1850f6f5df5d3,0.2996717724288841
90ace0c383247390,0.14306345733041576
1ba1d1cb2d6d1bb9,0.1961800562675836
dcb2cbe56ba92129,0.06703344795248514
88b8fdeb6d82597c,0.07696155048452641
0ccfe20a4b77ea6e,0.1926133166614567
3482a5b15357f00e,0.11792747733666772
6d71348fed8b9c4f,0.36188183807439833
f8723e3306bf7c43,0.9591934979681149
7ef77b74f9baecb6,0.28472960300093786
bc80f01834269376,0.24658330728352607
18da383af4fa3cb8,0.8511316036261332
b474ff492fb9a94d,0.1323757424195061
d157b8492ffba0dc,0.09743669896842763
cbd2d4eb5123804b,0.8671241012816505
0f9515404031e965,0.11155361050328227
4f1dcb8a1669a31c,0.7937042825883089
28c27ce346a7a7b7,0.821381681775555
58928eff8cb29089,0.5931666145670523
8069cea0e02052d2,0.0871491090965927
3b583c05db5ea4a6,0.08472022507033447
36384df41240d0c1,0.4644889027821194
15e9a245d6d06a3e,0.805836198812129
d2dba561c29b817d,0.4946201938105659
2a507f7014709986,0.8227758674585808
a27e43abacf3b1f2,0.8973616755236011
686019b683e849d6,0.8620475148483902
9a3663eadae7822e,0.7013379180994059
f4857bb0e0b52a47,0.4449390434510785
29f988f929e638a6,0.3418099406064395
cc08f5318b40d7b5,0.10705220381369178
3aa8c59d9c5dc7ac,0.5538418255704908
eeeb124ea0b0d51f,0.5149828071272272
c422bdf822a0dc56,0.7909596748984058
98269904767a2636,0.1808565176617693
e6cbd02151c72662,0.8974241950609565
5e7bd880681d9f61,0.7284557674273211
fbe456da262eaa3b,0.5866458268208815
dfe3e7968ec080ba,0.39838074398249457
0e9ef351ddbc9ab1,0.25040637699281026
2902b3339eeca5e3,0.6162113160362613
a7137a063b883e92,0.8535948733979368
b733ad3dd8899d06,0.2956924038762114
44fe9234ab115e2f,0.8906720850265707
000b03fc8664c7d1,0.08143794935917474
9020a01496eaf633,0.7607408565176619
53b7a21b0f4cc200,0.10914973429196625
20cc306cbb1c6bcc,0.9431572366364488
debcfcb981ae0125,0.15735854954673334
802bd1039c3e6a1b,0.119890590809628
5f5c21e0b6a4d4a7,0.17241012816505158
4e1d92bfbc009b58,0.7196905282900906
644c03f056f3bf9e,0.8484588934041889
3b4855d86d450661,0.24844326351984997
dbe1c9a9d3e563ac,0.2380368865270397
2fb49e6e63bbe8f6,0.7665958111909972
2347ddad2e1b095f,0.541078462019381
e315a627d1ca8573,0.807267896217568
0558a476ace81c15,0.5211691153485464
4426fc96456aa43d,0.8234604563926228
ee5092888f963b26,0.35145983119724916
57886ec9ac1bcba7,0.9371678649577994
69e1947ef1a19192,0.7145514223194749
af29d6fac97c87a3,0.323372929040325
6952926383750b48,0.2544763988746483
b6e14b919c7ad1f2,0.14366989684276335
8d09ba7da0267580,0.7476555173491716
40e7e13ba421c25f,0.06945920600187558
c3d8677083122b80,0.8669209127852454
e41366313db49145,0.1846483276023757
ed95e31015c5959c,0.6936261331666146
64f0bef89a702494,0.12013441700531416
81918dc774b899ca,0.15123163488590186
dc9dc895fc8368b6,0.43891528602688334
ea0dcc9add9ba8c9,0.6262832135042201
c45a009981cf2faf,0.8197499218505784
ee4eee5c2cad18b3,0.20963738668333853
4b8886ccb99d4b95,0.3435229759299781
a11b7637d21059b0,0.27451703657392934
ae6bfde3685ef5dd,0.09529227883713659
095f96ba3b90f727,0.49181931853704286
c800465fabd83658,0.07492028758987185
c75993f60039bc22,0.6151203501094092
15b2e13c51d54758,0.44765551734917153
cef343af7e936391,0.6000187558612067
bb9e37137f42fad4,0.5086839637386683
b6f54b152f0f2c28,0.5842169427946234
54548a1370ae962d,0.5232260081275398
774675091e96f38e,0.08104407627383556
64db0198c907fdc5,0.17083150984682713
ee3a2eba79a61cd2,0.2690684588934042
d87ea92ca2504e8e,0.9514567052203813
493f68967d2931dd,0.3392403876211315
33c5bd3953cad989,0.3729571741169116
31719675e9834500,0.3861675523601125
283d0d3d8afdcd48,0.7911284776492653
0954b46131527b56,0.02344795248515161
c7f99cdcd74ddfb2,0.900503282275711
89e81b0750c67025,0.6822882150672085
ef2e114a293d6051,0.18963113472960297
3eaa82eb74b0d2b9,0.9713347921225384
f115b5827c53fdae,0.8964207564864018
5b981d50572234ec,0.45720850265708035
bc2a7ac2fb6ad312,0.7857330415754924
cabb5fa14742de79,0.9003063457330416
9dcd899d3120d04e,0.12433572991559863
5bf75dc153469005,0.585342294467021
a99c57a3cfd238a9,0.9075367302281961
7d3c73f6e6251236,0.7609127852453892
79c824cab095ef0e,0.5249796811503595
50457f03b19ce000,0.767214754610816
72ea29c850f97747,0.5207127227258519
949aabf35ccb0c4c,0.6314723351047202
bd3b7b9b5cc3a346,0.4363144732728978
581ae7bcf533000a,0.17259768677711784
f944b728b8eb9aac,0.4429477961863082
6add937f4476df2c,0.6180994060643952
478be273b158fbf1,0.12993122850890904
43c1856ef31d1073,0.865042200687715
8f97466fd3810c1f,0.19704907783682402
3ae22b8a964781ec,0.6157111597374179
82ba55bfceb0ffbd,0.46886839637386685
5966bfc14b304d05,0.5600031259768676
eedd90867e3cd9d4,0.021259768677711784
99db9ab5fdf84102,0.1381994373241638
6c6761878fa11c78,0.6529009065332916
731bd2e8496a9b0e,0.12615192247577367
9f1fd83e49b82f88,0.9486339481087839
51a2cc12286941ac,0.9898030634573304
7b60067efe8e7c4a,0.7611941231634886
7ba8d7a5a2f30106,0.9537324163801186
677aebcf5c57a29d,0.4686808377618006
c2e6810f10057ffc,0.5304782744607689
f770bf49e8b32f7d,0.6482932166301969
d999d97cecc80f08,0.7498624570178181
225695249568ef3d,0.9538324476398874
64c347ce204607a2,0.8105345420443889
8b972fc1665f8aff,0.34613004063769925
fd3a180f558ad235,0.5929196623944982
f24ea2f162b99780,0.8076523913723037
71edcfb193fa3be3,0.8588840262582056
4507c7c846e862ed,0.4590590809628009
ac51d145f495fdf8,0.573372929040325
3ab5c54552e9add3,0.6674492028758987
0e545a1fa4aecf83,0.1322788371366052
19eb7f93e53f33d0,0.32919349796811503
f4653f53352a740c,0.5998061894341982
c716d718820e66c0,0.29618005626758365
a8a2778b42759e84,0.7099374804626446
d632ca08f997e38d,0.06590184432635199
47c56ea6034205ca,0.12095342294467021
f436395245784b88,0.9556298843388559
ddb7078278325022,0.25385120350109414
1c24525f31c1953f,0.807267896217568
7c7e6ee56d6ea5c1,0.8110690840887776
0e67b9cedd55f492,0.2915223507346046
a585afa6cc802221,0.25199124726477024
132bdb2d81abf434,0.5879899968740231
cdafcf3dcd774b36,0.6422694592060019
5694f780d2c8e463,0.10178180681462957
317ba4057a04aa16,0.8285901844326352
a92ae25f2defd1f4,0.5599124726477024
ff0073be9d8669a3,0.9261050328227571
2c4d6fd16e7da4d0,0.49615817442950927
e8b93ecfcfcf69bf,0.45266020631447323
aecdf632644c9922,0.7391372303844952
0f4ac8759cecccb4,0.12353235386058145
ae0ed79b3f56091e,0.6363988746483276
492dcb545fd160e3,0.4490903407314786
b6feaae9a6963540,0.31422319474835886
10bc80bca38b6418,0.27667708658955925
d8bf52f15b58b474,0.17470459518599563
d590d13d8a0daf0a,0.5978837136605188
bafce96906ba0c73,0.27646764613941854
15a89b9d9a174795,0.3033010315723663
3c895a00e202bc6e,0.7942419506095655
62100baf87d531c1,0.46648327602375744
8ea52f2642c87cd9,0.4846983432322601
78bf3db367f46ea8,0.9374523288527665
7303626be6419b04,0.7915442325726789
86f2e3f9f88bf00e,0.9473522975929978
39921131b7d48cf3,0.7631791184745234
7c06255c489ce455,0.8658049390434512
2a0f68fcd60099b6,0.8135292278837135
968f899504b28211,0.6644763988746483
98dd9df8fdcb29f4,0.6695811190997186
ed55728c47c8b666,0.16187246014379492
0e54abd540000681,0.8655798687089716
2687ae2ad26c6497,0.882116286339481
afe3e3f4edc8f7b7,0.4626883401062832
3d8ff2a3976b69b9,0.4987683651140981
13e6deb5f77cd1f5,0.5257049077836824
8c8711be796262dc,0.3376805251641138
8eb1ab06839664b5,0.30157549234135667
dbd58b32bf776c26,0.15098468271334792
4be0c2fba004271c,0.6834979681150359
a0f6b49ec1b86bc1,0.8874773366677087
3b33e5fb16341fe1,0.7988183807439826
d39f326ae61cb937,0.05432010003125977
00e28c2a11d38c61,0.7566802125664269
a55c74a9759fd56a,0.13618005626758362
8bfd04b0788122e2,0.9740481400437638
895776a9cf9c8d43,0.5209409190371991
7ff187535e206416,0.9886870897155361
b2d991e4147a68e0,0.22299468583932477
b62ae246269c58c4,0.9019787433572992
b8af731f19b5c84d,0.0535573616755236
19f5143484b38101,0.7782150672085026
982f6a3f1bccc6d4,0.111953735542357
2cdfb20347feec4e,0.8969959362300719
5b2d62e736467c16,0.30018755861206625
f85bf07959deae92,0.13431384807752422
8e923fa1dedcd01b,0.48204438887152246
93b3dea6a99fe31a,0.39793998124413876
8bc3af23b3d5ba85,0.30459831197249143
91db39152bd6ad50,0.9854266958424507
d911a9c74b505826,0.8393966864645203
0e53e628826772d6,0.19346045639262271
14d7b607e5e3f0cc,0.36358236949046574
f3e8e3469f0aab7b,0.05742419506095654
b9c36eb092bb275d,0.515958111909972
9cff3e265921dfed,0.8395342294467021
585bc81acbe5b1ec,0.09104407627383557
15f8e68c7ac23dec,0.3690997186620819
a37b05bbb09f8496,0.897730540793998
4f31f80a263d61dd,0.2752766489527978
6a3987a9bab31c44,0.09633948108783996
9f59a5ca5ae6d119,0.3931947483588622
afc6cb824b3596c7,0.0638074398249453
64dcbe6f4ac8de61,0.8728790246952173
1fcaa5c3533f63ca,0.05353235386058142
a266793e0c2619d2,0.8159612378868397
598af3378495839d,0.35981869334166927
b40ecfcda1506387,0.16591434823382306
22537a4c1f1cb22f,0.33136917786808373
8c5b78cda30c225e,0.6491028446389497
3239189122d043fe,0.45915911222256955
4b34859a41dd8627,0.297977492966552
7577c8941b2e888b,0.073100969052829
8ef15229dd291883,0.07330103157236637
3332780ef14cd99b,0.7346764613941856
f93d1a6ecd62d897,0.8210409502969679
9505f55ac00dbadb,0.7653391684901532
7c1831bf48bd728b,0.09063144732728975
17cf81ec2dede54e,0.7552797749296654
e84c6f3155ec9762,0.9862769615504845
e894ec9e0ac2e7a5,0.8428571428571427
c307472500eaf782,0.8531478587058456
96de47679c4cb6b6,0.2368771491090966
e0dd44e7040c3168,0.6178305720537669
bd9e6bd2fcf5a54e,0.7371428571428572
0382e0d155285962,0.46513285401688026
509eccae9abde09a,0.8820443888715225
f2147e0be04acf5c,0.5642200687714911
f3a6b01cc0938196,0.8610034385745544
c1956069b7309004,0.2767396061269146
2292dd5e617286e5,0.42479837449202884
3644d81639ce9f29,0.7644295092216319
4a5bf3e5c85dbfe9,0.1793185370428259
095a4f241c64795f,0.9318818380743983
aa45545b6df75be3,0.8585620506408251
ffda21a7e2973492,0.6555986245701781
662adc1ed3e8fd43,0.4927977492966552
218ae6cc5968ab6e,0.9651266020631448
316379f30810e1c6,0.5900250078149423
eef8a37b8fe20ec4,0.94847139731166
d9a0aead3407db9e,0.7301594248202564
f0c65e7320950a84,0.8159518599562363
4625132a59dcda74,0.9680400125039076
ab1c8b0c3967b656,0.9453798061894343
f00224def382933b,0.607677399187246
090051f10ebcb768,0.3734854642075648
2a0c37f157e82f1b,0.49211628633948107
61914ca3afe42c15,0.20884338855892465
a9fc0e9ff5b0e706,0.13628321350422007
f548f7ed3074067e,0.14965926852141292
9aec70578372daed,0.18466395748671457
fbb0734a4e985290,0.2475867458580807
a8cd11786e7fe2b1,0.38547358549546734
6a4338f210f336ad,0.3121569240387621
cdb63c81014bd072,0.35613316661456706
2c5a98b60450efca,0.44119412316348855
2337a75838293036,0.08082213191622382
a0ed386ea018cce6,0.45714285714285713
db76609f02b3bb31,0.6846514535792434
597bd387a63987b9,0.8956111284776493
bc7571c47a54ce9b,0.38788371366051894
547510d3ce221301,0.6553204126289465
8e84181f60b3ec91,0.4465739293529228
13880ba898b8f597,0.9596436386370741
9ee1fb0201512e8b,0.9550547045951859
48aefa3d80da5764,0.2506158174429509
498d517a667856a7,0.5357080337605502
f07b0e35881505f2,0.206680212566427
1df225f3addcce26,0.14297905595498592
84a772cbe6d216a1,0.29889027821194125
f0e4a70f82f01004,0.6149109096592685
3b639af3777f4c39,0.030362613316661458
b9f77a4295400abe,0.04168802750859644
7d646e2fd78953af,0.08760862769615504
4127b246e0beff6c,0.23450140668959046
2321d1fdb21c809d,0.06361362925914349
9936f8d7184f5e10,0.0480275085964364
e2e9ef0520d08656,0.17328540168802747
0aa9b948dc8766c5,0.1593154110659581
d96df85b5160b1a8,0.3050640825257893
3bef9584524abbef,0.6447452328852765
806989faeae50571,0.13863082213191624
6fedd263e1290110,0.7452047514848389
5762314e60a560e2,0.8773366677086589
748cd550549c514c,0.5439918724601438
58a8e997e2757de6,0.12834635823694904
c13887db4b2ded8d,0.7182306970928416
eba0106899e8fdf1,0.7649609252891528
a947c7f89cb176bf,0.9405189121600499
4ac4a17692a2a70b,0.06277899343544859
2fa4409e1b6a3d85,0.6701156611441074
a783eca691369f3a,0.41302907158487034
e6e45dc137aa0511,0.08705532979055954
c589fb4e517e579b,0.39437949359174734
0535f48557a68402,0.7064301344170053
48e423add1624f2d,0.7440450140668959
d20110b1a6f20e55,0.0746420756486402
739f7cc76c78d0bb,0.806667708658956
2d439083c11f62ae,0.8465801813066585
0c74bc780e465296,0.1122444513910597
52294576789c8ec1,0.8022569552985309
99b2421c51d37084,0.13776492653954361
de49e465a4c970c4,0.8497968115035948
4c88fb93b8d12270,0.09354173179118473
dcce15e3b59d9796,0.13394810878399502
b8e0e09067432f1c,0.8735104720225071
962f882f18c11d46,0.32385432947796183
34753ee28116af4d,0.5326508283838699
7c71a6fe87ccd6e2,0.14475773679274773
7ff97e6a175132ea,0.7366708346358237
d84022bd67943384,0.8164145045326664
c270a677c7614aa6,0.28386995936230075
1266e1b58e87a761,0.696364488902782
9fc631524aa3372e,0.1778336980306346
88da969d80daabce,0.8308221319162238
9c5cf1807334358b,0.2529009065332916
0e5706f9560fdbf7,0.40738980931541113
d9db7cf658a35e31,0.840656455142232
38bb0629e63b6590,0.7495717411691154
726236f75c9de724,0.7378868396373867
47ff559912cb3714,0.3651172241325414
bd567ce69cb8cb62,0.1186870897155361
6b7338c16e1db627,0.039696780243826196
2e47f13eecf939c0,0.31517349171616127
7e001225afcdc58c,0.6544513910597061
b0ba287dc9f94b2c,0.7310628321350421
07be300260466f0d,0.10692716473898094
49e2abe2ca234745,0.7349984370115661
bf163922b4b12745,0.8487589871834949
aef9d385e9ff8518,0.8925476711472335
3e364e82bc780650,0.9669021569240388
393a9aece2867c5d,0.48530478274460775
b0519105b55d4bc5,0.7988652703969991
c5a4b1418dc4e412,0.6916223819943732
ae000e40b4cdbc49,0.26767427321037823
bdb4932474ae13dc,0.7278305720537668
54ab20f1339d0955,0.26737417943107217
bb6cce3b0b6744fe,0.258755861206627
0d04ac4d48d1e700,0.9134260706470771
6e3f51731aaa2c77,0.4092122538293217
783b7b163b234e5e,0.7326133166614568
bb6501e8f6ab95a2,0.07175367302281963
e5f20b7a540b7472,0.4102375742419507
726e2ec81830f724,0.936789621756799
e8dc50204900e975,0.20955298530790875
1334006b9c4f4ffd,0.9015223507346046
3553330b5c7e6092,0.586964676461394
e1a3e161c8b2e221,0.38958737105345415
44e747740cb4260b,0.08403563613629259
00202304b4481207,0.8185182869646765
931eab5e85d6e3fc,0.2962488277586746
e4b8ca3da3eff8e6,0.18901219130978433
103e5a44f9c30ed7,0.598046264457643
448d40536e9c5670,0.3865051578618318
1b4d4b42760e781e,0.9296280087527352
e0b110d4f6844bbb,0.8618068146295716
0d928dd7f13b92dc,0.7265520475148484
1bf6e2dae324cf0e,0.4842482025633011
b2a17e2a9337f111,0.9762894654579556
564d7ef8fb681d94,0.34746170678336985
a2088d882fb6d77d,0.8557205376680213
3fe22caa380445a9,0.6176961550484527
2b3c171024a98155,0.9743451078462019
2014d23cd7792183,0.7511816192560175
fc996643d63f02d7,0.15639262269459206
c8d5c605e447f4fd,0.463060331353548
634298df42266b22,0.34400437636761483
5c8cbaf8b4d39f57,0.8494185683025945
a688ddfeb76eb78c,0.8862175679899968
85a12cd29f47007e,0.26805564238824636
a5e1a3f8e312e1a0,0.22773366677086587
29e076c93c2b7fab,0.9181744295092218
71b7b90e9a0b70ae,0.7275992497655518
11583aaab15330e4,0.026064395123476084
5b34705855c1c880,0.5476899030947171
26361ce2a06897d2,0.020472022507033442
2be888bcb74be336,0.5336105032822758
fd96abe884c43d6c,0.7700875273522976
165fc0b6a160dbd9,0.9371803688652703
b8c8c114a79ff453,0.14444826508283842
e22746fcf084642c,0.13669896842763363
3fc60942cef4b9f8,0.7637730540793999
c78a85aab85debf8,0.559331040950297
9c2166227724c80c,0.13788058768365116
e0291b12205c2c68,0.6170615817442952
307b5de4b89748c8,0.04687089715536105
b83469a7d7ed138a,0.6846420756486402
4726c5e084cb6f1c,0.6091778680837762
33795c308f648269,0.985082838386996
d44b56532551df1f,0.859177868083776
7db689f550f62666,0.4789434198186933
c64b1df6de24f982,0.19623319787433574
d9685a6aeee511e7,0.16326039387308536
2c867c13048a2311,0.909152860268834
b3f36f5f67857959,0.2495029696780244
c8dbafacc0fb77d3,0.6543513597999375
3a1b2137777bcba5,0.11973741794310722
c9627e77fcbdd360,0.6901437949359175
cf4f6641c91382ed,0.07553297905595498
fb519c3fdb753245,0.8881337918099407
035449e62c90677f,0.6807564864020006
5201d1bc5a7cf0ef,0.5572116286339481
01ef09b451cbddb0,0.47058455767427315
b98e367af7c0158c,0.048968427633635514
bec6844244ad0aa4,0.4932416380118787
ed82262b135c6e4f,0.7006283213504221
67637bf7061cb7b0,0.04100656455142232
96ef8b85b60392d5,0.9166051891216004
fc1b0a61b9dd082c,0.7255892466395748
c408b4beae948cc1,0.3322757111597374
f26323206d284ed1,0.6788058768365115
9214caa6c1a0dc02,0.26576117536730226
591a28a3c195b6f1,0.7813754298218193
9cd8a8ffb7a9e96e,0.15236323851203504
7ce580a49450111c,0.24376680212566426
abccd8c43775abd4,0.08387621131603627
5c6acd44464d3db3,0.9038730853391685
b0e58b3d4a2a773c,0.8516849015317287
eff75fe4ffdcb49f,0.8990371991247265
06ac1908fb89960e,0.874548296342607
6e61df7259588c80,0.9145264145045326
87752778bf4206ba,0.6436730228196312
2fecec0b55303222,0.13023444826508285
d57c0fad9eabe24a,0.8853172866520789
93cc7546b8c345e6,0.9672772741481712
eb76de6938c4c38e,0.5703094717099093
0e733a579e63472e,0.32667708658955924
e7dff8305acefcd5,0.2099468583932479
23423479e34fc441,0.8883088465145359
3f66f582c2bdc24a,0.5743201000312599
d312e4d7fce5fa01,0.5566239449828072
c04cd9fa54077b8e,0.2694779618630822
04b68ab2f6458e33,0.4256267583619881
35665b0fc6847811,0.5390903407314785
9028f284365c7863,0.4476555173491717
fa23926a88284b39,0.8951047202250704
ff5e27f506ba1ffc,0.6785526727102218
e6a04e92205e9e33,0.7932041262894656
934c2e26775faaec,0.13698968427633634
35403697fd72709d,0.4335354798374492
fdc814fd85f237e4,0.7522319474835887
bf4ee2f20859884d,0.23514535792435137
d2d10af48a354c4a,0.524576430134417
a38e463e1b086d42,0.7213004063769928
ba49ce0117002110,0.5155361050328228
d5393f1776772d2b,0.5009909346670834
80a6b6e9f65aa3ae,0.35390434510784624
d84698a77b768899,0.13783682400750233
8d09ae0709d01465,0.7688715223507345
0ac53b64e16a0efa,0.9347452328852768
a632a91a07ac8406,0.6287621131603627
1f2437c787ad39e6,0.8500750234448264
beb116a0a3ad4f5d,0.7071772428884027
c38f343ecf8e9527,0.14998124413879335
d04bd8d61ac99c5e,0.32943419818693337
6a279faa81d0684e,0.3343732416380119
1b49b1154407ea05,0.6107189746795874
b71746f211be0a24,0.014298218193185368
bbe0b7fa6d60f17d,0.8710909659268521
c9117e785fa1cd68,0.16107533604251328
a700a6b3a689a18f,0.4493154110659582
d998a004d828aadf,0.8344795248515161
54cfb8bb56897eb5,0.76426383244764
bafd504785d302a8,0.9109315411065958
3f45db97b95a3352,0.406870897155361
2364a75ca729f899,0.7224632697718036
9387acf4770f549f,0.5763551109721788
a434422326289b00,0.04655829946858393
8bbcd05afad8573e,0.8752110034385747
82fc48f10b8d7cc9,0.1145576742732104
65dd24b31c0c4067,0.5540762738355736
b25ccb8b682acbeb,0.5759018443263519
291117008b4408ee,0.6426195686151923
aae3422dfbb55bf7,0.5758830884651452
d436224afb38b7e2,0.36301344170053135
1287c0ffa2f14635,0.3731447327289778
4feb7edca163def2,0.8703876211316037
00df2416e72cdbc8,0.26797749296655204
e51c757048ea36b0,0.23049703032197558
59e45992c3fccfa8,0.6193310409502969
7b44475e4e2e3b92,0.5097249140356361
be457ea8112e2391,0.541487964989059
1e4fd1293a611d2f,0.8440919037199125
343371989bd61c74,0.7042669584245076
6bb985812e990044,0.29914660831509843
c0be9996bfb5270b,0.3252766489527978
bb367ec1a239b8c8,0.6129384182557049
91fc9ee0920431a2,0.14329165364176305
82f2985fe6157914,0.3159893716786496
eaad7a9709bacd50,0.5326289465457955
1bb729bdda8eab4b,0.0886214442013129
35320f198f2157d7,0.1078837136605189
74cd9018fd2aa194,0.4431759924976556
fd091b5e49f8138b,0.5490028133791809
917e088d530b042e,0.8562550797124099
b0e606a7344aea7b,0.6030790872147547
c220230ca6b46d2e,0.5056080025007814
2174f0850e20c2b1,0.08231634885901844
3bfea4a031f46e50,0.12024070021881839
22199945c8b6f01d,0.7732197561738042
efd4e993a8d94f5e,0.5587871209753048
acad3b0b2e72b212,0.6125257893091591
1a33438ea9b6ba09,0.34472960300093775
c9a22295bdb2b49c,0.9743326039387309
0a24b5a0c164f36d,0.5166395748671461
12b662eae7ad89fd,0.4476273835573617
788a4a1a340ccebd,0.8966552047514847
0b6ebec97e53c571,0.47996248827758675
be4269de80d8b34b,0.9485120350109408
ae99dff2a596c7fd,0.7485120350109409
1cc563af87248566,0.6159924976555173
95b03e2a8add3a08,0.4387308533916848
bde7f9ddcf827170,0.1439231009690528
e24c4af855561b6d,0.4011847452328853
a1ef8a44aeab6af5,0.976392622694592
2bf2e0d5f713e9ea,0.12718662081900595
6585c55605f3d692,0.6318443263519848
4a44bfcf3c8bea26,0.13914660831509848
78a21d5aa40bf4bd,0.3417411691153486
d208a68d90d83d1b,0.539290403251016
fabf07be02cadf0d,0.859837449202876
3fc8a4ec51114a77,0.6305501719287276
d8da2f9a640f4e03,0.7083119724914035
f7a8212a941af65b,0.0016755236011253515
836c933a5cb4ecbc,0.6998311972491403
e292f252eebf817f,0.5340137542982182
ae7e8b931e0ade53,0.9100093779306034
c937062a293ea0e5,0.7983119724914036
673793020f42eaf0,0.17348546420756486
531a753aa5a10879,0.30408252578930917
65613b893147c771,0.5897030321975617
a3609d34533ca6b4,0.5337855579868709
c9eecf5329211123,0.9843419818693342
4e6d4f733588a212,0.559359174742107
95e0d5ddca2118d4,0.9664926539543608
4b071534952c920b,0.4877274148171304
f333221664eda263,0.2709221631759925
8627e41026f74eaa,0.756995936230072
789f4695cdd6a417,0.5451203501094092
908034eabc372b99,0.2865207877461706
984bfa387795ef76,0.80950922163176
91c8e8e6f637fb1f,0.6309659268521413
363aeba9c072e960,0.8448515160987807
5cd6915b98d723ff,0.5272522663332292
20f027368dbc60fa,0.07103782432010004
a58841827e8017bb,0.39363551109721795
ad9e6a299aee4827,0.7596405126602064
fad46bf569ac7443,0.33849953110346975
0bdec115af64e996,0.616598937167865
e78e15a02aa6163b,0.8996373866833386
94c1b40d53f1c78b,0.43942169427946237
c1dee5b6d55fd7c1,0.9519818693341668
502f0c8494138feb,0.017302281963113474
316c5e9c86bbb645,0.10845264145045326
c5624991cdcf670d,0.3263269771803689
e000077bf8c8b49b,0.5728008752735231
9a36d5ad49081233,0.1889809315411066
e4ac16a92daba7e8,0.6816630196936542
caf1ce5141ffb34e,0.03418568302594561
d07bf091bf998e0c,0.5494154423257267
f230be64e9f003ae,0.7878368240075023
fcfe55e0768ab257,0.2997843075961238
ad04ef9c94f25ea7,0.1535167239762426
b6c3dc163008115f,0.34371991247264766
2a0af6ff3489e003,0.6330447014692092
5c098958dc2a26c1,0.15639887464832758
a802f6f7cd6d7b2d,0.42017818068146295
f0897866ed523f60,0.9320256330103158
3c1071f1773cc7f2,0.0581025320412629
5fb77ed43c58e517,0.2291684901531728
3fbcf72648af3500,0.2656673960612691
64964fe3e34849fb,0.26994373241638014
3d3b19b2da76dc78,0.6619099718662083
69eb4e47c0f3104f,0.6578524538918412
1b55daf09e9f129f,0.3819474835886214
853fa0b67eda4e6c,0.18345107846201938
636b3bfe96c8c67a,0.347486714598312
51b24fbdde490535,0.31518599562363236
b80f84359d81c98d,0.6486308221319163
a865666aeb2b82d1,0.141734917161613
08fd3d5f06273089,0.027036573929352922
cdac52f8c24b9616,0.9123788683963738
bdc841da585c4a1d,0.8502688340106281
8858154c3efe65ff,0.5969177868083775
29f989d45429b9ee,0.6617974366989685
b97dff4909968aa8,0.03467958737105346
69c86328a89e4898,0.08163488590184433
2d50759601edb9c3,0.696692716473898
134be78ce02d48e1,0.6666176930290717
53b540f7c8d16cfe,0.10047202250703344
76d2e83b30cca3f9,0.4262769615504846
062167d4ccf76346,0.922419506095655
84cc2a48661e807d,0.1365270396999062
60f1e251520005f8,0.7015942482025633
781115a32396b4cb,0.3616849015317286
4c1e17c82f4cc326,0.8924413879337293
b602ad5debd51028,0.6575461081587995
4d9da053a872a970,0.7478462019381058
95f7ebe4304bd2e4,0.9655204751484839
67a8207cfef9f011,0.9921975617380432
b1c3468185b9514e,0.5330259456080025
f80ccd7ace26ae4d,0.9897374179431072
3ac147039aaf4499,0.3688746483276024
fe5cd175ea7fc09b,0.13602375742419504
9026d2936cf2bda8,0.7851328540168803
a4b0e01784fc7cf8,0.7695311034698344
43c462b48d97dd20,0.6961769302907157
e36d0189d20a7617,0.25394185683025944
43c3586991f4b403,0.3710378243201
009e48f2b32be557,0.1541575492341357
a1689ef168f2f333,0.9473022819631135
dc310fc66470ab07,0.5810346983432322
bc654d187751fe04,0.6275898718349484
247e62af046a99a5,0.4781212879024695
48f2f9556bb2ad1c,0.5032447639887465
e604b921624a200f,0.8924101281650514
e46765e152f7daef,0.543976242575805
3d183f0c812b6d09,0.6904470146920914
3a7275f9aeda8305,0.1218974679587371
1d994aeb47ff952e,0.216680212566427
75dd9cd1bcd35d05,0.1399124726477024
a976b4932381b300,0.03416067521100344
da2e39ced8c0afd6,0.1946952172553923
c77fd47bb1683f58,0.7431759924976553
ceeddee046f39ae0,0.23907158487027197
cc50dd12d1f23bac,0.4275085964363864
8b73f447d60fc992,0.614154423257268
dba1029662f0c412,0.4917911847452329
ab65e0876504bba1,0.737255392310097
00754e6b5a7298f1,0.03327914973429197
082f192c053e5283,0.1573335417317912
4cee8c7c13d1afe2,0.4792185057830572
9ea9e3c8cb3df9aa,0.33133166614567056
2caa75dd78c01d17,0.8634604563926227
42ca39ab5466bd19,0.9740731478587059
939ed128e268f834,0.20982807127227263
e452cd65ed19c900,0.6811441075336042
e5ee2d79d0c49d1d,0.9038230697092843
ce0d423deb82f2f5,0.22004688965301658
3c30319ed1684972,0.5929415442325727
18968bda98628242,0.7468927789934354
9566631a173d48de,0.8699499843701158
01d78d3ab164da20,0.29037824320100036
7245800926a4112f,0.5801750547045952
3fffc62471c1f18a,0.9555829946858393
3b530b29e9f5617f,0.639359174742107
65305594301ba50f,0.8898093154110659
593ee003a4981c15,0.5078368240075023
f79985b30220adb1,0.6046670834635823
60dd8dcd3a1d1839,0.8308565176617694
288aaae44688b015,0.6746639574867146
8a16369cb4554d3e,0.5233666770865895
4e49cf49f79e1181,0.9484870271959989
1a6026c94f49058a,0.5429415442325727
8c29813aa363f889,0.5781587996248828
5fcc5826d5f8db34,0.7955767427321039
b002c58138c724fb,0.18972491403563613
62a918db11ef3076,0.9615254767114721
8fb91f382ae2782d,0.871994373241638
af730eb0035cf0d3,0.8876836511409816
546fef357d2bcd57,0.8590184432635197
c6129c4b99d7f4c6,0.37247577367927476
7596069ac38eadb8,0.4070678336980307
9560c8310cf23dab,0.06744920287589873
ca1acdabe94e042f,0.6914254454517037
521f9d2193473fd0,0.2655079712410128
617eda3b96abb577,0.38142857142857145
8d735b59dd0a4270,0.9127008440137544
1b405139fc287a40,0.4004313848077524
e621733719a2d775,0.7030478274460769
95f4b0d76e779b43,0.6369396686464519
bd6a23cab176ffec,0.0473210378243201
3c5fadc2c957c7ce,0.9627039699906221
37cae1b2dd3c1330,0.6701969365426695
0fc2ffbd9370b121,0.520450140668959
b31de0d8e304eeab,0.8210597061581746
5738bf5ea59fcb0a,0.8276899030947173
402c7edae37bcf39,0.7227258518286964
1d79e32040c6b05f,0.9481431697405438
bf493f6f4a48b2ff,0.18088777743044698
8530681352913ce0,0.03104407627383557
c79cb0e184ac42c1,0.38390121913097847
32ecd92eb352979d,0.6790090653329166
c9a54261284070bb,0.07827133479212253
e6c2ba81e397e33d,0.23067521100343857
955bdf4fc9420404,0.3242607064707721
b180a78e50608ab9,0.5907283526101907
69484ff0bdf4b104,0.7431478587058458
8d62a01ddfa11fe9,0.8124632697718036
12c3df9b72ef96e5,0.3019756173804314
12ccc513557a0656,0.4840231322288215
2aaa9bc35f4acee2,0.9924632697718037
e31d14248a98a72e,0.7342857142857142
1058c1f47fca2b81,0.32532666458268206
02ab14036929f70f,0.4487527352297594
6880fd1518aecd04,0.5845858080650204
580068eee74ae5d6,0.039615504845264146
fedf1e1bd320672b,0.21065020318849642
d47c1d43f9dbdf92,0.32594248202563303
8a7fa6c84cb2b0fe,0.5769552985307908
089bead0dc0d7c16,0.5462863394810878
3f12eac5d776ac9b,0.27051891216005
2b55254bb421a326,0.48288527664895275
16721efb42f49e40,0.9265582994685838
87ada6cbd040d527,0.5548327602375742
c5c4d8e14015f4e3,0.561406689590497
5d499b0e085f025c,0.8519849953110348
183039182079fa48,0.8755736167552359
05d6c8a5d3db19c4,0.8333166614567052
4477fb4e0a476ae4,0.7556517661769304
3965182266dda565,0.7031165989371677
72bafef29554438a,0.6581525476711472
1b31f23c3e55dcb7,0.7260018755861207
66c42c9008125f10,0.4730915911222257
5bf14b82c919f706,0.4457330415754924
2c7401c2798c92bd,0.3443669896842763
4adf517216b1dd47,0.09422632072522663
26348c70727fc713,0.9359018443263522
82c1c6b9b0ad498d,0.565464207564864
1365ca92c2e04031,0.32821506720850263
9edbc98e397ab4c2,0.6025257893091591
1059c066d6e0626d,0.013247889965614254
af993cc3ac374b83,0.2786902156924039
f32194afe634dbba,0.5787464832760238
29de97ac80feb956,0.7549077836824007
e5fb185d8c6181d7,0.3335511097217881
632347c0452d889a,0.7790840887777433
35ad7b818afa2cc9,0.8472428884026258
0e9b47d072e9f5d9,0.4750234448265083
4b2ee7a5a4d7d797,0.7023601125351673
793b579534d59c3e,0.4476398874648328
3b23c46e8aebaa25,0.8151015942482025
f68b741461469ae2,0.09728665207877463
79e144db8265864c,0.07142857142857144
09c4fd90bed2d748,0.864620193810566
2215efb176105acd,0.8557392935292278
b4a9877c6c234878,0.48182557049077834
529f75ff399c033b,0.9459206001875585
ad20741d26dac628,0.9510503282275713
abee4fe9fcb49deb,0.15805564238824632
80bf7ea1dfa6b569,0.7267083463582369
7d637676608f51cb,0.25398249452954047
79855154621f663c,0.23379493591747424
db630a696b94324c,0.4649484213816818
2c87f55f1bd853bf,0.12177555486089403
05466a89f589fe04,0.9877024070021881
073f9b06f7bf95f5,0.06600500156298844
d8c52af1d9a0ab94,0.17844326351984996
170df691b9758d76,0.8200718974679588
098c223fa7ac1f73,0.548305720537668
947d4f80370f0b58,0.3312722725851829
66196fa0af9abe3f,0.7585307908721476
356513b3059ae50f,0.6467427321037824
a951ca23d4bdcc33,0.779549859331041
defaffd4e20a4c47,0.12828696467646142
9aeb8ce75c56fcce,0.131884964051266
0e52e6d570d8f008,0.20526727102219444
d177a330dadb2707,0.1321631759924977
4acf903d98d08aa8,0.9723226008127539
673bd4205f6635b8,0.6970115661144107
17b635201a20862b,0.527827446076899
e31cdafcb4337eef,0.23537355423569864
2f57ad23a2ad21f5,0.7237480462644578
8c76f3fa81c149a4,0.3777836824007503
7448092b980edcbb,0.6740919037199123
cc3891e28dd031fb,0.09890903407314786
05d416ef906cddf6,0.1333072835261019
d5cdb3c4f4965afa,0.2186995936230072
bc40575e98475699,0.18120975304782747
7227a9d91f309e1e,0.4338355736167553
f83295ed727a429c,0.18761800562675834
44f16ce1d7899c02,0.07645514223194748
219b4d22a5bcceb7,0.15062519537355423
5684d434bf545e82,0.1848827758674586
03d5ff6b9db6a1ce,0.3963894967177243
c402ad00c62dd803,0.2285057830572054
d384f2bb50d7321e,0.6560425132854018
865ca8dbe8ae9927,0.4472647702407002
0cfaded78f4c55c4,0.8141044076273836
c1f9c03f1f673cb2,0.72527352297593
80784aef1b00a337,0.74945295404814
2cc7c6c16592cbf5,0.4238011878712098
f816697d9e23576b,0.47424195060956553
e0a3063ee410875f,0.3989465457955611
187c083474d62911,0.35575804939043454
32fe8606c8a5cb67,0.8719037199124726
e3b603a450f69271,0.5700562675836198
13ea25fe500d74e1,0.46089402938418256
3465f2b92e5411a4,0.12747108471397312
f84c04deab8f0a53,0.8640075023444826
ce64b825ce5f48e0,0.0696092528915286
a03d161faa6231d7,0.15272585182869647
7b73399454d06d9d,0.09911847452328854
726ce1fc6c05064c,0.6065864332603939
0e660e2441745329,0.7559674898405752
d4373d25e109dcb5,0.9443451078462017
6c8ad2f1018079fb,0.12120350109409189
485cc002fda9b938,0.08615504845264145
840b1b00c51f87cb,0.04127539856205064
e7c9e19e247f843b,0.41509534229446704
4f97589fa05c40f1,0.8493435448577682
41919c492d55190b,0.7084995311034699
8fc6cb3936ed4ac6,0.5125351672397624
75e3076bf4b29ba8,0.20559862457017816
8357351f6977683d,0.5511722413254142
1a6590aa6c3d2a06,0.6043951234760863
6b0dae5047e0ba12,0.6056767739918725
6f8bc4fa3d91a3dc,0.30902156924038765
e4aecbadc139b9ec,0.3691684901531729
7616bb2872e18231,0.6609659268521414
f97102e411194f18,0.2435979993748046
4f25e4f4959ce4e1,0.3962582056892779
46d34ae6f3e900ba,0.6394560800250078
73e3288eeb552e3f,0.04982181931853705
e7010fbb2150676d,0.5944295092216316
cc2c1c680ac82832,0.025979993748046267
d025b02417a63fbb,0.48028758987183495
08070948781ecfb5,0.12427633635511097
2bdbf073750d4864,0.5200687714910909
2783928eaba81305,0.8502688340106281
51bcbc84c0f437ad,0.1763144732728978
dbecf7b9325b78d3,0.8497624257580496
39b3096dbfceade4,0.43699281025320413
4299599a54525066,0.9026539543607378
ccd92654fb1f721f,0.9843263519849953
ee1170819ca7d594,0.16922163175992494
c30ab4f74d33afa9,0.051622381994373245
40f10fad12afb51f,0.49067833698030633
f4e63fba51ec3896,0.8768740231322287
60ad4f8eda2cf6d5,0.8644857768052516
4dfcb17aa4236952,0.5453329165364176
2e54d9b1b4e00337,0.3138668333854329
47a9e135733c2ab4,0.461025320412629
4b3c22d3da587d59,0.5425007814942169
ef89abef9807c003,0.1759112222569553
e7530eb737c85931,0.43716786495779936
dea26fe32dbe26a7,0.614548296342607
08133a148f3d4ed6,0.8213597999374804
d39b177320bf091f,0.5769302907158487
c2eeafe05948ccae,0.716408252578931
73c8d1e2bc9f517f,0.13460456392622694
0dd4da33e5e18c44,0.6219912472647702
25e076876a1fb6c3,0.8256486402000626
873d0ca47a7ce61e,0.7435386058143169
930d090798b9ad8e,0.629656142544545
98e38baebfb97bcd,0.7590653329165366
9c779fba6fe0839e,0.20703969990622073
5bb1f9fc76a02c1b,0.30754610815879957
f83de39c4e518f6b,0.9787589871834949
10bbab1f08d2e6c2,0.03638949671772429
ffe63eebf605244b,0.9923476086276961
1e55e67dbb9fa1ef,0.5785745545482963
e53426cca968ebd9,0.8768365114098157
51bba86dd8aaec50,0.8018755861206628
582102afed3c818c,0.13040325101594247
b280a8fb8ffb9bf1,0.4993654266958425
e8e7ee8589574a45,0.33588308846514536
228ac1a17bade85a,0.39614254454517034
2bb37b0ac11a0c2b,0.7196780243826196
5588a1f5d8da9c77,0.30877774304470146
a46d657f4c9bc8ca,0.47089402938418257
7373ad47c61f558c,0.861187871209753
0f1fcadf13eee28b,0.7296030009377931
1f8603bf90774382,0.9448827758674585
b0dc746e7f7ac87b,0.42352922788371367
82107223b7ff9788,0.7222757111597373
a38cbc0aecaa644c,0.36770240700218815
61dbaab39e7dbc01,0.12170365739293529
85064aac24d665cd,0.03153172866520787
48be998c9a3000d0,0.33134417005314165
26b2daccb2b045e0,0.9493091591122225
95198d21e3fae237,0.2727477336667709
b2a2d7a18404d7a4,0.44916536417630515
6b178de020b8598f,0.2208783994998437
38c1b19633279892,0.5683369803063457
186d5468edde7455,0.8414316974054391
4f33d36d7b629852,0.5083901219130978
b955eeaecbe25ef7,0.8238293216630197
39ad39dbe012b34a,0.941025320412629
929e8e2af2403da0,0.46810565801813064
fa22cc093dcf1822,0.20690215692403877
f56ff6b1c2817475,0.18871834948421384
56b30f44349ddb92,0.5489996874023132
617dd77adea9e711,0.6527383557361675
4cd7a91de7bacdd1,0.6635729915598624
c07844f4e94ce116,0.9575586120662707
692bbfe3fde429f2,0.9478493279149736
6e8117bf11d2b904,0.3284526414504533
27efca94126fb8ff,0.36834948421381686
4d2a406b540c41f9,0.9253329165364177
5ca9c8756c163b0e,0.31768990309471706
c10aad8b54af6017,0.6720944045014067
60798b007f7b4637,0.24567364801500471
805031b5ab834e54,0.41879649890590814
fea6be92744b0c40,0.9425570490778368
284e4bea4a96494c,0.433948108783995
4db0c35a634d4fb9,0.22460143794935916
351dca6bfd544a21,0.90677399187246
c36cc7323d4f4de5,0.7297968115035948
78c350098097af6d,0.0484807752422632
1404eca61a3105b6,0.268305720537668
2472a09a3e602f48,0.8307596123788683
5f9d50958df392e6,0.9538011878712098
ab8fde4ac70ac766,0.9140106283213504
6649908e57ee98c0,0.10661144107533604
6f6b426a42753b8f,0.40448890278211946
9f89dd1b9ea145e9,0.7570647077211629
d56cce1c1c4c9780,0.39000312597686776
fd794932c3ad58d3,0.010700218818380743
901c8562d025f79d,0.2865457955611128
2460966f3ca7d3bd,0.7433135354798374
41c6149d1848cad1,0.2717786808377618
2c948ba95eb3128a,0.8014285714285715
0263f07afc6e71f9,0.07733666770865895
59520bb39396ae13,0.7518787120975305
096e1b740c779095,0.4960675211003438
13bcd446b5b75780,0.23297905595498594
82652e7aaa1e423f,0.1208752735229759
b4c2a047510b1d1d,0.259262269459206
8e95fe1172cfd49b,0.4677836824007502
8b3b319f1bf34127,0.8490340731478586
8e876b9274c5930f,0.08370115661144108
74c8dbccca14e4c9,0.9761144107533604
a13d2861af1b8b95,0.7864301344170053
3d0443784b9008d8,0.7102782119412315
30a6c22faea5d219,0.7584526414504532
8ccaf0cd13ec8d69,0.9196436386370741
ea79b75b6fa4e024,0.6072710221944357
df41150fbde2201f,0.4907439824945296
6bfaf27148ca783a,0.7142919662394498
016b24ffbde9f2e6,0.9341169115348548
c7f17aea0b57c810,0.2626351984995311
1974cb4a4a5105f9,0.38796498905908094
ed6fb2d892b20325,0.3519349796811503
029aa7e7739f68f3,0.439071584870272
1499ced0a7fec031,0.3863832447639888
1da835ae2069715d,0.1843919974992185
3b48789ebdae6cf1,0.5688715223507347
b2501a34b4204e11,0.2182775867458581
4e1bde0d2fdb1719,0.3778024382619569
bd42c11dc1ea52c1,0.11754298218193185
dcdd441194892326,0.48638011878712095
890cf601bcb4d1fc,0.7777305407939981
efcfd07026d6f75c,0.6780650203188496
6e5921c9eaa0bbae,0.4946264457643014
076e6b937f9e0f1e,0.9518005626758363
fe7aa6148631a52b,0.3740043763676149
0204709b122147fa,0.08849640512660206
3bf87c4ce9af3343,0.02603313535479837
e5d3cf73e07cb881,0.7222038136917787
d79da024e674f570,0.8188246326977179
f137410611053710,0.05122225695529853
4b48a5ea7d8db38d,0.283538605814317
6e5b5708c1bbde63,0.7163676148796498
2e21f1e2f4f0d11b,0.34216942794623323
2fcb7b875a97fd67,0.8996280087527352
c9c50dcabb2aaebd,0.06740543919974992
ade709965be588c6,0.19531103469834327
e99ce68035fd1383,0.7170990934667084
9abdf47140639086,0.9819693654266959
c0370f3f688a69d3,0.9386652078774617
023ecf078fbcbe04,0.4889340418880901
9366b2145d9ffbaa,0.9027227258518288
907dcd98979cefc5,0.1290997186620819
1430d1f8417967a9,0.3887652391372303
12cf954bc6f7953f,0.9692153798061895
9f439978c3ff1caf,0.7732760237574242
3d566b52640665bf,0.9197936855267272
1da24b04359879c2,0.29139105970615814
5fb8e8cdc5a458af,0.6276148796498906
69f63de79af9dd49,0.7101250390747107
078cef5b5f6aff6f,0.8196155048452641
ee64ad3ef7cbc727,0.21076273835573622
30f789de29e44c84,0.946092528915286
ed6dc35d0f6c3f4b,0.992225695529853
24171dc6016596e0,0.7688683963738668
d9753be4a4ac4d5f,0.9708440137542982
08b18f56dc4a9978,0.6505814316974056
2fe99f58d73a842b,0.1450422006877149
231cb4b19f8ddc4a,0.06367302281963114
a0f57bb92842d2c6,0.2733166614567052
b451e5af95310e52,0.5888152547671148
4d5e3c273bff2df6,0.6466520787746171
69445874395ad7f7,0.14586745858080652
72d5eb4d04446c06,0.32945920600187556
676277c834acaafa,0.2948984057517975
345fac6fcbfce3ac,0.6402625820568928
77268d80339453f4,0.5099968740231322
0a3d332e3608b10c,0.8242607064707721
3d3e247d278aad6c,0.9710784620193809
c6d0f1503380066c,0.9899124726477024
a7ccb8ff054ea663,0.889549859331041
d3b3fd3963b35751,0.8971834948421382
e361e82e1559efea,0.5507596123788683
94f03a339108fe12,0.03863082213191622
0d6b47fe3047807f,0.6334417005314159
f0d2a9398458201f,0.18023757424195058
8189ef648444f31a,0.6855767427321038
b341aa9047a23001,0.35300093779306035
0b603f589ffe5334,0.9123601125351672
dfcd5836b6d7807c,0.9179024695217255
c69510f82760fc8e,0.461625507971241
bc2b0e3b0279f394,0.12177555486089403
9e59359a937dc386,0.22651453579243516
9bd6fbbffc3029b7,0.4203657392935293
78533ed0a4d75031,0.5087496092528916
24d3b857d9ec7516,0.8910534542044388
d9f1874f6346d786,0.8407283526101907
6588a72e611a860f,0.38817755548608945
52fef00321899df1,0.9106189434198187
b3c2a81210323102,0.35809002813379187
c1501d30afd688d2,0.31796186308221325
2bd1f2fa8a7cdbba,0.3042138168177556
7472a7ac18cd8ab0,0.946105032822757
b1dcab1c1027e375,0.834657705532979
2add558fb5890d0f,0.013201000312597688
51a6b2ebff82bb8d,0.781763050953423
3486d76917d26380,0.8221694279462333
7d9915dadeee6dc0,0.5861863082213191
1a5e5859e62a5ff4,0.054760862769615504
ba7cc06ca707247c,0.5096780243826196
3c42318ad81df936,0.14550484526414503
e7f32c62736ba8ec,0.4829853079087215
01970049a1d79ee3,0.8003813691778682
c34d08417ccc14e1,0.7899968740231321
dd08d7511ab95a7c,0.5915004688965302
147c9ed162930636,0.7246233197874337
4d55d8c7e32d9a9c,0.3749609252891528
1df22e6d0f4be856,0.5080681462957174
29e5cfdbc9735f7b,0.7364082525789309
529dfd620d6ee22a,0.3053391684901532
22b829fba260c24a,0.3146545795561113
712c502ecc45cac8,0.17374492028758987
2806f2b7f968844a,0.5310346983432324
1ff716c957da8f4c,0.2025976867771178
33a651d1e2266900,0.9575336042513286
01aa41460821647d,0.6741356673960613
2728591ac3aaa7f9,0.8002063144732728
62153e0ba99bfdc4,0.8021381681775555
a336835871390b27,0.250328227571116
66040815dd14bdc6,0.2816849015317287
e0d8f324ffe3e925,0.6680212566427008
e7d245b8d234167a,0.20943732416380118
b30acd5fe8990b03,0.9893404188809003
8b87df65e3f61018,0.492444513910597
92d913128fc856dd,0.5643107221006565
c1aa97bf3aa49c01,0.27787120975304785
37b85ed57524087b,0.9046389496717724
fbbd2368a21a9e6b,0.45840887777430456
39795c53fb16d719,0.26185683025945605
6d637bbe837caf77,0.5927477336667708
ac09426ca8b44dc8,0.9230790872147547
0007a5bb7310d604,0.8692997811816192
f8c5400d321751bb,0.9282056892778995
5c5d74b2ed3fe0b2,0.06920912785245388
a0d70afd5aebab39,0.2278868396373867
dab67f5669ab1b4a,0.668249452954048
b094a6aee2983e4b,0.7092435135979994
76eceb39e4bbf598,0.6787402313222881
08792ceaef2278a0,0.37671147233510477
421639eb32096298,0.4705220381369178
3732446a2dc0ff2c,0.49276336355110967
f42e7bbaae983e33,0.7849171616130042
1d7a33be5e41401e,0.4087277274148171
c94efe294bf687bc,0.7725820568927789
54153bda194f6353,0.2640481400437637
275f14633d4a7de0,0.12790872147546106
7a750521e7810b4b,0.9153110346983434
b94bc2b4bd62e236,0.609412316348859
3c2076842f11afcb,0.29760237574241954
53c3d245534bdda0,0.08922163175992498
bee1ce38b4653a33,0.28707095967489843
7fcd7a8a7c44d7f7,0.12003751172241327
60fc2edd396bed1b,0.6641262894654578
df7a1a739d1e3d31,0.7154985933104095
293173b622ae6047,0.5121663019693654
c18a9f29b23ca49b,0.2822475773679275
4497cca94390df91,0.3572241325414192
40d9096835771f2f,0.8331259768677712
ba30e997b8338d76,0.8141950609565489
56d89283c0f5c7c8,0.4545201625507971
f460984ca4f4f1a0,0.4139043451078462
63585cd6e35862a2,0.24823694904657706
26e41712e705d5ad,0.7139824945295404
0a056eacd56539b4,0.20586745858080652
9060dd63376b8616,0.6066989684276336
f11e51ec27009738,0.7518662081900593
d0496dc870887d72,0.5242607064707722
65fef6d3fb26ca70,0.04118787120975304
a586684b41fa9769,0.8483557361675524
3bb2f0950e70a234,0.5138824632697718
6c6a97e3ad10abbf,0.874835886214442
ede33053b334b03e,0.5843794935917475
0dfab1673fe84ab2,0.49763988746483284
f65b0230673c2e76,0.5740606439512348
5618ac6872992ff3,0.9761331666145672
77febd71dc7777e6,0.8909190371991247
7f54b45c8c0b9310,0.8803282275711162
9273e3e5412cfeae,0.7595342294467021
52087475796918f7,0.310150046889653
643455f14aa1df04,0.060059393560487666
d1b24b005a16d2e7,0.6760331353547984
88788f98d41f9611,0.7049577993122851
bbbe50af555f1d68,0.558880900281338
1bfe964817713a25,0.9920256330103159
40d6df07da814020,0.8538793372929039
8a96d0eccabff7b3,0.032794623319787435
439300a43f735490,0.08554860894029384
bfaf88448d1869a5,0.6838980931541108
1eb331ca2d61f16e,0.78737730540794
5ad8f23386d2ce42,0.8518474523288527
69ddf95fb1e28199,0.7942200687714911
6c224fe2f90a4ac6,0.2757486714598312
7d2d81f3b2e16bb2,0.8846233197874336
306bcc14dd7bcd69,0.8256548921537981
db0b579d4d6c3202,0.061638011878712096
5e7670a553fae63c,0.6444076273835573
999f8c054ed84981,0.3214379493591748
645969c8fdeb22a1,0.017542982181931854
6158cad9f5117a45,0.3981337918099406
3717d43b0bfbe61e,0.7415348546420757
8ffc981637d61bb9,0.20553297905595494
8b934f4c25070ad8,0.2648202563301032
15701cad20890a02,0.4413910597061581
4a22e527eecd22b2,0.5467145983119724
6b7e69ddbeb27f14,0.8783651140981558
c44f66a5254d5ede,0.9387714910909659
1dd06cc994df91c5,0.8492528915286026
43da23e0c905b332,0.5753079087214754
cef6bb5fbd6d7d4c,0.07235698655829947
74e65522686e974b,0.10944982807127224
b2ec41e4d4e17991,0.31809940606439513
7adfda5837586ee5,0.4451672397624257
7be7cd83da184778,0.7048202563301033
331453c919db4a8a,0.32560487652391373
1ad90b2ad8ec5751,0.04583307283526102
06f305aa47e1f3e5,0.745614254454517
5d77b6a032a98222,0.6138949671772429
2fadc388cbe136d8,0.11488902782119415
3a64f59d79eebaa0,0.45531728665207877
e9d4d3a03ce54237,0.8030790872147546
5bc032bc2d4db536,0.2043951234760863
42afab27f6d63b09,0.6823382306970929
0ce59aff9d61ddc0,0.6930103157236636
c4b23b3e64f8fa59,0.09395748671459833
df5826f4adc2407c,0.637283526101907
1006c7d207337c5d,0.22424507658643328
74f20f15f7388f9c,0.08379806189434197
e8c69436b1cb3320,0.3617818068146296
609680f04da9fb46,0.166570803376055
060d99e1fde9dc79,0.03488590184432635
6555f0c293c5a1f9,0.7403938730853391
cc835ba475e9656e,0.7225476711472334
960c65dd29d3417b,0.4899781181619257
c7596c71a0f505bf,0.16982181931853704
3f3297df319604e8,0.6336980306345733
21c886bdfaeba657,0.93945295404814
4c47eb742008376f,0.6459893716786494
0360ab7e3c03e1d6,0.4398749609252892
106e8c5cc993ce96,0.6162269459206002
3f189ef767336273,0.6039668646452017
d87c2b5ea60e2e70,0.15441387933729292
924a02ba0ace2e0f,0.2848233823069709
e0a93aee5351fc40,0.893388558924664
60036012aab0d68e,0.6214598311972491
92196298fd1f0a2c,0.49776180056267594
2c9507cd32c0dc32,0.14378243201000315
f138d3401d1ef8d3,0.18037824320100032
0550e84ce3342ea2,0.8974398249452955
433b7b91aefd0d89,0.1773554235698656
2f084abde9824f95,0.09116286339481089
aec34c208a4086e3,0.8555079712410129
77832263f798d3db,0.5993310409502969
423646a4264a51ea,0.5141638011878712
99a11463587499b5,0.6892778993435448
5666dcd2f61e1fdc,0.46798061894341975
414bb3e31a06b128,0.9154704595185996
9825bfe27f61ead1,0.4302907158487027
3e8b0ac764ba974f,0.03804001250390747
f494e58fc4f527c1,0.28518912160050014
4b3ed9d300487cc2,0.813619881212879
064d5daca103bb1b,0.4205658018130666
1a4b5aa55f664cd7,0.23860894029384183
65fae5433da58938,0.39545795561112845
77df36f32951641e,0.09997499218505784
2734faa9175621e1,0.9717255392310098
6952ae6c0325e147,0.09759299781181618
bc49ff32a733b5b3,0.704467020944045
ddb437f22bdce5ad,0.8567177242888403
ad2ca89540526e80,0.9413566739606126
8eb86976f1f7faeb,0.9640075023444827
351b2cac3bb60649,0.7252954048140043
f3685748a7717d4b,0.25133166614567054
af64f4a787a28c01,0.10350734604563927
e41d8e72f6a6da64,0.26547045951859954
43199fd3cad0d080,0.6601156611441075
08639490dad5a32a,0.7610753360425132
251545c20caf2d9a,0.548115035948734
657fbf140a397f3b,0.44754298218193184
d28dd01372e08f90,0.5860894029384183
fb9bccbf5affc835,0.11818380743982496
0c3e0f0e422bc214,0.7589246639574867
b6fe616b3ee4f983,0.7170834635823695
1a05d9b0ab2c483b,0.5537199124726477
be053c37d8d326fd,0.5256080025007814
b0cc45542dd09eba,0.48163801187871214
0d1c9ebdc72b57f6,0.3363957486714598
926a38d305ede2ee,0.8890903407314785
381047d838351f95,0.6463363551109721
5afb977a1eeba5b5,0.3593466708346358
1ef7c785c8633cc8,0.45954985933104087
2f0bd78e22c8874e,0.7404657705532978
2765e2bdf659e633,0.20226945920600184
31756eaf193dde51,0.2587683651140982
ba5f5a3df72c6be8,0.8931728665207879
90e87591d24ae44e,0.28908408877774305
f9f063e55d3db8b4,0.653032197561738
3ef90711b7e5d86b,0.7400500156298843
ec0a6ecd2422c215,0.6562175679899968
2a75009bf5006a5b,0.3871803688652704
9edf622febac0e4b,0.6673116598937168
9cee551773541f4f,0.45845889340418877
2a07f1c2d7378d29,0.5054673335417319
aacdb09c08c9a960,0.10849015317286652
df9753fd02aeca78,0.43108158799624885
ecc853e05f1891ac,0.5884995311034699
859bd8582d3d2811,0.633648015004689
a124273d56f60796,0.4806408252578931
9cd33034524d6b66,0.4061175367302282
9e58973154c42431,0.10920287589871834
fe78518186335668,0.09275711159737418
0c195b45f68a8952,0.26926226945920595
bb6b109cc9317218,0.041847452328852765
a58342d3aee051b5,0.20288215067208498
48f975291ebf9397,0.8290684588934043
672604676c29d735,0.6144388871522352
144b0a7e9cb057ed,0.9130978430759613
02ea6c1ef4cf0b61,0.03543294779618631
fe3c47193f742bd1,0.30987808690215696
782fd306b790e8b4,0.6084526414504533
53f0ab0c206a7f5b,0.8143982494529542
2d15bf73a2700357,0.38237261644263837
569b34b568032161,0.8538074398249453
d98474765b2d7880,0.5867896217567989
f3088caf81ec54f5,0.9293279149734293
884de3bae564118d,0.9318537042825883
5b62a55571d795f7,0.6085995623632385
e860976e6aaf78f3,0.693522975929978
bc5f8d0b2f9683ba,0.028868396373866838
92555d85c6369cfd,0.9026727102219444
189861fc294e0daf,0.43937167864957805
b8212e2222eb4313,0.0924288840262582
53afc56ddcd63d8d,0.643635511097218
0592b0cab7becf5c,0.4697843075961238
ac4cbdd76a84da91,0.5802250703344796
f2eeb139d518ca60,0.7894467020944045
e02fcc8b8b63c0cb,0.2605814316974054
a7f194a18e15e185,0.3840950296967802
b9b57b5beadd1490,0.7637542982181933
357c4988d289017f,0.3000969052829009
f0d98c09bd71837f,0.6638261956861519
b1c0df4bb0c82383,0.6224351359799938
5bb361813a233522,0.25432322600812757
c3eeda7b200e2c92,0.3327633635511097
db0460b8a23a94e3,0.546789621756799
3c80f795a35190af,0.13080962800875273
ecf5824d8b392491,0.05703657392935292
5fc7a11376239e12,0.03612691466083152
2008fba1ef946ecb,0.6184870271959988
e2aa59fe541e0ac8,0.3605407939981244
09b5c7802e6b561b,0.00312910284463895
988df0719acbb76e,0.6005626758361988
48d79ec301d31948,0.29692716473898095
d288ed9b89b3675c,0.20088152547671148
75abd1caba2694a1,0.21888402625820566
3660f3c735d8a187,0.5061956861519225
0440ac4598276f6f,0.8896498905908097
836bbb09e4831df8,0.5407158487027195
51432ea27e463eb4,0.2651672397624258
3fd99194e4efb12e,0.05080025007814942
ef1b4ca1f2c1e357,0.04276023757424194
70c464af7e1cea4a,0.05267271022194436
54c64f47d761f86d,0.7228290090653329
333dcb05411a601b,0.31342919662394503
11861d1571dcc3a1,0.1479931228508909
20e00d08f625d409,0.6382963426070646
8574c4f5b2db8c92,0.7869521725539231
95feb433faa8520b,0.9197092841512975
1dd496796a5dadff,0.3620850265708034
c1c248e8483e9ef8,0.33776180056267585
5e0dc0f0f0ea48f3,0.2487214754610816
7ecca4d6c9eac123,0.3595279774929666
58dbf7650b2286e5,0.13010940919037198
4c62224901fd183c,0.57576430134417
affa636fe0cafb15,0.879712410128165
c9f2c416d003a925,0.13589559237261642
c19024a709757f11,0.5787589871834948
d3444b15af3a9536,0.5910628321350422
2f54cc2167b0cfdb,0.27513285401688026
d974c7d47092679a,0.03462644576430134
1f04a25da2b17ee9,0.8070053141606754
f133299dc49c2bf2,0.1433291653641763
9542ec8d29575b20,0.8762488277586746
6e476b773a15e2f7,0.213988746483276
c468f0fe05876276,0.2223319787433573
1bdf15bc47508221,0.6448515160987809
687b1d6eaf1bb287,0.7813066583307282
fc8590ee9d55c5db,0.19809002813379178
a4379a3efec7361a,0.03954673335417318
30a2e56d4d608b28,0.5984182557049078
4b400d52635e28ff,0.9573460456392623
992d4d4846551047,0.847227258518287
b91c089133d42f62,0.47138480775242264
c98879c523da912b,0.1469646764613942
7c8f510d8af822b4,0.7160393873085339
9d674a6212b3431c,0.13366989684276334
d3da05b2f284cb87,0.32883713660518904
853ab873686c227e,0.7855704907783683
ee0d55e13012503e,0.1455861206627071
fed761caa06202e1,0.18071272272585182
7750406f980f78c8,0.6628758987183495
e8770d9a28fdaeaf,0.9418818380743984
4025856444b9ab51,0.12892466395748672
1d0cc87631f52974,0.9887120975304782
f87d2af1aa151b69,0.5070615817442952
e2746f6359714da0,0.3173304157549235
6b20c519964ca8fe,0.25363863707408574
ac0ef70a6dbe1ce0,0.07712097530478275
29219b6baa3ffa60,0.6036448890278211
ef5245dc0733939e,0.42909971866208185
26d625d3997169dc,0.11181619256017505
ff9580c0b2b1a370,0.7785307908721476
bdad383d41eac454,0.006992810253204126
a6bebd6247dce4a2,0.921050328227571
846ab5063b60d099,0.9545232885276649
1e342d4cd0cd2bac,0.5107533604251329
b111d554bd56dcf7,0.5559768677711784
9ddbb649643fc0ee,0.8368302594560799
0dc9c8998b42da67,0.8672335104720225
80444594c0d4b5b8,0.42218505783057203
9bf8b2752ad4d752,0.9077586745858082
794812675f553fb1,0.6669177868083777
c60c7cf09844c202,0.6445014066895906
06559b4012a85953,0.19981244138793372
dde7362e34a81ac2,0.5147014692091278
fa1ccff8a7481b47,0.8959456080025008
89c1eb286bad23b4,0.05213191622381994
b389067306356b78,0.5491872460143794
a4328554fc4a45e3,0.5248390121913098
fe2ff0422ecd1440,0.44014066895904974
e1f0e9e0dd1f6a8e,0.6436417630509534
e431bdc8db1622e3,0.5080275085964363
54d5ddd4fde3db7e,0.1279493591747421
d6a2262fc314d2a8,0.525014066895905
e7039d9ed0ec0c39,0.19346045639262271
357fb25344e0d8ef,0.415164113785558
8479ceedf945cd0b,0.4966833385432947
30e12f447d932d19,0.6462675836198812
a33acfadc007c5d3,0.8470365739293529
32b72fee7f2bc37f,0.28387933729290404
e2ef0cf7c0138e95,0.8439574867145984
c53a5098d3feab43,0.7853579243513599
2d1a504956a9bc59,0.059396686464520176
5b9d63bb61f11842,0.2010722100656455
f8fbcd4440a074e6,0.6639168490153173
c18b0ab8490d1c66,0.4277211628633948
18cc6b0ca558d790,0.8883682400750235
c78d6d8adb708879,0.1041294154423257
928fe114a90feded,0.6914973429196625
806b11fae1f6bd45,0.36008440137542985
ac8d5b4456a25f98,0.29597061581744294
0de3b4e998fb61e4,0.09828696467646139
0344ee3e70daaee8,0.6686089402938419
9459a694f708e7cc,0.06467646139418569
f8f24bc3cf3562cb,0.36875586120662696
fca0d01a476eb58c,0.3700718974679587
ef25fb3354e1c732,0.7063301031572365
83ce56a22c714f81,0.862516411378556
781864846ec190fd,0.27774929665520476
99c27791616e6a14,0.6174554548296343
f00a56545441ae1e,0.27727727414817127
160c77c56d0bc3b3,0.10258830884651454
6bc7f7e6a8dbe398,0.3885557986870897
565c31dc34339cb6,0.8518787120975305
d47a57dc58d8cfca,0.5192435135979994
7d91fd093f331634,0.8582775867458581
a33fd6143896a064,0.06912472647702407
af6776fae916125c,0.9089402938418256
eb63791dfd566fd7,0.7553641763050953
fd94632e98a57fd7,0.7178055642388247
7afa48755b2905cd,0.9520819005939355
cbfe89a23b516339,0.6616036261331666
bc9eb4d602b27458,0.34579556111284776
fb8b7e3482eaa33f,0.4871303532353861
0d172dce11eeef53,0.24743669896842763
6cb7efe2f15a8b1f,0.372322600812754
0b234c8955fa5560,0.1987933729290403
1564bc14da2389b8,0.84417943107221
11d440c4ffeb2e60,0.40424507658643327
fa46240b99291663,0.7915629884338856
52eb5978e0a48397,0.9566645826820882
bb2cb3fc47f785b4,0.8210878399499845
bd402ae2e81bc456,0.2167020944045014
5b2c73c3c2fab67b,0.021112847764926543
558785e2cd64bd4e,0.8288652703969991
d8d0cdd0e630be6e,0.9899593623007189
54a5cf67504e37cf,0.6003344795248514
b7225c4787addde6,0.25166927164738984
2e444cb3f4217098,0.19738043138480776
ae6ea7b6c44fe6f5,0.7509159112222569
8917e3ac1e161b77,0.4521913097843076
ca8e1b8f4b045be2,0.9110659581119099
b16a002c43cda488,0.8411722413254141
38988311c0c8e2b7,0.8015754923413567
40ac9a289f991b8c,0.5245951859956237
83dbe87c0f3ff118,0.6194967177242887
d8412746401ef6ff,0.1356955298530791
95a1b17435300c3e,0.5660706470772117
9576e0a63d76b324,0.3345451703657393
8e43c1faf8514a42,0.017308533916849014
64462847893bb0c3,0.8313691778680837
2e8d60596fe0288d,0.1412347608627696
e3064eb18f25f417,0.8813754298218193
5c24da1b9f2ac392,0.06015004688965302
ad26aaf8f4bdaf41,0.4557736792747734
a21097bbd8645f25,0.07880900281337917
cffe1ff942479449,0.09035323538605813
39170ff154aa8058,0.7016192560175054
0e2b77f6fe4d94af,0.8421069084088776
4fb4ed274c87cfd9,0.2175992497655517
dbe218b606bf3cff,0.5850140668959051
b1ff3f405ab15e62,0.40818380743982496
b77bd0eb977bfde6,0.030447014692091278
c65c01d13c9051fb,0.8092372616442638
9f7d2bd32579e9b3,0.3849734291966239
1d42bbb95380256d,0.7238480775242262
799c5bdb519f3962,0.5889090340731478
af54b26cbb15ae3e,0.4673522975929978
9ce958c47b1e7d3c,0.6381900593935604
d39bba0520b226fe,0.5119099718662082
c4923735c16e8881,0.05011878712097531
43506b20fd8ac430,0.27667083463582365
685b0ab35ff084e8,0.8583869959362301
03212fcbf4fcc22d,0.826489527977493
7aff26a87411e8ee,0.7872241325414192
9af789cec1453f89,0.04514223194748359
41f2ebd04afb728d,0.7421913097843076
a3a3009c55baa210,0.9793560487652392
688382bd40810598,0.4321225382932166
42cce10beb6c55b1,0.23502031884964056
59fe211f9aa2b83d,0.7421412941544232
86466c925086fe3c,0.8509096592685215
cd36f54626e83a21,0.21678649577993123
ded728c05e20539a,0.8449546733354172
0c7fd3a164040b3f,0.8258987183494843
614f526f552a972f,0.09686151922475772
cf076cf42abbd2a6,0.19412628946545796
e20135d1136fb289,0.2679556111284776
2b40340f15b07950,0.8810534542044389
92ea7f3ec80af25f,0.8492497655517348
1de6db095fe81c3a,0.7946983432322602
e13432ce761076fd,0.4484213816817756
ae126eb3da41487a,0.19310409502969675
05436df37c119ff6,0.6262269459206001
b9203ce854a26300,0.4230884651453579
e39f8336b7fa1f6e,0.8035823694904658
2d031b0318ea5a02,0.47335417317911854
54304b5c419290ad,0.17537355423569867
e9b3e8a0a4077e28,0.11434823382306972
1dced917867d765e,0.7727289778055642
c004a070a93054de,0.8948577680525163
3fa194a91f4562c5,0.3960862769615505
76d5a2300ca56933,0.1588465145357924
993bd3c445b80c92,0.510218818380744
16eff5adf0cf07a9,0.9728383869959363
19f4c91cd1038cc8,0.1859987496092529
4ace42dbd199d1b2,0.3864926539543608
8232534ba45ef07e,0.5688840262582058
a2eb06ecbdb56bd2,0.145614254454517
e33ca091fb503e03,0.599427946233198
8b65603997a5d0ae,0.17457330415754924
c4702fc1a3b838e1,0.394576430134417
0a2ca915437c9a04,0.07618318224445139
6e4d60a1e5913350,0.15905595498593308
0eb4def034c0e542,0.9280243826195687
0dc7bc6ce45f37c8,0.1123757424195061
69c1bc9b1691880f,0.700653329165364
249619e3bba248c5,0.5345295404814006
8a0925f386616243,0.49186620819005944
c609c9019d1d7b32,0.7777899343544858
dea132cdd56b9c8f,0.8770021881838075
24c6ff18b883edd2,0.9743419818693342
06ea151cc4ea5974,0.1371115973741794
dde1072c2340c07c,0.11832135042200688
bf6234d11406ea49,0.31924663957486715
610c0fee53d0cf9e,0.8652578930915911
fc0691273040fddb,0.7876148796498905
46bbaf2bcdf5a362,0.5153360425132855
6f4198d004803569,0.38423257267896216
3f726ca9a49e022b,0.2135542356986558
2263ab08ec01d546,0.17261331666145668
dc2a61d22023b42b,0.9787902469521725
9cb03c429bd54976,0.03654579556111284
d3d5427c6c9640bd,0.921653641763051
a356aac05b7d44bf,0.20997499218505783
2c28820cf1ae8254,0.7814973429196624
cf49994228b74e3d,0.3965082838386996
ea984ee0501b30dd,0.4595154735854955
3639d96562366ada,0.14867458580806503
007d989968211b0c,0.39533604251328536
47b004a1df7ac9c9,0.5221412941544232
f09cbcb79049a436,0.8587496092528916
d3e17fc998bf6787,0.5020756486402
0c6c8663f624c58e,0.14027508596436386
52720efef03dc54f,0.9361550484526415
c6a5cca33f57da61,0.2748327602375742
b1208369a0074122,0.28034073147858707
b0563e971ad0dbda,0.0337855579868709
a0bb9373f1dff1b6,0.7920443888715223
607b5d747f350fa9,0.854851516098781
8945214e2c9cda71,0.8767489840575179
7fdea294906af44c,0.8182807127227258
1f3c2f31d844d10a,0.16619256017505474
248eb5a4a5179bb0,0.9509315411065956
f7522ca250fc8477,0.4289934354485777
3ac3d9675fc09e64,0.6316661456705222
b65116a131be84cf,0.8819599874960924
7cba939dfaa4fb1c,0.948646452016255
4e484a321de70373,0.672825883088465
48c00464ee810da7,0.7516723976242576
11c760a8108e0ab5,0.9060081275398562
4ece5849758d2bbf,0.4281806814629573
2d34cfaba66dade6,0.8847514848390123
597b3aa023ec1731,0.09250703344795248
65e095698c6b2018,0.7289653016567675
d4685373bfa64d8c,0.10334166927164738
b2a24aac339b046a,0.5287027195998749
d018e1502c830522,0.7519381056580181
b4a5d705266bfd48,0.4104501406689591
1bc1ad21db736edf,0.3749546733354173
3584862144963b16,0.36028133791809935
64acc3b4a0341a38,0.08144420131291027
ae1b7c2913418b6f,0.017542982181931857
5ff184c18b029b7c,0.16780243826195684
d407cc2c1f68ef5b,0.8944732728977804
10610f40d2c4beb2,0.09705220381369178
a8e72b280bf38b81,0.36072522663332285
4802ee9701571a2d,0.971638011878712
c0ba503ad79cb130,0.9946358236949047
a428e18a2571696e,0.5722663332291342
d973ea3bf88a0f3e,0.7595498593310409
cca48a6fecdefbfd,0.49085026570803375
387eb4b1c9690ed5,0.17148796498905908
f9b045f246df515e,0.8627008440137542
b8aa274fe0062de8,0.9673835573616755
9d67fee3adf9e1fb,0.7860550171928727
3196cf2ddaa8893c,0.7393998124413879
c6cb67394ff79930,0.6136073773054079
b713b9f13a1a825f,0.5663082213191621
0c55301e8a9a0e8b,0.9046920912785247
06cf6a66edc51d64,0.9305157861831822
73877568d5adcb7f,0.17315723663644889
6e713b6c6d9ff701,0.787049077836824
35b98290788b0e15,0.8902438261956863
c1699d21d21f249c,0.33709909346670835
4d4b1f0d9defbbe6,0.922882150672085
c1eb4bc9fb4e0c7f,0.5871428571428571
ac64ea4bb93cb2ae,0.8041700531416068
a6c0198d0ade9eda,0.9114098155673648
4ee5d36590d4f29e,0.5134479524851516
39d7718a5529cc62,0.027839949984370116
4f6e36e222d122b1,0.38084713973116596
f7b65c4533428cbf,0.9154892153798063
32839e57f8e1ec72,0.5385432947796185
0a631a26c3a1a8ef,0.841844326351985
42ae365efff05b84,0.3249421694279462
aaf16c83ac07884a,0.694645201625508
e3fe57ec38bc0cae,0.3598061894341982
a269d748b94103bf,0.4020944045014067
29320c0461eae48c,0.09442013129102844
98b75056b390e87d,0.849834323226008
a18aa53890bd84ac,0.7035698655829947
fc5a2a2354cb11ed,0.14809628008752734
912408725cfa628f,0.5271928727727414
6453b1a068b68ddb,0.7196780243826195
d95e854d614ff5a3,0.649534229446702
85a79337144b2a84,0.36935604876523914
b5e18d3eb66f6250,0.03164426383244764
3b90fc3f1087e3d5,0.15270396999062208
36f89bae0e5df26e,0.6467896217567991
7de9a21c9a6df7bc,0.9212066270709596
4ad662d48155a76d,0.644576430134417
1016d05cc8d07dfe,0.6192810253204126
b0a028857d9a81dd,0.44488277586745856
c7da65ddda5ab002,0.7772178805876837
8faf1048140782ab,0.4572397624257581
d0f1cbe5f5c2cc97,0.835670522038137
766a85256e2db000,0.09048452641450452
83f8495a5ff0fc2d,0.09632072522663333
a57ac84facc6651c,0.9122757111597372
3e18333d2d1812a0,0.141297280400125
2e2c93c0b28242d7,0.8246733354173179
290025e556e7a964,0.3539543607377305
34abf7197c7817bf,0.5118255704907785
4c990af23095a8ad,0.9038168177555487
b30f0e7ab6ef02e6,0.6966114410753361
955f054ef8ac2a98,0.987911847452329
efdde8377abe8fe4,0.6288277586745857
cbfaa9b940f4c2cf,0.7567302281963113
51e64153531937a9,0.8891997499218507
3b7b80317148399b,0.7970928415129728
b1de8383db45dfc8,0.5162925914348234
0d3f9429ecf4d4c2,0.08011566114410754
c4499c39e29ecf53,0.4639668646452016
7800f7a3f936332b,0.056114410753360426
b837532e3fdf4a50,0.35811190997186626
c681da0099cefd6a,0.25020944045014065
c7acb3b5705e68f2,0.15432947796186308
7072f5cd32c791ed,0.9244545170365739
00b5216b2f2dfa33,0.999
b2ae02f82d15b4ad,0.6055954985933103
5ddd4c1db54b9114,0.3444045014066896
3e6fa59b53549aa5,0.4332416380118787
6b853eda68180bf6,0.6569209127852454
0ee247af650122c3,0.9457174116911535
9e2c6c5193f21067,0.20487339793685527
6cb5b3e20565dfc2,0.864904657705533
dedaeeed301662dc,0.20522975929978118
7244a91f3ecd611f,0.09351672397624258
d5447b494619e05f,0.5903438574554548
d114e64d8dfca5ca,0.15391059706158175
762e061721ae89c2,0.04416692716473898
0359613691f7c01f,0.40391997499218507
ca90a47bd789f6fd,0.5815536105032822
b43584123f43b018,0.328127539856205
0770e000ee552df7,0.8639637386683339
b396a1df0d592f4f,0.24266645826820882
51ffd9a173cdec87,0.9277836824007502
38e628d583de2dcc,0.2416567677399187
5e444909efb4f076,0.5062707095967489
147047e5cda600ea,0.7523819943732417
02f5e786b6ca732f,0.2752954048140044
b29abac474eba51d,0.95732103782432
14f09256775b5595,0.7394904657705533
4132a178395f2d42,0.7917880587683652
3ecf5a5ba7668082,0.2012503907471085
f7b8ef9f4baa3954,0.9348265082838387
344ae6cefc6e5e28,0.04602375742419506
9f8993a4d3fd8c66,0.5640637699281025
02fb2d64b2963430,0.6082432010003126
cc3e88fc10db73fd,0.7608815254767114
e1b25ee0d1bded29,0.821187871209753
6811aeda7c48195f,0.5819912472647703
2caefea2089d3348,0.8944013754298219
06624c42e6f173c4,0.980806502031885
18d0862452891d30,0.7592185057830572
aeff78b9acbf4d71,0.3568365114098156
3c4fb720d11f542d,0.1747327289778056
ccf649ea4bfee844,0.3653297905595499
72bca5a449e85cd9,0.09949046577055332
fd6a74697a1a9ec1,0.07759612378868395
a629bcd8e7727428,0.22525164113785562
4234c32600399d7b,0.9088809002813378
dbf0f354d6059039,0.16312910284463897
3807b180f301e7e0,0.6466989684276337
5cff8cd0dc4c326d,0.27216942794623317
a28550e03a14c9e2,0.8299624882775868
244915cbbfabaa93,0.06024695217255393
f5d28c37e1483258,0.3283838699593623
625d0351dedf957b,0.6381400437636762
daa98d98f6971d07,0.40582994685839324
aac141e3478df5f8,0.46351672397624255
6e2d6b44bfbd409b,0.7150640825257893
34a46acb36dc8ef8,0.2862331978743358
f709bf78e6f0fe9a,0.37989059080962806
573ce0864f1f1a1e,0.21420443888715224
d6421a369f95b35a,0.43598624570178185
6c74b5b293b1b97b,0.13240075023444828
51cf0713d5fbc070,0.6260862769615504
062ba7304652bc27,0.2641638011878712
930853397c388814,0.013601125351672396
2e48c840c19e48bf,0.5672647702407002
2a51f116e23cffb3,0.7541137855579869
070669d7057f8aa5,0.9510190684588933
967936eb15802a83,0.5256111284776493
83ec0a0ff919a926,0.34992810253204126
a35f4a25719a4b95,0.03547983744920287
e646bad2986e850e,0.653319787433573
8b488afbcc578dfc,0.6022444513910596
13ea6594c14a4026,0.39442325726789623
d0e536523f93f64c,0.34474523288527664
0e5ca22bcfd8c5db,0.9544763988746483
9fb1e891c08b715f,0.03230697092841513
7199fd0ada65fcc2,0.315395436073773
2275f9dac244010e,0.05679899968740232
24e5ed05f908296f,0.3564520162550797
6cb602b86bec19a4,0.66685839324789
9325343b0fd3d676,0.43375742419506097
644e5f81463951ba,0.5499781181619257
37046a2dda9e5889,0.7525758049390434
c7df199599dc296d,0.49357299155986234
54e463d760c0c6af,0.07028446389496718
9bde8f101bdb4095,0.5450640825257893
bc5c320666ed7ca3,0.07299468583932478
4e44d72109230bfd,0.6725664270084402
235aebae2ca0d45e,0.8006783369803064
55a1d48711c4359f,0.32555798687089715
c1ec685fcc48d91e,0.6010690840887778
a51c93906bd78ab7,0.7404563926226946
207c0a6423cf7a33,0.5762238199437324
c7693bad80c482e1,0.7014817130353235
36b92309f6e5618a,0.4865207877461707
26ee6d56130da0fc,0.6993216630196938
587c7d36156381d1,0.18629884338855893
50d432d2b52052b2,0.6564426383244764
b738afb14f60d587,0.935192247577368
1157c08c11e901e9,0.8522350734604563
cfaea6958357ef1d,0.38814942169427946
d8b3ec80ec080d08,0.7782963426070647
809c8f80468b1337,0.5245232885276648
1bdded460bb636a5,0.9178336980306345
96cc52a1a3f13e6b,0.33029071584870273
c97a25af08369f73,0.08485464207564863
0de5d7bc5b46bdc6,0.37132854016880273
c6eca151f8576037,0.3848452641450453
7ef7f606745e05ec,0.05836511409815569
c5ea9ba7fa065f8d,0.9978805876836508
63142c0d75cf9aa4,0.0653360425132854
c396e609d01a9bcc,0.06967802438261955
7c9db70c27860a32,0.6562394498280713
8dd4bb6eda603b43,0.38145357924351364
d5eb724b5ea43bba,0.9386089402938418
e7e9bc7d5e2e5674,0.6316380118787122
24b3176d5020b612,0.7800250078149422
6fed295aff782896,0.9979993748046265
12d17a3ef6b47faa,0.8838730853391686
2c550aa9cd671368,0.06729603000937792
df00e28247baf9ff,0.6405783057205376
9449a45c9d7b914f,0.26037824320100034
9a8393310d9b352a,0.4612816505157862
e1b1b6a194b4b1d6,0.3239324788996562
7097d3e397e94525,0.28015942482025635
e3d1f895e94e8bbf,0.6814504532666459
6c46ce4b2303ecb9,0.4546358236949047
999760aff655cfad,0.07616755236011254
6d526f4593563124,0.4295811190997187
467801b5de42246d,0.6459487339793686
81c9cccf75c1503c,0.17054391997499216
bd1aa64c7a5dcc06,0.11953110346983431
df1a75c489d95957,0.08973741794310722
7e6ebb5b237b817e,0.34030009377930603
1aeecba2c7866fb9,0.6366614567052203
14269028868b89d2,0.275573616755236
5ec456826b243dcb,0.3555673648015005
e574a546f8e193c1,0.9286652078774618
b0ce65cf243f3ae1,0.7176992810253204
8b8e8a00e6e1fdc9,0.21401062832135043
4a87b2b000e87686,0.8212753985620509
1175204fe5f8cb6b,0.33257267896217574
50a79bbfcd719a29,0.6965676773991871
0d8c215cc600c1f5,0.4102407002188184
3ceb989ec05cb0ef,0.8866739606126917
c7ea3f3ae516dbc5,0.07045014066895905
060631dc9f8845f2,0.6563926226945921
4ccc3fe421151149,0.1786433260393873
fd51240f58f2ec0a,0.0669959362300719
9bb25b00d30f4ce0,0.0142950922163176
1e633867010ad35c,0.25200375117224133
90da0c9b099080e2,0.533100969052829
f3ba8015df41ef05,0.7459456080025009
7006c751c11cdc01,0.5170053141606752
db5b922ab7ac849c,0.22512035010940917
8ed9c5e3ceb94d30,0.4958018130665833
32bc573af0d063e6,0.20455142231947485
b6f5ace9b32140b2,0.8751078462019383
2acea7857a236b62,0.4817255392310097
2dd5886a7dff0caf,0.6071178493279149
cec7e9631578eacf,0.9544763988746484
aa1276a52bb96bae,0.9067333541731792
f90658bc8d521271,0.7260018755861206
8b65638e31a74f80,0.4690778368240075
233d4e0eb18d8449,0.9268271334792121
95e779988eaf54f9,0.5679180994060645
ce033e0586a41f4e,0.32547983744920284
29007abfebc6bd71,0.4363863707408565
37555eedf932eb41,0.37680212566427007
43f0b7fdd64e4d62,0.3527696155048452
48d11190742f10b8,0.9655861206627071
54167e2d347acd9f,0.03644576430134416
adf2b2540dad8766,0.7621506720850266
aa4854b6b5329860,0.999
371dbcc2d3dab4d7,0.4871241012816505
29fd5cd58cb38dfb,0.9815879962488279
276d786a03dacf69,0.3749077836824007
90290aaf619cb77b,0.19928102532041264
80904c6eddcf06db,0.1483901219130979
5232eeb9a1fa8f60,0.7648296342607064
6205daeed9459b81,0.19553297905595501
6b4abc5da4e3aad2,0.7700656455142232
ecce281c5f6153c3,0.839165364176305
926feb1c20abd0b8,0.01949359174742107
64874c60d39dc86d,0.9814567052203813
1868aaf30c77d6e0,0.5690465770553298
52e964be6dd475ed,0.9794685839324789
4404ade20ca8acab,0.896805251641138
f6bbde7cdf6430cf,0.999
6f9ac9a8227bf174,0.8980743982494531
e4afa0c3ef07f2b8,0.35645514223194746
a85d4f04f63f1f8b,0.14765239137230385
7f3411e87c2708d7,0.5263707408565177
5be924d7d731a308,0.4003844951547359
41ea202bf96f7295,0.3576586433260394
e7d3e68c097838d3,0.9573960612691467
c21ded045b04b1d7,0.3953329165364176
a87de56d4f2dc966,0.010175054704595185
b073cc5a7d5d1fc4,0.3203438574554548
cdbbb57088163b02,0.25164738980931545
97a093dfe9e1eb64,0.923347921225383
68aafe54d00b3081,0.5824632697718037
dca611f4099c1df7,0.24934667083463585
068c9856fb6bfd0f,0.05811503594873398
ccec2927e56ab3d2,0.013438574554548294
f4239e382087c8d0,0.9204782744607691
a37f1921e2ae64c3,0.36833385432947796
abc7d40ccad7d04c,0.05695529853079087
7be1ba405f826136,0.9090778368240077
82f1ae3eff7b57d1,0.3316598937167865
64bcb6835fcb93ff,0.9194404501406689
8a7d498479d37ffe,0.6120662707095967
ddd893f6f7c67340,0.14839949984370115
63438b2313c7cb87,0.24678962175679903
