id,label
6403a3f8d07557bc,0.4085182869646764
1b1d097ff5b144e1,0.5033018130665833
08c7c3c71a02ca8a,0.8632697718036886
7f09e9039629a38a,0.5563555017192874
1fecfdee265e685f,0.7572092841512973
2b1b1ab99f54e1a7,0.5094052829009065
f893cdb025b56c89,0.7082076430134417
84466d5fc69b1dd1,0.8268560487652391
e0f419be2a81cbff,0.3337722725851829
d9e55e1259c7c29e,0.8024929665520475
602d7f4b0882ec4b,0.6333014223194748
67f2f87cc129d7da,0.7876602063144734
eec96ea0e1c9f7cf,0.02766880275085964
d85127e773ec4820,0.7079106752110034
9e96822b06b0f7f3,0.368585886214442
c6489148a3f9498b,0.4273171303532354
ad5ca801b22a4eb2,0.11622968115035949
22e01b671e9f12bc,0.3066290246952173
4953dbf3e113fbdc,0.18260589246639575
95397470f084bc6e,0.996250781494217
ff39045f375a9792,0.20156689590497026
893575902a76b6bf,0.1465614254454517
4d9211d2b44f7d9f,0.3047964207564864
8205441451789e41,0.026631369177868083
5ade617aad761daa,0.9745057049077837
7d8bd74eaaf831a8,0.7709538136917786
3a4abb16616fb838,0.19362691466083148
6e14ae545a54ec6b,0.8306345733041576
a6d127f7b7a19a79,0.855237964989059
e29e33c4a6eaf6fb,0.5919076273835574
42b296aec3a400d2,0.40819982807127225
238a42187f0c12de,0.3243337761800562
4c99d80ab952e272,0.7794564707721162
ef909ea8db65784b,0.7912433572991561
53283f9869842cd5,0.923511253516724
fa99ef0b96b51157,0.7509143482338231
3cdaa31c37582a6d,0.836345342294467
e007009eea08f15e,0.340225461081588
e46769b586a6b83b,0.8920990934667083
c77497b63a864028,0.2285753360425133
bceeb0086c625fac,0.1722843075961238
5abf8e5791e5fa94,0.9228469834323225
0b7d89ea3694651f,0.6429157549234136
ce60477eea0a9007,0.9744627227258518
847baeeadbaba41a,0.38073421381681777
aefefeee7da6b616,0.8048022819631134
321cc4b04985f915,0.43496795873710536
590cfafdd102ec19,0.5440879962488278
0a3027ad8dd82438,0.10028524538918412
01e58c9ae88cd390,0.21524109096592686
8f5eb2d903aad722,0.2164797592997812
3f1b90f008fcd5d0,0.8427985307908722
9e55098b34909114,0.7669427946233198
ed3723d6f0b305ec,0.5377715692403876
e1d77367315c8c64,0.40652352297593
b97a34687794c3cc,0.24025867458580807
2d9a8bda25c031b1,0.20498593310409505
367427e76fbb967a,0.5819435761175367
2d1de7cf3363aa2c,0.25260042200687716
d69cf5bc1f0112f9,0.06296694279462331
2a75c552e6a0103c,0.8451742732103782
943114c642b7e30a,0.39173374492028756
5f4258edf6c1b382,0.06890043763676149
ff0a817eba03cc6b,0.7552106126914662
c77fe2a4fb942f02,0.8807967333541732
df587d726667a5fb,0.8733217411691154
8c09d6fdeb48dfe5,0.210184823382307
564e16bfb829c7a8,0.05818419818693342
e592482dff2b62bb,0.09478352610190684
33319a7020313788,0.6771315254767115
4700a73d634e28f5,0.96338699593623
e5d9aee597bb4052,0.32206548921537975
b93533776029ab4e,0.9501426226945922
e9274894e7ca5d48,0.016475851828696465
37e126228f093cb2,0.404098937167865
ee5e8daf19a62436,0.9250527508596436
5c2af7cb33fcb9b8,0.47854212253829326
dd6cf914fd458758,0.15857689903094715
7943edf1ba3d08c4,0.2735053923100969
50dccf68b6d84c9a,0.33033369803063456
71b1d024ea8e0791,0.464897233510472
a8ccfbc903739855,0.08837331978743357
bbf9130a10bb2e61,0.1558182244451391
41a2cd1fb3af1f62,0.5365582994685839
e5b00c5e94bb1efc,0.49712605501719287
8a2951b875e32f95,0.11776531728665207
4b4241c32f2ae2c3,0.23521803688652704
8beed49416c057b7,0.5876523913723039
1cc185c7cde5f29e,0.8884651453579245
635d0e269bd151c8,0.04170639262269459
9eb98f9a7202dfe8,0.10263363551109722
c224615f7e3ecda9,0.11281650515786185
f93a14286735bede,0.2736851359799937
c118092c44e808f2,0.7870858080650203
0972b7359cd12fb8,0.05603704282588309
22318b12ec6eb14f,0.7776043294779619
9c92d4068021c258,0.9339500625195374
053aaf6bcba9464c,0.49779032510159427
966f0341c7d1f5bb,0.2962429665520475
624826d8d4f7d476,0.2448870740856518
250e83ae550b1992,0.9474620975304783
9ff420d30b835836,0.8730716630196935
f74cb9754e9ea82c,0.48564981244138794
8ab5a2752e698725,0.4130568146295718
56957aca1f34dcea,0.7165129728040013
a6c0cf21bf0a1be2,0.007531650515786184
427e6266110ac72a,0.9128360425132853
7b84fe626f3ebccc,0.7204907783682402
6abd9ee5808aa267,0.31045834635823694
15aaf86082111e4c,0.7012406220693967
afb1bcdc94b9bce3,0.050902625820568925
93a337e7b4fedfd4,0.48035128165051577
cddee4f1517d9dd4,0.5326176148796499
755140c7bd8e7223,0.4518286964676461
0ae88cec371ee0f0,0.12390200062519538
08a9f02754051fc8,0.9559198186933417
4bab179b9218d454,0.32561738043138483
2af9aad0b831d3ec,0.04698733979368552
7d330fd87e35ee09,0.4955552516411379
d79f0de699294b3b,0.719351750547046
652a8c0826eb2609,0.572219834323226
2ae2ef63a2565c3d,0.7230599406064395
1bcffad3764f7c4a,0.21611441075336044
707e78f41fd82174,0.14983783994998437
e4824a55ce76b702,0.07341942794623318
993182bb80730c31,0.4810702563301032
dd67c105d030f636,0.7953344795248516
3dc4dceeeecb58eb,0.6960163332291341
90a67d119116b976,0.8721162863394811
a483f8d40e026f5d,0.12621717724288842
3d24648e710fafb4,0.20867653954360738
9104c44e8910b122,0.14448460456392626
47b77ad7aec9f1dd,0.2559393560487653
a66cc4155a0edaca,0.637697327289778
1f4dcc29503e1a4d,0.5732924351359799
0a295834d6044914,0.3420600187558612
bdce8615df21ee2f,0.032418333854329476
694b4d3b1ed04c61,0.07401727102219444
ffd75ff5c92f624d,0.6522663332291341
717e992041e77d9a,0.6342900125039075
eb5157274916100f,0.6821389496717724
b77c5c610fc74da8,0.2319552985307909
41d2ba14e653bbad,0.7692286652078775
f2b612c9be07aabe,0.5588426070647077
3451e892c310a998,0.44491051891216005
2ab24c04722d8bf6,0.3300171928727727
38ded7c17115e7e6,0.7691680994060643
afed8219aa70efeb,0.47708854329477957
1e9c4d7d2de01fba,0.6235835417317912
c1bda90e9a3b9ec3,0.3009456080025008
d406fda410e7c177,0.9505470459518599
f49753bbcfabdaff,0.4451097999374804
4daee2e232e58a56,0.9271745076586433
858a9c1611f558cb,0.49023718349484213
05b0a9e8b1444d99,0.34085456392622693
8b2ac5da79a42e4a,0.8579575648640201
222fc0675ea28b67,0.2036749765551735
77cb5f88dff15921,0.5138949671772428
947d5752d88dc00c,0.9574222413254141
309a531dddebb471,0.7626133166614566
7e5f9d7d0cdf5a81,0.3451195686151923
6dfe2ff41e67b01d,0.44493396373866834
9a51f7696f388499,0.43879532666458265
9c5cb5a9b9b2b4cb,0.7668470615817442
bc7e89abddb2aa54,0.999
5d3eff0bafcd186f,0.7630919818693341
d592e9d5579075d5,0.19785479837449205
475f765f9fa22959,0.8800972960300093
71d36204d6040aaa,0.6864469365426695
78119b8ffb9aa8ab,0.36773015004688964
09d1e9b9b858fe18,0.7914504532666458
ba5f5f59e3b0b755,0.8320529853079087
3b7344f40bf64734,0.45774656142544545
1f72c876a5e3738a,0.7027840731478587
86262f7438a90d1d,0.46797632072522666
3f6e10ed3e6a6303,0.9532256173804312
ada42e94aae1a58f,0.8519107533604251
b5320e4cd134414b,0.6181404345107846
ef83ac91e80ddd9d,0.4550816661456705
b8a457f0c9f14bef,0.3346866208190059
74947cda3decdbb1,0.515477492966552
a39392c735bde1ac,0.4101496561425445
afb321701a74d5b0,0.1984917161613004
df401b9701e04299,0.20026961550484523
c9b67772b4c4f44b,0.8175758049390435
b5665177cd7b6c5d,0.014682322600812751
1d621e5fa6b0c45f,0.24268130665833074
2d595ec6f4c2524c,0.3483549546733354
6a96a53512d24696,0.19689160675211004
b3a68808640b25da,0.26076117536730226
cd9f2b2346e70af7,0.25668568302594563
d78d162e0d903e67,0.8989996874023132
512b0444982361f4,0.8591747421069084
36f4f9a58e05409e,0.30565801813066584
e4b4fc878504822b,0.5101223038449516
d2c6c32ea3387653,0.043654266958424504
62d5596d1fe892ad,0.8712722725851828
8756eb85074bbf32,0.1781103469834323
9120f37fb674d8d5,0.536974445139106
ad529a51765d4ec3,0.23243591747421066
f5e98c69a45e4a76,0.8554645983119724
4e8ecc5a6ef67336,0.5309413097843076
e26f37d892f837e3,0.8005724445139106
377bd33e8a9d5e7b,0.4154579556111285
7277e822016a05a5,0.7357494529540481
94fed9a4092a19bd,0.5984018443263519
28d304cf97ca614c,0.6250019537355423
5a5195df47e373d6,0.12163371366051892
ebc9acfa1d364336,0.11627070959674898
5d76c6de5ee62843,0.6099308377618007
511d1dd15e99184d,0.6881330103157237
b6d744f202fb4a14,0.8700785401688027
43c3e8abee7ceeda,0.6859194279462332
41afcd725afd0bb9,0.48035128165051577
bd4f0c1a61da90cc,0.980845576742732
ac5e8e6812e3a526,0.5411319943732417
61843635f4d407cc,0.9601750547045952
d643d4e6d84db59f,0.7225558768365115
5c0b8bce49a0a773,0.8970010159424819
7c6020b2e5dae41a,0.5109311503594873
4a6f26c4ccfa8a2a,0.20249882775867462
f5ff436197b8129d,0.6219150515786184
27b8587241bf56d8,0.2846534073147859
a198a7b963854e6e,0.09800718974679587
8661667952751501,0.7604681150359488
282a1321ef8c1306,0.3729603000937793
db3dd0b21b03ce9e,0.6141997499218506
3bdc9a83d65a78f8,0.6109155204751485
2983651d59dfaedd,0.7674507658643326
ba2be23d69668658,0.22955806502031886
89d58eb00d13e4fd,0.24540481400437636
d2caeec36f4769a6,0.35853000937793067
dc23c7fae5f57288,0.49734487339793687
c6e284593c89d176,0.7483881681775554
523464c4f48eb02d,0.9344443576117537
cc7624fbfc77736e,0.8317970459518599
6b0c371df7cfc676,0.6176617693029072
986e8a5497d243a9,0.8913019693654267
0880ed3a1a77013a,0.5956841981869334
791d60ceeffd7ccc,0.9327758674585808
1fb2b452cb819b3a,0.8604212253829321
6e683e5731d8aac7,0.7093876992810253
d752f92de2b858c1,0.33526297280400125
91654f6c88bcc480,0.2521940450140669
308caeebcc6bc059,0.33686894341981866
0a092e2b8c9c06c5,0.6476437949359175
e29749c7cbb0ef48,0.1352336667708659
02521319f8872bf9,0.05688496405126601
f699494da66c4efe,0.5626484839012191
060f874ec99eadc4,0.4550758049390435
1a2ea8a74fd54c2b,0.5459440450140669
a98b83e132c75465,0.16860151609878088
0fe8ca7c247fab07,0.7379786652078775
c8d9bcea59632f23,0.5407490622069397
0ab0d9c2a040f32e,0.26300406376992813
a03fc647d8141fd3,0.9183651140981557
1036e1cd53a850ec,0.22032861831822445
519d3f96c9895253,0.14311698968427636
28df6bdb66f8e09b,0.9434315411065958
89713786047cfd0e,0.5521315254767115
6389830954a0227d,0.4658643326039387
8a5f2d2c5004dead,0.11188848077524226
19d4cd44aecb29c7,0.4972706314473273
2ed9718fa269e456,0.5591395748671459
31d0832c9b203b46,0.36886331666145666
e21b68ce26bfc500,0.6834362300718975
cf8783ddc0b9bf95,0.0010823694904657706
fcd44919c1b3f412,0.9040950296967802
c6e50665e7bf8738,0.48927789934354493
ce0179fa676d128e,0.950771725539231
423e064e247fe04c,0.7440059393560489
0ebb4ab2c338fde0,0.5725851828696468
37337cc831e40a2d,0.6834323226008128
04eb53517170d936,0.6965184432635199
dac684a7b8635061,0.4270670522038137
a2f354d17d1431d3,0.7744431853704281
8a42e6579214e167,0.47709245076586426
c35d24cd26008161,0.5255177399187245
077789ab8d103e29,0.5708170522038137
5deb9f3705c67be7,0.5759221631759925
dc531f502bccc4fd,0.6821858393247889
ab4b4d6c12291a2a,0.32769420131291027
47b284804faf97e4,0.544160284463895
d46bd1fa92be695e,0.08621444201312908
11c536ec56a47156,0.24723155673648012
d5bd7d0c4a297748,0.04362300718974679
d30e6ef239a13f14,0.7344404501406689
8be010237b513256,0.869455298530791
e3ed18d3d53d8aed,0.31904501406689595
a9f5c2f8c5922e10,0.8625976867771178
05a75c012be2ab6b,0.9804040325101595
a068617fc089ad48,0.5269517818068147
687932e8fcf71376,0.1699945295404814
fedeffd4ef29f976,0.23378399499843705
5d3e23d9b2256c27,0.24906416067521098
c6544d7502deea99,0.276680212566427
096cba9bc78d7637,0.7138949671772428
76b587348b5c4d59,0.6051090184432635
62185555ed060f0b,0.5165872147546109
b538966eb4ce164f,0.0414289621756799
8dfc12a6712b0903,0.7004532666458269
3ab52adc4b1c1768,0.23825414191934982
463847f9a1f414b6,0.7042786808377618
e93e14d11fc793e7,0.03513597999374804
2cd7ea4ff0b97ed6,0.5256994373241638
3cf1ec0a8c671d61,0.18021647389809317
e39df281ee7e153e,0.13146491090965925
272a6816ce2c7c9d,0.4129454517036574
f56230f889018c95,0.8305427477336669
4119f28f6d4d40eb,0.5121248827758674
3e744e15c1c6600a,0.6254337292904033
7975b8ce43d7163f,0.47760237574241954
76519a1ae0dba3b0,0.8093935604876523
6f6aca7dc35afbbe,0.31169701469209127
658aa810bdae773d,0.9825531416067521
41c3618b9180e8e2,0.3496854485776806
7cd53693b2b3a4b3,0.22486128477649264
a450a4bce9f2cac2,0.7670776023757424
05bd9ec45ff54b8b,0.14667669584245077
0d67ef8a9dd3249f,0.667255392310097
514cfc846a144390,0.6643580025007814
2856a2a0114ba55e,0.8097628165051578
ebe02c0b1c116ac9,0.20629884338855894
cc31cb4421bd54a5,0.6133049390434512
d63593c7bd5f72a9,0.8148679274773366
962b8c33b5be069b,0.1866012816505158
40e508ceed1116f3,0.3451899030947171
668eca9c4cdf1507,0.5083483119724914
c15735bac7d4e6bd,0.1189316974054392
09d2cd5ccb05a325,0.47431814629571745
71ed58a8f5d479e3,0.6684452172553923
56fd1ce474cc243a,0.909485386058143
4c4fc4fe6dea340b,0.849075883088465
68fcea284ddff8ff,0.747022507033448
8913329e85f873f7,0.5441368396373867
7a210b4ff6c29678,0.5787902469521725
91bd2a01c0384263,0.8960905751797437
14e4e31c9bd8d90b,0.1464266176930291
410f92d0f317cc8e,0.5638461237886839
780cd523f303a8ba,0.3052633635511097
77ae2af1842fa5b4,0.39451391059706165
eebeb3dc997eab87,0.6699456861519224
fa6c4d5205fdd5db,0.979569787433573
f1798e22aeb3b385,0.9852473429196623
8af0df5286089649,0.7452895436073773
6e224e4033db63b7,0.083012269459206
b8624ae03bb7e7d7,0.045998749609252904
52ca2f9cf118011b,0.9880099249765553
52c5dee14f8320fc,0.6766216005001562
43a4ed5577b3346d,0.6208483119724915
332563e196c7a1ee,0.9175152391372303
cc4b32b77225218c,0.7600324320100031
0b34a503e14e5271,0.92213191622382
33100c4fe51f7435,0.4097159268521413
6de5ffe2b6664d73,0.12158877774304469
ba39076152cb0ee3,0.5927399187246015
aed179ff9c81f4f1,0.032410518912160055
ea1a9bf792fb6a7e,0.12874531103469836
2f06ce2d10fe3866,0.6081099562363239
11855575a4718674,0.43296537980618943
06d39de4f0e13f3b,0.5698479993748046
5fd7c68abce444af,0.8065821350422007
d464bbc0a2f6ec7f,0.8582564864020006
86a7d5c47fa116f8,0.08512425758049391
a260e587d0fd3fdc,0.9511097217880587
6c07a18d9f02a585,0.8399109096592685
8fd3d88e27ef7240,0.347104563926227
80dd9757384d7ae3,0.35979407627383553
00a0f9038422aeb4,0.6396139418568303
dd38ea8c63c0a90b,0.5675562675836199
e23a165731b18098,0.9090946389496719
9bef89bb8b6e707d,0.0693458893404189
db5779805bc9128a,0.8463211159737416
13c6185147e496ca,0.951045248515161
c23ad10e1020a370,0.402692247577368
cdc252e1304b3741,0.11511214442013129
c9866843a2ca38c5,0.5609858549546733
1193dd7feb2e1c1f,0.016153485464207563
145626c411263ea0,0.46262894654579556
b2bb6e4261a0a280,0.9776629415442326
ce6c9830339e8d23,0.7419252110034384
e5a315b7bb844af6,0.7875781494216942
d85cacbda54cea30,0.2611968583932479
ec609eb2e4100b33,0.7941837292904033
0d785515807808bd,0.7582428102532042
6bcfa2aeebd0236f,0.3045776023757424
9ed83fa2f828fbc3,0.30178766802125667
f596ac3c62688ee6,0.9403016567677399
654c4ca75e7a6d56,0.5865485307908721
162146e83243572d,0.8642974366989684
9878dbf0860838fa,0.647772741481713
332ca627787dd758,0.8514692091278525
679ad425e74f2477,0.2659659268521413
df5a276859dd4308,0.7884827289778056
e1f7d0ae0443184d,0.7346846670834637
a6434286f4234aba,0.6418314316974054
3351a9314dfcaa5e,0.04148562050640825
e19b22778dcddf3d,0.31770279774929666
a98a59904fcba403,0.535874492028759
efe47bc01bf23b67,0.4879278680837762
a1a862c811a320f0,0.3943771491090966
bdef7203033a959e,0.735108627696155
0fa3fd428635e63e,0.2511331666145671
8ed23ba67702fe54,0.8851574710847141
ece14f4f1731d91c,0.8773249452954047
ca20fb73d0c544ac,0.23971162863394813
927bbcf7fa67bfb8,0.7159854642075648
deffe32d78bf8a82,0.6300328227571116
319944ea096b3a65,0.3053630040637699
19bd6f94f36d44a1,0.45356556736480147
6e7447b72d462201,0.24643834010628318
be6959210f99dd41,0.9642485933104095
bc1a4abb3dbcab55,0.2747596905282901
41032395ff67eef0,0.9015082838386996
2b4004b2678cf0a1,0.408783994998437
469658e2c6728fd1,0.28626719287277275
e67a54cb89e72744,0.1793138480775242
0a1aa269dba98abf,0.34904657705532977
746e977975fa2166,0.06487183494842139
ca51e1b6ef04fd43,0.3800601750547046
dd96408688197b1f,0.7274343544857769
23b5530f05f1d9e5,0.7943830103157237
da29e21770225527,0.41128868396373863
adb83a06bb93e782,0.20298726164426384
0e4d2b4f26be08db,0.8885374335729916
6ece7a74dc7701ed,0.07047710221944357
e5306d42c50fcc55,0.05381955298530791
4381dd659292aa24,0.28910792435135985
e31ebedf532c25cb,0.4530341512972804
853b98dd483b98b9,0.2966923257267896
2e54b76182ee44e1,0.783920756486402
338f6834e70af5fa,0.02150476711472335
b5abaa739dbebcbc,0.7701410597061581
5a8bb8464a290761,0.6417435135979994
f0e90b285061c449,0.12748710534542046
e66581f055ee3b78,0.6904931228508908
0a21004c4d12a011,0.36568263519849953
04cee8b938d82d19,0.13964520162550798
c2eb2ef42ef59006,0.5183983276023758
4db76ad147f6dde7,0.5583834792122538
388d2efe55423a29,0.9673862925914347
b9875250f7ce8623,0.8142876680212566
e354d93aaeda004f,0.9782314785870584
39e7b31ad6490a4b,0.5523835573616755
a31878efea02ed42,0.34535401688027506
4db06f2609831909,0.7674546733354174
e23ceacf623bf244,0.5676930290715849
5b30a3dce1e3fc54,0.9260999531103471
9b09b933e5488d29,0.5204517036573929
64f0282d10422cde,0.2512171772428884
d171c9bf0e731793,0.5866540325101595
699a9d5c734b80f3,0.43546030009377934
79281527b5fd74b9,0.2624667864957799
63b9f2af8362641a,0.7055564238824632
8e20990222b8b1d1,0.5771100343857456
cbfad4f1f811ddcf,0.8299976555173492
a6dde1511fe8d47d,0.34939434198186936
54e8815e9966bb51,0.9921987339793685
cda24d31d8c08104,0.6487886839637387
2e41b0e18fd08067,0.21900593935604878
6e8f4f5c6e28c26a,0.7608178336980307
1f4157812e2bb339,0.6896295717411691
c2d3133094dc0fad,0.09822991559862457
e7e2da8351240636,0.3018834010628322
ef2946985749757f,0.1918412003751172
ae735efdf3a84f05,0.7694826508283839
8a459d7c2b588a93,0.7225343857455454
df0d35696f4b164e,0.6069005939356049
8f745cf8cd93face,0.13203930915911222
7aef10c8e6aae208,0.20987613316661458
706e881832fde05c,0.9379083307283527
03a6674f904defe8,0.2701957643013442
f00500b8110dde92,0.8168118943419818
1475216e327695c5,0.8253125976867771
3fc20688817559fa,0.11399460768990309
70df3ece5d814a70,0.16800171928727725
bcf591e552b3ba82,0.013301031572366366
a04e514a6ca8156d,0.8506388715223507
f83e082f10dc4f9a,0.06935175054704595
21a0898a3f0c502a,0.18421772428884026
c9afe9c2efa6168d,0.15182478899656143
9423152627c5de85,0.8666028446389498
fc5761df1ee97d2a,0.4787648483901219
b51c1517f2b27082,0.3059647546108159
966bd6f4b801db6c,0.9217978274460769
c39f09a3a7ee5d1a,0.7064062988433887
cd4ab667a784a10d,0.9210182869646765
053911f801591901,0.6198206470772116
4c12cd87dc745584,0.647274538918412
f0c4df4801e5dd7b,0.24645787746170678
1cdb9e6374b25c46,0.12434159112222569
55a04d93184e2087,0.9119334166927164
b0259adc08c321ab,0.2987417943107221
3ebefad692cdc413,0.25913566739606125
83d05a33f78392ef,0.2099523288527665
57e746a1c420f866,0.7463699593623008
7086b53e09fe17c0,0.7522956392622695
2cefa5982f1e5321,0.5321233197874335
c4a61e6a8fa1704b,0.67383948108784
cf3db8bd220d5bdf,0.740362222569553
75c651d11c0a0337,0.07869060643951234
10dca6cd4d946194,0.42447639887464833
316d771ed9f0b6a1,0.47441974054392
ef64650ddba7c539,0.16241989684276337
721f58982ee85da8,0.8661007346045639
e8f08bd5b06f41ef,0.03445021881838074
8c2e815ac865660d,0.7454907783682402
8191fefedc6afd32,0.04683104095029697
15c9fc425aed1fd5,0.5526394967177244
52f896a602e74ef9,0.8973976242575805
c8a94bf1f874596b,0.3863609721788059
64024839f91aaea9,0.7086452797749295
23a06e4e391dfcaf,0.43897897780556416
76fc88367fd4b329,0.1399343544857768
e7ffd70d1007bf31,0.3866813848077524
4df67b2b4764df2b,0.978737496092529
5e23b5ebcc3c7201,0.8176832603938728
97c325c9980b0ab2,0.18515942482025635
3c8bace911db4b05,0.8644224757736794
d3af2a4f1b0513ef,0.578245154735855
8a66145d22484a10,0.8717958737105346
f501884aa3b0a2bf,0.032084245076586436
21f8710a682b6ca8,0.5908526101906846
67addba46911ef5a,0.8214832760237575
cd5a8d124051f2a9,0.9374316192560175
a1acde423d140030,0.028721866208190054
6284cf5236839f36,0.68606595811191
37f720257a8a7a33,0.7228040012503907
acc257668dc46b34,0.6982260081275398
23424057c8458694,0.31031376992810256
418a7b8fddf172d2,0.9587468740231322
dc356b2589e04c87,0.7540129728040013
f64eef65821a8f3e,0.472739527977493
9fce647d5b47563a,0.9781709127852455
52f9976ea5b478fc,0.13784776492653955
d240c91989c04146,0.8074847608627695
47ef036d29375b9b,0.8888754298218193
8808a12bef546809,0.4193283057205377
d3a20f2bcf2db8fe,0.6924331822444514
a451d8e451fac918,0.30168021256642696
9826735b01a08344,0.40744959362300714
c4a29152e2eacc8a,0.0026844326351984993
631690ed30cc1631,0.916878321350422
d84d8a6e6ca5eec8,0.2201527821194123
efbafec85fb00cc9,0.8624081744295092
24556c1044963c8b,0.947751250390747
5dfe6e2137dc82e7,0.23314121600500154
b2400c3aa22283d6,0.3160890121913098
71602580e012f168,0.7199437324163801
cf01eb3e54442236,0.05338582369490466
1a07d25426f87edf,0.6017349171616131
13b3d3fe65bea413,0.3672514848390122
059edd840763fd81,0.8408135354798374
48288e044d74e7cd,0.7293744138793374
add068ffe0671cf6,0.18520436073773056
c99de47efecac792,0.796332838386996
11cef543afe62f88,0.4590731478587058
e512156389905eec,0.2391352766489528
138703e658867a2c,0.6960847139731167
454c3092e6edd433,0.10863355736167554
dd957118652b5ed5,0.8230267271022194
af01fa5eafb4602a,0.285600969052829
7bffcfd2a9da1725,0.8337918099406064
24f3f1ab071df78b,0.09157158487027195
3ec7c9ebab0a4a2f,0.8856283213504219
3c1d10f4646f69fa,0.11329712410128166
9c5f959e1195fc54,0.13291849015317286
cda81aae0a16f97a,0.5441680994060644
2bf6c949fa0b6053,0.5456334010628322
546683ea9e5995f2,0.736591512972804
c4563254d849a8c2,0.8550582213191622
e9e85a92d9ed5065,0.4291575492341357
fc9fd5a085f168e9,0.5598370584557675
54049d409156afd1,0.8430622850890903
e4c0d5c0b9045e4b,0.8328657392935293
058f290d4016fd11,0.2040696311347296
e14cd74f951c3910,0.28050758049390434
05018e18dc83e13e,0.9762562519537354
763ff25fb3a65368,0.30369060643951235
eb5cf6bf7c8b4e5a,0.7964598311972491
013351fb7667dab2,0.6541516880275086
e08181f896cfb680,0.31209753047827443
e65d39ec9e3de422,0.7237398405751798
9cf499aa7626f14a,0.6775300875273523
f203a5ba78b7389f,0.7199417786808379
8ea386546c0f8c96,0.9063496405126602
0391f48a6955106e,0.08799234135667394
d2f70a0377eebc5c,0.23340106283213508
b96e54496b6a6713,0.7063066583307283
1ecd7d7fc32cc874,0.6450238355736169
a91fae320445e22f,0.09689551422319474
7f7f8d9e95bc3227,0.7983725382932165
8ed9c9b27ed7229d,0.42885276648952797
19862b4c0d2f34b9,0.41074554548296344
e5b1c6b3822addb0,0.6792708658955924
191edcd8d76cb951,0.988469052829009
6b08a1554cdf28c8,0.12417552360112535
706610ca333da138,0.5039152860268833
5cb5f8466022eb46,0.6689981244138793
acb3a526d9921b55,0.3602453891841201
947db252e781ab55,0.5778270553297906
e94881433d15d819,0.1996737261644264
34439005f71e07fd,0.7239059080962801
989a2593307d72e3,0.7128790246952172
ec8f1d04cffddc96,0.6730560331353548
11dd5f5d722fb0e0,0.7022702407002189
d6738bf320835a10,0.4300308690215693
025b09a306181a55,0.4972608627696155
e5e3f5fbf93a1918,0.5693322131916224
2d60731de40ca5ec,0.1552965770553298
96789dc76cce8bb4,0.7578090809628009
e04c2f21eb86c30b,0.17547475773679275
eb4f7827e27f3e50,0.999
c72cafb3b0ed2058,0.05509534229446701
38e789ce64afac4f,0.6358002500781494
961a36d1522e6ffe,0.37294467020944044
d915888ab3fe3241,0.6409366208190059
6d047ff0d07fd1a2,0.17840145357924347
96212cff04501fdf,0.8233178336980307
6cb30ccf0384596a,0.8680212566427009
1878cf5a842e6727,0.5852688340106282
47adc8c9afbd6fad,0.2521276180056268
bcecb579dcba782a,0.2939531884964051
24fe0dc9ab19be83,0.10152977492966553
d56cbf99a17acafd,0.341194513910597
5caed519a777c666,0.07608823069709283
de3dd7a6a4564414,0.6567599249765551
3ddc28164f664050,0.4442638324476399
45693136342888df,0.038250234448265086
143c3caf6eb25742,0.556736480150047
9295c919e27237a6,0.4454888246326978
0dc756a818dc5d9e,0.7018365114098155
67a0ca3f82ae78c6,0.0928376055017193
cbd51c3558265f5b,0.42453110346983436
b6df5050c31c7287,0.2608627696155048
73f20d006cfc47e6,0.3930310253204127
2de69b9443d4fc52,0.3025457174116911
1ea20c09b6c79a3d,0.3883615973741794
ea1427791f675329,0.6421655204751484
cd6c9a86e5c13535,0.7697776648952799
fe03f010fd99f729,0.8829985933104094
3cac934a5e569272,0.6209264613941857
1f9c8c5a31c38592,0.3774382619568616
325d3152d318ac6a,0.331939668646452
c796149ae059bd36,0.8320920600187558
139b95acad0d8500,0.0345928415129728
ef8ca6e1ad6cbc40,0.6903387777430448
738b1f5edad8bc5e,0.06378751172241326
00b5753c64f3aa5e,0.8095029696780244
7509e02d19e2f87e,0.061618865270396984
a85aa8068fa925c9,0.7997929040325102
f8ff744430f73aa6,0.6282900906533291
4106129a02383134,0.18396569240387622
3be6495b6e47bbe8,0.6413078305720538
d58d8cb98c5344c3,0.35033213504220073
72c32db073874592,0.2812851672397624
b33541a9535d3cb6,0.5866227727414817
f117d4aad78b524a,0.61280673648015
5e48da846d46eabc,0.7392857142857143
b0b266000f2d6b03,0.8482260081275399
2aa63d23f11f3aa0,0.09965614254454518
7ca15ff99bdc719f,0.29397467958737106
286e550605b2d970,0.39330454829634254
140d123f8919309f,0.8095225070334479
5406d7c0119b8b77,0.6991931072210065
feb8f158efc528af,0.6557166301969366
20e9295f7f1b6809,0.3585280556423882
8c67df2b06a8af30,0.7064434198186933
0b5100f2d589252d,0.7384280243826196
a7dff4879e1f2c8f,0.9400730697092843
6b9c17dec469153c,0.8471455923726166
b064e718f3825ae0,0.05337214754610816
633aa423117b483a,0.2566974054391997
2bd2dc8cda610b2b,0.7367224132541419
16b4f1b4b30d7a5f,0.9187519537355423
7ce520db2bb5b181,0.8636351203501096
359fc18aad246386,0.5112867302281963
4040467f440a4681,0.44447678962175674
ba27a17c66a28567,0.5419681931853705
5e4bef63f0b3974c,0.7380450922163175
849863283a0793dc,0.6613687871209752
aa9c499ad44baf78,0.8271627852453891
a3fd494842016ae7,0.6149831978743358
5f079c78614b8a83,0.9529853079087214
7420f14669961a6a,0.8003673022819632
0a083c164a874ea9,0.18810370428258832
396f04d4bed14a3c,0.5621717724288839
bda29126d66debaf,0.3427926695842451
8d5ece395c6a6b60,0.6946350422006877
9ea22d08386ce3ae,0.10784229446702094
1a277b47ca192cc3,0.28042356986558303
5534d1ac3ad47ca1,0.5423687089715535
164e32a2b96ed3eb,0.8376172241325415
cdea1d25f481df1c,0.18015590809628007
37e1f37cd163cc12,0.8724132541419194
4f896e74ddfe48f5,0.4908115817442951
ec881c0b42489ba6,0.43025554860894033
6cbbc142e3b6532d,0.27094795248515163
af58eeb2cce1b1d8,0.1652625820568928
3792b407d3147240,0.32401531728665206
44abea18902dcc6f,0.2745193810565802
f174b76e8c589bc7,0.4667005314160675
d5cb1d76e26e865f,0.932328462019381
c953fc1a52b6d2ae,0.657453501094092
dd9860c103eaa486,0.1219521725539231
1a338e9358b4b71c,0.00855150046889653
28a055a15e2bee63,0.5046909190371991
d810129e88130889,0.46071233197874334
20b2f55f0ebfeb9c,0.44355071897467957
2dbfb79bb9d5d576,0.8582799312285089
a4f168601004a705,0.6126797436698967
7419f46f112678b9,0.6726281650515785
7d0ff708b6d6752f,0.9195783838699594
cbb85fa489a893cf,0.06455142231947483
c46a723fbfa594f7,0.5583072835261018
2104390897549457,0.5078676930290715
75c276f7d0f29aa9,0.9569982807127226
01a679a23b212287,0.873106830259456
6cc58651b88eadb4,0.3255157861831822
14cf1ac65f8ca02b,0.08167396061269147
2a5d42d92966192f,0.3135003125976868
2010478948b9aef8,0.5122167083463582
31542ae607bdb59f,0.7552281963113472
783c99f058bdb723,0.38527664895279773
8e49ec786a6d5abd,0.7149499843701156
d2b9a740ddba79a2,0.15691036261331665
47c1231311a7aaaf,0.45532588308846517
c7937d0c63ca6a92,0.6884612378868395
64628bdb8224fe18,0.23389535792435134
49cbb2ff9274a4cd,0.1450121131603626
a4dbc0e728a780d5,0.902998984057518
54a5b82f046318b5,0.9041223819943731
daa0b6896a1749ca,0.22278055642388245
4a251ebb1de72153,0.9088250234448265
edc7eab7534ce904,0.5411046420756487
0d31a18c31d12329,0.8937656298843388
ef643ea0ac629b95,0.42679157549234137
39049e24be5a4306,0.9415559549859331
f41fb0591a5b1902,0.16443224445139107
ef3add49907eb895,0.2165403251015942
3c80e6a34fb3e4ce,0.80515590809628
681bbfb8c5372f79,0.8364645201625509
007f4be9a3f6e89f,0.13061112847764927
25144a9b2bed9be3,0.6311952954048141
61233f40c0cdaa2b,0.31242575804939043
73a058838f6b7f2a,0.9403211941231635
cbc20660739af678,0.9831412160050016
8fc723bf625337ee,0.7977414817130354
3ba49bd9e60f519a,0.16119099718662083
6a3b3033fdfe94b2,0.5227883713660519
c8ed653c9f871795,0.8452309315411066
2f6d48d7acb127aa,0.6313945764301344
92ff64a44efeaa6d,0.2980521256642701
d7169f20999bc93f,0.99805212566427
53604f2aaf701357,0.5453247108471397
a7001845bc2108a4,0.7742106908408878
e1c8d84bbb8add74,0.06155243826195686
0b6ec467b5610434,0.2818341669271648
8ac52d2ec127a096,0.33164074710847136
b10baee15fb9d01e,0.8578872303844951
221ebe5d40d467ff,0.7635081275398562
4fe55b114acc6ade,0.4369783526101907
d8482a667d8a69cf,0.2892212410128165
53ade36e2a1b1e97,0.9201312910284465
23415b9cfe9e209c,0.6115797905595499
280c7808d94b9763,0.8362457017818066
de5885c6a7c6423d,0.9881037042825882
38de0e8716fdf6cc,0.6940743201000312
55bc25143589b254,0.8026590340731479
957e73c37d447545,0.15986636448890276
af84b2641d1c74b3,0.24397467958737107
e7be7f3fe2a831bb,0.08461824007502344
841f7e8235380174,0.9278583150984683
63d88f28c2a5df22,0.8761507502344482
8dad4fd4df5c221c,0.7998651922475774
3572ebf75eb17942,0.5777410909659269
25a1a550572c1f93,0.0344658487027196
6ae06440fe74b44d,0.9476125351672398
b4bf088ea90582b9,0.2737515629884339
6b9449d16e81079b,0.23434667083463584
4ff7c9e8a089b94d,0.6937304626445764
aa5c5648b80a1a3a,0.5460026570803376
5dc1f3d49bbbe4c7,0.7530575961237886
99546cb325e5dc06,0.9140922944670209
220c843637482425,0.5486890434510785
6608fca5b64d440e,0.864152860268834
f29988dc0a3c0243,0.6214617849327915
51058b99b395787f,0.17563301031572365
ed1bbe11677f7bca,0.4083483119724914
9f9b85620fbc0cf4,0.3350832291341044
8aaeef3315304e45,0.37390395436073776
5d92173cdb00c0c4,0.41080806502031886
acbcfbef3b1946c1,0.12354055954985933
73cb612fe6d23320,0.769439668646452
4216594871a36761,0.11409229446702093
1c2bf4927779574e,0.9265454048140044
1498d0dff1fb5394,0.34314629571741173
53f47e8f08b91aad,0.4049273210378243
c4229a0ce07e83b9,0.10608783994998436
bf61a06ee47b2027,0.1343994216942795
8aef635fd1b3a740,0.15181502031884966
0f6a8a20e3587b09,0.16224210690840887
75d7914477c996b1,0.33415129728040016
7b1790935e6cb838,0.04232181931853704
d680549ede3f6dc9,0.1734409190371991
f3bf39cd2ab5bd9b,0.3278505001562989
0b0930b54070750a,0.22236245701781804
3d97f118d250279a,0.9419955454829634
e9de0ad29a82a54b,0.5492165520475148
9485f200c4e02805,0.5701039387308534
12d95850d018d3a3,0.3023620662707096
ddc866b96dfc3aa3,0.7402176461394187
45a33a8161cb4b46,0.2460554079399812
990eb9e1c61c80b9,0.27299546733354174
378b6aac03179007,0.19082916536417632
b6ce4df0bfb4d3c4,0.20724054391997498
a50653ff586cd76a,0.5444826508283838
65cd9ee07cfab83a,0.5004962488277587
d2bbc0c9f79df720,0.9148581587996248
82ce816296a1512d,0.038177946233197875
e502c517a223aa14,0.21992810253204126
71d19ea693604e1d,0.30098272897780554
0d037e649d83d735,0.5979016880275085
6ba6991213384d83,0.7503985620506408
4cac0de9485495fc,0.8871326977180369
9a0be358e968c623,0.12058846514535791
f1ca34616439cd54,0.1581939668646452
e301cf1f2e4c3681,0.6512855579868708
d614ef3ad50cc2bd,0.7839656924038761
c0b33846eed21da4,0.24326742732103782
d4e499c8cbcbf2c7,0.8490231322288215
112d556866bfa77d,0.9088758205689278
3f5b776bac1c2a71,0.6067736011253517
97fe9a981d0717bf,0.5687832135042201
ce3280649c6eb5c9,0.7425582213191622
7ae7079159ced82d,0.41887894654579555
f1eb50e28869a50f,0.12474210690840887
52c8dc366cde6d2f,0.19592255392310098
ef14064579612c4d,0.7575042982181931
7897eec02201ca6e,0.39839012191309786
321d33ef853c8fb7,0.8599308377618005
96766da6bd7c3998,0.20925093779306034
fdccd120c1ead149,0.8589070803376055
288252f0e770ce50,0.7302692247577368
d4d977f5a3d8f01e,0.6504063769928102
62ea4677a492334c,0.8604407627383557
d1f182b83a420b6b,0.27827250703344797
0a8ea601fcc75d1c,0.7552614098155673
27930c385742439f,0.6913527664895279
13d12d929ca71339,0.9323597217880587
159b4f9fc1efcb55,0.037574241950609565
94ffb2f9a90b358c,0.5655165676773992
68615d70615e3b37,0.21277547671147234
d4a40bf8afd7e4b4,0.08158994998437011
e3dcfffec2d51e7e,0.10476125351672397
10366fd321e0ad43,0.3583873866833386
80e3f13b4e86e5f9,0.925279384182557
6272a9e176561590,0.7463211159737417
14ead2f08e775ba6,0.6744236480150048
08ecd3e0061305ed,0.5878907471084713
b91abfe0273da79d,0.9538879337292904
0c3efbd8c39177b8,0.9975050797124103
e9e21b290009d63a,0.3117810253204126
c188505410fa547d,0.5875742419506096
768d9e0553a1399e,0.07233315098468271
a9370f34870acac0,0.7524226320725226
9f6dbe29c2020549,0.26793529227883717
6da7088fbbdbdec4,0.46626875586120664
944a046635530efe,0.9402547671147234
55a97e1488c333a9,0.21229681150359486
bba6644aefeb263d,0.77185839324789
750f5d2c63709654,0.9468525320412629
b7f5c550aeab6fa4,0.6638773835573617
bf2efa05075a9f6e,0.2838484682713348
2987973344ab04ce,0.36990465770553294
a97d19edf8f608bd,0.29586394185683024
6138ff6754f14dc4,0.17443732416380117
87522437573af7c1,0.6915266489527978
57cc4278d6b67c5a,0.044865582994685835
8f29d789ebf40f9f,0.08401258205689277
15e17422c43ac280,0.23127930603313535
57faf77cf5f72f53,0.5516684901531729
febc8ada0a8d768d,0.16757971241012817
86ab68be69241db5,0.7156709127852454
5fcfe942606240bd,0.24761253516723974
31bf257f6a4a70d1,0.787406220693967
a09897cadb789dba,0.07364801500468897
328299ca9da15ccb,0.3592294467020944
c95184d7971b2960,0.8056189434198187
6ba9df085d34410d,0.9930661925601749
396ed8ae6d33d2bd,0.7578462019381058
b058bc3c8a9fe33f,0.9154306033135353
77b29cbb7ea1ac6b,0.8332662550797124
c8d191e05666d6f5,0.8994803063457331
c4d716a53ad99b70,0.6675855736167553
31d17f992245249a,0.09261097217880587
aa459cbd8c781f76,0.7420209440450141
7ba0185e8220f22c,0.15613863707408565
eb077a940d0bbcbe,0.5978997342919663
9298c80a21191034,0.5912238199437325
037747626ac5db4a,0.22183104095029696
8ee7aa8b54022319,0.9051207408565176
a2b57b918f2661db,0.3633498749609253
e703b056b17c6038,0.2854349015317287
5d760ec696eac629,0.569144654579556
68589cc32366dc9a,0.47861245701781807
83d1d02b456e13c0,0.7106615348546421
f5ea6585ff5edb0b,0.8843232260081276
32290819a9b6b754,0.42202250703344796
f0cddec42ddbe07d,0.025001953735542357
41d5134ef4aa43c6,0.365614254454517
9a422d8246e3f97d,0.45283682400750236
341cbe1cbd51048e,0.21940254767114722
3d2c0583f01cd72c,0.673161534854642
870996e4835ca83f,0.22801656767739914
28b09161f3b17dab,0.5370252422632074
051b367d8fe91233,0.07158096280087527
9b8aba50b3ab95c1,0.8022975929978119
ff5577bdd79bcd6b,0.19990817442950923
92e4eb0a0d4c41e0,0.9591923257267896
575ace0896b22257,0.9207447639887465
a16f31da04bf60c4,0.4501523913723039
cbc13a2671d3578b,0.08455572053766802
876ba2c5e443fd41,0.6515336824007503
5d5689e87dee129a,0.9466317599249765
71a60a6dfa7e1760,0.7541692716473898
f2a38a0b81dc90e3,0.7800816661456704
ec97de286c2686f9,0.22850304782744604
b77b633a5106f906,0.32651023757424197
972df202456969d5,0.20352258518286964
5d7f4e9617d1e7a2,0.17343896530165678
196dc3655d9d1d79,0.11404540481400437
7b9da0adcf1bf365,0.03135354798374492
b9d78de840ab100c,0.19852102219443576
803868566ffdbdc1,0.08048218193185369
cc5f60c8c3c2b5e2,0.17758283838699596
88919e17cce1dcd0,0.1185135979993748
88bff82c05879a44,0.1798042356986558
aa64759c290cdf84,0.46722608627696155
b224a7d8b6f39ab3,0.3405575961237888
ef11b15a28910cae,0.30513246326977184
7e08eb8d4482e7e0,0.8731810722100657
609b606891c6ff2c,0.14310526727102219
07ecd08d07bac830,0.4348311972491403
aea578dbbc154142,0.7524753829321664
9c702ee77f731a28,0.45623827758674584
74a102877446027d,0.6735854954673335
dd13d150ff97f653,0.9042396061269147
36157f72f10981f7,0.48506564551422315
808639f0db0c51a9,0.36030790872147545
d809389ba1350646,0.5380978430759612
353512ba78ee6085,0.008944201312910285
207ae6c9e8f4fabf,0.39275164113785554
333ed3894f0f2865,0.8339363863707407
c8e41f868f963ff6,0.7259670990934667
c0436a45e3cdfea0,0.05678923100969053
497bc4409ccbba90,0.8513344013754298
b29f7d1224fd0321,0.5159170834635824
7795ac2497824361,0.7543392466395749
28bd2f25cefc0467,0.22073499531103474
7a5268c2c0ad3fb2,0.4441974054391997
9335e306e6ef6c17,0.33179899968740234
380dbd85787bd38f,0.8851320725226633
4df3a358e7ec87b0,0.11109917161613003
b423d03461c67e1f,0.8628477649265396
8d6c8b00790579fe,0.36785518912160053
75302981ca660bf5,0.6635647858705845
34fae39e3b6350ef,0.4178200218818381
47ee9553918d83bb,0.7739586589559238
525eb09cf01d4422,0.42745975304782746
f285090a9d6de2ea,0.8458424507658644
9a015d0a0e9dca3f,0.37035401688027514
5b9ec24c9cacd921,0.4045795561112848
80f6887bba571ef8,0.4884045795561113
a0121be4cb97ee81,0.24306619256017503
98bbb1d875be50a8,0.7679196623944983
d13d14d73f638740,0.5000488433885589
b2c1f66103087339,0.3792317911847452
ed544070c1558a6e,0.5067071741169115
6dd8a5af5647059e,0.5242790715848703
ec707e8be77e5bf3,0.4322522663332291
435ba973814b0e29,0.5076097999374805
a003759cbad0ca72,0.29007893091591125
4c1f413aeaaeca8d,0.3513090028133792
febaa69039e2d424,0.8093251797436699
1a7702c55d1c3c6c,0.7010198499531103
747b48174e7e8cc5,0.08999492028758987
e73a38787bc7abf6,0.6345498593310409
591163e5c881643c,0.7812675836198812
95f08a028b009350,0.22059823382306973
74cf8eff69e3ee73,0.044298999687402314
44639b509c809540,0.6832486714598313
abcf4a1f567f5b1e,0.5485718193185369
987d6ffc23a79a57,0.663666380118787
e7aea6a6f0d83afb,0.6495877618005625
d9d2d9b2890a7999,0.2881603626133166
deeaee8dc56ee2e3,0.5061718505783057
ed44fe0714d05825,0.8332877461706782
68d0096d6964bebf,0.1721280087527352
8d52d8ee49e4e8ec,0.9102492966552048
b877123e88a6a266,0.52414621756799
8aae92b438c0c262,0.041114410753360434
40864f11272e903b,0.26076312910284466
7583bd973a7787bf,0.9746678649577993
209764663e3680ab,0.4877051422319475
1802828e130f444f,0.807854016880275
c7226e4c37f1c216,0.8129610815879963
cd0110875b4d057e,0.47896217567989996
b66e634d66bc8033,0.07582838386995935
644bd7580a1fab58,0.42315567364801493
ceed54b1129eb356,0.41518834010628325
4a02d907bb4803fd,0.09520162550797126
d09af6dce02bcd02,0.14121600500156298
c81869bf2ef1408e,0.7603723819943732
455bd62f0c9a8b18,0.8144752266333228
8c648fe7475ba2a1,0.8394224757736792
e7c1606cda3f50ca,0.30398952797749296
386a0c809777aa8b,0.41112261644263837
882d6e6250d5d648,0.5277547671147232
e73fd396a2d7e661,0.3419388871522351
e1293605384c5923,0.047868474523288525
d8e5a75d55957e5b,0.8045776023757425
75e6395a1cc7d878,0.6175152391372304
ecc995a8d29cc898,0.832656689590497
ba27e43ae6b021c3,0.34484018443263525
075b11725eefed48,0.9315801813066583
16e06a6abad58f9f,0.43856283213504216
039a18d8a9005443,0.9619060643951234
166eabcb1845baea,0.2025203188496405
150f221c402f471f,0.7997948577680526
2af5183224226208,0.5442228040012503
30a31bbf87301908,0.13105267271022195
95c87aa909d557a9,0.025252031884964055
d70eb57711fa415b,0.9416614567052204
9464555817eb4951,0.9003497186620819
8d4e5d5935a1a663,0.12155556423882463
289e3f76cc551091,0.4829595185995624
8646ded190e78433,0.39925758049390436
f2e3c326fd923449,0.36425640825257893
83f8985c38ecf25c,0.3601496561425445
8b698836d194ab64,0.31880470459518606
74a48ddff930321f,0.15999531103469836
79a5efbbc2b4f8ec,0.368777352297593
6e88ede348b8871c,0.6665188340106283
d98b06d0f7e1b8d0,0.28223077524226314
dc56b06363e3abc1,0.49761839637386684
b5355653b987b958,0.1860737730540794
e5bc532f235bc0d5,0.21250195373554237
153cb69740320d37,0.25899499843701157
30ad5d4441533a6c,0.7069533447952485
05ba774a4ce6ab73,0.917020944045014
ba467da19b1f2810,0.04904657705532979
9ad04a6b621bfaf3,0.7660401688027509
f605e43b08e76847,0.9162335886214443
fe2d494aa36b099a,0.25835808065020316
1e5a8f5e21430d42,0.541905673648015
9b28fcb2ee487967,0.9829907783682401
2f1c0ef6d36a75c4,0.39939238824632695
37fc5525bb7de5e9,0.10084596748984057
d6538f0dbb2a123b,0.6967470303219756
7dde59a4542325aa,0.20442130353235388
20c617dcbd71f357,0.3025320412628946
77f00b5e8f833d41,0.795062910284464
869a14428379a740,0.4529345107846202
5fe5544f8e236559,0.6946135511097218
2d3681cba05bb562,0.877944279462332
499be0abf97d1597,0.3792610972178805
5b423761773c3a6b,0.9582955611128479
57cfb14bc788cf66,0.7456001875586121
bf8ee8443882eb4a,0.7816641919349796
400e3c9ccfed951c,0.26648171303532353
95c34bd334691146,0.8709127852453893
441b99f616030e70,0.3861519224757737
d6449401e78d3385,0.43265082838387003
ee04b5380c7d4f07,0.8374335729915598
47350f4648bd6090,0.1136761487964989
3d184c420016986f,0.2550855736167552
2525af5583075cac,0.6940059393560487
37055ef29f0a3dd1,0.5085905751797437
741ca2e53f728930,0.9055564238824632
c2060532831835cd,0.7178884026258205
bdf51afd82ed739b,0.5881388715223508
87516eb4863191a1,0.7700648640200063
034a25e098498861,0.053211941231634884
2beaa963f217969a,0.963523757424195
6b03ea3eb3783933,0.25106478587058456
99cd56ca4ca12f1f,0.1689707721162863
42288d86bd56d80a,0.3324808533916849
a5497f531ca73858,0.22068224445139104
6b8797ea062ce398,0.3433240856517662
1514a9ebdc630056,0.5185976086276961
6a47264adc77dad4,0.37057674273210384
4cbd1cfe1be11280,0.9044642857142857
555f489d111c7db7,0.37527352297593
d3d1d52e817c754c,0.06353157236636447
80c2b83979b319eb,0.11800171928727728
b601ede8f1d5ecc9,0.092786808377618
ac4e394f11848f01,0.7833326820881525
a5d564228af285dc,0.3819142700844014
872eaff0cae2acee,0.2612007658643326
ca524fe71b6054b7,0.47365778368240075
092fdb93d96ab75e,0.1668822288215067
b1224feb365fa8bf,0.2057674273210378
b5883c6e74b0ff0b,0.10121913097843077
7aade43a31d09f8a,0.35096123788683964
585ac3a63ccab1a8,0.2258401062832135
e4933222bb492af7,0.6279677242888402
d4fff28089f09f7a,0.7922026414504533
1faffaa35ce84d77,0.6612691466083152
27afb6fd6aac442b,0.01465106283213504
847a053fb85c500b,0.22541614567052204
9ad6971bd0ebf223,0.371141372303845
a14e1a04f336c6c8,0.14178454204438887
50698da7b2db2350,0.43850617380431384
15655e2cf84c9cb7,0.7951391059706159
ef796da1e5967ff4,0.8748007189746796
9331c7e2dd294fef,0.5557381212879025
b7796a59af546a3e,0.3772038136917787
d9279cd811aae7c0,0.41064785870584564
df81c08c47af6c59,0.7967196780243826
1b9dcbf8b65b1a52,0.6272096748984058
dd377f760a65ba2e,0.809172788371366
995b4a4b97e53e5d,0.5618318224445139
13b533f79e5a5caf,0.8159229446702094
d4c903b8efe43c13,0.9535675211003438
4fb9e1bf5a2f571f,0.7465829165364176
ed595c03e7747694,0.16542864957799314
73e9645c3d48fbb5,0.01205845576742732
a4b5405b00736981,0.9090438418255704
2a653776755ba7b8,0.08621248827758676
158fa97bf999e010,0.4443029071584871
a95d0a261a3bb142,0.4754942950922163
ea46e88a59d4fe5f,0.07499804626445765
6496d7761a0c6190,0.31654618630822134
6f4ba984b6dc3289,0.46341434823382305
5afad3e6c2fda712,0.40570295404814
02effb9a084a466f,0.4452817286652078
f43a5e53fd455d87,0.9276688027508597
49bcb75b2ef9551f,0.07523835573616755
b21c8167caedde33,0.006804860894029385
15d2bbcb8c316442,0.20603118161925604
523bc8b194fc69ce,0.23653485464207566
d7b8e5c99743aab4,0.5524499843701156
3ad43bd42075bb8b,0.8929274773366677
812b9840da2dccbb,0.9119588152547671
e70b5a521c308e83,0.7524363082213191
3c45ba8ca9f6f412,0.10621678649577995
7f616f8d83b3eb18,0.3734995311034698
26c592e1845bb489,0.3159737417943107
68d37c0a802b47e7,0.8456197249140356
d8934f60893849d4,0.3180740075023445
2a3dc482e2f9765b,0.3927555486089403
016da23592d81da0,0.12848351047202253
4fdfd4d0c0f506a0,0.799343544857768
729fc49d981fa3bd,0.3826723194748359
15deccf643c21df1,0.5051539543607377
7daf2f242a027468,0.1285284463894967
d51a0a86350f7add,0.03959440450140669
52fa3a33f632aec0,0.6622284307596125
bb4d95ad5da1ac87,0.3827328852766489
cd23dbd0e165834e,0.07755157861831821
ba39191a07cf9e7f,0.5456099562363239
9ba5cac296310d3a,0.9042786808377619
d322c51efb437d17,0.07725656455142232
3af739b2f776287d,0.7782451547358549
85804c2e9c6d680a,0.08943615192247578
cb0cd20b25649838,0.23751758361988123
12c942ad8a277403,0.49689160675211
289e502cd91b1547,0.6761566114410754
31c382a7004fe972,0.29631134729603004
d169a1c279a46015,0.9315391528602688
f9b4abfb6291393e,0.572942716473898
6717d92d92048fbb,0.44659073147858697
469f41c8da1eeb41,0.5756662238199437
769314bb014d1235,0.661892388246327
ff2e280d521989fe,0.28419623319787435
1d52653d4f3c35fc,0.08102922788371365
4c0ebdf6c9dd9fb9,0.17036964676461394
8e182e2e4650cebd,0.7385491559862457
f55714d17852a183,0.1941544232572679
f2e291daed34f717,0.7736812285089091
2fedf01adbad6180,0.12368513597999375
7079029a20553569,0.6300855736167552
7214daf28cec2f25,0.43470811190997183
3037ee52ce757f35,0.08893013441700531
301594a1fbd58308,0.4879845264145045
971dbbb99046d9fb,0.8131173804313847
c7647059905f4dd4,0.1841610659581119
796f7cb75fc0eb55,0.8902391372303845
bcf00da3386bb946,0.7986245701781807
9fde66ee9b59f95d,0.04414856205064083
752d3e65ebd63369,0.24778446389496717
1a6bbae0cb804476,0.41082760237574245
03cac4272e7b8e63,0.8736773210378244
055fecf2717f29a3,0.6060194592060018
a2aa85d0e1bc4e6b,0.42793255704907784
ef9db57cac44e529,0.5150926070647077
8c91442db55d9d64,0.6266743513598
7cfa3fef2d1a1dfe,0.15097100656455145
56ede8d9842e0590,0.16741559862457017
fc74e63ad196960c,0.7881291028446389
342867ccf7337815,0.11807010003125976
866f7ea3c4be20e6,0.539076664582682
f45494a74c712731,0.6429470146920913
414228464c8b74af,0.7194298999687403
e4a3f7a35452e28c,0.5576117536730227
c1eccbf012d9a361,0.19456470772116286
a715e394b41f3a16,0.23441700531416065
26a24b8218ee00b6,0.893296733354173
db4b58e70acde06b,0.18770514223194745
deaf015c1e137149,0.05636527039699907
9d4fbfbf523a0472,0.9845010159424821
ff7e2911a22e8008,0.8024538918412003
30449ce55b14d344,0.10812949359174742
b930073e02948360,0.6198987964989059
9326674b4c828c15,0.5386722413254141
a9b474db35164846,0.5676734917161613
9183d88dcf308c8d,0.22210261019068459
47c8c6f64cdc0a43,0.4519849953110347
2ee4722095033329,0.5642661769302908
cb8a02ecca44027a,0.12220225070334477
1925e9dc63237314,0.6007873554235698
dd36f08b99fcfa16,0.838517896217568
9bbd43f6f760c243,0.7383791809940606
a766359aef66a25f,0.6367048296342608
4d10a4698fff400a,0.5545033604251328
44a6285639d7fcc7,0.6702094404501406
a64ce0de598f4714,0.6695822913410441
8c887a6a554fcff6,0.005345420443888715
ef3f3402f7530e37,0.002524226320725226
e9cf43bab751f410,0.025814707721162865
1245634a78a3136a,0.17184471709909344
7c5ed75e73c20133,0.3263070490778368
ff7628423503cb61,0.10968271334792123
55df3baf4cb22442,0.11810331353547984
20497b1ff5df51bd,0.7292376523913724
fe1c1e2e166d6943,0.45896764613941854
0a6a2ebc3b004ba8,0.42595733041575495
ba16bc573e1d9a6e,0.6018013441700532
41ae92fc5f37cdc1,0.23323694904657707
ae05071f58d92774,0.29487925914348234
a8d4083bb2383da5,0.8287511722413254
92cf17c3d59c9b61,0.026041341044076273
f591caedceef4268,0.19698733979368555
e3d006785a8a409d,0.5909991403563615
dcbc913499301796,0.13152938418255705
b630e1af9fc1f3b9,0.799687402313223
7d6a1e459131bf25,0.9275359487339794
5f891649affd8c18,0.3815489215379806
7dc102adb7ad6667,0.48232846201938107
1b8c16064d0dc4d7,0.34268521412941544
8e5286a9c7d73ad0,0.15979016880275085
147e554cda420ba2,0.1760218036886527
18517e2df9cc10ea,0.41526062832135047
54ca2e9aaea55320,0.9864821037824321
a923278148853286,0.6856927946233198
cfb35f11977c3be6,0.4069826508283838
aef8a4667274a47a,0.06889457643013441
2c51172cc4d5eba0,0.2965106283213504
494446d84318c9ee,0.4328520631447327
aa652d97612fe50e,0.029690919037199125
baecb9e5cd4b2907,0.8459088777743045
c29488c64d211da8,0.29064551422319473
28746b4c4b26d721,0.040299703032197556
8a45d03fa3989bff,0.2724562363238512
462b3e544fe612a2,0.6108334635823696
359614f152fbbc2d,0.32530478274460767
5e953db789137f0e,0.652315176617693
2a99aaa9555b3dab,0.5117907939981244
aa37a77bc447fc0a,0.945776023757424
8c0d7f3ade155e48,0.11000507971241012
45b05dd1071039ab,0.9849269302907158
7e037c271c23576a,0.236837683651141
9adb38d0576dec06,0.5737886839637386
532c84dea557da7a,0.5705278993435449
6c302b9662d3b5c1,0.3034053610503282
666231af023e8fd6,0.25434706158174425
9c06ef2fdb037a79,0.645758440137543
65230a28464587f9,0.30609174742106904
b3ea4baf43182919,0.5592861050328228
c1f297271ef8cab3,0.23593310409502968
7c58e1fb77913d4c,0.9385804157549236
00ece1c11b40f8ce,0.050363394810878405
a820b5633583bac7,0.8459928884026258
b4e9165d8e2aebad,0.21314473272897783
85f20d358a8d6ce8,0.5091434823382307
148fdf734e431091,0.32665872147546104
67708062cc529759,0.5603743357299156
d764e50c36756862,0.9329790559549859
dc093657cc4bfbc2,0.509106361362926
08c0597e111a2388,0.5674781181619256
58fc68c0720d8cbe,0.36735698655829946
387b7309eb20b505,0.6753751172241325
cca31a05a820ea88,0.848353000937793
be7e5b7b5839a348,0.7411319943732415
ef7aa159ba83917c,0.5734721788058769
3dbaccedf2355696,0.27615661144107534
3774263bf5c9a393,0.36984995311034696
e830f76f4667709e,0.5624960925289153
c96965b10fe9e8ba,0.15731087839949986
aea0b2d75bb410f5,0.6432576586433261
892d778bace3f693,0.5683670678336981
f46440975132762e,0.9247088934041888
6084fc419fc10f1d,0.9208522194435762
c6fb1852daad742d,0.21773210378243202
2bd09ffffa247f82,0.18024968740231323
5ded576ceda86075,0.45809041888090024
c066afacb3fe3a52,0.5927711784932792
21e99c194e94917b,0.03579048140043764
7f4eef61767e4c67,0.058498749609252894
dd19efa057bdb4b9,0.13598194748358863
2b309ca794e9b11f,0.9564727258518287
8428fd508cf86cb1,0.6105169584245076
bd059d7efcd14494,0.8881974835886215
7fcd9aa10e5ab5aa,0.31674351359799935
9398c438c5fe8b90,0.14245858080650203
7401e49aee3edc69,0.6556951391059707
0520f17da71602b5,0.3029403719912473
efeb31befebbeedb,0.14778251015942484
df3fd48fd3b3331d,0.5374355267271023
14e14e2218536077,0.594418177555486
1f92d25274d4f038,0.38194357611753676
7170ea34f6161e69,0.5548843388558925
04b0152464b775d6,0.5048823851203501
7653ee403f88ff26,0.45505040637699284
ee84092d5d680f67,0.9758733197874337
c41b6329fa5e7012,0.044679978118161934
1514f652f00c3b36,0.15244216942794625
0c6d11c69bcc6f46,0.4340457955611129
382f75d2edb9f457,0.899408018130666
ab482dbf08ad90d2,0.5542864957799313
5ecd94cb7901e72e,0.10189316974054394
176da975d008461e,0.6930407939981245
882d984b9b9d8fb6,0.3083658955923726
efecedca199bc74e,0.6708053297905595
5f185fd802f0c00c,0.5533233041575492
b7be75c69ddcfdc9,0.01170287589871835
4da0a9696b2e9612,0.37037550797124097
755bd669f9bccb8e,0.41463738668333855
dc744a1038657389,0.4958268208815254
f5565f23a877bd69,0.774622929040325
45485cf629983a40,0.9005900281337917
9d8248668d721756,0.48172280400125034
7e637102a104b616,0.13390121913097844
b9095cbbb40751d4,0.9277547671147234
b6f5bc351054c7df,0.5101477024070021
d08fe94fcb0dabad,0.13096475461081586
edb4aa5de0832a92,0.31220889340418884
b142c9c1185e5f66,0.33615582994685844
1473309b954d71f3,0.7986167552360113
b604a5e504b627c0,0.9689102063144733
d5d6a72d9d2c827c,0.0485464207564864
aac5a801e8926a83,0.3577035792435136
45b600cd20830ac1,0.774343544857768
8b6f8e193f28c495,0.3537531259768678
9cbdc55a60ad3994,0.12656884964051265
59cc8f62d55aab98,0.018193185370428258
42f81ab5abcba09f,0.4841024538918412
758524a5d6a74122,0.7618689434198187
0acada29c4de07eb,0.4643130665833073
6bf56d0ceb2c1ab7,0.20549781181619256
03b29070bb68828a,0.12839559237261644
2f553bd8ba413efa,0.05628907471084714
c3ea0fbb29a15317,0.37484174742106907
797edeb1c8a9c95a,0.4824769459206002
beb71749be71fd3b,0.5238199437324165
c660714dc6059849,0.4138265864332604
549961b37bef9764,0.07508596436386371
dfac78eae9821675,0.10167239762425759
588c204b822eb2c2,0.6876504376367616
e96e43deab9b69f6,0.8256271491090966
9c9a726ae65647b0,0.09603587058455768
58f635ddafc61c78,0.9611128477649264
d40624f11c720afd,0.8509241169115349
73575ac328053efd,0.5451234760862769
809a4127b076294c,0.9543040793998125
d476e643d990be24,0.18466903719912475
4d04534027759be4,0.40302242888402623
72c2c7664c8294e1,0.8219482650828384
d3bea4fa475618cf,0.7150359487339795
7af7100957117fae,0.2871854485776805
bfeae03c16252052,0.2594267739918725
dab19b0b61104952,0.8220420443888715
8b72f86a4e6a970d,0.7126582525789309
c775b6de816c5092,0.7236773210378243
0de6dca19e114646,0.38768560487652387
0ee2b0fc31b7cbb6,0.09414270084401374
3363b132efc51b9f,0.9641763050953422
ee924a0428a40a76,0.1743728508909034
ac3726dc72e71ad0,0.476182010003126
374584473bf4cec4,0.42756330103157236
e6b8e496d903523d,0.5572542200687716
8fe009970d6cbeca,0.34347256955298533
b03e574c8770e9d1,0.16402782119412315
27905f95e6931f22,0.39461355110972185
8099a0f72ee1a1b1,0.31894341981869334
5fbbd8a6f4ba3669,0.14599093466708346
24033a02989369f5,0.7998671459831197
223faad452bc6598,0.7338308846514536
c5c13adedfefc67d,0.44813809002813376
ec24ebbbc53f73ce,0.0589891372303845
3a3e4d31cbad45e5,0.15267271022194437
79763f9ebecaea1d,0.7360405595498594
46806e41926c192e,0.6850812753985621
a5cfdf6746ec5cbf,0.862023288527665
0ddbe3ef0aed551c,0.2284385745545483
b641fe7061b46442,0.03782627383557362
be98835c447eea49,0.9541966239449828
98aa4160c7876f0e,0.9346768521412941
0753638b45dfacf0,0.7198128321350421
e938301ba66e78e1,0.5798042356986558
64b695db5b68b91c,0.4638070490778368
2797a5b06b8c68ee,0.32820608002500784
aee53ec38b7eb6f0,0.6291028446389497
d59b57f46a383c1f,0.4201156611441075
8c3a505dd927009e,0.2890043763676149
436e01defb530baa,0.041065567364801506
2f54c0acfcbfd646,0.7723663644889027
20f15dad96dc92a0,0.2815059393560488
8a16a230e343a296,0.4364703813691779
fc511072e8631203,0.5997616442638324
5d976c71ca9049f3,0.5942403876211316
b207e579713d5841,0.9955259456080026
ac03eddc2e2fd2ca,0.6021959987496092
6b1e6ff0118fe59b,0.8422260862769616
2cc92c1f6bdd93d0,0.5699554548296342
f651266acfce6c0d,0.3021198030634573
c3b49d19c43acd64,0.13724210690840888
05a27ebb8a82cea7,0.9741364488902783
f32c511446a68874,0.14067677399187245
108d6b400d52aa73,0.6585221944357611
7e3cd0895bbfcd9e,0.7698284620193812
2245ed07ee31662f,0.6471319162238198
c81aede118be0e5a,0.4289778055642388
d664a113973613cf,0.4892603157236637
2899dbe3769e8b1c,0.5187695373554236
164d8c33239c5511,0.5974738199437324
e753bb93c30cfba0,0.8657471084713972
4493eab669361ba7,0.33655829946858395
4e55ed26dc79c3e0,0.40123085339168485
1d2f7db4504f10b9,0.09010237574241951
9749ddc8b2a3a385,0.12507424195060957
9aab93db4ffdba7e,0.9019713191622382
88558205521546f1,0.37339012191309784
02a8e05f667b2fa4,0.2671498905908096
f95b0bb67413dff1,0.4761781025320412
b821f8fa7a26d286,0.15976672397624256
bed1456aa64d60fb,0.7446330884651454
685b1294dc5f8cbe,0.8002442169427947
79a0510c936f5eb5,0.8443517505470459
07f28f119366b484,0.15411065958111908
949af0edccb8d159,0.7627598468271335
9965f63ba2d41ed4,0.09898015004688965
f635cdb577ae5471,0.7409542044388872
6419d144df4c87de,0.6879825726789621
bc7f2dd2340df372,0.10346006564551424
cd35e912794bda2e,0.28902000625195373
abf3b6dbce73db98,0.37383166614567054
4eeba8a4c17e4351,0.45995232885276655
f612b9af4ce98bda,0.8515590809628009
d8120911733689b5,0.3487691466083151
723bd2532e39f731,0.5224933572991559
3889ee7a1f5fd62a,0.5122909502969678
66ffb196fbbb4006,0.27893286964676467
53a1c51ae93d0e81,0.5317657861831822
0a4f5ec5f9339110,0.2717138168177555
34416b6b8b600a61,0.21185917474210691
1e0b561b5df0447d,0.6768775398562051
43e848bf56ec0bb2,0.5992243669896843
1ace2be427eaf92b,0.1489098155673648
e24ea459233ec078,0.9694572522663332
e019c487befa7761,0.022311659893716786
7734ddeb14b3d277,0.2173589402938418
1961aba76570acf7,0.40454634260706474
276265c86a0e2a26,0.12967528915286028
4fc5594c301766d5,0.7087722725851829
bfd20f3d76573073,0.4372167083463583
8526753e065f5b50,0.9278719912472648
5c03ad68783d0d61,0.055294623319787434
9c83e80d019e0f5c,0.5484370115661144
4e6019e87ab5ac6c,0.7387660206314474
dbf6023ccc73b0e7,0.14727063144732727
fb35b29ad551c9c9,0.23092958737105343
3ab9a4e335cdfda6,0.37345654892153796
86fa9d51e632ae1d,0.5982435917474211
ab30ffa9ef0220dd,0.9778758987183493
ebfe496544b5a6af,0.7524695217255392
4cb026b93d1e4edd,0.22919857768052515
426a41478cfcfc22,0.32238590184432636
3e16e5f885a5764e,0.27301891216005003
dab52f137b1ba008,0.7529149734291966
a7e545c29eee2bf1,0.31685683025945605
6a50159c50f7f9d0,0.0306912316348859
ded3c69308607da3,0.746317208502657
921388faeaacbc80,0.9818634729603
8c90e1ab4a546bcd,0.31572757111597377
31b1827fce88917c,0.0720342294467021
d97cfaa40be224a1,0.13393247889965615
b4dae0ea6d15a25f,0.36244920287589877
ffb033e54895ee3d,0.8364391216005002
2b625e5d9c22b0cc,0.36192169427946236
87605745817d0ffd,0.052162785245389184
9717417666a66daa,0.35351672397624256
3267d4ecd26e96f1,0.23298296342607064
3399800c4f113d8d,0.6866931072210065
f457366f48f27702,0.24330259456080025
5a6c4f9b661a0ab2,0.8011077680525164
76628bf9d8b6b0e6,0.9934667083463582
997a5333179da7c1,0.1726613785557987
044dbb2023ecc53f,0.9589617849327915
737497734f709843,0.8690059393560488
fc7d05c3ca74b0fe,0.2882814942169428
f5b74bbaa8085255,0.3486245701781807
c1d1e5c41f539d03,0.6736499687402313
86f9c72ffb536f2d,0.9858705845576743
95b9d46eff640109,0.33938340106283216
3aff516939a3de92,0.262882932166302
23c1d6b14d960725,0.0341298061894342
0b0950c974175a86,0.37317130353235384
e94d8ce0ed816caf,0.2737554704595186
037bc4751346a482,0.7452055329790559
d43c5617c5e69df5,0.9786906064395122
82c6f27cdcf850e2,0.8591219912472648
7652727437cf5e6b,0.16832017818068146
86f089e7c7ae0d75,0.8343818380743983
b9d7751ccd00d9c9,0.8844678024382621
0a079836e9e1ac2f,0.5141665364176305
90461cd0e33baa56,0.6782471084713972
825b16c4984f4382,0.6030165676773992
9054cbcd60dd433c,0.33570647077211635
770e4ea8a1273a1c,0.6791614567052204
518ad8ed2ff052f7,0.4717470303219756
f12c4df4f05fb6c3,0.22935683025945608
95a9d1c987aae5f2,0.7740876055017194
1d60b64e1441c91d,0.4601320725226633
84ed70c1cda568a6,0.43136527039699907
3d6e8f3a5d06c7a4,0.32746561425445453
eb1779538632b044,0.22489645201625508
bcf84068bc4b5615,0.33053493279149737
3dceaab87e5bd6cb,0.6250820568927791
c86b418e43874d34,0.45993279149734284
95397751cf365c4c,0.6152098311972491
e80b64dbd916f780,0.3180368865270397
d2a231ba481924eb,0.5503536261331665
e86aab1a495bc94e,0.0767759456080025
4c088c5147f6cc2a,0.5001797436698969
746c9771aa5c751d,0.4140121913097843
90005adf46be6af1,0.08066778680837762
78338f5a63e742f5,0.6556931853704283
9c3f2d29681d0d34,0.7717118630822132
f93fd851b68279a6,0.917540637699281
afed2c838b247303,0.8333092372616443
995d752a3bf1fbb2,0.5837976711472335
33609320e5c7578f,0.15567755548608941
1ecda15121ffa27d,0.07703188496405128
47b2accb2f516cd3,0.8233217411691154
5571f2482997d163,0.8425777586745857
32897e94a9feeb0f,0.9264164582682087
3d5fedc7f245d35f,0.4071174585808065
1b4707947519036f,0.5408565176617692
3cee4d33cd4686de,0.5207545326664583
155f6d74191258a2,0.558531963113473
3ae6a0b3d379dce4,0.3223917630509534
dab9de12664f7b0b,0.3107494529540481
cc73e04980d2167e,0.43563027508596436
be7f0f5d2c65bf06,0.6215653329165364
dea114b428048ebf,0.03511058143169741
deece306851a2a78,0.3608627696155049
d1ce358b8f732eb4,0.27605306345733044
e025d916d395fc1e,0.64030165676774
f50d9be3d733fdc9,0.3002676617693029
a6c0d8fd193f76fe,0.5060604876523914
569e045332c790a0,0.6439785870584558
977114ec6d208ff4,0.07639692091278524
17faede0e698eb93,0.3533389340418881
0610c3287750d822,0.5408526101906845
58e6e26dd56a60a1,0.06463543294779618
bc263b5b32d9ae07,0.2310780712722726
8894323cc5f185da,0.09045990934667084
e8229221a1595393,0.2427555486089403
63c589b1e27997d2,0.7914035636136293
fe21e0f0344dfca8,0.715717802438262
7e0194535136acfe,0.27539465457955614
cc859709caaa52f9,0.032336276961550475
56e7153dc35c0573,0.20662707095967486
c76e1ab42940cee5,0.4763011878712098
2ed46ca4b8d10516,0.46104446702094404
ae2f86a0a6c3b696,0.5816407471084714
a05d11d463a21a32,0.21449085651766178
89e7dc0647f4db8e,0.6029130196936542
80934ce845013628,0.4628165051578618
f66422247e89d830,0.5782295248515161
b0a301739cfa2228,0.1529345107846202
42b93c5a8b628ba5,0.21316817755548606
f74f1673a45ce9b3,0.6419525633010315
2b76aa4b82e23768,0.3771764613941857
0d6190a27ee0d6ad,0.701953735542357
7492fbffda1eb950,0.3791712253829322
35355c2d5692cdbb,0.7840282119412316
de976dafed9c0fc3,0.751750547045952
e2601be919261723,0.05575375117224132
f56a91dde5defb60,0.2967607064707721
1a9c207021895aad,0.8691954517036573
86ec8e715d2efa2f,0.49593232260081277
7762b73652848f92,0.5575844013754299
ccd34b74bb18d71e,0.725039074710847
eb6c259855aee52d,0.7456744295092217
7bfe956eabaf5f10,0.4737124882775867
38c6063d22fa4f9e,0.7863883244763988
46b7352aa3c8a1ba,0.4769420131291028
049fa3f6cc3a62a7,0.8767778993435449
5f77b44deef47d28,0.19271061269146605
27462f3d6cf43575,0.4134377930603314
ca854373b937b419,0.8167161613004063
1f6eb5f2da254111,0.6921772428884027
9262bb44aa7937b7,0.41526062832135036
d81678051b65ebc4,0.5044974992185058
0edc1ad07f4aa86e,0.8098214285714287
a8e836b90034f123,0.2092900125039075
c729d0e49b2411cc,0.9940254767114723
db925a43365c86f3,0.4869763988746484
1cda28c15e8e4170,0.669467020944045
ef5a97a20c5118bb,0.9297866520787745
4b990b98ec734989,0.76533487027196
a96f328dda3bc98f,0.5425914348233822
b467b21cee5c9a57,0.1676090184432635
8c1694e84b06dad7,0.2820256330103157
7b038881fb7ec965,0.6524245858080651
60e46ceca8ca6531,0.3954556111284777
be2e51dc6bf61727,0.7934374023132229
f1063bee63d2cbd4,0.3101594248202563
1a3d53e660017625,0.31222647702407
6db1dc15ad1e28e3,0.882908721475461
34f0bfc533c2a23c,0.5446838855892466
76e738496305310c,0.27464051266020634
a76e95f0a09b03d4,0.03982885276648953
6a0d13d3e413c0e5,0.09794076273835572
e002702b095c4d9b,0.5480697092841513
435eb85f778a69f5,0.07739918724601437
5584a339491f1a03,0.7629395904970303
9a06cac14b623965,0.49798960612691456
b199a982f9480beb,0.8934159112222568
e32add368c6de44a,0.24996483276023757
34824decbc66688c,0.3539445920600188
070711d7fd9b7ea3,0.6371287902469522
a1656b509ebf749c,0.9706744295092216
ee96df140d42129a,0.9702524226320726
09fb51e0fded24ab,0.34799351359799935
77e04872ab10bf20,0.6654540481400437
6b34ce0940c8c237,0.8414309159112223
8b94f16483f351e9,0.6501445764301343
a7d4f13860590306,0.05193810565801814
66537bdf81c41f46,0.9350910440762739
3014fd36c07b8950,0.6387757893091591
789380ce86c031af,0.8157900906533291
dbaee9defc780591,0.6149421694279462
bad0375f198257db,0.08957682088152547
a7b766569c6f66fe,0.35722686777117846
efd3fc92b86b90cb,0.6120643169740544
3ca6e7825d948c12,0.5961159737417944
5c73fed8f1d584c0,0.432328462019381
cb7f45c4ee30e84d,0.5981634885901845
aac70ac68209f1cb,0.7288175992497654
fb253a15132c7c36,0.6144889027821194
4f1ad3d1864799f9,0.8687851672397624
06cc890b7c3abdd8,0.19357807127227256
48f5b50b05af6685,0.10610151609878087
8abc163b25fe8f16,0.10939746795873712
5220ee550d303425,0.7110464207564864
8f7e85307eb35706,0.5017798530790872
dec525eaa4588cc8,0.7044662394498281
8a7aa7c3acead22b,0.6236988121287902
0618f0627df67711,0.6518912160050016
5d9929a965640bc0,0.47264770240700216
b45f8124eea44b5f,0.10849874960925289
32e371f83b148fb6,0.9076117536730228
83b9c322c9febec6,0.40466747421069077
8bb4d82df107f45e,0.5691895904970303
cc28d0d6ace393b0,0.3604251328540169
29c17f03906ad1f0,0.4112417943107221
b10cf30c243ed8c4,0.8643834010628322
85c180d755530692,0.22476359799937481
e9478d4c11f48523,0.02986089402938418
329d63bfe65d67f5,0.3045346201938105
4e7c7fbcb6fde9af,0.025312597686777117
1f2d4ca7586d9ef4,0.19447483588621445
04ff2418e503eb55,0.7782217099093468
5807d02f74d22963,0.586509456080025
23aa15ff2408a5ed,0.2298784776492654
5c3fe62807fba6c3,0.3172553923100969
c97a3c1357c537a3,0.6837136605189122
bde91246f16123d6,0.11265825257893092
dfcf3493677dd9ae,0.017562128790246954
4a0cb390212d6320,0.6651199593623007
dd48f98a0e7c2640,0.341550093779306
21669e26853a5beb,0.6899636605189121
c4c279dadffc28bf,0.7802399187246013
27f99b00db0702b4,0.16571975617380433
823a471435809e0c,0.9323226008127541
36d9872df73f0208,0.5531298843388559
69b691bd3b11f565,0.5561601281650517
051aab7c376493bc,0.005148093154110659
897a042cdd939f4a,0.8913410440762739
16e574aceb37758f,0.9265121913097845
7acdad670c7e177e,0.6724620975304783
af7211a4b66028fa,0.27847960300093777
3b768875237c8195,0.6902449984370116
a9e4e55b286f1971,0.6836784932791498
1e42f2e9ad67815d,0.28588816817755547
0d527f8f008f8efe,0.06135706470772116
4c2ccade1925c5d7,0.47219443576117537
b3a98dacc0702405,0.19079985933104096
9b8e0f7bf05d953d,0.08947718036886526
7968527b42656286,0.19789582682088153
caf14438584b43fa,0.08413762113160363
31e140000e0bf36b,0.36050914348233826
336acc52a893cf2f,0.43490934667083464
bce6e39fc4407c93,0.07716083150984684
d5e58bdbf23f01f5,0.05823304157549234
1ff7a8ec347ef2c7,0.3090868240075023
ce432d29b214887d,0.17628165051578618
44e820df9233e162,0.6055798687089716
fd036d6641276c78,0.4907900906533292
45c36909115a7b3d,0.7074378712097531
0c18ad3d4c7f25b8,0.7703227571115974
4502d8fecdca43ef,0.7798218193185371
9bf5cf3ace55851d,0.48660323538605815
0e04a1cc15af0b5c,0.013363551109721789
86bc772734133e12,0.6469443576117537
76fda8694024d3e9,0.6230658018130666
d244839566b6672e,0.5634475617380431
e165495e76c8691b,0.5066036261331667
18e8d9f4f0ed1ffc,0.384719834323226
c198ddc9a1a0f0a3,0.14042864957799311
4f15b2cd5370863e,0.3877481244138793
5b71a33a75b4b41a,0.9719599874960926
85211a41d91dfa68,0.6396432478899656
31c3ad8e554acb99,0.4893873085339169
f05e3b467a207ea7,0.0010452485151609878
20eea1cacbacd917,0.8639105970615817
338ac2331272bb7c,0.30297358549546727
e6740f272d44da83,0.8550289152860268
9368ba44560c50d9,0.37145201625507973
18e4039723086124,0.4674761644263833
c935d65cb1c5cfc1,0.2595713504220069
dd819f141dcc8319,0.0888988746483276
90488975d041fada,0.34706548921537983
a5aa463adede1f1b,0.5879552203813693
872ac9ef6cc6a618,0.17176656767739917
ae4040a11f651b1b,0.4118181462957174
468c82067304eb0a,0.7498769146608315
cb460a2bc70974da,0.1472354642075649
366ae30bce6f5b98,0.35235815879962484
7638518d282a3163,0.8124218505783056
633878cd7103f469,0.4107338230697093
73b8cda0da8e3c6c,0.5092255392310097
b24a01610939d7fc,0.046145279774929666
99024e3163df7833,0.9337800875273523
f67fd1bdae4a88b9,0.42616638011878716
bed6a87757540498,0.2595205532979056
97afe9a3ddc497f7,0.413086120662707
dd9f348a3e019188,0.5066680994060644
34946df4f3dcb0b6,0.6500468896530165
9444819c9eb0c9d9,0.7532099874960925
fb4483e1ad010ba7,0.019646764613941856
00c68b30c299654d,0.39299390434510784
72515cd3d8b3aa9a,0.7318693341669271
908510f96be347b0,0.7641782588308847
99a21c81b1b48573,0.3822991559862457
22f68a423b09a5d9,0.04820256330103158
e7f04cb37080c9fa,0.021369959362300718
dc02fa202a12aa6d,0.24968935604876524
10d0b7f586529eff,0.1219971084713973
ffd7b011eb85f998,0.5123046264457644
e621dd32e1b264df,0.22187988433885591
4af1a1f24964fe8a,0.25152977492966555
811ce0830dbadcca,0.07801070647077211
19f0e848aacfeb93,0.6379864801500468
8d3f02ada61029a5,0.744953501094092
1e2a07a17f935db5,0.15336237886839638
32328db851b10b18,0.28593505783057205
9ee145457cc792ea,0.9327270240700218
ad8df560233793e0,0.18161925601750548
d22762aa0ca69d56,0.5276746639574867
f8355291593dca46,0.7667923569865582
0c612654e51e01fc,0.1266020631447327
ae7e23426e25bea2,0.12489059080962801
e009b5beb1619a81,0.7771940450140667
520faa13a8c7065c,0.913408487027196
b5f1a39aded71e0d,0.08602102219443578
de6cb6bc5b8d1640,0.516276570803376
d51fb6ba7bb6913b,0.8479505314160676
a1375923af03ec27,0.728321350422007
8c4b7d8e2bf037d3,0.3342079556111285
681405cfbc0dd97d,0.44225734604563927
992164c7365bc333,0.7356869334166927
4814a10f30ed6822,0.6078911378555799
f125562b955f34ac,0.3385726008127539
8665c174c23e0232,0.26826938105658016
c03010cc5ef028ec,0.9377031884964051
d2cbd396091301dd,0.10674624882775868
c5b700f429ada2a9,0.5387562519537354
07d97ad7c5757563,0.2873573773054079
abe88bd25b74cec2,0.9232592216317599
b5242ec51fa10803,0.22700453266645826
504c204a4b07adc1,0.2613004063769928
eb3e885ca8381431,0.45359291966239446
88019e77a7570235,0.6970791653641764
4f5b5ab494b7fa3c,0.6630157861831821
ff857c8685376696,0.6744978899656142
c97ffff5899cdd5b,0.895123476086277
06d8545946fb794f,0.8194005939356048
86a18a847664c8db,0.46504767114723355
236b7caf60e83702,0.27742263207252266
b7362d1c5e6ea485,0.41353743357299155
75a194abbc3951a6,0.7126504376367615
0739352b03f43601,0.5026414504532667
d5fb0ad6dfbebd36,0.05773288527664896
ab3267950cbf32e4,0.6039934354485776
061b96409f1ecea5,0.2544916380118787
77507cbfe35570ee,0.04579165364176305
a36af5b550eaa873,0.6420932322600813
9ea7c406af2ba7ab,0.7502520318849641
f67f1e53508bf00a,0.9391333229134103
c1e4dc287c41d581,0.19353313535479838
a53a53e86b02f37d,0.34781963113472963
608291782c527827,0.39969717099093466
d0ad07399c84455b,0.6175972960300095
fc8986567718f61a,0.9343154110659582
5dc1fc6a5d643435,0.7130548608940295
5c05741c61417dc3,0.5432713347921225
d702bbe78e1fa189,0.13421772428884027
e781540ac8518204,0.196721631759925
7dfe0b8686f2f32d,0.6878028290090654
150a93d31aae72a3,0.3469932010003126
6eef12e9a09066d4,0.9100929978118162
636152d21bd16667,0.824978508909034
c7f6af439da950c2,0.12196584870271959
27acdee466fcf485,0.9847784463894966
a8804fe9eee0fa90,0.05164699906220693
6192ee4938021f38,0.8858901219130978
fc02f9550afeac41,0.035407549234135666
7c9ba87d30178a3e,0.947553923100969
a17444b2e1cdd78a,0.6838504220068771
83df6fde56cebe4a,0.33556189434198186
b35110acb0de3b77,0.7794330259456079
9fc1dd40acc8bff1,0.8884612378868396
0c521eb5fabcd49d,0.4040520475148484
e081802079fcf55a,0.8349288840262583
12aedbe868f79776,0.016493435448577683
be8a2586f0738799,0.6324788996561425
077d63174223dbbb,0.146973663644889
bf95a5f9268fccfc,0.3329341200375117
51ac7bebc69eaad3,0.8068009534229448
823b8b0cbed56665,0.6822776648952797
7b06037a7dc44eab,0.888435839324789
c3468f13ce305a3e,0.9218603469834323
82906bbb278815e9,0.08496014379493591
26d93d94ea19b1b9,0.3470322757111598
d59469ecf7c3bb29,0.3759553766802126
7db5fdf7d9e7b81b,0.31998476086276967
251dd43cde3297db,0.4401688027508597
cb1945985d64f4de,0.29214012191309785
4eeb92e907af170f,0.38819357611753674
feb8fa429dd67ef4,0.6780654110659581
4de67c2419537ea6,0.1112378868396374
538e4f56402af36b,0.8746405126602064
a4cf878441380a52,0.8112808690215693
96be7b3de04ff62a,0.579220068771491
39c3d3887c8c1a94,0.37889770240700216
1921999c1eb2c5c0,0.7648562050640826
d57e9b30000ad4ad,0.6100558768365113
7c4dea060b3cac3b,0.8708229134104408
b72576d562bd56cf,0.7957584401375429
e1b21c89aa287e10,0.2607201469209128
ea91d426f07b035a,0.2967724288840262
e3fe0ea3b0e68165,0.2973038449515473
733a4e55740edd52,0.7170619724914036
e3ec47884acfc533,0.9452934510784621
8b4fc284f4d71fb3,0.7296147233510473
ecc8c2db5ddf594a,0.04029970303219757
6a2e9bd8a0f89c66,0.3779618630822132
330cb959caca2412,0.9283741012816507
d9ec4fb651c85ebe,0.32005704907783683
059f9fe46af8bf1c,0.3735346983432322
3a4738e51c5cab59,0.5395221162863394
2defc05f8aab4fc1,0.8498730071897469
5eff676251527676,0.06224015317286652
fbe244ca19447d90,0.4926676305095342
6a795f7ddcc9922b,0.10241872460143796
31e47d59215b37f6,0.4211804470146921
dc507cec24e10ba0,0.7555212566427009
a6bb01f0933df044,0.17076039387308534
8d856f853ce1deca,0.46787863394810875
6da96325a4517519,0.3681638793372929
1154f92cf57d2532,0.0408291653641763
f6f5511b39bec2b4,0.004638168177555487
52b72c128d8d91b3,0.8215829165364176
75e7fc7c7ea0f472,0.5212253829321662
197817ba33606b5a,0.5572210065645515
c1951ebb86cb1446,0.742185057830572
c4c41b18d788438d,0.712669974992185
aa26bb9dcc890fe2,0.6805583776180056
c2c4703ee4c876c6,0.821059315411066
4c5d7e0beffa310b,0.07152235073460456
83c908bdb66cb2b3,0.6641743513598
f5402da16c14957e,0.3595146920912785
2ab80ba80d56a41d,0.6326039387308533
1c6b71fcf804ee07,0.693333854329478
2f3e4501cfcf6dfb,0.6750253985620505
e6dae542e381015e,0.27586941231634887
eec4124d10360067,0.03363941856830259
9105a2588a4a2770,0.7072249140356361
130f75788d8a46aa,0.44760667396061266
8835b5e539659c18,0.4256017505470459
d219e6e0ab855f68,0.6306033135354798
0723230fe86de14f,0.6107025633010316
e81853b0b0f8c271,0.12592997811816192
979af46a1f611253,0.7071877930603314
945f78f066a99193,0.3777195998749609
9fd22540f39891b0,0.24974796811503594
2631c1e94bf99eb0,0.8019166145670522
41d6c34577272404,0.32100070334479525
13285c2b73770aa9,0.3703813691778681
1d2b2b68357f4992,0.08324867145983121
5e3172665089f4f1,0.8310722100656456
9f7be9231e3552f7,0.7358393247889966
6e458ab88b4204e1,0.3105599406064395
10739a7eee3e87cc,0.15904188809002814
a326839f328dce7e,0.9454946858393247
2e706184335e4bfb,0.9060350890903408
e10da35ed5233e23,0.06702680525164112
85df2a159bcafca0,0.657322600812754
7e459f89aae58555,0.27510550171928727
c5733fd52fad180c,0.5703735542356987
d78be06de4424dc7,0.052989215379806186
af782e55eeec3b26,0.830867067833698
a5428b7d3e5eb0a2,0.345369646764614
8d920a6bdb004f92,0.9740075023444825
f4be0e405024df8e,0.8452231165989371
d5059f8f88290d5d,0.45811972491403563
e368d0170d51ce4b,0.33755470459518605
d8ddb30bad626df3,0.3006818537042826
d1e892e5a070ad3b,0.14386136292591434
8a30b24e45c8dd56,0.41984213816817756
7616820e7f2f060c,0.0905341512972804
35bf1de33ef37b4e,0.8464168490153172
7fc73341974a9c57,0.8181345733041576
9f5bd41b72cee0ab,0.20400906533291652
44e5daba8a615664,0.798188887152235
6a29aa78116608ee,0.6139145045326666
74c36fa527d5e914,0.2155302438261957
65e5065a97a00477,0.4811347296030009
2bb9d6b7e64b8108,0.06609682713347922
297129de9133a71a,0.21693888715223503
e6233ca37ff20ae1,0.7368064238824633
e6c230b1db202085,0.855757658643326
042447db024700a4,0.08930134417005314
5347f880cf1bb93b,0.42062363238512035
f7f2f5d41652f6cc,0.04734682713347922
71ccebe269774017,0.11486402000625195
5d89474915222841,0.2433826977180369
583b0f485ee37a28,0.1838250234448265
cc5a91f4a1b878cf,0.9611616911534855
636604af09feb6f9,0.09088973116598936
9149bfd2414e1f06,0.6539426383244764
69c71a71af3a6a93,0.21026297280400125
5cab1ef744ae1f07,0.53042943107221
2c01a13c5bd11b48,0.7220772116286339
3dd5148c39f554e1,0.12767271022194437
e55b6c8712632bca,0.4550054704595186
1e70f997f11d309b,0.27087566427008447
0b5140a69c454fd2,0.1663508127539856
bf3433f1790ded45,0.6249003594873398
848bb9f5e15ea664,0.38226789621756796
ddec6d5fb5e1d8e6,0.8467333541731792
483be22ba816efd7,0.17786417630509532
c5e5341d9853e204,0.22928258830884649
21afeb4d02745cb0,0.25938769928102534
214573582fdadc69,0.477950140668959
1584cb670481cd0c,0.7999824163801188
a5b74fec60dff97f,0.9503497186620817
500761048fa68af7,0.6002754767114724
17911ade8f9db4a9,0.5678200218818381
0d5e4ec73265e718,0.904229837449203
9a23b511d19c5b74,0.46607924351359803
b0a68b6e9b5aa0fc,0.5571760706470772
f2408ea825dab651,0.46274617067833695
c46a0253ce15db70,0.6812070178180681
280ee758ffb1d1f5,0.3480013285401688
f120c6f37766ad60,0.3241208190059393
f0bd6e897436f50f,0.36578422944670214
d9838a74cd5c15d2,0.02515043763676149
ef4f4beebb23098c,0.6365407158487028
81e1191f9eeac89d,0.46790793998124414
38a4b85540a1d008,0.20887582056892778
583c98e432bf450e,0.619242341356674
9319566dff410e11,0.5831900593935605
967a61a65ca3958f,0.10316700531416068
78d063e4b7ce7f7e,0.32485933104095027
d2f8e62df2e4ba25,0.6141274617067833
810d2f780629077a,0.8397253047827447
3515d882b6639805,0.5798569865582994
11e50493155c9e73,0.9699535010940918
4ed708372af004b4,0.8892212410128165
c4e45da34ddf3b44,0.5859604563926227
c8a93dd49c2a92bb,0.8720987027195999
0db19fe44a9a780e,0.07195217255392311
2b3538d47f1c15b4,0.18300836198812132
c3310c72d9734462,0.465313379180994
14085746773f19af,0.04818497968115036
556db80d967a1693,0.27872186620819006
43fc5ae409f4f500,0.8022487496092529
081a87f22c3b38c2,0.8611304313848077
d375cbc133ed4f4e,0.6610073460456394
5ad546feb694ad21,0.4030556423882463
4f93720827de0ed1,0.4324066114410754
3aa17624d6ff3bda,0.1394752266333229
9242e8dc12c52248,0.6121776336355111
6842dfe6284804e1,0.9304118474523289
0d73a6a834744d44,0.42015864332603936
0830204cd861c6bf,0.168558533916849
66161f0924e78225,0.7064453735542356
496464a4d50db8c5,0.6428571428571428
06324bbe66728955,0.8398855110972179
14f78d4e391911eb,0.10622460143794935
2b82c80f72759096,0.20563066583307282
098ac1d81b9e8c1e,0.8422964207564864
1b76ea6cbf734ce4,0.14467020944045014
0500bc92e5b55537,0.23510862769615504
ac5aed573f280b25,0.2859389653016568
ea03975f1d5baea3,0.3036788840262582
88b17a552fbab232,0.6031259768677713
b8de7af9fcdbf382,0.7587722725851829
1200abef5b424cb7,0.006044857768052516
31b60e9d8cfa862c,0.1508576899030947
893db3bdf6bcd36a,0.6725246170678337
ceb6b035da1d3d7a,0.6246424663957487
4ec436f2d7284b90,0.3212664113785557
8aed9038981199a5,0.3353684745232885
0004c2d09b2a5399,0.5539778055642388
5205db0c297b51cf,0.671201938105658
fa00a8d5645e29e8,0.17254610815879964
e059a125b2f75271,0.8102688340106283
0a245e9039a475ae,0.5341591122225695
f6dd2588e26ea334,0.6805173491716162
973b401c5b3a29bc,0.6167571897467958
3c3d0acff02d8d77,0.8346280087527352
29614e0f15db6e61,0.5238433885589246
59556138531e1193,0.18082017818068144
6864e194fe467f06,0.4587664113785557
92d1a78a0805f085,0.5776140981556737
673c83d5875338f6,0.8640610346983431
97b9da49283296e1,0.06640356361362927
8e266443d27cb222,0.36857221006564556
01740ec6cd7d3fe6,0.8033838699593623
bf22ef3c96b1cf8c,0.08339715536105033
eceff6a46e6bb846,0.2866813848077524
595cd3775c548381,0.22717450765864333
dc88015ad74c395c,0.3004591278524539
1d829ac1fba966c2,0.17897780556423884
7af5a547c0ff87df,0.17140903407314784
42082090188c20fe,0.9184647546108159
f7c6df36a4354bbd,0.4104974210690841
fa583dbce17dca3f,0.5212761800562676
31b430017b021b90,0.8640317286652078
7efc9cb13b2def86,0.8905927633635511
d06fda4e5bcfc129,0.9826957643013442
72cb2bb85767bcac,0.9109975773679275
50f1226e03b9f878,0.28726164426383244
24eed0e6d7789047,0.5793978587058456
d026da38fc55bfdd,0.28763676148796496
47c591c2bae2052d,0.4635218036886527
92966f857e0e8aaf,0.27532822757111597
56b22e07fb9e4c9f,0.96618865270397
95e7a0024d29a8e8,0.7326469209127852
77413f2ce0fc0b0d,0.4559256798999688
169ad5f354082bda,0.43601320725226633
cb6a3ddb00bb4caf,0.9147350734604565
c1351ef23bdee19f,0.3098702719599875
23e0eeea647bf809,0.4418451078462019
52cb9f8084c2979d,0.7310819787433573
7f071403034451bd,0.8978157236636449
64c6b8a675d8d210,0.5309041888090028
25bcfd9c6c4bc119,0.425169974992185
68234d071437f6c1,0.13486441075336042
cdba54b09ad0a5e0,0.26520592372616447
8b2a453d25a9793d,0.8676480931541106
379b3cf15b5cd618,0.1267661769302907
04f8b3d8fbcd3c09,0.27469717099093466
8db2aa7a87a0b0b0,0.6097510940919038
09904cf5297e4c52,0.47818654266958427
e5d6021439d46003,0.5983530009377931
87a2e4212129d19c,0.9191251172241326
e218c57596992271,0.5180212566427008
18b98da5b42722da,0.41485425132854015
449920a89db3ac7d,0.7816133948108784
9ce041cdc0639315,0.5915520475148484
722f357fdbd5c880,0.5786515317286652
d468cd43dc6a08bd,0.9706920131291028
9700c7a3ef819ef3,0.864064942169428
b7f1d881f8c72980,0.16697014692091275
b23236c476c94144,0.9368415911222256
18dd1046074e1b37,0.42821975617380437
55f227029ee88bf8,0.2896061269146608
5e3b8e365345db58,0.23233823069709286
d97a5d6269148ed6,0.5576664582682088
ec6dfb974b3c0b88,0.8160694748358863
7ff4153e9bc66bd5,0.7755704907783683
70ade30377aa52d0,0.5843701156611443
e81c74c9a5e64310,0.8922397624257581
27609b892f19ce38,0.18962957174116912
665fe4d9e267c32d,0.8950590028133794
e4efa861a25c36f2,0.8009319318537043
707cf306deb0ca20,0.3269556892778993
53a0fc682407a107,0.7736929509221632
4bd91ec011ba7743,0.03806462957174117
3b7c880189ffdf65,0.5877285870584559
c5f1834657b1d9a8,0.7104055954985933
60a043d7036ea402,0.3463172085026571
d69dc65f9a8e3647,0.5469209127852454
c3978282c1335961,0.7505294623319788
248bcc5d97740cb9,0.40722491403563615
ba074101d0551828,0.5736323851203501
f22fd6cc76b9eb99,0.048659737417943105
cad3b5acbccd1a75,0.05538840262582057
4e3d749c5d0d8b99,0.6724034854642075
1024028ec93908ac,0.993880900281338
db5f96700f81e32e,0.727479290403251
d00456f5c537affe,0.1903387777430447
ae6c9a4ac1923d77,0.1995096123788684
5c4ef0457f9b795e,0.42170014066895894
a36087b510ed1bbe,0.9133498749609252
9700dc3668cb0d40,0.0014887464832760238
e404394c28efb780,0.4449027039699906
0720a1b755cf55ed,0.6215321194123162
035439e10d353f33,0.32062753985620507
53421be12c0c7d0a,0.7022936855267272
c76422f9c7f1c224,0.09615114098155673
ca75e192477ae30e,0.3366911534854642
480e9e2f5f6eac7f,0.6129141919349798
b1b0c9414a07e81e,0.08208033760550171
e09f31da0edae6b7,0.2564785870584558
9386dbd09f1eea31,0.42180954985933106
4027ad13f744ab47,0.7667239762425759
dd57f9a9617410f2,0.8757912628946545
53816ae08db4500d,0.4315762738355736
d39479f04b318c0d,0.7938007971241013
5223cd189c2850d3,0.35988590184432634
8c0a9ec776187a0a,0.10635159424820256
387c460bf9c82eed,0.6759670990934668
1fd31e1faa118ee6,0.1804431072210066
49fba05cb591b00c,0.10922358549546735
bd80ada68eebd0b9,0.36713230697092836
0e3f686f072a8a0c,0.2628770709596749
84925d826d461c4d,0.6714695998749609
a7badd0bb8ead7cc,0.5298374492028759
e2c838fd32fbb729,0.29679196623944987
3a6cf220f53b4cb4,0.5634104407627384
9dacb79ad9fcf34d,0.480013285401688
92aa4c1f7f258a86,0.7387796967802438
c85e22a117db207d,0.1883576899030947
c5acfefdb9e64f54,0.3221748984057518
26015640e05a3378,0.2720733041575492
834b3501453f5c5c,0.5589695998749609
42af151534cbcca4,0.3072991559862457
6342222ab4bd07c5,0.9114625664270085
cec95d0eb86b553d,0.5077739137230384
b4129a57f4c5c1ca,0.40205728352610187
8b51d76d9c838743,0.3792982181931854
36d6124fdfb6b5fe,0.3837566427008441
2212f9196bf749b0,0.9663175992497655
fe9345df75362fb9,0.5912980618943421
75774ccf0b19e8bd,0.149173569865583
026c096720d1702d,0.7522663332291342
6aca91fcef83cdf6,0.43161730228196316
8fc4c42ef85eb9e6,0.9775359487339794
1b64496c26985a3d,0.15394849953110346
591d0017ec185df0,0.5961999843701156
028968c773b11f62,0.6133303376055017
3a09eb47d1ba4acc,0.005101203501094092
000019235d24a363,0.59716512972804
ac5122e50d1ce8c3,0.4958385432947796
7d4feba02220abf7,0.020949906220693964
e59a3b16b4a6d416,0.8113199437324164
84a820be4f12f7cf,0.15919427946233197
2f535756a73607c7,0.9607260081275398
fe5a15197d453416,0.03392466395748671
dfe7a446a8aeb1c9,0.004751484839012192
0ba28eeeb91393c6,0.3962195217255392
6cbf1767b759c6cd,0.5185604876523914
a6e42b03d097a184,0.768525320412629
da6efa9d56a293d8,0.6479993748046264
20eb958ac40ae3ec,0.13912550797124099
861472b884b8b80b,0.8635491559862456
83313fb5d3e30121,0.2260315723663645
75c00015b88462e9,0.9644459206001875
abad9a6070f32056,0.5542181150359488
dbb0ac574180786c,0.7929313848077524
1ff23956ddb48080,0.946366051891216
1030748990c873e0,0.5288644889027821
3b392b51ebbe98a8,0.8871346514535792
9bd3ce96b5220545,0.30985854954673336
e80afbedc991fe85,0.95338191622382
b892e30bd65f1cf7,0.1673960612691466
45be6aeb64cd6e75,0.30082447639887466
10b2dab220d2112a,0.7772702407002188
397e2c46ae990a0c,0.4771139418568302
19d3b02c14e869e0,0.2885491559862457
cd4dc389be000277,0.8247909502969677
fddeaaa21cf9f333,0.42443927789934355
c73cf810b1eec5b7,0.12897194435761175
2d89c6930c494b36,0.6026140981556736
731c1ccc4e036603,0.13871131603626133
a9448f44773fe67d,0.6477707877461707
89d7d09573e87744,0.9185800250078151
09a1c2b53c31bc10,0.7398190840887777
6c6319f9764e8514,0.9500449359174743
f56bb1ad09aacd4d,0.7319045014066896
a49d99323a265849,0.12907158487027195
3ee9be6434e0e715,0.6142857142857142
875debef7413e1cb,0.44825922163175985
a2d775ceeadd24c4,0.8849738199437325
18c8aaea7c834671,0.9671831040950296
df0c46251bada9cd,0.6974620975304783
aab9add2fbc56aa9,0.2693204907783683
a6fc3e9da5c8e555,0.11315840887777431
f637661db81b90bf,0.9555114879649891
33f67c649066e956,0.2476340262582057
86c73cb2d30683cb,0.6581255861206627
b5c00f8557fcf692,0.3403485464207565
a2c9a8f18d345227,0.7637269459206002
5ec5cdcb7ea71186,0.4937636761487965
0f3e463f9177f7f5,0.7716102688340106
4e7f08dff5d4d708,0.61103274460769
3bf84009bb5fc3d5,0.9000937793060331
51395fde52e82c96,0.7598331509846827
11111626d4279259,0.41586433260393874
ae179d72addf4dc6,0.21437753985620506
e88ef89c0abd640c,0.18654071584870272
c514af589b1c5c49,0.12152821194123162
ff07eef5fb056c81,0.8517427321037824
96fcc4e5d6f59237,0.9840379806189434
28c21a0768568fe3,0.8117497655517348
73627db8491905c4,0.37522663332291345
99467bd1e0347c4f,0.01346709909346671
f68ba1afefa7c356,0.9174331822444515
f2dc825ecdbac412,0.14303102532041262
4aba146c1a03941e,0.20226633322913412
80d5d6de30bce75a,0.5283311190997186
07139bc3c4fbcf8e,0.8869060643951234
e20fe10aec859d4a,0.9640180525164114
7ede37b476b9198b,0.5304704595185995
13f259dd7b600fe1,0.2980833854329478
351f432cde665f41,0.18684940606439512
a0721905432fac03,0.9679665520475147
c64298a4451fa34e,0.5532178024382619
4498869b991b879d,0.7317071741169114
17636075cadd05b7,0.5666497342919662
f1a1bbb6f878a877,0.4460944826508284
0eb6903ad4fa3f90,0.5369939824945296
3188bea8d6f5b35b,0.7147721944357612
c4c409536eb6c51a,0.1605247733666771
d280dab3667294dd,0.6486323851203502
52c6f5f136513403,0.39423257267896217
5090d67fa1877997,0.2406162081900594
16b61b14def64393,0.6125859643638637
baafe2fb18314839,0.1034659268521413
4dd870bba94a4e61,0.40818615192247576
09dc62cfe943169d,0.05627930603313536
c479d440fcf7aa16,0.7431756017505471
8afc03aa50ceaa11,0.8114860112535167
edde45a77638faf8,0.0223429196623945
6d7692d9c32c3019,0.46046420756486395
5732b6767099399b,0.3373749609252891
17d91b5e97f3116f,0.19936698968427635
0d8f39533be9f182,0.8147096748984057
fde5949373183adb,0.909008674585808
958e0e17661293ac,0.9758791809940607
c5216e7c4a482059,0.10100812753985619
903c649790deba31,0.06609487339793685
4a0069fc3386e06c,0.5872929040325102
a8ed067c70e68299,0.8563047045951859
2739c45027efcd82,0.48908447952485146
9cebb6633780881d,0.9463289309159113
61795ee62a8075d9,0.2481459049703032
58f2b934b0d49345,0.7452563301031572
dae79d85843b121b,0.009487339793685526
2a1568df2de08c44,0.6483705845576743
ee4fd2a6e3a78dff,0.5458893404188809
b757cce25b9c26a4,0.20911026883401063
66ff45cad74a6679,0.43295951859956233
b0017bdcd541c6d4,0.2057146764613942
a3f277c9b5c91e67,0.33371756798999686
a5cf1cd034f1cbe7,0.855663879337293
68c1e518bbf4e77b,0.0997088934041888
39bc60ddd2106538,0.6075296967802438
6efa72d0df99c34d,0.8200707252266333
ba7209f117ae9238,0.8590536105032822
7c5bee138819f339,0.5856654423257267
0a18482d62e5cb36,0.5861011253516724
8e35efabb244500d,0.2324495936230072
43a9275d59ca040c,0.7566466083150984
481df5704a84657c,0.03968818380743982
4d8d82c65a5b6227,0.4059667083463582
f93eec03effd7d38,0.9710339168490154
3ffdcb2a25a0754d,0.6634631916223821
95109279ae9a6a9e,0.7406142544545169
d6ee9c0efd68efce,0.4232963426070647
74c4894e7bd0708d,0.5919818693341669
d33fec8f45769c79,0.5092470303219756
8fa4532d6a6caae1,0.14005939356048763
3dff5467e3be88a2,0.6988551109721788
fc6d9a8363c4609c,0.15605462644576432
c9cec12908a9bfc4,0.34144654579556116
a971fe519809a939,0.40380196936542667
5ef5d379d20d65e1,0.5153465926852141
e3fb799669853199,0.7362808690215693
6f8c415e8466353c,0.4321115973741795
6a84824f0fe20d4b,0.3033701938105658
8cfc43e4b7c26f14,0.2763637074085652
de7c6a12dea21dcb,0.784659268521413
d478e64abc5e2623,0.6472804001250392
437101bfe8957347,0.4917435135979994
6e285e3b9740ddd7,0.6693556580181306
c3ad227a535c2fe2,0.9667356986558299
8f43b3a85065f086,0.7747342919662394
90aa3a900822f96a,0.6015454048140044
c9000a6868faa0ce,0.8584596748984058
32a000ae2024ab05,0.1404384182557049
c4605d1a5e5e5f5a,0.7402235073460457
892acb659d8cf3f0,0.3135901844326352
c69855f3bb4ca032,0.06416849015317286
edf73aedf6b35217,0.3196448108783995
8877ec8e52d1ecc5,0.11235737730540793
fa3630178cfa8ffa,0.1120135198499531
9f5f7129d1af2116,0.5703911378555799
5e7e17e9ef20547d,0.7836120662707096
a0bb691eee0adcbc,0.03616950609565489
47aa950ec1d03709,0.3736519224757736
89b3fd466c092666,0.04906220693966865
f58ae0404d156690,0.1827270240700219
766c4ba6be3c0785,0.6380021100343857
eb2e4b71d64f3173,0.8911866989684276
4912ee4332177555,0.7573675367302283
2bef19c70fa1eb95,0.25437832135042204
c6686c6fb6297feb,0.9323362769615504
67508ac580fa166b,0.6854251328540168
ff311f69cd822985,0.27636566114410754
bfff1dc879c76509,0.5383674585808065
3d1fb3f5ce631cd6,0.8712996248827758
cc268338bd6cf9ca,0.6606361362925914
d5798960a3e8183a,0.4481205064082525
11d573b74ae9ba82,0.7787531259768679
8c8705f908dede75,0.8810507189746796
ed2bfbed36ac2b84,0.7160714285714286
89361517fc2f10d5,0.8458795717411691
1626bf6a9e33402d,0.6654970303219756
549de17e617d4cb1,0.09344912472647703
241acccc8c4c5c98,0.7011605189121601
ea3cd2074cfdd18b,0.0035714285714285718
3482477cef332442,0.6151922475773679
4f0e6d903964496b,0.17209674898405752
55f5ac50a1704cc5,0.4454536573929353
2754a911af5ae6ac,0.1297514848390122
f2e293367584282c,0.9368064238824633
2efb3cb92bcc9b98,0.021030009377930606
5896699316dc3ab8,0.40346006564551423
2d0483ceb9c643bb,0.5643951234760862
efc8974e6723a58f,0.3316094873397937
a6a0006f726c94b1,0.9533975461081587
6f5c59612f3c92fc,0.9928454204438888
c78209036cd357a4,0.9788371366051891
db9a3030e417457d,0.07577172553923102
99988b482a1d195f,0.7822796186308222
52e13ab6586efd97,0.8625019537355423
3e8fbcc54eca7fca,0.4019244295092217
5bd1113a10668c30,0.1877129571741169
4bef48512ade85b6,0.2791458268208815
2882464c483cd0f8,0.16956470772116286
079b1ed9350bf75b,0.48238316661456704
7063caa968c586c4,0.2205083619881213
ec19c34addb8624f,0.45577719599874966
8cbafbdb15a9de28,0.2671479368552673
a38115fdbf75c1c5,0.6807928258830884
6d8390c7927568de,0.20396022194435764
00981f14236ef71d,0.7657939981244138
12f84fa2b4c572e1,0.08140239137230385
ca5bb700586628a5,0.10004493591747421
4a7058a9b89ae975,0.16515903407314786
878bc0b3326ea889,0.08503438574554548
57f748e3454293d9,0.6108490934667083
07949795ad3e2e93,0.6988355736167552
8cfaf8d91ea4f1c0,0.3051383244763989
0973b331fb200feb,0.9979388090028133
fe33cc8c6e5126c9,0.1975148483901219
95338421b02d6100,0.8031826351984995
6d14e413603d239b,0.8304235698655831
8dd0a5354bcc36ad,0.8302067052203814
73e26e96853b1101,0.1393404188809003
1d9173dbd30bfa8b,0.984719834323226
b8164626d047cbb3,0.5531337918099406
0fb7907993c4b37f,0.8429001250390747
59ee8f98bf511a26,0.6319064551422319
0c3008cd7e493e83,0.8786007346045638
ca16172c325cea2f,0.12660987808690216
2bca85f81b167432,0.8448460456392624
22fee0166c140a09,0.8676148796498906
e2724c0840a5145f,0.518218583932479
f36672a2c0e1cfac,0.007185839324788997
1fb583d94ee99482,0.8256447327289778
02f264a344c830ab,0.6942286652078775
4da6645d6969cd52,0.1752950140668959
44dc081e8f45104c,0.6019654579556111
2c2b2f0c44e4f0d6,0.3136995936230072
36b10927a5ef8124,0.9165110190684589
c1aaa1a11b02c7a6,0.2912765708033761
052a4c4d54a4bc92,0.8315606439512346
d52322d3a4091590,0.20895787746170677
836f3b0ea82976dd,0.40825062519537364
76fb069dc8449b55,0.6045932322600813
9c73e1140fc59c02,0.255314160675211
ae6c780a01769bbd,0.38213113472960303
ef3be0cbdd14848e,0.19123749609252894
3599f0b9c0feb095,0.01602063144732729
88664205bb714f9a,0.13167982181931856
b978ad9fbc2debb9,0.5895221162863395
c82c9b618c165d10,0.40341122225695536
0b15c07bf352553a,0.8871326977180368
7891a28610913711,0.5600695529853079
ad4639fd4e49662d,0.0608510472022507
08bf7df7a564e646,0.2590184432635198
7ed362e9d16716d9,0.22165911222256957
0ad5b72ef7c0ed2b,0.5547749296655204
511e654ff2a5008d,0.4336159737417943
c2cd9bde4b5e7a21,0.7265922944670209
5b3e02e26bec5e7b,0.9131408252578931
89c64c8f9efcecb3,0.6223136136292591
a8f6c6e3e62d6b71,0.22342528915286025
019cc0b8962f5cc0,0.7485464207564864
bc4e4242db6ccd37,0.009059471709909346
3fff2ee4dbde3d85,0.4618318224445139
dc37fcbe553235d5,0.2995174273210378
3bd0b86bbb97a337,0.34709479524851516
4992d9bc07447302,0.17072327289778055
bfdf1c0f0ba7cdac,0.9073733979368552
a6ab2d1d53fe912a,0.05569904657705533
1891df3302c7b348,0.04070803376055017
b9959e103e10b920,0.41748788683963745
0ef3c10f8c9072d3,0.5034874179431071
a10619d97fb76c2d,0.07190723663644889
0863a38392b70b67,0.35095342294467013
60b64acaf466a536,0.6765473585495467
12e3e5d6d9c41e98,0.7735874492028759
9523154e7d045c29,0.7328383869959363
c75a93ff5b4249af,0.22293294779618633
254953a015ac6eeb,0.8719443576117537
800fca2f6db1274a,0.124337683651141
495cb7b810650027,0.14010432947796186
32f2ab9bccd62523,0.4028192403876211
710c1a24eaeead5b,0.25817247577367924
bc05e8a0b1a36967,0.6229954673335417
7f9c858cee39c32f,0.4938496405126602
d943890ab2a0dabc,0.6010413410440762
e8365a58644b452e,0.6434041888090027
8b6555b1e2375ec2,0.7545600187558612
2d05b7a2752c3cd7,0.4211511409815567
cae674aba0ce36bd,0.7679880431384808
ded2185f98f5d222,0.9025847921225383
5aa4335a084d6172,0.5706001875586121
ea84e8283949a22b,0.7544603782432009
e05b38abdcb5ba20,0.03797475773679275
1a8232cb16668217,0.12768834010628322
964453e5682c98dc,0.3336101125351672
6220fee3bc1e75ff,0.9271373866833386
44c74ce2f7dfda22,0.8461784932791497
0e420abbb67f6653,0.9852532041262894
381d753868abf15f,0.21174195060956547
c90e0c45f7fc22d0,0.054083307283526096
28cc75a35f51a8f5,0.7680798687089716
3ec9f6c06061e5fe,0.8912355423569867
b014ddae55b634f3,0.12190723663644887
90879b42c1e54236,0.6991305876836511
7e62b4fce61bbae5,0.5960534542044389
6e384e2ddbb3399a,0.3529130196936543
6f07849a73f44a97,0.9681912316348857
f48a2f5d095509de,0.5683084557674273
ba999a22ce5b3fa3,0.9863316661456706
ba9181802cbd9401,0.847022507033448
bd73bd26225890fa,0.3028251015942482
64c38fe6742e3036,0.16700726789621756
df243043992dea1a,0.5448499531103469
0119114d3ccf9eba,0.9379474054391996
f21453041c1dbfb2,0.7758830884651453
65850a53164c135e,0.20555837761800563
48527244bf10d792,0.4422143638637074
cd4848b0c5d09b82,0.43428219756173814
d29250c293d24f3b,0.7232318693341669
8e49853ead7a7782,0.2825453266645827
c4468c09563855e0,0.2807420287589871
06fbbe29034b7d22,0.018120897155361047
85f4de85a28f72e5,0.7617966552047515
61a2fd323396df30,0.2497049859331041
57131a5c1fd27b0a,0.5458385432947797
97148caf47baee80,0.7088093935604877
bc00a7f9820c18b9,0.11873437011566114
0774fb3a81023543,0.458750781494217
26fce92bc23cb74d,0.739393169740544
c97cd71a9a738f03,0.41321897467958735
e241738a2d4f1fbd,0.8359721788058768
da7df03e550c90ab,0.3726105814316974
35c07da89ceda890,0.836652078774617
5cf499e1908cd296,0.4594150515786184
d8e67e20d907c472,0.34627813379180994
f3135343f9e7c1fc,0.9427438261956862
35e24477ff3e4121,0.48149812441387935
ad3c1d21283a66e7,0.686415676773992
fa88a2d04837aa67,0.6328716005001562
3d8cc5538995bbb1,0.046297671147233516
2cd57b0959ffa8b8,0.28182244451391064
abf05406b1a91bf6,0.9874746014379493
0f7b3fdc5d781296,0.9071702094404501
03365bdfcc4be998,0.37816114410753365
b46302fe840c3d5c,0.5700042982181932
b1f966468fc49840,0.4230150046889653
6adafe7e6a6e6865,0.9610092997811817
e92c7a5333472aa1,0.6735835417317911
7eabeacacbf8b37c,0.5583815254767115
655d9a938cd682a0,0.9873495623632386
a26607cfecac0d77,0.3890317286652079
8d29e784c2fbc4ca,0.8818537042825882
0552a72825b82f4f,0.3270221162863395
8db26f10038d6705,0.2750410284463895
0eb4f40d8b4a0e29,0.3480267271022194
a1caff7700882d18,0.5687949359174742
ee70a37197156928,0.19432830572053766
6de1b2f62b6369e2,0.8179079399812443
9c2d074867b45c86,0.2872421069084089
36c975ccff63cd9a,0.7004278680837762
eac85b26c054de88,0.6735034385745545
318d374ee2d57a71,0.5078110346983431
ea743176167975bc,0.49690137542982177
3ab9fd28956b4c1d,0.16752500781494217
478582ec139d868b,0.7058143169740543
fb9d44e71840eb0a,0.15528485464207564
bd4fd0a37b2b9312,0.5702016255079714
5dffe03302a0fce9,0.966139809315411
d94e1f4138ee9631,0.4242595342294467
298ced22f474a1c7,0.4402430447014692
0268d1d90c8858ff,0.4788566739606127
84cf6eb7514ea305,0.25275085964363864
95d0de11255bad7e,0.1350832291341044
9df308f6f0758e94,0.772766880275086
b0fb6fef1f3a5762,0.5118865270397
3fe46d292459737f,0.01531337918099406
6bf62b52eaee324d,0.10947366364488903
8b6a50f8f0d1474f,0.74856595811191
89833118f346eb37,0.1898288527664895
48fd781830adf147,0.9788625351672398
209845b666a00820,0.2118865270396999
f23faebe09506cb7,0.7384495154735855
5f9584bc58bae0e2,0.16153485464207565
a08d713f9ab75910,0.5311112847764927
5c4f577995e30921,0.8678844951547358
db21d37dde61a7e5,0.4147917317911847
d22dc3977ccf9208,0.4068341669271648
d0fab5e12cd60c77,0.07479290403251017
5293676c6774f75b,0.159166927164739
d3ae1f0b7031a78a,0.18252774304470143
bf57f1265cfe2fc2,0.41356869334166924
468b54d83b570a50,0.22899929665520474
134c07b69f25f030,0.5024675679899968
2cfa14158d7d3661,0.5328774617067834
a87b1a98b2c48b05,0.26154266958424505
c0bed62168e9892d,0.5566075336042513
fc44e0d5137363f1,0.23159776492653958
1247308f81ebf41c,0.03172866520787746
083caac4b6cb4eba,0.708914895279775
a9d470ae3ce0af34,0.013736714598311972
935c423d001e7dda,0.21682557049077839
d096b8795c71a6e2,0.8898464363863707
2acc0dd1e03e59b3,0.3742849327914973
bdba30d6e4c5095a,0.40007228821506724
57b0ac86659a9329,0.5064375586120662
23d831dd1ba487be,0.09703813691778683
628b14a47b392334,0.6566798218193186
76a400c7177ea365,0.3026492653954361
86ab9bf8f20612b3,0.5277215536105033
fb26e948e7444ee8,0.6665110190684589
367ec7e6bfbfc6a1,0.8991833385432948
efb297fa666f7cca,0.810206314473273
0a0f715a63ed4738,0.44518990309471707
00b759c30fbbcbd4,0.8992106908408879
4c133deea22458f5,0.930615035948734
b354cc89789a3136,0.56451430134417
f3595bdad2050118,0.1891157392935292
2171a4f574746f33,0.5220361831822443
ce89301fff62a739,0.2701351984995311
f4786178a6026169,0.40606244138793374
e1db1fa3be2d2bde,0.5196897467958737
05b896a0d6b00e98,0.001
89658e4ea0b49c47,0.9067540637699281
db78c841ae5796ca,0.3566563769928102
6af4698b636d1c84,0.25272546108158805
be3f82b0567a0962,0.16812871209753047
1dbeb642447425a9,0.07897194435761176
eec325cdb9dc0154,0.6128907471084715
cab58c1297ee8294,0.5057322600812754
97e9bafef493dc0c,0.29980071897467964
c738edb5352110f8,0.3500488433885589
fe298587b58a6ac7,0.878420990934667
b01b2bff457f7030,0.31728079087214756
599065c0cda14c65,0.7793646452016255
feb91e47c3d327b0,0.34579556111284776
1b0d5c427077f7e9,0.4781709127852454
6c1338d0338c0bca,0.786296498905908
aec29f6d68d9e001,0.060917474210690846
c6567adae6722bc2,0.5787355423569864
c6e04efe9811e16f,0.18394420131291028
eb86688c957ec913,0.47711589559237266
a450a6576dc20dbd,0.5274675679899968
b700f2322066f731,0.8770240700218819
a4302475b7326abd,0.8231283213504219
af5f8038b513a4c1,0.3737476555173491
0d73ab8c4cb1fa9d,0.8709733510472023
8ca59ee3a85773df,0.2875351672397624
e3f7ceafab0856f5,0.23791028446389495
2445f30cdcdf58f8,0.6629024695217256
23b0f57c015407cb,0.21396530165676772
2750f1a3f3525b16,0.07759065332916537
4d1502e6806c5f5f,0.42211824007502347
9cd2cc7d553443cf,0.36299038762113156
5e314b952cc18869,0.4430368865270397
e8851ddb49233587,0.8579966395748672
6339c240bbb14c01,0.26613199437324164
196ca6bac51b24e0,0.8249628790246951
ff664b7817ef187d,0.05388988746483276
1f50f2cb8e01a9d2,0.5348878555798687
f655a99b43cc6c6f,0.0624863238512035
2dc6d88fd87d67db,0.6586237886839638
b61c9fd4a46a6bff,0.02051422319474836
478a862e9bd10007,0.4418822288215067
0b9c9bb9e3bd1c5c,0.19148952797749297
8ba72175f80e2cb8,0.40074437324163803
80bd1c42bca86409,0.5471299624882776
ee7025a20728385f,0.37590653329165363
a94a734822cd1066,0.456271491090966
9e445d829547acdf,0.5466845107846202
d08fa8b4d19b0300,0.851756408252579
8ef8adecee83165a,0.7199788996561425
476933f8311d441a,0.6718837918099406
fd9f323abdfccd58,0.38204321663019697
fde943f5062e49d2,0.7807010003125977
32e1723a53483290,0.44667278837136604
3189ae9ce5829fb1,0.9063281494216943
a691ae869c7c7c20,0.868919974992185
aec6a61870dceefa,0.4306404345107846
301339e42c2fd935,0.5176305095342295
33bdb599f03ad3cc,0.08983276023757425
ef958079692354ec,0.9948636292591434
6b9de167c2e2a382,0.53295756486402
81a3aaebe87a402c,0.25808260393873084
78734bb73a549d35,0.5920248515160988
801a31247ebc0426,0.44032510159424815
703c72ed057e80ad,0.7523737886839638
d512ce41ff14126d,0.1631173804313848
b14adfc6f2de5274,0.6158858236949046
3ffc252e11d8a5c7,0.25647858705845583
dd94c4e414636803,0.3719873397936855
089a1dca65e44b84,0.48312167864957806
95e32e732db3ccdb,0.3469111441075336
aca38e8f736ef297,0.025631056580181305
78b2b40abd748fc2,0.5726770084401376
2595c73b081498d2,0.06095264145045326
4821901eb98463cf,0.6567833698030635
81f36fdaf2813666,0.21269341981869333
1e80444ce87788eb,0.6756759924976554
47c976d0b2db324a,0.01764223194748359
76e7956f7212a4d7,0.20388207252266333
2f42d37419bdab8f,0.9631310565801812
460717034c7c127a,0.7344971084713974
f46b154a36f88b49,0.6348605032822756
af4a2f1334861acc,0.973444826508284
cf562fd6a1ec6763,0.5505372772741483
a58fda4597ded16e,0.39351750547045955
7c5b545797c724f6,0.8292259299781183
cd2d2cade053f8e7,0.6947053766802126
0d42478d5f847ddc,0.11503594873397938
fcdbc1ca107a390e,0.8175679899968742
4a6cd78198d5a5ce,0.762828227571116
13c39c2f8d3cd810,0.05617575804939044
c79d8a5d80e7f04c,0.07105931541106596
51a701717aef4136,0.9280810409502971
4e8d630667c21f23,0.41461980306345736
9b8e9dc382061f91,0.2617693029071585
fddd94710360c28b,0.40397194435761175
2c33fa5f3f2d5e24,0.1475617380431385
3ca87064dc34dde6,0.7118884807752421
c9d8edd3fb7bf971,0.4772213973116599
d582a1a34b5b977c,0.9481107377305407
2fd593bbcde3caa3,0.8992243669896842
d2f2308d5fd09adb,0.16267583619881212
dc6fdbb3f28f8f2f,0.6937890747108472
ba8e32a15085aa3a,0.7084635823694906
3ecab659633b8be1,0.842190919037199
80f14a6b7deb5266,0.4367478118161926
6809016a071b3b5e,0.7683924663957487
d26156516af475ee,0.3828032197561738
7946e76f5438edcc,0.7074495936230071
b11ee2ead8527494,0.7607494529540482
03e49d963acfe851,0.27983549546733355
4a3e2db752cc071f,0.9270123476086278
6e5157888073a37b,0.7470479055954986
1f7bd653103f1863,0.6463484682713347
5cc0f066c9d8a28c,0.7219932010003126
61240fe8a4dc9a2d,0.3730071897467959
ab6cae9885409088,0.9433944201312909
c4e40432b0ffcfda,0.8672729759299781
1f7fbe6992fe8f33,0.4449691309784307
94953e6bc4d48c7a,0.5027957955611129
e1f4fd779b279dca,0.854093075961238
38ccb655faf1cbcc,0.25264340418880904
dcc976ac3a08e676,0.0571995154735855
8a586d58683ab8fd,0.8318087683651141
9d1f98568599273a,0.1145983119724914
f5a4bf16401623fa,0.8347120193810564
42c6f25951f7db7b,0.3297026414504533
673b99f498fb7880,0.45654892153798066
e4f2c6820273bf2b,0.9610757267896217
8e7d37f34a1f3efa,0.8985503282275711
ec4bdd78abd81c4d,0.6095811190997187
a15343296b9f6f42,0.7353938730853392
dd76563555eb67b5,0.8765278211941231
3ce8de8291ffa6a6,0.8512562519537354
1d036919bb298ab6,0.277588699593623
9579b233e83fe284,0.17898171303532354
be5c561435858f1c,0.9658291653641764
5cf1d9bf22b73559,0.830806502031885
d5e3e7616edfb5bc,0.18306111284776494
ad00da3aa56f4d7b,0.20130118787120976
0ccceb1154debc59,0.7021100343857456
8e2c8545bf82cc60,0.8113551109721787
d62e1e8938e1c97a,0.946174585808065
a8dc86e602a746d3,0.9943497968115036
c4329a7f54415286,0.408580806502032
04ec4184a6a2f40e,0.7233627696155049
a8874aa6ff7ddd20,0.3646041731791185
c9a607048a5bc5dc,0.8737711003438575
002c27108f6666f6,0.3406064395123476
e4f6a20915cb1601,0.30284073147858703
bb014c28cd6924bc,0.6169955454829634
196e2f507f594bbd,0.35652743044701474
9f1be9fcf021fb5b,0.2578227571115974
9391d5f366da4c40,0.755347374179431
3453a5ca3d904777,0.3672788371366052
686ba22e52de9068,0.4153934823382307
3553eafc050e9c0b,0.5406806814629572
edab086e1fc56c68,0.902500781494217
d79a009be9287b82,0.5240758830884652
b86e1b1f8503684e,0.7502676617693029
9ad70763cc07c36c,0.9140942482025634
419885390abac7a1,0.06033330728352611
70bb28465e350bba,0.9083658955923726
d2fe3be15c7a040c,0.8900476711472336
df051580b1fd88ae,0.3343388558924664
799dbb3bc5de0bff,0.6973155673648015
c18575ea64f02a42,0.8970205532979056
bc265e458d29169e,0.8790657236636448
d59c94219a63b100,0.87923569865583
0b79c6776df906c4,0.5851437949359174
1bbd089c39955fe1,0.42458580806502033
e07ee63645347087,0.5402137386683339
6795923abfe3b196,0.9318634729603001
f23bdf1e94c91124,0.3308201781806815
a1fbaeecebb55865,0.10555837761800563
bc95d3915a49249a,0.5088816817755548
c565efbb2d18144b,0.8629200531416068
321866d63b3b1b00,0.7223839481087839
50ef5d8288aabf7e,0.29304860894029383
3948549457628975,0.7796459831197249
b958074c10bc601c,0.36213465145357926
f075bd7b8efbf058,0.5576859956236324
f05a42508ffff350,0.8273015004688966
3c1c900935bc3285,0.12796381681775557
cba59c1afecb3734,0.5585612691466084
013e1691ae9f7898,0.14309549859331042
ff4fafab1f01bf0d,0.7088973116598938
16a52132c026c176,0.2656474679587371
7e6dc3264a60f3c6,0.17241911534854643
fde7be20171bb23d,0.0725793216630197
4709ae8a61f423da,0.6100910440762738
f2f7edc4fdecd842,0.01860737730540794
81421fdc47bf7d1e,0.6083072835261019
e130b6363bcbe974,0.2119138793372929
8b5dc994eb4224ef,0.2746483276023758
ced09e40d6cdb2ec,0.2715653329165364
b65873d2d6509482,0.3520787746170679
d663eee7b55b1c09,0.296283994998437
e8ac634318c1c070,0.7156044857768054
9861a481912689da,0.293558533916849
c170f4b630a3b239,0.9934745232885276
31f66aa5ebaf2ad8,0.8174996092528916
31bc47bb1448c433,0.1353880118787121
79eacc58c9cd0f29,0.9419349796811503
32cb3b1b23ea545b,0.45140473585495466
89357b6904f7d6ab,0.4421049546733354
0d9d1cf89bcda082,0.6925211003438575
7c15e3fb5080a6af,0.30718583932478905
a8580d9f4b1f100b,0.9318927789934355
ba1c0d81b8bfcda3,0.4700765864332604
d5c76d632f469288,0.9180740075023445
4faeee72bb8b4acc,0.32279814004376367
10875f7f7d53acdc,0.2735972178805877
3fb5a4da63283ba6,0.8260452485151609
6551e600570cb09a,0.8211257424195061
6b4949612595764e,0.4240309471709909
d45b6491898d0fdc,0.32908916849015313
0c40fcc6d696a66c,0.38921733354173177
74607a92b5ef932a,0.2799097374179431
e7bf586ef35ff70a,0.27791106595811194
65e0da070f27aa66,0.1374863238512035
38a09fd79a425aac,0.4823538605814317
aed136202b0b58d4,0.3958815254767115
5f5b7b68b01d1299,0.9939199749921852
cc5db835afffd307,0.3549234135667396
d8842b37f5416b48,0.5197092841512974
d8aee4335af252d3,0.2718115035948734
00494862dd9b9e04,0.519379102844639
95d5441c82b1c46c,0.9781455142231948
c6e492bd428631d5,0.43065020318849634
598200ada2678880,0.9151785714285714
8094f4dc74add0aa,0.23863316661456704
6831a0024a1dd23a,0.06921889653016568
d56926e610462f66,0.3293861362925914
bbe39148bfc2e434,0.7031709127852452
1a07a83f589de802,0.5855579868708971
8210d5a233d3d65f,0.029772975929978122
ef4e598f566c9558,0.44927321037824314
c02b919584ea5cd9,0.21936738043138482
68bc1f08eb5258a7,0.9273562050640827
d57a9ae04f68912b,0.6077973585495468
fa41a48959374ae3,0.22945451703657394
5e725dcb74b4e75e,0.21755822131916225
121dbf76a9cf73a8,0.8486597374179432
a2383e552a5f2313,0.17234682713347924
378738808b201e0f,0.2666516880275086
9642ee1e267eee82,0.5476437949359175
e55cdf82fcc57177,0.45843818380743984
2103c3d1e5063e3d,0.19678219756173804
02004dc8e2729e0a,0.34992771178493276
95ae4af4bade5009,0.37370858080650204
8a4e103c92d62a5e,0.8427692247577367
c4414b2ee31b7e94,0.44602805564238823
0866387e16259486,0.7256466864645201
f0b7e616767a0197,0.46022389809315406
a86d2f80a3468f5f,0.4393306502031885
691f9a97e9645bce,0.0789836667708659
2f2e7662f26d0933,0.25955376680212566
72cbdcef4a6b4f07,0.8009983588621445
3ca15eac9b7ce8d7,0.8497987652391372
d9f713c872a26c76,0.5940274304470148
38c5cae3c23f24a9,0.28897507033447956
80e12c9a6e625e7a,0.8575824476398876
78211c4fb5585628,0.8849816348859019
59e71eb2f5c7c432,0.7951625507971242
b7abc4b3e6ff0e3c,0.06080611128477648
42eaa77ee15f2ca3,0.05288566739606128
bb8ed5a0931148f7,0.1795014066895905
2ca7468532706e2e,0.2594717099093467
98791c70677eb76c,0.7015766645826821
e7ec6ff3f296ed38,0.3874687402313223
7845f67130f900d3,0.6794525633010315
fcec4d0ce44eda40,0.5871366051891216
0ac91fd23085433d,0.7388129102844638
ff61891d90f930cb,0.3574202875898718
41fb4a2210a6066c,0.7674761644263831
4c7ebaf834966e32,0.09429704595185995
81aef88d712fdd5b,0.661011253516724
36b0ae34db90ecd7,0.9108295561112847
72fff2ad28f42426,0.6073851203501095
717207649c078f67,0.1524441231634886
925d6e357d7ec158,0.7226418412003751
effe2d48627efbe4,0.5500644732728978
0577c43390d4bf43,0.997520709596749
546cd9bb6f2ba820,0.4287668021256642
8a47c92c6443e7e9,0.8475480618943421
bc9467bdc8642922,0.454050093779306
af91160b63f1bc90,0.8751543451078462
464ea9bea5384944,0.5929665520475149
b838b4792a3c540a,0.6100363394810878
11fd6e717c95ce29,0.7409522507033448
b1e2e5a1c0f42f8f,0.5417376523913723
222e74272be1ccd2,0.3758264301344171
21a85a0b474e45d8,0.48672436698968424
5c5c76ce21ac9a03,0.1454360737730541
98c3f3c5243d4fc6,0.21701117536730227
745be7354fe05a2c,0.08048999687402313
ebf17df229daa6aa,0.4666419193497968
14929f1035ed296c,0.9199691309784307
af1bc354186d653b,0.06173413566739605
88e44f6549d78a5c,0.3289289621756799
1a5119861af7675c,0.32264574867145984
4675a1f396e095ac,0.8119627227258519
306fd63061172f24,0.011448890278211943
68fb9067ffff02de,0.8590243044701469
93665736b22ae558,0.42439434198186937
2f3252e131fb28c1,0.6771471553610504
a90bb7ef537f3ccc,0.5940118005626758
f8c47e6a1ab0bf1f,0.5390571272272585
7f335ac0ff549013,0.11948460456392622
e9c7c37b6584e68a,0.21984604563926227
e2f8c99b54c930c0,0.04021373866833385
4f0ffae34b450b85,0.6782275711159738
94e27d2dbdf9010f,0.8949945295404815
db05b31fda1c2b1b,0.5672319474835886
af64ad7d713d5a93,0.5132482807127228
4d1462da71b0efa9,0.26556736480150045
04fbab7984c52c30,0.8086394185683026
c01a62e78e6d8a2c,0.749130587683651
74f8579fc40b2d7b,0.21338504220068774
0eb2d3b71cf2b61a,0.7221690371991247
57788504ce4c82b2,0.6350793216630196
9e7dfd444a9f30e7,0.5542454673335417
0cd8b38e5a4b74cf,0.36337136605189124
e8c1c982ff8a6704,0.4039875742419506
36bfe943ee63fe65,0.46952563301031575
998d9f62a717ccd1,0.10833658955923728
8069d4397377adbc,0.27769810878399503
ba8f312910226da5,0.8451742732103781
37faa0207a18eb20,0.8360874492028758
c16962d752780184,0.9386956861519227
f1d62e28f903e96c,0.5413156455142232
8cab416d1f2bc624,0.824239996874023
b791af74c95ffa06,0.9364020006251954
05b113e465a98080,0.41615934667083465
b17d9630e851487a,0.4902508596436387
92981268f9d56f38,0.7604524851516099
76775e095989aebc,0.04440840887777431
a07f4266c4b1cb5a,0.18308651140981555
7b5b1f94772d1b60,0.2132052985307909
4f8ef604a40bca4d,0.33214871834948423
673f3a4c0bd90267,0.17471670834635825
58139d3ae9373ae0,0.8269341981869334
c24d1452d22e8db4,0.6124785089090341
441d9763fdc1b0df,0.8973741794310722
d2987a3199c1109d,0.8267310096905283
cab99a91ac2562ca,0.6883420600187559
df1222f0cc1e08bf,0.5221788058768366
bdb610f14d1f9c0a,0.12361675523601123
d63652d83092f4cc,0.16178493279149736
dc121e137a206780,0.48638637074085656
e5fde6a720ffea60,0.24123358862144417
52f7118d77a951d2,0.3190645514223195
1b60cd7738483c77,0.7552965770553299
c7ef81c5ec66b855,0.9880607221006564
42a4005911b6abb2,0.9305212566427009
926e4ef2979d43ba,0.06656767739918724
936393261928dd44,0.5992263207252265
90b3943086a67cf1,0.3420834635823695
80b6c2497708cc79,0.5179821819318537
dc880492a16f61a0,0.33793177555486087
363fa6d193ea1791,0.18317833698030636
11443cec444ffbdd,0.9744392778993436
174e280d8c42163e,0.7717665676773992
d7fddec00bcd1345,0.6804470146920913
2f2a0292483de945,0.9882580493904345
2638757dc8ccf105,0.010444670209440449
af967b1ba12837c7,0.4717177242888403
6cf0ebd8925305ad,0.9411163644889029
0307e7dd94f223c0,0.0866598937167865
d86f818a421d896a,0.7818654266958425
95c76aa135d94e8b,0.1692091278524539
dfb2dc72331615e7,0.8624492028758987
b488c877787792d6,0.383871913097843
5864514fce7556aa,0.6706959206001875
7db51b9dfaa6c3be,0.1704438887152235
475afd5ca8082909,0.6815625976867772
aef3fd34396adfe2,0.11215223507346046
e93ef7b1eb85a270,0.4298999687402313
e643f5e629c7ab40,0.03769146608315099
e9234451a7ebfa5b,0.7678551891216006
e8b95693607a1af6,0.9302985307908722
362e59ee5f24ba56,0.6537472647702407
760d3c489cbc2365,0.2249609252891529
cdc43a10fec587b7,0.8384846827133479
436bfce1b2e96ebc,0.724632697718037
8364b88b9aee50f6,0.5905380587683651
49b33a422ea5bc22,0.9142935292278837
7c87edf2fa4449ce,0.0365055486089403
ae4d87302f77418e,0.41996522350734605
80504f5553a663cd,0.16054040325101593
285102ab56c81c9a,0.4755470459518599
ce75929520b6600d,0.8366071428571429
90e157fa590bed49,0.9118279149734292
72308a9b8ed351ac,0.9184256798999688
67da97f4bf5a43aa,0.16217567989996873
7a2c3503f50e758b,0.8106869334166927
7c277b093ca6e70a,0.14895084401375427
e17cdb698e7793a0,0.541598937167865
304f33ed70c9905c,0.6344853860581432
f671940234873df5,0.8366090965926852
4c60ff51f1a98ddb,0.37370858080650216
357333ab581b26a4,0.5086628633948108
c12b50c410a56d62,0.11480345420443888
280ee73ea3f9a150,0.5150359487339794
9794f61f2b35c374,0.18361792747733668
99bef954535737b8,0.8100578305720538
164deb1fbf6d3d15,0.7581177711784933
17f64dfc919c257d,0.3499023132228822
177f1a78be284fe4,0.5312304626445765
6575a6e55c3aa52b,0.6073011097217881
e1ceb3cf89c78b04,0.42021725539231003
2787d14ba4491e60,0.4630177399187246
47283a11f402ab9e,0.49447092841512974
3e13ab75e759c66d,0.7013891059706158
565632830f202280,0.6334889809315412
c60dd36532e24523,0.7669701469209127
1bbb760f70ac35fd,0.2055954985933104
5952ee73f64f8e8d,0.6088601906845889
0d2e12deb5dc05bb,0.3540110190684589
93cf50cff9e70197,0.61536808377618
71a0f1d3a79f9279,0.34867145983119724
ff1b97bfbc1de495,0.7416575492341357
152d66dccd700ae2,0.8460007033447952
af9475d72cb09bff,0.3964246639574867
50c6ae4f3f0c520f,0.7365836980306347
53277c274f93827c,0.8021471553610504
65c28bc2a138b604,0.7532529696780244
ab3f36de97ff5288,0.02615465770553298
6e673b3e05a86556,0.18616364488902784
29ade739f5ac47ef,0.6333795717411691
d6c96030b8564b06,0.615833072835261
5ffe88ee98e246bd,0.08891450453266647
b75847a46dbc7758,0.3509983588621444
fd4f072e7db648e2,0.8894889027821196
3b600a791eee47c3,0.5272936855267271
3205c60644f3310a,0.27989215379806187
37edd7d198365da8,0.9878848859018443
4aed77bb42b6c35b,0.08911769302907158
70b9c5d2c47a6231,0.843312363238512
5aee71b30cf4e773,0.05568146295717412
3b6034955fe901a7,0.04274968740231322
53f7e37ad065a1ff,0.7206470772116286
8249af221f0dfc62,0.3917904032510159
4a798f098b3ac80e,0.7668568302594561
7859a3365dc11f7e,0.7016899812441388
0d6ab61f58e22d8b,0.35367106908408874
d90f47b845ad8044,0.6264653016567677
908f76b67c5d77d6,0.32160440762738357
2e13d0c9efbac24d,0.46870115661144107
fbd3509fdc1e2fe3,0.23756251953735544
d0c07aa05dbee8c0,0.5031240231322288
e2066400c0c997d5,0.7999198968427634
9d002016fad484c4,0.973161534854642
18105a09ff042e04,0.4014535792435136
97dbf62f03867f4e,0.6921303532353862
008e7b56ab9053c6,0.9214832760237575
e382e61b69858e84,0.0027020162550797124
a02b2c12a9b232a6,0.3589832760237574
5d4eefc602f1a815,0.7065332916536418
8c8faef5bff7b3c9,0.11427399187246015
8ea4fb1f9e66fa76,0.12909893716786497
22a32bb8f8bde6fe,0.6811503594873397
6a655866f90d61e3,0.5505822131916224
b15548596622ebdc,0.1303923100969053
e6426b5a54e4a972,0.7419076273835574
2bb1ea15970a2de4,0.11244920287589871
5b2c1fc3ca8dca34,0.210983901219131
b26bc3d1078e5a5f,0.3189551422319475
9db2f38d40ccfed4,0.23327407002188183
8481c054b0537a7b,0.7657959518599562
c4016925a614e39a,0.6152332760237574
a6145b00b87ffbfc,0.9720635354798375
856c1f1b7a16dccc,0.08437011566114411
5db9aa657576b123,0.045750625195373554
e6c91e69fe022b81,0.9924175523601124
18323213899682a7,0.06781611441075336
84aeda77a9eaf7a8,0.630745936230072
60aa7eb39a1066d5,0.7950062519537355
011908fe41b2ead8,0.9069728821506721
95a236faf4cbd0c8,0.5604231791184745
c58d93928c4b43a9,0.04035636136292592
e3d5116d0ddea646,0.7637679743669896
3d33771711b587e9,0.7564805407939982
ca902179e21ff302,0.6652508596436387
4b2142ee3d149d15,0.38306697405439194
d78803f699e1394d,0.5819103626133166
ef2d9881a6438977,0.031412160050015625
3b5fc032ae2a290c,0.43557557049077844
9d5473cf79999f4a,0.6056326195686152
9aefa72a94558b66,0.6799566270709596
78cc36a16e5afd3f,0.3800269615504846
0628d45dc33a5639,0.7853743357299156
bc63ee6da23c5dc0,0.8857943888715223
5a69761001b7342a,0.4889848390121913
f5384c1b33a306d5,0.24360346983432318
9f4fb39fb6e8b6a8,0.5556384807752422
f7787ed37e4b9d05,0.6574906220693967
eecdd457b6c7edb2,0.859008674585808
f36c01f2f7fefef6,0.766489527977493
abe3d414c510a7dd,0.4866677086589558
d1f7dc9b905e0fb1,0.18653094717099092
a97c23cf1c8d474e,0.32741872460143795
fa77ebf418dd2361,0.15006056580181307
4fa91df3f09b649a,0.7144087996248827
4c40bd5075d26ea1,0.8656142544545169
559cb0c10ea413cf,0.6230013285401688
b07714f5d0a305a3,0.6897389809315412
ac26d06332fffb35,0.22085417317911848
f3a18a7976f15c5b,0.14789582682088154
bd610a8daf3173f8,0.007900906533291653
b4db2ea448a373cd,0.19565879962488278
a9e601aca0377220,0.7735600969052829
7580e5af192dbd01,0.9671928727727415
3b50e09f1d1584b8,0.5801793529227884
e752099897ef3c84,0.15320608002500782
9e556374eb31bdcc,0.49763793372929044
09bf3001382d4d51,0.1647936855267271
ac4f9d21db6d0551,0.45948929352922785
bab162c780dd5d3c,0.3754708502657081
1ac05275c95e2b9b,0.22655321975617382
ba53d76ac3815303,0.7977512503907471
731194026ddc8a00,0.8929489684276337
565ccf55ce0f19b3,0.13634338855892467
c610846e274513ff,0.4864586589559238
4f2f55e6f8f022f8,0.3806169896842763
171594c12d4f22c7,0.010929196623944983
fd9a29be83f07915,0.23459479524851518
0e69e13d2585552f,0.945561112847765
8458a25c7d299656,0.25175054704595184
36510a7e2e8cf5e6,0.5460983901219131
4c689c2ab0b1e458,0.9458600343857456
bbbb01b896a60659,0.3589129415442326
95a6091ed902a1c0,0.4000937793060331
226f1fdbdf45c3f3,0.20246756798999688
b3776535f92034c1,0.2818204907783683
e136a41bbd9d2ebb,0.8470811190997186
2acab7498f95984e,0.5886077680525164
5a97d6bb500166e9,0.5227688340106282
53ad75887ce27a2f,0.38052907158487026
4bbccacfaab6a76f,0.5391176930290715
8d5dbeff654a20b3,0.03449710847139731
885918cc4b58a92d,0.46918372929040325
c33b954ec9e9d53a,0.09559823382306971
c73aa72e6960366b,0.4917845420443889
28c265c8e738031b,0.9358549546733355
16f59244fa16b9c5,0.7967118630822132
ab1bbd20f2288ef0,0.28651140981556733
21ce9f486720b00d,0.5560018755861207
ea98936cd5a062ef,0.6180407939981244
092b99905affadc7,0.7642153798061895
f8a1935cbff0e3e2,0.5524577993122851
557ff2105e2227eb,0.04951351984995311
e28b4c1e7eede953,0.14541067521100343
afcd2875196e3514,0.6114391216005002
622d0c5c885e5d67,0.5685155517349172
5ab123deb8c8e0b9,0.8663312753985621
d70f7077ffdc3675,0.660436855267271
ec0e23575480409a,0.6208619881212879
c42b1312f2466d13,0.43169349796811496
58f7c9cedf508963,0.9786534854642075
483a6a2fc6820e34,0.34861480150046886
9a410bdaf99ab250,0.8743181462957174
27d8448c7743312d,0.6530575961237887
d22510648b60b80f,0.999
cf71cc1d5beaf427,0.8931599718662082
b16d96c422e7686d,0.6593056423882463
f3bb00d62eddf347,0.1557322600812754
e7ad214e8e1b87e3,0.5424449046577056
a149a81fa46121c8,0.21891216005001563
954ac0304d013ceb,0.8117732103782432
5fb61c8caa291bb7,0.27238004063769927
b3e6b65c022e07a8,0.7813437793060332
014590f5ad393d98,0.422548061894342
fd3098a48d0565da,0.0030185214129415444
597dfb91140f7a43,0.06739606126914661
29c72ad86d92588c,0.1530888558924664
46403e8726688e63,0.04214793685526728
586f9bad93615a9e,0.9860268834010629
518268ad7eaad020,0.3842978274460769
eb68006674ff7853,0.5262035010940919
829bf94f3c7511b9,0.5989352141294154
472338feab38fd63,0.006578227571115974
e2eb7c00452da3bf,0.4637484370115661
264d5eac0a3db4c1,0.6223839481087841
5dd40ed8f6931f40,0.5294173960612691
ea07294f7b9321f6,0.36812285089090335
800d5b199211d908,0.136454751484839
c26171ff73291cde,0.7863062675836199
9b039401395029d1,0.18216044076273835
149773fc93e82e0b,0.9214012191309784
377962b226c4354c,0.3729290403251016
b33ace47f8c9cce3,0.17161026883401062
5898aee0357167ae,0.28352414817130356
5011475bc46160b0,0.1434100500156299
49403fb05b28bdc1,0.780499765551735
d64f9b8328cadfcf,0.7670600187558612
8347b5a18bb84a35,0.30832682088152547
a72c9158377598af,0.2671928727727415
346932f67e7d808f,0.6935331353547984
e4962aaff0cf97fc,0.7632756330103156
d63549a6e599cc24,0.02885862769615505
d013eaf626e99575,0.6950101594248203
a7c0072db3d224b7,0.6841317599249765
b87493b15c6b1e21,0.45272741481713036
cd6d6ab0bf1601eb,0.3708229134104408
fc7b0d78438f45bc,0.6234741325414193
b53e88867e63ec5f,0.5050386839637387
1e1e7de7f17a14fe,0.32187988433885584
fff1df28cf047de8,0.3568400281337918
9a4279b8c94a438c,0.1077524226320725
d1a19d29c2aa4b9a,0.7205083619881213
ea65ca7ec57132e3,0.6679352922788371
35cc6e8b29ac28d6,0.9534991403563613
35cebb20cef64701,0.9184647546108159
03c27c6fa94b88b1,0.1359545951859956
654a7847a4c3d0a9,0.9495916692716473
d82da976d107c4ef,0.900361441075336
0f7cdda5aab7cb9b,0.5343271334792123
511e61b096246922,0.21586824007502342
9bd56be8ba9524b8,0.7784952328852767
08980e1d210b6aa6,0.6533408877774304
c84430f350b3a159,0.45074828071272277
152edc8f6b8762bb,0.7049800718974679
a4a8682aa22552a5,0.7785987808690215
5448387d25232e4f,0.020734995311034697
86b5af3c99c2229f,0.04382814942169428
a243c84e17ad5313,0.5895045326664582
1cd4111d9e2c14af,0.24516450453266644
d6596bfbfd4cc049,0.7745799468583932
5f6669357f9d2602,0.764180212566427
8ce4d3415fe4440d,0.49848976242575804
b7804e0aef5425ac,0.14147975929978118
a68ac8503924dfd3,0.8441153485464206
0ee54a169cddc5a0,0.32888402625820573
91e67962d58a2196,0.4741520787746172
337f92313341198c,0.47138754298218194
62fdb17735fc24f2,0.34891372303844953
32070e417cceeade,0.49660831509846826
d10e86cc3232dbc9,0.9689316974054392
9e379ff80b817265,0.7774792904032509
cfff3503c56dab5b,0.1492087371053454
9f21d3f021ded79b,0.23805290715848704
5fe69ac7610324ba,0.5401043294779618
fda80e0f061a2a2b,0.6434999218505781
e5f50a39b4e83fe7,0.6289426383244764
b7ac8ea60b369ad0,0.07509768677711785
f4aefa9fc2e0d241,0.910266880275086
0f32bcb05a22709a,0.7382717255392309
13334ae771ee01a2,0.5237769615504845
d2596a53564c0b21,0.3691270709596749
1a90578444c1c9a4,0.1909932791497343
38767f6c13ad1bfc,0.37252266333229134
8d312d36ba150056,0.22997030321975617
c4e9fb7cce4bc726,0.45326664582682086
9ff220beebc71a5e,0.19334362300718974
24bb5e20d933da44,0.48532353860581423
42f6ebdc63da37de,0.6357006095654893
39f065a3b51d8011,0.12810057830572052
adfccf4de2f8f9e4,0.2775965145357925
bb73756443a5eee4,0.4445100031259769
0d9c7ad016175e4c,0.7227375742419507
01d6dee3fee929b0,0.12246991247264771
4c94ce26b7eb0794,0.704405673648015
184edb2637a41d50,0.4746971709909347
b14c8ed6d2ad7039,0.0343115035948734
efdd1d7495765245,0.20600969052829005
affe3b0f590fae77,0.8376504376367614
3edd7de677b91b05,0.5291614567052204
ba9e4528463c5dbd,0.48620271959987504
8be8330f2029f548,0.36676109721788064
df6e6d77a02918af,0.319904657705533
33d9746c24d2c070,0.4566407471084714
e51c785618029ad1,0.803026336355111
d53ca1e375f1420d,0.5579946858393248
d4133e84363708fa,0.7289465457955612
094a4df459f84f9c,0.10329985933104094
c95b97cbc9622e38,0.22469130978430757
8a243d50081a0a41,0.7465887777430447
f6f2fd05daf66b4d,0.13531181619256016
3b5e52e54ed29ece,0.6967665676773992
144d292add5f41e9,0.6386253516723976
49aedb77fa2fb4fc,0.7360405595498594
81e5d80b657413b9,0.8549038762113161
fb21fa126522b6e2,0.6541575492341357
3451b921fd37a93f,0.6299331822444513
e25080fc68263c8a,0.9100500156298843
64f0448c8bc4b1eb,0.013498358862144422
ed89496194aa19dc,0.4062382775867459
fb22f7c013b24779,0.5152938418255705
1590a07714e8a656,0.1178043919974992
54ae2ffdf139cc38,0.31843544857768047
96bf13f3fa835169,0.5272780556423882
559cc1345795571a,0.25012308533916844
325ad194b9f588f7,0.6644595967489839
13ff609306472199,0.7384866364488902
3c87f31b6953fbbb,0.06939668646452016
2dd14f20786549ef,0.413572600812754
be72fb5da729ec70,0.18158799624882777
dea2b01ff6868477,0.6131603626133166
c7ffc036c6fcf66f,0.7212507814942168
67b0cdefddff90ef,0.7188144732728977
eb949d7c7beb6354,0.732996639574867
72dbbe8ab710128c,0.7377422632072523
fe50a3aa77d27195,0.07946819318537043
b7dea5f446a371e0,0.11573538605814315
3b6627fce4fa7c6e,0.07340965926852142
5766e8d8c783a487,0.6912081900593935
818813e68f11c85d,0.48505392310096906
4efd1ededeb6af5b,0.4026863863707409
7339d8d336c0728a,0.4385804157549234
5932b86b513569c7,0.5577407002188183
667e3c34655efebc,0.8219170053141606
211cf2ea67620b3e,0.888715223507346
73ddd41ae18acb03,0.21154266958424509
b7d7b9bb940bf7b0,0.845785792435136
672de9994012beff,0.18977414817130356
1fcb989eab73caf4,0.01871092528915286
1a8eef4f4936cf0b,0.29322444513910595
181bfbae0ed5b503,0.009461941231634886
0144b06a9d5772ce,0.9312324163801188
a6d79b35c359d2ca,0.7940860425132854
adb1f5a83ffc8956,0.8638832447639888
7fe7578307634c36,0.952184276336355
ef916f6bd9bbf8f3,0.7256545014066896
261b4b9303f16955,0.7573304157549233
bdd3d57f2dcbf24e,0.1880040637699281
87478ecab9990b69,0.4655107064707721
00903281b49f7885,0.9955005470459519
faa54ef489380476,0.9083502657080338
afd67495e65ca43e,0.2502676617693029
3cfeab5f2a521bd7,0.9895650984682713
f889243e554a57b9,0.5945940137542982
1633226e5baee1a0,0.983346358236949
09429539f12260dd,0.38566934979681156
4642f19a02b65fbc,0.08327211628633949
454379600a0d58ae,0.630341512972804
806b67c9407deaf5,0.07393130665833073
64147a091385f1dd,0.2711628633948109
410684a9ca496c4c,0.23176578618318228
198aca03e558bad7,0.27010589246639577
19112c76b72e70ac,0.1975695529853079
33cdd595d6f64465,0.13540364176305097
b678efa350251d1a,0.9433299468583932
2773ef74c8379c3e,0.7088347921225384
21a85668c56f4a28,0.6026219130978431
ad44c67c941b730b,0.26472921225382934
afafaec6ed7cb894,0.7293021256642701
7b2afaaec11da7c6,0.47853821506720845
14f8df83cb5fb959,0.6487847764926541
2fa6287a9d075ec1,0.3481087839949984
a20301029a5e8b78,0.734057517974367
64c226150b42ee5c,0.646092528915286
7012b66ec38b6038,0.009833150984682714
334a43b3d7746442,0.671059315411066
3e39b50358f01b64,0.7945666614567053
dd424dd258080c0f,0.5103079087214755
b6815449a050c02f,0.2969990622069397
786b0bb1d7a4dfb8,0.21601281650515786
bfadd1b4779947e6,0.9279520944045014
23bda92c60bb92e1,0.90164113785558
20f374eb224e1a7c,0.3458834792122538
04bc6e2ce35edb4c,0.7559569396686465
f5fe2d58beb86d40,0.44214793685526727
203f3df885ff03b3,0.10335065645514224
ac5388e6680db6ba,0.17491989684276338
20a190db150bd0a2,0.3993748046264457
03b8f432ac8e3226,0.46414113785557987
800d13aa581dc05a,0.8675113316661458
32ad97494e39788e,0.775941700531416
762f69f875d0a0a7,0.7225148483901219
7102288564065a58,0.8109682713347921
a244d35bd0a46b86,0.7092431228508909
9fd85d10d8d80cd1,0.3772995467333542
cd37f417a290a412,0.7289641294154423
087a61efb373df95,0.20811386370740853
5cc1bb67fc9fa495,0.12021139418568302
38260167161be0f4,0.5589520162550797
377d6156aea5f7b3,0.9291126133166614
de73631ba462d9d8,0.03940489215379806
c6ad617675fc82bf,0.8238648796498907
53c0301b075c4edb,0.22666458268208814
d5d5bb7bc7475a6d,0.35895983119724906
2785f7c003032f79,0.3900867458580806
bacabfcb41e851d5,0.9552965770553299
930620d9c45cfc16,0.6874531103469834
a2253bc60bd26111,0.41836316036261334
48be98b0da47a60d,0.05007424195060956
4192611de72c647f,0.7844443576117537
0a3e55a0415cf1db,0.030132463269771807
94a41eaf6c166f8a,0.2978626133166615
65c588ff0e6a0940,0.5788781650515785
7316f0f5207cff7d,0.9290559549859332
fb48d6120d40241e,0.0889438105658018
83e835be4b7da5bf,0.20861597374179433
be007ff41dfe8e33,0.922356595811191
ae762981ec3e2222,0.9655185214129416
9cde4da63a470364,0.1378184588934042
1e641e6a0e15cb0a,0.967950922163176
f1e1bfceceaf5b3d,0.18827367927477334
b33a9dd2d6116451,0.6221123788683964
6a00f8682a96e6c2,0.2789973429196624
4889bb3fafff04a6,0.02644771803688653
d83965adda3948e8,0.8443380743982495
35ebd3eb17d43331,0.6901394967177243
4fddbddae3f8c321,0.22114137230384495
279f5d02ec1d4618,0.7093251797436699
18dc05e08437b19d,0.5630783057205377
fd5e41a3afe867c6,0.45479446702094406
4dfc9b4693d64425,0.6014887464832761
38efe84b2371909b,0.022507033447952487
d5ab3634461fbdba,0.6190098468271336
88ee52d04ccee47b,0.7339754610815881
311d0a7d1bc40182,0.4027664895279775
ca3eabbb86d9d394,0.6497948577680525
0839345320590491,0.1900437636761488
3166da0225b35bf6,0.5483295561112848
4fdcce92f68b7529,0.9645670522038137
4c0a03f188fa9938,0.4154618630822132
efd671b84d562241,0.1756994373241638
a1be96b06611a4a7,0.5229544388871522
7c15209ba7808ba2,0.8233647233510473
b4fb7e75679d28cb,0.9656025320412629
095adfc07a65ed27,0.4750625195373554
a19e6a028348c708,0.0194631134729603
bb5e510a6639b43f,0.7585788527664894
fcf27b9cd834eeab,0.21587800875273527
dd9e809656743e04,0.41147233510472025
9cf20fc9b8513a03,0.8123554235698657
d929256e10f5e94b,0.5929587371053455
c7372107d1356264,0.7870154735854955
fb002ae965e2435b,0.3725617380431385
891d7ae2edccb735,0.7202680525164114
33b3795f9d4a8ef6,0.0285655673648015
bd1c976bfd04983e,0.6945549390434511
22d26961eaf80875,0.9565078930915911
3267d0aa9600286c,0.6059940606439513
f85b98ab9c2071aa,0.09423061894341982
4b4c86d64f258caa,0.6827563301031573
af271d6d690a0b0b,0.15817052203813692
8b1bdd0f68e6ab19,0.20707838386995936
aca740ec2df56ecd,0.6669486558299469
66cae06936335046,0.5695822913410441
8aa96ed1f09b6e82,0.9194474835886214
fb089d648c0fd719,0.4726027664895279
b3b39f3310bed9f2,0.5635120350109408
4c9ddb6a1c08a7ae,0.05088504220068772
8dafb6cdb58233f8,0.9635003125976868
8512f25e0995f115,0.7258791809940606
3e89b24f6780dfad,0.716012816505158
811b5cd3d60f8f01,0.48949867145983117
8cecb78a9a20021d,0.30974914035636136
c726d19506a1a864,0.4287296811503595
bb71d5690f654fab,0.7594170053141606
01fddb547603eef0,0.4465946389496718
c6592de36f791128,0.3022663332291341
ccde7fc6a8ec59a5,0.29629571741169114
ba6d1493e3a1c1ad,0.7445529853079087
7dfaf88276d52a5e,0.6573929352922789
c09d65931e21624b,0.8964715536105032
f9544a6dbd4caa2f,0.04874960925289153
b374ef23d5ca3b3c,0.4302731322288215
c51f8b67a66b5aa4,0.9877461706783368
4793cb7dc1d36c4d,0.7105755704907785
c4a77a4226cf0e3f,0.4646530165676773
11b46e06959d7824,0.921366051891216
75083fbf03436018,0.7103450296967803
44cc96b7436e60fb,0.7951391059706159
9c78ab8c7f52b1ad,0.47634417005314156
27c3ba5b3d6374ec,0.13228352610190686
09bad77cec8a0ea7,0.7342333541731791
7e5eaee69f7e8e60,0.34071389496717724
9701beed4cb2fd40,0.2533389340418881
a886ee5f5e57d356,0.012861441075336042
43322ba6466f83ae,0.4274148171303532
39ac7a6c910dc826,0.44614918724601443
a7624810eab99b39,0.6154520944045014
27ce336c13dd7f0e,0.2190821350422007
35ec56371ec7bab3,0.8050543138480775
1033972a8d27b8f3,0.9602903251015944
246fdf152b78ea45,0.17267310096905283
67db089b7a0697c3,0.14387503907471083
51541de4865fee3b,0.4731595811190997
2e0ffa5c733d2a47,0.9329907783682401
c307a7a1d2e93ae9,0.8350734604563925
60775afc974d2192,0.4054763207252266
1af8370aec8adce1,0.7786105032822757
7adaed59e375f94a,0.418175601750547
d3f971f17d9ab0d0,0.295901062832135
f1eff57932ef0f4a,0.5977746952172553
b41ea8380984305d,0.6213758205689277
dac2137cd3aface7,0.8199769459206001
48da40bf199dedce,0.25795951859956234
2c36f80cd8d50da4,0.06680017192872773
e45c5c285ae25a13,0.6448089246639575
d57fa89c692abe6a,0.7301871678649579
0d5b889f910953e2,0.206222647702407
a2bb73ef62a1fa41,0.7819045014066894
161e450caac64b0b,0.35734213816817756
870239c07fe84d59,0.6809569396686466
1a510d36c73a9190,0.4386351203501094
6365e056680facbe,0.4364899187246014
7e5efd56e82bc148,0.09291184745232886
8ddf8d226ddfa267,0.11121639574867145
aa2927ee663efd7e,0.5299390434510785
1969a71e6c309cce,0.44291380118787116
33e3103e2045fa64,0.1397311659893717
79d3953d4c100b9d,0.9789973429196623
8a0bec565c237aae,0.44466239449828077
e7b2425696ad04e1,0.2175562675836199
1585c48da5187cc9,0.5525300875273523
b508d898d174eb05,0.7479388090028134
ae96ed3d88eb7aed,0.25782861831822446
3780b01a20d9aafc,0.6460944826508284
5d2ea0bc3f49f99f,0.6597706314473273
609566c49b16621d,0.1875781494216943
52a50658bfe832ee,0.5968115035948734
76655f684bc2518a,0.24719052829009064
507aa51e38d00459,0.3993240075023445
e7edc5fb783b818a,0.15530439199749924
3488c9b765c1219f,0.06071233197874336
60726ee6707bab89,0.8676402782119413
724b704c54783fd3,0.02867497655517349
23405c43202f489c,0.20884651453579242
0a275c8c3adc1e3b,0.20607611753673022
ad727a83295f79c1,0.9244353704282589
9fcd517a3727524e,0.571414895279775
c1a15f34e5189a8f,0.40388988746483273
ee586308edeeb5fd,0.6000293060331354
61323c4c907b9667,0.8329321663019694
dc6ad9b2ea237556,0.9638812910284464
fc261535991f079a,0.26142739918724606
199f8696fe22e8f6,0.3390903407314786
80c803fed1e7b815,0.08356322288215068
b3645ff1881e6181,0.261536808377618
f077bcf8ba579026,0.5670776023757425
c98984325495234b,0.4779403719912473
2b1acfb2885f0207,0.19013168177555487
58aea5fe94bdc9f0,0.488818771491091
13ce2e76f9ac9797,0.7663273679274774
585b1ae5f2fdf9d8,0.9336648171303533
c02d00f3c935fac9,0.4322288215067208
961c1ecf22020dd7,0.4988414348233823
34a2c0730076cd51,0.8029130196936544
f08c72208c842a80,0.9228860581431697
3d0365b300b08d12,0.581058533916849
7698d1646b1160a7,0.27494920287589875
46fe0812a4d6a0e5,0.33343623007189743
1992a8cfd9dcd0a4,0.8869021569240387
234824681fe92370,0.28797280400125036
66dae8fb83f01cda,0.19673921537980618
565a8741e734fb66,0.2952465614254455
85796d3a4623f1b4,0.17227258518286964
980c038df259aca4,0.06492458580806501
847d49fff22ffac8,0.8706314473272898
3ab579aad87803f2,0.07594365426695844
7c287939d256c04a,0.23272702407002188
9b56b63c1ce61e36,0.3623339324788996
2b2beb4ade849fe5,0.7164563144732728
ca97e3a639d0f212,0.37871795873710534
cdf0a515724936f7,0.4339793685526727
f0d9600d63271cb1,0.9037081900593935
61f6d6cd6e8ebecb,0.46631564551422316
66bb128d75c1a31d,0.5196623944982807
ff6ace3df2f93fd8,0.06229485776805252
174f6de5e6fd0ce6,0.8906044857768053
f629016e686c93c7,0.8251934198186934
8a5cd96071aee653,0.022553923100969056
47a56fcce1a48c57,0.9540422788371365
bc218a229f6dd8a3,0.3483979368552672
6700a0d8cc03fd40,0.6831802907158487
bf07422782deaa4e,0.9781162081900594
67e5b268a06fc16c,0.15051969365426696
775246a31de87040,0.44107533604251326
a8c96679585190f7,0.025699437324163805
85e8b073ae9d6cb6,0.7932439824945294
8d783fa9a84a2016,0.9024636605189122
afa9ef8b36efca27,0.011110894029384184
292ad72f433b2ec4,0.21266606752110034
543a382acb950efa,0.3189766333229135
97eee667e12fac11,0.7510413410440762
f1594e042dbd4135,0.293531181619256
c4acac79bfd54ae4,0.2191837292904033
f1bc5cee7cfbe74f,0.39766919349796814
25e346e1b0340347,0.5550328227571116
53b71602a81f5c52,0.5238101750547046
6d2d4b17736e595e,0.545436073773054
f652427f39b6f10d,0.979411534854642
1437d0c59eca00af,0.04992771178493279
d8980b5b1d68a4ee,0.7756955298530792
442b8a915014e871,0.6029755392310097
6a1e5bce20cbbd53,0.8865524382619568
ec75dfc7e578543f,0.10275867458580805
94cd35193b228a90,0.9652176461394186
15617a2281e76896,0.6694806970928415
ae22b29ad0d98702,0.30661144107533606
3e5ee530dd802ab2,0.3571721631759925
9304c1771978ab05,0.11338894967177243
635d5bab100147aa,0.5466337136605189
cf12cab6ff5fa6dc,0.6371737261644265
cc7ce49efd47f0a0,0.08273874648327602
20c507d578183dfc,0.7183279931228509
e29e2bc7c3e6ef41,0.8290911222256955
61e270d51cee0fe8,0.6328520631447329
a1cf27e43a150760,0.8706627070959676
9bdddc292578558b,0.206550875273523
fa0f0cb920abdb0c,0.848511253516724
95dc87b7553104b2,0.9669134885901844
c268681605733a6e,0.2270299312285089
57f8444d376ead3c,0.7840457955611128
1eb08c4e2e2d0a0a,0.6375957330415756
65f04a475e60bc71,0.624157939981244
54b86d86b2c582db,0.27905009377930606
ac660728eb9adcbe,0.4714168490153173
9dc70760c7a65427,0.9355658018130666
707fa7577b28c00b,0.1803786339481088
dfc0ad3ac006f7dc,0.5262796967802438
d02c60d97c52824d,0.24770045326664586
68735cd4123d2c31,0.885026570803376
e7fa76e1a52159ec,0.21053649577993122
8e2a48702b61cf4b,0.10554274773366676
7b4d442d12660d2e,0.24245662707095966
1879fdf1618adb5c,0.5653446389496718
28331b7b0b1598fa,0.020049234135667397
c27a3cd35a718f85,0.3041731791184745
003398b630719a7d,0.043490153172866516
70b9137733db97b6,0.49607299155986245
f0ea5635eb777479,0.7210202407002189
e80ca1e08210095b,0.7925230540793999
033b8feb5aaae03b,0.14071389496717723
ac6a54139c7c9d37,0.8866266802125665
ebc95757b2947172,0.2951645045326665
2fcf426035785728,0.5820959674898405
78996a14f02ebbe3,0.36568263519849953
a87e26d221511c94,0.01658526101906846
c5eddf448403ab6e,0.057711394185683024
e8da0e67e35aa293,0.3783272116286339
88b632eaf9356d3a,0.3749433416692717
85571b011c6fcfaa,0.9616130040637698
9013d63ab473f952,0.8103801969365427
960cad37cffe68eb,0.2668372929040325
e247eb8f78f75a9f,0.18111519224757738
80eaa51c4c8a00ee,0.17007463269771803
35849a3326fb87fa,0.1541282432010003
d95e6b933db44247,0.23720498593310413
c8d99c2ec6082321,0.21459635823694906
c9aea5e1048b2e51,0.7103782432010004
e01947dd147cbbce,0.12758674585808064
ae79b75a13c928bf,0.21754454517036576
ce571fad3257b3f6,0.01922866520787746
a95633f51ef3a7b0,0.043873085339168484
297c6928439e696a,0.9424390434510785
a4d78fd9f9ffb303,0.46464715536105033
2dbf5dac4bc14af2,0.8649030947170991
484f57153280140c,0.6700296967802438
db3d92a2887ed53d,0.8123671459831198
0fcc2eaacbd92a61,0.014002422632072523
3b06de421485ddad,0.7270826820881525
3ab1395e200e5b42,0.6900984682713347
8b607b6592065a8e,0.35633791809940607
a58b1c259179dc09,0.8995311034698343
a84f2ec64cddb96d,0.9475031259768676
794ec7ff88727529,0.20779931228508908
7bec4fd7e9a158f2,0.33648015004688964
bb364b5bbcd978f4,0.9072639887464833
89b648a5f0f0ab12,0.49293724601437955
63de8d6c54817aa3,0.0030067989996874025
f379e9f71ba0c23e,0.4917396061269147
a4d79f83a661fa2e,0.6271295717411691
211b21d15b3b91a0,0.2982123319787433
1186f6b426beed22,0.2364918724601438
8dbf55afa93fb576,0.7127637542982183
4c37d40f77654769,0.36848038449515474
282449c18b62e5e6,0.8436171459831197
12472f1c83854116,0.8959596748984058
eb624c530d058714,0.45152000625195376
916aa0618dc412d3,0.6694650672085027
b9f7f01f0c234a62,0.8197249140356361
d6a72e0c5f8c9277,0.16405517349171614
888195334e946eb0,0.11369959362300719
f1aaca6b558ffaf2,0.26620232885276646
cfd7c6655e63d480,0.91106595811191
d54c579db2ee74b5,0.08198460456392624
3d05c28ee2849928,0.9820393091591122
88653ba09b9797ff,0.15371014379493592
270649bc52035cbd,0.11254102844638951
164c0240a44d6755,0.4282764145045327
71d79d68a2b92f27,0.6930271178493279
9bb25aadd2b3bdb4,0.9713367458580807
b3c62935a53d8997,0.23025750234448267
e850d24192f9e415,0.21507502344482654
0834b059b33fe386,0.8891372303844951
57cca7c7ea10b6ab,0.29429313848077526
39483c2d8174f1ed,0.8704751484839012
4df07eb70c71ec51,0.8963465145357925
771b30a38c390789,0.5305622850890903
65037a69f9336b3b,0.6789016098780869
97bf39056279f7fa,0.40059979681150354
1a2d12af54623039,0.48836355110972185
e649d739e4cbe4eb,0.9660323538605815
7c35e8ece8dd52b2,0.8154364645201625
4f679f800c6abb6d,0.7597843075961238
42a8a8ccd4f9f9e2,0.07949749921850578
662eb31e5ca29cb7,0.4351809159112223
39a75d0fc9a932b4,0.5012113160362613
f80b6c96f9ca16ca,0.07179391997499218
d1112438bc117eb4,0.6464871834948421
2a23256f8a1b1dad,0.6584010628321351
e3da84e292717dd8,0.37041849015317285
b3da0bcad91df631,0.856939668646452
b7317d34b8035aa3,0.4045463426070647
263b44530f890156,0.6000586120662708
4908216a464f51c6,0.8320510315723664
d0b576af5fedd973,0.4496190215692404
d53abab056eabccb,0.5757248358862145
9947a71c07c08013,0.6722706314473273
e3f83e6765042b60,0.6810233666770866
b5e1fe2cd612caf7,0.3334401375429822
2c979dd3ae786b0b,0.014637386683338542
37ebd133842ac652,0.8813926226945921
8d7452fc00bad24b,0.7529247421069083
be4d73360ad37873,0.3887542982181932
40b14de62d50cd96,0.997641841200375
e8b95e5aac14d285,0.19030361050328226
545aeb4e5c2808c7,0.5090497030321975
3ea943e815e609c3,0.2733451859956237
9c3663c00fb99ff6,0.3482572678962176
6806a16705d54743,0.6772096748984058
9658ef3f8e3ed080,0.7547241325414191
72aca7fa36feebdf,0.5814551422319474
dfe86e43c4930991,0.6000859643638639
4f82ff5b5651d2f0,0.2407256173804314
d13da56afbdee207,0.47082682088152544
0dcdbb940af66121,0.20689277899343544
0e09773245767eac,0.27256369177868084
b186bc9610e2b533,0.9529950765864335
d54841a2e0a4cca8,0.9498065801813067
166c017caddab251,0.8904989840575179
a23f0288384f2f2d,0.4352629728040012
4886d310e5914363,0.18328188496405126
41edfc6111e88f1f,0.21588973116598936
0f33a4c86170e40b,0.4671010472022507
19bac5bcc4414e66,0.035206314473272896
88ddba34446d1ade,0.39539113785557994
a8dfc97deea7f5fa,0.7523249452954048
fbe5da4001a21c4a,0.20111558299468585
8ea535444187b6ac,0.2571819318537043
1be66765efbe9174,0.6003379962488278
05f16b595e33f77b,0.34178063457330415
3fb3259efef9eda0,0.11631759924976556
43836f5657b092dc,0.7444494373241638
26ac42441170201f,0.9011839637386683
12a4ec2031ef6174,0.13389926539543606
d8e7f33605a80ae3,0.6195060956548921
d6bde3bc380d8735,0.5486616911534855
9e0c178f3e852551,0.8179704595185997
88a6149ecfb1f651,0.48475890903407315
54a33fc8125490a9,0.3497303844951548
2930f4f063583542,0.3109741325414192
5092541f5024187c,0.0993142388246327
e78a593c9b385330,0.5723800406376993
a09be3a8eeceee6f,0.8761781025320412
7010ac1b44772de3,0.2959674898405752
49a17880c454c7c3,0.20838934041888088
4e36cc0f1383ebd3,0.719965223507346
ebdb25864f6ce1b9,0.12716864645201625
bdb72360a5581c6d,0.7073128321350421
8c698e0fbcb6a090,0.3630079712410128
9c350ea7550d8378,0.15758440137542984
a8b88f7bb8ca6361,0.2637230384495155
3d326c98287fba6f,0.30964559237261646
f42c01d8b045f708,0.7198968427633634
8e5d62b3ab696aaa,0.07696155048452641
6224caf3c72e7ee3,0.5524206783369803
926fddd6b2ee63aa,0.01584479524851516
922cf50522b3b88b,0.7135706470772116
7d0fb10204af6166,0.8599679587371053
1a76fbd031e39a6b,0.9577836824007502
fd68ea29d356dd75,0.20424742106908408
03cc36191251ada1,0.5700550953422944
99b5bb0b92d8a55a,0.03817989996874023
aac02a9d632924f3,0.17096358236949047
5d220b8e18201d3a,0.21192950922163178
14fc1d6fe2d4e69a,0.8772448421381682
35e119f52196b1ba,0.08853157236636448
40f1234b5a30403c,0.4715321194123164
d59ccb5d557c022e,0.7445119568615193
0c385e728de38f99,0.36376211316036255
f8683477a2ab2ade,0.8710515004688965
511fe8f39056b9f0,0.5355618943419819
c99c5d897170f156,0.5209245076586433
9d753071d21e6c36,0.4085534542044389
9e9289f66961c664,0.7056462957174119
5f8b0d75fdfecea0,0.157021725539231
9dc13c482e059e6f,0.2878633948108784
3f87fc97c66a3191,0.7883576899030947
1b3f3ffb589858e3,0.24736441075336044
5358785efbcfdaaa,0.36750937793060323
57193bdf5b9a6b42,0.7276942013129102
4ba6c061c5bcb057,0.9564395123476086
218a85cad268eab4,0.8600675992497655
f93dbe2cfff78101,0.563429978118162
a8481146cd533ccd,0.6335788527664896
84b0e8fa750b7a33,0.40770553297905593
fdcc76060f099b01,0.0724601437949359
300a47eca14f8974,0.7440821350422007
14218faebac40dda,0.323730071897468
6df2c2d2e3c3a7a8,0.6563828540168803
73b49cfc1f3e9dfe,0.23726945920600184
7f686a76e0a43e5a,0.32561738043138483
bf81324a27520bde,0.5288078305720538
f5d463ec64cf0b0d,0.3368161925601751
7b0554b8ca04f697,0.1265219599874961
e1b2fbbaa6be8596,0.4219502188183807
1b881aaa4217102a,0.49566270709596755
c212840fd1764342,0.2901121444201312
ef314439dbb365d6,0.0805779149734292
1772dc13f02d39b7,0.2013265864332604
b9ed04801fc7a354,0.26656181619256014
105a3d1544b0f94b,0.6698890278211942
78654baca9d1378e,0.9640200062519537
9bc2056512b6d4b6,0.4503907471084715
09c4cf78e2e7adc5,0.3467314004376367
b2555ae21207d05b,0.8006779462331979
ae348fe15c764802,0.11973859018443261
f0124c71b8a4ad33,0.6723956705220381
b56dc4e690b38942,0.268996170678337
f780521ce14740f3,0.21260159424820257
dc6f043604dd54fe,0.28449906220693966
e07db4ab9d64f3ee,0.731146452016255
8afd23b140e4bcb6,0.6593193185370428
11bdf36dc7a35404,0.14057713347921225
4996a5c048b055d5,0.8004317755548609
623d8021b7d32292,0.6554274773366676
9eaa2f70288d4b3f,0.23375078149421694
9b0054be7988059a,0.3829888246326977
3952d82f6df456f1,0.22174312285089087
8533f9a63a9367b1,0.49568810565801813
391d9fb2c3bd6fbe,0.005224288840262582
101b529dd70a1e11,0.04137621131603626
85b19b6a46b45156,0.2574574085651766
a4b17c05d90ca2b2,0.5900574398249453
194ecba02d51bfb5,0.1499101281650516
20a12da2d8890e93,0.13828735542356985
2df9214ba1de660d,0.5067364801500469
bd7e307eb75933e1,0.6815137542982181
5e0b0dbe5ffe6e83,0.999
bf3a6cfc9a1f3c80,0.434555720537668
82ae8090ca11b2e6,0.5370115661144108
4901ed9747386ca7,0.7973057986870897
53084b49be13c52f,0.7670541575492341
0263cc51aa1acd4c,0.6497733666770866
41e313f2355b137c,0.6462488277586746
51a37cfce403f12f,0.3517583619881213
df4f484e6719459f,0.1773073616755236
de7f255e061d07f9,0.4470850265708034
741683772f1576c7,0.7634104407627383
54c7fb2af01e96d6,0.9069142700844014
24c542dab399c685,0.3055251641137855
a1230bf06c58290d,0.27070568927789934
900e15461a12870f,0.7668509690528291
c089536a25834f70,0.3240817442950922
afc3286b544f0040,0.7519048921537981
c61465243a2221a5,0.6491774773366676
cb1f20d4bb93c243,0.36872264770240704
30725d20e5558b56,0.3764809315411066
94ce3e10e75f90a6,0.15170756486401998
48d0b89d569495d8,0.6316993591747421
ff1ad6d36283f697,0.27593779306033134
72be68b75d2c814b,0.17547866520787747
e4b90062b12b7030,0.9356927946233198
d6323a665e446722,0.281277352297593
2d37f4baed1667c1,0.6537668021256642
05781aee37a18dac,0.2306287120975305
de24d558a18a9f32,0.3180935448577681
cb44379989560ff1,0.20836589559237262
eb333ca8ccdad2c8,0.4896158955923726
1d5cf29e044bf468,0.7514242732103782
172401cbfcd665a3,0.7128458111909971
8247761544773a90,0.006398483901219132
5f2c0797f7cb831e,0.13174820256330103
a7edbfd2acdf8ad0,0.35593935604876525
fdcb685349aaef9b,0.6891509065332917
1568e5a308c50e7b,0.8795873710534542
53f5f1c7014efbaf,0.5969267739918724
e992034fc58854a7,0.2583190059393561
b1fc334e48e20c8a,0.09072366364488903
ca9f6168acd90b8b,0.16403563613629255
929bd47a71c6b958,0.985841278524539
f7ee05e2b2ea34e4,0.42550797124101286
2f3fdc90e73536d0,0.061241794310722096
b43f6d156041778c,0.08367653954360739
6b0740f130757056,0.16643482338230697
9f1200bd8ef18393,0.37696155048452645
bf0849396acf9180,0.08134964051266022
58f62b02898dcd7c,0.9939570959674898
825b360a284d4a2e,0.10842841512972803
0274228343b0c7cc,0.9111988121287903
746ca6b736caea7b,0.018982494529540483
69cadc81ce7e015c,0.24916575492341356
295dc3bdd969b7cf,0.7540696311347297
e0c7aeb2471c9ba6,0.819412316348859
a7c128e7baf08587,0.4089148952797749
74ac5ce19092de45,0.5330806502031886
5642496d768456f0,0.9329966395748672
9568d09b37d48147,0.6507502344482651
687eb07ac1ec9aba,0.35220967489840577
1131d59f818ebfc7,0.2317091278524539
70d46c4ad271dfcf,0.4085808065020319
333d8235e3bd1acc,0.2906298843388559
f9dc0ee30937f393,0.656879102844639
e2e48b863ea7d61c,0.6740270396999062
96ad67d29a15ec47,0.6721748984057517
998b0ea49069c858,0.13250820568927793
cbf500fe483dca27,0.3385921381681775
32889f39f5c7e4e1,0.25024030947170994
f87241418df6147d,0.5606888871522351
afed174cf13b9d7f,0.3908936386370741
d52f3c40480519e8,0.8518970772116286
67306d595867bdca,0.09172592997811817
dc439b5c79486948,0.4206900593935604
35089dcee9e9ba1c,0.24571155048452642
61b5d6ef5f241490,0.25595889340418876
45f5713dcef10264,0.504274773366677
2a3053d58302242a,0.07764340418880901
0998f38d4d069491,0.6304157549234136
accc2c8ae67e6063,0.14204438887152235
9f5292cbd3806d79,0.3195901062832135
1fb85b95e91ae45e,0.31508479212253826
faa0394464cef2e8,0.07417356986558299
af95309c63fadc79,0.5044017661769302
b8b45d6732b08fb5,0.32786026883401065
66966f55862259dc,0.5672729759299782
608333309da6527a,0.7650574398249453
36dc5921a7d84ed1,0.5285343075961237
27813742ebfe2b33,0.6580708815254768
211d5db960ca61c8,0.032986870897155365
5b186ac0d11513b9,0.9820920600187558
832d1c008bc3ef2b,0.8495330572053766
7d4e4f8d7d40dcfc,0.29101672397624256
f0dfb22c3a27665d,0.8418529227883714
407451c452cc5d17,0.8359370115661144
56928312feff0ba3,0.5578286183182244
9454541a6582c13a,0.3513285401688027
e6e2f33f21d593de,0.04109487339793685
eaa2910769614f8e,0.13142583619881212
127bd9796d970cc9,0.34841161300406376
169858f0ea055525,0.1474972647702407
47a3a9c393a619bb,0.3504552203813692
d25e98683c74aa8c,0.41460026570803377
4f2ec1f813538809,0.616856830259456
8e5753d72777a9ac,0.4289563144732729
d9cef172341ac628,0.995260237574242
d2c6b2e087495365,0.7447776648952797
5aab483da67d16b3,0.44949007502344485
ad319fa45d964c5e,0.8903036105032822
730d677b8c968e37,0.18626719287277274
b1e38b684248bd0f,0.5862378868396374
ccd097c32d7ca7c0,0.3247987652391373
4cb0f5de29f8b8a8,0.5195510315723664
902aa8ae7819a527,0.010892075648640202
36cc1fd78eea46be,0.8792904032510158
5b8a6b0aae157e06,0.7304548296342608
d371f4cddd5ab580,0.24504728040012502
a07311ae113f1cc7,0.860382150672085
8ff382f017152a6b,0.6683436230071897
bfe18fe096f61209,0.40165286026883407
97f3a3f55f767d91,0.276209362300719
a4058a2e4bbcaddc,0.7688164270084401
6dbcfd20040642cf,0.06503204126289466
42a6b3c10ef18f02,0.5724406064395123
9d7f6f4e136504fc,0.3015454048140044
0165f411bc818cb0,0.5743064238824632
bffe1b12bbe69fb2,0.6572483588621444
e01b40b1d6f30df0,0.8503204126289465
3201c568d1d26470,0.7862691466083149
0affa4eadbf1db83,0.8370467333541732
ddd3b7b0ab9f40d9,0.8967177242888402
ec738c2ec1bfcd80,0.05882893091591122
906a954f8e1fea07,0.9199691309784308
cdbfc59fb04fc180,0.8589520162550797
2d4770eef88200b3,0.029505314160675214
3d18600bcebb32aa,0.4563125195373554
3e050322f92541d9,0.3440938574554548
1221e13593768788,0.30867263207252266
e7ea980a9b3cc8c4,0.4296362144420131
398953f786ac4845,0.8827641450453266
e8efc32edeaa174c,0.8002442169427946
49f061e869ee997d,0.6186972491403564
17668415b4ad9f20,0.2532119412316349
81e71cda520c7c11,0.7326273835573617
7c48e5537ec69161,0.37983158799624894
7b6ba45bf7c43e21,0.474665911222257
9cdc08694020bc45,0.7550640825257893
60a026b4a766753d,0.3394048921537981
719db72fef47ca30,0.32414817130353235
c0b5b808eb068fc6,0.4726828696467646
b20616efa1e51758,0.27360307908721476
d1c2190b7e54ae51,0.15159620193810566
88d71cf388b60bf4,0.7206744295092217
c2394a42025bd869,0.9177360112535167
19b165b652dbcda4,0.7917571897467959
c17841139e5914a5,0.8383948108783995
5549a53bbf9d24be,0.7464461550484527
2da830aa5b2812cb,0.2972061581744295
fb36e8ea3112744a,0.4738394810878399
3dcfee7f0efc084a,0.8344306814629572
16a97d3860c22e1c,0.7886253516723977
6322b2e3f7dca7db,0.5069963269771803
a48ff3331f89fc6d,0.5388304939043451
e07a96472008d97e,0.9590536105032823
42af4fb223127bc3,0.30368669896842765
4aa484762f1d25ae,0.7250097686777117
c414fb964c9cbb8f,0.6666770865895593
397cb89e6ab8a959,0.7110014848390123
2e9d9d9e0a6af0ff,0.7191876367614879
fc32ff9c59a22f95,0.06834362300718974
5783d334ad7f831b,0.8930466552047516
dbaa31f9fbbb6219,0.06143326039387309
93eb228beb06de30,0.18941270709596753
482d6bc5204e5ae1,0.3778934823382307
7128efa4863f0362,0.5476691934979682
ba5809f410734a94,0.43274656142544543
a571eb5010a2e299,0.26406103469834324
ad6cdd09fea09683,0.7159717880587685
fa9d2cf12e72efce,0.7102883713660518
a8ae0f9ef30ce81a,0.9694259924976554
3b234a17219db0b1,0.06464520162550796
25b24a0734045bd8,0.9077328852766489
771f41a483c9f8a5,0.48668724601437946
22a6c4ec274869d7,0.6997440606439512
e48895820558223a,0.10191075336042513
02c11767f29d0426,0.09661808377618006
d686fd200c65923c,0.9559178649577995
adfe117f01ca698a,0.036904110659581116
69f3b49837e76dc6,0.5307439824945296
2e72632e2ea73631,0.2111284776492654
3207b91e24e27568,0.2970987027195999
95f22517cd16a7c2,0.2523308065020319
543936caa0e83a72,0.2784874179431072
58c5c659df736b0b,0.04695412628946546
997b65e2ca34d529,0.2531787277274148
75bd9c566434eae8,0.23719912472647708
14088d0f66d091e7,0.9456802907158486
4014d97b63499622,0.4251504376367614
f9d10471eb47111f,0.7678043919974993
545fffb7628e26bd,0.12981009690528292
9c45d75bebd4d820,0.025386839637386686
f710caef77284ef1,0.7137015473585495
e4bc3c14c4f4b1a8,0.5091512972804001
392b17be6354d3a9,0.4752559393560488
9cc8d07ee090f377,0.7683924663957487
b2fbccdb690a2b84,0.6817325726789621
291257ccaccf9d11,0.6837957174116911
c9022a6ee3a5d7d8,0.19334948421381684
19a688707e160732,0.1567716473898093
84bef4f5323ebd93,0.8859370115661145
a3e5e1903e0e9682,0.4760940919037199
3b0297530613b732,0.16365661144107532
ca0fa3062d6f947a,0.6749863238512035
aba2a7eb167c6548,0.7114078618318225
7dace0a49f811059,0.6529872616442638
522ed32d9fdf2d72,0.4423140043763676
8771c418cc219aa1,0.6056384807752423
1b8f8b528f041137,0.012937636761487965
a9112add272578cc,0.28737886839637383
e722b584b816d2f4,0.7178903563613629
324dcb8fa3962b96,0.5429274773366677
ee84f939a7ab4e14,0.8160694748358863
f7a5683abeeb512e,0.2394439668646452
788dec8bb41081b9,0.07851867771178495
20880910f50c0159,0.5506505939356049
a55d2babd6ac6e05,0.042155751797436705
7c5af2b41b2f1889,0.5646588777743045
af9599e0e687edff,0.2698265082838387
96de608fb997caee,0.03443654266958425
ef99f60d68f58a7e,0.9567579712410128
59d2159096523cdb,0.8971104251328541
606abd74dcfa442e,0.7832936073773054
20fdb4917e7e9401,0.16652078774617068
a3a5ff27339bb075,0.6500703344795248
b5ecb5c63b48ec75,0.8349191153485465
0a039166594e063a,0.1035343075961238
62bfe04683f51a3c,0.49660050015629875
b430c4d5161b59db,0.8879942950922164
a385f4145be5f5d0,0.04715340731478587
904e0bfdad64bd43,0.9321330884651452
0f4074528657c491,0.8133303376055018
39e4468b2f4b7935,0.4432185839324789
9125b00413b353d6,0.06021803688652704
fafd8063bc5f5cec,0.49748554235698655
6b06401ff364064a,0.06185722100656455
e5c9addac3faca6d,0.25745350109409193
d12807d748517f6e,0.3563555017192873
828de307532bb29a,0.9452426539543608
2799da617b3128ab,0.16064395123476088
7b6d6ea6d9feff86,0.01723976242575805
0627c402fd75fb9d,0.9135999531103469
a1bb99f3b749279f,0.31780634573304156
ceac2c53c27234d5,0.05278016567677399
9b3de1b793447910,0.1979661613004064
76a426cfc81a4d2d,0.5469658487027196
abac3cc21ba1b309,0.16738433885589246
4e8b9323fa254334,0.6662003751172241
1a4205578a28486e,0.8076117536730228
fa7dfc3f7d4a1344,0.6485444670209441
340b1651b36c8645,0.376406689590497
73cf2e26157ed703,0.8266411378555799
87add43c2ce1b06e,0.5780693185370428
01717bfb5b3542c8,0.7847999374804627
70ca05c9213444aa,0.6286280869021569
0684a9a80bfd34b3,0.2105931541106596
8c2ae373e2809c29,0.28839481087839947
331341a7f1c33272,0.6243083776180056
97078c12c161c701,0.5359682713347922
4ddffb1d8861cc54,0.14513324476398876
2dbc5e3027b4817b,0.6212253829321663
8fcb717c71bb3cfc,0.44900359487339797
58ed220fa88a029b,0.031169896842763365
fcad4ebd837b0031,0.3062011566114411
0792e52fe2c9b711,0.7691094873397937
576de6970c4ba90c,0.6190665051578618
930888a00b16e315,0.83637269459206
bb00b59f720aadc8,0.6842880587683651
05aad23e028bea27,0.49798569865583
0ccaef7346d2eebe,0.43723819943732417
bc31c0a97c89dac1,0.7907959518599561
239478b0c695aad2,0.42557635198499527
6d59238e91d3c6d6,0.5438047045951859
02b6f6002980042e,0.8028368240075023
0164fc5fb575ee2b,0.4725168021256642
d8ba5ce01fe8a09d,0.6717431228508909
173b378df818b167,0.09997460143794935
7f5edae9b09a208c,0.590876055017193
0b5662c2a594c20c,0.701494607689903
55ba1dbed1a641ea,0.680095342294467
c944ecb134192652,0.8991950609565489
3984b7d478aec2b1,0.9013930134417005
f6ff304e4f459ab4,0.8888969209127854
a49951ac9b42ceab,0.5679431072210065
4b48ddb6a65e584b,0.9617126445764301
624009526008e265,0.4035753360425134
9ca1f3fd0ed031b3,0.6404950765864332
dd7e10345355a17c,0.4055036730228196
a324ae18d57bb12f,0.5942911847452329
f3aede6892999fdd,0.3818048608940294
798f779dbd13fb6c,0.8924234135667396
21481b4c28f91b47,0.1420189903094717
8529066c088169cd,0.0276844326351985
7e93ed2093de4112,0.2611421537980619
51687c7ba8a553be,0.6278485464207564
4ad8b585409698e6,0.10250664270084402
eca2dbbd4829118c,0.6599542825883089
7a9bea3f50549e57,0.5488492497655517
e53cb4d81fe012e8,0.5730071897467959
25e3af07b73ccb43,0.35757463269771805
939b59f220b94ec8,0.3607279618630822
9618c75bab14bdc4,0.8868415911222257
2ac483615d4696d4,0.9305017192872771
b357b45b22852d5f,0.20357728977805567
eed158b983054ab2,0.12850109409190372
25b699ec3d33020b,0.8835182869646765
fabe692869cbf6a8,0.06762074085651766
e30cdc55701f891d,0.5864098155673647
4e247c59738e0754,0.6355872929040325
eb6c93bf83ef9f01,0.812429665520475
4b2a51b89182eb2f,0.7060448577680525
920800c7a752c35e,0.026443810565801813
00e3f3638706ad20,0.5306521569240388
3b68344f608e8cf6,0.18626719287277274
bd0092d0e87dd02b,0.4189297436698968
d3020752ddea13e5,0.5626074554548296
679a41beeaebf503,0.7946604407627383
7fcec9e71dcf18cc,0.3210358705845577
735724a234bf2816,0.6861304313848078
31cdf3e24ce53af5,0.4979759299781181
58b83792be0f6321,0.8469033291653641
2a84a58cf96025f5,0.05346788058768365
9fcedeea63586bf0,0.7922788371366052
d9de7aba8c682fda,0.15697092841512972
08572215a3892815,0.3653251015942482
b488884763d551a2,0.7529188809002814
c30e80405d6e58b2,0.18097843075961237
0c86a250e70f6eb2,0.475279384182557
a11c15fcf4597f82,0.7621053454204438
2caedcb4ee1a4103,0.8936640356361363
f91d05eaa3df539e,0.4310819787433573
8bba0a98ae140af5,0.8075101594248204
a987e81632676043,0.6680564238824632
f50807d17b5c038f,0.7884260706470771
ee12454070596716,0.6401727102219443
b6e0190c3e5766ef,0.9432693810565803
a57b30735e272a29,0.06572952485151609
ca66fe2ee058013e,0.6910851047202251
1969a8349757d32d,0.5478919193497969
a5bad4f4702eb96b,0.2762953266645827
2f4ee5ef7a9e32ab,0.9562109252891529
abb1f9350d96ed70,0.32803415129728036
8a663152856f606b,0.10663097843075961
5965e2be33eecfc3,0.07908526101906846
75414a1e69d6f205,0.63097647702407
0d6362f82430762d,0.6482494529540481
cded8976cdbec569,0.558258440137543
2f21d9cb88d7004a,0.6685292278837137
bd0809d01c93396d,0.9203032197561739
d368fd4152e904a0,0.824917943107221
7a088b0bef4cb74c,0.35131681775554857
dad9460a25f9913b,0.9161749765551737
50f138449e3fe2e8,0.4587507814942169
53eecae41b9614fd,0.8864215379806191
c88755b5796bc0c9,0.834440450140669
1b2bf22690f55b23,0.3184647546108159
4c0b6078692f7c89,0.5585397780556424
d310596293c8f04c,0.48415911222256947
3a724ceda4c76f9c,0.04502578930915911
57c2219b4f1a0a5a,0.7123202563301033
6069a9ccdba45516,0.5867907939981245
504a8185dad726d7,0.700136761487965
c950477e87d58094,0.1625468896530166
9f1e86207b2be555,0.9061327758674586
69051b19215e3e0a,0.5206920131291028
7f70b72d97083c7b,0.7383186151922476
61279ec74a6d3645,0.12067052203813691
4a35368f7daabf53,0.43890082838387
8730f5f1237b818b,0.032793451078462016
f9492b545b552f5b,0.708881681775555
a5e99c4117b486a0,0.5149988277586746
c10ccbadcdafc1cc,0.10059588934041888
e0d15a865fdfb988,0.2422632072522663
eb916f460ee1b545,0.3780126602063144
1b7bb61fe350c5ec,0.27010003125976867
03e5516590f20096,0.38151961550484526
18e0a9eb3145a82b,0.07266137855579868
39cab30b8f09a081,0.9788840262582057
dd47b13d3aa2de79,0.22520709596748983
6a431bf1b07deab0,0.7882834479524851
2b0db9b43f8d905b,0.5483979368552673
363b638b117d0e37,0.02944084088777743
87518c28a26f4d41,0.001
3e73b6c86098ef20,0.6990289934354487
f7580d024f627389,0.21438144732728975
626946bf85055423,0.17748319787433575
1d4ec81574db910c,0.43874843701156613
eb3384eb6ec0ee10,0.18362378868396373
ba1a0a18164d2ed4,0.22506447327289777
8736a356e18687f9,0.1371600500156299
f66ad6f9a0d13057,0.44656142544545163
6781beeb2a94c80b,0.5274675679899968
45ec50d9e9b762dc,0.08859604563926228
f993d49be31858db,0.5505900281337919
68630d40b3d8c8a7,0.414651062832135
790d0e863cbc896c,0.17602961863082212
6b9f40e1b5440454,0.2203305720537668
5bd12aaf1d87cfb6,0.5413508127539857
9593f8af8e49622c,0.27924351359799937
7787873ef39eb65f,0.7292923569865584
3b43be2428bd133c,0.3267603157236636
51614174133f7405,0.78463191622382
90ef1be7933c7d32,0.2599425601750547
b9b0bc5968838ca2,0.30795561112847764
34854ac0b59be9cb,0.6127989215379805
552972fc397a3d7b,0.5759807752422633
538cce811be930f6,0.939256408252579
3684947575a87995,0.9116970146920913
3458934dca749c27,0.5765942482025634
777593519303d6bc,0.7073011097217881
c998d0d7e544f18a,0.547192482025633
a23ad55fcdc44126,0.7337019381056581
628f59b52e0f1abb,0.9389399030947172
f55fd4a896009b37,0.21962918099406062
891966bf8125b263,0.17688730853391682
31a036f4acb27daa,0.6858510472022508
b329a2756c4e7e5c,0.10524773366677087
4abec7b3aa11b00d,0.30572444513910596
506d7e6eca5fce8a,0.22283526101906845
93767eb66242b1fc,0.9496405126602062
f07f619af08f71e3,0.9815274304470147
067779ad870efb29,0.45134417005314165
5772509431f3d5d1,0.7099855423569865
562161d24bca87e5,0.03474914035636136
f3e2eded68a25564,0.284993357299156
4e9f50f16ba04465,0.27005118787120974
a4208a55db792b95,0.34823773054079404
9540d1c34ce10213,0.2660616598937168
3b047ea1a379c251,0.39586198812128787
90c24520deb11d2d,0.35983119724914037
174bf54853f8e212,0.3619041106595811
e32af9607e1574ac,0.19091903719912473
177d7eaf2ebe4bb3,0.006896686464520162
1d3872dea5918cf8,0.7882092060018755
b6641f418df5107a,0.5812011566114411
7b0a91f0c2754446,0.8961491872460143
3074d01b6d512da1,0.5068068146295718
a1ded8ab2ac8cbc3,0.2660968271334792
99d24231acc81bda,0.8694689746795874
ff0efc6b635f0dfe,0.4718154110659581
4b26bc2a5271e828,0.3837331978743357
323cc294321346a4,0.5559647546108158
1c5da1e20342a0bf,0.4619177868083776
4f414677966cf8e5,0.3496737261644264
a08962f7cf8ef6ea,0.9625058612066273
e6778d3ce59810c5,0.19128438574554546
944d32b8f9e9db1a,0.9632619568615193
e5c8bee2002b6ca3,0.8919291184745233
fcc9190b336ccdc9,0.18109760862769617
d8c0de2ec20dd583,0.5154364645201626
fb55a45c51379250,0.09751289465457957
d6e81f789123be62,0.38300836198812127
2653ffee6d9f5abd,0.8894752266333228
daf885e44112d6f2,0.7026688027508596
a75fbb195a5c31b4,0.9920678336980306
d6946d6a1e5de8e0,0.4467587527352298
262eea09fa9fdd15,0.07127422632072522
0661f0f9daa76a96,0.6230990153172866
3796742963319893,0.9299214598311973
b7d31b3502739b04,0.6774538918412003
ca3ab2b2441679fe,0.534123944982807
6ff3c95261a2e60c,0.06993005626758361
296198ef516bccfc,0.05625781494216943
fd7387d23f2c2e12,0.5539602219443576
705f7c9f6f9a1ddb,0.17205376680212564
664080d9a44e09d5,0.08131447327289779
d7bfb116b3f0171e,0.5707291341044076
df7650f2e15b685c,0.5411359018443264
13d553333a49e1fc,0.13795717411691152
d60997f0da2b3161,0.15328618318224446
e3dc5b0748d9d1be,0.9907900906533291
126cc7a3354c3a59,0.08687089715536106
68c831e307f80c40,0.024329868708971553
4c10437c6f1f749e,0.9899089559237262
4de56fff18170df4,0.2348155673648015
93ee64e43ea9b0ac,0.6105697092841513
622e27b7a834d371,0.8289445920600187
8283fa9a80b68052,0.2239879649890591
3cbb48910802e9b0,0.8411691153485464
898c4451fed60e39,0.540045717411691
560b7b7af9fe8dd1,0.5590125820568927
bcc595e893e2a797,0.30314356048765245
cb2fa098224a9f0b,0.6064903094717098
9e2a88f835bbb5df,0.7361167552360113
07e1bd9a166bc257,0.7647428884026259
10fdd890be2462d8,0.03572600812753986
34a7adccbdf4dbe6,0.8415969834323225
5dca94f6e13922ed,0.2910675211003438
be032af3265ed2f8,0.9760472022507034
afebc493854ff065,0.09869490465770553
755bf2132b96ea88,0.06269928102532041
11b6872eb913fe4d,0.10775633010315724
5a73131a74b5e6f1,0.2690215692403876
a1445f34ce4c970c,0.6925758049390434
c84303c64f096b4d,0.5083854329477961
ee5a57da13fbcab4,0.7657490622069396
9e237fe51b937f8b,0.3892095185995624
04c0ce452fa54511,0.5594951547358549
e4cc4cfb493c102c,0.7480853391684902
13ec6848e5d8c7ec,0.27239371678649577
8b117511fb3c0bb5,0.8195881525476711
45109a7dafad71a4,0.9295072678962175
be5d51769b283a70,0.7705025007814943
4b049c030fc355f2,0.5655771334792123
e1b125afa19663b9,0.5437949359174742
7f5ee99bec52fb31,0.9536573929352925
0ea477a7bb524c43,0.511345342294467
b2ef814029a4593b,0.6917571897467958
54642bb90de7c651,0.24438301031572363
5562db51544efda6,0.49358002500781484
8c3fc61ec6b0570c,0.7012738355736168
19990ada3d732a59,0.8134729603000939
d4a097538c2270df,0.5785440762738355
a8e6780d12272bb2,0.7853958268208815
0de7c0afdf2ac64d,0.5599679587371054
ec3a682eb391eb7a,0.4481087839949984
de499b3d3aa77620,0.40568732416380116
bb95d7738f26c137,0.3658936386370741
76de6c48fb303a99,0.8023796498905909
f54db052a2c1bf61,0.8928161144107534
d2b45f024d0f9012,0.848435057830572
26693e446f60e43c,0.46567482025633006
00fedb2a014dd220,0.3721592685214129
8b353042d65300c8,0.8676441856830259
90c55b1f3ca98c5b,0.09293138480775243
b874c35d79d74f6c,0.577649265395436
d482eb847a0a40c6,0.3404266958424508
fc4d3a97478802f1,0.38935604876523916
0a7a2b85838db506,0.10914348233823071
c697f27fe38b040c,0.24278485464207566
a4d2009627d556d9,0.6625742419506095
1c403f2124470ed4,0.05875078149421695
33627e42df750fa3,0.05055290715848703
ba9bd925e360f225,0.42548648015004686
ea28b791d0295ad0,0.49261292591434824
d149d439304c8705,0.11430720537668021
536b709bf5515eeb,0.2536202719599875
88c0a8061e7a3795,0.7396002657080337
8764acb490f19b62,0.20773679274773366
417f76acebadcb48,0.8521139418568302
475869c5be3c507b,0.4652117849327915
3ef8009767c7fa25,0.8995076586433259
b554efed5fb706fa,0.8592900125039075
84da50183b024285,0.26942599249765553
a4b1d18f46aa981c,0.04736245701781806
9b47e555a004cdae,0.33785948733979365
ef262814960ff13f,0.6608549546733353
5c0868ac8eafc7f9,0.33953774617067833
db15a0f6f796aefc,0.05846944357611753
9e813d48e7fed678,0.6967040481400437
7e45e93f027eadd9,0.8820842450765863
bba24189518e4411,0.818503829321663
80cba429bade3fd1,0.06380509534229448
ea2c64045d0a1c12,0.69344326351985
6eea65bf31a2bde4,0.13104290403251015
986a532aee033e7a,0.2962058455767427
d254bc6437766f3e,0.3192560175054705
3c2c4044a5a205b7,0.39711237886839645
d1698b7f7ce2ac63,0.8035597061581744
5615043a1f36b137,0.05587292904032509
fcb9321c88377fa5,0.014381447327289777
885250c55edfcb6f,0.48496014379493585
f48232723a1bd05d,0.9652293685526727
27b4eb77530a112c,0.17985698655829943
98a1669bde0eac7b,0.9467665676773992
c85cfc3341c8708c,0.07655908096280087
8043ae38af9b3ce5,0.7785655673648015
babccd7388fd8c21,0.43959049703032194
28aeae730b623cab,0.2469521725539231
4bf1da87dd838f3f,0.06892974366989685
8da93da167404e45,0.7598116598937168
4a0a3077b5581645,0.5673042356986558
bfa2d19017923568,0.4242263207252266
5f6e00c966c5f59f,0.8569865582994686
52c9dbfce9f1b95b,0.17166301969365427
cdfc3b9f626b0845,0.532322600812754
5e6ad4f66342dce9,0.6679216161300406
42b0a534c0da50ab,0.29399226320725225
e454a16a94a43530,0.4313125195373554
1b6c9c3629bff42e,0.8939785870584558
3d4ea2f562e04d67,0.09324788996561426
e5e88946dd245e5b,0.5191309784307595
7c08fe11ea59472e,0.6151785714285714
48716b8ef3837856,0.2670776023757424
22cb220fb3d03ef0,0.856754063769928
ad38c3a4c4f92dd2,0.22848937167864958
439506f46710d418,0.5911437167864958
e6d46d90ae71b635,0.4842040481400437
cc306ba2474886f5,0.15031455142231948
c3dbfacba8b29888,0.14801305095342293
3349746bf536b40c,0.31665950296967804
254dff7f2f5e27da,0.08906494216942792
5f715d9d99d8aef8,0.6983881681775554
28877bba74273a2c,0.06621209753047828
0837f11e1dc53f72,0.9281845889340419
700d9c6e6406ca13,0.8017310096905282
6e0d475eeeff64fb,0.5083053297905595
36ba7c400d24c8ad,0.03219170053141607
8c371f8737f1a2dc,0.9955611128477648
163b4afe1f475ea0,0.9377696155048452
2e2c632a9af9b807,0.9272174898405752
a891091666dc0643,0.7307908721475461
a990b188a8200e9e,0.09388285401688028
e0da7835cc3694da,0.515170756486402
6965bd28dc460b44,0.1712703188496405
84b4fd2717d4bf2c,0.27352688340106285
0544118474e570be,0.43982494529540483
2437b2d4a2e8ae82,0.9894556892778994
647299fb2ba00e43,0.05106087839949984
7372537f1eba1dab,0.9101398874648328
8854c27e996efd14,0.517841512972804
380235b034a986da,0.9393130665833074
a2d407f16ff373fe,0.8527449984370116
0ed19a3a868aaa3c,0.4159327133479212
c173b6242dff9b1c,0.3974015317286652
2043889f64f744b8,0.6013715223507345
19989bc6ef928517,0.6238043138480776
d0665c65b0cf8d5d,0.9022585182869647
2b072792e895a81c,0.1328168959049703
c531857150c9674b,0.4946721631759925
bb56bbe97134a4d1,0.1811269146608315
3e062b6117c4918a,0.41357260081275393
a58a4c24d35bd7fa,0.7793490153172866
4ea7721e8c059b2e,0.2437597686777118
32a75809119cf7bc,0.6123378399499844
e4794a0287930fdc,0.42969091903719914
028903129d296567,0.5852238980931541
910a3bc19a45f893,0.8216688809002815
afb4e9017f94d52b,0.12024070021881837
8c75ef81ac907000,0.625984682713348
de995213b69871cd,0.18742185057830574
593b54413b1695ee,0.632705532979056
d68b798f72ec2a7b,0.16533682400750235
2abd97afe8848116,0.04763011878712097
b80ebde982296428,0.6068380743982495
dbe8ab13dd1f44f4,0.13167786808377618
db6b5f2104046f55,0.6246248827758675
1f67c146861efa15,0.05419076273835574
38f490199f1306b5,0.4428864488902782
dce69a47bd1feb56,0.3384788215067208
12cd790efb4486a6,0.8242556267583618
d5806dd0784560a5,0.02508791809940606
207f45be2fb83671,0.8210221944357611
848e2c11fd115b35,0.6627754767114723
0f9d093c9db25458,0.7293021256642701
13e9da15ed290868,0.3307830572053767
8c584f6c1538beaa,0.004690919037199126
5fcd3e5896568513,0.9056443419818694
aa1f013ff05a59f3,0.3510296186308221
eb2bbf6f740d132f,0.16471944357611756
51fcfaba58d7f511,0.8762992341356675
abfff37a1f178105,0.8448186933416693
918258103a71c3ab,0.22074476398874648
99beaa8c134356ed,0.6480247733666771
f3d97c979517c08d,0.7310253204126289
577a00d787373595,0.854171225382932
d71bd663eab2681d,0.7433768365114098
3b59c956b239b3db,0.23918021256642702
9115eeed93f30a1c,0.15575179743669898
3d992bc625e7dad1,0.08358666770865895
4db07f6033192f9b,0.1271354329477962
a58a45e9afd5b405,0.7009807752422632
519774a276bdada6,0.8020533760550171
50bc50ed77a01d75,0.54491051891216
d608451c67dc5cfb,0.45069357611753674
2856ffa4f0a1ce80,0.45404227883713666
2bdff8f74778c4ea,0.19811464520162547
068acd67c99550cd,0.6404462331978744
6123220972766a4a,0.5227805564238824
c4d534fff3fc5628,0.591276570803376
9fc3fdf14ea045ac,0.4511585651766177
3f86edfd0be75ecf,0.5064707721162863
c36573a6175092a9,0.7157471084713973
7c4df8c2f29666ee,0.04174351359799938
3c791b72118b74a6,0.5068986402000626
747b04b604c95fc1,0.13630822131916223
e780dca0db5520a5,0.13318810565801814
af83daec6d450e57,0.4791419193497968
5d4ff9f52e2e4f34,0.6920561112847766
b2b8e551d87be54f,0.9989059080962799
203b6e0e0fcaa971,0.4955298530790873
eb36b4336605a7d6,0.5159815567364802
14713adcc060333a,0.5602238980931541
251c0c9a3789eff9,0.8430349327914973
0d0e059449af50d6,0.2794740543919975
63b1850f6f5df5d3,0.3440430603313535
90ace0c383247390,0.12219638949671771
1ba1d1cb2d6d1bb9,0.24298999687402315
dcb2cbe56ba92129,0.09011995936230072
88b8fdeb6d82597c,0.09437910284463893
0ccfe20a4b77ea6e,0.15029110659581119
3482a5b15357f00e,0.10509338855892467
6d71348fed8b9c4f,0.29801891216005
f8723e3306bf7c43,0.9621698186933416
7ef77b74f9baecb6,0.264590497030322
bc80f01834269376,0.23681814629571743
18da383af4fa3cb8,0.8523816036261331
b474ff492fb9a94d,0.12832916536417632
d157b8492ffba0dc,0.09567052203813692
cbd2d4eb5123804b,0.8772956392622695
0f9515404031e965,0.19696780243826195
4f1dcb8a1669a31c,0.8015590809628008
28c27ce346a7a7b7,0.8261351203501094
58928eff8cb29089,0.5412902469521725
8069cea0e02052d2,0.09583658955923727
3b583c05db5ea4a6,0.12147936855267272
36384df41240d0c1,0.4591141763050954
15e9a245d6d06a3e,0.8095185995623632
d2dba561c29b817d,0.505456783369803
2a507f7014709986,0.8133518286964677
a27e43abacf3b1f2,0.912281181619256
686019b683e849d6,0.8745193810565801
9a3663eadae7822e,0.6998515160987808
f4857bb0e0b52a47,0.47229016880275076
29f988f929e638a6,0.30487847764926546
cc08f5318b40d7b5,0.14115739293529228
3aa8c59d9c5dc7ac,0.5702407002188183
eeeb124ea0b0d51f,0.5067169427946233
c422bdf822a0dc56,0.8089520162550798
98269904767a2636,0.17975539231009693
e6cbd02151c72662,0.8955923726164426
5e7bd880681d9f61,0.7383752735229759
fbe456da262eaa3b,0.5433358080650204
dfe3e7968ec080ba,0.4165618161925602
0e9ef351ddbc9ab1,0.25842841512972803
2902b3339eeca5e3,0.5723605032822757
a7137a063b883e92,0.8742185057830573
b733ad3dd8899d06,0.33365309471709914
44fe9234ab115e2f,0.918154110659581
000b03fc8664c7d1,0.09140551734917163
9020a01496eaf633,0.7293255704907784
53b7a21b0f4cc200,0.10168998124413879
20cc306cbb1c6bcc,0.9359702250703343
debcfcb981ae0125,0.152971631759925
802bd1039c3e6a1b,0.11910167239762426
5f5c21e0b6a4d4a7,0.17504688965301657
4e1d92bfbc009b58,0.7531591903719913
644c03f056f3bf9e,0.8634006720850266
3b4855d86d450661,0.2384690528290091
dbe1c9a9d3e563ac,0.2174175523601125
2fb49e6e63bbe8f6,0.8017525007814943
2347ddad2e1b095f,0.485655673648015
e315a627d1ca8573,0.8227434354485778
0558a476ace81c15,0.4725050797124102
4426fc96456aa43d,0.8068615192247577
ee5092888f963b26,0.32610972178805875
57886ec9ac1bcba7,0.9330454829634262
69e1947ef1a19192,0.7170326664582682
af29d6fac97c87a3,0.2561581744295092
6952926383750b48,0.2755236011253517
b6e14b919c7ad1f2,0.18462019381056577
8d09ba7da0267580,0.738168177555486
40e7e13ba421c25f,0.08933651140981558
c3d8677083122b80,0.8508518286964677
e41366313db49145,0.14522507033447954
ed95e31015c5959c,0.7130861206627072
64f0bef89a702494,0.13641176930290716
81918dc774b899ca,0.14478352610190687
dc9dc895fc8368b6,0.4858139262269459
ea0dcc9add9ba8c9,0.6107826664582683
c45a009981cf2faf,0.7943400281337917
ee4eee5c2cad18b3,0.199282979055955
4b8886ccb99d4b95,0.3477610190684589
a11b7637d21059b0,0.2439004376367615
ae6bfde3685ef5dd,0.10761761487964991
095f96ba3b90f727,0.5063359643638636
c800465fabd83658,0.0588484682713348
c75993f60039bc22,0.6359096592685215
15b2e13c51d54758,0.40526922475773675
cef343af7e936391,0.6106439512347609
bb9e37137f42fad4,0.5039406845889342
b6f54b152f0f2c28,0.5632971241012816
54548a1370ae962d,0.5398503438574556
774675091e96f38e,0.0711257424195061
64db0198c907fdc5,0.1296928727727415
ee3a2eba79a61cd2,0.24164973429196623
d87ea92ca2504e8e,0.9402938418255706
493f68967d2931dd,0.3719638949671772
33c5bd3953cad989,0.34610815879962487
31719675e9834500,0.37885667396061273
283d0d3d8afdcd48,0.7721436386370741
0954b46131527b56,0.035600969052829015
c7f99cdcd74ddfb2,0.8669056736480151
89e81b0750c67025,0.7351242575804938
ef2e114a293d6051,0.20578696467646138
3eaa82eb74b0d2b9,0.9608647233510471
f115b5827c53fdae,0.9124003594873399
5b981d50572234ec,0.4331255861206627
bc2a7ac2fb6ad312,0.7786085495467334
cabb5fa14742de79,0.8799488121287903
9dcd899d3120d04e,0.09516059706158175
5bf75dc153469005,0.6027117849327914
a99c57a3cfd238a9,0.9123593310409503
7d3c73f6e6251236,0.7415676773991873
79c824cab095ef0e,0.517124492028759
50457f03b19ce000,0.7484917161613004
72ea29c850f97747,0.5220400906533291
949aabf35ccb0c4c,0.6699554548296343
bd3b7b9b5cc3a346,0.42943693341669276
581ae7bcf533000a,0.14620584557674274
f944b728b8eb9aac,0.40181697405439204
6add937f4476df2c,0.6045502500781494
478be273b158fbf1,0.13382697718036884
43c1856ef31d1073,0.9024030947170991
8f97466fd3810c1f,0.2639692091278525
3ae22b8a964781ec,0.5783037668021257
82ba55bfceb0ffbd,0.48801578618318225
5966bfc14b304d05,0.5583698030634572
eedd90867e3cd9d4,0.01299234135667396
99db9ab5fdf84102,0.17240934667083463
6c6761878fa11c78,0.6592216317599249
731bd2e8496a9b0e,0.08610503282275712
9f1fd83e49b82f88,0.9473898093154112
51a2cc12286941ac,0.9840985464207563
7b60067efe8e7c4a,0.7740329009065333
7ba8d7a5a2f30106,0.9569298999687402
677aebcf5c57a29d,0.4760550171928727
c2e6810f10057ffc,0.4912726633322913
f770bf49e8b32f7d,0.6631974835886214
d999d97cecc80f08,0.7747421069084091
225695249568ef3d,0.9274617067833699
64c347ce204607a2,0.7317736011253517
8b972fc1665f8aff,0.3015493122850891
fd3a180f558ad235,0.6028641763050953
f24ea2f162b99780,0.7993220537668021
71edcfb193fa3be3,0.868914113785558
4507c7c846e862ed,0.4547632072522664
ac51d145f495fdf8,0.5534893716786496
3ab5c54552e9add3,0.6765473585495467
0e545a1fa4aecf83,0.12259885901844328
19eb7f93e53f33d0,0.32707291341044076
f4653f53352a740c,0.5732299155986246
c716d718820e66c0,0.31202914973429197
a8a2778b42759e84,0.6951605970615818
d632ca08f997e38d,0.06921303532353859
47c56ea6034205ca,0.14873788683963737
f436395245784b88,0.9511507502344483
ddb7078278325022,0.21583111909971867
1c24525f31c1953f,0.823347139731166
7c7e6ee56d6ea5c1,0.7797592997811816
0e67b9cedd55f492,0.30346201938105666
a585afa6cc802221,0.3437460925289153
132bdb2d81abf434,0.5567814160675212
cdafcf3dcd774b36,0.6535870584557675
5694f780d2c8e463,0.06660870584557674
317ba4057a04aa16,0.8628770709596749
a92ae25f2defd1f4,0.5526531728665208
ff0073be9d8669a3,0.9219443576117538
2c4d6fd16e7da4d0,0.5225128946545796
e8b93ecfcfcf69bf,0.4572190528290091
aecdf632644c9922,0.8027899343544858
0f4ac8759cecccb4,0.09807557049077838
ae0ed79b3f56091e,0.6019517818068146
492dcb545fd160e3,0.45129728040012507
b6feaae9a6963540,0.36251953735542364
10bc80bca38b6418,0.2573479993748046
d8bf52f15b58b474,0.1965614254454517
d590d13d8a0daf0a,0.5886253516723976
bafce96906ba0c73,0.30850265708033764
15a89b9d9a174795,0.3506564551422319
3c895a00e202bc6e,0.7876680212566427
62100baf87d531c1,0.5448987964989059
8ea52f2642c87cd9,0.4781924038762113
78bf3db367f46ea8,0.9301793529227883
7303626be6419b04,0.841440684588934
86f2e3f9f88bf00e,0.9476027664895279
39921131b7d48cf3,0.7640434510784619
7c06255c489ce455,0.8710475929978119
2a0f68fcd60099b6,0.7989996874023131
968f899504b28211,0.7067110815879962
98dd9df8fdcb29f4,0.6539113785557987
ed55728c47c8b666,0.15065450140668957
0e54abd540000681,0.8828813691778681
2687ae2ad26c6497,0.8654814004376368
afe3e3f4edc8f7b7,0.4998046264457644
3d8ff2a3976b69b9,0.471174585808065
13e6deb5f77cd1f5,0.5121795873710535
8c8711be796262dc,0.3139125507971241
8eb1ab06839664b5,0.2836628633948109
dbd58b32bf776c26,0.14564707721162862
4be0c2fba004271c,0.7066270709596749
a0f6b49ec1b86bc1,0.8816036261331666
3b33e5fb16341fe1,0.7982103782432011
d39f326ae61cb937,0.0695725226633323
00e28c2a11d38c61,0.7386058143169741
a55c74a9759fd56a,0.07504298218193185
8bfd04b0788122e2,0.9962879024695217
895776a9cf9c8d43,0.474173569865583
7ff187535e206416,0.9890473585495467
b2d991e4147a68e0,0.2825160206314473
b62ae246269c58c4,0.8829829634260706
b8af731f19b5c84d,0.022385901844326348
19f5143484b38101,0.7307049077836824
982f6a3f1bccc6d4,0.13151375429821818
2cdfb20347feec4e,0.9130353235386058
5b2d62e736467c16,0.2756447327289778
f85bf07959deae92,0.15114684276336354
8e923fa1dedcd01b,0.48065215692403873
93b3dea6a99fe31a,0.3777840731478587
8bc3af23b3d5ba85,0.3152840731478587
91db39152bd6ad50,0.9863883244763989
d911a9c74b505826,0.85655673648015
0e53e628826772d6,0.19772780556423883
14d7b607e5e3f0cc,0.37422632072522666
f3e8e3469f0aab7b,0.0906337918099406
b9c36eb092bb275d,0.5115485307908721
9cff3e265921dfed,0.8439688183807439
585bc81acbe5b1ec,0.12507424195060957
15f8e68c7ac23dec,0.4899753829321663
a37b05bbb09f8496,0.8916595029696779
4f31f80a263d61dd,0.27665090653329166
6a3987a9bab31c44,0.10130118787120976
9f59a5ca5ae6d119,0.4302360112535167
afc6cb824b3596c7,0.05870389184120038
64dcbe6f4ac8de61,0.860382150672085
1fcaa5c3533f63ca,0.15249687402313222
a266793e0c2619d2,0.751609878086902
598af3378495839d,0.38461042513285404
b40ecfcda1506387,0.1753536261331666
22537a4c1f1cb22f,0.33735346983432324
8c5b78cda30c225e,0.6738472960300094
3239189122d043fe,0.4200883088465146
4b34859a41dd8627,0.3292650046889653
7577c8941b2e888b,0.059809706158174436
8ef15229dd291883,0.0664016098780869
3332780ef14cd99b,0.7520025789309159
f93d1a6ecd62d897,0.7216122225695529
9505f55ac00dbadb,0.7886546577055329
7c1831bf48bd728b,0.08449710847139731
17cf81ec2dede54e,0.7615817442950923
e84c6f3155ec9762,0.9499960925289153
e894ec9e0ac2e7a5,0.855867067833698
c307472500eaf782,0.8384553766802126
96de47679c4cb6b6,0.2378145514223195
e0dd44e7040c3168,0.5306013597999375
bd9e6bd2fcf5a54e,0.7114801500468897
0382e0d155285962,0.44525828383869964
509eccae9abde09a,0.8815899499843702
f2147e0be04acf5c,0.5508850422006877
f3a6b01cc0938196,0.8762562519537355
c1956069b7309004,0.2728528446389497
2292dd5e617286e5,0.47950140668959046
3644d81639ce9f29,0.785589246639575
4a5bf3e5c85dbfe9,0.16914074710847138
095a4f241c64795f,0.9087156142544546
aa45545b6df75be3,0.8201977180368865
ffda21a7e2973492,0.6550640825257894
662adc1ed3e8fd43,0.4732826664582682
218ae6cc5968ab6e,0.9523835573616755
316379f30810e1c6,0.5834186464520161
eef8a37b8fe20ec4,0.9504571741169117
d9a0aead3407db9e,0.6926520006251954
f0c65e7320950a84,0.7983354173179119
4625132a59dcda74,0.9346944357611754
ab1c8b0c3967b656,0.9422417161613005
f00224def382933b,0.6428766802125664
090051f10ebcb768,0.3768853547983745
2a0c37f157e82f1b,0.5721709909346671
61914ca3afe42c15,0.2111616911534855
a9fc0e9ff5b0e706,0.11902156924038762
f548f7ed3074067e,0.24479720225070334
9aec70578372daed,0.14096592685214132
fbb0734a4e985290,0.28108783994998443
a8cd11786e7fe2b1,0.40419076273835575
6a4338f210f336ad,0.3058221319162238
cdb63c81014bd072,0.35125625195373555
2c5a98b60450efca,0.4449632697718037
2337a75838293036,0.09825726789621757
a0ed386ea018cce6,0.47703969990622064
db76609f02b3bb31,0.7480775242263207
597bd387a63987b9,0.8925054704595187
bc7571c47a54ce9b,0.3864449828071272
547510d3ce221301,0.6807537511722414
8e84181f60b3ec91,0.5058533916849015
13880ba898b8f597,0.9447073304157549
9ee1fb0201512e8b,0.9443439356048766
48aefa3d80da5764,0.25668568302594563
498d517a667856a7,0.513539387308534
f07b0e35881505f2,0.20563457330415752
1df225f3addcce26,0.10466161300406376
84a772cbe6d216a1,0.3055798687089715
f0e4a70f82f01004,0.689705767427321
3b639af3777f4c39,0.03116012816505158
b9f77a4295400abe,0.04318146295717412
7d646e2fd78953af,0.08584909346670834
4127b246e0beff6c,0.22992536730228197
2321d1fdb21c809d,0.11766567677399187
9936f8d7184f5e10,0.03197288215067208
e2e9ef0520d08656,0.18329946858393245
0aa9b948dc8766c5,0.11452016255079711
d96df85b5160b1a8,0.29465653329165364
3bef9584524abbef,0.7015532197561738
806989faeae50571,0.09544974992185058
6fedd263e1290110,0.6893794935917474
5762314e60a560e2,0.8931619256017505
748cd550549c514c,0.5215301656767739
58a8e997e2757de6,0.09895670522038139
c13887db4b2ded8d,0.7211355110972179
eba0106899e8fdf1,0.8145807283526102
a947c7f89cb176bf,0.9479817911847452
4ac4a17692a2a70b,0.06982846201938106
2fa4409e1b6a3d85,0.6909893716786497
a783eca691369f3a,0.40162746170678343
e6e45dc137aa0511,0.11632346045639264
c589fb4e517e579b,0.4075726789621757
0535f48557a68402,0.697997421069084
48e423add1624f2d,0.6990426695842451
d20110b1a6f20e55,0.08966083150984684
739f7cc76c78d0bb,0.8090809628008753
2d439083c11f62ae,0.8024363082213192
0c74bc780e465296,0.14745037511722411
52294576789c8ec1,0.7910694748358862
99b2421c51d37084,0.12689121600500156
de49e465a4c970c4,0.9002832916536418
4c88fb93b8d12270,0.13445998749609253
dcce15e3b59d9796,0.10230931541106596
b8e0e09067432f1c,0.8751641137855581
962f882f18c11d46,0.3558729290403251
34753ee28116af4d,0.566796264457643
7c71a6fe87ccd6e2,0.17513480775242263
7ff97e6a175132ea,0.702096358236949
d84022bd67943384,0.8097725851828697
c270a677c7614aa6,0.2701918568302595
1266e1b58e87a761,0.6613707408565176
9fc631524aa3372e,0.1634807752422632
88da969d80daabce,0.7798648015004689
9c5cf1807334358b,0.2693537042825883
0e5706f9560fdbf7,0.43879337292904036
d9db7cf658a35e31,0.7940860425132854
38bb0629e63b6590,0.6850187558612066
726236f75c9de724,0.7167278837136606
47ff559912cb3714,0.29662003751172245
bd567ce69cb8cb62,0.14135862769615506
6b7338c16e1db627,0.04388480775242263
2e47f13eecf939c0,0.3253204126289465
7e001225afcdc58c,0.6385686933416692
b0ba287dc9f94b2c,0.6809354485776805
07be300260466f0d,0.07354446702094405
49e2abe2ca234745,0.736941231634886
bf163922b4b12745,0.8399558455767427
aef9d385e9ff8518,0.9205767427321039
3e364e82bc780650,0.9716923257267895
393a9aece2867c5d,0.4714461550484526
b0519105b55d4bc5,0.8023522975929978
c5a4b1418dc4e412,0.6680095342294468
ae000e40b4cdbc49,0.24674703032197565
bdb4932474ae13dc,0.7539641294154424
54ab20f1339d0955,0.2658115817442951
bb6cce3b0b6744fe,0.24701469209127855
0d04ac4d48d1e700,0.9228469834323227
6e3f51731aaa2c77,0.4092509377930603
783b7b163b234e5e,0.7119373241638012
bb6501e8f6ab95a2,0.08589012191309785
e5f20b7a540b7472,0.40395240700218826
726e2ec81830f724,0.9094424038762112
e8dc50204900e975,0.18700765864332602
1334006b9c4f4ffd,0.916850969052829
3553330b5c7e6092,0.6255919818693343
e1a3e161c8b2e221,0.3719150515786183
44e747740cb4260b,0.0793333854329478
00202304b4481207,0.8439785870584557
931eab5e85d6e3fc,0.26917591434823385
e4b8ca3da3eff8e6,0.18189864020006252
103e5a44f9c30ed7,0.5415540012503908
448d40536e9c5670,0.3715340731478587
1b4d4b42760e781e,0.9556892778993435
e0b110d4f6844bbb,0.8232670365739294
0d928dd7f13b92dc,0.7318810565801813
1bf6e2dae324cf0e,0.48941856830259456
b2a17e2a9337f111,0.9734585026570803
564d7ef8fb681d94,0.3368962957174117
a2088d882fb6d77d,0.8535128165051578
3fe22caa380445a9,0.6148347139731166
2b3c171024a98155,0.9280341512972805
2014d23cd7792183,0.7338758205689278
fc996643d63f02d7,0.19510589246639576
c8d5c605e447f4fd,0.4916731791184745
634298df42266b22,0.3035186777117849
5c8cbaf8b4d39f57,0.8498280712722724
a688ddfeb76eb78c,0.9018521412941545
85a12cd29f47007e,0.2566915442325727
a5e1a3f8e312e1a0,0.18189277899343542
29e076c93c2b7fab,0.8953247108471398
71b7b90e9a0b70ae,0.7374492028758988
11583aaab15330e4,0.056068302594560804
5b34705855c1c880,0.541374257580494
26361ce2a06897d2,0.04380665833072836
2be888bcb74be336,0.49867732103782436
fd96abe884c43d6c,0.7897721944357612
165fc0b6a160dbd9,0.9261683338543295
b8c8c114a79ff453,0.12500976867771177
e22746fcf084642c,0.128387777430447
3fc60942cef4b9f8,0.7185272741481712
c78a85aab85debf8,0.5390336824007502
9c2166227724c80c,0.1275926070647077
e0291b12205c2c68,0.6304821819318537
307b5de4b89748c8,0.0535108627696155
b83469a7d7ed138a,0.6934139574867146
4726c5e084cb6f1c,0.6464891372303845
33795c308f648269,0.9850461081587998
d44b56532551df1f,0.8652879806189434
7db689f550f62666,0.5236577836824007
c64b1df6de24f982,0.2659620193810566
d9685a6aeee511e7,0.205341512972804
2c867c13048a2311,0.900504063769928
b3f36f5f67857959,0.2945901062832135
c8dbafacc0fb77d3,0.6299429509221631
3a1b2137777bcba5,0.10995623632385121
c9627e77fcbdd360,0.6365778368240075
cf4f6641c91382ed,0.1919467020944045
fb519c3fdb753245,0.9261722413254143
035449e62c90677f,0.678102532041263
5201d1bc5a7cf0ef,0.5538762113160363
01ef09b451cbddb0,0.4402938418255705
b98e367af7c0158c,0.0500859643638637
bec6844244ad0aa4,0.536667708658956
ed82262b135c6e4f,0.7123222100656456
67637bf7061cb7b0,0.05886995936230073
96ef8b85b60392d5,0.9299429509221631
fc1b0a61b9dd082c,0.7440469678024383
c408b4beae948cc1,0.33969013754298216
f26323206d284ed1,0.678393638637074
9214caa6c1a0dc02,0.24803649577993123
591a28a3c195b6f1,0.7798862925914347
9cd8a8ffb7a9e96e,0.12240934667083461
7ce580a49450111c,0.22162589871834948
abccd8c43775abd4,0.06528211941231635
5c6acd44464d3db3,0.8786261331666146
b0e58b3d4a2a773c,0.8934588934041888
eff75fe4ffdcb49f,0.8811073773054079
06ac1908fb89960e,0.8174644420131291
6e61df7259588c80,0.9059647546108159
87752778bf4206ba,0.6148542513285402
2fecec0b55303222,0.1743181462957174
d57c0fad9eabe24a,0.877664895279775
93cc7546b8c345e6,0.9712918099406065
eb76de6938c4c38e,0.5755548608940294
0e733a579e63472e,0.3378125976867771
e7dff8305acefcd5,0.22007072522663335
23423479e34fc441,0.8962195217255393
3f66f582c2bdc24a,0.6337820412628947
d312e4d7fce5fa01,0.5570100031259769
c04cd9fa54077b8e,0.2372616442638324
04b68ab2f6458e33,0.392595342294467
35665b0fc6847811,0.5938887152235073
9028f284365c7863,0.4923843388558925
fa23926a88284b39,0.9043431541106595
ff5e27f506ba1ffc,0.6836843544857767
e6a04e92205e9e33,0.8186054235698657
934c2e26775faaec,0.149781181619256
35403697fd72709d,0.4422241325414191
fdc814fd85f237e4,0.7242849327914973
bf4ee2f20859884d,0.2237593779306033
d2d10af48a354c4a,0.5150769771803688
a38e463e1b086d42,0.7514457643013442
ba49ce0117002110,0.5222002969678026
d5393f1776772d2b,0.48035128165051577
80a6b6e9f65aa3ae,0.36453383869959366
d84698a77b768899,0.12343896530165677
8d09ae0709d01465,0.7632795404814005
0ac53b64e16a0efa,0.9535343075961238
a632a91a07ac8406,0.6314805407939982
1f2437c787ad39e6,0.8741481713035324
beb116a0a3ad4f5d,0.7483979368552673
c38f343ecf8e9527,0.18156650515786185
d04bd8d61ac99c5e,0.2980872929040325
6a279faa81d0684e,0.3351926383244764
1b49b1154407ea05,0.658066974054392
b71746f211be0a24,0.01229876523913723
bbe0b7fa6d60f17d,0.8570041419193498
c9117e785fa1cd68,0.16608901219130978
a700a6b3a689a18f,0.5024831978743357
d998a004d828aadf,0.8714031728665208
54cfb8bb56897eb5,0.7626152703969991
bafd504785d302a8,0.9250703344795248
3f45db97b95a3352,0.3563203344795248
2364a75ca729f899,0.7843369021569241
9387acf4770f549f,0.6390668959049703
a434422326289b00,0.03799624882775868
8bbcd05afad8573e,0.9117185057830572
82fc48f10b8d7cc9,0.0908838699593623
65dd24b31c0c4067,0.589815176617693
b25ccb8b682acbeb,0.575136761487965
291117008b4408ee,0.6318341669271648
aae3422dfbb55bf7,0.5135061738043138
d436224afb38b7e2,0.34742302281963117
1287c0ffa2f14635,0.3605130509534229
4feb7edca163def2,0.868744138793373
00df2416e72cdbc8,0.2440723663644889
e51c757048ea36b0,0.17614293529227884
59e45992c3fccfa8,0.6375332135042201
7b44475e4e2e3b92,0.5462488277586746
be457ea8112e2391,0.5501562988433886
1e4fd1293a611d2f,0.8230247733666771
343371989bd61c74,0.6975109409190372
6bb985812e990044,0.2891274617067834
c0be9996bfb5270b,0.36618865270397005
bb367ec1a239b8c8,0.6260257111597374
91fc9ee0920431a2,0.13158994998437012
82f2985fe6157914,0.312800875273523
eaad7a9709bacd50,0.5766665364176304
1bb729bdda8eab4b,0.07854798374492028
35320f198f2157d7,0.1636624726477024
74cd9018fd2aa194,0.40821545795561115
fd091b5e49f8138b,0.5248124413879338
917e088d530b042e,0.8835495467333542
b0e606a7344aea7b,0.5870584557674273
c220230ca6b46d2e,0.4770768208815255
2174f0850e20c2b1,0.10843818380743984
3bfea4a031f46e50,0.13867028758987182
22199945c8b6f01d,0.7599581900593936
efd4e993a8d94f5e,0.5490309471709909
acad3b0b2e72b212,0.6226731009690528
1a33438ea9b6ba09,0.3497225695529853
c9a22295bdb2b49c,0.9782725070334479
0a24b5a0c164f36d,0.47759651453579244
12b662eae7ad89fd,0.4322307752422632
788a4a1a340ccebd,0.9005138324476398
0b6ebec97e53c571,0.5290872147546108
be4269de80d8b34b,0.9574202875898719
ae99dff2a596c7fd,0.7463250234448264
1cc563af87248566,0.6454282588308846
95b03e2a8add3a08,0.4320139105970616
bde7f9ddcf827170,0.0654247421069084
e24c4af855561b6d,0.39083502657080343
a1ef8a44aeab6af5,0.9752969678024381
2bf2e0d5f713e9ea,0.10831119099718663
6585c55605f3d692,0.6650574398249453
4a44bfcf3c8bea26,0.1466845107846202
78a21d5aa40bf4bd,0.3285186777117849
d208a68d90d83d1b,0.5141645826820882
fabf07be02cadf0d,0.8372401531728664
3fc8a4ec51114a77,0.6961882619568616
d8da2f9a640f4e03,0.7227199906220694
f7a8212a941af65b,0.0017915754923413568
836c933a5cb4ecbc,0.7368357299155986
e292f252eebf817f,0.5177360112535168
ae7e8b931e0ade53,0.9066485620506408
c937062a293ea0e5,0.7459733510472022
673793020f42eaf0,0.14866559862457016
531a753aa5a10879,0.280259456080025
65613b893147c771,0.6473624570178181
a3609d34533ca6b4,0.519111441075336
c9eecf5329211123,0.9614020006251953
4e6d4f733588a212,0.6101613785557987
95e0d5ddca2118d4,0.9624101281650516
4b071534952c920b,0.49360933104095034
f333221664eda263,0.2701957643013442
8627e41026f74eaa,0.7622870428258832
789f4695cdd6a417,0.5654950765864333
908034eabc372b99,0.25787941544232573
984bfa387795ef76,0.761060096905283
91c8e8e6f637fb1f,0.6722393716786496
363aeba9c072e960,0.8573265082838387
5cd6915b98d723ff,0.5332486714598312
20f027368dbc60fa,0.08071076899030946
a58841827e8017bb,0.3617732103782432
ad9e6a299aee4827,0.7213015786183182
fad46bf569ac7443,0.3433240856517662
0bdec115af64e996,0.6099894498280712
e78e15a02aa6163b,0.9173823851203501
94c1b40d53f1c78b,0.4292845420443889
c1dee5b6d55fd7c1,0.9200492341356675
502f0c8494138feb,0.03502657080337605
316c5e9c86bbb645,0.09667474210690842
c5624991cdcf670d,0.3332467177242888
e000077bf8c8b49b,0.5976398874648328
9a36d5ad49081233,0.2047299937480463
e4ac16a92daba7e8,0.6234760862769615
caf1ce5141ffb34e,0.022508987183494842
d07bf091bf998e0c,0.5771002657080336
f230be64e9f003ae,0.8242849327914974
fcfe55e0768ab257,0.26907041262894654
ad04ef9c94f25ea7,0.1632228821506721
b6c3dc163008115f,0.3333424507658644
2a0af6ff3489e003,0.5951859956236323
5c098958dc2a26c1,0.1574085651766177
a802f6f7cd6d7b2d,0.42819826508283837
f0897866ed523f60,0.9105110972178807
3c1071f1773cc7f2,0.034553766802125664
5fb77ed43c58e517,0.24666301969365428
3fbcf72648af3500,0.3093701156611441
64964fe3e34849fb,0.2928981713035324
3d3b19b2da76dc78,0.6502871991247264
69eb4e47c0f3104f,0.6568400281337918
1b55daf09e9f129f,0.3885569709284151
853fa0b67eda4e6c,0.15484331040950297
636b3bfe96c8c67a,0.3679860894029384
51b24fbdde490535,0.31493435448577684
b80f84359d81c98d,0.607301109721788
a865666aeb2b82d1,0.13484096592685213
08fd3d5f06273089,0.03763090028133792
cdac52f8c24b9616,0.9053942638324478
bdc841da585c4a1d,0.830554470146921
8858154c3efe65ff,0.5790286026883401
29f989d45429b9ee,0.7207252266333228
b97dff4909968aa8,0.044871444201312914
69c86328a89e4898,0.10260237574241951
2d50759601edb9c3,0.7556248046264458
134be78ce02d48e1,0.6808866051891216
53b540f7c8d16cfe,0.05468701156611441
76d2e83b30cca3f9,0.4065274304470147
062167d4ccf76346,0.9086706783369802
84cc2a48661e807d,0.1780028915286027
60f1e251520005f8,0.7263070490778368
781115a32396b4cb,0.3665540012503907
4c1e17c82f4cc326,0.8660538449515474
b602ad5debd51028,0.6465282119412318
4d9da053a872a970,0.7013597999374803
95f7ebe4304bd2e4,0.9566720068771493
67a8207cfef9f011,0.9878848859018444
b1c3468185b9514e,0.6145748671459832
f80ccd7ace26ae4d,0.9646139418568302
3ac147039aaf4499,0.3548784776492654
fe5cd175ea7fc09b,0.16413527664895278
9026d2936cf2bda8,0.8083795717411691
a4b0e01784fc7cf8,0.7763754298218193
43c462b48d97dd20,0.6894498280712723
e36d0189d20a7617,0.26064785870584556
43c3586991f4b403,0.3433592528915286
009e48f2b32be557,0.10732260081275398
a1689ef168f2f333,0.938408487027196
dc310fc66470ab07,0.526045248515161
bc654d187751fe04,0.6251562988433886
247e62af046a99a5,0.4823304157549234
48f2f9556bb2ad1c,0.49234917161613
e604b921624a200f,0.8892407783682401
e46765e152f7daef,0.6008147077211629
3d183f0c812b6d09,0.6778544076273836
3a7275f9aeda8305,0.11939082525789309
1d994aeb47ff952e,0.223237730540794
75dd9cd1bcd35d05,0.17367536730228195
a976b4932381b300,0.042566036261331666
da2e39ced8c0afd6,0.20149460768990307
c77fd47bb1683f58,0.6925445451703658
ceeddee046f39ae0,0.2641587214754611
cc50dd12d1f23bac,0.44619216942794615
8b73f447d60fc992,0.6068654266958424
dba1029662f0c412,0.4728919193497968
ab65e0876504bba1,0.71902352297593
00754e6b5a7298f1,0.026123397936855267
082f192c053e5283,0.17226477024070025
4cee8c7c13d1afe2,0.5008615973741795
9ea9e3c8cb3df9aa,0.3502070959674899
2caa75dd78c01d17,0.8737398405751797
42ca39ab5466bd19,0.9739039543607377
939ed128e268f834,0.18452055329790562
e452cd65ed19c900,0.6310057830572053
e5ee2d79d0c49d1d,0.9104173179118474
ce0d423deb82f2f5,0.22922397624257582
3c30319ed1684972,0.5894595967489841
18968bda98628242,0.712800875273523
9566631a173d48de,0.8657822757111596
01d78d3ab164da20,0.2661710690840888
7245800926a4112f,0.6064961706783369
3fffc62471c1f18a,0.927178415129728
3b530b29e9f5617f,0.7383225226633323
65305594301ba50f,0.8403192403876212
593ee003a4981c15,0.532426148796499
f79985b30220adb1,0.5409522507033449
60dd8dcd3a1d1839,0.832097921225383
288aaae44688b015,0.7458053297905596
8a16369cb4554d3e,0.4865817442950922
4e49cf49f79e1181,0.9449437324163803
1a6026c94f49058a,0.5825550953422944
8c29813aa363f889,0.5880411847452328
5fcc5826d5f8db34,0.7833717567989996
b002c58138c724fb,0.24038566739606126
62a918db11ef3076,0.9312109252891527
8fb91f382ae2782d,0.9099953110346983
af730eb0035cf0d3,0.8571115973741794
546fef357d2bcd57,0.8563281494216943
c6129c4b99d7f4c6,0.41979524851516103
7596069ac38eadb8,0.4082193654266959
9560c8310cf23dab,0.028317442950922166
ca1acdabe94e042f,0.7028954360737729
521f9d2193473fd0,0.35246952172553925
617eda3b96abb577,0.4198636292591435
8d735b59dd0a4270,0.9001660675211004
1b405139fc287a40,0.38775203188496404
e621733719a2d775,0.7299390434510784
95f4b0d76e779b43,0.6179919506095655
bd6a23cab176ffec,0.045242653954360744
3c5fadc2c957c7ce,0.9562812597686778
37cae1b2dd3c1330,0.670703735542357
0fc2ffbd9370b121,0.49274382619568613
b31de0d8e304eeab,0.8453716005001564
5738bf5ea59fcb0a,0.9043626914660832
402c7edae37bcf39,0.7078364332603939
1d79e32040c6b05f,0.9491247264770242
bf493f6f4a48b2ff,0.1686269146608315
8530681352913ce0,0.03603469834323226
c79cb0e184ac42c1,0.3463133010315724
32ecd92eb352979d,0.7134338855892466
c9a54261284070bb,0.09569982807127227
e6c2ba81e397e33d,0.23723819943732416
955bdf4fc9420404,0.32181931853704276
b180a78e50608ab9,0.5730404032510159
69484ff0bdf4b104,0.653518677711785
8d62a01ddfa11fe9,0.8255079712410127
12c3df9b72ef96e5,0.2890844795248515
12ccc513557a0656,0.4960241481713036
2aaa9bc35f4acee2,0.9935956548921538
e31d14248a98a72e,0.7401004220068771
1058c1f47fca2b81,0.3359585026570803
02ab14036929f70f,0.44893326039387316
6880fd1518aecd04,0.5294506095654893
580068eee74ae5d6,0.03412589871834948
fedf1e1bd320672b,0.21944357611753673
d47c1d43f9dbdf92,0.3508108002500781
8a7fa6c84cb2b0fe,0.5479681150359488
089bead0dc0d7c16,0.5449007502344483
3f12eac5d776ac9b,0.2675894810878399
2b55254bb421a326,0.49910714285714286
16721efb42f49e40,0.9401668490153173
87ada6cbd040d527,0.5528329165364176
c5c4d8e14015f4e3,0.5706334010628322
5d499b0e085f025c,0.8767700844013756
183039182079fa48,0.8854837449202876
05d6c8a5d3db19c4,0.8308807439824946
4477fb4e0a476ae4,0.769980853391685
3965182266dda565,0.6882170209440449
72bafef29554438a,0.6343857455454829
1b31f23c3e55dcb7,0.73603274460769
66c42c9008125f10,0.4550504063769928
5bf14b82c919f706,0.42095772116286334
2c7401c2798c92bd,0.33417864957799304
4adf517216b1dd47,0.0948577680525164
26348c70727fc713,0.9307205376680212
82c1c6b9b0ad498d,0.5260745545482963
1365ca92c2e04031,0.27339793685526725
9edbc98e397ab4c2,0.561542669584245
1059c066d6e0626d,0.018236167552360114
af993cc3ac374b83,0.26060096905282903
f32194afe634dbba,0.5500976867771178
29de97ac80feb956,0.7385081275398562
e5fb185d8c6181d7,0.31668294779618633
632347c0452d889a,0.8128614410753361
35ad7b818afa2cc9,0.8581881056580182
0e9b47d072e9f5d9,0.44766919349796813
4b2ee7a5a4d7d797,0.6827739137230384
793b579534d59c3e,0.49817130353235384
3b23c46e8aebaa25,0.8092060018755862
f68b741461469ae2,0.06849210690840887
79e144db8265864c,0.05922163175992498
09c4fd90bed2d748,0.8679313848077524
2215efb176105acd,0.8153719912472648
b4a9877c6c234878,0.5126074554548297
529f75ff399c033b,0.944214989059081
ad20741d26dac628,0.9601340262582057
abee4fe9fcb49deb,0.16182986870897156
80bf7ea1dfa6b569,0.7034190371991248
7d637676608f51cb,0.23828344795248516
79855154621f663c,0.22049663957486715
db630a696b94324c,0.44338465145357925
2c87f55f1bd853bf,0.10597452328852766
05466a89f589fe04,0.9692462488277587
073f9b06f7bf95f5,0.047145592372616445
d8c52af1d9a0ab94,0.19286886527039698
170df691b9758d76,0.8534463894967177
098c223fa7ac1f73,0.5246971709909347
947d4f80370f0b58,0.3789836667708658
66196fa0af9abe3f,0.7545268052516412
356513b3059ae50f,0.6400808846514536
a951ca23d4bdcc33,0.7042435135979994
defaffd4e20a4c47,0.15696897467958737
9aeb8ce75c56fcce,0.11155829946858392
0e52e6d570d8f008,0.16283018130665833
d177a330dadb2707,0.13358080650203188
4acf903d98d08aa8,0.974671772428884
673bd4205f6635b8,0.7244392778993436
17b635201a20862b,0.5051520006251954
e31cdafcb4337eef,0.23164856205064083
2f57ad23a2ad21f5,0.7509123944982807
8c76f3fa81c149a4,0.3967118630822132
7448092b980edcbb,0.6995037511722414
cc3891e28dd031fb,0.05993083776180057
05d416ef906cddf6,0.10368083776180056
d5cdb3c4f4965afa,0.2224523288527665
bc40575e98475699,0.14637386683338544
7227a9d91f309e1e,0.46258987183494843
f83295ed727a429c,0.17206744295092213
44f16ce1d7899c02,0.05522624257580493
219b4d22a5bcceb7,0.16410010940919037
5684d434bf545e82,0.1853157236636449
03d5ff6b9db6a1ce,0.40211394185683025
c402ad00c62dd803,0.20155908096280087
d384f2bb50d7321e,0.7004434979681151
865ca8dbe8ae9927,0.44701469209127853
0cfaded78f4c55c4,0.8424546733354172
c1f9c03f1f673cb2,0.7349269302907159
80784aef1b00a337,0.7220361831822445
2cc7c6c16592cbf5,0.46189238824632695
f816697d9e23576b,0.45903993435448576
e0a3063ee410875f,0.380872929040325
187c083474d62911,0.3658174429509222
32fe8606c8a5cb67,0.8792044388871523
e3b603a450f69271,0.4728801969365427
13ea25fe500d74e1,0.4991755236011254
3465f2b92e5411a4,0.12124296655204753
f84c04deab8f0a53,0.8719130978430761
ce64b825ce5f48e0,0.06812089715536104
a03d161faa6231d7,0.12854016880275088
7b73399454d06d9d,0.07773522975929978
726ce1fc6c05064c,0.6051813066583308
0e660e2441745329,0.7864156767739918
d4373d25e109dcb5,0.9157549234135668
6c8ad2f1018079fb,0.0664875742419506
485cc002fda9b938,0.10117419506095654
840b1b00c51f87cb,0.07227258518286966
e7c9e19e247f843b,0.4555368865270397
4f97589fa05c40f1,0.8688515942482026
41919c492d55190b,0.732164348233823
8fc6cb3936ed4ac6,0.5026570803376055
75e3076bf4b29ba8,0.28055447014692086
8357351f6977683d,0.5226281650515787
1a6590aa6c3d2a06,0.629433025945608
6b0dae5047e0ba12,0.5975285245389186
6f8bc4fa3d91a3dc,0.26917005314160675
e4aecbadc139b9ec,0.35145944045014066
7616bb2872e18231,0.6554763207252267
f97102e411194f18,0.22126836511409814
4f25e4f4959ce4e1,0.3864879649890591
46d34ae6f3e900ba,0.6725734604563927
73e3288eeb552e3f,0.046496952172553924
e7010fbb2150676d,0.644248202563301
cc2c1c680ac82832,0.04727649265395436
d025b02417a63fbb,0.56393404188809
08070948781ecfb5,0.12836237886839635
2bdbf073750d4864,0.49905439199749924
2783928eaba81305,0.8117907939981244
51bcbc84c0f437ad,0.1868865270396999
dbecf7b9325b78d3,0.8675621287902471
39b3096dbfceade4,0.4566427008440138
4299599a54525066,0.8995506408252579
ccd92654fb1f721f,0.9722979837449204
ee1170819ca7d594,0.16450453266645826
c30ab4f74d33afa9,0.044713191622382
40f10fad12afb51f,0.4913293216630197
f4e63fba51ec3896,0.882814942169428
60ad4f8eda2cf6d5,0.8663410440762738
4dfcb17aa4236952,0.5451176148796499
2e54d9b1b4e00337,0.34646764613941855
47a9e135733c2ab4,0.4571506720850266
4b3c22d3da587d59,0.5547612535167239
ef89abef9807c003,0.1759221631759925
e7530eb737c85931,0.4126309002813379
dea26fe32dbe26a7,0.5950414191934981
08133a148f3d4ed6,0.7838699593623007
d39b177320bf091f,0.6101320725226634
c2eeafe05948ccae,0.6932557049077838
73c8d1e2bc9f517f,0.14643247889965613
0dd4da33e5e18c44,0.5630763519849953
25e076876a1fb6c3,0.8064610034385747
873d0ca47a7ce61e,0.7579067677399187
930d090798b9ad8e,0.5950941700531416
98e38baebfb97bcd,0.7593408096280088
9c779fba6fe0839e,0.18708190059393562
5bb1f9fc76a02c1b,0.29269107533604255
f83de39c4e518f6b,0.9759182557049078
10bbab1f08d2e6c2,0.017720381369177866
ffe63eebf605244b,0.9847159268521413
1e55e67dbb9fa1ef,0.5673823851203501
e53426cca968ebd9,0.909889809315411
51bba86dd8aaec50,0.8401258205689278
582102afed3c818c,0.17175679899968738
b280a8fb8ffb9bf1,0.4981341825570491
e8e7ee8589574a45,0.3633772272585183
228ac1a17bade85a,0.3675367302281962
2bb37b0ac11a0c2b,0.7409424820256331
5588a1f5d8da9c77,0.34681150359487345
a46d657f4c9bc8ca,0.48619685839324783
7373ad47c61f558c,0.8802027977492968
0f1fcadf13eee28b,0.7326859956236323
1f8603bf90774382,0.9480853391684902
b0dc746e7f7ac87b,0.39729993748046255
82107223b7ff9788,0.7331431697405438
a38cbc0aecaa644c,0.3876680212566427
61dbaab39e7dbc01,0.10859643638637075
85064aac24d665cd,0.042982181931853713
48be998c9a3000d0,0.34089559237261646
26b2daccb2b045e0,0.937287042825883
95198d21e3fae237,0.27666849015317285
b2a2d7a18404d7a4,0.5110815879962489
6b178de020b8598f,0.18712488277586745
38c1b19633279892,0.5832428102532041
186d5468edde7455,0.8459342763363551
4f33d36d7b629852,0.5088836355110972
b955eeaecbe25ef7,0.8300543138480776
39ad39dbe012b34a,0.9344072366364489
929e8e2af2403da0,0.43280712722725856
fa22cc093dcf1822,0.19434979681150358
f56ff6b1c2817475,0.18217411691153484
56b30f44349ddb92,0.5899949202875899
617dd77adea9e711,0.580997968115036
4cd7a91de7bacdd1,0.6387777430447015
c07844f4e94ce116,0.9578110346983433
692bbfe3fde429f2,0.9319709284151297
6e8117bf11d2b904,0.31870311034698345
27efca94126fb8ff,0.3711491872460144
4d2a406b540c41f9,0.9240661144107534
5ca9c8756c163b0e,0.26706587996248826
c10aad8b54af6017,0.6592314004376367
60798b007f7b4637,0.23956314473272897
805031b5ab834e54,0.430949124726477
fea6be92744b0c40,0.9477922788371365
284e4bea4a96494c,0.4206978743357299
4db0c35a634d4fb9,0.2240289934354486
351dca6bfd544a21,0.9075042982181932
c36cc7323d4f4de5,0.7427164738980931
78c350098097af6d,0.07856752110034387
1404eca61a3105b6,0.3030107064707721
2472a09a3e602f48,0.8272858705845576
5f9d50958df392e6,0.948073616755236
ab8fde4ac70ac766,0.9306326195686152
6649908e57ee98c0,0.1610464207564864
6f6b426a42753b8f,0.40453657392935294
9f89dd1b9ea145e9,0.7285440762738356
d56cce1c1c4c9780,0.3809725695529853
fd794932c3ad58d3,0.009923022819631136
901c8562d025f79d,0.24060057830572057
2460966f3ca7d3bd,0.7162511722413255
41c6149d1848cad1,0.31578813691778684
2c948ba95eb3128a,0.8146100343857454
0263f07afc6e71f9,0.06093505783057206
59520bb39396ae13,0.7857748515160989
096e1b740c779095,0.5304802281963114
13bcd446b5b75780,0.21529188809002814
82652e7aaa1e423f,0.11902156924038762
b4c2a047510b1d1d,0.22017036573929355
8e95fe1172cfd49b,0.4760120350109409
8b3b319f1bf34127,0.8256251953735543
8e876b9274c5930f,0.04443966864645201
74c8dbccca14e4c9,0.9771452016255079
a13d2861af1b8b95,0.7725558768365115
3d0443784b9008d8,0.6615739293529228
30a6c22faea5d219,0.755812363238512
8ccaf0cd13ec8d69,0.9485581431697405
ea79b75b6fa4e024,0.6166555954985933
df41150fbde2201f,0.4906650515786183
6bfaf27148ca783a,0.6652176461394186
016b24ffbde9f2e6,0.9304431072210066
c7f17aea0b57c810,0.23459870271959987
1974cb4a4a5105f9,0.3862437480462645
ed6fb2d892b20325,0.34471123788683966
029aa7e7739f68f3,0.4981341825570491
1499ced0a7fec031,0.38158604251328543
1da835ae2069715d,0.18618513597999375
3b48789ebdae6cf1,0.5499746014379494
b2501a34b4204e11,0.2413957486714598
4e1bde0d2fdb1719,0.46974640512660204
bd42c11dc1ea52c1,0.09047749296655204
dcdd441194892326,0.4886995936230072
890cf601bcb4d1fc,0.7684198186933417
efcfd07026d6f75c,0.6723390121913096
6e5921c9eaa0bbae,0.4902274148171304
076e6b937f9e0f1e,0.9434159112222569
fe7aa6148631a52b,0.3715340731478587
0204709b122147fa,0.06805447014692091
3bf87c4ce9af3343,0.052881759924976554
e5d3cf73e07cb881,0.6862222569552985
d79da024e674f570,0.7496424663957486
f137410611053710,0.061691153485464195
4b48a5ea7d8db38d,0.32383948108783994
6e5b5708c1bbde63,0.6940723663644889
2e21f1e2f4f0d11b,0.3405302438261957
2fcb7b875a97fd67,0.8920795561112849
c9c50dcabb2aaebd,0.09062011566114411
ade709965be588c6,0.2477278055642388
e99ce68035fd1383,0.67161808377618
9abdf47140639086,0.9825238355736168
c0370f3f688a69d3,0.9202133479212254
023ecf078fbcbe04,0.506754063769928
9366b2145d9ffbaa,0.9372772741481714
907dcd98979cefc5,0.1447581275398562
1430d1f8417967a9,0.41312519537355424
12cf954bc6f7953f,0.9725558768365113
9f439978c3ff1caf,0.7695236792747734
3d566b52640665bf,0.900115270396999
1da24b04359879c2,0.2748456548921538
5fb8e8cdc5a458af,0.588572600812754
69f63de79af9dd49,0.7166341044076274
078cef5b5f6aff6f,0.794746405126602
ee64ad3ef7cbc727,0.17514457643013442
30f789de29e44c84,0.9438418255704908
ed6dc35d0f6c3f4b,0.9894986714598313
24171dc6016596e0,0.7596827133479213
d9753be4a4ac4d5f,0.9734487339793687
08b18f56dc4a9978,0.606693497968115
2fe99f58d73a842b,0.17560956548921539
231cb4b19f8ddc4a,0.07413449515473586
a0f57bb92842d2c6,0.25938965301656763
b451e5af95310e52,0.6333737105345421
4d5e3c273bff2df6,0.6543197092841513
69445874395ad7f7,0.13516723976242578
72d5eb4d04446c06,0.3159307596123789
676277c834acaafa,0.32591630196936544
345fac6fcbfce3ac,0.6427184276336355
77268d80339453f4,0.5368669896842764
0a3d332e3608b10c,0.8419721006564553
3d3e247d278aad6c,0.9718818380743983
c6d0f1503380066c,0.9846026101906848
a7ccb8ff054ea663,0.8881251953735543
d3b3fd3963b35751,0.8770650984682713
e361e82e1559efea,0.5629356830259457
94f03a339108fe12,0.045881525476711475
0d6b47fe3047807f,0.5926090184432635
f0d2a9398458201f,0.19300758049390432
8189ef648444f31a,0.7111187089715536
b341aa9047a23001,0.3746072991559863
0b603f589ffe5334,0.8960143794935918
dfcd5836b6d7807c,0.9240075023444826
c69510f82760fc8e,0.47504298218193186
bc2b0e3b0279f394,0.09608862144420133
9e59359a937dc386,0.23446389496717723
9bd6fbbffc3029b7,0.4782314785870585
78533ed0a4d75031,0.5066680994060644
24d3b857d9ec7516,0.925492341356674
d9f1874f6346d786,0.8320197718036887
6588a72e611a860f,0.34286495779931225
52fef00321899df1,0.8743064238824632
b3c2a81210323102,0.29300953422944676
c1501d30afd688d2,0.3783526101906846
2bd1f2fa8a7cdbba,0.28218193185370427
7472a7ac18cd8ab0,0.9309100500156299
b1dcab1c1027e375,0.7726672397624258
2add558fb5890d0f,0.017909893716786498
51a6b2ebff82bb8d,0.7610894029384183
3486d76917d26380,0.8146491090965927
7d9915dadeee6dc0,0.5732084245076586
1a5e5859e62a5ff4,0.05674038762113161
ba7cc06ca707247c,0.5036808377618005
3c42318ad81df936,0.11606947483588624
e7f32c62736ba8ec,0.4547299937480463
01970049a1d79ee3,0.8233451859956236
c34d08417ccc14e1,0.7595479055954986
dd08d7511ab95a7c,0.517130353235386
147c9ed162930636,0.7298022819631135
4d55d8c7e32d9a9c,0.4012796967802439
1df22e6d0f4be856,0.5131818537042826
29e5cfdbc9735f7b,0.7309334948421382
529dfd620d6ee22a,0.3612554704595186
22b829fba260c24a,0.28689434198186936
712c502ecc45cac8,0.15693771491090963
2806f2b7f968844a,0.5253653485464208
1ff716c957da8f4c,0.18356713035323538
33a651d1e2266900,0.9758010315723665
01aa41460821647d,0.6095166458268207
2728591ac3aaa7f9,0.7980013285401688
62153e0ba99bfdc4,0.8004298218193187
a336835871390b27,0.2792044388871523
66040815dd14bdc6,0.30314160675211
e0d8f324ffe3e925,0.7445021881838074
e7d245b8d234167a,0.23611675523601125
b30acd5fe8990b03,0.979870662707096
8b87df65e3f61018,0.5171557517974368
92d913128fc856dd,0.6028700375117223
c1aa97bf3aa49c01,0.3726750547045952
37b85ed57524087b,0.8911144107533605
fbbd2368a21a9e6b,0.42874140356361357
39795c53fb16d719,0.31172241325414196
6d637bbe837caf77,0.573155673648015
ac09426ca8b44dc8,0.8692442950922163
0007a5bb7310d604,0.8656806814629572
f8c5400d321751bb,0.936865035948734
5c5d74b2ed3fe0b2,0.09607103782432012
a0d70afd5aebab39,0.27843857455454823
dab67f5669ab1b4a,0.7274363082213191
b094a6aee2983e4b,0.6706802907158487
76eceb39e4bbf598,0.6831666145670522
08792ceaef2278a0,0.3497948577680526
421639eb32096298,0.5330689277899343
3732446a2dc0ff2c,0.46805251641137857
f42e7bbaae983e33,0.8062714910909661
1d7a33be5e41401e,0.4459440450140669
c94efe294bf687bc,0.7672592997811817
54153bda194f6353,0.2528114254454517
275f14633d4a7de0,0.18275242263207253
7a750521e7810b4b,0.9202446076899031
b94bc2b4bd62e236,0.598216239449828
3c2076842f11afcb,0.26771256642700847
53c3d245534bdda0,0.08993630822131916
bee1ce38b4653a33,0.21376992810253204
7fcd7a8a7c44d7f7,0.11575883088465146
60fc2edd396bed1b,0.6217587527352297
df7a1a739d1e3d31,0.7158272116286339
293173b622ae6047,0.5486616911534854
c18a9f29b23ca49b,0.2882932166301969
4497cca94390df91,0.4057889184120038
40d9096835771f2f,0.8154130196936542
ba30e997b8338d76,0.8251211316036261
56d89283c0f5c7c8,0.3734917161613004
f460984ca4f4f1a0,0.3868259612378868
63585cd6e35862a2,0.30277821194123167
26e41712e705d5ad,0.6968154110659582
0a056eacd56539b4,0.20248124413879337
9060dd63376b8616,0.5573479993748046
f11e51ec27009738,0.7484917161613004
d0496dc870887d72,0.5459147389809315
65fef6d3fb26ca70,0.03191036261331666
a586684b41fa9769,0.7303844951547358
3bb2f0950e70a234,0.5088445608002501
6c6a97e3ad10abbf,0.9252559393560487
ede33053b334b03e,0.5785343075961238
0dfab1673fe84ab2,0.47920834635823695
f65b0230673c2e76,0.567984135667396
5618ac6872992ff3,0.9778114254454517
77febd71dc7777e6,0.9060995623632385
7f54b45c8c0b9310,0.883619881212879
9273e3e5412cfeae,0.7874257580493904
52087475796918f7,0.293777352297593
643455f14aa1df04,0.04217333541731791
d1b24b005a16d2e7,0.6849308377618006
88788f98d41f9611,0.6833854329477962
bbbe50af555f1d68,0.49884729603000943
1bfe964817713a25,0.9948636292591435
40d6df07da814020,0.8544799155986246
8a96d0eccabff7b3,0.03995975304782745
439300a43f735490,0.09578383869959363
bfaf88448d1869a5,0.6778505001562989
1eb331ca2d61f16e,0.7989918724601438
5ad8f23386d2ce42,0.8509768677711785
69ddf95fb1e28199,0.7905634573304157
6c224fe2f90a4ac6,0.3002051422319475
7d2d81f3b2e16bb2,0.8651023757424194
306bcc14dd7bcd69,0.8238824632697719
db0b579d4d6c3202,0.05086550484526414
5e7670a553fae63c,0.6204810096905282
999f8c054ed84981,0.3065000781494216
645969c8fdeb22a1,0.028598780869021574
6158cad9f5117a45,0.40214715536105033
3717d43b0bfbe61e,0.7226594248202564
8ffc981637d61bb9,0.3037668021256643
8b934f4c25070ad8,0.2908252578930916
15701cad20890a02,0.48094326351984995
4a22e527eecd22b2,0.5810311816192559
6b7e69ddbeb27f14,0.9001680212566427
c44f66a5254d5ede,0.9319220850265708
1dd06cc994df91c5,0.839596358236949
43da23e0c905b332,0.6142622694592059
cef6bb5fbd6d7d4c,0.0736108940293842
74e65522686e974b,0.1724699124726477
b2ec41e4d4e17991,0.3376582525789309
7adfda5837586ee5,0.4193595654892154
7be7cd83da184778,0.7432576586433259
331453c919db4a8a,0.30343466708346356
1ad90b2ad8ec5751,0.052664895279774915
06f305aa47e1f3e5,0.7512660206314474
5d77b6a032a98222,0.6419779618630822
2fadc388cbe136d8,0.09311503594873399
3a64f59d79eebaa0,0.46571584870271954
e9d4d3a03ce54237,0.7768736323851204
5bc032bc2d4db536,0.18051930290715848
42afab27f6d63b09,0.6875957330415754
0ce59aff9d61ddc0,0.6936855267271023
c4b23b3e64f8fa59,0.12728391684901533
df5826f4adc2407c,0.6344287277274149
1006c7d207337c5d,0.19900359487339797
74f20f15f7388f9c,0.046096436386370745
e8c69436b1cb3320,0.33968036886527037
609680f04da9fb46,0.15865504845264147
060d99e1fde9dc79,0.0396666927164739
6555f0c293c5a1f9,0.774030947170991
cc835ba475e9656e,0.7119803063457332
960c65dd29d3417b,0.4787843857455455
c7596c71a0f505bf,0.1328305720537668
3f3297df319604e8,0.6698929352922789
21c886bdfaeba657,0.9413762113160363
4c47eb742008376f,0.6583053297905594
0360ab7e3c03e1d6,0.41975617380431385
106e8c5cc993ce96,0.5959049703032198
3f189ef767336273,0.6229817911847453
d87c2b5ea60e2e70,0.1681013597999375
924a02ba0ace2e0f,0.27756134729603
e0a93aee5351fc40,0.8717802438261957
60036012aab0d68e,0.6174937480462644
92196298fd1f0a2c,0.5044740543919976
2c9507cd32c0dc32,0.09349796811503595
f138d3401d1ef8d3,0.13300640825257892
0550e84ce3342ea2,0.8911847452328854
433b7b91aefd0d89,0.17228040012503906
2f084abde9824f95,0.13089246639574867
aec34c208a4086e3,0.8505177399187245
77832263f798d3db,0.5784288058768365
423646a4264a51ea,0.4889907002188184
99a11463587499b5,0.6769771803688652
5666dcd2f61e1fdc,0.45033799624882775
414bb3e31a06b128,0.9302575023444826
9825bfe27f61ead1,0.41682947796186315
3e8b0ac764ba974f,0.020656845889340414
f494e58fc4f527c1,0.3313691778680838
4b3ed9d300487cc2,0.7955591591122225
064d5daca103bb1b,0.42156728665207877
1a4b5aa55f664cd7,0.31907041262894653
65fae5433da58938,0.39211863082213194
77df36f32951641e,0.10256330103157237
2734faa9175621e1,0.9707818849640513
6952ae6c0325e147,0.07464246639574866
bc49ff32a733b5b3,0.6918021256642699
ddb437f22bdce5ad,0.8659542044388872
ad2ca89540526e80,0.9620408721475462
8eb86976f1f7faeb,0.9635843232260082
351b2cac3bb60649,0.7152391372303845
f3685748a7717d4b,0.27539465457955614
af64f4a787a28c01,0.07697718036886528
e41d8e72f6a6da64,0.26987730540793997
43199fd3cad0d080,0.6481048765239137
08639490dad5a32a,0.8554489684276337
251545c20caf2d9a,0.541850969052829
657fbf140a397f3b,0.42159463894967175
d28dd01372e08f90,0.5426578618318224
fb9bccbf5affc835,0.12279423257267896
0c3e0f0e422bc214,0.7457799312285089
b6fe616b3ee4f983,0.6695686151922475
1a05d9b0ab2c483b,0.5560839324788996
be053c37d8d326fd,0.5072698499531103
b0cc45542dd09eba,0.49328891841200373
0d1c9ebdc72b57f6,0.3375742419506096
926a38d305ede2ee,0.8865954204438886
381047d838351f95,0.6721729446702095
5afb977a1eeba5b5,0.35889145045326665
1ef7c785c8633cc8,0.44622733666770864
2f0bd78e22c8874e,0.7453833229134104
2765e2bdf659e633,0.1946799781181619
31756eaf193dde51,0.2409483432322601
ba5f5a3df72c6be8,0.9054313848077526
90e87591d24ae44e,0.30426891216005003
f9f063e55d3db8b4,0.6228743357299157
3ef90711b7e5d86b,0.6921537980618944
ec0a6ecd2422c215,0.6385413410440762
2a75009bf5006a5b,0.37593583932478897
9edf622febac0e4b,0.6037492185057831
9cee551773541f4f,0.426023757424195
2a07f1c2d7378d29,0.5228919193497968
aacdb09c08c9a960,0.11866208190059394
df9753fd02aeca78,0.42566817755548614
ecc853e05f1891ac,0.6042708658955924
859bd8582d3d2811,0.6002715692403876
a124273d56f60796,0.4797475773679275
9cd33034524d6b66,0.4044076273835574
9e58973154c42431,0.08673218193185371
fe78518186335668,0.05239723351047202
0c195b45f68a8952,0.2517114723351047
bb6b109cc9317218,0.05331353547983746
a58342d3aee051b5,0.17861441075336043
48f975291ebf9397,0.8357904814004377
672604676c29d735,0.617732103782432
144b0a7e9cb057ed,0.9205728352610191
02ea6c1ef4cf0b61,0.03420404814004377
fe3c47193f742bd1,0.2937363238512035
782fd306b790e8b4,0.5723819943732417
53f0ab0c206a7f5b,0.8206119099718662
2d15bf73a2700357,0.36607924351359805
569b34b568032161,0.8322092841512972
d98474765b2d7880,0.5767993904345108
f3088caf81ec54f5,0.9257482807127227
884de3bae564118d,0.9386781025320413
5b62a55571d795f7,0.5918880900281338
e860976e6aaf78f3,0.6769615504845266
bc5f8d0b2f9683ba,0.0231693497968115
92555d85c6369cfd,0.8905790872147545
189861fc294e0daf,0.45628712097530477
b8212e2222eb4313,0.09959948421381681
53afc56ddcd63d8d,0.6479603000937794
0592b0cab7becf5c,0.471317208502657
ac4cbdd76a84da91,0.5735854954673336
f2eeb139d518ca60,0.7771100343857454
e02fcc8b8b63c0cb,0.2913156455142232
a7f194a18e15e185,0.36847452328852764
b9b57b5beadd1490,0.7628399499843702
357c4988d289017f,0.34867341356673964
f0d98c09bd71837f,0.6324261487964988
b1c0df4bb0c82383,0.6396373866833386
5bb361813a233522,0.33177164738980935
c3eeda7b200e2c92,0.3232025633010316
db0460b8a23a94e3,0.548687089715536
3c80f795a35190af,0.1367185057830572
ecf5824d8b392491,0.11112066270709595
5fc7a11376239e12,0.04677633635511097
2008fba1ef946ecb,0.671119881212879
e2aa59fe541e0ac8,0.3563144732728978
09b5c7802e6b561b,0.004251328540168803
988df0719acbb76e,0.6397507033447951
48d79ec301d31948,0.3408565176617693
d288ed9b89b3675c,0.21865622069396687
75abd1caba2694a1,0.2824906220693967
3660f3c735d8a187,0.5070432166301969
0440ac4598276f6f,0.8933729290403251
836bbb09e4831df8,0.4830923726164426
51432ea27e463eb4,0.29392388246326984
3fd99194e4efb12e,0.07818068146295717
ef1b4ca1f2c1e357,0.08078891841200377
70c464af7e1cea4a,0.08324281025320412
54c64f47d761f86d,0.7098331509846827
333dcb05411a601b,0.295621678649578
11861d1571dcc3a1,0.2086276961550485
20e00d08f625d409,0.6630587683651141
8574c4f5b2db8c92,0.7782920443888716
95feb433faa8520b,0.9046909190371992
1dd496796a5dadff,0.3194201312910284
c1c248e8483e9ef8,0.3008479212253829
5e0dc0f0f0ea48f3,0.18392466395748672
7ecca4d6c9eac123,0.36653055642388255
58dbf7650b2286e5,0.16548140043763676
4c62224901fd183c,0.5397253047827447
affa636fe0cafb15,0.8600910440762738
c9f2c416d003a925,0.1013617536730228
c19024a709757f11,0.5716024538918412
d3444b15af3a9536,0.6471631759924977
2f54cc2167b0cfdb,0.27193263519849953
d974c7d47092679a,0.0657158487027196
1f04a25da2b17ee9,0.7488746483276024
f133299dc49c2bf2,0.13965106283213505
9542ec8d29575b20,0.881496170678337
6e476b773a15e2f7,0.21345928415129728
c468f0fe05876276,0.22508596436386372
1bdf15bc47508221,0.6419662394498281
687b1d6eaf1bb287,0.7856478587058455
fc8590ee9d55c5db,0.12995858080650202
a4379a3efec7361a,0.046041731791184745
30a2e56d4d608b28,0.662101437949359
4b400d52635e28ff,0.9731947483588622
992d4d4846551047,0.8431228508909034
b91c089133d42f62,0.42781728665207874
c98879c523da912b,0.1868181462957174
7c8f510d8af822b4,0.6925015629884338
9d674a6212b3431c,0.1559139574867146
d3da05b2f284cb87,0.3361792747733667
853ab873686c227e,0.786700922163176
ee0d55e13012503e,0.13525320412628947
fed761caa06202e1,0.18340887777430448
7750406f980f78c8,0.6850832291341044
e8770d9a28fdaeaf,0.9396061269146607
4025856444b9ab51,0.21268560487652394
1d0cc87631f52974,0.9896119881212879
f87d2af1aa151b69,0.47181541106595815
e2746f6359714da0,0.31895709596748983
6b20c519964ca8fe,0.23273093154110658
ac0ef70a6dbe1ce0,0.0601926383244764
29219b6baa3ffa60,0.6431892778993437
ef5245dc0733939e,0.42177438261956857
26d625d3997169dc,0.1263773835573617
ff9580c0b2b1a370,0.7713426070647077
bdad383d41eac454,0.006816583307283526
a6bebd6247dce4a2,0.9190450140668958
846ab5063b60d099,0.9574828071272272
1e342d4cd0cd2bac,0.5239938261956861
b111d554bd56dcf7,0.5476848233823071
9ddbb649643fc0ee,0.8515043763676149
0dc9c8998b42da67,0.8473917630509535
80444594c0d4b5b8,0.41874609252891526
9bf8b2752ad4d752,0.9041067521100343
794812675f553fb1,0.662281181619256
c60c7cf09844c202,0.6149050484526414
06559b4012a85953,0.15921381681775554
dde7362e34a81ac2,0.49419740543919977
fa1ccff8a7481b47,0.8902098311972491
89c1eb286bad23b4,0.04880431384807753
b389067306356b78,0.5628399499843701
a4328554fc4a45e3,0.6160851047202252
fe2ff0422ecd1440,0.44660245389184117
e1f0e9e0dd1f6a8e,0.6524343544857769
e431bdc8db1622e3,0.54344326351985
54d5ddd4fde3db7e,0.10758244763988745
d6a2262fc314d2a8,0.530779149734292
e7039d9ed0ec0c39,0.14603782432010004
357fb25344e0d8ef,0.4285089090340732
8479ceedf945cd0b,0.48100773679274766
30e12f447d932d19,0.660737730540794
a33acfadc007c5d3,0.8338953579243513
32b72fee7f2bc37f,0.34802477336667703
e2ef0cf7c0138e95,0.8370428258830884
c53a5098d3feab43,0.7765258674585808
2d1a504956a9bc59,0.07851086276961551
5b9d63bb61f11842,0.2128927008440138
f8fbcd4440a074e6,0.6609858549546733
c18b0ab8490d1c66,0.4469814785870585
18cc6b0ca558d790,0.8942149890590809
c78d6d8adb708879,0.0874140356361363
928fe114a90feded,0.6912531259768677
806b11fae1f6bd45,0.300990543919975
ac8d5b4456a25f98,0.2691427008440137
0de3b4e998fb61e4,0.08452641450453269
0344ee3e70daaee8,0.7012386683338543
9459a694f708e7cc,0.044306814629571735
f8f24bc3cf3562cb,0.4008342450765864
fca0d01a476eb58c,0.3097979837449203
ef25fb3354e1c732,0.6932322600812754
83ce56a22c714f81,0.8440528290090654
781864846ec190fd,0.24322639887464836
99c27791616e6a14,0.5849347452328852
f00a56545441ae1e,0.24240387621131604
160c77c56d0bc3b3,0.0863961394185683
6bc7f7e6a8dbe398,0.3705025007814942
565c31dc34339cb6,0.8515024226320727
d47a57dc58d8cfca,0.5082525789309159
7d91fd093f331634,0.8656494216942794
a33fd6143896a064,0.06838855892466396
af6776fae916125c,0.9237066270709597
eb63791dfd566fd7,0.7921909190371992
fd94632e98a57fd7,0.7560604876523914
7afa48755b2905cd,0.9330591591122226
cbfe89a23b516339,0.68070295404814
bc9eb4d602b27458,0.40790676773991874
fb8b7e3482eaa33f,0.4455064082525789
0d172dce11eeef53,0.2962625039074711
6cb7efe2f15a8b1f,0.3792943107221007
0b234c8955fa5560,0.14087996248827758
1564bc14da2389b8,0.8383772272585184
11d440c4ffeb2e60,0.4086120662707096
fa46240b99291663,0.8066544232572679
52eb5978e0a48397,0.9470811190997186
bb2cb3fc47f785b4,0.8236226164426382
bd402ae2e81bc456,0.2712488277586746
5b2c73c3c2fab67b,0.012484370115661145
558785e2cd64bd4e,0.8311874804626445
d8d0cdd0e630be6e,0.9878712097530478
54a5cf67504e37cf,0.6106537199124726
b7225c4787addde6,0.24366598937167866
2e444cb3f4217098,0.18456744295092214
ae6ea7b6c44fe6f5,0.7372225695529853
8917e3ac1e161b77,0.4332349953110347
ca8e1b8f4b045be2,0.9288488590184432
b16a002c43cda488,0.8687206939668646
38988311c0c8e2b7,0.7762542982181931
40ac9a289f991b8c,0.4889184120037512
83dbe87c0f3ff118,0.5949183338543295
d8412746401ef6ff,0.14313066583307285
95a1b17435300c3e,0.5594834323226008
9576e0a63d76b324,0.3723937167864958
8e43c1faf8514a42,0.012273366677086589
64462847893bb0c3,0.7654931228508908
2e8d60596fe0288d,0.11523327602375742
e3064eb18f25f417,0.8894302907158487
5c24da1b9f2ac392,0.04904071584870272
ad26aaf8f4bdaf41,0.5076019849953111
a21097bbd8645f25,0.0957525789309159
cffe1ff942479449,0.09790168802750857
39170ff154aa8058,0.7050211003438575
0e2b77f6fe4d94af,0.8165071115973741
4fb4ed274c87cfd9,0.22116872460143797
dbe218b606bf3cff,0.5780458737105346
b1ff3f405ab15e62,0.38908838699593623
b77bd0eb977bfde6,0.014340418880900284
c65c01d13c9051fb,0.8133068927789935
9f7d2bd32579e9b3,0.39347647702407
1d42bbb95380256d,0.7347999374804627
799c5bdb519f3962,0.5635296186308221
af54b26cbb15ae3e,0.4418978587058455
9ce958c47b1e7d3c,0.6932889184120038
d39bba0520b226fe,0.499140356361363
c4923735c16e8881,0.024876914660831514
43506b20fd8ac430,0.32952680525164113
685b0ab35ff084e8,0.854317755548609
03212fcbf4fcc22d,0.8425171928727727
7aff26a87411e8ee,0.806988512035011
9af789cec1453f89,0.0762542982181932
41f2ebd04afb728d,0.7379806189434198
a3a3009c55baa210,0.9806853704282588
688382bd40810598,0.43655634573304164
42cce10beb6c55b1,0.20033994998437013
59fe211f9aa2b83d,0.7590868240075024
86466c925086fe3c,0.8464910909659269
cd36f54626e83a21,0.22621326977180367
ded728c05e20539a,0.8502871991247264
0c7fd3a164040b3f,0.8383459674898406
614f526f552a972f,0.16648757424195063
cf076cf42abbd2a6,0.2098605032822757
e20135d1136fb289,0.2448167396061269
2b40340f15b07950,0.8578696467646141
92ea7f3ec80af25f,0.8905888558924664
1de6db095fe81c3a,0.8059686620819007
e13432ce761076fd,0.4701723194748359
ae126eb3da41487a,0.1671283994998437
05436df37c119ff6,0.6388383088465145
b9203ce854a26300,0.47660206314473275
e39f8336b7fa1f6e,0.8180486089402939
2d031b0318ea5a02,0.4605755704907783
54304b5c419290ad,0.16587605501719288
e9b3e8a0a4077e28,0.08988160362613316
1dced917867d765e,0.7707447639887464
c004a070a93054de,0.8541966239449829
3fa194a91f4562c5,0.406386761487965
76d5a2300ca56933,0.1477786026883401
993bd3c445b80c92,0.5336980306345733
16eff5adf0cf07a9,0.9701938105658019
19f4c91cd1038cc8,0.1439903094717099
4ace42dbd199d1b2,0.3805818224445139
8232534ba45ef07e,0.596913097843076
a2eb06ecbdb56bd2,0.12986675523601127
e33ca091fb503e03,0.5796205845576743
8b65603997a5d0ae,0.16025711159737419
c4702fc1a3b838e1,0.4059549859331041
0a2ca915437c9a04,0.11460417317911847
6e4d60a1e5913350,0.16537589871834946
0eb4def034c0e542,0.9479192716473896
0dc7bc6ce45f37c8,0.048874648327602375
69c1bc9b1691880f,0.677956001875586
249619e3bba248c5,0.4985327446076899
8a0925f386616243,0.5469580337605501
c609c9019d1d7b32,0.8077700062519537
dea132cdd56b9c8f,0.8715418880900281
24c6ff18b883edd2,0.9829399812441387
06ea151cc4ea5974,0.11512582056892778
dde1072c2340c07c,0.09272428884026257
bf6234d11406ea49,0.36169506095654896
610c0fee53d0cf9e,0.839131369177868
fc0691273040fddb,0.7645416536417631
46bbaf2bcdf5a362,0.49933377618005625
6f4198d004803569,0.4000195373554236
3f726ca9a49e022b,0.2022311659893717
2263ab08ec01d546,0.1892153798061894
dc2a61d22023b42b,0.9846358236949047
9cb03c429bd54976,0.05538058768365114
d3d5427c6c9640bd,0.9040246952172555
a356aac05b7d44bf,0.20519889027821192
2c28820cf1ae8254,0.7579673335417318
cf49994228b74e3d,0.3735307908721476
ea984ee0501b30dd,0.44130196936542665
3639d96562366ada,0.10733432322600814
007d989968211b0c,0.3561523132228822
47b004a1df7ac9c9,0.4829536573929353
f09cbcb79049a436,0.8623866833385434
d3e17fc998bf6787,0.4930740075023444
0c6c8663f624c58e,0.17166106595811192
52720efef03dc54f,0.9463093935604876
c6a5cca33f57da61,0.2625937793060331
b1208369a0074122,0.32160245389184117
b0563e971ad0dbda,0.048923491716161296
a0bb9373f1dff1b6,0.7917708658955924
607b5d747f350fa9,0.8255939356048765
8945214e2c9cda71,0.888238512035011
7fdea294906af44c,0.8618728508909035
1f3c2f31d844d10a,0.13185175054704595
248eb5a4a5179bb0,0.9595264145045326
f7522ca250fc8477,0.39035245389184126
3ac3d9675fc09e64,0.6594443576117536
b65116a131be84cf,0.8734174742106908
7cba939dfaa4fb1c,0.9366071428571427
4e484a321de70373,0.6686151922475774
48c00464ee810da7,0.7630822131916224
11c760a8108e0ab5,0.89887269459206
4ece5849758d2bbf,0.4295619724914035
2d34cfaba66dade6,0.895369646764614
597b3aa023ec1731,0.06873437011566114
65e095698c6b2018,0.7297749296655203
d4685373bfa64d8c,0.14536183182244455
b2a24aac339b046a,0.5158955923726165
d018e1502c830522,0.787384729603001
b4a5d705266bfd48,0.4169408408877774
1bc1ad21db736edf,0.35114098155673645
3584862144963b16,0.36893560487652394
64acc3b4a0341a38,0.11487769615504845
ae1b7c2913418b6f,0.014422475773679276
5ff184c18b029b7c,0.1864332603938731
d407cc2c1f68ef5b,0.8565665051578619
10610f40d2c4beb2,0.09935331353547985
a8e72b280bf38b81,0.30650203188496405
4802ee9701571a2d,0.9877383557361674
c0ba503ad79cb130,0.9957017818068146
a428e18a2571696e,0.5580396217567989
d973ea3bf88a0f3e,0.767452719599875
cca48a6fecdefbfd,0.4846455923726164
387eb4b1c9690ed5,0.17515825257893095
f9b045f246df515e,0.8370486870897154
b8aa274fe0062de8,0.9435175054704594
9d67fee3adf9e1fb,0.805532979055955
3196cf2ddaa8893c,0.7547495311034698
c6cb67394ff79930,0.5774988277586746
b713b9f13a1a825f,0.5027723507346045
0c55301e8a9a0e8b,0.8736753673022819
06cf6a66edc51d64,0.8889125507971241
73877568d5adcb7f,0.13243005626758364
6e713b6c6d9ff701,0.734999218505783
35b98290788b0e15,0.8904853079087216
c1699d21d21f249c,0.3350695529853079
4d4b1f0d9defbbe6,0.919132932166302
c1eb4bc9fb4e0c7f,0.6171440293841826
ac64ea4bb93cb2ae,0.8100636917786808
a6c0198d0ade9eda,0.8721475461081588
4ee5d36590d4f29e,0.5594209127852454
39d7718a5529cc62,0.024394341981869332
4f6e36e222d122b1,0.42660401688027505
f7b65c4533428cbf,0.8826332447639887
32839e57f8e1ec72,0.5572288215067208
0a631a26c3a1a8ef,0.7657217099093467
42ae365efff05b84,0.3402059237261644
aaf16c83ac07884a,0.7153602688340106
e3fe57ec38bc0cae,0.3761781025320413
a269d748b94103bf,0.3767427321037824
29320c0461eae48c,0.09886878712097531
98b75056b390e87d,0.8443947327289778
a18aa53890bd84ac,0.7316524695217255
fc5a2a2354cb11ed,0.15565801813066582
912408725cfa628f,0.5485835417317912
6453b1a068b68ddb,0.7701977180368865
d95e854d614ff5a3,0.6413175992497656
85a79337144b2a84,0.36779266958424506
b5e18d3eb66f6250,0.06932244451391059
3b90fc3f1087e3d5,0.14591473898093155
36f89bae0e5df26e,0.6426461394185683
7de9a21c9a6df7bc,0.9436796655204751
4ad662d48155a76d,0.6188906689590498
1016d05cc8d07dfe,0.5757346045639262
b0a028857d9a81dd,0.47786222256955296
c7da65ddda5ab002,0.7870643169740544
8faf1048140782ab,0.4617478118161925
d0f1cbe5f5c2cc97,0.830253594873398
766a85256e2db000,0.09534815567364803
83f8495a5ff0fc2d,0.11331470772116287
a57ac84facc6651c,0.8764242732103784
3e18333d2d1812a0,0.17433377618005624
2e2c93c0b28242d7,0.811591512972804
290025e556e7a964,0.3388969209127852
34abf7197c7817bf,0.515778368240075
4c990af23095a8ad,0.903190450140669
b30f0e7ab6ef02e6,0.6935663488590185
955f054ef8ac2a98,0.9917923569865583
efdde8377abe8fe4,0.6508537824320101
cbfaa9b940f4c2cf,0.8018306502031884
51e64153531937a9,0.9009553766802126
3b7b80317148399b,0.8107728977805564
b1de8383db45dfc8,0.589371678649578
0d3f9429ecf4d4c2,0.07036964676461394
c4499c39e29ecf53,0.43423335417317915
7800f7a3f936332b,0.09637777430447014
b837532e3fdf4a50,0.3737984526414505
c681da0099cefd6a,0.21795287589871834
c7acb3b5705e68f2,0.17864371678649577
7072f5cd32c791ed,0.9270494685839326
00b5216b2f2dfa33,0.999
b2ae02f82d15b4ad,0.5606576273835574
5ddd4c1db54b9114,0.39790950296967803
3e6fa59b53549aa5,0.4035284463894967
6b853eda68180bf6,0.7584948421381682
0ee247af650122c3,0.9591473898093155
9e2c6c5193f21067,0.19626250390747113
6cb5b3e20565dfc2,0.8529618630822131
dedaeeed301662dc,0.1846983432322601
7244a91f3ecd611f,0.04209323226008127
d5447b494619e05f,0.6003145514223195
d114e64d8dfca5ca,0.16206040950296968
762e061721ae89c2,0.037373007189746794
0359613691f7c01f,0.4068810565801813
ca90a47bd789f6fd,0.6043919974992186
b43584123f43b018,0.3052575023444826
0770e000ee552df7,0.8463230697092843
b396a1df0d592f4f,0.22877461706783372
51ffd9a173cdec87,0.9356634885901844
38e628d583de2dcc,0.25479446702094405
5e444909efb4f076,0.48118552672710224
147047e5cda600ea,0.7198030634573305
02f5e786b6ca732f,0.2650496248827759
b29abac474eba51d,0.966806033135355
14f09256775b5595,0.7159073147858706
4132a178395f2d42,0.8031337918099407
3ecf5a5ba7668082,0.1624140356361363
f7b8ef9f4baa3954,0.9323050171928728
344ae6cefc6e5e28,0.08694904657705532
9f8993a4d3fd8c66,0.5118396373866835
02fb2d64b2963430,0.5853919193497968
cc3e88fc10db73fd,0.7659248984057517
e1b25ee0d1bded29,0.8122128008752736
6811aeda7c48195f,0.5600890903407314
2caefea2089d3348,0.8906533291653642
06624c42e6f173c4,0.9787648483901219
18d0862452891d30,0.7462371053454204
aeff78b9acbf4d71,0.378524538918412
3c4fb720d11f542d,0.1480775242263207
ccf649ea4bfee844,0.3988336198812129
72bca5a449e85cd9,0.10072288215067209
fd6a74697a1a9ec1,0.08501484839012191
a629bcd8e7727428,0.20321780243826196
4234c32600399d7b,0.9051402782119413
dbf0f354d6059039,0.19909151297280397
3807b180f301e7e0,0.6012757893091591
5cff8cd0dc4c326d,0.37513285401688024
a28550e03a14c9e2,0.8231849796811503
244915cbbfabaa93,0.07093623007189748
f5d28c37e1483258,0.36415286026883403
625d0351dedf957b,0.6098487808690215
daa98d98f6971d07,0.41775164113785557
aac141e3478df5f8,0.4292591434823382
6e2d6b44bfbd409b,0.7449886683338545
34a46acb36dc8ef8,0.2329341200375117
f709bf78e6f0fe9a,0.3707349953110347
573ce0864f1f1a1e,0.2119939824945295
d6421a369f95b35a,0.4874374804626446
6c74b5b293b1b97b,0.11982846201938105
51cf0713d5fbc070,0.6110600969052828
062ba7304652bc27,0.26101906845889344
930853397c388814,0.016970146920912785
2e48c840c19e48bf,0.5638168177555486
2a51f116e23cffb3,0.694017661769303
070669d7057f8aa5,0.9375410284463895
967936eb15802a83,0.5013050953422944
83ec0a0ff919a926,0.3286788840262582
a35f4a25719a4b95,0.061966630196936545
e646bad2986e850e,0.6536026883401063
8b488afbcc578dfc,0.5546323069709284
13ea6594c14a4026,0.38096670834635826
d0e536523f93f64c,0.3127618005626759
0e5ca22bcfd8c5db,0.94460378243201
9fb1e891c08b715f,0.02376133166614567
7199fd0ada65fcc2,0.3267192872772742
2275f9dac244010e,0.09288449515473585
24e5ed05f908296f,0.335436855267271
6cb602b86bec19a4,0.6835554079399813
9325343b0fd3d676,0.41920522038136915
644e5f81463951ba,0.5332740700218819
37046a2dda9e5889,0.6520436073773054
c7df199599dc296d,0.5173589402938419
54e463d760c0c6af,0.07860073460456393
9bde8f101bdb4095,0.5270807283526102
bc5c320666ed7ca3,0.09485386058143169
4e44d72109230bfd,0.6502911065958112
235aebae2ca0d45e,0.8086394185683026
55a1d48711c4359f,0.33687285089090346
c1ec685fcc48d91e,0.5442970459518599
a51c93906bd78ab7,0.7092040481400438
207c0a6423cf7a33,0.5752676617693029
c7693bad80c482e1,0.6647077211628634
36b92309f6e5618a,0.4807342138168178
26ee6d56130da0fc,0.700519693654267
587c7d36156381d1,0.2306052672710222
50d432d2b52052b2,0.6155829946858393
b738afb14f60d587,0.9479661613004063
1157c08c11e901e9,0.8444963269771804
cfaea6958357ef1d,0.37575804939043456
d8b3ec80ec080d08,0.8414660831509847
809c8f80468b1337,0.524030947170991
1bdded460bb636a5,0.8924136448890279
96cc52a1a3f13e6b,0.3335280556423883
c97a25af08369f73,0.062087761800562684
0de5d7bc5b46bdc6,0.3622069396686464
c6eca151f8576037,0.4123984057517974
7ef7f606745e05ec,0.05094170053141606
c5ea9ba7fa065f8d,0.9971690371991248
63142c0d75cf9aa4,0.07001406689590496
c396e609d01a9bcc,0.1033428415129728
7c9db70c27860a32,0.6319220850265708
8dd4bb6eda603b43,0.35948929352922787
d5eb724b5ea43bba,0.9324613160362613
e7e9bc7d5e2e5674,0.717628555798687
24b3176d5020b612,0.7885472022507033
6fed295aff782896,0.9978704282588309
12d17a3ef6b47faa,0.898982103782432
2c550aa9cd671368,0.06588191622381993
df00e28247baf9ff,0.6201801344170054
9449a45c9d7b914f,0.22156924038762116
9a8393310d9b352a,0.5483490934667083
e1b1b6a194b4b1d6,0.3213289309159112
7097d3e397e94525,0.33624765551734914
e3d1f895e94e8bbf,0.6732572678962175
6c46ce4b2303ecb9,0.46011839637386687
999760aff655cfad,0.07646139418568303
6d526f4593563124,0.3950179743669897
467801b5de42246d,0.615000781494217
81c9cccf75c1503c,0.15743396373866833
bd1aa64c7a5dcc06,0.11648757424195064
df1a75c489d95957,0.0810233666770866
7e6ebb5b237b817e,0.2790383713660519
1aeecba2c7866fb9,0.6056775554860894
14269028868b89d2,0.27463855892466393
5ec456826b243dcb,0.3254630353235386
e574a546f8e193c1,0.9367028758987184
b0ce65cf243f3ae1,0.7045893247889964
8b8e8a00e6e1fdc9,0.15112730540794
4a87b2b000e87686,0.7962117067833698
1175204fe5f8cb6b,0.306632932166302
50a79bbfcd719a29,0.7062656298843388
0d8c215cc600c1f5,0.4346416849015317
3ceb989ec05cb0ef,0.8648464363863708
c7ea3f3ae516dbc5,0.06863472960300093
060631dc9f8845f2,0.6349679587371053
4ccc3fe421151149,0.22029735854954677
fd51240f58f2ec0a,0.05375703344795249
9bb25b00d30f4ce0,0.017853235386058146
1e633867010ad35c,0.2460808065020319
90da0c9b099080e2,0.5001269928102532
f3ba8015df41ef05,0.7282568771491091
7006c751c11cdc01,0.5150144576430135
db5b922ab7ac849c,0.2360366520787746
8ed9c5e3ceb94d30,0.47561151922475775
32bc573af0d063e6,0.2140571272272585
b6f5ace9b32140b2,0.9060057830572055
2acea7857a236b62,0.5196272272585183
2dd5886a7dff0caf,0.6280849484213816
cec7e9631578eacf,0.959002813379181
aa1276a52bb96bae,0.8564668646452016
f90658bc8d521271,0.7215184432635199
8b65638e31a74f80,0.5012328071272273
233d4e0eb18d8449,0.9321780243826194
95e779988eaf54f9,0.560770944045014
ce033e0586a41f4e,0.31061269146608317
29007abfebc6bd71,0.42730540793998123
37555eedf932eb41,0.37391567677399185
43f0b7fdd64e4d62,0.3583248671459831
48d11190742f10b8,0.9738218974679587
54167e2d347acd9f,0.0628399499843701
adf2b2540dad8766,0.7682185839324789
aa4854b6b5329860,0.999
371dbcc2d3dab4d7,0.4790461863082213
29fd5cd58cb38dfb,0.9658506564551422
276d786a03dacf69,0.39733119724914034
90290aaf619cb77b,0.2430720537668021
80904c6eddcf06db,0.13909620193810568
5232eeb9a1fa8f60,0.8091747421069084
6205daeed9459b81,0.21278915286026884
6b4abc5da4e3aad2,0.7582467177242889
ecce281c5f6153c3,0.8405282900906533
926feb1c20abd0b8,0.02082486714598312
64874c60d39dc86d,0.9784307596123788
1868aaf30c77d6e0,0.5792591434823382
52e964be6dd475ed,0.9787238199437325
4404ade20ca8acab,0.9396979524851516
f6bbde7cdf6430cf,0.999
6f9ac9a8227bf174,0.8887191309784308
e4afa0c3ef07f2b8,0.31457486714598315
a85d4f04f63f1f8b,0.17635589246639574
7f3411e87c2708d7,0.5336511409815567
5be924d7d731a308,0.3757052985307909
41ea202bf96f7295,0.33523757424195066
e7d3e68c097838d3,0.9389379493591746
c21ded045b04b1d7,0.37655517349171613
a87de56d4f2dc966,0.01656376992810253
b073cc5a7d5d1fc4,0.35616598937167865
cdbbb57088163b02,0.2532256173804314
97a093dfe9e1eb64,0.9201762269459206
68aafe54d00b3081,0.6073792591434825
dca611f4099c1df7,0.2563105658018131
068c9856fb6bfd0f,0.07208307283526101
ccec2927e56ab3d2,0.02142857142857143
f4239e382087c8d0,0.9261058143169741
a37f1921e2ae64c3,0.4074476398874648
abc7d40ccad7d04c,0.05206314473272898
7be1ba405f826136,0.9052750859643638
82f1ae3eff7b57d1,0.33615387621131604
64bcb6835fcb93ff,0.9096182400750233
8a7d498479d37ffe,0.551734917161613
ddd893f6f7c67340,0.13525515786183184
63438b2313c7cb87,0.21328930915911218
