id,label
6403a3f8d07557bc,0.3871628633948109
1b1d097ff5b144e1,0.5577743044701469
08c7c3c71a02ca8a,0.8396145670522038
7f09e9039629a38a,0.5746167552360113
1fecfdee265e685f,0.7494066895904972
2b1b1ab99f54e1a7,0.49734979681150354
f893cdb025b56c89,0.7054445139105969
84466d5fc69b1dd1,0.78365082838387
e0f419be2a81cbff,0.27332166301969363
d9e55e1259c7c29e,0.8040425132854017
602d7f4b0882ec4b,0.6812322600812754
67f2f87cc129d7da,0.8770894029384184
eec96ea0e1c9f7cf,0.028484839012191315
d85127e773ec4820,0.7284148171303533
9e96822b06b0f7f3,0.36193560487652393
c6489148a3f9498b,0.39544982807127227
ad5ca801b22a4eb2,0.15093466708346356
22e01b671e9f12bc,0.3103857455454829
4953dbf3e113fbdc,0.2190550171928728
95397470f084bc6e,0.9966014379493591
ff39045f375a9792,0.17362582056892784
893575902a76b6bf,0.17995936230071896
4d9211d2b44f7d9f,0.28069396686464515
8205441451789e41,0.026404188809002815
5ade617aad761daa,0.9541700531416069
7d8bd74eaaf831a8,0.7530375117224133
3a4abb16616fb838,0.17595311034698344
6e14ae545a54ec6b,0.8240053141606751
a6d127f7b7a19a79,0.87152860268834
e29e33c4a6eaf6fb,0.6376427008440138
42b296aec3a400d2,0.4437721162863395
238a42187f0c12de,0.2707789934354486
4c99d80ab952e272,0.8198927789934356
ef909ea8db65784b,0.887340731478587
53283f9869842cd5,0.834569552985308
fa99ef0b96b51157,0.8167411691153486
3cdaa31c37582a6d,0.8426292591434823
e007009eea08f15e,0.28630603313535474
e46769b586a6b83b,0.8855926852141295
c77497b63a864028,0.08261800562675836
bceeb0086c625fac,0.18040293841825572
5abf8e5791e5fa94,0.9463354173179118
0b7d89ea3694651f,0.6673360425132854
ce60477eea0a9007,0.9686558299468584
847baeeadbaba41a,0.3954463894967178
aefefeee7da6b616,0.8008177555486089
321cc4b04985f915,0.3647145983119725
590cfafdd102ec19,0.5112866520787747
0a3027ad8dd82438,0.07745326664582682
01e58c9ae88cd390,0.2990584557674273
8f5eb2d903aad722,0.219991559862457
3f1b90f008fcd5d0,0.8750331353547984
9e55098b34909114,0.7460934667083463
ed3723d6f0b305ec,0.5254801500468896
e1d77367315c8c64,0.4262394498280712
b97a34687794c3cc,0.2725879962488278
2d9a8bda25c031b1,0.18841419193497969
367427e76fbb967a,0.6056148796498906
2d1de7cf3363aa2c,0.2746214442013129
d69cf5bc1f0112f9,0.0931203501094092
2a75c552e6a0103c,0.8904595185995623
943114c642b7e30a,0.3938871522350734
5f4258edf6c1b382,0.04543201000312598
ff0a817eba03cc6b,0.7618121287902471
c77fe2a4fb942f02,0.8746336355110972
df587d726667a5fb,0.8341300406376995
8c09d6fdeb48dfe5,0.22818068146295722
564e16bfb829c7a8,0.0719699906220694
e592482dff2b62bb,0.09934260706470774
33319a7020313788,0.6517471084713973
4700a73d634e28f5,0.9731978743357298
e5d9aee597bb4052,0.3160200062519537
b93533776029ab4e,0.9276323851203502
e9274894e7ca5d48,0.02549421694279462
37e126228f093cb2,0.42759268521412946
ee5e8daf19a62436,0.8943776180056269
5c2af7cb33fcb9b8,0.366374492028759
dd6cf914fd458758,0.16143638637074087
7943edf1ba3d08c4,0.2953901219130979
50dccf68b6d84c9a,0.305910284463895
71b1d024ea8e0791,0.4804495154735855
a8ccfbc903739855,0.09364738980931542
bbf9130a10bb2e61,0.14120287589871838
41a2cd1fb3af1f62,0.5865870584557674
e5b00c5e94bb1efc,0.5017214754610816
8a2951b875e32f95,0.11577555486089403
4b4241c32f2ae2c3,0.24931447327289777
8beed49416c057b7,0.6047677399187246
1cc185c7cde5f29e,0.8749137230384495
635d0e269bd151c8,0.0501203501094092
9eb98f9a7202dfe8,0.0860653329165364
c224615f7e3ecda9,0.11763019693654267
f93a14286735bede,0.25186308221319165
c118092c44e808f2,0.8094045014066896
0972b7359cd12fb8,0.09267802438261956
22318b12ec6eb14f,0.8604626445764301
9c92d4068021c258,0.93105626758362
053aaf6bcba9464c,0.5485392310096906
966f0341c7d1f5bb,0.29328790246952174
624826d8d4f7d476,0.23717943107221007
250e83ae550b1992,0.9125829946858395
9ff420d30b835836,0.8530734604563925
f74cb9754e9ea82c,0.47022569552985316
8ab5a2752e698725,0.47494498280712727
56957aca1f34dcea,0.7079521725539232
a6c0cf21bf0a1be2,0.013901844326351984
427e6266110ac72a,0.9313391684901533
7b84fe626f3ebccc,0.7345264145045327
6abd9ee5808aa267,0.3584563926226946
15aaf86082111e4c,0.7158902782119412
afb1bcdc94b9bce3,0.08454141919349797
93a337e7b4fedfd4,0.500935604876524
cddee4f1517d9dd4,0.5393054079399813
755140c7bd8e7223,0.49806189434198195
0ae88cec371ee0f0,0.16481681775554863
08a9f02754051fc8,0.9567211628633948
4bab179b9218d454,0.3425726789621757
2af9aad0b831d3ec,0.05564145045326664
7d330fd87e35ee09,0.47753547983744926
d79f0de699294b3b,0.7373291653641763
652a8c0826eb2609,0.5819581119099718
2ae2ef63a2565c3d,0.7286130040637699
1bcffad3764f7c4a,0.18709377930603313
707e78f41fd82174,0.12095623632385122
e4824a55ce76b702,0.06234385745545483
993182bb80730c31,0.47651984995311036
dd67c105d030f636,0.7120271959987495
3dc4dceeeecb58eb,0.6787589871834948
90a67d119116b976,0.896671772428884
a483f8d40e026f5d,0.13724757736792748
3d24648e710fafb4,0.21748671459831198
9104c44e8910b122,0.06843075961237888
47b77ad7aec9f1dd,0.2276189434198187
a66cc4155a0edaca,0.6020184432635198
1f4dcc29503e1a4d,0.5839871834948421
0a295834d6044914,0.3738909034073148
bdce8615df21ee2f,0.016571115973741796
694b4d3b1ed04c61,0.055841200375117236
ffd75ff5c92f624d,0.6704814004376367
717e992041e77d9a,0.6054226320725227
eb5157274916100f,0.7077714910909658
b77c5c610fc74da8,0.21970928415129728
41d2ba14e653bbad,0.7515498593310409
f2b612c9be07aabe,0.6368949671772429
3451e892c310a998,0.4683901219130979
2ab24c04722d8bf6,0.368302907158487
38ded7c17115e7e6,0.7911481713035323
afed8219aa70efeb,0.4520121913097843
1e9c4d7d2de01fba,0.6014973429196624
c1bda90e9a3b9ec3,0.3126486402000625
d406fda410e7c177,0.9597939981244139
f49753bbcfabdaff,0.4496655204751485
4daee2e232e58a56,0.9417183494842136
858a9c1611f558cb,0.5209159112222569
05b0a9e8b1444d99,0.27322444513910593
8b2ac5da79a42e4a,0.8834713973116598
222fc0675ea28b67,0.271210378243201
77cb5f88dff15921,0.477507658643326
947d5752d88dc00c,0.9704479524851515
309a531dddebb471,0.7976989684276337
7e5f9d7d0cdf5a81,0.3703035323538606
6dfe2ff41e67b01d,0.44273554235698653
9a51f7696f388499,0.4929121600500157
9c5cb5a9b9b2b4cb,0.778969052829009
bc7e89abddb2aa54,0.999
5d3eff0bafcd186f,0.7199209127852455
d592e9d5579075d5,0.17258862144420128
475f765f9fa22959,0.8868643326039387
71d36204d6040aaa,0.6672313222882149
78119b8ffb9aa8ab,0.33845170365739297
09d1e9b9b858fe18,0.7600778368240075
ba5f5f59e3b0b755,0.8575704907783681
3b7344f40bf64734,0.46737574241950597
1f72c876a5e3738a,0.7845261019068459
86262f7438a90d1d,0.4811112847764927
3f6e10ed3e6a6303,0.9505307908721474
ada42e94aae1a58f,0.8216820881525475
b5320e4cd134414b,0.6842407002188184
ef83ac91e80ddd9d,0.45925382932166303
b8a457f0c9f14bef,0.36928508909034075
74947cda3decdbb1,0.5204692091278524
a39392c735bde1ac,0.4196789621756799
afb321701a74d5b0,0.17441794310722103
df401b9701e04299,0.16048296342607066
c9b67772b4c4f44b,0.836852766489528
b5665177cd7b6c5d,0.01807158487027196
1d621e5fa6b0c45f,0.16817286652078775
2d595ec6f4c2524c,0.35155892466395744
6a96a53512d24696,0.22450484526414505
b3a68808640b25da,0.2167446076899031
cd9f2b2346e70af7,0.28044326351984994
d78d162e0d903e67,0.9066770865895593
512b0444982361f4,0.8829384182557048
36f4f9a58e05409e,0.27991841200375117
e4b4fc878504822b,0.4844260706470772
d2c6c32ea3387653,0.041983432322600815
62d5596d1fe892ad,0.7942713347921224
8756eb85074bbf32,0.16553860581431698
9120f37fb674d8d5,0.5793819943732417
ad529a51765d4ec3,0.22501375429821818
f5e98c69a45e4a76,0.8584254454517035
4e8ecc5a6ef67336,0.596708346358237
e26f37d892f837e3,0.8443050953422945
377bd33e8a9d5e7b,0.4343304157549234
7277e822016a05a5,0.7445811190997187
94fed9a4092a19bd,0.645483901219131
28d304cf97ca614c,0.6282716473898093
5a5195df47e373d6,0.10823694904657705
ebc9acfa1d364336,0.13909377930603314
5d76c6de5ee62843,0.6743873085339168
511d1dd15e99184d,0.6524113785557988
b6d744f202fb4a14,0.8987805564238825
43c3e8abee7ceeda,0.6997133479212254
41afcd725afd0bb9,0.4356983432322601
bd4f0c1a61da90cc,0.9880956548921538
ac5e8e6812e3a526,0.48455017192872774
61843635f4d407cc,0.9566033135354799
d643d4e6d84db59f,0.6964817130353235
5c0b8bce49a0a773,0.8806445764301344
7c6020b2e5dae41a,0.48658518286964675
4a6f26c4ccfa8a2a,0.20783682400750236
f5ff436197b8129d,0.5517508596436387
27b8587241bf56d8,0.2758271334792123
a198a7b963854e6e,0.09981775554860893
8661667952751501,0.8163969990622069
282a1321ef8c1306,0.3795776805251641
db3dd0b21b03ce9e,0.5887446076899032
3bdc9a83d65a78f8,0.5936495779931228
2983651d59dfaedd,0.7866192560175056
ba2be23d69668658,0.2268715223507346
89d58eb00d13e4fd,0.26837011566114405
d2caeec36f4769a6,0.3793091591122225
dc23c7fae5f57288,0.5547511722413254
c6e284593c89d176,0.7526573929352922
523464c4f48eb02d,0.8838605814316974
cc7624fbfc77736e,0.8383582369490465
6b0c371df7cfc676,0.6494701469209128
986e8a5497d243a9,0.8921781806814629
0880ed3a1a77013a,0.5832172553923101
791d60ceeffd7ccc,0.9135264145045328
1fb2b452cb819b3a,0.869220068771491
6e683e5731d8aac7,0.6077164738980931
d752f92de2b858c1,0.2781062832135043
91654f6c88bcc480,0.22705126602063147
308caeebcc6bc059,0.33456017505470464
0a092e2b8c9c06c5,0.6278721475461081
e29749c7cbb0ef48,0.11568333854329477
02521319f8872bf9,0.05805751797436698
f699494da66c4efe,0.5591300406376992
060f874ec99eadc4,0.455633948108784
1a2ea8a74fd54c2b,0.552088465145358
a98b83e132c75465,0.16290465770553297
0fe8ca7c247fab07,0.7992156924038762
c8d9bcea59632f23,0.5880787746170679
0ab0d9c2a040f32e,0.24826945920600188
a03fc647d8141fd3,0.9106855267271023
1036e1cd53a850ec,0.20667396061269144
519d3f96c9895253,0.15140137542982185
28df6bdb66f8e09b,0.8773766802125664
89713786047cfd0e,0.5034204438887152
6389830954a0227d,0.4665035948733979
8a5f2d2c5004dead,0.0995382932166302
19d4cd44aecb29c7,0.5100109409190372
2ed9718fa269e456,0.5266408252578932
31d0832c9b203b46,0.34703813691778684
e21b68ce26bfc500,0.6940668959049703
cf8783ddc0b9bf95,0.003217255392310097
fcd44919c1b3f412,0.9183516723976242
c6e50665e7bf8738,0.4726920912785245
ce0179fa676d128e,0.9479374804626446
423e064e247fe04c,0.7508249452954048
0ebb4ab2c338fde0,0.5856248827758676
37337cc831e40a2d,0.6491631759924977
04eb53517170d936,0.7808183807439826
dac684a7b8635061,0.41266364488902785
a2f354d17d1431d3,0.707503282275711
8a42e6579214e167,0.489521725539231
c35d24cd26008161,0.4829815567364802
077789ab8d103e29,0.5455873710534541
5deb9f3705c67be7,0.6090631447327289
dc531f502bccc4fd,0.5856011253516724
ab4b4d6c12291a2a,0.3214917161613004
47b284804faf97e4,0.5261203501094092
d46bd1fa92be695e,0.0955423569865583
11c536ec56a47156,0.2982419506095655
d5bd7d0c4a297748,0.0510231322288215
d30e6ef239a13f14,0.7142966552047516
8be010237b513256,0.8990443888715225
e3ed18d3d53d8aed,0.32611597374179424
a9f5c2f8c5922e10,0.8439387308533917
05a75c012be2ab6b,0.9801994373241638
a068617fc089ad48,0.565671772428884
687932e8fcf71376,0.18813816817755552
fedeffd4ef29f976,0.20381462957174118
5d3e23d9b2256c27,0.2404548296342607
c6544d7502deea99,0.241193497968115
096cba9bc78d7637,0.7656455142231948
76b587348b5c4d59,0.6180772116286339
62185555ed060f0b,0.5391516098780869
b538966eb4ce164f,0.04984307596123789
8dfc12a6712b0903,0.6885251641137855
3ab52adc4b1c1768,0.24507127227258518
463847f9a1f414b6,0.7177058455767427
e93e14d11fc793e7,0.04624007502344482
2cd7ea4ff0b97ed6,0.5566814629571741
3cf1ec0a8c671d61,0.18655923726164428
e39df281ee7e153e,0.3131241012816506
272a6816ce2c7c9d,0.4330268834010628
f56230f889018c95,0.8125861206627071
4119f28f6d4d40eb,0.5671347296030009
3e744e15c1c6600a,0.6703410440762739
7975b8ce43d7163f,0.45081806814629566
76519a1ae0dba3b0,0.7515648640200063
6f6aca7dc35afbbe,0.32126914660831507
658aa810bdae773d,0.9855292278837136
41c3618b9180e8e2,0.39019099718662087
7cd53693b2b3a4b3,0.22344045014066893
a450a4bce9f2cac2,0.720471084713973
05bd9ec45ff54b8b,0.12256767739918725
0d67ef8a9dd3249f,0.65365082838387
514cfc846a144390,0.6090071897467959
2856a2a0114ba55e,0.7963751172241326
ebe02c0b1c116ac9,0.23523694904657705
cc31cb4421bd54a5,0.6470887777430447
d63593c7bd5f72a9,0.7986467646139419
962b8c33b5be069b,0.16642669584245076
40e508ceed1116f3,0.40797405439199746
668eca9c4cdf1507,0.6076755236011254
c15735bac7d4e6bd,0.15517818068146297
09d2cd5ccb05a325,0.46506408252578924
71ed58a8f5d479e3,0.6611281650515786
56fd1ce474cc243a,0.8732588308846514
4c4fc4fe6dea340b,0.7880909659268522
68fcea284ddff8ff,0.7481934979681149
8913329e85f873f7,0.5435589246639575
7a210b4ff6c29678,0.5739634260706471
91bd2a01c0384263,0.9204785870584558
14e4e31c9bd8d90b,0.1832663332291341
410f92d0f317cc8e,0.5560365739293529
780cd523f303a8ba,0.2939299781181619
77ae2af1842fa5b4,0.4055714285714286
eebeb3dc997eab87,0.686261019068459
fa6c4d5205fdd5db,0.9718333854329478
f1798e22aeb3b385,0.9839793685526728
8af0df5286089649,0.6901863082213192
6e224e4033db63b7,0.10770115661144108
b8624ae03bb7e7d7,0.01493497968115036
52ca2f9cf118011b,0.9903894967177244
52c5dee14f8320fc,0.6828518286964678
43a4ed5577b3346d,0.6355736167552359
332563e196c7a1ee,0.8886698968427633
cc4b32b77225218c,0.7389199749921851
0b34a503e14e5271,0.9082378868396374
33100c4fe51f7435,0.39256830259456077
6de5ffe2b6664d73,0.10853516723976245
ba39076152cb0ee3,0.6063185370428259
aed179ff9c81f4f1,0.016707095967489843
ea1a9bf792fb6a7e,0.11065864332603938
2f06ce2d10fe3866,0.5984885901844327
11855575a4718674,0.47002563301031575
06d39de4f0e13f3b,0.5553160362613316
5fd7c68abce444af,0.7522535167239762
d464bbc0a2f6ec7f,0.8480428258830885
86a7d5c47fa116f8,0.10974116911534855
a260e587d0fd3fdc,0.928270396999062
6c07a18d9f02a585,0.8409177868083777
8fd3d88e27ef7240,0.33445545482963424
80dd9757384d7ae3,0.3782619568615192
00a0f9038422aeb4,0.6281716161300407
dd38ea8c63c0a90b,0.5709318537042827
e23a165731b18098,0.9319343544857768
9bef89bb8b6e707d,0.049601125351672395
db5779805bc9128a,0.8348130665833073
13c6185147e496ca,0.9620543919974991
c23ad10e1020a370,0.36424757736792746
cdc252e1304b3741,0.07648296342607065
c9866843a2ca38c5,0.5578468271334793
1193dd7feb2e1c1f,0.0031065958111909974
145626c411263ea0,0.5134638949671773
b2bb6e4261a0a280,0.9745658018130667
ce6c9830339e8d23,0.7617899343544858
e5a315b7bb844af6,0.7712941544232572
d85cacbda54cea30,0.1515332916536418
ec609eb2e4100b33,0.7771797436698968
0d785515807808bd,0.7976201938105658
6bcfa2aeebd0236f,0.2997846201938106
9ed83fa2f828fbc3,0.22004845264145045
f596ac3c62688ee6,0.9214757736792749
654c4ca75e7a6d56,0.5827246014379494
162146e83243572d,0.8473347921225383
9878dbf0860838fa,0.6582475773679275
332ca627787dd758,0.8345764301344171
679ad425e74f2477,0.308748984057518
df5a276859dd4308,0.8098318224445138
e1f7d0ae0443184d,0.7483379180994061
a6434286f4234aba,0.6377936855267271
3351a9314dfcaa5e,0.04268552672710221
e19b22778dcddf3d,0.32805689277899336
a98a59904fcba403,0.5507217880587684
efe47bc01bf23b67,0.5198824632697718
a1a862c811a320f0,0.33753485464207567
bdef7203033a959e,0.7485314160675212
0fa3fd428635e63e,0.20223601125351676
8ed23ba67702fe54,0.8986189434198186
ece14f4f1731d91c,0.8518568302594561
ca20fb73d0c544ac,0.2682807127227258
927bbcf7fa67bfb8,0.7534157549234137
deffe32d78bf8a82,0.6728612066270709
319944ea096b3a65,0.31140231322288214
19bd6f94f36d44a1,0.45362113160362616
6e7447b72d462201,0.2393160362613317
be6959210f99dd41,0.9581956861519225
bc1a4abb3dbcab55,0.2832269459206002
41032395ff67eef0,0.8919765551734917
2b4004b2678cf0a1,0.38500593935604877
469658e2c6728fd1,0.2525557986870897
e67a54cb89e72744,0.1838496405126602
0a1aa269dba98abf,0.33558049390434513
746e977975fa2166,0.08510690840887777
ca51e1b6ef04fd43,0.3821144107533604
dd96408688197b1f,0.7472006877149109
23b5530f05f1d9e5,0.8173916849015317
da29e21770225527,0.41237730540794
adb83a06bb93e782,0.22962863394810878
0e4d2b4f26be08db,0.9017949359174742
6ece7a74dc7701ed,0.06234260706470772
e5306d42c50fcc55,0.04846827133479212
4381dd659292aa24,0.35917411691153484
e31ebedf532c25cb,0.4306945920600188
853b98dd483b98b9,0.2956648952797749
2e54b76182ee44e1,0.8270553297905596
338f6834e70af5fa,0.025975929978118158
b5abaa739dbebcbc,0.7726458268208816
5a8bb8464a290761,0.654734917161613
f0e90b285061c449,0.14596155048452641
e66581f055ee3b78,0.6939906220693967
0a21004c4d12a011,0.404164113785558
04cee8b938d82d19,0.1033769928102532
c2eb2ef42ef59006,0.51358487027196
4db76ad147f6dde7,0.5517567989996874
388d2efe55423a29,0.9650240700218817
b9875250f7ce8623,0.8477852453891841
e354d93aaeda004f,0.9841997499218504
39e7b31ad6490a4b,0.5717299155986246
a31878efea02ed42,0.34327195998749604
4db06f2609831909,0.7827949359174742
e23ceacf623bf244,0.5605026570803375
5b30a3dce1e3fc54,0.9307574241950609
9b09b933e5488d29,0.5402813379180994
64f0282d10422cde,0.2196464520162551
d171c9bf0e731793,0.5024341981869334
699a9d5c734b80f3,0.4693782432010003
79281527b5fd74b9,0.31176492653954363
63b9f2af8362641a,0.7475311034698343
8e20990222b8b1d1,0.619228821506721
cbfad4f1f811ddcf,0.8149840575179745
a6dde1511fe8d47d,0.38733635511097214
54e8815e9966bb51,0.9928058768365114
cda24d31d8c08104,0.6590553297905595
2e41b0e18fd08067,0.2733879337292904
6e8f4f5c6e28c26a,0.7816123788683964
1f4157812e2bb339,0.7084076273835573
c2d3133094dc0fad,0.08214504532666458
e7e2da8351240636,0.27491778680837764
ef2946985749757f,0.08267489840575179
ae735efdf3a84f05,0.8006708346358238
8a459d7c2b588a93,0.7300068771491091
df0d35696f4b164e,0.649265082838387
8f745cf8cd93face,0.12917567989996873
7aef10c8e6aae208,0.22170740856517662
706e881832fde05c,0.9387039699906221
03a6674f904defe8,0.2717542982181932
f00500b8110dde92,0.8284110659581121
1475216e327695c5,0.8583979368552672
3fc20688817559fa,0.1738918412003751
70df3ece5d814a70,0.1728621444201313
bcf591e552b3ba82,0.014665207877461707
a04e514a6ca8156d,0.8394757736792748
f83e082f10dc4f9a,0.06206752110034386
21a0898a3f0c502a,0.17902281963113473
c9afe9c2efa6168d,0.11737793060331353
9423152627c5de85,0.8737317911847453
fc5761df1ee97d2a,0.5505532979055955
b51c1517f2b27082,0.2394129415442326
966bd6f4b801db6c,0.9348658955923725
c39f09a3a7ee5d1a,0.6853032197561738
cd4ab667a784a10d,0.9181481713035322
053911f801591901,0.6742085026570803
4c12cd87dc745584,0.6378412003751173
f0c4df4801e5dd7b,0.2305539231009691
1cdb9e6374b25c46,0.14225476711472335
55a04d93184e2087,0.9099837449202874
b0259adc08c321ab,0.29489746795873717
3ebefad692cdc413,0.2376420756486402
83d05a33f78392ef,0.22431978743357295
57e746a1c420f866,0.7118996561425446
7086b53e09fe17c0,0.762504845264145
2cefa5982f1e5321,0.5722700844013754
c4a61e6a8fa1704b,0.7152591434823381
cf3db8bd220d5bdf,0.6958040012503909
75c651d11c0a0337,0.09129571741169115
10dca6cd4d946194,0.44478430759612386
316d771ed9f0b6a1,0.4680472022507033
ef64650ddba7c539,0.15984776492653952
721f58982ee85da8,0.8326417630509535
e8f08bd5b06f41ef,0.051031572366364505
8c2e815ac865660d,0.7184807752422633
8191fefedc6afd32,0.07167864957799312
15c9fc425aed1fd5,0.5738390121913097
52f896a602e74ef9,0.915845576742732
c8a94bf1f874596b,0.3248730853391685
64024839f91aaea9,0.7162982181931854
23a06e4e391dfcaf,0.4797805564238825
76fc88367fd4b329,0.17111941231634886
e7ffd70d1007bf31,0.33390465770553296
4df67b2b4764df2b,0.9807664895279775
5e23b5ebcc3c7201,0.8234179431072209
97c325c9980b0ab2,0.2191491090965927
3c8bace911db4b05,0.8404457643013442
d3af2a4f1b0513ef,0.5488884026258205
8a66145d22484a10,0.8818427633635513
f501884aa3b0a2bf,0.04507596123788684
21f8710a682b6ca8,0.5407752422632073
67addba46911ef5a,0.8459234135667397
cd5a8d124051f2a9,0.9517167864957801
a1acde423d140030,0.031666770865895595
6284cf5236839f36,0.614668959049703
37f720257a8a7a33,0.8281259768677711
acc257668dc46b34,0.6333397936855267
23424057c8458694,0.322579243513598
418a7b8fddf172d2,0.9717577367927477
dc356b2589e04c87,0.794812128790247
f64eef65821a8f3e,0.44702156924038766
9fce647d5b47563a,0.9634567052203814
52f9976ea5b478fc,0.16271178493279148
d240c91989c04146,0.8039346670834636
47ef036d29375b9b,0.861465770553298
8808a12bef546809,0.4320050015629885
d3a20f2bcf2db8fe,0.7078286964676461
a451d8e451fac918,0.30115942482025637
9826735b01a08344,0.4158462019381057
c4a29152e2eacc8a,0.0012925914348233822
631690ed30cc1631,0.8989474835886213
d84d8a6e6ca5eec8,0.18879180994060643
efbafec85fb00cc9,0.8676355110972178
24556c1044963c8b,0.9186648952797749
5dfe6e2137dc82e7,0.2437458580806502
b2400c3aa22283d6,0.2965854954673336
71602580e012f168,0.7020656455142231
cf01eb3e54442236,0.05063676148796499
1a07d25426f87edf,0.5610865895592372
13b3d3fe65bea413,0.3556276961550484
059edd840763fd81,0.8822203813691778
48288e044d74e7cd,0.7418927789934355
add068ffe0671cf6,0.1898321350422007
c99de47efecac792,0.8951919349796811
11cef543afe62f88,0.4497655517349171
e512156389905eec,0.24437355423569868
138703e658867a2c,0.7040475148483901
454c3092e6edd433,0.1179059080962801
dd957118652b5ed5,0.8529371678649578
af01fa5eafb4602a,0.27196592685214127
7bffcfd2a9da1725,0.863033447952485
24f3f1ab071df78b,0.11880493904345107
3ec7c9ebab0a4a2f,0.8882722725851829
3c1d10f4646f69fa,0.12856017505470457
9c5f959e1195fc54,0.10843232260081277
cda81aae0a16f97a,0.5819215379806189
2bf6c949fa0b6053,0.5533069709284151
546683ea9e5995f2,0.6963679274773367
c4563254d849a8c2,0.8947296030009378
e9e85a92d9ed5065,0.4179631134729603
fc9fd5a085f168e9,0.5446223819943732
54049d409156afd1,0.8477839949984372
e4c0d5c0b9045e4b,0.8325467333541732
058f290d4016fd11,0.21271772428884028
e14cd74f951c3910,0.2637714910909659
05018e18dc83e13e,0.9461090965926852
763ff25fb3a65368,0.3057214754610815
eb5cf6bf7c8b4e5a,0.8113713660518912
013351fb7667dab2,0.7106280087527352
e08181f896cfb680,0.29937730540794
e65d39ec9e3de422,0.7352135042200687
9cf499aa7626f14a,0.7277580493904345
f203a5ba78b7389f,0.7171372303844952
8ea386546c0f8c96,0.9130103157236635
0391f48a6955106e,0.07467521100343857
d2f70a0377eebc5c,0.23233135354798373
b96e54496b6a6713,0.684718036886527
1ecd7d7fc32cc874,0.644628321350422
a91fae320445e22f,0.127385745545483
7f7f8d9e95bc3227,0.8189012191309785
8ed9c9b27ed7229d,0.39744795248515163
19862b4c0d2f34b9,0.39055454829634256
e5b1c6b3822addb0,0.6610887777430448
191edcd8d76cb951,0.9813263519849951
6b08a1554cdf28c8,0.12525539231009689
706610ca333da138,0.5745451703657393
5cb5f8466022eb46,0.6882760237574241
acb3a526d9921b55,0.39629196623944984
947db252e781ab55,0.6812053766802126
e94881433d15d819,0.20045045326664584
34439005f71e07fd,0.7301769302907158
989a2593307d72e3,0.7363041575492342
ec8f1d04cffddc96,0.7589665520475148
11dd5f5d722fb0e0,0.7037427321037824
d6738bf320835a10,0.3909155986245702
025b09a306181a55,0.48484338855892467
e5e3f5fbf93a1918,0.5546770865895593
2d60731de40ca5ec,0.10191653641763052
96789dc76cce8bb4,0.7502288215067208
e04c2f21eb86c30b,0.19810284463894967
eb4f7827e27f3e50,0.999
c72cafb3b0ed2058,0.07981119099718662
38e789ce64afac4f,0.6344004376367615
961a36d1522e6ffe,0.3908108783994998
d915888ab3fe3241,0.6093160362613317
6d047ff0d07fd1a2,0.14979149734291966
96212cff04501fdf,0.8299809315411066
6cb30ccf0384596a,0.8945642388246328
1878cf5a842e6727,0.616290403251016
47adc8c9afbd6fad,0.24705501719287273
bcecb579dcba782a,0.3319743669896843
24fe0dc9ab19be83,0.14487933729290406
d56cbf99a17acafd,0.37401187871209757
5caed519a777c666,0.07075336042513286
de3dd7a6a4564414,0.62495248515161
3ddc28164f664050,0.44726508283838706
45693136342888df,0.06569209127852454
143c3caf6eb25742,0.5438896530165677
9295c919e27237a6,0.4795010940919037
0dc756a818dc5d9e,0.7010093779306034
67a0ca3f82ae78c6,0.12469834323226006
cbd51c3558265f5b,0.44794810878399494
b6df5050c31c7287,0.23502844638949671
73f20d006cfc47e6,0.3643635511097218
2de69b9443d4fc52,0.3246983432322601
1ea20c09b6c79a3d,0.4119065332916536
ea1427791f675329,0.6688183807439825
cd6c9a86e5c13535,0.8153472960300094
fe03f010fd99f729,0.8925908096280087
3cac934a5e569272,0.6220456392622694
1f9c8c5a31c38592,0.3838658955923726
325d3152d318ac6a,0.3335986245701782
c796149ae059bd36,0.7914345107846201
139b95acad0d8500,0.04170365739293529
ef8ca6e1ad6cbc40,0.6458205689277899
738b1f5edad8bc5e,0.07484307596123788
00b5753c64f3aa5e,0.8264382619568615
7509e02d19e2f87e,0.07669302907158487
a85aa8068fa925c9,0.8154141919349798
f8ff744430f73aa6,0.6783219756173804
4106129a02383134,0.18586370740856517
3be6495b6e47bbe8,0.5971225382932166
d58d8cb98c5344c3,0.38750609565489214
72c32db073874592,0.28493529227883707
b33541a9535d3cb6,0.5694035636136293
f117d4aad78b524a,0.6646433260393874
5e48da846d46eabc,0.7274160675211003
b0b266000f2d6b03,0.840260706470772
2aa63d23f11f3aa0,0.09091934979681149
7ca15ff99bdc719f,0.2876211316036261
286e550605b2d970,0.52134917161613
140d123f8919309f,0.8343194748358862
5406d7c0119b8b77,0.6141369177868083
feb8f158efc528af,0.6352185057830573
20e9295f7f1b6809,0.3802625820568928
8c67df2b06a8af30,0.6285386058143169
0b5100f2d589252d,0.743948108783995
a7dff4879e1f2c8f,0.9242557049077837
6b9c17dec469153c,0.8255157861831823
b064e718f3825ae0,0.08599906220693967
633aa423117b483a,0.30815379806189436
2bd2dc8cda610b2b,0.7192206939668646
16b4f1b4b30d7a5f,0.9250681462957173
7ce520db2bb5b181,0.9053613629259143
359fc18aad246386,0.5136461394185684
4040467f440a4681,0.4439402938418256
ba27a17c66a28567,0.57053735542357
5e4bef63f0b3974c,0.7578080650203187
849863283a0793dc,0.6927030321975618
aa9c499ad44baf78,0.8174338855892467
a3fd494842016ae7,0.6030665833072835
5f079c78614b8a83,0.9432344482650827
7420f14669961a6a,0.836371678649578
0a083c164a874ea9,0.19047577367927476
396f04d4bed14a3c,0.5439259143482338
bda29126d66debaf,0.34385464207564864
8d5ece395c6a6b60,0.7563388558924664
9ea22d08386ce3ae,0.13692341356673962
1a277b47ca192cc3,0.2529049703032198
5534d1ac3ad47ca1,0.5822835261019068
164e32a2b96ed3eb,0.8371422319474836
cdea1d25f481df1c,0.19946170678336983
37e1f37cd163cc12,0.8761000312597687
4f896e74ddfe48f5,0.44567771178493276
ec881c0b42489ba6,0.4258787120975304
6cbbc142e3b6532d,0.27819005939356045
af58eeb2cce1b1d8,0.1772310096905283
3792b407d3147240,0.32386058143169744
44abea18902dcc6f,0.26064301344170054
f174b76e8c589bc7,0.47996155048452643
d5cb1d76e26e865f,0.917187871209753
c953fc1a52b6d2ae,0.655677399187246
dd9860c103eaa486,0.14781181619256017
1a338e9358b4b71c,0.011937480462644576
28a055a15e2bee63,0.49843388558924656
d810129e88130889,0.4728887152235074
20b2f55f0ebfeb9c,0.45625758049390436
2dbfb79bb9d5d576,0.8458108783994999
a4f168601004a705,0.5909009065332916
7419f46f112678b9,0.6471700531416067
7d0ff708b6d6752f,0.9574535792435136
cbb85fa489a893cf,0.04365207877461706
c46a723fbfa594f7,0.539835886214442
2104390897549457,0.5036305095342294
75c276f7d0f29aa9,0.9552860268834011
01a679a23b212287,0.8858458893404189
6cc58651b88eadb4,0.31241325414191934
14cf1ac65f8ca02b,0.09075242263207252
2a5d42d92966192f,0.3615795561112848
2010478948b9aef8,0.5435926852141294
31542ae607bdb59f,0.7927139731165989
783c99f058bdb723,0.38934635823694896
8e49ec786a6d5abd,0.7267249140356362
d2b9a740ddba79a2,0.18534885901844328
47c1231311a7aaaf,0.4515126602063145
c7937d0c63ca6a92,0.7467020944045013
64628bdb8224fe18,0.24623788683963743
49cbb2ff9274a4cd,0.15272272585182872
a4dbc0e728a780d5,0.8990550171928728
54a5b82f046318b5,0.8741941231634887
daa0b6896a1749ca,0.27003313535479834
4a251ebb1de72153,0.9096436386370741
edc7eab7534ce904,0.5113766802125664
0d31a18c31d12329,0.9111281650515786
ef643ea0ac629b95,0.43357986870897147
39049e24be5a4306,0.9031594248202565
f41fb0591a5b1902,0.13940387621131603
ef3add49907eb895,0.20295998749609256
3c80e6a34fb3e4ce,0.8228999687402314
681bbfb8c5372f79,0.8841269146608315
007f4be9a3f6e89f,0.1272732103782432
25144a9b2bed9be3,0.6974379493591747
61233f40c0cdaa2b,0.32083807439824946
73a058838f6b7f2a,0.9414635823694906
cbc20660739af678,0.981102532041263
8fc723bf625337ee,0.8089240387621133
3ba49bd9e60f519a,0.1468937167864958
6a3b3033fdfe94b2,0.5233644889027821
c8ed653c9f871795,0.8551947483588622
2f6d48d7acb127aa,0.6404032510159425
92ff64a44efeaa6d,0.31094592060018755
d7169f20999bc93f,0.979164113785558
53604f2aaf701357,0.529276336355111
a7001845bc2108a4,0.7853666770865897
e1c8d84bbb8add74,0.07239762425758049
0b6ec467b5610434,0.2811125351672398
8ac52d2ec127a096,0.29673116598937166
b10baee15fb9d01e,0.8899940606439515
221ebe5d40d467ff,0.7382594560800251
4fe55b114acc6ade,0.4783154110659581
d8482a667d8a69cf,0.2866070647077212
53ade36e2a1b1e97,0.9117552360112535
23415b9cfe9e209c,0.5751803688652704
280c7808d94b9763,0.8319149734291965
de5885c6a7c6423d,0.9916230071897469
38de0e8716fdf6cc,0.6169778055642388
55bc25143589b254,0.7916445764301344
957e73c37d447545,0.2034535792435136
af84b2641d1c74b3,0.20994185683025945
e7be7f3fe2a831bb,0.11354548296342606
841f7e8235380174,0.9601731791184747
63d88f28c2a5df22,0.8200346983432323
8dad4fd4df5c221c,0.8102303844951548
3572ebf75eb17942,0.6094910909659268
25a1a550572c1f93,0.02991653641763051
6ae06440fe74b44d,0.9662854016880276
b4bf088ea90582b9,0.2723119724914036
6b9449d16e81079b,0.2568771491090966
4ff7c9e8a089b94d,0.6986505157861831
aa5c5648b80a1a3a,0.6292825883088464
5dc1f3d49bbbe4c7,0.7710568927789934
99546cb325e5dc06,0.797232885276649
220c843637482425,0.4995520475148484
6608fca5b64d440e,0.8482053766802127
f29988dc0a3c0243,0.6122213191622381
51058b99b395787f,0.17160581431697405
ed1bbe11677f7bca,0.4114004376367615
9f9b85620fbc0cf4,0.3081541106595811
8aaeef3315304e45,0.3859849953110347
5d92173cdb00c0c4,0.4108227571115973
acbcfbef3b1946c1,0.11623851203501094
73cb612fe6d23320,0.7697961863082212
4216594871a36761,0.11374241950609564
1c2bf4927779574e,0.8953807439824946
1498d0dff1fb5394,0.3690978430759613
53f47e8f08b91aad,0.359270709596749
c4229a0ce07e83b9,0.11197155361050329
bf61a06ee47b2027,0.15229603000937794
8aef635fd1b3a740,0.17157205376680215
0f6a8a20e3587b09,0.1855779931228509
75d7914477c996b1,0.32169865582994683
7b1790935e6cb838,0.03908002500781495
d680549ede3f6dc9,0.11896967802438263
f3bf39cd2ab5bd9b,0.3353110346983432
0b0930b54070750a,0.20534417005314162
3d97f118d250279a,0.942973116598937
e9de0ad29a82a54b,0.5376730228196311
9485f200c4e02805,0.5269806189434199
12d95850d018d3a3,0.3358224445139106
ddc866b96dfc3aa3,0.702266645826821
45a33a8161cb4b46,0.2248537042825883
990eb9e1c61c80b9,0.2794992185057831
378b6aac03179007,0.16854454517036577
b6ce4df0bfb4d3c4,0.2170994060643951
a50653ff586cd76a,0.5692463269771804
65cd9ee07cfab83a,0.562932791497343
d2bbc0c9f79df720,0.889861206627071
82ce816296a1512d,0.05829571741169115
e502c517a223aa14,0.22055704907783683
71d19ea693604e1d,0.2684157549234136
0d037e649d83d735,0.6279487339793686
6ba6991213384d83,0.7311306658330727
4cac0de9485495fc,0.8978049390434512
9a0be358e968c623,0.12061675523601126
f1ca34616439cd54,0.13973585495467333
e301cf1f2e4c3681,0.6500300093779307
d614ef3ad50cc2bd,0.800534229446702
c0b33846eed21da4,0.18519037199124727
d4e499c8cbcbf2c7,0.8345148483901219
112d556866bfa77d,0.9039390434510784
3f5b776bac1c2a71,0.5813854329477962
97fe9a981d0717bf,0.5337471084713973
ce3280649c6eb5c9,0.7795814316974055
7ae7079159ced82d,0.4817899343544858
f1eb50e28869a50f,0.13922194435761176
52c8dc366cde6d2f,0.19179806189434198
ef14064579612c4d,0.7321434823382307
7897eec02201ca6e,0.4134298218193184
321d33ef853c8fb7,0.8778390121913098
96766da6bd7c3998,0.15028758987183494
fdccd120c1ead149,0.8325464207564863
288252f0e770ce50,0.7494213816817755
d4d977f5a3d8f01e,0.5938468271334792
62ea4677a492334c,0.8657086589559236
d1f182b83a420b6b,0.26838949671772433
0a8ea601fcc75d1c,0.7779990622069397
27930c385742439f,0.7042085026570803
13d12d929ca71339,0.9460903407314787
159b4f9fc1efcb55,0.03528196311347297
94ffb2f9a90b358c,0.6118965301656767
68615d70615e3b37,0.20965489215379807
d4a40bf8afd7e4b4,0.0822854016880275
e3dcfffec2d51e7e,0.10321788058768365
10366fd321e0ad43,0.37256642700844017
80e3f13b4e86e5f9,0.9094948421381681
6272a9e176561590,0.7495532979055956
14ead2f08e775ba6,0.5381494216942795
08ecd3e0061305ed,0.5852844638949672
b91abfe0273da79d,0.9643207252266333
0c3efbd8c39177b8,0.998627070959675
e9e21b290009d63a,0.302964989059081
c188505410fa547d,0.5753607377305407
768d9e0553a1399e,0.07057174116911534
a9370f34870acac0,0.7278215067208503
9f6dbe29c2020549,0.2664779618630822
6da7088fbbdbdec4,0.4881462957174117
944a046635530efe,0.9286755236011255
55a97e1488c333a9,0.20529540481400438
bba6644aefeb263d,0.7618480775242265
750f5d2c63709654,0.929873710534542
b7f5c550aeab6fa4,0.6137277274148172
bf2efa05075a9f6e,0.2821419193497968
2987973344ab04ce,0.34458487027196005
a97d19edf8f608bd,0.29650390747108474
6138ff6754f14dc4,0.15458674585808063
87522437573af7c1,0.6938718349484214
57cc4278d6b67c5a,0.07028602688340108
8f29d789ebf40f9f,0.11144326351984996
15e17422c43ac280,0.22533479212253832
57faf77cf5f72f53,0.5053160362613316
febc8ada0a8d768d,0.19112410128165053
86ab68be69241db5,0.7585336042513285
5fcfe942606240bd,0.2567677399187246
31bf257f6a4a70d1,0.7677536730228196
a09897cadb789dba,0.08892966552047515
328299ca9da15ccb,0.3706176930290716
c95184d7971b2960,0.8130872147546109
6ba9df085d34410d,0.9920275085964363
396ed8ae6d33d2bd,0.7644570178180683
b058bc3c8a9fe33f,0.924398249452954
77b29cbb7ea1ac6b,0.7898505783057207
c8d191e05666d6f5,0.9270875273522976
c4d716a53ad99b70,0.6571000312597687
31d17f992245249a,0.04234010628321351
aa459cbd8c781f76,0.6887777430447015
7ba0185e8220f22c,0.17783088465145355
eb077a940d0bbcbe,0.5488571428571428
9298c80a21191034,0.5685998749609253
037747626ac5db4a,0.21840231322288212
8ee7aa8b54022319,0.8858777743044701
a2b57b918f2661db,0.3629665520475148
e703b056b17c6038,0.2914654579556111
5d760ec696eac629,0.5939018443263521
68589cc32366dc9a,0.4959190371991248
83d1d02b456e13c0,0.7482313222882151
f5ea6585ff5edb0b,0.8803597999374805
32290819a9b6b754,0.45644920287589874
f0cddec42ddbe07d,0.012888090028133792
41d5134ef4aa43c6,0.3277586745858081
9a422d8246e3f97d,0.48258424507658637
341cbe1cbd51048e,0.24056048765239138
3d2c0583f01cd72c,0.6604360737730541
870996e4835ca83f,0.19542732103782434
28b09161f3b17dab,0.48694623319787433
051b367d8fe91233,0.06990653329165364
9b8aba50b3ab95c1,0.7260987808690216
ff5577bdd79bcd6b,0.18210284463894966
92e4eb0a0d4c41e0,0.946966239449828
575ace0896b22257,0.9358458893404189
a16f31da04bf60c4,0.47029509221631766
cbc13a2671d3578b,0.06669678024382619
876ba2c5e443fd41,0.643619881212879
5d5689e87dee129a,0.9693907471084715
71a60a6dfa7e1760,0.7026939668646452
f2a38a0b81dc90e3,0.7922422632072523
ec97de286c2686f9,0.19386151922475778
b77b633a5106f906,0.2913757424195061
972df202456969d5,0.26693122850890905
5d7f4e9617d1e7a2,0.1720734604563926
196dc3655d9d1d79,0.13243544857768053
7b9da0adcf1bf365,0.04620881525476711
b9d78de840ab100c,0.2116445764301344
803868566ffdbdc1,0.10615504845264145
cc5f60c8c3c2b5e2,0.19229165364176304
88919e17cce1dcd0,0.12286495779931227
88bff82c05879a44,0.17127352297592996
aa64759c290cdf84,0.5043597999374805
b224a7d8b6f39ab3,0.3243516723976242
ef11b15a28910cae,0.3189721788058768
7e08eb8d4482e7e0,0.8815104720225069
609b606891c6ff2c,0.13766989684276337
07ecd08d07bac830,0.4361516098780869
aea578dbbc154142,0.8042035010940918
9c702ee77f731a28,0.41636136292591436
74a102877446027d,0.6863882463269771
dd13d150ff97f653,0.9021100343857456
36157f72f10981f7,0.49135417317911856
808639f0db0c51a9,0.34015817442950913
d809389ba1350646,0.5356455142231947
353512ba78ee6085,0.009987808690215691
207ae6c9e8f4fabf,0.4193769928102532
333ed3894f0f2865,0.8430178180681464
c8e41f868f963ff6,0.7693504220068772
c0436a45e3cdfea0,0.06572491403563613
497bc4409ccbba90,0.8407583619881213
b29f7d1224fd0321,0.5087430447014692
7795ac2497824361,0.7548152547671148
28bd2f25cefc0467,0.20837324163801185
7a5268c2c0ad3fb2,0.430402625820569
9335e306e6ef6c17,0.2526608315098468
380dbd85787bd38f,0.8734532666458269
4df3a358e7ec87b0,0.1258077524226321
b423d03461c67e1f,0.8608874648327602
8d6c8b00790579fe,0.3553054079399812
75302981ca660bf5,0.6758758987183495
34fae39e3b6350ef,0.3678252578930916
47ee9553918d83bb,0.73190590809628
525eb09cf01d4422,0.3908765239137231
f285090a9d6de2ea,0.8588824632697718
9a015d0a0e9dca3f,0.37860362613316656
5b9ec24c9cacd921,0.4093391684901531
80f6887bba571ef8,0.5336755236011254
a0121be4cb97ee81,0.2735754923413567
98bbb1d875be50a8,0.7368727727414817
d13d14d73f638740,0.4775107846201938
b2c1f66103087339,0.38099499843701157
ed544070c1558a6e,0.5547905595498592
6dd8a5af5647059e,0.47285620506408255
ec707e8be77e5bf3,0.4183307283526102
435ba973814b0e29,0.48104595185995624
a003759cbad0ca72,0.2730090653329166
4c1f413aeaaeca8d,0.3501434823382307
febaa69039e2d424,0.8364814004376369
1a7702c55d1c3c6c,0.67289621756799
747b48174e7e8cc5,0.09328727727414816
e73a38787bc7abf6,0.5985379806189435
591163e5c881643c,0.7444001250390747
95f08a028b009350,0.17856111284776494
74cf8eff69e3ee73,0.04974210690840888
44639b509c809540,0.6588724601437949
abcf4a1f567f5b1e,0.5323973116598937
987d6ffc23a79a57,0.7121475461081588
e7aea6a6f0d83afb,0.6252900906533292
d9d2d9b2890a7999,0.23717849327914972
deeaee8dc56ee2e3,0.48910722100656456
ed44fe0714d05825,0.8070481400437637
68d0096d6964bebf,0.22109815567364804
8d52d8ee49e4e8ec,0.9055348546420756
b877123e88a6a266,0.27143544857768054
8aae92b438c0c262,0.0422744607689903
40864f11272e903b,0.2978271334792122
7583bd973a7787bf,0.9668727727414816
209764663e3680ab,0.467783994998437
1802828e130f444f,0.831977492966552
c7226e4c37f1c216,0.8339234135667395
cd0110875b4d057e,0.47880994060643955
b66e634d66bc8033,0.07185933104095028
644bd7580a1fab58,0.44449890590809626
ceed54b1129eb356,0.33737230384495154
4a02d907bb4803fd,0.1251913097843076
d09af6dce02bcd02,0.16899093466708345
c81869bf2ef1408e,0.6825017192872773
455bd62f0c9a8b18,0.7956164426383244
8c648fe7475ba2a1,0.8465326664582682
e7c1606cda3f50ca,0.32146983432322607
386a0c809777aa8b,0.42787683651140984
882d6e6250d5d648,0.5557346045639262
e73fd396a2d7e661,0.29864582682088153
e1293605384c5923,0.036485151609878086
d8e5a75d55957e5b,0.719973429196624
75e6395a1cc7d878,0.617326664582682
ecc995a8d29cc898,0.7952766489527978
ba27e43ae6b021c3,0.324279149734292
075b11725eefed48,0.9314116911534855
16e06a6abad58f9f,0.4403204126289465
039a18d8a9005443,0.969683025945608
166eabcb1845baea,0.2099643638637074
150f221c402f471f,0.8244588934041889
2af5183224226208,0.5134048140043763
30a31bbf87301908,0.16122632072522664
95c87aa909d557a9,0.05709065332916536
d70eb57711fa415b,0.9322256955298531
9464555817eb4951,0.9033891841200377
8d4e5d5935a1a663,0.11855829946858393
289e3f76cc551091,0.49190121913097845
8646ded190e78433,0.3590572053766802
f2e3c326fd923449,0.36196217567989997
83f8985c38ecf25c,0.34563457330415753
8b698836d194ab64,0.37728133791809937
74a48ddff930321f,0.17857861831822447
79a5efbbc2b4f8ec,0.4102875898718349
6e88ede348b8871c,0.6970606439512348
d98b06d0f7e1b8d0,0.29115348546420755
dc56b06363e3abc1,0.5074873397936855
b5355653b987b958,0.16485464207564865
e5bc532f235bc0d5,0.23642575804939042
153cb69740320d37,0.31017786808377623
30ad5d4441533a6c,0.6400697092841512
05ba774a4ce6ab73,0.9140443888715222
ba467da19b1f2810,0.06096155048452641
9ad04a6b621bfaf3,0.7932635198499531
f605e43b08e76847,0.9055292278837138
fe2d494aa36b099a,0.14313129102844638
1e5a8f5e21430d42,0.5182804001250391
9b28fcb2ee487967,0.9426917786808376
2f1c0ef6d36a75c4,0.42804626445764293
37fc5525bb7de5e9,0.06708377618005627
d6538f0dbb2a123b,0.7084391997499218
7dde59a4542325aa,0.22580712722725854
20c617dcbd71f357,0.3295289152860269
77f00b5e8f833d41,0.7828080650203189
869a14428379a740,0.5022022507033448
5fe5544f8e236559,0.6928746483276025
2d3681cba05bb562,0.8210809628008753
499be0abf97d1597,0.41821256642700844
5b423761773c3a6b,0.9582294467020945
57cfb14bc788cf66,0.7838727727414818
bf8ee8443882eb4a,0.772681775554861
400e3c9ccfed951c,0.3210300093779306
95c34bd334691146,0.8654351359799937
441b99f616030e70,0.41946795873710524
d6449401e78d3385,0.4662513285401688
ee04b5380c7d4f07,0.8561738043138482
47350f4648bd6090,0.17750078149421694
3d184c420016986f,0.2775570490778368
2525af5583075cac,0.6561984995311034
37055ef29f0a3dd1,0.4958830884651452
741ca2e53f728930,0.9094970303219756
c2060532831835cd,0.6845201625507971
bdf51afd82ed739b,0.5696686464520163
87516eb4863191a1,0.8262638324476398
034a25e098498861,0.053817755548608945
2beaa963f217969a,0.9633763676148795
6b03ea3eb3783933,0.28574929665520477
99cd56ca4ca12f1f,0.2009853079087215
42288d86bd56d80a,0.34733041575492346
a5497f531ca73858,0.27307564864020006
6b8797ea062ce398,0.3364495154735855
1514a9ebdc630056,0.5297843075961238
6a47264adc77dad4,0.4132744607689903
4cbd1cfe1be11280,0.8185998749609253
555f489d111c7db7,0.3706511409815567
d3d1d52e817c754c,0.05736042513285401
80c2b83979b319eb,0.15291872460143793
b601ede8f1d5ecc9,0.11595217255392312
ac4e394f11848f01,0.7900012503907472
a5d564228af285dc,0.3619568615192248
872eaff0cae2acee,0.25760487652391373
ca524fe71b6054b7,0.4197846201938106
092fdb93d96ab75e,0.1415051578618318
b1224feb365fa8bf,0.19325195373554238
b5883c6e74b0ff0b,0.0975054704595186
7aade43a31d09f8a,0.3522144420131291
585ac3a63ccab1a8,0.23774835886214446
e4933222bb492af7,0.6167530478274461
d4fff28089f09f7a,0.729457330415755
1faffaa35ce84d77,0.6562957174116912
27afb6fd6aac442b,0.008490465770553297
847a053fb85c500b,0.219809315411066
9ad6971bd0ebf223,0.36547639887464833
a14e1a04f336c6c8,0.1890125039074711
50698da7b2db2350,0.4247611753673023
15655e2cf84c9cb7,0.7645311034698343
ef796da1e5967ff4,0.8620071897467958
9331c7e2dd294fef,0.5384332603938732
b7796a59af546a3e,0.40135167239762426
d9279cd811aae7c0,0.47964957799312286
df81c08c47af6c59,0.7725551734917162
1b9dcbf8b65b1a52,0.604095342294467
dd377f760a65ba2e,0.8056042513285402
995b4a4b97e53e5d,0.5175717411691154
13b533f79e5a5caf,0.8292541419193497
d4c903b8efe43c13,0.955021256642701
4fb9e1bf5a2f571f,0.706783994998437
ed595c03e7747694,0.13423038449515473
73e9645c3d48fbb5,0.013532979055954986
a4b5405b00736981,0.9360915911222256
2a653776755ba7b8,0.10373679274773367
158fa97bf999e010,0.5077383557361674
a95d0a261a3bb142,0.4749543607377305
ea46e88a59d4fe5f,0.08672178805876835
6496d7761a0c6190,0.33557205376680216
6f4ba984b6dc3289,0.45905720537668027
5afad3e6c2fda712,0.43182588308846515
02effb9a084a466f,0.42218130665833076
f43a5e53fd455d87,0.9156867771178492
49bcb75b2ef9551f,0.10242732103782431
b21c8167caedde33,0.011220068771491093
15d2bbcb8c316442,0.2394338855892466
523bc8b194fc69ce,0.23150703344795245
d7b8e5c99743aab4,0.5320647077211629
3ad43bd42075bb8b,0.8860715848702719
812b9840da2dccbb,0.9027139731165988
e70b5a521c308e83,0.7658471397311659
3c45ba8ca9f6f412,0.07574742106908408
7f616f8d83b3eb18,0.3892400750234448
26c592e1845bb489,0.3004110659581119
68d37c0a802b47e7,0.8053166614567051
d8934f60893849d4,0.36448171303532356
2a3dc482e2f9765b,0.4421663019693654
016da23592d81da0,0.15155017192872772
4fdfd4d0c0f506a0,0.8205220381369177
729fc49d981fa3bd,0.38728165051578617
15deccf643c21df1,0.5114835886214442
7daf2f242a027468,0.14672616442638323
d51a0a86350f7add,0.04439918724601438
52fa3a33f632aec0,0.6915295404814004
bb4d95ad5da1ac87,0.34671991247264766
cd23dbd0e165834e,0.06766739606126915
ba39191a07cf9e7f,0.589042200687715
9ba5cac296310d3a,0.9165667396061268
d322c51efb437d17,0.09107408565176617
3af739b2f776287d,0.7275345420443888
85804c2e9c6d680a,0.0495504845264145
cb0cd20b25649838,0.24321756798999689
12c942ad8a277403,0.47437699281025314
289e502cd91b1547,0.6517327289778055
31c382a7004fe972,0.2768477649265396
d169a1c279a46015,0.9022085026570803
f9b4abfb6291393e,0.5795676773991872
6717d92d92048fbb,0.4259506095654892
469f41c8da1eeb41,0.6071775554860892
769314bb014d1235,0.614385745545483
ff2e280d521989fe,0.31067052203813694
1d52653d4f3c35fc,0.08374742106908409
4c0ebdf6c9dd9fb9,0.19874867145983122
8e182e2e4650cebd,0.7158046264457643
f55714d17852a183,0.19612066270709594
f2e291daed34f717,0.7787627383557362
2fedf01adbad6180,0.10557517974366991
7079029a20553569,0.6253100969052829
7214daf28cec2f25,0.4103426070647077
3037ee52ce757f35,0.11019756173804314
301594a1fbd58308,0.4987127227258519
971dbbb99046d9fb,0.8361147233510473
c7647059905f4dd4,0.16482400750234447
796f7cb75fc0eb55,0.8806598937167864
bcf00da3386bb946,0.7852244451391059
9fde66ee9b59f95d,0.048896217567989994
752d3e65ebd63369,0.2475332916536418
1a6bbae0cb804476,0.38175867458580803
03cac4272e7b8e63,0.8707861831822443
055fecf2717f29a3,0.6008865270396999
a2aa85d0e1bc4e6b,0.41038699593623007
ef9db57cac44e529,0.5414889027821195
8c91442db55d9d64,0.7159696780243827
7cfa3fef2d1a1dfe,0.18885120350109408
56ede8d9842e0590,0.1807120975304783
fc74e63ad196960c,0.7851409815567365
342867ccf7337815,0.14151578618318222
866f7ea3c4be20e6,0.5262375742419507
f45494a74c712731,0.6272519537355424
414228464c8b74af,0.7029706158174429
e4a3f7a35452e28c,0.5460384495154735
c1eccbf012d9a361,0.16832697718036888
a715e394b41f3a16,0.23749234135667394
26a24b8218ee00b6,0.9076423882463269
db4b58e70acde06b,0.16029196623944983
deaf015c1e137149,0.05905314160675211
9d4fbfbf523a0472,0.984901844326352
ff7e2911a22e8008,0.7944567052203813
30449ce55b14d344,0.10322975929978119
b930073e02948360,0.5608758987183494
9326674b4c828c15,0.5153713660518913
a9b474db35164846,0.4995123476086277
9183d88dcf308c8d,0.22651172241325412
47c8c6f64cdc0a43,0.4240281337918099
2ee4722095033329,0.5418762113160362
cb8a02ecca44027a,0.13610003125976872
1925e9dc63237314,0.6004620193810566
dd36f08b99fcfa16,0.8324651453579243
9bbd43f6f760c243,0.765259456080025
a766359aef66a25f,0.5687396061269147
4d10a4698fff400a,0.5271253516723976
44a6285639d7fcc7,0.6809127852453892
a64ce0de598f4714,0.678534229446702
8c887a6a554fcff6,0.0032375742419506106
ef3f3402f7530e37,0.004563926226945921
e9cf43bab751f410,0.043055017192872774
1245634a78a3136a,0.18147358549546733
7c5ed75e73c20133,0.32507127227258514
ff7628423503cb61,0.0906217567989997
55df3baf4cb22442,0.12341669271647389
20497b1ff5df51bd,0.7342513285401688
fe1c1e2e166d6943,0.5017880587683651
0a6a2ebc3b004ba8,0.4594251328540169
ba16bc573e1d9a6e,0.6248277586745858
41ae92fc5f37cdc1,0.21212160050015627
ae05071f58d92774,0.23515098468271334
a8d4083bb2383da5,0.8265132854016881
92cf17c3d59c9b61,0.02271366051891216
f591caedceef4268,0.17192310096905286
e3d006785a8a409d,0.5560684588934042
dcbc913499301796,0.1430218818380744
b630e1af9fc1f3b9,0.8058743357299154
7d6a1e459131bf25,0.9449331040950295
5f891649affd8c18,0.3939112222569553
7dc102adb7ad6667,0.5209540481400438
1b8c16064d0dc4d7,0.3481300406376993
8e5286a9c7d73ad0,0.1912256955298531
147e554cda420ba2,0.18880243826195686
18517e2df9cc10ea,0.40994998437011565
54ca2e9aaea55320,0.9272966552047517
a923278148853286,0.7170662707095967
cfb35f11977c3be6,0.3512791497342919
aef8a4667274a47a,0.10496342607064707
2c51172cc4d5eba0,0.2753754298218193
494446d84318c9ee,0.41807627383557366
aa652d97612fe50e,0.029753360425132856
baecb9e5cd4b2907,0.8099509221631759
c29488c64d211da8,0.27251859956236324
28746b4c4b26d721,0.037562050640825254
8a45d03fa3989bff,0.205478274460769
462b3e544fe612a2,0.6231578618318224
359614f152fbbc2d,0.27177524226320726
5e953db789137f0e,0.6468121287902471
2a99aaa9555b3dab,0.5227596123788685
aa37a77bc447fc0a,0.9441034698343233
8c0d7f3ade155e48,0.12114910909659267
45b05dd1071039ab,0.9817796186308221
7e037c271c23576a,0.2033385432947796
9adb38d0576dec06,0.5826655204751485
532c84dea557da7a,0.550469834323226
6c302b9662d3b5c1,0.3208568302594561
666231af023e8fd6,0.2391034698343232
9c06ef2fdb037a79,0.6178099406064395
65230a28464587f9,0.30615848702719606
b3ea4baf43182919,0.5843751172241326
c1f297271ef8cab3,0.21267396061269148
7c58e1fb77913d4c,0.944601437949359
00ece1c11b40f8ce,0.05202844638949672
a820b5633583bac7,0.7707095967489841
b4e9165d8e2aebad,0.23016067521100345
85f20d358a8d6ce8,0.4713644889027821
148fdf734e431091,0.35018818380743977
67708062cc529759,0.5266836511409816
d764e50c36756862,0.947852766489528
dc093657cc4bfbc2,0.5058602688340107
08c0597e111a2388,0.5307739918724601
58fc68c0720d8cbe,0.40915411065958107
387b7309eb20b505,0.7071697405439199
cca31a05a820ea88,0.8518393247889966
be7e5b7b5839a348,0.8084076273835572
ef7aa159ba83917c,0.5583019693654266
3dbaccedf2355696,0.25220787746170675
3774263bf5c9a393,0.3519105970615817
e830f76f4667709e,0.5503479212253829
c96965b10fe9e8ba,0.11293841825570489
aea0b2d75bb410f5,0.5651475461081588
892d778bace3f693,0.5867083463582369
f46440975132762e,0.9388165051578619
6084fc419fc10f1d,0.8844270084401377
c6fb1852daad742d,0.2572916536417631
2bd09ffffa247f82,0.08358830884651453
5ded576ceda86075,0.4174029384182557
c066afacb3fe3a52,0.5894363863707409
21e99c194e94917b,0.042688965301656764
7f4eef61767e4c67,0.046800562675836196
dd19efa057bdb4b9,0.15915879962488277
2b309ca794e9b11f,0.9339243513597999
8428fd508cf86cb1,0.5853663644889029
bd059d7efcd14494,0.8355251641137855
7fcd9aa10e5ab5aa,0.2842403876211316
9398c438c5fe8b90,0.15184276336355113
7401e49aee3edc69,0.7055683025945608
0520f17da71602b5,0.3191331666145671
efeb31befebbeedb,0.11411909971866206
df3fd48fd3b3331d,0.4998118161925602
14e14e2218536077,0.5476033135354799
1f92d25274d4f038,0.39505783057205374
7170ea34f6161e69,0.5789381056580181
04b0152464b775d6,0.47309659268521426
7653ee403f88ff26,0.4868427633635511
ee84092d5d680f67,0.9652235073460457
c41b6329fa5e7012,0.0891938105658018
1514f652f00c3b36,0.17058487027195998
0c6d11c69bcc6f46,0.42152860268834
382f75d2edb9f457,0.8866702094404502
ab482dbf08ad90d2,0.5764116911534856
5ecd94cb7901e72e,0.11748921537980617
176da975d008461e,0.7269759299781182
882d984b9b9d8fb6,0.27099155986245704
efecedca199bc74e,0.7443457330415756
5f185fd802f0c00c,0.5823032197561737
b7be75c69ddcfdc9,0.013147546108158801
4da0a9696b2e9612,0.3836414504532667
755bd669f9bccb8e,0.41467458580806504
dc744a1038657389,0.5413673022819631
f5565f23a877bd69,0.7874645201625508
45485cf629983a40,0.9098371366051892
9d8248668d721756,0.48472835261019065
7e637102a104b616,0.13928290090653328
b9095cbbb40751d4,0.934032197561738
b6f5bc351054c7df,0.49072897780556424
d08fe94fcb0dabad,0.15535417317911848
edb4aa5de0832a92,0.3220762738355736
b142c9c1185e5f66,0.37469490465770555
1473309b954d71f3,0.7857905595498593
b604a5e504b627c0,0.9685129728040014
d5d6a72d9d2c827c,0.05725195373554236
aac5a801e8926a83,0.37965582994685837
45b600cd20830ac1,0.8038352610190685
8b6f8e193f28c495,0.302985933104095
9cbdc55a60ad3994,0.10902969678024384
59cc8f62d55aab98,0.032226008127539854
42f81ab5abcba09f,0.45714785870584557
758524a5d6a74122,0.7068402625820569
0acada29c4de07eb,0.500639574867146
6bf56d0ceb2c1ab7,0.23783744920287592
03b29070bb68828a,0.13560018755861208
2f553bd8ba413efa,0.057644889027821195
c3ea0fbb29a15317,0.3614229446702094
797edeb1c8a9c95a,0.4892156924038763
beb71749be71fd3b,0.5521888090028133
c660714dc6059849,0.431901844326352
549961b37bef9764,0.08741294154423257
dfac78eae9821675,0.10540637699281025
588c204b822eb2c2,0.677598937167865
e96e43deab9b69f6,0.7655786183182244
9c9a726ae65647b0,0.10209628008752736
58f635ddafc61c78,0.9740437636761488
d40624f11c720afd,0.8287296030009379
73575ac328053efd,0.6218268208815254
809a4127b076294c,0.9581516098780869
d476e643d990be24,0.22938230697092846
4d04534027759be4,0.39353891841200367
72c2c7664c8294e1,0.8019556111284776
d3bea4fa475618cf,0.7541372303844951
7af7100957117fae,0.27338887152235075
bfeae03c16252052,0.23333166614567052
dab19b0b61104952,0.8162813379180995
8b72f86a4e6a970d,0.6973476086276962
c775b6de816c5092,0.7082610190684588
0de6dca19e114646,0.401503594873398
0ee2b0fc31b7cbb6,0.0785148483901219
3363b132efc51b9f,0.9714676461394185
ee924a0428a40a76,0.1299524851516099
ac3726dc72e71ad0,0.4661375429821819
374584473bf4cec4,0.36547452328852764
e6b8e496d903523d,0.5374351359799937
8fe009970d6cbeca,0.27344701469209126
b03e574c8770e9d1,0.16310409502969678
27905f95e6931f22,0.3903463582369491
8099a0f72ee1a1b1,0.3470681462957174
5fbbd8a6f4ba3669,0.04795842450765865
24033a02989369f5,0.7854260706470771
223faad452bc6598,0.7167249140356362
c5c13adedfefc67d,0.4001716161300406
ec24ebbbc53f73ce,0.05794029384182558
3a3e4d31cbad45e5,0.17522600812753986
79763f9ebecaea1d,0.7504238824632699
46806e41926c192e,0.6168987183494842
a5cfdf6746ec5cbf,0.8680134417005314
0ddbe3ef0aed551c,0.20793216630196937
b641fe7061b46442,0.03132854016880275
be98835c447eea49,0.9688408877774304
98aa4160c7876f0e,0.9401431697405439
0753638b45dfacf0,0.7083526101906845
e938301ba66e78e1,0.5267549234135669
64b695db5b68b91c,0.493548296342607
2797a5b06b8c68ee,0.3976383244763989
aee53ec38b7eb6f0,0.5708215067208503
d59b57f46a383c1f,0.4208633948108784
8c3a505dd927009e,0.27954735854954676
436e01defb530baa,0.014078774617067833
2f54c0acfcbfd646,0.783562363238512
20f15dad96dc92a0,0.30236511409815564
8a16a230e343a296,0.4115232885276649
fc511072e8631203,0.6077355423569866
5d976c71ca9049f3,0.5562335104720224
b207e579713d5841,0.9979021569240388
ac03eddc2e2fd2ca,0.6262929040325103
6b1e6ff0118fe59b,0.8759596748984058
2cc92c1f6bdd93d0,0.5687042825883087
f651266acfce6c0d,0.2723813691778681
c3b49d19c43acd64,0.16482619568615192
05a27ebb8a82cea7,0.982371678649578
f32c511446a68874,0.13758018130665833
108d6b400d52aa73,0.6638512035010942
7e3cd0895bbfcd9e,0.7628040012503907
2245ed07ee31662f,0.5938377618005627
c81aede118be0e5a,0.43856173804313847
d664a113973613cf,0.489293216630197
2899dbe3769e8b1c,0.4826974054391997
164d8c33239c5511,0.6046642700844014
e753bb93c30cfba0,0.8447846201938105
4493eab669361ba7,0.33796498905908096
4e55ed26dc79c3e0,0.3872494529540481
1d2f7db4504f10b9,0.12733291653641762
9749ddc8b2a3a385,0.14586276961550484
9aab93db4ffdba7e,0.9220465770553298
88558205521546f1,0.3525695529853079
02a8e05f667b2fa4,0.2468324476398875
f95b0bb67413dff1,0.41129102844638954
b821f8fa7a26d286,0.18410659581119104
bed1456aa64d60fb,0.7711491090965927
685b1294dc5f8cbe,0.8320684588934042
79a0510c936f5eb5,0.8267911847452327
07f28f119366b484,0.1455926852141294
949af0edccb8d159,0.6870790872147546
9965f63ba2d41ed4,0.10425351672397623
f635cdb577ae5471,0.7459978118161925
6419d144df4c87de,0.6851159737417944
bc7f2dd2340df372,0.0771747421069084
cd35e912794bda2e,0.293135979993748
abf3b6dbce73db98,0.39560425132854016
4eeba8a4c17e4351,0.46799030947170994
f612b9af4ce98bda,0.8544213816817755
d8120911733689b5,0.49413129102844633
723bd2532e39f731,0.48898874648327606
3889ee7a1f5fd62a,0.4892794623319787
66ffb196fbbb4006,0.24008658955923728
53a1c51ae93d0e81,0.5007561738043139
0a4f5ec5f9339110,0.23472678962175678
34416b6b8b600a61,0.17782463269771803
1e0b561b5df0447d,0.7179768677711785
43e848bf56ec0bb2,0.6237871209753048
1ace2be427eaf92b,0.1640753360425133
e24ea459233ec078,0.9632316348859019
e019c487befa7761,0.03628196311347296
7734ddeb14b3d277,0.23239762425758048
1961aba76570acf7,0.3905223507346045
276265c86a0e2a26,0.1828565176617693
4fc5594c301766d5,0.7365995623632385
bfd20f3d76573073,0.4490772116286339
8526753e065f5b50,0.9590678336980305
5c03ad68783d0d61,0.024769928102532042
9c83e80d019e0f5c,0.5355476711472336
4e6019e87ab5ac6c,0.7472954048140044
dbf6023ccc73b0e7,0.14591528602688342
fb35b29ad551c9c9,0.25332979055954985
3ab9a4e335cdfda6,0.38311097217880585
86fa9d51e632ae1d,0.5514141919349796
ab30ffa9ef0220dd,0.9682829009065332
ebfe496544b5a6af,0.7300343857455455
4cb026b93d1e4edd,0.19920318849640511
426a41478cfcfc22,0.31301094091903714
3e16e5f885a5764e,0.25757955611128475
dab52f137b1ba008,0.7377195998749609
a7e545c29eee2bf1,0.30870615817442953
6a50159c50f7f9d0,0.030412628946545797
ded3c69308607da3,0.7550159424820256
921388faeaacbc80,0.9809155986245702
8c90e1ab4a546bcd,0.3391341044076274
31b1827fce88917c,0.07740512660206315
d97cfaa40be224a1,0.15941231634885905
b4dae0ea6d15a25f,0.35998468271334794
ffb033e54895ee3d,0.8416345733041575
2b625e5d9c22b0cc,0.366395436073773
87605745817d0ffd,0.055554235698655835
9717417666a66daa,0.32941450453266646
3267d4ecd26e96f1,0.271164113785558
3399800c4f113d8d,0.6648405751797437
f457366f48f27702,0.2203798061894342
5a6c4f9b661a0ab2,0.8335692403876211
76628bf9d8b6b0e6,0.989016880275086
997a5333179da7c1,0.19200093779306032
044dbb2023ecc53f,0.9468699593623008
737497734f709843,0.8979071584870271
fc7d05c3ca74b0fe,0.3240093779306033
f5b74bbaa8085255,0.3500584557674273
c1d1e5c41f539d03,0.6398505783057206
86f9c72ffb536f2d,0.917618630822132
95b9d46eff640109,0.34354423257267896
3aff516939a3de92,0.27029446702094406
23c1d6b14d960725,0.049010315723663656
0b0950c974175a86,0.40508596436386374
e94d8ce0ed816caf,0.3161722413254142
037bc4751346a482,0.6985826820881526
d43c5617c5e69df5,0.9797764926539545
82c6f27cdcf850e2,0.8858027508596436
7652727437cf5e6b,0.14589715536105036
86f089e7c7ae0d75,0.7700003125976866
b9d7751ccd00d9c9,0.8993538605814319
0a079836e9e1ac2f,0.4419190371991248
90461cd0e33baa56,0.7063726164426385
825b16c4984f4382,0.5467105345420444
9054cbcd60dd433c,0.3432128790246952
770e4ea8a1273a1c,0.6812031884964052
518ad8ed2ff052f7,0.48966083150984685
f12c4df4f05fb6c3,0.2753848077524226
95a9d1c987aae5f2,0.828310096905283
1d60b64e1441c91d,0.4667592997811816
84ed70c1cda568a6,0.4356014379493592
3d6e8f3a5d06c7a4,0.33217130353235386
eb1779538632b044,0.2299721788058769
bcf84068bc4b5615,0.3265345420443888
3dceaab87e5bd6cb,0.5987233510472023
c86b418e43874d34,0.48623663644889026
95397751cf365c4c,0.6241803688652704
e80b64dbd916f780,0.3255398562050641
d2a231ba481924eb,0.7049740543919976
e86aab1a495bc94e,0.06768959049703033
4c088c5147f6cc2a,0.5125129728040012
746c9771aa5c751d,0.41124288840262585
90005adf46be6af1,0.09681494216942796
78338f5a63e742f5,0.6666639574867147
9c3f2d29681d0d34,0.7417436698968427
f93fd851b68279a6,0.9348765239137229
afed2c838b247303,0.8718040012503909
995d752a3bf1fbb2,0.5539656142544545
33609320e5c7578f,0.14298843388558924
1ecda15121ffa27d,0.08769271647389809
47b2accb2f516cd3,0.7838605814316975
5571f2482997d163,0.8703188496405128
32897e94a9feeb0f,0.939667708658956
3d5fedc7f245d35f,0.4071109721788059
1b4707947519036f,0.5178437011566115
3cee4d33cd4686de,0.5865742419506095
155f6d74191258a2,0.5745286026883402
3ae6a0b3d379dce4,0.25084120037511726
dab9de12664f7b0b,0.3470315723663645
cc73e04980d2167e,0.4562144420131291
be7f0f5d2c65bf06,0.6278537042825882
dea114b428048ebf,0.04292966552047515
deece306851a2a78,0.301991559862457
d1ce358b8f732eb4,0.26606158174429506
e025d916d395fc1e,0.6225886214442014
f50d9be3d733fdc9,0.27622006877149113
a6c0d8fd193f76fe,0.48756673960612695
569e045332c790a0,0.6109268521412942
977114ec6d208ff4,0.08016067521100342
17faede0e698eb93,0.353461394185683
0610c3287750d822,0.5978349484213816
58e6e26dd56a60a1,0.08513754298218193
bc263b5b32d9ae07,0.1898977805564239
8894323cc5f185da,0.11633666770865894
e8229221a1595393,0.23609909346670832
63c589b1e27997d2,0.7894788996561426
fe21e0f0344dfca8,0.7250606439512348
7e0194535136acfe,0.2618702719599875
cc859709caaa52f9,0.028971241012816503
56e7153dc35c0573,0.20067052203813693
c76e1ab42940cee5,0.5067455454829635
2ed46ca4b8d10516,0.3669912472647703
ae2f86a0a6c3b696,0.5899206001875585
a05d11d463a21a32,0.19872585182869645
89e7dc0647f4db8e,0.5087433572991561
80934ce845013628,0.44538355736167556
f66422247e89d830,0.613757424195061
b0a301739cfa2228,0.1403623007189747
42b93c5a8b628ba5,0.17403157236636452
f74f1673a45ce9b3,0.5962275711159738
2b76aa4b82e23768,0.37631791184745234
0d6190a27ee0d6ad,0.7367371053454205
7492fbffda1eb950,0.4008311972491403
35355c2d5692cdbb,0.7936136292591436
de976dafed9c0fc3,0.7550972178805877
e2601be919261723,0.07340418880900282
f56a91dde5defb60,0.27576023757424195
1a9c207021895aad,0.874438887152235
86ec8e715d2efa2f,0.4952350734604564
7762b73652848f92,0.4525223507346046
ccd34b74bb18d71e,0.7711706783369803
eb6c259855aee52d,0.7304598311972492
7bfe956eabaf5f10,0.4641553610503283
38c6063d22fa4f9e,0.7810290715848702
46b7352aa3c8a1ba,0.4708909034073149
049fa3f6cc3a62a7,0.8516720850265707
5f77b44deef47d28,0.192847139731166
27462f3d6cf43575,0.4312929040325101
ca854373b937b419,0.8478733979368553
1f6eb5f2da254111,0.6731697405439199
9262bb44aa7937b7,0.41975367302281963
d81678051b65ebc4,0.550284776492654
0edc1ad07f4aa86e,0.817064707721163
a8e836b90034f123,0.14039731165989375
c729d0e49b2411cc,0.9952416380118787
db925a43365c86f3,0.4646708346358237
1cda28c15e8e4170,0.6095448577680525
ef5a97a20c5118bb,0.961949671772429
4b990b98ec734989,0.7452128790246952
a96f328dda3bc98f,0.5149412316348859
b467b21cee5c9a57,0.12560987808690216
8c1694e84b06dad7,0.24882963426070648
7b038881fb7ec965,0.6571453579243514
60e46ceca8ca6531,0.369521725539231
be2e51dc6bf61727,0.7831981869334167
f1063bee63d2cbd4,0.2990465770553298
1a3d53e660017625,0.3011231634885902
6db1dc15ad1e28e3,0.8627658643326039
34f0bfc533c2a23c,0.5893035323538607
76e738496305310c,0.27317036573929354
a76e95f0a09b03d4,0.02644701469209128
6a0d13d3e413c0e5,0.09035979993748047
e002702b095c4d9b,0.5071034698343233
435eb85f778a69f5,0.07967864957799312
5584a339491f1a03,0.7191534854642075
9a06cac14b623965,0.4974507658643327
b199a982f9480beb,0.8898099406064395
e32add368c6de44a,0.24053923100969055
34824decbc66688c,0.37432353860581435
070711d7fd9b7ea3,0.6480312597686777
a1656b509ebf749c,0.9688877774304469
ee96df140d42129a,0.9736777117849329
09fb51e0fded24ab,0.3342175679899969
77e04872ab10bf20,0.638295717411691
6b34ce0940c8c237,0.8516170678336981
8b94f16483f351e9,0.6467192872772741
a7d4f13860590306,0.06135979993748046
66537bdf81c41f46,0.9310215692403876
3014fd36c07b8950,0.6105145357924352
789380ce86c031af,0.8476598937167865
dbaee9defc780591,0.5810056267583619
bad0375f198257db,0.09337605501719287
a7b766569c6f66fe,0.36772272585182875
efd3fc92b86b90cb,0.6037789934354485
3ca6e7825d948c12,0.615670522038137
5c73fed8f1d584c0,0.4253441700531416
cb7f45c4ee30e84d,0.5928574554548296
aac70ac68209f1cb,0.6858687089715536
fb253a15132c7c36,0.6331147233510472
4f1ad3d1864799f9,0.8867521100343858
06cc890b7c3abdd8,0.1568827758674586
48f5b50b05af6685,0.09315567364801502
8abc163b25fe8f16,0.083835886214442
5220ee550d303425,0.714108158799625
8f7e85307eb35706,0.5535120350109409
dec525eaa4588cc8,0.6273326039387309
8a7aa7c3acead22b,0.6507502344482651
0618f0627df67711,0.6893685526727102
5d9929a965640bc0,0.45170240700218817
b45f8124eea44b5f,0.11349452954048139
32e371f83b148fb6,0.8714260706470773
83b9c322c9febec6,0.43252641450453266
8bb4d82df107f45e,0.5968649577993124
cc28d0d6ace393b0,0.38214817130353235
29c17f03906ad1f0,0.3942788371366053
b10cf30c243ed8c4,0.9008952797749297
85c180d755530692,0.26077117849327913
e9478d4c11f48523,0.03422194435761176
329d63bfe65d67f5,0.3031253516723976
4e7c7fbcb6fde9af,0.023628008752735227
1f2d4ca7586d9ef4,0.22073835573616754
04ff2418e503eb55,0.7205539231009691
5807d02f74d22963,0.5920125039074711
23aa15ff2408a5ed,0.23629634260706472
5c3fe62807fba6c3,0.32061894341981867
c97a3c1357c537a3,0.7045614254454517
bde91246f16123d6,0.11125914348233823
dfcf3493677dd9ae,0.03178430759612379
4a0cb390212d6320,0.6421316036261331
dd48f98a0e7c2640,0.3064545170365739
21669e26853a5beb,0.6976820881525478
c4c279dadffc28bf,0.8082385120350108
27f99b00db0702b4,0.19830915911222258
823a471435809e0c,0.9376130040637701
36d9872df73f0208,0.5594198186933417
69b691bd3b11f565,0.5341678649577993
051aab7c376493bc,0.004471084713973117
897a042cdd939f4a,0.8934926539543606
16e574aceb37758f,0.9212666458268207
7acdad670c7e177e,0.6818502657080336
af7211a4b66028fa,0.20277180368865272
3b768875237c8195,0.660106595811191
a9e4e55b286f1971,0.7648249452954048
1e42f2e9ad67815d,0.29576930290715847
0d527f8f008f8efe,0.06771209753047827
4c2ccade1925c5d7,0.44090090653329167
b3a98dacc0702405,0.19141356673960613
9b8e0f7bf05d953d,0.059867771178493276
7968527b42656286,0.18738074398249452
caf14438584b43fa,0.056957174116911535
31e140000e0bf36b,0.33815817442950924
336acc52a893cf2f,0.4161112847764927
bce6e39fc4407c93,0.06721256642700846
d5e58bdbf23f01f5,0.04398374492028759
1ff7a8ec347ef2c7,0.3328424507658643
ce432d29b214887d,0.26596905282900907
44e820df9233e162,0.6133379180994061
fd036d6641276c78,0.5007317911847452
45c36909115a7b3d,0.6904792122538292
0c18ad3d4c7f25b8,0.7935820568927789
4502d8fecdca43ef,0.7999996874023132
9bf5cf3ace55851d,0.5029477961863082
0e04a1cc15af0b5c,0.02603938730853392
86bc772734133e12,0.619570803376055
76fda8694024d3e9,0.6140803376055017
d244839566b6672e,0.585019693654267
e165495e76c8691b,0.5064163801187872
18e8d9f4f0ed1ffc,0.42377336667708654
c198ddc9a1a0f0a3,0.18234229446702094
4f15b2cd5370863e,0.4092747733666771
5b71a33a75b4b41a,0.9707074085651766
85211a41d91dfa68,0.6815729915598625
31c3ad8e554acb99,0.4733122850890904
f05e3b467a207ea7,0.0012219443576117536
20eea1cacbacd917,0.8681631759924975
338ac2331272bb7c,0.3027246014379493
e6740f272d44da83,0.8405864332603938
9368ba44560c50d9,0.36380212566427006
18e4039723086124,0.5011603626133168
c935d65cb1c5cfc1,0.29589184120037515
dd819f141dcc8319,0.11158080650203189
90488975d041fada,0.350483901219131
a5aa463adede1f1b,0.5909012191309784
872ac9ef6cc6a618,0.16854829634260707
ae4040a11f651b1b,0.45255142231947487
468c82067304eb0a,0.7573260393873085
cb460a2bc70974da,0.15212410128165055
366ae30bce6f5b98,0.3629168490153173
7638518d282a3163,0.8324682713347923
633878cd7103f469,0.37665082838387
73b8cda0da8e3c6c,0.5166867771178493
b24a01610939d7fc,0.04781494216942794
99024e3163df7833,0.9367380431384809
f67fd1bdae4a88b9,0.43806970928415134
bed6a87757540498,0.28744670209440454
97afe9a3ddc497f7,0.4064326351984995
dd9f348a3e019188,0.5208655829946858
34946df4f3dcb0b6,0.6900600187558612
9444819c9eb0c9d9,0.7750278211941232
fb4483e1ad010ba7,0.02508377618005627
00c68b30c299654d,0.4297108471397312
72515cd3d8b3aa9a,0.7271069084088777
908510f96be347b0,0.7751750547045951
99a21c81b1b48573,0.3488755861206627
22f68a423b09a5d9,0.03719756173804313
e7f04cb37080c9fa,0.03853985620506408
dc02fa202a12aa6d,0.26234041888090026
10d0b7f586529eff,0.16764020006251953
ffd7b011eb85f998,0.47783588621444206
e621dd32e1b264df,0.22482150672085024
4af1a1f24964fe8a,0.25350078149421695
811ce0830dbadcca,0.11094967177242888
19f0e848aacfeb93,0.6259443576117537
8d3f02ada61029a5,0.7537958737105346
1e2a07a17f935db5,0.1519987496092529
32328db851b10b18,0.225628321350422
9ee145457cc792ea,0.9674120037511722
ad8df560233793e0,0.1521128477649265
d22762aa0ca69d56,0.5190778368240074
f8355291593dca46,0.7789199749921849
0c612654e51e01fc,0.1527774304470147
ae7e23426e25bea2,0.08641638011878713
e009b5beb1619a81,0.8238771491090966
520faa13a8c7065c,0.9175664270084402
b5f1a39aded71e0d,0.09480650203188495
de6cb6bc5b8d1640,0.5322528915286027
d51fb6ba7bb6913b,0.8826580181306658
a1375923af03ec27,0.7921278524538917
8c4b7d8e2bf037d3,0.13986308221319163
681405cfbc0dd97d,0.40341919349796806
992164c7365bc333,0.703796498905908
4814a10f30ed6822,0.5402835261019069
f125562b955f34ac,0.33808377618005625
8665c174c23e0232,0.2225783057205377
c03010cc5ef028ec,0.9334820256330103
d2cbd396091301dd,0.07706877149109098
c5b700f429ada2a9,0.5273410440762738
07d97ad7c5757563,0.28338324476398874
abe88bd25b74cec2,0.9255211003438574
b5242ec51fa10803,0.24037886839637387
504c204a4b07adc1,0.24644451391059707
eb3e885ca8381431,0.44320475148483907
88019e77a7570235,0.7293460456392623
4f5b5ab494b7fa3c,0.652487964989059
ff857c8685376696,0.6327830572053766
c97ffff5899cdd5b,0.8202866520787746
06d8545946fb794f,0.7926817755548609
86a18a847664c8db,0.46960675211003433
236b7caf60e83702,0.30635323538605813
b7362d1c5e6ea485,0.43610503282275703
75a194abbc3951a6,0.7296836511409817
0739352b03f43601,0.5023147858705846
d5fb0ad6dfbebd36,0.030834323226008126
ab3267950cbf32e4,0.6669981244138794
061b96409f1ecea5,0.2528687089715536
77507cbfe35570ee,0.07124788996561425
a36af5b550eaa873,0.6687380431384807
9ea7c406af2ba7ab,0.763326664582682
f67f1e53508bf00a,0.9466630196936543
c1e4dc287c41d581,0.21425726789621757
a53a53e86b02f37d,0.3439853079087215
608291782c527827,0.41098405751797434
d0ad07399c84455b,0.6502628946545796
fc8986567718f61a,0.9365173491716161
5dc1fc6a5d643435,0.7282797749296654
5c05741c61417dc3,0.5181594248202563
d702bbe78e1fa189,0.12207439824945293
e781540ac8518204,0.17537042825883087
7dfe0b8686f2f32d,0.6831441075336042
150a93d31aae72a3,0.3260915911222257
6eef12e9a09066d4,0.8998383869959363
636152d21bd16667,0.7905398562050641
c7f6af439da950c2,0.10738918412003752
27acdee466fcf485,0.9962516411378555
a8804fe9eee0fa90,0.09173835573616754
6192ee4938021f38,0.9035689277899344
fc02f9550afeac41,0.03637574241950609
7c9ba87d30178a3e,0.9310365739293529
a17444b2e1cdd78a,0.6555464207564864
83df6fde56cebe4a,0.32449390434510783
b35110acb0de3b77,0.7992503907471085
9fc1dd40acc8bff1,0.8434751484839011
0c521eb5fabcd49d,0.35552516411378554
e081802079fcf55a,0.8315345420443887
12aedbe868f79776,0.01426477024070022
be8a2586f0738799,0.6014467020944045
077d63174223dbbb,0.13414785870584559
bf95a5f9268fccfc,0.2660250078149422
51ac7bebc69eaad3,0.7799784307596124
823b8b0cbed56665,0.6877486714598312
7b06037a7dc44eab,0.8463301031572366
c3468f13ce305a3e,0.9152166301969364
82906bbb278815e9,0.03993060331353548
26d93d94ea19b1b9,0.33455611128477647
d59469ecf7c3bb29,0.3167524226320725
7db5fdf7d9e7b81b,0.3031225382932166
251dd43cde3297db,0.43081525476711474
cb1945985d64f4de,0.240683025945608
4eeb92e907af170f,0.3945026570803376
feb8fa429dd67ef4,0.6871834948421381
4de67c2419537ea6,0.1428390121913098
538e4f56402af36b,0.881848390121913
a4cf878441380a52,0.7771422319474837
96be7b3de04ff62a,0.6294282588308846
39c3d3887c8c1a94,0.3280440762738355
1921999c1eb2c5c0,0.7309690528290091
d57e9b30000ad4ad,0.5862122538293217
7c4dea060b3cac3b,0.8003976242575805
b72576d562bd56cf,0.7565254767114724
e1b21c89aa287e10,0.2962557049077837
ea91d426f07b035a,0.331939668646452
e3fe0ea3b0e68165,0.2899556111284776
733a4e55740edd52,0.7190362613316661
e3ec47884acfc533,0.9250525164113784
8b4fc284f4d71fb3,0.70605626758362
ecc8c2db5ddf594a,0.04353391684901531
6a2e9bd8a0f89c66,0.35082869646764614
330cb959caca2412,0.901636761487965
d9ec4fb651c85ebe,0.3296639574867146
059f9fe46af8bf1c,0.3794285714285714
3a4738e51c5cab59,0.47810472022507033
2defc05f8aab4fc1,0.8527352297592998
5eff676251527676,0.07447170990934666
fbe244ca19447d90,0.5249512347608627
6a795f7ddcc9922b,0.12073366677086589
31e47d59215b37f6,0.45787433572991565
dc507cec24e10ba0,0.764653641763051
a6bb01f0933df044,0.15378993435448574
8d856f853ce1deca,0.3877286652078775
6da96325a4517519,0.35185589246639576
1154f92cf57d2532,0.06287871209753047
f6f5511b39bec2b4,0.0037664895279774934
52b72c128d8d91b3,0.7987414817130354
75e7fc7c7ea0f472,0.4712128790246952
197817ba33606b5a,0.5572872772741482
c1951ebb86cb1446,0.7477358549546733
c4c41b18d788438d,0.7284107533604252
aa26bb9dcc890fe2,0.6857524226320726
c2c4703ee4c876c6,0.8076723976242577
4c5d7e0beffa310b,0.05013035323538605
83c908bdb66cb2b3,0.7062678962175681
f5402da16c14957e,0.4265204751484839
2ab80ba80d56a41d,0.6390972178805877
1c6b71fcf804ee07,0.7054526414504533
2f3e4501cfcf6dfb,0.6748430759612379
e6dae542e381015e,0.3357192872772742
eec4124d10360067,0.03210753360425132
9105a2588a4a2770,0.7031266020631447
130f75788d8a46aa,0.4782760237574242
8835b5e539659c18,0.4048884026258206
d219e6e0ab855f68,0.647345107846202
0723230fe86de14f,0.5609309159112223
e81853b0b0f8c271,0.1174166927164739
979af46a1f611253,0.698090965926852
945f78f066a99193,0.3871125351672397
9fd22540f39891b0,0.24222725851828697
2631c1e94bf99eb0,0.777036573929353
41d6c34577272404,0.30679243513598
13285c2b73770aa9,0.40901281650515786
1d2b2b68357f4992,0.04579368552672711
5e3172665089f4f1,0.8046076899030947
9f7be9231e3552f7,0.7254129415442326
6e458ab88b4204e1,0.3670468896530166
10739a7eee3e87cc,0.16888902782119414
a326839f328dce7e,0.9512997811816193
2e706184335e4bfb,0.914681462957174
e10da35ed5233e23,0.04879712410128165
85df2a159bcafca0,0.6787105345420443
7e459f89aae58555,0.25164145045326664
c5733fd52fad180c,0.5394326351984995
d78be06de4424dc7,0.07449046577055331
af782e55eeec3b26,0.8219640512660207
a5428b7d3e5eb0a2,0.36123038449515477
8d920a6bdb004f92,0.9664154423257267
f4be0e405024df8e,0.8720440762738356
d5059f8f88290d5d,0.41798374492028756
e368d0170d51ce4b,0.28920256330103156
d8ddb30bad626df3,0.2882947796186308
d1e892e5a070ad3b,0.1303782432010003
8a30b24e45c8dd56,0.430603000937793
7616820e7f2f060c,0.06289184120037511
35bf1de33ef37b4e,0.8244520162550797
7fc73341974a9c57,0.7913566739606126
9f5bd41b72cee0ab,0.22171334792122538
44e5daba8a615664,0.8348424507658643
6a29aa78116608ee,0.6616183182244452
74c36fa527d5e914,0.2161544232572679
65e5065a97a00477,0.5122932166301969
2bb9d6b7e64b8108,0.07742794623319788
297129de9133a71a,0.25373304157549237
e6233ca37ff20ae1,0.8085311034698344
e6c230b1db202085,0.891503594873398
042447db024700a4,0.10451609878086902
5347f880cf1bb93b,0.4530675211003439
f7f2f5d41652f6cc,0.04970490778368241
71ccebe269774017,0.08701813066583308
5d89474915222841,0.2322500781494217
583b0f485ee37a28,0.20436230071897465
cc5a91f4a1b878cf,0.9543422944670208
636604af09feb6f9,0.12466301969365427
9149bfd2414e1f06,0.6546995936230071
69c71a71af3a6a93,0.19942607064707718
5cab1ef744ae1f07,0.56242482025633
2c01a13c5bd11b48,0.6835579868708972
3dd5148c39f554e1,0.16378180681462956
e55b6c8712632bca,0.42916442638324476
1e70f997f11d309b,0.24429634260706468
0b5140a69c454fd2,0.19023726164426386
bf3433f1790ded45,0.6564166927164738
848bb9f5e15ea664,0.38659862457017813
ddec6d5fb5e1d8e6,0.8168755861206627
483be22ba816efd7,0.1642444513910597
c5e5341d9853e204,0.207346358236949
21afeb4d02745cb0,0.2465264145045327
214573582fdadc69,0.440109409190372
1584cb670481cd0c,0.787579243513598
a5b74fec60dff97f,0.951527352297593
500761048fa68af7,0.5573466708346357
17911ade8f9db4a9,0.6379262269459205
0d5e4ec73265e718,0.9051237886839638
9a23b511d19c5b74,0.4820865895592372
b0a68b6e9b5aa0fc,0.5510722100656456
f2408ea825dab651,0.4974413879337293
c46a0253ce15db70,0.6976123788683966
280ee758ffb1d1f5,0.40716286339481084
f120c6f37766ad60,0.30440231322288214
f0bd6e897436f50f,0.36090684588934036
d9838a74cd5c15d2,0.03376461394185683
ef4f4beebb23098c,0.6108071272272585
81e1191f9eeac89d,0.4560793998124414
38a4b85540a1d008,0.25396842763363553
583c98e432bf450e,0.6084748358862144
9319566dff410e11,0.6169840575179744
967a61a65ca3958f,0.1380206314473273
78d063e4b7ce7f7e,0.3372607064707721
d2f8e62df2e4ba25,0.6374035636136292
810d2f780629077a,0.8304438887152235
3515d882b6639805,0.5348558924663958
11e50493155c9e73,0.9621569240387622
4ed708372af004b4,0.8777161613004063
c4e45da34ddf3b44,0.5657567989996874
c8a93dd49c2a92bb,0.8771828696467645
0db19fe44a9a780e,0.08638449515473587
2b3538d47f1c15b4,0.19442263207252264
c3310c72d9734462,0.45082025633010314
14085746773f19af,0.06314817130353234
556db80d967a1693,0.25036292591434817
43fc5ae409f4f500,0.748658955923726
081a87f22c3b38c2,0.9028602688340106
d375cbc133ed4f4e,0.5953779306033136
5ad546feb694ad21,0.3809609252891528
4f93720827de0ed1,0.4173794935917474
3aa17624d6ff3bda,0.15294998437011564
9242e8dc12c52248,0.6298302594560798
6842dfe6284804e1,0.9133301031572365
0d73a6a834744d44,0.43182056892778997
0830204cd861c6bf,0.16817849327914972
66161f0924e78225,0.7585107846201938
496464a4d50db8c5,0.6221856830259457
06324bbe66728955,0.8103791809940606
14f78d4e391911eb,0.10126039387308533
2b82c80f72759096,0.14913597999374806
098ac1d81b9e8c1e,0.8559146608315098
1b76ea6cbf734ce4,0.13727821194123163
0500bc92e5b55537,0.22753516723976241
ac5aed573f280b25,0.23175836198812128
ea03975f1d5baea3,0.2888102532041263
88b17a552fbab232,0.5811312910284465
b8de7af9fcdbf382,0.716332291341044
1200abef5b424cb7,0.008316348859018444
31b60e9d8cfa862c,0.15214567052203815
893db3bdf6bcd36a,0.6767080337605502
ceb6b035da1d3d7a,0.6827161613004065
4ec436f2d7284b90,0.37082400750234457
8aed9038981199a5,0.3080522038136918
0004c2d09b2a5399,0.5107002188183807
5205db0c297b51cf,0.656523288527665
fa00a8d5645e29e8,0.1888918412003751
e059a125b2f75271,0.7972150672085025
0a245e9039a475ae,0.5593673022819632
f6dd2588e26ea334,0.7100387621131603
973b401c5b3a29bc,0.5844948421381682
3c3d0acff02d8d77,0.8360409502969678
29614e0f15db6e61,0.5307799312285089
59556138531e1193,0.16427633635511096
6864e194fe467f06,0.45037761800562676
92d1a78a0805f085,0.6267699281025321
673c83d5875338f6,0.8134145045326664
97b9da49283296e1,0.0760259456080025
8e266443d27cb222,0.40161675523601126
01740ec6cd7d3fe6,0.7698011878712098
bf22ef3c96b1cf8c,0.10637261644263832
eceff6a46e6bb846,0.30053172866520783
595cd3775c548381,0.2703294779618631
dc88015ad74c395c,0.3056405126602063
1d829ac1fba966c2,0.20411847452328852
7af5a547c0ff87df,0.16663457330415754
42082090188c20fe,0.853274773366677
f7c6df36a4354bbd,0.3819193497968115
fa583dbce17dca3f,0.5223873085339168
31b430017b021b90,0.8399693654266958
7efc9cb13b2def86,0.8793526101906846
d06fda4e5bcfc129,0.9812156924038762
72cb2bb85767bcac,0.9250312597686777
50f1226e03b9f878,0.25373304157549237
24eed0e6d7789047,0.5876755236011254
d026da38fc55bfdd,0.277910284463895
47c591c2bae2052d,0.44140637699281027
92966f857e0e8aaf,0.27782838386995934
56b22e07fb9e4c9f,0.9736745858080651
95e7a0024d29a8e8,0.7013660518912159
77413f2ce0fc0b0d,0.456628321350422
169ad5f354082bda,0.4754360737730541
cb6a3ddb00bb4caf,0.90720756486402
c1351ef23bdee19f,0.2949890590809628
23e0eeea647bf809,0.4412391372303845
52cb9f8084c2979d,0.7277664895279774
7f071403034451bd,0.9092744607689904
64c6b8a675d8d210,0.5362516411378555
25bcfd9c6c4bc119,0.38319568615192245
68234d071437f6c1,0.12122444513910595
cdba54b09ad0a5e0,0.274394185683026
8b2a453d25a9793d,0.8722763363551109
379b3cf15b5cd618,0.12609377930603316
04f8b3d8fbcd3c09,0.2794085651766177
8db2aa7a87a0b0b0,0.6368940293841825
09904cf5297e4c52,0.43507221006564545
e5d6021439d46003,0.5662428884026258
87a2e4212129d19c,0.9258190059393561
e218c57596992271,0.529371678649578
18b98da5b42722da,0.43078899656142544
449920a89db3ac7d,0.734068771491091
9ce041cdc0639315,0.6537977492966551
722f357fdbd5c880,0.5764685839324789
d468cd43dc6a08bd,0.9700384495154736
9700c7a3ef819ef3,0.8903557361675523
b7f1d881f8c72980,0.17335729915598624
b23236c476c94144,0.9695289152860268
18dd1046074e1b37,0.42297092841512973
55f227029ee88bf8,0.2615601750547046
5e3b8e365345db58,0.2389506095654892
d97a5d6269148ed6,0.5628462019381056
ec6dfb974b3c0b88,0.8467555486089402
7ff4153e9bc66bd5,0.7690387621131605
70ade30377aa52d0,0.6086105032822757
e81c74c9a5e64310,0.9123319787433574
27609b892f19ce38,0.12450672085026568
665fe4d9e267c32d,0.860325414191935
e4efa861a25c36f2,0.8137555486089403
707cf306deb0ca20,0.3486076899030947
53a0fc682407a107,0.7661903719912472
4bd91ec011ba7743,0.03296373866833385
3b7c880189ffdf65,0.5621963113472961
c5f1834657b1d9a8,0.7101134729603001
60a043d7036ea402,0.3665436073773054
d69dc65f9a8e3647,0.5915457955611129
c3978282c1335961,0.7060243826195687
248bcc5d97740cb9,0.4247314785870585
ba074101d0551828,0.5571744295092216
f22fd6cc76b9eb99,0.03582588308846514
cad3b5acbccd1a75,0.044182557049077836
4e3d749c5d0d8b99,0.6572816505157861
1024028ec93908ac,0.9944976555173493
db5f96700f81e32e,0.7104542044388871
d00456f5c537affe,0.17856080025007814
ae6c9a4ac1923d77,0.20554579556111285
5c4ef0457f9b795e,0.4316105032822757
a36087b510ed1bbe,0.919610190684589
9700dc3668cb0d40,0.0020490778368240075
e404394c28efb780,0.465005626758362
0720a1b755cf55ed,0.5951525476711472
035439e10d353f33,0.5060090653329166
53421be12c0c7d0a,0.6917149109096592
c76422f9c7f1c224,0.11339668646452015
ca75e192477ae30e,0.3096014379493592
480e9e2f5f6eac7f,0.6107308533916849
b1b0c9414a07e81e,0.07256267583619881
e09f31da0edae6b7,0.26093497968115037
9386dbd09f1eea31,0.40688621444201317
4027ad13f744ab47,0.8024498280712722
dd57f9a9617410f2,0.8764882775867459
53816ae08db4500d,0.4612269459206002
d39479f04b318c0d,0.828900281337918
5223cd189c2850d3,0.3481663019693654
8c0a9ec776187a0a,0.0844288840262582
387c460bf9c82eed,0.6923201000312598
1fd31e1faa118ee6,0.19390121913097846
49fba05cb591b00c,0.08996905282900908
bd80ada68eebd0b9,0.3664245076586433
0e3f686f072a8a0c,0.2781278524538919
84925d826d461c4d,0.7059921850578303
a7badd0bb8ead7cc,0.5240578305720538
e2c838fd32fbb729,0.2857605501719287
3a6cf220f53b4cb4,0.5516208190059395
9dacb79ad9fcf34d,0.46538762113160365
92aa4c1f7f258a86,0.7682325726789621
c85e22a117db207d,0.20535448577680523
c5acfefdb9e64f54,0.31250734604563923
26015640e05a3378,0.1995207877461707
834b3501453f5c5c,0.6258418255704907
42af151534cbcca4,0.35249140356361364
6342222ab4bd07c5,0.9050897155361051
cec95d0eb86b553d,0.46350953422944674
b4129a57f4c5c1ca,0.3958733979368553
8b51d76d9c838743,0.32166583307283525
36d6124fdfb6b5fe,0.42124882775867456
2212f9196bf749b0,0.9589171616130041
fe9345df75362fb9,0.5604657705532979
75774ccf0b19e8bd,0.08943107221006566
026c096720d1702d,0.7701072210065646
6aca91fcef83cdf6,0.4740465770553298
8fc4c42ef85eb9e6,0.9807442950922165
1b64496c26985a3d,0.16257361675523602
591d0017ec185df0,0.5848537042825883
028968c773b11f62,0.5791909971866208
3a09eb47d1ba4acc,0.004667396061269147
000019235d24a363,0.606127539856205
ac5122e50d1ce8c3,0.4644098155673648
7d4feba02220abf7,0.005412003751172241
e59a3b16b4a6d416,0.8089559237261643
84a820be4f12f7cf,0.1763960612691466
2f535756a73607c7,0.9646230071897469
fe5a15197d453416,0.06720693966864646
dfe7a446a8aeb1c9,0.006044388871522352
0ba28eeeb91393c6,0.3650990934667084
6cbf1767b759c6cd,0.460722413254142
a6e42b03d097a184,0.8190118787120976
da6efa9d56a293d8,0.6934213816817756
20eb958ac40ae3ec,0.1594645201625508
861472b884b8b80b,0.8803894967177244
83313fb5d3e30121,0.22614254454517038
75c00015b88462e9,0.9319118474523289
abad9a6070f32056,0.5145589246639575
dbb0ac574180786c,0.7746970928415129
1ff23956ddb48080,0.9456058143169739
1030748990c873e0,0.5157746170678337
3b392b51ebbe98a8,0.8730618943419819
9bd3ce96b5220545,0.33061112847764923
e80afbedc991fe85,0.9620797124101281
b892e30bd65f1cf7,0.13930509534229446
45be6aeb64cd6e75,0.3180240700218818
10b2dab220d2112a,0.7666589559237262
397e2c46ae990a0c,0.5035901844326351
19d3b02c14e869e0,0.24981306658330726
cd4dc389be000277,0.8559318537042824
fddeaaa21cf9f333,0.3711988121287903
c73cf810b1eec5b7,0.13309034073147857
2d89c6930c494b36,0.6058199437324164
731c1ccc4e036603,0.15053735542356986
a9448f44773fe67d,0.6340784620193811
89d7d09573e87744,0.8463566739606128
09a1c2b53c31bc10,0.7157621131603625
6c6319f9764e8514,0.9501216005001563
f56bb1ad09aacd4d,0.7513838699593622
a49d99323a265849,0.09489840575179742
3ee9be6434e0e715,0.6724141919349798
875debef7413e1cb,0.44065270396999057
a2d775ceeadd24c4,0.8870778368240073
18c8aaea7c834671,0.9241509846827134
df0c46251bada9cd,0.7035908096280088
aab9add2fbc56aa9,0.24484901531728664
a6fc3e9da5c8e555,0.12733854329477962
f637661db81b90bf,0.9513135354798375
33f67c649066e956,0.22370834635823694
86c73cb2d30683cb,0.6208043138480775
b5c00f8557fcf692,0.32156924038762114
a2c9a8f18d345227,0.7921828696467645
5ec5cdcb7ea71186,0.48568740231322294
0f3e463f9177f7f5,0.8579431072210066
4e7f08dff5d4d708,0.5446295717411691
3bf84009bb5fc3d5,0.907649265395436
51395fde52e82c96,0.75580212566427
11111626d4279259,0.44859581119099723
ae179d72addf4dc6,0.19859956236323856
e88ef89c0abd640c,0.17852797749296656
c514af589b1c5c49,0.13276023757424193
ff07eef5fb056c81,0.8534898405751796
96fcc4e5d6f59237,0.9243626133166614
28c21a0768568fe3,0.7844957799312287
73627db8491905c4,0.33332603938730854
99467bd1e0347c4f,0.008132854016880275
f68ba1afefa7c356,0.8914635823694905
f2dc825ecdbac412,0.19432166301969364
4aba146c1a03941e,0.25026039387308535
80d5d6de30bce75a,0.5386289465457955
07139bc3c4fbcf8e,0.85970709596749
e20fe10aec859d4a,0.9624864020006252
7ede37b476b9198b,0.5180009377930603
13f259dd7b600fe1,0.2586673960612692
351f432cde665f41,0.1816026883401063
a0721905432fac03,0.9692541419193498
c64298a4451fa34e,0.5212641450453267
4498869b991b879d,0.7306786495779931
17636075cadd05b7,0.5321497342919662
f1a1bbb6f878a877,0.4540071897467959
0eb6903ad4fa3f90,0.5495783057205377
3188bea8d6f5b35b,0.7145870584557674
c4c409536eb6c51a,0.14634917161613
d280dab3667294dd,0.6228493279149735
52c6f5f136513403,0.3871466083150985
5090d67fa1877997,0.2023100969052829
16b61b14def64393,0.6207739918724602
baafe2fb18314839,0.11866364488902781
4dd870bba94a4e61,0.39375398562050645
09dc62cfe943169d,0.056642388246326975
c479d440fcf7aa16,0.7464660831509847
8afc03aa50ceaa11,0.7653426070647078
edde45a77638faf8,0.012881838074398248
6d7692d9c32c3019,0.45317036573929353
5732b6767099399b,0.343256642700844
17d91b5e97f3116f,0.17936355110972177
0d8f39533be9f182,0.8295314160675212
fde5949373183adb,0.9140187558612065
958e0e17661293ac,0.969016880275086
c5216e7c4a482059,0.11431666145670523
903c649790deba31,0.06589371678649578
4a0069fc3386e06c,0.6000059393560488
a8ed067c70e68299,0.8678236949046576
2739c45027efcd82,0.46624945295404807
9cebb6633780881d,0.9473257267896218
61795ee62a8075d9,0.2720456392622695
58f2b934b0d49345,0.792489527977493
dae79d85843b121b,0.01165520475148484
2a1568df2de08c44,0.6369484213816816
ee4fd2a6e3a78dff,0.5745282900906534
b757cce25b9c26a4,0.20893529227883714
66ff45cad74a6679,0.37618224445139103
b0017bdcd541c6d4,0.19300781494216943
a3f277c9b5c91e67,0.3274204438887153
a5cf1cd034f1cbe7,0.8435489215379806
68c1e518bbf4e77b,0.05401813066583308
39bc60ddd2106538,0.578701156611441
6efa72d0df99c34d,0.7928984057517975
ba7209f117ae9238,0.8519159112222568
7c5bee138819f339,0.4689124726477024
0a18482d62e5cb36,0.5779534229446702
8e35efabb244500d,0.218115035948734
43a9275d59ca040c,0.779538605814317
481df5704a84657c,0.057010940919037204
4d8d82c65a5b6227,0.3608402625820569
f93eec03effd7d38,0.9659384182557051
3ffdcb2a25a0754d,0.6634032510159424
95109279ae9a6a9e,0.7357317911847452
d6ee9c0efd68efce,0.45937386683338544
74c4894e7bd0708d,0.5415733041575492
d33fec8f45769c79,0.49513848077524225
8fa4532d6a6caae1,0.14222038136917786
3dff5467e3be88a2,0.7213222882150672
fc6d9a8363c4609c,0.15780150046889654
c9cec12908a9bfc4,0.34471866208190055
a971fe519809a939,0.3582672710221944
5ef5d379d20d65e1,0.4982300718974678
e3fb799669853199,0.7722388246326977
6f8c415e8466353c,0.44571834948421385
6a84824f0fe20d4b,0.26691903719912474
8cfc43e4b7c26f14,0.2706517661769303
de7c6a12dea21dcb,0.7999815567364801
d478e64abc5e2623,0.6524479524851516
437101bfe8957347,0.47995811190997184
6e285e3b9740ddd7,0.6573016567677399
c3ad227a535c2fe2,0.9813848077524228
8f43b3a85065f086,0.7869628008752734
90aa3a900822f96a,0.6029281025320412
c9000a6868faa0ce,0.8171819318537042
32a000ae2024ab05,0.15580275085964365
c4605d1a5e5e5f5a,0.7220840887777431
892acb659d8cf3f0,0.4413219756173804
c69855f3bb4ca032,0.056001562988433895
edf73aedf6b35217,0.2913144732728978
8877ec8e52d1ecc5,0.14011753673022817
fa3630178cfa8ffa,0.13228633948108784
9f5f7129d1af2116,0.5690919037199125
5e7e17e9ef20547d,0.7416233197874336
a0bb691eee0adcbc,0.027643638637074086
47aa950ec1d03709,0.34101562988433887
89b3fd466c092666,0.048607064707721165
f58ae0404d156690,0.15406939668646447
766c4ba6be3c0785,0.6801891216005
eb2e4b71d64f3173,0.9510375117224132
4912ee4332177555,0.6812281963113473
2bef19c70fa1eb95,0.21761456705220383
c6686c6fb6297feb,0.9285783057205375
67508ac580fa166b,0.7214632697718038
ff311f69cd822985,0.30442888402625823
bfff1dc879c76509,0.5506936542669586
3d1fb3f5ce631cd6,0.8792757111597373
cc268338bd6cf9ca,0.6074957799312284
d5798960a3e8183a,0.4507411691153485
11d573b74ae9ba82,0.7357918099406064
8c8705f908dede75,0.8895761175367303
ed2bfbed36ac2b84,0.6096627070959675
89361517fc2f10d5,0.8341591122225696
1626bf6a9e33402d,0.6565973741794311
549de17e617d4cb1,0.11558143169740544
241acccc8c4c5c98,0.6659409190371991
ea3cd2074cfdd18b,0.0042144420131291025
3482477cef332442,0.6069237261644264
4f0e6d903964496b,0.166907471084714
55f5ac50a1704cc5,0.3702935292278837
2754a911af5ae6ac,0.12917536730228196
f2e293367584282c,0.9416417630509535
2efb3cb92bcc9b98,0.018421381681775553
5896699316dc3ab8,0.4097117849327915
2d0483ceb9c643bb,0.5295842450765865
efc8974e6723a58f,0.3474992185057831
a6a0006f726c94b1,0.9312444513910596
6f5c59612f3c92fc,0.9916467646139419
c78209036cd357a4,0.9771444201312911
db9a3030e417457d,0.09637480462644576
99988b482a1d195f,0.8235539231009691
52e13ab6586efd97,0.8582991559862456
3e8fbcc54eca7fca,0.40208346358236957
5bd1113a10668c30,0.1580287589871835
4bef48512ade85b6,0.28011534854642073
2882464c483cd0f8,0.17187120975304784
079b1ed9350bf75b,0.4480881525476711
7063caa968c586c4,0.227380118787121
ec19c34addb8624f,0.4527383557361675
8cbafbdb15a9de28,0.21541200375117225
a38115fdbf75c1c5,0.7642891528602689
6d8390c7927568de,0.2462585182869647
00981f14236ef71d,0.7568918412003751
12f84fa2b4c572e1,0.08018599562363238
ca5bb700586628a5,0.10501312910284463
4a7058a9b89ae975,0.21924070021881836
878bc0b3326ea889,0.10523663644889028
57f748e3454293d9,0.5834520162550797
07949795ad3e2e93,0.709201938105658
8cfaf8d91ea4f1c0,0.2826752110034386
0973b331fb200feb,0.9958896530165677
fe33cc8c6e5126c9,0.16808971553610502
95338421b02d6100,0.799565176617693
6d14e413603d239b,0.8509668646452015
8dd0a5354bcc36ad,0.7888562050640826
73e26e96853b1101,0.1451847452328853
1d9173dbd30bfa8b,0.9784360737730542
b8164626d047cbb3,0.5527314785870585
0fb7907993c4b37f,0.9422866520787745
59ee8f98bf511a26,0.639370115661144
0c3008cd7e493e83,0.8434195060956549
ca16172c325cea2f,0.11448358862144421
2bca85f81b167432,0.8623572991559862
22fee0166c140a09,0.8776673960612693
e2724c0840a5145f,0.5172850890903408
f36672a2c0e1cfac,0.003565801813066583
1fb583d94ee99482,0.8200443888715223
02f264a344c830ab,0.6746783369803062
4da6645d6969cd52,0.16876148796498905
44dc081e8f45104c,0.6036233197874334
2c2b2f0c44e4f0d6,0.3660328227571116
36b10927a5ef8124,0.9226161300406377
c1aaa1a11b02c7a6,0.2920375117224132
052a4c4d54a4bc92,0.7881591122225696
d52322d3a4091590,0.21850328227571114
836f3b0ea82976dd,0.4518840262582057
76fb069dc8449b55,0.6415839324788998
9c73e1140fc59c02,0.26529571741169117
ae6c780a01769bbd,0.3919362300718975
ef3be0cbdd14848e,0.18465614254454515
3599f0b9c0feb095,0.021067833698030638
88664205bb714f9a,0.14811378555798688
b978ad9fbc2debb9,0.6513888715223508
c82c9b618c165d10,0.4438899656142545
0b15c07bf352553a,0.9130975304782745
7891a28610913711,0.5711278524538919
ad4639fd4e49662d,0.040094717099093465
08bf7df7a564e646,0.2061078462019381
7ed362e9d16716d9,0.19005908096280089
0ad5b72ef7c0ed2b,0.47607189746795864
511e654ff2a5008d,0.34298499531103466
c2cd9bde4b5e7a21,0.7102829009065332
5b3e02e26bec5e7b,0.9010484526414504
89c64c8f9efcecb3,0.6486098780869022
a8f6c6e3e62d6b71,0.21475054704595187
019cc0b8962f5cc0,0.7550350109409191
bc4e4242db6ccd37,0.014623944982807129
3fff2ee4dbde3d85,0.5691622381994373
dc37fcbe553235d5,0.2905423569865583
3bd0b86bbb97a337,0.336308533916849
4992d9bc07447302,0.1855779931228509
bfdf1c0f0ba7cdac,0.928949359174742
a6ab2d1d53fe912a,0.07359018443263518
1891df3302c7b348,0.0471337918099406
b9959e103e10b920,0.4559759299781182
0ef3c10f8c9072d3,0.5609171616130042
a10619d97fb76c2d,0.10462081900593934
0863a38392b70b67,0.37823163488590184
60b64acaf466a536,0.6964882775867458
12e3e5d6d9c41e98,0.7958127539856206
9523154e7d045c29,0.7617968115035949
c75a93ff5b4249af,0.2680178180681463
254953a015ac6eeb,0.8903354173179119
800fca2f6db1274a,0.1253963738668334
495cb7b810650027,0.13640637699281027
32f2ab9bccd62523,0.37259112222569557
710c1a24eaeead5b,0.26920756486402003
bc05e8a0b1a36967,0.5608540168802751
7f9c858cee39c32f,0.488899030947171
d943890ab2a0dabc,0.5761231634885902
e8365a58644b452e,0.6441806814629573
8b6555b1e2375ec2,0.7627427321037824
2d05b7a2752c3cd7,0.4211228508909034
cae674aba0ce36bd,0.7292947796186308
ded2185f98f5d222,0.9269678024382622
5aa4335a084d6172,0.5512010003125978
ea84e8283949a22b,0.741698655829947
e05b38abdcb5ba20,0.07684276336355111
1a8232cb16668217,0.10624788996561424
964453e5682c98dc,0.3225726789621757
6220fee3bc1e75ff,0.8996161300406378
44c74ce2f7dfda22,0.8592788371366052
0e420abbb67f6653,0.9863679274773367
381d753868abf15f,0.18712316348859015
c90e0c45f7fc22d0,0.046980931541106594
28cc75a35f51a8f5,0.7716917786808377
3ec9f6c06061e5fe,0.8855064082525789
b014ddae55b634f3,0.17271147233510473
90879b42c1e54236,0.7393488590184434
7e62b4fce61bbae5,0.5534057517974368
6e384e2ddbb3399a,0.36469771803688655
6f07849a73f44a97,0.9719546733354174
f48a2f5d095509de,0.5498890278211941
ba999a22ce5b3fa3,0.9805223507346044
ba9181802cbd9401,0.8534554548296343
bd73bd26225890fa,0.2773416692716474
64c38fe6742e3036,0.13347108471397312
df243043992dea1a,0.531324163801188
0119114d3ccf9eba,0.8965679899968739
f21453041c1dbfb2,0.8117230384495154
65850a53164c135e,0.2049465457955611
48527244bf10d792,0.5066286339481088
cd4848b0c5d09b82,0.3771684901531729
d29250c293d24f3b,0.7764582682088152
8e49853ead7a7782,0.28669990622069397
c4468c09563855e0,0.28154298218193186
06fbbe29034b7d22,0.010120975304782745
85f4de85a28f72e5,0.7595711159737418
61a2fd323396df30,0.2227886839637387
57131a5c1fd27b0a,0.5519762425758049
97148caf47baee80,0.7171638011878714
bc00a7f9820c18b9,0.14979243513598
0774fb3a81023543,0.46306095654892154
26fce92bc23cb74d,0.6630528290090654
c97cd71a9a738f03,0.4258624570178181
e241738a2d4f1fbd,0.7972038136917787
da7df03e550c90ab,0.31800906533291656
35c07da89ceda890,0.7944610815879963
5cf499e1908cd296,0.45814723351047204
d8e67e20d907c472,0.3690281337918099
f3135343f9e7c1fc,0.9323876211316038
35e24477ff3e4121,0.4558515160987809
ad3c1d21283a66e7,0.6489468583932478
fa88a2d04837aa67,0.6941925601750547
3d8cc5538995bbb1,0.04938824632697718
2cd57b0959ffa8b8,0.3035686151922476
abf05406b1a91bf6,0.993489527977493
0f7b3fdc5d781296,0.8955417317911848
03365bdfcc4be998,0.40191466083150984
b46302fe840c3d5c,0.5519946858393248
b1f966468fc49840,0.44621287902469514
6adafe7e6a6e6865,0.9549349796811504
e92c7a5333472aa1,0.6829818693341669
7eabeacacbf8b37c,0.5853673022819631
655d9a938cd682a0,0.9925432947796186
a26607cfecac0d77,0.4520278211941232
8d29e784c2fbc4ca,0.8783898093154112
0552a72825b82f4f,0.38945795561112845
8db26f10038d6705,0.28254517036573923
0eb4f40d8b4a0e29,0.3613410440762738
a1caff7700882d18,0.5628018130665834
ee70a37197156928,0.2385317286652079
6de1b2f62b6369e2,0.9340778368240076
9c2d074867b45c86,0.29725132854016884
36c975ccff63cd9a,0.681211941231635
eac85b26c054de88,0.6867145983119725
318d374ee2d57a71,0.48779806189434194
ea743176167975bc,0.5139149734291967
3ab9fd28956b4c1d,0.16129290403251018
478582ec139d868b,0.6780875273522975
fb9d44e71840eb0a,0.14200156298843386
bd4fd0a37b2b9312,0.5623591747421068
5dffe03302a0fce9,0.9646080025007815
d94e1f4138ee9631,0.41126351984995313
298ced22f474a1c7,0.43595936230071897
0268d1d90c8858ff,0.48670553297905594
84cf6eb7514ea305,0.21572147546108159
95d0de11255bad7e,0.11276305095342296
9df308f6f0758e94,0.7546477024070022
b0fb6fef1f3a5762,0.5303916849015317
3fe46d292459737f,0.013543607377305408
6bf62b52eaee324d,0.11248140043763677
8b6a50f8f0d1474f,0.7635970615817442
89833118f346eb37,0.2214973429196624
48fd781830adf147,0.9751503594873399
209845b666a00820,0.18407439824945293
f23faebe09506cb7,0.7644839012191309
5f9584bc58bae0e2,0.14452297592997812
a08d713f9ab75910,0.5114091903719913
5c4f577995e30921,0.8520109409190373
db21d37dde61a7e5,0.4137902469521726
d22dc3977ccf9208,0.40450578305720536
d0fab5e12cd60c77,0.0562841512972804
5293676c6774f75b,0.1866514535792435
d3ae1f0b7031a78a,0.14948515160987813
bf57f1265cfe2fc2,0.44664989059080973
468b54d83b570a50,0.28190340731478586
134c07b69f25f030,0.5044295092216317
2cfa14158d7d3661,0.5159406064395123
a87b1a98b2c48b05,0.278092528915286
c0bed62168e9892d,0.5533366677086589
fc44e0d5137363f1,0.15021069084088776
1247308f81ebf41c,0.016734604563926225
083caac4b6cb4eba,0.6698683963738669
a9d470ae3ce0af34,0.015587371053454204
935c423d001e7dda,0.22074773366677086
d096b8795c71a6e2,0.8887324163801188
2acc0dd1e03e59b3,0.3492879024695218
bdba30d6e4c5095a,0.40948296342607066
57b0ac86659a9329,0.47575023444826503
23d831dd1ba487be,0.12077149109096594
628b14a47b392334,0.6372066270709597
76a400c7177ea365,0.3346542669584245
86ab9bf8f20612b3,0.5485829946858394
fb26e948e7444ee8,0.641211628633948
367ec7e6bfbfc6a1,0.9309452954048141
efb297fa666f7cca,0.8252766489527978
0a0f715a63ed4738,0.4846117536730228
00b759c30fbbcbd4,0.8936648952797748
4c133deea22458f5,0.9241362925914347
b354cc89789a3136,0.5606961550484526
f3595bdad2050118,0.20609440450140668
2171a4f574746f33,0.4872394498280713
ce89301fff62a739,0.19620693966864647
f4786178a6026169,0.4252994685839324
e1db1fa3be2d2bde,0.5655901844326352
05b896a0d6b00e98,0.001
89658e4ea0b49c47,0.9243075961237888
db78c841ae5796ca,0.3349862457017818
6af4698b636d1c84,0.2694932791497343
be3f82b0567a0962,0.18198843388558922
1dbeb642447425a9,0.0939043451078462
eec325cdb9dc0154,0.610670522038137
cab58c1297ee8294,0.4534001250390747
97e9bafef493dc0c,0.2963691778680838
c738edb5352110f8,0.3881903719912473
fe298587b58a6ac7,0.8981378555798687
b01b2bff457f7030,0.2951040950296968
599065c0cda14c65,0.7520915911222257
feb91e47c3d327b0,0.3309118474523288
1b0d5c427077f7e9,0.45187089715536094
6c1338d0338c0bca,0.8012460143794936
aec29f6d68d9e001,0.045226320725226636
c6567adae6722bc2,0.5925895592372616
c6e04efe9811e16f,0.1773088465145358
eb86688c957ec913,0.43480775242263214
a450a6576dc20dbd,0.5515382932166302
b700f2322066f731,0.9076798999687403
a4302475b7326abd,0.8162450765864333
af5f8038b513a4c1,0.357855579868709
0d73ab8c4cb1fa9d,0.8754807752422631
8ca59ee3a85773df,0.28683025945608
e3f7ceafab0856f5,0.23727789934354487
2445f30cdcdf58f8,0.6790959674898406
23b0f57c015407cb,0.2065626758361988
2750f1a3f3525b16,0.051743982494529536
4d1502e6806c5f5f,0.4518565176617693
9cd2cc7d553443cf,0.36927664895279777
5e314b952cc18869,0.4080368865270397
e8851ddb49233587,0.8578152547671147
6339c240bbb14c01,0.2688468271334792
196ca6bac51b24e0,0.7433104095029697
ff664b7817ef187d,0.048945608002500786
1f50f2cb8e01a9d2,0.5947908721475461
f655a99b43cc6c6f,0.09912066270709596
2dc6d88fd87d67db,0.5725173491716161
b61c9fd4a46a6bff,0.03916411378555798
478a862e9bd10007,0.4982156924038762
0b9c9bb9e3bd1c5c,0.18647514848390123
8ba72175f80e2cb8,0.4061797436698968
80bd1c42bca86409,0.43138199437324165
ee7025a20728385f,0.3358315098468271
a94a734822cd1066,0.4262585182869647
9e445d829547acdf,0.5293779306033136
d08fa8b4d19b0300,0.8512050640825259
8ef8adecee83165a,0.7075095342294466
476933f8311d441a,0.7112038136917787
fd9f323abdfccd58,0.3453710534542044
fde943f5062e49d2,0.7723166614567052
32e1723a53483290,0.4575579868708972
3189ae9ce5829fb1,0.8856902156924038
a691ae869c7c7c20,0.860086902156924
aec6a61870dceefa,0.409417943107221
301339e42c2fd935,0.45829196623944984
33bdb599f03ad3cc,0.06869740543919975
ef958079692354ec,0.9880919037199125
6b9de167c2e2a382,0.548265082838387
81a3aaebe87a402c,0.2776814629571741
78734bb73a549d35,0.5851691153485463
801a31247ebc0426,0.3993316661456705
703c72ed057e80ad,0.7575198499531104
d512ce41ff14126d,0.1273619881212879
b14adfc6f2de5274,0.5599009065332916
3ffc252e11d8a5c7,0.2939399812441388
dd94c4e414636803,0.37115098468271335
089a1dca65e44b84,0.5017211628633949
95e32e732db3ccdb,0.390012503907471
aca38e8f736ef297,0.030044701469209126
78b2b40abd748fc2,0.550806502031885
2595c73b081498d2,0.07958643326039386
4821901eb98463cf,0.6661784932791497
81f36fdaf2813666,0.1792294467020944
1e80444ce87788eb,0.6677511722413254
47c976d0b2db324a,0.023126914660831513
76e7956f7212a4d7,0.19688433885589246
2f42d37419bdab8f,0.9622425758049391
460717034c7c127a,0.6474260706470771
f46b154a36f88b49,0.661381369177868
af4a2f1334861acc,0.9775964363863707
cf562fd6a1ec6763,0.50265082838387
a58fda4597ded16e,0.3780265708033761
7c5b545797c724f6,0.8635457955611129
cd2d2cade053f8e7,0.6950690840887778
0d42478d5f847ddc,0.0929071584870272
fcdbc1ca107a390e,0.8419903094717098
4a6cd78198d5a5ce,0.7614398249452954
13c39c2f8d3cd810,0.06476180056267583
c79d8a5d80e7f04c,0.05267989996874023
51a701717aef4136,0.9380440762738357
4e8d630667c21f23,0.466051891216005
9b8e9dc382061f91,0.3097014692091279
fddd94710360c28b,0.4104648327602376
2c33fa5f3f2d5e24,0.1222638324476399
3ca87064dc34dde6,0.6695670522038137
c9d8edd3fb7bf971,0.4613941856830259
d582a1a34b5b977c,0.9512888402625821
2fd593bbcde3caa3,0.8917542982181932
d2f2308d5fd09adb,0.18715629884338855
dc6fdbb3f28f8f2f,0.710558299468584
ba8e32a15085aa3a,0.6604926539543607
3ecab659633b8be1,0.8188912160050015
80f14a6b7deb5266,0.3797705532979056
6809016a071b3b5e,0.7536836511409817
d26156516af475ee,0.36045076586433267
7946e76f5438edcc,0.7228183807439824
b11ee2ead8527494,0.7675829946858395
03e49d963acfe851,0.3496611441075336
4a3e2db752cc071f,0.953026570803376
6e5157888073a37b,0.7727561738043138
1f7bd653103f1863,0.5719071584870271
5cc0f066c9d8a28c,0.6879543607377305
61240fe8a4dc9a2d,0.34719349796811505
ab6cae9885409088,0.9194910909659268
c4e40432b0ffcfda,0.9087583619881212
1f7fbe6992fe8f33,0.4797855579868709
94953e6bc4d48c7a,0.5194473272897779
e1f4fd779b279dca,0.8386020631447326
38ccb655faf1cbcc,0.2801112847764926
dcc976ac3a08e676,0.07300781494216943
8a586d58683ab8fd,0.8361347296030011
9d1f98568599273a,0.13278743357299158
f5a4bf16401623fa,0.8400934667083464
42c6f25951f7db7b,0.3483360425132854
673b99f498fb7880,0.48171897467958735
e4f2c6820273bf2b,0.9498546420756486
8e7d37f34a1f3efa,0.8770400125039075
ec4bdd78abd81c4d,0.5902475773679275
a15343296b9f6f42,0.7686380118787122
dd76563555eb67b5,0.8489681150359487
3ce8de8291ffa6a6,0.8800093779306033
1d036919bb298ab6,0.29585307908721475
9579b233e83fe284,0.19636261331666144
be5c561435858f1c,0.9618593310409504
5cf1d9bf22b73559,0.8463885589246639
d5e3e7616edfb5bc,0.18996686464520163
ad00da3aa56f4d7b,0.2037680525164114
0ccceb1154debc59,0.6904760862769617
8e2c8545bf82cc60,0.7898580806502031
d62e1e8938e1c97a,0.9181647389809315
a8dc86e602a746d3,0.9944839012191309
c4329a7f54415286,0.42271678649577993
04ec4184a6a2f40e,0.7487527352297593
a8874aa6ff7ddd20,0.2618809002813379
c9a607048a5bc5dc,0.859824632697718
002c27108f6666f6,0.3770118787120975
e4f6a20915cb1601,0.3083241638011879
bb014c28cd6924bc,0.5798927789934355
196e2f507f594bbd,0.37173147858705846
9f1be9fcf021fb5b,0.3151456705220381
9391d5f366da4c40,0.7570872147546108
3453a5ca3d904777,0.33076930290715845
686ba22e52de9068,0.4183488590184432
3553eafc050e9c0b,0.5399843701156612
edab086e1fc56c68,0.9082872772741482
d79a009be9287b82,0.4663694904657705
b86e1b1f8503684e,0.791370428258831
9ad70763cc07c36c,0.9197442950922162
419885390abac7a1,0.06383150984682714
70bb28465e350bba,0.8935261019068459
d2fe3be15c7a040c,0.8377149109096593
df051580b1fd88ae,0.3345667396061269
799dbb3bc5de0bff,0.6811353547983745
c18575ea64f02a42,0.8814729603000937
bc265e458d29169e,0.8997958737105345
d59c94219a63b100,0.862199124726477
0b79c6776df906c4,0.5891847452328852
1bbd089c39955fe1,0.3923929352922788
e07ee63645347087,0.5711856830259456
6795923abfe3b196,0.9242047514848389
f23bdf1e94c91124,0.325253829321663
a1fbaeecebb55865,0.09274992185057829
bc95d3915a49249a,0.5627724288840263
c565efbb2d18144b,0.8361772428884027
321866d63b3b1b00,0.6786233197874336
50ef5d8288aabf7e,0.281002813379181
3948549457628975,0.7800075023444826
b958074c10bc601c,0.3432403876211315
f075bd7b8efbf058,0.5285439199749922
f05a42508ffff350,0.8432869646764614
3c1c900935bc3285,0.12698343232260081
cba59c1afecb3734,0.5104460768990309
013e1691ae9f7898,0.1357089715536105
ff4fafab1f01bf0d,0.7268380743982495
16a52132c026c176,0.22052485151609877
7e6dc3264a60f3c6,0.20455829946858395
fde7be20171bb23d,0.059348859018443265
4709ae8a61f423da,0.6043132228821506
f2f7edc4fdecd842,0.026907471084713978
81421fdc47bf7d1e,0.5988993435448577
e130b6363bcbe974,0.25854829634260706
8b5dc994eb4224ef,0.39035667396061263
ced09e40d6cdb2ec,0.29309971866208195
b65873d2d6509482,0.3355236011253516
d663eee7b55b1c09,0.3399415442325727
e8ac634318c1c070,0.7176233197874335
9861a481912689da,0.3052913410440763
c170f4b630a3b239,0.9938052516411378
31f66aa5ebaf2ad8,0.8635267271022196
31bc47bb1448c433,0.16573960612691466
79eacc58c9cd0f29,0.9503069709284151
32cb3b1b23ea545b,0.42710284463894965
89357b6904f7d6ab,0.47284995311034694
0d9d1cf89bcda082,0.6880615817442951
7c15e3fb5080a6af,0.28673835573616757
a8580d9f4b1f100b,0.9591519224757736
ba1c0d81b8bfcda3,0.5014985933104096
d5c76d632f469288,0.926654892153798
4faeee72bb8b4acc,0.39024226320725225
10875f7f7d53acdc,0.2752747733666771
3fb5a4da63283ba6,0.8358605814316973
6551e600570cb09a,0.8110428258830884
6b4949612595764e,0.35135573616755233
d45b6491898d0fdc,0.3138783994998437
0c40fcc6d696a66c,0.4079024695217255
74607a92b5ef932a,0.2498058768365114
e7bf586ef35ff70a,0.30900562675836196
65e0da070f27aa66,0.10025914348233825
38a09fd79a425aac,0.479051891216005
aed136202b0b58d4,0.348284776492654
5f5b7b68b01d1299,0.9969315411065958
cc5db835afffd307,0.34310940919037203
d8842b37f5416b48,0.6440675211003439
d8aee4335af252d3,0.2793888715223508
00494862dd9b9e04,0.5621294154423258
95d5441c82b1c46c,0.9845620506408252
c6e492bd428631d5,0.476124726477024
598200ada2678880,0.9013738668333856
8094f4dc74add0aa,0.23156048765239134
6831a0024a1dd23a,0.07197155361050327
d56926e610462f66,0.38549953110346985
bbe39148bfc2e434,0.6785214129415441
1a07a83f589de802,0.5883488590184431
8210d5a233d3d65f,0.029655829946858392
ef4e598f566c9558,0.46757861831822445
c02b919584ea5cd9,0.2323848077524226
68bc1f08eb5258a7,0.8977908721475463
d57a9ae04f68912b,0.6391503594873398
fa41a48959374ae3,0.2359778055642388
5e725dcb74b4e75e,0.22647858705845578
121dbf76a9cf73a8,0.8577289778055641
a2383e552a5f2313,0.18297217880587682
378738808b201e0f,0.2509793685526727
9642ee1e267eee82,0.5891144107533604
e55cdf82fcc57177,0.47972147546108157
2103c3d1e5063e3d,0.21202844638949667
02004dc8e2729e0a,0.36695717411691153
95ae4af4bade5009,0.38655392310096903
8a4e103c92d62a5e,0.817263519849953
c4414b2ee31b7e94,0.4834635823694905
0866387e16259486,0.659368865270397
f0b7e616767a0197,0.42934698343232264
a86d2f80a3468f5f,0.409798061894342
691f9a97e9645bce,0.1055261019068459
2f2e7662f26d0933,0.3053851203501094
72cbdcef4a6b4f07,0.8083185370428259
3ca15eac9b7ce8d7,0.8328086902156926
d9f713c872a26c76,0.5833435448577681
38c5cae3c23f24a9,0.23045701781806816
80e12c9a6e625e7a,0.8618512035010941
78211c4fb5585628,0.8816258205689276
59e71eb2f5c7c432,0.8248327602375742
b7abc4b3e6ff0e3c,0.07185307908721475
42eaa77ee15f2ca3,0.058071584870271954
bb8ed5a0931148f7,0.1362744607689903
2ca7468532706e2e,0.10835823694904656
98791c70677eb76c,0.7169965614254454
e7ec6ff3f296ed38,0.349117849327915
7845f67130f900d3,0.6702081900593936
fcec4d0ce44eda40,0.6099824945295405
0ac91fd23085433d,0.7523804313848079
ff61891d90f930cb,0.3604470146920913
41fb4a2210a6066c,0.7632607064707722
4c7ebaf834966e32,0.11942325726789624
81aef88d712fdd5b,0.6481428571428571
36b0ae34db90ecd7,0.9059699906220695
72fff2ad28f42426,0.6014576430134417
717207649c078f67,0.17713066583307285
925d6e357d7ec158,0.6979152860268834
effe2d48627efbe4,0.5785748671459829
0577c43390d4bf43,0.9971362925914349
546cd9bb6f2ba820,0.433876523913723
8a47c92c6443e7e9,0.8797120975304784
bc9467bdc8642922,0.43453172866520784
af91160b63f1bc90,0.8615014066895905
464ea9bea5384944,0.6298693341669273
b838b4792a3c540a,0.6362344482650828
11fd6e717c95ce29,0.7607117849327916
b1e2e5a1c0f42f8f,0.5653185370428259
222e74272be1ccd2,0.3460712722725852
21a85a0b474e45d8,0.4070059393560488
5c5c76ce21ac9a03,0.16272210065645512
98c3f3c5243d4fc6,0.25515473585495474
745be7354fe05a2c,0.07814410753360426
ebf17df229daa6aa,0.3997052203813692
14929f1035ed296c,0.8068055642388245
af1bc354186d653b,0.07487621131603626
88e44f6549d78a5c,0.3984713973116599
1a5119861af7675c,0.3420143794935918
4675a1f396e095ac,0.8228724601437951
306fd63061172f24,0.011565801813066583
68fb9067ffff02de,0.8664241950609566
93665736b22ae558,0.3655436073773054
2f3252e131fb28c1,0.6621128477649265
a90bb7ef537f3ccc,0.6325089090340732
f8c47e6a1ab0bf1f,0.5309793685526728
7f335ac0ff549013,0.11138293216630199
e9c7c37b6584e68a,0.23725445451703658
e2f8c99b54c930c0,0.04039762425758049
4f0ffae34b450b85,0.6205120350109409
94e27d2dbdf9010f,0.8919209127852454
db05b31fda1c2b1b,0.596360425132854
af64ad7d713d5a93,0.4973116598937167
4d1462da71b0efa9,0.2866905282900907
04fbab7984c52c30,0.769586120662707
c01a62e78e6d8a2c,0.7794245076586434
74f8579fc40b2d7b,0.22606939668646453
0eb2d3b71cf2b61a,0.6880828383869959
57788504ce4c82b2,0.6635432947796185
9e7dfd444a9f30e7,0.5138771491090965
0cd8b38e5a4b74cf,0.39889371678649577
e8c1c982ff8a6704,0.39815786183182245
36bfe943ee63fe65,0.37449828071272273
998d9f62a717ccd1,0.10851891216005002
8069d4397377adbc,0.19519912472647702
ba8f312910226da5,0.8405723663644891
37faa0207a18eb20,0.8493966864645202
c16962d752780184,0.9372291341044077
f1d62e28f903e96c,0.569870897155361
8cab416d1f2bc624,0.817077211628634
b791af74c95ffa06,0.9043419818693341
05b113e465a98080,0.452336667708659
b17d9630e851487a,0.4787195998749609
92981268f9d56f38,0.7813844951547358
76775e095989aebc,0.05630509534229447
a07f4266c4b1cb5a,0.19216411378555798
7b5b1f94772d1b60,0.2630275085964364
4f8ef604a40bca4d,0.32997718036886525
673f3a4c0bd90267,0.19685964363863706
58139d3ae9373ae0,0.780724914035636
c24d1452d22e8db4,0.6250772116286339
441d9763fdc1b0df,0.8809259143482338
d2987a3199c1109d,0.7471888090028134
cab99a91ac2562ca,0.6536855267271022
df1222f0cc1e08bf,0.5529168490153173
bdb610f14d1f9c0a,0.08475929978118162
d63652d83092f4cc,0.13414910909659267
dc121e137a206780,0.4896036261331666
e5fde6a720ffea60,0.2659365426695843
52f7118d77a951d2,0.3488002500781494
1b60cd7738483c77,0.7628090028133792
c7ef81c5ec66b855,0.9755192247577369
42a4005911b6abb2,0.9322472647702408
926e4ef2979d43ba,0.08138543294779618
936393261928dd44,0.6182013129102845
90b3943086a67cf1,0.34704751484839014
80b6c2497708cc79,0.4738068146295717
dc880492a16f61a0,0.265617067833698
363fa6d193ea1791,0.25885933104095027
11443cec444ffbdd,0.9735104720225071
174e280d8c42163e,0.7480243826195686
d7fddec00bcd1345,0.7361409815567366
2f2a0292483de945,0.9907158487027194
2638757dc8ccf105,0.006788996561425445
af967b1ba12837c7,0.49628602688340107
6cf0ebd8925305ad,0.9458874648327602
0307e7dd94f223c0,0.0639277899343545
d86f818a421d896a,0.7851462957174117
95c76aa135d94e8b,0.20444920287589868
dfb2dc72331615e7,0.8527927477336668
b488c877787792d6,0.40432166301969363
5864514fce7556aa,0.684500781494217
7db51b9dfaa6c3be,0.19220944045014066
475afd5ca8082909,0.6157002188183807
aef3fd34396adfe2,0.06567489840575179
e93ef7b1eb85a270,0.44266239449828076
e643f5e629c7ab40,0.03584276336355111
e9234451a7ebfa5b,0.7851697405439201
e8b95693607a1af6,0.9500084401375429
362e59ee5f24ba56,0.6917596123788685
760d3c489cbc2365,0.19462988433885592
cdc43a10fec587b7,0.8440234448265083
436bfce1b2e96ebc,0.7246523913723039
8364b88b9aee50f6,0.5888943419818693
49b33a422ea5bc22,0.959173804313848
7c87edf2fa4449ce,0.03406502031884964
ae4d87302f77418e,0.4542153798061894
80504f5553a663cd,0.14474241950609565
285102ab56c81c9a,0.4656370740856517
ce75929520b6600d,0.796639574867146
90e157fa590bed49,0.9141613004063769
72308a9b8ed351ac,0.8922728977805564
67da97f4bf5a43aa,0.15999155986245703
7a2c3503f50e758b,0.8048286964676461
7c277b093ca6e70a,0.14593779306033136
e17cdb698e7793a0,0.5308399499843701
304f33ed70c9905c,0.6397452328852766
f671940234873df5,0.838448577680525
4c60ff51f1a98ddb,0.4030193810565802
357333ab581b26a4,0.4693929352922789
c12b50c410a56d62,0.14318849640512657
280ee73ea3f9a150,0.5282954048140044
9794f61f2b35c374,0.2197008440137543
99bef954535737b8,0.8005367302281964
164deb1fbf6d3d15,0.7210431384807753
17f64dfc919c257d,0.4374807752422632
177f1a78be284fe4,0.5993641763050954
6575a6e55c3aa52b,0.6119240387621132
e1ceb3cf89c78b04,0.3917846201938106
2787d14ba4491e60,0.41692591434823384
47283a11f402ab9e,0.5052381994373242
3e13ab75e759c66d,0.6999778055642388
565632830f202280,0.6514520162550796
c60dd36532e24523,0.7378027508596436
1bbb760f70ac35fd,0.1820834635823695
5952ee73f64f8e8d,0.6151553610503282
0d2e12deb5dc05bb,0.3538799624882776
93cf50cff9e70197,0.5803794935917473
71a0f1d3a79f9279,0.37216286339481086
ff1b97bfbc1de495,0.7381575492341357
152d66dccd700ae2,0.8164798374492028
af9475d72cb09bff,0.4573235386058144
50c6ae4f3f0c520f,0.8009043451078461
53277c274f93827c,0.8270728352610189
65c28bc2a138b604,0.7794692091278526
ab3f36de97ff5288,0.03309096592685215
6e673b3e05a86556,0.17863457330415755
29ade739f5ac47ef,0.6404782744607691
d6c96030b8564b06,0.5939099718662082
5ffe88ee98e246bd,0.08566051891216006
b75847a46dbc7758,0.4170037511722413
fd4f072e7db648e2,0.8795014066895904
3b600a791eee47c3,0.5445114098155673
3205c60644f3310a,0.243798061894342
37edd7d198365da8,0.9836752110034386
4aed77bb42b6c35b,0.1233194748358862
70b9c5d2c47a6231,0.8180262582056893
5aee71b30cf4e773,0.06405908096280087
3b6034955fe901a7,0.023190371991247273
53f7e37ad065a1ff,0.6847246014379494
8249af221f0dfc62,0.3803429196623945
4a798f098b3ac80e,0.7249071584870272
7859a3365dc11f7e,0.6799274773366677
0d6ab61f58e22d8b,0.3593222882150672
d90f47b845ad8044,0.6238999687402313
908f76b67c5d77d6,0.2919987496092529
2e13d0c9efbac24d,0.4349753047827447
fbd3509fdc1e2fe3,0.2175504845264145
d0c07aa05dbee8c0,0.5036783369803063
e2066400c0c997d5,0.7992547671147234
9d002016fad484c4,0.9667174116911535
18105a09ff042e04,0.4231356673960613
97dbf62f03867f4e,0.6957683651140982
008e7b56ab9053c6,0.9329093466708347
e382e61b69858e84,0.001387308533916849
a02b2c12a9b232a6,0.36588715223507345
5d4eefc602f1a815,0.6847689903094718
8c8faef5bff7b3c9,0.10986026883401062
8ea4fb1f9e66fa76,0.15920568927789935
22a32bb8f8bde6fe,0.6801722413254141
6a655866f90d61e3,0.5737539856205064
b15548596622ebdc,0.14919474835886218
e6426b5a54e4a972,0.7217271022194436
2bb1ea15970a2de4,0.08557830572053765
5b2c1fc3ca8dca34,0.22689965614254456
b26bc3d1078e5a5f,0.2678115035948734
9db2f38d40ccfed4,0.2410847139731166
8481c054b0537a7b,0.758954985933104
c4016925a614e39a,0.6196380118787121
a6145b00b87ffbfc,0.9745901844326353
856c1f1b7a16dccc,0.11465239137230386
5db9aa657576b123,0.038316974054392
e6c91e69fe022b81,0.9974363863707407
18323213899682a7,0.08747233510472023
84aeda77a9eaf7a8,0.6158615192247577
60aa7eb39a1066d5,0.7828612066270708
011908fe41b2ead8,0.8389696780243827
95a236faf4cbd0c8,0.5904601437949359
c58d93928c4b43a9,0.06483494842138168
e3d5116d0ddea646,0.7560025007814942
3d33771711b587e9,0.7870565801813068
ca902179e21ff302,0.6461084713973118
4b2142ee3d149d15,0.37923444826508285
d78803f699e1394d,0.5685404814004377
ef2d9881a6438977,0.0721434823382307
3b5fc032ae2a290c,0.45179837449202875
9d5473cf79999f4a,0.614824632697718
9aefa72a94558b66,0.6554954673335418
78cc36a16e5afd3f,0.4049396686464521
0628d45dc33a5639,0.7793279149734292
bc63ee6da23c5dc0,0.9089537355423571
5a69761001b7342a,0.565221631759925
f5384c1b33a306d5,0.2820815879962489
9f4fb39fb6e8b6a8,0.504673335417318
f7787ed37e4b9d05,0.5986955298530792
eecdd457b6c7edb2,0.8714138793372929
f36c01f2f7fefef6,0.7360944045014067
abe3d414c510a7dd,0.510236949046577
d1f7dc9b905e0fb1,0.16266583307283525
a97c23cf1c8d474e,0.3208352610190685
fa77ebf418dd2361,0.1349152860268834
4fa91df3f09b649a,0.7379190371991249
4c40bd5075d26ea1,0.8544348233823069
559cb0c10ea413cf,0.661677399187246
b07714f5d0a305a3,0.6490919037199125
ac26d06332fffb35,0.24767552360112538
f3a18a7976f15c5b,0.14109690528290092
bd610a8daf3173f8,0.008861831822444512
b4db2ea448a373cd,0.15490121913097843
a9e601aca0377220,0.7540353235386058
7580e5af192dbd01,0.9767127227258519
3b50e09f1d1584b8,0.5769790559549859
e752099897ef3c84,0.21218505783057204
9e556374eb31bdcc,0.5569462331978744
09bf3001382d4d51,0.13875273522975928
ac4f9d21db6d0551,0.46904782744607687
bab162c780dd5d3c,0.35144388871522353
1ac05275c95e2b9b,0.18268771491090968
ba53d76ac3815303,0.7248361988121288
731194026ddc8a00,0.8862572678962175
565ccf55ce0f19b3,0.1640121913097843
c610846e274513ff,0.4922547671147234
4f2f55e6f8f022f8,0.38034385745545485
171594c12d4f22c7,0.01641419193497968
fd9a29be83f07915,0.20927352297592997
0e69e13d2585552f,0.8947427321037824
8458a25c7d299656,0.22796623944982802
36510a7e2e8cf5e6,0.5381303532353862
4c689c2ab0b1e458,0.930063144732729
bbbb01b896a60659,0.38558518286964677
95a6091ed902a1c0,0.354593310409503
226f1fdbdf45c3f3,0.22394029384182557
b3776535f92034c1,0.23589684276336353
e136a41bbd9d2ebb,0.8485598624570179
2acab7498f95984e,0.5972310096905283
5a97d6bb500166e9,0.5275495467333542
53ad75887ce27a2f,0.45188371366051894
4bbccacfaab6a76f,0.5547768052516413
8d5dbeff654a20b3,0.026978743357299155
885918cc4b58a92d,0.516381369177868
c33b954ec9e9d53a,0.08004313848077524
c73aa72e6960366b,0.4930700218818381
28c265c8e738031b,0.9255908096280088
16f59244fa16b9c5,0.813580806502032
ab1bbd20f2288ef0,0.30596623944982804
21ce9f486720b00d,0.582903407314786
ea98936cd5a062ef,0.5953019693654267
092b99905affadc7,0.7822422632072523
f8a1935cbff0e3e2,0.5255867458580805
557ff2105e2227eb,0.04966489527977493
e28b4c1e7eede953,0.19790121913097847
afcd2875196e3514,0.62967020944045
622d0c5c885e5d67,0.5534942169427945
5ab123deb8c8e0b9,0.8601519224757737
d70f7077ffdc3675,0.7322597686777118
ec0e23575480409a,0.6534842138168178
c42b1312f2466d13,0.4417746170678337
58f7c9cedf508963,0.9740687714910908
483a6a2fc6820e34,0.2984548296342607
9a410bdaf99ab250,0.8827127227258519
27d8448c7743312d,0.6232491403563614
d22510648b60b80f,0.999
cf71cc1d5beaf427,0.868879337292904
b16d96c422e7686d,0.6588827758674585
f3bb00d62eddf347,0.18497186620819006
e7ad214e8e1b87e3,0.5804191934979681
a149a81fa46121c8,0.24147514848390123
954ac0304d013ceb,0.8229881212879024
5fb61c8caa291bb7,0.2847117849327915
b3e6b65c022e07a8,0.8078068146295716
014590f5ad393d98,0.44468240075023435
fd3098a48d0565da,0.005010003125976867
597dfb91140f7a43,0.07836042513285402
29c72ad86d92588c,0.16666114410753358
46403e8726688e63,0.05290059393560488
586f9bad93615a9e,0.9886151922475774
518268ad7eaad020,0.3967302281963113
eb68006674ff7853,0.4925842450765865
829bf94f3c7511b9,0.5369190371991246
472338feab38fd63,0.0054529540481400435
e2eb7c00452da3bf,0.48711659893716786
264d5eac0a3db4c1,0.6209402938418256
5dd40ed8f6931f40,0.566954985933104
ea07294f7b9321f6,0.37397843075961235
800d5b199211d908,0.14274398249452952
c26171ff73291cde,0.7850731478587059
9b039401395029d1,0.21079024695217258
149773fc93e82e0b,0.9208146295717412
377962b226c4354c,0.41768865270397
b33ace47f8c9cce3,0.16759893716786498
5898aee0357167ae,0.24354016880275087
5011475bc46160b0,0.10834792122538292
49403fb05b28bdc1,0.7661128477649265
d64f9b8328cadfcf,0.789221631759925
8347b5a18bb84a35,0.2959440450140669
a72c9158377598af,0.2524332603938731
346932f67e7d808f,0.7072703969990622
e4962aaff0cf97fc,0.7662288215067208
d63549a6e599cc24,0.021609565489215384
d013eaf626e99575,0.7740090653329165
a7c0072db3d224b7,0.7225254767114723
b87493b15c6b1e21,0.4987214754610817
cd6d6ab0bf1601eb,0.36165708033760546
fc7b0d78438f45bc,0.6172488277586746
b53e88867e63ec5f,0.5162713347921225
1e1e7de7f17a14fe,0.306617067833698
fff1df28cf047de8,0.327685839324789
9a4279b8c94a438c,0.11605126602063147
d1a19d29c2aa4b9a,0.7212525789309159
ea65ca7ec57132e3,0.6960484526414504
35cc6e8b29ac28d6,0.9521531728665207
35cebb20cef64701,0.9213104095029696
03c27c6fa94b88b1,0.12881525476711472
654a7847a4c3d0a9,0.9558952797749297
d82da976d107c4ef,0.9151047202250702
0f7cdda5aab7cb9b,0.5465461081587997
511e61b096246922,0.20933698030634573
9bd56be8ba9524b8,0.7596977180368867
08980e1d210b6aa6,0.6187214754610815
c84430f350b3a159,0.5083285401688027
152edc8f6b8762bb,0.713783994998437
a4a8682aa22552a5,0.7671884964051267
5448387d25232e4f,0.018907471084713974
86b5af3c99c2229f,0.018687089715536107
a243c84e17ad5313,0.6579693654266958
1cd4111d9e2c14af,0.3559381056580181
d6596bfbfd4cc049,0.7761728665207879
5f6669357f9d2602,0.753687089715536
8ce4d3415fe4440d,0.5082281963113473
b7804e0aef5425ac,0.14360675211003437
a68ac8503924dfd3,0.8223241638011879
0ee54a169cddc5a0,0.32938043138480777
91e67962d58a2196,0.5083469834323227
337f92313341198c,0.5040212566427009
62fdb17735fc24f2,0.3772447639887465
32070e417cceeade,0.5116370740856518
d10e86cc3232dbc9,0.9595798687089716
9e379ff80b817265,0.7277070959674898
cfff3503c56dab5b,0.16440731478587056
9f21d3f021ded79b,0.2622988433885589
5fe69ac7610324ba,0.5441078462019382
fda80e0f061a2a2b,0.6023994998437012
e5f50a39b4e83fe7,0.6839993748046265
b7ac8ea60b369ad0,0.08738386995936229
f4aefa9fc2e0d241,0.9261216005001562
0f32bcb05a22709a,0.7680956548921538
13334ae771ee01a2,0.5255595498593311
d2596a53564c0b21,0.3752694592060019
1a90578444c1c9a4,0.061963738668333844
38767f6c13ad1bfc,0.3329384182557049
8d312d36ba150056,0.20855517349171615
c4e9fb7cce4bc726,0.3908871522350735
9ff220beebc71a5e,0.17943794935917473
24bb5e20d933da44,0.48274210690840885
42f6ebdc63da37de,0.5928827758674586
39f065a3b51d8011,0.1315751797436699
adfccf4de2f8f9e4,0.21473054079399811
bb73756443a5eee4,0.5009409190371992
0d9c7ad016175e4c,0.6265889340418881
01d6dee3fee929b0,0.12389121600500154
4c94ce26b7eb0794,0.7217283526101906
184edb2637a41d50,0.5293022819631135
b14c8ed6d2ad7039,0.03105251641137856
efdd1d7495765245,0.2293104095029696
affe3b0f590fae77,0.8570375117224134
3edd7de677b91b05,0.5347539856205064
ba9e4528463c5dbd,0.474067521100344
8be8330f2029f548,0.34073648015004687
df6e6d77a02918af,0.3372572678962175
33d9746c24d2c070,0.47120287589871834
e51c785618029ad1,0.6989487339793686
d53ca1e375f1420d,0.5398208815254767
d4133e84363708fa,0.7542200687714911
094a4df459f84f9c,0.11241231634885901
c95b97cbc9622e38,0.21291528602688342
8a243d50081a0a41,0.6698086902156923
f6f2fd05daf66b4d,0.17037793060331355
3b5e52e54ed29ece,0.7342203813691779
144d292add5f41e9,0.662699593623007
49aedb77fa2fb4fc,0.764865270396999
81e5d80b657413b9,0.853051891216005
fb21fa126522b6e2,0.7002163175992497
3451b921fd37a93f,0.6504917161613004
e25080fc68263c8a,0.9292122538293217
64f0448c8bc4b1eb,0.02289621756799
ed89496194aa19dc,0.37396936542669584
fb22f7c013b24779,0.46044263832447635
1590a07714e8a656,0.1655604876523914
54ae2ffdf139cc38,0.283576430134417
96bf13f3fa835169,0.5999096592685216
559cc1345795571a,0.2247636761487965
325ad194b9f588f7,0.7080475148483902
13ff609306472199,0.73533948108784
3c87f31b6953fbbb,0.08695279774929665
2dd14f20786549ef,0.40385745545482965
be72fb5da729ec70,0.1861994373241638
dea2b01ff6868477,0.6020175054704595
c7ffc036c6fcf66f,0.6510668959049701
67b0cdefddff90ef,0.733011253516724
eb949d7c7beb6354,0.7220853391684902
72dbbe8ab710128c,0.8020803376055017
fe50a3aa77d27195,0.08203344795248516
b7dea5f446a371e0,0.09808502657080337
3b6627fce4fa7c6e,0.05976398874648328
5766e8d8c783a487,0.6560572053766802
818813e68f11c85d,0.49399187246014387
4efd1ededeb6af5b,0.3467427321037824
7339d8d336c0728a,0.4147877461706784
5932b86b513569c7,0.5572150672085027
667e3c34655efebc,0.8593866833385433
211cf2ea67620b3e,0.8771103469834323
73ddd41ae18acb03,0.18677930603313536
b7d7b9bb940bf7b0,0.8346405126602063
672de9994012beff,0.13405845576742734
1fcb989eab73caf4,0.017450140668959047
1a8eef4f4936cf0b,0.2935551734917161
181bfbae0ed5b503,0.016454517036573926
0144b06a9d5772ce,0.9366530165676774
a6d79b35c359d2ca,0.8062407002188183
adb1f5a83ffc8956,0.8779459206001875
7fe7578307634c36,0.9562341356673962
ef916f6bd9bbf8f3,0.7040615817442951
261b4b9303f16955,0.7458024382619569
bdd3d57f2dcbf24e,0.2011900593935605
87478ecab9990b69,0.4716161300406377
00903281b49f7885,0.9927899343544857
faa54ef489380476,0.9262338230697094
afd67495e65ca43e,0.2004170053141607
3cfeab5f2a521bd7,0.9756477024070024
f889243e554a57b9,0.5415917474210692
1633226e5baee1a0,0.9822413254141921
09429539f12260dd,0.4827474210690841
4642f19a02b65fbc,0.036337292904032516
454379600a0d58ae,0.6213226008127539
806b67c9407deaf5,0.07667427321037823
64147a091385f1dd,0.2638271334792123
410684a9ca496c4c,0.2700937793060332
198aca03e558bad7,0.2724482650828384
19112c76b72e70ac,0.2029737417943107
33cdd595d6f64465,0.14320600187558613
b678efa350251d1a,0.9578093154110661
2773ef74c8379c3e,0.6992460143794935
21a85668c56f4a28,0.5866298843388559
ad44c67c941b730b,0.2249928102532041
afafaec6ed7cb894,0.7181644263832447
7b2afaaec11da7c6,0.5076230071897468
14f8df83cb5fb959,0.6428437011566115
2fa6287a9d075ec1,0.3319749921850578
a20301029a5e8b78,0.7220093779306034
64c226150b42ee5c,0.6784842138168177
7012b66ec38b6038,0.00313129102844639
334a43b3d7746442,0.6549565489215379
3e39b50358f01b64,0.7616267583619881
dd424dd258080c0f,0.49487933729290406
b6815449a050c02f,0.28956423882463267
786b0bb1d7a4dfb8,0.2761062832135042
bfadd1b4779947e6,0.9374607689903095
23bda92c60bb92e1,0.9218380743982495
20f374eb224e1a7c,0.33840387621131607
04bc6e2ce35edb4c,0.7235142231947483
f5fe2d58beb86d40,0.4544166927164739
203f3df885ff03b3,0.15505001562988432
ac5388e6680db6ba,0.1768452641450453
20a190db150bd0a2,0.4041884964051266
03b8f432ac8e3226,0.4848336980306346
800d13aa581dc05a,0.8301659893716787
32ad97494e39788e,0.7581362925914348
762f69f875d0a0a7,0.7324979681150359
7102288564065a58,0.7755229759299782
a244d35bd0a46b86,0.7174623319787433
9fd85d10d8d80cd1,0.4822941544232573
cd37f417a290a412,0.7134954673335417
087a61efb373df95,0.17524945295404812
5cc1bb67fc9fa495,0.16633354173179118
38260167161be0f4,0.604042200687715
377d6156aea5f7b3,0.9326080025007815
de73631ba462d9d8,0.0556542669584245
c6ad617675fc82bf,0.8242356986558299
53c0301b075c4edb,0.22641638011878712
d5d5bb7bc7475a6d,0.37194185683025943
2785f7c003032f79,0.36410597061581745
bacabfcb41e851d5,0.9486824007502344
930620d9c45cfc16,0.6465173491716161
a2253bc60bd26111,0.3978083776180056
48be98b0da47a60d,0.05275554860894029
4192611de72c647f,0.7968843388558925
0a3e55a0415cf1db,0.022912785245389183
94a41eaf6c166f8a,0.16050890903407314
65c588ff0e6a0940,0.5745323538605813
7316f0f5207cff7d,0.9138133791809939
fb48d6120d40241e,0.09178274460768991
83e835be4b7da5bf,0.20357893091591123
be007ff41dfe8e33,0.9147383557361675
ae762981ec3e2222,0.9440459518599562
9cde4da63a470364,0.1218918412003751
1e641e6a0e15cb0a,0.9714498280712722
f1e1bfceceaf5b3d,0.21431416067521103
b33a9dd2d6116451,0.6577217880587684
6a00f8682a96e6c2,0.2524338855892467
4889bb3fafff04a6,0.024258830884651448
d83965adda3948e8,0.8250975304782744
35ebd3eb17d43331,0.7042979055954985
4fddbddae3f8c321,0.21700281337918098
279f5d02ec1d4618,0.6998824632697718
18dc05e08437b19d,0.5999668646452017
fd5e41a3afe867c6,0.5479168490153172
4dfc9b4693d64425,0.5754513910597061
38efe84b2371909b,0.015159112222569552
d5ab3634461fbdba,0.6374620193810566
88ee52d04ccee47b,0.7305767427321038
311d0a7d1bc40182,0.42362144420131287
ca3eabbb86d9d394,0.6400525164113786
0839345320590491,0.20158799624882778
3166da0225b35bf6,0.566882150672085
4fdcce92f68b7529,0.9785289152860268
4c0a03f188fa9938,0.4215873710534541
efd671b84d562241,0.2114770240700219
a1be96b06611a4a7,0.48881619256017506
7c15209ba7808ba2,0.8085214129415443
b4fb7e75679d28cb,0.9762557049077837
095adfc07a65ed27,0.4766705220381369
a19e6a028348c708,0.01679587371053454
bb5e510a6639b43f,0.7304223194748358
fcf27b9cd834eeab,0.17765645514223194
dd9e809656743e04,0.38652860268834016
9cf20fc9b8513a03,0.8208124413879339
d929256e10f5e94b,0.5945933104095029
c7372107d1356264,0.8215701781806815
fb002ae965e2435b,0.3812688340106283
891d7ae2edccb735,0.7236833385432947
33b3795f9d4a8ef6,0.0202691466083151
bd1c976bfd04983e,0.6871103469834323
22d26961eaf80875,0.9347933729290403
3267d0aa9600286c,0.5886098780869021
f85b98ab9c2071aa,0.09923569865582996
4b4c86d64f258caa,0.5658902782119413
af271d6d690a0b0b,0.16842294467020943
8b1bdd0f68e6ab19,0.23024914035636135
aca740ec2df56ecd,0.69909409190372
66cae06936335046,0.5434595185995623
8aa96ed1f09b6e82,0.9341537980618944
fb089d648c0fd719,0.42555923726164424
b3b39f3310bed9f2,0.6035551734917162
4c9ddb6a1c08a7ae,0.07510472022507034
8dafb6cdb58233f8,0.9632713347921227
8512f25e0995f115,0.68991559862457
3e89b24f6780dfad,0.6568030634573304
811b5cd3d60f8f01,0.4899227883713661
8cecb78a9a20021d,0.31249640512660204
c726d19506a1a864,0.454851203501094
bb71d5690f654fab,0.7928496405126602
01fddb547603eef0,0.4213019693654267
c6592de36f791128,0.2804892153798062
ccde7fc6a8ec59a5,0.26230759612378873
ba6d1493e3a1c1ad,0.7458802750859643
7dfaf88276d52a5e,0.7076139418568301
c09d65931e21624b,0.8975073460456393
f9544a6dbd4caa2f,0.04791309784307596
b374ef23d5ca3b3c,0.44085339168490145
c51f8b67a66b5aa4,0.9926195686151924
4793cb7dc1d36c4d,0.6951628633948108
c4a77a4226cf0e3f,0.450774304470147
11b46e06959d7824,0.8971616130040638
75083fbf03436018,0.7612203813691778
44cc96b7436e60fb,0.799777117849328
9c78ab8c7f52b1ad,0.5491984995311034
27c3ba5b3d6374ec,0.12168708971553611
09bad77cec8a0ea7,0.6267402313222883
7e5eaee69f7e8e60,0.2937646139418568
9701beed4cb2fd40,0.2412750859643639
a886ee5f5e57d356,0.013696780243826194
43322ba6466f83ae,0.4588230697092841
39ac7a6c910dc826,0.47071397311659896
a7624810eab99b39,0.6262338230697093
27ce336c13dd7f0e,0.22748921537980618
35ec56371ec7bab3,0.8626589559237263
1033972a8d27b8f3,0.9659159112222568
246fdf152b78ea45,0.1466351984995311
67db089b7a0697c3,0.14668365114098156
51541de4865fee3b,0.5038090028133791
2e0ffa5c733d2a47,0.9189740543919975
c307a7a1d2e93ae9,0.8286902156924039
60775afc974d2192,0.391173804313848
1af8370aec8adce1,0.8091903719912472
7adaed59e375f94a,0.4103854329477962
d3f971f17d9ab0d0,0.3356455142231948
f1eff57932ef0f4a,0.6659924976555174
b41ea8380984305d,0.5986808377618006
dac2137cd3aface7,0.840736480150047
48da40bf199dedce,0.2832125664270084
2c36f80cd8d50da4,0.04272835261019069
e45c5c285ae25a13,0.7019484213816818
d57fa89c692abe6a,0.6874610815879962
0d5b889f910953e2,0.22601000312597685
a2bb73ef62a1fa41,0.7808074398249454
161e450caac64b0b,0.3943110346983433
870239c07fe84d59,0.6592453891841201
1a510d36c73a9190,0.3887839949984371
6365e056680facbe,0.44282244451391056
7e5efd56e82bc148,0.13570647077211628
8ddf8d226ddfa267,0.11211190997186621
aa2927ee663efd7e,0.5774948421381683
1969a71e6c309cce,0.4067296030009378
33e3103e2045fa64,0.1476245701781807
79d3953d4c100b9d,0.9258190059393561
8a0bec565c237aae,0.47850265708033757
e7b2425696ad04e1,0.17869709284151297
1585c48da5187cc9,0.5558740231322288
b508d898d174eb05,0.7504476398874649
ae96ed3d88eb7aed,0.284161300406377
3780b01a20d9aafc,0.685497968115036
5d2ea0bc3f49f99f,0.6909706158174431
609566c49b16621d,0.1874204438887152
52a50658bfe832ee,0.5906351984995312
76655f684bc2518a,0.29336792747733664
507aa51e38d00459,0.4150834635823695
e7edc5fb783b818a,0.15985870584557674
3488c9b765c1219f,0.09096811503594873
60726ee6707bab89,0.8920447014692091
724b704c54783fd3,0.024160050015629885
23405c43202f489c,0.17905876836511414
0a275c8c3adc1e3b,0.2160025007814942
ad727a83295f79c1,0.921729290403251
9fcd517a3727524e,0.578043451078462
c1a15f34e5189a8f,0.40337668021256645
ee586308edeeb5fd,0.5743288527664896
61323c4c907b9667,0.8235529853079088
dc6ad9b2ea237556,0.9589931228508909
fc261535991f079a,0.22273304157549234
199f8696fe22e8f6,0.36478837136605197
80c803fed1e7b815,0.07853516723976245
b3645ff1881e6181,0.3234213816817756
f077bcf8ba579026,0.5395314160675211
c98984325495234b,0.4838008752735229
2b1acfb2885f0207,0.19983932478899658
58aea5fe94bdc9f0,0.5258840262582059
13ce2e76f9ac9797,0.7762663332291342
585b1ae5f2fdf9d8,0.9481544232572681
c02d00f3c935fac9,0.4848508909034074
961c1ecf22020dd7,0.536928415129728
34a2c0730076cd51,0.8361825570490778
f08c72208c842a80,0.9224829634260706
3d0365b300b08d12,0.5558165051578619
7698d1646b1160a7,0.279590497030322
46fe0812a4d6a0e5,0.2788349484213817
1992a8cfd9dcd0a4,0.9011050328227572
234824681fe92370,0.3202503907471085
66dae8fb83f01cda,0.20154517036573932
565a8741e734fb66,0.32610722100656453
85796d3a4623f1b4,0.15845170365739292
980c038df259aca4,0.08643826195686152
847d49fff22ffac8,0.8835167239762425
3ab579aad87803f2,0.04684495154735855
7c287939d256c04a,0.23948733979368547
9b56b63c1ce61e36,0.35263894967177245
2b2beb4ade849fe5,0.739890590809628
ca97e3a639d0f212,0.3794729603000938
cdf0a515724936f7,0.4672203813691779
f0d9600d63271cb1,0.917327914973429
61f6d6cd6e8ebecb,0.46166270709596746
66bb128d75c1a31d,0.47247546108158794
ff6ace3df2f93fd8,0.05095967489840575
174f6de5e6fd0ce6,0.8766864645201626
f629016e686c93c7,0.8223066583307284
8a5cd96071aee653,0.01861362925914348
47a56fcce1a48c57,0.9615717411691153
bc218a229f6dd8a3,0.3330181306658331
6700a0d8cc03fd40,0.6900465770553297
bf07422782deaa4e,0.9840103157236637
67e5b268a06fc16c,0.11835198499531105
775246a31de87040,0.451879337292904
a8c96679585190f7,0.015105658018130666
85e8b073ae9d6cb6,0.7762544545170365
8d783fa9a84a2016,0.9367452328852766
afa9ef8b36efca27,0.0047455454829634265
292ad72f433b2ec4,0.2578690215692404
543a382acb950efa,0.3637283526101907
97eee667e12fac11,0.7882094404501406
f1594e042dbd4135,0.26957517974366985
c4acac79bfd54ae4,0.19650578305720537
f1bc5cee7cfbe74f,0.4083304157549234
25e346e1b0340347,0.5796617693029071
53b71602a81f5c52,0.4885029696780243
6d2d4b17736e595e,0.4858218193185371
f652427f39b6f10d,0.9890547045951862
1437d0c59eca00af,0.06987496092528914
d8980b5b1d68a4ee,0.7982785245389186
442b8a915014e871,0.633483901219131
6a1e5bce20cbbd53,0.89552860268834
ec75dfc7e578543f,0.10702000625195374
94cd35193b228a90,0.8938962175679899
15617a2281e76896,0.6517364801500469
ae22b29ad0d98702,0.29073116598937165
3e5ee530dd802ab2,0.36229227883713655
9304c1771978ab05,0.10759174742106908
635d5bab100147aa,0.3450815879962489
cf12cab6ff5fa6dc,0.6799218505783058
cc7ce49efd47f0a0,0.08766583307283525
20c507d578183dfc,0.7445492341356674
e29e2bc7c3e6ef41,0.855539856205064
61e270d51cee0fe8,0.6931984995311035
a1cf27e43a150760,0.829042200687715
9bdddc292578558b,0.24295060956548922
fa0f0cb920abdb0c,0.8297142857142857
95dc87b7553104b2,0.9579037199124727
c268681605733a6e,0.2010894029384183
57f8444d376ead3c,0.8113154110659582
1eb08c4e2e2d0a0a,0.6627571115973742
65f04a475e60bc71,0.6092691466083151
54b86d86b2c582db,0.31309002813379183
ac660728eb9adcbe,0.4883782432010003
9dc70760c7a65427,0.9451678649577993
707fa7577b28c00b,0.19576430134417006
dfc0ad3ac006f7dc,0.5039556111284776
d02c60d97c52824d,0.2344960925289153
68735cd4123d2c31,0.9133175992497655
e7fa76e1a52159ec,0.22813504220068773
8e2a48702b61cf4b,0.0929168490153173
7b4d442d12660d2e,0.21922069396686467
1879fdf1618adb5c,0.5721378555798687
28331b7b0b1598fa,0.03735511097217881
c27a3cd35a718f85,0.2785598624570178
003398b630719a7d,0.038627696155048456
70b9137733db97b6,0.5264729603000937
f0ea5635eb777479,0.6820681462957174
e80ca1e08210095b,0.7897514848390123
033b8feb5aaae03b,0.12514848390121913
ac6a54139c7c9d37,0.8989462331978744
ebc95757b2947172,0.24473460456392626
2fcf426035785728,0.5850493904345108
78996a14f02ebbe3,0.365729290403251
a87e26d221511c94,0.016615504845264147
c5eddf448403ab6e,0.08539356048765237
e8da0e67e35aa293,0.4225651766176931
88b632eaf9356d3a,0.37487246014379494
85571b011c6fcfaa,0.9667145983119725
9013d63ab473f952,0.8463579243513597
960cad37cffe68eb,0.24766802125664267
e247eb8f78f75a9f,0.17754298218193185
80eaa51c4c8a00ee,0.195748984057518
35849a3326fb87fa,0.1295123476086277
d95e6b933db44247,0.2490125039074711
c8d99c2ec6082321,0.24959862457017817
c9aea5e1048b2e51,0.731598937167865
e01947dd147cbbce,0.10344951547358551
ae79b75a13c928bf,0.22284432635198503
ce571fad3257b3f6,0.031669584245076585
a95633f51ef3a7b0,0.06358018130665834
297c6928439e696a,0.9460193810565802
a4d78fd9f9ffb303,0.4577205376680212
2dbf5dac4bc14af2,0.8339643638637073
484f57153280140c,0.6442225695529853
db3d92a2887ed53d,0.8418799624882777
0fcc2eaacbd92a61,0.007700531416067521
3b06de421485ddad,0.7054563926226944
3ab1395e200e5b42,0.7304148171303533
8b607b6592065a8e,0.37135135979993744
a58b1c259179dc09,0.8635829946858393
a84f2ec64cddb96d,0.9530012503907472
794ec7ff88727529,0.21075804939043452
7bec4fd7e9a158f2,0.31439262269459206
bb364b5bbcd978f4,0.9269193497968116
89b648a5f0f0ab12,0.5000200062519538
63de8d6c54817aa3,0.0015989371678649578
f379e9f71ba0c23e,0.5248111909971866
a4d79f83a661fa2e,0.6289693654266958
211b21d15b3b91a0,0.2989084088777743
1186f6b426beed22,0.18561769302907158
8dbf55afa93fb576,0.6947693029071584
4c37d40f77654769,0.4030637699281025
282449c18b62e5e6,0.8604420131291027
12472f1c83854116,0.8987492966552046
eb624c530d058714,0.46889371678649583
916aa0618dc412d3,0.6629731165989372
b9f7f01f0c234a62,0.8368865270396999
d6a72e0c5f8c9277,0.150948108783995
888195334e946eb0,0.14831572366364487
f1aaca6b558ffaf2,0.2633019693654267
cfd7c6655e63d480,0.9424776492653955
d54c579db2ee74b5,0.0300559549859331
3d05c28ee2849928,0.9803194748358863
88653ba09b9797ff,0.1536217567989997
270649bc52035cbd,0.10220225070334477
164c0240a44d6755,0.4000509534229447
71d79d68a2b92f27,0.6802982181931854
9bb25aadd2b3bdb4,0.9648899656142544
b3c62935a53d8997,0.218833072835261
e850d24192f9e415,0.18478868396373865
0834b059b33fe386,0.8958633948108784
57cca7c7ea10b6ab,0.34507564864020007
39483c2d8174f1ed,0.8970575179743672
4df07eb70c71ec51,0.9154091903719913
771b30a38c390789,0.5096702094404502
65037a69f9336b3b,0.6594704595185996
97bf39056279f7fa,0.406051891216005
1a2d12af54623039,0.48188058768365116
e649d739e4cbe4eb,0.9563050953422945
7c35e8ece8dd52b2,0.8284663957486713
4f679f800c6abb6d,0.7865608002500781
42a8a8ccd4f9f9e2,0.06025664270084401
662eb31e5ca29cb7,0.4111872460143795
39a75d0fc9a932b4,0.45397249140356366
f80b6c96f9ca16ca,0.10465614254454517
d1112438bc117eb4,0.6632950922163176
2a23256f8a1b1dad,0.627685839324789
e3da84e292717dd8,0.338991559862457
b3da0bcad91df631,0.8649965614254453
b7317d34b8035aa3,0.42157799312285094
263b44530f890156,0.5711713035323538
4908216a464f51c6,0.8271853704282588
d0b576af5fedd973,0.4754426383244764
d53abab056eabccb,0.591699906220694
9947a71c07c08013,0.6988018130665833
e3f83e6765042b60,0.7095867458580807
b5e1fe2cd612caf7,0.36286339481087837
2c979dd3ae786b0b,0.007817130353235386
37ebd133842ac652,0.8585614254454517
8d7452fc00bad24b,0.7433529227883713
be4d73360ad37873,0.39091247264770235
40b14de62d50cd96,0.9979440450140669
e8b95e5aac14d285,0.21317880587683646
545aeb4e5c2808c7,0.4938799624882776
3ea943e815e609c3,0.2890090653329166
9c3663c00fb99ff6,0.3644270084401376
6806a16705d54743,0.7090972178805877
9658ef3f8e3ed080,0.7776264457643012
72aca7fa36feebdf,0.630562363238512
dfe86e43c4930991,0.5977805564238825
4f82ff5b5651d2f0,0.24683963738668335
d13da56afbdee207,0.4626486402000625
0dcdbb940af66121,0.2341694279462332
0e09773245767eac,0.35866301969365433
b186bc9610e2b533,0.9462419506095654
d54841a2e0a4cca8,0.9843113472960299
166c017caddab251,0.9023276023757425
a23f0288384f2f2d,0.4433016567677399
4886d310e5914363,0.14545014066895906
41edfc6111e88f1f,0.23638887152235072
0f33a4c86170e40b,0.5379227883713662
19bac5bcc4414e66,0.04540450140668959
88ddba34446d1ade,0.3934663957486715
a8dfc97deea7f5fa,0.7314385745545482
fbe5da4001a21c4a,0.0969521725539231
8ea535444187b6ac,0.252544232572679
1be66765efbe9174,0.587465770553298
05f16b595e33f77b,0.3353763676148796
3fb3259efef9eda0,0.09990153172866521
43836f5657b092dc,0.702689903094717
26ac42441170201f,0.904060331353548
12a4ec2031ef6174,0.16028352610190685
d8e7f33605a80ae3,0.657927164738981
d6bde3bc380d8735,0.588067208502657
9e0c178f3e852551,0.8251497342919663
88a6149ecfb1f651,0.5121412941544232
54a33fc8125490a9,0.32105157861831823
2930f4f063583542,0.35765239137230387
5092541f5024187c,0.08451766176930291
e78a593c9b385330,0.5789531103469835
a09be3a8eeceee6f,0.8593663644889028
7010ac1b44772de3,0.3000965926852141
49a17880c454c7c3,0.2570909659268522
4e36cc0f1383ebd3,0.716419193497968
ebdb25864f6ce1b9,0.11128415129728038
bdb72360a5581c6d,0.6894692091278525
8c698e0fbcb6a090,0.3705070334479525
9c350ea7550d8378,0.19455361050328224
a8b88f7bb8ca6361,0.27958111909971867
3d326c98287fba6f,0.31153329165364174
f42c01d8b045f708,0.726544232572679
8e5d62b3ab696aaa,0.09078149421694279
6224caf3c72e7ee3,0.5654248202563301
926fddd6b2ee63aa,0.014632697718036887
922cf50522b3b88b,0.7455979993748048
7d0fb10204af6166,0.8741728665207879
1a76fbd031e39a6b,0.9668980931541107
fd68ea29d356dd75,0.20871491090965927
03cc36191251ada1,0.5556880275085965
99b5bb0b92d8a55a,0.06622225695529854
aac02a9d632924f3,0.16864426383244763
5d220b8e18201d3a,0.1538249452954048
14fc1d6fe2d4e69a,0.8706698968427635
35e119f52196b1ba,0.10221412941544232
40f1234b5a30403c,0.453950922163176
d59ccb5d557c022e,0.7260512660206315
0c385e728de38f99,0.35348452641450456
f8683477a2ab2ade,0.8769396686464519
511fe8f39056b9f0,0.5342085026570803
c99c5d897170f156,0.5157889965614255
9d753071d21e6c36,0.405544232572679
9e9289f66961c664,0.759856830259456
5f8b0d75fdfecea0,0.17019443576117538
9dc13c482e059e6f,0.2719534229446702
3f87fc97c66a3191,0.7993779306033135
1b3f3ffb589858e3,0.27549359174742105
5358785efbcfdaaa,0.3571112847764927
57193bdf5b9a6b42,0.7397799312285088
4ba6c061c5bcb057,0.9863263519849954
218a85cad268eab4,0.8543025945608003
f93dbe2cfff78101,0.5498437011566115
a8481146cd533ccd,0.6204438887152235
84b0e8fa750b7a33,0.3943451078462019
fdcc76060f099b01,0.08558674585808065
300a47eca14f8974,0.7549856205064083
14218faebac40dda,0.2720312597686777
6df2c2d2e3c3a7a8,0.6472944670209441
73b49cfc1f3e9dfe,0.25058330728352607
7f686a76e0a43e5a,0.3114229446702095
bf81324a27520bde,0.4994635823694905
f5d463ec64cf0b0d,0.30389840575179744
7b0554b8ca04f697,0.10950359487339792
e1b2fbbaa6be8596,0.4537946233197875
1b881aaa4217102a,0.551636761487965
c212840fd1764342,0.3306714598311973
ef314439dbb365d6,0.08226320725226632
1772dc13f02d39b7,0.19558643326039388
b9ed04801fc7a354,0.2586048765239137
105a3d1544b0f94b,0.6370431384807753
78654baca9d1378e,0.9659568615192247
9bc2056512b6d4b6,0.49918537042825883
09c4cf78e2e7adc5,0.3432144420131291
b2555ae21207d05b,0.7966748984057518
ae348fe15c764802,0.10331572366364489
f0124c71b8a4ad33,0.6426936542669586
b56dc4e690b38942,0.24643982494529543
f780521ce14740f3,0.1988799624882776
dc6f043604dd54fe,0.17474492028758987
e07db4ab9d64f3ee,0.763673335417318
8afd23b140e4bcb6,0.6670581431697407
11bdf36dc7a35404,0.15643638637074084
4996a5c048b055d5,0.8526061269146608
623d8021b7d32292,0.6284898405751798
9eaa2f70288d4b3f,0.25920756486402
9b0054be7988059a,0.3999709284151297
3952d82f6df456f1,0.2198496405126602
8533f9a63a9367b1,0.5039543607377306
391d9fb2c3bd6fbe,0.007306970928415131
101b529dd70a1e11,0.05022788371366052
85b19b6a46b45156,0.31593060331353545
a4b17c05d90ca2b2,0.5618621444201313
194ecba02d51bfb5,0.11076305095342295
20a12da2d8890e93,0.12128758987183494
2df9214ba1de660d,0.5068746483276023
bd7e307eb75933e1,0.6599393560487653
5e0b0dbe5ffe6e83,0.999
bf3a6cfc9a1f3c80,0.4146123788683964
82ae8090ca11b2e6,0.5910718974679586
4901ed9747386ca7,0.7922085026570804
53084b49be13c52f,0.7925773679274775
0263cc51aa1acd4c,0.705579243513598
41e313f2355b137c,0.6937630509534229
51a37cfce403f12f,0.30629477961863083
df4f484e6719459f,0.1548909034073148
de7f255e061d07f9,0.4329462331978743
741683772f1576c7,0.7912319474835885
54c7fb2af01e96d6,0.9260368865270396
24c542dab399c685,0.2538277586745858
a1230bf06c58290d,0.26411097217880586
900e15461a12870f,0.7535564238824635
c089536a25834f70,0.3144060643951235
afc3286b544f0040,0.8292916536417632
c61465243a2221a5,0.6564051266020632
cb1f20d4bb93c243,0.37686026883401064
30725d20e5558b56,0.4106602063144733
94ce3e10e75f90a6,0.17444607689903094
48d0b89d569495d8,0.6086239449828071
ff1ad6d36283f697,0.307242575804939
72be68b75d2c814b,0.2119609252891529
e4b90062b12b7030,0.9435773679274775
d6323a665e446722,0.24721663019693657
2d37f4baed1667c1,0.6430346983432322
05781aee37a18dac,0.22682181931853704
de24d558a18a9f32,0.30908815254767114
cb44379989560ff1,0.17127571115973741
eb333ca8ccdad2c8,0.5233369803063457
1d5cf29e044bf468,0.7304398249452955
172401cbfcd665a3,0.685988746483276
8247761544773a90,0.004553297905595498
5f2c0797f7cb831e,0.14407564864020006
a7edbfd2acdf8ad0,0.3432778993435448
fdcb685349aaef9b,0.6885107846201939
1568e5a308c50e7b,0.8662954048140044
53f5f1c7014efbaf,0.6331403563613628
e992034fc58854a7,0.26760393873085336
b1fc334e48e20c8a,0.07994185683025945
ca9f6168acd90b8b,0.1469603000937793
929bd47a71c6b958,0.9840706470772116
f7ee05e2b2ea34e4,0.4779052829009064
2f3fdc90e73536d0,0.05979055954985933
b43f6d156041778c,0.10698468271334793
6b0740f130757056,0.2119465457955611
9f1200bd8ef18393,0.37280212566427007
bf0849396acf9180,0.08552297592997811
58f62b02898dcd7c,0.9636708346358236
825b360a284d4a2e,0.12389402938418256
0274228343b0c7cc,0.904033760550172
746ca6b736caea7b,0.03340543919974992
69cadc81ce7e015c,0.24775523601125352
295dc3bdd969b7cf,0.7209290403251016
e0c7aeb2471c9ba6,0.8371850578305721
a7c128e7baf08587,0.468319787433573
74ac5ce19092de45,0.47760831509846824
5642496d768456f0,0.9084123163488589
9568d09b37d48147,0.6139146608315098
687eb07ac1ec9aba,0.359628321350422
1131d59f818ebfc7,0.24909409190371995
70d46c4ad271dfcf,0.4499427946233198
333d8235e3bd1acc,0.2934020006251954
f9dc0ee30937f393,0.6332388246326976
e2e48b863ea7d61c,0.6554929665520475
96ad67d29a15ec47,0.6299002813379181
998b0ea49069c858,0.12332822757111596
cbf500fe483dca27,0.33498749609252887
32889f39f5c7e4e1,0.27058361988121293
f87241418df6147d,0.585964989059081
afed174cf13b9d7f,0.3953457330415755
d52f3c40480519e8,0.8359174742106908
67306d595867bdca,0.11597718036886526
dc439b5c79486948,0.42323382306970925
35089dcee9e9ba1c,0.2615317286652079
61b5d6ef5f241490,0.2607552360112535
45f5713dcef10264,0.5524316974054392
2a3053d58302242a,0.02177836824007502
0998f38d4d069491,0.6181422319474836
accc2c8ae67e6063,0.1454223194748359
9f5292cbd3806d79,0.3366911534854642
1fb85b95e91ae45e,0.28030196936542673
faa0394464cef2e8,0.0606473898093154
af95309c63fadc79,0.5405242263207253
b8b45d6732b08fb5,0.33408846514535795
66966f55862259dc,0.5579140356361363
608333309da6527a,0.8248696467646138
36dc5921a7d84ed1,0.48668896530165684
27813742ebfe2b33,0.6520400125039075
211d5db960ca61c8,0.033663957486714594
5b186ac0d11513b9,0.9806974054391997
832d1c008bc3ef2b,0.8480259456080026
7d4e4f8d7d40dcfc,0.27234291966239454
f0dfb22c3a27665d,0.8669615504845264
407451c452cc5d17,0.8437930603313537
56928312feff0ba3,0.6056439512347609
9454541a6582c13a,0.32770271959987496
e6e2f33f21d593de,0.043708971553610504
eaa2910769614f8e,0.15385714285714286
127bd9796d970cc9,0.33900375117224135
169858f0ea055525,0.11052141294154424
47a3a9c393a619bb,0.2993891841200375
d25e98683c74aa8c,0.4273682400750235
4f2ec1f813538809,0.6180087527352298
8e5753d72777a9ac,0.4512832135042202
d9cef172341ac628,0.9947683651140982
d2c6b2e087495365,0.724603000937793
5aab483da67d16b3,0.4144620193810566
ad319fa45d964c5e,0.895617380431385
730d677b8c968e37,0.18229571741169115
b1e38b684248bd0f,0.527413566739606
ccd097c32d7ca7c0,0.34597561738043137
4cb0f5de29f8b8a8,0.5685520475148484
902aa8ae7819a527,0.02372491403563614
36cc1fd78eea46be,0.8912322600812754
5b8a6b0aae157e06,0.7063779306033136
d371f4cddd5ab580,0.25768302594560805
a07311ae113f1cc7,0.8338155673648014
8ff382f017152a6b,0.6552503907471086
bfe18fe096f61209,0.41622350734604563
97f3a3f55f767d91,0.2864285714285715
a4058a2e4bbcaddc,0.787096905282901
6dbcfd20040642cf,0.060807752422632075
42a6b3c10ef18f02,0.5865060956548921
9d7f6f4e136504fc,0.34888715223507344
0165f411bc818cb0,0.5605439199749922
bffe1b12bbe69fb2,0.6186261331666145
e01b40b1d6f30df0,0.8559868708971554
3201c568d1d26470,0.7410112535167239
0affa4eadbf1db83,0.8254692091278524
ddd3b7b0ab9f40d9,0.8966686464520162
ec738c2ec1bfcd80,0.04753704282588309
906a954f8e1fea07,0.9289596748984058
cdbfc59fb04fc180,0.854957799312285
2d4770eef88200b3,0.030429821819318532
3d18600bcebb32aa,0.43743294779618624
3e050322f92541d9,0.3243416692716473
1221e13593768788,0.3145117224132541
e7ea980a9b3cc8c4,0.5349587371053455
398953f786ac4845,0.8765095342294466
e8efc32edeaa174c,0.8177427321037823
49f061e869ee997d,0.6123610503282275
17668415b4ad9f20,0.21766176930290715
81e71cda520c7c11,0.7086136292591434
7c48e5537ec69161,0.37219756173804314
7b6ba45bf7c43e21,0.4354454517036574
9cdc08694020bc45,0.8076883401062831
60a026b4a766753d,0.33960393873085337
719db72fef47ca30,0.3222191309784308
c0b5b808eb068fc6,0.41484713973116605
b20616efa1e51758,0.28463457330415753
d1c2190b7e54ae51,0.15903657392935294
88d71cf388b60bf4,0.7308971553610504
c2394a42025bd869,0.9500081275398562
19b165b652dbcda4,0.7942810253204127
c17841139e5914a5,0.8179243513597998
5549a53bbf9d24be,0.7927174116911535
2da830aa5b2812cb,0.34332103782432005
fb36e8ea3112744a,0.47190153172866517
3dcfee7f0efc084a,0.8289027821194122
16a97d3860c22e1c,0.7828749609252892
6322b2e3f7dca7db,0.4947921225382933
a48ff3331f89fc6d,0.5217336667708659
e07a96472008d97e,0.9525198499531105
42af4fb223127bc3,0.25623132228821505
4aa484762f1d25ae,0.6799059080962802
c414fb964c9cbb8f,0.6709015317286652
397cb89e6ab8a959,0.6712550797124102
2e9d9d9e0a6af0ff,0.7109290403251016
fc32ff9c59a22f95,0.06475523601125352
5783d334ad7f831b,0.8803369803063457
dbaa31f9fbbb6219,0.05878493279149735
93eb228beb06de30,0.1734398249452954
482d6bc5204e5ae1,0.3558649577993122
7128efa4863f0362,0.5797346045639262
ba5809f410734a94,0.4366261331666146
a571eb5010a2e299,0.25891872460143794
ad6cdd09fea09683,0.6969040325101594
fa9d2cf12e72efce,0.6944085651766176
a8ae0f9ef30ce81a,0.815447327289778
3b234a17219db0b1,0.09895373554235698
25b24a0734045bd8,0.8608530790872149
771f41a483c9f8a5,0.4466883401062832
22a6c4ec274869d7,0.7266980306345733
e48895820558223a,0.09557986870897156
02c11767f29d0426,0.12300312597686777
d686fd200c65923c,0.9510175054704595
adfe117f01ca698a,0.03122600812753986
69f3b49837e76dc6,0.5617449202875898
2e72632e2ea73631,0.19359862457017818
3207b91e24e27568,0.27623788683963735
95f22517cd16a7c2,0.25785995623632385
543936caa0e83a72,0.3370087527352298
58c5c659df736b0b,0.054964051266020636
997b65e2ca34d529,0.2820593935604876
75bd9c566434eae8,0.2812347608627696
14088d0f66d091e7,0.9299965614254455
4014d97b63499622,0.43173272897780557
f9d10471eb47111f,0.7858912160050016
545fffb7628e26bd,0.10883838699593622
9c45d75bebd4d820,0.017904657705532977
f710caef77284ef1,0.6671266020631448
e4bc3c14c4f4b1a8,0.4761341044076274
392b17be6354d3a9,0.47283901219130975
9cc8d07ee090f377,0.7707893091591123
b2fbccdb690a2b84,0.6497905595498593
291257ccaccf9d11,0.631144420131291
c9022a6ee3a5d7d8,0.21081025320412627
19a688707e160732,0.21849109096592687
84bef4f5323ebd93,0.9011616130040638
a3e5e1903e0e9682,0.4660059393560487
3b0297530613b732,0.15589090340731476
ca0fa3062d6f947a,0.7026939668646452
aba2a7eb167c6548,0.6782150672085027
7dace0a49f811059,0.6817764926539542
522ed32d9fdf2d72,0.44956486402000617
8771c418cc219aa1,0.6154873397936855
1b8f8b528f041137,0.01815942482025633
a9112add272578cc,0.34195967489840573
e722b584b816d2f4,0.7286261331666146
324dcb8fa3962b96,0.52868865270397
ee84f939a7ab4e14,0.8218412003751172
f7a5683abeeb512e,0.2773332291341044
788dec8bb41081b9,0.08305095342294469
20880910f50c0159,0.5780159424820257
a55d2babd6ac6e05,0.07226039387308535
7c5af2b41b2f1889,0.5326017505470461
af9599e0e687edff,0.2879212253829322
96de608fb997caee,0.02557267896217568
ef99f60d68f58a7e,0.9613116598937168
59d2159096523cdb,0.9541353547983744
606abd74dcfa442e,0.7534660831509847
20fdb4917e7e9401,0.21917130353235387
a3a5ff27339bb075,0.6177452328852766
b5ecb5c63b48ec75,0.7686345733041575
0a039166594e063a,0.12470772116286338
62bfe04683f51a3c,0.4388880900281338
b430c4d5161b59db,0.8883554235698656
a385f4145be5f5d0,0.07000687714910908
904e0bfdad64bd43,0.9513441700531415
0f4074528657c491,0.8328180681462958
39e4468b2f4b7935,0.466827446076899
9125b00413b353d6,0.08511347296030009
fafd8063bc5f5cec,0.4847042825883089
6b06401ff364064a,0.06717036573929352
e5c9addac3faca6d,0.2710396999062207
d12807d748517f6e,0.36803094717099094
828de307532bb29a,0.9376733354173179
2799da617b3128ab,0.18140543919974994
7b6d6ea6d9feff86,0.026712410128165047
0627c402fd75fb9d,0.9268740231322288
a1bb99f3b749279f,0.3090362613316661
ceac2c53c27234d5,0.04765270396999062
9b3de1b793447910,0.23017911847452327
76a426cfc81a4d2d,0.4668543294779618
abac3cc21ba1b309,0.16894967177242892
4e8b9323fa254334,0.6748215067208503
1a4205578a28486e,0.8197542982181933
fa7dfc3f7d4a1344,0.6244704595185996
340b1651b36c8645,0.3744213816817755
73cf2e26157ed703,0.7683307283526103
87add43c2ce1b06e,0.5760987808690216
01717bfb5b3542c8,0.8493954360737731
70ca05c9213444aa,0.6433704282588308
0684a9a80bfd34b3,0.21896748984057518
8c2ae373e2809c29,0.27759362300718976
331341a7f1c33272,0.5878446389496718
97078c12c161c701,0.4967533604251328
4ddffb1d8861cc54,0.11631072210065645
2dbc5e3027b4817b,0.7239631134729603
8fcb717c71bb3cfc,0.5033638637074085
58ed220fa88a029b,0.026481087839949985
fcad4ebd837b0031,0.3198909034073148
0792e52fe2c9b711,0.7841040950296967
576de6970c4ba90c,0.6084970303219757
930888a00b16e315,0.8024576430134417
bb00b59f720aadc8,0.705983119724914
05aad23e028bea27,0.477695529853079
0ccaef7346d2eebe,0.49632979055954973
bc31c0a97c89dac1,0.8365026570803377
239478b0c695aad2,0.40306814629571747
6d59238e91d3c6d6,0.5125717411691153
02b6f6002980042e,0.854614254454517
0164fc5fb575ee2b,0.5120084401375431
d8ba5ce01fe8a09d,0.6890662707095968
173b378df818b167,0.07616849015317287
7f5edae9b09a208c,0.5919381056580182
0b5662c2a594c20c,0.7247224132541419
55ba1dbed1a641ea,0.6907233510472023
c944ecb134192652,0.872074398249453
3984b7d478aec2b1,0.892298843388559
f6ff304e4f459ab4,0.8357968115035947
a49951ac9b42ceab,0.5117699281025321
4b48ddb6a65e584b,0.9571950609565489
624009526008e265,0.3962350734604564
9ca1f3fd0ed031b3,0.6234229446702094
dd7e10345355a17c,0.42707814942169425
a324ae18d57bb12f,0.6171409815567365
f3aede6892999fdd,0.3638090028133792
798f779dbd13fb6c,0.8783916849015316
21481b4c28f91b47,0.1324057517974367
8529066c088169cd,0.023223507346045634
7e93ed2093de4112,0.2602963426070647
51687c7ba8a553be,0.6707145983119724
4ad8b585409698e6,0.08797186620819006
eca2dbbd4829118c,0.6456961550484526
7a9bea3f50549e57,0.5299912472647702
e53cb4d81fe012e8,0.579479837449203
25e3af07b73ccb43,0.3313719912472648
939b59f220b94ec8,0.37836105032822753
9618c75bab14bdc4,0.8829137230384496
2ac483615d4696d4,0.8987089715536105
b357b45b22852d5f,0.22583088465145357
eed158b983054ab2,0.16788652703969992
25b699ec3d33020b,0.898995623632385
fabe692869cbf6a8,0.03848859018443263
e30cdc55701f891d,0.5544216942794623
4e247c59738e0754,0.6302269459206002
eb6c93bf83ef9f01,0.8005148483901219
4b2a51b89182eb2f,0.6927411691153486
920800c7a752c35e,0.02435511097217881
00e3f3638706ad20,0.5305945608002501
3b68344f608e8cf6,0.17361456705220382
bd0092d0e87dd02b,0.3814970303219756
d3020752ddea13e5,0.5899452954048141
679a41beeaebf503,0.8081115973741796
7fcec9e71dcf18cc,0.31608940293841825
735724a234bf2816,0.6984948421381681
31cdf3e24ce53af5,0.4665467333541732
58b83792be0f6321,0.8488546420756488
2a84a58cf96025f5,0.058306970928415136
9fcedeea63586bf0,0.7715851828696468
d9de7aba8c682fda,0.1674498280712723
08572215a3892815,0.383112222569553
b488884763d551a2,0.721628321350422
c30e80405d6e58b2,0.1895726789621757
0c86a250e70f6eb2,0.49571616130040635
a11c15fcf4597f82,0.7740653329165363
2caedcb4ee1a4103,0.8468699593623006
f91d05eaa3df539e,0.47335261019068464
8bba0a98ae140af5,0.7755067208502657
a987e81632676043,0.6546464520162552
f50807d17b5c038f,0.7796895904970302
ee12454070596716,0.598512035010941
b6e0190c3e5766ef,0.918277899343545
a57b30735e272a29,0.0592991559862457
ca66fe2ee058013e,0.6968737105345421
1969a8349757d32d,0.5047502344482651
a5bad4f4702eb96b,0.23442982181931854
2f4ee5ef7a9e32ab,0.9696161300406377
abb1f9350d96ed70,0.33761800562675837
8a663152856f606b,0.13333229134104407
5965e2be33eecfc3,0.09939481087839949
75414a1e69d6f205,0.6573873085339169
0d6362f82430762d,0.6263157236636449
cded8976cdbec569,0.5745361050328227
2f21d9cb88d7004a,0.6699868708971553
bd0809d01c93396d,0.9321578618318225
d368fd4152e904a0,0.8215379806189435
7a088b0bef4cb74c,0.37237292904032504
dad9460a25f9913b,0.9170934667083463
50f138449e3fe2e8,0.45427446076899036
53eecae41b9614fd,0.8498840262582057
c88755b5796bc0c9,0.865440450140669
1b2bf22690f55b23,0.2684245076586433
4c0b6078692f7c89,0.5480947170990935
d310596293c8f04c,0.5743407314785871
3a724ceda4c76f9c,0.05099468583932479
57c2219b4f1a0a5a,0.7107211628633948
6069a9ccdba45516,0.5355714285714287
504a8185dad726d7,0.6226098780869022
c950477e87d58094,0.12204313848077522
9f1e86207b2be555,0.8822178805876837
69051b19215e3e0a,0.5907843075961238
7f70b72d97083c7b,0.7628884026258206
61279ec74a6d3645,0.13759768677711784
4a35368f7daabf53,0.4013582369490466
8730f5f1237b818b,0.04650984682713349
f9492b545b552f5b,0.7471666145670522
a5e99c4117b486a0,0.4942935292278837
c10ccbadcdafc1cc,0.1193194748358862
e0d15a865fdfb988,0.2583701156611441
eb916f460ee1b545,0.39570772116286346
1b7bb61fe350c5ec,0.2618677711784933
03e5516590f20096,0.40536480150046894
18e0a9eb3145a82b,0.057421069084088776
39cab30b8f09a081,0.9886370740856517
dd47b13d3aa2de79,0.23583182244451392
6a431bf1b07deab0,0.8228809002813378
2b0db9b43f8d905b,0.5684917161613005
363b638b117d0e37,0.03205783057205377
87518c28a26f4d41,0.001
3e73b6c86098ef20,0.711760237574242
f7580d024f627389,0.20117474210690842
626946bf85055423,0.21320944045014067
1d4ec81574db910c,0.42547483588621443
eb3384eb6ec0ee10,0.1673826195686152
ba1a0a18164d2ed4,0.23737167864957803
8736a356e18687f9,0.15198218193185373
f66ad6f9a0d13057,0.38930384495154735
6781beeb2a94c80b,0.48939481087839953
45ec50d9e9b762dc,0.09640012503907472
f993d49be31858db,0.5350556423882463
68630d40b3d8c8a7,0.4251078462019381
790d0e863cbc896c,0.20433229134104408
6b9f40e1b5440454,0.20190371991247263
5bd12aaf1d87cfb6,0.5882963426070646
9593f8af8e49622c,0.2821941231634886
7787873ef39eb65f,0.6872006877149108
3b43be2428bd133c,0.33978649577993125
51614174133f7405,0.7252191309784306
90ef1be7933c7d32,0.23876148796498906
b9b0bc5968838ca2,0.37526633322913405
34854ac0b59be9cb,0.5731072210065644
552972fc397a3d7b,0.5786652078774617
538cce811be930f6,0.9162394498280713
3684947575a87995,0.9069656142544545
3458934dca749c27,0.533775554860894
777593519303d6bc,0.7213513597999375
c998d0d7e544f18a,0.5934657705532977
a23ad55fcdc44126,0.7439077836824006
628f59b52e0f1abb,0.8977477336667707
f55fd4a896009b37,0.1946089402938418
891966bf8125b263,0.14425789309159115
31a036f4acb27daa,0.7125085964363862
b329a2756c4e7e5c,0.13226070647077212
4abec7b3aa11b00d,0.3067818068146296
506d7e6eca5fce8a,0.20396061269146612
93767eb66242b1fc,0.9252597686777118
f07f619af08f71e3,0.979298843388559
067779ad870efb29,0.4588011878712097
5772509431f3d5d1,0.6407280400125038
562161d24bca87e5,0.05686995936230072
f3e2eded68a25564,0.2493851203501094
4e9f50f16ba04465,0.28471303532353864
a4208a55db792b95,0.3508965301656768
9540d1c34ce10213,0.29496436386370745
3b047ea1a379c251,0.3683623007189747
90c24520deb11d2d,0.3934470146920913
174bf54853f8e212,0.35777836824007503
e32af9607e1574ac,0.1520315723663645
177d7eaf2ebe4bb3,0.014657080337605502
1d3872dea5918cf8,0.7937167864957799
b6641f418df5107a,0.6080315723663644
7b0a91f0c2754446,0.9055354798374493
3074d01b6d512da1,0.47942013129102845
a1ded8ab2ac8cbc3,0.2625745545482963
99d24231acc81bda,0.8680722100656455
ff0efc6b635f0dfe,0.45344076273835565
4b26bc2a5271e828,0.38936980306345736
323cc294321346a4,0.5610053141606752
1c5da1e20342a0bf,0.48274648327602376
4f414677966cf8e5,0.2968286964676461
a08962f7cf8ef6ea,0.9598799624882774
e6778d3ce59810c5,0.16310909659268524
944d32b8f9e9db1a,0.9716452016255078
e5c8bee2002b6ca3,0.9197974366989685
fcc9190b336ccdc9,0.14274898405751796
d8c0de2ec20dd583,0.5080831509846826
fb55a45c51379250,0.10742138168177556
d6e81f789123be62,0.3730284463894967
2653ffee6d9f5abd,0.8877017818068147
daf885e44112d6f2,0.6686627070959675
a75fbb195a5c31b4,0.9936920912785245
d6946d6a1e5de8e0,0.422918724601438
262eea09fa9fdd15,0.08994216942794622
0661f0f9daa76a96,0.6295323538605815
3796742963319893,0.9258865270397
b7d31b3502739b04,0.6673529227883713
ca3ab2b2441679fe,0.5182541419193498
6ff3c95261a2e60c,0.12377805564238824
296198ef516bccfc,0.05551359799937481
fd7387d23f2c2e12,0.5516952172553923
705f7c9f6f9a1ddb,0.16459143482338232
664080d9a44e09d5,0.06500500156298843
d7bfb116b3f0171e,0.6205608002500782
df7650f2e15b685c,0.5498487027196
13d553333a49e1fc,0.18422006877149108
d60997f0da2b3161,0.12013222882150673
e3dc5b0748d9d1be,0.9940028133791811
126cc7a3354c3a59,0.07838543294779618
68c831e307f80c40,0.018240700218818382
4c10437c6f1f749e,0.9882435135979993
4de56fff18170df4,0.2595739293529228
93ee64e43ea9b0ac,0.5696630196936543
622e27b7a834d371,0.7979249765551735
8283fa9a80b68052,0.23016192560175058
3cbb48910802e9b0,0.8223079087214755
898c4451fed60e39,0.5279240387621131
560b7b7af9fe8dd1,0.564241325414192
bcc595e893e2a797,0.3076827133479212
cb2fa098224a9f0b,0.6725007814942169
9e2a88f835bbb5df,0.6171853704282588
07e1bd9a166bc257,0.8039249765551735
10fdd890be2462d8,0.041278211941231636
34a7adccbdf4dbe6,0.8328236949046577
5dca94f6e13922ed,0.28777274148171306
be032af3265ed2f8,0.9792419506095655
afebc493854ff065,0.12128040012503907
755bf2132b96ea88,0.061735542356986556
11b6872eb913fe4d,0.08609377930603314
5a73131a74b5e6f1,0.2783676148796499
a1445f34ce4c970c,0.6861015942482026
c84303c64f096b4d,0.4934660831509846
ee5a57da13fbcab4,0.7567433572991561
9e237fe51b937f8b,0.4050765864332604
04c0ce452fa54511,0.5330509534229447
e4cc4cfb493c102c,0.7038562050640825
13ec6848e5d8c7ec,0.27631040950296964
8b117511fb3c0bb5,0.7904335729915597
45109a7dafad71a4,0.9298477649265395
be5d51769b283a70,0.7660318849640513
4b049c030fc355f2,0.5346283213504219
e1b125afa19663b9,0.46564457643013446
7f5ee99bec52fb31,0.9387199124726476
0ea477a7bb524c43,0.5174113785557988
b2ef814029a4593b,0.7213379180994062
54642bb90de7c651,0.23658612066270707
5562db51544efda6,0.5244957799312285
8c3fc61ec6b0570c,0.7154407627383557
19990ada3d732a59,0.8228011878712097
d4a097538c2270df,0.6575429821819319
a8e6780d12272bb2,0.7967236636448891
0de7c0afdf2ac64d,0.656617067833698
ec3a682eb391eb7a,0.4938215067208503
de499b3d3aa77620,0.4163863707408565
bb95d7738f26c137,0.39928884026258205
76de6c48fb303a99,0.7650221944357611
f54db052a2c1bf61,0.9019849953110347
d2b45f024d0f9012,0.8750568927789935
26693e446f60e43c,0.49866395748671455
00fedb2a014dd220,0.36367020944045014
8b353042d65300c8,0.8540146920912786
90c55b1f3ca98c5b,0.10970303219756175
b874c35d79d74f6c,0.5957027195998751
d482eb847a0a40c6,0.34263801187871207
fc4d3a97478802f1,0.38175648640200066
0a7a2b85838db506,0.12960206314473272
c697f27fe38b040c,0.25676273835573615
a4d2009627d556d9,0.6343535479837449
1c403f2124470ed4,0.0634276336355111
33627e42df750fa3,0.08529696780243826
ba9bd925e360f225,0.4797120975304782
ea28b791d0295ad0,0.4824101281650515
d149d439304c8705,0.07730947170990936
536b709bf5515eeb,0.2880081275398562
88c0a8061e7a3795,0.7241825570490777
8764acb490f19b62,0.24638324476398868
417f76acebadcb48,0.8619015317286652
475869c5be3c507b,0.48679180994060645
3ef8009767c7fa25,0.8968587058455768
b554efed5fb706fa,0.8734163801187872
84da50183b024285,0.27226695842450765
a4b1d18f46aa981c,0.05095529853079088
9b47e555a004cdae,0.2843119724914036
ef262814960ff13f,0.6613451078462019
5c0868ac8eafc7f9,0.3372041262894654
db15a0f6f796aefc,0.04671647389809315
9e813d48e7fed678,0.6952969678024383
7e45e93f027eadd9,0.9186442638324477
bba24189518e4411,0.8193007189746795
80cba429bade3fd1,0.06613848077524226
ea2c64045d0a1c12,0.6839365426695843
6eea65bf31a2bde4,0.15982025633010316
986a532aee033e7a,0.2815729915598625
d254bc6437766f3e,0.36176398874648324
3c2c4044a5a205b7,0.3793601125351672
d1698b7f7ce2ac63,0.6549337292904032
5615043a1f36b137,0.08095436073773055
fcb9321c88377fa5,0.011800250078149423
885250c55edfcb6f,0.5654660831509847
f48232723a1bd05d,0.9693948108783994
27b4eb77530a112c,0.15515536105032823
98a1669bde0eac7b,0.9513941856830259
c85cfc3341c8708c,0.06885151609878087
8043ae38af9b3ce5,0.7771734917161613
babccd7388fd8c21,0.4801950609565489
28aeae730b623cab,0.18726477024070023
4bf1da87dd838f3f,0.09434792122538292
8da93da167404e45,0.7606695842450766
4a0a3077b5581645,0.6127733666770866
bfa2d19017923568,0.4978721475461082
5f6e00c966c5f59f,0.8768249452954047
52c9dbfce9f1b95b,0.19416005001562986
cdfc3b9f626b0845,0.5182966552047514
5e6ad4f66342dce9,0.7291431697405439
42b0a534c0da50ab,0.35987089715536114
e454a16a94a43530,0.36026039387308534
1b6c9c3629bff42e,0.8842253829321662
3d4ea2f562e04d67,0.10717474210690842
e5e88946dd245e5b,0.5082119412316348
7c08fe11ea59472e,0.6313951234760863
48716b8ef3837856,0.30605501719287276
22cb220fb3d03ef0,0.7746295717411689
ad38c3a4c4f92dd2,0.27934698343232267
439506f46710d418,0.5809118474523288
e6d46d90ae71b635,0.5043810565801814
cc306ba2474886f5,0.1361969365426696
c3dbfacba8b29888,0.10909127852453891
3349746bf536b40c,0.34372678962175685
254dff7f2f5e27da,0.04602063144732729
5f715d9d99d8aef8,0.7633526101906846
28877bba74273a2c,0.059436698968427626
0837f11e1dc53f72,0.9113551109721787
700d9c6e6406ca13,0.7845898718349484
6e0d475eeeff64fb,0.48597092841512973
36ba7c400d24c8ad,0.06545733041575492
8c371f8737f1a2dc,0.9896583307283525
163b4afe1f475ea0,0.9314210690840887
2e2c632a9af9b807,0.9213832447639889
a891091666dc0643,0.7973276023757425
a990b188a8200e9e,0.08403657392935292
e0da7835cc3694da,0.45067583619881213
6965bd28dc460b44,0.15310346983432324
84b4fd2717d4bf2c,0.30466833385432945
0544118474e570be,0.4149737417943107
2437b2d4a2e8ae82,0.9897868083776179
647299fb2ba00e43,0.07481087839949985
7372537f1eba1dab,0.8986855267271021
8854c27e996efd14,0.5322603938730853
380235b034a986da,0.9380118787120976
a2d407f16ff373fe,0.8743116598937167
0ed19a3a868aaa3c,0.4069703032197562
c173b6242dff9b1c,0.3678299468583932
2043889f64f744b8,0.605600500156299
19989bc6ef928517,0.5913551109721787
d0665c65b0cf8d5d,0.8282541419193499
2b072792e895a81c,0.11036511409815566
c531857150c9674b,0.4998740231322288
bb56bbe97134a4d1,0.1926461394185683
3e062b6117c4918a,0.4259399812441388
a58a4c24d35bd7fa,0.7130078149421694
4ea7721e8c059b2e,0.24948796498905912
32a75809119cf7bc,0.6159371678649578
e4794a0287930fdc,0.4463823069709284
028903129d296567,0.5757768052516411
910a3bc19a45f893,0.8548827758674586
afb4e9017f94d52b,0.12164145045326666
8c75ef81ac907000,0.6129152860268834
de995213b69871cd,0.14625695529853078
593b54413b1695ee,0.6276411378555798
d68b798f72ec2a7b,0.15912972804001252
2abd97afe8848116,0.04418161925601752
b80ebde982296428,0.6169487339793686
dbe8ab13dd1f44f4,0.11468552672710222
db6b5f2104046f55,0.6177986870897155
1f67c146861efa15,0.0442172553923101
38f490199f1306b5,0.4577289778055642
dce69a47bd1feb56,0.37828352610190685
12cd790efb4486a6,0.8068662081900595
d5806dd0784560a5,0.03407939981244139
207f45be2fb83671,0.8344889027821193
848e2c11fd115b35,0.6414985933104095
0f9d093c9db25458,0.7498440137542982
13e9da15ed290868,0.39717286652078776
8c584f6c1538beaa,0.009801500468896529
5fcd3e5896568513,0.900389809315411
aa1f013ff05a59f3,0.36122538293216633
eb2bbf6f740d132f,0.13833885589246642
51fcfaba58d7f511,0.9014535792435135
abfff37a1f178105,0.8263150984682712
918258103a71c3ab,0.21752235073460455
99beaa8c134356ed,0.6568327602375742
f3d97c979517c08d,0.7160343857455456
577a00d787373595,0.832562363238512
d71bd663eab2681d,0.7197477336667709
3b59c956b239b3db,0.25852985307908727
9115eeed93f30a1c,0.16274742106908408
3d992bc625e7dad1,0.05634229446702094
4db07f6033192f9b,0.11453204126289465
a58a45e9afd5b405,0.6825442325726792
519774a276bdada6,0.8008746483276024
50bc50ed77a01d75,0.5288874648327602
d608451c67dc5cfb,0.5157396061269147
2856ffa4f0a1ce80,0.44413629259143483
2bdff8f74778c4ea,0.15732416380118788
068acd67c99550cd,0.6394713973116599
6123220972766a4a,0.5213122850890903
c4d534fff3fc5628,0.5734992185057831
9fc3fdf14ea045ac,0.4273751172241326
3f86edfd0be75ecf,0.5102457017818068
c36573a6175092a9,0.7075295404814005
7c4df8c2f29666ee,0.03895998749609253
3c791b72118b74a6,0.4947483588621444
747b04b604c95fc1,0.14260550171928726
e780dca0db5520a5,0.1355114098155674
af83daec6d450e57,0.4361547358549547
5d4ff9f52e2e4f34,0.6440990934667084
b2b8e551d87be54f,0.9989059080962799
203b6e0e0fcaa971,0.5402457017818068
eb36b4336605a7d6,0.543162550797124
14713adcc060333a,0.5407417943107221
251c0c9a3789eff9,0.8224760862769618
0d0e059449af50d6,0.26826508283838707
63b1850f6f5df5d3,0.2921741169115349
90ace0c383247390,0.1379740543919975
1ba1d1cb2d6d1bb9,0.1859055954985933
dcb2cbe56ba92129,0.0821244138793373
88b8fdeb6d82597c,0.08686464520162551
0ccfe20a4b77ea6e,0.2015654892153798
3482a5b15357f00e,0.1267474210690841
6d71348fed8b9c4f,0.3360437636761488
f8723e3306bf7c43,0.967200375117224
7ef77b74f9baecb6,0.27970772116286347
bc80f01834269376,0.26823788683963734
18da383af4fa3cb8,0.8504338855892466
b474ff492fb9a94d,0.13499781181619255
d157b8492ffba0dc,0.1338840262582057
cbd2d4eb5123804b,0.8906945920600188
0f9515404031e965,0.11936355110972179
4f1dcb8a1669a31c,0.7764751484839012
28c27ce346a7a7b7,0.829399812441388
58928eff8cb29089,0.6014351359799939
8069cea0e02052d2,0.09126789621756799
3b583c05db5ea4a6,0.11380212566427009
36384df41240d0c1,0.4799062206939668
15e9a245d6d06a3e,0.8045195373554237
d2dba561c29b817d,0.47154767114723356
2a507f7014709986,0.810793685526727
a27e43abacf3b1f2,0.9041025320412628
686019b683e849d6,0.8723135354798375
9a3663eadae7822e,0.7246552047514847
f4857bb0e0b52a47,0.4605279774929666
29f988f929e638a6,0.32326977180368865
cc08f5318b40d7b5,0.11241450453266646
3aa8c59d9c5dc7ac,0.5681591122225695
eeeb124ea0b0d51f,0.47152453891841195
c422bdf822a0dc56,0.8277249140356361
98269904767a2636,0.19147983744920286
e6cbd02151c72662,0.893375742419506
5e7bd880681d9f61,0.7590597061581744
fbe456da262eaa3b,0.5918590184432635
dfe3e7968ec080ba,0.41035729915598623
0e9ef351ddbc9ab1,0.24794467020944047
2902b3339eeca5e3,0.6352044388871523
a7137a063b883e92,0.8168943419818693
b733ad3dd8899d06,0.29585276648952796
44fe9234ab115e2f,0.901
000b03fc8664c7d1,0.09039012191309784
9020a01496eaf633,0.7382507033447953
53b7a21b0f4cc200,0.10648265082838387
20cc306cbb1c6bcc,0.9405436073773052
debcfcb981ae0125,0.1871212879024695
802bd1039c3e6a1b,0.12130572053766801
5f5c21e0b6a4d4a7,0.18487058455767424
4e1d92bfbc009b58,0.715791184745233
644c03f056f3bf9e,0.84172647702407
3b4855d86d450661,0.29406783369803063
dbe1c9a9d3e563ac,0.23731384807752423
2fb49e6e63bbe8f6,0.7745407939981244
2347ddad2e1b095f,0.5415173491716162
e315a627d1ca8573,0.798729290403251
0558a476ace81c15,0.517081275398562
4426fc96456aa43d,0.8188746483276024
ee5092888f963b26,0.33984620193810566
57886ec9ac1bcba7,0.9243810565801813
69e1947ef1a19192,0.722035010940919
af29d6fac97c87a3,0.34332541419193496
6952926383750b48,0.2565639262269459
b6e14b919c7ad1f2,0.1448374492028759
8d09ba7da0267580,0.7510597061581745
40e7e13ba421c25f,0.0894904657705533
c3d8677083122b80,0.8572513285401688
e41366313db49145,0.17682432010003124
ed95e31015c5959c,0.6993963738668334
64f0bef89a702494,0.12582025633010316
81918dc774b899ca,0.1325339168490153
dc9dc895fc8368b6,0.451432010003126
ea0dcc9add9ba8c9,0.6338033760550172
c45a009981cf2faf,0.8239221631759925
ee4eee5c2cad18b3,0.20390653329165362
4b8886ccb99d4b95,0.3584563926226946
a11b7637d21059b0,0.2735970615817443
ae6bfde3685ef5dd,0.08953610503282275
095f96ba3b90f727,0.4878749609252892
c800465fabd83658,0.08556048765239138
c75993f60039bc22,0.601002813379181
15b2e13c51d54758,0.42866520787746165
cef343af7e936391,0.6329381056580181
bb9e37137f42fad4,0.5043457330415755
b6f54b152f0f2c28,0.6025770553297907
54548a1370ae962d,0.5183025945608002
774675091e96f38e,0.0842541419193498
64db0198c907fdc5,0.16348577680525164
ee3a2eba79a61cd2,0.2513160362613317
d87ea92ca2504e8e,0.9484351359799937
493f68967d2931dd,0.35493341669271644
33c5bd3953cad989,0.3528246326977181
31719675e9834500,0.41905595498593307
283d0d3d8afdcd48,0.7939756173804313
0954b46131527b56,0.023267896217567995
c7f99cdcd74ddfb2,0.8887743044701468
89e81b0750c67025,0.6791625507971241
ef2e114a293d6051,0.18042575804939043
3eaa82eb74b0d2b9,0.976187871209753
f115b5827c53fdae,0.8634057517974367
5b981d50572234ec,0.455495154735855
bc2a7ac2fb6ad312,0.7893088465145358
cabb5fa14742de79,0.9129468583932481
9dcd899d3120d04e,0.1295967489840575
5bf75dc153469005,0.5681975617380433
a99c57a3cfd238a9,0.907623944982807
7d3c73f6e6251236,0.7881491090965927
79c824cab095ef0e,0.5511187871209753
50457f03b19ce000,0.7530831509846829
72ea29c850f97747,0.5150184432635199
949aabf35ccb0c4c,0.6578702719599876
bd3b7b9b5cc3a346,0.4632863394810879
581ae7bcf533000a,0.17003469834323226
f944b728b8eb9aac,0.4488952797749297
6add937f4476df2c,0.6164676461394185
478be273b158fbf1,0.13010003125976868
43c1856ef31d1073,0.8529502969678024
8f97466fd3810c1f,0.20424007502344482
3ae22b8a964781ec,0.6373769928102533
82ba55bfceb0ffbd,0.45733635511097226
5966bfc14b304d05,0.5600875273522975
eedd90867e3cd9d4,0.028324163801187872
99db9ab5fdf84102,0.13040637699281027
6c6761878fa11c78,0.6556523913723038
731bd2e8496a9b0e,0.16022475773679273
9f1fd83e49b82f88,0.9270919037199123
51a2cc12286941ac,0.9889393560487652
7b60067efe8e7c4a,0.7778240075023445
7ba8d7a5a2f30106,0.9508318224445138
677aebcf5c57a29d,0.46208627696155047
c2e6810f10057ffc,0.5123741794310722
f770bf49e8b32f7d,0.6644814004376367
d999d97cecc80f08,0.7697277274148171
225695249568ef3d,0.9629365426695842
64c347ce204607a2,0.8069756173804314
8b972fc1665f8aff,0.33866614567052206
fd3a180f558ad235,0.5818349484213817
f24ea2f162b99780,0.8192238199437323
71edcfb193fa3be3,0.8762341356673959
4507c7c846e862ed,0.4456477024070022
ac51d145f495fdf8,0.5755870584557673
3ab5c54552e9add3,0.6714779618630822
0e545a1fa4aecf83,0.14204407627383558
19eb7f93e53f33d0,0.3357317911847453
f4653f53352a740c,0.5862682088152548
c716d718820e66c0,0.3270231322288215
a8a2778b42759e84,0.724437636761488
d632ca08f997e38d,0.0581706783369803
47c56ea6034205ca,0.14476305095342293
f436395245784b88,0.9495557986870897
ddb7078278325022,0.23521819318537043
1c24525f31c1953f,0.8180853391684901
7c7e6ee56d6ea5c1,0.8122675836198812
0e67b9cedd55f492,0.2994223194748359
a585afa6cc802221,0.2863763676148796
132bdb2d81abf434,0.5853960612691466
cdafcf3dcd774b36,0.6339615504845264
5694f780d2c8e463,0.10493279149734291
317ba4057a04aa16,0.8330662707095968
a92ae25f2defd1f4,0.5653873085339168
ff0073be9d8669a3,0.939865270396999
2c4d6fd16e7da4d0,0.4893666770865896
e8b93ecfcfcf69bf,0.46997936855267264
aecdf632644c9922,0.7672710221944357
0f4ac8759cecccb4,0.12031947483588623
ae0ed79b3f56091e,0.6498862144420131
492dcb545fd160e3,0.4358787120975305
b6feaae9a6963540,0.3389105970615818
10bc80bca38b6418,0.26816380118787125
d8bf52f15b58b474,0.18146514535792435
d590d13d8a0daf0a,0.598750234448265
bafce96906ba0c73,0.2884160675211003
15a89b9d9a174795,0.30964801500468897
3c895a00e202bc6e,0.7819981244138792
62100baf87d531c1,0.4792081900593936
8ea52f2642c87cd9,0.5113129102844639
78bf3db367f46ea8,0.941478274460769
7303626be6419b04,0.6957486714598311
86f2e3f9f88bf00e,0.9516511409815568
39921131b7d48cf3,0.7758421381681777
7c06255c489ce455,0.8573535479837451
2a0f68fcd60099b6,0.8057164738980931
968f899504b28211,0.6610187558612066
98dd9df8fdcb29f4,0.6094001250390747
ed55728c47c8b666,0.15961613004063768
0e54abd540000681,0.8719493591747421
2687ae2ad26c6497,0.8612944670209439
afe3e3f4edc8f7b7,0.46755267271022194
3d8ff2a3976b69b9,0.5031600500156299
13e6deb5f77cd1f5,0.51171678649578
8c8711be796262dc,0.3312632072522663
8eb1ab06839664b5,0.2940328227571116
dbd58b32bf776c26,0.16025476711472336
4be0c2fba004271c,0.6864688965301657
a0f6b49ec1b86bc1,0.8838874648327604
3b33e5fb16341fe1,0.8131159737417943
d39f326ae61cb937,0.05034479524851516
00e28c2a11d38c61,0.7617639887464832
a55c74a9759fd56a,0.16311534854642076
8bfd04b0788122e2,0.9535048452641453
895776a9cf9c8d43,0.5276620819005938
7ff187535e206416,0.9890837761800563
b2d991e4147a68e0,0.22457299155986243
b62ae246269c58c4,0.9029015317286652
b8af731f19b5c84d,0.042481087839949985
19f5143484b38101,0.7837039699906221
982f6a3f1bccc6d4,0.1102910284463895
2cdfb20347feec4e,0.9060662707095968
5b2d62e736467c16,0.2951375429821819
f85bf07959deae92,0.146740543919975
8e923fa1dedcd01b,0.46980900281337923
93b3dea6a99fe31a,0.40330228196311346
8bc3af23b3d5ba85,0.29903063457330414
91db39152bd6ad50,0.9875451703657393
d911a9c74b505826,0.8468605814316975
0e53e628826772d6,0.19154173179118475
14d7b607e5e3f0cc,0.3682666458268209
f3e8e3469f0aab7b,0.07150515786183181
b9c36eb092bb275d,0.5223866833385434
9cff3e265921dfed,0.8262607064707721
585bc81acbe5b1ec,0.10848702719599874
15f8e68c7ac23dec,0.3659346670834636
a37b05bbb09f8496,0.8988952797749297
4f31f80a263d61dd,0.29725195373554236
6a3987a9bab31c44,0.09227133479212254
9f59a5ca5ae6d119,0.39794373241638015
afc6cb824b3596c7,0.08727664895279774
64dcbe6f4ac8de61,0.8655895592372617
1fcaa5c3533f63ca,0.07668646452016255
a266793e0c2619d2,0.8407780556423883
598af3378495839d,0.3758437011566115
b40ecfcda1506387,0.14858674585808063
22537a4c1f1cb22f,0.33772741481713037
8c5b78cda30c225e,0.6681859956236325
3239189122d043fe,0.4778258830884652
4b34859a41dd8627,0.2861838074398249
7577c8941b2e888b,0.07815098468271334
8ef15229dd291883,0.06672897780556425
3332780ef14cd99b,0.7252600812753985
f93d1a6ecd62d897,0.8501481713035324
9505f55ac00dbadb,0.7619687402313223
7c1831bf48bd728b,0.0918074398249453
17cf81ec2dede54e,0.7756176930290715
e84c6f3155ec9762,0.9873319787433572
e894ec9e0ac2e7a5,0.8505376680212566
c307472500eaf782,0.8492850890903407
96de47679c4cb6b6,0.23385839324788998
e0dd44e7040c3168,0.5604207564864021
bd9e6bd2fcf5a54e,0.7198180681462958
0382e0d155285962,0.4430787746170678
509eccae9abde09a,0.8842557049077837
f2147e0be04acf5c,0.5565085964363863
f3a6b01cc0938196,0.8685151609878086
c1956069b7309004,0.27779180994060637
2292dd5e617286e5,0.40744826508283843
3644d81639ce9f29,0.7680615817442951
4a5bf3e5c85dbfe9,0.1715507971241013
095a4f241c64795f,0.9445251641137857
aa45545b6df75be3,0.871486714598312
ffda21a7e2973492,0.6615236011253517
662adc1ed3e8fd43,0.5017893091591122
218ae6cc5968ab6e,0.9686827133479212
316379f30810e1c6,0.583059080962801
eef8a37b8fe20ec4,0.9360109409190371
d9a0aead3407db9e,0.7343738668333855
f0c65e7320950a84,0.8171841200375117
4625132a59dcda74,0.963527352297593
ab1c8b0c3967b656,0.9414607689903096
f00224def382933b,0.6079615504845264
090051f10ebcb768,0.398532979055955
2a0c37f157e82f1b,0.5089487339793686
61914ca3afe42c15,0.23580681462957173
a9fc0e9ff5b0e706,0.14941325414191936
f548f7ed3074067e,0.16903219756173804
9aec70578372daed,0.17563019693654267
fbb0734a4e985290,0.2164088777743045
a8cd11786e7fe2b1,0.3766620819005939
6a4338f210f336ad,0.29911409815567364
cdb63c81014bd072,0.3687849327914974
2c5a98b60450efca,0.44574617067833694
2337a75838293036,0.08159581119099718
a0ed386ea018cce6,0.4661597374179431
db76609f02b3bb31,0.6946670834635824
597bd387a63987b9,0.8958530790872148
bc7571c47a54ce9b,0.3803691778680838
547510d3ce221301,0.6674235698655829
8e84181f60b3ec91,0.45824663957486717
13880ba898b8f597,0.9544670209440451
9ee1fb0201512e8b,0.9499540481400437
48aefa3d80da5764,0.24282838386995936
498d517a667856a7,0.5295411065958112
f07b0e35881505f2,0.2126924038762113
1df225f3addcce26,0.13704001250390746
84a772cbe6d216a1,0.3139277899343545
f0e4a70f82f01004,0.6112113160362613
3b639af3777f4c39,0.031637074085651765
b9f77a4295400abe,0.04145170365739293
7d646e2fd78953af,0.08662675836198812
4127b246e0beff6c,0.1999587371053454
2321d1fdb21c809d,0.07212410128165052
9936f8d7184f5e10,0.042749609252891535
e2e9ef0520d08656,0.17432353860581432
0aa9b948dc8766c5,0.1781087839949984
d96df85b5160b1a8,0.3179634260706471
3bef9584524abbef,0.6430684588934041
806989faeae50571,0.12476930290715849
6fedd263e1290110,0.7718643326039387
5762314e60a560e2,0.8909956236323852
748cd550549c514c,0.5474889027821194
58a8e997e2757de6,0.132166927164739
c13887db4b2ded8d,0.6959402938418255
eba0106899e8fdf1,0.7701122225695529
a947c7f89cb176bf,0.9399899968740231
4ac4a17692a2a70b,0.05588058768365115
2fa4409e1b6a3d85,0.6814395123476086
a783eca691369f3a,0.4185658018130666
e6e45dc137aa0511,0.10687277274148171
c589fb4e517e579b,0.38504470146920905
0535f48557a68402,0.7093335417317911
48e423add1624f2d,0.7238449515473586
d20110b1a6f20e55,0.07820944045014067
739f7cc76c78d0bb,0.7961259768677712
2d439083c11f62ae,0.8440931541106595
0c74bc780e465296,0.12668271334792122
52294576789c8ec1,0.79418818380744
99b2421c51d37084,0.14305689277899344
de49e465a4c970c4,0.8699406064395123
4c88fb93b8d12270,0.12798874648327602
dcce15e3b59d9796,0.13569240387621134
b8e0e09067432f1c,0.8760171928727729
962f882f18c11d46,0.3254045014066896
34753ee28116af4d,0.5519365426695841
7c71a6fe87ccd6e2,0.1348208815254767
7ff97e6a175132ea,0.7096933416692717
d84022bd67943384,0.8119440450140669
c270a677c7614aa6,0.29828852766489533
1266e1b58e87a761,0.7046977180368865
9fc631524aa3372e,0.1719931228508909
88da969d80daabce,0.8248577680525164
9c5cf1807334358b,0.251769928102532
0e5706f9560fdbf7,0.413604563926227
d9db7cf658a35e31,0.8331475461081589
38bb0629e63b6590,0.7513385432947797
726236f75c9de724,0.7397014692091278
47ff559912cb3714,0.3811281650515786
bd567ce69cb8cb62,0.12180431384807752
6b7338c16e1db627,0.038442013129102844
2e47f13eecf939c0,0.3078277586745858
7e001225afcdc58c,0.6641688027508597
b0ba287dc9f94b2c,0.6926236323851203
07be300260466f0d,0.11998405751797439
49e2abe2ca234745,0.7404592060018755
bf163922b4b12745,0.8573623007189747
aef9d385e9ff8518,0.8554982807127227
3e364e82bc780650,0.9661622381994375
393a9aece2867c5d,0.4802660206314474
b0519105b55d4bc5,0.8017968115035949
c5a4b1418dc4e412,0.6911441075336042
ae000e40b4cdbc49,0.23815911222256955
bdb4932474ae13dc,0.7371512972804
54ab20f1339d0955,0.2618261956861519
bb6cce3b0b6744fe,0.24559206001875583
0d04ac4d48d1e700,0.920192247577368
6e3f51731aaa2c77,0.411426383244764
783b7b163b234e5e,0.7492488277586746
bb6501e8f6ab95a2,0.09002375742419505
e5f20b7a540b7472,0.4045264145045327
726e2ec81830f724,0.943468583932479
e8dc50204900e975,0.1771738043138481
1334006b9c4f4ffd,0.8963794935917475
3553330b5c7e6092,0.6136073773054078
e1a3e161c8b2e221,0.37932979055954985
44e747740cb4260b,0.07914879649890591
00202304b4481207,0.8361834948421383
931eab5e85d6e3fc,0.29339324788996557
e4b8ca3da3eff8e6,0.17051422319474835
103e5a44f9c30ed7,0.6031525476711472
448d40536e9c5670,0.378819005939356
1b4d4b42760e781e,0.87900969052829
e0b110d4f6844bbb,0.8880050015629883
0d928dd7f13b92dc,0.7375214129415443
1bf6e2dae324cf0e,0.4803826195686152
b2a17e2a9337f111,0.9759237261644264
564d7ef8fb681d94,0.37097592997811824
a2088d882fb6d77d,0.8584635823694904
3fe22caa380445a9,0.6137321037824319
2b3c171024a98155,0.9716527039699907
2014d23cd7792183,0.7282610190684589
fc996643d63f02d7,0.1734276336355111
c8d5c605e447f4fd,0.4800615817442951
634298df42266b22,0.3252588308846514
5c8cbaf8b4d39f57,0.8661553610503281
a688ddfeb76eb78c,0.8905811190997186
85a12cd29f47007e,0.24659237261644265
a5e1a3f8e312e1a0,0.1891537980618943
29e076c93c2b7fab,0.9084935917474211
71b7b90e9a0b70ae,0.7314366989684278
11583aaab15330e4,0.02870334479524851
5b34705855c1c880,0.4798762113160363
26361ce2a06897d2,0.03704001250390747
2be888bcb74be336,0.5480065645514223
fd96abe884c43d6c,0.7891369177868084
165fc0b6a160dbd9,0.9409756173804313
b8c8c114a79ff453,0.13036448890278213
e22746fcf084642c,0.16668959049703033
3fc60942cef4b9f8,0.7543791809940606
c78a85aab85debf8,0.5582619568615192
9c2166227724c80c,0.14483807439824944
e0291b12205c2c68,0.6259462331978745
307b5de4b89748c8,0.05108815254767115
b83469a7d7ed138a,0.6924548296342607
4726c5e084cb6f1c,0.6063954360737731
33795c308f648269,0.9863713660518914
d44b56532551df1f,0.8607843075961237
7db689f550f62666,0.47277930603313534
c64b1df6de24f982,0.19761175367302286
d9685a6aeee511e7,0.17449140356361365
2c867c13048a2311,0.913831509846827
b3f36f5f67857959,0.2542744607689903
c8dbafacc0fb77d3,0.6537802438261957
3a1b2137777bcba5,0.12844201312910286
c9627e77fcbdd360,0.6987302281963115
cf4f6641c91382ed,0.09190121913097843
fb519c3fdb753245,0.8935889340418881
035449e62c90677f,0.7192969678024383
5201d1bc5a7cf0ef,0.5722407002188183
01ef09b451cbddb0,0.4613144732728977
b98e367af7c0158c,0.04827914973429197
bec6844244ad0aa4,0.4829109096592685
ed82262b135c6e4f,0.7100418880900281
67637bf7061cb7b0,0.04894873397936855
96ef8b85b60392d5,0.9272172553923101
fc1b0a61b9dd082c,0.7467627383557363
c408b4beae948cc1,0.33525789309159115
f26323206d284ed1,0.6775257893091591
9214caa6c1a0dc02,0.25504782744607685
591a28a3c195b6f1,0.7733207252266334
9cd8a8ffb7a9e96e,0.14538887152235075
7ce580a49450111c,0.2529974992185058
abccd8c43775abd4,0.07081369177868084
5c6acd44464d3db3,0.8558740231322289
b0e58b3d4a2a773c,0.8340422006877148
eff75fe4ffdcb49f,0.9024892153798061
06ac1908fb89960e,0.8644567052203813
6e61df7259588c80,0.8690396999062207
87752778bf4206ba,0.6315501719287278
2fecec0b55303222,0.13974929665520475
d57c0fad9eabe24a,0.8940472022507033
93cc7546b8c345e6,0.9724173179118474
eb76de6938c4c38e,0.5908809002813378
0e733a579e63472e,0.3251831822444514
e7dff8305acefcd5,0.20370678336980305
23423479e34fc441,0.8837089715536105
3f66f582c2bdc24a,0.5755579868708972
d312e4d7fce5fa01,0.5544548296342607
c04cd9fa54077b8e,0.25732697718036884
04b68ab2f6458e33,0.40750296967802435
35665b0fc6847811,0.5462503907471085
9028f284365c7863,0.46146920912785255
fa23926a88284b39,0.9001519224757737
ff5e27f506ba1ffc,0.688410753360425
e6a04e92205e9e33,0.7920112535167241
934c2e26775faaec,0.15015067208502658
35403697fd72709d,0.445458580806502
fdc814fd85f237e4,0.7627511722413254
bf4ee2f20859884d,0.2667199124726477
d2d10af48a354c4a,0.5090100031259769
a38e463e1b086d42,0.7158818380743983
ba49ce0117002110,0.5267333541731791
d5393f1776772d2b,0.50123569865583
80a6b6e9f65aa3ae,0.3583607377305408
d84698a77b768899,0.13103969990622066
8d09ae0709d01465,0.7608871522350733
0ac53b64e16a0efa,0.8992263207252267
a632a91a07ac8406,0.6193682400750236
1f2437c787ad39e6,0.8514788996561424
beb116a0a3ad4f5d,0.7228646452016255
c38f343ecf8e9527,0.1529043451078462
d04bd8d61ac99c5e,0.32136261331666144
6a279faa81d0684e,0.3564048140043764
1b49b1154407ea05,0.6058068146295718
b71746f211be0a24,0.018431072210065645
bbe0b7fa6d60f17d,0.8652306970928415
c9117e785fa1cd68,0.1422200687714911
a700a6b3a689a18f,0.4502185057830572
d998a004d828aadf,0.8112269459206001
54cfb8bb56897eb5,0.7688299468583933
bafd504785d302a8,0.9058730853391685
3f45db97b95a3352,0.4565636136292591
2364a75ca729f899,0.7239431072210065
9387acf4770f549f,0.5737836824007503
a434422326289b00,0.044501719287277273
8bbcd05afad8573e,0.8902766489527978
82fc48f10b8d7cc9,0.12706877149109097
65dd24b31c0c4067,0.5504442013129103
b25ccb8b682acbeb,0.5704467020944045
291117008b4408ee,0.636610190684589
aae3422dfbb55bf7,0.5615770553297905
d436224afb38b7e2,0.34643701156611434
1287c0ffa2f14635,0.40621319162238195
4feb7edca163def2,0.8639928102532043
00df2416e72cdbc8,0.26848671459831197
e51c757048ea36b0,0.21450578305720536
59e45992c3fccfa8,0.6442688340106282
7b44475e4e2e3b92,0.5310531416067521
be457ea8112e2391,0.5284113785557987
1e4fd1293a611d2f,0.8754610815879962
343371989bd61c74,0.7032260081275398
6bb985812e990044,0.28605595498593306
c0be9996bfb5270b,0.3335507971241013
bb367ec1a239b8c8,0.6319118474523289
91fc9ee0920431a2,0.1313319787433573
82f2985fe6157914,0.30437011566114414
eaad7a9709bacd50,0.5302600812753985
1bb729bdda8eab4b,0.10080337605501719
35320f198f2157d7,0.1365998749609253
74cd9018fd2aa194,0.45028540168802755
fd091b5e49f8138b,0.5453763676148795
917e088d530b042e,0.8503638637074085
b0e606a7344aea7b,0.6077633635511097
c220230ca6b46d2e,0.48689621756798995
2174f0850e20c2b1,0.07616348859018443
3bfea4a031f46e50,0.12341981869334168
22199945c8b6f01d,0.8011087839949984
efd4e993a8d94f5e,0.543541419193498
acad3b0b2e72b212,0.6197336667708659
1a33438ea9b6ba09,0.3267774304470147
c9a22295bdb2b49c,0.9719806189434199
0a24b5a0c164f36d,0.5205445451703657
12b662eae7ad89fd,0.428035010940919
788a4a1a340ccebd,0.9073601125351672
0b6ebec97e53c571,0.47305564238824627
be4269de80d8b34b,0.9523354173179117
ae99dff2a596c7fd,0.7575120350109409
1cc563af87248566,0.6007889965614255
95b03e2a8add3a08,0.49577211628633944
bde7f9ddcf827170,0.16854298218193187
e24c4af855561b6d,0.4225073460456393
a1ef8a44aeab6af5,0.9732500781494217
2bf2e0d5f713e9ea,0.10943982494529542
6585c55605f3d692,0.6446367614879649
4a44bfcf3c8bea26,0.1382407002188184
78a21d5aa40bf4bd,0.33568677711784933
d208a68d90d83d1b,0.5250659581119099
fabf07be02cadf0d,0.863134729603001
3fc8a4ec51114a77,0.6424170053141607
d8da2f9a640f4e03,0.6908662081900594
f7a8212a941af65b,0.0021425445451703656
836c933a5cb4ecbc,0.6953466708346359
e292f252eebf817f,0.5100747108471397
ae7e8b931e0ade53,0.9105354798374492
c937062a293ea0e5,0.7211409815567366
673793020f42eaf0,0.17217161613004064
531a753aa5a10879,0.29006064395123476
65613b893147c771,0.5828130665833072
a3609d34533ca6b4,0.553107846201938
c9eecf5329211123,0.9785351672397624
4e6d4f733588a212,0.5809349796811504
95e0d5ddca2118d4,0.9625286026883401
4b071534952c920b,0.480325414191935
f333221664eda263,0.2765151609878087
8627e41026f74eaa,0.7751225382932168
789f4695cdd6a417,0.5407427321037824
908034eabc372b99,0.3041831822444514
984bfa387795ef76,0.8049431072210066
91c8e8e6f637fb1f,0.6380303219756174
363aeba9c072e960,0.8533422944670208
5cd6915b98d723ff,0.5349412316348859
20f027368dbc60fa,0.06629728040012504
a58841827e8017bb,0.37552860268834015
ad9e6a299aee4827,0.7341625507971241
fad46bf569ac7443,0.3271503594873398
0bdec115af64e996,0.6140246952172554
e78e15a02aa6163b,0.885145670522038
94c1b40d53f1c78b,0.42289590497030327
c1dee5b6d55fd7c1,0.9317086589559237
502f0c8494138feb,0.01931384807752423
316c5e9c86bbb645,0.10285120350109409
c5624991cdcf670d,0.3191444201312911
e000077bf8c8b49b,0.593687402313223
9a36d5ad49081233,0.18550640825257894
e4ac16a92daba7e8,0.6932794623319787
caf1ce5141ffb34e,0.04058893404188809
d07bf091bf998e0c,0.5462588308846514
f230be64e9f003ae,0.8133935604876523
fcfe55e0768ab257,0.2871128477649265
ad04ef9c94f25ea7,0.15582369490465772
b6c3dc163008115f,0.33747702407002184
2a0af6ff3489e003,0.6358468271334794
5c098958dc2a26c1,0.1347555486089403
a802f6f7cd6d7b2d,0.4150859643638637
f0897866ed523f60,0.9316598937167866
3c1071f1773cc7f2,0.04962582056892779
5fb77ed43c58e517,0.2307327289778055
3fbcf72648af3500,0.27634979681150357
64964fe3e34849fb,0.2628540168802751
3d3b19b2da76dc78,0.6738246326977181
69eb4e47c0f3104f,0.6611075336042513
1b55daf09e9f129f,0.3905423569865583
853fa0b67eda4e6c,0.18300375117224132
636b3bfe96c8c67a,0.2964548296342607
51b24fbdde490535,0.2989049703032198
b80f84359d81c98d,0.6355964363863706
a865666aeb2b82d1,0.15830853391684901
08fd3d5f06273089,0.035853704282588314
cdac52f8c24b9616,0.9073007189746795
bdc841da585c4a1d,0.8413813691778679
8858154c3efe65ff,0.5880668959049702
29f989d45429b9ee,0.6957239762425759
b97dff4909968aa8,0.04061300406376993
69c86328a89e4898,0.07337761800562675
2d50759601edb9c3,0.6974157549234135
134be78ce02d48e1,0.6519768677711786
53b540f7c8d16cfe,0.08353829321663019
76d2e83b30cca3f9,0.42141262894654585
062167d4ccf76346,0.9252525789309161
84cc2a48661e807d,0.14748515160987807
60f1e251520005f8,0.7092044388871523
781115a32396b4cb,0.35496936542669577
4c1e17c82f4cc326,0.8652135042200686
b602ad5debd51028,0.6421681775554859
4d9da053a872a970,0.7432210065645515
95f7ebe4304bd2e4,0.9687980618943419
67a8207cfef9f011,0.9903801187871211
b1c3468185b9514e,0.5586980306345734
f80ccd7ace26ae4d,0.984130353235386
3ac147039aaf4499,0.3796583307283526
fe5cd175ea7fc09b,0.14592403876211313
9026d2936cf2bda8,0.7693047827446078
a4b0e01784fc7cf8,0.7793019693654267
43c462b48d97dd20,0.6961262894654578
e36d0189d20a7617,0.24554673335417315
43c3586991f4b403,0.37608783994998435
009e48f2b32be557,0.14937480462644576
a1689ef168f2f333,0.953187871209753
dc310fc66470ab07,0.6201350422006877
bc654d187751fe04,0.5876708346358237
247e62af046a99a5,0.47912285089090345
48f2f9556bb2ad1c,0.4879062206939669
e604b921624a200f,0.8901509846827131
e46765e152f7daef,0.5712041262894655
3d183f0c812b6d09,0.7145407939981244
3a7275f9aeda8305,0.14522038136917786
1d994aeb47ff952e,0.22381494216942793
75dd9cd1bcd35d05,0.14937386683338544
a976b4932381b300,0.03943013441700531
da2e39ced8c0afd6,0.19550547045951858
c77fd47bb1683f58,0.7166655204751484
ceeddee046f39ae0,0.284997186620819
cc50dd12d1f23bac,0.4440512660206315
8b73f447d60fc992,0.6060040637699282
dba1029662f0c412,0.4831653641763052
ab65e0876504bba1,0.7504023132228822
00754e6b5a7298f1,0.038838386995936225
082f192c053e5283,0.13091872460143797
4cee8c7c13d1afe2,0.4615983119724914
9ea9e3c8cb3df9aa,0.37714191934979685
2caa75dd78c01d17,0.8655873710534543
42ca39ab5466bd19,0.9743713660518913
939ed128e268f834,0.20376242575804943
e452cd65ed19c900,0.6592644576430133
e5ee2d79d0c49d1d,0.8963479212253831
ce0d423deb82f2f5,0.23074617067833697
3c30319ed1684972,0.5710450140668959
18968bda98628242,0.7351497342919662
9566631a173d48de,0.8657777430447017
01d78d3ab164da20,0.30308627696155055
7245800926a4112f,0.5870622069396687
3fffc62471c1f18a,0.9432913410440763
3b530b29e9f5617f,0.6431881838074399
65305594301ba50f,0.8934667083463583
593ee003a4981c15,0.5257918099406065
f79985b30220adb1,0.6025232885276648
60dd8dcd3a1d1839,0.8341791184745233
288aaae44688b015,0.6836949046577055
8a16369cb4554d3e,0.4858643326039387
4e49cf49f79e1181,0.9460281337918099
1a6026c94f49058a,0.5256167552360111
8c29813aa363f889,0.5708383869959361
5fcc5826d5f8db34,0.8235276648952798
b002c58138c724fb,0.19219506095654892
62a918db11ef3076,0.9574235698655829
8fb91f382ae2782d,0.8792416380118786
af730eb0035cf0d3,0.8710987808690216
546fef357d2bcd57,0.8596233197874334
c6129c4b99d7f4c6,0.39993435448577674
7596069ac38eadb8,0.4368361988121289
9560c8310cf23dab,0.056046577055329797
ca1acdabe94e042f,0.6779127852453892
521f9d2193473fd0,0.25441200375117223
617eda3b96abb577,0.37314035636136295
8d735b59dd0a4270,0.9092206939668647
1b405139fc287a40,0.3738252578930916
e621733719a2d775,0.7120647077211628
95f4b0d76e779b43,0.6432613316661456
bd6a23cab176ffec,0.056219756173804314
3c5fadc2c957c7ce,0.9653175992497656
37cae1b2dd3c1330,0.6380287589871835
0fc2ffbd9370b121,0.5018733979368553
b31de0d8e304eeab,0.8305042200687716
5738bf5ea59fcb0a,0.7996911534854643
402c7edae37bcf39,0.7019631134729603
1d79e32040c6b05f,0.9478927789934354
bf493f6f4a48b2ff,0.16965114098155673
8530681352913ce0,0.03706752110034385
c79cb0e184ac42c1,0.3730275085964364
32ecd92eb352979d,0.7131634885901845
c9a54261284070bb,0.0738796498905908
e6c2ba81e397e33d,0.23736542669584243
955bdf4fc9420404,0.30960581431697404
b180a78e50608ab9,0.586843075961238
69484ff0bdf4b104,0.731115035948734
8d62a01ddfa11fe9,0.832654892153798
12c3df9b72ef96e5,0.3051603626133167
12ccc513557a0656,0.4788015004688966
2aaa9bc35f4acee2,0.9910537668021255
e31d14248a98a72e,0.7184548296342607
1058c1f47fca2b81,0.31219381056580175
02ab14036929f70f,0.4520472022507034
6880fd1518aecd04,0.5835420443888715
580068eee74ae5d6,0.05640575179743671
fedf1e1bd320672b,0.19371928727727414
d47c1d43f9dbdf92,0.33754485776805254
8a7fa6c84cb2b0fe,0.5794957799312284
089bead0dc0d7c16,0.5385129728040012
3f12eac5d776ac9b,0.2564773366677086
2b55254bb421a326,0.4921834948421382
16721efb42f49e40,0.921286026883401
87ada6cbd040d527,0.5643166614567052
c5c4d8e14015f4e3,0.5810693966864645
5d499b0e085f025c,0.8412238199437324
183039182079fa48,0.894088465145358
05d6c8a5d3db19c4,0.8453663644889029
4477fb4e0a476ae4,0.7548161925601751
3965182266dda565,0.685018130665833
72bafef29554438a,0.6698927789934355
1b31f23c3e55dcb7,0.724899030947171
66c42c9008125f10,0.45286902156924036
5bf14b82c919f706,0.43370584557674274
2c7401c2798c92bd,0.354461394185683
4adf517216b1dd47,0.0957117849327915
26348c70727fc713,0.9423726164426385
82c1c6b9b0ad498d,0.5464232572678962
1365ca92c2e04031,0.32536230071897465
9edbc98e397ab4c2,0.6028296342607065
1059c066d6e0626d,0.014494216942794621
af993cc3ac374b83,0.30368146295717413
f32194afe634dbba,0.590438887152235
29de97ac80feb956,0.7485917474210692
e5fb185d8c6181d7,0.3188174429509222
632347c0452d889a,0.7879856205064084
35ad7b818afa2cc9,0.8383610503282276
0e9b47d072e9f5d9,0.4689606126914661
4b2ee7a5a4d7d797,0.7093372929040325
793b579534d59c3e,0.4789246639574868
3b23c46e8aebaa25,0.8201544232572678
f68b741461469ae2,0.08834573304157549
79e144db8265864c,0.06781337918099407
09c4fd90bed2d748,0.8605182869646765
2215efb176105acd,0.8672910284463895
b4a9877c6c234878,0.4902122538293216
529f75ff399c033b,0.9435714285714285
ad20741d26dac628,0.9533741794310722
abee4fe9fcb49deb,0.16299874960925287
80bf7ea1dfa6b569,0.72000969052829
7d637676608f51cb,0.24947827446076898
79855154621f663c,0.24240668959049705
db630a696b94324c,0.4379878086902157
2c87f55f1bd853bf,0.13200500156298844
05466a89f589fe04,0.9855389184120037
073f9b06f7bf95f5,0.06316348859018443
d8c52af1d9a0ab94,0.2042532041262895
170df691b9758d76,0.755029384182557
098c223fa7ac1f73,0.5285079712410128
947d4f80370f0b58,0.3312975929978118
66196fa0af9abe3f,0.742196311347296
356513b3059ae50f,0.6670637699281026
a951ca23d4bdcc33,0.7548286964676463
defaffd4e20a4c47,0.13986120662707097
9aeb8ce75c56fcce,0.12660987808690216
0e52e6d570d8f008,0.191270709596749
d177a330dadb2707,0.12042857142857144
4acf903d98d08aa8,0.9735633010315723
673bd4205f6635b8,0.6925214129415441
17b635201a20862b,0.5302385120350108
e31cdafcb4337eef,0.2778724601437949
2f57ad23a2ad21f5,0.7287896217567991
8c76f3fa81c149a4,0.36914098155673647
7448092b980edcbb,0.6830300093779306
cc3891e28dd031fb,0.10323038449515473
05d416ef906cddf6,0.13952485151609878
d5cdb3c4f4965afa,0.23820193810565804
bc40575e98475699,0.15500031259768676
7227a9d91f309e1e,0.43879837449202874
f83295ed727a429c,0.19183526101906845
44f16ce1d7899c02,0.0836939668646452
219b4d22a5bcceb7,0.14032822757111596
5684d434bf545e82,0.1867367927477337
03d5ff6b9db6a1ce,0.39015786183182244
c402ad00c62dd803,0.20508158799624882
d384f2bb50d7321e,0.642124726477024
865ca8dbe8ae9927,0.4293294779618631
0cfaded78f4c55c4,0.8346195686151923
c1f9c03f1f673cb2,0.7192106908408878
80784aef1b00a337,0.7476242575804939
2cc7c6c16592cbf5,0.454970615817443
f816697d9e23576b,0.49463894967177247
e0a3063ee410875f,0.3971544232572679
187c083474d62911,0.3479143482338231
32fe8606c8a5cb67,0.8757355423569866
e3b603a450f69271,0.5130178180681463
13ea25fe500d74e1,0.46704126289465464
3465f2b92e5411a4,0.1420668959049703
f84c04deab8f0a53,0.8849559237261644
ce64b825ce5f48e0,0.06563676148796499
a03d161faa6231d7,0.1528580806502032
7b73399454d06d9d,0.08781713035323538
726ce1fc6c05064c,0.5925532979055955
0e660e2441745329,0.6756849015317286
d4373d25e109dcb5,0.9474285714285714
6c8ad2f1018079fb,0.12724663957486715
485cc002fda9b938,0.07667677399187246
840b1b00c51f87cb,0.04155392310096905
e7c9e19e247f843b,0.3962991559862457
4f97589fa05c40f1,0.8183963738668334
41919c492d55190b,0.7007599249765553
8fc6cb3936ed4ac6,0.5155314160675211
75e3076bf4b29ba8,0.2251966239449828
8357351f6977683d,0.5530150046889653
1a6590aa6c3d2a06,0.6175364176305095
6b0dae5047e0ba12,0.6128677711784933
6f8bc4fa3d91a3dc,0.2822128790246953
e4aecbadc139b9ec,0.3326001875586121
7616bb2872e18231,0.6527170990934668
f97102e411194f18,0.24793623007189747
4f25e4f4959ce4e1,0.39431134729603
46d34ae6f3e900ba,0.6659215379806189
73e3288eeb552e3f,0.04470990934667084
e7010fbb2150676d,0.5728311972491403
cc2c1c680ac82832,0.028289778055642395
d025b02417a63fbb,0.49246670834635825
08070948781ecfb5,0.12579837449202874
2bdbf073750d4864,0.5325601750547045
2783928eaba81305,0.8430975304782744
51bcbc84c0f437ad,0.17176523913723038
dbecf7b9325b78d3,0.8589312285089091
39b3096dbfceade4,0.43255892466395746
4299599a54525066,0.9079121600500157
ccd92654fb1f721f,0.9850887777430446
ee1170819ca7d594,0.18878587058455765
c30ab4f74d33afa9,0.044304782744607696
40f10fad12afb51f,0.4762822757111597
f4e63fba51ec3896,0.8710981556736479
60ad4f8eda2cf6d5,0.8393735542356986
4dfcb17aa4236952,0.5489678024382619
2e54d9b1b4e00337,0.3032069396686465
47a9e135733c2ab4,0.4737192872772742
4b3c22d3da587d59,0.548116286339481
ef89abef9807c003,0.195953735542357
e7530eb737c85931,0.43085182869646765
dea26fe32dbe26a7,0.6029402938418256
08133a148f3d4ed6,0.8320028133791809
d39b177320bf091f,0.5704173179118475
c2eeafe05948ccae,0.7323713660518913
73c8d1e2bc9f517f,0.14770084401375433
0dd4da33e5e18c44,0.6411925601750548
25e076876a1fb6c3,0.8307549234135667
873d0ca47a7ce61e,0.7616652078774617
930d090798b9ad8e,0.6413372929040324
98e38baebfb97bcd,0.7772256955298531
9c779fba6fe0839e,0.1749165364176305
5bb1f9fc76a02c1b,0.30741669271647387
f83de39c4e518f6b,0.9822475773679276
10bbab1f08d2e6c2,0.03508408877774304
ffe63eebf605244b,0.9898633948108785
1e55e67dbb9fa1ef,0.5846824007502344
e53426cca968ebd9,0.8530353235386059
51bba86dd8aaec50,0.7750218818380743
582102afed3c818c,0.15976367614879647
b280a8fb8ffb9bf1,0.5452713347921225
e8e7ee8589574a45,0.33429071584870274
228ac1a17bade85a,0.3885492341356674
2bb37b0ac11a0c2b,0.7103376055017193
5588a1f5d8da9c77,0.30982713347921226
a46d657f4c9bc8ca,0.4661788058768365
7373ad47c61f558c,0.8548408877774305
0f1fcadf13eee28b,0.7381838074398249
1f8603bf90774382,0.9332016255079711
b0dc746e7f7ac87b,0.4081878712097531
82107223b7ff9788,0.7104623319787433
a38cbc0aecaa644c,0.39004907783682397
61dbaab39e7dbc01,0.1066323851203501
85064aac24d665cd,0.0549728040012504
48be998c9a3000d0,0.34637324163801186
26b2daccb2b045e0,0.9522744607689901
95198d21e3fae237,0.2765795561112848
b2a2d7a18404d7a4,0.4628749609252891
6b178de020b8598f,0.2041922475773679
38c1b19633279892,0.5672566427008441
186d5468edde7455,0.845761487964989
4f33d36d7b629852,0.4907052203813692
b955eeaecbe25ef7,0.8298302594560799
39ad39dbe012b34a,0.9209631134729603
929e8e2af2403da0,0.4908855892466396
fa22cc093dcf1822,0.21030071897467956
f56ff6b1c2817475,0.20270365739293528
56b30f44349ddb92,0.5482963426070646
617dd77adea9e711,0.6638258830884651
4cd7a91de7bacdd1,0.6775892466395748
c07844f4e94ce116,0.9618433885589246
692bbfe3fde429f2,0.9271625507971241
6e8117bf11d2b904,0.3336067521100344
27efca94126fb8ff,0.37774617067833705
4d2a406b540c41f9,0.9172275711159737
5ca9c8756c163b0e,0.3136920912785245
c10aad8b54af6017,0.6878999687402312
60798b007f7b4637,0.24476211316036262
805031b5ab834e54,0.4205211003438575
fea6be92744b0c40,0.938657705532979
284e4bea4a96494c,0.4423179118474523
4db0c35a634d4fb9,0.21731478587058453
351dca6bfd544a21,0.9117733666770866
c36cc7323d4f4de5,0.7380315723663644
78c350098097af6d,0.04605845576742732
1404eca61a3105b6,0.25803969990622067
2472a09a3e602f48,0.8431666145670522
5f9d50958df392e6,0.9341244138793373
ab8fde4ac70ac766,0.9176595811190997
6649908e57ee98c0,0.11436230071897469
6f6b426a42753b8f,0.3978662081900594
9f89dd1b9ea145e9,0.778840262582057
d56cce1c1c4c9780,0.3785864332603939
fd794932c3ad58d3,0.012045014066895903
901c8562d025f79d,0.2768987183494842
2460966f3ca7d3bd,0.744441700531416
41c6149d1848cad1,0.29889121600500157
2c948ba95eb3128a,0.791699906220694
0263f07afc6e71f9,0.06786964676461393
59520bb39396ae13,0.7455514223194748
096e1b740c779095,0.4961434823382307
13bcd446b5b75780,0.21550797124101279
82652e7aaa1e423f,0.10573366677086589
b4c2a047510b1d1d,0.24440200062519538
8e95fe1172cfd49b,0.4762772741481712
8b3b319f1bf34127,0.8642291341044076
8e876b9274c5930f,0.07809127852453893
74c8dbccca14e4c9,0.9794173179118475
a13d2861af1b8b95,0.7789015317286653
3d0443784b9008d8,0.7241566114410752
30a6c22faea5d219,0.7739234135667397
8ccaf0cd13ec8d69,0.8910428258830885
ea79b75b6fa4e024,0.5808702719599875
df41150fbde2201f,0.4814007502344483
6bfaf27148ca783a,0.7083050953422945
016b24ffbde9f2e6,0.9256598937167866
c7f17aea0b57c810,0.25452422632072524
1974cb4a4a5105f9,0.38100187558612064
ed6fb2d892b20325,0.34273241638011875
029aa7e7739f68f3,0.5019899968740231
1499ced0a7fec031,0.38033166614567054
1da835ae2069715d,0.17908033760550174
3b48789ebdae6cf1,0.5640100031259769
b2501a34b4204e11,0.2348118161925602
4e1bde0d2fdb1719,0.40856392622694593
bd42c11dc1ea52c1,0.1120203188496405
dcdd441194892326,0.45124945295404806
890cf601bcb4d1fc,0.8179928102532041
efcfd07026d6f75c,0.6716730228196311
6e5921c9eaa0bbae,0.4888055642388247
076e6b937f9e0f1e,0.9490603313535482
fe7aa6148631a52b,0.349328227571116
0204709b122147fa,0.07984526414504532
3bf87c4ce9af3343,0.0354945295404814
e5d3cf73e07cb881,0.7242097530478275
d79da024e674f570,0.8324188809002812
f137410611053710,0.04421975617380431
4b48a5ea7d8db38d,0.2727464832760238
6e5b5708c1bbde63,0.7180443888715224
2e21f1e2f4f0d11b,0.3473319787433573
2fcb7b875a97fd67,0.905932791497343
c9c50dcabb2aaebd,0.062448265082838385
ade709965be588c6,0.19573304157549237
e99ce68035fd1383,0.7302094404501407
9abdf47140639086,0.981004376367615
c0370f3f688a69d3,0.9322760237574241
023ecf078fbcbe04,0.48468583932478904
9366b2145d9ffbaa,0.872242575804939
907dcd98979cefc5,0.143248202563301
1430d1f8417967a9,0.40155486089402936
12cf954bc6f7953f,0.9691366051891217
9f439978c3ff1caf,0.7854889027821195
3d566b52640665bf,0.9143976242575804
1da24b04359879c2,0.2819549859331041
5fb8e8cdc5a458af,0.6209865582994687
69f63de79af9dd49,0.7073510472022506
078cef5b5f6aff6f,0.8210081275398562
ee64ad3ef7cbc727,0.19766083150984687
30f789de29e44c84,0.952211628633948
ed6dc35d0f6c3f4b,0.9931906845889339
24171dc6016596e0,0.7781131603626132
d9753be4a4ac4d5f,0.970472647702407
08b18f56dc4a9978,0.633296030009378
2fe99f58d73a842b,0.1672088152547671
231cb4b19f8ddc4a,0.07649921850578306
a0f57bb92842d2c6,0.2877183494842138
b451e5af95310e52,0.5891444201312911
4d5e3c273bff2df6,0.6574948421381681
69445874395ad7f7,0.1418949671772429
72d5eb4d04446c06,0.31184463894967174
676277c834acaafa,0.27687308533916855
345fac6fcbfce3ac,0.6553141606752111
77268d80339453f4,0.4957836824007502
0a3d332e3608b10c,0.8176380118787121
3d3e247d278aad6c,0.9685267271022193
c6d0f1503380066c,0.9882469521725539
a7ccb8ff054ea663,0.8838302594560801
d3b3fd3963b35751,0.8929606126914662
e361e82e1559efea,0.5685486089402938
94f03a339108fe12,0.04692466395748672
0d6b47fe3047807f,0.6629202875898716
f0d2a9398458201f,0.18868615192247573
8189ef648444f31a,0.6851716161300407
b341aa9047a23001,0.36516880275085967
0b603f589ffe5334,0.9084889027821195
dfcd5836b6d7807c,0.9214951547358547
c69510f82760fc8e,0.4579934354485777
bc2b0e3b0279f394,0.11404157549234137
9e59359a937dc386,0.22736417630509537
9bd6fbbffc3029b7,0.417200687714911
78533ed0a4d75031,0.529368865270397
24d3b857d9ec7516,0.8955211003438575
d9f1874f6346d786,0.796541419193498
6588a72e611a860f,0.32653079087214754
52fef00321899df1,0.8881456705220383
b3c2a81210323102,0.34116192560175057
c1501d30afd688d2,0.3022097530478275
2bd1f2fa8a7cdbba,0.3052069396686465
7472a7ac18cd8ab0,0.9521791184745232
b1dcab1c1027e375,0.7828690215692403
2add558fb5890d0f,0.01550234448265083
51a6b2ebff82bb8d,0.7887289778055642
3486d76917d26380,0.8187567989996876
7d9915dadeee6dc0,0.5726849015317287
1a5e5859e62a5ff4,0.05956611441075336
ba7cc06ca707247c,0.5211312910284465
3c42318ad81df936,0.1404182557049078
e7f32c62736ba8ec,0.4776595811190998
01970049a1d79ee3,0.8021594248202564
c34d08417ccc14e1,0.7872819631134729
dd08d7511ab95a7c,0.5416642700844013
147c9ed162930636,0.726387308533917
4d55d8c7e32d9a9c,0.35007658643326034
1df22e6d0f4be856,0.5297761800562675
29e5cfdbc9735f7b,0.7362591434823382
529dfd620d6ee22a,0.3236205064082526
22b829fba260c24a,0.3224701469209128
712c502ecc45cac8,0.17426820881525473
2806f2b7f968844a,0.5389768677711786
1ff716c957da8f4c,0.21675179743669898
33a651d1e2266900,0.9392607064707722
01aa41460821647d,0.5958280712722727
2728591ac3aaa7f9,0.7841165989371678
62153e0ba99bfdc4,0.8177777430447015
a336835871390b27,0.2621444201312911
66040815dd14bdc6,0.28009815567364804
e0d8f324ffe3e925,0.6892341356673961
e7d245b8d234167a,0.19768865270396999
b30acd5fe8990b03,0.9893544857768053
8b87df65e3f61018,0.47544607689903096
92d913128fc856dd,0.5745879962488277
c1aa97bf3aa49c01,0.2794776492653955
37b85ed57524087b,0.9053535479837449
fbbd2368a21a9e6b,0.4629946858393248
39795c53fb16d719,0.2944020006251954
6d637bbe837caf77,0.5938027508596435
ac09426ca8b44dc8,0.9287986870897156
0007a5bb7310d604,0.8565101594248202
f8c5400d321751bb,0.9185642388246327
5c5d74b2ed3fe0b2,0.11802125664270086
a0d70afd5aebab39,0.24226602063144734
dab67f5669ab1b4a,0.6871356673960612
b094a6aee2983e4b,0.746849953110347
76eceb39e4bbf598,0.676880587683651
08792ceaef2278a0,0.3629540481400438
421639eb32096298,0.4880493904345108
3732446a2dc0ff2c,0.4825367302281962
f42e7bbaae983e33,0.7884479524851515
1d7a33be5e41401e,0.41971959987496094
c94efe294bf687bc,0.767402625820569
54153bda194f6353,0.3080887777430447
275f14633d4a7de0,0.1385517349171616
7a750521e7810b4b,0.915994685839325
b94bc2b4bd62e236,0.6124817130353235
3c2076842f11afcb,0.29315160987808697
53c3d245534bdda0,0.09305345420443889
bee1ce38b4653a33,0.2499737417943107
7fcd7a8a7c44d7f7,0.119685839324789
60fc2edd396bed1b,0.6620556423882462
df7a1a739d1e3d31,0.7224982807127227
293173b622ae6047,0.5011997499218506
c18a9f29b23ca49b,0.28721600500156297
4497cca94390df91,0.33937605501719287
40d9096835771f2f,0.8352275711159738
ba30e997b8338d76,0.8290103157236637
56d89283c0f5c7c8,0.5456905282900907
f460984ca4f4f1a0,0.42650265708033763
63585cd6e35862a2,0.2590009377930603
26e41712e705d5ad,0.7049318537042826
0a056eacd56539b4,0.2306448890278212
9060dd63376b8616,0.6163010315723663
f11e51ec27009738,0.7451478587058455
d0496dc870887d72,0.5147402313222882
65fef6d3fb26ca70,0.03695654892153798
a586684b41fa9769,0.8075729915598625
3bb2f0950e70a234,0.5341416067521101
6c6a97e3ad10abbf,0.8551422319474836
ede33053b334b03e,0.5940237574241951
0dfab1673fe84ab2,0.47836824007502354
f65b0230673c2e76,0.5732503907471085
5618ac6872992ff3,0.9750640825257894
77febd71dc7777e6,0.8904688965301657
7f54b45c8c0b9310,0.8863826195686153
9273e3e5412cfeae,0.7430478274460769
52087475796918f7,0.32638887152235074
643455f14aa1df04,0.05760612691466084
d1b24b005a16d2e7,0.6643238512035011
88788f98d41f9611,0.7027521100343858
bbbe50af555f1d68,0.5747511722413254
1bfe964817713a25,0.9888015004688966
40d6df07da814020,0.873702407002188
8a96d0eccabff7b3,0.03210815879962488
439300a43f735490,0.09105439199749923
bfaf88448d1869a5,0.7228324476398875
1eb331ca2d61f16e,0.7938115035948734
5ad8f23386d2ce42,0.8473066583307283
69ddf95fb1e28199,0.8176583307283527
6c224fe2f90a4ac6,0.28284401375429824
7d2d81f3b2e16bb2,0.8899293529227884
306bcc14dd7bcd69,0.8462122538293216
db0b579d4d6c3202,0.058636136292591436
5e7670a553fae63c,0.6212844638949672
999f8c054ed84981,0.3223185370428259
645969c8fdeb22a1,0.01652172553923101
6158cad9f5117a45,0.40642763363551104
3717d43b0bfbe61e,0.7634989059080963
8ffc981637d61bb9,0.22944670209440446
8b934f4c25070ad8,0.269183807439825
15701cad20890a02,0.43648452641450447
4a22e527eecd22b2,0.5338405751797437
6b7e69ddbeb27f14,0.8686420756486403
c44f66a5254d5ede,0.9450819005939356
1dd06cc994df91c5,0.8495792435135978
43da23e0c905b332,0.5469377930603313
cef6bb5fbd6d7d4c,0.08268771491090966
74e65522686e974b,0.1323591747421069
b2ec41e4d4e17991,0.34043763676148797
7adfda5837586ee5,0.4503691778680837
7be7cd83da184778,0.6525251641137856
331453c919db4a8a,0.2944495154735855
1ad90b2ad8ec5751,0.04305345420443889
06f305aa47e1f3e5,0.7404713973116598
5d77b6a032a98222,0.620464207564864
2fadc388cbe136d8,0.10956611441075337
3a64f59d79eebaa0,0.4600606439512347
e9d4d3a03ce54237,0.7934010628321351
5bc032bc2d4db536,0.1965767427321038
42afab27f6d63b09,0.6783994998437011
0ce59aff9d61ddc0,0.684750234448265
c4b23b3e64f8fa59,0.08911003438574555
df5826f4adc2407c,0.6420859643638637
1006c7d207337c5d,0.20921037824320105
74f20f15f7388f9c,0.08668740231322287
e8c69436b1cb3320,0.34882338230697096
609680f04da9fb46,0.1764485776805252
060d99e1fde9dc79,0.041117536730228194
6555f0c293c5a1f9,0.7438880900281337
cc835ba475e9656e,0.7316151922475773
960c65dd29d3417b,0.4744313848077525
c7596c71a0f505bf,0.15962613316661456
3f3297df319604e8,0.6596795873710535
21c886bdfaeba657,0.9459406064395123
4c47eb742008376f,0.6114185683025944
0360ab7e3c03e1d6,0.4056670834635824
106e8c5cc993ce96,0.6209984370115661
3f189ef767336273,0.6117430447014692
d87c2b5ea60e2e70,0.14288465145357926
924a02ba0ace2e0f,0.2906189434198187
e0a93aee5351fc40,0.8866083150984683
60036012aab0d68e,0.5953516723976242
92196298fd1f0a2c,0.46924538918412007
2c9507cd32c0dc32,0.153322600812754
f138d3401d1ef8d3,0.18879868708971553
0550e84ce3342ea2,0.8996089402938419
433b7b91aefd0d89,0.1584382619568615
2f084abde9824f95,0.10971147233510473
aec34c208a4086e3,0.8563294779618631
77832263f798d3db,0.6098418255704907
423646a4264a51ea,0.5324254454517037
99a11463587499b5,0.6620303219756173
5666dcd2f61e1fdc,0.4694492028758987
414bb3e31a06b128,0.9127668021256643
9825bfe27f61ead1,0.466161300406377
3e8b0ac764ba974f,0.04187746170678337
f494e58fc4f527c1,0.28551828696467646
4b3ed9d300487cc2,0.8185770553297904
064d5daca103bb1b,0.4201831822444514
1a4b5aa55f664cd7,0.25394467020944045
65fae5433da58938,0.3976158174429509
77df36f32951641e,0.10120443888715225
2734faa9175621e1,0.9639606126914662
6952ae6c0325e147,0.09008127539856205
bc49ff32a733b5b3,0.7130872147546108
ddb437f22bdce5ad,0.850708346358237
ad2ca89540526e80,0.9419756173804312
8eb86976f1f7faeb,0.9656139418568304
351b2cac3bb60649,0.7254135667396062
f3685748a7717d4b,0.24465270396999061
af64f4a787a28c01,0.1191834948421382
e41d8e72f6a6da64,0.28262925914348236
43199fd3cad0d080,0.6483304157549235
08639490dad5a32a,0.7800600187558611
251545c20caf2d9a,0.542929978118162
657fbf140a397f3b,0.42247296030009374
d28dd01372e08f90,0.5846405126602063
fb9bccbf5affc835,0.12217036573929353
0c3e0f0e422bc214,0.7819521725539231
b6fe616b3ee4f983,0.6971225382932167
1a05d9b0ab2c483b,0.5737511722413254
be053c37d8d326fd,0.5100978430759613
b0cc45542dd09eba,0.46526695842450766
0d1c9ebdc72b57f6,0.33546170678336984
926a38d305ede2ee,0.8792575804939042
381047d838351f95,0.5899084088777742
5afb977a1eeba5b5,0.36660518912160045
1ef7c785c8633cc8,0.45890278211941227
2f0bd78e22c8874e,0.76549077836824
2765e2bdf659e633,0.19719412316348855
31756eaf193dde51,0.2611456705220382
ba5f5a3df72c6be8,0.8976348859018444
90e87591d24ae44e,0.2956899030947171
f9f063e55d3db8b4,0.6284432635198499
3ef90711b7e5d86b,0.7355261019068459
ec0a6ecd2422c215,0.6710553297905595
2a75009bf5006a5b,0.3839703032197561
9edf622febac0e4b,0.6585845576742733
9cee551773541f4f,0.4757780556423883
2a07f1c2d7378d29,0.49197436698968433
aacdb09c08c9a960,0.11095467333541731
df9753fd02aeca78,0.43100562675836196
ecc853e05f1891ac,0.6157639887464833
859bd8582d3d2811,0.6135717411691153
a124273d56f60796,0.4741053454204439
9cd33034524d6b66,0.41476023757424196
9e58973154c42431,0.10478305720537667
fe78518186335668,0.09954579556111284
0c195b45f68a8952,0.30172022507033447
bb6b109cc9317218,0.05546983432322601
a58342d3aee051b5,0.2229753047827446
48f975291ebf9397,0.8455239137230384
672604676c29d735,0.6043501094091903
144b0a7e9cb057ed,0.8877492966552047
02ea6c1ef4cf0b61,0.04163644889027822
fe3c47193f742bd1,0.2990606439512348
782fd306b790e8b4,0.5964366989684277
53f0ab0c206a7f5b,0.8199996874023133
2d15bf73a2700357,0.36278024382619567
569b34b568032161,0.8492300718974679
d98474765b2d7880,0.5879965614254454
f3088caf81ec54f5,0.9352979055954985
884de3bae564118d,0.9364957799312286
5b62a55571d795f7,0.6089962488277587
e860976e6aaf78f3,0.6468715223507345
bc5f8d0b2f9683ba,0.0237199124726477
92555d85c6369cfd,0.9040090653329166
189861fc294e0daf,0.441284776492654
b8212e2222eb4313,0.0751772428884026
53afc56ddcd63d8d,0.6099987496092529
0592b0cab7becf5c,0.4932169427946233
ac4cbdd76a84da91,0.5311709909346671
f2eeb139d518ca60,0.7732388246326978
e02fcc8b8b63c0cb,0.27266489527977494
a7f194a18e15e185,0.3758715223507346
b9b57b5beadd1490,0.7609690528290092
357c4988d289017f,0.26697217880587687
f0d98c09bd71837f,0.6519481087839949
b1c0df4bb0c82383,0.6269421694279463
5bb361813a233522,0.2585658018130666
c3eeda7b200e2c92,0.33507314785870584
db0460b8a23a94e3,0.5541831822444514
3c80f795a35190af,0.12813973116598937
ecf5824d8b392491,0.056940919037199125
5fc7a11376239e12,0.03258768365114098
2008fba1ef946ecb,0.6711928727727414
e2aa59fe541e0ac8,0.3807183494842138
09b5c7802e6b561b,0.0036664582682088154
988df0719acbb76e,0.5987480462644577
48d79ec301d31948,0.3246586433260394
d288ed9b89b3675c,0.20344732728977805
75abd1caba2694a1,0.21117818068146293
3660f3c735d8a187,0.4975079712410128
0440ac4598276f6f,0.8906598937167864
836bbb09e4831df8,0.5287167864957799
51432ea27e463eb4,0.2659324788996562
3fd99194e4efb12e,0.07087652391372304
ef1b4ca1f2c1e357,0.0731981869334167
70c464af7e1cea4a,0.06374335729915599
54c64f47d761f86d,0.7276061269146608
333dcb05411a601b,0.3115048452641451
11861d1571dcc3a1,0.16903157236636446
20e00d08f625d409,0.6380318849640513
8574c4f5b2db8c92,0.7951981869334167
95feb433faa8520b,0.924140356361363
1dd496796a5dadff,0.3586133166614567
c1c248e8483e9ef8,0.31450922163176
5e0dc0f0f0ea48f3,0.2815423569865583
7ecca4d6c9eac123,0.3828030634573305
58dbf7650b2286e5,0.13365989371678647
4c62224901fd183c,0.5716623944982807
affa636fe0cafb15,0.8824835886214442
c9f2c416d003a925,0.11584463894967176
c19024a709757f11,0.5639465457955611
d3444b15af3a9536,0.6207608627696155
2f54cc2167b0cfdb,0.2635417317911848
d974c7d47092679a,0.037881525476711475
1f04a25da2b17ee9,0.8088790246952173
f133299dc49c2bf2,0.14094060643951237
9542ec8d29575b20,0.8746930290715849
6e476b773a15e2f7,0.19834635823694902
c468f0fe05876276,0.21774335729915598
1bdf15bc47508221,0.6387408565176618
687b1d6eaf1bb287,0.7610221944357611
fc8590ee9d55c5db,0.2021666145670522
a4379a3efec7361a,0.03953547983744919
30a2e56d4d608b28,0.6018196311347296
4b400d52635e28ff,0.9478227571115974
992d4d4846551047,0.8597411691153486
b91c089133d42f62,0.47123288527664897
c98879c523da912b,0.16830134417005316
7c8f510d8af822b4,0.7284773366677086
9d674a6212b3431c,0.14270365739293528
d3da05b2f284cb87,0.3114363863707408
853ab873686c227e,0.7969477961863083
ee0d55e13012503e,0.1254507658643326
fed761caa06202e1,0.22446076899030948
7750406f980f78c8,0.6704551422319476
e8770d9a28fdaeaf,0.9400615817442952
4025856444b9ab51,0.13122600812753987
1d0cc87631f52974,0.9846720850265709
f87d2af1aa151b69,0.5071853704282588
e2746f6359714da0,0.3187342919662395
6b20c519964ca8fe,0.2500909659268522
ac0ef70a6dbe1ce0,0.07424007502344483
29219b6baa3ffa60,0.6010171928727727
ef5245dc0733939e,0.43510346983432313
26d625d3997169dc,0.12702250703344797
ff9580c0b2b1a370,0.7923923100969053
bdad383d41eac454,0.007012503907471084
a6bebd6247dce4a2,0.9080356361362925
846ab5063b60d099,0.9594523288527665
1e342d4cd0cd2bac,0.529180994060644
b111d554bd56dcf7,0.5611450453266645
9ddbb649643fc0ee,0.8475970615817443
0dc9c8998b42da67,0.8806055017192872
80444594c0d4b5b8,0.40639356048765235
9bf8b2752ad4d752,0.9258683963738669
794812675f553fb1,0.6625908096280088
c60c7cf09844c202,0.6135429821819319
06559b4012a85953,0.1904016880275086
dde7362e34a81ac2,0.4829749921850578
fa1ccff8a7481b47,0.9026920912785246
89c1eb286bad23b4,0.05886151922475774
b389067306356b78,0.559343544857768
a4328554fc4a45e3,0.5425239137230385
fe2ff0422ecd1440,0.43599374804626445
e1f0e9e0dd1f6a8e,0.6489477961863082
e431bdc8db1622e3,0.5175311034698342
54d5ddd4fde3db7e,0.11990590809628009
d6a2262fc314d2a8,0.529253829321663
e7039d9ed0ec0c39,0.1796833385432948
357fb25344e0d8ef,0.4291634885901845
8479ceedf945cd0b,0.5099878086902156
30e12f447d932d19,0.671914348233823
a33acfadc007c5d3,0.8511778680837763
32b72fee7f2bc37f,0.3095598624570178
e2ef0cf7c0138e95,0.8434848390121914
c53a5098d3feab43,0.7980068771491091
2d1a504956a9bc59,0.06269115348546422
5b9d63bb61f11842,0.23758424507658643
f8fbcd4440a074e6,0.667861206627071
c18b0ab8490d1c66,0.40947077211628635
18cc6b0ca558d790,0.8985639262269458
c78d6d8adb708879,0.128158487027196
928fe114a90feded,0.6785698655829948
806b11fae1f6bd45,0.3423488590184433
ac8d5b4456a25f98,0.31030759612378866
0de3b4e998fb61e4,0.08404282588308845
0344ee3e70daaee8,0.6881140981556737
9459a694f708e7cc,0.05861362925914349
f8f24bc3cf3562cb,0.3753673022819631
fca0d01a476eb58c,0.41323194748358866
ef25fb3354e1c732,0.6828524538918412
83ce56a22c714f81,0.8745407939981246
781864846ec190fd,0.30393341669271645
99c27791616e6a14,0.619970615817443
f00a56545441ae1e,0.276478274460769
160c77c56d0bc3b3,0.1034548296342607
6bc7f7e6a8dbe398,0.3962757111597375
565c31dc34339cb6,0.8503341669271647
d47a57dc58d8cfca,0.526068771491091
7d91fd093f331634,0.8686533291653642
a33fd6143896a064,0.05806251953735543
af6776fae916125c,0.8677946233197874
eb63791dfd566fd7,0.7677880587683651
fd94632e98a57fd7,0.7322972804001251
7afa48755b2905cd,0.9334460768990309
cbfe89a23b516339,0.6514388871522351
bc9eb4d602b27458,0.3658690215692404
fb8b7e3482eaa33f,0.5066777117849328
0d172dce11eeef53,0.2594076273835574
6cb7efe2f15a8b1f,0.3740837761800563
0b234c8955fa5560,0.2336623944982807
1564bc14da2389b8,0.8432453891841201
11d440c4ffeb2e60,0.38335010940919034
fa46240b99291663,0.7998512035010942
52eb5978e0a48397,0.9582457017818069
bb2cb3fc47f785b4,0.8184460768990309
bd402ae2e81bc456,0.24566020631447327
5b2c73c3c2fab67b,0.018732728977805563
558785e2cd64bd4e,0.7813304157549235
d8d0cdd0e630be6e,0.99086808377618
54a5cf67504e37cf,0.6075142231947483
b7225c4787addde6,0.25083651140981555
2e444cb3f4217098,0.20795029696780243
ae6ea7b6c44fe6f5,0.7381656767739918
8917e3ac1e161b77,0.4364954673335418
ca8e1b8f4b045be2,0.9219678024382618
b16a002c43cda488,0.8508812128790247
38988311c0c8e2b7,0.8040906533291654
40ac9a289f991b8c,0.5274029384182558
83dbe87c0f3ff118,0.6130737730540794
d8412746401ef6ff,0.135734917161613
95a1b17435300c3e,0.6079365426695842
9576e0a63d76b324,0.3217611753673023
8e43c1faf8514a42,0.014669584245076585
64462847893bb0c3,0.8562957174116912
2e8d60596fe0288d,0.13037793060331349
e3064eb18f25f417,0.8920156298843389
5c24da1b9f2ac392,0.05955079712410128
ad26aaf8f4bdaf41,0.4565389184120038
a21097bbd8645f25,0.08400250078149421
cffe1ff942479449,0.07739481087839949
39170ff154aa8058,0.6987439824945294
0e2b77f6fe4d94af,0.7687199124726476
4fb4ed274c87cfd9,0.23379024695217251
dbe218b606bf3cff,0.5663360425132855
b1ff3f405ab15e62,0.41360800250078156
b77bd0eb977bfde6,0.03781806814629572
c65c01d13c9051fb,0.8320256330103157
9f7d2bd32579e9b3,0.36593529227883714
1d42bbb95380256d,0.7464507658643325
799c5bdb519f3962,0.5898290090653329
af54b26cbb15ae3e,0.46286777117849326
9ce958c47b1e7d3c,0.6511653641763051
d39bba0520b226fe,0.5149484213816818
c4923735c16e8881,0.04111034698343232
43506b20fd8ac430,0.2804463894967177
685b0ab35ff084e8,0.8484923413566738
03212fcbf4fcc22d,0.8156130040637699
7aff26a87411e8ee,0.7686642700844013
9af789cec1453f89,0.04434323226008127
41f2ebd04afb728d,0.7499055954985934
a3a3009c55baa210,0.9807655517349172
688382bd40810598,0.4639306033135355
42cce10beb6c55b1,0.22573054079399815
59fe211f9aa2b83d,0.749866833385433
86466c925086fe3c,0.854401062832135
cd36f54626e83a21,0.21246795873710536
ded728c05e20539a,0.8281616130040637
0c7fd3a164040b3f,0.8336636448890279
614f526f552a972f,0.10461519224757737
cf076cf42abbd2a6,0.18978243201000314
e20135d1136fb289,0.27628040012503907
2b40340f15b07950,0.887662081900594
92ea7f3ec80af25f,0.8424835886214441
1de6db095fe81c3a,0.7979871834948422
e13432ce761076fd,0.46525945608002495
ae126eb3da41487a,0.19741981869334166
05436df37c119ff6,0.6192638324476398
b9203ce854a26300,0.4446276961550485
e39f8336b7fa1f6e,0.799224445139106
2d031b0318ea5a02,0.45042794623319793
54304b5c419290ad,0.16101688027508596
e9b3e8a0a4077e28,0.09725695529853079
1dced917867d765e,0.7686664582682088
c004a070a93054de,0.9069974992185057
3fa194a91f4562c5,0.3852350734604564
76d5a2300ca56933,0.14811347296030006
993bd3c445b80c92,0.5198940293841825
16eff5adf0cf07a9,0.9780600187558612
19f4c91cd1038cc8,0.19172678962175682
4ace42dbd199d1b2,0.3743641763050954
8232534ba45ef07e,0.5579990622069396
a2eb06ecbdb56bd2,0.12886620819005937
e33ca091fb503e03,0.5896852141294155
8b65603997a5d0ae,0.18639231009690527
c4702fc1a3b838e1,0.4019474835886214
0a2ca915437c9a04,0.09132197561738042
6e4d60a1e5913350,0.14526195686151921
0eb4def034c0e542,0.9271241012816507
0dc7bc6ce45f37c8,0.09808096280087528
69c1bc9b1691880f,0.6458458893404189
249619e3bba248c5,0.5251919349796812
8a0925f386616243,0.4688893404188809
c609c9019d1d7b32,0.7826852141294156
dea132cdd56b9c8f,0.8906414504532667
24c6ff18b883edd2,0.9687489840575181
06ea151cc4ea5974,0.12354266958424508
dde1072c2340c07c,0.11041856830259456
bf6234d11406ea49,0.33134979681150367
610c0fee53d0cf9e,0.8719706158174428
fc0691273040fddb,0.8004663957486714
46bbaf2bcdf5a362,0.5161406689590498
6f4198d004803569,0.3833913723038449
3f726ca9a49e022b,0.21368365114098153
2263ab08ec01d546,0.2123494842138168
dc2a61d22023b42b,0.9707299155986244
9cb03c429bd54976,0.04133135354798374
d3d5427c6c9640bd,0.9337145983119726
a356aac05b7d44bf,0.20231134729603
2c28820cf1ae8254,0.7876895904970304
cf49994228b74e3d,0.39553204126289465
ea984ee0501b30dd,0.47688527664895286
3639d96562366ada,0.14538574554548298
007d989968211b0c,0.3868621444201312
47b004a1df7ac9c9,0.5384954673335417
f09cbcb79049a436,0.8609834323226009
d3e17fc998bf6787,0.5496611441075336
0c6c8663f624c58e,0.12634604563926227
52720efef03dc54f,0.9329506095654894
c6a5cca33f57da61,0.2703566739606127
b1208369a0074122,0.28466208190059394
b0563e971ad0dbda,0.03389246639574867
a0bb9373f1dff1b6,0.7788777743044701
607b5d747f350fa9,0.8475142231947483
8945214e2c9cda71,0.8818468271334792
7fdea294906af44c,0.8339456080025007
1f3c2f31d844d10a,0.16606595811191
248eb5a4a5179bb0,0.9569043451078462
f7522ca250fc8477,0.43100500156298843
3ac3d9675fc09e64,0.614195060956549
b65116a131be84cf,0.8723354173179119
7cba939dfaa4fb1c,0.9445304782744608
4e484a321de70373,0.6755182869646765
48c00464ee810da7,0.761434823382307
11c760a8108e0ab5,0.898473898093154
4ece5849758d2bbf,0.41342450765864347
2d34cfaba66dade6,0.8892163175992498
597b3aa023ec1731,0.08596030009377931
65e095698c6b2018,0.742050328227571
d4685373bfa64d8c,0.12010659581119099
b2a24aac339b046a,0.5232925914348234
d018e1502c830522,0.7618412003751172
b4a5d705266bfd48,0.37318130665833077
1bc1ad21db736edf,0.378887777430447
3584862144963b16,0.35778868396373864
64acc3b4a0341a38,0.09172428884026257
ae1b7c2913418b6f,0.01778774617067834
5ff184c18b029b7c,0.17994216942794622
d407cc2c1f68ef5b,0.9015967489840575
10610f40d2c4beb2,0.09681869334166927
a8e72b280bf38b81,0.3834882775867458
4802ee9701571a2d,0.9534551422319475
c0ba503ad79cb130,0.9938733979368553
a428e18a2571696e,0.5776201938105658
d973ea3bf88a0f3e,0.7689184120037512
cca48a6fecdefbfd,0.5100740856517662
387eb4b1c9690ed5,0.17442513285401684
f9b045f246df515e,0.852848390121913
b8aa274fe0062de8,0.9543463582369489
9d67fee3adf9e1fb,0.7817618005626759
3196cf2ddaa8893c,0.7562913410440762
c6cb67394ff79930,0.6260368865270397
b713b9f13a1a825f,0.5770750234448264
0c55301e8a9a0e8b,0.8979427946233198
06cf6a66edc51d64,0.8783613629259143
73877568d5adcb7f,0.144201938105658
6e713b6c6d9ff701,0.7350353235386058
35b98290788b0e15,0.8958818380743984
c1699d21d21f249c,0.37158549546733355
4d4b1f0d9defbbe6,0.9329399812441388
c1eb4bc9fb4e0c7f,0.5881894341981869
ac64ea4bb93cb2ae,0.8008896530165677
a6c0198d0ade9eda,0.8913082213191623
4ee5d36590d4f29e,0.518953735542357
39d7718a5529cc62,0.02808190059393561
4f6e36e222d122b1,0.39209502969678023
f7b65c4533428cbf,0.8581244138793374
32839e57f8e1ec72,0.5402453891841199
0a631a26c3a1a8ef,0.8231944357611753
42ae365efff05b84,0.337824632697718
aaf16c83ac07884a,0.6993632385120351
e3fe57ec38bc0cae,0.36121850578305725
a269d748b94103bf,0.3815426695842451
29320c0461eae48c,0.09624882775867459
98b75056b390e87d,0.8326783369803064
a18aa53890bd84ac,0.7074016880275086
fc5a2a2354cb11ed,0.16991684901531728
912408725cfa628f,0.5275698655829946
6453b1a068b68ddb,0.740750234448265
d95e854d614ff5a3,0.6546011253516724
85a79337144b2a84,0.3861997499218506
b5e18d3eb66f6250,0.029219130978430756
3b90fc3f1087e3d5,0.14237886839637387
36f89bae0e5df26e,0.6651553610503282
7de9a21c9a6df7bc,0.9193610503282276
4ad662d48155a76d,0.6612035010940919
1016d05cc8d07dfe,0.6283063457330416
b0a028857d9a81dd,0.45631353547983744
c7da65ddda5ab002,0.7701197249140357
8faf1048140782ab,0.4629115348546422
d0f1cbe5f5c2cc97,0.825699906220694
766a85256e2db000,0.10441356673960614
83f8495a5ff0fc2d,0.09381119099718663
a57ac84facc6651c,0.9186395748671459
3e18333d2d1812a0,0.13679868708971554
2e2c93c0b28242d7,0.8330234448265081
290025e556e7a964,0.3334026258205689
34abf7197c7817bf,0.5083876211316036
4c990af23095a8ad,0.8821988121287903
b30f0e7ab6ef02e6,0.6993432322600812
955f054ef8ac2a98,0.9841784932791497
efdde8377abe8fe4,0.6350931541106595
cbfaa9b940f4c2cf,0.7252147546108157
51e64153531937a9,0.8400640825257893
3b7b80317148399b,0.8127211628633948
b1de8383db45dfc8,0.5071828696467646
0d3f9429ecf4d4c2,0.07661019068458894
c4499c39e29ecf53,0.4439862457017818
7800f7a3f936332b,0.05826945920600187
b837532e3fdf4a50,0.35293529227883713
c681da0099cefd6a,0.25771272272585183
c7acb3b5705e68f2,0.15548296342607063
7072f5cd32c791ed,0.9299912472647701
00b5216b2f2dfa33,0.999
b2ae02f82d15b4ad,0.6263301031572366
5ddd4c1db54b9114,0.3205892466395749
3e6fa59b53549aa5,0.42769646764613944
6b853eda68180bf6,0.684587683651141
0ee247af650122c3,0.9475320412628946
9e2c6c5193f21067,0.21504095029696785
6cb5b3e20565dfc2,0.8871950609565489
dedaeeed301662dc,0.20355017192872774
7244a91f3ecd611f,0.08391184745232885
d5447b494619e05f,0.5671362925914347
d114e64d8dfca5ca,0.14333510472022506
762e061721ae89c2,0.04351703657392936
0359613691f7c01f,0.41161175367302283
ca90a47bd789f6fd,0.6249893716786497
b43584123f43b018,0.3274748358862144
0770e000ee552df7,0.8661638011878713
b396a1df0d592f4f,0.24800906533291653
51ffd9a173cdec87,0.9342769615504845
38e628d583de2dcc,0.23426039387308534
5e444909efb4f076,0.5112813379180994
147047e5cda600ea,0.7450165676773992
02f5e786b6ca732f,0.2704901531728665
b29abac474eba51d,0.9642475773679273
14f09256775b5595,0.7505554860894029
4132a178395f2d42,0.7256117536730229
3ecf5a5ba7668082,0.19824007502344482
f7b8ef9f4baa3954,0.9365314160675212
344ae6cefc6e5e28,0.055274148171303536
9f8993a4d3fd8c66,0.5605582994685838
02fb2d64b2963430,0.6130315723663644
cc3e88fc10db73fd,0.7637117849327915
e1b25ee0d1bded29,0.8155836198812129
6811aeda7c48195f,0.5884732728977806
2caefea2089d3348,0.8851706783369804
06624c42e6f173c4,0.9809471709909348
18d0862452891d30,0.7472166301969365
aeff78b9acbf4d71,0.38030572053766803
3c4fb720d11f542d,0.16475085964363864
ccf649ea4bfee844,0.3620634573304158
72bca5a449e85cd9,0.08780650203188496
fd6a74697a1a9ec1,0.07587433572991559
a629bcd8e7727428,0.22611816192560177
4234c32600399d7b,0.909263519849953
dbf0f354d6059039,0.17252578930915913
3807b180f301e7e0,0.6402113160362615
5cff8cd0dc4c326d,0.28127633635511096
a28550e03a14c9e2,0.8424398249452953
244915cbbfabaa93,0.06861112847764927
f5d28c37e1483258,0.33045170365739296
625d0351dedf957b,0.6213751172241326
daa98d98f6971d07,0.4045639262269459
aac141e3478df5f8,0.4463100969052829
6e2d6b44bfbd409b,0.7387217880587683
34a46acb36dc8ef8,0.25905876836511416
f709bf78e6f0fe9a,0.3816123788683964
573ce0864f1f1a1e,0.21282306970928416
d6421a369f95b35a,0.44582463269771805
6c74b5b293b1b97b,0.13429978118161925
51cf0713d5fbc070,0.6238777743044701
062ba7304652bc27,0.3018236949046577
930853397c388814,0.016487652391372305
2e48c840c19e48bf,0.5251569240387621
2a51f116e23cffb3,0.7153341669271648
070669d7057f8aa5,0.9551575492341355
967936eb15802a83,0.5056586433260394
83ec0a0ff919a926,0.35273304157549235
a35f4a25719a4b95,0.04996874023132229
e646bad2986e850e,0.6641006564551423
8b488afbcc578dfc,0.5525123476086277
13ea6594c14a4026,0.36985120350109413
d0e536523f93f64c,0.35560206314473275
0e5ca22bcfd8c5db,0.9542288215067208
9fb1e891c08b715f,0.03213816817755548
7199fd0ada65fcc2,0.3158315098468271
2275f9dac244010e,0.0506517661769303
24e5ed05f908296f,0.34426727102219445
6cb602b86bec19a4,0.6920606439512349
9325343b0fd3d676,0.42998468271334794
644e5f81463951ba,0.5684141919349797
37046a2dda9e5889,0.693112222569553
c7df199599dc296d,0.526008440137543
54e463d760c0c6af,0.07346076899030948
9bde8f101bdb4095,0.5217017818068146
bc5c320666ed7ca3,0.06492310096905282
4e44d72109230bfd,0.6687514848390121
235aebae2ca0d45e,0.8281706783369804
55a1d48711c4359f,0.3322425758049391
c1ec685fcc48d91e,0.585319787433573
a51c93906bd78ab7,0.7390131291028448
207c0a6423cf7a33,0.5856036261331665
c7693bad80c482e1,0.6994110659581118
36b92309f6e5618a,0.48869552985307907
26ee6d56130da0fc,0.6905242263207253
587c7d36156381d1,0.15739699906220694
50d432d2b52052b2,0.6659124726477024
b738afb14f60d587,0.9237783682400751
1157c08c11e901e9,0.8394341981869333
cfaea6958357ef1d,0.3897221006564552
d8b3ec80ec080d08,0.7689474835886214
809c8f80468b1337,0.5289121600500156
1bdded460bb636a5,0.8603704282588308
96cc52a1a3f13e6b,0.29976555173491715
c97a25af08369f73,0.09450453266645825
0de5d7bc5b46bdc6,0.3808884026258206
c6eca151f8576037,0.40174523288527664
7ef7f606745e05ec,0.0500684588934042
c5ea9ba7fa065f8d,0.9977736792747731
63142c0d75cf9aa4,0.07759112222569553
c396e609d01a9bcc,0.08250703344795249
7c9db70c27860a32,0.6466205064082526
8dd4bb6eda603b43,0.3683769928102532
d5eb724b5ea43bba,0.9431553610503282
e7e9bc7d5e2e5674,0.6507999374804627
24b3176d5020b612,0.7652688340106284
6fed295aff782896,0.9980697092841513
12d17a3ef6b47faa,0.8915001562988436
2c550aa9cd671368,0.07264989059080962
df00e28247baf9ff,0.6517361675523601
9449a45c9d7b914f,0.2701125351672398
9a8393310d9b352a,0.4527964989059081
e1b1b6a194b4b1d6,0.3068721475461082
7097d3e397e94525,0.2808290090653329
e3d1f895e94e8bbf,0.6902872772741482
6c46ce4b2303ecb9,0.45998968427633635
999760aff655cfad,0.08081244138793373
6d526f4593563124,0.4175342294467021
467801b5de42246d,0.6511084713973117
81c9cccf75c1503c,0.15382400750234448
bd1aa64c7a5dcc06,0.1218605814316974
df1a75c489d95957,0.09551047202250704
7e6ebb5b237b817e,0.3331316036261332
1aeecba2c7866fb9,0.6465307908721476
14269028868b89d2,0.28356642700844015
5ec456826b243dcb,0.34977461706783375
e574a546f8e193c1,0.9335604876523913
b0ce65cf243f3ae1,0.729661769302907
8b8e8a00e6e1fdc9,0.2093882463269772
4a87b2b000e87686,0.8163688652703971
1175204fe5f8cb6b,0.33179899968740234
50a79bbfcd719a29,0.6993444826508284
0d8c215cc600c1f5,0.39737230384495154
3ceb989ec05cb0ef,0.8963154110659582
c7ea3f3ae516dbc5,0.06609502969678023
060631dc9f8845f2,0.6401453579243515
4ccc3fe421151149,0.22891278524538916
fd51240f58f2ec0a,0.06102313222882151
9bb25b00d30f4ce0,0.013881525476711473
1e633867010ad35c,0.24369302907158488
90da0c9b099080e2,0.5140656455142232
f3ba8015df41ef05,0.7422966552047514
7006c751c11cdc01,0.5252907158487027
db5b922ab7ac849c,0.22122663332291342
8ed9c5e3ceb94d30,0.4668577680525164
32bc573af0d063e6,0.22790528290090653
b6f5ace9b32140b2,0.8219406064395125
2acea7857a236b62,0.4912319474835886
2dd5886a7dff0caf,0.5990631447327289
cec7e9631578eacf,0.9543413566739607
aa1276a52bb96bae,0.9213741794310722
f90658bc8d521271,0.7448458893404188
8b65638e31a74f80,0.4724904657705533
233d4e0eb18d8449,0.9368343232260079
95e779988eaf54f9,0.5506073773054081
ce033e0586a41f4e,0.31777399187246014
29007abfebc6bd71,0.4397061581744295
37555eedf932eb41,0.40614285714285714
43f0b7fdd64e4d62,0.3441212879024695
48d11190742f10b8,0.9635070334479525
54167e2d347acd9f,0.04673991872460143
adf2b2540dad8766,0.7632253829321664
aa4854b6b5329860,0.999
371dbcc2d3dab4d7,0.49612972804001254
29fd5cd58cb38dfb,0.9827977492966553
276d786a03dacf69,0.3778140043763676
90290aaf619cb77b,0.2018552672710222
80904c6eddcf06db,0.12028446389496719
5232eeb9a1fa8f60,0.7892750859643639
6205daeed9459b81,0.19756142544545172
6b4abc5da4e3aad2,0.780036261331666
ecce281c5f6153c3,0.8361241012816505
926feb1c20abd0b8,0.017090965926852143
64874c60d39dc86d,0.9846583307283525
1868aaf30c77d6e0,0.5686330103157237
52e964be6dd475ed,0.9836239449828073
4404ade20ca8acab,0.8763744920287591
f6bbde7cdf6430cf,0.999
6f9ac9a8227bf174,0.845053454204439
e4afa0c3ef07f2b8,0.3651062832135042
a85d4f04f63f1f8b,0.1608021256642701
7f3411e87c2708d7,0.5384992185057831
5be924d7d731a308,0.39566645826820884
41ea202bf96f7295,0.3568005626758362
e7d3e68c097838d3,0.9663032197561738
c21ded045b04b1d7,0.3795554860894029
a87de56d4f2dc966,0.012425758049390435
b073cc5a7d5d1fc4,0.3136001875586121
cdbbb57088163b02,0.2647914973429196
97a093dfe9e1eb64,0.9347814942169428
68aafe54d00b3081,0.5868099406064395
dca611f4099c1df7,0.24594529540481402
068c9856fb6bfd0f,0.0560218818380744
ccec2927e56ab3d2,0.015095654892153797
f4239e382087c8d0,0.9177943107221007
a37f1921e2ae64c3,0.36867145983119726
abc7d40ccad7d04c,0.068265082838387
7be1ba405f826136,0.9142516411378556
82f1ae3eff7b57d1,0.33197780556423884
64bcb6835fcb93ff,0.9267383557361675
8a7d498479d37ffe,0.6198874648327602
ddd893f6f7c67340,0.13993966864645202
63438b2313c7cb87,0.22668240075023446
