id,label
6403a3f8d07557bc,0.49372874047223403
1b1d097ff5b144e1,0.5111741162064273
08c7c3c71a02ca8a,0.5497241345921071
7f09e9039629a38a,0.5041425806696915
1fecfdee265e685f,0.5158556402435441
2b1b1ab99f54e1a7,0.5033645999582028
f893cdb025b56c89,0.5103131127370043
84466d5fc69b1dd1,0.5194679823063051
e0f419be2a81cbff,0.4916347960172782
d9e55e1259c7c29e,0.5343728039199672
602d7f4b0882ec4b,0.5075435736335014
67f2f87cc129d7da,0.5147412930517133
eec96ea0e1c9f7cf,0.4589374727926412
d85127e773ec4820,0.5130606656729546
9e96822b06b0f7f3,0.4835319475085612
c6489148a3f9498b,0.48240854932834587
ad5ca801b22a4eb2,0.462775504554897
22e01b671e9f12bc,0.4901469952208396
4953dbf3e113fbdc,0.47869735484528364
95397470f084bc6e,0.5398770510908208
ff39045f375a9792,0.478052228370042
893575902a76b6bf,0.47759432418671716
4d9211d2b44f7d9f,0.48480424347001844
8205441451789e41,0.46666733482120826
5ade617aad761daa,0.545341197987055
7d8bd74eaaf831a8,0.5205839159896655
3a4abb16616fb838,0.4735056536934709
6e14ae545a54ec6b,0.5283940758018052
a6d127f7b7a19a79,0.5312860823738974
e29e33c4a6eaf6fb,0.5064186837179303
42b296aec3a400d2,0.48117882055139805
238a42187f0c12de,0.4880075425410001
4c99d80ab952e272,0.5195374731525398
ef909ea8db65784b,0.5219978840505451
53283f9869842cd5,0.5287117310312356
fa99ef0b96b51157,0.5170522578200346
3cdaa31c37582a6d,0.5375783987775979
e007009eea08f15e,0.49593843564493056
e46769b586a6b83b,0.5419874009157388
c77497b63a864028,0.47883506753167704
bceeb0086c625fac,0.46887763693384754
5abf8e5791e5fa94,0.5364662804586882
0b7d89ea3694651f,0.5265091808236596
ce60477eea0a9007,0.5418500523919402
847baeeadbaba41a,0.5045245013151236
aefefeee7da6b616,0.5285306264645672
321cc4b04985f915,0.5056400326934873
590cfafdd102ec19,0.5095698396986919
0a3027ad8dd82438,0.4818685363377184
01e58c9ae88cd390,0.46438544671061444
8f5eb2d903aad722,0.46481311800180747
3f1b90f008fcd5d0,0.5249901907609755
9e55098b34909114,0.5251943009955335
ed3723d6f0b305ec,0.5025392086318288
e1d77367315c8c64,0.47964178409400726
b97a34687794c3cc,0.4682003956495646
2d9a8bda25c031b1,0.46444491968531054
367427e76fbb967a,0.5140393766565131
2d1de7cf3363aa2c,0.48031210127783114
d69cf5bc1f0112f9,0.45555178871442037
2a75c552e6a0103c,0.5495368384729798
943114c642b7e30a,0.5021579606472613
5f4258edf6c1b382,0.4695749128300981
ff0a817eba03cc6b,0.5278442650913584
c77fe2a4fb942f02,0.5193639959008768
df587d726667a5fb,0.5402700005733896
8c09d6fdeb48dfe5,0.4808391828288092
564e16bfb829c7a8,0.4661562024360879
e592482dff2b62bb,0.46655047177669867
33319a7020313788,0.5059253556528279
4700a73d634e28f5,0.5317160276727297
e5d9aee597bb4052,0.48338820806901583
b93533776029ab4e,0.5353383726798043
e9274894e7ca5d48,0.45809456262128817
37e126228f093cb2,0.4836460051259361
ee5e8daf19a62436,0.5397294815789669
5c2af7cb33fcb9b8,0.4939479420559252
dd6cf914fd458758,0.470058229916578
7943edf1ba3d08c4,0.47484611646486874
50dccf68b6d84c9a,0.49074673762594967
71b1d024ea8e0791,0.48886171354016095
a8ccfbc903739855,0.4514741292896002
bbf9130a10bb2e61,0.4702705891859219
41a2cd1fb3af1f62,0.5136806944614192
e5b00c5e94bb1efc,0.4926055904438533
8a2951b875e32f95,0.4647503363416944
4b4241c32f2ae2c3,0.4886621218674617
8beed49416c057b7,0.4928958364534344
1cc185c7cde5f29e,0.5420507950068199
635d0e269bd151c8,0.4556768960053502
9eb98f9a7202dfe8,0.47265592675029244
c224615f7e3ecda9,0.48753542304299347
f93a14286735bede,0.47057387880013796
c118092c44e808f2,0.519286693971957
0972b7359cd12fb8,0.4596343283066998
22318b12ec6eb14f,0.5298796606371157
9c92d4068021c258,0.5283029003076815
053aaf6bcba9464c,0.5015630193004589
966f0341c7d1f5bb,0.4880728181753814
624826d8d4f7d476,0.47593548429774424
250e83ae550b1992,0.5435297073553883
9ff420d30b835836,0.5333674284908309
f74cb9754e9ea82c,0.4993847307659387
8ab5a2752e698725,0.49581587418795114
56957aca1f34dcea,0.519083897532006
a6c0cf21bf0a1be2,0.46242915487325303
427e6266110ac72a,0.5394670245714317
7b84fe626f3ebccc,0.5165348093232455
6abd9ee5808aa267,0.4817303513477543
15aaf86082111e4c,0.5117687380420611
afb1bcdc94b9bce3,0.4504051408618842
93a337e7b4fedfd4,0.5000630243938817
cddee4f1517d9dd4,0.49114481711419444
755140c7bd8e7223,0.4953099256287797
0ae88cec371ee0f0,0.4788126413074731
08a9f02754051fc8,0.5314666645288197
4bab179b9218d454,0.49929012664417377
2af9aad0b831d3ec,0.4663655200442494
7d330fd87e35ee09,0.5159441553462627
d79f0de699294b3b,0.5218001332011845
652a8c0826eb2609,0.50536738231412
2ae2ef63a2565c3d,0.5138507735191566
1bcffad3764f7c4a,0.48113480743806214
707e78f41fd82174,0.4788054102751603
e4824a55ce76b702,0.4575841703386122
993182bb80730c31,0.503008617733083
dd67c105d030f636,0.5318569489241626
3dc4dceeeecb58eb,0.519882946374709
90a67d119116b976,0.5326884165771572
a483f8d40e026f5d,0.4603127394912532
3d24648e710fafb4,0.4726266483539459
9104c44e8910b122,0.46888594126620475
47b77ad7aec9f1dd,0.4812783544757877
a66cc4155a0edaca,0.5240363376482978
1f4dcc29503e1a4d,0.5143899981774928
0a295834d6044914,0.4989451540650235
bdce8615df21ee2f,0.4621529309162049
694b4d3b1ed04c61,0.4579810030728
ffd75ff5c92f624d,0.5207556067352657
717e992041e77d9a,0.5032339591089516
eb5157274916100f,0.521886282714053
b77c5c610fc74da8,0.46482750602671097
41d2ba14e653bbad,0.5236438208564549
f2b612c9be07aabe,0.5081841861433045
3451e892c310a998,0.49532695490533546
2ab24c04722d8bf6,0.48644764399471635
38ded7c17115e7e6,0.5132585489067503
afed8219aa70efeb,0.5037996099770958
1e9c4d7d2de01fba,0.5174940955002583
c1bda90e9a3b9ec3,0.4916402081115182
d406fda410e7c177,0.5306157269071397
f49753bbcfabdaff,0.4976130337786674
4daee2e232e58a56,0.5345276371634972
858a9c1611f558cb,0.4839397911877811
05b0a9e8b1444d99,0.49821406628334286
8b2ac5da79a42e4a,0.5280758862325593
222fc0675ea28b67,0.4826959014237101
77cb5f88dff15921,0.5053555660975665
947d5752d88dc00c,0.5419055634411717
309a531dddebb471,0.5234952031963309
7e5f9d7d0cdf5a81,0.4819645517934802
6dfe2ff41e67b01d,0.48990541715779373
9a51f7696f388499,0.5060471164278506
9c5cb5a9b9b2b4cb,0.5284081842025938
bc7e89abddb2aa54,0.5478464511192015
5d3eff0bafcd186f,0.5159231875273719
d592e9d5579075d5,0.46665369744206564
475f765f9fa22959,0.5380694211776902
71d36204d6040aaa,0.518634681045083
78119b8ffb9aa8ab,0.5023153774935345
09d1e9b9b858fe18,0.5181384022086319
ba5f5f59e3b0b755,0.5168740352189476
3b7344f40bf64734,0.4975563100217916
1f72c876a5e3738a,0.515704781377972
86262f7438a90d1d,0.50001170059752
3f6e10ed3e6a6303,0.5517613606132595
ada42e94aae1a58f,0.5177750398366187
b5320e4cd134414b,0.510306564809472
ef83ac91e80ddd9d,0.4920722257479232
b8a457f0c9f14bef,0.4938325130327381
74947cda3decdbb1,0.49376261822597284
a39392c735bde1ac,0.49102715573563865
afb321701a74d5b0,0.47685585465402336
df401b9701e04299,0.4704010337258824
c9b67772b4c4f44b,0.529667471078838
b5665177cd7b6c5d,0.4618378945150269
1d621e5fa6b0c45f,0.476472762802403
2d595ec6f4c2524c,0.48369085666260053
6a96a53512d24696,0.4837809799638789
b3a68808640b25da,0.48452609808947184
cd9f2b2346e70af7,0.4699811290133351
d78d162e0d903e67,0.5333399155036309
512b0444982361f4,0.5458088089283853
36f4f9a58e05409e,0.47816437111750143
e4b4fc878504822b,0.4929101402414876
d2c6c32ea3387653,0.46782383975627573
62d5596d1fe892ad,0.5426225678812927
8756eb85074bbf32,0.4596019061270713
9120f37fb674d8d5,0.4948702639369406
ad529a51765d4ec3,0.472037736176758
f5e98c69a45e4a76,0.519910717930239
4e8ecc5a6ef67336,0.5020174653581633
e26f37d892f837e3,0.5204626644198218
377bd33e8a9d5e7b,0.4795726348361526
7277e822016a05a5,0.5044487141962049
94fed9a4092a19bd,0.5018045151797907
28d304cf97ca614c,0.5154351470281479
5a5195df47e373d6,0.4646654927707868
ebc9acfa1d364336,0.47051152307151123
5d76c6de5ee62843,0.5043784949836493
511d1dd15e99184d,0.5353265026978199
b6d744f202fb4a14,0.5293143648346993
43c3e8abee7ceeda,0.5056092152333985
41afcd725afd0bb9,0.5144341431439844
bd4f0c1a61da90cc,0.5450958383317625
ac5e8e6812e3a526,0.49293863677000804
61843635f4d407cc,0.5484668315629257
d643d4e6d84db59f,0.5122728873993165
5c0b8bce49a0a773,0.5442879870741052
7c6020b2e5dae41a,0.5069998365692874
4a6f26c4ccfa8a2a,0.48791756030285544
f5ff436197b8129d,0.5057888367091337
27b8587241bf56d8,0.47971765199132166
a198a7b963854e6e,0.47726211309278976
8661667952751501,0.5350644677417207
282a1321ef8c1306,0.4992278465868093
db3dd0b21b03ce9e,0.5198339004728921
3bdc9a83d65a78f8,0.5106761747547399
2983651d59dfaedd,0.5391273740707269
ba2be23d69668658,0.46925047173213985
89d58eb00d13e4fd,0.49020689890167735
d2caeec36f4769a6,0.4866759984763801
dc23c7fae5f57288,0.5067494254416323
c6e284593c89d176,0.5178610528279317
523464c4f48eb02d,0.5477484469114722
cc7624fbfc77736e,0.534187238292962
6b0c371df7cfc676,0.5070868301781728
986e8a5497d243a9,0.551129553850044
0880ed3a1a77013a,0.5048566337866195
791d60ceeffd7ccc,0.5362707014811567
1fb2b452cb819b3a,0.5262001100819805
6e683e5731d8aac7,0.5267607574436834
d752f92de2b858c1,0.4745577512685081
91654f6c88bcc480,0.4733643929684911
308caeebcc6bc059,0.48818040592210044
0a092e2b8c9c06c5,0.5113507769844666
e29749c7cbb0ef48,0.4711626983428406
02521319f8872bf9,0.4830417706886393
f699494da66c4efe,0.5018950537184239
060f874ec99eadc4,0.5038906176419089
1a2ea8a74fd54c2b,0.5110397588551717
a98b83e132c75465,0.4761207624411332
0fe8ca7c247fab07,0.520947052317904
c8d9bcea59632f23,0.5023736483141857
0ab0d9c2a040f32e,0.47588835802678775
a03fc647d8141fd3,0.5244161987582664
1036e1cd53a850ec,0.4856608242820046
519d3f96c9895253,0.4667474245696494
28df6bdb66f8e09b,0.5433881674861584
89713786047cfd0e,0.5034653005300646
6389830954a0227d,0.5081983162099919
8a5f2d2c5004dead,0.46587343822934557
19d4cd44aecb29c7,0.4945770655141879
2ed9718fa269e456,0.5021917168957875
31d0832c9b203b46,0.4898940342352245
e21b68ce26bfc500,0.5096301766255276
cf8783ddc0b9bf95,0.4515226247727008
fcd44919c1b3f412,0.5293456731348534
c6e50665e7bf8738,0.49908857727019174
ce0179fa676d128e,0.5355968907199814
423e064e247fe04c,0.5289863010654567
0ebb4ab2c338fde0,0.5069412718142653
37337cc831e40a2d,0.5117331655392781
04eb53517170d936,0.5143607292584775
dac684a7b8635061,0.5038883634972473
a2f354d17d1431d3,0.5261061431042242
8a42e6579214e167,0.4914344875430018
c35d24cd26008161,0.5106883556788775
077789ab8d103e29,0.5105461821172382
5deb9f3705c67be7,0.49884490528936437
dc531f502bccc4fd,0.5136355729116476
ab4b4d6c12291a2a,0.49022539406258303
47b284804faf97e4,0.5096191679324327
d46bd1fa92be695e,0.46589011953531845
11c536ec56a47156,0.47555006204407935
d5bd7d0c4a297748,0.44616592252062626
d30e6ef239a13f14,0.5236107313150413
8be010237b513256,0.5314874182594262
e3ed18d3d53d8aed,0.4934834209919139
a9f5c2f8c5922e10,0.5291718297120183
05a75c012be2ab6b,0.5385948103789482
a068617fc089ad48,0.49709349666317637
687932e8fcf71376,0.4747551730950932
fedeffd4ef29f976,0.46477309741903206
5d3e23d9b2256c27,0.47824431306413495
c6544d7502deea99,0.488330236759451
096cba9bc78d7637,0.511389516029837
76b587348b5c4d59,0.5203552440156933
62185555ed060f0b,0.5244609237956958
b538966eb4ce164f,0.4598388721711476
8dfc12a6712b0903,0.5191031085107658
3ab52adc4b1c1768,0.4810361182506516
463847f9a1f414b6,0.5235526819520275
e93e14d11fc793e7,0.46145446744009133
2cd7ea4ff0b97ed6,0.49129889288417194
3cf1ec0a8c671d61,0.46162291492642205
e39df281ee7e153e,0.45575202628180717
272a6816ce2c7c9d,0.48910943823003106
f56230f889018c95,0.5072627838376224
4119f28f6d4d40eb,0.5109136558857679
3e744e15c1c6600a,0.5262494635189098
7975b8ce43d7163f,0.49744970062699734
76519a1ae0dba3b0,0.5174775481314257
6f6aca7dc35afbbe,0.4959811298119674
658aa810bdae773d,0.5416969581170024
41c3618b9180e8e2,0.49090631951626096
7cd53693b2b3a4b3,0.47965857237899767
a450a4bce9f2cac2,0.530741237130318
05bd9ec45ff54b8b,0.47560930241799015
0d67ef8a9dd3249f,0.5024821765377808
514cfc846a144390,0.5125995187273631
2856a2a0114ba55e,0.5371357471745752
ebe02c0b1c116ac9,0.46399829864693776
cc31cb4421bd54a5,0.4977833487585406
d63593c7bd5f72a9,0.5289983243197083
962b8c33b5be069b,0.4831766093786356
40e508ceed1116f3,0.4943455596468116
668eca9c4cdf1507,0.5004656499745183
c15735bac7d4e6bd,0.4784033192948375
09d2cd5ccb05a325,0.4920514513488512
71ed58a8f5d479e3,0.5206098924049927
56fd1ce474cc243a,0.5412598179779512
4c4fc4fe6dea340b,0.542699031472574
68fcea284ddff8ff,0.5258250555556208
8913329e85f873f7,0.4967551271617422
7a210b4ff6c29678,0.5230719350903438
91bd2a01c0384263,0.5352741994115682
14e4e31c9bd8d90b,0.4775619745386638
410f92d0f317cc8e,0.5130601108052054
780cd523f303a8ba,0.48478572631073613
77ae2af1842fa5b4,0.48418564363001904
eebeb3dc997eab87,0.5133370033374113
fa6c4d5205fdd5db,0.5395166748973285
f1798e22aeb3b385,0.5446393915426069
8af0df5286089649,0.5161583317061996
6e224e4033db63b7,0.46436685955618573
b8624ae03bb7e7d7,0.4467907902287369
52ca2f9cf118011b,0.5466614670952741
52c5dee14f8320fc,0.5224304061654605
43a4ed5577b3346d,0.5155764771930019
332563e196c7a1ee,0.5456176737086347
cc4b32b77225218c,0.5230550610295079
0b34a503e14e5271,0.5397492440081526
33100c4fe51f7435,0.505089060675779
6de5ffe2b6664d73,0.46901290415002805
ba39076152cb0ee3,0.5115286952552529
aed179ff9c81f4f1,0.45187165323485723
ea1a9bf792fb6a7e,0.47863671376638295
2f06ce2d10fe3866,0.5198700872095643
11855575a4718674,0.49508001354345144
06d39de4f0e13f3b,0.5077727164714497
5fd7c68abce444af,0.5160296120953564
d464bbc0a2f6ec7f,0.537093692807942
86a7d5c47fa116f8,0.4763544117894768
a260e587d0fd3fdc,0.5342603552723634
6c07a18d9f02a585,0.5507251455165736
8fd3d88e27ef7240,0.4706442594529462
80dd9757384d7ae3,0.48565300038007253
00a0f9038422aeb4,0.4971488331204299
dd38ea8c63c0a90b,0.5099119052290384
e23a165731b18098,0.5389631963637407
9bef89bb8b6e707d,0.4703324725252879
db5779805bc9128a,0.53606860214433
13c6185147e496ca,0.5332887210205688
c23ad10e1020a370,0.48903146145000664
cdc252e1304b3741,0.4840780693366545
c9866843a2ca38c5,0.5087223959422822
1193dd7feb2e1c1f,0.4553860449684308
145626c411263ea0,0.49410672541681655
b2bb6e4261a0a280,0.549152996164117
ce6c9830339e8d23,0.5129585097429217
e5a315b7bb844af6,0.5261737661655701
d85cacbda54cea30,0.4871465265436763
ec609eb2e4100b33,0.5129249698688931
0d785515807808bd,0.5210762273067986
6bcfa2aeebd0236f,0.49582098006670705
9ed83fa2f828fbc3,0.48960662558778545
f596ac3c62688ee6,0.5290302968865193
654c4ca75e7a6d56,0.5089638629371764
162146e83243572d,0.5366040646689403
9878dbf0860838fa,0.5139363320030303
332ca627787dd758,0.535007338704686
679ad425e74f2477,0.4870159151718385
df5a276859dd4308,0.526493007845399
e1f7d0ae0443184d,0.5167883056015508
a6434286f4234aba,0.5117547150469367
3351a9314dfcaa5e,0.4743988717015656
e19b22778dcddf3d,0.48372521690332815
a98a59904fcba403,0.5135619560467283
efe47bc01bf23b67,0.49756261456186185
a1a862c811a320f0,0.49852472810954396
bdef7203033a959e,0.5193355896109452
0fa3fd428635e63e,0.4798837467516086
8ed23ba67702fe54,0.5369153404753874
ece14f4f1731d91c,0.5320285306890232
ca20fb73d0c544ac,0.4790599736838188
927bbcf7fa67bfb8,0.5119865001476808
deffe32d78bf8a82,0.5100160617911221
319944ea096b3a65,0.48471935592292303
19bd6f94f36d44a1,0.4976207952913113
6e7447b72d462201,0.47915508518727656
be6959210f99dd41,0.534011166912377
bc1a4abb3dbcab55,0.4843221771993088
41032395ff67eef0,0.532433895790782
2b4004b2678cf0a1,0.49898892434959696
469658e2c6728fd1,0.48267709423752797
e67a54cb89e72744,0.47571166271904364
0a1aa269dba98abf,0.5026048647956246
746e977975fa2166,0.4795261678549687
ca51e1b6ef04fd43,0.4926678421789077
dd96408688197b1f,0.5186563408805304
23b5530f05f1d9e5,0.5307237444242641
da29e21770225527,0.4859516623557173
adb83a06bb93e782,0.47081439192649877
0e4d2b4f26be08db,0.5383379249727358
6ece7a74dc7701ed,0.46843485067045937
e5306d42c50fcc55,0.45697055627061955
4381dd659292aa24,0.4780177676387553
e31ebedf532c25cb,0.49907909154480057
853b98dd483b98b9,0.4835301716589262
2e54b76182ee44e1,0.5258544238820716
338f6834e70af5fa,0.47628597689959895
b5abaa739dbebcbc,0.520907277854393
5a8bb8464a290761,0.5137216456564199
f0e90b285061c449,0.470755206024106
e66581f055ee3b78,0.5301946514682689
0a21004c4d12a011,0.5002833024618636
04cee8b938d82d19,0.46909836941329563
c2eb2ef42ef59006,0.4978178231317
4db76ad147f6dde7,0.49741940272345836
388d2efe55423a29,0.5525583194765007
b9875250f7ce8623,0.5239672824336747
e354d93aaeda004f,0.5372752111620878
39e7b31ad6490a4b,0.5037262388132725
a31878efea02ed42,0.49734859450419583
4db06f2609831909,0.5275158125424533
e23ceacf623bf244,0.5030289758390976
5b30a3dce1e3fc54,0.5337919406670592
9b09b933e5488d29,0.5081334365258254
64f0282d10422cde,0.4871101023938597
d171c9bf0e731793,0.5085558900029262
699a9d5c734b80f3,0.4997368789804301
79281527b5fd74b9,0.4845710499350321
63b9f2af8362641a,0.5220655386150199
8e20990222b8b1d1,0.5028356378030886
cbfad4f1f811ddcf,0.5340062195227049
a6dde1511fe8d47d,0.4902903793615799
54e8815e9966bb51,0.5413963473278578
cda24d31d8c08104,0.5053861093457307
2e41b0e18fd08067,0.47990130995666713
6e8f4f5c6e28c26a,0.5201454963217867
1f4157812e2bb339,0.5138771602635065
c2d3133094dc0fad,0.47039598286706136
e7e2da8351240636,0.47434213298661626
ef2946985749757f,0.473147335249659
ae735efdf3a84f05,0.525459337801169
8a459d7c2b588a93,0.5124691011660911
df0d35696f4b164e,0.5192124429244807
8f745cf8cd93face,0.4850071039239432
7aef10c8e6aae208,0.48855348581137514
706e881832fde05c,0.5437019561872601
03a6674f904defe8,0.48605564364715714
f00500b8110dde92,0.5229882394281852
1475216e327695c5,0.5315550525187617
3fc20688817559fa,0.4793226033398791
70df3ece5d814a70,0.4780297552013435
bcf591e552b3ba82,0.4757778864087383
a04e514a6ca8156d,0.5345058385956881
f83e082f10dc4f9a,0.4551189738819344
21a0898a3f0c502a,0.48269709062825866
c9afe9c2efa6168d,0.48922790429398755
9423152627c5de85,0.5237981150300729
fc5761df1ee97d2a,0.49814170352469556
b51c1517f2b27082,0.48280085542523477
966bd6f4b801db6c,0.5203665139712167
c39f09a3a7ee5d1a,0.5202698656422433
cd4ab667a784a10d,0.551843357094479
053911f801591901,0.5138105383305286
4c12cd87dc745584,0.5221127488897495
f0c4df4801e5dd7b,0.46399226117566117
1cdb9e6374b25c46,0.4587333312126244
55a04d93184e2087,0.5311255067382821
b0259adc08c321ab,0.48952391528700623
3ebefad692cdc413,0.47809927954557385
83d05a33f78392ef,0.49222406238615457
57e746a1c420f866,0.5258131754861912
7086b53e09fe17c0,0.5206499517025802
2cefa5982f1e5321,0.5159522735733127
c4a61e6a8fa1704b,0.5269701517068303
cf3db8bd220d5bdf,0.5248429912900608
75c651d11c0a0337,0.4642574420435859
10dca6cd4d946194,0.5070840557365985
316d771ed9f0b6a1,0.49597305948571413
ef64650ddba7c539,0.4774438165342435
721f58982ee85da8,0.5199129724930683
e8f08bd5b06f41ef,0.4697911685027864
8c2e815ac865660d,0.5294198785129046
8191fefedc6afd32,0.45283815814935896
15c9fc425aed1fd5,0.4900910261200243
52f896a602e74ef9,0.5271229803525693
c8a94bf1f874596b,0.4909561138873089
64024839f91aaea9,0.5351508808649281
23a06e4e391dfcaf,0.4962134569783514
76fc88367fd4b329,0.4781362595845663
e7ffd70d1007bf31,0.4746484117682256
4df67b2b4764df2b,0.5405789109579396
5e23b5ebcc3c7201,0.5371745270975775
97c325c9980b0ab2,0.46883112798505333
3c8bace911db4b05,0.5421903368866838
d3af2a4f1b0513ef,0.5010804726027518
8a66145d22484a10,0.5324924819717707
f501884aa3b0a2bf,0.45706585810219524
21f8710a682b6ca8,0.49925953142664414
67addba46911ef5a,0.527362385882258
cd5a8d124051f2a9,0.5312999166038925
a1acde423d140030,0.4548218672477341
6284cf5236839f36,0.5196803071967587
37f720257a8a7a33,0.5181558125493085
acc257668dc46b34,0.5177893239467847
23424057c8458694,0.4779810843893298
418a7b8fddf172d2,0.5431238129832434
dc356b2589e04c87,0.5165617909663577
f64eef65821a8f3e,0.49903785217723506
9fce647d5b47563a,0.5451837737714285
52f9976ea5b478fc,0.46218915432826363
d240c91989c04146,0.523537161356913
47ef036d29375b9b,0.5510644927838116
8808a12bef546809,0.5082372911397947
d3a20f2bcf2db8fe,0.5250520800061069
a451d8e451fac918,0.47541534690900433
9826735b01a08344,0.4925851823393471
c4a29152e2eacc8a,0.4595250938488374
631690ed30cc1631,0.5262185443069027
d84d8a6e6ca5eec8,0.49708955492288476
efbafec85fb00cc9,0.5283333306230761
24556c1044963c8b,0.5354809899724892
5dfe6e2137dc82e7,0.4697221112247445
b2400c3aa22283d6,0.4857302640054928
71602580e012f168,0.5257365913357166
cf01eb3e54442236,0.45418371595456675
1a07d25426f87edf,0.5110132510991844
13b3d3fe65bea413,0.4937744244373438
059edd840763fd81,0.5233991499272173
48288e044d74e7cd,0.5350539235509647
add068ffe0671cf6,0.46577525449731316
c99de47efecac792,0.5291926821268355
11cef543afe62f88,0.4863151655543595
e512156389905eec,0.47208843626875485
138703e658867a2c,0.5300230370109001
454c3092e6edd433,0.45502863998510257
dd957118652b5ed5,0.5106502270319045
af01fa5eafb4602a,0.47669830992376216
7bffcfd2a9da1725,0.5238246606885296
24f3f1ab071df78b,0.45447937089813467
3ec7c9ebab0a4a2f,0.5360444069839729
3c1d10f4646f69fa,0.47148052137416063
9c5f959e1195fc54,0.4661122272355044
cda81aae0a16f97a,0.502119709926093
2bf6c949fa0b6053,0.5000338299498943
546683ea9e5995f2,0.5111133003367476
c4563254d849a8c2,0.527738617472585
e9e85a92d9ed5065,0.4856683421981022
fc9fd5a085f168e9,0.5009691898211259
54049d409156afd1,0.5289785277995513
e4c0d5c0b9045e4b,0.5217680170073903
058f290d4016fd11,0.479486377538779
e14cd74f951c3910,0.4812105205206867
05018e18dc83e13e,0.5458055507247526
763ff25fb3a65368,0.49718721733657756
eb5cf6bf7c8b4e5a,0.5223959048478886
013351fb7667dab2,0.5134067432780725
e08181f896cfb680,0.47397244211556555
e65d39ec9e3de422,0.527000161938235
9cf499aa7626f14a,0.5080455584642875
f203a5ba78b7389f,0.527021832718029
8ea386546c0f8c96,0.539315894661043
0391f48a6955106e,0.46900070761657187
d2f70a0377eebc5c,0.4896110469701528
b96e54496b6a6713,0.5081105527710336
1ecd7d7fc32cc874,0.5076859099515943
a91fae320445e22f,0.4712540543415627
7f7f8d9e95bc3227,0.5236743256023185
8ed9c9b27ed7229d,0.5094773935669511
19862b4c0d2f34b9,0.49953692532166627
e5b1c6b3822addb0,0.491497532487831
191edcd8d76cb951,0.5450149936393422
6b08a1554cdf28c8,0.4695045320710341
706610ca333da138,0.5057727852532237
5cb5f8466022eb46,0.5093786725233684
acb3a526d9921b55,0.4943559394118698
947db252e781ab55,0.4998185274430802
e94881433d15d819,0.4820108409127499
34439005f71e07fd,0.522625983723963
989a2593307d72e3,0.5060429831563513
ec8f1d04cffddc96,0.5020983228629756
11dd5f5d722fb0e0,0.5143144681119022
d6738bf320835a10,0.5013457273767217
025b09a306181a55,0.5096330457787168
e5e3f5fbf93a1918,0.5007078249757522
2d60731de40ca5ec,0.45993463530025047
96789dc76cce8bb4,0.5160884100544225
e04c2f21eb86c30b,0.4854271929457319
eb4f7827e27f3e50,0.5355995822374786
c72cafb3b0ed2058,0.464524225821274
38e789ce64afac4f,0.5232605876229335
961a36d1522e6ffe,0.4866311895585713
d915888ab3fe3241,0.5147359627778614
6d047ff0d07fd1a2,0.4775810072956109
96212cff04501fdf,0.5330914606925057
6cb30ccf0384596a,0.5388481226873452
1878cf5a842e6727,0.5092039065466104
47adc8c9afbd6fad,0.46957124037968867
bcecb579dcba782a,0.49589636336905485
24fe0dc9ab19be83,0.46205352956819606
d56cbf99a17acafd,0.4844591580060851
5caed519a777c666,0.4544592904899205
de3dd7a6a4564414,0.5130121658367943
3ddc28164f664050,0.48026195409299266
45693136342888df,0.470592000571333
143c3caf6eb25742,0.5101027310284935
9295c919e27237a6,0.49492109929941686
0dc756a818dc5d9e,0.5178878531335371
67a0ca3f82ae78c6,0.46393388036655403
cbd51c3558265f5b,0.48594434065293746
b6df5050c31c7287,0.48174619629724513
73f20d006cfc47e6,0.4758830038556652
2de69b9443d4fc52,0.47152210493851454
1ea20c09b6c79a3d,0.502267011364865
ea1427791f675329,0.511396645430198
cd6c9a86e5c13535,0.5084522898852908
fe03f010fd99f729,0.517857281230585
3cac934a5e569272,0.5208831050523111
1f9c8c5a31c38592,0.48261596046422717
325d3152d318ac6a,0.4879720092226111
c796149ae059bd36,0.5122216596136324
139b95acad0d8500,0.459529592060998
ef8ca6e1ad6cbc40,0.5199551213965086
738b1f5edad8bc5e,0.4708543226408668
00b5753c64f3aa5e,0.5389829212263623
7509e02d19e2f87e,0.46612603255021334
a85aa8068fa925c9,0.5206666203881068
f8ff744430f73aa6,0.4997575205117748
4106129a02383134,0.4849906707183911
3be6495b6e47bbe8,0.5113578562697968
d58d8cb98c5344c3,0.4895800214098077
72c32db073874592,0.4879548334775866
b33541a9535d3cb6,0.5054485591621479
f117d4aad78b524a,0.5077212369863585
5e48da846d46eabc,0.5227535464011702
b0b266000f2d6b03,0.526433185803286
2aa63d23f11f3aa0,0.4726338009489181
7ca15ff99bdc719f,0.4841996881436554
286e550605b2d970,0.4946169533354917
140d123f8919309f,0.5346216133820798
5406d7c0119b8b77,0.5153924388353464
feb8f158efc528af,0.506404597387498
20e9295f7f1b6809,0.4903158047789252
8c67df2b06a8af30,0.5184858938521278
0b5100f2d589252d,0.5279902780312574
a7dff4879e1f2c8f,0.5348503747994361
6b9c17dec469153c,0.5270292971257662
b064e718f3825ae0,0.46635549920440367
633aa423117b483a,0.4924472612270753
2bd2dc8cda610b2b,0.52017471249337
16b4f1b4b30d7a5f,0.5298574744790234
7ce520db2bb5b181,0.5303814606308088
359fc18aad246386,0.4907129143882878
4040467f440a4681,0.49912340363794383
ba27a17c66a28567,0.5040768207899594
5e4bef63f0b3974c,0.528329450243791
849863283a0793dc,0.518813746652208
aa9c499ad44baf78,0.5254351199020724
a3fd494842016ae7,0.4933832299954129
5f079c78614b8a83,0.5299148815977502
7420f14669961a6a,0.5321619200637182
0a083c164a874ea9,0.4841101647214513
396f04d4bed14a3c,0.5180305983170649
bda29126d66debaf,0.4890241649298496
8d5ece395c6a6b60,0.5016996564245876
9ea22d08386ce3ae,0.46983019003432314
1a277b47ca192cc3,0.49746922675358296
5534d1ac3ad47ca1,0.5086793189150588
164e32a2b96ed3eb,0.5305028065866447
cdea1d25f481df1c,0.478057866504629
37e1f37cd163cc12,0.5269851379621294
4f896e74ddfe48f5,0.5107235634466557
ec881c0b42489ba6,0.48637281761668155
6cbbc142e3b6532d,0.47946642999829203
af58eeb2cce1b1d8,0.4636412285715852
3792b407d3147240,0.48323765605989033
44abea18902dcc6f,0.47641032451302534
f174b76e8c589bc7,0.4959117352609015
d5cb1d76e26e865f,0.5319869106617943
c953fc1a52b6d2ae,0.5181631888915592
dd9860c103eaa486,0.46072707135140123
1a338e9358b4b71c,0.4612877962729777
28a055a15e2bee63,0.5088733371423831
d810129e88130889,0.5131534234357972
20b2f55f0ebfeb9c,0.48747093707767
2dbfb79bb9d5d576,0.5087536711797468
a4f168601004a705,0.4931707430511649
7419f46f112678b9,0.5155300986200654
7d0ff708b6d6752f,0.5275791292964553
cbb85fa489a893cf,0.4648316277711706
c46a723fbfa594f7,0.5132942190688897
2104390897549457,0.493569000137398
75c276f7d0f29aa9,0.5445990864548053
01a679a23b212287,0.538802503397737
6cc58651b88eadb4,0.48121207148850553
14cf1ac65f8ca02b,0.48211961646555423
2a5d42d92966192f,0.48894288971295075
2010478948b9aef8,0.5027141095054573
31542ae607bdb59f,0.5176214197223288
783c99f058bdb723,0.4786152239676247
8e49ec786a6d5abd,0.5232389362845219
d2b9a740ddba79a2,0.4805234142566678
47c1231311a7aaaf,0.49642405151378755
c7937d0c63ca6a92,0.5105968458903197
64628bdb8224fe18,0.4774011422404676
49cbb2ff9274a4cd,0.4738097536349274
a4dbc0e728a780d5,0.5303421645034554
54a5b82f046318b5,0.5338999817592591
daa0b6896a1749ca,0.4859506937690428
4a251ebb1de72153,0.5441667098931879
edc7eab7534ce904,0.48564745690568634
0d31a18c31d12329,0.5315277300516257
ef643ea0ac629b95,0.4871787788511408
39049e24be5a4306,0.5411032139919195
f41fb0591a5b1902,0.4736034340202452
ef3add49907eb895,0.4705105378678017
3c80e6a34fb3e4ce,0.5344812464808276
681bbfb8c5372f79,0.5324050480354527
007f4be9a3f6e89f,0.4725841335158387
25144a9b2bed9be3,0.5039753848286118
61233f40c0cdaa2b,0.48067228883987095
73a058838f6b7f2a,0.5349040302146425
cbc20660739af678,0.546493019725482
8fc723bf625337ee,0.5234991575570687
3ba49bd9e60f519a,0.4663071713758059
6a3b3033fdfe94b2,0.4929615139129474
c8ed653c9f871795,0.529871712313078
2f6d48d7acb127aa,0.5075406233077419
92ff64a44efeaa6d,0.49598806915156357
d7169f20999bc93f,0.5342797029886179
53604f2aaf701357,0.5117764713523609
a7001845bc2108a4,0.5102925342701863
e1c8d84bbb8add74,0.45351425332095874
0b6ec467b5610434,0.4906686048075801
8ac52d2ec127a096,0.47929426982145507
b10baee15fb9d01e,0.5431711388471374
221ebe5d40d467ff,0.523204305622802
4fe55b114acc6ade,0.5012815769294877
d8482a667d8a69cf,0.4991184532696817
53ade36e2a1b1e97,0.5322304298570747
23415b9cfe9e209c,0.5157621207466344
280c7808d94b9763,0.533007074922967
de5885c6a7c6423d,0.5482834002857448
38de0e8716fdf6cc,0.5138223420945885
55bc25143589b254,0.5218949097349695
957e73c37d447545,0.47541147743636203
af84b2641d1c74b3,0.48409879049471916
e7be7f3fe2a831bb,0.4639738806236245
841f7e8235380174,0.5414248039727523
63d88f28c2a5df22,0.5215824606143562
8dad4fd4df5c221c,0.5342852416232242
3572ebf75eb17942,0.49336980684508625
25a1a550572c1f93,0.45865144961448256
6ae06440fe74b44d,0.5602069359609558
b4bf088ea90582b9,0.4892737216992348
6b9449d16e81079b,0.48727180521834434
4ff7c9e8a089b94d,0.526900288862493
aa5c5648b80a1a3a,0.5016461315977503
5dc1f3d49bbbe4c7,0.515929267367289
99546cb325e5dc06,0.5268733233359854
220c843637482425,0.5202347344129117
6608fca5b64d440e,0.5376035108157624
f29988dc0a3c0243,0.5053643213109555
51058b99b395787f,0.4841142603783998
ed1bbe11677f7bca,0.4885880259157389
9f9b85620fbc0cf4,0.48354593391741696
8aaeef3315304e45,0.48841441546729836
5d92173cdb00c0c4,0.5033386352789992
acbcfbef3b1946c1,0.4546510036075066
73cb612fe6d23320,0.5307400049093114
4216594871a36761,0.4757083519016556
1c2bf4927779574e,0.532517021565421
1498d0dff1fb5394,0.48866880199091034
53f47e8f08b91aad,0.4952709346063659
c4229a0ce07e83b9,0.47691567528053486
bf61a06ee47b2027,0.48169240752073594
8aef635fd1b3a740,0.47536307014556944
0f6a8a20e3587b09,0.4723263727641235
75d7914477c996b1,0.4807444608590874
7b1790935e6cb838,0.46140530172629923
d680549ede3f6dc9,0.46365627793597
f3bf39cd2ab5bd9b,0.4767367964402449
0b0930b54070750a,0.48321718163120364
3d97f118d250279a,0.5320897538337286
e9de0ad29a82a54b,0.507179351563008
9485f200c4e02805,0.49948211201652143
12d95850d018d3a3,0.4941249332757692
ddc866b96dfc3aa3,0.5284935108603213
45a33a8161cb4b46,0.48051097743430554
990eb9e1c61c80b9,0.5022389546222151
378b6aac03179007,0.4829026324368282
b6ce4df0bfb4d3c4,0.47865625894703157
a50653ff586cd76a,0.5116554454595382
65cd9ee07cfab83a,0.49248162611220925
d2bbc0c9f79df720,0.5273639309340286
82ce816296a1512d,0.47954416194097693
e502c517a223aa14,0.47154767720136537
71d19ea693604e1d,0.4756165135530487
0d037e649d83d735,0.5106448294707149
6ba6991213384d83,0.5272140748832068
4cac0de9485495fc,0.5361678882802113
9a0be358e968c623,0.4602945740729207
f1ca34616439cd54,0.466466781711821
e301cf1f2e4c3681,0.506885374233881
d614ef3ad50cc2bd,0.5242951754361481
c0b33846eed21da4,0.4654347716264324
d4e499c8cbcbf2c7,0.5227979291098566
112d556866bfa77d,0.5329926606563101
3f5b776bac1c2a71,0.5175446423885401
97fe9a981d0717bf,0.5055008046246829
ce3280649c6eb5c9,0.5181651018385875
7ae7079159ced82d,0.5163268616538808
f1eb50e28869a50f,0.45790425577169713
52c8dc366cde6d2f,0.466358506815746
ef14064579612c4d,0.5319531752428313
7897eec02201ca6e,0.4956053945458754
321d33ef853c8fb7,0.5344151416810823
96766da6bd7c3998,0.48598092822073546
fdccd120c1ead149,0.5181329590774175
288252f0e770ce50,0.5251146986492685
d4d977f5a3d8f01e,0.5327745019697964
62ea4677a492334c,0.536513159630085
d1f182b83a420b6b,0.4896070110083939
0a8ea601fcc75d1c,0.536193520628999
27930c385742439f,0.5304877841221136
13d12d929ca71339,0.5324298673217703
159b4f9fc1efcb55,0.44926953828871186
94ffb2f9a90b358c,0.4979766817216925
68615d70615e3b37,0.47896843749583795
d4a40bf8afd7e4b4,0.46680341959687816
e3dcfffec2d51e7e,0.45441576086443447
10366fd321e0ad43,0.48673771678678956
80e3f13b4e86e5f9,0.5352701253588215
6272a9e176561590,0.5284075576910194
14ead2f08e775ba6,0.5188833245150819
08ecd3e0061305ed,0.5145627898667817
b91abfe0273da79d,0.5346104664570539
0c3efbd8c39177b8,0.5258782882441528
e9e21b290009d63a,0.4813054657372566
c188505410fa547d,0.5017627233438002
768d9e0553a1399e,0.4634846260594241
a9370f34870acac0,0.537813388141736
9f6dbe29c2020549,0.4769252916011504
6da7088fbbdbdec4,0.5073601507162522
944a046635530efe,0.5418294481221027
55a97e1488c333a9,0.4751720541859493
bba6644aefeb263d,0.5249100828050902
750f5d2c63709654,0.5367351492355263
b7f5c550aeab6fa4,0.49482033490895483
bf2efa05075a9f6e,0.48508925294392197
2987973344ab04ce,0.48490316293429725
a97d19edf8f608bd,0.49498550896965365
6138ff6754f14dc4,0.4684907009395949
87522437573af7c1,0.5104604109538263
57cc4278d6b67c5a,0.46378154953948647
8f29d789ebf40f9f,0.46816096722003897
15e17422c43ac280,0.4741192612490118
57faf77cf5f72f53,0.5094560910217479
febc8ada0a8d768d,0.4610033199460828
86ab68be69241db5,0.5224518934277903
5fcfe942606240bd,0.4811094602489735
31bf257f6a4a70d1,0.5238878389501026
a09897cadb789dba,0.45190520340884255
328299ca9da15ccb,0.48071790463674813
c95184d7971b2960,0.5325872686581254
6ba9df085d34410d,0.5449152425075466
396ed8ae6d33d2bd,0.5267799857215718
b058bc3c8a9fe33f,0.5474138264503082
77b29cbb7ea1ac6b,0.5386151978869689
c8d191e05666d6f5,0.5272140779474866
c4d716a53ad99b70,0.5096991248542777
31d17f992245249a,0.459851600254348
aa459cbd8c781f76,0.5087008762616528
7ba0185e8220f22c,0.46667987623697416
eb077a940d0bbcbe,0.5138162275398758
9298c80a21191034,0.5033652869944476
037747626ac5db4a,0.4731704164757001
8ee7aa8b54022319,0.5388696710570385
a2b57b918f2661db,0.4865180452063067
e703b056b17c6038,0.48617822783602105
5d760ec696eac629,0.5014140323911724
68589cc32366dc9a,0.4870804047567143
83d1d02b456e13c0,0.5111552011843261
f5ea6585ff5edb0b,0.545972895080582
32290819a9b6b754,0.497530005217796
f0cddec42ddbe07d,0.4633132682543535
41d5134ef4aa43c6,0.5088219142916293
9a422d8246e3f97d,0.5051472554961176
341cbe1cbd51048e,0.47062780541097593
3d2c0583f01cd72c,0.5234969514640188
870996e4835ca83f,0.47758427142214704
28b09161f3b17dab,0.5133815722747984
051b367d8fe91233,0.46468047116658473
9b8aba50b3ab95c1,0.5313587608802014
ff5577bdd79bcd6b,0.4751351332834469
92e4eb0a0d4c41e0,0.5269101984011098
575ace0896b22257,0.5508146853398737
a16f31da04bf60c4,0.47936983332334426
cbc13a2671d3578b,0.4596477779010084
876ba2c5e443fd41,0.520883329265744
5d5689e87dee129a,0.5383152767390498
71a60a6dfa7e1760,0.5276252284509335
f2a38a0b81dc90e3,0.5214573122058624
ec97de286c2686f9,0.4617919012084565
b77b633a5106f906,0.4840287020659064
972df202456969d5,0.4575278798517277
5d7f4e9617d1e7a2,0.46345420471750265
196dc3655d9d1d79,0.4743442086181183
7b9da0adcf1bf365,0.45856489283344337
b9d78de840ab100c,0.47205253602854824
803868566ffdbdc1,0.46389906686946336
cc5f60c8c3c2b5e2,0.4785734673811365
88919e17cce1dcd0,0.455274239565975
88bff82c05879a44,0.4698976304042577
aa64759c290cdf84,0.4924771867760406
b224a7d8b6f39ab3,0.4992318875460181
ef11b15a28910cae,0.4824339814775099
7e08eb8d4482e7e0,0.5175948745471644
609b606891c6ff2c,0.4811026839777428
07ecd08d07bac830,0.48904547998238795
aea578dbbc154142,0.5242929170823863
9c702ee77f731a28,0.5024927283446777
74a102877446027d,0.5368726020682372
dd13d150ff97f653,0.5279182649192926
36157f72f10981f7,0.49841530154806357
808639f0db0c51a9,0.49459455320565404
d809389ba1350646,0.49595942977069907
353512ba78ee6085,0.459276022613583
207ae6c9e8f4fabf,0.49109991217885285
333ed3894f0f2865,0.534843059756495
c8e41f868f963ff6,0.5224233549042385
c0436a45e3cdfea0,0.46042073063294753
497bc4409ccbba90,0.5384689033075225
b29f7d1224fd0321,0.5069213582619216
7795ac2497824361,0.5340910186889739
28bd2f25cefc0467,0.4839522241849348
7a5268c2c0ad3fb2,0.4984729883251814
9335e306e6ef6c17,0.48732919798225643
380dbd85787bd38f,0.5428037059562395
4df3a358e7ec87b0,0.4570555950848323
b423d03461c67e1f,0.5435068008995606
8d6c8b00790579fe,0.4850391619135561
75302981ca660bf5,0.5097198053095187
34fae39e3b6350ef,0.4877256894194105
47ee9553918d83bb,0.522117560350842
525eb09cf01d4422,0.5043703508404687
f285090a9d6de2ea,0.5348743236931419
9a015d0a0e9dca3f,0.5050448982901925
5b9ec24c9cacd921,0.4870739656659623
80f6887bba571ef8,0.5050812860559691
a0121be4cb97ee81,0.4776377950596051
98bbb1d875be50a8,0.5238442018691617
d13d14d73f638740,0.5089955127468757
b2c1f66103087339,0.4820523596267944
ed544070c1558a6e,0.5024328288283816
6dd8a5af5647059e,0.508489205087684
ec707e8be77e5bf3,0.49543296246732027
435ba973814b0e29,0.49701324351389176
a003759cbad0ca72,0.4935730032147029
4c1f413aeaaeca8d,0.4980679114371189
febaa69039e2d424,0.5203506275236975
1a7702c55d1c3c6c,0.5391273490903329
747b48174e7e8cc5,0.4675617933691097
e73a38787bc7abf6,0.49634760069719464
591163e5c881643c,0.5335336543639106
95f08a028b009350,0.4816725641486296
74cf8eff69e3ee73,0.4719614546496359
44639b509c809540,0.5160328474711317
abcf4a1f567f5b1e,0.4989036675499118
987d6ffc23a79a57,0.527554842944635
e7aea6a6f0d83afb,0.5153861662816975
d9d2d9b2890a7999,0.4723786711111947
deeaee8dc56ee2e3,0.4849221705291872
ed44fe0714d05825,0.5176744529001858
68d0096d6964bebf,0.4897889711706979
8d52d8ee49e4e8ec,0.533541493923148
b877123e88a6a266,0.5311535368621421
8aae92b438c0c262,0.4633263806407625
40864f11272e903b,0.49389836607823484
7583bd973a7787bf,0.5403387056271892
209764663e3680ab,0.5185543758441705
1802828e130f444f,0.543686036522809
c7226e4c37f1c216,0.5230574549690888
cd0110875b4d057e,0.5013723765865901
b66e634d66bc8033,0.4641998047028324
644bd7580a1fab58,0.5049312509469986
ceed54b1129eb356,0.4988758363506061
4a02d907bb4803fd,0.48245355767113934
d09af6dce02bcd02,0.4669941425784295
c81869bf2ef1408e,0.5222899463692249
455bd62f0c9a8b18,0.5313933789043372
8c648fe7475ba2a1,0.5387167034595711
e7c1606cda3f50ca,0.4840273100361877
386a0c809777aa8b,0.49237776606205663
882d6e6250d5d648,0.4968775566113235
e73fd396a2d7e661,0.4777914184952456
e1293605384c5923,0.45238184912255247
d8e5a75d55957e5b,0.5413878916701138
75e6395a1cc7d878,0.5006802034328358
ecc995a8d29cc898,0.5274343598920912
ba27e43ae6b021c3,0.48237584456657817
075b11725eefed48,0.5252873920108179
16e06a6abad58f9f,0.49544759995683174
039a18d8a9005443,0.5383285697568788
166eabcb1845baea,0.4787542428153456
150f221c402f471f,0.5253417808309262
2af5183224226208,0.507099527502035
30a31bbf87301908,0.48289262528684174
95c87aa909d557a9,0.4540136231898322
d70eb57711fa415b,0.5356680675782924
9464555817eb4951,0.5354784236277432
8d4e5d5935a1a663,0.4623986779287034
289e3f76cc551091,0.4842225466781208
8646ded190e78433,0.4904102194020531
f2e3c326fd923449,0.4970214544953937
83f8985c38ecf25c,0.4762118841458326
8b698836d194ab64,0.4957749317470568
74a48ddff930321f,0.49052062689644554
79a5efbbc2b4f8ec,0.47991306757486474
6e88ede348b8871c,0.5078959320939305
d98b06d0f7e1b8d0,0.4868994027988657
dc56b06363e3abc1,0.5003615753459335
b5355653b987b958,0.46926312171390494
e5bc532f235bc0d5,0.4724860791450922
153cb69740320d37,0.48764183228957825
30ad5d4441533a6c,0.5170076809477389
05ba774a4ce6ab73,0.535982672957989
ba467da19b1f2810,0.4637921537647651
9ad04a6b621bfaf3,0.5270563029369297
f605e43b08e76847,0.5256148508898262
fe2d494aa36b099a,0.47522959184848645
1e5a8f5e21430d42,0.5091411069224132
9b28fcb2ee487967,0.5363163221246693
2f1c0ef6d36a75c4,0.4841372048121044
37fc5525bb7de5e9,0.473713398194905
d6538f0dbb2a123b,0.5283685845195789
7dde59a4542325aa,0.48695108200371595
20c617dcbd71f357,0.4889130672218214
77f00b5e8f833d41,0.5365656530182324
869a14428379a740,0.500151325024424
5fe5544f8e236559,0.520312284826144
2d3681cba05bb562,0.532317739292452
499be0abf97d1597,0.48818091366026434
5b423761773c3a6b,0.5539133857972532
57cfb14bc788cf66,0.5319827989225172
bf8ee8443882eb4a,0.5267242507845301
400e3c9ccfed951c,0.47954859844594294
95c34bd334691146,0.5265788256413932
441b99f616030e70,0.49180156229018157
d6449401e78d3385,0.5000150975300864
ee04b5380c7d4f07,0.5225187636154313
47350f4648bd6090,0.46467374268646766
3d184c420016986f,0.48619214732429306
2525af5583075cac,0.5151534799947273
37055ef29f0a3dd1,0.4908846878797298
741ca2e53f728930,0.5503228972811053
c2060532831835cd,0.5325557662286382
bdf51afd82ed739b,0.5117784754257282
87516eb4863191a1,0.5298206412649709
034a25e098498861,0.46811746635559665
2beaa963f217969a,0.5339493966531678
6b03ea3eb3783933,0.47671632709127065
99cd56ca4ca12f1f,0.48255197559779417
42288d86bd56d80a,0.5003546661966929
a5497f531ca73858,0.4634651478953323
6b8797ea062ce398,0.4910342855473123
1514a9ebdc630056,0.5065049099611916
6a47264adc77dad4,0.4797072594241543
4cbd1cfe1be11280,0.5361908743524763
555f489d111c7db7,0.4854139591123793
d3d1d52e817c754c,0.45290724413017536
80c2b83979b319eb,0.4777033742256548
b601ede8f1d5ecc9,0.4595628982614006
ac4e394f11848f01,0.519590209019834
a5d564228af285dc,0.48792772287421815
872eaff0cae2acee,0.47756900090518184
ca524fe71b6054b7,0.5005131838666884
092fdb93d96ab75e,0.47905137336395465
b1224feb365fa8bf,0.48791090182473995
b5883c6e74b0ff0b,0.4584321216618053
7aade43a31d09f8a,0.48403694845800804
585ac3a63ccab1a8,0.4788818880498761
e4933222bb492af7,0.5033294806535132
d4fff28089f09f7a,0.5108196385838972
1faffaa35ce84d77,0.5146374995553905
27afb6fd6aac442b,0.46614628391028756
847a053fb85c500b,0.48709008183507774
9ad6971bd0ebf223,0.47855307750806747
a14e1a04f336c6c8,0.4706946628513491
50698da7b2db2350,0.5091758614578217
15655e2cf84c9cb7,0.5161828614214891
ef796da1e5967ff4,0.5338063753005521
9331c7e2dd294fef,0.510693696924497
b7796a59af546a3e,0.4878699347050809
d9279cd811aae7c0,0.49487292217923673
df81c08c47af6c59,0.5320786097878919
1b9dcbf8b65b1a52,0.5150717945824824
dd377f760a65ba2e,0.5245949023861818
995b4a4b97e53e5d,0.5097961899287526
13b533f79e5a5caf,0.5382606585263956
d4c903b8efe43c13,0.5416027546995419
4fb9e1bf5a2f571f,0.5229674321995008
ed595c03e7747694,0.46675474041807785
73e9645c3d48fbb5,0.46171633159171765
a4b5405b00736981,0.5226276804884398
2a653776755ba7b8,0.4655155838422839
158fa97bf999e010,0.4937088489559708
a95d0a261a3bb142,0.5058958680456809
ea46e88a59d4fe5f,0.4675764295081444
6496d7761a0c6190,0.4716200198022603
6f4ba984b6dc3289,0.5050514602640549
5afad3e6c2fda712,0.48445291164620286
02effb9a084a466f,0.5056336033988339
f43a5e53fd455d87,0.5375664995581326
49bcb75b2ef9551f,0.46144303491320515
b21c8167caedde33,0.4611244751693433
15d2bbcb8c316442,0.47769155187368617
523bc8b194fc69ce,0.48104329918849953
d7b8e5c99743aab4,0.4834886021409024
3ad43bd42075bb8b,0.5285810651090449
812b9840da2dccbb,0.5341216091284205
e70b5a521c308e83,0.5168790654401516
3c45ba8ca9f6f412,0.4590001685980738
7f616f8d83b3eb18,0.4896085226135831
26c592e1845bb489,0.4892950677647542
68d37c0a802b47e7,0.5168785128928919
d8934f60893849d4,0.4859283866164512
2a3dc482e2f9765b,0.4914055611069718
016da23592d81da0,0.4736002338014267
4fdfd4d0c0f506a0,0.5211002985043492
729fc49d981fa3bd,0.49530155365604134
15deccf643c21df1,0.49447787465204895
7daf2f242a027468,0.4759976484163284
d51a0a86350f7add,0.4664706727098302
52fa3a33f632aec0,0.5221803194710164
bb4d95ad5da1ac87,0.5000636529997233
cd23dbd0e165834e,0.4661884597992715
ba39191a07cf9e7f,0.4938694529310342
9ba5cac296310d3a,0.5462301432200775
d322c51efb437d17,0.4716254293120853
3af739b2f776287d,0.5342185546856943
85804c2e9c6d680a,0.4590530869614055
cb0cd20b25649838,0.4833831920586673
12c942ad8a277403,0.5105276149731746
289e502cd91b1547,0.5167238544264303
31c382a7004fe972,0.4862299025747002
d169a1c279a46015,0.5374758093102208
f9b4abfb6291393e,0.5101866230787776
6717d92d92048fbb,0.49209879389833217
469f41c8da1eeb41,0.5163293848519196
769314bb014d1235,0.5183890138066916
ff2e280d521989fe,0.4786839892444655
1d52653d4f3c35fc,0.47060648859664794
4c0ebdf6c9dd9fb9,0.4755935933662305
8e182e2e4650cebd,0.5321763326714136
f55714d17852a183,0.4769339555408136
f2e291daed34f717,0.5135433792128219
2fedf01adbad6180,0.45551569763881017
7079029a20553569,0.5035542560630436
7214daf28cec2f25,0.4784316063452041
3037ee52ce757f35,0.45628279768857893
301594a1fbd58308,0.5004987769076881
971dbbb99046d9fb,0.5265649136458683
c7647059905f4dd4,0.46852177124048405
796f7cb75fc0eb55,0.5334030544231397
bcf00da3386bb946,0.5296727340653524
9fde66ee9b59f95d,0.45916422928658385
752d3e65ebd63369,0.48086387360731453
1a6bbae0cb804476,0.4910535785452612
03cac4272e7b8e63,0.5333040195924909
055fecf2717f29a3,0.5087788122840118
a2aa85d0e1bc4e6b,0.49518884612819564
ef9db57cac44e529,0.5010300295640829
8c91442db55d9d64,0.502353795893199
7cfa3fef2d1a1dfe,0.46561767041127744
56ede8d9842e0590,0.4521653344736489
fc74e63ad196960c,0.523448653081986
342867ccf7337815,0.47341605076451293
866f7ea3c4be20e6,0.5150251863702119
f45494a74c712731,0.5053205310125892
414228464c8b74af,0.5235272707249721
e4a3f7a35452e28c,0.5002714612237846
c1eccbf012d9a361,0.4778684497700958
a715e394b41f3a16,0.46685707955023525
26a24b8218ee00b6,0.5434354120712259
db4b58e70acde06b,0.4826997852922984
deaf015c1e137149,0.4801923964529956
9d4fbfbf523a0472,0.5458451976401812
ff7e2911a22e8008,0.5222962271182803
30449ce55b14d344,0.4669778182439335
b930073e02948360,0.5075555818405619
9326674b4c828c15,0.5182396093155678
a9b474db35164846,0.5189694163481932
9183d88dcf308c8d,0.47661342378541305
47c8c6f64cdc0a43,0.4974792106095576
2ee4722095033329,0.504461640597273
cb8a02ecca44027a,0.47300253120590624
1925e9dc63237314,0.5139546367878316
dd36f08b99fcfa16,0.5259056997913469
9bbd43f6f760c243,0.5316248931693488
a766359aef66a25f,0.5134345916531129
4d10a4698fff400a,0.5159987318106731
44a6285639d7fcc7,0.5066213734702103
a64ce0de598f4714,0.5143402005262258
8c887a6a554fcff6,0.45658550187108127
ef3f3402f7530e37,0.44956590838517835
e9cf43bab751f410,0.44910101879180214
1245634a78a3136a,0.47781972308810083
7c5ed75e73c20133,0.4755569370543623
ff7628423503cb61,0.4618635810816899
55df3baf4cb22442,0.4724919748574311
20497b1ff5df51bd,0.5261242160423134
fe1c1e2e166d6943,0.4911961433475842
0a6a2ebc3b004ba8,0.5029543367180455
ba16bc573e1d9a6e,0.5153560885538714
41ae92fc5f37cdc1,0.49100026088979876
ae05071f58d92774,0.4837450732729174
a8d4083bb2383da5,0.530878419024468
92cf17c3d59c9b61,0.46683697017874864
f591caedceef4268,0.47263254679465927
e3d006785a8a409d,0.5183828287118428
dcbc913499301796,0.45966208334802305
b630e1af9fc1f3b9,0.5384991399528831
7d6a1e459131bf25,0.5389830772372866
5f891649affd8c18,0.4865739189408344
7dc102adb7ad6667,0.5035090970015497
1b8c16064d0dc4d7,0.49388798909982046
8e5286a9c7d73ad0,0.4762265016592552
147e554cda420ba2,0.48280038851671614
18517e2df9cc10ea,0.5032958465203138
54ca2e9aaea55320,0.5345597038043883
a923278148853286,0.5199767279223967
cfb35f11977c3be6,0.49802369930668344
aef8a4667274a47a,0.469380649453522
2c51172cc4d5eba0,0.4810732755654375
494446d84318c9ee,0.4991564468929631
aa652d97612fe50e,0.45635762518058576
baecb9e5cd4b2907,0.5337883927690044
c29488c64d211da8,0.487052297525425
28746b4c4b26d721,0.46473525316054676
8a45d03fa3989bff,0.4777463770212104
462b3e544fe612a2,0.5162504623336436
359614f152fbbc2d,0.503842297621398
5e953db789137f0e,0.5179287359649318
2a99aaa9555b3dab,0.5133569772327623
aa37a77bc447fc0a,0.5432701202482605
8c0d7f3ade155e48,0.4683654120917918
45b05dd1071039ab,0.5509230960651276
7e037c271c23576a,0.4724761186379712
9adb38d0576dec06,0.5089284252284352
532c84dea557da7a,0.5158651620342078
6c302b9662d3b5c1,0.4744768073057566
666231af023e8fd6,0.46999005709461594
9c06ef2fdb037a79,0.5094143926874273
65230a28464587f9,0.48342547165330496
b3ea4baf43182919,0.5099923454330771
c1f297271ef8cab3,0.4776708331080906
7c58e1fb77913d4c,0.5325195521670893
00ece1c11b40f8ce,0.463261217205643
a820b5633583bac7,0.5304684037819032
b4e9165d8e2aebad,0.47819772762830803
85f20d358a8d6ce8,0.5039991387943521
148fdf734e431091,0.48468317993865173
67708062cc529759,0.5157363285891345
d764e50c36756862,0.5283851791962322
dc093657cc4bfbc2,0.49999453280796946
08c0597e111a2388,0.5100756451998628
58fc68c0720d8cbe,0.5011970673616676
387b7309eb20b505,0.5126506962163536
cca31a05a820ea88,0.5352754818984199
be7e5b7b5839a348,0.5138798903141528
ef7aa159ba83917c,0.5140576380375368
3dbaccedf2355696,0.4763432690255648
3774263bf5c9a393,0.48484976973439375
e830f76f4667709e,0.49987622473952154
c96965b10fe9e8ba,0.4712347568054631
aea0b2d75bb410f5,0.5106962511560825
892d778bace3f693,0.5020413646989661
f46440975132762e,0.5403753212396614
6084fc419fc10f1d,0.5411529672625413
c6fb1852daad742d,0.4745044085538165
2bd09ffffa247f82,0.4670060896746986
5ded576ceda86075,0.5068713669611861
c066afacb3fe3a52,0.5190691918879725
21e99c194e94917b,0.45711014185931764
7f4eef61767e4c67,0.4619866992847468
dd19efa057bdb4b9,0.46508114296712
2b309ca794e9b11f,0.5465967264073948
8428fd508cf86cb1,0.49954524925993077
bd059d7efcd14494,0.5294162161053815
7fcd9aa10e5ab5aa,0.486036619455798
9398c438c5fe8b90,0.4753752703294262
7401e49aee3edc69,0.5076537876875096
0520f17da71602b5,0.4894052064559845
efeb31befebbeedb,0.4806918630454888
df3fd48fd3b3331d,0.5069185280737597
14e14e2218536077,0.5087818923583772
1f92d25274d4f038,0.4877643322621574
7170ea34f6161e69,0.5103487058465561
04b0152464b775d6,0.48953211391198764
7653ee403f88ff26,0.48615089889413665
ee84092d5d680f67,0.5377181139846529
c41b6329fa5e7012,0.4615950268699843
1514f652f00c3b36,0.4618403561841067
0c6d11c69bcc6f46,0.5043930218814463
382f75d2edb9f457,0.5315616072158161
ab482dbf08ad90d2,0.4922077926911291
5ecd94cb7901e72e,0.4714315790546036
176da975d008461e,0.529877935773123
882d984b9b9d8fb6,0.488164830053408
efecedca199bc74e,0.5082336519954348
5f185fd802f0c00c,0.5035012186555206
b7be75c69ddcfdc9,0.4504896360646066
4da0a9696b2e9612,0.4903795351044655
755bd669f9bccb8e,0.4884517137561002
dc744a1038657389,0.4871588548103222
f5565f23a877bd69,0.510531582105173
45485cf629983a40,0.5351189001506971
9d8248668d721756,0.5127736158273339
7e637102a104b616,0.45275148517589686
b9095cbbb40751d4,0.5259610094104439
b6f5bc351054c7df,0.5045487876223851
d08fe94fcb0dabad,0.4617738381830044
edb4aa5de0832a92,0.48448545942017834
b142c9c1185e5f66,0.48455395499925175
1473309b954d71f3,0.518613370715786
b604a5e504b627c0,0.5458235396590687
d5d6a72d9d2c827c,0.46210074466899503
aac5a801e8926a83,0.4912576991140519
45b600cd20830ac1,0.5378558488476584
8b6f8e193f28c495,0.49198742575560095
9cbdc55a60ad3994,0.46533624107892024
59cc8f62d55aab98,0.47076215405953936
42f81ab5abcba09f,0.5023203330100611
758524a5d6a74122,0.5274655489561078
0acada29c4de07eb,0.5041045515535478
6bf56d0ceb2c1ab7,0.47655579746098603
03b29070bb68828a,0.4846769146481005
2f553bd8ba413efa,0.4566563534221416
c3ea0fbb29a15317,0.49843909981904194
797edeb1c8a9c95a,0.49300955929651025
beb71749be71fd3b,0.5065073262076337
c660714dc6059849,0.4984905041298737
549961b37bef9764,0.45847060437707277
dfac78eae9821675,0.4693869290097704
588c204b822eb2c2,0.5234674880146404
e96e43deab9b69f6,0.5205439573540172
9c9a726ae65647b0,0.458094618861451
58f635ddafc61c78,0.5532268863429283
d40624f11c720afd,0.5531777755291049
73575ac328053efd,0.49495685195032746
809a4127b076294c,0.5370364218920034
d476e643d990be24,0.47008558603595185
4d04534027759be4,0.48679706861274397
72c2c7664c8294e1,0.5357308885187728
d3bea4fa475618cf,0.5280120275054627
7af7100957117fae,0.4886312217952078
bfeae03c16252052,0.458696203409528
dab19b0b61104952,0.5322081913971393
8b72f86a4e6a970d,0.518447569098093
c775b6de816c5092,0.5183483855881694
0de6dca19e114646,0.49024902886073807
0ee2b0fc31b7cbb6,0.47022057313786964
3363b132efc51b9f,0.5377539534705393
ee924a0428a40a76,0.45896118000583275
ac3726dc72e71ad0,0.49055627315445927
374584473bf4cec4,0.4958662543951705
e6b8e496d903523d,0.5077781222040526
8fe009970d6cbeca,0.4898250588906816
b03e574c8770e9d1,0.47949556501444296
27905f95e6931f22,0.4953189480994805
8099a0f72ee1a1b1,0.49231545400113286
5fbbd8a6f4ba3669,0.4629875442170994
24033a02989369f5,0.5230052549326191
223faad452bc6598,0.5228119587476818
c5c13adedfefc67d,0.5113352072717547
ec24ebbbc53f73ce,0.44754667927095393
3a3e4d31cbad45e5,0.4794461707135923
79763f9ebecaea1d,0.5131618672271685
46806e41926c192e,0.5256208944553868
a5cfdf6746ec5cbf,0.5123997662930772
0ddbe3ef0aed551c,0.47102708542515237
b641fe7061b46442,0.46246759723874
be98835c447eea49,0.5310917060782622
98aa4160c7876f0e,0.5473397348996318
0753638b45dfacf0,0.52216378770122
e938301ba66e78e1,0.48925614421476865
64b695db5b68b91c,0.4983157231127796
2797a5b06b8c68ee,0.50951183855867
aee53ec38b7eb6f0,0.5095901277547181
d59b57f46a383c1f,0.5026583813276548
8c3a505dd927009e,0.4912933164087932
436e01defb530baa,0.48311312946372265
2f54c0acfcbfd646,0.518963245183136
20f15dad96dc92a0,0.49213076351397406
8a16a230e343a296,0.49934710131210724
fc511072e8631203,0.5034955625602769
5d976c71ca9049f3,0.5076027154808715
b207e579713d5841,0.545022563500812
ac03eddc2e2fd2ca,0.499509784843282
6b1e6ff0118fe59b,0.5334308428664855
2cc92c1f6bdd93d0,0.5080420828064612
f651266acfce6c0d,0.4926031118458266
c3b49d19c43acd64,0.46881476204284545
05a27ebb8a82cea7,0.5512910281114634
f32c511446a68874,0.4653111726261966
108d6b400d52aa73,0.5180003477179195
7e3cd0895bbfcd9e,0.5201412032381477
2245ed07ee31662f,0.5082874856255988
c81aede118be0e5a,0.49603335385196345
d664a113973613cf,0.5132865401032864
2899dbe3769e8b1c,0.509255135127499
164d8c33239c5511,0.5106151963719671
e753bb93c30cfba0,0.5120257852655631
4493eab669361ba7,0.4884992058588955
4e55ed26dc79c3e0,0.48618932968459755
1d2f7db4504f10b9,0.47948503289914374
9749ddc8b2a3a385,0.4644058661982009
9aab93db4ffdba7e,0.5394272587900472
88558205521546f1,0.49179744728439573
02a8e05f667b2fa4,0.47384687757511157
f95b0bb67413dff1,0.5030485585794551
b821f8fa7a26d286,0.45692022270283783
bed1456aa64d60fb,0.5165215085076125
685b1294dc5f8cbe,0.5378355496484843
79a0510c936f5eb5,0.5198193450368457
07f28f119366b484,0.46988746906340556
949af0edccb8d159,0.5175174901945979
9965f63ba2d41ed4,0.46276530550352113
f635cdb577ae5471,0.531307856773655
6419d144df4c87de,0.5083346371168818
bc7f2dd2340df372,0.46867622355014216
cd35e912794bda2e,0.4741100285323734
abf3b6dbce73db98,0.49162551747354477
4eeba8a4c17e4351,0.5042243289168138
f612b9af4ce98bda,0.5234105393485275
d8120911733689b5,0.5083174230717854
723bd2532e39f731,0.4848511326226045
3889ee7a1f5fd62a,0.5137478929246178
66ffb196fbbb4006,0.4749706876781865
53a1c51ae93d0e81,0.4978099842237078
0a4f5ec5f9339110,0.4838227205400184
34416b6b8b600a61,0.48002682635296434
1e0b561b5df0447d,0.5293592867264089
43e848bf56ec0bb2,0.4995218623256915
1ace2be427eaf92b,0.4806641954184069
e24ea459233ec078,0.5418043108567566
e019c487befa7761,0.4532339984407329
7734ddeb14b3d277,0.4795070583025044
1961aba76570acf7,0.4954851032507612
276265c86a0e2a26,0.4746185285810454
4fc5594c301766d5,0.5118541800901519
bfd20f3d76573073,0.5097910084952729
8526753e065f5b50,0.5295590029925941
5c03ad68783d0d61,0.4709102386103584
9c83e80d019e0f5c,0.5026635809720065
4e6019e87ab5ac6c,0.5217760334036873
dbf6023ccc73b0e7,0.478264888545508
fb35b29ad551c9c9,0.4707506690525744
3ab9a4e335cdfda6,0.49387281566980124
86fa9d51e632ae1d,0.509660056834118
ab30ffa9ef0220dd,0.5501130302448055
ebfe496544b5a6af,0.5167047747249884
4cb026b93d1e4edd,0.49415199610516214
426a41478cfcfc22,0.47884067000202124
3e16e5f885a5764e,0.48152807594165153
dab52f137b1ba008,0.525974707975785
a7e545c29eee2bf1,0.47671607490514334
6a50159c50f7f9d0,0.4603922148961219
ded3c69308607da3,0.5209913160201025
921388faeaacbc80,0.5384448097379859
8c90e1ab4a546bcd,0.490318889819892
31b1827fce88917c,0.4693298425367498
d97cfaa40be224a1,0.4609452981890095
b4dae0ea6d15a25f,0.49408007391387976
ffb033e54895ee3d,0.5319627537500949
2b625e5d9c22b0cc,0.4924512511046686
87605745817d0ffd,0.4626036201872492
9717417666a66daa,0.4878680784300936
3267d4ecd26e96f1,0.47161498160158916
3399800c4f113d8d,0.537696731870999
f457366f48f27702,0.4755516553702558
5a6c4f9b661a0ab2,0.5287147290589909
76628bf9d8b6b0e6,0.5427110345896391
997a5333179da7c1,0.47710409523290487
044dbb2023ecc53f,0.534192789959327
737497734f709843,0.5375041928614126
fc7d05c3ca74b0fe,0.49004909470162594
f5b74bbaa8085255,0.47518001827012046
c1d1e5c41f539d03,0.5166502768247401
86f9c72ffb536f2d,0.5383512579530259
95b9d46eff640109,0.48595455365809803
3aff516939a3de92,0.48217807439237353
23c1d6b14d960725,0.46288317136278095
0b0950c974175a86,0.4904836109018639
e94d8ce0ed816caf,0.4877664535562295
037bc4751346a482,0.5269875865754571
d43c5617c5e69df5,0.5358828073030144
82c6f27cdcf850e2,0.5383381562196168
7652727437cf5e6b,0.4717178864875733
86f089e7c7ae0d75,0.5402037472451838
b9d7751ccd00d9c9,0.5393259066302439
0a079836e9e1ac2f,0.4990014920825235
90461cd0e33baa56,0.5221193343735628
825b16c4984f4382,0.5182161779115655
9054cbcd60dd433c,0.48876037895026714
770e4ea8a1273a1c,0.5286972753693784
518ad8ed2ff052f7,0.5000761055582259
f12c4df4f05fb6c3,0.48614210961719706
95a9d1c987aae5f2,0.515396862695873
1d60b64e1441c91d,0.49995370325528565
84ed70c1cda568a6,0.4905453866623811
3d6e8f3a5d06c7a4,0.4894563519174225
eb1779538632b044,0.47430471365532856
bcf84068bc4b5615,0.4790355510058163
3dceaab87e5bd6cb,0.5165742377424885
c86b418e43874d34,0.49852444199354284
95397751cf365c4c,0.5050906463206898
e80b64dbd916f780,0.49565780466033005
d2a231ba481924eb,0.5129180250999686
e86aab1a495bc94e,0.47018757683762774
4c088c5147f6cc2a,0.5111712373531123
746c9771aa5c751d,0.49054847912411537
90005adf46be6af1,0.46671034511636633
78338f5a63e742f5,0.5156931742453978
9c3f2d29681d0d34,0.5223701513126557
f93fd851b68279a6,0.5170267214133725
afed2c838b247303,0.5335357281787816
995d752a3bf1fbb2,0.507702651230393
33609320e5c7578f,0.4678085299486603
1ecda15121ffa27d,0.4753645856513744
47b2accb2f516cd3,0.5301863726441572
5571f2482997d163,0.5199661857710665
32897e94a9feeb0f,0.5351704946422597
3d5fedc7f245d35f,0.48758270798469683
1b4707947519036f,0.5196596725411919
3cee4d33cd4686de,0.5021786127013571
155f6d74191258a2,0.5140689861459096
3ae6a0b3d379dce4,0.4847670067581622
dab9de12664f7b0b,0.4891135740756627
cc73e04980d2167e,0.4983666035688431
be7f0f5d2c65bf06,0.4983463301384127
dea114b428048ebf,0.4696120937713736
deece306851a2a78,0.496551959426348
d1ce358b8f732eb4,0.4706677776542208
e025d916d395fc1e,0.5059677714262601
f50d9be3d733fdc9,0.4754018966497401
a6c0d8fd193f76fe,0.4806271888428871
569e045332c790a0,0.506749339055673
977114ec6d208ff4,0.46768605331465185
17faede0e698eb93,0.4781618538320833
0610c3287750d822,0.5123403953822113
58e6e26dd56a60a1,0.46421376859574304
bc263b5b32d9ae07,0.4808979529625682
8894323cc5f185da,0.46661129760700204
e8229221a1595393,0.46634977772757147
63c589b1e27997d2,0.5207956502727199
fe21e0f0344dfca8,0.5077778626382892
7e0194535136acfe,0.4764819825352691
cc859709caaa52f9,0.46817114995258147
56e7153dc35c0573,0.47791533892953697
c76e1ab42940cee5,0.49249905893112744
2ed46ca4b8d10516,0.48950668007301384
ae2f86a0a6c3b696,0.5025804210584096
a05d11d463a21a32,0.4722502478477571
89e7dc0647f4db8e,0.4985610058011746
80934ce845013628,0.49598594121479067
f66422247e89d830,0.5110391872161453
b0a301739cfa2228,0.4789311626861386
42b93c5a8b628ba5,0.4696145339287967
f74f1673a45ce9b3,0.5123690038734887
2b76aa4b82e23768,0.48566657977782846
0d6190a27ee0d6ad,0.5131279690483241
7492fbffda1eb950,0.48035468896285327
35355c2d5692cdbb,0.5262633514766323
de976dafed9c0fc3,0.5243857605867983
e2601be919261723,0.464427904064338
f56a91dde5defb60,0.47409352079695166
1a9c207021895aad,0.5374664518081504
86ec8e715d2efa2f,0.5070535063941504
7762b73652848f92,0.5126139786017483
ccd34b74bb18d71e,0.5242578439064214
eb6c259855aee52d,0.5208478653495257
7bfe956eabaf5f10,0.48748517176175427
38c6063d22fa4f9e,0.5350377650200643
46b7352aa3c8a1ba,0.5004948400003212
049fa3f6cc3a62a7,0.5366516772109626
5f77b44deef47d28,0.47502869680110327
27462f3d6cf43575,0.49657381596868855
ca854373b937b419,0.5344386447734686
1f6eb5f2da254111,0.516790103542108
9262bb44aa7937b7,0.48436961875176765
d81678051b65ebc4,0.5029038667246813
0edc1ad07f4aa86e,0.5492060728108759
a8e836b90034f123,0.4620708898246907
c729d0e49b2411cc,0.5406793120050046
db925a43365c86f3,0.494995368036769
1cda28c15e8e4170,0.5174951533452261
ef5a97a20c5118bb,0.5243391838193875
4b990b98ec734989,0.5355408715829704
a96f328dda3bc98f,0.5127978480264039
b467b21cee5c9a57,0.4714730934121604
8c1694e84b06dad7,0.48713089041766655
7b038881fb7ec965,0.5190973740672994
60e46ceca8ca6531,0.49904367515577
be2e51dc6bf61727,0.5195621341074435
f1063bee63d2cbd4,0.4882912279409056
1a3d53e660017625,0.4906028561703963
6db1dc15ad1e28e3,0.5174692855164638
34f0bfc533c2a23c,0.5070620568560547
76e738496305310c,0.48147007464053226
a76e95f0a09b03d4,0.44733551136555044
6a0d13d3e413c0e5,0.48991831638822747
e002702b095c4d9b,0.48642359821286574
435eb85f778a69f5,0.46550551830302545
5584a339491f1a03,0.5288995643213809
9a06cac14b623965,0.5153815261049426
b199a982f9480beb,0.5303643185448772
e32add368c6de44a,0.4672362374490854
34824decbc66688c,0.48800652270475736
070711d7fd9b7ea3,0.5116764490420721
a1656b509ebf749c,0.53647899770037
ee96df140d42129a,0.5251680441197555
09fb51e0fded24ab,0.48728051192425026
77e04872ab10bf20,0.5164483820954386
6b34ce0940c8c237,0.5265720358962427
8b94f16483f351e9,0.5110553146552299
a7d4f13860590306,0.4440830164521181
66537bdf81c41f46,0.5334444783912932
3014fd36c07b8950,0.4992480391805749
789380ce86c031af,0.5351007218205721
dbaee9defc780591,0.5029432789861886
bad0375f198257db,0.47611904859689463
a7b766569c6f66fe,0.4788669329618004
efd3fc92b86b90cb,0.4992366296803474
3ca6e7825d948c12,0.5092375610740668
5c73fed8f1d584c0,0.4954222715613078
cb7f45c4ee30e84d,0.5339488344434861
aac70ac68209f1cb,0.5144361328179781
fb253a15132c7c36,0.49360945928238853
4f1ad3d1864799f9,0.5262517400081361
06cc890b7c3abdd8,0.4733917162068385
48f5b50b05af6685,0.4686165017552281
8abc163b25fe8f16,0.47368096684643
5220ee550d303425,0.5137738890863843
8f7e85307eb35706,0.49589614453696373
dec525eaa4588cc8,0.5233170240984221
8a7aa7c3acead22b,0.52556212197029
0618f0627df67711,0.5150862624637556
5d9929a965640bc0,0.49647671621712147
b45f8124eea44b5f,0.47188662746954124
32e371f83b148fb6,0.5335613307485265
83b9c322c9febec6,0.4964565541633271
8bb4d82df107f45e,0.510510937869447
cc28d0d6ace393b0,0.4669545300076151
29c17f03906ad1f0,0.48042069446141933
b10cf30c243ed8c4,0.5221704945085831
85c180d755530692,0.47700583046540623
e9478d4c11f48523,0.4520160363651391
329d63bfe65d67f5,0.4785743105071407
4e7c7fbcb6fde9af,0.4683825291082113
1f2d4ca7586d9ef4,0.4709464076434443
04ff2418e503eb55,0.5163916977868828
5807d02f74d22963,0.5110308106332766
23aa15ff2408a5ed,0.49508024657954275
5c3fe62807fba6c3,0.49360636575124117
c97a3c1357c537a3,0.5110709645156577
bde91246f16123d6,0.46810758749062786
dfcf3493677dd9ae,0.4574741573068535
4a0cb390212d6320,0.5062026711996268
dd48f98a0e7c2640,0.4644264026288565
21669e26853a5beb,0.5240326893316638
c4c279dadffc28bf,0.5235896354544927
27f99b00db0702b4,0.4586394669739368
823a471435809e0c,0.5425979848221679
36d9872df73f0208,0.5075548379300471
69b691bd3b11f565,0.5101940576252094
051aab7c376493bc,0.4742073563602857
897a042cdd939f4a,0.5454130015968727
16e574aceb37758f,0.5371564481097633
7acdad670c7e177e,0.5213344879611698
af7211a4b66028fa,0.493424370956404
3b768875237c8195,0.5140344420586673
a9e4e55b286f1971,0.5022781305708395
1e42f2e9ad67815d,0.4862037153718738
0d527f8f008f8efe,0.467740616342846
4c2ccade1925c5d7,0.5022544730476551
b3a98dacc0702405,0.48545295221535
9b8e0f7bf05d953d,0.47393617333228355
7968527b42656286,0.473334580581945
caf14438584b43fa,0.47429264987306113
31e140000e0bf36b,0.4799507601446371
336acc52a893cf2f,0.4980749317573395
bce6e39fc4407c93,0.44206029286250953
d5e58bdbf23f01f5,0.4557833529333649
1ff7a8ec347ef2c7,0.481233329327441
ce432d29b214887d,0.48592687317406513
44e820df9233e162,0.5168663214871346
fd036d6641276c78,0.5034186024699526
45c36909115a7b3d,0.5298093573282416
0c18ad3d4c7f25b8,0.5268565908147205
4502d8fecdca43ef,0.5269348450800335
9bf5cf3ace55851d,0.5009604096444807
0e04a1cc15af0b5c,0.4729366791715536
86bc772734133e12,0.5087017576843014
76fda8694024d3e9,0.5219836490648315
d244839566b6672e,0.51394586253409
e165495e76c8691b,0.496105307628637
18e8d9f4f0ed1ffc,0.47783153582563387
c198ddc9a1a0f0a3,0.47105370485597786
4f15b2cd5370863e,0.4920945744053984
5b71a33a75b4b41a,0.5480161654350788
85211a41d91dfa68,0.519059400001939
31c3ad8e554acb99,0.5122917990623636
f05e3b467a207ea7,0.4431854807947306
20eea1cacbacd917,0.5277525707741924
338ac2331272bb7c,0.4924780903650185
e6740f272d44da83,0.5416462815486669
9368ba44560c50d9,0.4966601644986567
18e4039723086124,0.49941299567054165
c935d65cb1c5cfc1,0.4688190463003985
dd819f141dcc8319,0.4654276091702372
90488975d041fada,0.49833320651973795
a5aa463adede1f1b,0.5041941963609986
872ac9ef6cc6a618,0.4776654409796569
ae4040a11f651b1b,0.4990511684685103
468c82067304eb0a,0.5370722125584946
cb460a2bc70974da,0.47733936168130153
366ae30bce6f5b98,0.47891757379391353
7638518d282a3163,0.5317817563749558
633878cd7103f469,0.493581651730138
73b8cda0da8e3c6c,0.4963383034044551
b24a01610939d7fc,0.46199331488350825
99024e3163df7833,0.5379532154315141
f67fd1bdae4a88b9,0.5052446859602703
bed6a87757540498,0.4820189372888105
97afe9a3ddc497f7,0.4842660088414612
dd9f348a3e019188,0.4899357792089829
34946df4f3dcb0b6,0.5175205264401624
9444819c9eb0c9d9,0.5311846798728416
fb4483e1ad010ba7,0.46096092130725375
00c68b30c299654d,0.48726996119362165
72515cd3d8b3aa9a,0.5280927989910694
908510f96be347b0,0.5208078041016303
99a21c81b1b48573,0.5004088287536597
22f68a423b09a5d9,0.4715811281221576
e7f04cb37080c9fa,0.4582432555893485
dc02fa202a12aa6d,0.48187708060251044
10d0b7f586529eff,0.47394193385297806
ffd7b011eb85f998,0.5158714279074522
e621dd32e1b264df,0.48564648408934574
4af1a1f24964fe8a,0.5002857616939151
811ce0830dbadcca,0.469402547346504
19f0e848aacfeb93,0.5020449706298217
8d3f02ada61029a5,0.5221866915554947
1e2a07a17f935db5,0.49582353945341223
32328db851b10b18,0.4889970226485446
9ee145457cc792ea,0.5403499756204163
ad8df560233793e0,0.46315670489231053
d22762aa0ca69d56,0.5074648628521718
f8355291593dca46,0.5222826096946608
0c612654e51e01fc,0.46631716018809916
ae7e23426e25bea2,0.46524751882539267
e009b5beb1619a81,0.5233186531882419
520faa13a8c7065c,0.5388935915598819
b5f1a39aded71e0d,0.4661121127328911
de6cb6bc5b8d1640,0.49765912275658275
d51fb6ba7bb6913b,0.5279697323494927
a1375923af03ec27,0.5248912171713669
8c4b7d8e2bf037d3,0.48503484186836654
681405cfbc0dd97d,0.517024068065698
992164c7365bc333,0.54118574321569
4814a10f30ed6822,0.5078122509202632
f125562b955f34ac,0.4976281438322478
8665c174c23e0232,0.4846455743889459
c03010cc5ef028ec,0.5529553997147056
d2cbd396091301dd,0.4800752493833247
c5b700f429ada2a9,0.5122073359248974
07d97ad7c5757563,0.47695457401465124
abe88bd25b74cec2,0.5432302513096393
b5242ec51fa10803,0.4773020686435924
504c204a4b07adc1,0.4771311414486904
eb3e885ca8381431,0.49197322507337043
88019e77a7570235,0.516823720444731
4f5b5ab494b7fa3c,0.5160492570193458
ff857c8685376696,0.5051119436970631
c97ffff5899cdd5b,0.5269509147056841
06d8545946fb794f,0.5401810522006799
86a18a847664c8db,0.5175318534790398
236b7caf60e83702,0.48458557868373653
b7362d1c5e6ea485,0.4747081797398506
75a194abbc3951a6,0.5048121765412085
0739352b03f43601,0.4999776140374381
d5fb0ad6dfbebd36,0.45803651947937984
ab3267950cbf32e4,0.5015904671631407
061b96409f1ecea5,0.47618474117215126
77507cbfe35570ee,0.47012459066253476
a36af5b550eaa873,0.521363364631785
9ea7c406af2ba7ab,0.5243783525597558
f67f1e53508bf00a,0.5422060231551448
c1e4dc287c41d581,0.46597366164414633
a53a53e86b02f37d,0.5070108937767205
608291782c527827,0.48935973718927284
d0ad07399c84455b,0.5242667957273026
fc8986567718f61a,0.5432582838876654
5dc1fc6a5d643435,0.5187963756296023
5c05741c61417dc3,0.5039503480264038
d702bbe78e1fa189,0.4771676696057899
e781540ac8518204,0.46312130875700497
7dfe0b8686f2f32d,0.5135036278445214
150a93d31aae72a3,0.5002963645070201
6eef12e9a09066d4,0.522117966080017
636152d21bd16667,0.5242196672866717
c7f6af439da950c2,0.46407629634564285
27acdee466fcf485,0.5430866683094693
a8804fe9eee0fa90,0.44680134567575147
6192ee4938021f38,0.5355929028681033
fc02f9550afeac41,0.45796230990936626
7c9ba87d30178a3e,0.5475662589470316
a17444b2e1cdd78a,0.5172819179454575
83df6fde56cebe4a,0.4868165735738612
b35110acb0de3b77,0.5330831279144446
9fc1dd40acc8bff1,0.5193320790155288
0c521eb5fabcd49d,0.4973499666983573
e081802079fcf55a,0.5209802349976613
12aedbe868f79776,0.444034011218849
be8a2586f0738799,0.5032732328163328
077d63174223dbbb,0.47302350685687733
bf95a5f9268fccfc,0.4945967247004468
51ac7bebc69eaad3,0.5285320501105256
823b8b0cbed56665,0.5233028444582658
7b06037a7dc44eab,0.5450414065363275
c3468f13ce305a3e,0.5370322966171093
82906bbb278815e9,0.4747102712960112
26d93d94ea19b1b9,0.4934806562676032
d59469ecf7c3bb29,0.4871250943801163
7db5fdf7d9e7b81b,0.4813899984962601
251dd43cde3297db,0.5040874046038432
cb1945985d64f4de,0.49337179712576607
4eeb92e907af170f,0.48622829588771466
feb8fa429dd67ef4,0.4974136140175579
4de67c2419537ea6,0.4669476781336742
538e4f56402af36b,0.5359574078052273
a4cf878441380a52,0.5305393995049361
96be7b3de04ff62a,0.5135298876851788
39c3d3887c8c1a94,0.4994052437209191
1921999c1eb2c5c0,0.5305478585011685
d57e9b30000ad4ad,0.4984780653194998
7c4dea060b3cac3b,0.5318124322440597
b72576d562bd56cf,0.5187408490567424
e1b21c89aa287e10,0.4684544656131773
ea91d426f07b035a,0.48031575764591217
e3fe0ea3b0e68165,0.48262685564528696
733a4e55740edd52,0.5063177254997646
e3ec47884acfc533,0.5254691760352939
8b4fc284f4d71fb3,0.5260595808047392
ecc8c2db5ddf594a,0.4659270196391063
6a2e9bd8a0f89c66,0.4858287383128421
330cb959caca2412,0.5312029248630525
d9ec4fb651c85ebe,0.4882914303890391
059f9fe46af8bf1c,0.4884180060527609
3a4738e51c5cab59,0.5173536229636102
2defc05f8aab4fc1,0.523086690726014
5eff676251527676,0.4662667741813702
fbe244ca19447d90,0.48616179815404803
6a795f7ddcc9922b,0.47399266835814147
31e47d59215b37f6,0.49340535202642033
dc507cec24e10ba0,0.5072977303018409
a6bb01f0933df044,0.48012224578913665
8d856f853ce1deca,0.4956697642467963
6da96325a4517519,0.4884729276119926
1154f92cf57d2532,0.4529498953081751
f6f5511b39bec2b4,0.4530649171488819
52b72c128d8d91b3,0.5238129192486334
75e7fc7c7ea0f472,0.514323228374155
197817ba33606b5a,0.5196808668837223
c1951ebb86cb1446,0.5264265767821006
c4c41b18d788438d,0.5387844793236021
aa26bb9dcc890fe2,0.5122162637765286
c2c4703ee4c876c6,0.5259993405055504
4c5d7e0beffa310b,0.4714299469827664
83c908bdb66cb2b3,0.5291790574401187
f5402da16c14957e,0.483497691096881
2ab80ba80d56a41d,0.5243301468327742
1c6b71fcf804ee07,0.514705533555873
2f3e4501cfcf6dfb,0.5122003670941773
e6dae542e381015e,0.48681385768608376
eec4124d10360067,0.4579840837949829
9105a2588a4a2770,0.5154558132142641
130f75788d8a46aa,0.5074110390900861
8835b5e539659c18,0.5138247019500531
d219e6e0ab855f68,0.5136097769940637
0723230fe86de14f,0.5121489521886147
e81853b0b0f8c271,0.47592195209812593
979af46a1f611253,0.5065098691315464
945f78f066a99193,0.4885234028461668
9fd22540f39891b0,0.4725922264060237
2631c1e94bf99eb0,0.5248002271175947
41d6c34577272404,0.4987008146847073
13285c2b73770aa9,0.5011309597787058
1d2b2b68357f4992,0.47548523272173093
5e3172665089f4f1,0.5355404341278721
9f7be9231e3552f7,0.5048086199233235
6e458ab88b4204e1,0.4840876319535358
10739a7eee3e87cc,0.4707186177982077
a326839f328dce7e,0.5425923966860728
2e706184335e4bfb,0.547215108371605
e10da35ed5233e23,0.4606142052590644
85df2a159bcafca0,0.509174455491456
7e459f89aae58555,0.47260971234255533
c5733fd52fad180c,0.5027940196987466
d78be06de4424dc7,0.45721345973757466
af782e55eeec3b26,0.5131884549766296
a5428b7d3e5eb0a2,0.4969685822539311
8d920a6bdb004f92,0.552564253797396
f4be0e405024df8e,0.5159397321781125
d5059f8f88290d5d,0.4936247645587084
e368d0170d51ce4b,0.47518691254355017
d8ddb30bad626df3,0.4841343726290758
d1e892e5a070ad3b,0.4696296221279598
8a30b24e45c8dd56,0.4968751909255007
7616820e7f2f060c,0.4672887496890672
35bf1de33ef37b4e,0.5337469283996565
7fc73341974a9c57,0.5317756830886218
9f5bd41b72cee0ab,0.4765983539068051
44e5daba8a615664,0.5165026608825322
6a29aa78116608ee,0.5151033607620176
74c36fa527d5e914,0.4756623121578759
65e5065a97a00477,0.5060028136200927
2bb9d6b7e64b8108,0.4653408043607572
297129de9133a71a,0.48276823927394297
e6233ca37ff20ae1,0.5187819986141698
e6c230b1db202085,0.5259867277715821
042447db024700a4,0.46059035223550426
5347f880cf1bb93b,0.49358345769472123
f7f2f5d41652f6cc,0.4469133825410274
71ccebe269774017,0.46304564537124304
5d89474915222841,0.4698391723334791
583b0f485ee37a28,0.4824346792353069
cc5a91f4a1b878cf,0.5367768857773733
636604af09feb6f9,0.4782165925730824
9149bfd2414e1f06,0.5030761687804225
69c71a71af3a6a93,0.4751911177810696
5cab1ef744ae1f07,0.5070759484161913
2c01a13c5bd11b48,0.5252311688215536
3dd5148c39f554e1,0.46213726194001725
e55b6c8712632bca,0.4973005677291071
1e70f997f11d309b,0.4772198754177762
0b5140a69c454fd2,0.4640501138283541
bf3433f1790ded45,0.5041982284941213
848bb9f5e15ea664,0.4932769632789773
ddec6d5fb5e1d8e6,0.521006921441616
483be22ba816efd7,0.47303108981523057
c5e5341d9853e204,0.4766722800172124
21afeb4d02745cb0,0.47006204950726704
214573582fdadc69,0.4953571766200434
1584cb670481cd0c,0.5210417503732174
a5b74fec60dff97f,0.5385411332190079
500761048fa68af7,0.5221185197309662
17911ade8f9db4a9,0.5098463672559603
0d5e4ec73265e718,0.5309463239721489
9a23b511d19c5b74,0.49978141715162405
b0a68b6e9b5aa0fc,0.5218660502777928
f2408ea825dab651,0.5033378595637265
c46a0253ce15db70,0.5142898111501596
280ee758ffb1d1f5,0.48205379940992293
f120c6f37766ad60,0.4847588378299608
f0bd6e897436f50f,0.4908639485450693
d9838a74cd5c15d2,0.45318593423961195
ef4f4beebb23098c,0.5212308414543116
81e1191f9eeac89d,0.5096496082941411
38a4b85540a1d008,0.48886669348180944
583c98e432bf450e,0.5141681517157421
9319566dff410e11,0.5226281795993186
967a61a65ca3958f,0.4732004466831936
78d063e4b7ce7f7e,0.4979245283212328
d2f8e62df2e4ba25,0.4989229920715551
810d2f780629077a,0.525383061384608
3515d882b6639805,0.4980042534203593
11e50493155c9e73,0.5380336300381894
4ed708372af004b4,0.5265186099661274
c4e45da34ddf3b44,0.5070066130393192
c8a93dd49c2a92bb,0.5315978702544303
0db19fe44a9a780e,0.4750567699894077
2b3538d47f1c15b4,0.477824931013549
c3310c72d9734462,0.5114206531724748
14085746773f19af,0.46758742072387527
556db80d967a1693,0.47660211587257845
43fc5ae409f4f500,0.5223255962707841
081a87f22c3b38c2,0.5437145519134465
d375cbc133ed4f4e,0.5125593760258336
5ad546feb694ad21,0.49513525469268677
4f93720827de0ed1,0.4881548596644981
3aa17624d6ff3bda,0.46943981906793003
9242e8dc12c52248,0.5035407458995058
6842dfe6284804e1,0.5299609777050865
0d73a6a834744d44,0.490522802494083
0830204cd861c6bf,0.47956237094817766
66161f0924e78225,0.510599872243813
496464a4d50db8c5,0.5192992756243923
06324bbe66728955,0.5423777426583614
14f78d4e391911eb,0.4732025020643982
2b82c80f72759096,0.474201381785583
098ac1d81b9e8c1e,0.5455697296553944
1b76ea6cbf734ce4,0.4752086323792444
0500bc92e5b55537,0.4674441228765489
ac5aed573f280b25,0.4738964872838747
ea03975f1d5baea3,0.49193618201441003
88b17a552fbab232,0.5130760631415989
b8de7af9fcdbf382,0.5243174820403227
1200abef5b424cb7,0.46543725307622763
31b60e9d8cfa862c,0.4827090017140969
893db3bdf6bcd36a,0.5201586640948848
ceb6b035da1d3d7a,0.5100536195771351
4ec436f2d7284b90,0.4762061366740351
8aed9038981199a5,0.49232773012017783
0004c2d09b2a5399,0.5042799367684999
5205db0c297b51cf,0.513715882040597
fa00a8d5645e29e8,0.4825029669986156
e059a125b2f75271,0.5370417936467459
0a245e9039a475ae,0.5153656398939283
f6dd2588e26ea334,0.5094322587386331
973b401c5b3a29bc,0.5136819257295513
3c3d0acff02d8d77,0.5251462193787453
29614e0f15db6e61,0.5006035846601107
59556138531e1193,0.46655208540115933
6864e194fe467f06,0.49185227164357037
92d1a78a0805f085,0.49868473151658443
673c83d5875338f6,0.5313969308641053
97b9da49283296e1,0.4599031218167331
8e266443d27cb222,0.4973954598417738
01740ec6cd7d3fe6,0.5285373328366241
bf22ef3c96b1cf8c,0.460298804170868
eceff6a46e6bb846,0.4742861319028071
595cd3775c548381,0.4753249172140063
dc88015ad74c395c,0.492284510946697
1d829ac1fba966c2,0.47461526657962494
7af5a547c0ff87df,0.4883126718268789
42082090188c20fe,0.5380072481781782
f7c6df36a4354bbd,0.4800239913421605
fa583dbce17dca3f,0.5044396932370783
31b430017b021b90,0.5277297495595037
7efc9cb13b2def86,0.5255775850090411
d06fda4e5bcfc129,0.5363763112008884
72cb2bb85767bcac,0.5268870257882318
50f1226e03b9f878,0.4838093346134953
24eed0e6d7789047,0.5110256338853346
d026da38fc55bfdd,0.48693817599347694
47c591c2bae2052d,0.4893854391356046
92966f857e0e8aaf,0.4905753141410889
56b22e07fb9e4c9f,0.5348210703875584
95e7a0024d29a8e8,0.5280186651882912
77413f2ce0fc0b0d,0.4979879792934392
169ad5f354082bda,0.4900464158388508
cb6a3ddb00bb4caf,0.5373160335407916
c1351ef23bdee19f,0.49799069692929565
23e0eeea647bf809,0.49811574508716305
52cb9f8084c2979d,0.5131176737223451
7f071403034451bd,0.5395039277155063
64c6b8a675d8d210,0.5058910236007337
25bcfd9c6c4bc119,0.49307079201451964
68234d071437f6c1,0.4718534057562044
cdba54b09ad0a5e0,0.4841520323692359
8b2a453d25a9793d,0.5397283301843426
379b3cf15b5cd618,0.4732841072192438
04f8b3d8fbcd3c09,0.47151389453285053
8db2aa7a87a0b0b0,0.5127921377544166
09904cf5297e4c52,0.5070843327523051
e5d6021439d46003,0.5127828395979203
87a2e4212129d19c,0.5398537064395319
e218c57596992271,0.5220663157150456
18b98da5b42722da,0.5098286713614099
449920a89db3ac7d,0.5481019504220264
9ce041cdc0639315,0.5141731670337142
722f357fdbd5c880,0.5065230687745269
d468cd43dc6a08bd,0.5443083116547033
9700c7a3ef819ef3,0.5315819419695496
b7f1d881f8c72980,0.44326551465605235
b23236c476c94144,0.5374336424049925
18dd1046074e1b37,0.5003598258991493
55f227029ee88bf8,0.4742072997807899
5e3b8e365345db58,0.4808827502779299
d97a5d6269148ed6,0.5007720960233109
ec6dfb974b3c0b88,0.5227218088550346
7ff4153e9bc66bd5,0.5244616679701364
70ade30377aa52d0,0.5095588613570501
e81c74c9a5e64310,0.5292890099986212
27609b892f19ce38,0.4741078641430083
665fe4d9e267c32d,0.5215204513515932
e4efa861a25c36f2,0.5074598572994498
707cf306deb0ca20,0.47388517661524476
53a0fc682407a107,0.5253074351198213
4bd91ec011ba7743,0.4791883330155453
3b7c880189ffdf65,0.5019783117575314
c5f1834657b1d9a8,0.5206281557980211
60a043d7036ea402,0.47527645339170443
d69dc65f9a8e3647,0.49883492322260015
c3978282c1335961,0.514046327811068
248bcc5d97740cb9,0.49695279058657904
ba074101d0551828,0.508670607064316
f22fd6cc76b9eb99,0.4516285643275506
cad3b5acbccd1a75,0.46847808139840064
4e3d749c5d0d8b99,0.518983221734882
1024028ec93908ac,0.5486536112103484
db5f96700f81e32e,0.5171956540053831
d00456f5c537affe,0.48297432051575084
ae6c9a4ac1923d77,0.4733837691441599
5c4ef0457f9b795e,0.5013529451407708
a36087b510ed1bbe,0.53542058371889
9700dc3668cb0d40,0.43677834178678954
e404394c28efb780,0.4753705619535906
0720a1b755cf55ed,0.5118240304305817
035439e10d353f33,0.48248047091979707
53421be12c0c7d0a,0.5281100213344004
c76422f9c7f1c224,0.4681714068413845
ca75e192477ae30e,0.4922434833743471
480e9e2f5f6eac7f,0.5216400577835649
b1b0c9414a07e81e,0.4638973041269945
e09f31da0edae6b7,0.47114169010561724
9386dbd09f1eea31,0.4931760361491998
4027ad13f744ab47,0.5278312541278173
dd57f9a9617410f2,0.5221445890070009
53816ae08db4500d,0.504258574247043
d39479f04b318c0d,0.5319265709928735
5223cd189c2850d3,0.49180273526501467
8c0a9ec776187a0a,0.47805256076215463
387c460bf9c82eed,0.5123903635157563
1fd31e1faa118ee6,0.4684608982326087
49fba05cb591b00c,0.478764856305444
bd80ada68eebd0b9,0.4948023745128882
0e3f686f072a8a0c,0.4863298964152919
84925d826d461c4d,0.5265775604193941
a7badd0bb8ead7cc,0.4900416680455437
e2c838fd32fbb729,0.4919188535626734
3a6cf220f53b4cb4,0.5083396726508753
9dacb79ad9fcf34d,0.5050388269781597
92aa4c1f7f258a86,0.5141011351795988
c85e22a117db207d,0.48679949561158675
c5acfefdb9e64f54,0.49318287527587334
26015640e05a3378,0.4904785478681857
834b3501453f5c5c,0.5069080631052663
42af151534cbcca4,0.4911532252276126
6342222ab4bd07c5,0.5256415325145664
cec95d0eb86b553d,0.49516356027954767
b4129a57f4c5c1ca,0.49664181348915826
8b51d76d9c838743,0.4932455056003169
36d6124fdfb6b5fe,0.4873644449344289
2212f9196bf749b0,0.5351703646914253
fe9345df75362fb9,0.5050784956931638
75774ccf0b19e8bd,0.47692132842118184
026c096720d1702d,0.5234902209856072
6aca91fcef83cdf6,0.4965516438295058
8fc4c42ef85eb9e6,0.5441087184327259
1b64496c26985a3d,0.4794440208401396
591d0017ec185df0,0.49944014277106097
028968c773b11f62,0.5170361349807976
3a09eb47d1ba4acc,0.4514906877193178
000019235d24a363,0.516671997455639
ac5122e50d1ce8c3,0.5015149532552857
7d4feba02220abf7,0.454904942921053
e59a3b16b4a6d416,0.5193579101209181
84a820be4f12f7cf,0.47691899833790485
2f535756a73607c7,0.5347320084136961
fe5a15197d453416,0.45620523477829455
dfe7a446a8aeb1c9,0.4679442325119614
0ba28eeeb91393c6,0.4974812221105476
6cbf1767b759c6cd,0.5099928070116679
a6e42b03d097a184,0.5208992125838589
da6efa9d56a293d8,0.5169951975544911
20eb958ac40ae3ec,0.46664177434246756
861472b884b8b80b,0.5390826538970708
83313fb5d3e30121,0.4778379583130615
75c00015b88462e9,0.5460926640393575
abad9a6070f32056,0.49937661119183935
dbb0ac574180786c,0.5346676622844231
1ff23956ddb48080,0.5284003420966452
1030748990c873e0,0.5020292740202726
3b392b51ebbe98a8,0.5242399150683248
9bd3ce96b5220545,0.47545084777139
e80afbedc991fe85,0.5292241216597486
b892e30bd65f1cf7,0.46321801098851373
45be6aeb64cd6e75,0.49061329338898974
10b2dab220d2112a,0.5264109026542207
397e2c46ae990a0c,0.4903422164488276
19d3b02c14e869e0,0.47473575769047105
cd4dc389be000277,0.5319645787858792
fddeaaa21cf9f333,0.47912771401042853
c73cf810b1eec5b7,0.4649703144324354
2d89c6930c494b36,0.4873986489140168
731c1ccc4e036603,0.46680633488907486
a9448f44773fe67d,0.5276727426789269
89d7d09573e87744,0.5262730571583695
09a1c2b53c31bc10,0.5303240513938213
6c6319f9764e8514,0.5504661496235312
f56bb1ad09aacd4d,0.5345280455867709
a49d99323a265849,0.4505580041127357
3ee9be6434e0e715,0.5103902982575617
875debef7413e1cb,0.500828035410208
a2d775ceeadd24c4,0.5258305288292041
18c8aaea7c834671,0.5537486437006278
df0c46251bada9cd,0.5220747348242244
aab9add2fbc56aa9,0.4877119136917982
a6fc3e9da5c8e555,0.4517749636512154
f637661db81b90bf,0.5471142388427501
33f67c649066e956,0.47488595283094814
86c73cb2d30683cb,0.5223620469365622
b5c00f8557fcf692,0.49283789201630207
a2c9a8f18d345227,0.5268352677655769
5ec5cdcb7ea71186,0.5021386551591154
0f3e463f9177f7f5,0.5133317058486125
4e7f08dff5d4d708,0.5223984185823068
3bf84009bb5fc3d5,0.5293319777503308
51395fde52e82c96,0.5284878625423162
11111626d4279259,0.5020602461031055
ae179d72addf4dc6,0.47468867651652963
e88ef89c0abd640c,0.45672752489568325
c514af589b1c5c49,0.4731211010680616
ff07eef5fb056c81,0.5253294095752431
96fcc4e5d6f59237,0.5468571435573538
28c21a0768568fe3,0.5324889455870451
73627db8491905c4,0.4822685330952029
99467bd1e0347c4f,0.464966409909092
f68ba1afefa7c356,0.5467417194013676
f2dc825ecdbac412,0.47799754722311016
4aba146c1a03941e,0.4944575182701204
80d5d6de30bce75a,0.49245864415992696
07139bc3c4fbcf8e,0.5292809547469801
e20fe10aec859d4a,0.5353584479568921
7ede37b476b9198b,0.4973934640632136
13f259dd7b600fe1,0.49215938304899876
351f432cde665f41,0.47486676633215186
a0721905432fac03,0.5357013652850866
c64298a4451fa34e,0.514204608503225
4498869b991b879d,0.5280945954440455
17636075cadd05b7,0.5153880140390833
f1a1bbb6f878a877,0.48337931081562535
0eb6903ad4fa3f90,0.4865961071623456
3188bea8d6f5b35b,0.5195239284455865
c4c409536eb6c51a,0.48614145912951723
d280dab3667294dd,0.5224011271624277
52c6f5f136513403,0.4945124256904766
5090d67fa1877997,0.48236419487341753
16b61b14def64393,0.520757234985322
baafe2fb18314839,0.47074939666002297
4dd870bba94a4e61,0.4939244944907595
09dc62cfe943169d,0.4761654177096383
c479d440fcf7aa16,0.5245604525444002
8afc03aa50ceaa11,0.538066329264373
edde45a77638faf8,0.465339246119558
6d7692d9c32c3019,0.4866152194980261
5732b6767099399b,0.48465778286760985
17d91b5e97f3116f,0.4848065332926329
0d8f39533be9f182,0.5145453729485288
fde5949373183adb,0.541968168942891
958e0e17661293ac,0.5421636661411656
c5216e7c4a482059,0.4758396982413834
903c649790deba31,0.4687940912328884
4a0069fc3386e06c,0.5286993448963139
a8ed067c70e68299,0.5358371244484492
2739c45027efcd82,0.4926955087434317
9cebb6633780881d,0.5502365243842844
61795ee62a8075d9,0.4851236516252534
58f2b934b0d49345,0.5224586004887962
dae79d85843b121b,0.4701778702715683
2a1568df2de08c44,0.5129305579741398
ee4fd2a6e3a78dff,0.505511355029689
b757cce25b9c26a4,0.47103534356708826
66ff45cad74a6679,0.49698593642299715
b0017bdcd541c6d4,0.4765184734994136
a3f277c9b5c91e67,0.4647071813638503
a5cf1cd034f1cbe7,0.5194927570611626
68c1e518bbf4e77b,0.47157494854918236
39bc60ddd2106538,0.5258235339315387
6efa72d0df99c34d,0.5308027026993282
ba7209f117ae9238,0.5478744437896086
7c5bee138819f339,0.49128192718285624
0a18482d62e5cb36,0.5057492260954826
8e35efabb244500d,0.49124829537357384
43a9275d59ca040c,0.5243221115983535
481df5704a84657c,0.4679358705512609
4d8d82c65a5b6227,0.5142780867111902
f93eec03effd7d38,0.5352323967409144
3ffdcb2a25a0754d,0.5197413353106703
95109279ae9a6a9e,0.5311073275306899
d6ee9c0efd68efce,0.4942744865250028
74c4894e7bd0708d,0.5195849890189289
d33fec8f45769c79,0.50322874672076
8fa4532d6a6caae1,0.46947866039649755
3dff5467e3be88a2,0.51589985851625
fc6d9a8363c4609c,0.47244373944052465
c9cec12908a9bfc4,0.4833248481854448
a971fe519809a939,0.491528824599401
5ef5d379d20d65e1,0.5052539153864068
e3fb799669853199,0.5129329805170946
6f8c415e8466353c,0.4857630467795778
6a84824f0fe20d4b,0.48929905290882336
8cfc43e4b7c26f14,0.4823472896556411
de7c6a12dea21dcb,0.5288848946226539
d478e64abc5e2623,0.5072842201588685
437101bfe8957347,0.5072198155066472
6e285e3b9740ddd7,0.5098266765494347
c3ad227a535c2fe2,0.5348369067166197
8f43b3a85065f086,0.5167810505622841
90aa3a900822f96a,0.5103513501316397
c9000a6868faa0ce,0.5362791194009563
32a000ae2024ab05,0.46780855521011816
c4605d1a5e5e5f5a,0.5246366290736612
892acb659d8cf3f0,0.49385783974530734
c69855f3bb4ca032,0.46916202143859964
edf73aedf6b35217,0.48490075615490347
8877ec8e52d1ecc5,0.4600604698812325
fa3630178cfa8ffa,0.46604327613784774
9f5f7129d1af2116,0.5010566977320411
5e7e17e9ef20547d,0.539467760896654
a0bb691eee0adcbc,0.45593711518705715
47aa950ec1d03709,0.4827210945316166
89b3fd466c092666,0.4492349829452108
f58ae0404d156690,0.45448552181632185
766c4ba6be3c0785,0.5221187508887293
eb2e4b71d64f3173,0.5317469406876248
4912ee4332177555,0.5148522595235548
2bef19c70fa1eb95,0.4798672347351067
c6686c6fb6297feb,0.5447505816897471
67508ac580fa166b,0.527592959169963
ff311f69cd822985,0.4910122752836883
bfff1dc879c76509,0.503402956263353
3d1fb3f5ce631cd6,0.5279614931347985
cc268338bd6cf9ca,0.5341148252341936
d5798960a3e8183a,0.4974050566044684
11d573b74ae9ba82,0.5125207035891346
8c8705f908dede75,0.5447042897427024
ed2bfbed36ac2b84,0.5203283817458229
89361517fc2f10d5,0.5272498397569612
1626bf6a9e33402d,0.5240425441211265
549de17e617d4cb1,0.45864497089031975
241acccc8c4c5c98,0.5208167074630151
ea3cd2074cfdd18b,0.458038682511413
3482477cef332442,0.5151087428098615
4f0e6d903964496b,0.4798332422216842
55f5ac50a1704cc5,0.5029739349854591
2754a911af5ae6ac,0.48061130329340074
f2e293367584282c,0.5361165535532133
2efb3cb92bcc9b98,0.4622854127944509
5896699316dc3ab8,0.4937038490210952
2d0483ceb9c643bb,0.5166435660207881
efc8974e6723a58f,0.4800571143507213
a6a0006f726c94b1,0.5397847829272502
6f5c59612f3c92fc,0.5392186542199513
c78209036cd357a4,0.525782791004747
db9a3030e417457d,0.4696778050202287
99988b482a1d195f,0.5278606560927953
52e13ab6586efd97,0.5179062738262701
3e8fbcc54eca7fca,0.498441662941838
5bd1113a10668c30,0.4637789714140579
4bef48512ade85b6,0.4771122485038009
2882464c483cd0f8,0.4829035738083094
079b1ed9350bf75b,0.5012925821846934
7063caa968c586c4,0.46475429557648806
ec19c34addb8624f,0.4995661322318573
8cbafbdb15a9de28,0.4727959447555079
a38115fdbf75c1c5,0.5319392386096728
6d8390c7927568de,0.47101019626913865
00981f14236ef71d,0.5146013925002801
12f84fa2b4c572e1,0.4612883813379377
ca5bb700586628a5,0.4624831157738633
4a7058a9b89ae975,0.48095804356105565
878bc0b3326ea889,0.4625047558388781
57f748e3454293d9,0.528392229058991
07949795ad3e2e93,0.5047831240858085
8cfaf8d91ea4f1c0,0.47342785534091547
0973b331fb200feb,0.5499339440274843
fe33cc8c6e5126c9,0.4702632647616227
95338421b02d6100,0.5261624678603158
6d14e413603d239b,0.5257043101815181
8dd0a5354bcc36ad,0.5302402283446778
73e26e96853b1101,0.4751570038824006
1d9173dbd30bfa8b,0.5369430606922315
b8164626d047cbb3,0.5005957306706513
0fb7907993c4b37f,0.5298628338978111
59ee8f98bf511a26,0.5021879378056935
0c3008cd7e493e83,0.5386482781121489
ca16172c325cea2f,0.47827283135452736
2bca85f81b167432,0.5426564119827937
22fee0166c140a09,0.5292434177082673
e2724c0840a5145f,0.5048021008116768
f36672a2c0e1cfac,0.4525361022094545
1fb583d94ee99482,0.5243573378752053
02f264a344c830ab,0.5240607319388656
4da6645d6969cd52,0.47095110153421615
44dc081e8f45104c,0.5172661809210037
2c2b2f0c44e4f0d6,0.4727669841668097
36b10927a5ef8124,0.5354779180489713
c1aaa1a11b02c7a6,0.4980222032354057
052a4c4d54a4bc92,0.5260264319794484
d52322d3a4091590,0.4647839806411739
836f3b0ea82976dd,0.49131046168925363
76fb069dc8449b55,0.5137525991513441
9c73e1140fc59c02,0.4687422039929066
ae6c780a01769bbd,0.4827036010920549
ef3be0cbdd14848e,0.47013594842990164
3599f0b9c0feb095,0.45669433222788125
88664205bb714f9a,0.48086862922927437
b978ad9fbc2debb9,0.5097186090680945
c82c9b618c165d10,0.48893411922272073
0b15c07bf352553a,0.5359904562907738
7891a28610913711,0.5053510405468188
ad4639fd4e49662d,0.4603265164356655
08bf7df7a564e646,0.4823855554102903
7ed362e9d16716d9,0.46795624276873016
0ad5b72ef7c0ed2b,0.5201076826992457
511e654ff2a5008d,0.5123632103449464
c2cd9bde4b5e7a21,0.5264379207225041
5b3e02e26bec5e7b,0.5396868229185028
89c64c8f9efcecb3,0.5091912399615206
a8f6c6e3e62d6b71,0.4721219722113191
019cc0b8962f5cc0,0.5227035722110449
bc4e4242db6ccd37,0.4607821628993357
3fff2ee4dbde3d85,0.4977696048459692
dc37fcbe553235d5,0.47588354998987387
3bd0b86bbb97a337,0.48362919219302936
4992d9bc07447302,0.4634424915930613
bfdf1c0f0ba7cdac,0.5279921506250779
a6ab2d1d53fe912a,0.47445716539463306
1891df3302c7b348,0.45732229626406595
b9959e103e10b920,0.4911831057995292
0ef3c10f8c9072d3,0.5011390828318256
a10619d97fb76c2d,0.4717986728969775
0863a38392b70b67,0.48761042119894143
60b64acaf466a536,0.5073765181905999
12e3e5d6d9c41e98,0.5207083184276533
9523154e7d045c29,0.5342743694516849
c75a93ff5b4249af,0.4930663537546194
254953a015ac6eeb,0.5361566289502673
800fca2f6db1274a,0.47814217176998064
495cb7b810650027,0.4657472538817151
32f2ab9bccd62523,0.487511122086143
710c1a24eaeead5b,0.487350016628297
bc05e8a0b1a36967,0.5067721573157651
7f9c858cee39c32f,0.4961371371957168
d943890ab2a0dabc,0.511714960703474
e8365a58644b452e,0.5197092721693652
8b6555b1e2375ec2,0.5387073841615997
2d05b7a2752c3cd7,0.48145932906077316
cae674aba0ce36bd,0.531129985649592
ded2185f98f5d222,0.5330178834507142
5aa4335a084d6172,0.5134455460597805
ea84e8283949a22b,0.5265293260547625
e05b38abdcb5ba20,0.4519694612875381
1a8232cb16668217,0.47275835485282447
964453e5682c98dc,0.4985010720499474
6220fee3bc1e75ff,0.5365945357728488
44c74ce2f7dfda22,0.5405838571616599
0e420abbb67f6653,0.5500690335394206
381d753868abf15f,0.47760821198334225
c90e0c45f7fc22d0,0.4750859680049608
28cc75a35f51a8f5,0.5344108894716472
3ec9f6c06061e5fe,0.5261269549841704
b014ddae55b634f3,0.47367590580419083
90879b42c1e54236,0.5086327016299148
7e62b4fce61bbae5,0.5161608773721972
6e384e2ddbb3399a,0.4934597746050222
6f07849a73f44a97,0.5484957508489691
f48a2f5d095509de,0.4970393942367054
ba999a22ce5b3fa3,0.5405528536202573
ba9181802cbd9401,0.5291135280908977
bd73bd26225890fa,0.49198260252068116
64c38fe6742e3036,0.4877850991444891
df243043992dea1a,0.5066725805840016
0119114d3ccf9eba,0.5366856459916398
f21453041c1dbfb2,0.5133369640810372
65850a53164c135e,0.48076946805363285
48527244bf10d792,0.506932044729184
cd4848b0c5d09b82,0.4791468707027611
d29250c293d24f3b,0.5291408764844473
8e49853ead7a7782,0.48126144209088684
c4468c09563855e0,0.4923296491683452
06fbbe29034b7d22,0.45278472953200044
85f4de85a28f72e5,0.5211197208910053
61a2fd323396df30,0.4754780025326093
57131a5c1fd27b0a,0.5111171183301721
97148caf47baee80,0.5272741053169223
bc00a7f9820c18b9,0.4783846083387
0774fb3a81023543,0.49550391496823887
26fce92bc23cb74d,0.5333294384871017
c97cd71a9a738f03,0.49811641214046376
e241738a2d4f1fbd,0.5288759001931994
da7df03e550c90ab,0.4981986662062902
35c07da89ceda890,0.5106722408876598
5cf499e1908cd296,0.5059740007063808
d8e67e20d907c472,0.49162982941244565
f3135343f9e7c1fc,0.5325612919754449
35e24477ff3e4121,0.4962991999428471
ad3c1d21283a66e7,0.5114271196292348
fa88a2d04837aa67,0.5157275172178453
3d8cc5538995bbb1,0.457746553189887
2cd57b0959ffa8b8,0.4774732137588422
abf05406b1a91bf6,0.529694369797873
0f7b3fdc5d781296,0.5296146457784427
03365bdfcc4be998,0.5014563269370285
b46302fe840c3d5c,0.5170451791516733
b1f966468fc49840,0.4925467590210678
6adafe7e6a6e6865,0.5301605071598776
e92c7a5333472aa1,0.506028553321507
7eabeacacbf8b37c,0.49467909760823603
655d9a938cd682a0,0.5308555534394167
a26607cfecac0d77,0.503243921833734
8d29e784c2fbc4ca,0.5309299058172159
0552a72825b82f4f,0.49206572990629516
8db26f10038d6705,0.4666951570915998
0eb4f40d8b4a0e29,0.4995753032070251
a1caff7700882d18,0.5096918377806035
ee70a37197156928,0.46771829340612786
6de1b2f62b6369e2,0.5304435558819289
9c2d074867b45c86,0.4821633972865894
36c975ccff63cd9a,0.5152989101147485
eac85b26c054de88,0.5133595832726157
318d374ee2d57a71,0.49376697493283844
ea743176167975bc,0.5032214433453905
3ab9fd28956b4c1d,0.46963854387159676
478582ec139d868b,0.5256534426543853
fb9d44e71840eb0a,0.4709041109793277
bd4fd0a37b2b9312,0.49890167021179077
5dffe03302a0fce9,0.531064853823857
d94e1f4138ee9631,0.48839842419672586
298ced22f474a1c7,0.4855849261429206
0268d1d90c8858ff,0.5012654747038744
84cf6eb7514ea305,0.4777983385237084
95d0de11255bad7e,0.46952885250354315
9df308f6f0758e94,0.5280993024865422
b0fb6fef1f3a5762,0.5083716797816673
3fe46d292459737f,0.4634984387126381
6bf62b52eaee324d,0.46655517942588176
8b6a50f8f0d1474f,0.5238539134292437
89833118f346eb37,0.4743210908229466
48fd781830adf147,0.5276548094226461
209845b666a00820,0.48005626608330765
f23faebe09506cb7,0.5179826588019754
5f9584bc58bae0e2,0.4798354010857481
a08d713f9ab75910,0.48949761640934153
5c4f577995e30921,0.5378918377257618
db21d37dde61a7e5,0.500117440336638
d22dc3977ccf9208,0.5032612384362359
d0fab5e12cd60c77,0.4700791096048577
5293676c6774f75b,0.4859859935543376
d3ae1f0b7031a78a,0.4745353495516887
bf57f1265cfe2fc2,0.4882723506773145
468b54d83b570a50,0.4848356249050064
134c07b69f25f030,0.5176777397928825
2cfa14158d7d3661,0.5048780342071182
a87b1a98b2c48b05,0.47827914612257416
c0bed62168e9892d,0.4969240923365776
fc44e0d5137363f1,0.4772994252017
1247308f81ebf41c,0.4612225118467863
083caac4b6cb4eba,0.5246708010565448
a9d470ae3ce0af34,0.45566789448075085
935c423d001e7dda,0.4703138808258533
d096b8795c71a6e2,0.5472842833467891
2acc0dd1e03e59b3,0.49790409626461435
bdba30d6e4c5095a,0.4800921156189355
57b0ac86659a9329,0.5168541663557339
23d831dd1ba487be,0.47509361658483507
628b14a47b392334,0.5177318603856663
76a400c7177ea365,0.5086084409817133
86ab9bf8f20612b3,0.5001435850474303
fb26e948e7444ee8,0.5093153421960458
367ec7e6bfbfc6a1,0.5274499790445949
efb297fa666f7cca,0.51344827145231
0a0f715a63ed4738,0.48789227303860616
00b759c30fbbcbd4,0.5258339045860196
4c133deea22458f5,0.5365788502927372
b354cc89789a3136,0.5146600067019496
f3595bdad2050118,0.4741538281126973
2171a4f574746f33,0.5007723553457142
ce89301fff62a739,0.48318736888818636
f4786178a6026169,0.497339220573609
e1db1fa3be2d2bde,0.4965987364345139
05b896a0d6b00e98,0.4552105070056353
89658e4ea0b49c47,0.5225107569638185
db78c841ae5796ca,0.5003181205656568
6af4698b636d1c84,0.47734236438773936
be3f82b0567a0962,0.4689133322203407
1dbeb642447425a9,0.4647066700644038
eec325cdb9dc0154,0.5063066507978291
cab58c1297ee8294,0.5182546048871006
97e9bafef493dc0c,0.49320018791606235
c738edb5352110f8,0.490479965317032
fe298587b58a6ac7,0.5249938585978269
b01b2bff457f7030,0.4924395796564911
599065c0cda14c65,0.5236832211281955
feb91e47c3d327b0,0.4677646583029158
1b0d5c427077f7e9,0.4949904159238554
6c1338d0338c0bca,0.5280069214210502
aec29f6d68d9e001,0.4649430764557926
c6567adae6722bc2,0.5056351318815561
c6e04efe9811e16f,0.48001329734444736
eb86688c957ec913,0.5094438380116242
a450a6576dc20dbd,0.4973871723046871
b700f2322066f731,0.5189235428844462
a4302475b7326abd,0.5456638149129858
af5f8038b513a4c1,0.4978173046994048
0d73ab8c4cb1fa9d,0.5349526331394875
8ca59ee3a85773df,0.48194590946830185
e3f7ceafab0856f5,0.4612953712998502
2445f30cdcdf58f8,0.5156202113745992
23b0f57c015407cb,0.4734515749449037
2750f1a3f3525b16,0.45925090427205084
4d1502e6806c5f5f,0.49600455644474195
9cd2cc7d553443cf,0.4900813664744662
5e314b952cc18869,0.5058455272490777
e8851ddb49233587,0.5230347870403776
6339c240bbb14c01,0.4831125804023383
196ca6bac51b24e0,0.5290099953634281
ff664b7817ef187d,0.46420828617387866
1f50f2cb8e01a9d2,0.48178551211619625
f655a99b43cc6c6f,0.4691297860395165
2dc6d88fd87d67db,0.5020330013158091
b61c9fd4a46a6bff,0.4547066354832846
478a862e9bd10007,0.5026035358201497
0b9c9bb9e3bd1c5c,0.4688366723094858
8ba72175f80e2cb8,0.499578321649603
80bd1c42bca86409,0.5145443062020673
ee7025a20728385f,0.4906153929006245
a94a734822cd1066,0.4959947612339303
9e445d829547acdf,0.5142340469242228
d08fa8b4d19b0300,0.5304755738199634
8ef8adecee83165a,0.5333021307381065
476933f8311d441a,0.5289599031676762
fd9f323abdfccd58,0.4855223954966934
fde943f5062e49d2,0.5071221924830049
32e1723a53483290,0.4846950268494188
3189ae9ce5829fb1,0.5360930391120229
a691ae869c7c7c20,0.5117544887460914
aec6a61870dceefa,0.49649583993245455
301339e42c2fd935,0.5022650314595491
33bdb599f03ad3cc,0.4652930857788813
ef958079692354ec,0.5465772917773294
6b9de167c2e2a382,0.49579968046238987
81a3aaebe87a402c,0.4892866756171257
78734bb73a549d35,0.5082996244792976
801a31247ebc0426,0.49330370972660625
703c72ed057e80ad,0.5276470486229445
d512ce41ff14126d,0.4750736956391448
b14adfc6f2de5274,0.5078868395321102
3ffc252e11d8a5c7,0.47734565471489754
dd94c4e414636803,0.48927913820480395
089a1dca65e44b84,0.4971456815359163
95e32e732db3ccdb,0.4860094877897893
aca38e8f736ef297,0.44610325199378953
78b2b40abd748fc2,0.5095739829102492
2595c73b081498d2,0.45555101308483775
4821901eb98463cf,0.5247944197415232
81f36fdaf2813666,0.48325909768707087
1e80444ce87788eb,0.5128228790188193
47c976d0b2db324a,0.46615841869541774
76e7956f7212a4d7,0.4784653837797642
2f42d37419bdab8f,0.5311519480981095
460717034c7c127a,0.5254053372602928
f46b154a36f88b49,0.5166106304371627
af4a2f1334861acc,0.5352895389331018
cf562fd6a1ec6763,0.4958523094774878
a58fda4597ded16e,0.47954047891983
7c5b545797c724f6,0.5231716622426064
cd2d2cade053f8e7,0.5119016209707999
0d42478d5f847ddc,0.48981493207267934
fcdbc1ca107a390e,0.5112226322106063
4a6cd78198d5a5ce,0.5294813831223496
13c39c2f8d3cd810,0.45677776255218766
c79d8a5d80e7f04c,0.4538393502673729
51a701717aef4136,0.5394761509740081
4e8d630667c21f23,0.491912564354286
9b8e9dc382061f91,0.48136916662651474
fddd94710360c28b,0.4854002179110444
2c33fa5f3f2d5e24,0.4638878223193573
3ca87064dc34dde6,0.5166642288204295
c9d8edd3fb7bf971,0.4975744880639978
d582a1a34b5b977c,0.5446287412091694
2fd593bbcde3caa3,0.5318819101750742
d2f2308d5fd09adb,0.4832763079412347
dc6fdbb3f28f8f2f,0.5157945155054133
ba8e32a15085aa3a,0.5289978814112883
3ecab659633b8be1,0.5411704595778482
80f14a6b7deb5266,0.5017111004031061
6809016a071b3b5e,0.5292420503881616
d26156516af475ee,0.4942313572165017
7946e76f5438edcc,0.5096360818734669
b11ee2ead8527494,0.5107308325939497
03e49d963acfe851,0.47961603558707255
4a3e2db752cc071f,0.544908503281884
6e5157888073a37b,0.5326028687188626
1f7bd653103f1863,0.49923077999733234
5cc0f066c9d8a28c,0.5287249333306109
61240fe8a4dc9a2d,0.49536140904190773
ab6cae9885409088,0.5289246983956257
c4e40432b0ffcfda,0.521177254779748
1f7fbe6992fe8f33,0.48959428190033927
94953e6bc4d48c7a,0.49112539524853477
e1f4fd779b279dca,0.5234859357614692
38ccb655faf1cbcc,0.48457457580386176
dcc976ac3a08e676,0.4555102240944459
8a586d58683ab8fd,0.5409607094914726
9d1f98568599273a,0.4608015940366702
f5a4bf16401623fa,0.5235707796065852
42c6f25951f7db7b,0.49277325541454053
673b99f498fb7880,0.5050217619550987
e4f2c6820273bf2b,0.5320742768686134
8e7d37f34a1f3efa,0.535493492861961
ec4bdd78abd81c4d,0.5129148544785298
a15343296b9f6f42,0.5191569165675598
dd76563555eb67b5,0.533270982373486
3ce8de8291ffa6a6,0.5281595470051142
1d036919bb298ab6,0.48561502643125076
9579b233e83fe284,0.4640343136091243
be5c561435858f1c,0.5334814424405027
5cf1d9bf22b73559,0.5244490711334056
d5e3e7616edfb5bc,0.4658349535843359
ad00da3aa56f4d7b,0.46063550143234766
0ccceb1154debc59,0.5176063172711789
8e2c8545bf82cc60,0.5435951446253959
d62e1e8938e1c97a,0.5344797088258314
a8dc86e602a746d3,0.5350903765372325
c4329a7f54415286,0.4823297728946468
04ec4184a6a2f40e,0.523719286106012
a8874aa6ff7ddd20,0.48563638395525777
c9a607048a5bc5dc,0.5502701765124166
002c27108f6666f6,0.49004169510992235
e4f6a20915cb1601,0.4693031982249309
bb014c28cd6924bc,0.5029926169406205
196e2f507f594bbd,0.4998731465880432
9f1be9fcf021fb5b,0.4693396555196994
9391d5f366da4c40,0.5236352208724961
3453a5ca3d904777,0.49357907153786307
686ba22e52de9068,0.5051710513951924
3553eafc050e9c0b,0.5004131243463065
edab086e1fc56c68,0.5358289228894368
d79a009be9287b82,0.4937423918839966
b86e1b1f8503684e,0.5291526747917583
9ad70763cc07c36c,0.5464275293138677
419885390abac7a1,0.476692347880388
70bb28465e350bba,0.5247584552062792
d2fe3be15c7a040c,0.5285219571846935
df051580b1fd88ae,0.49970432024497
799dbb3bc5de0bff,0.5275718204506264
c18575ea64f02a42,0.5349123093335284
bc265e458d29169e,0.5302566258140075
d59c94219a63b100,0.5171233475725888
0b79c6776df906c4,0.5064299416631215
1bbd089c39955fe1,0.49755270083128256
e07ee63645347087,0.49521036604532986
6795923abfe3b196,0.5320926798646155
f23bdf1e94c91124,0.47553479811154564
a1fbaeecebb55865,0.469309888353562
bc95d3915a49249a,0.4961201890745932
c565efbb2d18144b,0.5330243784971376
321866d63b3b1b00,0.5124525721760834
50ef5d8288aabf7e,0.49412872001628005
3948549457628975,0.5399324543246988
b958074c10bc601c,0.4846378729211078
f075bd7b8efbf058,0.5044941282647459
f05a42508ffff350,0.5232091610943583
3c1c900935bc3285,0.46260798353681565
cba59c1afecb3734,0.4954716557884238
013e1691ae9f7898,0.4813661866039747
ff4fafab1f01bf0d,0.526171141757175
16a52132c026c176,0.4851966234832353
7e6dc3264a60f3c6,0.4730318936814332
fde7be20171bb23d,0.4743467585309201
4709ae8a61f423da,0.5156762058499837
f2f7edc4fdecd842,0.4489690055975748
81421fdc47bf7d1e,0.5018918770472601
e130b6363bcbe974,0.4656921914615782
8b5dc994eb4224ef,0.49674186686726973
ced09e40d6cdb2ec,0.47992408978643863
b65873d2d6509482,0.4888010565126085
d663eee7b55b1c09,0.48147098292875823
e8ac634318c1c070,0.5173365260432458
9861a481912689da,0.49044429159360964
c170f4b630a3b239,0.5406022978476199
31f66aa5ebaf2ad8,0.5318568946137421
31bc47bb1448c433,0.4637060213008098
79eacc58c9cd0f29,0.5238780744746361
32cb3b1b23ea545b,0.4862384307914401
89357b6904f7d6ab,0.5040890181460411
0d9d1cf89bcda082,0.5224719063944248
7c15e3fb5080a6af,0.4849983560319211
a8580d9f4b1f100b,0.5514705744609256
ba1c0d81b8bfcda3,0.5018579908821758
d5c76d632f469288,0.5351217096601106
4faeee72bb8b4acc,0.48657807512245366
10875f7f7d53acdc,0.5032167134407604
3fb5a4da63283ba6,0.5272474623075938
6551e600570cb09a,0.5253783149726262
6b4949612595764e,0.5048001213999362
d45b6491898d0fdc,0.4902486788747227
0c40fcc6d696a66c,0.49197211727104173
74607a92b5ef932a,0.4850599308558792
e7bf586ef35ff70a,0.4831258805804367
65e0da070f27aa66,0.4669428141719373
38a09fd79a425aac,0.5058055653914796
aed136202b0b58d4,0.4841624837404154
5f5b7b68b01d1299,0.540614808274398
cc5db835afffd307,0.4852955392799755
d8842b37f5416b48,0.507663441036555
d8aee4335af252d3,0.47386249664192526
00494862dd9b9e04,0.48745655188739667
95d5441c82b1c46c,0.5340731125210652
c6e492bd428631d5,0.4854587317935351
598200ada2678880,0.5316256462041514
8094f4dc74add0aa,0.48251865019594153
6831a0024a1dd23a,0.46926423212464197
d56926e610462f66,0.49099451405210826
bbe39148bfc2e434,0.5166421280337252
1a07a83f589de802,0.5134897117392967
8210d5a233d3d65f,0.4659257739716006
ef4e598f566c9558,0.49829781753441904
c02b919584ea5cd9,0.478007191403309
68bc1f08eb5258a7,0.5397143557618256
d57a9ae04f68912b,0.506766666527114
fa41a48959374ae3,0.487790847675417
5e725dcb74b4e75e,0.4840965350304294
121dbf76a9cf73a8,0.5180801273776814
a2383e552a5f2313,0.47599067111942095
378738808b201e0f,0.4764211786347904
9642ee1e267eee82,0.4983160833850413
e55cdf82fcc57177,0.4750026029491319
2103c3d1e5063e3d,0.481834791345451
02004dc8e2729e0a,0.4980492533209586
95ae4af4bade5009,0.4936477382436044
8a4e103c92d62a5e,0.5345252828847478
c4414b2ee31b7e94,0.49355204812936926
0866387e16259486,0.5128031834553757
f0b7e616767a0197,0.49205000292472745
a86d2f80a3468f5f,0.5045367546920011
691f9a97e9645bce,0.4558146906766564
2f2e7662f26d0933,0.4808330513245837
72cbdcef4a6b4f07,0.5254663344332031
3ca15eac9b7ce8d7,0.5318981887955861
d9f713c872a26c76,0.4979885141850992
38c5cae3c23f24a9,0.48605847001011043
80e12c9a6e625e7a,0.5332716674731335
78211c4fb5585628,0.537985670978889
59e71eb2f5c7c432,0.5273561145351264
b7abc4b3e6ff0e3c,0.45877643627423903
42eaa77ee15f2ca3,0.474475064902703
bb8ed5a0931148f7,0.46817468362607045
2ca7468532706e2e,0.49002703848751294
98791c70677eb76c,0.5230432304410016
e7ec6ff3f296ed38,0.5028344801839313
7845f67130f900d3,0.5123677161423996
fcec4d0ce44eda40,0.5036407276543577
0ac91fd23085433d,0.5384496178571624
ff61891d90f930cb,0.4834422544746909
41fb4a2210a6066c,0.5269895770926417
4c7ebaf834966e32,0.47145914197174316
81aef88d712fdd5b,0.5163624648405947
36b0ae34db90ecd7,0.5296027838856088
72fff2ad28f42426,0.4963206982180758
717207649c078f67,0.47273251683395334
925d6e357d7ec158,0.5272175667467551
effe2d48627efbe4,0.5033296493740015
0577c43390d4bf43,0.5372498732583842
546cd9bb6f2ba820,0.4814616927791502
8a47c92c6443e7e9,0.5326670911938137
bc9467bdc8642922,0.49883707378842923
af91160b63f1bc90,0.5192760551038623
464ea9bea5384944,0.5168896729662151
b838b4792a3c540a,0.5088039596505135
11fd6e717c95ce29,0.5131910449170167
b1e2e5a1c0f42f8f,0.49399626010899
222e74272be1ccd2,0.4767003466724995
21a85a0b474e45d8,0.4955593287077299
5c5c76ce21ac9a03,0.4804319956561456
98c3f3c5243d4fc6,0.4591981244799832
745be7354fe05a2c,0.46819171522311565
ebf17df229daa6aa,0.4994931865299384
14929f1035ed296c,0.524546822325527
af1bc354186d653b,0.46537754399087744
88e44f6549d78a5c,0.5035837724620829
1a5119861af7675c,0.49789777994386164
4675a1f396e095ac,0.5329868832340894
306fd63061172f24,0.4537204986080001
68fb9067ffff02de,0.531098956572523
93665736b22ae558,0.4982635717174696
2f3252e131fb28c1,0.5216452177465193
a90bb7ef537f3ccc,0.5149013229370119
f8c47e6a1ab0bf1f,0.5021202302230059
7f335ac0ff549013,0.46659978463419804
e9c7c37b6584e68a,0.4826823407955259
e2f8c99b54c930c0,0.45898016729215585
4f0ffae34b450b85,0.5130620595878568
94e27d2dbdf9010f,0.5254704026898678
db05b31fda1c2b1b,0.5163091973721425
af64ad7d713d5a93,0.5014110816335344
4d1462da71b0efa9,0.48083348718584523
04fbab7984c52c30,0.5142576151137065
c01a62e78e6d8a2c,0.5333370343229713
74f8579fc40b2d7b,0.47940735195923934
0eb2d3b71cf2b61a,0.525601238905818
57788504ce4c82b2,0.5125542341743503
9e7dfd444a9f30e7,0.5079581036127165
0cd8b38e5a4b74cf,0.4876768324541033
e8c1c982ff8a6704,0.4869770093905639
36bfe943ee63fe65,0.48576221047793755
998d9f62a717ccd1,0.4611036628198153
8069d4397377adbc,0.4798043531191412
ba8f312910226da5,0.5226228175755502
37faa0207a18eb20,0.5245079268579192
c16962d752780184,0.5404312908306245
f1d62e28f903e96c,0.5030179730209197
8cab416d1f2bc624,0.5345262114027056
b791af74c95ffa06,0.5341108172382738
05b113e465a98080,0.49751077432807167
b17d9630e851487a,0.4912792664932494
92981268f9d56f38,0.5215783733276219
76775e095989aebc,0.46685477189378566
a07f4266c4b1cb5a,0.47376089013317524
7b5b1f94772d1b60,0.48000345484638063
4f8ef604a40bca4d,0.49324948218222564
673f3a4c0bd90267,0.47533592606819874
58139d3ae9373ae0,0.524415221266671
c24d1452d22e8db4,0.5052198579164188
441d9763fdc1b0df,0.5435979024842115
d2987a3199c1109d,0.5306697819503823
cab99a91ac2562ca,0.5209576880291734
df1222f0cc1e08bf,0.5111105609424467
bdb610f14d1f9c0a,0.48363884911364063
d63652d83092f4cc,0.4798945129038601
dc121e137a206780,0.49221412637270734
e5fde6a720ffea60,0.46678710099676746
52f7118d77a951d2,0.4795014900979394
1b60cd7738483c77,0.5221271721881485
c7ef81c5ec66b855,0.5412675766799578
42a4005911b6abb2,0.5435819787306262
926e4ef2979d43ba,0.4589409715559608
936393261928dd44,0.5106629124654006
90b3943086a67cf1,0.48596924896447113
80b6c2497708cc79,0.5071292182188434
dc880492a16f61a0,0.47259054161417535
363fa6d193ea1791,0.46606531490887265
11443cec444ffbdd,0.5369939275749744
174e280d8c42163e,0.5293000615367937
d7fddec00bcd1345,0.5024001725946625
2f2a0292483de945,0.5343284355043987
2638757dc8ccf105,0.4666247548174516
af967b1ba12837c7,0.4864925854032158
6cf0ebd8925305ad,0.5247735775546831
0307e7dd94f223c0,0.4641129432864358
d86f818a421d896a,0.5329832959871154
95c76aa135d94e8b,0.4709491628287269
dfb2dc72331615e7,0.5293055681746959
b488c877787792d6,0.48921429330055755
5864514fce7556aa,0.5274810992377199
7db51b9dfaa6c3be,0.48107616756019467
475afd5ca8082909,0.5151236647872612
aef3fd34396adfe2,0.465548046299713
e93ef7b1eb85a270,0.4957616093512148
e643f5e629c7ab40,0.45624041762052053
e9234451a7ebfa5b,0.5173361326088941
e8b95693607a1af6,0.5218948723020823
362e59ee5f24ba56,0.5216928685577651
760d3c489cbc2365,0.47238489978462883
cdc43a10fec587b7,0.5135508100951425
436bfce1b2e96ebc,0.5156743341473408
8364b88b9aee50f6,0.5097672438868154
49b33a422ea5bc22,0.5216670657849688
7c87edf2fa4449ce,0.45798956989466866
ae4d87302f77418e,0.496786382186613
80504f5553a663cd,0.4849297610248464
285102ab56c81c9a,0.5056251353228727
ce75929520b6600d,0.530563317742132
90e157fa590bed49,0.5430490797709732
72308a9b8ed351ac,0.5302894045743657
67da97f4bf5a43aa,0.48456916674990846
7a2c3503f50e758b,0.5368957122438403
7c277b093ca6e70a,0.48017104291529467
e17cdb698e7793a0,0.4880810607011432
304f33ed70c9905c,0.5230802697021742
f671940234873df5,0.5163121232864907
4c60ff51f1a98ddb,0.5027702525778537
357333ab581b26a4,0.4993735545108864
c12b50c410a56d62,0.4721513097681489
280ee73ea3f9a150,0.49926850718249977
9794f61f2b35c374,0.4618258387739237
99bef954535737b8,0.5202324341498087
164deb1fbf6d3d15,0.5196967495985784
17f64dfc919c257d,0.5017333343968705
177f1a78be284fe4,0.5006047476777478
6575a6e55c3aa52b,0.5139397398148191
e1ceb3cf89c78b04,0.47979352189378566
2787d14ba4491e60,0.4895647528397228
47283a11f402ab9e,0.5119598401922671
3e13ab75e759c66d,0.5309812426487639
565632830f202280,0.5159249099886125
c60dd36532e24523,0.5133029667586833
1bbb760f70ac35fd,0.4729932849502233
5952ee73f64f8e8d,0.5080094430389626
0d2e12deb5dc05bb,0.48613499283385475
93cf50cff9e70197,0.5078683734921471
71a0f1d3a79f9279,0.48399505715288527
ff1b97bfbc1de495,0.5227182787873873
152d66dccd700ae2,0.5376836113714459
af9475d72cb09bff,0.4936423814537908
50c6ae4f3f0c520f,0.5291248057962388
53277c274f93827c,0.5360210767389129
65c28bc2a138b604,0.5204665688403369
ab3f36de97ff5288,0.44908275371581896
6e673b3e05a86556,0.47123542399586804
29ade739f5ac47ef,0.5082306517980046
d6c96030b8564b06,0.5066132262627496
5ffe88ee98e246bd,0.46859674855315836
b75847a46dbc7758,0.48200789583122783
fd4f072e7db648e2,0.5451478747754428
3b600a791eee47c3,0.5135696529489948
3205c60644f3310a,0.4775676346373514
37edd7d198365da8,0.5337214274927119
4aed77bb42b6c35b,0.47892683037697403
70b9c5d2c47a6231,0.5227002284269403
5aee71b30cf4e773,0.4656520268953487
3b6034955fe901a7,0.4693574965630902
53f7e37ad065a1ff,0.5197895029158157
8249af221f0dfc62,0.49990988470316144
4a798f098b3ac80e,0.5428201324094073
7859a3365dc11f7e,0.5298360129717267
0d6ab61f58e22d8b,0.48733669218617426
d90f47b845ad8044,0.5101971561298134
908f76b67c5d77d6,0.474397382009063
2e13d0c9efbac24d,0.510314487375049
fbd3509fdc1e2fe3,0.4697612388132726
d0c07aa05dbee8c0,0.5069381443738096
e2066400c0c997d5,0.512599455604567
9d002016fad484c4,0.5403729288390755
18105a09ff042e04,0.4912231618580289
97dbf62f03867f4e,0.5180842233602528
008e7b56ab9053c6,0.5280897333674919
e382e61b69858e84,0.46029981230869055
a02b2c12a9b232a6,0.485066035617921
5d4eefc602f1a815,0.5054747352252544
8c8faef5bff7b3c9,0.4850490350407122
8ea4fb1f9e66fa76,0.4612951439261642
22a32bb8f8bde6fe,0.5048426242174284
6a655866f90d61e3,0.5088524454403435
b15548596622ebdc,0.46843436766247437
e6426b5a54e4a972,0.5180169194056178
2bb1ea15970a2de4,0.4508191610326614
5b2c1fc3ca8dca34,0.49004135428932594
b26bc3d1078e5a5f,0.4913781547011872
9db2f38d40ccfed4,0.46444771085703074
8481c054b0537a7b,0.5247511217159615
c4016925a614e39a,0.5148278490032717
a6145b00b87ffbfc,0.5262582465233301
856c1f1b7a16dccc,0.4690092263285597
5db9aa657576b123,0.45842851452100464
e6c91e69fe022b81,0.5523813175762359
18323213899682a7,0.47219444903727353
84aeda77a9eaf7a8,0.5185745298807938
60aa7eb39a1066d5,0.5254117524674848
011908fe41b2ead8,0.543553261947558
95a236faf4cbd0c8,0.5085755561883569
c58d93928c4b43a9,0.45450030066374125
e3d5116d0ddea646,0.5278963830777906
3d33771711b587e9,0.5217437494765556
ca902179e21ff302,0.5303677180584314
4b2142ee3d149d15,0.5004709803614812
d78803f699e1394d,0.5070995086844768
ef2d9881a6438977,0.4532266311507903
3b5fc032ae2a290c,0.4893256066838517
9d5473cf79999f4a,0.5162950631751895
9aefa72a94558b66,0.5257921462754456
78cc36a16e5afd3f,0.5072851880497391
0628d45dc33a5639,0.520917898371084
bc63ee6da23c5dc0,0.5216785750251096
5a69761001b7342a,0.5046120303915071
f5384c1b33a306d5,0.47509121788430897
9f4fb39fb6e8b6a8,0.5024888605070036
f7787ed37e4b9d05,0.5023279610551464
eecdd457b6c7edb2,0.5118286520434212
f36c01f2f7fefef6,0.5353895722425789
abe3d414c510a7dd,0.49687435358186804
d1f7dc9b905e0fb1,0.45479358749816867
a97c23cf1c8d474e,0.4963474971560662
fa77ebf418dd2361,0.4628412714886426
4fa91df3f09b649a,0.5246697357496781
4c40bd5075d26ea1,0.5438155298951897
559cb0c10ea413cf,0.5110726062190682
b07714f5d0a305a3,0.5339644210303032
ac26d06332fffb35,0.46570725121160983
f3a18a7976f15c5b,0.47416466623096887
bd610a8daf3173f8,0.46519820869969536
b4db2ea448a373cd,0.47669844509484083
a9e601aca0377220,0.5268320484789851
7580e5af192dbd01,0.5331157102489733
3b50e09f1d1584b8,0.5014259692080506
e752099897ef3c84,0.46690025075436703
9e556374eb31bdcc,0.5024886311555891
09bf3001382d4d51,0.46692296333793215
ac4f9d21db6d0551,0.49394150529251774
bab162c780dd5d3c,0.4897193688655641
1ac05275c95e2b9b,0.48452372666240856
ba53d76ac3815303,0.5291646113824143
731194026ddc8a00,0.5188121935284249
565ccf55ce0f19b3,0.46993648891884293
c610846e274513ff,0.5091606094533576
4f2f55e6f8f022f8,0.5043773253884358
171594c12d4f22c7,0.4579418816471078
fd9a29be83f07915,0.4699742319052751
0e69e13d2585552f,0.5363428855175607
8458a25c7d299656,0.4795218314806632
36510a7e2e8cf5e6,0.5124454745290665
4c689c2ab0b1e458,0.5364108567208699
bbbb01b896a60659,0.5001390162985613
95a6091ed902a1c0,0.5042916006862264
226f1fdbdf45c3f3,0.48206172831999894
b3776535f92034c1,0.48811663203854044
e136a41bbd9d2ebb,0.5257847969016006
2acab7498f95984e,0.5172898704340367
5a97d6bb500166e9,0.49944915351934854
53ad75887ce27a2f,0.49622513132628376
4bbccacfaab6a76f,0.5175993772117853
8d5dbeff654a20b3,0.46188529473741
885918cc4b58a92d,0.507159317355498
c33b954ec9e9d53a,0.4632204406780276
c73aa72e6960366b,0.5067448442265596
28c265c8e738031b,0.5507554039512268
16f59244fa16b9c5,0.5338831704716033
ab1bbd20f2288ef0,0.4848664565416746
21ce9f486720b00d,0.5100826991243348
ea98936cd5a062ef,0.5236221132573149
092b99905affadc7,0.522618123976125
f8a1935cbff0e3e2,0.5091533461809807
557ff2105e2227eb,0.46780977094433884
e28b4c1e7eede953,0.4590024846624414
afcd2875196e3514,0.5030173984444347
622d0c5c885e5d67,0.5176710098731708
5ab123deb8c8e0b9,0.5386766473462298
d70f7077ffdc3675,0.5174956623516043
ec0e23575480409a,0.511456714105716
c42b1312f2466d13,0.5009420199373081
58f7c9cedf508963,0.5455970090375204
483a6a2fc6820e34,0.5045051121693926
9a410bdaf99ab250,0.5477395551696724
27d8448c7743312d,0.5135343311207644
d22510648b60b80f,0.5548868784183028
cf71cc1d5beaf427,0.5391402565127456
b16d96c422e7686d,0.5129050510071873
f3bb00d62eddf347,0.46056693489154266
e7ad214e8e1b87e3,0.497250032731191
a149a81fa46121c8,0.4810176652870062
954ac0304d013ceb,0.5222305100699153
5fb61c8caa291bb7,0.4632521858505869
b3e6b65c022e07a8,0.5230632253887101
014590f5ad393d98,0.48730769047648426
fd3098a48d0565da,0.4497125609746663
597dfb91140f7a43,0.46060150012026
29c72ad86d92588c,0.47386556742405017
46403e8726688e63,0.45781020858110033
586f9bad93615a9e,0.5401589768879451
518268ad7eaad020,0.5083298413062391
eb68006674ff7853,0.4989256694536044
829bf94f3c7511b9,0.5152145814662672
472338feab38fd63,0.4563127596318672
e2eb7c00452da3bf,0.5008495369965041
264d5eac0a3db4c1,0.5125878064392577
5dd40ed8f6931f40,0.4989774564189663
ea07294f7b9321f6,0.5009619808351764
800d5b199211d908,0.4851584960119312
c26171ff73291cde,0.5392379401433209
9b039401395029d1,0.4856579339050776
149773fc93e82e0b,0.5426664046065852
377962b226c4354c,0.4847024462972451
b33ace47f8c9cce3,0.4717267280869216
5898aee0357167ae,0.49305315142782324
5011475bc46160b0,0.47229497345416926
49403fb05b28bdc1,0.519160901032963
d64f9b8328cadfcf,0.5197706207953064
8347b5a18bb84a35,0.4808227454587155
a72c9158377598af,0.48605775212883723
346932f67e7d808f,0.5289926574377879
e4962aaff0cf97fc,0.5073275164432063
d63549a6e599cc24,0.45981979762482555
d013eaf626e99575,0.5139686148504662
a7c0072db3d224b7,0.5273923727133949
b87493b15c6b1e21,0.48714847464766164
cd6d6ab0bf1601eb,0.5018737571578211
fc7b0d78438f45bc,0.5175475482856681
b53e88867e63ec5f,0.5017728174555842
1e1e7de7f17a14fe,0.4949236488488923
fff1df28cf047de8,0.483455836491138
9a4279b8c94a438c,0.4813692756997996
d1a19d29c2aa4b9a,0.5206205161402059
ea65ca7ec57132e3,0.5220015163328373
35cc6e8b29ac28d6,0.530074092045231
35cebb20cef64701,0.533507987581391
03c27c6fa94b88b1,0.47004095621742303
654a7847a4c3d0a9,0.5338793698732803
d82da976d107c4ef,0.5331895819392769
0f7cdda5aab7cb9b,0.5015288544607063
511e61b096246922,0.47562574229709154
9bd56be8ba9524b8,0.5356828819836987
08980e1d210b6aa6,0.5220625409540184
c84430f350b3a159,0.50737099694424
152edc8f6b8762bb,0.5191365627803293
a4a8682aa22552a5,0.5099710468604693
5448387d25232e4f,0.4639954494115681
86b5af3c99c2229f,0.4721722804388081
a243c84e17ad5313,0.5058123865883449
1cd4111d9e2c14af,0.48498434433761417
d6596bfbfd4cc049,0.5224843822263733
5f6669357f9d2602,0.5256479211440999
8ce4d3415fe4440d,0.5090400922207244
b7804e0aef5425ac,0.4627772633144873
a68ac8503924dfd3,0.5161179573053454
0ee54a169cddc5a0,0.48064196033809126
91e67962d58a2196,0.4950402342161671
337f92313341198c,0.49589663004367357
62fdb17735fc24f2,0.4888795497232061
32070e417cceeade,0.5043937815349566
d10e86cc3232dbc9,0.5433676333074402
9e379ff80b817265,0.5147490405762962
cfff3503c56dab5b,0.4680503095241033
9f21d3f021ded79b,0.47124611703385155
5fe69ac7610324ba,0.5057309430142839
fda80e0f061a2a2b,0.5167497998459144
e5f50a39b4e83fe7,0.4929161309533602
b7ac8ea60b369ad0,0.46270448014279997
f4aefa9fc2e0d241,0.5245359255060714
0f32bcb05a22709a,0.5187117105444332
13334ae771ee01a2,0.5141595630017526
d2596a53564c0b21,0.4952993090298424
1a90578444c1c9a4,0.48382325451308006
38767f6c13ad1bfc,0.4863907842030052
8d312d36ba150056,0.48538331289206915
c4e9fb7cce4bc726,0.4931394135786872
9ff220beebc71a5e,0.4725389702143958
24bb5e20d933da44,0.4995030482945798
42f6ebdc63da37de,0.512795041958307
39f065a3b51d8011,0.47906146026062735
adfccf4de2f8f9e4,0.4673404344055081
bb73756443a5eee4,0.4859592902397052
0d9c7ad016175e4c,0.5225318634328083
01d6dee3fee929b0,0.4580363556569409
4c94ce26b7eb0794,0.5218897830300784
184edb2637a41d50,0.49589947082999397
b14c8ed6d2ad7039,0.45774952477023284
efdd1d7495765245,0.46816606577400044
affe3b0f590fae77,0.5243544897915113
3edd7de677b91b05,0.5069948691761054
ba9e4528463c5dbd,0.5065183222220133
8be8330f2029f548,0.48878436120829183
df6e6d77a02918af,0.4943292579242339
33d9746c24d2c070,0.5059318683308576
e51c785618029ad1,0.5201148907665969
d53ca1e375f1420d,0.5200989036468555
d4133e84363708fa,0.526384571180021
094a4df459f84f9c,0.4777168647524368
c95b97cbc9622e38,0.49254251221696776
8a243d50081a0a41,0.5315612466282148
f6f2fd05daf66b4d,0.4771803741996049
3b5e52e54ed29ece,0.5285683009879928
144d292add5f41e9,0.5149251924267921
49aedb77fa2fb4fc,0.5101988604555896
81e5d80b657413b9,0.5300224516100347
fb21fa126522b6e2,0.5131272331549802
3451b921fd37a93f,0.520716691857124
e25080fc68263c8a,0.5393371691135858
64f0448c8bc4b1eb,0.4794283167755471
ed89496194aa19dc,0.48947302016421557
fb22f7c013b24779,0.5005623292924795
1590a07714e8a656,0.47638965499527575
54ae2ffdf139cc38,0.49061679121314544
96bf13f3fa835169,0.5153910740756626
559cc1345795571a,0.48176005608689976
325ad194b9f588f7,0.49952789045674123
13ff609306472199,0.5221862624191966
3c87f31b6953fbbb,0.46884545552298995
2dd14f20786549ef,0.49344185296147136
be72fb5da729ec70,0.4569517419447337
dea2b01ff6868477,0.5147932563365666
c7ffc036c6fcf66f,0.5166236193577685
67b0cdefddff90ef,0.5318758850294696
eb949d7c7beb6354,0.5108784876142959
72dbbe8ab710128c,0.5230551000665151
fe50a3aa77d27195,0.4631042488239393
b7dea5f446a371e0,0.4631163893263167
3b6627fce4fa7c6e,0.4668564164455371
5766e8d8c783a487,0.5245865509173842
818813e68f11c85d,0.5109668249682113
4efd1ededeb6af5b,0.5016274587017521
7339d8d336c0728a,0.4951200618521334
5932b86b513569c7,0.49738314077139556
667e3c34655efebc,0.5214810193025154
211cf2ea67620b3e,0.5377540687203708
73ddd41ae18acb03,0.47510902464135485
b7d7b9bb940bf7b0,0.5096524904550961
672de9994012beff,0.4769093801252505
1fcb989eab73caf4,0.44684460771487566
1a8eef4f4936cf0b,0.489490804658959
181bfbae0ed5b503,0.45277900893263556
0144b06a9d5772ce,0.542584042752826
a6d79b35c359d2ca,0.5162635889823222
adb1f5a83ffc8956,0.5321923171724638
7fe7578307634c36,0.5357695272381093
ef916f6bd9bbf8f3,0.5192999715347097
261b4b9303f16955,0.5142888020868832
bdd3d57f2dcbf24e,0.4862377800226967
87478ecab9990b69,0.48663602502319014
00903281b49f7885,0.5369871967160986
faa54ef489380476,0.5294925807211055
afd67495e65ca43e,0.47791940709708386
3cfeab5f2a521bd7,0.5376583300952248
f889243e554a57b9,0.5037472781971536
1633226e5baee1a0,0.547247109905116
09429539f12260dd,0.4998644797280596
4642f19a02b65fbc,0.4547697107658565
454379600a0d58ae,0.519435884912931
806b67c9407deaf5,0.46445619684908973
64147a091385f1dd,0.4878890967581896
410684a9ca496c4c,0.48981953539238443
198aca03e558bad7,0.49561367588585015
19112c76b72e70ac,0.4862687243624847
33cdd595d6f64465,0.47980778398843693
b678efa350251d1a,0.532886097835829
2773ef74c8379c3e,0.5214447188961385
21a85668c56f4a28,0.5109903990977365
ad44c67c941b730b,0.4805822129355312
afafaec6ed7cb894,0.5146880811447577
7b2afaaec11da7c6,0.4840971367467003
14f8df83cb5fb959,0.5202735012458859
2fa6287a9d075ec1,0.4777440090526018
a20301029a5e8b78,0.528206228112286
64c226150b42ee5c,0.518990088316681
7012b66ec38b6038,0.4605680282876423
334a43b3d7746442,0.5247250991924755
3e39b50358f01b64,0.5300227061200791
dd424dd258080c0f,0.5016442387022182
b6815449a050c02f,0.487347049236486
786b0bb1d7a4dfb8,0.47960976782178955
bfadd1b4779947e6,0.5230466426641197
23bda92c60bb92e1,0.5355478723075664
20f374eb224e1a7c,0.48206000459054404
04bc6e2ce35edb4c,0.5174873253130287
f5fe2d58beb86d40,0.480122676820901
203f3df885ff03b3,0.46257350489628646
ac5388e6680db6ba,0.4778611827479178
20a190db150bd0a2,0.49858767987489827
03b8f432ac8e3226,0.49202332464875853
800d13aa581dc05a,0.544694683464973
32ad97494e39788e,0.5170445179424414
762f69f875d0a0a7,0.5275889271945102
7102288564065a58,0.5452183483472278
a244d35bd0a46b86,0.5083695850858194
9fd85d10d8d80cd1,0.4847559034597082
cd37f417a290a412,0.5061465008983266
087a61efb373df95,0.48219372382435066
5cc1bb67fc9fa495,0.4761670258293632
38260167161be0f4,0.509436612490902
377d6156aea5f7b3,0.5295413100492126
de73631ba462d9d8,0.4613766043092062
c6ad617675fc82bf,0.5394395911046959
53c0301b075c4edb,0.47491201275990075
d5d5bb7bc7475a6d,0.4914031226325033
2785f7c003032f79,0.48800771085360317
bacabfcb41e851d5,0.5345450217628511
930620d9c45cfc16,0.513396825310972
a2253bc60bd26111,0.4925714532820211
48be98b0da47a60d,0.46426236081960137
4192611de72c647f,0.5296541359357287
0a3e55a0415cf1db,0.4648998244081406
94a41eaf6c166f8a,0.506076967913101
65c588ff0e6a0940,0.4888585299109566
7316f0f5207cff7d,0.5306677377808775
fb48d6120d40241e,0.4615777727595991
83e835be4b7da5bf,0.4854830730624622
be007ff41dfe8e33,0.5392888534084311
ae762981ec3e2222,0.5325513877461903
9cde4da63a470364,0.46290418741494643
1e641e6a0e15cb0a,0.5440597119792291
f1e1bfceceaf5b3d,0.4834880187280486
b33a9dd2d6116451,0.5146957500503369
6a00f8682a96e6c2,0.48085874551081514
4889bb3fafff04a6,0.4542092454100436
d83965adda3948e8,0.5470131154550961
35ebd3eb17d43331,0.5219383207858463
4fddbddae3f8c321,0.47979301709308053
279f5d02ec1d4618,0.5197156646172518
18dc05e08437b19d,0.525298075050474
fd5e41a3afe867c6,0.4851088304811732
4dfc9b4693d64425,0.494010175802902
38efe84b2371909b,0.45802159122603314
d5ab3634461fbdba,0.4971646689216398
88ee52d04ccee47b,0.5311177346274799
311d0a7d1bc40182,0.4997421085272183
ca3eabbb86d9d394,0.5169970416100622
0839345320590491,0.4695738374666347
3166da0225b35bf6,0.49614038332732047
4fdcce92f68b7529,0.5242849074967428
4c0a03f188fa9938,0.5076512462237572
efd671b84d562241,0.47650238878201284
a1be96b06611a4a7,0.49718174952317107
7c15209ba7808ba2,0.5213617643784164
b4fb7e75679d28cb,0.5365184251667383
095adfc07a65ed27,0.49094468230301447
a19e6a028348c708,0.46283665513717875
bb5e510a6639b43f,0.5120808939858046
fcf27b9cd834eeab,0.480183208051878
dd9e809656743e04,0.4862407459646302
9cf20fc9b8513a03,0.5278322015661614
d929256e10f5e94b,0.504464059918278
c7372107d1356264,0.526304711136038
fb002ae965e2435b,0.4905940143791019
891d7ae2edccb735,0.5244957768542173
33b3795f9d4a8ef6,0.4632047549922595
bd1c976bfd04983e,0.5244002831315355
22d26961eaf80875,0.5370808754493102
3267d0aa9600286c,0.5145143290470628
f85b98ab9c2071aa,0.45449065765921126
4b4c86d64f258caa,0.5411012087874423
af271d6d690a0b0b,0.4871989402742554
8b1bdd0f68e6ab19,0.4708174562955725
aca740ec2df56ecd,0.5070489849256815
66cae06936335046,0.5048176606700208
8aa96ed1f09b6e82,0.5347634715696713
fb089d648c0fd719,0.49284701499127237
b3b39f3310bed9f2,0.4997408251080576
4c9ddb6a1c08a7ae,0.4703123736559866
8dafb6cdb58233f8,0.5373332389928792
8512f25e0995f115,0.5186913851926236
3e89b24f6780dfad,0.5294584086388212
811b5cd3d60f8f01,0.49930568858992985
8cecb78a9a20021d,0.4841287006571602
c726d19506a1a864,0.48884957831286946
bb71d5690f654fab,0.5311551433091952
01fddb547603eef0,0.4883484500682975
c6592de36f791128,0.48216197417876516
ccde7fc6a8ec59a5,0.4711403828166069
ba6d1493e3a1c1ad,0.5232740178272738
7dfaf88276d52a5e,0.5063641066708268
c09d65931e21624b,0.5286865822731258
f9544a6dbd4caa2f,0.45638208678933967
b374ef23d5ca3b3c,0.4915231789583563
c51f8b67a66b5aa4,0.5344220629743318
4793cb7dc1d36c4d,0.5244256299024561
c4a77a4226cf0e3f,0.4946289872873023
11b46e06959d7824,0.5336374048232099
75083fbf03436018,0.5178381546086419
44cc96b7436e60fb,0.524257147691047
9c78ab8c7f52b1ad,0.5020751227161369
27c3ba5b3d6374ec,0.4794044439130021
09bad77cec8a0ea7,0.5135199390855616
7e5eaee69f7e8e60,0.4888600711409462
9701beed4cb2fd40,0.4780343275286332
a886ee5f5e57d356,0.4574241769676027
43322ba6466f83ae,0.49898375971481546
39ac7a6c910dc826,0.5006127664185276
a7624810eab99b39,0.5035302117824844
27ce336c13dd7f0e,0.4800731792531304
35ec56371ec7bab3,0.5258551251805859
1033972a8d27b8f3,0.5380761469431432
246fdf152b78ea45,0.46250257654285365
67db089b7a0697c3,0.47447407442047984
51541de4865fee3b,0.5064226665277995
2e0ffa5c733d2a47,0.5190012352485622
c307a7a1d2e93ae9,0.5319702850544225
60775afc974d2192,0.49704960724872116
1af8370aec8adce1,0.5231978529827225
7adaed59e375f94a,0.4918534268702587
d3f971f17d9ab0d0,0.49629557177368233
f1eff57932ef0f4a,0.5006378651404417
b41ea8380984305d,0.5242216806351413
dac2137cd3aface7,0.533968636125618
48da40bf199dedce,0.48028621444299247
2c36f80cd8d50da4,0.4529462675880268
e45c5c285ae25a13,0.5004370975828716
d57fa89c692abe6a,0.5288866032192273
0d5b889f910953e2,0.47833698812569475
a2bb73ef62a1fa41,0.5423060484028921
161e450caac64b0b,0.5059997952769153
870239c07fe84d59,0.5230844512926385
1a510d36c73a9190,0.49733430246597654
6365e056680facbe,0.494321333973904
7e5efd56e82bc148,0.45682176135184005
8ddf8d226ddfa267,0.46247286041720037
aa2927ee663efd7e,0.5062116424481805
1969a71e6c309cce,0.514607295122673
33e3103e2045fa64,0.47715144375670343
79d3953d4c100b9d,0.552264542525233
8a0bec565c237aae,0.5022875268665569
e7b2425696ad04e1,0.4657512209143129
1585c48da5187cc9,0.5042247678046514
b508d898d174eb05,0.5107278259903236
ae96ed3d88eb7aed,0.47730784002294335
3780b01a20d9aafc,0.5010768502468073
5d2ea0bc3f49f99f,0.5229345475878073
609566c49b16621d,0.4835432227460257
52a50658bfe832ee,0.5166954205545513
76655f684bc2518a,0.49599730440120304
507aa51e38d00459,0.5024664229442786
e7edc5fb783b818a,0.47787717095421023
3488c9b765c1219f,0.4658190471367345
60726ee6707bab89,0.5473407210973471
724b704c54783fd3,0.45790016177370985
23405c43202f489c,0.4776520254351885
0a275c8c3adc1e3b,0.48981599974459433
ad727a83295f79c1,0.5220392679636925
9fcd517a3727524e,0.5109878555499996
c1a15f34e5189a8f,0.5012201563375263
ee586308edeeb5fd,0.5145124305062633
61323c4c907b9667,0.5198605911533679
dc6ad9b2ea237556,0.5253080438078434
fc261535991f079a,0.4892233449299045
199f8696fe22e8f6,0.49254050472284955
80c803fed1e7b815,0.4800377335683496
b3645ff1881e6181,0.48184488446665663
f077bcf8ba579026,0.5061849588457115
c98984325495234b,0.5077592356002345
2b1acfb2885f0207,0.47963618512667644
58aea5fe94bdc9f0,0.5033181703482095
13ce2e76f9ac9797,0.5125666725185698
585b1ae5f2fdf9d8,0.5381315754761824
c02d00f3c935fac9,0.5017351584729249
961c1ecf22020dd7,0.5139294889551755
34a2c0730076cd51,0.5302286421787706
f08c72208c842a80,0.5378969512275139
3d0365b300b08d12,0.5081933475143194
7698d1646b1160a7,0.4929090104716308
46fe0812a4d6a0e5,0.49318309126990656
1992a8cfd9dcd0a4,0.5385521354750584
234824681fe92370,0.4919671109471083
66dae8fb83f01cda,0.4699670285714481
565a8741e734fb66,0.4819084169850423
85796d3a4623f1b4,0.4698602769515613
980c038df259aca4,0.46349958136343905
847d49fff22ffac8,0.5302686223911999
3ab579aad87803f2,0.4569323391331368
7c287939d256c04a,0.4871629023848109
9b56b63c1ce61e36,0.48712959798732913
2b2beb4ade849fe5,0.52259443714348
ca97e3a639d0f212,0.4963383507019934
cdf0a515724936f7,0.4867040150851887
f0d9600d63271cb1,0.5285535373934211
61f6d6cd6e8ebecb,0.5033860021199255
66bb128d75c1a31d,0.5070667335402432
ff6ace3df2f93fd8,0.4490349547600048
174f6de5e6fd0ce6,0.5345873153112736
f629016e686c93c7,0.5287983596411904
8a5cd96071aee653,0.4574603121256564
47a56fcce1a48c57,0.540738661263682
bc218a229f6dd8a3,0.49250275068924265
6700a0d8cc03fd40,0.5103535701099223
bf07422782deaa4e,0.5416503075086707
67e5b268a06fc16c,0.4659066073700585
775246a31de87040,0.493617276521054
a8c96679585190f7,0.4565176073056194
85e8b073ae9d6cb6,0.5218785027745981
8d783fa9a84a2016,0.5289507328471813
afa9ef8b36efca27,0.4552030219397157
292ad72f433b2ec4,0.4624323181904628
543a382acb950efa,0.48372812508324187
97eee667e12fac11,0.519183584204239
f1594e042dbd4135,0.4779555262036578
c4acac79bfd54ae4,0.4808514346838296
f1bc5cee7cfbe74f,0.5013438831326323
25e346e1b0340347,0.5128492639431104
53b71602a81f5c52,0.4995463784505222
6d2d4b17736e595e,0.5172318795425576
f652427f39b6f10d,0.5501687540181338
1437d0c59eca00af,0.4610069073438715
d8980b5b1d68a4ee,0.5324488695490289
442b8a915014e871,0.5167439861870408
6a1e5bce20cbbd53,0.5271582616664943
ec75dfc7e578543f,0.46194795655812704
94cd35193b228a90,0.5370554001500116
15617a2281e76896,0.5097533604501054
ae22b29ad0d98702,0.4838393803446174
3e5ee530dd802ab2,0.48181495899652615
9304c1771978ab05,0.4758122063819482
635d5bab100147aa,0.5172139496213377
cf12cab6ff5fa6dc,0.5251908854579204
cc7ce49efd47f0a0,0.4550909152506736
20c507d578183dfc,0.527645860052503
e29e2bc7c3e6ef41,0.5293864220256801
61e270d51cee0fe8,0.5229639883190119
a1cf27e43a150760,0.5334870400299357
9bdddc292578558b,0.46318753171661964
fa0f0cb920abdb0c,0.5325192760425602
95dc87b7553104b2,0.5336008993671464
c268681605733a6e,0.4856496070636305
57f8444d376ead3c,0.5229598561786226
1eb08c4e2e2d0a0a,0.5159905752389923
65f04a475e60bc71,0.5077578364171017
54b86d86b2c582db,0.4857386865525606
ac660728eb9adcbe,0.5051440450630327
9dc70760c7a65427,0.554968932706101
707fa7577b28c00b,0.4723655352456829
dfc0ad3ac006f7dc,0.5174628265935821
d02c60d97c52824d,0.5028282898551278
68735cd4123d2c31,0.5380997511636234
e7fa76e1a52159ec,0.4811054828444392
8e2a48702b61cf4b,0.47496639473165175
7b4d442d12660d2e,0.46706554078469453
1879fdf1618adb5c,0.5150701878749311
28331b7b0b1598fa,0.4648876344728263
c27a3cd35a718f85,0.4872992099925885
003398b630719a7d,0.46181368175048443
70b9137733db97b6,0.4991436347785688
f0ea5635eb777479,0.5107400300096717
e80ca1e08210095b,0.5406751316176304
033b8feb5aaae03b,0.493404902132539
ac6a54139c7c9d37,0.5161746687673975
ebc95757b2947172,0.48546435713629565
2fcf426035785728,0.4958452542539532
78996a14f02ebbe3,0.49649717559518924
a87e26d221511c94,0.4504852034876774
c5eddf448403ab6e,0.45645520185613686
e8da0e67e35aa293,0.5052511608318035
88b632eaf9356d3a,0.49429520407037053
85571b011c6fcfaa,0.5393575933895383
9013d63ab473f952,0.5223426947404264
960cad37cffe68eb,0.5014155172747434
e247eb8f78f75a9f,0.47367112729267685
80eaa51c4c8a00ee,0.4809815365934178
35849a3326fb87fa,0.47322941415795267
d95e6b933db44247,0.4690248045348797
c8d99c2ec6082321,0.47913298212464184
c9aea5e1048b2e51,0.5224154804211215
e01947dd147cbbce,0.4661420995400348
ae79b75a13c928bf,0.4817157840110592
ce571fad3257b3f6,0.454866974370711
a95633f51ef3a7b0,0.4690901380169711
297c6928439e696a,0.5262686509980014
a4d78fd9f9ffb303,0.492268397194044
2dbf5dac4bc14af2,0.5345604024499353
484f57153280140c,0.5279644546482649
db3d92a2887ed53d,0.5245250386712326
0fcc2eaacbd92a61,0.45188627873460213
3b06de421485ddad,0.5146548368126473
3ab1395e200e5b42,0.5166607178651145
8b607b6592065a8e,0.4965636974557761
a58b1c259179dc09,0.5372866619101285
a84f2ec64cddb96d,0.5385744979732074
794ec7ff88727529,0.48258052058581113
7bec4fd7e9a158f2,0.47847151854707104
bb364b5bbcd978f4,0.5283381351021348
89b648a5f0f0ab12,0.4939759513296566
63de8d6c54817aa3,0.4564302459008767
f379e9f71ba0c23e,0.5005241428320722
a4d79f83a661fa2e,0.5026922996916721
211b21d15b3b91a0,0.49162981755978336
1186f6b426beed22,0.4653508235793454
8dbf55afa93fb576,0.5028850258965443
4c37d40f77654769,0.4884180101898816
282449c18b62e5e6,0.5445832241547719
12472f1c83854116,0.5245416003640314
eb624c530d058714,0.4875760965539043
916aa0618dc412d3,0.5130358068834755
b9f7f01f0c234a62,0.5134039535253813
d6a72e0c5f8c9277,0.48316306481564175
888195334e946eb0,0.460721065821987
f1aaca6b558ffaf2,0.4860718058181755
cfd7c6655e63d480,0.5366848254192843
d54c579db2ee74b5,0.4705625499103533
3d05c28ee2849928,0.5390854858607326
88653ba09b9797ff,0.48980602747735613
270649bc52035cbd,0.48118428463556906
164c0240a44d6755,0.4947232569432529
71d79d68a2b92f27,0.5038028575105903
9bb25aadd2b3bdb4,0.5348122706427093
b3c62935a53d8997,0.47706787287312136
e850d24192f9e415,0.4611250986474862
0834b059b33fe386,0.5277398492411476
57cca7c7ea10b6ab,0.5023857157708471
39483c2d8174f1ed,0.5353365901771857
4df07eb70c71ec51,0.5227886451916365
771b30a38c390789,0.5114087877697722
65037a69f9336b3b,0.5269142557408486
97bf39056279f7fa,0.48834576931005613
1a2d12af54623039,0.5144751035832391
e649d739e4cbe4eb,0.5454105255969716
7c35e8ece8dd52b2,0.5157076216638619
4f679f800c6abb6d,0.5249692809577475
42a8a8ccd4f9f9e2,0.4694570491953547
662eb31e5ca29cb7,0.49788777781189064
39a75d0fc9a932b4,0.49321128270034253
f80b6c96f9ca16ca,0.4649587601981079
d1112438bc117eb4,0.5061587365784734
2a23256f8a1b1dad,0.5265505666459834
e3da84e292717dd8,0.4897567892628374
b3da0bcad91df631,0.5379734135265876
b7317d34b8035aa3,0.49167662335298623
263b44530f890156,0.5143383099443279
4908216a464f51c6,0.518994431467364
d0b576af5fedd973,0.5034456056761354
d53abab056eabccb,0.501687202090585
9947a71c07c08013,0.5192753959888978
e3f83e6765042b60,0.5117052274055136
b5e1fe2cd612caf7,0.4793025551991499
2c979dd3ae786b0b,0.4626007060947147
37ebd133842ac652,0.5217511441427889
8d7452fc00bad24b,0.5311443033434436
be4d73360ad37873,0.49113517407538854
40b14de62d50cd96,0.5427074219715238
e8b95e5aac14d285,0.4704846451100595
545aeb4e5c2808c7,0.4917711992724074
3ea943e815e609c3,0.49262848980110874
9c3663c00fb99ff6,0.48123051547182266
6806a16705d54743,0.5083405061521614
9658ef3f8e3ed080,0.5161953383742648
72aca7fa36feebdf,0.5302691288268734
dfe86e43c4930991,0.5082662159579944
4f82ff5b5651d2f0,0.47543077366997133
d13da56afbdee207,0.5128720606092835
0dcdbb940af66121,0.4683413996502666
0e09773245767eac,0.48155592367572964
b186bc9610e2b533,0.5334779176239481
d54841a2e0a4cca8,0.5321140676680958
166c017caddab251,0.545838898776227
a23f0288384f2f2d,0.4969165253440142
4886d310e5914363,0.4699303470426809
41edfc6111e88f1f,0.4821470691337401
0f33a4c86170e40b,0.5168966789007725
19bac5bcc4414e66,0.46293001504817055
88ddba34446d1ade,0.4849285850268646
a8dfc97deea7f5fa,0.5182111039164023
fbe5da4001a21c4a,0.47596214937400155
8ea535444187b6ac,0.4859088838010155
1be66765efbe9174,0.5295355290485709
05f16b595e33f77b,0.49629755922658714
3fb3259efef9eda0,0.4619923308965991
43836f5657b092dc,0.530197430718775
26ac42441170201f,0.5472995713514014
12a4ec2031ef6174,0.46417463194119635
d8e7f33605a80ae3,0.5041124254711098
d6bde3bc380d8735,0.49320527703039635
9e0c178f3e852551,0.5403454379736462
88a6149ecfb1f651,0.4973724090220276
54a33fc8125490a9,0.4861364492271629
2930f4f063583542,0.48220713235250906
5092541f5024187c,0.46455633675712027
e78a593c9b385330,0.5149985608073991
a09be3a8eeceee6f,0.5419311117690484
7010ac1b44772de3,0.46688981910563376
49a17880c454c7c3,0.47815555907097385
4e36cc0f1383ebd3,0.5246064100599068
ebdb25864f6ce1b9,0.4745712371200351
bdb72360a5581c6d,0.5193090462181359
8c698e0fbcb6a090,0.4852209169747595
9c350ea7550d8378,0.47790983396087905
a8b88f7bb8ca6361,0.4885941730704144
3d326c98287fba6f,0.48907186218173204
f42c01d8b045f708,0.5308734110381456
8e5d62b3ab696aaa,0.4703063921163882
6224caf3c72e7ee3,0.5032780148994124
926fddd6b2ee63aa,0.4581781702076777
922cf50522b3b88b,0.529839534970789
7d0fb10204af6166,0.5270780374701994
1a76fbd031e39a6b,0.535425934613221
fd68ea29d356dd75,0.47197559857070787
03cc36191251ada1,0.501671709283074
99b5bb0b92d8a55a,0.46250401092407467
aac02a9d632924f3,0.4636679390224937
5d220b8e18201d3a,0.4773939806788776
14fc1d6fe2d4e69a,0.5388480570452585
35e119f52196b1ba,0.4751814187077572
40f1234b5a30403c,0.5120149180229215
d59ccb5d557c022e,0.5147647273040564
0c385e728de38f99,0.4865753493974464
f8683477a2ab2ade,0.5342830195883778
511fe8f39056b9f0,0.49727326546770956
c99c5d897170f156,0.5028377134517288
9d753071d21e6c36,0.4921763233997387
9e9289f66961c664,0.5150303187066604
5f8b0d75fdfecea0,0.48285451550884084
9dc13c482e059e6f,0.483275569922775
3f87fc97c66a3191,0.5119740922714531
1b3f3ffb589858e3,0.47802616704262607
5358785efbcfdaaa,0.49609709523496137
57193bdf5b9a6b42,0.5317424631782058
4ba6c061c5bcb057,0.5477514303067765
218a85cad268eab4,0.5275685339829529
f93dbe2cfff78101,0.4976728978775087
a8481146cd533ccd,0.5189847818509817
84b0e8fa750b7a33,0.48211106419044636
fdcc76060f099b01,0.46095156849414876
300a47eca14f8974,0.5174556997776364
14218faebac40dda,0.5055647226870709
6df2c2d2e3c3a7a8,0.49811560558701773
73b49cfc1f3e9dfe,0.4809320830806697
7f686a76e0a43e5a,0.4852780495422284
bf81324a27520bde,0.49829401310060484
f5d463ec64cf0b0d,0.4768775655916518
7b0554b8ca04f697,0.4632159031854997
e1b2fbbaa6be8596,0.48012060969328996
1b881aaa4217102a,0.5124513678695019
c212840fd1764342,0.4930328873444748
ef314439dbb365d6,0.4653713006232955
1772dc13f02d39b7,0.46541220857561605
b9ed04801fc7a354,0.48122264512239876
105a3d1544b0f94b,0.5113927089615645
78654baca9d1378e,0.5361755591121049
9bc2056512b6d4b6,0.5093762409520989
09c4cf78e2e7adc5,0.4862375047070826
b2555ae21207d05b,0.5380803760470847
ae348fe15c764802,0.48525233511598237
f0124c71b8a4ad33,0.5076745310530351
b56dc4e690b38942,0.4865314513077199
f780521ce14740f3,0.4731344811573714
dc6f043604dd54fe,0.48265554770503155
e07db4ab9d64f3ee,0.5236713085170726
8afd23b140e4bcb6,0.5079669760708038
11bdf36dc7a35404,0.4647804904468697
4996a5c048b055d5,0.5280146209043044
623d8021b7d32292,0.5192718056776436
9eaa2f70288d4b3f,0.4720195558689041
9b0054be7988059a,0.49925935861702164
3952d82f6df456f1,0.47193041636258903
8533f9a63a9367b1,0.5017802200772916
391d9fb2c3bd6fbe,0.45391094589004544
101b529dd70a1e11,0.4722970805236756
85b19b6a46b45156,0.4684934741026723
a4b17c05d90ca2b2,0.49346765720813834
194ecba02d51bfb5,0.47471509371858844
20a12da2d8890e93,0.46237469368609474
2df9214ba1de660d,0.49800064612531636
bd7e307eb75933e1,0.5103669716834678
5e0b0dbe5ffe6e83,0.5605182756682657
bf3a6cfc9a1f3c80,0.4943270056339074
82ae8090ca11b2e6,0.5171347671362683
4901ed9747386ca7,0.5253463194751298
53084b49be13c52f,0.5379193291807394
0263cc51aa1acd4c,0.5142501633058498
41e313f2355b137c,0.519059004281374
51a37cfce403f12f,0.498655350837041
df4f484e6719459f,0.4794930568396022
de7f255e061d07f9,0.5075682272499004
741683772f1576c7,0.5184825652420361
54c7fb2af01e96d6,0.5309198729841759
24c542dab399c685,0.474262841061508
a1230bf06c58290d,0.48650414944735243
900e15461a12870f,0.5348231620808234
c089536a25834f70,0.48708115603658253
afc3286b544f0040,0.516749994684762
c61465243a2221a5,0.5152286737744447
cb1f20d4bb93c243,0.49937234325311947
30725d20e5558b56,0.490826848255368
94ce3e10e75f90a6,0.4660264258988751
48d0b89d569495d8,0.5096454821931939
ff1ad6d36283f697,0.4814149966624908
72be68b75d2c814b,0.47437852329567665
e4b90062b12b7030,0.5315325844674793
d6323a665e446722,0.47334651160616836
2d37f4baed1667c1,0.5105844193713418
05781aee37a18dac,0.48921861186502125
de24d558a18a9f32,0.4831031287576357
cb44379989560ff1,0.4699228369209598
eb333ca8ccdad2c8,0.5019192788086385
1d5cf29e044bf468,0.5198333352709101
172401cbfcd665a3,0.5266605550435366
8247761544773a90,0.4453769299455069
5f2c0797f7cb831e,0.4817564045517435
a7edbfd2acdf8ad0,0.4857785859968771
fdcb685349aaef9b,0.5141932374675944
1568e5a308c50e7b,0.5198227370816461
53f5f1c7014efbaf,0.5124817629868081
e992034fc58854a7,0.48654263145653276
b1fc334e48e20c8a,0.4548842592952763
ca9f6168acd90b8b,0.47485859100118216
929bd47a71c6b958,0.5455367585789066
f7ee05e2b2ea34e4,0.49150709011411764
2f3fdc90e73536d0,0.45077182990396425
b43f6d156041778c,0.4574298564219825
6b0740f130757056,0.47647157457472217
9f1200bd8ef18393,0.4924451253279729
bf0849396acf9180,0.4576289563702942
58f62b02898dcd7c,0.5272332893821182
825b360a284d4a2e,0.46851939088107886
0274228343b0c7cc,0.5379006803671025
746ca6b736caea7b,0.46721027938516174
69cadc81ce7e015c,0.48095959332578464
295dc3bdd969b7cf,0.5241962050616342
e0c7aeb2471c9ba6,0.5217966846351577
a7c128e7baf08587,0.4982433239666648
74ac5ce19092de45,0.5116232729056152
5642496d768456f0,0.5382894011878909
9568d09b37d48147,0.5214299156475903
687eb07ac1ec9aba,0.4732546552694842
1131d59f818ebfc7,0.46982512197577403
70d46c4ad271dfcf,0.4991244497536433
333d8235e3bd1acc,0.481127735566644
f9dc0ee30937f393,0.5154612533360401
e2e48b863ea7d61c,0.5258684733246057
96ad67d29a15ec47,0.5065473249188539
998b0ea49069c858,0.4802742876792834
cbf500fe483dca27,0.4906380895800966
32889f39f5c7e4e1,0.4830788364554909
f87241418df6147d,0.5141552527766549
afed174cf13b9d7f,0.5014016577250213
d52f3c40480519e8,0.5198133094953115
67306d595867bdca,0.4621577187473804
dc439b5c79486948,0.4954917738763131
35089dcee9e9ba1c,0.46620722820208926
61b5d6ef5f241490,0.4794373326104022
45f5713dcef10264,0.5092741742769318
2a3053d58302242a,0.48727363524129563
0998f38d4d069491,0.5149294771813482
accc2c8ae67e6063,0.46049783169728786
9f5292cbd3806d79,0.4913249276613501
1fb85b95e91ae45e,0.4893350493002394
faa0394464cef2e8,0.4711579331921355
af95309c63fadc79,0.49024567494805715
b8b45d6732b08fb5,0.484822751086845
66966f55862259dc,0.5114006665024353
608333309da6527a,0.5302871534939841
36dc5921a7d84ed1,0.5056696479275518
27813742ebfe2b33,0.5052777237036989
211d5db960ca61c8,0.45801599526814063
5b186ac0d11513b9,0.5461958894099503
832d1c008bc3ef2b,0.5283573991710874
7d4e4f8d7d40dcfc,0.48662954154493765
f0dfb22c3a27665d,0.5286676190623087
407451c452cc5d17,0.5391818528072291
56928312feff0ba3,0.5041794535754243
9454541a6582c13a,0.49512161194934035
e6e2f33f21d593de,0.45461087778351006
eaa2910769614f8e,0.4647108269692479
127bd9796d970cc9,0.48131119268797573
169858f0ea055525,0.46132415618945377
47a3a9c393a619bb,0.5040051053416011
d25e98683c74aa8c,0.49412927088401304
4f2ec1f813538809,0.5137977771709283
8e5753d72777a9ac,0.49637387988326154
d9cef172341ac628,0.5338799105952988
d2c6b2e087495365,0.5161353915330096
5aab483da67d16b3,0.49622761803059945
ad319fa45d964c5e,0.5437884949356628
730d677b8c968e37,0.47333735876646515
b1e38b684248bd0f,0.5051765214605364
ccd097c32d7ca7c0,0.481285474899248
4cb0f5de29f8b8a8,0.5073158732008006
902aa8ae7819a527,0.46172227978070757
36cc1fd78eea46be,0.5372127031483444
5b8a6b0aae157e06,0.517616198038469
d371f4cddd5ab580,0.48206501328980855
a07311ae113f1cc7,0.5195283572590039
8ff382f017152a6b,0.5098515199695276
bfe18fe096f61209,0.49912617163219086
97f3a3f55f767d91,0.47359451455939394
a4058a2e4bbcaddc,0.5254293336709035
6dbcfd20040642cf,0.4678808534886372
42a6b3c10ef18f02,0.5064285087934748
9d7f6f4e136504fc,0.48722986295500004
0165f411bc818cb0,0.5057614586633629
bffe1b12bbe69fb2,0.4973091498175338
e01b40b1d6f30df0,0.5223070581825382
3201c568d1d26470,0.5374969913853483
0affa4eadbf1db83,0.5386901392577645
ddd3b7b0ab9f40d9,0.5389626164299072
ec738c2ec1bfcd80,0.4545278678551058
906a954f8e1fea07,0.5471715905165186
cdbfc59fb04fc180,0.5202936713648376
2d4770eef88200b3,0.4631853613872129
3d18600bcebb32aa,0.5038835242348407
3e050322f92541d9,0.4954746212264993
1221e13593768788,0.48148199777783396
e7ea980a9b3cc8c4,0.4875278895038667
398953f786ac4845,0.5277699519253745
e8efc32edeaa174c,0.5295966101224262
49f061e869ee997d,0.526209528746256
17668415b4ad9f20,0.46923560655703034
81e71cda520c7c11,0.5197780688259411
7c48e5537ec69161,0.4921383707192136
7b6ba45bf7c43e21,0.49725941433618814
9cdc08694020bc45,0.5181655028650871
60a026b4a766753d,0.47837580416195613
719db72fef47ca30,0.4899706702556641
c0b5b808eb068fc6,0.4927055978509104
b20616efa1e51758,0.4869975526318727
d1c2190b7e54ae51,0.46562552172034877
88d71cf388b60bf4,0.5148847565929515
c2394a42025bd869,0.5352543301987385
19b165b652dbcda4,0.5302508915590592
c17841139e5914a5,0.5227681264851328
5549a53bbf9d24be,0.5397852088964399
2da830aa5b2812cb,0.47936036635724194
fb36e8ea3112744a,0.49088089727973416
3dcfee7f0efc084a,0.5147089242844725
16a97d3860c22e1c,0.530477920575117
6322b2e3f7dca7db,0.5050853161462384
a48ff3331f89fc6d,0.49699899886232846
e07a96472008d97e,0.5277755541832072
42af4fb223127bc3,0.4871304548134756
4aa484762f1d25ae,0.5436130392834033
c414fb964c9cbb8f,0.49945968213848946
397cb89e6ab8a959,0.5167978296578621
2e9d9d9e0a6af0ff,0.5194772379364909
fc32ff9c59a22f95,0.45720588188635464
5783d334ad7f831b,0.5273429618811996
dbaa31f9fbbb6219,0.46882115367838945
93eb228beb06de30,0.4768121620218685
482d6bc5204e5ae1,0.5003124695055668
7128efa4863f0362,0.49986948503399403
ba5809f410734a94,0.5020822330624348
a571eb5010a2e299,0.4690761743228617
ad6cdd09fea09683,0.5166114220565285
fa9d2cf12e72efce,0.5203521317321123
a8ae0f9ef30ce81a,0.5403158240009409
3b234a17219db0b1,0.4543292570056353
25b24a0734045bd8,0.5260809708224531
771f41a483c9f8a5,0.5017963783853976
22a6c4ec274869d7,0.5194623061252891
e48895820558223a,0.4554408450087394
02c11767f29d0426,0.47802877921446707
d686fd200c65923c,0.532699956185889
adfe117f01ca698a,0.4493332627770388
69f3b49837e76dc6,0.48864960828728576
2e72632e2ea73631,0.474801320177789
3207b91e24e27568,0.4830548935155371
95f22517cd16a7c2,0.4836940570150956
543936caa0e83a72,0.4764672646238328
58c5c659df736b0b,0.48141885975635806
997b65e2ca34d529,0.492629188628319
75bd9c566434eae8,0.47491606624015487
14088d0f66d091e7,0.5376467491118584
4014d97b63499622,0.4888960283479683
f9d10471eb47111f,0.530875247717508
545fffb7628e26bd,0.4764585393745774
9c45d75bebd4d820,0.4640595968185155
f710caef77284ef1,0.5229620941141342
e4bc3c14c4f4b1a8,0.4901449223108568
392b17be6354d3a9,0.5098433671339375
9cc8d07ee090f377,0.5158321971514046
b2fbccdb690a2b84,0.5108476745621086
291257ccaccf9d11,0.5069786739492526
c9022a6ee3a5d7d8,0.471322109774867
19a688707e160732,0.4810324373649034
84bef4f5323ebd93,0.5293095246536942
a3e5e1903e0e9682,0.4932852066582132
3b0297530613b732,0.47683598279850925
ca0fa3062d6f947a,0.5254558444774604
aba2a7eb167c6548,0.5119938026387278
7dace0a49f811059,0.5121595518448944
522ed32d9fdf2d72,0.5030280169456933
8771c418cc219aa1,0.5082200242273001
1b8f8b528f041137,0.46257179951480765
a9112add272578cc,0.48076764313095954
e722b584b816d2f4,0.5145842510038968
324dcb8fa3962b96,0.500429273033122
ee84f939a7ab4e14,0.5124060291843042
f7a5683abeeb512e,0.47582930598955564
788dec8bb41081b9,0.47202762042306845
20880910f50c0159,0.5148863063336874
a55d2babd6ac6e05,0.4486508925050787
7c5af2b41b2f1889,0.5010894992859807
af9599e0e687edff,0.481239589284637
96de608fb997caee,0.463568203359485
ef99f60d68f58a7e,0.5375268113092007
59d2159096523cdb,0.5364080652166717
606abd74dcfa442e,0.5270945970413099
20fdb4917e7e9401,0.4743830079927859
a3a5ff27339bb075,0.5018104810449459
b5ecb5c63b48ec75,0.5223339641132566
0a039166594e063a,0.4725876353948525
62bfe04683f51a3c,0.49835958548684944
b430c4d5161b59db,0.5365044362591576
a385f4145be5f5d0,0.456606564000557
904e0bfdad64bd43,0.5470266734988651
0f4074528657c491,0.5103249068009388
39e4468b2f4b7935,0.49283278634662997
9125b00413b353d6,0.45838801174944244
fafd8063bc5f5cec,0.5016243811843808
6b06401ff364064a,0.46691881534143664
e5c9addac3faca6d,0.47285506551967216
d12807d748517f6e,0.49618254977324905
828de307532bb29a,0.5450117735575458
2799da617b3128ab,0.47860251768057227
7b6d6ea6d9feff86,0.4541673497552885
0627c402fd75fb9d,0.5520085809343027
a1bb99f3b749279f,0.48309257788990295
ceac2c53c27234d5,0.4550605601095384
9b3de1b793447910,0.4701243103906022
76a426cfc81a4d2d,0.5111583659479858
abac3cc21ba1b309,0.47774408049077055
4e8b9323fa254334,0.5127587781553368
1a4205578a28486e,0.5382660930440355
fa7dfc3f7d4a1344,0.5127136522696433
340b1651b36c8645,0.49216131687357656
73cf2e26157ed703,0.530587723432918
87add43c2ce1b06e,0.5090397397188462
01717bfb5b3542c8,0.5332544680296396
70ca05c9213444aa,0.5197403667719824
0684a9a80bfd34b3,0.4860008955110894
8c2ae373e2809c29,0.48742540844139104
331341a7f1c33272,0.5258001446048303
97078c12c161c701,0.5031767113841966
4ddffb1d8861cc54,0.45759534047538747
2dbc5e3027b4817b,0.505925669090278
8fcb717c71bb3cfc,0.5017765740125948
58ed220fa88a029b,0.4613889446684467
fcad4ebd837b0031,0.48996656582061593
0792e52fe2c9b711,0.5220501372183388
576de6970c4ba90c,0.500032958151964
930888a00b16e315,0.5442174064307573
bb00b59f720aadc8,0.5145987776754718
05aad23e028bea27,0.49476820602273497
0ccaef7346d2eebe,0.5040847448842487
bc31c0a97c89dac1,0.5218440074930409
239478b0c695aad2,0.48830353385270375
6d59238e91d3c6d6,0.5020360830045769
02b6f6002980042e,0.5415410850714235
0164fc5fb575ee2b,0.49194232946728733
d8ba5ce01fe8a09d,0.5298000244021078
173b378df818b167,0.46083984874414463
7f5edae9b09a208c,0.5083335900277419
0b5662c2a594c20c,0.5233444909500423
55ba1dbed1a641ea,0.5318989468141282
c944ecb134192652,0.5323068264215163
3984b7d478aec2b1,0.5299768186031466
f6ff304e4f459ab4,0.5326746402085825
a49951ac9b42ceab,0.5210904167841847
4b48ddb6a65e584b,0.5402055216038103
624009526008e265,0.4981571035708997
9ca1f3fd0ed031b3,0.5062763419876473
dd7e10345355a17c,0.49230523347923183
a324ae18d57bb12f,0.5099024737455158
f3aede6892999fdd,0.47831344293887657
798f779dbd13fb6c,0.5394332070133132
21481b4c28f91b47,0.4575382004768681
8529066c088169cd,0.46179258517699384
7e93ed2093de4112,0.4751342959466696
51687c7ba8a553be,0.5121819230320251
4ad8b585409698e6,0.4848988699089276
eca2dbbd4829118c,0.5043376059585701
7a9bea3f50549e57,0.49693206803690615
e53cb4d81fe012e8,0.507246694678044
25e3af07b73ccb43,0.49348246328103385
939b59f220b94ec8,0.47995870433498167
9618c75bab14bdc4,0.5283731449222266
2ac483615d4696d4,0.5492213226456654
b357b45b22852d5f,0.4846601902228414
eed158b983054ab2,0.44318594065266326
25b699ec3d33020b,0.5487734643100013
fabe692869cbf6a8,0.4653303675397661
e30cdc55701f891d,0.5144984215403309
4e247c59738e0754,0.5165684279602374
eb6c93bf83ef9f01,0.5084471974187579
4b2a51b89182eb2f,0.5300050205940374
920800c7a752c35e,0.4731413001845619
00e3f3638706ad20,0.487326662749892
3b68344f608e8cf6,0.4722704750980491
bd0092d0e87dd02b,0.4921835961254535
d3020752ddea13e5,0.5149994489413006
679a41beeaebf503,0.5268865867667175
7fcec9e71dcf18cc,0.47463477424855116
735724a234bf2816,0.5128637482494727
31cdf3e24ce53af5,0.49325254931737744
58b83792be0f6321,0.5334489675545734
2a84a58cf96025f5,0.470047189627809
9fcedeea63586bf0,0.510357928479177
d9de7aba8c682fda,0.4582839311773886
08572215a3892815,0.49001001665229027
b488884763d551a2,0.5178679116427752
c30e80405d6e58b2,0.47615421346132597
0c86a250e70f6eb2,0.4999914649427374
a11c15fcf4597f82,0.5276977528554898
2caedcb4ee1a4103,0.541636032954671
f91d05eaa3df539e,0.49827756220174924
8bba0a98ae140af5,0.5220199614129886
a987e81632676043,0.4991489291688114
f50807d17b5c038f,0.5255850357783329
ee12454070596716,0.4990226256912993
b6e0190c3e5766ef,0.539092661842262
a57b30735e272a29,0.45871006887187094
ca66fe2ee058013e,0.5195632865989018
1969a8349757d32d,0.5147875489163476
a5bad4f4702eb96b,0.4687942472952269
2f4ee5ef7a9e32ab,0.5378820529760043
abb1f9350d96ed70,0.4796006736729874
8a663152856f606b,0.46709891041980534
5965e2be33eecfc3,0.46420745557577525
75414a1e69d6f205,0.5075264753626604
0d6362f82430762d,0.5189349183416889
cded8976cdbec569,0.5067477959302169
2f21d9cb88d7004a,0.5072234463836209
bd0809d01c93396d,0.5441499794901836
d368fd4152e904a0,0.5252678208043553
7a088b0bef4cb74c,0.4877371096514731
dad9460a25f9913b,0.529169623762928
50f138449e3fe2e8,0.49217099572401213
53eecae41b9614fd,0.5445045127804663
c88755b5796bc0c9,0.5325280108582646
1b2bf22690f55b23,0.47887886610428465
4c0b6078692f7c89,0.5150088347965294
d310596293c8f04c,0.5025233425202973
3a724ceda4c76f9c,0.4519543557618256
57c2219b4f1a0a5a,0.525705739630414
6069a9ccdba45516,0.5088419631590111
504a8185dad726d7,0.5311096167534731
c950477e87d58094,0.4718767094030403
9f1e86207b2be555,0.5270274797335437
69051b19215e3e0a,0.5078931898033024
7f70b72d97083c7b,0.5176562309194955
61279ec74a6d3645,0.4623108130017526
4a35368f7daabf53,0.5103473250182544
8730f5f1237b818b,0.4632047255011357
f9492b545b552f5b,0.5155859553159626
a5e99c4117b486a0,0.4915820965066034
c10ccbadcdafc1cc,0.4782872812682887
e0d15a865fdfb988,0.46954564417843603
eb916f460ee1b545,0.4834835453043361
1b7bb61fe350c5ec,0.48563713172525713
03e5516590f20096,0.4919602944289254
18e0a9eb3145a82b,0.4664284237442817
39cab30b8f09a081,0.5347337627859504
dd47b13d3aa2de79,0.48213661761174587
6a431bf1b07deab0,0.5280617112025335
2b0db9b43f8d905b,0.5154152313643988
363b638b117d0e37,0.4654793190418802
87518c28a26f4d41,0.45372965190357495
3e73b6c86098ef20,0.5131609346577799
f7580d024f627389,0.4859939692478109
626946bf85055423,0.47259438664798525
1d4ec81574db910c,0.49622923434573074
eb3384eb6ec0ee10,0.4751663477220325
ba1a0a18164d2ed4,0.4661502996320318
8736a356e18687f9,0.47508507757456314
f66ad6f9a0d13057,0.49585861993703384
6781beeb2a94c80b,0.5178119724752449
45ec50d9e9b762dc,0.47312594295944227
f993d49be31858db,0.49298912811393125
68630d40b3d8c8a7,0.5112328779391233
790d0e863cbc896c,0.4665130843907009
6b9f40e1b5440454,0.48338511983694776
5bd12aaf1d87cfb6,0.5147762187172175
9593f8af8e49622c,0.4850093396315107
7787873ef39eb65f,0.5308556679008987
3b43be2428bd133c,0.47331348877968205
51614174133f7405,0.5185249478602335
90ef1be7933c7d32,0.48657688571567637
b9b0bc5968838ca2,0.4847963085376382
34854ac0b59be9cb,0.500520047963473
552972fc397a3d7b,0.516542182159055
538cce811be930f6,0.5395252922558231
3684947575a87995,0.5351769134655763
3458934dca749c27,0.5078904325923044
777593519303d6bc,0.520944923301435
c998d0d7e544f18a,0.5036408287516032
a23ad55fcdc44126,0.5270909780821231
628f59b52e0f1abb,0.5409402798136126
f55fd4a896009b37,0.46227488297907554
891966bf8125b263,0.4775708644432666
31a036f4acb27daa,0.5171508765701375
b329a2756c4e7e5c,0.4668783485117529
4abec7b3aa11b00d,0.49722578112501475
506d7e6eca5fce8a,0.4905521838934238
93767eb66242b1fc,0.5428723101527263
f07f619af08f71e3,0.5311981833319819
067779ad870efb29,0.505156570989446
5772509431f3d5d1,0.51739946651121
562161d24bca87e5,0.4696193299450956
f3e2eded68a25564,0.47702782315912085
4e9f50f16ba04465,0.488045429531452
a4208a55db792b95,0.4860767929543694
9540d1c34ce10213,0.4695245378328401
3b047ea1a379c251,0.49632708009865245
90c24520deb11d2d,0.4974463597049438
174bf54853f8e212,0.4832016157299901
e32af9607e1574ac,0.46943348687050546
177d7eaf2ebe4bb3,0.45845978140882054
1d3872dea5918cf8,0.5282996171270823
b6641f418df5107a,0.5105557968097407
7b0a91f0c2754446,0.5240290832020069
3074d01b6d512da1,0.48893125558797745
a1ded8ab2ac8cbc3,0.4766919531641115
99d24231acc81bda,0.5317296044586497
ff0efc6b635f0dfe,0.49504068171072424
4b26bc2a5271e828,0.5028256425537507
323cc294321346a4,0.5033272172131837
1c5da1e20342a0bf,0.5104013520750924
4f414677966cf8e5,0.49717634162432106
a08962f7cf8ef6ea,0.5389261093285926
e6778d3ce59810c5,0.4832925025134146
944d32b8f9e9db1a,0.5312442779825853
e5c8bee2002b6ca3,0.5300363528120278
fcc9190b336ccdc9,0.4691337565442795
d8c0de2ec20dd583,0.49744740212568384
fb55a45c51379250,0.4712618715253867
d6e81f789123be62,0.49398346329200227
2653ffee6d9f5abd,0.53296074426111
daf885e44112d6f2,0.5248170850755365
a75fbb195a5c31b4,0.5234139017685272
d6946d6a1e5de8e0,0.4974421463439977
262eea09fa9fdd15,0.45726604837204365
0661f0f9daa76a96,0.5132994556525535
3796742963319893,0.5405372339604677
b7d31b3502739b04,0.5024875531837173
ca3ab2b2441679fe,0.4990201249440811
6ff3c95261a2e60c,0.4653604727467112
296198ef516bccfc,0.4638008003436028
fd7387d23f2c2e12,0.5041761374349636
705f7c9f6f9a1ddb,0.4782166532657056
664080d9a44e09d5,0.4633677800364071
d7bfb116b3f0171e,0.501196987210524
df7650f2e15b685c,0.5211646372471308
13d553333a49e1fc,0.4675334925534765
d60997f0da2b3161,0.4801549515414826
e3dc5b0748d9d1be,0.5406229794202605
126cc7a3354c3a59,0.4810243178387904
68c831e307f80c40,0.4595761335823343
4c10437c6f1f749e,0.5574745448114464
4de56fff18170df4,0.4777507412071128
93ee64e43ea9b0ac,0.5267294075940867
622e27b7a834d371,0.5391878924858842
8283fa9a80b68052,0.4730234991139149
3cbb48910802e9b0,0.5238512811716303
898c4451fed60e39,0.501976595952702
560b7b7af9fe8dd1,0.5077959709492745
bcc595e893e2a797,0.48397941524793153
cb2fa098224a9f0b,0.5144127667647158
9e2a88f835bbb5df,0.5390818937397025
07e1bd9a166bc257,0.5232846449352515
10fdd890be2462d8,0.449443443874613
34a7adccbdf4dbe6,0.5375138239173074
5dca94f6e13922ed,0.4795459496809779
be032af3265ed2f8,0.5361447918355986
afebc493854ff065,0.4626153301342995
755bf2132b96ea88,0.46311605608073014
11b6872eb913fe4d,0.4751859129850259
5a73131a74b5e6f1,0.48272364931161915
a1445f34ce4c970c,0.516066808076968
c84303c64f096b4d,0.5182955682501031
ee5a57da13fbcab4,0.5146645956154257
9e237fe51b937f8b,0.50104938841663
04c0ce452fa54511,0.503853958584528
e4cc4cfb493c102c,0.5234748902627386
13ec6848e5d8c7ec,0.49403779197133185
8b117511fb3c0bb5,0.5388193025859428
45109a7dafad71a4,0.5330289981151104
be5d51769b283a70,0.5226046258297744
4b049c030fc355f2,0.5002411508094831
e1b125afa19663b9,0.5058604877493436
7f5ee99bec52fb31,0.5168209636313351
0ea477a7bb524c43,0.5117936177193727
b2ef814029a4593b,0.5240149998056057
54642bb90de7c651,0.47421648105934183
5562db51544efda6,0.48732073852672475
8c3fc61ec6b0570c,0.513325259964345
19990ada3d732a59,0.5468310432683381
d4a097538c2270df,0.5130747114033913
a8e6780d12272bb2,0.507494703345089
0de7c0afdf2ac64d,0.5186463322909493
ec3a682eb391eb7a,0.49325720593978695
de499b3d3aa77620,0.4864852324578052
bb95d7738f26c137,0.4875612222750726
76de6c48fb303a99,0.5328453524891472
f54db052a2c1bf61,0.5226860566874163
d2b45f024d0f9012,0.5297511676870161
26693e446f60e43c,0.49582884160375534
00fedb2a014dd220,0.47603224471972366
8b353042d65300c8,0.5362985886121407
90c55b1f3ca98c5b,0.47115905113675083
b874c35d79d74f6c,0.5039774879632264
d482eb847a0a40c6,0.4790181129460882
fc4d3a97478802f1,0.4921316148902265
0a7a2b85838db506,0.4614396576448153
c697f27fe38b040c,0.4734610446633737
a4d2009627d556d9,0.495847265737805
1c403f2124470ed4,0.45793040205576063
33627e42df750fa3,0.4680902963415299
ba9bd925e360f225,0.4857630368772235
ea28b791d0295ad0,0.49677141693568483
d149d439304c8705,0.4553688475746454
536b709bf5515eeb,0.4911350628735601
88c0a8061e7a3795,0.5206861124614246
8764acb490f19b62,0.4843345500865323
417f76acebadcb48,0.5389765895465061
475869c5be3c507b,0.5081290796407242
3ef8009767c7fa25,0.5379501372766081
b554efed5fb706fa,0.5328033091319851
84da50183b024285,0.48693191701657623
a4b1d18f46aa981c,0.45371633844693
9b47e555a004cdae,0.4856703999614933
ef262814960ff13f,0.5231020686024611
5c0868ac8eafc7f9,0.4905512159271458
db15a0f6f796aefc,0.4781919168040647
9e813d48e7fed678,0.5210092947195866
7e45e93f027eadd9,0.5250522130623527
bba24189518e4411,0.5257957676990812
80cba429bade3fd1,0.474889093447122
ea2c64045d0a1c12,0.5252153568147864
6eea65bf31a2bde4,0.47165909018746843
986a532aee033e7a,0.4861169410269578
d254bc6437766f3e,0.4918302006941785
3c2c4044a5a205b7,0.4943098219299812
d1698b7f7ce2ac63,0.5276783349932741
5615043a1f36b137,0.470044710333978
fcb9321c88377fa5,0.443579973742088
885250c55edfcb6f,0.5230043827850731
f48232723a1bd05d,0.5399972369767612
27b4eb77530a112c,0.47670532295689194
98a1669bde0eac7b,0.544370243618091
c85cfc3341c8708c,0.45167331292634527
8043ae38af9b3ce5,0.5303417825995709
babccd7388fd8c21,0.4924934321727654
28aeae730b623cab,0.5054848143823925
4bf1da87dd838f3f,0.48182046124366473
8da93da167404e45,0.5099600942395845
4a0a3077b5581645,0.508081170360549
bfa2d19017923568,0.5020406666909536
5f6e00c966c5f59f,0.5323991328988696
52c9dbfce9f1b95b,0.47150565315190907
cdfc3b9f626b0845,0.4850132712123776
5e6ad4f66342dce9,0.5259800207071484
42b0a534c0da50ab,0.5009641072638027
e454a16a94a43530,0.4919033056906684
1b6c9c3629bff42e,0.5280044431383633
3d4ea2f562e04d67,0.46751274934562104
e5e88946dd245e5b,0.4925865586157876
7c08fe11ea59472e,0.5049339725862992
48716b8ef3837856,0.5005784348154498
22cb220fb3d03ef0,0.5223125532077104
ad38c3a4c4f92dd2,0.46310130250505127
439506f46710d418,0.5260691181018935
e6d46d90ae71b635,0.49497682351833394
cc306ba2474886f5,0.4742610068568772
c3dbfacba8b29888,0.45977601465810897
3349746bf536b40c,0.49820186713805065
254dff7f2f5e27da,0.4722998431777121
5f715d9d99d8aef8,0.5245806524012635
28877bba74273a2c,0.47212715896101615
0837f11e1dc53f72,0.5226942135915751
700d9c6e6406ca13,0.5311708428493476
6e0d475eeeff64fb,0.5069590831334548
36ba7c400d24c8ad,0.4655137901073997
8c371f8737f1a2dc,0.5600809483236459
163b4afe1f475ea0,0.5354273774777676
2e2c632a9af9b807,0.5390454950535725
a891091666dc0643,0.5216387501723596
a990b188a8200e9e,0.46147593964837463
e0da7835cc3694da,0.49128063158883845
6965bd28dc460b44,0.4716800827331106
84b4fd2717d4bf2c,0.4842814406512921
0544118474e570be,0.4978707741875398
2437b2d4a2e8ae82,0.5284466133580865
647299fb2ba00e43,0.4581988747829836
7372537f1eba1dab,0.5456339172887282
8854c27e996efd14,0.4968355209422822
380235b034a986da,0.5375860746857767
a2d407f16ff373fe,0.5359984735336896
0ed19a3a868aaa3c,0.4946651629528064
c173b6242dff9b1c,0.4996857789930437
2043889f64f744b8,0.509453310787519
19989bc6ef928517,0.5183941481037306
d0665c65b0cf8d5d,0.5455670148507404
2b072792e895a81c,0.46896083546285605
c531857150c9674b,0.5099384781403924
bb56bbe97134a4d1,0.4677273978034724
3e062b6117c4918a,0.5011853030459276
a58a4c24d35bd7fa,0.5192441342424912
4ea7721e8c059b2e,0.47491741610688964
32a75809119cf7bc,0.5048716994732649
e4794a0287930fdc,0.49363820876482
028903129d296567,0.5125182773443651
910a3bc19a45f893,0.5219264607473474
afb4e9017f94d52b,0.46518815011505005
8c75ef81ac907000,0.498520279261768
de995213b69871cd,0.485610516287593
593b54413b1695ee,0.5233773613474527
d68b798f72ec2a7b,0.4708063096001961
2abd97afe8848116,0.4639661348916798
b80ebde982296428,0.5055618280187809
dbe8ab13dd1f44f4,0.47430736395928863
db6b5f2104046f55,0.502633146139027
1f67c146861efa15,0.4599274711919491
38f490199f1306b5,0.5011864235166887
dce69a47bd1feb56,0.48661456162728245
12cd790efb4486a6,0.5236097415560431
d5806dd0784560a5,0.45223737809130904
207f45be2fb83671,0.5335001723135989
848e2c11fd115b35,0.5177258958024359
0f9d093c9db25458,0.531574423059446
13e9da15ed290868,0.4887038008940764
8c584f6c1538beaa,0.46971264811812663
5fcd3e5896568513,0.5344764284181656
aa1f013ff05a59f3,0.49986874291611727
eb2bbf6f740d132f,0.4733097820943418
51fcfaba58d7f511,0.526384620602675
abfff37a1f178105,0.5256521786286206
918258103a71c3ab,0.4812468654825167
99beaa8c134356ed,0.5230256260498268
f3d97c979517c08d,0.5234808922822843
577a00d787373595,0.5323008568511189
d71bd663eab2681d,0.5212338189027194
3b59c956b239b3db,0.4765709569406479
9115eeed93f30a1c,0.4709828830976707
3d992bc625e7dad1,0.4565163461556165
4db07f6033192f9b,0.4599297117632899
a58a45e9afd5b405,0.5104535028911368
519774a276bdada6,0.5256578023329854
50bc50ed77a01d75,0.521518052609936
d608451c67dc5cfb,0.49936385668522276
2856ffa4f0a1ce80,0.49465433183370666
2bdff8f74778c4ea,0.4790772279141704
068acd67c99550cd,0.5235772273897465
6123220972766a4a,0.5006660029254129
c4d534fff3fc5628,0.5063275175948819
9fc3fdf14ea045ac,0.49484365301000616
3f86edfd0be75ecf,0.5004003415345177
c36573a6175092a9,0.5351803470529639
7c4df8c2f29666ee,0.4685244168212027
3c791b72118b74a6,0.5057988127570214
747b04b604c95fc1,0.46461712735848687
e780dca0db5520a5,0.45657374338227164
af83daec6d450e57,0.4969131511090558
5d4ff9f52e2e4f34,0.5077758965325161
b2b8e551d87be54f,0.542560177125958
203b6e0e0fcaa971,0.4925854957493766
eb36b4336605a7d6,0.48652746038470673
14713adcc060333a,0.5088722697720975
251c0c9a3789eff9,0.5316289025191729
0d0e059449af50d6,0.49026632348885657
63b1850f6f5df5d3,0.48230146848688227
90ace0c383247390,0.4532706196539137
1ba1d1cb2d6d1bb9,0.4848520274711866
dcb2cbe56ba92129,0.4659154077661527
88b8fdeb6d82597c,0.4737532424033473
0ccfe20a4b77ea6e,0.4700155037802579
3482a5b15357f00e,0.48226502488882805
6d71348fed8b9c4f,0.4873052678752602
f8723e3306bf7c43,0.5221692751342446
7ef77b74f9baecb6,0.4858024744790234
bc80f01834269376,0.4650654900766883
18da383af4fa3cb8,0.5256933742016615
b474ff492fb9a94d,0.47151200711120567
d157b8492ffba0dc,0.47621956161014445
cbd2d4eb5123804b,0.5397002341716083
0f9515404031e965,0.4809821555676861
4f1dcb8a1669a31c,0.5259488143028718
28c27ce346a7a7b7,0.5209350211390268
58928eff8cb29089,0.5159092199532123
8069cea0e02052d2,0.46879730974484124
3b583c05db5ea4a6,0.4728990780297492
36384df41240d0c1,0.5018998072015572
15e9a245d6d06a3e,0.5274704404963643
d2dba561c29b817d,0.5193536940041765
2a507f7014709986,0.5215345124582713
a27e43abacf3b1f2,0.5391295995811662
686019b683e849d6,0.5285970758758415
9a3663eadae7822e,0.5333432772381093
f4857bb0e0b52a47,0.4938077965951727
29f988f929e638a6,0.47887353584757053
cc08f5318b40d7b5,0.47157859224883086
3aa8c59d9c5dc7ac,0.5105258387430752
eeeb124ea0b0d51f,0.4926058930363577
c422bdf822a0dc56,0.5377057193389851
98269904767a2636,0.47061932967088715
e6cbd02151c72662,0.5235852867065287
5e7bd880681d9f61,0.5280859252010144
fbe456da262eaa3b,0.5063057655876758
dfe3e7968ec080ba,0.48195931980280887
0e9ef351ddbc9ab1,0.47180980165226294
2902b3339eeca5e3,0.4985888649663194
a7137a063b883e92,0.5281794639576434
b733ad3dd8899d06,0.4792526682450304
44fe9234ab115e2f,0.5363774365011467
000b03fc8664c7d1,0.4700179736790202
9020a01496eaf633,0.5246795667241329
53b7a21b0f4cc200,0.4615692005769543
20cc306cbb1c6bcc,0.5423571562840557
debcfcb981ae0125,0.4707742867058432
802bd1039c3e6a1b,0.47252369015154716
5f5c21e0b6a4d4a7,0.47092576681818643
4e1d92bfbc009b58,0.529873834296099
644c03f056f3bf9e,0.5419484767762052
3b4855d86d450661,0.4795386857333628
dbe1c9a9d3e563ac,0.47188989991145025
2fb49e6e63bbe8f6,0.5266271343199551
2347ddad2e1b095f,0.5066971114749597
e315a627d1ca8573,0.5334779601879621
0558a476ace81c15,0.49613219107425877
4426fc96456aa43d,0.5263985100548338
ee5092888f963b26,0.4765752333455551
57886ec9ac1bcba7,0.5427120545972621
69e1947ef1a19192,0.5169832037982185
af29d6fac97c87a3,0.4783665017038141
6952926383750b48,0.4748796516739253
b6e14b919c7ad1f2,0.4604226083133357
8d09ba7da0267580,0.5028924647857531
40e7e13ba421c25f,0.468098141785967
c3d8677083122b80,0.5305256246959225
e41366313db49145,0.4672334849784669
ed95e31015c5959c,0.5053393916214418
64f0bef89a702494,0.46928350698712634
81918dc774b899ca,0.4709047925416856
dc9dc895fc8368b6,0.4993538797941438
ea0dcc9add9ba8c9,0.5135674847035727
c45a009981cf2faf,0.5261414418132506
ee4eee5c2cad18b3,0.4546673273833028
4b8886ccb99d4b95,0.48641376707045825
a11b7637d21059b0,0.47928040922974047
ae6bfde3685ef5dd,0.4818955650590019
095f96ba3b90f727,0.4970456154105371
c800465fabd83658,0.4653697131686084
c75993f60039bc22,0.5027159885500325
15b2e13c51d54758,0.4896485820037159
cef343af7e936391,0.5171973308965991
bb9e37137f42fad4,0.4915655355130363
b6f54b152f0f2c28,0.4913846170619577
54548a1370ae962d,0.4937521338812215
774675091e96f38e,0.4701069325367773
64db0198c907fdc5,0.4684544468470332
ee3a2eba79a61cd2,0.4660940886758942
d87ea92ca2504e8e,0.5384914581800704
493f68967d2931dd,0.5028544241768456
33c5bd3953cad989,0.4932716556924508
31719675e9834500,0.488359197228183
283d0d3d8afdcd48,0.5281080833247154
0954b46131527b56,0.47241041167019604
c7f99cdcd74ddfb2,0.5159795653565182
89e81b0750c67025,0.5214813919312974
ef2e114a293d6051,0.4663633458107993
3eaa82eb74b0d2b9,0.555053336621387
f115b5827c53fdae,0.5455411483484617
5b981d50572234ec,0.5015134287211659
bc2a7ac2fb6ad312,0.5203745717592864
cabb5fa14742de79,0.5409923681992375
9dcd899d3120d04e,0.47176126522983364
5bf75dc153469005,0.5151397728877916
a99c57a3cfd238a9,0.5453555621215432
7d3c73f6e6251236,0.5251507108522321
79c824cab095ef0e,0.5024017288821263
50457f03b19ce000,0.5199499685218438
72ea29c850f97747,0.4819030795097897
949aabf35ccb0c4c,0.5081334115659969
bd3b7b9b5cc3a346,0.48927965884104996
581ae7bcf533000a,0.48252390693735747
f944b728b8eb9aac,0.4884945297745379
6add937f4476df2c,0.5009631946430824
478be273b158fbf1,0.4616748310062825
43c1856ef31d1073,0.5493110830217149
8f97466fd3810c1f,0.4799392046318124
3ae22b8a964781ec,0.5073701308978331
82ba55bfceb0ffbd,0.5161904596635383
5966bfc14b304d05,0.5122907004185988
eedd90867e3cd9d4,0.4438181155647794
99db9ab5fdf84102,0.4698091954732486
6c6761878fa11c78,0.5267059978251348
731bd2e8496a9b0e,0.469317283198031
9f1fd83e49b82f88,0.5283663653536388
51a2cc12286941ac,0.5278963775799103
7b60067efe8e7c4a,0.5312732211864649
7ba8d7a5a2f30106,0.5308995913240626
677aebcf5c57a29d,0.5090451215918821
c2e6810f10057ffc,0.49663519298549197
f770bf49e8b32f7d,0.5227310186135665
d999d97cecc80f08,0.5112223837434317
225695249568ef3d,0.5344183056872408
64c347ce204607a2,0.5186747110983343
8b972fc1665f8aff,0.49861963819315014
fd3a180f558ad235,0.5160772362535363
f24ea2f162b99780,0.5257858753464819
71edcfb193fa3be3,0.5423861321084635
4507c7c846e862ed,0.505424538809708
ac51d145f495fdf8,0.4935556143719725
3ab5c54552e9add3,0.5115453981311515
0e545a1fa4aecf83,0.47451522530096346
19eb7f93e53f33d0,0.48081836410393364
f4653f53352a740c,0.4998610682967187
c716d718820e66c0,0.4786699762442407
a8a2778b42759e84,0.5055335138423387
d632ca08f997e38d,0.4693722283631868
47c56ea6034205ca,0.4726160906035799
f436395245784b88,0.523682163002164
ddb7078278325022,0.4822646668410828
1c24525f31c1953f,0.5322909001931995
7c7e6ee56d6ea5c1,0.5257522965039985
0e67b9cedd55f492,0.483075193420798
a585afa6cc802221,0.48983511888064557
132bdb2d81abf434,0.4993314069887715
cdafcf3dcd774b36,0.5064079681297257
5694f780d2c8e463,0.4543488631702537
317ba4057a04aa16,0.527323118961537
a92ae25f2defd1f4,0.4943891588732694
ff0073be9d8669a3,0.5391631376934051
2c4d6fd16e7da4d0,0.5127042519841922
e8b93ecfcfcf69bf,0.4939820656033058
aecdf632644c9922,0.5127828566022747
0f4ac8759cecccb4,0.462078342139833
ae0ed79b3f56091e,0.5224596217749163
492dcb545fd160e3,0.49767676985230347
b6feaae9a6963540,0.484136090541883
10bc80bca38b6418,0.4915957136525864
d8bf52f15b58b474,0.48254271745517285
d590d13d8a0daf0a,0.5057273821598777
bafce96906ba0c73,0.4803188271906712
15a89b9d9a174795,0.4877869764478404
3c895a00e202bc6e,0.5391985902059777
62100baf87d531c1,0.5092002367902995
8ea52f2642c87cd9,0.493432588090459
78bf3db367f46ea8,0.5363662817508956
7303626be6419b04,0.5204410681082003
86f2e3f9f88bf00e,0.5395961572191066
39921131b7d48cf3,0.5315752688829765
7c06255c489ce455,0.5251022195371008
2a0f68fcd60099b6,0.5359619491298189
968f899504b28211,0.5285112710019226
98dd9df8fdcb29f4,0.5072657415087422
ed55728c47c8b666,0.4680035570096114
0e54abd540000681,0.5483542749114503
2687ae2ad26c6497,0.5431456126513141
afe3e3f4edc8f7b7,0.4823371735694738
3d8ff2a3976b69b9,0.5021428107614692
13e6deb5f77cd1f5,0.49566452664170585
8c8711be796262dc,0.5046130658336409
8eb1ab06839664b5,0.4834743669358219
dbd58b32bf776c26,0.46281887060473154
4be0c2fba004271c,0.5173699715792686
a0f6b49ec1b86bc1,0.5144437013084053
3b33e5fb16341fe1,0.5143239532031861
d39f326ae61cb937,0.4575178042695829
00e28c2a11d38c61,0.5157226672270312
a55c74a9759fd56a,0.46323949128252007
8bfd04b0788122e2,0.5454468042860354
895776a9cf9c8d43,0.4915372378336627
7ff187535e206416,0.536082998217253
b2d991e4147a68e0,0.48359301841613633
b62ae246269c58c4,0.5115023077671124
b8af731f19b5c84d,0.46582645397782513
19f5143484b38101,0.5273340427802469
982f6a3f1bccc6d4,0.47093496100167576
2cdfb20347feec4e,0.5363828676117458
5b2d62e736467c16,0.49283389038201936
f85bf07959deae92,0.46939109264986084
8e923fa1dedcd01b,0.5002151028120277
93b3dea6a99fe31a,0.4991005677119691
8bc3af23b3d5ba85,0.48341588966016547
91db39152bd6ad50,0.5270984007518993
d911a9c74b505826,0.5395801463940408
0e53e628826772d6,0.4637995063194287
14d7b607e5e3f0cc,0.48282279029180486
f3e8e3469f0aab7b,0.46506821352576494
b9c36eb092bb275d,0.49865882061309486
9cff3e265921dfed,0.5305184207348436
585bc81acbe5b1ec,0.46768920525563673
15f8e68c7ac23dec,0.49700035388418284
a37b05bbb09f8496,0.5415909379482818
4f31f80a263d61dd,0.47853734436366396
6a3987a9bab31c44,0.47193830063494935
9f59a5ca5ae6d119,0.5005900506609992
afc6cb824b3596c7,0.46232575807436294
64dcbe6f4ac8de61,0.530221789519908
1fcaa5c3533f63ca,0.46638313323066183
a266793e0c2619d2,0.5065013936313902
598af3378495839d,0.4888847156707611
b40ecfcda1506387,0.4850715351058366
22537a4c1f1cb22f,0.49817845322169524
8c5b78cda30c225e,0.5299320782888762
3239189122d043fe,0.4915507070338788
4b34859a41dd8627,0.4922068647867129
7577c8941b2e888b,0.469210310518109
8ef15229dd291883,0.4637689944818477
3332780ef14cd99b,0.5217493496435485
f93d1a6ecd62d897,0.5283738031288756
9505f55ac00dbadb,0.5299972228824444
7c1831bf48bd728b,0.4541790426397151
17cf81ec2dede54e,0.5273226242448494
e84c6f3155ec9762,0.5334181428279592
e894ec9e0ac2e7a5,0.5089111210647164
c307472500eaf782,0.5266833048474774
96de47679c4cb6b6,0.47334067825226944
e0dd44e7040c3168,0.5006239684663165
bd9e6bd2fcf5a54e,0.523863891917587
0382e0d155285962,0.4945592286010627
509eccae9abde09a,0.5275969769242776
f2147e0be04acf5c,0.511214174588844
f3a6b01cc0938196,0.5253557636956372
c1956069b7309004,0.4943435872822295
2292dd5e617286e5,0.5053767600630601
3644d81639ce9f29,0.5180711431830592
4a5bf3e5c85dbfe9,0.4701009595970427
095a4f241c64795f,0.5384214328123568
aa45545b6df75be3,0.528367637790749
ffda21a7e2973492,0.5104217944213848
662adc1ed3e8fd43,0.4936999703487579
218ae6cc5968ab6e,0.5391396171167995
316379f30810e1c6,0.5009628751421966
eef8a37b8fe20ec4,0.5216558762959289
d9a0aead3407db9e,0.5259191579786643
f0c65e7320950a84,0.5193866029073152
4625132a59dcda74,0.5447847883531508
ab1c8b0c3967b656,0.5257351269560858
f00224def382933b,0.5277924287410461
090051f10ebcb768,0.5003493790524098
2a0c37f157e82f1b,0.5196303794027113
61914ca3afe42c15,0.4650877242795367
a9fc0e9ff5b0e706,0.4705361459388546
f548f7ed3074067e,0.47967864535273397
9aec70578372daed,0.48418902594384516
fbb0734a4e985290,0.4670986147750589
a8cd11786e7fe2b1,0.49456227341221526
6a4338f210f336ad,0.48203497108569326
cdb63c81014bd072,0.48690138957653195
2c5a98b60450efca,0.4939272738201004
2337a75838293036,0.4720603163827433
a0ed386ea018cce6,0.49582877899167255
db76609f02b3bb31,0.5320607790615959
597bd387a63987b9,0.5257327163789045
bc7571c47a54ce9b,0.4954125328237363
547510d3ce221301,0.5157270079166931
8e84181f60b3ec91,0.5061205393073964
13880ba898b8f597,0.5480530045206209
9ee1fb0201512e8b,0.5219572543615799
48aefa3d80da5764,0.47836168687681224
498d517a667856a7,0.5095994484442977
f07b0e35881505f2,0.4646021040096333
1df225f3addcce26,0.46384002828558574
84a772cbe6d216a1,0.47824015302303113
f0e4a70f82f01004,0.5141955789887935
3b639af3777f4c39,0.464187051447292
b9f77a4295400abe,0.4594453924481805
7d646e2fd78953af,0.4760160958101138
4127b246e0beff6c,0.47164158741796264
2321d1fdb21c809d,0.4780990023550592
9936f8d7184f5e10,0.4576169120465473
e2e9ef0520d08656,0.4669637630190278
0aa9b948dc8766c5,0.4614220809075674
d96df85b5160b1a8,0.47078525518283443
3bef9584524abbef,0.5282648637159286
806989faeae50571,0.4760342424691574
6fedd263e1290110,0.5045346079993669
5762314e60a560e2,0.5349810350832145
748cd550549c514c,0.49948877827187543
58a8e997e2757de6,0.4566432734060455
c13887db4b2ded8d,0.5356034618421248
eba0106899e8fdf1,0.5268768883343675
a947c7f89cb176bf,0.547096977157355
4ac4a17692a2a70b,0.4907078447050536
2fa4409e1b6a3d85,0.5067968246254508
a783eca691369f3a,0.4876927867579428
e6e45dc137aa0511,0.47585139745317107
c589fb4e517e579b,0.4930900519292135
0535f48557a68402,0.5277074908321326
48e423add1624f2d,0.5352575843886442
d20110b1a6f20e55,0.458983451422202
739f7cc76c78d0bb,0.5274788930898284
2d439083c11f62ae,0.5200229492127669
0c74bc780e465296,0.47210305054651713
52294576789c8ec1,0.523086065900822
99b2421c51d37084,0.4674983362957645
de49e465a4c970c4,0.5437077453387492
4c88fb93b8d12270,0.46791686071128896
dcce15e3b59d9796,0.46075878950756854
b8e0e09067432f1c,0.5156043210127538
962f882f18c11d46,0.49370227786467574
34753ee28116af4d,0.5087555894155715
7c71a6fe87ccd6e2,0.47617901483497344
7ff97e6a175132ea,0.5188114811895909
d84022bd67943384,0.5318068351276362
c270a677c7614aa6,0.4850935978118358
1266e1b58e87a761,0.5115033954836684
9fc631524aa3372e,0.46585005373898947
88da969d80daabce,0.5293223474725027
9c5cf1807334358b,0.4816693267231458
0e5706f9560fdbf7,0.5141219412806007
d9db7cf658a35e31,0.5217107198702641
38bb0629e63b6590,0.5159655115095099
726236f75c9de724,0.5141281409359206
47ff559912cb3714,0.4791547453229824
bd567ce69cb8cb62,0.46602545241415116
6b7338c16e1db627,0.4608277807904805
2e47f13eecf939c0,0.4789477816953684
7e001225afcdc58c,0.5122456149580931
b0ba287dc9f94b2c,0.517353981624897
07be300260466f0d,0.4622679906525261
49e2abe2ca234745,0.5225796300731509
bf163922b4b12745,0.5174402387988768
aef9d385e9ff8518,0.529169511190057
3e364e82bc780650,0.5390955894361372
393a9aece2867c5d,0.502127289604227
b0519105b55d4bc5,0.5202786036764699
c5a4b1418dc4e412,0.5077230630607074
ae000e40b4cdbc49,0.4808875535367607
bdb4932474ae13dc,0.5272811139764267
54ab20f1339d0955,0.4807459820272979
bb6cce3b0b6744fe,0.46591432277454337
0d04ac4d48d1e700,0.5273699576974635
6e3f51731aaa2c77,0.5021953877557875
783b7b163b234e5e,0.529340866616369
bb6501e8f6ab95a2,0.4743697278353355
e5f20b7a540b7472,0.49304027853854315
726e2ec81830f724,0.5295650983492844
e8dc50204900e975,0.48237379041931183
1334006b9c4f4ffd,0.5471327033848492
3553330b5c7e6092,0.5125971175589608
e1a3e161c8b2e221,0.4816147730625993
44e747740cb4260b,0.4681793629597987
00202304b4481207,0.5387971772027366
931eab5e85d6e3fc,0.4968685110591225
e4b8ca3da3eff8e6,0.4622718704971047
103e5a44f9c30ed7,0.5008937892299323
448d40536e9c5670,0.48326397269941024
1b4d4b42760e781e,0.5587612016374556
e0b110d4f6844bbb,0.5310987503745883
0d928dd7f13b92dc,0.5324895202595031
1bf6e2dae324cf0e,0.49896758464914237
b2a17e2a9337f111,0.5353651511824066
564d7ef8fb681d94,0.48788266069058617
a2088d882fb6d77d,0.5417233046795247
3fe22caa380445a9,0.5196621662789555
2b3c171024a98155,0.5339112848083204
2014d23cd7792183,0.5202085140959816
fc996643d63f02d7,0.4681504570756957
c8d5c605e447f4fd,0.5040167161485694
634298df42266b22,0.46726893427251703
5c8cbaf8b4d39f57,0.5357698042915197
a688ddfeb76eb78c,0.5359875534030841
85a12cd29f47007e,0.48476010869380004
a5e1a3f8e312e1a0,0.4657136158376169
29e076c93c2b7fab,0.5374109173415135
71b7b90e9a0b70ae,0.5209309309525377
11583aaab15330e4,0.46181917823238927
5b34705855c1c880,0.5092226131428329
26361ce2a06897d2,0.4618296190156934
2be888bcb74be336,0.502563043314268
fd96abe884c43d6c,0.5201447384095005
165fc0b6a160dbd9,0.5340779506694997
b8c8c114a79ff453,0.4531320152106391
e22746fcf084642c,0.4823086582713817
3fc60942cef4b9f8,0.5294791518363937
c78a85aab85debf8,0.5046044133353272
9c2166227724c80c,0.4836283526008871
e0291b12205c2c68,0.498245343351149
307b5de4b89748c8,0.46503819479389696
b83469a7d7ed138a,0.5193887177849084
4726c5e084cb6f1c,0.5151162225012946
33795c308f648269,0.546636896015633
d44b56532551df1f,0.5333259944009563
7db689f550f62666,0.5174074599631111
c64b1df6de24f982,0.4994886392481672
d9685a6aeee511e7,0.4704596642463849
2c867c13048a2311,0.5356895169073043
b3f36f5f67857959,0.49318565053664565
c8dbafacc0fb77d3,0.5210879884142992
3a1b2137777bcba5,0.46352759536383936
c9627e77fcbdd360,0.519295788939957
cf4f6641c91382ed,0.5012200709250071
fb519c3fdb753245,0.5282615272189147
035449e62c90677f,0.5158751820548558
5201d1bc5a7cf0ef,0.5097080807128795
01ef09b451cbddb0,0.5065240658206159
b98e367af7c0158c,0.4509476852973713
bec6844244ad0aa4,0.49769575160647006
ed82262b135c6e4f,0.512885577007637
67637bf7061cb7b0,0.4582240846998709
96ef8b85b60392d5,0.5426569120156989
fc1b0a61b9dd082c,0.5320563009386353
c408b4beae948cc1,0.4836100551820117
f26323206d284ed1,0.508317196181392
9214caa6c1a0dc02,0.4789914919248536
591a28a3c195b6f1,0.5176661540931299
9cd8a8ffb7a9e96e,0.47022613964576954
7ce580a49450111c,0.4784915496046109
abccd8c43775abd4,0.4544044410132474
5c6acd44464d3db3,0.527724800198958
b0e58b3d4a2a773c,0.5405311991558687
eff75fe4ffdcb49f,0.5316041008164754
06ac1908fb89960e,0.5447923074689107
6e61df7259588c80,0.5331107452208397
87752778bf4206ba,0.5179542622533004
2fecec0b55303222,0.4709648270405421
d57c0fad9eabe24a,0.5327632893444144
93cc7546b8c345e6,0.5344079450139493
eb76de6938c4c38e,0.49884048788644797
0e733a579e63472e,0.4862320423881288
e7dff8305acefcd5,0.46577435709516446
23423479e34fc441,0.544943978838253
3f66f582c2bdc24a,0.5013798182521597
d312e4d7fce5fa01,0.5100104130823697
c04cd9fa54077b8e,0.46731429590896595
04b68ab2f6458e33,0.4846875833877833
35665b0fc6847811,0.5163508036992293
9028f284365c7863,0.49530172268844186
fa23926a88284b39,0.5317332203775499
ff5e27f506ba1ffc,0.5136342825652949
e6a04e92205e9e33,0.5108499076235642
934c2e26775faaec,0.48089743464338386
35403697fd72709d,0.5062259407280705
fdc814fd85f237e4,0.5098305527778887
bf4ee2f20859884d,0.47629046541163395
d2d10af48a354c4a,0.5040345764825278
a38e463e1b086d42,0.5192546732815548
ba49ce0117002110,0.5053385212254025
d5393f1776772d2b,0.4859560587782562
80a6b6e9f65aa3ae,0.507280593137952
d84698a77b768899,0.4741986209481777
8d09ae0709d01465,0.5156402321698862
0ac53b64e16a0efa,0.537440023531496
a632a91a07ac8406,0.5048051352303273
1f2437c787ad39e6,0.5275058497594016
beb116a0a3ad4f5d,0.5206887302511123
c38f343ecf8e9527,0.4758259058521773
d04bd8d61ac99c5e,0.483790532407625
6a279faa81d0684e,0.49280661808818305
1b49b1154407ea05,0.5095496598419109
b71746f211be0a24,0.4598889679041892
bbe0b7fa6d60f17d,0.5373948946672127
c9117e785fa1cd68,0.4881076390829566
a700a6b3a689a18f,0.5092752341510426
d998a004d828aadf,0.5347698439386408
54cfb8bb56897eb5,0.5232299099337708
bafd504785d302a8,0.5303369452977552
3f45db97b95a3352,0.49128933611821446
2364a75ca729f899,0.52570292881851
9387acf4770f549f,0.5327550880904591
a434422326289b00,0.4452798339745895
8bbcd05afad8573e,0.5337195516495208
82fc48f10b8d7cc9,0.46936509375971974
65dd24b31c0c4067,0.4997136407871625
b25ccb8b682acbeb,0.5098643277240068
291117008b4408ee,0.5221408698383189
aae3422dfbb55bf7,0.4968461475464019
d436224afb38b7e2,0.4942559617701451
1287c0ffa2f14635,0.4894682250596599
4feb7edca163def2,0.5109080601061109
00df2416e72cdbc8,0.47311230931639037
e51c757048ea36b0,0.4574028684857854
59e45992c3fccfa8,0.5044116867979772
7b44475e4e2e3b92,0.5103400649541171
be457ea8112e2391,0.49369909196639616
1e4fd1293a611d2f,0.5328530057614143
343371989bd61c74,0.5221769619285005
6bb985812e990044,0.4855834151409901
c0be9996bfb5270b,0.49073618734433766
bb367ec1a239b8c8,0.5095973728059403
91fc9ee0920431a2,0.4588851751276637
82f2985fe6157914,0.47309867512834913
eaad7a9709bacd50,0.5048370109261313
1bb729bdda8eab4b,0.472747160503439
35320f198f2157d7,0.4706535498184936
74cd9018fd2aa194,0.48922431284476825
fd091b5e49f8138b,0.5009988774736545
917e088d530b042e,0.5396728949640434
b0e606a7344aea7b,0.5261904096753293
c220230ca6b46d2e,0.49777739657296177
2174f0850e20c2b1,0.47074385979063404
3bfea4a031f46e50,0.469142005236305
22199945c8b6f01d,0.514982664975094
efd4e993a8d94f5e,0.49555374969249477
acad3b0b2e72b212,0.49972733726851915
1a33438ea9b6ba09,0.5026762940320086
c9a22295bdb2b49c,0.5563256779643505
0a24b5a0c164f36d,0.5148491696325254
12b662eae7ad89fd,0.5045936971849951
788a4a1a340ccebd,0.5393004373463942
0b6ebec97e53c571,0.5080619671658828
be4269de80d8b34b,0.5407982573648484
ae99dff2a596c7fd,0.5237585629325149
1cc563af87248566,0.5098605732681187
95b03e2a8add3a08,0.49562944276818166
bde7f9ddcf827170,0.4603340020500023
e24c4af855561b6d,0.5044948673629016
a1ef8a44aeab6af5,0.5292980829682442
2bf2e0d5f713e9ea,0.4701301612767069
6585c55605f3d692,0.5029396505530982
4a44bfcf3c8bea26,0.48115228667705134
78a21d5aa40bf4bd,0.49112908051476367
d208a68d90d83d1b,0.516026789327962
fabf07be02cadf0d,0.5296192878986501
3fc8a4ec51114a77,0.5351865547597305
d8da2f9a640f4e03,0.515754053512082
f7a8212a941af65b,0.4475786048384285
836c933a5cb4ecbc,0.5215354387482852
e292f252eebf817f,0.4979287062578688
ae7e8b931e0ade53,0.5289694566876906
c937062a293ea0e5,0.5343045998313813
673793020f42eaf0,0.46652671726939643
531a753aa5a10879,0.4975951313468495
65613b893147c771,0.5142549079491869
a3609d34533ca6b4,0.495816417281873
c9eecf5329211123,0.5269681073248141
4e6d4f733588a212,0.5149337540352719
95e0d5ddca2118d4,0.5325654401467486
4b071534952c920b,0.5117901529853276
f333221664eda263,0.46828573487632413
8627e41026f74eaa,0.5219194385899298
789f4695cdd6a417,0.5157956664475936
908034eabc372b99,0.4868097262140777
984bfa387795ef76,0.5108262909505907
91c8e8e6f637fb1f,0.5222316540300618
363aeba9c072e960,0.5350266689024452
5cd6915b98d723ff,0.5110919706483308
20f027368dbc60fa,0.46114571094477746
a58841827e8017bb,0.48062124078757384
ad9e6a299aee4827,0.5147888287228112
fad46bf569ac7443,0.4877743772974755
0bdec115af64e996,0.5129485942265597
e78e15a02aa6163b,0.5474592895370459
94c1b40d53f1c78b,0.49456632191558536
c1dee5b6d55fd7c1,0.5288893461645282
502f0c8494138feb,0.4813433536874383
316c5e9c86bbb645,0.4640913989441797
c5624991cdcf670d,0.4837404628409293
e000077bf8c8b49b,0.5118690729089055
9a36d5ad49081233,0.4837921953930425
e4ac16a92daba7e8,0.506019982821817
caf1ce5141ffb34e,0.47705811980472823
d07bf091bf998e0c,0.506117628251721
f230be64e9f003ae,0.5244349192945633
fcfe55e0768ab257,0.490259521112977
ad04ef9c94f25ea7,0.4546541913121347
b6c3dc163008115f,0.4759183819309135
2a0af6ff3489e003,0.5180473476301727
5c098958dc2a26c1,0.4730810725400952
a802f6f7cd6d7b2d,0.49691522763859086
f0897866ed523f60,0.524118572409846
3c1071f1773cc7f2,0.47152979836861614
5fb77ed43c58e517,0.4734548270713905
3fbcf72648af3500,0.4794533564021024
64964fe3e34849fb,0.49831175921644144
3d3b19b2da76dc78,0.5151993517069674
69eb4e47c0f3104f,0.5198993728073112
1b55daf09e9f129f,0.4984734051186695
853fa0b67eda4e6c,0.47532635918052
636b3bfe96c8c67a,0.48860912070344664
51b24fbdde490535,0.4864154911632394
b80f84359d81c98d,0.5207778857814863
a865666aeb2b82d1,0.4716825357543397
08fd3d5f06273089,0.46878045014507586
cdac52f8c24b9616,0.5240437313102426
bdc841da585c4a1d,0.5239959752132167
8858154c3efe65ff,0.5256310512478054
29f989d45429b9ee,0.5197719742404621
b97dff4909968aa8,0.4509055632697914
69c86328a89e4898,0.4618531651485308
2d50759601edb9c3,0.508053278180701
134be78ce02d48e1,0.5067597059500697
53b540f7c8d16cfe,0.4619047578028966
76d2e83b30cca3f9,0.5010269007011707
062167d4ccf76346,0.5493510010333743
84cc2a48661e807d,0.4762842767657851
60f1e251520005f8,0.5224877622162825
781115a32396b4cb,0.4990585513883372
4c1e17c82f4cc326,0.5348018773454619
b602ad5debd51028,0.5091270182954848
4d9da053a872a970,0.519644548427571
95f7ebe4304bd2e4,0.5282258330155453
67a8207cfef9f011,0.5398174699100244
b1c3468185b9514e,0.5085281286513799
f80ccd7ace26ae4d,0.5414709963718298
3ac147039aaf4499,0.4934795435775081
fe5cd175ea7fc09b,0.4716159409508649
9026d2936cf2bda8,0.5114524427976591
a4b0e01784fc7cf8,0.5014492730194116
43c462b48d97dd20,0.5098979636464167
e36d0189d20a7617,0.48374916648941046
43c3586991f4b403,0.49446925553519233
009e48f2b32be557,0.4651548331725296
a1689ef168f2f333,0.5317653405233739
dc310fc66470ab07,0.511421253397737
bc654d187751fe04,0.4992550841829879
247e62af046a99a5,0.49670411816016274
48f2f9556bb2ad1c,0.5105420233443485
e604b921624a200f,0.5399425485393111
e46765e152f7daef,0.5286658782599474
3d183f0c812b6d09,0.4984470485269715
3a7275f9aeda8305,0.48029834085105305
1d994aeb47ff952e,0.48642393251415506
75dd9cd1bcd35d05,0.4652945705013549
a976b4932381b300,0.46494680607867356
da2e39ced8c0afd6,0.47389761487034643
c77fd47bb1683f58,0.5087583444808881
ceeddee046f39ae0,0.4806466280830828
cc50dd12d1f23bac,0.4922900367209246
8b73f447d60fc992,0.513659054626054
dba1029662f0c412,0.4997304750157866
ab65e0876504bba1,0.5117973074414897
00754e6b5a7298f1,0.4634293595493305
082f192c053e5283,0.4753462311834213
4cee8c7c13d1afe2,0.4954404483695759
9ea9e3c8cb3df9aa,0.48400590903642354
2caa75dd78c01d17,0.5349830825329382
42ca39ab5466bd19,0.5313035510044453
939ed128e268f834,0.47091320125150715
e452cd65ed19c900,0.502016458200636
e5ee2d79d0c49d1d,0.5263827481253932
ce0d423deb82f2f5,0.4689318917105595
3c30319ed1684972,0.5128966101841231
18968bda98628242,0.5301535371329229
9566631a173d48de,0.5312755373536608
01d78d3ab164da20,0.48294541042597505
7245800926a4112f,0.5100814247232062
3fffc62471c1f18a,0.5405266211456079
3b530b29e9f5617f,0.5301692053276164
65305594301ba50f,0.5268022526751976
593ee003a4981c15,0.49429887285666885
f79985b30220adb1,0.500906712121132
60dd8dcd3a1d1839,0.5369116426641196
288aaae44688b015,0.5432464741287221
8a16369cb4554d3e,0.5004158606728998
4e49cf49f79e1181,0.5391768242552692
1a6026c94f49058a,0.524903227740048
8c29813aa363f889,0.5166656061697108
5fcc5826d5f8db34,0.5129448288160422
b002c58138c724fb,0.4890127069769805
62a918db11ef3076,0.5303507305026985
8fb91f382ae2782d,0.5296950802618063
af730eb0035cf0d3,0.5245053904258928
546fef357d2bcd57,0.5269863200509676
c6129c4b99d7f4c6,0.49286400230707283
7596069ac38eadb8,0.4940403581481251
9560c8310cf23dab,0.4573134959947931
ca1acdabe94e042f,0.5161954293018025
521f9d2193473fd0,0.4798928100348167
617eda3b96abb577,0.4894051241728696
8d735b59dd0a4270,0.5407519948438029
1b405139fc287a40,0.49713320753088175
e621733719a2d775,0.5251776192131234
95f4b0d76e779b43,0.5098389462828491
bd6a23cab176ffec,0.46094528480420727
3c5fadc2c957c7ce,0.5378528312414164
37cae1b2dd3c1330,0.5065281347216706
0fc2ffbd9370b121,0.5058158078740536
b31de0d8e304eeab,0.5285328054452518
5738bf5ea59fcb0a,0.543479249975615
402c7edae37bcf39,0.5209506954451422
1d79e32040c6b05f,0.5442067314562588
bf493f6f4a48b2ff,0.4812746609558829
8530681352913ce0,0.4553453360229269
c79cb0e184ac42c1,0.48017412324330283
32ecd92eb352979d,0.5208529176479413
c9a54261284070bb,0.4613583192502787
e6c2ba81e397e33d,0.4788826280220714
955bdf4fc9420404,0.47795389213009865
b180a78e50608ab9,0.515282179461529
69484ff0bdf4b104,0.5180338722465548
8d62a01ddfa11fe9,0.536228365519535
12c3df9b72ef96e5,0.4692439017376788
12ccc513557a0656,0.5075529632659525
2aaa9bc35f4acee2,0.5488998705471477
e31d14248a98a72e,0.521230584911697
1058c1f47fca2b81,0.49327447553266945
02ab14036929f70f,0.4983001412594867
6880fd1518aecd04,0.48223674376822023
580068eee74ae5d6,0.47158731006703614
fedf1e1bd320672b,0.4674997535698029
d47c1d43f9dbdf92,0.49101952434863727
8a7fa6c84cb2b0fe,0.506123239794939
089bead0dc0d7c16,0.4903250585170726
3f12eac5d776ac9b,0.4754849010562707
2b55254bb421a326,0.49335753206623545
16721efb42f49e40,0.5370261924960299
87ada6cbd040d527,0.5086016544790783
c5c4d8e14015f4e3,0.503734819616347
5d499b0e085f025c,0.5323580857171846
183039182079fa48,0.5230894177398012
05d6c8a5d3db19c4,0.5334941369640105
4477fb4e0a476ae4,0.5184998905472301
3965182266dda565,0.509632338975467
72bafef29554438a,0.5161229379530805
1b31f23c3e55dcb7,0.5132228883659016
66c42c9008125f10,0.48552400675267804
5bf14b82c919f706,0.47860664740107145
2c7401c2798c92bd,0.5098676537771044
4adf517216b1dd47,0.46175805800156067
26348c70727fc713,0.5451471457098905
82c1c6b9b0ad498d,0.5152328776614872
1365ca92c2e04031,0.48461870293309073
9edbc98e397ab4c2,0.4990326583838073
1059c066d6e0626d,0.46863861071677315
af993cc3ac374b83,0.4729208368578918
f32194afe634dbba,0.5037392550793206
29de97ac80feb956,0.5132741908322697
e5fb185d8c6181d7,0.4683585750593857
632347c0452d889a,0.5270381865128004
35ad7b818afa2cc9,0.5210035866104186
0e9b47d072e9f5d9,0.49816137094406454
4b2ee7a5a4d7d797,0.5120089114446597
793b579534d59c3e,0.4935666856908604
3b23c46e8aebaa25,0.5209723591674951
f68b741461469ae2,0.47539089705693977
79e144db8265864c,0.4510244573492186
09c4fd90bed2d748,0.5328850826542756
2215efb176105acd,0.5236638708172432
b4a9877c6c234878,0.5089634853726416
529f75ff399c033b,0.5480541012929127
ad20741d26dac628,0.5303050188356755
abee4fe9fcb49deb,0.4728725546541604
80bf7ea1dfa6b569,0.5294281858101411
7d637676608f51cb,0.4805945863060473
79855154621f663c,0.4791237689590693
db630a696b94324c,0.5050327356694723
2c87f55f1bd853bf,0.48101927230646957
05466a89f589fe04,0.5457941670549654
073f9b06f7bf95f5,0.43708398695482453
d8c52af1d9a0ab94,0.48286938241489163
170df691b9758d76,0.5231469134964247
098c223fa7ac1f73,0.5035767879534919
947d4f80370f0b58,0.5008667638231441
66196fa0af9abe3f,0.5321791110958665
356513b3059ae50f,0.5182987314267812
a951ca23d4bdcc33,0.513969741346959
defaffd4e20a4c47,0.46317688011496777
9aeb8ce75c56fcce,0.484260501994475
0e52e6d570d8f008,0.48465039267097487
d177a330dadb2707,0.47439112792335636
4acf903d98d08aa8,0.5367658674801257
673bd4205f6635b8,0.5226072170555138
17b635201a20862b,0.505458797764672
e31cdafcb4337eef,0.4793818350488013
2f57ad23a2ad21f5,0.5169323487098685
8c76f3fa81c149a4,0.48119831749534425
7448092b980edcbb,0.523909475755464
cc3891e28dd031fb,0.4609867231991552
05d416ef906cddf6,0.462837776937851
d5cdb3c4f4965afa,0.4835762700456204
bc40575e98475699,0.4721756256899281
7227a9d91f309e1e,0.5038234660169493
f83295ed727a429c,0.4773659467777955
44f16ce1d7899c02,0.4686880103269858
219b4d22a5bcceb7,0.46125502048778166
5684d434bf545e82,0.4677013616929554
03d5ff6b9db6a1ce,0.49595986131317665
c402ad00c62dd803,0.47781486565938136
d384f2bb50d7321e,0.5283132493750984
865ca8dbe8ae9927,0.5074816846008816
0cfaded78f4c55c4,0.5153071036188863
c1f9c03f1f673cb2,0.5132149284908308
80784aef1b00a337,0.5360479089452492
2cc7c6c16592cbf5,0.5055516415467199
f816697d9e23576b,0.4996779649112034
e0a3063ee410875f,0.4969410722110449
187c083474d62911,0.4910227626104571
32fe8606c8a5cb67,0.5214453659185083
e3b603a450f69271,0.5068080397084263
13ea25fe500d74e1,0.495529843160574
3465f2b92e5411a4,0.45733048176131563
f84c04deab8f0a53,0.5315764351534118
ce64b825ce5f48e0,0.4576914760481816
a03d161faa6231d7,0.465174084151454
7b73399454d06d9d,0.462722959910326
726ce1fc6c05064c,0.5026551595697591
0e660e2441745329,0.5293379936962403
d4373d25e109dcb5,0.5351738605755557
6c8ad2f1018079fb,0.46743717418301534
485cc002fda9b938,0.4760592997101812
840b1b00c51f87cb,0.4706528628816492
e7c9e19e247f843b,0.4925186172566458
4f97589fa05c40f1,0.5301133789111925
41919c492d55190b,0.5175896561812274
8fc6cb3936ed4ac6,0.4873692907881222
75e3076bf4b29ba8,0.4863982918705602
8357351f6977683d,0.5008431975119888
1a6590aa6c3d2a06,0.5031577101098127
6b0dae5047e0ba12,0.5072158750105766
6f8bc4fa3d91a3dc,0.4998387842976071
e4aecbadc139b9ec,0.4844071140765127
7616bb2872e18231,0.5077400154354901
f97102e411194f18,0.4814483677748999
4f25e4f4959ce4e1,0.48498663039671697
46d34ae6f3e900ba,0.5222478781893385
73e3288eeb552e3f,0.4442946840750869
e7010fbb2150676d,0.5302198004320351
cc2c1c680ac82832,0.45913150448703033
d025b02417a63fbb,0.5244537297164057
08070948781ecfb5,0.4776538221349521
2bdbf073750d4864,0.5032037607979389
2783928eaba81305,0.5267522519965316
51bcbc84c0f437ad,0.4756623884940939
dbecf7b9325b78d3,0.5322679899327287
39b3096dbfceade4,0.5063562245201547
4299599a54525066,0.5419327012768715
ccd92654fb1f721f,0.5472676715149667
ee1170819ca7d594,0.45681752128641384
c30ab4f74d33afa9,0.4759763843699981
40f10fad12afb51f,0.5227194625386143
f4e63fba51ec3896,0.5180613948516178
60ad4f8eda2cf6d5,0.5292767138589283
4dfcb17aa4236952,0.48951677943931804
2e54d9b1b4e00337,0.47618188927695915
47a9e135733c2ab4,0.4907855944095938
4b3c22d3da587d59,0.5095647447231513
ef89abef9807c003,0.4812057130321897
e7530eb737c85931,0.4910592727143546
dea26fe32dbe26a7,0.5123364943687366
08133a148f3d4ed6,0.5180587303128092
d39b177320bf091f,0.5149962632383945
c2eeafe05948ccae,0.5327776614617976
73c8d1e2bc9f517f,0.4607563018400956
0dd4da33e5e18c44,0.4969787372537119
25e076876a1fb6c3,0.537569489969747
873d0ca47a7ce61e,0.53586057048833
930d090798b9ad8e,0.5144931927441885
98e38baebfb97bcd,0.5277916154352158
9c779fba6fe0839e,0.4705488629885905
5bb1f9fc76a02c1b,0.4922983046829522
f83de39c4e518f6b,0.536627546301084
10bbab1f08d2e6c2,0.4653696284758865
ffe63eebf605244b,0.5344421451854667
1e55e67dbb9fa1ef,0.5141406235956607
e53426cca968ebd9,0.5330530049353612
51bba86dd8aaec50,0.5429187036734537
582102afed3c818c,0.4866811470082678
b280a8fb8ffb9bf1,0.5012401075147035
e8e7ee8589574a45,0.4790713435095044
228ac1a17bade85a,0.4889490056318507
2bb37b0ac11a0c2b,0.5255740526448976
5588a1f5d8da9c77,0.4908448469103752
a46d657f4c9bc8ca,0.49139735309720456
7373ad47c61f558c,0.5392023610423957
0f1fcadf13eee28b,0.5219729875368321
1f8603bf90774382,0.5334411383227136
b0dc746e7f7ac87b,0.505845783873955
82107223b7ff9788,0.5153899713804675
a38cbc0aecaa644c,0.49340795012793776
61dbaab39e7dbc01,0.46003156393543243
85064aac24d665cd,0.4661854885582587
48be998c9a3000d0,0.49510518147901805
26b2daccb2b045e0,0.5285861184117491
95198d21e3fae237,0.4861055404659272
b2a2d7a18404d7a4,0.5005741587018891
6b178de020b8598f,0.4799493222466922
38c1b19633279892,0.5062890698000667
186d5468edde7455,0.5340468468808979
4f33d36d7b629852,0.4997629705667537
b955eeaecbe25ef7,0.5098011459148614
39ad39dbe012b34a,0.5338609700786626
929e8e2af2403da0,0.48478418367542797
fa22cc093dcf1822,0.4692251520084597
f56ff6b1c2817475,0.46082154559088406
56b30f44349ddb92,0.5109052553473595
617dd77adea9e711,0.505866794297991
4cd7a91de7bacdd1,0.5151298916474916
c07844f4e94ce116,0.538595397952916
692bbfe3fde429f2,0.5280105977275167
6e8117bf11d2b904,0.4847607890393575
27efca94126fb8ff,0.49361256853596547
4d2a406b540c41f9,0.5375855030775987
5ca9c8756c163b0e,0.48711980528895304
c10aad8b54af6017,0.5330556413712265
60798b007f7b4637,0.48250046706716776
805031b5ab834e54,0.5030511040912103
fea6be92744b0c40,0.52244185880554
284e4bea4a96494c,0.4990149139063665
4db0c35a634d4fb9,0.47767594909485733
351dca6bfd544a21,0.5297120018566854
c36cc7323d4f4de5,0.513037845544817
78c350098097af6d,0.4656063953657589
1404eca61a3105b6,0.48748313230863577
2472a09a3e602f48,0.5303529139324162
5f9d50958df392e6,0.538942864520045
ab8fde4ac70ac766,0.5334593281593127
6649908e57ee98c0,0.4695963451239069
6f6b426a42753b8f,0.48939214943227083
9f89dd1b9ea145e9,0.5132870123760087
d56cce1c1c4c9780,0.4712024688954529
fd794932c3ad58d3,0.45891260685660307
901c8562d025f79d,0.48031529495677683
2460966f3ca7d3bd,0.5252425995180982
41c6149d1848cad1,0.5017226435936865
2c948ba95eb3128a,0.5391275740441288
0263f07afc6e71f9,0.46435043782625907
59520bb39396ae13,0.5316231243908655
096e1b740c779095,0.48885612085905994
13bcd446b5b75780,0.4653800905754736
82652e7aaa1e423f,0.4894361844994246
b4c2a047510b1d1d,0.47970249722461833
8e95fe1172cfd49b,0.499315959525063
8b3b319f1bf34127,0.5351279205476962
8e876b9274c5930f,0.45927478847654457
74c8dbccca14e4c9,0.5354043041557865
a13d2861af1b8b95,0.5279473281785074
3d0443784b9008d8,0.5138431871674732
30a6c22faea5d219,0.5303726707677485
8ccaf0cd13ec8d69,0.5391581708452124
ea79b75b6fa4e024,0.5048328448490129
df41150fbde2201f,0.510426864454235
6bfaf27148ca783a,0.5109254642325375
016b24ffbde9f2e6,0.5349298733920609
c7f17aea0b57c810,0.46185129247244794
1974cb4a4a5105f9,0.5027422094942147
ed6fb2d892b20325,0.48039053170839335
029aa7e7739f68f3,0.5293498667322221
1499ced0a7fec031,0.49367331619970917
1da835ae2069715d,0.4730061798275973
3b48789ebdae6cf1,0.499987862761683
b2501a34b4204e11,0.47807027260535684
4e1bde0d2fdb1719,0.493543094365035
bd42c11dc1ea52c1,0.4587130972750726
dcdd441194892326,0.4870592829457592
890cf601bcb4d1fc,0.5144450554253719
efcfd07026d6f75c,0.5058229847536159
6e5921c9eaa0bbae,0.5136152768281677
076e6b937f9e0f1e,0.536855442614625
fe7aa6148631a52b,0.484532805784585
0204709b122147fa,0.4692892421195417
3bf87c4ce9af3343,0.4560766834594887
e5d3cf73e07cb881,0.5076601522209713
d79da024e674f570,0.5157411624564888
f137410611053710,0.45157955524850735
4b48a5ea7d8db38d,0.5064093736470748
6e5b5708c1bbde63,0.5192583261363396
2e21f1e2f4f0d11b,0.4872102874366088
2fcb7b875a97fd67,0.5288071465667922
c9c50dcabb2aaebd,0.47767460990854355
ade709965be588c6,0.4666484453998977
e99ce68035fd1383,0.5038643152029614
9abdf47140639086,0.5324595414249715
c0370f3f688a69d3,0.5420838035744644
023ecf078fbcbe04,0.4907489121370361
9366b2145d9ffbaa,0.5457595674027989
907dcd98979cefc5,0.47082412003506346
1430d1f8417967a9,0.5030487592418057
12cf954bc6f7953f,0.5427147517703097
9f439978c3ff1caf,0.5205679318348035
3d566b52640665bf,0.5448594555977119
1da24b04359879c2,0.4775470256854037
5fb8e8cdc5a458af,0.50312980179965
69f63de79af9dd49,0.5131053098497258
078cef5b5f6aff6f,0.531535595626394
ee64ad3ef7cbc727,0.4752889978237639
30f789de29e44c84,0.5301696286609772
ed6dc35d0f6c3f4b,0.5443333173925162
24171dc6016596e0,0.5250382003226259
d9753be4a4ac4d5f,0.5357446312865235
08b18f56dc4a9978,0.5159150503250937
2fe99f58d73a842b,0.47901932882084086
231cb4b19f8ddc4a,0.46590510082401604
a0f57bb92842d2c6,0.47217381112890855
b451e5af95310e52,0.5087700490568794
4d5e3c273bff2df6,0.5098402594193556
69445874395ad7f7,0.47071356338153136
72d5eb4d04446c06,0.4583687808768562
676277c834acaafa,0.48946580567695813
345fac6fcbfce3ac,0.5139935054584139
77268d80339453f4,0.5121333893208325
0a3d332e3608b10c,0.5387213011648574
3d3e247d278aad6c,0.5382073262898963
c6d0f1503380066c,0.542626299252253
a7ccb8ff054ea663,0.532169065635525
d3b3fd3963b35751,0.5269362397627196
e361e82e1559efea,0.49960376646377197
94f03a339108fe12,0.4461517484229094
0d6b47fe3047807f,0.5170811977059913
f0d2a9398458201f,0.4748794161802403
8189ef648444f31a,0.5178036260141797
b341aa9047a23001,0.4941080838902704
0b603f589ffe5334,0.5413825083369177
dfcd5836b6d7807c,0.5446829666832758
c69510f82760fc8e,0.5019091193118385
bc2b0e3b0279f394,0.4695011395840727
9e59359a937dc386,0.4731251657463054
9bd6fbbffc3029b7,0.5013883431783976
78533ed0a4d75031,0.5083293143666254
24d3b857d9ec7516,0.5174102950904534
d9f1874f6346d786,0.5319575436926758
6588a72e611a860f,0.49039136459956556
52fef00321899df1,0.5282254324586277
b3c2a81210323102,0.4870529463712814
c1501d30afd688d2,0.48336719386090254
2bd1f2fa8a7cdbba,0.4669227316865938
7472a7ac18cd8ab0,0.5318414415664631
b1dcab1c1027e375,0.5132717899517862
2add558fb5890d0f,0.4689652519814501
51a6b2ebff82bb8d,0.5465706593078898
3486d76917d26380,0.5276425988531426
7d9915dadeee6dc0,0.5073002927288328
1a5e5859e62a5ff4,0.46139789610886395
ba7cc06ca707247c,0.5020064204558363
3c42318ad81df936,0.46651344733992284
e7f32c62736ba8ec,0.4916569277929702
01970049a1d79ee3,0.5326509611120447
c34d08417ccc14e1,0.5252050969439658
dd08d7511ab95a7c,0.5004036612533993
147c9ed162930636,0.5301232005488479
4d55d8c7e32d9a9c,0.48496446005359994
1df22e6d0f4be856,0.5110061407871626
29e5cfdbc9735f7b,0.527648715447281
529dfd620d6ee22a,0.48857620606935037
22b829fba260c24a,0.4816946233550429
712c502ecc45cac8,0.4799660970920384
2806f2b7f968844a,0.5098508868632389
1ff716c957da8f4c,0.4813123996303866
33a651d1e2266900,0.5365729983132261
01aa41460821647d,0.5083542142051165
2728591ac3aaa7f9,0.5300661947034081
62153e0ba99bfdc4,0.5159140174433817
a336835871390b27,0.47370650884009025
66040815dd14bdc6,0.4819538303646346
e0d8f324ffe3e925,0.5200224831371567
e7d245b8d234167a,0.47643606390252746
b30acd5fe8990b03,0.5370687985256004
8b87df65e3f61018,0.505145224224695
92d913128fc856dd,0.5073823869756643
c1aa97bf3aa49c01,0.5041887451954754
37b85ed57524087b,0.5427028143604555
fbbd2368a21a9e6b,0.49164092910505797
39795c53fb16d719,0.4937216294369873
6d637bbe837caf77,0.49468428045046187
ac09426ca8b44dc8,0.5195321299360467
0007a5bb7310d604,0.5327112712178617
f8c5400d321751bb,0.5266175970536493
5c5d74b2ed3fe0b2,0.46828789243104246
a0d70afd5aebab39,0.48827954616535085
dab67f5669ab1b4a,0.5262770747070278
b094a6aee2983e4b,0.519327507853625
76eceb39e4bbf598,0.5163365531316177
08792ceaef2278a0,0.49150997760842785
421639eb32096298,0.5149012252262416
3732446a2dc0ff2c,0.49694474724929705
f42e7bbaae983e33,0.5142096624983057
1d7a33be5e41401e,0.4999605833589913
c94efe294bf687bc,0.5267445779735365
54153bda194f6353,0.47754999892128336
275f14633d4a7de0,0.47623491916431426
7a750521e7810b4b,0.5561606571005114
b94bc2b4bd62e236,0.5101837695074862
3c2076842f11afcb,0.486065553751329
53c3d245534bdda0,0.4607267109626011
bee1ce38b4653a33,0.4630317482995156
7fcd7a8a7c44d7f7,0.4653524233665596
60fc2edd396bed1b,0.5117655739227915
df7a1a739d1e3d31,0.5209109886494331
293173b622ae6047,0.5001917364777018
c18a9f29b23ca49b,0.491646971656047
4497cca94390df91,0.4930224453203774
40d9096835771f2f,0.5304328439852563
ba30e997b8338d76,0.5252454283420727
56d89283c0f5c7c8,0.4889902813183318
f460984ca4f4f1a0,0.4840897873488621
63585cd6e35862a2,0.49314798936717374
26e41712e705d5ad,0.5208188507931676
0a056eacd56539b4,0.4829983218998183
9060dd63376b8616,0.5001867619379607
f11e51ec27009738,0.5344511513201963
d0496dc870887d72,0.517852321323295
65fef6d3fb26ca70,0.4549902260481815
a586684b41fa9769,0.5179098666533871
3bb2f0950e70a234,0.5065390918052987
6c6a97e3ad10abbf,0.5475322849358273
ede33053b334b03e,0.5062113288462051
0dfab1673fe84ab2,0.48834682674371144
f65b0230673c2e76,0.503547457152474
5618ac6872992ff3,0.5381481062862494
77febd71dc7777e6,0.5281578547582225
7f54b45c8c0b9310,0.5113474338961659
9273e3e5412cfeae,0.5201259346680627
52087475796918f7,0.4809731405486011
643455f14aa1df04,0.46076362167825785
d1b24b005a16d2e7,0.5113404208321874
88788f98d41f9611,0.523270967010955
bbbe50af555f1d68,0.5109824963265854
1bfe964817713a25,0.5404137660661696
40d6df07da814020,0.5287159620100776
8a96d0eccabff7b3,0.4443664608433203
439300a43f735490,0.4741462555399909
bfaf88448d1869a5,0.5167448659027414
1eb331ca2d61f16e,0.5337676501095658
5ad8f23386d2ce42,0.5264740871608922
69ddf95fb1e28199,0.5083689145672089
6c224fe2f90a4ac6,0.4862590080483131
7d2d81f3b2e16bb2,0.532936795010933
306bcc14dd7bcd69,0.5309470761431948
db0b579d4d6c3202,0.4686507266157932
5e7670a553fae63c,0.5268929485820875
999f8c054ed84981,0.49133157978811126
645969c8fdeb22a1,0.4562122359930382
6158cad9f5117a45,0.49504112592506194
3717d43b0bfbe61e,0.520353595347387
8ffc981637d61bb9,0.4741541353530356
8b934f4c25070ad8,0.4819111771095055
15701cad20890a02,0.5081438794205347
4a22e527eecd22b2,0.504511340849682
6b7e69ddbeb27f14,0.5386384021195141
c44f66a5254d5ede,0.5349082294401406
1dd06cc994df91c5,0.535056214542393
43da23e0c905b332,0.5116598463825239
cef6bb5fbd6d7d4c,0.45420568892583524
74e65522686e974b,0.4740285957895481
b2ec41e4d4e17991,0.47901956572669946
7adfda5837586ee5,0.4966804794373986
7be7cd83da184778,0.5220992918061212
331453c919db4a8a,0.5055841147394118
1ad90b2ad8ec5751,0.465119679252445
06f305aa47e1f3e5,0.5316235566565679
5d77b6a032a98222,0.5093072278764668
2fadc388cbe136d8,0.45671534976077266
3a64f59d79eebaa0,0.49186565649039754
e9d4d3a03ce54237,0.503904291600465
5bc032bc2d4db536,0.47578656548813814
42afab27f6d63b09,0.5242210600876017
0ce59aff9d61ddc0,0.5050719815069872
c4b23b3e64f8fa59,0.47266060160413925
df5826f4adc2407c,0.520924696136833
1006c7d207337c5d,0.47286852225711196
74f20f15f7388f9c,0.47056808415419604
e8c69436b1cb3320,0.48160514549600786
609680f04da9fb46,0.4726519706620411
060d99e1fde9dc79,0.4593186545798499
6555f0c293c5a1f9,0.5152239247746202
cc835ba475e9656e,0.5258084053620297
960c65dd29d3417b,0.5098308282443174
c7596c71a0f505bf,0.4780490352532237
3f3297df319604e8,0.530495189581879
21c886bdfaeba657,0.5440708814236277
4c47eb742008376f,0.5183230407709842
0360ab7e3c03e1d6,0.5008970374386654
106e8c5cc993ce96,0.520873025000568
3f189ef767336273,0.5212878917660868
d87c2b5ea60e2e70,0.4680834923855238
924a02ba0ace2e0f,0.4882755978680485
e0a93aee5351fc40,0.5233470969281989
60036012aab0d68e,0.5045818525604414
92196298fd1f0a2c,0.5086116755040149
2c9507cd32c0dc32,0.4709439196263557
f138d3401d1ef8d3,0.4623841695879664
0550e84ce3342ea2,0.5358478336510235
433b7b91aefd0d89,0.4715242267810037
2f084abde9824f95,0.4698472195885149
aec34c208a4086e3,0.5267055057134278
77832263f798d3db,0.5133015845524839
423646a4264a51ea,0.5124566175397662
99a11463587499b5,0.5257934778147698
5666dcd2f61e1fdc,0.4921015086721374
414bb3e31a06b128,0.5510323495462045
9825bfe27f61ead1,0.507325192680435
3e8b0ac764ba974f,0.4820453637214127
f494e58fc4f527c1,0.4701797229544241
4b3ed9d300487cc2,0.5198558567345803
064d5daca103bb1b,0.5100524416185626
1a4b5aa55f664cd7,0.4951771944950098
65fae5433da58938,0.492069091637346
77df36f32951641e,0.4735276068600307
2734faa9175621e1,0.5480792917032931
6952ae6c0325e147,0.4507840923742812
bc49ff32a733b5b3,0.5160534847179687
ddb437f22bdce5ad,0.528915278226631
ad2ca89540526e80,0.5245878653940846
8eb86976f1f7faeb,0.550505581525222
351b2cac3bb60649,0.5240871456070624
f3685748a7717d4b,0.48751014974623963
af64f4a787a28c01,0.4618296685171822
e41d8e72f6a6da64,0.48452787727074015
43199fd3cad0d080,0.5036283445494402
08639490dad5a32a,0.5250003378978276
251545c20caf2d9a,0.4990237430395111
657fbf140a397f3b,0.4808919731813317
d28dd01372e08f90,0.48804450455421144
fb9bccbf5affc835,0.47366665738911584
0c3e0f0e422bc214,0.5247528832484855
b6fe616b3ee4f983,0.5098665541119131
1a05d9b0ab2c483b,0.5098991225954852
be053c37d8d326fd,0.4921842611633216
b0cc45542dd09eba,0.4933714701801197
0d1c9ebdc72b57f6,0.48212337600115485
926a38d305ede2ee,0.5270909855645874
381047d838351f95,0.5098464031361423
5afb977a1eeba5b5,0.49482907902032747
1ef7c785c8633cc8,0.49417731372771945
2f0bd78e22c8874e,0.5186807920282301
2765e2bdf659e633,0.47781543718186914
31756eaf193dde51,0.47371053220196857
ba5f5a3df72c6be8,0.5336297549751214
90e87591d24ae44e,0.49401935071296166
f9f063e55d3db8b4,0.5051708888683885
3ef90711b7e5d86b,0.5336470778707083
ec0a6ecd2422c215,0.5107994487493546
2a75009bf5006a5b,0.5109497648157788
9edf622febac0e4b,0.5074441804774714
9cee551773541f4f,0.49798854205496546
2a07f1c2d7378d29,0.5115057070921483
aacdb09c08c9a960,0.46327701854569997
df9753fd02aeca78,0.49968563555457884
ecc853e05f1891ac,0.5147869878960452
859bd8582d3d2811,0.4925222187761723
a124273d56f60796,0.5046853478755893
9cd33034524d6b66,0.4845424065233025
9e58973154c42431,0.4631060435254085
fe78518186335668,0.4581428401257716
0c195b45f68a8952,0.47993905321388025
bb6b109cc9317218,0.47482121035728586
a58342d3aee051b5,0.4660769785935218
48f975291ebf9397,0.5268555152010419
672604676c29d735,0.5195561817024978
144b0a7e9cb057ed,0.548638397307155
02ea6c1ef4cf0b61,0.4665235511072735
fe3c47193f742bd1,0.48140304813005474
782fd306b790e8b4,0.49891413166493126
53f0ab0c206a7f5b,0.5261974145987428
2d15bf73a2700357,0.49219171773897863
569b34b568032161,0.5294162513651666
d98474765b2d7880,0.507766858630732
f3088caf81ec54f5,0.5290753698705384
884de3bae564118d,0.5421741777559521
5b62a55571d795f7,0.5166164394242092
e860976e6aaf78f3,0.5144058292897373
bc5f8d0b2f9683ba,0.4645208574132463
92555d85c6369cfd,0.5452970818056003
189861fc294e0daf,0.5113557253304409
b8212e2222eb4313,0.46248060388006984
53afc56ddcd63d8d,0.5221739141421856
0592b0cab7becf5c,0.514216679915344
ac4cbdd76a84da91,0.5025588899432858
f2eeb139d518ca60,0.5233124186570286
e02fcc8b8b63c0cb,0.47623173712209166
a7f194a18e15e185,0.47885989013248964
b9b57b5beadd1490,0.5054712754680935
357c4988d289017f,0.49306078225269717
f0d98c09bd71837f,0.5106798943244522
b1c0df4bb0c82383,0.5127680523871416
5bb361813a233522,0.49352772954091223
c3eeda7b200e2c92,0.47277252518702984
db0460b8a23a94e3,0.5051869505351374
3c80f795a35190af,0.47051636680694386
ecf5824d8b392491,0.45373039127593917
5fc7a11376239e12,0.4551296358452398
2008fba1ef946ecb,0.5132352218356535
e2aa59fe541e0ac8,0.49813580336332386
09b5c7802e6b561b,0.46742199038448734
988df0719acbb76e,0.5102999211797468
48d79ec301d31948,0.48750951750370763
d288ed9b89b3675c,0.46775684567438053
75abd1caba2694a1,0.47546926953696367
3660f3c735d8a187,0.5131149144376453
0440ac4598276f6f,0.5453981756575715
836bbb09e4831df8,0.504537942258154
51432ea27e463eb4,0.4851553530375642
3fd99194e4efb12e,0.44637251216898133
ef1b4ca1f2c1e357,0.4847631054293478
70c464af7e1cea4a,0.4725113830366594
54c64f47d761f86d,0.5221338351118693
333dcb05411a601b,0.4971961825833927
11861d1571dcc3a1,0.48969262865960617
20e00d08f625d409,0.5230760577054154
8574c4f5b2db8c92,0.5296790605935163
95feb433faa8520b,0.5294616802786702
1dd496796a5dadff,0.4927512372708499
c1c248e8483e9ef8,0.4890295222749355
5e0dc0f0f0ea48f3,0.4745496965687116
7ecca4d6c9eac123,0.48816874633001306
58dbf7650b2286e5,0.47996045856670433
4c62224901fd183c,0.5076973870373613
affa636fe0cafb15,0.526186186662244
c9f2c416d003a925,0.4577310065141167
c19024a709757f11,0.5108542319464064
d3444b15af3a9536,0.5084220379322407
2f54cc2167b0cfdb,0.48079689125811564
d974c7d47092679a,0.471253283743706
1f04a25da2b17ee9,0.515188007252423
f133299dc49c2bf2,0.46563702604873
9542ec8d29575b20,0.5274349364908637
6e476b773a15e2f7,0.4740702497055196
c468f0fe05876276,0.4687404132811711
1bdf15bc47508221,0.5279607458206708
687b1d6eaf1bb287,0.5311790082025555
fc8590ee9d55c5db,0.46511615474094736
a4379a3efec7361a,0.4563109226440202
30a2e56d4d608b28,0.5192557066362764
4b400d52635e28ff,0.5553868784868549
992d4d4846551047,0.5286286916357008
b91c089133d42f62,0.4955856977313555
c98879c523da912b,0.48418714809893204
7c8f510d8af822b4,0.5139971541418018
9d674a6212b3431c,0.4843434011083704
d3da05b2f284cb87,0.49319833896244203
853ab873686c227e,0.5298563017886817
ee0d55e13012503e,0.47704439348605965
fed761caa06202e1,0.46233161726213
7750406f980f78c8,0.5319903725440712
e8770d9a28fdaeaf,0.5353047012919528
4025856444b9ab51,0.48010054177870043
1d0cc87631f52974,0.5380082871336085
f87d2af1aa151b69,0.4949821442634408
e2746f6359714da0,0.4903866775777166
6b20c519964ca8fe,0.4822822991329724
ac0ef70a6dbe1ce0,0.449651097880388
29219b6baa3ffa60,0.49716431294416885
ef5245dc0733939e,0.49578946584625444
26d625d3997169dc,0.481835246003705
ff9580c0b2b1a370,0.5241528282559713
bdad383d41eac454,0.454926295413334
a6bebd6247dce4a2,0.5333963415797622
846ab5063b60d099,0.5421804385014974
1e342d4cd0cd2bac,0.49878854848172716
b111d554bd56dcf7,0.502027304027594
9ddbb649643fc0ee,0.529640310432419
0dc9c8998b42da67,0.5282449016252534
80444594c0d4b5b8,0.4967890055187397
9bf8b2752ad4d752,0.5310951170194556
794812675f553fb1,0.508796456102941
c60c7cf09844c202,0.5189504823714295
06559b4012a85953,0.46786750866596793
dde7362e34a81ac2,0.5079977081800704
fa1ccff8a7481b47,0.5300167529027907
89c1eb286bad23b4,0.44295008628753807
b389067306356b78,0.5094752137465027
a4328554fc4a45e3,0.5221889711535599
fe2ff0422ecd1440,0.48062310228966054
e1f0e9e0dd1f6a8e,0.5045113382549842
e431bdc8db1622e3,0.509093720688091
54d5ddd4fde3db7e,0.4550475428837607
d6a2262fc314d2a8,0.4976216752229512
e7039d9ed0ec0c39,0.4621198519283909
357fb25344e0d8ef,0.4886782619029991
8479ceedf945cd0b,0.5088597583787345
30e12f447d932d19,0.5126038444795171
a33acfadc007c5d3,0.5337731337482303
32b72fee7f2bc37f,0.49834325543510616
e2ef0cf7c0138e95,0.5321136258393718
c53a5098d3feab43,0.5292807092858163
2d1a504956a9bc59,0.4609356241372225
5b9d63bb61f11842,0.485006205603196
f8fbcd4440a074e6,0.5110398586225058
c18b0ab8490d1c66,0.49650834783651454
18cc6b0ca558d790,0.532078106402788
c78d6d8adb708879,0.4718355841473408
928fe114a90feded,0.5193758528682404
806b11fae1f6bd45,0.49266088061128516
ac8d5b4456a25f98,0.477318638110202
0de3b4e998fb61e4,0.47125376522640605
0344ee3e70daaee8,0.522082793458913
9459a694f708e7cc,0.45632861193014573
f8f24bc3cf3562cb,0.4803397824816613
fca0d01a476eb58c,0.47801505540823375
ef25fb3354e1c732,0.5106586229327617
83ce56a22c714f81,0.5239552865488588
781864846ec190fd,0.5016790341255413
99c27791616e6a14,0.5056978148026169
f00a56545441ae1e,0.4742138352661116
160c77c56d0bc3b3,0.4677583492486883
6bc7f7e6a8dbe398,0.49152882300213646
565c31dc34339cb6,0.5291145880335609
d47a57dc58d8cfca,0.5197275873295304
7d91fd093f331634,0.5278622644558801
a33fd6143896a064,0.4645463633450615
af6776fae916125c,0.5528391739547367
eb63791dfd566fd7,0.5211593458457608
fd94632e98a57fd7,0.5169483480730194
7afa48755b2905cd,0.5486923785368978
cbfe89a23b516339,0.5006599350992555
bc9eb4d602b27458,0.48840998174212097
fb8b7e3482eaa33f,0.4914100861641443
0d172dce11eeef53,0.483597206313396
6cb7efe2f15a8b1f,0.5072772087709896
0b234c8955fa5560,0.47627326880619797
1564bc14da2389b8,0.530503269693948
11d440c4ffeb2e60,0.4795487108782819
fa46240b99291663,0.524268114646181
52eb5978e0a48397,0.5339647864542569
bb2cb3fc47f785b4,0.5194070802391841
bd402ae2e81bc456,0.48777964614862407
5b2c73c3c2fab67b,0.4676496921813756
558785e2cd64bd4e,0.5450487668819398
d8d0cdd0e630be6e,0.5501860272682721
54a5cf67504e37cf,0.5193292145067459
b7225c4787addde6,0.47156398246123266
2e444cb3f4217098,0.486123524467918
ae6ea7b6c44fe6f5,0.5107857147117167
8917e3ac1e161b77,0.4946499927241712
ca8e1b8f4b045be2,0.5457399751165583
b16a002c43cda488,0.5330939865332289
38988311c0c8e2b7,0.5255096582617844
40ac9a289f991b8c,0.5036620953583553
83dbe87c0f3ff118,0.503543853826599
d8412746401ef6ff,0.47823597346170976
95a1b17435300c3e,0.5133615437605423
9576e0a63d76b324,0.48680243589103256
8e43c1faf8514a42,0.46627135783347073
64462847893bb0c3,0.5228676251428822
2e8d60596fe0288d,0.47772556148743606
e3064eb18f25f417,0.5326099219543858
5c24da1b9f2ac392,0.4627096319960381
ad26aaf8f4bdaf41,0.49712066851101255
a21097bbd8645f25,0.4673647927404867
cffe1ff942479449,0.46739129691119796
39170ff154aa8058,0.533356737667081
0e2b77f6fe4d94af,0.5433292224450819
4fb4ed274c87cfd9,0.4790979306214309
dbe218b606bf3cff,0.5024478542749301
b1ff3f405ab15e62,0.48396746068290847
b77bd0eb977bfde6,0.45337950467760524
c65c01d13c9051fb,0.53721641436498
9f7d2bd32579e9b3,0.48995798651883293
1d42bbb95380256d,0.5326825150413154
799c5bdb519f3962,0.5071347342552418
af54b26cbb15ae3e,0.49879867044281145
9ce958c47b1e7d3c,0.5174154509334252
d39bba0520b226fe,0.4921488958798998
c4923735c16e8881,0.4548662302339743
43506b20fd8ac430,0.4916457369465983
685b0ab35ff084e8,0.5418265161683122
03212fcbf4fcc22d,0.5352971612917883
7aff26a87411e8ee,0.5366216696873671
9af789cec1453f89,0.4694674857078614
41f2ebd04afb728d,0.5185243201901284
a3a3009c55baa210,0.5515519534965893
688382bd40810598,0.4991276639947987
42cce10beb6c55b1,0.4703378207975002
59fe211f9aa2b83d,0.5271510367593139
86466c925086fe3c,0.5414939857037483
cd36f54626e83a21,0.46375847036658147
ded728c05e20539a,0.5183307144820672
0c7fd3a164040b3f,0.5277583846969918
614f526f552a972f,0.4880593497189559
cf076cf42abbd2a6,0.4768855993899056
e20135d1136fb289,0.4876017230483406
2b40340f15b07950,0.519207122813481
92ea7f3ec80af25f,0.5259289769667801
1de6db095fe81c3a,0.5237165928267252
e13432ce761076fd,0.5016621395573374
ae126eb3da41487a,0.4812810275870397
05436df37c119ff6,0.5253440095770254
b9203ce854a26300,0.4951452113608889
e39f8336b7fa1f6e,0.5267448218614291
2d031b0318ea5a02,0.49494164597518725
54304b5c419290ad,0.4748060439058728
e9b3e8a0a4077e28,0.4557497549579834
1dced917867d765e,0.5176560744252785
c004a070a93054de,0.5393115349310287
3fa194a91f4562c5,0.49451648870290366
76d5a2300ca56933,0.4637993850370103
993bd3c445b80c92,0.5078413304400419
16eff5adf0cf07a9,0.5385749457419728
19f4c91cd1038cc8,0.47412896150484846
4ace42dbd199d1b2,0.48786102944480225
8232534ba45ef07e,0.5248834271136187
a2eb06ecbdb56bd2,0.47041190443040626
e33ca091fb503e03,0.5116985094755684
8b65603997a5d0ae,0.49332403789933577
c4702fc1a3b838e1,0.4906061967017027
0a2ca915437c9a04,0.46851386108626913
6e4d60a1e5913350,0.48039099776343797
0eb4def034c0e542,0.5407172693127982
0dc7bc6ce45f37c8,0.4677282044631742
69c1bc9b1691880f,0.50964769469244
249619e3bba248c5,0.5044134931670179
8a0925f386616243,0.5105900997340374
c609c9019d1d7b32,0.5210348470851832
dea132cdd56b9c8f,0.5376879608906213
24c6ff18b883edd2,0.5347483743764694
06ea151cc4ea5974,0.4718355983581961
dde1072c2340c07c,0.4727941452519623
bf6234d11406ea49,0.49411434478663063
610c0fee53d0cf9e,0.5409435713644263
fc0691273040fddb,0.5207431602504816
46bbaf2bcdf5a362,0.5127086312789829
6f4198d004803569,0.49167985351880006
3f726ca9a49e022b,0.48433291881332746
2263ab08ec01d546,0.46596494366484353
dc2a61d22023b42b,0.5326238012574027
9cb03c429bd54976,0.4610512073684131
d3d5427c6c9640bd,0.5419453296750003
a356aac05b7d44bf,0.4766978503263276
2c28820cf1ae8254,0.531554259062199
cf49994228b74e3d,0.4850388198213179
ea984ee0501b30dd,0.5026602795565422
3639d96562366ada,0.4639102156933833
007d989968211b0c,0.47212441117593534
47b004a1df7ac9c9,0.5117605418746732
f09cbcb79049a436,0.5272986259422
d3e17fc998bf6787,0.49732750715439344
0c6c8663f624c58e,0.4883410025038174
52720efef03dc54f,0.5461259841524136
c6a5cca33f57da61,0.48312192371754636
b1208369a0074122,0.48703563505757586
b0563e971ad0dbda,0.4556395360779057
a0bb9373f1dff1b6,0.5229279815865077
607b5d747f350fa9,0.5384609094957227
8945214e2c9cda71,0.5318347217821828
7fdea294906af44c,0.5182436924960299
1f3c2f31d844d10a,0.46763159563050716
248eb5a4a5179bb0,0.541618544618815
f7522ca250fc8477,0.4869104105870726
3ac3d9675fc09e64,0.5095515148452564
b65116a131be84cf,0.5434064417892575
7cba939dfaa4fb1c,0.5305941893892475
4e484a321de70373,0.5134169431040873
48c00464ee810da7,0.5337705348515083
11c760a8108e0ab5,0.5438894466927908
4ece5849758d2bbf,0.49668223374795606
2d34cfaba66dade6,0.5264927618495284
597b3aa023ec1731,0.4582669933973532
65e095698c6b2018,0.5215894670561994
d4685373bfa64d8c,0.49222852588351934
b2a24aac339b046a,0.5100425173926533
d018e1502c830522,0.52123740974868
b4a5d705266bfd48,0.4865377726910468
1bc1ad21db736edf,0.5067904066316149
3584862144963b16,0.4856194562866607
64acc3b4a0341a38,0.4670856184679618
ae1b7c2913418b6f,0.46889244217040726
5ff184c18b029b7c,0.48879941689661
d407cc2c1f68ef5b,0.539269463899374
10610f40d2c4beb2,0.4709501190108947
a8e72b280bf38b81,0.47729251751604707
4802ee9701571a2d,0.5380456867355948
c0ba503ad79cb130,0.5341565300843936
a428e18a2571696e,0.4962065034964521
d973ea3bf88a0f3e,0.5175729405272129
cca48a6fecdefbfd,0.5134703715432101
387eb4b1c9690ed5,0.46302691709883886
f9b045f246df515e,0.5274396452334531
b8aa274fe0062de8,0.5367379815590869
9d67fee3adf9e1fb,0.524191324763926
3196cf2ddaa8893c,0.5229571559961368
c6cb67394ff79930,0.5065659001075093
b713b9f13a1a825f,0.5071916156477274
0c55301e8a9a0e8b,0.5390063576689457
06cf6a66edc51d64,0.5339786619286376
73877568d5adcb7f,0.4791685694723875
6e713b6c6d9ff701,0.5105281220429552
35b98290788b0e15,0.5330198634862789
c1699d21d21f249c,0.4956532909896655
4d4b1f0d9defbbe6,0.5345694815721117
c1eb4bc9fb4e0c7f,0.513839236614806
ac64ea4bb93cb2ae,0.5204218278919595
a6c0198d0ade9eda,0.5256782188111337
4ee5d36590d4f29e,0.5076577718924148
39d7718a5529cc62,0.45956727173611583
4f6e36e222d122b1,0.4850928458361635
f7b65c4533428cbf,0.5391988442361569
32839e57f8e1ec72,0.5069418050812401
0a631a26c3a1a8ef,0.535479163778174
42ae365efff05b84,0.4884324954319802
aaf16c83ac07884a,0.5196296685171823
e3fe57ec38bc0cae,0.4878402385246681
a269d748b94103bf,0.4907749531524576
29320c0461eae48c,0.4674128447461847
98b75056b390e87d,0.5455728257298256
a18aa53890bd84ac,0.5270004015964613
fc5a2a2354cb11ed,0.47025169101736053
912408725cfa628f,0.5077554095073766
6453b1a068b68ddb,0.5301206879558227
d95e854d614ff5a3,0.5178951394908418
85a79337144b2a84,0.4875552532290989
b5e18d3eb66f6250,0.45730248879270685
3b90fc3f1087e3d5,0.45449757743403135
36f89bae0e5df26e,0.5050253449964
7de9a21c9a6df7bc,0.5202048654914286
4ad662d48155a76d,0.5159463550536822
1016d05cc8d07dfe,0.49467130689238725
b0a028857d9a81dd,0.5198731395134639
c7da65ddda5ab002,0.5331493808484755
8faf1048140782ab,0.5033066419923089
d0f1cbe5f5c2cc97,0.5340116123435151
766a85256e2db000,0.4716962168525996
83f8495a5ff0fc2d,0.4724824466297229
a57ac84facc6651c,0.5357747898715803
3e18333d2d1812a0,0.4804676343939914
2e2c93c0b28242d7,0.5341440045658652
290025e556e7a964,0.48666836286314014
34abf7197c7817bf,0.5007744012598705
4c990af23095a8ad,0.5428023249634127
b30f0e7ab6ef02e6,0.5240704826524931
955f054ef8ac2a98,0.5482362237146672
efdde8377abe8fe4,0.49644019537110595
cbfaa9b940f4c2cf,0.520077073617049
51e64153531937a9,0.547692068996636
3b7b80317148399b,0.5332224661019539
b1de8383db45dfc8,0.5087273239522689
0d3f9429ecf4d4c2,0.4588318610951809
c4499c39e29ecf53,0.4919254763559806
7800f7a3f936332b,0.48036071635696775
b837532e3fdf4a50,0.49438190998312825
c681da0099cefd6a,0.4739223294398664
c7acb3b5705e68f2,0.46755560049359485
7072f5cd32c791ed,0.5330407088676481
00b5216b2f2dfa33,0.5343829367534184
b2ae02f82d15b4ad,0.5113477278305367
5ddd4c1db54b9114,0.48508198919168033
3e6fa59b53549aa5,0.4993911063294373
6b853eda68180bf6,0.5173901913093926
0ee247af650122c3,0.5450255447298693
9e2c6c5193f21067,0.47802233369695335
6cb5b3e20565dfc2,0.5326592774478789
dedaeeed301662dc,0.476910200618771
7244a91f3ecd611f,0.479909237293472
d5447b494619e05f,0.5041726474257502
d114e64d8dfca5ca,0.46989289273952695
762e061721ae89c2,0.47209298432516505
0359613691f7c01f,0.5043367396413823
ca90a47bd789f6fd,0.5292620665527525
b43584123f43b018,0.49597877791197664
0770e000ee552df7,0.5160045050820627
b396a1df0d592f4f,0.48984961147495965
51ffd9a173cdec87,0.5409582655842482
38e628d583de2dcc,0.47808587329334595
5e444909efb4f076,0.49341601101456367
147047e5cda600ea,0.5439284675045303
02f5e786b6ca732f,0.4819802524681702
b29abac474eba51d,0.5374666343590297
14f09256775b5595,0.5144378908989025
4132a178395f2d42,0.52649133747349
3ecf5a5ba7668082,0.4632364810216382
f7b8ef9f4baa3954,0.5350824778826364
344ae6cefc6e5e28,0.4624910206667027
9f8993a4d3fd8c66,0.5038559482482386
02fb2d64b2963430,0.516124668232691
cc3e88fc10db73fd,0.5326022892751767
e1b25ee0d1bded29,0.5217383815847254
6811aeda7c48195f,0.5081169047765945
2caefea2089d3348,0.5241982926143507
06624c42e6f173c4,0.5377559095471369
18d0862452891d30,0.5196794136266736
aeff78b9acbf4d71,0.48151722372220795
3c4fb720d11f542d,0.4806575774511692
ccf649ea4bfee844,0.4979903669022313
72bca5a449e85cd9,0.470472895759248
fd6a74697a1a9ec1,0.46779374019802555
a629bcd8e7727428,0.4783911952312596
4234c32600399d7b,0.5355726293211343
dbf0f354d6059039,0.46258464881872935
3807b180f301e7e0,0.5076295167530619
5cff8cd0dc4c326d,0.5025816232193097
a28550e03a14c9e2,0.5360351316793273
244915cbbfabaa93,0.4724340349858704
f5d28c37e1483258,0.4863782922715902
625d0351dedf957b,0.5294978093458678
daa98d98f6971d07,0.49834384762605943
aac141e3478df5f8,0.4896757034554579
6e2d6b44bfbd409b,0.5298203320777521
34a46acb36dc8ef8,0.48329692845107064
f709bf78e6f0fe9a,0.48209942840308406
573ce0864f1f1a1e,0.48637208779362834
d6421a369f95b35a,0.5180348320002883
6c74b5b293b1b97b,0.4735985130745549
51cf0713d5fbc070,0.5258344324270939
062ba7304652bc27,0.4886420103674316
930853397c388814,0.47274371880290755
2e48c840c19e48bf,0.5149110949223636
2a51f116e23cffb3,0.508213096226225
070669d7057f8aa5,0.539262617989468
967936eb15802a83,0.5078793971261774
83ec0a0ff919a926,0.48174846495781887
a35f4a25719a4b95,0.4692062631184283
e646bad2986e850e,0.5139130793829682
8b488afbcc578dfc,0.5161646845206757
13ea6594c14a4026,0.49107575037253187
d0e536523f93f64c,0.493935415605088
0e5ca22bcfd8c5db,0.5498542474151931
9fb1e891c08b715f,0.44841096176671746
7199fd0ada65fcc2,0.480118673414546
2275f9dac244010e,0.46413749020488076
24e5ed05f908296f,0.48162987441348754
6cb602b86bec19a4,0.514303887156642
9325343b0fd3d676,0.4856575946440421
644e5f81463951ba,0.5001683365734005
37046a2dda9e5889,0.523837128523873
c7df199599dc296d,0.506273785185357
54e463d760c0c6af,0.47270497223394137
9bde8f101bdb4095,0.5029500062837815
bc5c320666ed7ca3,0.4551401494514654
4e44d72109230bfd,0.5214144085915202
235aebae2ca0d45e,0.5384702110866804
55a1d48711c4359f,0.48688863984799835
c1ec685fcc48d91e,0.5175577329582357
a51c93906bd78ab7,0.5040640533064257
207c0a6423cf7a33,0.5050812612401
c7693bad80c482e1,0.5104828939837479
36b92309f6e5618a,0.5018023515273609
26ee6d56130da0fc,0.5230718403307425
587c7d36156381d1,0.4842667558573873
50d432d2b52052b2,0.5012416129364909
b738afb14f60d587,0.5471188555609678
1157c08c11e901e9,0.5187001097426476
cfaea6958357ef1d,0.49166014409068937
d8b3ec80ec080d08,0.5274494253559422
809c8f80468b1337,0.5090613240372737
1bdded460bb636a5,0.5294786518788963
96cc52a1a3f13e6b,0.49990097203925327
c97a25af08369f73,0.47176573512996695
0de5d7bc5b46bdc6,0.489388014320147
c6eca151f8576037,0.4967537770585027
7ef7f606745e05ec,0.45343918281852647
c5ea9ba7fa065f8d,0.5488674027906395
63142c0d75cf9aa4,0.4584801405122686
c396e609d01a9bcc,0.46474990563555263
7c9db70c27860a32,0.517528994193929
8dd4bb6eda603b43,0.48717895409779133
d5eb724b5ea43bba,0.5284469863570499
e7e9bc7d5e2e5674,0.5215311880058657
24b3176d5020b612,0.5287022846513361
6fed295aff782896,0.5420703638345239
12d17a3ef6b47faa,0.5394841501637221
2c550aa9cd671368,0.47338397999678394
df00e28247baf9ff,0.5176936312721276
9449a45c9d7b914f,0.48312916435743936
9a8393310d9b352a,0.516629455604567
e1b1b6a194b4b1d6,0.46548700092437634
7097d3e397e94525,0.4713323938582976
e3d1f895e94e8bbf,0.5108907248437207
6c46ce4b2303ecb9,0.5065681376831223
999760aff655cfad,0.4762725191955741
6d526f4593563124,0.49425289728110516
467801b5de42246d,0.5378928863538966
81c9cccf75c1503c,0.47892388494240834
bd1aa64c7a5dcc06,0.4545328274230629
df1a75c489d95957,0.4661233858143915
7e6ebb5b237b817e,0.4800804585015798
1aeecba2c7866fb9,0.5119835854827361
14269028868b89d2,0.47119634703993885
5ec456826b243dcb,0.5027267773827543
e574a546f8e193c1,0.5287817088957545
b0ce65cf243f3ae1,0.5147351482072444
8b8e8a00e6e1fdc9,0.4737639728810734
4a87b2b000e87686,0.5200705029165011
1175204fe5f8cb6b,0.48749703127240185
50a79bbfcd719a29,0.520567691758409
0d8c215cc600c1f5,0.4966400851598557
3ceb989ec05cb0ef,0.5232600988634253
c7ea3f3ae516dbc5,0.46115966778367457
060631dc9f8845f2,0.5161073210319485
4ccc3fe421151149,0.4897825036376695
fd51240f58f2ec0a,0.46256089968248615
9bb25b00d30f4ce0,0.46315539065211486
1e633867010ad35c,0.4801105515782266
90da0c9b099080e2,0.4994975948462709
f3ba8015df41ef05,0.5152678492020729
7006c751c11cdc01,0.5057097848535647
db5b922ab7ac849c,0.4773679152109134
8ed9c5e3ceb94d30,0.5011947408088249
32bc573af0d063e6,0.48355413499999217
b6f5ace9b32140b2,0.5372644973151072
2acea7857a236b62,0.5139387136066564
2dd5886a7dff0caf,0.5201344771436445
cec7e9631578eacf,0.529177380946505
aa1276a52bb96bae,0.5252509898936539
f90658bc8d521271,0.517499948422361
8b65638e31a74f80,0.4952006074173595
233d4e0eb18d8449,0.5323130793624025
95e779988eaf54f9,0.49939451623892095
ce033e0586a41f4e,0.47733085730013525
29007abfebc6bd71,0.49889338722999277
37555eedf932eb41,0.49866426703138345
43f0b7fdd64e4d62,0.4997924468559449
48d11190742f10b8,0.5403887397078779
54167e2d347acd9f,0.46300093703996625
adf2b2540dad8766,0.5166891085045962
aa4854b6b5329860,0.5453119140928282
371dbcc2d3dab4d7,0.4968312706660173
29fd5cd58cb38dfb,0.5396660528964841
276d786a03dacf69,0.4903922754584962
90290aaf619cb77b,0.48920197341098137
80904c6eddcf06db,0.47505525815114136
5232eeb9a1fa8f60,0.5257296694152153
6205daeed9459b81,0.4787779612813685
6b4abc5da4e3aad2,0.5091354508168867
ecce281c5f6153c3,0.519932713170665
926feb1c20abd0b8,0.44530483499944373
64874c60d39dc86d,0.5431366654954046
1868aaf30c77d6e0,0.5068553057160328
52e964be6dd475ed,0.5573843721869146
4404ade20ca8acab,0.5486523032118237
f6bbde7cdf6430cf,0.5425424129055054
6f9ac9a8227bf174,0.5311551088891735
e4afa0c3ef07f2b8,0.4755508497114151
a85d4f04f63f1f8b,0.4675508167241329
7f3411e87c2708d7,0.5025682678396131
5be924d7d731a308,0.4974819392000437
41ea202bf96f7295,0.4838718655442138
e7d3e68c097838d3,0.5232239617036496
c21ded045b04b1d7,0.49270591021552007
a87de56d4f2dc966,0.468076074438989
b073cc5a7d5d1fc4,0.4813235394774056
cdbbb57088163b02,0.4778209159841813
97a093dfe9e1eb64,0.5302646956603959
68aafe54d00b3081,0.5075570439476896
dca611f4099c1df7,0.46277886457214457
068c9856fb6bfd0f,0.4578813606064042
ccec2927e56ab3d2,0.45935469851559185
f4239e382087c8d0,0.5332767792233789
a37f1921e2ae64c3,0.5005196546696531
abc7d40ccad7d04c,0.4650635837278019
7be1ba405f826136,0.5322299716341103
82f1ae3eff7b57d1,0.4813807955929407
64bcb6835fcb93ff,0.5482879324106413
8a7d498479d37ffe,0.5010308329435655
ddd893f6f7c67340,0.47041766699738163
63438b2313c7cb87,0.47180015295447897
