id,label
6403a3f8d07557bc,0.4933649970873182
1b1d097ff5b144e1,0.5067139737394439
08c7c3c71a02ca8a,0.5356788184765211
7f09e9039629a38a,0.49976699152661463
1fecfdee265e685f,0.5034710064029643
2b1b1ab99f54e1a7,0.5112801630333061
f893cdb025b56c89,0.533277824474783
84466d5fc69b1dd1,0.5291368985597983
e0f419be2a81cbff,0.4842502217679827
d9e55e1259c7c29e,0.5294838348468663
602d7f4b0882ec4b,0.49624461421258864
67f2f87cc129d7da,0.5114896113836873
eec96ea0e1c9f7cf,0.47599571427552934
d85127e773ec4820,0.510753600030819
9e96822b06b0f7f3,0.49030426943203
c6489148a3f9498b,0.47772779447044855
ad5ca801b22a4eb2,0.4746908547960732
22e01b671e9f12bc,0.4880160670649838
4953dbf3e113fbdc,0.47195862688944334
95397470f084bc6e,0.534452251308611
ff39045f375a9792,0.49010799624540013
893575902a76b6bf,0.47437849064704196
4d9211d2b44f7d9f,0.48386864742628877
8205441451789e41,0.48811769928352255
5ade617aad761daa,0.5284653546897193
7d8bd74eaaf831a8,0.5160694164037692
3a4abb16616fb838,0.4932525665257234
6e14ae545a54ec6b,0.5119582002233232
a6d127f7b7a19a79,0.5112385832545474
e29e33c4a6eaf6fb,0.4833261681841169
42b296aec3a400d2,0.4819814453188594
238a42187f0c12de,0.49906045550325684
4c99d80ab952e272,0.5172020260980386
ef909ea8db65784b,0.5252079458884785
53283f9869842cd5,0.5096606586919001
fa99ef0b96b51157,0.5164823648709339
3cdaa31c37582a6d,0.5486264472682858
e007009eea08f15e,0.4836194713784598
e46769b586a6b83b,0.5221467292499574
c77497b63a864028,0.4955630695782517
bceeb0086c625fac,0.4781364755370764
5abf8e5791e5fa94,0.5239126107630948
0b7d89ea3694651f,0.5019023661558946
ce60477eea0a9007,0.5380893585606619
847baeeadbaba41a,0.5127895775717721
aefefeee7da6b616,0.5208658307459803
321cc4b04985f915,0.5139928750713921
590cfafdd102ec19,0.5048456300746199
0a3027ad8dd82438,0.4749568779952382
01e58c9ae88cd390,0.4763930498697607
8f5eb2d903aad722,0.46393034010584255
3f1b90f008fcd5d0,0.5241677919080681
9e55098b34909114,0.520618108897204
ed3723d6f0b305ec,0.5059211795750805
e1d77367315c8c64,0.4864064017707307
b97a34687794c3cc,0.48053383967518826
2d9a8bda25c031b1,0.4698282637681066
367427e76fbb967a,0.5104516426128035
2d1de7cf3363aa2c,0.47993134991917696
d69cf5bc1f0112f9,0.46438247301734514
2a75c552e6a0103c,0.5480800873821197
943114c642b7e30a,0.5146172073389848
5f4258edf6c1b382,0.481473812847902
ff0a817eba03cc6b,0.5435667290998772
c77fe2a4fb942f02,0.5097602240497402
df587d726667a5fb,0.5215206218902309
8c09d6fdeb48dfe5,0.49755862991827204
564e16bfb829c7a8,0.4848357227171849
e592482dff2b62bb,0.4684376948219055
33319a7020313788,0.5027152421468156
4700a73d634e28f5,0.5254236270429511
e5d9aee597bb4052,0.4863099964409695
b93533776029ab4e,0.5177321607463582
e9274894e7ca5d48,0.4660380734401355
37e126228f093cb2,0.4964952549881463
ee5e8daf19a62436,0.5114254944267612
5c2af7cb33fcb9b8,0.4934317760693445
dd6cf914fd458758,0.4937489007620841
7943edf1ba3d08c4,0.4687108297324371
50dccf68b6d84c9a,0.4756009606555853
71b1d024ea8e0791,0.4894330815841279
a8ccfbc903739855,0.46661591787734613
bbf9130a10bb2e61,0.4765306574620749
41a2cd1fb3af1f62,0.522987903753503
e5b00c5e94bb1efc,0.4934782081796295
8a2951b875e32f95,0.48248818814762173
4b4241c32f2ae2c3,0.5125252367474054
8beed49416c057b7,0.49444682606132395
1cc185c7cde5f29e,0.5224036436302149
635d0e269bd151c8,0.4730731830292263
9eb98f9a7202dfe8,0.5007731564508332
c224615f7e3ecda9,0.48445737550757945
f93a14286735bede,0.4745620331166008
c118092c44e808f2,0.5130837027946155
0972b7359cd12fb8,0.469911425875959
22318b12ec6eb14f,0.5436780374872885
9c92d4068021c258,0.5116318790520671
053aaf6bcba9464c,0.516954678195714
966f0341c7d1f5bb,0.5036792851418265
624826d8d4f7d476,0.47961941499198724
250e83ae550b1992,0.5402266340269927
9ff420d30b835836,0.5173356474494986
f74cb9754e9ea82c,0.49118220395789597
8ab5a2752e698725,0.49195790691214003
56957aca1f34dcea,0.5133157460904724
a6c0cf21bf0a1be2,0.46992844284167945
427e6266110ac72a,0.5438137557209686
7b84fe626f3ebccc,0.5137841809772163
6abd9ee5808aa267,0.48751700555580685
15aaf86082111e4c,0.5115284863878494
afb1bcdc94b9bce3,0.4597881591802849
93a337e7b4fedfd4,0.5001807390111435
cddee4f1517d9dd4,0.511087326296017
755140c7bd8e7223,0.4999004204538777
0ae88cec371ee0f0,0.4849642648934386
08a9f02754051fc8,0.5363365220450901
4bab179b9218d454,0.5088176624016473
2af9aad0b831d3ec,0.49234587430204146
7d330fd87e35ee09,0.4941823886691467
d79f0de699294b3b,0.5203262690546995
652a8c0826eb2609,0.5032574299786569
2ae2ef63a2565c3d,0.5002182494525134
1bcffad3764f7c4a,0.4970447782821581
707e78f41fd82174,0.479343469459392
e4824a55ce76b702,0.46760397237863527
993182bb80730c31,0.5128496241605791
dd67c105d030f636,0.5361938545563856
3dc4dceeeecb58eb,0.5179247554020543
90a67d119116b976,0.517447017982789
a483f8d40e026f5d,0.47835085619610335
3d24648e710fafb4,0.4939511499402911
9104c44e8910b122,0.4829018674559856
47b77ad7aec9f1dd,0.49464587523973647
a66cc4155a0edaca,0.524696339091271
1f4dcc29503e1a4d,0.5032208295195827
0a295834d6044914,0.4970579337062765
bdce8615df21ee2f,0.48460217623385
694b4d3b1ed04c61,0.488674385802101
ffd75ff5c92f624d,0.5163075218209245
717e992041e77d9a,0.49795941287137624
eb5157274916100f,0.5280104684576007
b77c5c610fc74da8,0.4894006559960388
41d2ba14e653bbad,0.5090427480153179
f2b612c9be07aabe,0.5056846921455327
3451e892c310a998,0.5094281494590552
2ab24c04722d8bf6,0.478845921242423
38ded7c17115e7e6,0.5044840052680838
afed8219aa70efeb,0.5093592257112479
1e9c4d7d2de01fba,0.5064695081666636
c1bda90e9a3b9ec3,0.49157158715531013
d406fda410e7c177,0.5207418983987007
f49753bbcfabdaff,0.5003263995795109
4daee2e232e58a56,0.509921031809116
858a9c1611f558cb,0.4911373641694988
05b0a9e8b1444d99,0.4919747101950622
8b2ac5da79a42e4a,0.5161430949084084
222fc0675ea28b67,0.47922775641525467
77cb5f88dff15921,0.5158852223523407
947d5752d88dc00c,0.5157081240788063
309a531dddebb471,0.5233713787622385
7e5f9d7d0cdf5a81,0.488606039647121
6dfe2ff41e67b01d,0.49017623384495745
9a51f7696f388499,0.501464817341053
9c5cb5a9b9b2b4cb,0.5206361029426195
bc7e89abddb2aa54,0.5386777299128565
5d3eff0bafcd186f,0.5219584828656413
d592e9d5579075d5,0.4761924595978262
475f765f9fa22959,0.5450573888671644
71d36204d6040aaa,0.5135011717433922
78119b8ffb9aa8ab,0.5021865102375253
09d1e9b9b858fe18,0.5177871999491147
ba5f5f59e3b0b755,0.5236414142571574
3b7344f40bf64734,0.49879529496818586
1f72c876a5e3738a,0.5222344435126088
86262f7438a90d1d,0.524595254456133
3f6e10ed3e6a6303,0.5312996306322915
ada42e94aae1a58f,0.5062962154219167
b5320e4cd134414b,0.5150712637451416
ef83ac91e80ddd9d,0.4747841165016421
b8a457f0c9f14bef,0.5049387208073717
74947cda3decdbb1,0.49704610445022757
a39392c735bde1ac,0.5052375360099901
afb321701a74d5b0,0.4933061149594642
df401b9701e04299,0.4789875237242254
c9b67772b4c4f44b,0.5137118720541193
b5665177cd7b6c5d,0.4744799794718214
1d621e5fa6b0c45f,0.49747111616147666
2d595ec6f4c2524c,0.48035627974241635
6a96a53512d24696,0.48539106479845473
b3a68808640b25da,0.4777375202144545
cd9f2b2346e70af7,0.48097569309145394
d78d162e0d903e67,0.5127886062390463
512b0444982361f4,0.5306584997916015
36f4f9a58e05409e,0.4849422513153193
e4b4fc878504822b,0.5106468869423186
d2c6c32ea3387653,0.484426543811173
62d5596d1fe892ad,0.526487094797305
8756eb85074bbf32,0.47412973200252106
9120f37fb674d8d5,0.486507234369577
ad529a51765d4ec3,0.4742734043381547
f5e98c69a45e4a76,0.5107834756231094
4e8ecc5a6ef67336,0.5039444065661477
e26f37d892f837e3,0.5148540251885477
377bd33e8a9d5e7b,0.48466020110392416
7277e822016a05a5,0.5081483182198424
94fed9a4092a19bd,0.5185778627649148
28d304cf97ca614c,0.5169373787871621
5a5195df47e373d6,0.47781533026978784
ebc9acfa1d364336,0.4868057060375227
5d76c6de5ee62843,0.5021641348509891
511d1dd15e99184d,0.5223190377545928
b6d744f202fb4a14,0.5312192694243913
43c3e8abee7ceeda,0.5104136899792366
41afcd725afd0bb9,0.4843017522081128
bd4f0c1a61da90cc,0.5312563033284602
ac5e8e6812e3a526,0.5001176394513264
61843635f4d407cc,0.5262410655754931
d643d4e6d84db59f,0.5305617542210971
5c0b8bce49a0a773,0.533166469485344
7c6020b2e5dae41a,0.5085377411783699
4a6f26c4ccfa8a2a,0.4855492084358187
f5ff436197b8129d,0.4967133967891457
27b8587241bf56d8,0.4805897899669167
a198a7b963854e6e,0.4854901687554498
8661667952751501,0.5193128840842337
282a1321ef8c1306,0.5034942356108112
db3dd0b21b03ce9e,0.5134347898138986
3bdc9a83d65a78f8,0.5078482999999117
2983651d59dfaedd,0.5128604865938485
ba2be23d69668658,0.4691915975728337
89d58eb00d13e4fd,0.49758008801740194
d2caeec36f4769a6,0.48553766550784194
dc23c7fae5f57288,0.4916347092278895
c6e284593c89d176,0.5072854257662265
523464c4f48eb02d,0.5321585899692769
cc7624fbfc77736e,0.5330293341207524
6b0c371df7cfc676,0.5274366943565345
986e8a5497d243a9,0.5488237783930168
0880ed3a1a77013a,0.5012989592849837
791d60ceeffd7ccc,0.5221930401369749
1fb2b452cb819b3a,0.517873134262763
6e683e5731d8aac7,0.5189078081992355
d752f92de2b858c1,0.4753407686289908
91654f6c88bcc480,0.4768021735015583
308caeebcc6bc059,0.49184657843386403
0a092e2b8c9c06c5,0.4968462327204578
e29749c7cbb0ef48,0.4873359102306015
02521319f8872bf9,0.4825102960622288
f699494da66c4efe,0.5297212926602807
060f874ec99eadc4,0.5092342560442409
1a2ea8a74fd54c2b,0.49990186437863177
a98b83e132c75465,0.4907175205796904
0fe8ca7c247fab07,0.5151223435800641
c8d9bcea59632f23,0.503604543816804
0ab0d9c2a040f32e,0.4708278301659313
a03fc647d8141fd3,0.5254850056783683
1036e1cd53a850ec,0.48785184484896393
519d3f96c9895253,0.4790431186027648
28df6bdb66f8e09b,0.5132903469460224
89713786047cfd0e,0.4908678295600774
6389830954a0227d,0.506378809289655
8a5f2d2c5004dead,0.4790922489880237
19d4cd44aecb29c7,0.4946385850328874
2ed9718fa269e456,0.5013921373426141
31d0832c9b203b46,0.4867335987156954
e21b68ce26bfc500,0.5100102814103875
cf8783ddc0b9bf95,0.4630876466116448
fcd44919c1b3f412,0.5283479820013459
c6e50665e7bf8738,0.5011281810194249
ce0179fa676d128e,0.5209640209764114
423e064e247fe04c,0.5238043436712875
0ebb4ab2c338fde0,0.5037272587333448
37337cc831e40a2d,0.501152694732494
04eb53517170d936,0.4963444041530639
dac684a7b8635061,0.5107003521929041
a2f354d17d1431d3,0.5104241907637665
8a42e6579214e167,0.5004450491530972
c35d24cd26008161,0.5217897521145881
077789ab8d103e29,0.5115986283350118
5deb9f3705c67be7,0.5125295862502262
dc531f502bccc4fd,0.5192496636871955
ab4b4d6c12291a2a,0.4762003282039206
47b284804faf97e4,0.5187011641699493
d46bd1fa92be695e,0.47668785279900283
11c536ec56a47156,0.4868600579443195
d5bd7d0c4a297748,0.47256697749756915
d30e6ef239a13f14,0.5113798374240344
8be010237b513256,0.5300175972383483
e3ed18d3d53d8aed,0.4817304279190081
a9f5c2f8c5922e10,0.5308117814905934
05a75c012be2ab6b,0.509406371954229
a068617fc089ad48,0.5132228662771828
687932e8fcf71376,0.49364102906188967
fedeffd4ef29f976,0.48045758292113916
5d3e23d9b2256c27,0.48353667693974106
c6544d7502deea99,0.5088437366243054
096cba9bc78d7637,0.48383383993744905
76b587348b5c4d59,0.5204473154767291
62185555ed060f0b,0.5181025845840178
b538966eb4ce164f,0.4558717425164094
8dfc12a6712b0903,0.5174979072128391
3ab52adc4b1c1768,0.5001644713611748
463847f9a1f414b6,0.5111258270381916
e93e14d11fc793e7,0.47524733946189324
2cd7ea4ff0b97ed6,0.4867824164180182
3cf1ec0a8c671d61,0.4760173817158557
e39df281ee7e153e,0.45299880932300074
272a6816ce2c7c9d,0.49336798799622916
f56230f889018c95,0.4951447377722107
4119f28f6d4d40eb,0.5201084389038986
3e744e15c1c6600a,0.5277105497523897
7975b8ce43d7163f,0.5004924274236702
76519a1ae0dba3b0,0.5075309444788509
6f6aca7dc35afbbe,0.48143172790227173
658aa810bdae773d,0.5205385438833485
41c3618b9180e8e2,0.4968540402826482
7cd53693b2b3a4b3,0.4680911373151443
a450a4bce9f2cac2,0.5369844969919817
05bd9ec45ff54b8b,0.4754802673305156
0d67ef8a9dd3249f,0.4945765246035532
514cfc846a144390,0.5299814100836551
2856a2a0114ba55e,0.5440275834205415
ebe02c0b1c116ac9,0.47717971491629585
cc31cb4421bd54a5,0.5128085794723797
d63593c7bd5f72a9,0.5267813215533362
962b8c33b5be069b,0.4742114352552606
40e508ceed1116f3,0.4939211118215396
668eca9c4cdf1507,0.501463308172892
c15735bac7d4e6bd,0.47322884920638175
09d2cd5ccb05a325,0.48220800384219964
71ed58a8f5d479e3,0.502992966526928
56fd1ce474cc243a,0.5237219174646622
4c4fc4fe6dea340b,0.5323162802320254
68fcea284ddff8ff,0.5326431955673608
8913329e85f873f7,0.4793062583741805
7a210b4ff6c29678,0.5083931871448509
91bd2a01c0384263,0.5215030245253549
14e4e31c9bd8d90b,0.478485065962176
410f92d0f317cc8e,0.5006843564007804
780cd523f303a8ba,0.49636559364504174
77ae2af1842fa5b4,0.5000644289494445
eebeb3dc997eab87,0.508628510517316
fa6c4d5205fdd5db,0.5570332952566924
f1798e22aeb3b385,0.5335527029147286
8af0df5286089649,0.5002600853091523
6e224e4033db63b7,0.47997728465275613
b8624ae03bb7e7d7,0.45298682918387334
52ca2f9cf118011b,0.5432988841542058
52c5dee14f8320fc,0.504711103232448
43a4ed5577b3346d,0.4919656963179576
332563e196c7a1ee,0.5352205085138311
cc4b32b77225218c,0.5105609068523038
0b34a503e14e5271,0.5172101047091588
33100c4fe51f7435,0.5112360574732685
6de5ffe2b6664d73,0.45547474875372235
ba39076152cb0ee3,0.4937822791048816
aed179ff9c81f4f1,0.46237575253970925
ea1a9bf792fb6a7e,0.48610922953420393
2f06ce2d10fe3866,0.5197544982368884
11855575a4718674,0.4834629111907719
06d39de4f0e13f3b,0.5027309307802269
5fd7c68abce444af,0.5162009399167561
d464bbc0a2f6ec7f,0.5276148168683861
86a7d5c47fa116f8,0.4836579752708984
a260e587d0fd3fdc,0.5385384157964463
6c07a18d9f02a585,0.533912376791267
8fd3d88e27ef7240,0.47475336405800367
80dd9757384d7ae3,0.4826466405241671
00a0f9038422aeb4,0.49722282851989685
dd38ea8c63c0a90b,0.5001432414440092
e23a165731b18098,0.5210663823213179
9bef89bb8b6e707d,0.4802442075684875
db5779805bc9128a,0.524637758249122
13c6185147e496ca,0.5196038228852551
c23ad10e1020a370,0.4876814824442906
cdc252e1304b3741,0.49642900212829866
c9866843a2ca38c5,0.4960560801873294
1193dd7feb2e1c1f,0.4708903136464364
145626c411263ea0,0.4945768691814916
b2bb6e4261a0a280,0.5310179243590474
ce6c9830339e8d23,0.5102282660238142
e5a315b7bb844af6,0.49681296173009093
d85cacbda54cea30,0.48455691592126016
ec609eb2e4100b33,0.4918066000621572
0d785515807808bd,0.5093039720295092
6bcfa2aeebd0236f,0.48213279572382617
9ed83fa2f828fbc3,0.5078503189278388
f596ac3c62688ee6,0.5118076656422041
654c4ca75e7a6d56,0.5050265461495348
162146e83243572d,0.5271706224754211
9878dbf0860838fa,0.4890283915857947
332ca627787dd758,0.5205511950131658
679ad425e74f2477,0.4925824218242346
df5a276859dd4308,0.512797215526165
e1f7d0ae0443184d,0.5075261630480448
a6434286f4234aba,0.49707247058599724
3351a9314dfcaa5e,0.4878035157776631
e19b22778dcddf3d,0.48906984984063584
a98a59904fcba403,0.5175786246696766
efe47bc01bf23b67,0.4914094243521922
a1a862c811a320f0,0.4925346354034704
bdef7203033a959e,0.5178004756267819
0fa3fd428635e63e,0.4890014778594266
8ed23ba67702fe54,0.5427642747057448
ece14f4f1731d91c,0.5217367222526463
ca20fb73d0c544ac,0.49468753599299903
927bbcf7fa67bfb8,0.5174003411094945
deffe32d78bf8a82,0.5008562785326672
319944ea096b3a65,0.49611329437893137
19bd6f94f36d44a1,0.5006324288068071
6e7447b72d462201,0.48180838323668457
be6959210f99dd41,0.5143351300615461
bc1a4abb3dbcab55,0.5108159552010398
41032395ff67eef0,0.5253372230121058
2b4004b2678cf0a1,0.4946613355991768
469658e2c6728fd1,0.46851077211104697
e67a54cb89e72744,0.4777980176522699
0a1aa269dba98abf,0.5132595963541238
746e977975fa2166,0.4898837810361908
ca51e1b6ef04fd43,0.49645643473132656
dd96408688197b1f,0.5327586749848793
23b5530f05f1d9e5,0.5263979375798143
da29e21770225527,0.4930966274099988
adb83a06bb93e782,0.47567502343978296
0e4d2b4f26be08db,0.5107493494726089
6ece7a74dc7701ed,0.4728707353969775
e5306d42c50fcc55,0.4645776488901705
4381dd659292aa24,0.4958824212706762
e31ebedf532c25cb,0.5014715387788105
853b98dd483b98b9,0.48647161138618467
2e54b76182ee44e1,0.504093859902374
338f6834e70af5fa,0.46949586663238074
b5abaa739dbebcbc,0.5109878888981108
5a8bb8464a290761,0.509648552799042
f0e90b285061c449,0.48445624435977597
e66581f055ee3b78,0.5134198379507106
0a21004c4d12a011,0.5079358022337319
04cee8b938d82d19,0.49576826911938326
c2eb2ef42ef59006,0.4994683231086371
4db76ad147f6dde7,0.4807172779274989
388d2efe55423a29,0.5451740237407268
b9875250f7ce8623,0.5144268933986555
e354d93aaeda004f,0.5210199130302702
39e7b31ad6490a4b,0.5129739110892657
a31878efea02ed42,0.48551744200030006
4db06f2609831909,0.5143313753487343
e23ceacf623bf244,0.5079350187190389
5b30a3dce1e3fc54,0.5137778066427106
9b09b933e5488d29,0.5016095400743967
64f0282d10422cde,0.48869175930129904
d171c9bf0e731793,0.512210375179068
699a9d5c734b80f3,0.49605222286902784
79281527b5fd74b9,0.49142643526265445
63b9f2af8362641a,0.507893712291533
8e20990222b8b1d1,0.5022847053153751
cbfad4f1f811ddcf,0.5270691853097107
a6dde1511fe8d47d,0.5136685058067565
54e8815e9966bb51,0.5216339094359355
cda24d31d8c08104,0.491112303068158
2e41b0e18fd08067,0.49488391009251786
6e8f4f5c6e28c26a,0.5143326673243263
1f4157812e2bb339,0.501206470765261
c2d3133094dc0fad,0.4735068300825916
e7e2da8351240636,0.4705195705702009
ef2946985749757f,0.4794601234659014
ae735efdf3a84f05,0.5073412803539992
8a459d7c2b588a93,0.5113026964983965
df0d35696f4b164e,0.5259062860753595
8f745cf8cd93face,0.4820958493599876
7aef10c8e6aae208,0.48956285425989754
706e881832fde05c,0.5362027769138088
03a6674f904defe8,0.49551864175115223
f00500b8110dde92,0.5227901499067005
1475216e327695c5,0.5205792760566623
3fc20688817559fa,0.48962880652940377
70df3ece5d814a70,0.489455765898119
bcf591e552b3ba82,0.48456982973454266
a04e514a6ca8156d,0.5249061356482504
f83e082f10dc4f9a,0.46280092227467107
21a0898a3f0c502a,0.48271670456423954
c9afe9c2efa6168d,0.5022783100789837
9423152627c5de85,0.5238669878045772
fc5761df1ee97d2a,0.5058982892832562
b51c1517f2b27082,0.4966561174865403
966bd6f4b801db6c,0.5186040400192122
c39f09a3a7ee5d1a,0.5082520618465024
cd4ab667a784a10d,0.5495504926446508
053911f801591901,0.5008702638942915
4c12cd87dc745584,0.510227283084969
f0c4df4801e5dd7b,0.47234613353077326
1cdb9e6374b25c46,0.45752733399236406
55a04d93184e2087,0.529447474910608
b0259adc08c321ab,0.48196613113541514
3ebefad692cdc413,0.481062202108017
83d05a33f78392ef,0.49261929622244505
57e746a1c420f866,0.534526514181378
7086b53e09fe17c0,0.5020222305154787
2cefa5982f1e5321,0.507982560777432
c4a61e6a8fa1704b,0.5189215301665581
cf3db8bd220d5bdf,0.5178165664614314
75c651d11c0a0337,0.4791479459999738
10dca6cd4d946194,0.4994040897636206
316d771ed9f0b6a1,0.5020820872480023
ef64650ddba7c539,0.4807828425649051
721f58982ee85da8,0.4980196248884069
e8f08bd5b06f41ef,0.47685668157004535
8c2e815ac865660d,0.5192786322814107
8191fefedc6afd32,0.44615235398593384
15c9fc425aed1fd5,0.5178069416127358
52f896a602e74ef9,0.5279448010237378
c8a94bf1f874596b,0.49736295631648086
64024839f91aaea9,0.5253164972377901
23a06e4e391dfcaf,0.4972748988291589
76fc88367fd4b329,0.48256162339186504
e7ffd70d1007bf31,0.47266621016871846
4df67b2b4764df2b,0.5290351778304292
5e23b5ebcc3c7201,0.5139455713708407
97c325c9980b0ab2,0.48648446788186084
3c8bace911db4b05,0.515956169326685
d3af2a4f1b0513ef,0.5155235013662929
8a66145d22484a10,0.5200217882443487
f501884aa3b0a2bf,0.48016985921215205
21f8710a682b6ca8,0.47913044616915057
67addba46911ef5a,0.5316567402734329
cd5a8d124051f2a9,0.5136517805902592
a1acde423d140030,0.47924742670901427
6284cf5236839f36,0.5094002660804677
37f720257a8a7a33,0.5071841837758079
acc257668dc46b34,0.5077646778814024
23424057c8458694,0.5016660360787382
418a7b8fddf172d2,0.5302637020896548
dc356b2589e04c87,0.5191797483399613
f64eef65821a8f3e,0.4833277748253194
9fce647d5b47563a,0.5204049891593139
52f9976ea5b478fc,0.4786255174836317
d240c91989c04146,0.5163045028797278
47ef036d29375b9b,0.5361261233794277
8808a12bef546809,0.5084597469006116
d3a20f2bcf2db8fe,0.5342086582549782
a451d8e451fac918,0.4768381292963575
9826735b01a08344,0.5035204971056804
c4a29152e2eacc8a,0.46913789682445006
631690ed30cc1631,0.5184171751826522
d84d8a6e6ca5eec8,0.5208389779114773
efbafec85fb00cc9,0.5186257833184378
24556c1044963c8b,0.5133699399775717
5dfe6e2137dc82e7,0.4837456377287095
b2400c3aa22283d6,0.4885366726795204
71602580e012f168,0.5063653493433882
cf01eb3e54442236,0.46730549908272356
1a07d25426f87edf,0.5059171420669327
13b3d3fe65bea413,0.4922552965434648
059edd840763fd81,0.5255312604396072
48288e044d74e7cd,0.5223072782589973
add068ffe0671cf6,0.4746879021020334
c99de47efecac792,0.5016109146432527
11cef543afe62f88,0.48521321290497654
e512156389905eec,0.4869674260865609
138703e658867a2c,0.5208722472401893
454c3092e6edd433,0.4641471691881607
dd957118652b5ed5,0.5112427543762696
af01fa5eafb4602a,0.4761515843292977
7bffcfd2a9da1725,0.5237954188254709
24f3f1ab071df78b,0.4837992156819252
3ec7c9ebab0a4a2f,0.502847136779997
3c1d10f4646f69fa,0.47986890191542464
9c5f959e1195fc54,0.4695757110766424
cda81aae0a16f97a,0.4992145331158174
2bf6c949fa0b6053,0.5015762029584061
546683ea9e5995f2,0.508810184839394
c4563254d849a8c2,0.5347152001850809
e9e85a92d9ed5065,0.4914501666051655
fc9fd5a085f168e9,0.5072220514162966
54049d409156afd1,0.5116303396646606
e4c0d5c0b9045e4b,0.5121167984813354
058f290d4016fd11,0.48202326247301003
e14cd74f951c3910,0.4998547773953385
05018e18dc83e13e,0.5373678588472097
763ff25fb3a65368,0.500542160517688
eb5cf6bf7c8b4e5a,0.5217864644344723
013351fb7667dab2,0.5018025517598407
e08181f896cfb680,0.5056679175369848
e65d39ec9e3de422,0.5176039493769493
9cf499aa7626f14a,0.5137743629028514
f203a5ba78b7389f,0.515643473631866
8ea386546c0f8c96,0.5324036509356189
0391f48a6955106e,0.48161110020812414
d2f70a0377eebc5c,0.4950325826089332
b96e54496b6a6713,0.510739236624893
1ecd7d7fc32cc874,0.5106615027947232
a91fae320445e22f,0.4769549101151891
7f7f8d9e95bc3227,0.5160837335885724
8ed9c9b27ed7229d,0.520179842669643
19862b4c0d2f34b9,0.5199997212570736
e5b1c6b3822addb0,0.49103212372169874
191edcd8d76cb951,0.5302340084756867
6b08a1554cdf28c8,0.4723959157177094
706610ca333da138,0.4965221379950344
5cb5f8466022eb46,0.5021928897276404
acb3a526d9921b55,0.48178339931563435
947db252e781ab55,0.5054718170643963
e94881433d15d819,0.49145140255398767
34439005f71e07fd,0.5162751276055683
989a2593307d72e3,0.5124451275074409
ec8f1d04cffddc96,0.5139113303581221
11dd5f5d722fb0e0,0.5014175509802562
d6738bf320835a10,0.4970285373198253
025b09a306181a55,0.49809492166685854
e5e3f5fbf93a1918,0.513755201503926
2d60731de40ca5ec,0.4794367727323251
96789dc76cce8bb4,0.5028344487761389
e04c2f21eb86c30b,0.48603237248888675
eb4f7827e27f3e50,0.5141611836971688
c72cafb3b0ed2058,0.4937478203979392
38e789ce64afac4f,0.5146344354060753
961a36d1522e6ffe,0.4744288978452892
d915888ab3fe3241,0.5040432641959208
6d047ff0d07fd1a2,0.4853558610931733
96212cff04501fdf,0.5224891464074084
6cb30ccf0384596a,0.5406238035518423
1878cf5a842e6727,0.49967415734867027
47adc8c9afbd6fad,0.46249558567747323
bcecb579dcba782a,0.5022174936563333
24fe0dc9ab19be83,0.47253275158908714
d56cbf99a17acafd,0.48486254622699876
5caed519a777c666,0.4613537634242197
de3dd7a6a4564414,0.5029825782926957
3ddc28164f664050,0.4910552865450395
45693136342888df,0.4851581037893852
143c3caf6eb25742,0.5035251839478737
9295c919e27237a6,0.5010915899445492
0dc756a818dc5d9e,0.5311993485309475
67a0ca3f82ae78c6,0.475051242269181
cbd51c3558265f5b,0.49315890609426427
b6df5050c31c7287,0.4938043328977335
73f20d006cfc47e6,0.4830070188781287
2de69b9443d4fc52,0.4769810832457334
1ea20c09b6c79a3d,0.4925229705642564
ea1427791f675329,0.5079170859993256
cd6c9a86e5c13535,0.49944792409149824
fe03f010fd99f729,0.5089807213869308
3cac934a5e569272,0.5088588402628268
1f9c8c5a31c38592,0.48261218648116855
325d3152d318ac6a,0.49146388008597996
c796149ae059bd36,0.4981287729026771
139b95acad0d8500,0.4778118634624816
ef8ca6e1ad6cbc40,0.5272731053633908
738b1f5edad8bc5e,0.4647948507492453
00b5753c64f3aa5e,0.5231815718534967
7509e02d19e2f87e,0.47746772084257794
a85aa8068fa925c9,0.5110494112555536
f8ff744430f73aa6,0.4913640304905158
4106129a02383134,0.5039833491527643
3be6495b6e47bbe8,0.499674754736511
d58d8cb98c5344c3,0.5021013896575214
72c32db073874592,0.48766091234959663
b33541a9535d3cb6,0.5018863521958908
f117d4aad78b524a,0.5070408403020974
5e48da846d46eabc,0.5158445882728078
b0b266000f2d6b03,0.528847422443848
2aa63d23f11f3aa0,0.4612894193834852
7ca15ff99bdc719f,0.46785492817490343
286e550605b2d970,0.5027650194359472
140d123f8919309f,0.5397466731534604
5406d7c0119b8b77,0.5155814548290956
feb8f158efc528af,0.5136790327115066
20e9295f7f1b6809,0.4990303564279074
8c67df2b06a8af30,0.5163286008896302
0b5100f2d589252d,0.5099954687700514
a7dff4879e1f2c8f,0.5311193223337043
6b9c17dec469153c,0.506407250496856
b064e718f3825ae0,0.485800544169113
633aa423117b483a,0.48953987024786894
2bd2dc8cda610b2b,0.5245435241282911
16b4f1b4b30d7a5f,0.5432889250304175
7ce520db2bb5b181,0.5199968152339567
359fc18aad246386,0.4972482585775845
4040467f440a4681,0.49881979923927716
ba27a17c66a28567,0.5012007747315987
5e4bef63f0b3974c,0.5113611715945361
849863283a0793dc,0.4988929792858494
aa9c499ad44baf78,0.5058403261276727
a3fd494842016ae7,0.4950901327870806
5f079c78614b8a83,0.5070416820226363
7420f14669961a6a,0.530982368963104
0a083c164a874ea9,0.4826825176628956
396f04d4bed14a3c,0.5031783171830404
bda29126d66debaf,0.4978535228728569
8d5ece395c6a6b60,0.515636098755015
9ea22d08386ce3ae,0.48485579586509253
1a277b47ca192cc3,0.49976493217903306
5534d1ac3ad47ca1,0.49634019858551504
164e32a2b96ed3eb,0.5234541840542274
cdea1d25f481df1c,0.47322622530463576
37e1f37cd163cc12,0.5224579549890669
4f896e74ddfe48f5,0.4950501743572845
ec881c0b42489ba6,0.47054528997558365
6cbbc142e3b6532d,0.4942932718647
af58eeb2cce1b1d8,0.4745757936400864
3792b407d3147240,0.5042264248874374
44abea18902dcc6f,0.4801480140121521
f174b76e8c589bc7,0.49370326849408996
d5cb1d76e26e865f,0.5150195328144818
c953fc1a52b6d2ae,0.5034318951098147
dd9860c103eaa486,0.4660164076336511
1a338e9358b4b71c,0.457837598149357
28a055a15e2bee63,0.5160273220220859
d810129e88130889,0.516288152668176
20b2f55f0ebfeb9c,0.49409983301863003
2dbfb79bb9d5d576,0.5250055395038471
a4f168601004a705,0.4872422783638331
7419f46f112678b9,0.5115096614513189
7d0ff708b6d6752f,0.5206097880871194
cbb85fa489a893cf,0.46513340099476963
c46a723fbfa594f7,0.5187200280590699
2104390897549457,0.5111174388895515
75c276f7d0f29aa9,0.5353771888575768
01a679a23b212287,0.5186074608587445
6cc58651b88eadb4,0.4762000331259534
14cf1ac65f8ca02b,0.5038232405242357
2a5d42d92966192f,0.4841331807055541
2010478948b9aef8,0.5020861792930376
31542ae607bdb59f,0.5168952916665688
783c99f058bdb723,0.5018461794853263
8e49ec786a6d5abd,0.5098044377775872
d2b9a740ddba79a2,0.48871868757266523
47c1231311a7aaaf,0.5092757680919828
c7937d0c63ca6a92,0.5075164557681128
64628bdb8224fe18,0.49038404946784947
49cbb2ff9274a4cd,0.4905469742420779
a4dbc0e728a780d5,0.5141714581703262
54a5b82f046318b5,0.5259668748749414
daa0b6896a1749ca,0.48344658910816424
4a251ebb1de72153,0.5297720870024878
edc7eab7534ce904,0.4916397122646507
0d31a18c31d12329,0.5231558275502272
ef643ea0ac629b95,0.4825757971852595
39049e24be5a4306,0.5284978895031812
f41fb0591a5b1902,0.4865739266114743
ef3add49907eb895,0.4873019629853783
3c80e6a34fb3e4ce,0.5406390997950976
681bbfb8c5372f79,0.531404729980821
007f4be9a3f6e89f,0.49283301930398443
25144a9b2bed9be3,0.5103025579300215
61233f40c0cdaa2b,0.4700285220735882
73a058838f6b7f2a,0.5256839096600519
cbc20660739af678,0.5349840735273926
8fc723bf625337ee,0.5127134492753452
3ba49bd9e60f519a,0.4687145108754028
6a3b3033fdfe94b2,0.49678090370816064
c8ed653c9f871795,0.5251428271191322
2f6d48d7acb127aa,0.49853623451128404
92ff64a44efeaa6d,0.5141105795452898
d7169f20999bc93f,0.5200841344311564
53604f2aaf701357,0.49913577305833934
a7001845bc2108a4,0.5056109444441833
e1c8d84bbb8add74,0.45626270027380694
0b6ec467b5610434,0.4979828270986156
8ac52d2ec127a096,0.48073929280928374
b10baee15fb9d01e,0.5403887115858867
221ebe5d40d467ff,0.5144698593787337
4fe55b114acc6ade,0.48863211032587917
d8482a667d8a69cf,0.505474804262385
53ade36e2a1b1e97,0.5100428799648385
23415b9cfe9e209c,0.4912922428399754
280c7808d94b9763,0.5244766143493502
de5885c6a7c6423d,0.5408834625918403
38de0e8716fdf6cc,0.4925313309769519
55bc25143589b254,0.522535162755621
957e73c37d447545,0.4838353760086954
af84b2641d1c74b3,0.5000823393865839
e7be7f3fe2a831bb,0.470333758369284
841f7e8235380174,0.5406158093937073
63d88f28c2a5df22,0.5200442539354304
8dad4fd4df5c221c,0.5258505544575627
3572ebf75eb17942,0.4826431165666686
25a1a550572c1f93,0.47936371691385593
6ae06440fe74b44d,0.5372436304595891
b4bf088ea90582b9,0.5011790298310934
6b9449d16e81079b,0.4942610368855477
4ff7c9e8a089b94d,0.5207843564037182
aa5c5648b80a1a3a,0.4981921036666769
5dc1f3d49bbbe4c7,0.5183921474973872
99546cb325e5dc06,0.5078194706213506
220c843637482425,0.5115112807750561
6608fca5b64d440e,0.5279083326212726
f29988dc0a3c0243,0.5000944222739856
51058b99b395787f,0.4745166767676262
ed1bbe11677f7bca,0.500589773144813
9f9b85620fbc0cf4,0.49009245048671024
8aaeef3315304e45,0.47458404094544937
5d92173cdb00c0c4,0.49599996391112583
acbcfbef3b1946c1,0.484452170171394
73cb612fe6d23320,0.5052951603605568
4216594871a36761,0.4846556842269299
1c2bf4927779574e,0.5188227655847868
1498d0dff1fb5394,0.498232476134851
53f47e8f08b91aad,0.49100567932158473
c4229a0ce07e83b9,0.5023591759295276
bf61a06ee47b2027,0.48351096468219024
8aef635fd1b3a740,0.47638134286780753
0f6a8a20e3587b09,0.4720518410090167
75d7914477c996b1,0.4975255380436869
7b1790935e6cb838,0.47711990890411793
d680549ede3f6dc9,0.4644171346971876
f3bf39cd2ab5bd9b,0.4902159752101318
0b0930b54070750a,0.49205692711058274
3d97f118d250279a,0.5362722491546054
e9de0ad29a82a54b,0.5129161257395305
9485f200c4e02805,0.4963071966270788
12d95850d018d3a3,0.5100072396101911
ddc866b96dfc3aa3,0.5232412699096424
45a33a8161cb4b46,0.4895838597946002
990eb9e1c61c80b9,0.5069559499664487
378b6aac03179007,0.4997407193636638
b6ce4df0bfb4d3c4,0.5021720113258882
a50653ff586cd76a,0.5242331709964189
65cd9ee07cfab83a,0.4989136666579507
d2bbc0c9f79df720,0.5115997958640642
82ce816296a1512d,0.487522448659894
e502c517a223aa14,0.4788040959183282
71d19ea693604e1d,0.45887186449316275
0d037e649d83d735,0.5193815876138258
6ba6991213384d83,0.5182338887242333
4cac0de9485495fc,0.5361003278069549
9a0be358e968c623,0.4687804661300603
f1ca34616439cd54,0.46284082972406404
e301cf1f2e4c3681,0.5096939134842811
d614ef3ad50cc2bd,0.5144539277666755
c0b33846eed21da4,0.47280186726751616
d4e499c8cbcbf2c7,0.5025093140083916
112d556866bfa77d,0.519338666326697
3f5b776bac1c2a71,0.5000219778013042
97fe9a981d0717bf,0.5209453305752855
ce3280649c6eb5c9,0.5160701352132382
7ae7079159ced82d,0.5069109292685547
f1eb50e28869a50f,0.4660004521344585
52c8dc366cde6d2f,0.47513120641216
ef14064579612c4d,0.5226861002210023
7897eec02201ca6e,0.48799925177716474
321d33ef853c8fb7,0.5100461712305244
96766da6bd7c3998,0.5101956927590251
fdccd120c1ead149,0.5150958869662139
288252f0e770ce50,0.522907288563263
d4d977f5a3d8f01e,0.5172105890602757
62ea4677a492334c,0.5428994519947101
d1f182b83a420b6b,0.506789710322765
0a8ea601fcc75d1c,0.5365408355384104
27930c385742439f,0.5299511427630305
13d12d929ca71339,0.5163488942194204
159b4f9fc1efcb55,0.4732301082762197
94ffb2f9a90b358c,0.49134955270199177
68615d70615e3b37,0.4785922232211409
d4a40bf8afd7e4b4,0.4570483647802003
e3dcfffec2d51e7e,0.4713460955712096
10366fd321e0ad43,0.48486649887931965
80e3f13b4e86e5f9,0.5271368392806708
6272a9e176561590,0.5150550979128521
14ead2f08e775ba6,0.5004101951550198
08ecd3e0061305ed,0.5136442498745496
b91abfe0273da79d,0.523540728029338
0c3efbd8c39177b8,0.5252824992656597
e9e21b290009d63a,0.490135675477965
c188505410fa547d,0.48855444177584073
768d9e0553a1399e,0.4879590881947071
a9370f34870acac0,0.5415530474014434
9f6dbe29c2020549,0.48674118645903586
6da7088fbbdbdec4,0.505732644062534
944a046635530efe,0.5272661727887631
55a97e1488c333a9,0.47075498332381427
bba6644aefeb263d,0.5188392818728205
750f5d2c63709654,0.5276074951003349
b7f5c550aeab6fa4,0.49446292286568827
bf2efa05075a9f6e,0.4771628153360993
2987973344ab04ce,0.48343466459658835
a97d19edf8f608bd,0.4951103794333148
6138ff6754f14dc4,0.4903231963693227
87522437573af7c1,0.49507725015595605
57cc4278d6b67c5a,0.4709532685297372
8f29d789ebf40f9f,0.48571280544236284
15e17422c43ac280,0.49802371084733554
57faf77cf5f72f53,0.4940466963950788
febc8ada0a8d768d,0.47705817735394285
86ab68be69241db5,0.5137468204202186
5fcfe942606240bd,0.4790077323426376
31bf257f6a4a70d1,0.5157249425859309
a09897cadb789dba,0.48381915683266863
328299ca9da15ccb,0.49127299723000445
c95184d7971b2960,0.5183308933569857
6ba9df085d34410d,0.5400886010284484
396ed8ae6d33d2bd,0.5099978600091193
b058bc3c8a9fe33f,0.5485792533823617
77b29cbb7ea1ac6b,0.5350461176884752
c8d191e05666d6f5,0.5381462239643928
c4d716a53ad99b70,0.5128791810835212
31d17f992245249a,0.45214622623797307
aa459cbd8c781f76,0.5052418548425416
7ba0185e8220f22c,0.48366917018720995
eb077a940d0bbcbe,0.5168611060737867
9298c80a21191034,0.5147193580657645
037747626ac5db4a,0.49937814697888827
8ee7aa8b54022319,0.538495081310507
a2b57b918f2661db,0.474307831037082
e703b056b17c6038,0.4927003623521821
5d760ec696eac629,0.4978564495214962
68589cc32366dc9a,0.48330922286437605
83d1d02b456e13c0,0.5110637037951338
f5ea6585ff5edb0b,0.5245769482730153
32290819a9b6b754,0.4947002728437223
f0cddec42ddbe07d,0.47133049105585745
41d5134ef4aa43c6,0.5018376284424917
9a422d8246e3f97d,0.5076376822947882
341cbe1cbd51048e,0.4878613199480904
3d2c0583f01cd72c,0.5413888353009262
870996e4835ca83f,0.4819922782998838
28b09161f3b17dab,0.5113293488395789
051b367d8fe91233,0.47352006111656914
9b8aba50b3ab95c1,0.5155706509924193
ff5577bdd79bcd6b,0.47129669886711734
92e4eb0a0d4c41e0,0.5222913433196639
575ace0896b22257,0.5437766667785046
a16f31da04bf60c4,0.48473398826985015
cbc13a2671d3578b,0.4702958182635688
876ba2c5e443fd41,0.5161222881960195
5d5689e87dee129a,0.5310399251735934
71a60a6dfa7e1760,0.5195395924392099
f2a38a0b81dc90e3,0.5020330801839018
ec97de286c2686f9,0.4719146264740176
b77b633a5106f906,0.4874339160788322
972df202456969d5,0.4576609440210698
5d7f4e9617d1e7a2,0.4567190530240399
196dc3655d9d1d79,0.4724810389188526
7b9da0adcf1bf365,0.47647272257640816
b9d78de840ab100c,0.4695615854285311
803868566ffdbdc1,0.48879568450343963
cc5f60c8c3c2b5e2,0.49109303503532586
88919e17cce1dcd0,0.48065106205602703
88bff82c05879a44,0.4834466338297584
aa64759c290cdf84,0.4936545918560762
b224a7d8b6f39ab3,0.5017029768442187
ef11b15a28910cae,0.49983215862359287
7e08eb8d4482e7e0,0.5114038781321956
609b606891c6ff2c,0.49120002039117205
07ecd08d07bac830,0.47943941424873526
aea578dbbc154142,0.5257145159004204
9c702ee77f731a28,0.49721573219647464
74a102877446027d,0.517292255378012
dd13d150ff97f653,0.5245877492714868
36157f72f10981f7,0.5042398994460792
808639f0db0c51a9,0.4846916594897489
d809389ba1350646,0.49204611519665453
353512ba78ee6085,0.48033135721297604
207ae6c9e8f4fabf,0.4939968509531879
333ed3894f0f2865,0.5114354796583322
c8e41f868f963ff6,0.5089467503442785
c0436a45e3cdfea0,0.47376497654376437
497bc4409ccbba90,0.535589281527073
b29f7d1224fd0321,0.49894285526242343
7795ac2497824361,0.5272484203568765
28bd2f25cefc0467,0.4846856220390868
7a5268c2c0ad3fb2,0.5208370724912271
9335e306e6ef6c17,0.49556318542810995
380dbd85787bd38f,0.5261378777401263
4df3a358e7ec87b0,0.47020936937946023
b423d03461c67e1f,0.5436890860885412
8d6c8b00790579fe,0.48392479756670315
75302981ca660bf5,0.5060633979461098
34fae39e3b6350ef,0.5086784465778682
47ee9553918d83bb,0.5092299198524308
525eb09cf01d4422,0.5048848719001219
f285090a9d6de2ea,0.528279446091295
9a015d0a0e9dca3f,0.4973442274455676
5b9ec24c9cacd921,0.5016462452199583
80f6887bba571ef8,0.48948414312758093
a0121be4cb97ee81,0.4760870395364094
98bbb1d875be50a8,0.5106335238118741
d13d14d73f638740,0.5161995070717882
b2c1f66103087339,0.48634897925181814
ed544070c1558a6e,0.5039931768931256
6dd8a5af5647059e,0.5101152040222371
ec707e8be77e5bf3,0.5031052663766128
435ba973814b0e29,0.48054070104070934
a003759cbad0ca72,0.4874563170495596
4c1f413aeaaeca8d,0.5092595317093727
febaa69039e2d424,0.5146766566112941
1a7702c55d1c3c6c,0.5190790697863563
747b48174e7e8cc5,0.47391608392087403
e73a38787bc7abf6,0.4969710746969408
591163e5c881643c,0.5224299841700413
95f08a028b009350,0.485379917174393
74cf8eff69e3ee73,0.47655416303213094
44639b509c809540,0.504319329138335
abcf4a1f567f5b1e,0.5258872417367759
987d6ffc23a79a57,0.5175135608735518
e7aea6a6f0d83afb,0.519352797529685
d9d2d9b2890a7999,0.4739463128002094
deeaee8dc56ee2e3,0.4948354570741777
ed44fe0714d05825,0.5078866193299558
68d0096d6964bebf,0.49484732291331246
8d52d8ee49e4e8ec,0.5194038325099244
b877123e88a6a266,0.5166960849670773
8aae92b438c0c262,0.4807661646131387
40864f11272e903b,0.4959543731573679
7583bd973a7787bf,0.5315899832347946
209764663e3680ab,0.5161394385207412
1802828e130f444f,0.5391382850041836
c7226e4c37f1c216,0.5172827351130247
cd0110875b4d057e,0.4965840168906559
b66e634d66bc8033,0.488063942245227
644bd7580a1fab58,0.5113026828347831
ceed54b1129eb356,0.5150687657919611
4a02d907bb4803fd,0.49138604750818893
d09af6dce02bcd02,0.4872093906279257
c81869bf2ef1408e,0.5027805960939685
455bd62f0c9a8b18,0.515713084609627
8c648fe7475ba2a1,0.5431595843968706
e7c1606cda3f50ca,0.49180903016783123
386a0c809777aa8b,0.5003926493010915
882d6e6250d5d648,0.5090114271262518
e73fd396a2d7e661,0.47903419099963485
e1293605384c5923,0.47509431399012736
d8e5a75d55957e5b,0.5393840972946099
75e6395a1cc7d878,0.4977795686969162
ecc995a8d29cc898,0.5167514160561121
ba27e43ae6b021c3,0.48768528005026435
075b11725eefed48,0.5159513251243143
16e06a6abad58f9f,0.5065122214121972
039a18d8a9005443,0.523103946045463
166eabcb1845baea,0.48991518025967146
150f221c402f471f,0.5171433572412294
2af5183224226208,0.5013951705241436
30a31bbf87301908,0.48302341426489404
95c87aa909d557a9,0.4550946253232232
d70eb57711fa415b,0.5385416436429461
9464555817eb4951,0.52630661761297
8d4e5d5935a1a663,0.4778331349707595
289e3f76cc551091,0.5073105698849735
8646ded190e78433,0.4751856542289609
f2e3c326fd923449,0.5002992732711448
83f8985c38ecf25c,0.48474677489279416
8b698836d194ab64,0.48675240622642296
74a48ddff930321f,0.48872445646695273
79a5efbbc2b4f8ec,0.48768774061281484
6e88ede348b8871c,0.5060723842346077
d98b06d0f7e1b8d0,0.493239096093087
dc56b06363e3abc1,0.5089350848347717
b5355653b987b958,0.48815978136817895
e5bc532f235bc0d5,0.49886799063132387
153cb69740320d37,0.4929213419516084
30ad5d4441533a6c,0.529718002260702
05ba774a4ce6ab73,0.5212210901569139
ba467da19b1f2810,0.4701497516848153
9ad04a6b621bfaf3,0.5162256733875169
f605e43b08e76847,0.5297612411996211
fe2d494aa36b099a,0.47205541911241056
1e5a8f5e21430d42,0.5186588840315955
9b28fcb2ee487967,0.5304866244333677
2f1c0ef6d36a75c4,0.492749368068156
37fc5525bb7de5e9,0.480191293620549
d6538f0dbb2a123b,0.5312143761087327
7dde59a4542325aa,0.4979102300056467
20c617dcbd71f357,0.4958482548121632
77f00b5e8f833d41,0.5229345506464562
869a14428379a740,0.4915569389938976
5fe5544f8e236559,0.5027057940373459
2d3681cba05bb562,0.5378750913313586
499be0abf97d1597,0.4834877367800656
5b423761773c3a6b,0.5616870043634405
57cfb14bc788cf66,0.5280434654307304
bf8ee8443882eb4a,0.5287943912594376
400e3c9ccfed951c,0.4829776765283794
95c34bd334691146,0.5171836957893717
441b99f616030e70,0.49366966994394784
d6449401e78d3385,0.5061319008303424
ee04b5380c7d4f07,0.5067349225895702
47350f4648bd6090,0.46649823087503456
3d184c420016986f,0.49767999055611245
2525af5583075cac,0.5077224663629415
37055ef29f0a3dd1,0.500071353591906
741ca2e53f728930,0.5420578226307798
c2060532831835cd,0.5263114819903777
bdf51afd82ed739b,0.4994002324452209
87516eb4863191a1,0.530667548291544
034a25e098498861,0.4726576372915917
2beaa963f217969a,0.5271437028302626
6b03ea3eb3783933,0.48786232745895486
99cd56ca4ca12f1f,0.49275710479582835
42288d86bd56d80a,0.4915266513240647
a5497f531ca73858,0.4812908906700362
6b8797ea062ce398,0.5025966107436554
1514a9ebdc630056,0.4914494535851683
6a47264adc77dad4,0.4811278864912947
4cbd1cfe1be11280,0.525199222951927
555f489d111c7db7,0.48803238625831535
d3d1d52e817c754c,0.46618477727258123
80c2b83979b319eb,0.4966022322299184
b601ede8f1d5ecc9,0.47480939965780744
ac4e394f11848f01,0.5308715496095566
a5d564228af285dc,0.4787422508741864
872eaff0cae2acee,0.47239698102482097
ca524fe71b6054b7,0.5040476023055743
092fdb93d96ab75e,0.4875390772838532
b1224feb365fa8bf,0.48896777127642477
b5883c6e74b0ff0b,0.48960433953739846
7aade43a31d09f8a,0.48722310301317917
585ac3a63ccab1a8,0.49302193691647445
e4933222bb492af7,0.4919881187063764
d4fff28089f09f7a,0.5103098140832603
1faffaa35ce84d77,0.5160982458482875
27afb6fd6aac442b,0.4826961378521033
847a053fb85c500b,0.47804426011579626
9ad6971bd0ebf223,0.49071690239122534
a14e1a04f336c6c8,0.48441944624039573
50698da7b2db2350,0.498833538201112
15655e2cf84c9cb7,0.5054566090326433
ef796da1e5967ff4,0.5206095180848338
9331c7e2dd294fef,0.512716016999115
b7796a59af546a3e,0.47720663325573226
d9279cd811aae7c0,0.4862397587394165
df81c08c47af6c59,0.5335232178040541
1b9dcbf8b65b1a52,0.5065325386174193
dd377f760a65ba2e,0.5182601451075621
995b4a4b97e53e5d,0.5088421887086227
13b533f79e5a5caf,0.5328027574897112
d4c903b8efe43c13,0.5466611704635729
4fb9e1bf5a2f571f,0.5397825736377615
ed595c03e7747694,0.46287214672118127
73e9645c3d48fbb5,0.47001656407508297
a4b5405b00736981,0.5219441021490797
2a653776755ba7b8,0.4726675279456162
158fa97bf999e010,0.5028666024324449
a95d0a261a3bb142,0.5034121799760127
ea46e88a59d4fe5f,0.484367091956554
6496d7761a0c6190,0.5075460399411607
6f4ba984b6dc3289,0.5046149028618357
5afad3e6c2fda712,0.49265720695509285
02effb9a084a466f,0.48195436840249456
f43a5e53fd455d87,0.5102399136883706
49bcb75b2ef9551f,0.49211165728432904
b21c8167caedde33,0.4815828500302315
15d2bbcb8c316442,0.4947199055408037
523bc8b194fc69ce,0.4942453531956258
d7b8e5c99743aab4,0.5031122030285741
3ad43bd42075bb8b,0.5168603940379042
812b9840da2dccbb,0.5253293556133124
e70b5a521c308e83,0.5096592590845764
3c45ba8ca9f6f412,0.46181780211636075
7f616f8d83b3eb18,0.5008247578627327
26c592e1845bb489,0.5016200259777295
68d37c0a802b47e7,0.5044620753113638
d8934f60893849d4,0.5020343043831346
2a3dc482e2f9765b,0.5039207312958466
016da23592d81da0,0.48394600544191235
4fdfd4d0c0f506a0,0.5064338984988848
729fc49d981fa3bd,0.49094882368212445
15deccf643c21df1,0.4921981537962012
7daf2f242a027468,0.47531391455770955
d51a0a86350f7add,0.4805033689900352
52fa3a33f632aec0,0.4999739305023948
bb4d95ad5da1ac87,0.49033016532559115
cd23dbd0e165834e,0.4594171772964569
ba39191a07cf9e7f,0.5085954566891107
9ba5cac296310d3a,0.5214313454199542
d322c51efb437d17,0.4903809568619599
3af739b2f776287d,0.5304907456148674
85804c2e9c6d680a,0.48062312635326787
cb0cd20b25649838,0.49408486463800366
12c942ad8a277403,0.5188422237960973
289e502cd91b1547,0.5063155044219059
31c382a7004fe972,0.49958870387391974
d169a1c279a46015,0.5121626817987157
f9b4abfb6291393e,0.5069140506150202
6717d92d92048fbb,0.48830553875031246
469f41c8da1eeb41,0.5155094109986301
769314bb014d1235,0.5273045541160751
ff2e280d521989fe,0.49895240810994157
1d52653d4f3c35fc,0.4879876253472655
4c0ebdf6c9dd9fb9,0.5021652529975885
8e182e2e4650cebd,0.5242633739229972
f55714d17852a183,0.4975776446433174
f2e291daed34f717,0.5042627751305723
2fedf01adbad6180,0.4607612194461712
7079029a20553569,0.4817229801372668
7214daf28cec2f25,0.4669454806243785
3037ee52ce757f35,0.48585818032636285
301594a1fbd58308,0.4969658320861743
971dbbb99046d9fb,0.5283620239758117
c7647059905f4dd4,0.4740615367021708
796f7cb75fc0eb55,0.5180483005130245
bcf00da3386bb946,0.5244043037443757
9fde66ee9b59f95d,0.48010085006431164
752d3e65ebd63369,0.47257270375483484
1a6bbae0cb804476,0.5013560967291039
03cac4272e7b8e63,0.5194428822629507
055fecf2717f29a3,0.5103323029711567
a2aa85d0e1bc4e6b,0.48657631545322555
ef9db57cac44e529,0.5019929025329324
8c91442db55d9d64,0.5128478647794169
7cfa3fef2d1a1dfe,0.4682938215274334
56ede8d9842e0590,0.467703744893846
fc74e63ad196960c,0.5284257628243396
342867ccf7337815,0.48385210500329634
866f7ea3c4be20e6,0.5237565611517755
f45494a74c712731,0.5057088088096922
414228464c8b74af,0.5116817396660122
e4a3f7a35452e28c,0.47707858736341474
c1eccbf012d9a361,0.48084842861569366
a715e394b41f3a16,0.48368226823819466
26a24b8218ee00b6,0.5241782332763664
db4b58e70acde06b,0.49927552268277164
deaf015c1e137149,0.48447009483500875
9d4fbfbf523a0472,0.5272974504322603
ff7e2911a22e8008,0.502836627057641
30449ce55b14d344,0.479287288382775
b930073e02948360,0.5005184433041125
9326674b4c828c15,0.5151387241540863
a9b474db35164846,0.5173039844236843
9183d88dcf308c8d,0.4615729783494274
47c8c6f64cdc0a43,0.4905875496461338
2ee4722095033329,0.5160757173012243
cb8a02ecca44027a,0.4762750681867414
1925e9dc63237314,0.5061211797040566
dd36f08b99fcfa16,0.514647409226068
9bbd43f6f760c243,0.5299018493689484
a766359aef66a25f,0.49745698176312725
4d10a4698fff400a,0.5085798506678642
44a6285639d7fcc7,0.5103517311786225
a64ce0de598f4714,0.5125206404800001
8c887a6a554fcff6,0.4646557361844945
ef3f3402f7530e37,0.459710621423146
e9cf43bab751f410,0.45646506183465263
1245634a78a3136a,0.4722007185896615
7c5ed75e73c20133,0.48061975479037355
ff7628423503cb61,0.48033683828935814
55df3baf4cb22442,0.4734619727186048
20497b1ff5df51bd,0.5204416424277616
fe1c1e2e166d6943,0.47823337277665867
0a6a2ebc3b004ba8,0.494124844750102
ba16bc573e1d9a6e,0.5056547570084754
41ae92fc5f37cdc1,0.4930671723071354
ae05071f58d92774,0.4814911143241329
a8d4083bb2383da5,0.5263623311325163
92cf17c3d59c9b61,0.4975339923748002
f591caedceef4268,0.4839958328165481
e3d006785a8a409d,0.5058914695816106
dcbc913499301796,0.4704950653190102
b630e1af9fc1f3b9,0.5219108535558182
7d6a1e459131bf25,0.5222857537624342
5f891649affd8c18,0.48517105621352535
7dc102adb7ad6667,0.5129356471401327
1b8c16064d0dc4d7,0.48349497579326556
8e5286a9c7d73ad0,0.4904651246442634
147e554cda420ba2,0.4851570801160352
18517e2df9cc10ea,0.5016834322685915
54ca2e9aaea55320,0.535060283932665
a923278148853286,0.5028742110416808
cfb35f11977c3be6,0.5069482947350598
aef8a4667274a47a,0.4900604203656902
2c51172cc4d5eba0,0.49738100977161565
494446d84318c9ee,0.5035309179516763
aa652d97612fe50e,0.45979525568115925
baecb9e5cd4b2907,0.508967598601948
c29488c64d211da8,0.48626062135224346
28746b4c4b26d721,0.4847457773329561
8a45d03fa3989bff,0.4928771149218584
462b3e544fe612a2,0.5148409713806142
359614f152fbbc2d,0.4974418746682077
5e953db789137f0e,0.5051227104061047
2a99aaa9555b3dab,0.5128523736802246
aa37a77bc447fc0a,0.5172354792526016
8c0d7f3ade155e48,0.4814259610628341
45b05dd1071039ab,0.547090312737484
7e037c271c23576a,0.46524923111070693
9adb38d0576dec06,0.5020144781091522
532c84dea557da7a,0.5044705879695623
6c302b9662d3b5c1,0.5004429186441506
666231af023e8fd6,0.4676083438558395
9c06ef2fdb037a79,0.5205012301529358
65230a28464587f9,0.491784770272528
b3ea4baf43182919,0.5137115845977773
c1f297271ef8cab3,0.47258813919763454
7c58e1fb77913d4c,0.5297997859676837
00ece1c11b40f8ce,0.4930564364229971
a820b5633583bac7,0.5231370417595548
b4e9165d8e2aebad,0.4643101505089309
85f20d358a8d6ce8,0.49313984952955603
148fdf734e431091,0.47304491644068947
67708062cc529759,0.49592798639161983
d764e50c36756862,0.5306721083561318
dc093657cc4bfbc2,0.5039036440502926
08c0597e111a2388,0.5001404957385062
58fc68c0720d8cbe,0.5009649399634205
387b7309eb20b505,0.5229320123815908
cca31a05a820ea88,0.5153750538697772
be7e5b7b5839a348,0.48219058047887187
ef7aa159ba83917c,0.5075677335328983
3dbaccedf2355696,0.4716669383871134
3774263bf5c9a393,0.48948610617441146
e830f76f4667709e,0.5159812970756251
c96965b10fe9e8ba,0.4565604513196675
aea0b2d75bb410f5,0.5195613219084853
892d778bace3f693,0.5145512200595169
f46440975132762e,0.5107008751825934
6084fc419fc10f1d,0.5311934254962292
c6fb1852daad742d,0.4758677791953704
2bd09ffffa247f82,0.4920126392738743
5ded576ceda86075,0.5172449253897775
c066afacb3fe3a52,0.506609721330914
21e99c194e94917b,0.4782105595346309
7f4eef61767e4c67,0.4624547943535182
dd19efa057bdb4b9,0.46023002385227085
2b309ca794e9b11f,0.5421653349755974
8428fd508cf86cb1,0.5057724450352494
bd059d7efcd14494,0.5183248784920942
7fcd9aa10e5ab5aa,0.49579084931146244
9398c438c5fe8b90,0.49112481690442494
7401e49aee3edc69,0.5171160691903934
0520f17da71602b5,0.49513550224258496
efeb31befebbeedb,0.4958246951022347
df3fd48fd3b3331d,0.5096758136207292
14e14e2218536077,0.5138763024564282
1f92d25274d4f038,0.5014551839701041
7170ea34f6161e69,0.4995227916766557
04b0152464b775d6,0.4953502138517303
7653ee403f88ff26,0.4802115149937695
ee84092d5d680f67,0.5040244533345613
c41b6329fa5e7012,0.4662711876787251
1514f652f00c3b36,0.47540916881264195
0c6d11c69bcc6f46,0.5005640069349288
382f75d2edb9f457,0.528866167966268
ab482dbf08ad90d2,0.4666412270000767
5ecd94cb7901e72e,0.4875451991621854
176da975d008461e,0.5256741339274452
882d984b9b9d8fb6,0.49201248839236256
efecedca199bc74e,0.4993453955876229
5f185fd802f0c00c,0.4903469031638079
b7be75c69ddcfdc9,0.44258298214961433
4da0a9696b2e9612,0.5003584323545753
755bd669f9bccb8e,0.5021701015182533
dc744a1038657389,0.4867810818129451
f5565f23a877bd69,0.5070731859356404
45485cf629983a40,0.5255962419842
9d8248668d721756,0.5187935216565464
7e637102a104b616,0.45223925134107534
b9095cbbb40751d4,0.5312776668427477
b6f5bc351054c7df,0.4892501094475795
d08fe94fcb0dabad,0.489023822886724
edb4aa5de0832a92,0.4882644085186101
b142c9c1185e5f66,0.4775482494533457
1473309b954d71f3,0.5275739437461268
b604a5e504b627c0,0.5202054410534482
d5d6a72d9d2c827c,0.4632309932908035
aac5a801e8926a83,0.4802225219659123
45b600cd20830ac1,0.5460912937646554
8b6f8e193f28c495,0.4867127382423802
9cbdc55a60ad3994,0.47619798542116654
59cc8f62d55aab98,0.47796828656717205
42f81ab5abcba09f,0.5086869870926632
758524a5d6a74122,0.517509946252931
0acada29c4de07eb,0.5143148196336809
6bf56d0ceb2c1ab7,0.48661302218464264
03b29070bb68828a,0.4946640570624945
2f553bd8ba413efa,0.464603319364418
c3ea0fbb29a15317,0.49421561352089777
797edeb1c8a9c95a,0.48911137489075723
beb71749be71fd3b,0.5143637180832081
c660714dc6059849,0.5050938519307901
549961b37bef9764,0.44786166751534195
dfac78eae9821675,0.4647543116563681
588c204b822eb2c2,0.5149710108684986
e96e43deab9b69f6,0.5081519821337004
9c9a726ae65647b0,0.4768485502217269
58f635ddafc61c78,0.5341219584742569
d40624f11c720afd,0.5343778501851593
73575ac328053efd,0.49141283101891564
809a4127b076294c,0.530291675603954
d476e643d990be24,0.46935110055250073
4d04534027759be4,0.5011980130045828
72c2c7664c8294e1,0.5337254220345918
d3bea4fa475618cf,0.5234715126312186
7af7100957117fae,0.49251800851882555
bfeae03c16252052,0.4761688689798013
dab19b0b61104952,0.5229775095328584
8b72f86a4e6a970d,0.5013316936261115
c775b6de816c5092,0.5191492722695983
0de6dca19e114646,0.5174436231096752
0ee2b0fc31b7cbb6,0.47876211901011123
3363b132efc51b9f,0.528911104856252
ee924a0428a40a76,0.4680195772209811
ac3726dc72e71ad0,0.4834744624357372
374584473bf4cec4,0.47953824852720656
e6b8e496d903523d,0.5192130785674427
8fe009970d6cbeca,0.4950778661017873
b03e574c8770e9d1,0.4742207522957127
27905f95e6931f22,0.5038746335173566
8099a0f72ee1a1b1,0.49598466476189684
5fbbd8a6f4ba3669,0.4819034320706227
24033a02989369f5,0.5110183839411555
223faad452bc6598,0.5132695645766886
c5c13adedfefc67d,0.5080616379004815
ec24ebbbc53f73ce,0.4699372382994743
3a3e4d31cbad45e5,0.5008506194146666
79763f9ebecaea1d,0.5104105282888665
46806e41926c192e,0.5050888149277736
a5cfdf6746ec5cbf,0.5116135098745418
0ddbe3ef0aed551c,0.4746240361607558
b641fe7061b46442,0.4804262585842438
be98835c447eea49,0.535015266018281
98aa4160c7876f0e,0.5462736157962407
0753638b45dfacf0,0.5005419199569237
e938301ba66e78e1,0.5072247012986612
64b695db5b68b91c,0.5062191049151579
2797a5b06b8c68ee,0.5065473427227708
aee53ec38b7eb6f0,0.4904785239390873
d59b57f46a383c1f,0.5102174125016354
8c3a505dd927009e,0.5033107439396005
436e01defb530baa,0.4882167302575269
2f54c0acfcbfd646,0.4939888085370506
20f15dad96dc92a0,0.48062936212914276
8a16a230e343a296,0.5184709004053683
fc511072e8631203,0.5037493376362523
5d976c71ca9049f3,0.4892814529287817
b207e579713d5841,0.5389271506779609
ac03eddc2e2fd2ca,0.48989696348845313
6b1e6ff0118fe59b,0.5092201214672641
2cc92c1f6bdd93d0,0.5243805743848328
f651266acfce6c0d,0.49907908893379704
c3b49d19c43acd64,0.4789957866966376
05a27ebb8a82cea7,0.5453436116085384
f32c511446a68874,0.46941381400584536
108d6b400d52aa73,0.5107711282772812
7e3cd0895bbfcd9e,0.4889679419853654
2245ed07ee31662f,0.5131599848582067
c81aede118be0e5a,0.497939531325187
d664a113973613cf,0.5055026557304972
2899dbe3769e8b1c,0.4963493131173607
164d8c33239c5511,0.5184089565779583
e753bb93c30cfba0,0.5146649795300419
4493eab669361ba7,0.48810128284547727
4e55ed26dc79c3e0,0.49839880707091655
1d2f7db4504f10b9,0.4870898925645232
9749ddc8b2a3a385,0.4839754172394685
9aab93db4ffdba7e,0.5481567051873294
88558205521546f1,0.49525001299190063
02a8e05f667b2fa4,0.476939096622946
f95b0bb67413dff1,0.5057390517388833
b821f8fa7a26d286,0.4734344240561449
bed1456aa64d60fb,0.5198724790339694
685b1294dc5f8cbe,0.5339763441385681
79a0510c936f5eb5,0.5119238530070584
07f28f119366b484,0.48471656617316966
949af0edccb8d159,0.517288088266393
9965f63ba2d41ed4,0.47910487943992514
f635cdb577ae5471,0.5098753253567061
6419d144df4c87de,0.5175393547211554
bc7f2dd2340df372,0.48659624868355433
cd35e912794bda2e,0.46573023303031325
abf3b6dbce73db98,0.4881763173290564
4eeba8a4c17e4351,0.5084792637522417
f612b9af4ce98bda,0.5315835325924219
d8120911733689b5,0.4946373392753335
723bd2532e39f731,0.4781588828639569
3889ee7a1f5fd62a,0.5407092717091356
66ffb196fbbb4006,0.4809209586220846
53a1c51ae93d0e81,0.49862272958982906
0a4f5ec5f9339110,0.4870512337220043
34416b6b8b600a61,0.4905257672382151
1e0b561b5df0447d,0.525393276040063
43e848bf56ec0bb2,0.480718534548361
1ace2be427eaf92b,0.49156348879574285
e24ea459233ec078,0.525527475242743
e019c487befa7761,0.4764515194015242
7734ddeb14b3d277,0.48860005758931746
1961aba76570acf7,0.49058161778082465
276265c86a0e2a26,0.4953545370142788
4fc5594c301766d5,0.51420755742112
bfd20f3d76573073,0.5060939819257917
8526753e065f5b50,0.5170295830308226
5c03ad68783d0d61,0.48545567057746747
9c83e80d019e0f5c,0.5047168210197069
4e6019e87ab5ac6c,0.5123162484350529
dbf6023ccc73b0e7,0.4898970919233552
fb35b29ad551c9c9,0.4726237579808873
3ab9a4e335cdfda6,0.5031184197251686
86fa9d51e632ae1d,0.5067338501710571
ab30ffa9ef0220dd,0.5276271551551981
ebfe496544b5a6af,0.5123622176256717
4cb026b93d1e4edd,0.4998089840194716
426a41478cfcfc22,0.4834034524783942
3e16e5f885a5764e,0.49344608775925425
dab52f137b1ba008,0.5109497061577827
a7e545c29eee2bf1,0.46215461955725506
6a50159c50f7f9d0,0.47349214632778996
ded3c69308607da3,0.5039513063344219
921388faeaacbc80,0.5203339765607066
8c90e1ab4a546bcd,0.49869996225676727
31b1827fce88917c,0.48450011006778043
d97cfaa40be224a1,0.46781407219410265
b4dae0ea6d15a25f,0.4984888499355805
ffb033e54895ee3d,0.5244394447509539
2b625e5d9c22b0cc,0.5042330798102439
87605745817d0ffd,0.4771727719286004
9717417666a66daa,0.505422159433732
3267d4ecd26e96f1,0.4857012849150658
3399800c4f113d8d,0.5363916756017995
f457366f48f27702,0.4768440920419013
5a6c4f9b661a0ab2,0.5075174161332822
76628bf9d8b6b0e6,0.5407366303441278
997a5333179da7c1,0.4747864021428708
044dbb2023ecc53f,0.527307658727792
737497734f709843,0.5300849081642446
fc7d05c3ca74b0fe,0.4966090045709577
f5b74bbaa8085255,0.48658107128950856
c1d1e5c41f539d03,0.5306279196291468
86f9c72ffb536f2d,0.5249776907310086
95b9d46eff640109,0.49079701130023
3aff516939a3de92,0.4936584048098912
23c1d6b14d960725,0.4686059538440016
0b0950c974175a86,0.509389162874461
e94d8ce0ed816caf,0.48665126093597333
037bc4751346a482,0.5087113715593689
d43c5617c5e69df5,0.5142596611778448
82c6f27cdcf850e2,0.5400643362907209
7652727437cf5e6b,0.48076184711657033
86f089e7c7ae0d75,0.5271926889404269
b9d7751ccd00d9c9,0.5142889248434661
0a079836e9e1ac2f,0.481362682023077
90461cd0e33baa56,0.5163080104603687
825b16c4984f4382,0.5028397450266413
9054cbcd60dd433c,0.4851320308169219
770e4ea8a1273a1c,0.5111341227679428
518ad8ed2ff052f7,0.49406619087374387
f12c4df4f05fb6c3,0.4979606320037746
95a9d1c987aae5f2,0.5012894872256544
1d60b64e1441c91d,0.4864626744472348
84ed70c1cda568a6,0.48066016123214794
3d6e8f3a5d06c7a4,0.5029362864261505
eb1779538632b044,0.488778108874141
bcf84068bc4b5615,0.47913517240080694
3dceaab87e5bd6cb,0.5123058694251453
c86b418e43874d34,0.5076363922070729
95397751cf365c4c,0.48795226812581804
e80b64dbd916f780,0.5072982362269968
d2a231ba481924eb,0.5126232566089635
e86aab1a495bc94e,0.49278707791218235
4c088c5147f6cc2a,0.4956298123357197
746c9771aa5c751d,0.48612887800287674
90005adf46be6af1,0.4724986639009312
78338f5a63e742f5,0.5087134461936336
9c3f2d29681d0d34,0.5115583545679904
f93fd851b68279a6,0.5049303325068885
afed2c838b247303,0.5273785733387764
995d752a3bf1fbb2,0.495577684021861
33609320e5c7578f,0.4696146055820231
1ecda15121ffa27d,0.4879365166142928
47b2accb2f516cd3,0.5347477184760607
5571f2482997d163,0.5109319914071381
32897e94a9feeb0f,0.5078274079206397
3d5fedc7f245d35f,0.5032422891497754
1b4707947519036f,0.5202308682646558
3cee4d33cd4686de,0.5099981008330747
155f6d74191258a2,0.5118553349142922
3ae6a0b3d379dce4,0.5072332618512423
dab9de12664f7b0b,0.5009995226183817
cc73e04980d2167e,0.5071083641138736
be7f0f5d2c65bf06,0.49753161410050606
dea114b428048ebf,0.47962634667421333
deece306851a2a78,0.49050659220309684
d1ce358b8f732eb4,0.4884645360830473
e025d916d395fc1e,0.49612567717071265
f50d9be3d733fdc9,0.47166903810004646
a6c0d8fd193f76fe,0.4918832558313374
569e045332c790a0,0.5141490784902237
977114ec6d208ff4,0.47334982044891255
17faede0e698eb93,0.4766410206315942
0610c3287750d822,0.5096059340711696
58e6e26dd56a60a1,0.489871572326849
bc263b5b32d9ae07,0.4971727382433596
8894323cc5f185da,0.475028357125866
e8229221a1595393,0.4833380420603517
63c589b1e27997d2,0.514914628347694
fe21e0f0344dfca8,0.5039479424213569
7e0194535136acfe,0.49689144931177587
cc859709caaa52f9,0.4769215644452155
56e7153dc35c0573,0.4755620664606968
c76e1ab42940cee5,0.46869013748275423
2ed46ca4b8d10516,0.4863393654629794
ae2f86a0a6c3b696,0.5158741675136282
a05d11d463a21a32,0.49630469834494606
89e7dc0647f4db8e,0.4947067664910459
80934ce845013628,0.48996803586549204
f66422247e89d830,0.5106708731984012
b0a301739cfa2228,0.50016998027158
42b93c5a8b628ba5,0.47720416673903815
f74f1673a45ce9b3,0.5030925288088832
2b76aa4b82e23768,0.4761613709496467
0d6190a27ee0d6ad,0.5002709151355059
7492fbffda1eb950,0.4944704387514679
35355c2d5692cdbb,0.5142332162162889
de976dafed9c0fc3,0.5201304195853222
e2601be919261723,0.47273565239132337
f56a91dde5defb60,0.4612682076025676
1a9c207021895aad,0.5262086535407466
86ec8e715d2efa2f,0.5063007432268543
7762b73652848f92,0.5133540783271676
ccd34b74bb18d71e,0.5323580640833093
eb6c259855aee52d,0.4952597574751194
7bfe956eabaf5f10,0.49116523873007967
38c6063d22fa4f9e,0.5235349147262988
46b7352aa3c8a1ba,0.49670308987134526
049fa3f6cc3a62a7,0.5141336000290073
5f77b44deef47d28,0.47275531752007205
27462f3d6cf43575,0.5021781571335144
ca854373b937b419,0.521570823502371
1f6eb5f2da254111,0.5081198221333854
9262bb44aa7937b7,0.48894039257338606
d81678051b65ebc4,0.5017496941587126
0edc1ad07f4aa86e,0.5289627667984531
a8e836b90034f123,0.46636733153623944
c729d0e49b2411cc,0.5262029053101258
db925a43365c86f3,0.49572126416796125
1cda28c15e8e4170,0.5067789388738335
ef5a97a20c5118bb,0.5208928466613352
4b990b98ec734989,0.5133095650940123
a96f328dda3bc98f,0.5018537343187015
b467b21cee5c9a57,0.4928591138545507
8c1694e84b06dad7,0.4974889103910134
7b038881fb7ec965,0.5092044723012693
60e46ceca8ca6531,0.5167225868545622
be2e51dc6bf61727,0.48720600336478304
f1063bee63d2cbd4,0.4870357679675117
1a3d53e660017625,0.49279415244748703
6db1dc15ad1e28e3,0.515972694475913
34f0bfc533c2a23c,0.5003991904802546
76e738496305310c,0.496936863841281
a76e95f0a09b03d4,0.47217046618167013
6a0d13d3e413c0e5,0.4907198890821732
e002702b095c4d9b,0.495492639188429
435eb85f778a69f5,0.46667046844780746
5584a339491f1a03,0.5253396903360013
9a06cac14b623965,0.5098485334634746
b199a982f9480beb,0.5072368309124639
e32add368c6de44a,0.4664419292027936
34824decbc66688c,0.5052769467712831
070711d7fd9b7ea3,0.5121345735890405
a1656b509ebf749c,0.5352993708682654
ee96df140d42129a,0.5265470396276327
09fb51e0fded24ab,0.4901206069961066
77e04872ab10bf20,0.5016487589507529
6b34ce0940c8c237,0.5257656106764254
8b94f16483f351e9,0.5015463554571604
a7d4f13860590306,0.4653832421376589
66537bdf81c41f46,0.5108225190118054
3014fd36c07b8950,0.4941788645540762
789380ce86c031af,0.5300780857683047
dbaee9defc780591,0.49343106405735737
bad0375f198257db,0.483641146727155
a7b766569c6f66fe,0.48559578599872805
efd3fc92b86b90cb,0.48608255231109776
3ca6e7825d948c12,0.5193602495687092
5c73fed8f1d584c0,0.49260217585632365
cb7f45c4ee30e84d,0.5338739282269052
aac70ac68209f1cb,0.5111001630212606
fb253a15132c7c36,0.49760302372158116
4f1ad3d1864799f9,0.5315919829768916
06cc890b7c3abdd8,0.4908874979106781
48f5b50b05af6685,0.4637956571992755
8abc163b25fe8f16,0.48611199474900524
5220ee550d303425,0.5134992336363141
8f7e85307eb35706,0.5111375387501165
dec525eaa4588cc8,0.5098593783523948
8a7aa7c3acead22b,0.5378948529940826
0618f0627df67711,0.4977825346199979
5d9929a965640bc0,0.49633396817643904
b45f8124eea44b5f,0.46984387193532823
32e371f83b148fb6,0.5145996668876983
83b9c322c9febec6,0.5096298176736287
8bb4d82df107f45e,0.49336528165932964
cc28d0d6ace393b0,0.4801510049266452
29c17f03906ad1f0,0.4867640804158529
b10cf30c243ed8c4,0.5219037352508146
85c180d755530692,0.4949651550988384
e9478d4c11f48523,0.46578100619064844
329d63bfe65d67f5,0.49702363125219845
4e7c7fbcb6fde9af,0.4738979193062173
1f2d4ca7586d9ef4,0.4690005318381527
04ff2418e503eb55,0.5052206996373494
5807d02f74d22963,0.5064819222416681
23aa15ff2408a5ed,0.4885942816129589
5c3fe62807fba6c3,0.5050910616615585
c97a3c1357c537a3,0.5012706694448883
bde91246f16123d6,0.46364441989346405
dfcf3493677dd9ae,0.48157320538564097
4a0cb390212d6320,0.5086848843978596
dd48f98a0e7c2640,0.47989029736290756
21669e26853a5beb,0.5083940487448204
c4c279dadffc28bf,0.5034591398969641
27f99b00db0702b4,0.4846509292530325
823a471435809e0c,0.5333523387614864
36d9872df73f0208,0.5054364517946359
69b691bd3b11f565,0.5162509935105131
051aab7c376493bc,0.4884262484563531
897a042cdd939f4a,0.5263444588188781
16e574aceb37758f,0.5296339722129839
7acdad670c7e177e,0.5132152729531609
af7211a4b66028fa,0.5248701371937091
3b768875237c8195,0.5035085197478595
a9e4e55b286f1971,0.4927455253655591
1e42f2e9ad67815d,0.49606467350625905
0d527f8f008f8efe,0.4770574090222724
4c2ccade1925c5d7,0.4942507855342874
b3a98dacc0702405,0.48644924513333776
9b8e0f7bf05d953d,0.49532792214535243
7968527b42656286,0.4830938243683315
caf14438584b43fa,0.4914295356149342
31e140000e0bf36b,0.48164331087139733
336acc52a893cf2f,0.49074666135799005
bce6e39fc4407c93,0.4491987695551789
d5e58bdbf23f01f5,0.48076085207724684
1ff7a8ec347ef2c7,0.4655371906640723
ce432d29b214887d,0.4865150026656003
44e820df9233e162,0.5031229078704498
fd036d6641276c78,0.4984233102119749
45c36909115a7b3d,0.5303455167711302
0c18ad3d4c7f25b8,0.5020799634564295
4502d8fecdca43ef,0.5102426043903914
9bf5cf3ace55851d,0.5127586530263117
0e04a1cc15af0b5c,0.4813668775814771
86bc772734133e12,0.5085706603348007
76fda8694024d3e9,0.5149130988458956
d244839566b6672e,0.5019502317602873
e165495e76c8691b,0.5012945030862166
18e8d9f4f0ed1ffc,0.4800935663921937
c198ddc9a1a0f0a3,0.477496658732101
4f15b2cd5370863e,0.4939978637637682
5b71a33a75b4b41a,0.5218248479351317
85211a41d91dfa68,0.5003948723248511
31c3ad8e554acb99,0.5044645728344774
f05e3b467a207ea7,0.4601071698747591
20eea1cacbacd917,0.5206122983585291
338ac2331272bb7c,0.4992920305131381
e6740f272d44da83,0.5322983299648778
9368ba44560c50d9,0.4831550705369041
18e4039723086124,0.5162479021763634
c935d65cb1c5cfc1,0.4810312288511309
dd819f141dcc8319,0.4842873304829359
90488975d041fada,0.512425940942149
a5aa463adede1f1b,0.5155394854364439
872ac9ef6cc6a618,0.48601057490734695
ae4040a11f651b1b,0.500726458976499
468c82067304eb0a,0.5453443046521529
cb460a2bc70974da,0.5064852176256227
366ae30bce6f5b98,0.5008710695742854
7638518d282a3163,0.5112049952821448
633878cd7103f469,0.4892561793433254
73b8cda0da8e3c6c,0.5056824136870975
b24a01610939d7fc,0.4787870723052061
99024e3163df7833,0.5227845396869792
f67fd1bdae4a88b9,0.4948733299198782
bed6a87757540498,0.4987990686328689
97afe9a3ddc497f7,0.4938469606658682
dd9f348a3e019188,0.4886410578162251
34946df4f3dcb0b6,0.5082693979816099
9444819c9eb0c9d9,0.5161330203847085
fb4483e1ad010ba7,0.46341696233570007
00c68b30c299654d,0.4888691106018014
72515cd3d8b3aa9a,0.5203069009719516
908510f96be347b0,0.5080475219967608
99a21c81b1b48573,0.5033229829230782
22f68a423b09a5d9,0.4735049777353473
e7f04cb37080c9fa,0.46152115530248716
dc02fa202a12aa6d,0.49365982901587147
10d0b7f586529eff,0.47985543841105777
ffd7b011eb85f998,0.5084639438481715
e621dd32e1b264df,0.4998275556088466
4af1a1f24964fe8a,0.5186304578720264
811ce0830dbadcca,0.48199998302644503
19f0e848aacfeb93,0.5009567217040825
8d3f02ada61029a5,0.49827738506683045
1e2a07a17f935db5,0.5225046248062422
32328db851b10b18,0.47659476643228693
9ee145457cc792ea,0.5363718250278027
ad8df560233793e0,0.4680555660187316
d22762aa0ca69d56,0.49921655078346255
f8355291593dca46,0.5195576300730039
0c612654e51e01fc,0.486989907232817
ae7e23426e25bea2,0.48663874346179214
e009b5beb1619a81,0.5154991390430496
520faa13a8c7065c,0.5309740348350067
b5f1a39aded71e0d,0.4827848369266887
de6cb6bc5b8d1640,0.4828453764623637
d51fb6ba7bb6913b,0.5130982718506467
a1375923af03ec27,0.5126976261904566
8c4b7d8e2bf037d3,0.5011159022806606
681405cfbc0dd97d,0.5188888924814282
992164c7365bc333,0.5229374143026956
4814a10f30ed6822,0.5127751279149831
f125562b955f34ac,0.5010308318396314
8665c174c23e0232,0.5138949266781658
c03010cc5ef028ec,0.5520069022046168
d2cbd396091301dd,0.49115792509304484
c5b700f429ada2a9,0.493773498921822
07d97ad7c5757563,0.48719527388635103
abe88bd25b74cec2,0.5407630626670713
b5242ec51fa10803,0.4742496887953903
504c204a4b07adc1,0.4745534421614954
eb3e885ca8381431,0.5069909458468087
88019e77a7570235,0.5018189724620731
4f5b5ab494b7fa3c,0.49160697354994626
ff857c8685376696,0.5106907952773561
c97ffff5899cdd5b,0.5102992077034372
06d8545946fb794f,0.5206870511477193
86a18a847664c8db,0.5330054785633589
236b7caf60e83702,0.4948127999564792
b7362d1c5e6ea485,0.4918652620568987
75a194abbc3951a6,0.5171849226767783
0739352b03f43601,0.5048750880988812
d5fb0ad6dfbebd36,0.46511951821958764
ab3267950cbf32e4,0.49747840203764326
061b96409f1ecea5,0.4826795622001334
77507cbfe35570ee,0.4914366362744741
a36af5b550eaa873,0.5134420243799265
9ea7c406af2ba7ab,0.5153403960706215
f67f1e53508bf00a,0.5373659964524274
c1e4dc287c41d581,0.47222357404716464
a53a53e86b02f37d,0.49186867373909127
608291782c527827,0.4930536469617992
d0ad07399c84455b,0.5120158955792007
fc8986567718f61a,0.5417838353846087
5dc1fc6a5d643435,0.5295657713406681
5c05741c61417dc3,0.4997885879671631
d702bbe78e1fa189,0.47196128534978415
e781540ac8518204,0.479622162144283
7dfe0b8686f2f32d,0.4902301541475308
150a93d31aae72a3,0.4977322117752865
6eef12e9a09066d4,0.515351117764519
636152d21bd16667,0.5300803579996118
c7f6af439da950c2,0.4749929599806898
27acdee466fcf485,0.5323209411163203
a8804fe9eee0fa90,0.4739957586568111
6192ee4938021f38,0.517528795237253
fc02f9550afeac41,0.4629248818407675
7c9ba87d30178a3e,0.5450754528477924
a17444b2e1cdd78a,0.5097820263915884
83df6fde56cebe4a,0.49267356305218735
b35110acb0de3b77,0.5256585523767119
9fc1dd40acc8bff1,0.5194631591022335
0c521eb5fabcd49d,0.4842387057559693
e081802079fcf55a,0.5181812578311008
12aedbe868f79776,0.4611756198033573
be8a2586f0738799,0.49951598163351485
077d63174223dbbb,0.4976214731091072
bf95a5f9268fccfc,0.4950362554973417
51ac7bebc69eaad3,0.5207756994903541
823b8b0cbed56665,0.5173852896962337
7b06037a7dc44eab,0.5346458905281823
c3468f13ce305a3e,0.5254774350333966
82906bbb278815e9,0.49014101945215494
26d93d94ea19b1b9,0.48735929799760225
d59469ecf7c3bb29,0.4864130338461913
7db5fdf7d9e7b81b,0.5022634915120228
251dd43cde3297db,0.5048679487297683
cb1945985d64f4de,0.49592307337677377
4eeb92e907af170f,0.4967754559848844
feb8fa429dd67ef4,0.4992064491620873
4de67c2419537ea6,0.4769391517221076
538e4f56402af36b,0.5400764898891491
a4cf878441380a52,0.5315915695163589
96be7b3de04ff62a,0.5032764632900436
39c3d3887c8c1a94,0.5074238717835832
1921999c1eb2c5c0,0.5155716959224608
d57e9b30000ad4ad,0.48982772615056897
7c4dea060b3cac3b,0.5320855259084919
b72576d562bd56cf,0.4976648253047534
e1b21c89aa287e10,0.4598297445153894
ea91d426f07b035a,0.4716594206973357
e3fe0ea3b0e68165,0.48114097485488483
733a4e55740edd52,0.5054310935998463
e3ec47884acfc533,0.520354742833512
8b4fc284f4d71fb3,0.5152668650950014
ecc8c2db5ddf594a,0.47484619079823853
6a2e9bd8a0f89c66,0.4971924119558626
330cb959caca2412,0.516149699348941
d9ec4fb651c85ebe,0.48248203123704847
059f9fe46af8bf1c,0.49797611805821607
3a4738e51c5cab59,0.5143749341453528
2defc05f8aab4fc1,0.5200500127628876
5eff676251527676,0.4756321813499931
fbe244ca19447d90,0.49872757903114895
6a795f7ddcc9922b,0.4738054850078463
31e47d59215b37f6,0.4833707847786961
dc507cec24e10ba0,0.49837193106124167
a6bb01f0933df044,0.4953222754865045
8d856f853ce1deca,0.48472282059326377
6da96325a4517519,0.4864731495382818
1154f92cf57d2532,0.4738403420240779
f6f5511b39bec2b4,0.4613869460456589
52b72c128d8d91b3,0.5231133006079691
75e7fc7c7ea0f472,0.5087437720308898
197817ba33606b5a,0.5204046546460517
c1951ebb86cb1446,0.5129795799453893
c4c41b18d788438d,0.5153463400100654
aa26bb9dcc890fe2,0.49628234409518435
c2c4703ee4c876c6,0.5230450816040081
4c5d7e0beffa310b,0.47743263796496943
83c908bdb66cb2b3,0.5207216102478277
f5402da16c14957e,0.4864806929715857
2ab80ba80d56a41d,0.5150254536961738
1c6b71fcf804ee07,0.5116827003546494
2f3e4501cfcf6dfb,0.5102898271441048
e6dae542e381015e,0.4972128410938744
eec4124d10360067,0.4746082508772713
9105a2588a4a2770,0.5139449065652173
130f75788d8a46aa,0.49773994792305665
8835b5e539659c18,0.489214423504545
d219e6e0ab855f68,0.5150394482811436
0723230fe86de14f,0.5030642294668759
e81853b0b0f8c271,0.5004539282960448
979af46a1f611253,0.4924991503873488
945f78f066a99193,0.4809326605168556
9fd22540f39891b0,0.4753265153457358
2631c1e94bf99eb0,0.5347463120212123
41d6c34577272404,0.4970948294227774
13285c2b73770aa9,0.5171470898328581
1d2b2b68357f4992,0.48003995987301407
5e3172665089f4f1,0.5309898677710806
9f7be9231e3552f7,0.4963239337364394
6e458ab88b4204e1,0.4793667458417751
10739a7eee3e87cc,0.47501139444686663
a326839f328dce7e,0.5409448299599813
2e706184335e4bfb,0.529661961114444
e10da35ed5233e23,0.4756979850335533
85df2a159bcafca0,0.5046728277709159
7e459f89aae58555,0.4741450230849278
c5733fd52fad180c,0.5037861848872336
d78be06de4424dc7,0.4643718663302129
af782e55eeec3b26,0.4946835663200181
a5428b7d3e5eb0a2,0.4940150537528957
8d920a6bdb004f92,0.5491824983119529
f4be0e405024df8e,0.50663184458827
d5059f8f88290d5d,0.49529549064145983
e368d0170d51ce4b,0.47778990076414074
d8ddb30bad626df3,0.4924575349170735
d1e892e5a070ad3b,0.47420388245514145
8a30b24e45c8dd56,0.5013895047682899
7616820e7f2f060c,0.47258941433711865
35bf1de33ef37b4e,0.5143346515588557
7fc73341974a9c57,0.5258184537570872
9f5bd41b72cee0ab,0.486700167790138
44e5daba8a615664,0.5090372654222204
6a29aa78116608ee,0.4991965877855
74c36fa527d5e914,0.48298524915401775
65e5065a97a00477,0.5268823272351322
2bb9d6b7e64b8108,0.4809593630793241
297129de9133a71a,0.5013900740161203
e6233ca37ff20ae1,0.4912696079791441
e6c230b1db202085,0.5240482877011712
042447db024700a4,0.4745052786731011
5347f880cf1bb93b,0.4899730689371913
f7f2f5d41652f6cc,0.43710908934349385
71ccebe269774017,0.4680865357816626
5d89474915222841,0.4951359413765247
583b0f485ee37a28,0.4767053025714
cc5a91f4a1b878cf,0.5295399282029609
636604af09feb6f9,0.4814834338964107
9149bfd2414e1f06,0.486787188105658
69c71a71af3a6a93,0.4788230212713813
5cab1ef744ae1f07,0.51788214839542
2c01a13c5bd11b48,0.5128412548293991
3dd5148c39f554e1,0.47691358547921064
e55b6c8712632bca,0.519928459974569
1e70f997f11d309b,0.4740488330800332
0b5140a69c454fd2,0.47470083013758024
bf3433f1790ded45,0.5092197406094852
848bb9f5e15ea664,0.48510179418096266
ddec6d5fb5e1d8e6,0.5077861092434901
483be22ba816efd7,0.4882079616827901
c5e5341d9853e204,0.4919912765818696
21afeb4d02745cb0,0.5040485980990203
214573582fdadc69,0.4963158756860109
1584cb670481cd0c,0.4996105218718001
a5b74fec60dff97f,0.5265908371956088
500761048fa68af7,0.5223217359726194
17911ade8f9db4a9,0.5030318756474748
0d5e4ec73265e718,0.5074400693473777
9a23b511d19c5b74,0.4968785699546029
b0a68b6e9b5aa0fc,0.49833162259230246
f2408ea825dab651,0.5040024799020841
c46a0253ce15db70,0.522571388101633
280ee758ffb1d1f5,0.4921804921685564
f120c6f37766ad60,0.476477002137651
f0bd6e897436f50f,0.5030607044540176
d9838a74cd5c15d2,0.45611967859596037
ef4f4beebb23098c,0.5087064847443612
81e1191f9eeac89d,0.48919175970041934
38a4b85540a1d008,0.5013023012547095
583c98e432bf450e,0.49516574688337556
9319566dff410e11,0.5165379070708381
967a61a65ca3958f,0.47308472276174374
78d063e4b7ce7f7e,0.5072015205148107
d2f8e62df2e4ba25,0.4985684273219681
810d2f780629077a,0.5104536362037184
3515d882b6639805,0.484955576420733
11e50493155c9e73,0.5189798298223384
4ed708372af004b4,0.5122316678462039
c4e45da34ddf3b44,0.5064999937503967
c8a93dd49c2a92bb,0.5252241113752163
0db19fe44a9a780e,0.4813688931925586
2b3538d47f1c15b4,0.4940760148765454
c3310c72d9734462,0.5248945487671978
14085746773f19af,0.4759691177416521
556db80d967a1693,0.4942827368603695
43fc5ae409f4f500,0.5111140905240106
081a87f22c3b38c2,0.5254130184744548
d375cbc133ed4f4e,0.5198342160560239
5ad546feb694ad21,0.5057776539915748
4f93720827de0ed1,0.47762573642330075
3aa17624d6ff3bda,0.4728129541763815
9242e8dc12c52248,0.500026584023996
6842dfe6284804e1,0.5175429016489529
0d73a6a834744d44,0.4926721065232439
0830204cd861c6bf,0.49651484262268475
66161f0924e78225,0.5135020288665652
496464a4d50db8c5,0.5242038226383205
06324bbe66728955,0.5366462333740043
14f78d4e391911eb,0.4884211713530857
2b82c80f72759096,0.47763004977569734
098ac1d81b9e8c1e,0.5170533512401765
1b76ea6cbf734ce4,0.47998868322278804
0500bc92e5b55537,0.4852987929487872
ac5aed573f280b25,0.4796320201769957
ea03975f1d5baea3,0.48431326627491084
88b17a552fbab232,0.5091702696088455
b8de7af9fcdbf382,0.5301118469044015
1200abef5b424cb7,0.4945749167460891
31b60e9d8cfa862c,0.48906268131865493
893db3bdf6bcd36a,0.5188731556983757
ceb6b035da1d3d7a,0.5028328157117647
4ec436f2d7284b90,0.4698434248639828
8aed9038981199a5,0.4942205221456169
0004c2d09b2a5399,0.5036958117197299
5205db0c297b51cf,0.5085719174552119
fa00a8d5645e29e8,0.47960723252802206
e059a125b2f75271,0.5400569963645829
0a245e9039a475ae,0.5148943784620781
f6dd2588e26ea334,0.5096391048074821
973b401c5b3a29bc,0.5137268031975746
3c3d0acff02d8d77,0.5171049883170531
29614e0f15db6e61,0.49755875161459834
59556138531e1193,0.48184158973213564
6864e194fe467f06,0.5057239893377453
92d1a78a0805f085,0.5108251701422593
673c83d5875338f6,0.5260770678778162
97b9da49283296e1,0.4825497610766522
8e266443d27cb222,0.5050468538188625
01740ec6cd7d3fe6,0.5193449368529168
bf22ef3c96b1cf8c,0.4651395708595888
eceff6a46e6bb846,0.47736533386280044
595cd3775c548381,0.4748922647622592
dc88015ad74c395c,0.5139356969830112
1d829ac1fba966c2,0.4626538378137043
7af5a547c0ff87df,0.49747605109424864
42082090188c20fe,0.517836010847933
f7c6df36a4354bbd,0.4750843876071763
fa583dbce17dca3f,0.49270218976736146
31b430017b021b90,0.5178842594703781
7efc9cb13b2def86,0.5081141407035779
d06fda4e5bcfc129,0.5323296818516967
72cb2bb85767bcac,0.5500487291981025
50f1226e03b9f878,0.4781435750457732
24eed0e6d7789047,0.5150277056989241
d026da38fc55bfdd,0.4869043161932457
47c591c2bae2052d,0.4942102474878094
92966f857e0e8aaf,0.4934630065954978
56b22e07fb9e4c9f,0.529506514778369
95e7a0024d29a8e8,0.5327174676770858
77413f2ce0fc0b0d,0.5064714196053494
169ad5f354082bda,0.4920690203597361
cb6a3ddb00bb4caf,0.5063997982563865
c1351ef23bdee19f,0.49888152429046584
23e0eeea647bf809,0.47478404482721337
52cb9f8084c2979d,0.5277727235013232
7f071403034451bd,0.5349407411840008
64c6b8a675d8d210,0.5093235836664967
25bcfd9c6c4bc119,0.5007845463719375
68234d071437f6c1,0.47491233066445226
cdba54b09ad0a5e0,0.48417405651726025
8b2a453d25a9793d,0.5181642387564234
379b3cf15b5cd618,0.47875804198063543
04f8b3d8fbcd3c09,0.47956291913508164
8db2aa7a87a0b0b0,0.5194828981607759
09904cf5297e4c52,0.497603497714717
e5d6021439d46003,0.5101629321208128
87a2e4212129d19c,0.5406907943915646
e218c57596992271,0.5118745737714872
18b98da5b42722da,0.5073249634464894
449920a89db3ac7d,0.5506907742625065
9ce041cdc0639315,0.5060123503134986
722f357fdbd5c880,0.4985285471061307
d468cd43dc6a08bd,0.526378068638353
9700c7a3ef819ef3,0.5237317509296158
b7f1d881f8c72980,0.44863573522016187
b23236c476c94144,0.5215194687206939
18dd1046074e1b37,0.5002866267115507
55f227029ee88bf8,0.4730857564771964
5e3b8e365345db58,0.49751711802266685
d97a5d6269148ed6,0.5048208226845443
ec6dfb974b3c0b88,0.5196356451115773
7ff4153e9bc66bd5,0.5093059925690477
70ade30377aa52d0,0.5300919308559771
e81c74c9a5e64310,0.5217882836435219
27609b892f19ce38,0.4951145751452717
665fe4d9e267c32d,0.5243314418336693
e4efa861a25c36f2,0.4921794593915333
707cf306deb0ca20,0.475467669895129
53a0fc682407a107,0.5044561783256691
4bd91ec011ba7743,0.48407161451578495
3b7c880189ffdf65,0.4964517755383593
c5f1834657b1d9a8,0.517089951321822
60a043d7036ea402,0.4700982029902338
d69dc65f9a8e3647,0.4923335330240066
c3978282c1335961,0.5109115892498224
248bcc5d97740cb9,0.5005825062619428
ba074101d0551828,0.5079920402712392
f22fd6cc76b9eb99,0.47436326792706596
cad3b5acbccd1a75,0.48954584685964675
4e3d749c5d0d8b99,0.5083337214315388
1024028ec93908ac,0.5267812584773515
db5f96700f81e32e,0.5128707842227384
d00456f5c537affe,0.5014335739524157
ae6c9a4ac1923d77,0.4886564906315197
5c4ef0457f9b795e,0.5153116230686418
a36087b510ed1bbe,0.5123018048877762
9700dc3668cb0d40,0.45360494062171675
e404394c28efb780,0.49127098181033035
0720a1b755cf55ed,0.5071842644756134
035439e10d353f33,0.5001756242895061
53421be12c0c7d0a,0.5214951054087822
c76422f9c7f1c224,0.4679626108328221
ca75e192477ae30e,0.4814667340794546
480e9e2f5f6eac7f,0.5333307593785181
b1b0c9414a07e81e,0.4693471065476288
e09f31da0edae6b7,0.4852461977660233
9386dbd09f1eea31,0.4836477608735909
4027ad13f744ab47,0.5269750119045661
dd57f9a9617410f2,0.5128744148682016
53816ae08db4500d,0.5041286820515261
d39479f04b318c0d,0.516504278925128
5223cd189c2850d3,0.49916425581890017
8c0a9ec776187a0a,0.48134195709386185
387c460bf9c82eed,0.497957712773895
1fd31e1faa118ee6,0.48524243852480525
49fba05cb591b00c,0.4863873252388454
bd80ada68eebd0b9,0.509926587582145
0e3f686f072a8a0c,0.47131585804936105
84925d826d461c4d,0.5367952448233843
a7badd0bb8ead7cc,0.5019123844853616
e2c838fd32fbb729,0.4978925767641791
3a6cf220f53b4cb4,0.5062493112923563
9dacb79ad9fcf34d,0.5040276142886326
92aa4c1f7f258a86,0.5192307229515353
c85e22a117db207d,0.49761446763100897
c5acfefdb9e64f54,0.4680162445066245
26015640e05a3378,0.47866466242524885
834b3501453f5c5c,0.4993283427848595
42af151534cbcca4,0.5043180757721318
6342222ab4bd07c5,0.5208881887785951
cec95d0eb86b553d,0.5036811536523885
b4129a57f4c5c1ca,0.4968164198912117
8b51d76d9c838743,0.5085074353519192
36d6124fdfb6b5fe,0.477865244084833
2212f9196bf749b0,0.5178134175221971
fe9345df75362fb9,0.4992035592747694
75774ccf0b19e8bd,0.4834897686837345
026c096720d1702d,0.5186914856415616
6aca91fcef83cdf6,0.49401528031938036
8fc4c42ef85eb9e6,0.5455866151165464
1b64496c26985a3d,0.47097133461667806
591d0017ec185df0,0.50442545357704
028968c773b11f62,0.5085912447835261
3a09eb47d1ba4acc,0.4448370776166247
000019235d24a363,0.512835941022502
ac5122e50d1ce8c3,0.5124355342639186
7d4feba02220abf7,0.4718199815023354
e59a3b16b4a6d416,0.5183476556038228
84a820be4f12f7cf,0.482133780236971
2f535756a73607c7,0.5140261278116164
fe5a15197d453416,0.46927388807543624
dfe7a446a8aeb1c9,0.4924664298686306
0ba28eeeb91393c6,0.5027758017998948
6cbf1767b759c6cd,0.5074059471347562
a6e42b03d097a184,0.5124601045939913
da6efa9d56a293d8,0.5096135587543609
20eb958ac40ae3ec,0.47831284785404427
861472b884b8b80b,0.535935594074129
83313fb5d3e30121,0.4925762919373496
75c00015b88462e9,0.5289119755317881
abad9a6070f32056,0.5072175263740097
dbb0ac574180786c,0.5234342349428196
1ff23956ddb48080,0.5183232517929318
1030748990c873e0,0.5042528501404535
3b392b51ebbe98a8,0.5069251816499575
9bd3ce96b5220545,0.4927328946055157
e80afbedc991fe85,0.5242101506912304
b892e30bd65f1cf7,0.48096996914419915
45be6aeb64cd6e75,0.49199945006036494
10b2dab220d2112a,0.5291582376276147
397e2c46ae990a0c,0.48703797624512196
19d3b02c14e869e0,0.4836096592852187
cd4dc389be000277,0.5321288111877164
fddeaaa21cf9f333,0.5020120609067507
c73cf810b1eec5b7,0.46636867216361666
2d89c6930c494b36,0.5006518805694683
731c1ccc4e036603,0.4821952610199498
a9448f44773fe67d,0.5161779577888825
89d7d09573e87744,0.5266280890574356
09a1c2b53c31bc10,0.5231078646453484
6c6319f9764e8514,0.5357665929961959
f56bb1ad09aacd4d,0.4993634703870491
a49d99323a265849,0.46646864624067974
3ee9be6434e0e715,0.5220681502798689
875debef7413e1cb,0.506242666809206
a2d775ceeadd24c4,0.507474958578603
18c8aaea7c834671,0.5374715196655969
df0c46251bada9cd,0.504801525067798
aab9add2fbc56aa9,0.47910124897558637
a6fc3e9da5c8e555,0.463835472367667
f637661db81b90bf,0.5307500571734021
33f67c649066e956,0.49386821994464314
86c73cb2d30683cb,0.5264160037482831
b5c00f8557fcf692,0.4845157578772266
a2c9a8f18d345227,0.5272260809517346
5ec5cdcb7ea71186,0.5101733190499107
0f3e463f9177f7f5,0.5087882182980211
4e7f08dff5d4d708,0.5050522462876575
3bf84009bb5fc3d5,0.5050872676476671
51395fde52e82c96,0.5152937064768928
11111626d4279259,0.4792986731876385
ae179d72addf4dc6,0.4750877215319186
e88ef89c0abd640c,0.46201434044086653
c514af589b1c5c49,0.4845242629996861
ff07eef5fb056c81,0.519614685528196
96fcc4e5d6f59237,0.5389898533459508
28c21a0768568fe3,0.5281871833149416
73627db8491905c4,0.5025503777127055
99467bd1e0347c4f,0.47981196565739326
f68ba1afefa7c356,0.5222907214660106
f2dc825ecdbac412,0.48915411523587615
4aba146c1a03941e,0.4894104371739366
80d5d6de30bce75a,0.5011528878699268
07139bc3c4fbcf8e,0.5218740518802477
e20fe10aec859d4a,0.522599571632612
7ede37b476b9198b,0.4899940177080909
13f259dd7b600fe1,0.4949663698580521
351f432cde665f41,0.48036982757706037
a0721905432fac03,0.526507333585507
c64298a4451fa34e,0.5198573174094092
4498869b991b879d,0.5295186260458605
17636075cadd05b7,0.5129539324281711
f1a1bbb6f878a877,0.4754807712216321
0eb6903ad4fa3f90,0.48690489837808615
3188bea8d6f5b35b,0.514196910006583
c4c409536eb6c51a,0.48937406716389475
d280dab3667294dd,0.5099009415167137
52c6f5f136513403,0.4994067833225021
5090d67fa1877997,0.49379580632609776
16b61b14def64393,0.5049256401160371
baafe2fb18314839,0.4843568634209586
4dd870bba94a4e61,0.4880217967039746
09dc62cfe943169d,0.47811020359667533
c479d440fcf7aa16,0.512795295390467
8afc03aa50ceaa11,0.5227102115773667
edde45a77638faf8,0.4813209693586694
6d7692d9c32c3019,0.48478075077718524
5732b6767099399b,0.4817807110359519
17d91b5e97f3116f,0.48553106506566107
0d8f39533be9f182,0.4940586980532078
fde5949373183adb,0.5312533043806864
958e0e17661293ac,0.545842631988987
c5216e7c4a482059,0.4892617326353551
903c649790deba31,0.4855633126193296
4a0069fc3386e06c,0.5139135042729518
a8ed067c70e68299,0.528473485439284
2739c45027efcd82,0.5142846590052322
9cebb6633780881d,0.5213501448388378
61795ee62a8075d9,0.4754642578748274
58f2b934b0d49345,0.5166656514768869
dae79d85843b121b,0.4786175148168562
2a1568df2de08c44,0.49536449623991596
ee4fd2a6e3a78dff,0.5032843875865618
b757cce25b9c26a4,0.4771315752220991
66ff45cad74a6679,0.49473222109695536
b0017bdcd541c6d4,0.48306389157105606
a3f277c9b5c91e67,0.47686429525282403
a5cf1cd034f1cbe7,0.5071428980578497
68c1e518bbf4e77b,0.478143146340521
39bc60ddd2106538,0.5148885355571055
6efa72d0df99c34d,0.5130581183888822
ba7209f117ae9238,0.5373807861316703
7c5bee138819f339,0.49304328749091186
0a18482d62e5cb36,0.5085402388679184
8e35efabb244500d,0.4996196034390348
43a9275d59ca040c,0.5097370676780848
481df5704a84657c,0.468721573236193
4d8d82c65a5b6227,0.5191543311305578
f93eec03effd7d38,0.5298099335575183
3ffdcb2a25a0754d,0.5080435529017232
95109279ae9a6a9e,0.5236765326118125
d6ee9c0efd68efce,0.5070514001575523
74c4894e7bd0708d,0.5119751333617921
d33fec8f45769c79,0.5163871657536991
8fa4532d6a6caae1,0.4881999932827731
3dff5467e3be88a2,0.5214746515530777
fc6d9a8363c4609c,0.49413305988943723
c9cec12908a9bfc4,0.4873302908405156
a971fe519809a939,0.4873306269136815
5ef5d379d20d65e1,0.505355162286137
e3fb799669853199,0.5089879153263748
6f8c415e8466353c,0.48434918097506185
6a84824f0fe20d4b,0.48214993342790585
8cfc43e4b7c26f14,0.49711174251244317
de7c6a12dea21dcb,0.5338207748715921
d478e64abc5e2623,0.48613320588631626
437101bfe8957347,0.5288419966082367
6e285e3b9740ddd7,0.4984050434323245
c3ad227a535c2fe2,0.5281512413019106
8f43b3a85065f086,0.5211465757454945
90aa3a900822f96a,0.49490098796268767
c9000a6868faa0ce,0.5290517996481905
32a000ae2024ab05,0.4862745448923379
c4605d1a5e5e5f5a,0.5130308745765437
892acb659d8cf3f0,0.4957385856647911
c69855f3bb4ca032,0.4889822869759386
edf73aedf6b35217,0.4667683134374013
8877ec8e52d1ecc5,0.478623068433676
fa3630178cfa8ffa,0.492649765899539
9f5f7129d1af2116,0.4846720277595461
5e7e17e9ef20547d,0.5239341746899093
a0bb691eee0adcbc,0.47499541706196746
47aa950ec1d03709,0.47803630839514777
89b3fd466c092666,0.4523733770001551
f58ae0404d156690,0.46695757616322187
766c4ba6be3c0785,0.49696715522957713
eb2e4b71d64f3173,0.5402180187992939
4912ee4332177555,0.5158521090634427
2bef19c70fa1eb95,0.47102308829528294
c6686c6fb6297feb,0.5408567060262115
67508ac580fa166b,0.5174371129051528
ff311f69cd822985,0.5000557212655447
bfff1dc879c76509,0.5023856977503544
3d1fb3f5ce631cd6,0.5248128243664216
cc268338bd6cf9ca,0.5223760012963206
d5798960a3e8183a,0.4888144008297549
11d573b74ae9ba82,0.5220187739842828
8c8705f908dede75,0.5218282705374819
ed2bfbed36ac2b84,0.5030313341983632
89361517fc2f10d5,0.516965551206821
1626bf6a9e33402d,0.5239600782991591
549de17e617d4cb1,0.4813448748806703
241acccc8c4c5c98,0.5211652735744878
ea3cd2074cfdd18b,0.4755199293187447
3482477cef332442,0.5200864859294806
4f0e6d903964496b,0.5062938052136436
55f5ac50a1704cc5,0.5160343568655636
2754a911af5ae6ac,0.49417628791382956
f2e293367584282c,0.5246145263520732
2efb3cb92bcc9b98,0.49981905948708516
5896699316dc3ab8,0.4995600334386
2d0483ceb9c643bb,0.5071693246430784
efc8974e6723a58f,0.4796564282659309
a6a0006f726c94b1,0.5222407315171231
6f5c59612f3c92fc,0.5289931597714982
c78209036cd357a4,0.5261392098994556
db9a3030e417457d,0.48022315841881774
99988b482a1d195f,0.5224957216683863
52e13ab6586efd97,0.5136336470260423
3e8fbcc54eca7fca,0.4891194139141519
5bd1113a10668c30,0.4666271493240074
4bef48512ade85b6,0.4830938108570504
2882464c483cd0f8,0.4796229261288184
079b1ed9350bf75b,0.5149830071898935
7063caa968c586c4,0.4747347690613588
ec19c34addb8624f,0.5111740702160312
8cbafbdb15a9de28,0.47419542216929667
a38115fdbf75c1c5,0.5154991575104042
6d8390c7927568de,0.49295960467728195
00981f14236ef71d,0.5282960986728504
12f84fa2b4c572e1,0.47546795901890354
ca5bb700586628a5,0.4738302857172726
4a7058a9b89ae975,0.49067467193426084
878bc0b3326ea889,0.4711957497097306
57f748e3454293d9,0.5324041454795065
07949795ad3e2e93,0.49855330118150565
8cfaf8d91ea4f1c0,0.4907978040126104
0973b331fb200feb,0.5324641435281212
fe33cc8c6e5126c9,0.47587116851091465
95338421b02d6100,0.515906864866576
6d14e413603d239b,0.5140849878321937
8dd0a5354bcc36ad,0.4966543608862438
73e26e96853b1101,0.4686023166416745
1d9173dbd30bfa8b,0.5217062216164337
b8164626d047cbb3,0.5210452490883547
0fb7907993c4b37f,0.5264583143228498
59ee8f98bf511a26,0.5029083818111921
0c3008cd7e493e83,0.5236930904405728
ca16172c325cea2f,0.4812090869363351
2bca85f81b167432,0.5219322064248421
22fee0166c140a09,0.5293219308229742
e2724c0840a5145f,0.49331745569745516
f36672a2c0e1cfac,0.4511776238442111
1fb583d94ee99482,0.52039590862893
02f264a344c830ab,0.5154940161753634
4da6645d6969cd52,0.46550746825610645
44dc081e8f45104c,0.5202444285068917
2c2b2f0c44e4f0d6,0.4870642222352145
36b10927a5ef8124,0.5288140228289835
c1aaa1a11b02c7a6,0.4966008222629977
052a4c4d54a4bc92,0.5163099818658086
d52322d3a4091590,0.48635459741653486
836f3b0ea82976dd,0.495904551334132
76fb069dc8449b55,0.5085032819165468
9c73e1140fc59c02,0.49052757767200506
ae6c780a01769bbd,0.4873697569543192
ef3be0cbdd14848e,0.4745592877342719
3599f0b9c0feb095,0.47302775765217975
88664205bb714f9a,0.48520944491724194
b978ad9fbc2debb9,0.5053160940473937
c82c9b618c165d10,0.5003278351372336
0b15c07bf352553a,0.5122124213550443
7891a28610913711,0.5033994985341597
ad4639fd4e49662d,0.48450848715137323
08bf7df7a564e646,0.4837339489845863
7ed362e9d16716d9,0.4601347921682723
0ad5b72ef7c0ed2b,0.5144824526449759
511e654ff2a5008d,0.5199997290884683
c2cd9bde4b5e7a21,0.5117537367086733
5b3e02e26bec5e7b,0.5254305717380352
89c64c8f9efcecb3,0.49724349598181716
a8f6c6e3e62d6b71,0.47701917459070453
019cc0b8962f5cc0,0.5310635361392109
bc4e4242db6ccd37,0.48803812493472853
3fff2ee4dbde3d85,0.4831804674639866
dc37fcbe553235d5,0.48541203096710006
3bd0b86bbb97a337,0.5031208837826533
4992d9bc07447302,0.4761711762591165
bfdf1c0f0ba7cdac,0.5243983224785941
a6ab2d1d53fe912a,0.48842416216127416
1891df3302c7b348,0.48500428040766574
b9959e103e10b920,0.485982390779181
0ef3c10f8c9072d3,0.5109962761709976
a10619d97fb76c2d,0.47445284810107674
0863a38392b70b67,0.4844821032615338
60b64acaf466a536,0.5034749770146686
12e3e5d6d9c41e98,0.5047637079527222
9523154e7d045c29,0.5378151562359713
c75a93ff5b4249af,0.48269236041347896
254953a015ac6eeb,0.527422744806785
800fca2f6db1274a,0.49021575299029263
495cb7b810650027,0.48534323356947584
32f2ab9bccd62523,0.4962273909173625
710c1a24eaeead5b,0.4857730762135586
bc05e8a0b1a36967,0.5102017591720782
7f9c858cee39c32f,0.49958577409264415
d943890ab2a0dabc,0.5172981815979558
e8365a58644b452e,0.5138657085777707
8b6555b1e2375ec2,0.5204912636748757
2d05b7a2752c3cd7,0.4898537491162651
cae674aba0ce36bd,0.5153496634241022
ded2185f98f5d222,0.5184264837171567
5aa4335a084d6172,0.5125659091699042
ea84e8283949a22b,0.5212901281132947
e05b38abdcb5ba20,0.4861568460067114
1a8232cb16668217,0.48607824378839404
964453e5682c98dc,0.5218019204434479
6220fee3bc1e75ff,0.5280727183804305
44c74ce2f7dfda22,0.5290026356180384
0e420abbb67f6653,0.5298000316006686
381d753868abf15f,0.49305713207967167
c90e0c45f7fc22d0,0.4861300710969749
28cc75a35f51a8f5,0.5329405565827274
3ec9f6c06061e5fe,0.531249670971838
b014ddae55b634f3,0.4835168218225012
90879b42c1e54236,0.5070437619487821
7e62b4fce61bbae5,0.5078006349706126
6e384e2ddbb3399a,0.4899624073554764
6f07849a73f44a97,0.5249743555634652
f48a2f5d095509de,0.4925501979904336
ba999a22ce5b3fa3,0.5336350103060284
ba9181802cbd9401,0.5358143991058648
bd73bd26225890fa,0.49572264179752284
64c38fe6742e3036,0.4978254457910856
df243043992dea1a,0.4926913373783005
0119114d3ccf9eba,0.5368723449061561
f21453041c1dbfb2,0.5130580201699936
65850a53164c135e,0.49852674892544546
48527244bf10d792,0.5076337134075126
cd4848b0c5d09b82,0.4768023260819385
d29250c293d24f3b,0.5283451537525726
8e49853ead7a7782,0.48111376795957933
c4468c09563855e0,0.4881063941266792
06fbbe29034b7d22,0.4601271452635672
85f4de85a28f72e5,0.5115279043423657
61a2fd323396df30,0.49051138692890206
57131a5c1fd27b0a,0.512175096750649
97148caf47baee80,0.5159492901019644
bc00a7f9820c18b9,0.484670782127002
0774fb3a81023543,0.4944232703308463
26fce92bc23cb74d,0.5257831032567841
c97cd71a9a738f03,0.5180231912625813
e241738a2d4f1fbd,0.5209350354181405
da7df03e550c90ab,0.5149271608382182
35c07da89ceda890,0.5125163697645763
5cf499e1908cd296,0.5073123825960161
d8e67e20d907c472,0.5001903435905428
f3135343f9e7c1fc,0.5099851910348902
35e24477ff3e4121,0.5018085546386872
ad3c1d21283a66e7,0.5080563398338864
fa88a2d04837aa67,0.5070278281222456
3d8cc5538995bbb1,0.4576303642167998
2cd57b0959ffa8b8,0.4835464653235934
abf05406b1a91bf6,0.5158819035421176
0f7b3fdc5d781296,0.5181101531300705
03365bdfcc4be998,0.5016802101268528
b46302fe840c3d5c,0.5157613657268072
b1f966468fc49840,0.4854740187706489
6adafe7e6a6e6865,0.5255822228277496
e92c7a5333472aa1,0.48944695557406126
7eabeacacbf8b37c,0.5037112857999759
655d9a938cd682a0,0.5143414576304292
a26607cfecac0d77,0.48631765726503656
8d29e784c2fbc4ca,0.5315329284452928
0552a72825b82f4f,0.4775502455166421
8db26f10038d6705,0.48787481609996586
0eb4f40d8b4a0e29,0.4855763669584441
a1caff7700882d18,0.5042596414680809
ee70a37197156928,0.4962153249216449
6de1b2f62b6369e2,0.4978921775914269
9c2d074867b45c86,0.4756715310055382
36c975ccff63cd9a,0.5089298026588529
eac85b26c054de88,0.5169077805008966
318d374ee2d57a71,0.4881468185937452
ea743176167975bc,0.4985818479696035
3ab9fd28956b4c1d,0.47723381253256225
478582ec139d868b,0.5264501587081567
fb9d44e71840eb0a,0.4847950656460528
bd4fd0a37b2b9312,0.5030716550143723
5dffe03302a0fce9,0.5153449600399385
d94e1f4138ee9631,0.4949112340519849
298ced22f474a1c7,0.5202432858832178
0268d1d90c8858ff,0.5031627715147904
84cf6eb7514ea305,0.5076025090962792
95d0de11255bad7e,0.4769507699226673
9df308f6f0758e94,0.5180400962982539
b0fb6fef1f3a5762,0.5035462552023228
3fe46d292459737f,0.46751789070979644
6bf62b52eaee324d,0.4869216537765658
8b6a50f8f0d1474f,0.5084028760503165
89833118f346eb37,0.4818886998507913
48fd781830adf147,0.518452670619431
209845b666a00820,0.4901906556282077
f23faebe09506cb7,0.5160800238908071
5f9584bc58bae0e2,0.4890354584271518
a08d713f9ab75910,0.4948850795774603
5c4f577995e30921,0.5484946007919925
db21d37dde61a7e5,0.5194306095217628
d22dc3977ccf9208,0.49900087029928286
d0fab5e12cd60c77,0.4570141696497613
5293676c6774f75b,0.48088580907263867
d3ae1f0b7031a78a,0.4836082283641171
bf57f1265cfe2fc2,0.4945856037200006
468b54d83b570a50,0.478066110121398
134c07b69f25f030,0.5250449510573577
2cfa14158d7d3661,0.5150040436297055
a87b1a98b2c48b05,0.4894649697845739
c0bed62168e9892d,0.5077834240514931
fc44e0d5137363f1,0.49323814785777553
1247308f81ebf41c,0.48296229270082436
083caac4b6cb4eba,0.5207922854749898
a9d470ae3ce0af34,0.47229669150070186
935c423d001e7dda,0.48150614537280995
d096b8795c71a6e2,0.5544028098016904
2acc0dd1e03e59b3,0.4848494618567166
bdba30d6e4c5095a,0.47767207035852166
57b0ac86659a9329,0.5188072218122969
23d831dd1ba487be,0.48686291248733743
628b14a47b392334,0.52807456279781
76a400c7177ea365,0.5011538504547159
86ab9bf8f20612b3,0.49381394676805135
fb26e948e7444ee8,0.5014135352769721
367ec7e6bfbfc6a1,0.5195736353557776
efb297fa666f7cca,0.5057297425464253
0a0f715a63ed4738,0.4955139795519785
00b759c30fbbcbd4,0.5307079349696922
4c133deea22458f5,0.5295622074408826
b354cc89789a3136,0.5118883499778382
f3595bdad2050118,0.47304595391637294
2171a4f574746f33,0.4988258271459654
ce89301fff62a739,0.4983258306640115
f4786178a6026169,0.5035797243073004
e1db1fa3be2d2bde,0.5011518880223573
05b896a0d6b00e98,0.47302442028151803
89658e4ea0b49c47,0.509200793394523
db78c841ae5796ca,0.5050322230910878
6af4698b636d1c84,0.4954157793066696
be3f82b0567a0962,0.47272630951132333
1dbeb642447425a9,0.4769889764179224
eec325cdb9dc0154,0.4886812232358795
cab58c1297ee8294,0.49282165217102625
97e9bafef493dc0c,0.49959682224816093
c738edb5352110f8,0.4880555867610864
fe298587b58a6ac7,0.5169584237443307
b01b2bff457f7030,0.5101579859810415
599065c0cda14c65,0.5141221301079166
feb91e47c3d327b0,0.4769804590882881
1b0d5c427077f7e9,0.4901146237059807
6c1338d0338c0bca,0.5158549287262584
aec29f6d68d9e001,0.4792319795361137
c6567adae6722bc2,0.4894784365987844
c6e04efe9811e16f,0.47719042500799114
eb86688c957ec913,0.5109323496278305
a450a6576dc20dbd,0.48481026055433396
b700f2322066f731,0.5000604397386675
a4302475b7326abd,0.5424050145198295
af5f8038b513a4c1,0.4996510531368571
0d73ab8c4cb1fa9d,0.5282847215524842
8ca59ee3a85773df,0.489125103849711
e3f7ceafab0856f5,0.4852531125647426
2445f30cdcdf58f8,0.5154876077487599
23b0f57c015407cb,0.48627657783320055
2750f1a3f3525b16,0.48022515851180386
4d1502e6806c5f5f,0.4987159390312586
9cd2cc7d553443cf,0.5090831700810031
5e314b952cc18869,0.5046077948100753
e8851ddb49233587,0.5201659320027072
6339c240bbb14c01,0.477305291120649
196ca6bac51b24e0,0.538124227585463
ff664b7817ef187d,0.4687433877374253
1f50f2cb8e01a9d2,0.5015121279405435
f655a99b43cc6c6f,0.47757865445219594
2dc6d88fd87d67db,0.5208266254599847
b61c9fd4a46a6bff,0.44285449613111394
478a862e9bd10007,0.49278226161454153
0b9c9bb9e3bd1c5c,0.4854899900468191
8ba72175f80e2cb8,0.5014252288523061
80bd1c42bca86409,0.49549994771348294
ee7025a20728385f,0.48919647189999454
a94a734822cd1066,0.48839098632688704
9e445d829547acdf,0.525727129412847
d08fa8b4d19b0300,0.5307570241676107
8ef8adecee83165a,0.545583658041928
476933f8311d441a,0.5168115874667816
fd9f323abdfccd58,0.4750514770977635
fde943f5062e49d2,0.49889518284242174
32e1723a53483290,0.49106776739906777
3189ae9ce5829fb1,0.5091648114314683
a691ae869c7c7c20,0.5073425417114212
aec6a61870dceefa,0.49359496005560743
301339e42c2fd935,0.5020251125187147
33bdb599f03ad3cc,0.48164953998537674
ef958079692354ec,0.5376566039092044
6b9de167c2e2a382,0.5001620292598583
81a3aaebe87a402c,0.49226357316866903
78734bb73a549d35,0.5117884470001981
801a31247ebc0426,0.51786247288597
703c72ed057e80ad,0.5238011712083919
d512ce41ff14126d,0.4952942688122698
b14adfc6f2de5274,0.5035470961170804
3ffc252e11d8a5c7,0.47757224343417537
dd94c4e414636803,0.497427602120043
089a1dca65e44b84,0.4805505134481151
95e32e732db3ccdb,0.48661288447522555
aca38e8f736ef297,0.48521052718831104
78b2b40abd748fc2,0.5018456387941075
2595c73b081498d2,0.45927249297575756
4821901eb98463cf,0.5054337017769102
81f36fdaf2813666,0.4889703392647079
1e80444ce87788eb,0.5102259874026658
47c976d0b2db324a,0.4666655798192534
76e7956f7212a4d7,0.4996171621616658
2f42d37419bdab8f,0.5267903430372293
460717034c7c127a,0.5234988312012153
f46b154a36f88b49,0.5113956445391671
af4a2f1334861acc,0.5131665666382469
cf562fd6a1ec6763,0.5083772065507333
a58fda4597ded16e,0.47844323387291676
7c5b545797c724f6,0.5149854027070548
cd2d2cade053f8e7,0.5032013229080242
0d42478d5f847ddc,0.4661679114782501
fcdbc1ca107a390e,0.5025651266987217
4a6cd78198d5a5ce,0.5346664640102328
13c39c2f8d3cd810,0.4638074501309247
c79d8a5d80e7f04c,0.47436778566409576
51a701717aef4136,0.5268925608061749
4e8d630667c21f23,0.5028459178095774
9b8e9dc382061f91,0.5065197750987934
fddd94710360c28b,0.496614738122512
2c33fa5f3f2d5e24,0.48223944999053975
3ca87064dc34dde6,0.5139470628403123
c9d8edd3fb7bf971,0.5109070851539308
d582a1a34b5b977c,0.5388320560589404
2fd593bbcde3caa3,0.5282846036790652
d2f2308d5fd09adb,0.48763765817932603
dc6fdbb3f28f8f2f,0.5056780851158356
ba8e32a15085aa3a,0.5275633430496176
3ecab659633b8be1,0.5263638947853672
80f14a6b7deb5266,0.4970057515709699
6809016a071b3b5e,0.5314868291001416
d26156516af475ee,0.47982939746815456
7946e76f5438edcc,0.5142594637598705
b11ee2ead8527494,0.4985195149820667
03e49d963acfe851,0.49350779013222523
4a3e2db752cc071f,0.51646084847023
6e5157888073a37b,0.5129638772140866
1f7bd653103f1863,0.4926497074771662
5cc0f066c9d8a28c,0.5251250648618165
61240fe8a4dc9a2d,0.4927514568335108
ab6cae9885409088,0.5158851556210098
c4e40432b0ffcfda,0.5122377511453591
1f7fbe6992fe8f33,0.4763396464616625
94953e6bc4d48c7a,0.48311368209084565
e1f4fd779b279dca,0.5210399462624304
38ccb655faf1cbcc,0.4871038910902118
dcc976ac3a08e676,0.4766140451794243
8a586d58683ab8fd,0.5338780854441023
9d1f98568599273a,0.4677508793678475
f5a4bf16401623fa,0.5202766747381407
42c6f25951f7db7b,0.5004639309582666
673b99f498fb7880,0.49245709019882855
e4f2c6820273bf2b,0.5101152702783549
8e7d37f34a1f3efa,0.5244068313741135
ec4bdd78abd81c4d,0.4967963374910196
a15343296b9f6f42,0.510408624699154
dd76563555eb67b5,0.5324222849016492
3ce8de8291ffa6a6,0.5253087165748165
1d036919bb298ab6,0.48977352189579326
9579b233e83fe284,0.4835947570336437
be5c561435858f1c,0.5258861567632351
5cf1d9bf22b73559,0.5025630670264478
d5e3e7616edfb5bc,0.4546196124203914
ad00da3aa56f4d7b,0.4587635387622111
0ccceb1154debc59,0.5240137613922857
8e2c8545bf82cc60,0.5497768053194098
d62e1e8938e1c97a,0.5203798791504394
a8dc86e602a746d3,0.5270018046380016
c4329a7f54415286,0.4924067475595444
04ec4184a6a2f40e,0.5134554741053163
a8874aa6ff7ddd20,0.49186892141013083
c9a607048a5bc5dc,0.520701895407037
002c27108f6666f6,0.5057287467073435
e4f6a20915cb1601,0.4740713978696742
bb014c28cd6924bc,0.5055703878357487
196e2f507f594bbd,0.5165009293119384
9f1be9fcf021fb5b,0.47218811835112934
9391d5f366da4c40,0.5307030969811308
3453a5ca3d904777,0.5013876291369248
686ba22e52de9068,0.5181901374413781
3553eafc050e9c0b,0.5080552858232835
edab086e1fc56c68,0.5257344683242179
d79a009be9287b82,0.5013056029572114
b86e1b1f8503684e,0.5218929673392708
9ad70763cc07c36c,0.5236132626154516
419885390abac7a1,0.49676280968427045
70bb28465e350bba,0.5074927437683181
d2fe3be15c7a040c,0.5216038563866292
df051580b1fd88ae,0.5029886377560814
799dbb3bc5de0bff,0.5332659946298224
c18575ea64f02a42,0.5291259072046618
bc265e458d29169e,0.5224367273387732
d59c94219a63b100,0.5196666172703562
0b79c6776df906c4,0.5073630421811993
1bbd089c39955fe1,0.5014467787165827
e07ee63645347087,0.5015846250523445
6795923abfe3b196,0.5279635250366558
f23bdf1e94c91124,0.506490137046322
a1fbaeecebb55865,0.4771847533126834
bc95d3915a49249a,0.4888635321646566
c565efbb2d18144b,0.5202470274362738
321866d63b3b1b00,0.5200466524859253
50ef5d8288aabf7e,0.48902677060363464
3948549457628975,0.5298555168930061
b958074c10bc601c,0.47808523854890617
f075bd7b8efbf058,0.4963255385594927
f05a42508ffff350,0.5217065453967836
3c1c900935bc3285,0.4636724435197579
cba59c1afecb3734,0.48133424515023093
013e1691ae9f7898,0.4892564355662914
ff4fafab1f01bf0d,0.5273272178429819
16a52132c026c176,0.4872780821132524
7e6dc3264a60f3c6,0.47918198707836523
fde7be20171bb23d,0.483194737178941
4709ae8a61f423da,0.5097136033277845
f2f7edc4fdecd842,0.46551306478107196
81421fdc47bf7d1e,0.5008076904346673
e130b6363bcbe974,0.46331972247485304
8b5dc994eb4224ef,0.47611238723400795
ced09e40d6cdb2ec,0.4713145000585631
b65873d2d6509482,0.4988487949779301
d663eee7b55b1c09,0.48118215757185623
e8ac634318c1c070,0.5064824344384621
9861a481912689da,0.49739989350060243
c170f4b630a3b239,0.5291560735047214
31f66aa5ebaf2ad8,0.5227712347054825
31bc47bb1448c433,0.46161485193999563
79eacc58c9cd0f29,0.514941776680095
32cb3b1b23ea545b,0.4926872416156345
89357b6904f7d6ab,0.5086742572831247
0d9d1cf89bcda082,0.5210370988667551
7c15e3fb5080a6af,0.4933775724840783
a8580d9f4b1f100b,0.5478778313192718
ba1c0d81b8bfcda3,0.4948778275745632
d5c76d632f469288,0.5258110262623676
4faeee72bb8b4acc,0.466964452523198
10875f7f7d53acdc,0.492729331927623
3fb5a4da63283ba6,0.5050262837233851
6551e600570cb09a,0.5234069296220878
6b4949612595764e,0.5088372430204144
d45b6491898d0fdc,0.49552302354437394
0c40fcc6d696a66c,0.4978443156537894
74607a92b5ef932a,0.48092472188447244
e7bf586ef35ff70a,0.4825314938010272
65e0da070f27aa66,0.46695578669345483
38a09fd79a425aac,0.48217256812700315
aed136202b0b58d4,0.48105441874154353
5f5b7b68b01d1299,0.5224650529711077
cc5db835afffd307,0.4899554205674783
d8842b37f5416b48,0.4973014816948199
d8aee4335af252d3,0.47672283843664726
00494862dd9b9e04,0.487266342003757
95d5441c82b1c46c,0.5142584768043116
c6e492bd428631d5,0.4764341163192445
598200ada2678880,0.5039869118391771
8094f4dc74add0aa,0.483800879457259
6831a0024a1dd23a,0.4885808909023791
d56926e610462f66,0.4866717827990087
bbe39148bfc2e434,0.5176076852651028
1a07a83f589de802,0.5160881505597574
8210d5a233d3d65f,0.4805641818685409
ef4e598f566c9558,0.47763904990996164
c02b919584ea5cd9,0.47456855494868966
68bc1f08eb5258a7,0.5194302459698206
d57a9ae04f68912b,0.5010517817835558
fa41a48959374ae3,0.4825917280577381
5e725dcb74b4e75e,0.48995468879808346
121dbf76a9cf73a8,0.5162912932460096
a2383e552a5f2313,0.4864776992302967
378738808b201e0f,0.47997865927826566
9642ee1e267eee82,0.5007918797690734
e55cdf82fcc57177,0.47611827028481835
2103c3d1e5063e3d,0.4802195066681141
02004dc8e2729e0a,0.4941428393127923
95ae4af4bade5009,0.49254871105891684
8a4e103c92d62a5e,0.5218488930356231
c4414b2ee31b7e94,0.49611581564027485
0866387e16259486,0.5170674398687697
f0b7e616767a0197,0.49080677559261354
a86d2f80a3468f5f,0.495440051956977
691f9a97e9645bce,0.48026295529074514
2f2e7662f26d0933,0.47875298253105797
72cbdcef4a6b4f07,0.5160355563735946
3ca15eac9b7ce8d7,0.5243759679002229
d9f713c872a26c76,0.4945101877239695
38c5cae3c23f24a9,0.5053356293598661
80e12c9a6e625e7a,0.5139659643552946
78211c4fb5585628,0.533301888588451
59e71eb2f5c7c432,0.5088758409301817
b7abc4b3e6ff0e3c,0.46893424915117776
42eaa77ee15f2ca3,0.4744748789736239
bb8ed5a0931148f7,0.4892744376951287
2ca7468532706e2e,0.4902836971819592
98791c70677eb76c,0.5025946419187132
e7ec6ff3f296ed38,0.5011003499009128
7845f67130f900d3,0.5271601142010328
fcec4d0ce44eda40,0.5163924003061146
0ac91fd23085433d,0.5254159382339484
ff61891d90f930cb,0.499527310236066
41fb4a2210a6066c,0.5237228964357106
4c7ebaf834966e32,0.48645351544327564
81aef88d712fdd5b,0.5007951211370877
36b0ae34db90ecd7,0.5255807494612292
72fff2ad28f42426,0.4904707252997883
717207649c078f67,0.4745172084858617
925d6e357d7ec158,0.5277563281164677
effe2d48627efbe4,0.5032840379539325
0577c43390d4bf43,0.537600415902849
546cd9bb6f2ba820,0.48607813515305925
8a47c92c6443e7e9,0.5313098924294266
bc9467bdc8642922,0.5089944018372262
af91160b63f1bc90,0.5319249192318382
464ea9bea5384944,0.5154717908593185
b838b4792a3c540a,0.5115559191674972
11fd6e717c95ce29,0.5088955956405452
b1e2e5a1c0f42f8f,0.4837819084907975
222e74272be1ccd2,0.4870455043596703
21a85a0b474e45d8,0.5046888886449576
5c5c76ce21ac9a03,0.49052790827980375
98c3f3c5243d4fc6,0.46608656817023997
745be7354fe05a2c,0.4895330887015522
ebf17df229daa6aa,0.4942593398908336
14929f1035ed296c,0.5120338451585258
af1bc354186d653b,0.48254234760020553
88e44f6549d78a5c,0.49416702727282613
1a5119861af7675c,0.4940612296431039
4675a1f396e095ac,0.5411289607637508
306fd63061172f24,0.48155541632341636
68fb9067ffff02de,0.5259738480404571
93665736b22ae558,0.49889446760275563
2f3252e131fb28c1,0.5133394231544887
a90bb7ef537f3ccc,0.5116358226753875
f8c47e6a1ab0bf1f,0.4999368026065574
7f335ac0ff549013,0.48283984544810954
e9c7c37b6584e68a,0.47253132497673145
e2f8c99b54c930c0,0.4771015504988734
4f0ffae34b450b85,0.5095916844659318
94e27d2dbdf9010f,0.5209005541554926
db05b31fda1c2b1b,0.5283215535983597
af64ad7d713d5a93,0.4875722924893411
4d1462da71b0efa9,0.4696068746923968
04fbab7984c52c30,0.5226563063309453
c01a62e78e6d8a2c,0.5273871342256958
74f8579fc40b2d7b,0.4844078811546587
0eb2d3b71cf2b61a,0.5329397905583257
57788504ce4c82b2,0.5073440138037046
9e7dfd444a9f30e7,0.5016775753556778
0cd8b38e5a4b74cf,0.49184309790565417
e8c1c982ff8a6704,0.48425502143071614
36bfe943ee63fe65,0.4868747756201812
998d9f62a717ccd1,0.46545205644919774
8069d4397377adbc,0.4823923755449404
ba8f312910226da5,0.5158404379841248
37faa0207a18eb20,0.5204439648234077
c16962d752780184,0.5313445675835806
f1d62e28f903e96c,0.513020147095084
8cab416d1f2bc624,0.5230224820863015
b791af74c95ffa06,0.517298646732982
05b113e465a98080,0.506197523273789
b17d9630e851487a,0.5048573384632846
92981268f9d56f38,0.5287512854350827
76775e095989aebc,0.48868989125674445
a07f4266c4b1cb5a,0.4906284588454667
7b5b1f94772d1b60,0.4710926251535078
4f8ef604a40bca4d,0.4961587028604745
673f3a4c0bd90267,0.4972776392047346
58139d3ae9373ae0,0.5192221803633811
c24d1452d22e8db4,0.5126999752076834
441d9763fdc1b0df,0.542114370840453
d2987a3199c1109d,0.5192999218081739
cab99a91ac2562ca,0.5270929299614209
df1222f0cc1e08bf,0.500396179780688
bdb610f14d1f9c0a,0.5031689511785481
d63652d83092f4cc,0.4875707857017504
dc121e137a206780,0.49370531649644195
e5fde6a720ffea60,0.47450305840371676
52f7118d77a951d2,0.48428817297522486
1b60cd7738483c77,0.5191775336831352
c7ef81c5ec66b855,0.5092137449745906
42a4005911b6abb2,0.5422461260126128
926e4ef2979d43ba,0.4852059794684429
936393261928dd44,0.5086939152496941
90b3943086a67cf1,0.5008532666209521
80b6c2497708cc79,0.5087142726969227
dc880492a16f61a0,0.4656025710649024
363fa6d193ea1791,0.4489542677501036
11443cec444ffbdd,0.5322515301268469
174e280d8c42163e,0.5232616004820878
d7fddec00bcd1345,0.5086563522278656
2f2a0292483de945,0.5245162454505872
2638757dc8ccf105,0.4792702661206196
af967b1ba12837c7,0.4971421560511744
6cf0ebd8925305ad,0.5271626537546292
0307e7dd94f223c0,0.48072840496178315
d86f818a421d896a,0.5237252249777891
95c76aa135d94e8b,0.4667721317937113
dfb2dc72331615e7,0.5252057936272574
b488c877787792d6,0.5042211224005524
5864514fce7556aa,0.5287319242022589
7db51b9dfaa6c3be,0.4792910243881037
475afd5ca8082909,0.5180646276919929
aef3fd34396adfe2,0.4819788686443367
e93ef7b1eb85a270,0.5028972637762348
e643f5e629c7ab40,0.4664763450740598
e9234451a7ebfa5b,0.5161079349465313
e8b95693607a1af6,0.5013160334846769
362e59ee5f24ba56,0.515434109272086
760d3c489cbc2365,0.47694602856312396
cdc43a10fec587b7,0.5074940127862443
436bfce1b2e96ebc,0.5038148028487912
8364b88b9aee50f6,0.5177920845643826
49b33a422ea5bc22,0.5124486021473659
7c87edf2fa4449ce,0.4752831993058509
ae4d87302f77418e,0.4918266018136639
80504f5553a663cd,0.4858587503702304
285102ab56c81c9a,0.5059661304291323
ce75929520b6600d,0.5304009037172193
90e157fa590bed49,0.528061721534318
72308a9b8ed351ac,0.5217125081786111
67da97f4bf5a43aa,0.46947168850629617
7a2c3503f50e758b,0.5159500280888412
7c277b093ca6e70a,0.4850019142054005
e17cdb698e7793a0,0.4821614482024066
304f33ed70c9905c,0.5208913459835016
f671940234873df5,0.5024741454350945
4c60ff51f1a98ddb,0.4987076982174391
357333ab581b26a4,0.4935008609526903
c12b50c410a56d62,0.484976063758617
280ee73ea3f9a150,0.5110801657632476
9794f61f2b35c374,0.4678835442042214
99bef954535737b8,0.5182736425910626
164deb1fbf6d3d15,0.5239754787046254
17f64dfc919c257d,0.4905402163624519
177f1a78be284fe4,0.48637624392995416
6575a6e55c3aa52b,0.49708505182741347
e1ceb3cf89c78b04,0.47868358125473487
2787d14ba4491e60,0.5029436467752395
47283a11f402ab9e,0.5007986509622563
3e13ab75e759c66d,0.5160246651473066
565632830f202280,0.5151951583781762
c60dd36532e24523,0.5083687015691973
1bbb760f70ac35fd,0.48882804518926654
5952ee73f64f8e8d,0.490770919286386
0d2e12deb5dc05bb,0.5054508775586101
93cf50cff9e70197,0.5189470500302217
71a0f1d3a79f9279,0.5029439577268427
ff1b97bfbc1de495,0.5118917760827122
152d66dccd700ae2,0.5269839068730653
af9475d72cb09bff,0.5014859529105665
50c6ae4f3f0c520f,0.5113156117240487
53277c274f93827c,0.5235776628852826
65c28bc2a138b604,0.5079183456093048
ab3f36de97ff5288,0.4607722646706932
6e673b3e05a86556,0.45870081698198684
29ade739f5ac47ef,0.49947084646983
d6c96030b8564b06,0.5187602089041766
5ffe88ee98e246bd,0.4914157445740014
b75847a46dbc7758,0.49356621345706597
fd4f072e7db648e2,0.5422062955786425
3b600a791eee47c3,0.5024877770705483
3205c60644f3310a,0.4832399546601147
37edd7d198365da8,0.5092923513192072
4aed77bb42b6c35b,0.48314223569160475
70b9c5d2c47a6231,0.5281638056810223
5aee71b30cf4e773,0.46144476898081
3b6034955fe901a7,0.4683308151822487
53f7e37ad065a1ff,0.5283292741997813
8249af221f0dfc62,0.49221826837451554
4a798f098b3ac80e,0.533568407874367
7859a3365dc11f7e,0.5245052019351186
0d6ab61f58e22d8b,0.4848086515289376
d90f47b845ad8044,0.5005317316594666
908f76b67c5d77d6,0.4709531785705472
2e13d0c9efbac24d,0.5066837012036185
fbd3509fdc1e2fe3,0.47738179987147444
d0c07aa05dbee8c0,0.5153132332369
e2066400c0c997d5,0.5118419082546843
9d002016fad484c4,0.5330569127336843
18105a09ff042e04,0.47832541126426953
97dbf62f03867f4e,0.5233746375918501
008e7b56ab9053c6,0.5252477059576105
e382e61b69858e84,0.47667303791005916
a02b2c12a9b232a6,0.4844984700537879
5d4eefc602f1a815,0.5045380318460851
8c8faef5bff7b3c9,0.4963302540600486
8ea4fb1f9e66fa76,0.47398352768976987
22a32bb8f8bde6fe,0.514810258512509
6a655866f90d61e3,0.5392652209405586
b15548596622ebdc,0.46841462428196534
e6426b5a54e4a972,0.5389017276995043
2bb1ea15970a2de4,0.4570343324299142
5b2c1fc3ca8dca34,0.4963258767302555
b26bc3d1078e5a5f,0.49590365126408154
9db2f38d40ccfed4,0.47709029886370924
8481c054b0537a7b,0.5167751108833059
c4016925a614e39a,0.5230335603050589
a6145b00b87ffbfc,0.5055539405206024
856c1f1b7a16dccc,0.4757692537231637
5db9aa657576b123,0.4664496297042915
e6c91e69fe022b81,0.546461835892433
18323213899682a7,0.4626492467781971
84aeda77a9eaf7a8,0.49979115073167646
60aa7eb39a1066d5,0.5278950402403908
011908fe41b2ead8,0.5168150420378764
95a236faf4cbd0c8,0.5132582258209312
c58d93928c4b43a9,0.4690504638920292
e3d5116d0ddea646,0.521540932183391
3d33771711b587e9,0.512896237548339
ca902179e21ff302,0.5121772771552592
4b2142ee3d149d15,0.4960470979441902
d78803f699e1394d,0.5016583534399162
ef2d9881a6438977,0.4708427696580071
3b5fc032ae2a290c,0.48556969554459184
9d5473cf79999f4a,0.5101405235911853
9aefa72a94558b66,0.5098629079213253
78cc36a16e5afd3f,0.5130597084445346
0628d45dc33a5639,0.5365179475173749
bc63ee6da23c5dc0,0.5103378324197783
5a69761001b7342a,0.5093846419680219
f5384c1b33a306d5,0.47412441273872785
9f4fb39fb6e8b6a8,0.48817127617261336
f7787ed37e4b9d05,0.48898443809831305
eecdd457b6c7edb2,0.5196999197805489
f36c01f2f7fefef6,0.5279175170303063
abe3d414c510a7dd,0.5025960480878462
d1f7dc9b905e0fb1,0.4698728660024357
a97c23cf1c8d474e,0.493185220947218
fa77ebf418dd2361,0.467562356080544
4fa91df3f09b649a,0.500054590713606
4c40bd5075d26ea1,0.5377001323029557
559cb0c10ea413cf,0.5150007182934183
b07714f5d0a305a3,0.5325364822083734
ac26d06332fffb35,0.48128565214429087
f3a18a7976f15c5b,0.4884954476683365
bd610a8daf3173f8,0.4651215085602015
b4db2ea448a373cd,0.4836325323407377
a9e601aca0377220,0.5243498824683133
7580e5af192dbd01,0.5199072341679847
3b50e09f1d1584b8,0.507288090471715
e752099897ef3c84,0.4880825758317232
9e556374eb31bdcc,0.5066697815043528
09bf3001382d4d51,0.4696546529102139
ac4f9d21db6d0551,0.5123431983035209
bab162c780dd5d3c,0.49054001602753555
1ac05275c95e2b9b,0.47574807385370066
ba53d76ac3815303,0.5238210076756344
731194026ddc8a00,0.5046060103504404
565ccf55ce0f19b3,0.48439111362710463
c610846e274513ff,0.5061179707606094
4f2f55e6f8f022f8,0.48225907708642296
171594c12d4f22c7,0.47197996199734643
fd9a29be83f07915,0.4906722785039243
0e69e13d2585552f,0.5182649260829865
8458a25c7d299656,0.4809705950807191
36510a7e2e8cf5e6,0.5217523191528857
4c689c2ab0b1e458,0.5158484267487744
bbbb01b896a60659,0.5081087435529664
95a6091ed902a1c0,0.5071311077085101
226f1fdbdf45c3f3,0.49263107545165075
b3776535f92034c1,0.48867233148159356
e136a41bbd9d2ebb,0.5005789150588256
2acab7498f95984e,0.5140024984611516
5a97d6bb500166e9,0.4927680994655088
53ad75887ce27a2f,0.5023763198790975
4bbccacfaab6a76f,0.5240461638785539
8d5dbeff654a20b3,0.4597500361067466
885918cc4b58a92d,0.49645039255477896
c33b954ec9e9d53a,0.46523405102809584
c73aa72e6960366b,0.5092049349232235
28c265c8e738031b,0.5418664217601873
16f59244fa16b9c5,0.5125283385638114
ab1bbd20f2288ef0,0.48634124806575285
21ce9f486720b00d,0.5132362989346608
ea98936cd5a062ef,0.5102571501147563
092b99905affadc7,0.524612634758101
f8a1935cbff0e3e2,0.5030526388479208
557ff2105e2227eb,0.46205144757422434
e28b4c1e7eede953,0.475150737834691
afcd2875196e3514,0.5013087749455793
622d0c5c885e5d67,0.5107543862753066
5ab123deb8c8e0b9,0.5298126508202066
d70f7077ffdc3675,0.4925207936376382
ec0e23575480409a,0.510167134340129
c42b1312f2466d13,0.5136873412101682
58f7c9cedf508963,0.5356985241532638
483a6a2fc6820e34,0.5085223042364331
9a410bdaf99ab250,0.5286314551976122
27d8448c7743312d,0.5108701153820878
d22510648b60b80f,0.5314020199568944
cf71cc1d5beaf427,0.5440285160480033
b16d96c422e7686d,0.513252627608751
f3bb00d62eddf347,0.4713947276433894
e7ad214e8e1b87e3,0.48883776126756984
a149a81fa46121c8,0.4860782389648707
954ac0304d013ceb,0.5168216560262997
5fb61c8caa291bb7,0.477446466012885
b3e6b65c022e07a8,0.5309352918005881
014590f5ad393d98,0.4806002390920349
fd3098a48d0565da,0.4708562101788054
597dfb91140f7a43,0.4754986022210105
29c72ad86d92588c,0.47424360429280255
46403e8726688e63,0.4625628902125488
586f9bad93615a9e,0.5206159169658477
518268ad7eaad020,0.5182973963050699
eb68006674ff7853,0.4862997258630909
829bf94f3c7511b9,0.5250024878730801
472338feab38fd63,0.46133870019673473
e2eb7c00452da3bf,0.5000850300260752
264d5eac0a3db4c1,0.5175161936639132
5dd40ed8f6931f40,0.4812416113121483
ea07294f7b9321f6,0.4939646773897858
800d5b199211d908,0.47706573218580006
c26171ff73291cde,0.5203084897307448
9b039401395029d1,0.48589706291052925
149773fc93e82e0b,0.5312710795270256
377962b226c4354c,0.4856957225898248
b33ace47f8c9cce3,0.4756308281800252
5898aee0357167ae,0.4948346560954884
5011475bc46160b0,0.4931943995173246
49403fb05b28bdc1,0.5124530674666993
d64f9b8328cadfcf,0.5350565838890952
8347b5a18bb84a35,0.4810775517947533
a72c9158377598af,0.5115741021924144
346932f67e7d808f,0.5080697787077689
e4962aaff0cf97fc,0.49407125789304257
d63549a6e599cc24,0.4848424757624661
d013eaf626e99575,0.5022254469987292
a7c0072db3d224b7,0.5132574937042708
b87493b15c6b1e21,0.5015109824476203
cd6d6ab0bf1601eb,0.5153412653876015
fc7b0d78438f45bc,0.5100124848895938
b53e88867e63ec5f,0.5143699355110092
1e1e7de7f17a14fe,0.5107720409534797
fff1df28cf047de8,0.4894146533551662
9a4279b8c94a438c,0.47022502717464965
d1a19d29c2aa4b9a,0.5148828831576537
ea65ca7ec57132e3,0.5343818813320618
35cc6e8b29ac28d6,0.5180205041851561
35cebb20cef64701,0.5214985065036869
03c27c6fa94b88b1,0.4774940100836747
654a7847a4c3d0a9,0.528893097651081
d82da976d107c4ef,0.5201358969703193
0f7cdda5aab7cb9b,0.4839851994621987
511e61b096246922,0.49127460916720134
9bd56be8ba9524b8,0.53589549159928
08980e1d210b6aa6,0.513208426102279
c84430f350b3a159,0.5156777727057855
152edc8f6b8762bb,0.5160994243843138
a4a8682aa22552a5,0.5032482374689654
5448387d25232e4f,0.4825288625495142
86b5af3c99c2229f,0.47817304350048495
a243c84e17ad5313,0.503641500290759
1cd4111d9e2c14af,0.47356735233896907
d6596bfbfd4cc049,0.5215376150956381
5f6669357f9d2602,0.5218996719388147
8ce4d3415fe4440d,0.5091392108948813
b7804e0aef5425ac,0.47273332649403477
a68ac8503924dfd3,0.5123098163514053
0ee54a169cddc5a0,0.4812087557493687
91e67962d58a2196,0.4921513776788211
337f92313341198c,0.5050995798060817
62fdb17735fc24f2,0.4905374259753596
32070e417cceeade,0.48468373888887584
d10e86cc3232dbc9,0.5358166386307085
9e379ff80b817265,0.508446369889586
cfff3503c56dab5b,0.4861773671156733
9f21d3f021ded79b,0.45937215353536043
5fe69ac7610324ba,0.5180925112688429
fda80e0f061a2a2b,0.5094087064066759
e5f50a39b4e83fe7,0.4856715946638242
b7ac8ea60b369ad0,0.4897389082162463
f4aefa9fc2e0d241,0.5107454041843531
0f32bcb05a22709a,0.5147657106665049
13334ae771ee01a2,0.5057061387937647
d2596a53564c0b21,0.4968434867580799
1a90578444c1c9a4,0.494181346707363
38767f6c13ad1bfc,0.5004616032447875
8d312d36ba150056,0.4937405424871376
c4e9fb7cce4bc726,0.49386988665151066
9ff220beebc71a5e,0.4880701552720794
24bb5e20d933da44,0.5089967113527606
42f6ebdc63da37de,0.5027481160273594
39f065a3b51d8011,0.4944676649279399
adfccf4de2f8f9e4,0.4787667426584102
bb73756443a5eee4,0.4963278634142992
0d9c7ad016175e4c,0.5002631330101198
01d6dee3fee929b0,0.47583815493940584
4c94ce26b7eb0794,0.5014114137442407
184edb2637a41d50,0.49716549458345183
b14c8ed6d2ad7039,0.4812577122639162
efdd1d7495765245,0.4748734212751321
affe3b0f590fae77,0.5221584172701701
3edd7de677b91b05,0.4997204047614151
ba9e4528463c5dbd,0.5087795450659707
8be8330f2029f548,0.4833012823371632
df6e6d77a02918af,0.4909369524355003
33d9746c24d2c070,0.5051782980964151
e51c785618029ad1,0.522260993357544
d53ca1e375f1420d,0.5053686899725283
d4133e84363708fa,0.5274000040952059
094a4df459f84f9c,0.4770359432269424
c95b97cbc9622e38,0.4926881451012456
8a243d50081a0a41,0.5120477413487219
f6f2fd05daf66b4d,0.49059639546359246
3b5e52e54ed29ece,0.5205949560048625
144d292add5f41e9,0.5077542707010766
49aedb77fa2fb4fc,0.5211813974245261
81e5d80b657413b9,0.5212230911995916
fb21fa126522b6e2,0.511273699032181
3451b921fd37a93f,0.51988757498011
e25080fc68263c8a,0.5243677570925007
64f0448c8bc4b1eb,0.47598227943055316
ed89496194aa19dc,0.4900704645816145
fb22f7c013b24779,0.48681461027519957
1590a07714e8a656,0.4797120966827333
54ae2ffdf139cc38,0.48751640083709974
96bf13f3fa835169,0.5163103592749261
559cc1345795571a,0.4877430806576949
325ad194b9f588f7,0.5244137235162087
13ff609306472199,0.50627581753437
3c87f31b6953fbbb,0.4875778435166534
2dd14f20786549ef,0.498263425595336
be72fb5da729ec70,0.4841716105549902
dea2b01ff6868477,0.5169093644175106
c7ffc036c6fcf66f,0.49549016526570605
67b0cdefddff90ef,0.5139590858940489
eb949d7c7beb6354,0.4956509626313066
72dbbe8ab710128c,0.5206715156099062
fe50a3aa77d27195,0.4860512676166717
b7dea5f446a371e0,0.4786500843714083
3b6627fce4fa7c6e,0.449069704301587
5766e8d8c783a487,0.5366477423429236
818813e68f11c85d,0.5092680950769977
4efd1ededeb6af5b,0.5141262594514282
7339d8d336c0728a,0.48394002507651396
5932b86b513569c7,0.49095026213127774
667e3c34655efebc,0.5166244027450033
211cf2ea67620b3e,0.5241115550662566
73ddd41ae18acb03,0.49202486143686425
b7d7b9bb940bf7b0,0.5008631605025087
672de9994012beff,0.4921202652347303
1fcb989eab73caf4,0.452315155869756
1a8eef4f4936cf0b,0.4932345682628343
181bfbae0ed5b503,0.46265336792390277
0144b06a9d5772ce,0.5422818962870014
a6d79b35c359d2ca,0.5088933599185816
adb1f5a83ffc8956,0.5381421779533822
7fe7578307634c36,0.5265913306126954
ef916f6bd9bbf8f3,0.5192352625286352
261b4b9303f16955,0.5278047392753138
bdd3d57f2dcbf24e,0.5002065746275074
87478ecab9990b69,0.5018871513794939
00903281b49f7885,0.5249334281804366
faa54ef489380476,0.5106049782102174
afd67495e65ca43e,0.4823717288075514
3cfeab5f2a521bd7,0.5345789405205046
f889243e554a57b9,0.4891826501794401
1633226e5baee1a0,0.5293339457631261
09429539f12260dd,0.5049318182550487
4642f19a02b65fbc,0.4820856994697395
454379600a0d58ae,0.5209042754252974
806b67c9407deaf5,0.4696858596985293
64147a091385f1dd,0.4847297874601124
410684a9ca496c4c,0.4950036651734544
198aca03e558bad7,0.4991731592854146
19112c76b72e70ac,0.47655845046462664
33cdd595d6f64465,0.4723358301610837
b678efa350251d1a,0.5121221920772743
2773ef74c8379c3e,0.5117075364251713
21a85668c56f4a28,0.5023157618406167
ad44c67c941b730b,0.49850200937729405
afafaec6ed7cb894,0.5082688905350865
7b2afaaec11da7c6,0.49362687684625556
14f8df83cb5fb959,0.528541219773116
2fa6287a9d075ec1,0.4778749549546929
a20301029a5e8b78,0.5149198888618272
64c226150b42ee5c,0.5226814588653957
7012b66ec38b6038,0.49202554482256156
334a43b3d7746442,0.5195663668267749
3e39b50358f01b64,0.5285549410843947
dd424dd258080c0f,0.5066009123869575
b6815449a050c02f,0.4779026082475256
786b0bb1d7a4dfb8,0.4918226319199452
bfadd1b4779947e6,0.4962416683081473
23bda92c60bb92e1,0.5237552283395853
20f374eb224e1a7c,0.5070403430963799
04bc6e2ce35edb4c,0.5133374524634597
f5fe2d58beb86d40,0.4703313690186801
203f3df885ff03b3,0.4906707038628044
ac5388e6680db6ba,0.4840050440178576
20a190db150bd0a2,0.5028761439202883
03b8f432ac8e3226,0.49518581995274213
800d13aa581dc05a,0.539769398150395
32ad97494e39788e,0.5153428034742805
762f69f875d0a0a7,0.5167522972655145
7102288564065a58,0.5331142380287425
a244d35bd0a46b86,0.5090640918223877
9fd85d10d8d80cd1,0.5062172224499295
cd37f417a290a412,0.48671655835445715
087a61efb373df95,0.48836761891301206
5cc1bb67fc9fa495,0.4899840406188475
38260167161be0f4,0.5029236745615209
377d6156aea5f7b3,0.5134510723954991
de73631ba462d9d8,0.47007711830515064
c6ad617675fc82bf,0.5196075853849514
53c0301b075c4edb,0.49981660747611845
d5d5bb7bc7475a6d,0.4989354636527822
2785f7c003032f79,0.474651020113487
bacabfcb41e851d5,0.5243612589038926
930620d9c45cfc16,0.5025609153053193
a2253bc60bd26111,0.49301011643553827
48be98b0da47a60d,0.4836174890404739
4192611de72c647f,0.5267820991473292
0a3e55a0415cf1db,0.47448036161211293
94a41eaf6c166f8a,0.5016087987198967
65c588ff0e6a0940,0.4782342737555144
7316f0f5207cff7d,0.5089502514843492
fb48d6120d40241e,0.47060365943750243
83e835be4b7da5bf,0.4885817596374492
be007ff41dfe8e33,0.5269425917055552
ae762981ec3e2222,0.5147551414754747
9cde4da63a470364,0.47456253307498
1e641e6a0e15cb0a,0.537072121477498
f1e1bfceceaf5b3d,0.4915710787908737
b33a9dd2d6116451,0.5010810231596496
6a00f8682a96e6c2,0.47459136992616335
4889bb3fafff04a6,0.4487025953524304
d83965adda3948e8,0.525236024028499
35ebd3eb17d43331,0.5111976006854919
4fddbddae3f8c321,0.506439390534352
279f5d02ec1d4618,0.5063397887483537
18dc05e08437b19d,0.5071087999028127
fd5e41a3afe867c6,0.47539875982116897
4dfc9b4693d64425,0.5146108507894462
38efe84b2371909b,0.4738951567287631
d5ab3634461fbdba,0.5122419518069752
88ee52d04ccee47b,0.5232869301593895
311d0a7d1bc40182,0.4861917519034966
ca3eabbb86d9d394,0.4961039310026297
0839345320590491,0.49299061022074964
3166da0225b35bf6,0.4929567888489296
4fdcce92f68b7529,0.503443441187076
4c0a03f188fa9938,0.5005085149235036
efd671b84d562241,0.4916940045727205
a1be96b06611a4a7,0.5173048728151949
7c15209ba7808ba2,0.5141397833165773
b4fb7e75679d28cb,0.5172730581579573
095adfc07a65ed27,0.48302290847889884
a19e6a028348c708,0.4817520364819716
bb5e510a6639b43f,0.5085325423711377
fcf27b9cd834eeab,0.4682784990637249
dd9e809656743e04,0.4779325767905227
9cf20fc9b8513a03,0.5310374913039672
d929256e10f5e94b,0.4885686748370026
c7372107d1356264,0.5241267182837721
fb002ae965e2435b,0.4828367507611245
891d7ae2edccb735,0.5105671415963712
33b3795f9d4a8ef6,0.47413643124990695
bd1c976bfd04983e,0.5294940942756724
22d26961eaf80875,0.519978042502366
3267d0aa9600286c,0.5124325038737826
f85b98ab9c2071aa,0.4753445109129595
4b4c86d64f258caa,0.5347569523004526
af271d6d690a0b0b,0.48578231405765104
8b1bdd0f68e6ab19,0.491825909176025
aca740ec2df56ecd,0.5043731486897044
66cae06936335046,0.49493278313618727
8aa96ed1f09b6e82,0.5141363492252826
fb089d648c0fd719,0.49798547513462665
b3b39f3310bed9f2,0.49594404089006894
4c9ddb6a1c08a7ae,0.48528710370629013
8dafb6cdb58233f8,0.5346681610118019
8512f25e0995f115,0.5077852992914256
3e89b24f6780dfad,0.5149865918480947
811b5cd3d60f8f01,0.499972970312866
8cecb78a9a20021d,0.49235978523069934
c726d19506a1a864,0.4813083508244567
bb71d5690f654fab,0.5197387570618481
01fddb547603eef0,0.4941034102025441
c6592de36f791128,0.4694379788974037
ccde7fc6a8ec59a5,0.5008506057557538
ba6d1493e3a1c1ad,0.5168592331016075
7dfaf88276d52a5e,0.509484627270838
c09d65931e21624b,0.5172684843830426
f9544a6dbd4caa2f,0.46957170649897634
b374ef23d5ca3b3c,0.4781485835971121
c51f8b67a66b5aa4,0.5316935216062586
4793cb7dc1d36c4d,0.5186497651625057
c4a77a4226cf0e3f,0.49235082229389504
11b46e06959d7824,0.5124239855912248
75083fbf03436018,0.5168810781184264
44cc96b7436e60fb,0.5080378953589038
9c78ab8c7f52b1ad,0.49333314009233764
27c3ba5b3d6374ec,0.4910622225151028
09bad77cec8a0ea7,0.5097302236038086
7e5eaee69f7e8e60,0.48023262855095095
9701beed4cb2fd40,0.4835856188292804
a886ee5f5e57d356,0.47192011862568073
43322ba6466f83ae,0.48921349671351333
39ac7a6c910dc826,0.502471846107581
a7624810eab99b39,0.4913298317649095
27ce336c13dd7f0e,0.4837479108252911
35ec56371ec7bab3,0.49312189290037967
1033972a8d27b8f3,0.5396311307528452
246fdf152b78ea45,0.4783098686003163
67db089b7a0697c3,0.48728496913984115
51541de4865fee3b,0.4963245072160902
2e0ffa5c733d2a47,0.5090008322978046
c307a7a1d2e93ae9,0.5182083928127798
60775afc974d2192,0.49562136263941536
1af8370aec8adce1,0.5197548024065322
7adaed59e375f94a,0.4852095979339075
d3f971f17d9ab0d0,0.5124817841338654
f1eff57932ef0f4a,0.4952984124441986
b41ea8380984305d,0.5276468546476087
dac2137cd3aface7,0.5162678858631122
48da40bf199dedce,0.4765279636500402
2c36f80cd8d50da4,0.46088914120792557
e45c5c285ae25a13,0.49473935709021877
d57fa89c692abe6a,0.5001670619890908
0d5b889f910953e2,0.48850612345684263
a2bb73ef62a1fa41,0.5242379723270743
161e450caac64b0b,0.5045361783122035
870239c07fe84d59,0.4921411471199588
1a510d36c73a9190,0.507837518402377
6365e056680facbe,0.49782097495531386
7e5efd56e82bc148,0.45579555737803
8ddf8d226ddfa267,0.47901488006634474
aa2927ee663efd7e,0.5120665215263464
1969a71e6c309cce,0.49885869185805437
33e3103e2045fa64,0.4863781246831912
79d3953d4c100b9d,0.5502092754672121
8a0bec565c237aae,0.48255402189907404
e7b2425696ad04e1,0.4691238651790267
1585c48da5187cc9,0.49427716955364137
b508d898d174eb05,0.5120407491261074
ae96ed3d88eb7aed,0.49311997602570623
3780b01a20d9aafc,0.5045585555889666
5d2ea0bc3f49f99f,0.5168536798059054
609566c49b16621d,0.4888362544485432
52a50658bfe832ee,0.5144316532726587
76655f684bc2518a,0.4719723170731611
507aa51e38d00459,0.49568805770972446
e7edc5fb783b818a,0.4852331339000733
3488c9b765c1219f,0.4836666657336233
60726ee6707bab89,0.5205150007713583
724b704c54783fd3,0.4635856998088277
23405c43202f489c,0.480185052869161
0a275c8c3adc1e3b,0.4839339761352427
ad727a83295f79c1,0.5147932212860123
9fcd517a3727524e,0.5121496442875808
c1a15f34e5189a8f,0.5091784183720965
ee586308edeeb5fd,0.5036156410230307
61323c4c907b9667,0.5253747489120777
dc6ad9b2ea237556,0.5128092425084769
fc261535991f079a,0.49598925352166945
199f8696fe22e8f6,0.4977608701639413
80c803fed1e7b815,0.4820632609501736
b3645ff1881e6181,0.4986910473586964
f077bcf8ba579026,0.5178299233422234
c98984325495234b,0.4996668286499011
2b1acfb2885f0207,0.4919647675826895
58aea5fe94bdc9f0,0.4807178929587468
13ce2e76f9ac9797,0.4952800305182795
585b1ae5f2fdf9d8,0.5121831044856298
c02d00f3c935fac9,0.49478933294239025
961c1ecf22020dd7,0.5104070974108548
34a2c0730076cd51,0.5297557881488164
f08c72208c842a80,0.5242588811318896
3d0365b300b08d12,0.5284045367579917
7698d1646b1160a7,0.49364831777983564
46fe0812a4d6a0e5,0.48927862050484133
1992a8cfd9dcd0a4,0.5270163590758312
234824681fe92370,0.48079781788090104
66dae8fb83f01cda,0.47828069238424087
565a8741e734fb66,0.488459708484001
85796d3a4623f1b4,0.47719100063606557
980c038df259aca4,0.4917228224369242
847d49fff22ffac8,0.5152613789061
3ab579aad87803f2,0.473691867286466
7c287939d256c04a,0.4847669622726811
9b56b63c1ce61e36,0.4769863422235155
2b2beb4ade849fe5,0.5147559253636298
ca97e3a639d0f212,0.5115841236586798
cdf0a515724936f7,0.48420919960978165
f0d9600d63271cb1,0.5225271928279202
61f6d6cd6e8ebecb,0.4985630686745878
66bb128d75c1a31d,0.5044977729610444
ff6ace3df2f93fd8,0.46592722923942975
174f6de5e6fd0ce6,0.5289150181411933
f629016e686c93c7,0.5136474698437736
8a5cd96071aee653,0.47278217025860203
47a56fcce1a48c57,0.5254155077110857
bc218a229f6dd8a3,0.5070734377854217
6700a0d8cc03fd40,0.5055785902661565
bf07422782deaa4e,0.5192984798923398
67e5b268a06fc16c,0.476803919134837
775246a31de87040,0.4975652345016377
a8c96679585190f7,0.47817481004225937
85e8b073ae9d6cb6,0.5126132147922164
8d783fa9a84a2016,0.531868748379085
afa9ef8b36efca27,0.4654880884297431
292ad72f433b2ec4,0.4785932414534597
543a382acb950efa,0.503529668132556
97eee667e12fac11,0.5159973920760893
f1594e042dbd4135,0.4873929930690375
c4acac79bfd54ae4,0.477653617148774
f1bc5cee7cfbe74f,0.5052226087389955
25e346e1b0340347,0.5144657815940092
53b71602a81f5c52,0.5142366782856151
6d2d4b17736e595e,0.5068730545267514
f652427f39b6f10d,0.5303346854423101
1437d0c59eca00af,0.4739606684368293
d8980b5b1d68a4ee,0.5295871712172546
442b8a915014e871,0.5130293744866915
6a1e5bce20cbbd53,0.5134818511342144
ec75dfc7e578543f,0.45878549273631475
94cd35193b228a90,0.5274250146425868
15617a2281e76896,0.5050631291203255
ae22b29ad0d98702,0.48173394234090616
3e5ee530dd802ab2,0.48531743351790496
9304c1771978ab05,0.49225459032991004
635d5bab100147aa,0.5114950433934458
cf12cab6ff5fa6dc,0.5138465825767626
cc7ce49efd47f0a0,0.47704899324100536
20c507d578183dfc,0.5077086755195369
e29e2bc7c3e6ef41,0.5173732072029088
61e270d51cee0fe8,0.5066601589023062
a1cf27e43a150760,0.5306097419360177
9bdddc292578558b,0.47256375891623204
fa0f0cb920abdb0c,0.5337963773900207
95dc87b7553104b2,0.5163361857576009
c268681605733a6e,0.5078556872988484
57f8444d376ead3c,0.5178927808505125
1eb08c4e2e2d0a0a,0.5129343205880734
65f04a475e60bc71,0.5101946696120087
54b86d86b2c582db,0.4948595536810628
ac660728eb9adcbe,0.5222972433692468
9dc70760c7a65427,0.5316926502505874
707fa7577b28c00b,0.4858479268757917
dfc0ad3ac006f7dc,0.5145268746097914
d02c60d97c52824d,0.49690874274586316
68735cd4123d2c31,0.5421499702793244
e7fa76e1a52159ec,0.4838629115855343
8e2a48702b61cf4b,0.4624882266359181
7b4d442d12660d2e,0.4768114894544797
1879fdf1618adb5c,0.5185407471959242
28331b7b0b1598fa,0.4816036611496896
c27a3cd35a718f85,0.49808191048786776
003398b630719a7d,0.49184513655191436
70b9137733db97b6,0.5102094466805495
f0ea5635eb777479,0.5110139516547405
e80ca1e08210095b,0.5259240836698753
033b8feb5aaae03b,0.49539529345857014
ac6a54139c7c9d37,0.5085330315453861
ebc95757b2947172,0.48106338340316823
2fcf426035785728,0.5045509007259474
78996a14f02ebbe3,0.5052465782687514
a87e26d221511c94,0.4669820362698026
c5eddf448403ab6e,0.46363078013732556
e8da0e67e35aa293,0.5164646863374538
88b632eaf9356d3a,0.5122594897210497
85571b011c6fcfaa,0.5206504191997656
9013d63ab473f952,0.5105371477392783
960cad37cffe68eb,0.5029493424209945
e247eb8f78f75a9f,0.475866695504195
80eaa51c4c8a00ee,0.4969319065893575
35849a3326fb87fa,0.4700841061879749
d95e6b933db44247,0.48000413471016357
c8d99c2ec6082321,0.4747540205913443
c9aea5e1048b2e51,0.5224496448510303
e01947dd147cbbce,0.4736316437949359
ae79b75a13c928bf,0.5003348964386976
ce571fad3257b3f6,0.4834506457356465
a95633f51ef3a7b0,0.48704493915195923
297c6928439e696a,0.5154359612940995
a4d78fd9f9ffb303,0.49583673370501313
2dbf5dac4bc14af2,0.528053979566962
484f57153280140c,0.5204536014851524
db3d92a2887ed53d,0.5185528651219325
0fcc2eaacbd92a61,0.4682721769210362
3b06de421485ddad,0.5182901925834826
3ab1395e200e5b42,0.519645326379112
8b607b6592065a8e,0.48997264721069245
a58b1c259179dc09,0.5245161838122384
a84f2ec64cddb96d,0.5271063943276838
794ec7ff88727529,0.4832028052621198
7bec4fd7e9a158f2,0.4903766590174248
bb364b5bbcd978f4,0.5104986759942604
89b648a5f0f0ab12,0.5041402697131916
63de8d6c54817aa3,0.46067866063148455
f379e9f71ba0c23e,0.4951687074669323
a4d79f83a661fa2e,0.5121269288124382
211b21d15b3b91a0,0.4976954150060894
1186f6b426beed22,0.47281343811408016
8dbf55afa93fb576,0.5089608614044979
4c37d40f77654769,0.4994767294032695
282449c18b62e5e6,0.5377850889540688
12472f1c83854116,0.5263411630807051
eb624c530d058714,0.4973785478092308
916aa0618dc412d3,0.5154901956628931
b9f7f01f0c234a62,0.5108737467916628
d6a72e0c5f8c9277,0.5006573474876821
888195334e946eb0,0.46088629946261006
f1aaca6b558ffaf2,0.5018064702532257
cfd7c6655e63d480,0.5422691044938072
d54c579db2ee74b5,0.4605212578082337
3d05c28ee2849928,0.5314812452291149
88653ba09b9797ff,0.48296980468495976
270649bc52035cbd,0.4883734271911315
164c0240a44d6755,0.4906461684415301
71d79d68a2b92f27,0.48870032696665267
9bb25aadd2b3bdb4,0.5308873676395094
b3c62935a53d8997,0.45207719997648654
e850d24192f9e415,0.4706408323498062
0834b059b33fe386,0.5270850504997058
57cca7c7ea10b6ab,0.5033800778493103
39483c2d8174f1ed,0.5281501846419151
4df07eb70c71ec51,0.5248090326103434
771b30a38c390789,0.5096730625271271
65037a69f9336b3b,0.5142916826759869
97bf39056279f7fa,0.486913601058905
1a2d12af54623039,0.5161905482149614
e649d739e4cbe4eb,0.5420707153925374
7c35e8ece8dd52b2,0.500148334986076
4f679f800c6abb6d,0.5110864321859862
42a8a8ccd4f9f9e2,0.4918588651293754
662eb31e5ca29cb7,0.5079200288473704
39a75d0fc9a932b4,0.49691052683678555
f80b6c96f9ca16ca,0.4833078445041468
d1112438bc117eb4,0.5063395117555142
2a23256f8a1b1dad,0.5129739890694616
e3da84e292717dd8,0.48218942961523253
b3da0bcad91df631,0.5232727383276297
b7317d34b8035aa3,0.4960938792801498
263b44530f890156,0.5164867957490437
4908216a464f51c6,0.5152163449602142
d0b576af5fedd973,0.49738831168374
d53abab056eabccb,0.5051056775103885
9947a71c07c08013,0.5081978747673636
e3f83e6765042b60,0.49899016925397066
b5e1fe2cd612caf7,0.5025833902559815
2c979dd3ae786b0b,0.47464008632631904
37ebd133842ac652,0.5143348974926374
8d7452fc00bad24b,0.5248341867699197
be4d73360ad37873,0.4993922137341634
40b14de62d50cd96,0.5295165893424656
e8b95e5aac14d285,0.45556312734178955
545aeb4e5c2808c7,0.48975434179051097
3ea943e815e609c3,0.48654312577507963
9c3663c00fb99ff6,0.49871104599974847
6806a16705d54743,0.518596805608259
9658ef3f8e3ed080,0.5186513831800311
72aca7fa36feebdf,0.5427683761119154
dfe86e43c4930991,0.516152453300726
4f82ff5b5651d2f0,0.47874488882035304
d13da56afbdee207,0.513490358025123
0dcdbb940af66121,0.47768854211842515
0e09773245767eac,0.49009943438616654
b186bc9610e2b533,0.5217427469096212
d54841a2e0a4cca8,0.5294835706294005
166c017caddab251,0.5255377493952234
a23f0288384f2f2d,0.5005248839556985
4886d310e5914363,0.4738600872115718
41edfc6111e88f1f,0.46480263467951094
0f33a4c86170e40b,0.4954383459758629
19bac5bcc4414e66,0.46674906349669887
88ddba34446d1ade,0.5007646502547495
a8dfc97deea7f5fa,0.49559844036082695
fbe5da4001a21c4a,0.4839089464409597
8ea535444187b6ac,0.4876272035667082
1be66765efbe9174,0.507933863099596
05f16b595e33f77b,0.5070562562243859
3fb3259efef9eda0,0.47944800210053495
43836f5657b092dc,0.512675735553962
26ac42441170201f,0.5473958328893114
12a4ec2031ef6174,0.47358867829864004
d8e7f33605a80ae3,0.497192769191363
d6bde3bc380d8735,0.5029874642959481
9e0c178f3e852551,0.5384811950065065
88a6149ecfb1f651,0.4898337258813551
54a33fc8125490a9,0.49267293150898495
2930f4f063583542,0.49729441210819514
5092541f5024187c,0.47311945292285695
e78a593c9b385330,0.5083286714826982
a09be3a8eeceee6f,0.5278338652744612
7010ac1b44772de3,0.4706377653044576
49a17880c454c7c3,0.4992751062382629
4e36cc0f1383ebd3,0.5449252473241658
ebdb25864f6ce1b9,0.5034474377698505
bdb72360a5581c6d,0.5083898698420891
8c698e0fbcb6a090,0.4904428346211339
9c350ea7550d8378,0.4738454846746829
a8b88f7bb8ca6361,0.4763392867099564
3d326c98287fba6f,0.5175558644167761
f42c01d8b045f708,0.5216807453384555
8e5d62b3ab696aaa,0.47851043192352954
6224caf3c72e7ee3,0.5106492022663234
926fddd6b2ee63aa,0.47096963385086266
922cf50522b3b88b,0.5195892776591173
7d0fb10204af6166,0.5102496179676292
1a76fbd031e39a6b,0.5212281211832135
fd68ea29d356dd75,0.4737156569086636
03cc36191251ada1,0.4850405745180687
99b5bb0b92d8a55a,0.45950672628214007
aac02a9d632924f3,0.4723200636793413
5d220b8e18201d3a,0.4731927225713157
14fc1d6fe2d4e69a,0.5366696759697285
35e119f52196b1ba,0.4869233971056118
40f1234b5a30403c,0.5086679170500199
d59ccb5d557c022e,0.5153550139313094
0c385e728de38f99,0.4743574335435141
f8683477a2ab2ade,0.5225576524069924
511fe8f39056b9f0,0.47313398890425107
c99c5d897170f156,0.4995172963482871
9d753071d21e6c36,0.505234921043328
9e9289f66961c664,0.5108003281721418
5f8b0d75fdfecea0,0.4855307324187304
9dc13c482e059e6f,0.48512798691986286
3f87fc97c66a3191,0.4981706657778884
1b3f3ffb589858e3,0.4811342482476607
5358785efbcfdaaa,0.4918496997953621
57193bdf5b9a6b42,0.5197514584720535
4ba6c061c5bcb057,0.5402012769705601
218a85cad268eab4,0.5050227259427582
f93dbe2cfff78101,0.5010784873183466
a8481146cd533ccd,0.5068615573613326
84b0e8fa750b7a33,0.4663069270437934
fdcc76060f099b01,0.4798827783817546
300a47eca14f8974,0.5067941640059138
14218faebac40dda,0.48945147856884313
6df2c2d2e3c3a7a8,0.4893702576312714
73b49cfc1f3e9dfe,0.4692406274504446
7f686a76e0a43e5a,0.47979240518820093
bf81324a27520bde,0.49070366787626896
f5d463ec64cf0b0d,0.48373726291277186
7b0554b8ca04f697,0.485833434735097
e1b2fbbaa6be8596,0.48891971571487913
1b881aaa4217102a,0.5142959657701616
c212840fd1764342,0.49987311045475713
ef314439dbb365d6,0.4950794243469039
1772dc13f02d39b7,0.46367915355886385
b9ed04801fc7a354,0.4908767788843885
105a3d1544b0f94b,0.5208484784193015
78654baca9d1378e,0.5272021058651434
9bc2056512b6d4b6,0.5224147228843051
09c4cf78e2e7adc5,0.4876303257729643
b2555ae21207d05b,0.5237585943185664
ae348fe15c764802,0.4811455087829471
f0124c71b8a4ad33,0.5080224140003318
b56dc4e690b38942,0.4761009758582432
f780521ce14740f3,0.492410253453754
dc6f043604dd54fe,0.49327589428978424
e07db4ab9d64f3ee,0.507262878048317
8afd23b140e4bcb6,0.49610028900136005
11bdf36dc7a35404,0.4710583124549514
4996a5c048b055d5,0.5116507160334507
623d8021b7d32292,0.5312671641217179
9eaa2f70288d4b3f,0.4839019443665725
9b0054be7988059a,0.4930880910220906
3952d82f6df456f1,0.47843328136137275
8533f9a63a9367b1,0.51110330807545
391d9fb2c3bd6fbe,0.4663633487215224
101b529dd70a1e11,0.4872608445459146
85b19b6a46b45156,0.4930016157239673
a4b17c05d90ca2b2,0.49193338313326884
194ecba02d51bfb5,0.4839463086923702
20a12da2d8890e93,0.4742936212655251
2df9214ba1de660d,0.49356358250698634
bd7e307eb75933e1,0.5040047478156355
5e0b0dbe5ffe6e83,0.5386522305152338
bf3a6cfc9a1f3c80,0.49057421386201316
82ae8090ca11b2e6,0.5148755387102093
4901ed9747386ca7,0.5254045557720987
53084b49be13c52f,0.5193629940982006
0263cc51aa1acd4c,0.5006954286980541
41e313f2355b137c,0.48936450221100186
51a37cfce403f12f,0.5060150209844907
df4f484e6719459f,0.493156276080313
de7f255e061d07f9,0.5112459069336361
741683772f1576c7,0.49851643631605586
54c7fb2af01e96d6,0.5162485308361655
24c542dab399c685,0.48986898628693093
a1230bf06c58290d,0.4950845942036437
900e15461a12870f,0.5348263262150277
c089536a25834f70,0.48032485950917847
afc3286b544f0040,0.4990942355505342
c61465243a2221a5,0.513283240712803
cb1f20d4bb93c243,0.4930566546566772
30725d20e5558b56,0.49698834140524795
94ce3e10e75f90a6,0.4905044915200043
48d0b89d569495d8,0.5086522640077942
ff1ad6d36283f697,0.4906343540027781
72be68b75d2c814b,0.49044495670575894
e4b90062b12b7030,0.5287236040184962
d6323a665e446722,0.46385215933898316
2d37f4baed1667c1,0.5160423718165372
05781aee37a18dac,0.49742989049459174
de24d558a18a9f32,0.4927278827575053
cb44379989560ff1,0.47859417389450887
eb333ca8ccdad2c8,0.4981643487810159
1d5cf29e044bf468,0.5116770090521611
172401cbfcd665a3,0.5118291984710821
8247761544773a90,0.4674038668150232
5f2c0797f7cb831e,0.4958295479385984
a7edbfd2acdf8ad0,0.48352483648281375
fdcb685349aaef9b,0.5091324204719461
1568e5a308c50e7b,0.5178792596359805
53f5f1c7014efbaf,0.5242189136334799
e992034fc58854a7,0.4847726422249943
b1fc334e48e20c8a,0.46397897793414844
ca9f6168acd90b8b,0.47100654891272403
929bd47a71c6b958,0.539530606412728
f7ee05e2b2ea34e4,0.4926026398092174
2f3fdc90e73536d0,0.4777239153274519
b43f6d156041778c,0.47556236848123146
6b0740f130757056,0.509171206565276
9f1200bd8ef18393,0.5129072850457066
bf0849396acf9180,0.4725157539856204
58f62b02898dcd7c,0.5114816922428277
825b360a284d4a2e,0.47830059299781175
0274228343b0c7cc,0.5268920568848465
746ca6b736caea7b,0.47386623500157854
69cadc81ce7e015c,0.4882148873014338
295dc3bdd969b7cf,0.5006237913170019
e0c7aeb2471c9ba6,0.541706932359423
a7c128e7baf08587,0.4765989171843821
74ac5ce19092de45,0.5052439251160098
5642496d768456f0,0.524450701896142
9568d09b37d48147,0.5108940492907401
687eb07ac1ec9aba,0.48682770494416516
1131d59f818ebfc7,0.47396394049401397
70d46c4ad271dfcf,0.5181558148677414
333d8235e3bd1acc,0.4901004384307909
f9dc0ee30937f393,0.5232062114128416
e2e48b863ea7d61c,0.5225563080520934
96ad67d29a15ec47,0.5197007144123398
998b0ea49069c858,0.49555611627747664
cbf500fe483dca27,0.49141282400647396
32889f39f5c7e4e1,0.5036692412505455
f87241418df6147d,0.5218219980707963
afed174cf13b9d7f,0.4876393794938365
d52f3c40480519e8,0.5012850269133191
67306d595867bdca,0.4757013779813809
dc439b5c79486948,0.496060793760934
35089dcee9e9ba1c,0.47412882587373595
61b5d6ef5f241490,0.49557116096107334
45f5713dcef10264,0.511381982503833
2a3053d58302242a,0.5043431746425594
0998f38d4d069491,0.5212178101534117
accc2c8ae67e6063,0.4747300858142346
9f5292cbd3806d79,0.4863507233771459
1fb85b95e91ae45e,0.4829835587588167
faa0394464cef2e8,0.4810624790595294
af95309c63fadc79,0.5055483289143166
b8b45d6732b08fb5,0.4952175950324389
66966f55862259dc,0.5204817225245533
608333309da6527a,0.5177634097590117
36dc5921a7d84ed1,0.5125459316853108
27813742ebfe2b33,0.5002488544111039
211d5db960ca61c8,0.47152763820960264
5b186ac0d11513b9,0.5350292306117944
832d1c008bc3ef2b,0.5145309948531555
7d4e4f8d7d40dcfc,0.49625083069133447
f0dfb22c3a27665d,0.5088661488216673
407451c452cc5d17,0.525592320633171
56928312feff0ba3,0.4913955076470385
9454541a6582c13a,0.4941897090370698
e6e2f33f21d593de,0.45859095343831996
eaa2910769614f8e,0.469871078409577
127bd9796d970cc9,0.48557003646243413
169858f0ea055525,0.46897533964566185
47a3a9c393a619bb,0.5058865684249602
d25e98683c74aa8c,0.48745202670629173
4f2ec1f813538809,0.4992668037749305
8e5753d72777a9ac,0.5075000091349132
d9cef172341ac628,0.5229823097205542
d2c6b2e087495365,0.5051241794676496
5aab483da67d16b3,0.5040281297901776
ad319fa45d964c5e,0.5298763134446483
730d677b8c968e37,0.4618932727816826
b1e38b684248bd0f,0.4974037083707432
ccd097c32d7ca7c0,0.48646582403399286
4cb0f5de29f8b8a8,0.4981974911360635
902aa8ae7819a527,0.47512262907116365
36cc1fd78eea46be,0.508563517309901
5b8a6b0aae157e06,0.5285804175801726
d371f4cddd5ab580,0.488736370286209
a07311ae113f1cc7,0.5195404067284692
8ff382f017152a6b,0.5105252673011361
bfe18fe096f61209,0.5017570849351026
97f3a3f55f767d91,0.47890471353413816
a4058a2e4bbcaddc,0.500257942134809
6dbcfd20040642cf,0.48139532070377955
42a6b3c10ef18f02,0.5115689900052962
9d7f6f4e136504fc,0.4919247342832993
0165f411bc818cb0,0.5074445224263867
bffe1b12bbe69fb2,0.49434206690951743
e01b40b1d6f30df0,0.5144750755913502
3201c568d1d26470,0.5246057792463927
0affa4eadbf1db83,0.5189115985745271
ddd3b7b0ab9f40d9,0.5060344933148948
ec738c2ec1bfcd80,0.4746874483729544
906a954f8e1fea07,0.5343896819767553
cdbfc59fb04fc180,0.5165716832497194
2d4770eef88200b3,0.47045918292683875
3d18600bcebb32aa,0.5053952242099562
3e050322f92541d9,0.5023942408425623
1221e13593768788,0.46058898264490356
e7ea980a9b3cc8c4,0.5031926124575564
398953f786ac4845,0.5118676829109738
e8efc32edeaa174c,0.5098167596271175
49f061e869ee997d,0.5228621716183823
17668415b4ad9f20,0.4900663457929758
81e71cda520c7c11,0.5021576812688567
7c48e5537ec69161,0.486986281421013
7b6ba45bf7c43e21,0.4957792522512027
9cdc08694020bc45,0.5181405382914539
60a026b4a766753d,0.48449045763493404
719db72fef47ca30,0.501812168013422
c0b5b808eb068fc6,0.49419308564608605
b20616efa1e51758,0.4876359671441909
d1c2190b7e54ae51,0.4680619385753869
88d71cf388b60bf4,0.49175487532131357
c2394a42025bd869,0.510106234148986
19b165b652dbcda4,0.5163822734907073
c17841139e5914a5,0.5198048289406111
5549a53bbf9d24be,0.5222147938182728
2da830aa5b2812cb,0.48645097479955357
fb36e8ea3112744a,0.48439918291205114
3dcfee7f0efc084a,0.512872945074422
16a97d3860c22e1c,0.5166452999958476
6322b2e3f7dca7db,0.5058017723897602
a48ff3331f89fc6d,0.48351924740172747
e07a96472008d97e,0.5246124721733216
42af4fb223127bc3,0.5091692925131386
4aa484762f1d25ae,0.5230336210901297
c414fb964c9cbb8f,0.49983975856245416
397cb89e6ab8a959,0.5148464993377374
2e9d9d9e0a6af0ff,0.5119941846728124
fc32ff9c59a22f95,0.4558192479416245
5783d334ad7f831b,0.5157228503007186
dbaa31f9fbbb6219,0.4930851590239862
93eb228beb06de30,0.48844966377479526
482d6bc5204e5ae1,0.50630335889549
7128efa4863f0362,0.49306958825777514
ba5809f410734a94,0.49249926702438135
a571eb5010a2e299,0.48523340173841323
ad6cdd09fea09683,0.4922779195229889
fa9d2cf12e72efce,0.5009146195290507
a8ae0f9ef30ce81a,0.5380665084087505
3b234a17219db0b1,0.47462168586116343
25b24a0734045bd8,0.508890331833119
771f41a483c9f8a5,0.5041009873991401
22a6c4ec274869d7,0.5073410985461759
e48895820558223a,0.44416919526622123
02c11767f29d0426,0.472385016168655
d686fd200c65923c,0.5135735813963929
adfe117f01ca698a,0.4564301657820015
69f3b49837e76dc6,0.483922859816194
2e72632e2ea73631,0.48691968690746484
3207b91e24e27568,0.49879019163780625
95f22517cd16a7c2,0.4833046136344985
543936caa0e83a72,0.4893125148352182
58c5c659df736b0b,0.48715815293024106
997b65e2ca34d529,0.48754002008072894
75bd9c566434eae8,0.47785834099589386
14088d0f66d091e7,0.505207025945755
4014d97b63499622,0.49631066667964263
f9d10471eb47111f,0.5216493757199442
545fffb7628e26bd,0.4969925423369106
9c45d75bebd4d820,0.48154219336801285
f710caef77284ef1,0.5162035288459994
e4bc3c14c4f4b1a8,0.49383018897489894
392b17be6354d3a9,0.5023433166239979
9cc8d07ee090f377,0.5042921905759827
b2fbccdb690a2b84,0.5111805702017822
291257ccaccf9d11,0.4869384757300017
c9022a6ee3a5d7d8,0.469342649619614
19a688707e160732,0.4706544872923948
84bef4f5323ebd93,0.5155452476175199
a3e5e1903e0e9682,0.48998353024999586
3b0297530613b732,0.48982725467623417
ca0fa3062d6f947a,0.5197718498088081
aba2a7eb167c6548,0.5141410398670264
7dace0a49f811059,0.506449657979007
522ed32d9fdf2d72,0.5137905302293323
8771c418cc219aa1,0.4978342708330885
1b8f8b528f041137,0.4795782929743474
a9112add272578cc,0.473639765008802
e722b584b816d2f4,0.5110750387581469
324dcb8fa3962b96,0.512153386001049
ee84f939a7ab4e14,0.4959355378049786
f7a5683abeeb512e,0.4978415444253509
788dec8bb41081b9,0.48582699517231454
20880910f50c0159,0.5089694866883036
a55d2babd6ac6e05,0.46524000714983965
7c5af2b41b2f1889,0.5044055289714497
af9599e0e687edff,0.5112628917963477
96de608fb997caee,0.4645123395471916
ef99f60d68f58a7e,0.5367551643349641
59d2159096523cdb,0.5216263201928214
606abd74dcfa442e,0.5242418621034357
20fdb4917e7e9401,0.48569144771078987
a3a5ff27339bb075,0.5212145579613108
b5ecb5c63b48ec75,0.5340173099125489
0a039166594e063a,0.4739795502423906
62bfe04683f51a3c,0.505458127024736
b430c4d5161b59db,0.5125477856386336
a385f4145be5f5d0,0.4758011901650127
904e0bfdad64bd43,0.523629775365608
0f4074528657c491,0.507259671397106
39e4468b2f4b7935,0.5102495795231572
9125b00413b353d6,0.4907483554223947
fafd8063bc5f5cec,0.5093638285403156
6b06401ff364064a,0.4955638647058703
e5c9addac3faca6d,0.4895991688263034
d12807d748517f6e,0.49808290362839525
828de307532bb29a,0.5335166816278251
2799da617b3128ab,0.48914344660808007
7b6d6ea6d9feff86,0.4675318402692414
0627c402fd75fb9d,0.5409008543742816
a1bb99f3b749279f,0.4822829441201276
ceac2c53c27234d5,0.47026321443187713
9b3de1b793447910,0.49237548911730133
76a426cfc81a4d2d,0.4859115740218493
abac3cc21ba1b309,0.4777477330460803
4e8b9323fa254334,0.5149602330399107
1a4205578a28486e,0.5233083367603519
fa7dfc3f7d4a1344,0.5158520640687663
340b1651b36c8645,0.4975748440639932
73cf2e26157ed703,0.5327088821767219
87add43c2ce1b06e,0.5080758529034468
01717bfb5b3542c8,0.5297461086862593
70ca05c9213444aa,0.5309013016651409
0684a9a80bfd34b3,0.4964668149522563
8c2ae373e2809c29,0.48532597328895855
331341a7f1c33272,0.5196962151875664
97078c12c161c701,0.5121333237448498
4ddffb1d8861cc54,0.46108156997658845
2dbc5e3027b4817b,0.5040382800677452
8fcb717c71bb3cfc,0.4961329087350879
58ed220fa88a029b,0.4806251829398637
fcad4ebd837b0031,0.4977763660918473
0792e52fe2c9b711,0.5189176296570885
576de6970c4ba90c,0.5184674506465348
930888a00b16e315,0.5248125705596733
bb00b59f720aadc8,0.5111509366739958
05aad23e028bea27,0.5038384140681005
0ccaef7346d2eebe,0.4949554842823689
bc31c0a97c89dac1,0.5152937358484422
239478b0c695aad2,0.4963690036392854
6d59238e91d3c6d6,0.48634800181775745
02b6f6002980042e,0.536940591372441
0164fc5fb575ee2b,0.4973379609088856
d8ba5ce01fe8a09d,0.5287739020008699
173b378df818b167,0.4553532951390765
7f5edae9b09a208c,0.5064937360801973
0b5662c2a594c20c,0.5073792191796994
55ba1dbed1a641ea,0.5199416583845907
c944ecb134192652,0.5191326635484262
3984b7d478aec2b1,0.5146782311117841
f6ff304e4f459ab4,0.5316110281218931
a49951ac9b42ceab,0.5120873718185939
4b48ddb6a65e584b,0.520707668543379
624009526008e265,0.5004843830297061
9ca1f3fd0ed031b3,0.5063569436114218
dd7e10345355a17c,0.5102775985937706
a324ae18d57bb12f,0.4981743911583233
f3aede6892999fdd,0.47888619432015284
798f779dbd13fb6c,0.5388943012662165
21481b4c28f91b47,0.4553397343497948
8529066c088169cd,0.46088654722046607
7e93ed2093de4112,0.47841426907487344
51687c7ba8a553be,0.522145301510262
4ad8b585409698e6,0.4862733678251878
eca2dbbd4829118c,0.4825636876327951
7a9bea3f50549e57,0.5093129207647616
e53cb4d81fe012e8,0.5069499470257584
25e3af07b73ccb43,0.49494942996367314
939b59f220b94ec8,0.47179199688837004
9618c75bab14bdc4,0.5332456854360914
2ac483615d4696d4,0.5224238223821314
b357b45b22852d5f,0.48900186767123927
eed158b983054ab2,0.4693257742743072
25b699ec3d33020b,0.526253496869812
fabe692869cbf6a8,0.4693855242362608
e30cdc55701f891d,0.5104612136599312
4e247c59738e0754,0.5004744458142953
eb6c93bf83ef9f01,0.48891484121193096
4b2a51b89182eb2f,0.5058680647217253
920800c7a752c35e,0.46936583171183077
00e3f3638706ad20,0.5067310564136485
3b68344f608e8cf6,0.47050345193629384
bd0092d0e87dd02b,0.5014990270453309
d3020752ddea13e5,0.5000846687402215
679a41beeaebf503,0.5162120946825782
7fcec9e71dcf18cc,0.4968095799947958
735724a234bf2816,0.497293932933743
31cdf3e24ce53af5,0.48598007349639727
58b83792be0f6321,0.5119152876485819
2a84a58cf96025f5,0.4780455589753435
9fcedeea63586bf0,0.48317578326726873
d9de7aba8c682fda,0.4490381849059386
08572215a3892815,0.4952462716932218
b488884763d551a2,0.5084584212384078
c30e80405d6e58b2,0.461029782138509
0c86a250e70f6eb2,0.5002265199894567
a11c15fcf4597f82,0.5234198207379577
2caedcb4ee1a4103,0.5150576733875659
f91d05eaa3df539e,0.502991057038746
8bba0a98ae140af5,0.5141803285466322
a987e81632676043,0.5181922087087052
f50807d17b5c038f,0.5355958555945584
ee12454070596716,0.50299667574571
b6e0190c3e5766ef,0.536430614863736
a57b30735e272a29,0.48192088266750616
ca66fe2ee058013e,0.5064208223001136
1969a8349757d32d,0.5108179479309891
a5bad4f4702eb96b,0.4739498595890416
2f4ee5ef7a9e32ab,0.5425587223062638
abb1f9350d96ed70,0.491894415437478
8a663152856f606b,0.48453940431034204
5965e2be33eecfc3,0.48696041338346063
75414a1e69d6f205,0.512484515427019
0d6362f82430762d,0.5150218757423216
cded8976cdbec569,0.5132872382434575
2f21d9cb88d7004a,0.5103063789759253
bd0809d01c93396d,0.5341241836067778
d368fd4152e904a0,0.5111092469919327
7a088b0bef4cb74c,0.49837881112391397
dad9460a25f9913b,0.5094199032932735
50f138449e3fe2e8,0.4924502724098362
53eecae41b9614fd,0.5228063820517611
c88755b5796bc0c9,0.5334215133302542
1b2bf22690f55b23,0.47984634100260226
4c0b6078692f7c89,0.4995881519367247
d310596293c8f04c,0.5118022605876796
3a724ceda4c76f9c,0.46668832210968564
57c2219b4f1a0a5a,0.5134395810869782
6069a9ccdba45516,0.49007845227141583
504a8185dad726d7,0.510545682962192
c950477e87d58094,0.48492102364862216
9f1e86207b2be555,0.5176477726330224
69051b19215e3e0a,0.4923362619785534
7f70b72d97083c7b,0.5337663024287136
61279ec74a6d3645,0.4765293328220324
4a35368f7daabf53,0.5011315636312079
8730f5f1237b818b,0.4685358881214152
f9492b545b552f5b,0.51651278449396
a5e99c4117b486a0,0.4920420899812735
c10ccbadcdafc1cc,0.4825120165948534
e0d15a865fdfb988,0.48253053083827097
eb916f460ee1b545,0.4830908284285267
1b7bb61fe350c5ec,0.49445116681581647
03e5516590f20096,0.4885764496138458
18e0a9eb3145a82b,0.4653818854121372
39cab30b8f09a081,0.5217072111841223
dd47b13d3aa2de79,0.4956679685493627
6a431bf1b07deab0,0.5074687739146534
2b0db9b43f8d905b,0.5047308720653815
363b638b117d0e37,0.4809145379767506
87518c28a26f4d41,0.4593012399657807
3e73b6c86098ef20,0.4978741500403771
f7580d024f627389,0.49516273243229403
626946bf85055423,0.48204706359781324
1d4ec81574db910c,0.4857304345685153
eb3384eb6ec0ee10,0.47276263864500656
ba1a0a18164d2ed4,0.4813397071299987
8736a356e18687f9,0.4801210132402552
f66ad6f9a0d13057,0.493904024845934
6781beeb2a94c80b,0.5212819608693212
45ec50d9e9b762dc,0.4917633119047716
f993d49be31858db,0.48538288224439263
68630d40b3d8c8a7,0.5158445824580695
790d0e863cbc896c,0.4654313791869189
6b9f40e1b5440454,0.48603500946528555
5bd12aaf1d87cfb6,0.5132018077530591
9593f8af8e49622c,0.5023181585610634
7787873ef39eb65f,0.5194306001836902
3b43be2428bd133c,0.47992252123299217
51614174133f7405,0.53531680258134
90ef1be7933c7d32,0.49348404484802383
b9b0bc5968838ca2,0.4762913908792181
34854ac0b59be9cb,0.5052955411884177
552972fc397a3d7b,0.49843800449075165
538cce811be930f6,0.5260892258133905
3684947575a87995,0.5115580934338523
3458934dca749c27,0.5093441117727696
777593519303d6bc,0.5285752530809773
c998d0d7e544f18a,0.5118596650633794
a23ad55fcdc44126,0.527060802060246
628f59b52e0f1abb,0.519713715451541
f55fd4a896009b37,0.4838922327595814
891966bf8125b263,0.48933424205040177
31a036f4acb27daa,0.5236066161445345
b329a2756c4e7e5c,0.4758760740301245
4abec7b3aa11b00d,0.5155576560404018
506d7e6eca5fce8a,0.496335413421507
93767eb66242b1fc,0.5246163532744608
f07f619af08f71e3,0.5191689487137565
067779ad870efb29,0.516009400969797
5772509431f3d5d1,0.5117548286299232
562161d24bca87e5,0.4575795989292354
f3e2eded68a25564,0.49525895729922453
4e9f50f16ba04465,0.48893564562356373
a4208a55db792b95,0.47219188863658446
9540d1c34ce10213,0.46590481771015724
3b047ea1a379c251,0.4982431055800646
90c24520deb11d2d,0.5182431254414757
174bf54853f8e212,0.48925023541862045
e32af9607e1574ac,0.47486022306273656
177d7eaf2ebe4bb3,0.480461658534426
1d3872dea5918cf8,0.5309323484315959
b6641f418df5107a,0.5136433838955194
7b0a91f0c2754446,0.517438017777867
3074d01b6d512da1,0.4856553699578933
a1ded8ab2ac8cbc3,0.47964055329981525
99d24231acc81bda,0.5124025520408064
ff0efc6b635f0dfe,0.49272608917446403
4b26bc2a5271e828,0.49794502097058446
323cc294321346a4,0.5034157476683953
1c5da1e20342a0bf,0.5140809230077381
4f414677966cf8e5,0.5142409792165138
a08962f7cf8ef6ea,0.5466192853274069
e6778d3ce59810c5,0.49963181267128226
944d32b8f9e9db1a,0.5276056270622437
e5c8bee2002b6ca3,0.5020320673408573
fcc9190b336ccdc9,0.4705975270042976
d8c0de2ec20dd583,0.5115825938043275
fb55a45c51379250,0.4829174613650511
d6e81f789123be62,0.4816848260817427
2653ffee6d9f5abd,0.5109646636166357
daf885e44112d6f2,0.5172670160437431
a75fbb195a5c31b4,0.5316030512486867
d6946d6a1e5de8e0,0.5067163460972981
262eea09fa9fdd15,0.4719921028819998
0661f0f9daa76a96,0.5079274906131086
3796742963319893,0.5256727915443989
b7d31b3502739b04,0.508805994949765
ca3ab2b2441679fe,0.4978821388608478
6ff3c95261a2e60c,0.4923708054459863
296198ef516bccfc,0.4619333687074536
fd7387d23f2c2e12,0.5009702584248112
705f7c9f6f9a1ddb,0.47882234902001797
664080d9a44e09d5,0.47742913695568634
d7bfb116b3f0171e,0.49830236097100356
df7650f2e15b685c,0.5197675470152503
13d553333a49e1fc,0.4740379191767516
d60997f0da2b3161,0.4706015275268116
e3dc5b0748d9d1be,0.5236303148176004
126cc7a3354c3a59,0.4733247235544511
68c831e307f80c40,0.4707123309300427
4c10437c6f1f749e,0.5275499257524183
4de56fff18170df4,0.48714372319455246
93ee64e43ea9b0ac,0.5181522356083628
622e27b7a834d371,0.5096403902337999
8283fa9a80b68052,0.4935949582887744
3cbb48910802e9b0,0.5213067127001036
898c4451fed60e39,0.4965499358825615
560b7b7af9fe8dd1,0.4846355222269
bcc595e893e2a797,0.49669291662362575
cb2fa098224a9f0b,0.5015124563619701
9e2a88f835bbb5df,0.5191326571946238
07e1bd9a166bc257,0.5239285887475801
10fdd890be2462d8,0.4638215202107331
34a7adccbdf4dbe6,0.5261561287583703
5dca94f6e13922ed,0.48611128883330934
be032af3265ed2f8,0.5193112011120525
afebc493854ff065,0.4833430507921296
755bf2132b96ea88,0.4698302702036822
11b6872eb913fe4d,0.47495307482836513
5a73131a74b5e6f1,0.4811082525934248
a1445f34ce4c970c,0.5002498860486438
c84303c64f096b4d,0.5241879655194566
ee5a57da13fbcab4,0.504165933672637
9e237fe51b937f8b,0.5020723225280006
04c0ce452fa54511,0.4970853865586716
e4cc4cfb493c102c,0.5023303600391842
13ec6848e5d8c7ec,0.4905078280234816
8b117511fb3c0bb5,0.5398794913573399
45109a7dafad71a4,0.5214566928662603
be5d51769b283a70,0.5238193194455543
4b049c030fc355f2,0.4896762688364099
e1b125afa19663b9,0.499228189903976
7f5ee99bec52fb31,0.5061895028364909
0ea477a7bb524c43,0.51313470781552
b2ef814029a4593b,0.5095360446770353
54642bb90de7c651,0.4855831124571647
5562db51544efda6,0.4881721434591284
8c3fc61ec6b0570c,0.5016839707706473
19990ada3d732a59,0.5419037215351014
d4a097538c2270df,0.5177861344491269
a8e6780d12272bb2,0.5096627115350603
0de7c0afdf2ac64d,0.5156730897286588
ec3a682eb391eb7a,0.4961138705768211
de499b3d3aa77620,0.4915155536238709
bb95d7738f26c137,0.4779145119137226
76de6c48fb303a99,0.540307146644158
f54db052a2c1bf61,0.5115746252034528
d2b45f024d0f9012,0.5148205925338609
26693e446f60e43c,0.5102360860547057
00fedb2a014dd220,0.5011049731704613
8b353042d65300c8,0.5289755562610712
90c55b1f3ca98c5b,0.4704468022361311
b874c35d79d74f6c,0.5111018519882271
d482eb847a0a40c6,0.47130565119641077
fc4d3a97478802f1,0.4931856395554767
0a7a2b85838db506,0.48770557328398356
c697f27fe38b040c,0.4850724488100232
a4d2009627d556d9,0.4984636314994269
1c403f2124470ed4,0.4528688583603918
33627e42df750fa3,0.4764722660734656
ba9bd925e360f225,0.483336022612163
ea28b791d0295ad0,0.4882652117897804
d149d439304c8705,0.47115793875842105
536b709bf5515eeb,0.518637966063026
88c0a8061e7a3795,0.5117555154041029
8764acb490f19b62,0.4910392759371858
417f76acebadcb48,0.5253746735051327
475869c5be3c507b,0.5021800511890463
3ef8009767c7fa25,0.5266004028859268
b554efed5fb706fa,0.5258651487507159
84da50183b024285,0.5016534293049852
a4b1d18f46aa981c,0.46566040065151926
9b47e555a004cdae,0.4946154026453089
ef262814960ff13f,0.5265555524293501
5c0868ac8eafc7f9,0.49061084891616147
db15a0f6f796aefc,0.4945775405303172
9e813d48e7fed678,0.5085387027490283
7e45e93f027eadd9,0.522704737863336
bba24189518e4411,0.5086471492546718
80cba429bade3fd1,0.49227407688532043
ea2c64045d0a1c12,0.5281689641677068
6eea65bf31a2bde4,0.47053265661579896
986a532aee033e7a,0.496910185651394
d254bc6437766f3e,0.5060882621310818
3c2c4044a5a205b7,0.4875665504726766
d1698b7f7ce2ac63,0.503494453349398
5615043a1f36b137,0.4678969583778921
fcb9321c88377fa5,0.4705152479080339
885250c55edfcb6f,0.5267237139103425
f48232723a1bd05d,0.5292839029756812
27b4eb77530a112c,0.4788185976814887
98a1669bde0eac7b,0.5238244878193158
c85cfc3341c8708c,0.46343650794675806
8043ae38af9b3ce5,0.5172659079367005
babccd7388fd8c21,0.5011193251753367
28aeae730b623cab,0.4880326726622355
4bf1da87dd838f3f,0.4956723155468481
8da93da167404e45,0.503050220971505
4a0a3077b5581645,0.509913032131409
bfa2d19017923568,0.500632877660312
5f6e00c966c5f59f,0.5186802359265427
52c9dbfce9f1b95b,0.48446535250843964
cdfc3b9f626b0845,0.48909007402229
5e6ad4f66342dce9,0.5172680378951735
42b0a534c0da50ab,0.5177304281592834
e454a16a94a43530,0.5056858898777206
1b6c9c3629bff42e,0.4963762647540819
3d4ea2f562e04d67,0.47716263329020425
e5e88946dd245e5b,0.5031115946929099
7c08fe11ea59472e,0.4983119675205421
48716b8ef3837856,0.4945143917106085
22cb220fb3d03ef0,0.5172720661718475
ad38c3a4c4f92dd2,0.4679690573794011
439506f46710d418,0.5073112315526722
e6d46d90ae71b635,0.5021803110941917
cc306ba2474886f5,0.4783681544939148
c3dbfacba8b29888,0.46855284050226964
3349746bf536b40c,0.5082646513453158
254dff7f2f5e27da,0.48298256248805227
5f715d9d99d8aef8,0.5166087531574619
28877bba74273a2c,0.4893390146219722
0837f11e1dc53f72,0.5315205786392756
700d9c6e6406ca13,0.5119766703321488
6e0d475eeeff64fb,0.4984593376959415
36ba7c400d24c8ad,0.4752147807936633
8c371f8737f1a2dc,0.5466953902142625
163b4afe1f475ea0,0.5186631786585877
2e2c632a9af9b807,0.5028858701162976
a891091666dc0643,0.5182835684288284
a990b188a8200e9e,0.46529217842996634
e0da7835cc3694da,0.5034804918152191
6965bd28dc460b44,0.5001622143013343
84b4fd2717d4bf2c,0.49858036039624287
0544118474e570be,0.5025533558463405
2437b2d4a2e8ae82,0.5234822437390855
647299fb2ba00e43,0.4733300052297926
7372537f1eba1dab,0.5250928288702962
8854c27e996efd14,0.5029368652847929
380235b034a986da,0.525360318148842
a2d407f16ff373fe,0.5254686865309667
0ed19a3a868aaa3c,0.4780178636538889
c173b6242dff9b1c,0.4921741528287348
2043889f64f744b8,0.5111728706258848
19989bc6ef928517,0.5321552264520514
d0665c65b0cf8d5d,0.5260410067649194
2b072792e895a81c,0.48625568780260864
c531857150c9674b,0.5087052489036067
bb56bbe97134a4d1,0.48456194383553836
3e062b6117c4918a,0.5079865245288804
a58a4c24d35bd7fa,0.5030345969126278
4ea7721e8c059b2e,0.4979097760111243
32a75809119cf7bc,0.493689517992827
e4794a0287930fdc,0.49566592400345777
028903129d296567,0.5058556356540282
910a3bc19a45f893,0.5118918061385587
afb4e9017f94d52b,0.47924304567804316
8c75ef81ac907000,0.4909522051291091
de995213b69871cd,0.4900408176153105
593b54413b1695ee,0.5121206393452176
d68b798f72ec2a7b,0.47509831682284787
2abd97afe8848116,0.45991771696693473
b80ebde982296428,0.503339116481811
dbe8ab13dd1f44f4,0.4805642270262245
db6b5f2104046f55,0.5056697329095637
1f67c146861efa15,0.47721817548702367
38f490199f1306b5,0.4996029923309269
dce69a47bd1feb56,0.5062748700470601
12cd790efb4486a6,0.5157958428913112
d5806dd0784560a5,0.46694100278297135
207f45be2fb83671,0.5293933841393692
848e2c11fd115b35,0.5165182284326693
0f9d093c9db25458,0.5232186560040692
13e9da15ed290868,0.49391061154801663
8c584f6c1538beaa,0.4746830306576362
5fcd3e5896568513,0.5427805101191259
aa1f013ff05a59f3,0.49529172205977
eb2bbf6f740d132f,0.4964880226100574
51fcfaba58d7f511,0.5233894382802211
abfff37a1f178105,0.5032848084321659
918258103a71c3ab,0.48257361077680516
99beaa8c134356ed,0.5255571324026991
f3d97c979517c08d,0.5271217438312881
577a00d787373595,0.5179872241873342
d71bd663eab2681d,0.5177091494968078
3b59c956b239b3db,0.49026260582058456
9115eeed93f30a1c,0.4770264721495243
3d992bc625e7dad1,0.4573381749932525
4db07f6033192f9b,0.47696589781899457
a58a45e9afd5b405,0.5072321854226257
519774a276bdada6,0.5140682017750985
50bc50ed77a01d75,0.5215886717485825
d608451c67dc5cfb,0.5016937609934593
2856ffa4f0a1ce80,0.4890507018678397
2bdff8f74778c4ea,0.4916471812743899
068acd67c99550cd,0.5150521545597738
6123220972766a4a,0.5037723412430732
c4d534fff3fc5628,0.4819345094918739
9fc3fdf14ea045ac,0.5051284997676572
3f86edfd0be75ecf,0.49494054028436196
c36573a6175092a9,0.54128825785245
7c4df8c2f29666ee,0.4773601777838626
3c791b72118b74a6,0.4951520885923094
747b04b604c95fc1,0.4741526898163273
e780dca0db5520a5,0.4710847847493165
af83daec6d450e57,0.4849769273857706
5d4ff9f52e2e4f34,0.5117161537416532
b2b8e551d87be54f,0.5316268212149825
203b6e0e0fcaa971,0.48612842314210025
eb36b4336605a7d6,0.4831281413511507
14713adcc060333a,0.5122802869604165
251c0c9a3789eff9,0.5352066755181658
0d0e059449af50d6,0.48543735307105684
63b1850f6f5df5d3,0.49317833692130253
90ace0c383247390,0.4642529100673005
1ba1d1cb2d6d1bb9,0.4971046037071226
dcb2cbe56ba92129,0.47244920212902336
88b8fdeb6d82597c,0.4674357533602782
0ccfe20a4b77ea6e,0.4961477648508873
3482a5b15357f00e,0.5016577163236221
6d71348fed8b9c4f,0.4840863798719015
f8723e3306bf7c43,0.5301860226256775
7ef77b74f9baecb6,0.4912043883225177
bc80f01834269376,0.48641670671643356
18da383af4fa3cb8,0.4976630234871819
b474ff492fb9a94d,0.4869100159723511
d157b8492ffba0dc,0.48162226477895664
cbd2d4eb5123804b,0.5429912033074343
0f9515404031e965,0.47330386222207993
4f1dcb8a1669a31c,0.5103617875710689
28c27ce346a7a7b7,0.520829854189093
58928eff8cb29089,0.5036052221090785
8069cea0e02052d2,0.4645267643898254
3b583c05db5ea4a6,0.49420171875247265
36384df41240d0c1,0.5041771554889979
15e9a245d6d06a3e,0.5204376937804027
d2dba561c29b817d,0.5321605452098811
2a507f7014709986,0.5095194094687915
a27e43abacf3b1f2,0.5390167021566891
686019b683e849d6,0.5146299691448847
9a3663eadae7822e,0.5247320515355284
f4857bb0e0b52a47,0.49845190315763815
29f988f929e638a6,0.48597580434797716
cc08f5318b40d7b5,0.4815170071611507
3aa8c59d9c5dc7ac,0.5032571484339561
eeeb124ea0b0d51f,0.49739998588550927
c422bdf822a0dc56,0.5377011084361419
98269904767a2636,0.4761646521021803
e6cbd02151c72662,0.5312161658845848
5e7bd880681d9f61,0.5332797776590193
fbe456da262eaa3b,0.5034837786881337
dfe3e7968ec080ba,0.48084367475733525
0e9ef351ddbc9ab1,0.4771987985923899
2902b3339eeca5e3,0.506959862110193
a7137a063b883e92,0.5373110588345669
b733ad3dd8899d06,0.4726543618544936
44fe9234ab115e2f,0.546118399941907
000b03fc8664c7d1,0.4789083358288755
9020a01496eaf633,0.5280832035170568
53b7a21b0f4cc200,0.48732358888776917
20cc306cbb1c6bcc,0.5354893062773278
debcfcb981ae0125,0.48700359583542907
802bd1039c3e6a1b,0.48259709375673276
5f5c21e0b6a4d4a7,0.4841710741058256
4e1d92bfbc009b58,0.5305255979535919
644c03f056f3bf9e,0.5207007912434551
3b4855d86d450661,0.48684541386768343
dbe1c9a9d3e563ac,0.48560220247854113
2fb49e6e63bbe8f6,0.5131079687035559
2347ddad2e1b095f,0.4925234623356022
e315a627d1ca8573,0.530393778133449
0558a476ace81c15,0.502196968173452
4426fc96456aa43d,0.5155080230411524
ee5092888f963b26,0.4931625704557188
57886ec9ac1bcba7,0.5294098647799554
69e1947ef1a19192,0.5109764063706271
af29d6fac97c87a3,0.47837461487328437
6952926383750b48,0.4992776103225983
b6e14b919c7ad1f2,0.4692678148337591
8d09ba7da0267580,0.5125020508535327
40e7e13ba421c25f,0.47658270139370384
c3d8677083122b80,0.5424413475046244
e41366313db49145,0.46729643640360674
ed95e31015c5959c,0.508155667958972
64f0bef89a702494,0.4866488813635468
81918dc774b899ca,0.4903915995431686
dc9dc895fc8368b6,0.4893585663448927
ea0dcc9add9ba8c9,0.5132754847263418
c45a009981cf2faf,0.5122858299275168
ee4eee5c2cad18b3,0.4519094783399281
4b8886ccb99d4b95,0.4626595114636779
a11b7637d21059b0,0.49715883167584085
ae6bfde3685ef5dd,0.489169268157744
095f96ba3b90f727,0.49683895530396593
c800465fabd83658,0.4725009452011456
c75993f60039bc22,0.5082015704515078
15b2e13c51d54758,0.5036148232825636
cef343af7e936391,0.5281173751412174
bb9e37137f42fad4,0.4895505091198319
b6f54b152f0f2c28,0.504570898758893
54548a1370ae962d,0.4947163320591942
774675091e96f38e,0.48582068294588654
64db0198c907fdc5,0.4919993826093837
ee3a2eba79a61cd2,0.4607353391418527
d87ea92ca2504e8e,0.5209104667136347
493f68967d2931dd,0.49800005624143573
33c5bd3953cad989,0.4825841794375356
31719675e9834500,0.4796983656710352
283d0d3d8afdcd48,0.5266456098746592
0954b46131527b56,0.4718127235730581
c7f99cdcd74ddfb2,0.5169536812807555
89e81b0750c67025,0.521565381666694
ef2e114a293d6051,0.4759738626766784
3eaa82eb74b0d2b9,0.5407496620316127
f115b5827c53fdae,0.5391070671404891
5b981d50572234ec,0.5008955654243357
bc2a7ac2fb6ad312,0.5063106361266463
cabb5fa14742de79,0.5301182331871508
9dcd899d3120d04e,0.4831647449472677
5bf75dc153469005,0.4961813660069406
a99c57a3cfd238a9,0.5319993902921182
7d3c73f6e6251236,0.5332409640369679
79c824cab095ef0e,0.5053998667172874
50457f03b19ce000,0.49801230860432966
72ea29c850f97747,0.47533203285061865
949aabf35ccb0c4c,0.5098803829160076
bd3b7b9b5cc3a346,0.4931448200464137
581ae7bcf533000a,0.4828883967594236
f944b728b8eb9aac,0.4896219233094654
6add937f4476df2c,0.5038438930625544
478be273b158fbf1,0.4551825243829133
43c1856ef31d1073,0.5392752437133784
8f97466fd3810c1f,0.4949285781951558
3ae22b8a964781ec,0.49612892595170915
82ba55bfceb0ffbd,0.5420701870795306
5966bfc14b304d05,0.4941909227495904
eedd90867e3cd9d4,0.4644943271687345
99db9ab5fdf84102,0.48603511119379805
6c6761878fa11c78,0.5309248620778266
731bd2e8496a9b0e,0.4663328817423952
9f1fd83e49b82f88,0.5192379588958523
51a2cc12286941ac,0.5139891822535101
7b60067efe8e7c4a,0.5070936618327135
7ba8d7a5a2f30106,0.5193157932819994
677aebcf5c57a29d,0.5180023639291257
c2e6810f10057ffc,0.49807529422439534
f770bf49e8b32f7d,0.5078133396538881
d999d97cecc80f08,0.4933052231686985
225695249568ef3d,0.5360073910810551
64c347ce204607a2,0.5134581605384495
8b972fc1665f8aff,0.5094227354816884
fd3a180f558ad235,0.5058740359039792
f24ea2f162b99780,0.5172203333471905
71edcfb193fa3be3,0.5195083557099708
4507c7c846e862ed,0.4892534302369514
ac51d145f495fdf8,0.4940247448239229
3ab5c54552e9add3,0.5179368394250708
0e545a1fa4aecf83,0.4716942173051905
19eb7f93e53f33d0,0.48412328916025404
f4653f53352a740c,0.496355740930554
c716d718820e66c0,0.4749466795260169
a8a2778b42759e84,0.49310432982762664
d632ca08f997e38d,0.4757100596979319
47c56ea6034205ca,0.47892190558746817
f436395245784b88,0.5096513820513204
ddb7078278325022,0.4907881371053747
1c24525f31c1953f,0.5184501279247274
7c7e6ee56d6ea5c1,0.521361773676141
0e67b9cedd55f492,0.49084781357524
a585afa6cc802221,0.49913332724360315
132bdb2d81abf434,0.48865609733799364
cdafcf3dcd774b36,0.5033367811919021
5694f780d2c8e463,0.4600605430304132
317ba4057a04aa16,0.5221864308951006
a92ae25f2defd1f4,0.4907292236080197
ff0073be9d8669a3,0.5076947248987582
2c4d6fd16e7da4d0,0.5118849828195156
e8b93ecfcfcf69bf,0.5048819453194471
aecdf632644c9922,0.5114783662540221
0f4ac8759cecccb4,0.46205032692699033
ae0ed79b3f56091e,0.5136474263066132
492dcb545fd160e3,0.496582163404271
b6feaae9a6963540,0.48106790103394226
10bc80bca38b6418,0.4765451020888517
d8bf52f15b58b474,0.49019416113881925
d590d13d8a0daf0a,0.5120803281424685
bafce96906ba0c73,0.48105359478839327
15a89b9d9a174795,0.4897117797757131
3c895a00e202bc6e,0.535035834695562
62100baf87d531c1,0.5202646588983889
8ea52f2642c87cd9,0.4741391913355403
78bf3db367f46ea8,0.522124859468292
7303626be6419b04,0.5170626774752312
86f2e3f9f88bf00e,0.5315396540894574
39921131b7d48cf3,0.5192672597359685
7c06255c489ce455,0.5060615393857906
2a0f68fcd60099b6,0.5219491425358291
968f899504b28211,0.5034185414675227
98dd9df8fdcb29f4,0.5165931027429859
ed55728c47c8b666,0.47460587824236855
0e54abd540000681,0.5404697604012179
2687ae2ad26c6497,0.5311289763707683
afe3e3f4edc8f7b7,0.48505415997940693
3d8ff2a3976b69b9,0.5028082725837139
13e6deb5f77cd1f5,0.4879086275425982
8c8711be796262dc,0.5048933101080204
8eb1ab06839664b5,0.49977656183430996
dbd58b32bf776c26,0.4852791979018545
4be0c2fba004271c,0.5082360186889738
a0f6b49ec1b86bc1,0.4950209144544895
3b33e5fb16341fe1,0.5074799334102291
d39f326ae61cb937,0.4646316576030964
00e28c2a11d38c61,0.5067182548586806
a55c74a9759fd56a,0.4606986714510173
8bfd04b0788122e2,0.5271539410469358
895776a9cf9c8d43,0.48536366193750036
7ff187535e206416,0.527456469894845
b2d991e4147a68e0,0.5039443206794435
b62ae246269c58c4,0.5067163767463163
b8af731f19b5c84d,0.4693303152211765
19f5143484b38101,0.49795617398225545
982f6a3f1bccc6d4,0.47343098768353353
2cdfb20347feec4e,0.5216037975305174
5b2d62e736467c16,0.49112732841187834
f85bf07959deae92,0.4996648982448012
8e923fa1dedcd01b,0.5026531676456399
93b3dea6a99fe31a,0.501546858792564
8bc3af23b3d5ba85,0.49030620225124183
91db39152bd6ad50,0.5106627134205375
d911a9c74b505826,0.5131947317349721
0e53e628826772d6,0.4786156897917955
14d7b607e5e3f0cc,0.4899689030100063
f3e8e3469f0aab7b,0.4690395772713668
b9c36eb092bb275d,0.5204540204078204
9cff3e265921dfed,0.5238790267878688
585bc81acbe5b1ec,0.4787460115349721
15f8e68c7ac23dec,0.4863132004273637
a37b05bbb09f8496,0.5437322036544059
4f31f80a263d61dd,0.4831844260096846
6a3987a9bab31c44,0.48793451329803483
9f59a5ca5ae6d119,0.4846878367398842
afc6cb824b3596c7,0.4626176144505625
64dcbe6f4ac8de61,0.5182098567812936
1fcaa5c3533f63ca,0.4756868385970592
a266793e0c2619d2,0.4886880384634218
598af3378495839d,0.49441278777344466
b40ecfcda1506387,0.5115177374598088
22537a4c1f1cb22f,0.5037140600676727
8c5b78cda30c225e,0.5265224152809344
3239189122d043fe,0.5030901224858998
4b34859a41dd8627,0.4887621668029385
7577c8941b2e888b,0.47500780549289556
8ef15229dd291883,0.45731508129336895
3332780ef14cd99b,0.5219481860669668
f93d1a6ecd62d897,0.5156168926193648
9505f55ac00dbadb,0.5077970836156211
7c1831bf48bd728b,0.4563389803189299
17cf81ec2dede54e,0.5297978382664421
e84c6f3155ec9762,0.5308012651561891
e894ec9e0ac2e7a5,0.5076298213192307
c307472500eaf782,0.5218585761985751
96de47679c4cb6b6,0.4694423186117156
e0dd44e7040c3168,0.49734820113903255
bd9e6bd2fcf5a54e,0.518981244906773
0382e0d155285962,0.507989929408499
509eccae9abde09a,0.5166782475767313
f2147e0be04acf5c,0.5010340366676009
f3a6b01cc0938196,0.5221526149468799
c1956069b7309004,0.49083338721956304
2292dd5e617286e5,0.4996724702659078
3644d81639ce9f29,0.502690493748438
4a5bf3e5c85dbfe9,0.4824612401991517
095a4f241c64795f,0.5340386974267393
aa45545b6df75be3,0.5193072303458122
ffda21a7e2973492,0.4896407435240766
662adc1ed3e8fd43,0.4900614658694151
218ae6cc5968ab6e,0.539615417195889
316379f30810e1c6,0.49860040142640316
eef8a37b8fe20ec4,0.5151416693398078
d9a0aead3407db9e,0.5070354471589943
f0c65e7320950a84,0.5123867978489911
4625132a59dcda74,0.5482179045199158
ab1c8b0c3967b656,0.5126374899990773
f00224def382933b,0.5480177555378365
090051f10ebcb768,0.49875205093486485
2a0c37f157e82f1b,0.5042523907102863
61914ca3afe42c15,0.46376084431983944
a9fc0e9ff5b0e706,0.46404824682740764
f548f7ed3074067e,0.4981430350452659
9aec70578372daed,0.5018368809704982
fbb0734a4e985290,0.4726656487054225
a8cd11786e7fe2b1,0.5232011942108612
6a4338f210f336ad,0.47814284040840216
cdb63c81014bd072,0.4811546787724331
2c5a98b60450efca,0.509195257886726
2337a75838293036,0.48583802037829404
a0ed386ea018cce6,0.5016322095553238
db76609f02b3bb31,0.5063433458164793
597bd387a63987b9,0.5060277107806441
bc7571c47a54ce9b,0.5084210352907313
547510d3ce221301,0.5294767303083533
8e84181f60b3ec91,0.498072196253176
13880ba898b8f597,0.524703786949546
9ee1fb0201512e8b,0.5131810569304336
48aefa3d80da5764,0.48576864546790155
498d517a667856a7,0.5158107640472117
f07b0e35881505f2,0.49625441278798743
1df225f3addcce26,0.48618770720222326
84a772cbe6d216a1,0.4979318189903682
f0e4a70f82f01004,0.49928220851191163
3b639af3777f4c39,0.4686410239870248
b9f77a4295400abe,0.45705490984524066
7d646e2fd78953af,0.49318494745827335
4127b246e0beff6c,0.4819924606767877
2321d1fdb21c809d,0.4878534719249671
9936f8d7184f5e10,0.4751621704559833
e2e9ef0520d08656,0.4805173740320441
0aa9b948dc8766c5,0.47652320526210024
d96df85b5160b1a8,0.4660405742203567
3bef9584524abbef,0.5109668005731055
806989faeae50571,0.46663661542126056
6fedd263e1290110,0.5079921374470091
5762314e60a560e2,0.5115496460069171
748cd550549c514c,0.5041703455673413
58a8e997e2757de6,0.47853881123418496
c13887db4b2ded8d,0.5241594895601969
eba0106899e8fdf1,0.5137281086647633
a947c7f89cb176bf,0.5215625341240233
4ac4a17692a2a70b,0.5046701608331257
2fa4409e1b6a3d85,0.5005314286020812
a783eca691369f3a,0.4928724412409874
e6e45dc137aa0511,0.48709722860796684
c589fb4e517e579b,0.501036802706007
0535f48557a68402,0.5043689239736865
48e423add1624f2d,0.522699779442256
d20110b1a6f20e55,0.45867314559854233
739f7cc76c78d0bb,0.5189956134538637
2d439083c11f62ae,0.5066959755818802
0c74bc780e465296,0.49990915253077794
52294576789c8ec1,0.5021864317689445
99b2421c51d37084,0.49024299094671264
de49e465a4c970c4,0.5337519606108796
4c88fb93b8d12270,0.463301163682201
dcce15e3b59d9796,0.4778802014651939
b8e0e09067432f1c,0.5170897118433
962f882f18c11d46,0.4780501194907595
34753ee28116af4d,0.508270904508017
7c71a6fe87ccd6e2,0.49737252938148935
7ff97e6a175132ea,0.4963649343006723
d84022bd67943384,0.5037003894658693
c270a677c7614aa6,0.5100318751422457
1266e1b58e87a761,0.5040029808219555
9fc631524aa3372e,0.4841399623705638
88da969d80daabce,0.5230945263638738
9c5cf1807334358b,0.4994653402097969
0e5706f9560fdbf7,0.5221398859807772
d9db7cf658a35e31,0.5198690251434991
38bb0629e63b6590,0.4982697601689241
726236f75c9de724,0.5270592661539164
47ff559912cb3714,0.4722474009026161
bd567ce69cb8cb62,0.48717115590305277
6b7338c16e1db627,0.4729775899463609
2e47f13eecf939c0,0.47494758397057424
7e001225afcdc58c,0.5059310382275534
b0ba287dc9f94b2c,0.511186688803127
07be300260466f0d,0.47934706628309787
49e2abe2ca234745,0.5144718978859307
bf163922b4b12745,0.5150276866519123
aef9d385e9ff8518,0.5097255841046426
3e364e82bc780650,0.5265445294945025
393a9aece2867c5d,0.49484556456371276
b0519105b55d4bc5,0.5124548024154438
c5a4b1418dc4e412,0.49868654984963573
ae000e40b4cdbc49,0.47961100524467815
bdb4932474ae13dc,0.5231613870268337
54ab20f1339d0955,0.4838611996104183
bb6cce3b0b6744fe,0.46987788487131
0d04ac4d48d1e700,0.5224935783014115
6e3f51731aaa2c77,0.4920264054664737
783b7b163b234e5e,0.5347504976241793
bb6501e8f6ab95a2,0.48079181198551635
e5f20b7a540b7472,0.5016718135184887
726e2ec81830f724,0.5055753303771209
e8dc50204900e975,0.49701362712462616
1334006b9c4f4ffd,0.5255057591134662
3553330b5c7e6092,0.4969740187758882
e1a3e161c8b2e221,0.4907070727117202
44e747740cb4260b,0.4696421128178958
00202304b4481207,0.523466440734632
931eab5e85d6e3fc,0.5017984625866498
e4b8ca3da3eff8e6,0.4735889138225859
103e5a44f9c30ed7,0.511846374338325
448d40536e9c5670,0.4877135923485252
1b4d4b42760e781e,0.5429217651403242
e0b110d4f6844bbb,0.5123024392442597
0d928dd7f13b92dc,0.5140666828481998
1bf6e2dae324cf0e,0.4877541770255781
b2a17e2a9337f111,0.5205796356584352
564d7ef8fb681d94,0.48885980527803363
a2088d882fb6d77d,0.5298616519975893
3fe22caa380445a9,0.5128832189808983
2b3c171024a98155,0.5137818025945118
2014d23cd7792183,0.5066419407540714
fc996643d63f02d7,0.4877962244767221
c8d5c605e447f4fd,0.5082584368910124
634298df42266b22,0.467558769330377
5c8cbaf8b4d39f57,0.5093019418679945
a688ddfeb76eb78c,0.5395798518889243
85a12cd29f47007e,0.4967298957167947
a5e1a3f8e312e1a0,0.4835563010590911
29e076c93c2b7fab,0.5185202070030794
71b7b90e9a0b70ae,0.5070302688685805
11583aaab15330e4,0.4682700475912349
5b34705855c1c880,0.5040376628087
26361ce2a06897d2,0.4672771830943998
2be888bcb74be336,0.4949949910800466
fd96abe884c43d6c,0.5196017802010789
165fc0b6a160dbd9,0.537057491606282
b8c8c114a79ff453,0.47821175821141826
e22746fcf084642c,0.4840026269043779
3fc60942cef4b9f8,0.5271936778435518
c78a85aab85debf8,0.49076872301489693
9c2166227724c80c,0.4868320028515234
e0291b12205c2c68,0.5073953894772293
307b5de4b89748c8,0.4632871413930163
b83469a7d7ed138a,0.511250925072577
4726c5e084cb6f1c,0.5196765529107329
33795c308f648269,0.5345250416976131
d44b56532551df1f,0.5249711481192528
7db689f550f62666,0.516766731821005
c64b1df6de24f982,0.5011235372249786
d9685a6aeee511e7,0.4649359915164787
2c867c13048a2311,0.5269919392878883
b3f36f5f67857959,0.48085590433291536
c8dbafacc0fb77d3,0.5250637789573965
3a1b2137777bcba5,0.47536970973463666
c9627e77fcbdd360,0.5178333205114419
cf4f6641c91382ed,0.5012163280380734
fb519c3fdb753245,0.5246442421877019
035449e62c90677f,0.517130970224091
5201d1bc5a7cf0ef,0.5062897785460839
01ef09b451cbddb0,0.48857077587392206
b98e367af7c0158c,0.44858759151542105
bec6844244ad0aa4,0.48175445679482776
ed82262b135c6e4f,0.5154260631961957
67637bf7061cb7b0,0.4737901732719576
96ef8b85b60392d5,0.5112707424881562
fc1b0a61b9dd082c,0.508037030448944
c408b4beae948cc1,0.4757430492110727
f26323206d284ed1,0.5057850559042083
9214caa6c1a0dc02,0.4830873000523052
591a28a3c195b6f1,0.5021710180424784
9cd8a8ffb7a9e96e,0.5015031711499756
7ce580a49450111c,0.48872861002131185
abccd8c43775abd4,0.455363313460758
5c6acd44464d3db3,0.5129290521858922
b0e58b3d4a2a773c,0.5103258819670503
eff75fe4ffdcb49f,0.4904144404817725
06ac1908fb89960e,0.5335147489753906
6e61df7259588c80,0.5399056844733257
87752778bf4206ba,0.5081519830414286
2fecec0b55303222,0.470809047932086
d57c0fad9eabe24a,0.5282825140357535
93cc7546b8c345e6,0.5259047684047763
eb76de6938c4c38e,0.49068373070463356
0e733a579e63472e,0.47440738791757053
e7dff8305acefcd5,0.48407636872694204
23423479e34fc441,0.5345248007273478
3f66f582c2bdc24a,0.5002884847534688
d312e4d7fce5fa01,0.5075137253207455
c04cd9fa54077b8e,0.4476585124727652
04b68ab2f6458e33,0.48592130189621047
35665b0fc6847811,0.5075985177540208
9028f284365c7863,0.500031579436145
fa23926a88284b39,0.516579378722821
ff5e27f506ba1ffc,0.5322424973268098
e6a04e92205e9e33,0.5273259896838356
934c2e26775faaec,0.4877802104576656
35403697fd72709d,0.5119470255663188
fdc814fd85f237e4,0.5042672887888484
bf4ee2f20859884d,0.48167413028061906
d2d10af48a354c4a,0.4999558406565119
a38e463e1b086d42,0.5163925469635913
ba49ce0117002110,0.49089771263610527
d5393f1776772d2b,0.49386808118407727
80a6b6e9f65aa3ae,0.516154558366307
d84698a77b768899,0.49482057130463897
8d09ae0709d01465,0.49480263154942095
0ac53b64e16a0efa,0.5251862127833945
a632a91a07ac8406,0.4945537824431253
1f2437c787ad39e6,0.5159906587131512
beb116a0a3ad4f5d,0.5083459860473902
c38f343ecf8e9527,0.49004892295911506
d04bd8d61ac99c5e,0.4887412907847435
6a279faa81d0684e,0.5025966214528682
1b49b1154407ea05,0.5057190583212583
b71746f211be0a24,0.46912452823627715
bbe0b7fa6d60f17d,0.5391649997051768
c9117e785fa1cd68,0.494282607439345
a700a6b3a689a18f,0.4985980372366814
d998a004d828aadf,0.516770398371035
54cfb8bb56897eb5,0.5053035507168692
bafd504785d302a8,0.5276971442520806
3f45db97b95a3352,0.506584372240728
2364a75ca729f899,0.522183231568929
9387acf4770f549f,0.5357066898730298
a434422326289b00,0.4551472413493095
8bbcd05afad8573e,0.5208436160434691
82fc48f10b8d7cc9,0.47664885929500217
65dd24b31c0c4067,0.5046323925201113
b25ccb8b682acbeb,0.5027783212837306
291117008b4408ee,0.5250057651410097
aae3422dfbb55bf7,0.494848163372688
d436224afb38b7e2,0.5132024684652883
1287c0ffa2f14635,0.5023337761636527
4feb7edca163def2,0.5039194975201758
00df2416e72cdbc8,0.47155423613474523
e51c757048ea36b0,0.467743885535727
59e45992c3fccfa8,0.5045042203691766
7b44475e4e2e3b92,0.5066309919243639
be457ea8112e2391,0.491590905036505
1e4fd1293a611d2f,0.5226603637570109
343371989bd61c74,0.5145143502847067
6bb985812e990044,0.4888829585440331
c0be9996bfb5270b,0.4851605997517629
bb367ec1a239b8c8,0.5085055498803374
91fc9ee0920431a2,0.47316847379286564
82f2985fe6157914,0.48133737295156453
eaad7a9709bacd50,0.5071021917549324
1bb729bdda8eab4b,0.4713900388785538
35320f198f2157d7,0.4691053379966896
74cd9018fd2aa194,0.48200899952096754
fd091b5e49f8138b,0.506475712467614
917e088d530b042e,0.5249082456951224
b0e606a7344aea7b,0.5225213980128501
c220230ca6b46d2e,0.49670479475822055
2174f0850e20c2b1,0.4883614947351479
3bfea4a031f46e50,0.4814783513276294
22199945c8b6f01d,0.5052348288193228
efd4e993a8d94f5e,0.5123472550263397
acad3b0b2e72b212,0.5104585298717351
1a33438ea9b6ba09,0.49767022290810237
c9a22295bdb2b49c,0.5346936546982981
0a24b5a0c164f36d,0.5189727132991023
12b662eae7ad89fd,0.5141707414256472
788a4a1a340ccebd,0.5428718309493352
0b6ebec97e53c571,0.5000925352352042
be4269de80d8b34b,0.554917184567487
ae99dff2a596c7fd,0.5101669204583336
1cc563af87248566,0.5129694479093952
95b03e2a8add3a08,0.49058022387958394
bde7f9ddcf827170,0.4714979408982267
e24c4af855561b6d,0.4939310552583494
a1ef8a44aeab6af5,0.5157427993272685
2bf2e0d5f713e9ea,0.4798640944057745
6585c55605f3d692,0.5040283767867132
4a44bfcf3c8bea26,0.477433693962017
78a21d5aa40bf4bd,0.4890532454328126
d208a68d90d83d1b,0.5103391528778966
fabf07be02cadf0d,0.5396887833135413
3fc8a4ec51114a77,0.5259845270626647
d8da2f9a640f4e03,0.5081385416963888
f7a8212a941af65b,0.46496290754712855
836c933a5cb4ecbc,0.5109959655215132
e292f252eebf817f,0.4927170773662626
ae7e8b931e0ade53,0.5180304282822854
c937062a293ea0e5,0.527016948725802
673793020f42eaf0,0.47854797574552377
531a753aa5a10879,0.5052840315444558
65613b893147c771,0.49246194045435177
a3609d34533ca6b4,0.4802336409831236
c9eecf5329211123,0.5171021481769836
4e6d4f733588a212,0.5098539705657255
95e0d5ddca2118d4,0.5164479817730674
4b071534952c920b,0.5036273590881217
f333221664eda263,0.4732726509516308
8627e41026f74eaa,0.5078753133497526
789f4695cdd6a417,0.49042161171494103
908034eabc372b99,0.49863129167053494
984bfa387795ef76,0.5187779135568974
91c8e8e6f637fb1f,0.5150719097524503
363aeba9c072e960,0.514569688639875
5cd6915b98d723ff,0.4757557718532421
20f027368dbc60fa,0.47252861423795295
a58841827e8017bb,0.4750720821894922
ad9e6a299aee4827,0.5112200573443906
fad46bf569ac7443,0.4908932039733693
0bdec115af64e996,0.5039079683097729
e78e15a02aa6163b,0.5079109982772361
94c1b40d53f1c78b,0.49734912931090036
c1dee5b6d55fd7c1,0.498076531284937
502f0c8494138feb,0.48548090713106606
316c5e9c86bbb645,0.47520448745545085
c5624991cdcf670d,0.48698123315669406
e000077bf8c8b49b,0.5019058201113912
9a36d5ad49081233,0.49103614040126287
e4ac16a92daba7e8,0.5115533350926746
caf1ce5141ffb34e,0.4953862248805919
d07bf091bf998e0c,0.501948184013243
f230be64e9f003ae,0.5047269706352079
fcfe55e0768ab257,0.49476544654124166
ad04ef9c94f25ea7,0.45484972599637574
b6c3dc163008115f,0.4805958939670997
2a0af6ff3489e003,0.49306355128110213
5c098958dc2a26c1,0.46979019649771114
a802f6f7cd6d7b2d,0.5083241251622237
f0897866ed523f60,0.5066860362337149
3c1071f1773cc7f2,0.4960379021304825
5fb77ed43c58e517,0.5054461164125732
3fbcf72648af3500,0.48594669347289754
64964fe3e34849fb,0.496987302143243
3d3b19b2da76dc78,0.5272760229956631
69eb4e47c0f3104f,0.5004087341442364
1b55daf09e9f129f,0.5094519703735836
853fa0b67eda4e6c,0.4848107148569003
636b3bfe96c8c67a,0.5144340565327823
51b24fbdde490535,0.48313209889398
b80f84359d81c98d,0.506496525137917
a865666aeb2b82d1,0.4800785531729938
08fd3d5f06273089,0.4956963028209297
cdac52f8c24b9616,0.5057396739008254
bdc841da585c4a1d,0.5226368981853567
8858154c3efe65ff,0.5281075801105021
29f989d45429b9ee,0.5139316493286592
b97dff4909968aa8,0.44907040346582894
69c86328a89e4898,0.4714821952851219
2d50759601edb9c3,0.514741283696258
134be78ce02d48e1,0.5226153124520134
53b540f7c8d16cfe,0.4820101491107125
76d2e83b30cca3f9,0.5012614107614397
062167d4ccf76346,0.5333161033045257
84cc2a48661e807d,0.4754298460113141
60f1e251520005f8,0.5280957407009533
781115a32396b4cb,0.5041547112431262
4c1e17c82f4cc326,0.5096037727226298
b602ad5debd51028,0.5059835126818002
4d9da053a872a970,0.5050775749590058
95f7ebe4304bd2e4,0.5240800252356528
67a8207cfef9f011,0.5428215155444391
b1c3468185b9514e,0.5016142553218972
f80ccd7ace26ae4d,0.5191429583007221
3ac147039aaf4499,0.4914091711039966
fe5cd175ea7fc09b,0.4996214848836199
9026d2936cf2bda8,0.5185565549992224
a4b0e01784fc7cf8,0.5016147065827079
43c462b48d97dd20,0.5038980516212185
e36d0189d20a7617,0.49235870292672523
43c3586991f4b403,0.4883648920394629
009e48f2b32be557,0.47504947530311786
a1689ef168f2f333,0.5085648925663349
dc310fc66470ab07,0.4974687084863514
bc654d187751fe04,0.5016942345856631
247e62af046a99a5,0.5104848266231575
48f2f9556bb2ad1c,0.5026995219544053
e604b921624a200f,0.5222275238962424
e46765e152f7daef,0.5351260665526058
3d183f0c812b6d09,0.494214479094589
3a7275f9aeda8305,0.4804125238991802
1d994aeb47ff952e,0.5056178285425191
75dd9cd1bcd35d05,0.48953432086213494
a976b4932381b300,0.4722079803940435
da2e39ced8c0afd6,0.4855670020923577
c77fd47bb1683f58,0.503384307621684
ceeddee046f39ae0,0.47602025007212656
cc50dd12d1f23bac,0.4940667252982702
8b73f447d60fc992,0.4943756496301906
dba1029662f0c412,0.5028359942356967
ab65e0876504bba1,0.5303389552036839
00754e6b5a7298f1,0.4695117471473992
082f192c053e5283,0.48620410210437404
4cee8c7c13d1afe2,0.4762347808349903
9ea9e3c8cb3df9aa,0.4750068559253714
2caa75dd78c01d17,0.5306648926902184
42ca39ab5466bd19,0.5362769076206751
939ed128e268f834,0.47598952333039346
e452cd65ed19c900,0.48497627870052196
e5ee2d79d0c49d1d,0.5149140787362279
ce0d423deb82f2f5,0.4724046541665784
3c30319ed1684972,0.5208485644753784
18968bda98628242,0.5103615118524664
9566631a173d48de,0.5273096079387474
01d78d3ab164da20,0.47897384687037026
7245800926a4112f,0.5066148948635166
3fffc62471c1f18a,0.5295823232313454
3b530b29e9f5617f,0.5171529187885017
65305594301ba50f,0.5172393377800648
593ee003a4981c15,0.4997348451264042
f79985b30220adb1,0.5033996529348437
60dd8dcd3a1d1839,0.5233492303364596
288aaae44688b015,0.5309963909085487
8a16369cb4554d3e,0.4879515878905806
4e49cf49f79e1181,0.5210198505284585
1a6026c94f49058a,0.5165673127829244
8c29813aa363f889,0.4976041918577606
5fcc5826d5f8db34,0.5022509371756505
b002c58138c724fb,0.481917254639167
62a918db11ef3076,0.5254182718127473
8fb91f382ae2782d,0.5225231479753423
af730eb0035cf0d3,0.5292066469640027
546fef357d2bcd57,0.4929199756812808
c6129c4b99d7f4c6,0.4680599974350733
7596069ac38eadb8,0.47927606363630043
9560c8310cf23dab,0.46577364158745954
ca1acdabe94e042f,0.4904475996449196
521f9d2193473fd0,0.48863996166555423
617eda3b96abb577,0.47526539596847883
8d735b59dd0a4270,0.5380945371042778
1b405139fc287a40,0.49745540978731406
e621733719a2d775,0.5054019034487398
95f4b0d76e779b43,0.529313215820939
bd6a23cab176ffec,0.46849968444756973
3c5fadc2c957c7ce,0.5146987915863138
37cae1b2dd3c1330,0.5101004405205045
0fc2ffbd9370b121,0.5130941140091357
b31de0d8e304eeab,0.5239415589083583
5738bf5ea59fcb0a,0.5178084821726773
402c7edae37bcf39,0.4830444166110904
1d79e32040c6b05f,0.5434124753829322
bf493f6f4a48b2ff,0.48572099821147496
8530681352913ce0,0.4702490421869773
c79cb0e184ac42c1,0.4905498883245254
32ecd92eb352979d,0.5297890108258494
c9a54261284070bb,0.47927729826642446
e6c2ba81e397e33d,0.47395748481707545
955bdf4fc9420404,0.4851676608551113
b180a78e50608ab9,0.5134340113552187
69484ff0bdf4b104,0.5061167943487683
8d62a01ddfa11fe9,0.5206934980732936
12c3df9b72ef96e5,0.482769228514638
12ccc513557a0656,0.5044708314870777
2aaa9bc35f4acee2,0.5500822404686105
e31d14248a98a72e,0.5124724095275015
1058c1f47fca2b81,0.4932200567776603
02ab14036929f70f,0.4895654409528236
6880fd1518aecd04,0.48607222936816097
580068eee74ae5d6,0.46376211847594323
fedf1e1bd320672b,0.48182910450506933
d47c1d43f9dbdf92,0.5057283033143091
8a7fa6c84cb2b0fe,0.5144856047027931
089bead0dc0d7c16,0.4864752913750263
3f12eac5d776ac9b,0.46939410184196617
2b55254bb421a326,0.4892445697714217
16721efb42f49e40,0.5207523788681515
87ada6cbd040d527,0.5096463144341983
c5c4d8e14015f4e3,0.5020639785186531
5d499b0e085f025c,0.5074185003985817
183039182079fa48,0.5129301369630311
05d6c8a5d3db19c4,0.522165919989486
4477fb4e0a476ae4,0.5045755150858253
3965182266dda565,0.5001480820646784
72bafef29554438a,0.5215502853440063
1b31f23c3e55dcb7,0.504687350842868
66c42c9008125f10,0.5036278014669273
5bf14b82c919f706,0.49339668908482714
2c7401c2798c92bd,0.5009638150190456
4adf517216b1dd47,0.469572829008184
26348c70727fc713,0.5297290905067256
82c1c6b9b0ad498d,0.5000757214590085
1365ca92c2e04031,0.5105089930043536
9edbc98e397ab4c2,0.5040088955670083
1059c066d6e0626d,0.4833015992429103
af993cc3ac374b83,0.48332738622922966
f32194afe634dbba,0.524510899490638
29de97ac80feb956,0.5067217944766181
e5fb185d8c6181d7,0.47777201580464324
632347c0452d889a,0.5266781763232616
35ad7b818afa2cc9,0.5214856013252789
0e9b47d072e9f5d9,0.5220360963553479
4b2ee7a5a4d7d797,0.49696390670237056
793b579534d59c3e,0.5043512885666416
3b23c46e8aebaa25,0.5177125698739071
f68b741461469ae2,0.49252765263507503
79e144db8265864c,0.4613976899653791
09c4fd90bed2d748,0.5115879720945846
2215efb176105acd,0.5041664433728115
b4a9877c6c234878,0.4970124773172283
529f75ff399c033b,0.5326054612234419
ad20741d26dac628,0.5104834580338096
abee4fe9fcb49deb,0.47414591977222476
80bf7ea1dfa6b569,0.5290261914612844
7d637676608f51cb,0.49040629660188095
79855154621f663c,0.49759846227885085
db630a696b94324c,0.5236800232167438
2c87f55f1bd853bf,0.48662850311843614
05466a89f589fe04,0.5268882864289416
073f9b06f7bf95f5,0.4668119313587089
d8c52af1d9a0ab94,0.47577218243610364
170df691b9758d76,0.5096491731231995
098c223fa7ac1f73,0.4855504905037191
947d4f80370f0b58,0.5017054318136992
66196fa0af9abe3f,0.5155195612172918
356513b3059ae50f,0.5247843944530852
a951ca23d4bdcc33,0.48618899734683685
defaffd4e20a4c47,0.4747605351444706
9aeb8ce75c56fcce,0.498988268423775
0e52e6d570d8f008,0.4955456055533782
d177a330dadb2707,0.4903685133439648
4acf903d98d08aa8,0.5111510527547769
673bd4205f6635b8,0.5253104379970028
17b635201a20862b,0.5038088778118612
e31cdafcb4337eef,0.48666444659373304
2f57ad23a2ad21f5,0.5125746889323476
8c76f3fa81c149a4,0.47921506705538647
7448092b980edcbb,0.5085885789494249
cc3891e28dd031fb,0.48049936854459324
05d416ef906cddf6,0.4827567627061362
d5cdb3c4f4965afa,0.47753330351413853
bc40575e98475699,0.4720019995200371
7227a9d91f309e1e,0.4941277167937427
f83295ed727a429c,0.4872676261481991
44f16ce1d7899c02,0.47210219960150646
219b4d22a5bcceb7,0.4591980394162473
5684d434bf545e82,0.4772339565789865
03d5ff6b9db6a1ce,0.48667601692806567
c402ad00c62dd803,0.48420818674127486
d384f2bb50d7321e,0.5177224976680036
865ca8dbe8ae9927,0.49597842648538737
0cfaded78f4c55c4,0.51475027374342
c1f9c03f1f673cb2,0.5082650694675399
80784aef1b00a337,0.5202717457467814
2cc7c6c16592cbf5,0.5110511950792207
f816697d9e23576b,0.48253997645601765
e0a3063ee410875f,0.4825044824728866
187c083474d62911,0.49265631140066873
32fe8606c8a5cb67,0.5241658444741307
e3b603a450f69271,0.49982644479228117
13ea25fe500d74e1,0.4954969954685086
3465f2b92e5411a4,0.46161807415963907
f84c04deab8f0a53,0.5291396040581094
ce64b825ce5f48e0,0.47051200291175144
a03d161faa6231d7,0.49321441014971
7b73399454d06d9d,0.48058868480732153
726ce1fc6c05064c,0.5029804745577605
0e660e2441745329,0.5332315504839877
d4373d25e109dcb5,0.5103888785293571
6c8ad2f1018079fb,0.4585295661160266
485cc002fda9b938,0.4688599229172983
840b1b00c51f87cb,0.48367637502595184
e7c9e19e247f843b,0.48867700631267125
4f97589fa05c40f1,0.524331358048088
41919c492d55190b,0.5003324529811262
8fc6cb3936ed4ac6,0.49053749475429353
75e3076bf4b29ba8,0.49836338319565127
8357351f6977683d,0.49866385501362814
1a6590aa6c3d2a06,0.4807932689564741
6b0dae5047e0ba12,0.5097917122483941
6f8bc4fa3d91a3dc,0.49698152559922393
e4aecbadc139b9ec,0.48428674491406887
7616bb2872e18231,0.5016581863061158
f97102e411194f18,0.4807419476938477
4f25e4f4959ce4e1,0.4828762695990523
46d34ae6f3e900ba,0.49397580562701293
73e3288eeb552e3f,0.46030781839616813
e7010fbb2150676d,0.5300873160698518
cc2c1c680ac82832,0.45914324771065285
d025b02417a63fbb,0.5148096909158054
08070948781ecfb5,0.47800119690740794
2bdbf073750d4864,0.5046430757774203
2783928eaba81305,0.5239302114621012
51bcbc84c0f437ad,0.47076747782270223
dbecf7b9325b78d3,0.5210233485461758
39b3096dbfceade4,0.5095685629426998
4299599a54525066,0.5366362774431782
ccd92654fb1f721f,0.5387705076481156
ee1170819ca7d594,0.48466112525863736
c30ab4f74d33afa9,0.4864763507631026
40f10fad12afb51f,0.5272513384646556
f4e63fba51ec3896,0.4913102775616752
60ad4f8eda2cf6d5,0.5415644584204924
4dfcb17aa4236952,0.4908130931268367
2e54d9b1b4e00337,0.4785953750102827
47a9e135733c2ab4,0.474763771979182
4b3c22d3da587d59,0.5072532523560875
ef89abef9807c003,0.49174954996431364
e7530eb737c85931,0.5081529420231671
dea26fe32dbe26a7,0.5001026060768715
08133a148f3d4ed6,0.5086094383747741
d39b177320bf091f,0.523122981551742
c2eeafe05948ccae,0.5257482526316181
73c8d1e2bc9f517f,0.4866914820244578
0dd4da33e5e18c44,0.4894301859655097
25e076876a1fb6c3,0.5332193324800063
873d0ca47a7ce61e,0.5171347866950217
930d090798b9ad8e,0.5206508895898017
98e38baebfb97bcd,0.5074244228602041
9c779fba6fe0839e,0.47286654232271047
5bb1f9fc76a02c1b,0.49237471668538135
f83de39c4e518f6b,0.5276676785613416
10bbab1f08d2e6c2,0.47383961342037095
ffe63eebf605244b,0.5274822073860899
1e55e67dbb9fa1ef,0.5158299776235583
e53426cca968ebd9,0.5060624316823239
51bba86dd8aaec50,0.5250485072099207
582102afed3c818c,0.4835413420474835
b280a8fb8ffb9bf1,0.4994188221454797
e8e7ee8589574a45,0.47277472163827233
228ac1a17bade85a,0.48084709209037746
2bb37b0ac11a0c2b,0.5184628380571623
5588a1f5d8da9c77,0.48279756217589526
a46d657f4c9bc8ca,0.512815088399678
7373ad47c61f558c,0.5224513934968811
0f1fcadf13eee28b,0.5394600445200999
1f8603bf90774382,0.5125467249730883
b0dc746e7f7ac87b,0.5184863348726223
82107223b7ff9788,0.5105304376539975
a38cbc0aecaa644c,0.4934849990644593
61dbaab39e7dbc01,0.4507693595250434
85064aac24d665cd,0.47663727623362484
48be998c9a3000d0,0.4959962981825461
26b2daccb2b045e0,0.5307693649674455
95198d21e3fae237,0.4696441056293241
b2a2d7a18404d7a4,0.5173423333214836
6b178de020b8598f,0.47459922726517767
38c1b19633279892,0.5164490822142198
186d5468edde7455,0.509846418726511
4f33d36d7b629852,0.5120362742790568
b955eeaecbe25ef7,0.49944051455053107
39ad39dbe012b34a,0.5129590873076428
929e8e2af2403da0,0.4912711252414014
fa22cc093dcf1822,0.46246851383234966
f56ff6b1c2817475,0.47124807682274217
56b30f44349ddb92,0.5085597493902289
617dd77adea9e711,0.49397231109277173
4cd7a91de7bacdd1,0.5200530049374177
c07844f4e94ce116,0.5229457519069243
692bbfe3fde429f2,0.5164896751412761
6e8117bf11d2b904,0.4892698932376561
27efca94126fb8ff,0.5032440996319436
4d2a406b540c41f9,0.5232318813598743
5ca9c8756c163b0e,0.4847963832396226
c10aad8b54af6017,0.5138180953448896
60798b007f7b4637,0.4906768832369295
805031b5ab834e54,0.5018856947144255
fea6be92744b0c40,0.5293452588292198
284e4bea4a96494c,0.5145318537924211
4db0c35a634d4fb9,0.47496843967564856
351dca6bfd544a21,0.5285431485421216
c36cc7323d4f4de5,0.5060275882061163
78c350098097af6d,0.4625179434643776
1404eca61a3105b6,0.49228413889389966
2472a09a3e602f48,0.5272039794213378
5f9d50958df392e6,0.539938911518696
ab8fde4ac70ac766,0.5329554800531435
6649908e57ee98c0,0.48909540568265764
6f6b426a42753b8f,0.4862591940144593
9f89dd1b9ea145e9,0.5030901229265919
d56cce1c1c4c9780,0.4711325333891445
fd794932c3ad58d3,0.4830723218746009
901c8562d025f79d,0.49122882842749843
2460966f3ca7d3bd,0.5193708255573679
41c6149d1848cad1,0.4958429860043493
2c948ba95eb3128a,0.5215647975215078
0263f07afc6e71f9,0.48266445643595735
59520bb39396ae13,0.5331220420282792
096e1b740c779095,0.49368203032545216
13bcd446b5b75780,0.46971032053675726
82652e7aaa1e423f,0.4977416998904537
b4c2a047510b1d1d,0.48607559792102956
8e95fe1172cfd49b,0.487949056497625
8b3b319f1bf34127,0.5405992907326929
8e876b9274c5930f,0.47977423689763243
74c8dbccca14e4c9,0.5283979818725659
a13d2861af1b8b95,0.5172483717648784
3d0443784b9008d8,0.5088143992841003
30a6c22faea5d219,0.5149546298643117
8ccaf0cd13ec8d69,0.5373274625470366
ea79b75b6fa4e024,0.5161595845260912
df41150fbde2201f,0.517926847363309
6bfaf27148ca783a,0.5085731978471597
016b24ffbde9f2e6,0.5193025391152545
c7f17aea0b57c810,0.46428318312128203
1974cb4a4a5105f9,0.509412820213583
ed6fb2d892b20325,0.48056162633779465
029aa7e7739f68f3,0.5138466639581232
1499ced0a7fec031,0.5025322019721369
1da835ae2069715d,0.4649416299475537
3b48789ebdae6cf1,0.48797323929690783
b2501a34b4204e11,0.4854865060561885
4e1bde0d2fdb1719,0.5002146254848104
bd42c11dc1ea52c1,0.46939774354023533
dcdd441194892326,0.49367728603148614
890cf601bcb4d1fc,0.5059030528869846
efcfd07026d6f75c,0.5159705708619391
6e5921c9eaa0bbae,0.5114669852547319
076e6b937f9e0f1e,0.5349696444660612
fe7aa6148631a52b,0.4890803011634863
0204709b122147fa,0.4780225483029531
3bf87c4ce9af3343,0.45509635247156843
e5d3cf73e07cb881,0.49619964507118053
d79da024e674f570,0.5100411086331312
f137410611053710,0.4796662879683775
4b48a5ea7d8db38d,0.5097843945811308
6e5b5708c1bbde63,0.5101258457115946
2e21f1e2f4f0d11b,0.4805048442190678
2fcb7b875a97fd67,0.5118052473160865
c9c50dcabb2aaebd,0.481632531495441
ade709965be588c6,0.4819301141646022
e99ce68035fd1383,0.5114062609850373
9abdf47140639086,0.5259149201889238
c0370f3f688a69d3,0.5107791365341886
023ecf078fbcbe04,0.5020562016093981
9366b2145d9ffbaa,0.5310313845842725
907dcd98979cefc5,0.4848036848105043
1430d1f8417967a9,0.5092492176569119
12cf954bc6f7953f,0.5257690128823642
9f439978c3ff1caf,0.521476354811938
3d566b52640665bf,0.5188445419300537
1da24b04359879c2,0.4881436389640187
5fb8e8cdc5a458af,0.5205061551015805
69f63de79af9dd49,0.5086512321897663
078cef5b5f6aff6f,0.5199066891440758
ee64ad3ef7cbc727,0.45414119679307285
30f789de29e44c84,0.5106645802806092
ed6dc35d0f6c3f4b,0.534753234647409
24171dc6016596e0,0.5250850452765237
d9753be4a4ac4d5f,0.509644226761907
08b18f56dc4a9978,0.5085508587661713
2fe99f58d73a842b,0.46975649226095484
231cb4b19f8ddc4a,0.4759409880733503
a0f57bb92842d2c6,0.46846781725658704
b451e5af95310e52,0.5056948386090068
4d5e3c273bff2df6,0.49338451973493236
69445874395ad7f7,0.4877533292708365
72d5eb4d04446c06,0.48872226709787914
676277c834acaafa,0.4962428471203897
345fac6fcbfce3ac,0.5311490855361579
77268d80339453f4,0.5064927473292092
0a3d332e3608b10c,0.5251275908939961
3d3e247d278aad6c,0.5180367708804874
c6d0f1503380066c,0.520848016273344
a7ccb8ff054ea663,0.530449395826527
d3b3fd3963b35751,0.529318877636074
e361e82e1559efea,0.5025579254542165
94f03a339108fe12,0.4795401251151675
0d6b47fe3047807f,0.5129133314947163
f0d2a9398458201f,0.5027683522335946
8189ef648444f31a,0.5130729410143736
b341aa9047a23001,0.50033938622732
0b603f589ffe5334,0.5153731057219675
dfcd5836b6d7807c,0.51705976626879
c69510f82760fc8e,0.5011784100444334
bc2b0e3b0279f394,0.4881554420173401
9e59359a937dc386,0.48436522732951864
9bd6fbbffc3029b7,0.5108183882532801
78533ed0a4d75031,0.5331130413802657
24d3b857d9ec7516,0.5088001268955641
d9f1874f6346d786,0.5277009084596553
6588a72e611a860f,0.49831082500043095
52fef00321899df1,0.503193474582782
b3c2a81210323102,0.48504194456591226
c1501d30afd688d2,0.4992652994457657
2bd1f2fa8a7cdbba,0.45271727823250685
7472a7ac18cd8ab0,0.510592413062049
b1dcab1c1027e375,0.5099281476208299
2add558fb5890d0f,0.4671333830364144
51a6b2ebff82bb8d,0.520598640946595
3486d76917d26380,0.5213503048400345
7d9915dadeee6dc0,0.49259499368346027
1a5e5859e62a5ff4,0.4761202735808535
ba7cc06ca707247c,0.5006015090111766
3c42318ad81df936,0.4747868167908732
e7f32c62736ba8ec,0.4868856733732678
01970049a1d79ee3,0.5256277444079583
c34d08417ccc14e1,0.49740607735034864
dd08d7511ab95a7c,0.500538083575812
147c9ed162930636,0.5558821308410327
4d55d8c7e32d9a9c,0.49580550429983405
1df22e6d0f4be856,0.5242319243715827
29e5cfdbc9735f7b,0.5203898597556234
529dfd620d6ee22a,0.49691168614110093
22b829fba260c24a,0.5013053249029891
712c502ecc45cac8,0.4905587546790252
2806f2b7f968844a,0.5074088950417521
1ff716c957da8f4c,0.4837152512144989
33a651d1e2266900,0.5424841649559975
01aa41460821647d,0.5034851859101782
2728591ac3aaa7f9,0.5124854858033936
62153e0ba99bfdc4,0.5164903960981893
a336835871390b27,0.4741651976831732
66040815dd14bdc6,0.49737848262174267
e0d8f324ffe3e925,0.5039380911634549
e7d245b8d234167a,0.49118202988784476
b30acd5fe8990b03,0.5256320724676746
8b87df65e3f61018,0.5067473107330199
92d913128fc856dd,0.5231836245291938
c1aa97bf3aa49c01,0.48787203031365134
37b85ed57524087b,0.5456181456429052
fbbd2368a21a9e6b,0.47339900204593816
39795c53fb16d719,0.48321510800641804
6d637bbe837caf77,0.5006963923765924
ac09426ca8b44dc8,0.5183421980065434
0007a5bb7310d604,0.5161251260423839
f8c5400d321751bb,0.5374392553733602
5c5d74b2ed3fe0b2,0.46482299904639096
a0d70afd5aebab39,0.49787207895755325
dab67f5669ab1b4a,0.532990031426791
b094a6aee2983e4b,0.5238067417655676
76eceb39e4bbf598,0.5216509725804234
08792ceaef2278a0,0.4901825871928668
421639eb32096298,0.49450693612038843
3732446a2dc0ff2c,0.4801575484574401
f42e7bbaae983e33,0.5116110673258246
1d7a33be5e41401e,0.4921344400129739
c94efe294bf687bc,0.5185350414947967
54153bda194f6353,0.48370794949720936
275f14633d4a7de0,0.47388268572288406
7a750521e7810b4b,0.5352901371462611
b94bc2b4bd62e236,0.518089095047863
3c2076842f11afcb,0.4839122956552251
53c3d245534bdda0,0.4734600273304098
bee1ce38b4653a33,0.4839156023208028
7fcd7a8a7c44d7f7,0.4897502354089741
60fc2edd396bed1b,0.5092692882953221
df7a1a739d1e3d31,0.5083795980073562
293173b622ae6047,0.5053762275470738
c18a9f29b23ca49b,0.4915094759704238
4497cca94390df91,0.49801966050290036
40d9096835771f2f,0.5020475314943639
ba30e997b8338d76,0.5147056106285367
56d89283c0f5c7c8,0.4943165691820204
f460984ca4f4f1a0,0.48747402427866515
63585cd6e35862a2,0.5119799010016248
26e41712e705d5ad,0.5161472086396633
0a056eacd56539b4,0.5031060262408718
9060dd63376b8616,0.496138832985921
f11e51ec27009738,0.5284958019050242
d0496dc870887d72,0.5024090696635011
65fef6d3fb26ca70,0.4626812136528312
a586684b41fa9769,0.4970682055007596
3bb2f0950e70a234,0.5263238363755297
6c6a97e3ad10abbf,0.5267337256998877
ede33053b334b03e,0.5060803354082593
0dfab1673fe84ab2,0.48337849858841386
f65b0230673c2e76,0.5097312997637987
5618ac6872992ff3,0.5092290450519175
77febd71dc7777e6,0.513809519230144
7f54b45c8c0b9310,0.5116127377334787
9273e3e5412cfeae,0.5033388408661345
52087475796918f7,0.49442022397237423
643455f14aa1df04,0.4748829252966936
d1b24b005a16d2e7,0.5257161715976698
88788f98d41f9611,0.5114003141603813
bbbe50af555f1d68,0.5067012505322582
1bfe964817713a25,0.5388684164454881
40d6df07da814020,0.5165940785559848
8a96d0eccabff7b3,0.4540717784738592
439300a43f735490,0.46187017015205245
bfaf88448d1869a5,0.49225871131657484
1eb331ca2d61f16e,0.5212772425415289
5ad8f23386d2ce42,0.5047410000292815
69ddf95fb1e28199,0.4844052470741953
6c224fe2f90a4ac6,0.48726412057598867
7d2d81f3b2e16bb2,0.5126120631659838
306bcc14dd7bcd69,0.5360372834480505
db0b579d4d6c3202,0.4934863910496682
5e7670a553fae63c,0.5010494198329424
999f8c054ed84981,0.49643260824081736
645969c8fdeb22a1,0.4699545023183349
6158cad9f5117a45,0.48861950846192725
3717d43b0bfbe61e,0.5139511071508877
8ffc981637d61bb9,0.47819509945395294
8b934f4c25070ad8,0.4715189855003442
15701cad20890a02,0.4998148081679463
4a22e527eecd22b2,0.497946907245695
6b7e69ddbeb27f14,0.5135681995294777
c44f66a5254d5ede,0.5345576457954337
1dd06cc994df91c5,0.5094404632507241
43da23e0c905b332,0.5295906034488769
cef6bb5fbd6d7d4c,0.4719623976010967
74e65522686e974b,0.47183684708885565
b2ec41e4d4e17991,0.4830969039308081
7adfda5837586ee5,0.49564514840482143
7be7cd83da184778,0.5130354288835856
331453c919db4a8a,0.49491667293135144
1ad90b2ad8ec5751,0.45533791181395966
06f305aa47e1f3e5,0.5374741509823323
5d77b6a032a98222,0.5068339370645472
2fadc388cbe136d8,0.459684780022109
3a64f59d79eebaa0,0.5012302774104689
e9d4d3a03ce54237,0.5142430184105055
5bc032bc2d4db536,0.46940947473242145
42afab27f6d63b09,0.5129932641441148
0ce59aff9d61ddc0,0.4962893289117213
c4b23b3e64f8fa59,0.49215515211025956
df5826f4adc2407c,0.5171673270403461
1006c7d207337c5d,0.48237530135455076
74f20f15f7388f9c,0.47310272299046296
e8c69436b1cb3320,0.47207732622535936
609680f04da9fb46,0.4827594574342232
060d99e1fde9dc79,0.4709391703838076
6555f0c293c5a1f9,0.520338623374923
cc835ba475e9656e,0.5104539905278592
960c65dd29d3417b,0.4999975925875273
c7596c71a0f505bf,0.4783746955520835
3f3297df319604e8,0.508727175734154
21c886bdfaeba657,0.5377813311482832
4c47eb742008376f,0.5216618975299985
0360ab7e3c03e1d6,0.5040568716364411
106e8c5cc993ce96,0.5205347041122852
3f189ef767336273,0.5367494510437453
d87c2b5ea60e2e70,0.4687009858657761
924a02ba0ace2e0f,0.48898944755689044
e0a93aee5351fc40,0.5166176072459792
60036012aab0d68e,0.516864605996078
92196298fd1f0a2c,0.4898261231051214
2c9507cd32c0dc32,0.4620077662454824
f138d3401d1ef8d3,0.4703477078421084
0550e84ce3342ea2,0.5299053946440029
433b7b91aefd0d89,0.46961712509332876
2f084abde9824f95,0.47244949434072836
aec34c208a4086e3,0.5168361306036954
77832263f798d3db,0.5186128441039003
423646a4264a51ea,0.5182919595676143
99a11463587499b5,0.5015043638232617
5666dcd2f61e1fdc,0.4755470340546877
414bb3e31a06b128,0.5329133125249725
9825bfe27f61ead1,0.49380503964565203
3e8b0ac764ba974f,0.48226872932923304
f494e58fc4f527c1,0.4836754979360913
4b3ed9d300487cc2,0.5200389927611405
064d5daca103bb1b,0.5208281283264917
1a4b5aa55f664cd7,0.49013316846464194
65fae5433da58938,0.46971337441720906
77df36f32951641e,0.4910461177730392
2734faa9175621e1,0.535538486597521
6952ae6c0325e147,0.46866228180128144
bc49ff32a733b5b3,0.5007546712500617
ddb437f22bdce5ad,0.510539979133223
ad2ca89540526e80,0.5199195227901048
8eb86976f1f7faeb,0.5371425519566833
351b2cac3bb60649,0.514293514317209
f3685748a7717d4b,0.4760789520514125
af64f4a787a28c01,0.47705733876540357
e41d8e72f6a6da64,0.5046031875589058
43199fd3cad0d080,0.501359505811947
08639490dad5a32a,0.5077836119136443
251545c20caf2d9a,0.5006517192657812
657fbf140a397f3b,0.4867021119910102
d28dd01372e08f90,0.4922408582297021
fb9bccbf5affc835,0.4990979478515666
0c3e0f0e422bc214,0.5127824898498787
b6fe616b3ee4f983,0.505812077317003
1a05d9b0ab2c483b,0.512596753967601
be053c37d8d326fd,0.5055914521127666
b0cc45542dd09eba,0.5057025468771666
0d1c9ebdc72b57f6,0.48741030706719524
926a38d305ede2ee,0.5061549996795187
381047d838351f95,0.5129383168311232
5afb977a1eeba5b5,0.47810790410179677
1ef7c785c8633cc8,0.4998738751133557
2f0bd78e22c8874e,0.5253592711169431
2765e2bdf659e633,0.4982277557437377
31756eaf193dde51,0.47303568473715346
ba5f5a3df72c6be8,0.5180430166663924
90e87591d24ae44e,0.503983509327055
f9f063e55d3db8b4,0.5056244339794077
3ef90711b7e5d86b,0.5375825898866226
ec0a6ecd2422c215,0.5080941003479215
2a75009bf5006a5b,0.5074235490315641
9edf622febac0e4b,0.4968052582683165
9cee551773541f4f,0.49690688253319293
2a07f1c2d7378d29,0.5211667701621101
aacdb09c08c9a960,0.4703995598359175
df9753fd02aeca78,0.49405466243386675
ecc853e05f1891ac,0.5126007575567944
859bd8582d3d2811,0.5042928049630857
a124273d56f60796,0.5123251204164091
9cd33034524d6b66,0.4863658867277014
9e58973154c42431,0.4755442177405944
fe78518186335668,0.4740083601239442
0c195b45f68a8952,0.477107473452994
bb6b109cc9317218,0.4845490758036659
a58342d3aee051b5,0.46254940705360215
48f975291ebf9397,0.5040418774316907
672604676c29d735,0.5044570894388792
144b0a7e9cb057ed,0.5325183591581916
02ea6c1ef4cf0b61,0.48115902027247903
fe3c47193f742bd1,0.4824394194499808
782fd306b790e8b4,0.5027344272880349
53f0ab0c206a7f5b,0.5178226831410152
2d15bf73a2700357,0.4878923388885037
569b34b568032161,0.5114483122750022
d98474765b2d7880,0.5184330498692711
f3088caf81ec54f5,0.5243062823318749
884de3bae564118d,0.5307886428233075
5b62a55571d795f7,0.5052323259330336
e860976e6aaf78f3,0.5184411842852481
bc5f8d0b2f9683ba,0.4988696921823059
92555d85c6369cfd,0.5261748386554265
189861fc294e0daf,0.5080874438497385
b8212e2222eb4313,0.4659978157853116
53afc56ddcd63d8d,0.5149458065721508
0592b0cab7becf5c,0.4991992923833791
ac4cbdd76a84da91,0.5167994007390702
f2eeb139d518ca60,0.5078552502429683
e02fcc8b8b63c0cb,0.49574652693084886
a7f194a18e15e185,0.4926547264241409
b9b57b5beadd1490,0.5058574516630158
357c4988d289017f,0.4955325969226657
f0d98c09bd71837f,0.5229253689333818
b1c0df4bb0c82383,0.5003943698018882
5bb361813a233522,0.48485099755846706
c3eeda7b200e2c92,0.4766348740481048
db0460b8a23a94e3,0.505582507628872
3c80f795a35190af,0.4756934578366242
ecf5824d8b392491,0.48096547498278364
5fc7a11376239e12,0.4716327113311177
2008fba1ef946ecb,0.5099860023577034
e2aa59fe541e0ac8,0.47818279289512067
09b5c7802e6b561b,0.48951481228401184
988df0719acbb76e,0.5038640331569977
48d79ec301d31948,0.4976766372447804
d288ed9b89b3675c,0.4804716186589775
75abd1caba2694a1,0.4817134638913437
3660f3c735d8a187,0.5159776256107503
0440ac4598276f6f,0.5378851233979368
836bbb09e4831df8,0.4963467187822439
51432ea27e463eb4,0.4812311291206682
3fd99194e4efb12e,0.4728712383557361
ef1b4ca1f2c1e357,0.5014403565362198
70c464af7e1cea4a,0.47892773658008925
54c64f47d761f86d,0.5123455188568777
333dcb05411a601b,0.48842480938743976
11861d1571dcc3a1,0.4690602107132672
20e00d08f625d409,0.5123938345526797
8574c4f5b2db8c92,0.50851690786002
95feb433faa8520b,0.5183287929056484
1dd496796a5dadff,0.5067840639639306
c1c248e8483e9ef8,0.4898973357572385
5e0dc0f0f0ea48f3,0.47871411595963964
7ecca4d6c9eac123,0.494756878962068
58dbf7650b2286e5,0.5016737957879224
4c62224901fd183c,0.5040040888469317
affa636fe0cafb15,0.504258829524822
c9f2c416d003a925,0.4724621500115853
c19024a709757f11,0.5069149922378919
d3444b15af3a9536,0.5082577719283556
2f54cc2167b0cfdb,0.49052600031974675
d974c7d47092679a,0.4843221865319951
1f04a25da2b17ee9,0.5076330396767943
f133299dc49c2bf2,0.47478721350495456
9542ec8d29575b20,0.5222324665291804
6e476b773a15e2f7,0.4945794364827843
c468f0fe05876276,0.470871186407524
1bdf15bc47508221,0.5178642594477557
687b1d6eaf1bb287,0.5342119890803321
fc8590ee9d55c5db,0.49080286192916633
a4379a3efec7361a,0.46876398175935696
30a2e56d4d608b28,0.5158156623540524
4b400d52635e28ff,0.5424315571370204
992d4d4846551047,0.5273413334193173
b91c089133d42f62,0.48994771225422096
c98879c523da912b,0.4844106178343933
7c8f510d8af822b4,0.5151097961813137
9d674a6212b3431c,0.48039007710953496
d3da05b2f284cb87,0.49205927223106216
853ab873686c227e,0.5033932430298649
ee0d55e13012503e,0.4807441141130413
fed761caa06202e1,0.47661995193790985
7750406f980f78c8,0.5405020168653405
e8770d9a28fdaeaf,0.5219248916278073
4025856444b9ab51,0.4964761142962223
1d0cc87631f52974,0.5362815367145102
f87d2af1aa151b69,0.48761042444263203
e2746f6359714da0,0.5031237813021241
6b20c519964ca8fe,0.4797855978269663
ac0ef70a6dbe1ce0,0.4588095743931081
29219b6baa3ffa60,0.510039982219048
ef5245dc0733939e,0.5028395907688394
26d625d3997169dc,0.4904720521874102
ff9580c0b2b1a370,0.5291612277584592
bdad383d41eac454,0.45219583902262095
a6bebd6247dce4a2,0.5174950204928741
846ab5063b60d099,0.5384889291990721
1e342d4cd0cd2bac,0.48601869451640783
b111d554bd56dcf7,0.5101630562391344
9ddbb649643fc0ee,0.5226317579180642
0dc9c8998b42da67,0.5067640181068195
80444594c0d4b5b8,0.49473852723649336
9bf8b2752ad4d752,0.4993460710396851
794812675f553fb1,0.515815531820623
c60c7cf09844c202,0.5168087161711425
06559b4012a85953,0.48499424976956695
dde7362e34a81ac2,0.4902215201399286
fa1ccff8a7481b47,0.5141878869926554
89c1eb286bad23b4,0.47315676316553323
b389067306356b78,0.5149566794533025
a4328554fc4a45e3,0.5321125169351658
fe2ff0422ecd1440,0.48621232933062375
e1f0e9e0dd1f6a8e,0.4945596862091145
e431bdc8db1622e3,0.5072343190353188
54d5ddd4fde3db7e,0.4546351031329985
d6a2262fc314d2a8,0.5065948687664574
e7039d9ed0ec0c39,0.45891740235621487
357fb25344e0d8ef,0.49633629920759614
8479ceedf945cd0b,0.4902307405690395
30e12f447d932d19,0.5153009990890403
a33acfadc007c5d3,0.527000641888844
32b72fee7f2bc37f,0.4936727878475788
e2ef0cf7c0138e95,0.5446621118829428
c53a5098d3feab43,0.5220636715101192
2d1a504956a9bc59,0.4728962232355368
5b9d63bb61f11842,0.509357646293514
f8fbcd4440a074e6,0.48150779318955206
c18b0ab8490d1c66,0.5033499253414974
18cc6b0ca558d790,0.5248295795862252
c78d6d8adb708879,0.48335339012494893
928fe114a90feded,0.52481047342004
806b11fae1f6bd45,0.5013615781570113
ac8d5b4456a25f98,0.4889055121797538
0de3b4e998fb61e4,0.4938884314428811
0344ee3e70daaee8,0.49337181243012573
9459a694f708e7cc,0.4496811112788026
f8f24bc3cf3562cb,0.4795280221220153
fca0d01a476eb58c,0.48183930447146894
ef25fb3354e1c732,0.5082013622709477
83ce56a22c714f81,0.5178948895718312
781864846ec190fd,0.5123672979422709
99c27791616e6a14,0.49652045580371096
f00a56545441ae1e,0.4892452123065166
160c77c56d0bc3b3,0.4839807428798336
6bc7f7e6a8dbe398,0.4802569867119541
565c31dc34339cb6,0.5259868744199022
d47a57dc58d8cfca,0.5258126436452963
7d91fd093f331634,0.5101312366173522
a33fd6143896a064,0.4756087873473931
af6776fae916125c,0.5350403847478182
eb63791dfd566fd7,0.5085537271498632
fd94632e98a57fd7,0.5115209630634299
7afa48755b2905cd,0.5257232350646955
cbfe89a23b516339,0.5054217913488296
bc9eb4d602b27458,0.495473068807481
fb8b7e3482eaa33f,0.49814126028810685
0d172dce11eeef53,0.4883434641934137
6cb7efe2f15a8b1f,0.4885577680617219
0b234c8955fa5560,0.4864747015077941
1564bc14da2389b8,0.5260582794971467
11d440c4ffeb2e60,0.48117529464065356
fa46240b99291663,0.5267029093417743
52eb5978e0a48397,0.5136997967735062
bb2cb3fc47f785b4,0.5138844359155644
bd402ae2e81bc456,0.4748328598822979
5b2c73c3c2fab67b,0.4728683099590175
558785e2cd64bd4e,0.5399153831889918
d8d0cdd0e630be6e,0.5194655861667884
54a5cf67504e37cf,0.5044165529547042
b7225c4787addde6,0.4708195677880618
2e444cb3f4217098,0.4827482576424356
ae6ea7b6c44fe6f5,0.5112153477282022
8917e3ac1e161b77,0.5033855714263679
ca8e1b8f4b045be2,0.5382368623654518
b16a002c43cda488,0.5238669025278888
38988311c0c8e2b7,0.5180231074094269
40ac9a289f991b8c,0.48500887379769364
83dbe87c0f3ff118,0.4999974998042836
d8412746401ef6ff,0.4667521583802816
95a1b17435300c3e,0.5151125534587092
9576e0a63d76b324,0.5151624665223742
8e43c1faf8514a42,0.48602340178517556
64462847893bb0c3,0.5310809655194566
2e8d60596fe0288d,0.48223506001302674
e3064eb18f25f417,0.5223306965403114
5c24da1b9f2ac392,0.48410235910780586
ad26aaf8f4bdaf41,0.4857847850210768
a21097bbd8645f25,0.47080808679883906
cffe1ff942479449,0.4718188582687768
39170ff154aa8058,0.5332116151746198
0e2b77f6fe4d94af,0.5308907591545975
4fb4ed274c87cfd9,0.46349648203831517
dbe218b606bf3cff,0.5001492535857168
b1ff3f405ab15e62,0.4839152120283418
b77bd0eb977bfde6,0.4544863494740289
c65c01d13c9051fb,0.5182312448895859
9f7d2bd32579e9b3,0.48947256662713157
1d42bbb95380256d,0.540472963270849
799c5bdb519f3962,0.4881045493200706
af54b26cbb15ae3e,0.499855715583357
9ce958c47b1e7d3c,0.5168485211863767
d39bba0520b226fe,0.49216337283110867
c4923735c16e8881,0.4730570890698241
43506b20fd8ac430,0.4909202581704829
685b0ab35ff084e8,0.5449141673107628
03212fcbf4fcc22d,0.5297619080947131
7aff26a87411e8ee,0.5233681377893291
9af789cec1453f89,0.4599933477077345
41f2ebd04afb728d,0.5092078973970563
a3a3009c55baa210,0.5495072746507563
688382bd40810598,0.4974638188668275
42cce10beb6c55b1,0.46849441788875523
59fe211f9aa2b83d,0.5169788646588631
86466c925086fe3c,0.5401498459476097
cd36f54626e83a21,0.46748374598504894
ded728c05e20539a,0.5064566006152749
0c7fd3a164040b3f,0.5043714757274065
614f526f552a972f,0.4823022702531865
cf076cf42abbd2a6,0.4835487689901625
e20135d1136fb289,0.5025829564576003
2b40340f15b07950,0.5162029627925511
92ea7f3ec80af25f,0.511070644033938
1de6db095fe81c3a,0.5111240382806324
e13432ce761076fd,0.5057391463303362
ae126eb3da41487a,0.4855716679555935
05436df37c119ff6,0.5182942720725597
b9203ce854a26300,0.5050967691958679
e39f8336b7fa1f6e,0.508905249728044
2d031b0318ea5a02,0.5015726363071342
54304b5c419290ad,0.48762843160045305
e9b3e8a0a4077e28,0.4867177179896345
1dced917867d765e,0.5219444182210371
c004a070a93054de,0.5286127245655949
3fa194a91f4562c5,0.49615791372602525
76d5a2300ca56933,0.4933804030453106
993bd3c445b80c92,0.5057475221623141
16eff5adf0cf07a9,0.515253254677801
19f4c91cd1038cc8,0.4838950848249297
4ace42dbd199d1b2,0.4696857744674773
8232534ba45ef07e,0.5056648655092522
a2eb06ecbdb56bd2,0.49229588568468097
e33ca091fb503e03,0.5064130110248953
8b65603997a5d0ae,0.49381575164006064
c4702fc1a3b838e1,0.4911260469306863
0a2ca915437c9a04,0.4662615716479872
6e4d60a1e5913350,0.4865720617622322
0eb4def034c0e542,0.5296857731525495
0dc7bc6ce45f37c8,0.48215341302106474
69c1bc9b1691880f,0.5005506945953407
249619e3bba248c5,0.5031278221650659
8a0925f386616243,0.5046483944688522
c609c9019d1d7b32,0.5025830429841894
dea132cdd56b9c8f,0.53269855784203
24c6ff18b883edd2,0.5223519846911353
06ea151cc4ea5974,0.46530534934240875
dde1072c2340c07c,0.4751066965676342
bf6234d11406ea49,0.49987431411445155
610c0fee53d0cf9e,0.5375818146516553
fc0691273040fddb,0.5145179793347172
46bbaf2bcdf5a362,0.5014827319323532
6f4198d004803569,0.4964344157501247
3f726ca9a49e022b,0.49996977563036615
2263ab08ec01d546,0.4795707738329294
dc2a61d22023b42b,0.5160891560795745
9cb03c429bd54976,0.47427189995179797
d3d5427c6c9640bd,0.5236102124408787
a356aac05b7d44bf,0.4770208144799811
2c28820cf1ae8254,0.5219637795840608
cf49994228b74e3d,0.4872849832349904
ea984ee0501b30dd,0.508929834014056
3639d96562366ada,0.4892282866081076
007d989968211b0c,0.4882268111742019
47b004a1df7ac9c9,0.5232501862162144
f09cbcb79049a436,0.5100651963339695
d3e17fc998bf6787,0.5090292851514238
0c6c8663f624c58e,0.4925068793081583
52720efef03dc54f,0.5394060661451122
c6a5cca33f57da61,0.49576011885253923
b1208369a0074122,0.48503331545978684
b0563e971ad0dbda,0.46765709337626843
a0bb9373f1dff1b6,0.5183897436326828
607b5d747f350fa9,0.5197400070306079
8945214e2c9cda71,0.5243260984418298
7fdea294906af44c,0.5093408020026132
1f3c2f31d844d10a,0.4738376735885215
248eb5a4a5179bb0,0.5379360949294147
f7522ca250fc8477,0.4968806101010772
3ac3d9675fc09e64,0.5060272328562889
b65116a131be84cf,0.5279861593216982
7cba939dfaa4fb1c,0.5199227204079575
4e484a321de70373,0.49117174116245604
48c00464ee810da7,0.5211602235453434
11c760a8108e0ab5,0.5272901784421098
4ece5849758d2bbf,0.49408296933070983
2d34cfaba66dade6,0.5217158460799152
597b3aa023ec1731,0.46416317367940213
65e095698c6b2018,0.529258788686314
d4685373bfa64d8c,0.4972767769426496
b2a24aac339b046a,0.5086866694673147
d018e1502c830522,0.523690931163825
b4a5d705266bfd48,0.48505127676994714
1bc1ad21db736edf,0.4913461931403218
3584862144963b16,0.49091816256147164
64acc3b4a0341a38,0.48423550453477193
ae1b7c2913418b6f,0.477095310823264
5ff184c18b029b7c,0.5059210072252959
d407cc2c1f68ef5b,0.5227932400111229
10610f40d2c4beb2,0.47086350468930804
a8e72b280bf38b81,0.4730438280407176
4802ee9701571a2d,0.521436579250173
c0ba503ad79cb130,0.5371639920835027
a428e18a2571696e,0.49574402438070986
d973ea3bf88a0f3e,0.507380017195468
cca48a6fecdefbfd,0.5084899319419895
387eb4b1c9690ed5,0.47329241183477017
f9b045f246df515e,0.5485938879560085
b8aa274fe0062de8,0.5293790039180477
9d67fee3adf9e1fb,0.5208381887110712
3196cf2ddaa8893c,0.49772387424440867
c6cb67394ff79930,0.5068447401319707
b713b9f13a1a825f,0.5214065743508995
0c55301e8a9a0e8b,0.530481503465212
06cf6a66edc51d64,0.5292421258249269
73877568d5adcb7f,0.4766086050701836
6e713b6c6d9ff701,0.5088446162120094
35b98290788b0e15,0.5264279981303877
c1699d21d21f249c,0.4901613741612158
4d4b1f0d9defbbe6,0.5349267385160992
c1eb4bc9fb4e0c7f,0.4994345406091522
ac64ea4bb93cb2ae,0.5171092169155206
a6c0198d0ade9eda,0.4985897891165276
4ee5d36590d4f29e,0.5034311264766128
39d7718a5529cc62,0.4750565384803639
4f6e36e222d122b1,0.4951603511260861
f7b65c4533428cbf,0.5242449729060948
32839e57f8e1ec72,0.514180675381992
0a631a26c3a1a8ef,0.5131195603599006
42ae365efff05b84,0.4848986048830364
aaf16c83ac07884a,0.4972642183706374
e3fe57ec38bc0cae,0.4867017939935706
a269d748b94103bf,0.4949533433733796
29320c0461eae48c,0.48316030490246586
98b75056b390e87d,0.5274637654891077
a18aa53890bd84ac,0.5199448318699902
fc5a2a2354cb11ed,0.4948836592625476
912408725cfa628f,0.5043698619912061
6453b1a068b68ddb,0.5199556410832098
d95e854d614ff5a3,0.5201862178373997
85a79337144b2a84,0.49276737596085596
b5e18d3eb66f6250,0.4648718234302934
3b90fc3f1087e3d5,0.4534384897528775
36f89bae0e5df26e,0.5156897930314415
7de9a21c9a6df7bc,0.5110313842301029
4ad662d48155a76d,0.4973862405708022
1016d05cc8d07dfe,0.5064779039284089
b0a028857d9a81dd,0.5191903306474119
c7da65ddda5ab002,0.5141300232098396
8faf1048140782ab,0.520458712271408
d0f1cbe5f5c2cc97,0.5210240554926019
766a85256e2db000,0.4772496313038085
83f8495a5ff0fc2d,0.4732120628841856
a57ac84facc6651c,0.523703346300898
3e18333d2d1812a0,0.5010625570887891
2e2c93c0b28242d7,0.5167932528455497
290025e556e7a964,0.4870743761316486
34abf7197c7817bf,0.500733686517599
4c990af23095a8ad,0.5375292825451699
b30f0e7ab6ef02e6,0.514761073667043
955f054ef8ac2a98,0.5474758353212958
efdde8377abe8fe4,0.4896892871192615
cbfaa9b940f4c2cf,0.5337540252156747
51e64153531937a9,0.5385310063738297
3b7b80317148399b,0.5079327179652007
b1de8383db45dfc8,0.5163866130346184
0d3f9429ecf4d4c2,0.4541617773792288
c4499c39e29ecf53,0.5159264238569031
7800f7a3f936332b,0.4772531768841649
b837532e3fdf4a50,0.5095264815869482
c681da0099cefd6a,0.47416792775433614
c7acb3b5705e68f2,0.4751988419728106
7072f5cd32c791ed,0.5373722051789073
00b5216b2f2dfa33,0.5086269859734519
b2ae02f82d15b4ad,0.5179733295456815
5ddd4c1db54b9114,0.49714374754514834
3e6fa59b53549aa5,0.511333169107514
6b853eda68180bf6,0.5177763078995159
0ee247af650122c3,0.5329752284729681
9e2c6c5193f21067,0.48759270789680315
6cb5b3e20565dfc2,0.5182577955130284
dedaeeed301662dc,0.4987391187299288
7244a91f3ecd611f,0.5059125747107981
d5447b494619e05f,0.49597978902618567
d114e64d8dfca5ca,0.46987978756671095
762e061721ae89c2,0.4762649762691642
0359613691f7c01f,0.5097356351338647
ca90a47bd789f6fd,0.5206564917349641
b43584123f43b018,0.5103452280466227
0770e000ee552df7,0.5164116729608289
b396a1df0d592f4f,0.47637380073376234
51ffd9a173cdec87,0.5433821354378443
38e628d583de2dcc,0.4785058443469176
5e444909efb4f076,0.4903154027711511
147047e5cda600ea,0.5354970859634824
02f5e786b6ca732f,0.4839590454813475
b29abac474eba51d,0.5287373337757882
14f09256775b5595,0.5071167500392706
4132a178395f2d42,0.5102002294927299
3ecf5a5ba7668082,0.485699773976791
f7b8ef9f4baa3954,0.519584361142237
344ae6cefc6e5e28,0.4579049199773425
9f8993a4d3fd8c66,0.5098815142850875
02fb2d64b2963430,0.5129886923151991
cc3e88fc10db73fd,0.5300900569203466
e1b25ee0d1bded29,0.5122005785369861
6811aeda7c48195f,0.49934279882390015
2caefea2089d3348,0.5042632477363108
06624c42e6f173c4,0.5351073508570681
18d0862452891d30,0.501865199014847
aeff78b9acbf4d71,0.4929239609953102
3c4fb720d11f542d,0.501986361465852
ccf649ea4bfee844,0.49849808200014134
72bca5a449e85cd9,0.4979272401337824
fd6a74697a1a9ec1,0.4678292840163475
a629bcd8e7727428,0.4843027876733585
4234c32600399d7b,0.5105513507288756
dbf0f354d6059039,0.48620584574190434
3807b180f301e7e0,0.5238433746284964
5cff8cd0dc4c326d,0.4994351617525566
a28550e03a14c9e2,0.5396692568028679
244915cbbfabaa93,0.480550595802573
f5d28c37e1483258,0.48122419368491953
625d0351dedf957b,0.5209666463304341
daa98d98f6971d07,0.5087994416077901
aac141e3478df5f8,0.4997555036946657
6e2d6b44bfbd409b,0.5230226437883254
34a46acb36dc8ef8,0.48524634632087604
f709bf78e6f0fe9a,0.470645843574384
573ce0864f1f1a1e,0.4790689272707499
d6421a369f95b35a,0.5157017949844915
6c74b5b293b1b97b,0.4786235230784154
51cf0713d5fbc070,0.5242858175205618
062ba7304652bc27,0.4980657963073517
930853397c388814,0.48968394438473883
2e48c840c19e48bf,0.5230475942936427
2a51f116e23cffb3,0.5094348894590139
070669d7057f8aa5,0.5267056876366145
967936eb15802a83,0.49601065457475735
83ec0a0ff919a926,0.4756818140963831
a35f4a25719a4b95,0.4682823078644074
e646bad2986e850e,0.48899355426409874
8b488afbcc578dfc,0.5127063388706311
13ea6594c14a4026,0.5043055695826586
d0e536523f93f64c,0.4970929602175374
0e5ca22bcfd8c5db,0.5288519990022726
9fb1e891c08b715f,0.4509878552132127
7199fd0ada65fcc2,0.4883761987067543
2275f9dac244010e,0.48581008898810013
24e5ed05f908296f,0.48149168576871604
6cb602b86bec19a4,0.512063166461353
9325343b0fd3d676,0.4900483739027743
644e5f81463951ba,0.4781363570143219
37046a2dda9e5889,0.5203323582514429
c7df199599dc296d,0.5006598751913093
54e463d760c0c6af,0.49367565579709083
9bde8f101bdb4095,0.5088300928191356
bc5c320666ed7ca3,0.44632496122300114
4e44d72109230bfd,0.5127872491900567
235aebae2ca0d45e,0.5236252414060119
55a1d48711c4359f,0.47063312166665294
c1ec685fcc48d91e,0.5027439030006537
a51c93906bd78ab7,0.509125399320482
207c0a6423cf7a33,0.5062050318431961
c7693bad80c482e1,0.5095319312501516
36b92309f6e5618a,0.498447987783081
26ee6d56130da0fc,0.5064801346120851
587c7d36156381d1,0.48711979523691024
50d432d2b52052b2,0.4976758878640999
b738afb14f60d587,0.5385385063548308
1157c08c11e901e9,0.5217664768109219
cfaea6958357ef1d,0.5032158509193035
d8b3ec80ec080d08,0.5166888363505081
809c8f80468b1337,0.5011303603990831
1bdded460bb636a5,0.5014587233093774
96cc52a1a3f13e6b,0.5012307518783771
c97a25af08369f73,0.473556890534352
0de5d7bc5b46bdc6,0.4775662232961075
c6eca151f8576037,0.5085002626164308
7ef7f606745e05ec,0.457670707792555
c5ea9ba7fa065f8d,0.5323969064209151
63142c0d75cf9aa4,0.4815533950584495
c396e609d01a9bcc,0.47667887267574016
7c9db70c27860a32,0.5082906761885078
8dd4bb6eda603b43,0.4959465881471124
d5eb724b5ea43bba,0.5113848348075467
e7e9bc7d5e2e5674,0.5115375240079822
24b3176d5020b612,0.5170119538310256
6fed295aff782896,0.5125564198697157
12d17a3ef6b47faa,0.5459331265230813
2c550aa9cd671368,0.4711423759588973
df00e28247baf9ff,0.5188356602310422
9449a45c9d7b914f,0.5038847726619612
9a8393310d9b352a,0.5019900026591858
e1b1b6a194b4b1d6,0.4728112150310227
7097d3e397e94525,0.47134907814800164
e3d1f895e94e8bbf,0.5110711528601709
6c46ce4b2303ecb9,0.5129648479434068
999760aff655cfad,0.48652036867068027
6d526f4593563124,0.5018407466695419
467801b5de42246d,0.5242715260521575
81c9cccf75c1503c,0.46734087276652275
bd1aa64c7a5dcc06,0.46914873054701256
df1a75c489d95957,0.48268848233730044
7e6ebb5b237b817e,0.49345735029063165
1aeecba2c7866fb9,0.5101227292368345
14269028868b89d2,0.4858997447633522
5ec456826b243dcb,0.5006524922141924
e574a546f8e193c1,0.5098893868669603
b0ce65cf243f3ae1,0.5167225772189246
8b8e8a00e6e1fdc9,0.4681548430897206
4a87b2b000e87686,0.5066712093183783
1175204fe5f8cb6b,0.5001965888848312
50a79bbfcd719a29,0.5157909558827418
0d8c215cc600c1f5,0.5007599416732574
3ceb989ec05cb0ef,0.5215077535700476
c7ea3f3ae516dbc5,0.464344277607997
060631dc9f8845f2,0.5070850597467018
4ccc3fe421151149,0.4996739649788252
fd51240f58f2ec0a,0.48514676388214784
9bb25b00d30f4ce0,0.4793547733225099
1e633867010ad35c,0.4999341158863868
90da0c9b099080e2,0.4889197963191524
f3ba8015df41ef05,0.4916829506107897
7006c751c11cdc01,0.5282608493081816
db5b922ab7ac849c,0.4892982375171968
8ed9c5e3ceb94d30,0.5131871369022646
32bc573af0d063e6,0.49876859047641575
b6f5ace9b32140b2,0.5405680501435286
2acea7857a236b62,0.5123843156189747
2dd5886a7dff0caf,0.5109490384349726
cec7e9631578eacf,0.5291181502735034
aa1276a52bb96bae,0.5049720857715364
f90658bc8d521271,0.5077438124197451
8b65638e31a74f80,0.4947840973218349
233d4e0eb18d8449,0.5178955812224174
95e779988eaf54f9,0.4969940207429424
ce033e0586a41f4e,0.4895370281456415
29007abfebc6bd71,0.4937967773040173
37555eedf932eb41,0.49440797915168305
43f0b7fdd64e4d62,0.5064759225522092
48d11190742f10b8,0.5429734195415958
54167e2d347acd9f,0.4657661596568202
adf2b2540dad8766,0.5148777104327421
aa4854b6b5329860,0.5370968342605498
371dbcc2d3dab4d7,0.5035431764755454
29fd5cd58cb38dfb,0.5160238677603571
276d786a03dacf69,0.489033172511029
90290aaf619cb77b,0.4863995937754867
80904c6eddcf06db,0.46756580971932993
5232eeb9a1fa8f60,0.5308574170968803
6205daeed9459b81,0.48286107470555883
6b4abc5da4e3aad2,0.5122812812084035
ecce281c5f6153c3,0.5354509678123294
926feb1c20abd0b8,0.4790592068548109
64874c60d39dc86d,0.5200433582060026
1868aaf30c77d6e0,0.5112068270276151
52e964be6dd475ed,0.5566556579050196
4404ade20ca8acab,0.5431173399310345
f6bbde7cdf6430cf,0.5379425356823601
6f9ac9a8227bf174,0.5111014076876115
e4afa0c3ef07f2b8,0.4932530924535079
a85d4f04f63f1f8b,0.49317739616096345
7f3411e87c2708d7,0.5051286274823703
5be924d7d731a308,0.5043455720606709
41ea202bf96f7295,0.4757877407936456
e7d3e68c097838d3,0.5161102430268779
c21ded045b04b1d7,0.49916653812438255
a87de56d4f2dc966,0.4856417976349125
b073cc5a7d5d1fc4,0.4765852158559496
cdbbb57088163b02,0.47675640892884563
97a093dfe9e1eb64,0.5202421909054736
68aafe54d00b3081,0.508901690018507
dca611f4099c1df7,0.4875631605883456
068c9856fb6bfd0f,0.4594355039807728
ccec2927e56ab3d2,0.46891925868359546
f4239e382087c8d0,0.5277919424375648
a37f1921e2ae64c3,0.4958238350784745
abc7d40ccad7d04c,0.4827024374265023
7be1ba405f826136,0.5147417118457484
82f1ae3eff7b57d1,0.47898163975344554
64bcb6835fcb93ff,0.5225523620921736
8a7d498479d37ffe,0.5070391264892459
ddd893f6f7c67340,0.4820400168334147
63438b2313c7cb87,0.48543680849268755
